scenario	protein_id	class_name	sequence_cluster_sha256	partition
dominant_to_calibration	confirmatory::A0A044RE18	negative	da1f730a80c0f0ed1f9303734404705fa18285380f99e8c78185dd847cf60b39	calibration
dominant_to_calibration	confirmatory::A0A061B0Q2	negative	ba1e0fac2515a9031daa16567997afddc289a2ecb8756ffc8f0e1753d392ede6	evaluation
dominant_to_calibration	confirmatory::A0A072TH68	negative	dab6f722b5cc93168bb39042302381bb8a3d9776198eb56cf1b8fdc6cdf20f05	calibration
dominant_to_calibration	confirmatory::A0A075TXZ3	negative	cac9af42f4ae57301027c1e2f4a3d46f2a687f8604d3ddb177f190c2303fa392	evaluation
dominant_to_calibration	confirmatory::A0A096LNW5	negative	2e15cb2fc2f0449dac82dac687f594e94ca3244b833b3121d2dcc58df8ed7387	calibration
dominant_to_calibration	confirmatory::A0A0A2JH00	negative	45391203f69cfd002b717d02df6e970658a4171efe8351e0782c654e0f05ed6f	evaluation
dominant_to_calibration	confirmatory::A0A0A2JT36	negative	45391203f69cfd002b717d02df6e970658a4171efe8351e0782c654e0f05ed6f	evaluation
dominant_to_calibration	confirmatory::A0A0B4JDK1	negative	86cc21bca61bd87e3a544b53de63d4a85a51acbb0d64b5ad6e6e2ba8aa8ab938	evaluation
dominant_to_calibration	confirmatory::A0A0D2H023	negative	22ee75680ec597ef719d4a4b357195095a11165b38d50162b311687143b0223e	evaluation
dominant_to_calibration	confirmatory::A0A0E4AET8	negative	d1c6ab564afa4059f4195e330c3f3d2fa72e6c258ca03ccbdb0ec294d4b10bcb	calibration
dominant_to_calibration	confirmatory::A0A0F7YZI5	positive	e93bfb070a0802e94c547344247f4964e6fd44618a06c0c809d9cbfddc5cd6da	evaluation
dominant_to_calibration	confirmatory::A0A0I9QGZ7	negative	dccb74d38eb5e7a9f23fe80d041bb156f74f05b1c460fdc8136e9dbd7d77d278	calibration
dominant_to_calibration	confirmatory::A0A0I9RJ56	negative	dccb74d38eb5e7a9f23fe80d041bb156f74f05b1c460fdc8136e9dbd7d77d278	calibration
dominant_to_calibration	confirmatory::A0A0K0IP23	negative	98d6cf72f6d5b7f41f1c4f063a5ce9beb6b615ee41b29866dc83cd515ac4e363	calibration
dominant_to_calibration	confirmatory::A0A0K1YW63	positive	2d720c3aac33acdaccc9c4017a02d0344d387bbc4e7835c5e5ed0d871bb8a00b	evaluation
dominant_to_calibration	confirmatory::A0A0K3AVY3	negative	9a3dfb845640fb89c5b0d5f56ba2397ead313b9180f78d550b63f8ae3d945428	evaluation
dominant_to_calibration	confirmatory::A0A0M3R8G2	negative	0d9f327b1073890bfb36e5ee168a06ee2714bac452b116df3ae13f3e08179c5f	calibration
dominant_to_calibration	confirmatory::A0A0N9E2K8	negative	d498470a61783f09b7f843ca3a7c66a02ba48e4ab1c44629ca47394b33753185	calibration
dominant_to_calibration	confirmatory::A0A0P0VIP0	negative	067ae74d42b596cec7582bf029fe09ab77e540f889181e76f7318d4806994969	evaluation
dominant_to_calibration	confirmatory::A0A0U5CNN8	negative	4f3e7856e47d9bb542145dc2a6ac9f77098057b26e31a347d114b7dccfdaf3b3	evaluation
dominant_to_calibration	confirmatory::A0A126P745	negative	a170194adc194fb21dffdc55783bb09f3b3984b17ca9a09b6dd03fc1a8ba388e	evaluation
dominant_to_calibration	confirmatory::A0A158V755	negative	86cc21bca61bd87e3a544b53de63d4a85a51acbb0d64b5ad6e6e2ba8aa8ab938	evaluation
dominant_to_calibration	confirmatory::A0A158V976	negative	86cc21bca61bd87e3a544b53de63d4a85a51acbb0d64b5ad6e6e2ba8aa8ab938	evaluation
dominant_to_calibration	confirmatory::A0A1D5PXA5	negative	36dec6c60a72d94ff56ec694716245de514abc69b61f3fd1ef27385953643515	evaluation
dominant_to_calibration	confirmatory::A0A1E3P8S6	negative	ba1e0fac2515a9031daa16567997afddc289a2ecb8756ffc8f0e1753d392ede6	evaluation
dominant_to_calibration	confirmatory::A0A1E4S2P1	negative	ba1e0fac2515a9031daa16567997afddc289a2ecb8756ffc8f0e1753d392ede6	evaluation
dominant_to_calibration	confirmatory::A0A1E5RIW9	negative	ba1e0fac2515a9031daa16567997afddc289a2ecb8756ffc8f0e1753d392ede6	evaluation
dominant_to_calibration	confirmatory::A0A1E5RUL9	negative	ba1e0fac2515a9031daa16567997afddc289a2ecb8756ffc8f0e1753d392ede6	evaluation
dominant_to_calibration	confirmatory::A0A1L3THR9	negative	fb3d9086710c22eb209777dc02506bc21ad102b35c0a2d4e54e73b021c9991f7	evaluation
dominant_to_calibration	confirmatory::A0A1S3PBB7	negative	861c7bcca3b8e4eac72e806dcba31d4da272a93974766e37a2e06b5a5e8d1869	evaluation
dominant_to_calibration	confirmatory::A0A1S4F1Z7	negative	e90927628f28bf77ba4977999703a0f5283aaa54bf12a102fc3818af0ee241a5	calibration
dominant_to_calibration	confirmatory::A0A1S4GMJ4	negative	538100a2a1035347bf44b432a07387dc6637e6ab335f44695bb5bbc5148ac479	calibration
dominant_to_calibration	confirmatory::A0A1S4HE51	negative	ce0952874a21fefcb6219706cce3470c734918213868557bb54cb03287194e10	calibration
dominant_to_calibration	confirmatory::A0A1S6EK91	negative	4b9e7bea9ce8ee8ae94698ef8499017333c8e1e95a44680dba3be60d8618dc01	calibration
dominant_to_calibration	confirmatory::A0A1S6EK92	negative	4b9e7bea9ce8ee8ae94698ef8499017333c8e1e95a44680dba3be60d8618dc01	calibration
dominant_to_calibration	confirmatory::A0A242M8J4	negative	3abf5d0ff854c33c119f633ea527daaf78080a9c4a745c849bf46258c9516dec	evaluation
dominant_to_calibration	confirmatory::A0A2J6KL39	negative	86cc21bca61bd87e3a544b53de63d4a85a51acbb0d64b5ad6e6e2ba8aa8ab938	evaluation
dominant_to_calibration	confirmatory::A0A2Z4HPY5	negative	dccb74d38eb5e7a9f23fe80d041bb156f74f05b1c460fdc8136e9dbd7d77d278	calibration
dominant_to_calibration	confirmatory::A0A336U965	negative	68b086e1206e04b9d4020408698d20579108d59d5796bf61d6e1fb82e8c7330f	calibration
dominant_to_calibration	confirmatory::A0A3S6I186	negative	121c706e5f753d5a8d0d9bea281aff274d1814d3807067d9449e0c68886fc649	evaluation
dominant_to_calibration	confirmatory::A0A3Z7J6R4	positive	511b95d616797d2a6feb00c8ea7abcbec22a30e90f2c2241fa41302d8c6d5309	evaluation
dominant_to_calibration	confirmatory::A0A423VWI2	negative	c9b862c03e66abf0945b87e64b8113dab142c3035342040a10f2769bfcaf3908	calibration
dominant_to_calibration	confirmatory::A0A437AFK1	negative	cbc703c880fe3d6ff9294b5af3500fbb8cffd2583950cd21b3bc05eb25a524ed	evaluation
dominant_to_calibration	confirmatory::A0A443HK52	negative	d1c6ab564afa4059f4195e330c3f3d2fa72e6c258ca03ccbdb0ec294d4b10bcb	calibration
dominant_to_calibration	confirmatory::A0A482AQK7	positive	59facbb027d698778c6cd2b08debdae5f0dff0f5b1d9ba18939faffc29708e2f	evaluation
dominant_to_calibration	confirmatory::A0A482ARP7	positive	defdeab2b5f8936167a85efb78490e229fba50039ab852347c38881127c636eb	evaluation
dominant_to_calibration	confirmatory::A0A4Y5X186	positive	eca2afaa73906340c0c0a9bd330726b01050947b6064cda69ae2b585f323140b	evaluation
dominant_to_calibration	confirmatory::A0A509AM03	negative	8e5a796ba82885cd75cc418837f05303b492fb3ec6b59865c2d21255824472b0	evaluation
dominant_to_calibration	confirmatory::A0A509AQU3	negative	12aaea425296120a8d7558459805dd38b5e4f4ae891524938b5c0d522e16a38e	evaluation
dominant_to_calibration	confirmatory::A0A509AST0	negative	8927deb3d36b81872f02f6f2fa6723ab07c6e1431a67fe41e943be1849602b11	evaluation
dominant_to_calibration	confirmatory::A0A5C1J0Z8	negative	121c706e5f753d5a8d0d9bea281aff274d1814d3807067d9449e0c68886fc649	evaluation
dominant_to_calibration	confirmatory::A0A6B9KZ52	negative	c8f7d07bfe3a8ead90fadb393da616d778b0eaef18212490445c69e998b1cb24	evaluation
dominant_to_calibration	confirmatory::A0A6B9L8T7	negative	c8f7d07bfe3a8ead90fadb393da616d778b0eaef18212490445c69e998b1cb24	evaluation
dominant_to_calibration	confirmatory::A0A6F8RQ06	negative	4f3e7856e47d9bb542145dc2a6ac9f77098057b26e31a347d114b7dccfdaf3b3	evaluation
dominant_to_calibration	confirmatory::A0A7H0DN13	negative	d1c310bf0ba6d0096f9d7112c268048f8ec36ff308e6ee6aed1e927cb41d53a5	evaluation
dominant_to_calibration	confirmatory::A0A7N9VSG0	negative	d8e8950e584547a3cfa7be839a4841964b10c9b394cc52fc1ce81bee4cdf9e59	evaluation
dominant_to_calibration	confirmatory::A0A8I6AGW3	negative	725376337385731c27c04b3295d4b5d7c66d2e8cbf129aaea87ba3f5efc0a84e	evaluation
dominant_to_calibration	confirmatory::A0A8J8	negative	450882407bb31af420e3fb498b86045252de225bcb0bc544cb192820b36d6e90	evaluation
dominant_to_calibration	confirmatory::A0A976SLN7	positive	131230078b8b65b6f716da1e88ee92f02d5dfc31cb20ce4a23171944f4c44180	evaluation
dominant_to_calibration	confirmatory::A0AB36VXQ9	negative	80188e9791182b3a7d2f79c0e2ed86136b48ed6a049411d036b36313dbd8bbd5	calibration
dominant_to_calibration	confirmatory::A0AT28	negative	86cc21bca61bd87e3a544b53de63d4a85a51acbb0d64b5ad6e6e2ba8aa8ab938	evaluation
dominant_to_calibration	confirmatory::A0AT29	negative	86cc21bca61bd87e3a544b53de63d4a85a51acbb0d64b5ad6e6e2ba8aa8ab938	evaluation
dominant_to_calibration	confirmatory::A0AT30	negative	86cc21bca61bd87e3a544b53de63d4a85a51acbb0d64b5ad6e6e2ba8aa8ab938	evaluation
dominant_to_calibration	confirmatory::A0AT31	negative	86cc21bca61bd87e3a544b53de63d4a85a51acbb0d64b5ad6e6e2ba8aa8ab938	evaluation
dominant_to_calibration	confirmatory::A0AT32	negative	86cc21bca61bd87e3a544b53de63d4a85a51acbb0d64b5ad6e6e2ba8aa8ab938	evaluation
dominant_to_calibration	confirmatory::A0AT33	negative	86cc21bca61bd87e3a544b53de63d4a85a51acbb0d64b5ad6e6e2ba8aa8ab938	evaluation
dominant_to_calibration	confirmatory::A0JRH2	negative	ea060f244e352de2544b388f1abc1899258898681ff665dbf7303805cc505276	calibration
dominant_to_calibration	confirmatory::A0JRH4	negative	ea060f244e352de2544b388f1abc1899258898681ff665dbf7303805cc505276	calibration
dominant_to_calibration	confirmatory::A0K576	negative	ea060f244e352de2544b388f1abc1899258898681ff665dbf7303805cc505276	calibration
dominant_to_calibration	confirmatory::A0K578	negative	ea060f244e352de2544b388f1abc1899258898681ff665dbf7303805cc505276	calibration
dominant_to_calibration	confirmatory::A0KF11	negative	d52af3aeba16f166910db4a02e939c6bcf3e5ff1879d6147eae4d668380d76f5	calibration
dominant_to_calibration	confirmatory::A0L6F2	negative	ea060f244e352de2544b388f1abc1899258898681ff665dbf7303805cc505276	calibration
dominant_to_calibration	confirmatory::A0PSG4	negative	ea060f244e352de2544b388f1abc1899258898681ff665dbf7303805cc505276	calibration
dominant_to_calibration	confirmatory::A0QLI5	positive	a7af5984ba4c5657a0975457b37cd529e9331f35a3e25151c637c916a173db32	evaluation
dominant_to_calibration	confirmatory::A0QNL1	negative	2bb5876ea0a1d742ad5d709c935d4748a9c391f3ac1aa3a0f0ad6b539cf2d10b	evaluation
dominant_to_calibration	confirmatory::A0QYE0	negative	ea060f244e352de2544b388f1abc1899258898681ff665dbf7303805cc505276	calibration
dominant_to_calibration	confirmatory::A0QYE2	negative	ea060f244e352de2544b388f1abc1899258898681ff665dbf7303805cc505276	calibration
dominant_to_calibration	confirmatory::A0ZSK3	positive	844110142195b0ccdbfe2efc6b360f05d6d78cf646bfffc6526a4d3e2c737156	evaluation
dominant_to_calibration	confirmatory::A1AGT6	negative	d52af3aeba16f166910db4a02e939c6bcf3e5ff1879d6147eae4d668380d76f5	calibration
dominant_to_calibration	confirmatory::A1B1C2	negative	ea060f244e352de2544b388f1abc1899258898681ff665dbf7303805cc505276	calibration
dominant_to_calibration	confirmatory::A1BN60	negative	cd44ecfb0231fbe25976a913c1248001f954c4063e308617e008c4b65e1d218b	evaluation
dominant_to_calibration	confirmatory::A1BN61	negative	cd44ecfb0231fbe25976a913c1248001f954c4063e308617e008c4b65e1d218b	evaluation
dominant_to_calibration	confirmatory::A1CIA7	negative	1bb7a69c5ac8dff09d9743d7de36e3db00db59e8de64893c6df4fc99ac9601d3	evaluation
dominant_to_calibration	confirmatory::A1JKD7	negative	ea060f244e352de2544b388f1abc1899258898681ff665dbf7303805cc505276	calibration
dominant_to_calibration	confirmatory::A1KBB4	negative	ea060f244e352de2544b388f1abc1899258898681ff665dbf7303805cc505276	calibration
dominant_to_calibration	confirmatory::A1KBB7	negative	ea060f244e352de2544b388f1abc1899258898681ff665dbf7303805cc505276	calibration
dominant_to_calibration	confirmatory::A1KJR2	negative	ea060f244e352de2544b388f1abc1899258898681ff665dbf7303805cc505276	calibration
dominant_to_calibration	confirmatory::A1KP32	negative	dccb74d38eb5e7a9f23fe80d041bb156f74f05b1c460fdc8136e9dbd7d77d278	calibration
dominant_to_calibration	confirmatory::A1R1C3	negative	ea060f244e352de2544b388f1abc1899258898681ff665dbf7303805cc505276	calibration
dominant_to_calibration	confirmatory::A1R1C5	negative	ea060f244e352de2544b388f1abc1899258898681ff665dbf7303805cc505276	calibration
dominant_to_calibration	confirmatory::A1SYX9	negative	ea060f244e352de2544b388f1abc1899258898681ff665dbf7303805cc505276	calibration
dominant_to_calibration	confirmatory::A1SYY1	negative	ea060f244e352de2544b388f1abc1899258898681ff665dbf7303805cc505276	calibration
dominant_to_calibration	confirmatory::A1T9N4	negative	ea060f244e352de2544b388f1abc1899258898681ff665dbf7303805cc505276	calibration
dominant_to_calibration	confirmatory::A1T9N6	negative	ea060f244e352de2544b388f1abc1899258898681ff665dbf7303805cc505276	calibration
dominant_to_calibration	confirmatory::A1TSZ3	negative	ea060f244e352de2544b388f1abc1899258898681ff665dbf7303805cc505276	calibration
dominant_to_calibration	confirmatory::A1TSZ6	negative	ea060f244e352de2544b388f1abc1899258898681ff665dbf7303805cc505276	calibration
dominant_to_calibration	confirmatory::A1TY14	negative	dccb74d38eb5e7a9f23fe80d041bb156f74f05b1c460fdc8136e9dbd7d77d278	calibration
dominant_to_calibration	confirmatory::A1U4Z8	negative	ea060f244e352de2544b388f1abc1899258898681ff665dbf7303805cc505276	calibration
dominant_to_calibration	confirmatory::A1U500	negative	ea060f244e352de2544b388f1abc1899258898681ff665dbf7303805cc505276	calibration
dominant_to_calibration	confirmatory::A1UGT5	negative	ea060f244e352de2544b388f1abc1899258898681ff665dbf7303805cc505276	calibration
dominant_to_calibration	confirmatory::A1UGT7	negative	ea060f244e352de2544b388f1abc1899258898681ff665dbf7303805cc505276	calibration
dominant_to_calibration	confirmatory::A1V1G6	negative	ea060f244e352de2544b388f1abc1899258898681ff665dbf7303805cc505276	calibration
dominant_to_calibration	confirmatory::A1VKW3	negative	ea060f244e352de2544b388f1abc1899258898681ff665dbf7303805cc505276	calibration
dominant_to_calibration	confirmatory::A1VKW6	negative	ea060f244e352de2544b388f1abc1899258898681ff665dbf7303805cc505276	calibration
dominant_to_calibration	confirmatory::A1VUV0	negative	8762b4dd22780fe23714f203220cc300c681de14521ee5b1a75119c4bf2ce030	evaluation
dominant_to_calibration	confirmatory::A1WIM3	negative	ea060f244e352de2544b388f1abc1899258898681ff665dbf7303805cc505276	calibration
dominant_to_calibration	confirmatory::A1WIM6	negative	ea060f244e352de2544b388f1abc1899258898681ff665dbf7303805cc505276	calibration
dominant_to_calibration	confirmatory::A2AEP0	negative	f92a8e542977ec3d6dc95e8a0bde11a3a1290134ed49574133ebe628e0201670	evaluation
dominant_to_calibration	confirmatory::A2AJB7	negative	534b45f9acd7ab159049e720dc9aa52305a3927a63e9dbaaa55eae82197a9f92	evaluation
dominant_to_calibration	confirmatory::A2ATD1	negative	5fa57ddd6214726ab33b89d585752101833c823a17d22598572232302a52b8c6	evaluation
dominant_to_calibration	confirmatory::A2AV25	negative	450882407bb31af420e3fb498b86045252de225bcb0bc544cb192820b36d6e90	evaluation
dominant_to_calibration	confirmatory::A2BIM8	negative	ae072172ac565f240e9af5c41bfdfc0174476f5f1bc878f8c5aab26e7d89d267	calibration
dominant_to_calibration	confirmatory::A2BQW6	negative	ea060f244e352de2544b388f1abc1899258898681ff665dbf7303805cc505276	calibration
dominant_to_calibration	confirmatory::A2BQW8	negative	ea060f244e352de2544b388f1abc1899258898681ff665dbf7303805cc505276	calibration
dominant_to_calibration	confirmatory::A2C4S0	negative	ea060f244e352de2544b388f1abc1899258898681ff665dbf7303805cc505276	calibration
dominant_to_calibration	confirmatory::A2C4S2	negative	ea060f244e352de2544b388f1abc1899258898681ff665dbf7303805cc505276	calibration
dominant_to_calibration	confirmatory::A2CDZ9	negative	ea060f244e352de2544b388f1abc1899258898681ff665dbf7303805cc505276	calibration
dominant_to_calibration	confirmatory::A2S996	negative	ea060f244e352de2544b388f1abc1899258898681ff665dbf7303805cc505276	calibration
dominant_to_calibration	confirmatory::A2S998	negative	ea060f244e352de2544b388f1abc1899258898681ff665dbf7303805cc505276	calibration
dominant_to_calibration	confirmatory::A2SDJ0	negative	ea060f244e352de2544b388f1abc1899258898681ff665dbf7303805cc505276	calibration
dominant_to_calibration	confirmatory::A2SDJ2	negative	ea060f244e352de2544b388f1abc1899258898681ff665dbf7303805cc505276	calibration
dominant_to_calibration	confirmatory::A2VDN5	negative	9be8126a2dbfcd7513074efb8f97e42b52a270b713971328a72dcad11b7a1f84	evaluation
dominant_to_calibration	confirmatory::A2XBN5	negative	6b111aaea1b14ddb814846a85c23e172f370297153b0c3e30d310f7fcbc01eb9	evaluation
dominant_to_calibration	confirmatory::A2XMB2	negative	9e66f92e3f626e738b94300e03df7a1a329731025f17ed2efddc46e081025f75	calibration
dominant_to_calibration	confirmatory::A2ZAT0	negative	34efdb7da6465528647a3456cde08984bda0ce26aa0261df4c8efe316d3e0938	evaluation
dominant_to_calibration	confirmatory::A2ZVG7	negative	680707c63f2d0908a00fc3e6a2b0744b4e4e8af00160e670b7cb677f0fa3e661	evaluation
dominant_to_calibration	confirmatory::A3C4N5	negative	369890e1b4fdd3f4d633bc750ce4706bc6a1c2d11deb58e010bd3f44230852d0	evaluation
dominant_to_calibration	confirmatory::A3DBX3	negative	b50108bd06e279382f88116b4ac767ee52e992f299c68bd014bf1aba3d146df7	calibration
dominant_to_calibration	confirmatory::A3DC29	negative	5ae7ac46313d6410621fc3af950e6a9f4505914a5a1db2c5e204ffa85c68587a	evaluation
dominant_to_calibration	confirmatory::A3DCH1	negative	03e3cfd4b22606884345109e72fd5ecae4af91e9704992b7e90c011c34e5b55f	calibration
dominant_to_calibration	confirmatory::A3DD66	negative	e4e61f8166d6f21bee5ef118ec26a04c00b66e9cff2746fdbef7f26224662abd	evaluation
dominant_to_calibration	confirmatory::A3DDN1	negative	04f292ab479d88e5a13be3518b3ebd4ae45ba937d2d663130bc5393caf1d8ef7	evaluation
dominant_to_calibration	confirmatory::A3DFA0	negative	a00384a0c9fb6ab048e78eb3d60db510d8d313ce9a15dfda96cf700e638435e3	evaluation
dominant_to_calibration	confirmatory::A3DGF8	negative	ea060f244e352de2544b388f1abc1899258898681ff665dbf7303805cc505276	calibration
dominant_to_calibration	confirmatory::A3DGG0	negative	ea060f244e352de2544b388f1abc1899258898681ff665dbf7303805cc505276	calibration
dominant_to_calibration	confirmatory::A3DH67	negative	ff0df9e8d06fb39518053d7afe70479e7a1b85bf8cda7237b90893f9c9c35c44	evaluation
dominant_to_calibration	confirmatory::A3M3F0	negative	ea060f244e352de2544b388f1abc1899258898681ff665dbf7303805cc505276	calibration
dominant_to_calibration	confirmatory::A3MMV0	negative	ea060f244e352de2544b388f1abc1899258898681ff665dbf7303805cc505276	calibration
dominant_to_calibration	confirmatory::A3MMV2	negative	ea060f244e352de2544b388f1abc1899258898681ff665dbf7303805cc505276	calibration
dominant_to_calibration	confirmatory::A3N2R4	negative	ea060f244e352de2544b388f1abc1899258898681ff665dbf7303805cc505276	calibration
dominant_to_calibration	confirmatory::A3N2R6	negative	ea060f244e352de2544b388f1abc1899258898681ff665dbf7303805cc505276	calibration
dominant_to_calibration	confirmatory::A3NCL5	negative	ea060f244e352de2544b388f1abc1899258898681ff665dbf7303805cc505276	calibration
dominant_to_calibration	confirmatory::A3NCL7	negative	ea060f244e352de2544b388f1abc1899258898681ff665dbf7303805cc505276	calibration
dominant_to_calibration	confirmatory::A3NYC7	negative	ea060f244e352de2544b388f1abc1899258898681ff665dbf7303805cc505276	calibration
dominant_to_calibration	confirmatory::A3PCN9	negative	ea060f244e352de2544b388f1abc1899258898681ff665dbf7303805cc505276	calibration
dominant_to_calibration	confirmatory::A3PCP1	negative	ea060f244e352de2544b388f1abc1899258898681ff665dbf7303805cc505276	calibration
dominant_to_calibration	confirmatory::A3PL38	negative	ea060f244e352de2544b388f1abc1899258898681ff665dbf7303805cc505276	calibration
dominant_to_calibration	confirmatory::A3PL42	negative	ea060f244e352de2544b388f1abc1899258898681ff665dbf7303805cc505276	calibration
dominant_to_calibration	confirmatory::A3Q0D5	negative	ea060f244e352de2544b388f1abc1899258898681ff665dbf7303805cc505276	calibration
dominant_to_calibration	confirmatory::A3Q0D7	negative	ea060f244e352de2544b388f1abc1899258898681ff665dbf7303805cc505276	calibration
dominant_to_calibration	confirmatory::A3UNN4	positive	b4f662e78d142081c046e30e6b0422bf65f9c717c2270f58f27ff66ee054b5ed	evaluation
dominant_to_calibration	confirmatory::A4D7T3	negative	fda4691ac7474afa1416f69875bb1ae70c656582bd0ae9c47990dadde158ccc4	calibration
dominant_to_calibration	confirmatory::A4FV93	negative	389ad42570c89a23dada5ba64aad3e0bd24cb5b88b1fc4a23e5d29f2508b4cfc	evaluation
dominant_to_calibration	confirmatory::A4JC44	negative	ea060f244e352de2544b388f1abc1899258898681ff665dbf7303805cc505276	calibration
dominant_to_calibration	confirmatory::A4JIS1	negative	dccb74d38eb5e7a9f23fe80d041bb156f74f05b1c460fdc8136e9dbd7d77d278	calibration
dominant_to_calibration	confirmatory::A4KWA1	negative	8b82ebf287b833af4d036924547c8249a2374ba8620909e97c73d9f10372ee04	calibration
dominant_to_calibration	confirmatory::A4KX75	negative	25a58f0daab75bea58f589e32d47a99ffc473c00f064351f9c2f20cf74083148	evaluation
dominant_to_calibration	confirmatory::A4QA21	negative	ea060f244e352de2544b388f1abc1899258898681ff665dbf7303805cc505276	calibration
dominant_to_calibration	confirmatory::A4SY44	negative	ea060f244e352de2544b388f1abc1899258898681ff665dbf7303805cc505276	calibration
dominant_to_calibration	confirmatory::A4SY47	negative	ea060f244e352de2544b388f1abc1899258898681ff665dbf7303805cc505276	calibration
dominant_to_calibration	confirmatory::A4TAD3	negative	ea060f244e352de2544b388f1abc1899258898681ff665dbf7303805cc505276	calibration
dominant_to_calibration	confirmatory::A4TL32	negative	ea060f244e352de2544b388f1abc1899258898681ff665dbf7303805cc505276	calibration
dominant_to_calibration	confirmatory::A4TL34	negative	ea060f244e352de2544b388f1abc1899258898681ff665dbf7303805cc505276	calibration
dominant_to_calibration	confirmatory::A4VQU9	negative	ea060f244e352de2544b388f1abc1899258898681ff665dbf7303805cc505276	calibration
dominant_to_calibration	confirmatory::A4WEJ3	negative	ea060f244e352de2544b388f1abc1899258898681ff665dbf7303805cc505276	calibration
dominant_to_calibration	confirmatory::A4WEJ5	negative	ea060f244e352de2544b388f1abc1899258898681ff665dbf7303805cc505276	calibration
dominant_to_calibration	confirmatory::A4WR72	negative	ea060f244e352de2544b388f1abc1899258898681ff665dbf7303805cc505276	calibration
dominant_to_calibration	confirmatory::A4WR75	negative	ea060f244e352de2544b388f1abc1899258898681ff665dbf7303805cc505276	calibration
dominant_to_calibration	confirmatory::A4XMA9	negative	ea060f244e352de2544b388f1abc1899258898681ff665dbf7303805cc505276	calibration
dominant_to_calibration	confirmatory::A4XQ47	negative	ea060f244e352de2544b388f1abc1899258898681ff665dbf7303805cc505276	calibration
dominant_to_calibration	confirmatory::A5A6L1	negative	80411b172a57342a9e6ff35099764047f561bf1337df03f29cf013ee3a7b28d0	calibration
dominant_to_calibration	confirmatory::A5D6U8	negative	bb6ceea07e989d80c137788cdbdfd634ab9becd492e572919974a7e2ecc7bc23	calibration
dominant_to_calibration	confirmatory::A5FAD1	negative	ea060f244e352de2544b388f1abc1899258898681ff665dbf7303805cc505276	calibration
dominant_to_calibration	confirmatory::A5FAD3	negative	ea060f244e352de2544b388f1abc1899258898681ff665dbf7303805cc505276	calibration
dominant_to_calibration	confirmatory::A5FIF5	negative	b2dbf356da71784a430c5516a93d99670b8c6f840b5d517c6b62decf9a358dfa	calibration
dominant_to_calibration	confirmatory::A5GWV5	negative	ea060f244e352de2544b388f1abc1899258898681ff665dbf7303805cc505276	calibration
dominant_to_calibration	confirmatory::A5GWV7	negative	ea060f244e352de2544b388f1abc1899258898681ff665dbf7303805cc505276	calibration
dominant_to_calibration	confirmatory::A5U3L5	negative	ea060f244e352de2544b388f1abc1899258898681ff665dbf7303805cc505276	calibration
dominant_to_calibration	confirmatory::A5U3L7	negative	ea060f244e352de2544b388f1abc1899258898681ff665dbf7303805cc505276	calibration
dominant_to_calibration	confirmatory::A5U815	negative	dccb74d38eb5e7a9f23fe80d041bb156f74f05b1c460fdc8136e9dbd7d77d278	calibration
dominant_to_calibration	confirmatory::A5U9V6	negative	ea060f244e352de2544b388f1abc1899258898681ff665dbf7303805cc505276	calibration
dominant_to_calibration	confirmatory::A5UH45	negative	ea060f244e352de2544b388f1abc1899258898681ff665dbf7303805cc505276	calibration
dominant_to_calibration	confirmatory::A5UH46	negative	ea060f244e352de2544b388f1abc1899258898681ff665dbf7303805cc505276	calibration
dominant_to_calibration	confirmatory::A5W4B6	negative	ea060f244e352de2544b388f1abc1899258898681ff665dbf7303805cc505276	calibration
dominant_to_calibration	confirmatory::A5W4B8	negative	ea060f244e352de2544b388f1abc1899258898681ff665dbf7303805cc505276	calibration
dominant_to_calibration	confirmatory::A6H772	negative	369890e1b4fdd3f4d633bc750ce4706bc6a1c2d11deb58e010bd3f44230852d0	evaluation
dominant_to_calibration	confirmatory::A6NFH5	negative	34b41219611ac71b39f94001659d257ef301dc42fb86d0ab1b2396d000b25f11	evaluation
dominant_to_calibration	confirmatory::A6NKQ9	negative	cd44ecfb0231fbe25976a913c1248001f954c4063e308617e008c4b65e1d218b	evaluation
dominant_to_calibration	confirmatory::A6NMB9	negative	725376337385731c27c04b3295d4b5d7c66d2e8cbf129aaea87ba3f5efc0a84e	evaluation
dominant_to_calibration	confirmatory::A6QJC8	negative	ea060f244e352de2544b388f1abc1899258898681ff665dbf7303805cc505276	calibration
dominant_to_calibration	confirmatory::A6SZ07	negative	ea060f244e352de2544b388f1abc1899258898681ff665dbf7303805cc505276	calibration
dominant_to_calibration	confirmatory::A6U412	negative	ea060f244e352de2544b388f1abc1899258898681ff665dbf7303805cc505276	calibration
dominant_to_calibration	confirmatory::A6U414	negative	ea060f244e352de2544b388f1abc1899258898681ff665dbf7303805cc505276	calibration
dominant_to_calibration	confirmatory::A6UC35	negative	ea060f244e352de2544b388f1abc1899258898681ff665dbf7303805cc505276	calibration
dominant_to_calibration	confirmatory::A6VCX2	negative	ea060f244e352de2544b388f1abc1899258898681ff665dbf7303805cc505276	calibration
dominant_to_calibration	confirmatory::A6VTV6	negative	ea060f244e352de2544b388f1abc1899258898681ff665dbf7303805cc505276	calibration
dominant_to_calibration	confirmatory::A6VTV8	negative	ea060f244e352de2544b388f1abc1899258898681ff665dbf7303805cc505276	calibration
dominant_to_calibration	confirmatory::A6YLM6	negative	34b41219611ac71b39f94001659d257ef301dc42fb86d0ab1b2396d000b25f11	evaluation
dominant_to_calibration	confirmatory::A7E2S9	negative	3f46fc3f2d1bda80d3ddbb65ad85c43e33e800e5bfecef478730042eb059471a	calibration
dominant_to_calibration	confirmatory::A7FFN0	negative	ea060f244e352de2544b388f1abc1899258898681ff665dbf7303805cc505276	calibration
dominant_to_calibration	confirmatory::A7FFN2	negative	ea060f244e352de2544b388f1abc1899258898681ff665dbf7303805cc505276	calibration
dominant_to_calibration	confirmatory::A7HHN1	negative	ea060f244e352de2544b388f1abc1899258898681ff665dbf7303805cc505276	calibration
dominant_to_calibration	confirmatory::A7MB89	negative	985193d7f0646ab5a63192350c4470719b706bcc5f16b43f74211a4adfe4c1c1	calibration
dominant_to_calibration	confirmatory::A7XQ02	negative	4b9e7bea9ce8ee8ae94698ef8499017333c8e1e95a44680dba3be60d8618dc01	calibration
dominant_to_calibration	confirmatory::A7YN26	negative	d1c6ab564afa4059f4195e330c3f3d2fa72e6c258ca03ccbdb0ec294d4b10bcb	calibration
dominant_to_calibration	confirmatory::A7YSY2	negative	d8e8950e584547a3cfa7be839a4841964b10c9b394cc52fc1ce81bee4cdf9e59	evaluation
dominant_to_calibration	confirmatory::A7YY53	negative	e1d839f381927b9a2033cd2376ea1dec270868532d82b0db04197ab80478009c	evaluation
dominant_to_calibration	confirmatory::A7Z9N4	negative	ea060f244e352de2544b388f1abc1899258898681ff665dbf7303805cc505276	calibration
dominant_to_calibration	confirmatory::A8APV0	negative	ea060f244e352de2544b388f1abc1899258898681ff665dbf7303805cc505276	calibration
dominant_to_calibration	confirmatory::A8ESZ8	negative	ea060f244e352de2544b388f1abc1899258898681ff665dbf7303805cc505276	calibration
dominant_to_calibration	confirmatory::A8G4K9	negative	ea060f244e352de2544b388f1abc1899258898681ff665dbf7303805cc505276	calibration
dominant_to_calibration	confirmatory::A8L7B0	negative	ea060f244e352de2544b388f1abc1899258898681ff665dbf7303805cc505276	calibration
dominant_to_calibration	confirmatory::A8LRS0	negative	ea060f244e352de2544b388f1abc1899258898681ff665dbf7303805cc505276	calibration
dominant_to_calibration	confirmatory::A8LRS4	negative	ea060f244e352de2544b388f1abc1899258898681ff665dbf7303805cc505276	calibration
dominant_to_calibration	confirmatory::A8MPR5	negative	6434d3b28036567f428f28fcef247321a9bc87b087d996aee66cc5796a4f9454	calibration
dominant_to_calibration	confirmatory::A8MUU1	negative	34b41219611ac71b39f94001659d257ef301dc42fb86d0ab1b2396d000b25f11	evaluation
dominant_to_calibration	confirmatory::A8MV23	negative	d4b8fd03a3caaecd44d5b548daa02c315b9633db3506830623271b9a37653456	calibration
dominant_to_calibration	confirmatory::A8MXQ7	negative	93601b5fbb8fbffca24663bebe2d32b3945126c33a72486b375339579e08811e	calibration
dominant_to_calibration	confirmatory::A8T644	negative	1bb7a69c5ac8dff09d9743d7de36e3db00db59e8de64893c6df4fc99ac9601d3	evaluation
dominant_to_calibration	confirmatory::A8T662	negative	1bb7a69c5ac8dff09d9743d7de36e3db00db59e8de64893c6df4fc99ac9601d3	evaluation
dominant_to_calibration	confirmatory::A8T666	negative	1bb7a69c5ac8dff09d9743d7de36e3db00db59e8de64893c6df4fc99ac9601d3	evaluation
dominant_to_calibration	confirmatory::A8T677	negative	1bb7a69c5ac8dff09d9743d7de36e3db00db59e8de64893c6df4fc99ac9601d3	evaluation
dominant_to_calibration	confirmatory::A8T682	negative	1bb7a69c5ac8dff09d9743d7de36e3db00db59e8de64893c6df4fc99ac9601d3	evaluation
dominant_to_calibration	confirmatory::A8T688	negative	1bb7a69c5ac8dff09d9743d7de36e3db00db59e8de64893c6df4fc99ac9601d3	evaluation
dominant_to_calibration	confirmatory::A8T6A1	negative	1bb7a69c5ac8dff09d9743d7de36e3db00db59e8de64893c6df4fc99ac9601d3	evaluation
dominant_to_calibration	confirmatory::A8T6A6	negative	1bb7a69c5ac8dff09d9743d7de36e3db00db59e8de64893c6df4fc99ac9601d3	evaluation
dominant_to_calibration	confirmatory::A8WCC4	negative	48fadceb80cfd90014d08e9e8740e497fa640f4924ca1fd8a785996abf5484db	evaluation
dominant_to_calibration	confirmatory::A8X481	negative	91f265ae114fd1fda56a059490083273a069630510a826f09440da81414a14a5	calibration
dominant_to_calibration	confirmatory::A8XE00	negative	369890e1b4fdd3f4d633bc750ce4706bc6a1c2d11deb58e010bd3f44230852d0	evaluation
dominant_to_calibration	confirmatory::A8Z385	negative	ea060f244e352de2544b388f1abc1899258898681ff665dbf7303805cc505276	calibration
dominant_to_calibration	confirmatory::A8Z387	negative	ea060f244e352de2544b388f1abc1899258898681ff665dbf7303805cc505276	calibration
dominant_to_calibration	confirmatory::A9AF70	negative	ea060f244e352de2544b388f1abc1899258898681ff665dbf7303805cc505276	calibration
dominant_to_calibration	confirmatory::A9AF72	negative	ea060f244e352de2544b388f1abc1899258898681ff665dbf7303805cc505276	calibration
dominant_to_calibration	confirmatory::A9AZE6	negative	ea060f244e352de2544b388f1abc1899258898681ff665dbf7303805cc505276	calibration
dominant_to_calibration	confirmatory::A9AZE8	negative	ea060f244e352de2544b388f1abc1899258898681ff665dbf7303805cc505276	calibration
dominant_to_calibration	confirmatory::A9BJC1	negative	892ba1855928808c3310b3b648ebd941285e5ffc6df4932601755ed99ba9846b	calibration
dominant_to_calibration	confirmatory::A9BUC4	negative	ea060f244e352de2544b388f1abc1899258898681ff665dbf7303805cc505276	calibration
dominant_to_calibration	confirmatory::A9BUC7	negative	ea060f244e352de2544b388f1abc1899258898681ff665dbf7303805cc505276	calibration
dominant_to_calibration	confirmatory::A9GP84	negative	ea060f244e352de2544b388f1abc1899258898681ff665dbf7303805cc505276	calibration
dominant_to_calibration	confirmatory::A9JQS7	negative	0d9f327b1073890bfb36e5ee168a06ee2714bac452b116df3ae13f3e08179c5f	calibration
dominant_to_calibration	confirmatory::A9JRC7	negative	369890e1b4fdd3f4d633bc750ce4706bc6a1c2d11deb58e010bd3f44230852d0	evaluation
dominant_to_calibration	confirmatory::A9KJR9	negative	ea060f244e352de2544b388f1abc1899258898681ff665dbf7303805cc505276	calibration
dominant_to_calibration	confirmatory::A9KJS1	negative	ea060f244e352de2544b388f1abc1899258898681ff665dbf7303805cc505276	calibration
dominant_to_calibration	confirmatory::A9QY38	negative	0d9f327b1073890bfb36e5ee168a06ee2714bac452b116df3ae13f3e08179c5f	calibration
dominant_to_calibration	confirmatory::A9QY39	negative	0d9f327b1073890bfb36e5ee168a06ee2714bac452b116df3ae13f3e08179c5f	calibration
dominant_to_calibration	confirmatory::A9QY40	negative	0d9f327b1073890bfb36e5ee168a06ee2714bac452b116df3ae13f3e08179c5f	calibration
dominant_to_calibration	confirmatory::A9R3V0	negative	ea060f244e352de2544b388f1abc1899258898681ff665dbf7303805cc505276	calibration
dominant_to_calibration	confirmatory::B0BRU2	negative	ea060f244e352de2544b388f1abc1899258898681ff665dbf7303805cc505276	calibration
dominant_to_calibration	confirmatory::B0BRU4	negative	ea060f244e352de2544b388f1abc1899258898681ff665dbf7303805cc505276	calibration
dominant_to_calibration	confirmatory::B0C791	negative	ea060f244e352de2544b388f1abc1899258898681ff665dbf7303805cc505276	calibration
dominant_to_calibration	confirmatory::B0JTP1	negative	ea060f244e352de2544b388f1abc1899258898681ff665dbf7303805cc505276	calibration
dominant_to_calibration	confirmatory::B0KTG9	positive	d999d4ce5d6aefbd88891575834e1853b490d8ad312122160dc2be2883d49de0	evaluation
dominant_to_calibration	confirmatory::B0KUZ7	negative	ea060f244e352de2544b388f1abc1899258898681ff665dbf7303805cc505276	calibration
dominant_to_calibration	confirmatory::B0KUZ9	negative	ea060f244e352de2544b388f1abc1899258898681ff665dbf7303805cc505276	calibration
dominant_to_calibration	confirmatory::B0SHJ0	negative	dccb74d38eb5e7a9f23fe80d041bb156f74f05b1c460fdc8136e9dbd7d77d278	calibration
dominant_to_calibration	confirmatory::B0TT69	negative	ea060f244e352de2544b388f1abc1899258898681ff665dbf7303805cc505276	calibration
dominant_to_calibration	confirmatory::B0TT71	negative	ea060f244e352de2544b388f1abc1899258898681ff665dbf7303805cc505276	calibration
dominant_to_calibration	confirmatory::B0V9P7	negative	ea060f244e352de2544b388f1abc1899258898681ff665dbf7303805cc505276	calibration
dominant_to_calibration	confirmatory::B0VSC2	negative	ea060f244e352de2544b388f1abc1899258898681ff665dbf7303805cc505276	calibration
dominant_to_calibration	confirmatory::B0XUR7	negative	369890e1b4fdd3f4d633bc750ce4706bc6a1c2d11deb58e010bd3f44230852d0	evaluation
dominant_to_calibration	confirmatory::B0Y473	negative	1bb7a69c5ac8dff09d9743d7de36e3db00db59e8de64893c6df4fc99ac9601d3	evaluation
dominant_to_calibration	confirmatory::B0Y708	negative	1bb7a69c5ac8dff09d9743d7de36e3db00db59e8de64893c6df4fc99ac9601d3	evaluation
dominant_to_calibration	confirmatory::B1AJ73	negative	ea060f244e352de2544b388f1abc1899258898681ff665dbf7303805cc505276	calibration
dominant_to_calibration	confirmatory::B1AKI9	negative	5fa57ddd6214726ab33b89d585752101833c823a17d22598572232302a52b8c6	evaluation
dominant_to_calibration	confirmatory::B1HZE2	negative	ea060f244e352de2544b388f1abc1899258898681ff665dbf7303805cc505276	calibration
dominant_to_calibration	confirmatory::B1J813	negative	ea060f244e352de2544b388f1abc1899258898681ff665dbf7303805cc505276	calibration
dominant_to_calibration	confirmatory::B1J815	negative	ea060f244e352de2544b388f1abc1899258898681ff665dbf7303805cc505276	calibration
dominant_to_calibration	confirmatory::B1JR69	negative	ea060f244e352de2544b388f1abc1899258898681ff665dbf7303805cc505276	calibration
dominant_to_calibration	confirmatory::B1JR71	negative	ea060f244e352de2544b388f1abc1899258898681ff665dbf7303805cc505276	calibration
dominant_to_calibration	confirmatory::B1JX29	negative	ea060f244e352de2544b388f1abc1899258898681ff665dbf7303805cc505276	calibration
dominant_to_calibration	confirmatory::B1JX31	negative	ea060f244e352de2544b388f1abc1899258898681ff665dbf7303805cc505276	calibration
dominant_to_calibration	confirmatory::B1MB83	negative	ea060f244e352de2544b388f1abc1899258898681ff665dbf7303805cc505276	calibration
dominant_to_calibration	confirmatory::B1MB85	negative	ea060f244e352de2544b388f1abc1899258898681ff665dbf7303805cc505276	calibration
dominant_to_calibration	confirmatory::B1MFK2	negative	ef81fa00400c2b295de867cb432031e24b524dc8f4bc0e2bcda0f1a491074edf	calibration
dominant_to_calibration	confirmatory::B1VF43	negative	dccb74d38eb5e7a9f23fe80d041bb156f74f05b1c460fdc8136e9dbd7d77d278	calibration
dominant_to_calibration	confirmatory::B1VHT0	negative	ea060f244e352de2544b388f1abc1899258898681ff665dbf7303805cc505276	calibration
dominant_to_calibration	confirmatory::B1W5G7	negative	ea060f244e352de2544b388f1abc1899258898681ff665dbf7303805cc505276	calibration
dominant_to_calibration	confirmatory::B1WBP0	negative	954b55641f50254b0d08cce06f30e91b60b69b65b83254277a852aac2b7ed08a	evaluation
dominant_to_calibration	confirmatory::B1Y3V1	negative	ea060f244e352de2544b388f1abc1899258898681ff665dbf7303805cc505276	calibration
dominant_to_calibration	confirmatory::B1Y3V4	negative	ea060f244e352de2544b388f1abc1899258898681ff665dbf7303805cc505276	calibration
dominant_to_calibration	confirmatory::B1YUF9	negative	ea060f244e352de2544b388f1abc1899258898681ff665dbf7303805cc505276	calibration
dominant_to_calibration	confirmatory::B1YUG1	negative	ea060f244e352de2544b388f1abc1899258898681ff665dbf7303805cc505276	calibration
dominant_to_calibration	confirmatory::B1ZP06	negative	ea060f244e352de2544b388f1abc1899258898681ff665dbf7303805cc505276	calibration
dominant_to_calibration	confirmatory::B1ZP08	negative	ea060f244e352de2544b388f1abc1899258898681ff665dbf7303805cc505276	calibration
dominant_to_calibration	confirmatory::B2AFA8	positive	f6f75f1ef11c7a60fbe46cf5cb540a64c3cc16700e33839307392a206eabf20a	evaluation
dominant_to_calibration	confirmatory::B2GI08	negative	ea060f244e352de2544b388f1abc1899258898681ff665dbf7303805cc505276	calibration
dominant_to_calibration	confirmatory::B2HDS6	negative	dccb74d38eb5e7a9f23fe80d041bb156f74f05b1c460fdc8136e9dbd7d77d278	calibration
dominant_to_calibration	confirmatory::B2HIL6	negative	d92fada7feca4c1cde83ce94c6a8fa940bb876766efac09bff27ee9a256a0ac2	calibration
dominant_to_calibration	confirmatory::B2HSZ2	negative	ea060f244e352de2544b388f1abc1899258898681ff665dbf7303805cc505276	calibration
dominant_to_calibration	confirmatory::B2I700	negative	dccb74d38eb5e7a9f23fe80d041bb156f74f05b1c460fdc8136e9dbd7d77d278	calibration
dominant_to_calibration	confirmatory::B2I9H6	negative	d52af3aeba16f166910db4a02e939c6bcf3e5ff1879d6147eae4d668380d76f5	calibration
dominant_to_calibration	confirmatory::B2IIJ1	negative	ea060f244e352de2544b388f1abc1899258898681ff665dbf7303805cc505276	calibration
dominant_to_calibration	confirmatory::B2IT64	negative	ea060f244e352de2544b388f1abc1899258898681ff665dbf7303805cc505276	calibration
dominant_to_calibration	confirmatory::B2IT66	negative	ea060f244e352de2544b388f1abc1899258898681ff665dbf7303805cc505276	calibration
dominant_to_calibration	confirmatory::B2JF65	negative	ea060f244e352de2544b388f1abc1899258898681ff665dbf7303805cc505276	calibration
dominant_to_calibration	confirmatory::B2JJW9	negative	dccb74d38eb5e7a9f23fe80d041bb156f74f05b1c460fdc8136e9dbd7d77d278	calibration
dominant_to_calibration	confirmatory::B2JQW2	negative	8762b4dd22780fe23714f203220cc300c681de14521ee5b1a75119c4bf2ce030	evaluation
dominant_to_calibration	confirmatory::B2KAA4	negative	ea060f244e352de2544b388f1abc1899258898681ff665dbf7303805cc505276	calibration
dominant_to_calibration	confirmatory::B2KAA6	negative	ea060f244e352de2544b388f1abc1899258898681ff665dbf7303805cc505276	calibration
dominant_to_calibration	confirmatory::B2KG20	negative	c7ea8d68dac0b154d26ad3eb78f3747b940e34c759e2a9f821325e36850511bd	calibration
dominant_to_calibration	confirmatory::B2LW77	negative	389ad42570c89a23dada5ba64aad3e0bd24cb5b88b1fc4a23e5d29f2508b4cfc	evaluation
dominant_to_calibration	confirmatory::B2RYN7	negative	9be8126a2dbfcd7513074efb8f97e42b52a270b713971328a72dcad11b7a1f84	evaluation
dominant_to_calibration	confirmatory::B2T0P7	negative	ea060f244e352de2544b388f1abc1899258898681ff665dbf7303805cc505276	calibration
dominant_to_calibration	confirmatory::B2U7N4	negative	ea060f244e352de2544b388f1abc1899258898681ff665dbf7303805cc505276	calibration
dominant_to_calibration	confirmatory::B2Z449	negative	e18b4e5fbde76978c2080f2894717f1f991e2dfb87f46a80f37a5cab5ea38ab0	evaluation
dominant_to_calibration	confirmatory::B2Z450	negative	e762a34e2879fb89badf3aefde610ff9d5414dd0791ef2899f47f15931593ae4	calibration
dominant_to_calibration	confirmatory::B3A0N5	positive	7aca0de60276edd1067cae3f148fd217fae58eff1af8219a34dc8bc7ab203225	evaluation
dominant_to_calibration	confirmatory::B3A0P7	negative	48684bbe881ad87ea1d6f963b8e7eb58b1acea0e2a8ed12c8b455362e1332463	calibration
dominant_to_calibration	confirmatory::B3A0P8	negative	48684bbe881ad87ea1d6f963b8e7eb58b1acea0e2a8ed12c8b455362e1332463	calibration
dominant_to_calibration	confirmatory::B3EWQ0	positive	321037ddadfddc3cf849ca6e9269e675f300804c58afc374239914aa91ccef35	evaluation
dominant_to_calibration	confirmatory::B3EWZ8	negative	80265ba0cf707cc2b9ab56977abaa12643a893bd6a9a455337c6c3dedf45bd7a	calibration
dominant_to_calibration	confirmatory::B3EY83	negative	693191d81dad8633f117940437800dc383ce0e8e12178e775ecd55116c2bb03f	calibration
dominant_to_calibration	confirmatory::B3H2L3	negative	ea060f244e352de2544b388f1abc1899258898681ff665dbf7303805cc505276	calibration
dominant_to_calibration	confirmatory::B3H2L5	negative	ea060f244e352de2544b388f1abc1899258898681ff665dbf7303805cc505276	calibration
dominant_to_calibration	confirmatory::B3M301	negative	9be8126a2dbfcd7513074efb8f97e42b52a270b713971328a72dcad11b7a1f84	evaluation
dominant_to_calibration	confirmatory::B3P8A3	negative	9be8126a2dbfcd7513074efb8f97e42b52a270b713971328a72dcad11b7a1f84	evaluation
dominant_to_calibration	confirmatory::B3PI89	negative	d52af3aeba16f166910db4a02e939c6bcf3e5ff1879d6147eae4d668380d76f5	calibration
dominant_to_calibration	confirmatory::B3PXB3	negative	ea060f244e352de2544b388f1abc1899258898681ff665dbf7303805cc505276	calibration
dominant_to_calibration	confirmatory::B3PXB8	negative	ea060f244e352de2544b388f1abc1899258898681ff665dbf7303805cc505276	calibration
dominant_to_calibration	confirmatory::B3QGK1	negative	ea060f244e352de2544b388f1abc1899258898681ff665dbf7303805cc505276	calibration
dominant_to_calibration	confirmatory::B3QGK4	negative	ea060f244e352de2544b388f1abc1899258898681ff665dbf7303805cc505276	calibration
dominant_to_calibration	confirmatory::B3QM89	negative	dccb74d38eb5e7a9f23fe80d041bb156f74f05b1c460fdc8136e9dbd7d77d278	calibration
dominant_to_calibration	confirmatory::B3R3Z9	negative	ea060f244e352de2544b388f1abc1899258898681ff665dbf7303805cc505276	calibration
dominant_to_calibration	confirmatory::B4ECC5	negative	ea060f244e352de2544b388f1abc1899258898681ff665dbf7303805cc505276	calibration
dominant_to_calibration	confirmatory::B4ECC7	negative	ea060f244e352de2544b388f1abc1899258898681ff665dbf7303805cc505276	calibration
dominant_to_calibration	confirmatory::B4F753	negative	86a5c1bfc5908ede8123b1f6c7156fccf03d9d9b70f3f68acd76dfc146e5b158	evaluation
dominant_to_calibration	confirmatory::B4F785	negative	68767325784b2424d10c6965c0aa59d40c7a925515b48a12df84fb6a033b254f	calibration
dominant_to_calibration	confirmatory::B4HGG6	negative	9be8126a2dbfcd7513074efb8f97e42b52a270b713971328a72dcad11b7a1f84	evaluation
dominant_to_calibration	confirmatory::B4JII0	negative	9be8126a2dbfcd7513074efb8f97e42b52a270b713971328a72dcad11b7a1f84	evaluation
dominant_to_calibration	confirmatory::B4K799	negative	9be8126a2dbfcd7513074efb8f97e42b52a270b713971328a72dcad11b7a1f84	evaluation
dominant_to_calibration	confirmatory::B4M0H8	negative	9be8126a2dbfcd7513074efb8f97e42b52a270b713971328a72dcad11b7a1f84	evaluation
dominant_to_calibration	confirmatory::B4NBP4	negative	9be8126a2dbfcd7513074efb8f97e42b52a270b713971328a72dcad11b7a1f84	evaluation
dominant_to_calibration	confirmatory::B4PL32	negative	9be8126a2dbfcd7513074efb8f97e42b52a270b713971328a72dcad11b7a1f84	evaluation
dominant_to_calibration	confirmatory::B4QSF0	negative	9be8126a2dbfcd7513074efb8f97e42b52a270b713971328a72dcad11b7a1f84	evaluation
dominant_to_calibration	confirmatory::B4RSX7	negative	ea060f244e352de2544b388f1abc1899258898681ff665dbf7303805cc505276	calibration
dominant_to_calibration	confirmatory::B4RSX9	negative	ea060f244e352de2544b388f1abc1899258898681ff665dbf7303805cc505276	calibration
dominant_to_calibration	confirmatory::B4SVL3	negative	d52af3aeba16f166910db4a02e939c6bcf3e5ff1879d6147eae4d668380d76f5	calibration
dominant_to_calibration	confirmatory::B4TKT6	negative	d52af3aeba16f166910db4a02e939c6bcf3e5ff1879d6147eae4d668380d76f5	calibration
dominant_to_calibration	confirmatory::B4UFU2	negative	ea060f244e352de2544b388f1abc1899258898681ff665dbf7303805cc505276	calibration
dominant_to_calibration	confirmatory::B5BHG7	negative	d52af3aeba16f166910db4a02e939c6bcf3e5ff1879d6147eae4d668380d76f5	calibration
dominant_to_calibration	confirmatory::B5F8M6	negative	d52af3aeba16f166910db4a02e939c6bcf3e5ff1879d6147eae4d668380d76f5	calibration
dominant_to_calibration	confirmatory::B5FBC6	negative	ea060f244e352de2544b388f1abc1899258898681ff665dbf7303805cc505276	calibration
dominant_to_calibration	confirmatory::B5FBC8	negative	ea060f244e352de2544b388f1abc1899258898681ff665dbf7303805cc505276	calibration
dominant_to_calibration	confirmatory::B5FFE9	negative	d52af3aeba16f166910db4a02e939c6bcf3e5ff1879d6147eae4d668380d76f5	calibration
dominant_to_calibration	confirmatory::B5FJT1	negative	d52af3aeba16f166910db4a02e939c6bcf3e5ff1879d6147eae4d668380d76f5	calibration
dominant_to_calibration	confirmatory::B5X0G2	negative	ae072172ac565f240e9af5c41bfdfc0174476f5f1bc878f8c5aab26e7d89d267	calibration
dominant_to_calibration	confirmatory::B5XU27	negative	ea060f244e352de2544b388f1abc1899258898681ff665dbf7303805cc505276	calibration
dominant_to_calibration	confirmatory::B5XU29	negative	ea060f244e352de2544b388f1abc1899258898681ff665dbf7303805cc505276	calibration
dominant_to_calibration	confirmatory::B5YUX1	negative	ea060f244e352de2544b388f1abc1899258898681ff665dbf7303805cc505276	calibration
dominant_to_calibration	confirmatory::B5YUX3	negative	ea060f244e352de2544b388f1abc1899258898681ff665dbf7303805cc505276	calibration
dominant_to_calibration	confirmatory::B5Z674	negative	ea060f244e352de2544b388f1abc1899258898681ff665dbf7303805cc505276	calibration
dominant_to_calibration	confirmatory::B5ZBS9	negative	ea060f244e352de2544b388f1abc1899258898681ff665dbf7303805cc505276	calibration
dominant_to_calibration	confirmatory::B5ZBT1	negative	ea060f244e352de2544b388f1abc1899258898681ff665dbf7303805cc505276	calibration
dominant_to_calibration	confirmatory::B5ZMP0	negative	ea060f244e352de2544b388f1abc1899258898681ff665dbf7303805cc505276	calibration
dominant_to_calibration	confirmatory::B5ZMP5	negative	ea060f244e352de2544b388f1abc1899258898681ff665dbf7303805cc505276	calibration
dominant_to_calibration	confirmatory::B6DDZ5	positive	f97ad28eae229f400791116c97d4d171448024818f215083b031bbfdce3a8807	evaluation
dominant_to_calibration	confirmatory::B6JPH5	negative	ea060f244e352de2544b388f1abc1899258898681ff665dbf7303805cc505276	calibration
dominant_to_calibration	confirmatory::B6JPH6	negative	ea060f244e352de2544b388f1abc1899258898681ff665dbf7303805cc505276	calibration
dominant_to_calibration	confirmatory::B6VA84	negative	afc28802fff11b2e2d1ded4ef2f20fb595c131fd12dc5efbd409170424be582b	evaluation
dominant_to_calibration	confirmatory::B6VA85	negative	1bb7a69c5ac8dff09d9743d7de36e3db00db59e8de64893c6df4fc99ac9601d3	evaluation
dominant_to_calibration	confirmatory::B6VA86	negative	afc28802fff11b2e2d1ded4ef2f20fb595c131fd12dc5efbd409170424be582b	evaluation
dominant_to_calibration	confirmatory::B6VA87	negative	1bb7a69c5ac8dff09d9743d7de36e3db00db59e8de64893c6df4fc99ac9601d3	evaluation
dominant_to_calibration	confirmatory::B6YQL8	negative	ea060f244e352de2544b388f1abc1899258898681ff665dbf7303805cc505276	calibration
dominant_to_calibration	confirmatory::B7GXU5	negative	ea060f244e352de2544b388f1abc1899258898681ff665dbf7303805cc505276	calibration
dominant_to_calibration	confirmatory::B7J437	negative	dccb74d38eb5e7a9f23fe80d041bb156f74f05b1c460fdc8136e9dbd7d77d278	calibration
dominant_to_calibration	confirmatory::B7K906	negative	ea060f244e352de2544b388f1abc1899258898681ff665dbf7303805cc505276	calibration
dominant_to_calibration	confirmatory::B7K912	negative	ea060f244e352de2544b388f1abc1899258898681ff665dbf7303805cc505276	calibration
dominant_to_calibration	confirmatory::B7NK06	negative	8762b4dd22780fe23714f203220cc300c681de14521ee5b1a75119c4bf2ce030	evaluation
dominant_to_calibration	confirmatory::B7PKZ1	negative	121c706e5f753d5a8d0d9bea281aff274d1814d3807067d9449e0c68886fc649	evaluation
dominant_to_calibration	confirmatory::B7PKZ2	negative	121c706e5f753d5a8d0d9bea281aff274d1814d3807067d9449e0c68886fc649	evaluation
dominant_to_calibration	confirmatory::B7SUM8	negative	34b41219611ac71b39f94001659d257ef301dc42fb86d0ab1b2396d000b25f11	evaluation
dominant_to_calibration	confirmatory::B7V1S8	negative	ea060f244e352de2544b388f1abc1899258898681ff665dbf7303805cc505276	calibration
dominant_to_calibration	confirmatory::B7X2B6	negative	dccb74d38eb5e7a9f23fe80d041bb156f74f05b1c460fdc8136e9dbd7d77d278	calibration
dominant_to_calibration	confirmatory::B8BNY7	positive	8162d3f99050925d85bdafbd7b93ef38ee73f2d3c8d2bce3982168d40d8502a2	evaluation
dominant_to_calibration	confirmatory::B8EPU9	negative	ea060f244e352de2544b388f1abc1899258898681ff665dbf7303805cc505276	calibration
dominant_to_calibration	confirmatory::B8EPV1	negative	ea060f244e352de2544b388f1abc1899258898681ff665dbf7303805cc505276	calibration
dominant_to_calibration	confirmatory::B8GQ24	negative	ea060f244e352de2544b388f1abc1899258898681ff665dbf7303805cc505276	calibration
dominant_to_calibration	confirmatory::B8GZZ0	negative	dccb74d38eb5e7a9f23fe80d041bb156f74f05b1c460fdc8136e9dbd7d77d278	calibration
dominant_to_calibration	confirmatory::B8HA05	negative	ea060f244e352de2544b388f1abc1899258898681ff665dbf7303805cc505276	calibration
dominant_to_calibration	confirmatory::B8HA07	negative	ea060f244e352de2544b388f1abc1899258898681ff665dbf7303805cc505276	calibration
dominant_to_calibration	confirmatory::B8HW50	negative	ea060f244e352de2544b388f1abc1899258898681ff665dbf7303805cc505276	calibration
dominant_to_calibration	confirmatory::B8HW52	negative	ea060f244e352de2544b388f1abc1899258898681ff665dbf7303805cc505276	calibration
dominant_to_calibration	confirmatory::B8N106	negative	1bb7a69c5ac8dff09d9743d7de36e3db00db59e8de64893c6df4fc99ac9601d3	evaluation
dominant_to_calibration	confirmatory::B8XGQ6	negative	afc28802fff11b2e2d1ded4ef2f20fb595c131fd12dc5efbd409170424be582b	evaluation
dominant_to_calibration	confirmatory::B9DLX8	negative	ea060f244e352de2544b388f1abc1899258898681ff665dbf7303805cc505276	calibration
dominant_to_calibration	confirmatory::B9DLY0	negative	ea060f244e352de2544b388f1abc1899258898681ff665dbf7303805cc505276	calibration
dominant_to_calibration	confirmatory::B9J8M3	negative	ea060f244e352de2544b388f1abc1899258898681ff665dbf7303805cc505276	calibration
dominant_to_calibration	confirmatory::B9J8M6	negative	ea060f244e352de2544b388f1abc1899258898681ff665dbf7303805cc505276	calibration
dominant_to_calibration	confirmatory::B9JR81	negative	ea060f244e352de2544b388f1abc1899258898681ff665dbf7303805cc505276	calibration
dominant_to_calibration	confirmatory::B9KK46	negative	ea060f244e352de2544b388f1abc1899258898681ff665dbf7303805cc505276	calibration
dominant_to_calibration	confirmatory::B9KK51	negative	ea060f244e352de2544b388f1abc1899258898681ff665dbf7303805cc505276	calibration
dominant_to_calibration	confirmatory::B9LTF0	negative	dccb74d38eb5e7a9f23fe80d041bb156f74f05b1c460fdc8136e9dbd7d77d278	calibration
dominant_to_calibration	confirmatory::C0HJA4	positive	26f6bbf02e5a0b040a9f541c5af62ae80103c451fc71d712be407dff482d689b	evaluation
dominant_to_calibration	confirmatory::C0HJH5	negative	34efdb7da6465528647a3456cde08984bda0ce26aa0261df4c8efe316d3e0938	evaluation
dominant_to_calibration	confirmatory::C0HJI1	negative	2ca3559869bf73bf1369b0778046227fe36990704ef03e92e809601ac40ebe65	evaluation
dominant_to_calibration	confirmatory::C0HJI2	negative	2ca3559869bf73bf1369b0778046227fe36990704ef03e92e809601ac40ebe65	evaluation
dominant_to_calibration	confirmatory::C0HJI3	negative	2ca3559869bf73bf1369b0778046227fe36990704ef03e92e809601ac40ebe65	evaluation
dominant_to_calibration	confirmatory::C0HJI5	negative	2ca3559869bf73bf1369b0778046227fe36990704ef03e92e809601ac40ebe65	evaluation
dominant_to_calibration	confirmatory::C0HJI6	negative	2ca3559869bf73bf1369b0778046227fe36990704ef03e92e809601ac40ebe65	evaluation
dominant_to_calibration	confirmatory::C0HJI7	negative	2ca3559869bf73bf1369b0778046227fe36990704ef03e92e809601ac40ebe65	evaluation
dominant_to_calibration	confirmatory::C0HJI8	negative	2ca3559869bf73bf1369b0778046227fe36990704ef03e92e809601ac40ebe65	evaluation
dominant_to_calibration	confirmatory::C0HJJ2	negative	0e86e9e3943105f0c02e336cf49e66419fe7933b4a9c56997c7bb8035f3c7a0a	evaluation
dominant_to_calibration	confirmatory::C0HJJ4	negative	0e86e9e3943105f0c02e336cf49e66419fe7933b4a9c56997c7bb8035f3c7a0a	evaluation
dominant_to_calibration	confirmatory::C0HJJ5	negative	0e86e9e3943105f0c02e336cf49e66419fe7933b4a9c56997c7bb8035f3c7a0a	evaluation
dominant_to_calibration	confirmatory::C0HJJ6	negative	0e86e9e3943105f0c02e336cf49e66419fe7933b4a9c56997c7bb8035f3c7a0a	evaluation
dominant_to_calibration	confirmatory::C0HJT9	negative	2ca3559869bf73bf1369b0778046227fe36990704ef03e92e809601ac40ebe65	evaluation
dominant_to_calibration	confirmatory::C0HJU0	negative	2ca3559869bf73bf1369b0778046227fe36990704ef03e92e809601ac40ebe65	evaluation
dominant_to_calibration	confirmatory::C0HKS3	negative	50208ba7185986fdc3fd1b52d79feeb7da9b4c04f65a5deb9f7cc3291aa67f87	evaluation
dominant_to_calibration	confirmatory::C0HKS4	negative	50208ba7185986fdc3fd1b52d79feeb7da9b4c04f65a5deb9f7cc3291aa67f87	evaluation
dominant_to_calibration	confirmatory::C0HL51	negative	4d437597fe96f0ca02b44316a2e4dc1c0ee16d64e2983853aedde79e681a6fea	evaluation
dominant_to_calibration	confirmatory::C0HLB8	negative	322493bf000b98893c568e60234b66bd7ed36d67f240d3d9db7c396a6a12579b	calibration
dominant_to_calibration	confirmatory::C0HLN1	negative	b7762ce85918a621bc4bf4c4e7657779c885d02f6b53a465f4762637db65c059	calibration
dominant_to_calibration	confirmatory::C0HLN3	negative	4b9e7bea9ce8ee8ae94698ef8499017333c8e1e95a44680dba3be60d8618dc01	calibration
dominant_to_calibration	confirmatory::C0HLP9	negative	5041a1e1f60f70f4bccce3b8daeb631454e2f014bb557bfeaccf74d45d44c355	evaluation
dominant_to_calibration	confirmatory::C0HLT8	negative	9a3dfb845640fb89c5b0d5f56ba2397ead313b9180f78d550b63f8ae3d945428	evaluation
dominant_to_calibration	confirmatory::C0HLV3	negative	4b9e7bea9ce8ee8ae94698ef8499017333c8e1e95a44680dba3be60d8618dc01	calibration
dominant_to_calibration	confirmatory::C0HLV4	negative	4b9e7bea9ce8ee8ae94698ef8499017333c8e1e95a44680dba3be60d8618dc01	calibration
dominant_to_calibration	confirmatory::C0HLV5	negative	4b9e7bea9ce8ee8ae94698ef8499017333c8e1e95a44680dba3be60d8618dc01	calibration
dominant_to_calibration	confirmatory::C0HM61	negative	5041a1e1f60f70f4bccce3b8daeb631454e2f014bb557bfeaccf74d45d44c355	evaluation
dominant_to_calibration	confirmatory::C0HMC3	positive	cb3107130b9b0da53a64504abf961cca6a316ff4cf8c11f145d0d1493f7aa03f	evaluation
dominant_to_calibration	confirmatory::C0ITL3	negative	25545dadd80435581e74794c9216eeb66ace8228a86901b5932e62c7acee96bd	calibration
dominant_to_calibration	confirmatory::C0K3N1	positive	6f3b3b68a202de81e05b7675350bdc2de774360859f5988d06f9a3574931cf41	evaluation
dominant_to_calibration	confirmatory::C0LTL9	negative	29a79690eced4461016836ce36c14c380b0c4c5e3dcafb70f5238755407be04c	evaluation
dominant_to_calibration	confirmatory::C1APC5	negative	ea060f244e352de2544b388f1abc1899258898681ff665dbf7303805cc505276	calibration
dominant_to_calibration	confirmatory::C1AXZ0	negative	ea060f244e352de2544b388f1abc1899258898681ff665dbf7303805cc505276	calibration
dominant_to_calibration	confirmatory::C1AXZ2	negative	ea060f244e352de2544b388f1abc1899258898681ff665dbf7303805cc505276	calibration
dominant_to_calibration	confirmatory::C1D5Z6	negative	ea060f244e352de2544b388f1abc1899258898681ff665dbf7303805cc505276	calibration
dominant_to_calibration	confirmatory::C1D5Z8	negative	ea060f244e352de2544b388f1abc1899258898681ff665dbf7303805cc505276	calibration
dominant_to_calibration	confirmatory::C1DNK6	negative	ea060f244e352de2544b388f1abc1899258898681ff665dbf7303805cc505276	calibration
dominant_to_calibration	confirmatory::C3K5A5	negative	ea060f244e352de2544b388f1abc1899258898681ff665dbf7303805cc505276	calibration
dominant_to_calibration	confirmatory::C3MGI5	negative	ea060f244e352de2544b388f1abc1899258898681ff665dbf7303805cc505276	calibration
dominant_to_calibration	confirmatory::C3MGX6	negative	ea060f244e352de2544b388f1abc1899258898681ff665dbf7303805cc505276	calibration
dominant_to_calibration	confirmatory::C4LF63	negative	ea060f244e352de2544b388f1abc1899258898681ff665dbf7303805cc505276	calibration
dominant_to_calibration	confirmatory::C4LF65	negative	ea060f244e352de2544b388f1abc1899258898681ff665dbf7303805cc505276	calibration
dominant_to_calibration	confirmatory::C4LIA9	negative	ea060f244e352de2544b388f1abc1899258898681ff665dbf7303805cc505276	calibration
dominant_to_calibration	confirmatory::C4M1P9	negative	19e689ad04cac6b600b5035ab88d8f4ab135d9cfc125ef20e7d97778e9942c08	calibration
dominant_to_calibration	confirmatory::C4N147	negative	34b41219611ac71b39f94001659d257ef301dc42fb86d0ab1b2396d000b25f11	evaluation
dominant_to_calibration	confirmatory::C4XNQ9	negative	dccb74d38eb5e7a9f23fe80d041bb156f74f05b1c460fdc8136e9dbd7d77d278	calibration
dominant_to_calibration	confirmatory::C5BBR6	negative	ea060f244e352de2544b388f1abc1899258898681ff665dbf7303805cc505276	calibration
dominant_to_calibration	confirmatory::C5BDC2	negative	ea060f244e352de2544b388f1abc1899258898681ff665dbf7303805cc505276	calibration
dominant_to_calibration	confirmatory::C5BUN9	negative	ea060f244e352de2544b388f1abc1899258898681ff665dbf7303805cc505276	calibration
dominant_to_calibration	confirmatory::C5C8U1	negative	ea060f244e352de2544b388f1abc1899258898681ff665dbf7303805cc505276	calibration
dominant_to_calibration	confirmatory::C5CXZ7	negative	ea060f244e352de2544b388f1abc1899258898681ff665dbf7303805cc505276	calibration
dominant_to_calibration	confirmatory::C5CY00	negative	ea060f244e352de2544b388f1abc1899258898681ff665dbf7303805cc505276	calibration
dominant_to_calibration	confirmatory::C5FII2	negative	1bb7a69c5ac8dff09d9743d7de36e3db00db59e8de64893c6df4fc99ac9601d3	evaluation
dominant_to_calibration	confirmatory::C5FMY5	negative	afc28802fff11b2e2d1ded4ef2f20fb595c131fd12dc5efbd409170424be582b	evaluation
dominant_to_calibration	confirmatory::C5FRX4	negative	c8bc632faaa2dd7e9e07420c2893908d6cabe65710e6f1a8676bef0b20dead16	evaluation
dominant_to_calibration	confirmatory::C5FTQ5	negative	c8bc632faaa2dd7e9e07420c2893908d6cabe65710e6f1a8676bef0b20dead16	evaluation
dominant_to_calibration	confirmatory::C5FX37	negative	afc28802fff11b2e2d1ded4ef2f20fb595c131fd12dc5efbd409170424be582b	evaluation
dominant_to_calibration	confirmatory::C5FZ39	negative	afc28802fff11b2e2d1ded4ef2f20fb595c131fd12dc5efbd409170424be582b	evaluation
dominant_to_calibration	confirmatory::C5IAW9	negative	e1b95bb5b2d98418af04cd6abcaee2221a616a7e7b69327abdac2b834eba6f74	calibration
dominant_to_calibration	confirmatory::C5P4Z8	negative	1bb7a69c5ac8dff09d9743d7de36e3db00db59e8de64893c6df4fc99ac9601d3	evaluation
dominant_to_calibration	confirmatory::C5P6D1	negative	afc28802fff11b2e2d1ded4ef2f20fb595c131fd12dc5efbd409170424be582b	evaluation
dominant_to_calibration	confirmatory::C5P6L5	negative	afc28802fff11b2e2d1ded4ef2f20fb595c131fd12dc5efbd409170424be582b	evaluation
dominant_to_calibration	confirmatory::C7B178	negative	b779739d053c206b3c1f411f59a0de4a4cafad27adafaef3fd7148c37c363a3f	calibration
dominant_to_calibration	confirmatory::C7G3A0	negative	c95ef386e0d3ba468fdb2900eacedffdfe47c9718cfd81d7f547bcab79cd73cf	calibration
dominant_to_calibration	confirmatory::C9D7R2	positive	b5a8f03b24cf8aa2adfefef1b21afba7f7f53dd4f7a8df6547250f801434113b	evaluation
dominant_to_calibration	confirmatory::D0EM77	negative	91d29b95b94d8eee5f280019770845a22e09e176d9d4f72b4e8ad3b1a531b412	evaluation
dominant_to_calibration	confirmatory::D0FH76	negative	12099ebff3efead5c06a18a835e5239edabab4ca79c6c9ba0c916ef443726217	evaluation
dominant_to_calibration	confirmatory::D0L1T6	negative	dccb74d38eb5e7a9f23fe80d041bb156f74f05b1c460fdc8136e9dbd7d77d278	calibration
dominant_to_calibration	confirmatory::D0Z6T1	positive	1443ce68e316635e48ab3c3fdbedb17fec8bc3d4de90c6d5a2c58f2a4c95f798	evaluation
dominant_to_calibration	confirmatory::D1FQ14	positive	e558f170dc3123f985ca5a74df29780dcdd9176b4a9b28a24f3726cc5bd86894	evaluation
dominant_to_calibration	confirmatory::D2D3B6	negative	d1c6ab564afa4059f4195e330c3f3d2fa72e6c258ca03ccbdb0ec294d4b10bcb	calibration
dominant_to_calibration	confirmatory::D2X5W3	positive	5e23a1044f5ee22ec3269a7d3a6c2dad6df496ce0f66cbdcc498b8be7e0c3e70	evaluation
dominant_to_calibration	confirmatory::D2Z028	negative	dccb74d38eb5e7a9f23fe80d041bb156f74f05b1c460fdc8136e9dbd7d77d278	calibration
dominant_to_calibration	confirmatory::D3GGZ8	negative	99b9a25013110c306dd2c7cf0ef62c60f5994a4bea773435d3dcba8878e3cf9a	evaluation
dominant_to_calibration	confirmatory::D3YXF5	negative	ba4d2614b5e550635440f4c6525e8134022aee773ce7679090791bd84dd97e71	evaluation
dominant_to_calibration	confirmatory::D3Z5L9	negative	80411b172a57342a9e6ff35099764047f561bf1337df03f29cf013ee3a7b28d0	calibration
dominant_to_calibration	confirmatory::D3ZUK3	negative	389ad42570c89a23dada5ba64aad3e0bd24cb5b88b1fc4a23e5d29f2508b4cfc	evaluation
dominant_to_calibration	confirmatory::D3ZVP0	negative	46f4f08db1dbb8c9c468eb04a58a333f42cde0524b2d76adf389b2542d1fbd1f	evaluation
dominant_to_calibration	confirmatory::D3ZWT9	negative	0abf7fc04094851e216e9a013b3897849df61ac3d763c6f6cd1c3c34b9d203dd	calibration
dominant_to_calibration	confirmatory::D4A2B7	negative	d8e8950e584547a3cfa7be839a4841964b10c9b394cc52fc1ce81bee4cdf9e59	evaluation
dominant_to_calibration	confirmatory::D4AIK6	negative	c8bc632faaa2dd7e9e07420c2893908d6cabe65710e6f1a8676bef0b20dead16	evaluation
dominant_to_calibration	confirmatory::D4AKU9	negative	afc28802fff11b2e2d1ded4ef2f20fb595c131fd12dc5efbd409170424be582b	evaluation
dominant_to_calibration	confirmatory::D4APE3	negative	afc28802fff11b2e2d1ded4ef2f20fb595c131fd12dc5efbd409170424be582b	evaluation
dominant_to_calibration	confirmatory::D4AQG0	negative	afc28802fff11b2e2d1ded4ef2f20fb595c131fd12dc5efbd409170424be582b	evaluation
dominant_to_calibration	confirmatory::D4ASH1	negative	d1c6ab564afa4059f4195e330c3f3d2fa72e6c258ca03ccbdb0ec294d4b10bcb	calibration
dominant_to_calibration	confirmatory::D4B194	negative	afc28802fff11b2e2d1ded4ef2f20fb595c131fd12dc5efbd409170424be582b	evaluation
dominant_to_calibration	confirmatory::D4B1N9	negative	d1c6ab564afa4059f4195e330c3f3d2fa72e6c258ca03ccbdb0ec294d4b10bcb	calibration
dominant_to_calibration	confirmatory::D4B327	negative	bf0c694fc1c1317ce46211cd02f39cb63bf8fe0a82ee1a5a8022570d8295b233	calibration
dominant_to_calibration	confirmatory::D4B5N1	negative	afc28802fff11b2e2d1ded4ef2f20fb595c131fd12dc5efbd409170424be582b	evaluation
dominant_to_calibration	confirmatory::D4CZ60	negative	afc28802fff11b2e2d1ded4ef2f20fb595c131fd12dc5efbd409170424be582b	evaluation
dominant_to_calibration	confirmatory::D4CZQ4	negative	afc28802fff11b2e2d1ded4ef2f20fb595c131fd12dc5efbd409170424be582b	evaluation
dominant_to_calibration	confirmatory::D4D0F5	negative	1bb7a69c5ac8dff09d9743d7de36e3db00db59e8de64893c6df4fc99ac9601d3	evaluation
dominant_to_calibration	confirmatory::D4D674	negative	afc28802fff11b2e2d1ded4ef2f20fb595c131fd12dc5efbd409170424be582b	evaluation
dominant_to_calibration	confirmatory::D4D9U2	negative	c8bc632faaa2dd7e9e07420c2893908d6cabe65710e6f1a8676bef0b20dead16	evaluation
dominant_to_calibration	confirmatory::D4DBH6	negative	c8bc632faaa2dd7e9e07420c2893908d6cabe65710e6f1a8676bef0b20dead16	evaluation
dominant_to_calibration	confirmatory::D4DIW9	negative	afc28802fff11b2e2d1ded4ef2f20fb595c131fd12dc5efbd409170424be582b	evaluation
dominant_to_calibration	confirmatory::D4DLI5	negative	1bb7a69c5ac8dff09d9743d7de36e3db00db59e8de64893c6df4fc99ac9601d3	evaluation
dominant_to_calibration	confirmatory::D4GUJ7	negative	23d5a3bd524d30d0ed03bfe373885d5527e4035c98c411d13a9667a063013c6e	calibration
dominant_to_calibration	confirmatory::D4GUK0	negative	4ec60039de59076bc5d8afd1f1d88dc96ccf44dd16c5eb759ecf94e82a598745	calibration
dominant_to_calibration	confirmatory::D4P095	negative	dc287d695ed8d78e73ff29b03dded50559195f37804eb713aaced2b0c00fe136	evaluation
dominant_to_calibration	confirmatory::D4P2Y4	negative	25545dadd80435581e74794c9216eeb66ace8228a86901b5932e62c7acee96bd	calibration
dominant_to_calibration	confirmatory::D4Z2G1	negative	b30b84a76b4877ee5f623b2fe1234ec407ce41971f778f80bf04b469852129d7	calibration
dominant_to_calibration	confirmatory::D6WMZ8	negative	d1c6ab564afa4059f4195e330c3f3d2fa72e6c258ca03ccbdb0ec294d4b10bcb	calibration
dominant_to_calibration	confirmatory::D8VNS9	positive	450882407bb31af420e3fb498b86045252de225bcb0bc544cb192820b36d6e90	evaluation
dominant_to_calibration	confirmatory::E0J500	negative	623f3f0445ba3d68f7f0b01360d57379b68a4bd25c5f902822b41b66dfcdfc89	evaluation
dominant_to_calibration	confirmatory::E0TU96	positive	fbc66a12665f1edff7700f6074175e37e872a1e69db09870be3811cba4753fcf	evaluation
dominant_to_calibration	confirmatory::E1UYT9	negative	fb3d9086710c22eb209777dc02506bc21ad102b35c0a2d4e54e73b021c9991f7	evaluation
dominant_to_calibration	confirmatory::E1UYU0	negative	fb3d9086710c22eb209777dc02506bc21ad102b35c0a2d4e54e73b021c9991f7	evaluation
dominant_to_calibration	confirmatory::E2E4E4	positive	0615761a9e0cf556bf7af647aad2cb501aa8319fbefc7d24738ae12a727f4e44	evaluation
dominant_to_calibration	confirmatory::E2E4L2	positive	55927c04e923f511084010cf0858f6d88c365ae75b99c08d7e94a4aea9cd3a91	evaluation
dominant_to_calibration	confirmatory::E3P6N9	negative	e762a34e2879fb89badf3aefde610ff9d5414dd0791ef2899f47f15931593ae4	calibration
dominant_to_calibration	confirmatory::E4UWA4	negative	1bb7a69c5ac8dff09d9743d7de36e3db00db59e8de64893c6df4fc99ac9601d3	evaluation
dominant_to_calibration	confirmatory::E4UY04	negative	afc28802fff11b2e2d1ded4ef2f20fb595c131fd12dc5efbd409170424be582b	evaluation
dominant_to_calibration	confirmatory::E4V4J8	negative	afc28802fff11b2e2d1ded4ef2f20fb595c131fd12dc5efbd409170424be582b	evaluation
dominant_to_calibration	confirmatory::E6Y8B9	negative	8e5a796ba82885cd75cc418837f05303b492fb3ec6b59865c2d21255824472b0	evaluation
dominant_to_calibration	confirmatory::E6Y8S8	negative	86cc21bca61bd87e3a544b53de63d4a85a51acbb0d64b5ad6e6e2ba8aa8ab938	evaluation
dominant_to_calibration	confirmatory::E9NX73	negative	d1286b58049dec57ef0a3f958c6a58529ee88f8707b7df87731ea19611d6bd84	calibration
dominant_to_calibration	confirmatory::E9PTT0	negative	e8f19abe601762091b366d25b70ea3fb93cb89ef883d201899904e677c86728a	calibration
dominant_to_calibration	confirmatory::E9PV24	negative	450882407bb31af420e3fb498b86045252de225bcb0bc544cb192820b36d6e90	evaluation
dominant_to_calibration	confirmatory::E9Q6D8	negative	ba4d2614b5e550635440f4c6525e8134022aee773ce7679090791bd84dd97e71	evaluation
dominant_to_calibration	confirmatory::E9QEA3	negative	725376337385731c27c04b3295d4b5d7c66d2e8cbf129aaea87ba3f5efc0a84e	evaluation
dominant_to_calibration	confirmatory::F0UZ12	negative	f92a8e542977ec3d6dc95e8a0bde11a3a1290134ed49574133ebe628e0201670	evaluation
dominant_to_calibration	confirmatory::F1LW30	negative	e1b95bb5b2d98418af04cd6abcaee2221a616a7e7b69327abdac2b834eba6f74	calibration
dominant_to_calibration	confirmatory::F3YDF1	negative	88121ac28242d57be0bbf57f2102dff1fcffb3444458451a353c97a733c15219	evaluation
dominant_to_calibration	confirmatory::F4HPF1	negative	0d9f327b1073890bfb36e5ee168a06ee2714bac452b116df3ae13f3e08179c5f	calibration
dominant_to_calibration	confirmatory::F4HSQ2	negative	0d9f327b1073890bfb36e5ee168a06ee2714bac452b116df3ae13f3e08179c5f	calibration
dominant_to_calibration	confirmatory::F4IG09	negative	0d9f327b1073890bfb36e5ee168a06ee2714bac452b116df3ae13f3e08179c5f	calibration
dominant_to_calibration	confirmatory::F4JA91	negative	0d9f327b1073890bfb36e5ee168a06ee2714bac452b116df3ae13f3e08179c5f	calibration
dominant_to_calibration	confirmatory::F4JEX5	negative	ebd5e6aa1a772adddc466cdcf6b89397782aafb25fcd5e4e3af4dd7e56f3a67c	calibration
dominant_to_calibration	confirmatory::F4JJH4	negative	0d9f327b1073890bfb36e5ee168a06ee2714bac452b116df3ae13f3e08179c5f	calibration
dominant_to_calibration	confirmatory::F4JJH5	negative	0d9f327b1073890bfb36e5ee168a06ee2714bac452b116df3ae13f3e08179c5f	calibration
dominant_to_calibration	confirmatory::F4JXC5	negative	0d9f327b1073890bfb36e5ee168a06ee2714bac452b116df3ae13f3e08179c5f	calibration
dominant_to_calibration	confirmatory::F4KEL0	negative	0d9f327b1073890bfb36e5ee168a06ee2714bac452b116df3ae13f3e08179c5f	calibration
dominant_to_calibration	confirmatory::F4KF14	negative	ee6ece32f313b95905c329c442d3ec18c3338d5bfee8010de8eb2ca13a2afd8c	calibration
dominant_to_calibration	confirmatory::F4KGD4	negative	0d9f327b1073890bfb36e5ee168a06ee2714bac452b116df3ae13f3e08179c5f	calibration
dominant_to_calibration	confirmatory::F4QV02	negative	94af74fc0119da57512d98a54db223e9b58209524d169204fe452b487b794313	evaluation
dominant_to_calibration	confirmatory::F5B8X0	negative	15846e295d6f529cb1ea4423de7a6917f472ad0c4d75173697c456c27ec75481	evaluation
dominant_to_calibration	confirmatory::F8S101	positive	7bac8f189851f7e92b51b55b685b828748f06c7d21350d88650d72d0ab4d4b4d	evaluation
dominant_to_calibration	confirmatory::F8W2M8	negative	c8bc632faaa2dd7e9e07420c2893908d6cabe65710e6f1a8676bef0b20dead16	evaluation
dominant_to_calibration	confirmatory::F8WCM5	negative	5825442273aa674e597f0324f3d9d13995d18a085e3f346a6583071a32270dd2	evaluation
dominant_to_calibration	confirmatory::G0HQZ6	negative	01981eb9e1dc067d1224d59092ffc0fe0bb45743fa25e07d6536cc2cf73ec7f4	calibration
dominant_to_calibration	confirmatory::G0RYR3	negative	ae06a79fb0a3df6b735edf0b452366dd6bef01d4d1be6595c830072b310a4059	calibration
dominant_to_calibration	confirmatory::G1FC92	negative	bebbed8339a7feaa335ecaa66925af046978afb00da13caba0006d1860ba05b2	evaluation
dominant_to_calibration	confirmatory::G2WWV4	negative	a3546adf6be82692df41ca0154040cd8c726303196e1db3c7e525f3633842e55	calibration
dominant_to_calibration	confirmatory::G2WZP5	negative	51e46bcf688c5df61042c5497f32a2bae5c728809990fb840813ab7ac1a46bb1	calibration
dominant_to_calibration	confirmatory::G2XGR1	negative	80265ba0cf707cc2b9ab56977abaa12643a893bd6a9a455337c6c3dedf45bd7a	calibration
dominant_to_calibration	confirmatory::G3FNQ9	negative	1bb7a69c5ac8dff09d9743d7de36e3db00db59e8de64893c6df4fc99ac9601d3	evaluation
dominant_to_calibration	confirmatory::G4N4E9	negative	51e46bcf688c5df61042c5497f32a2bae5c728809990fb840813ab7ac1a46bb1	calibration
dominant_to_calibration	confirmatory::G5EBU3	negative	96d8247058ac2f5ce5fa4af5d51ce66b14fbab3d28461f146d94b1f59432c78c	calibration
dominant_to_calibration	confirmatory::G5EBX9	negative	d0c8938c75402fc9c57177bd3bfe0b336c22e73c22b8cdc15342574d072a72cc	calibration
dominant_to_calibration	confirmatory::G5ECM9	negative	f1b188ed6b5b22c8bc74b7dc43afbf4e4fa9f5d76d988cf9385257b2e37bcc15	evaluation
dominant_to_calibration	confirmatory::G5ECN9	negative	da1f730a80c0f0ed1f9303734404705fa18285380f99e8c78185dd847cf60b39	calibration
dominant_to_calibration	confirmatory::G5EDL5	negative	2eecc744c786b9108557788352fd5794355c754b0934c0f099e6c21ad6cf8672	calibration
dominant_to_calibration	confirmatory::G5EDZ9	negative	f1b188ed6b5b22c8bc74b7dc43afbf4e4fa9f5d76d988cf9385257b2e37bcc15	evaluation
dominant_to_calibration	confirmatory::G5EGK8	negative	369890e1b4fdd3f4d633bc750ce4706bc6a1c2d11deb58e010bd3f44230852d0	evaluation
dominant_to_calibration	confirmatory::G5EGM1	negative	c7381dc3bc1209d24a1f49a779e3857727a3e7782e727eac61d571fe358ad686	evaluation
dominant_to_calibration	confirmatory::G7KEU7	negative	0d9f327b1073890bfb36e5ee168a06ee2714bac452b116df3ae13f3e08179c5f	calibration
dominant_to_calibration	confirmatory::G7LCV1	negative	dab6f722b5cc93168bb39042302381bb8a3d9776198eb56cf1b8fdc6cdf20f05	calibration
dominant_to_calibration	confirmatory::G7LCV7	negative	dab6f722b5cc93168bb39042302381bb8a3d9776198eb56cf1b8fdc6cdf20f05	calibration
dominant_to_calibration	confirmatory::H2B3G5	negative	ae072172ac565f240e9af5c41bfdfc0174476f5f1bc878f8c5aab26e7d89d267	calibration
dominant_to_calibration	confirmatory::H2KZ86	negative	af3e8151ef08d08d21f26d1cce1ca2ed2dedc203bc8d13dcabd9823b27fc65d9	evaluation
dominant_to_calibration	confirmatory::H8L374	negative	dccb74d38eb5e7a9f23fe80d041bb156f74f05b1c460fdc8136e9dbd7d77d278	calibration
dominant_to_calibration	confirmatory::I1N462	negative	0d9f327b1073890bfb36e5ee168a06ee2714bac452b116df3ae13f3e08179c5f	calibration
dominant_to_calibration	confirmatory::I1RHF8	negative	e49c53809598ad4f4829e70c862d982dcdc50b8283ecd2ebd92ae3b2b21bf047	calibration
dominant_to_calibration	confirmatory::I1RIF1	negative	d1c6ab564afa4059f4195e330c3f3d2fa72e6c258ca03ccbdb0ec294d4b10bcb	calibration
dominant_to_calibration	confirmatory::I1S2J4	negative	d8099d9a6e5072037116379f1ab6d36424a3c9d68e54f1cf6da52ee113f73e41	evaluation
dominant_to_calibration	confirmatory::I1VC85	positive	cb76da7c30be05051ce1f155699d2676b258a7366e78419f8154c0bf41f923fa	evaluation
dominant_to_calibration	confirmatory::I3R794	negative	df5070cd63468908d7ff5dc25c50b27c1be33547707ff62e32f90f7ac877709f	calibration
dominant_to_calibration	confirmatory::I3R9Z4	negative	01981eb9e1dc067d1224d59092ffc0fe0bb45743fa25e07d6536cc2cf73ec7f4	calibration
dominant_to_calibration	confirmatory::I6YC58	negative	2bb5876ea0a1d742ad5d709c935d4748a9c391f3ac1aa3a0f0ad6b539cf2d10b	evaluation
dominant_to_calibration	confirmatory::J3KAS2	negative	29a79690eced4461016836ce36c14c380b0c4c5e3dcafb70f5238755407be04c	evaluation
dominant_to_calibration	confirmatory::J3QK54	negative	725376337385731c27c04b3295d4b5d7c66d2e8cbf129aaea87ba3f5efc0a84e	evaluation
dominant_to_calibration	confirmatory::J3RYX9	negative	e762a34e2879fb89badf3aefde610ff9d5414dd0791ef2899f47f15931593ae4	calibration
dominant_to_calibration	confirmatory::J3RZ81	negative	82e1c2f759ec8bf899994b4553b7d3cc20a8d7c5d625a051f6b6104ee4a7005f	calibration
dominant_to_calibration	confirmatory::J3SEZ3	positive	8f8877d2e6b8367c5953b1dcb91499c665ef907a72f7fe9a7473eeab367faeb4	evaluation
dominant_to_calibration	confirmatory::J4KNE4	negative	cbc703c880fe3d6ff9294b5af3500fbb8cffd2583950cd21b3bc05eb25a524ed	evaluation
dominant_to_calibration	confirmatory::J4UQC2	negative	3477fd0ea5188a4b8b43afb8d5373a322612ccc11984832ce02ea8389e95b257	evaluation
dominant_to_calibration	confirmatory::J7FQE8	negative	e18b4e5fbde76978c2080f2894717f1f991e2dfb87f46a80f37a5cab5ea38ab0	evaluation
dominant_to_calibration	confirmatory::J9VDC2	negative	eeddce577fd4e7952536661e7d6c33ee109cf23a083d203697f1e0eb1293c51d	evaluation
dominant_to_calibration	confirmatory::J9VG42	negative	3477fd0ea5188a4b8b43afb8d5373a322612ccc11984832ce02ea8389e95b257	evaluation
dominant_to_calibration	confirmatory::J9VIY8	negative	ab06cbe4f98fc855ae71a2ee407383ce3a21d7ee65ed74e2cd8eb95d1b289e43	calibration
dominant_to_calibration	confirmatory::K0KPV8	negative	ba1e0fac2515a9031daa16567997afddc289a2ecb8756ffc8f0e1753d392ede6	evaluation
dominant_to_calibration	confirmatory::L8FSM5	negative	1bb7a69c5ac8dff09d9743d7de36e3db00db59e8de64893c6df4fc99ac9601d3	evaluation
dominant_to_calibration	confirmatory::L8GD75	negative	1bb7a69c5ac8dff09d9743d7de36e3db00db59e8de64893c6df4fc99ac9601d3	evaluation
dominant_to_calibration	confirmatory::M0GNC6	negative	dccb74d38eb5e7a9f23fe80d041bb156f74f05b1c460fdc8136e9dbd7d77d278	calibration
dominant_to_calibration	confirmatory::M0HG00	negative	dccb74d38eb5e7a9f23fe80d041bb156f74f05b1c460fdc8136e9dbd7d77d278	calibration
dominant_to_calibration	confirmatory::M5AXY1	negative	c82f4a3ea808a94af9f0fd360da5430293718adb20211aa3407793363c52542d	evaluation
dominant_to_calibration	confirmatory::O00548	negative	24371bf2d6df09880740ab51a10a679536679e6846c484a18360798d6fe47647	calibration
dominant_to_calibration	confirmatory::O00743	negative	369890e1b4fdd3f4d633bc750ce4706bc6a1c2d11deb58e010bd3f44230852d0	evaluation
dominant_to_calibration	confirmatory::O01814	negative	34b41219611ac71b39f94001659d257ef301dc42fb86d0ab1b2396d000b25f11	evaluation
dominant_to_calibration	confirmatory::O02218	negative	af3e8151ef08d08d21f26d1cce1ca2ed2dedc203bc8d13dcabd9823b27fc65d9	evaluation
dominant_to_calibration	confirmatory::O02323	negative	34b41219611ac71b39f94001659d257ef301dc42fb86d0ab1b2396d000b25f11	evaluation
dominant_to_calibration	confirmatory::O02658	negative	369890e1b4fdd3f4d633bc750ce4706bc6a1c2d11deb58e010bd3f44230852d0	evaluation
dominant_to_calibration	confirmatory::O02659	negative	87d425c65ac584d5e4c581986c739f7692b2578e446bf382551a86cc21557ecd	calibration
dominant_to_calibration	confirmatory::O02772	negative	34b41219611ac71b39f94001659d257ef301dc42fb86d0ab1b2396d000b25f11	evaluation
dominant_to_calibration	confirmatory::O02853	negative	fff12e77db30d8d5054c219a61e7eadca02694fd845a38e729300f128215237b	evaluation
dominant_to_calibration	confirmatory::O04004	negative	86cc21bca61bd87e3a544b53de63d4a85a51acbb0d64b5ad6e6e2ba8aa8ab938	evaluation
dominant_to_calibration	confirmatory::O04019	negative	23d5a3bd524d30d0ed03bfe373885d5527e4035c98c411d13a9667a063013c6e	calibration
dominant_to_calibration	confirmatory::O04138	negative	0938a8862515dbebeaa25ebc523df426c8e59a1f2e258d73b025e80dfbf4d1dc	evaluation
dominant_to_calibration	confirmatory::O04403	negative	34efdb7da6465528647a3456cde08984bda0ce26aa0261df4c8efe316d3e0938	evaluation
dominant_to_calibration	confirmatory::O04404	negative	34efdb7da6465528647a3456cde08984bda0ce26aa0261df4c8efe316d3e0938	evaluation
dominant_to_calibration	confirmatory::O04529	negative	d017fd0721e73202cadd9ae3298bfac8bb3fb75187118a3bf8c61e4be5e4e8e8	evaluation
dominant_to_calibration	confirmatory::O04582	negative	75a4d4983b92c6f2d61f0da10de61a0b3695ceb2866193fa2677419ef8d5e03a	evaluation
dominant_to_calibration	confirmatory::O04951	negative	369890e1b4fdd3f4d633bc750ce4706bc6a1c2d11deb58e010bd3f44230852d0	evaluation
dominant_to_calibration	confirmatory::O05442	positive	b90e3fb6404f0c8d4e793f471d813d2bbc7d4b904188da017a787c23aa6f5dd2	evaluation
dominant_to_calibration	confirmatory::O05461	negative	2bb5876ea0a1d742ad5d709c935d4748a9c391f3ac1aa3a0f0ad6b539cf2d10b	evaluation
dominant_to_calibration	confirmatory::O06522	positive	2a14b9c6a601a71a7516b39e56d25a324683c11377131fdc1c79463aada0519a	evaluation
dominant_to_calibration	confirmatory::O06695	positive	7d499bf43651fa7ca276bd0481621d7f6e736b22f885cc7a71ad7d4a34b6d209	evaluation
dominant_to_calibration	confirmatory::O07015	negative	e90d897b8993d798d057ea32d5bf074e7ccbf48e0b32c16a67612aacc0d353d0	calibration
dominant_to_calibration	confirmatory::O07732	negative	2062e9868818b3a94a1b073a357fbba56d5c266883d4c90280526713af0333f0	evaluation
dominant_to_calibration	confirmatory::O08400	negative	ea060f244e352de2544b388f1abc1899258898681ff665dbf7303805cc505276	calibration
dominant_to_calibration	confirmatory::O08538	negative	450882407bb31af420e3fb498b86045252de225bcb0bc544cb192820b36d6e90	evaluation
dominant_to_calibration	confirmatory::O08677	negative	c286b9d2428a43eadbb1f83f16725c7832a83510929b6589bfaa691f46eb8985	calibration
dominant_to_calibration	confirmatory::O08716	negative	34b41219611ac71b39f94001659d257ef301dc42fb86d0ab1b2396d000b25f11	evaluation
dominant_to_calibration	confirmatory::O08721	negative	e1b95bb5b2d98418af04cd6abcaee2221a616a7e7b69327abdac2b834eba6f74	calibration
dominant_to_calibration	confirmatory::O08722	negative	e1b95bb5b2d98418af04cd6abcaee2221a616a7e7b69327abdac2b834eba6f74	calibration
dominant_to_calibration	confirmatory::O08747	negative	e1b95bb5b2d98418af04cd6abcaee2221a616a7e7b69327abdac2b834eba6f74	calibration
dominant_to_calibration	confirmatory::O08764	negative	f3e5c6d5116f4118b1a63715527d0f706cb7812884928e45eed377db3936c19d	evaluation
dominant_to_calibration	confirmatory::O08976	negative	f92a8e542977ec3d6dc95e8a0bde11a3a1290134ed49574133ebe628e0201670	evaluation
dominant_to_calibration	confirmatory::O09114	negative	fff12e77db30d8d5054c219a61e7eadca02694fd845a38e729300f128215237b	evaluation
dominant_to_calibration	confirmatory::O09209	negative	50208ba7185986fdc3fd1b52d79feeb7da9b4c04f65a5deb9f7cc3291aa67f87	evaluation
dominant_to_calibration	confirmatory::O09210	negative	50208ba7185986fdc3fd1b52d79feeb7da9b4c04f65a5deb9f7cc3291aa67f87	evaluation
dominant_to_calibration	confirmatory::O12956	negative	0e86e9e3943105f0c02e336cf49e66419fe7933b4a9c56997c7bb8035f3c7a0a	evaluation
dominant_to_calibration	confirmatory::O13008	negative	34b41219611ac71b39f94001659d257ef301dc42fb86d0ab1b2396d000b25f11	evaluation
dominant_to_calibration	confirmatory::O13050	negative	cd44ecfb0231fbe25976a913c1248001f954c4063e308617e008c4b65e1d218b	evaluation
dominant_to_calibration	confirmatory::O13065	negative	16ea83094b8a9f3846228c14f4dc27f1b4aac291005aa1d8eb490657405beb3e	calibration
dominant_to_calibration	confirmatory::O13359	negative	0840af6d61e535996fdac85e4931f62ffc2b0d5e510092ed0bdf24addc0a25f9	evaluation
dominant_to_calibration	confirmatory::O13765	negative	0979449cdc194fdff7dab96f55c2a10e5e5abd2d3843d67e604751e8e5fe90dd	evaluation
dominant_to_calibration	confirmatory::O14003	negative	694df2b5849b10ec08101ea2af6560538999a3c675f58d38bdfa8b4f58b573a3	calibration
dominant_to_calibration	confirmatory::O14593	negative	a02247f20abea7bec5768325bf12ee1c76fa45207989f0178a55e6c2b53e8f3e	calibration
dominant_to_calibration	confirmatory::O14773	negative	c8bc632faaa2dd7e9e07420c2893908d6cabe65710e6f1a8676bef0b20dead16	evaluation
dominant_to_calibration	confirmatory::O14830	negative	d0c8938c75402fc9c57177bd3bfe0b336c22e73c22b8cdc15342574d072a72cc	calibration
dominant_to_calibration	confirmatory::O15123	negative	450882407bb31af420e3fb498b86045252de225bcb0bc544cb192820b36d6e90	evaluation
dominant_to_calibration	confirmatory::O15381	negative	8a197d437b2ed3f57cde15631f22ea706290f01c5bf63619c8cfac5603ce0c5b	calibration
dominant_to_calibration	confirmatory::O15442	negative	954b55641f50254b0d08cce06f30e91b60b69b65b83254277a852aac2b7ed08a	evaluation
dominant_to_calibration	confirmatory::O15540	negative	34b41219611ac71b39f94001659d257ef301dc42fb86d0ab1b2396d000b25f11	evaluation
dominant_to_calibration	confirmatory::O15757	negative	369890e1b4fdd3f4d633bc750ce4706bc6a1c2d11deb58e010bd3f44230852d0	evaluation
dominant_to_calibration	confirmatory::O16168	negative	d1c6ab564afa4059f4195e330c3f3d2fa72e6c258ca03ccbdb0ec294d4b10bcb	calibration
dominant_to_calibration	confirmatory::O16169	negative	d1c6ab564afa4059f4195e330c3f3d2fa72e6c258ca03ccbdb0ec294d4b10bcb	calibration
dominant_to_calibration	confirmatory::O16170	negative	d1c6ab564afa4059f4195e330c3f3d2fa72e6c258ca03ccbdb0ec294d4b10bcb	calibration
dominant_to_calibration	confirmatory::O16172	negative	d1c6ab564afa4059f4195e330c3f3d2fa72e6c258ca03ccbdb0ec294d4b10bcb	calibration
dominant_to_calibration	confirmatory::O16173	negative	d1c6ab564afa4059f4195e330c3f3d2fa72e6c258ca03ccbdb0ec294d4b10bcb	calibration
dominant_to_calibration	confirmatory::O16299	negative	9be8126a2dbfcd7513074efb8f97e42b52a270b713971328a72dcad11b7a1f84	evaluation
dominant_to_calibration	confirmatory::O16810	negative	33f5c52e6e471059b13c83963f4154e2889ec136e6cb4250f1ae8a3f9e102f2c	evaluation
dominant_to_calibration	confirmatory::O17071	negative	23d5a3bd524d30d0ed03bfe373885d5527e4035c98c411d13a9667a063013c6e	calibration
dominant_to_calibration	confirmatory::O17798	negative	da1f730a80c0f0ed1f9303734404705fa18285380f99e8c78185dd847cf60b39	calibration
dominant_to_calibration	confirmatory::O18391	negative	d012353b488000b63419c4b307394f28ffb33f7618f863c011f8e1d74dd0c7ee	evaluation
dominant_to_calibration	confirmatory::O18413	negative	23d5a3bd524d30d0ed03bfe373885d5527e4035c98c411d13a9667a063013c6e	calibration
dominant_to_calibration	confirmatory::O18733	negative	16ea83094b8a9f3846228c14f4dc27f1b4aac291005aa1d8eb490657405beb3e	calibration
dominant_to_calibration	confirmatory::O18767	negative	24063adf61b47696a5084aad279fba23bd2d452cb3a4e2a3d0222f5c61a60eb3	evaluation
dominant_to_calibration	confirmatory::O18873	negative	5892961fd93913083308b146da1de4c67d025258b98b350e84083bba8418fbd1	calibration
dominant_to_calibration	confirmatory::O18874	negative	fb86bd7d30742f187ddd35c736c51e90b33bca62b631fa9d89bf7c07b4c846b4	calibration
dominant_to_calibration	confirmatory::O18920	negative	450882407bb31af420e3fb498b86045252de225bcb0bc544cb192820b36d6e90	evaluation
dominant_to_calibration	confirmatory::O18927	negative	16ea83094b8a9f3846228c14f4dc27f1b4aac291005aa1d8eb490657405beb3e	calibration
dominant_to_calibration	confirmatory::O19092	negative	e762a34e2879fb89badf3aefde610ff9d5414dd0791ef2899f47f15931593ae4	calibration
dominant_to_calibration	confirmatory::O19093	negative	e762a34e2879fb89badf3aefde610ff9d5414dd0791ef2899f47f15931593ae4	calibration
dominant_to_calibration	confirmatory::O19113	negative	80411b172a57342a9e6ff35099764047f561bf1337df03f29cf013ee3a7b28d0	calibration
dominant_to_calibration	confirmatory::O19183	negative	eaccb7debaadc3ca12235f53d0889fe4d708ee20342c7afff2cd364bfff58c6f	evaluation
dominant_to_calibration	confirmatory::O22833	negative	067ae74d42b596cec7582bf029fe09ab77e540f889181e76f7318d4806994969	evaluation
dominant_to_calibration	confirmatory::O22834	negative	067ae74d42b596cec7582bf029fe09ab77e540f889181e76f7318d4806994969	evaluation
dominant_to_calibration	confirmatory::O22842	negative	0938a8862515dbebeaa25ebc523df426c8e59a1f2e258d73b025e80dfbf4d1dc	evaluation
dominant_to_calibration	confirmatory::O22866	negative	eb85637eb8a3dcfa0688f0ce39ddbef7c38775a667e3c17295d08b1fe44192ff	calibration
dominant_to_calibration	confirmatory::O22975	negative	80a4a9f363a89d8ed82f93d5e47a0d470f2326e942d948577be7d51473425c16	evaluation
dominant_to_calibration	confirmatory::O22977	negative	0e4c38eb4f51a7eb91cc769f4711116524ea8b7fdc196854106f65a38ca035fd	evaluation
dominant_to_calibration	confirmatory::O23244	negative	bb6ceea07e989d80c137788cdbdfd634ab9becd492e572919974a7e2ecc7bc23	calibration
dominant_to_calibration	confirmatory::O23357	negative	0d9f327b1073890bfb36e5ee168a06ee2714bac452b116df3ae13f3e08179c5f	calibration
dominant_to_calibration	confirmatory::O23507	negative	d017fd0721e73202cadd9ae3298bfac8bb3fb75187118a3bf8c61e4be5e4e8e8	evaluation
dominant_to_calibration	confirmatory::O23758	negative	86cc21bca61bd87e3a544b53de63d4a85a51acbb0d64b5ad6e6e2ba8aa8ab938	evaluation
dominant_to_calibration	confirmatory::O23810	negative	8f8da713303fc3e9da5300981fa592399dd69f945ee35063684c899fb1bc1d27	calibration
dominant_to_calibration	confirmatory::O24037	negative	86cc21bca61bd87e3a544b53de63d4a85a51acbb0d64b5ad6e6e2ba8aa8ab938	evaluation
dominant_to_calibration	confirmatory::O24038	negative	86cc21bca61bd87e3a544b53de63d4a85a51acbb0d64b5ad6e6e2ba8aa8ab938	evaluation
dominant_to_calibration	confirmatory::O24356	negative	8f8da713303fc3e9da5300981fa592399dd69f945ee35063684c899fb1bc1d27	calibration
dominant_to_calibration	confirmatory::O24383	negative	bf30e013f16aa81ae1fa35895609c363048eab7576368053fb0f2db1dc661092	evaluation
dominant_to_calibration	confirmatory::O24384	negative	bf30e013f16aa81ae1fa35895609c363048eab7576368053fb0f2db1dc661092	evaluation
dominant_to_calibration	confirmatory::O24385	negative	bf30e013f16aa81ae1fa35895609c363048eab7576368053fb0f2db1dc661092	evaluation
dominant_to_calibration	confirmatory::O24386	negative	bf30e013f16aa81ae1fa35895609c363048eab7576368053fb0f2db1dc661092	evaluation
dominant_to_calibration	confirmatory::O24387	negative	bf30e013f16aa81ae1fa35895609c363048eab7576368053fb0f2db1dc661092	evaluation
dominant_to_calibration	confirmatory::O24418	negative	86cc21bca61bd87e3a544b53de63d4a85a51acbb0d64b5ad6e6e2ba8aa8ab938	evaluation
dominant_to_calibration	confirmatory::O24598	negative	4b9e7bea9ce8ee8ae94698ef8499017333c8e1e95a44680dba3be60d8618dc01	calibration
dominant_to_calibration	confirmatory::O24603	negative	0938a8862515dbebeaa25ebc523df426c8e59a1f2e258d73b025e80dfbf4d1dc	evaluation
dominant_to_calibration	confirmatory::O24658	negative	4b9e7bea9ce8ee8ae94698ef8499017333c8e1e95a44680dba3be60d8618dc01	calibration
dominant_to_calibration	confirmatory::O30334	negative	ea060f244e352de2544b388f1abc1899258898681ff665dbf7303805cc505276	calibration
dominant_to_calibration	confirmatory::O31147	negative	6575fe00f3ccdc3a9bcd22237c35b4067cd150571930ca1e7aa9a8e6117d5536	calibration
dominant_to_calibration	confirmatory::O31266	negative	ef81fa00400c2b295de867cb432031e24b524dc8f4bc0e2bcda0f1a491074edf	calibration
dominant_to_calibration	confirmatory::O31398	negative	da7151ae8b9b760a4109904339949a8f9d7a9e97b9d3b9c9ff29d7236ddc2616	evaluation
dominant_to_calibration	confirmatory::O31614	negative	5b546e23fc0afdde29a7adae28d3691cb243db3820d1154a8c53d9105b02f0e5	evaluation
dominant_to_calibration	confirmatory::O31788	negative	5a224f6622dee7bac056348d00e500fc1065e38c60b5aa306a892695160d882e	evaluation
dominant_to_calibration	confirmatory::O32322	positive	d07222358f2606083089380f510ed2a6264347f3443787af36d981811c551ba9	evaluation
dominant_to_calibration	confirmatory::O32449	negative	87480a95a88b6b578d03758154256fdbdbb2e3418af2f8712b57ff0c18f5edc1	calibration
dominant_to_calibration	confirmatory::O33680	negative	2685ac5e9c3442645f03a65b92530e7060d9cfb234238234c495a0a95d5a3e40	calibration
dominant_to_calibration	confirmatory::O34163	positive	e4749c77524e3476f32dc11a5e4dd452320a6c3d52aba97fe097e0407c8bad63	evaluation
dominant_to_calibration	confirmatory::O34330	positive	1b411a2550c590bbf93d305d01c04f9fac1143e2fe62a715fa1e69a44ed7be32	evaluation
dominant_to_calibration	confirmatory::O34344	positive	d63bb1e81014b5471cceae4cac2fbbb0698fd11b88f7ad4ac8aeb496d6ee69a1	evaluation
dominant_to_calibration	confirmatory::O34870	negative	2638457baf9d7039c2e676d664a57fc930a42dc5e5fd5a210f7e40098872d0fb	calibration
dominant_to_calibration	confirmatory::O35119	negative	0fe83d4abf1ce610ad84586dd4d5c46c21bd9db4885afb3ef6d6ab2b95befab2	evaluation
dominant_to_calibration	confirmatory::O35385	negative	d0c8938c75402fc9c57177bd3bfe0b336c22e73c22b8cdc15342574d072a72cc	calibration
dominant_to_calibration	confirmatory::O35433	negative	36dec6c60a72d94ff56ec694716245de514abc69b61f3fd1ef27385953643515	evaluation
dominant_to_calibration	confirmatory::O35460	negative	450882407bb31af420e3fb498b86045252de225bcb0bc544cb192820b36d6e90	evaluation
dominant_to_calibration	confirmatory::O35462	negative	450882407bb31af420e3fb498b86045252de225bcb0bc544cb192820b36d6e90	evaluation
dominant_to_calibration	confirmatory::O35548	negative	24063adf61b47696a5084aad279fba23bd2d452cb3a4e2a3d0222f5c61a60eb3	evaluation
dominant_to_calibration	confirmatory::O35679	negative	3e16de24ba7ef3afc3657d7c3ad20a74aacd37216bdb9be6736376443b010e65	calibration
dominant_to_calibration	confirmatory::O42143	negative	0e86e9e3943105f0c02e336cf49e66419fe7933b4a9c56997c7bb8035f3c7a0a	evaluation
dominant_to_calibration	confirmatory::O42144	negative	0e86e9e3943105f0c02e336cf49e66419fe7933b4a9c56997c7bb8035f3c7a0a	evaluation
dominant_to_calibration	confirmatory::O42386	negative	34b41219611ac71b39f94001659d257ef301dc42fb86d0ab1b2396d000b25f11	evaluation
dominant_to_calibration	confirmatory::O42773	negative	369890e1b4fdd3f4d633bc750ce4706bc6a1c2d11deb58e010bd3f44230852d0	evaluation
dominant_to_calibration	confirmatory::O43078	negative	9be8126a2dbfcd7513074efb8f97e42b52a270b713971328a72dcad11b7a1f84	evaluation
dominant_to_calibration	confirmatory::O43086	negative	787e9f6d47616f003fdecddbc542fef94921eb6caa4f6030e313bf11016a0354	evaluation
dominant_to_calibration	confirmatory::O43827	negative	450882407bb31af420e3fb498b86045252de225bcb0bc544cb192820b36d6e90	evaluation
dominant_to_calibration	confirmatory::O43854	negative	67b28ba5e81d277aab432e8590ea0314688bb8591ebef3ca06a6935723ff3652	evaluation
dominant_to_calibration	confirmatory::O43915	negative	0dd93ec998989de91ffa9cd72b23a1778b67e69138f650b7299641bbfde52515	calibration
dominant_to_calibration	confirmatory::O44836	negative	c88eb95ec9ccdb006699bce804ff0f69e0f5640fa733717abe7e00938ce23e68	calibration
dominant_to_calibration	confirmatory::O44952	negative	6575fe00f3ccdc3a9bcd22237c35b4067cd150571930ca1e7aa9a8e6117d5536	calibration
dominant_to_calibration	confirmatory::O45035	negative	34b41219611ac71b39f94001659d257ef301dc42fb86d0ab1b2396d000b25f11	evaluation
dominant_to_calibration	confirmatory::O45824	negative	b71252be500c0e28223b8b6ea41a2882cbaf804efcfd6ff383061d4b12a2b634	evaluation
dominant_to_calibration	confirmatory::O46197	negative	9984bf5454fe4ec8ca4cdbf831279bf8ca108f742669ce2a682f49f496ce9fba	evaluation
dominant_to_calibration	confirmatory::O46482	negative	cd44ecfb0231fbe25976a913c1248001f954c4063e308617e008c4b65e1d218b	evaluation
dominant_to_calibration	confirmatory::O46483	negative	cd44ecfb0231fbe25976a913c1248001f954c4063e308617e008c4b65e1d218b	evaluation
dominant_to_calibration	confirmatory::O46559	negative	82e1c2f759ec8bf899994b4553b7d3cc20a8d7c5d625a051f6b6104ee4a7005f	calibration
dominant_to_calibration	confirmatory::O46641	negative	cd44ecfb0231fbe25976a913c1248001f954c4063e308617e008c4b65e1d218b	evaluation
dominant_to_calibration	confirmatory::O46647	negative	82e1c2f759ec8bf899994b4553b7d3cc20a8d7c5d625a051f6b6104ee4a7005f	calibration
dominant_to_calibration	confirmatory::O48840	negative	bb6ceea07e989d80c137788cdbdfd634ab9becd492e572919974a7e2ecc7bc23	calibration
dominant_to_calibration	confirmatory::O49607	negative	0d9f327b1073890bfb36e5ee168a06ee2714bac452b116df3ae13f3e08179c5f	calibration
dominant_to_calibration	confirmatory::O50202	negative	5971e37049a5aa9cb39d3f93eb42978fd30f68cf207e961d7841bb2ef3ff45c3	calibration
dominant_to_calibration	confirmatory::O51632	negative	c7a514c2129823dbb739d4ae0471bba2a14600c84d3eb11cd75dad83f6d1ea1f	calibration
dominant_to_calibration	confirmatory::O52866	negative	4a62e7f94dfbc4e1bedcdb988870d4d29f8355d925a2511e39c673e0cc818f78	calibration
dominant_to_calibration	confirmatory::O53945	negative	2bb5876ea0a1d742ad5d709c935d4748a9c391f3ac1aa3a0f0ad6b539cf2d10b	evaluation
dominant_to_calibration	confirmatory::O54418	negative	ea060f244e352de2544b388f1abc1899258898681ff665dbf7303805cc505276	calibration
dominant_to_calibration	confirmatory::O54420	negative	ea060f244e352de2544b388f1abc1899258898681ff665dbf7303805cc505276	calibration
dominant_to_calibration	confirmatory::O54732	negative	24063adf61b47696a5084aad279fba23bd2d452cb3a4e2a3d0222f5c61a60eb3	evaluation
dominant_to_calibration	confirmatory::O55123	negative	24063adf61b47696a5084aad279fba23bd2d452cb3a4e2a3d0222f5c61a60eb3	evaluation
dominant_to_calibration	confirmatory::O55761	negative	07fe2ba59a0b885f240222ad8e6cbb3db5fd555ab8d91d1bc8fff1df7efce37f	evaluation
dominant_to_calibration	confirmatory::O57340	negative	cd44ecfb0231fbe25976a913c1248001f954c4063e308617e008c4b65e1d218b	evaluation
dominant_to_calibration	confirmatory::O57409	negative	24371bf2d6df09880740ab51a10a679536679e6846c484a18360798d6fe47647	calibration
dominant_to_calibration	confirmatory::O60062	negative	ab06cbe4f98fc855ae71a2ee407383ce3a21d7ee65ed74e2cd8eb95d1b289e43	calibration
dominant_to_calibration	confirmatory::O60182	negative	59f534d535cbf0e6b4356635efdba10890d111828d268b13a376c2e52be63817	calibration
dominant_to_calibration	confirmatory::O60676	negative	e762a34e2879fb89badf3aefde610ff9d5414dd0791ef2899f47f15931593ae4	calibration
dominant_to_calibration	confirmatory::O60733	negative	2c2ac0bbe87e72c41fb41c6217db355c37c4619415db084ca3be9e656b7a09db	calibration
dominant_to_calibration	confirmatory::O60882	negative	24063adf61b47696a5084aad279fba23bd2d452cb3a4e2a3d0222f5c61a60eb3	evaluation
dominant_to_calibration	confirmatory::O61142	negative	8e5a796ba82885cd75cc418837f05303b492fb3ec6b59865c2d21255824472b0	evaluation
dominant_to_calibration	confirmatory::O61577	negative	794a155dc5d6a4333e7c3f64f71a96bc7d6cff28650fa8bcc5d70a3932053113	calibration
dominant_to_calibration	confirmatory::O62247	negative	99b9a25013110c306dd2c7cf0ef62c60f5994a4bea773435d3dcba8878e3cf9a	evaluation
dominant_to_calibration	confirmatory::O62589	negative	d795e79190a310d4cdbe4db2a72d3882e6f12a2c1cee19c311ac699381bfd6e8	evaluation
dominant_to_calibration	confirmatory::O62725	negative	eaccb7debaadc3ca12235f53d0889fe4d708ee20342c7afff2cd364bfff58c6f	evaluation
dominant_to_calibration	confirmatory::O62806	negative	16ea83094b8a9f3846228c14f4dc27f1b4aac291005aa1d8eb490657405beb3e	calibration
dominant_to_calibration	confirmatory::O64481	negative	0d9f327b1073890bfb36e5ee168a06ee2714bac452b116df3ae13f3e08179c5f	calibration
dominant_to_calibration	confirmatory::O64495	negative	0d9f327b1073890bfb36e5ee168a06ee2714bac452b116df3ae13f3e08179c5f	calibration
dominant_to_calibration	confirmatory::O64948	negative	6575fe00f3ccdc3a9bcd22237c35b4067cd150571930ca1e7aa9a8e6117d5536	calibration
dominant_to_calibration	confirmatory::O65351	negative	0d9f327b1073890bfb36e5ee168a06ee2714bac452b116df3ae13f3e08179c5f	calibration
dominant_to_calibration	confirmatory::O65888	negative	c908a35d9708a58f7286e336d11340179e7ae80e312b7fece873ae1aac005e23	evaluation
dominant_to_calibration	confirmatory::O67327	negative	623f3f0445ba3d68f7f0b01360d57379b68a4bd25c5f902822b41b66dfcdfc89	evaluation
dominant_to_calibration	confirmatory::O68640	negative	dccb74d38eb5e7a9f23fe80d041bb156f74f05b1c460fdc8136e9dbd7d77d278	calibration
dominant_to_calibration	confirmatory::O70138	negative	24063adf61b47696a5084aad279fba23bd2d452cb3a4e2a3d0222f5c61a60eb3	evaluation
dominant_to_calibration	confirmatory::O70156	negative	55ddb3dd17da1cb3ae6ed5aa5ab62a50e2f5afdd8477f9c0f808349986102bb6	evaluation
dominant_to_calibration	confirmatory::O70159	negative	8aca6cf56151161615270e0611bfb487352bac7e999974bcc690200b9c87952d	evaluation
dominant_to_calibration	confirmatory::O70176	negative	9d2bb9c0ec111008855c185d034a9f835f297b67d775b83c19cacc5a83480fca	calibration
dominant_to_calibration	confirmatory::O73630	negative	a57533e38099ea960ab1f9d4350d4e3eb6a919a313090b8648660eab8a5859d5	calibration
dominant_to_calibration	confirmatory::O73824	negative	cd44ecfb0231fbe25976a913c1248001f954c4063e308617e008c4b65e1d218b	evaluation
dominant_to_calibration	confirmatory::O74205	negative	0d3efe270b38b530a1b72e2e4e69ea9b829387d3d6778c12943eccd15f5b2def	evaluation
dominant_to_calibration	confirmatory::O74430	negative	d291e2f780ccae734f1044ab8a8bdd51fabac2c2899aa59af35fb22c772d8b01	evaluation
dominant_to_calibration	confirmatory::O74789	negative	369890e1b4fdd3f4d633bc750ce4706bc6a1c2d11deb58e010bd3f44230852d0	evaluation
dominant_to_calibration	confirmatory::O75351	negative	12099ebff3efead5c06a18a835e5239edabab4ca79c6c9ba0c916ef443726217	evaluation
dominant_to_calibration	confirmatory::O75449	negative	794a155dc5d6a4333e7c3f64f71a96bc7d6cff28650fa8bcc5d70a3932053113	calibration
dominant_to_calibration	confirmatory::O75534	negative	e9de1a2f7cb129c07a0f04ae08efba495b6b821d03abf1fa01ce52ae6c31c28f	calibration
dominant_to_calibration	confirmatory::O75832	negative	c41d4630e15f544ec84135758669bfdc604402cb0e775eafe26b38f9a53a251e	calibration
dominant_to_calibration	confirmatory::O75891	negative	931ab9bceb3d00092439c252651cf7642dfe2c2e50cfc6cb076f40a5ad76ebfe	calibration
dominant_to_calibration	confirmatory::O75900	negative	61b39f63f5f0f157c53fe0321d338a214666853888c56aa923f9a139aac84b72	calibration
dominant_to_calibration	confirmatory::O76096	negative	e762a34e2879fb89badf3aefde610ff9d5414dd0791ef2899f47f15931593ae4	calibration
dominant_to_calibration	confirmatory::O76821	negative	34b41219611ac71b39f94001659d257ef301dc42fb86d0ab1b2396d000b25f11	evaluation
dominant_to_calibration	confirmatory::O76932	negative	369890e1b4fdd3f4d633bc750ce4706bc6a1c2d11deb58e010bd3f44230852d0	evaluation
dominant_to_calibration	confirmatory::O77656	negative	16ea83094b8a9f3846228c14f4dc27f1b4aac291005aa1d8eb490657405beb3e	calibration
dominant_to_calibration	confirmatory::O77802	negative	450882407bb31af420e3fb498b86045252de225bcb0bc544cb192820b36d6e90	evaluation
dominant_to_calibration	confirmatory::O77805	negative	cd44ecfb0231fbe25976a913c1248001f954c4063e308617e008c4b65e1d218b	evaluation
dominant_to_calibration	confirmatory::O77835	negative	cd44ecfb0231fbe25976a913c1248001f954c4063e308617e008c4b65e1d218b	evaluation
dominant_to_calibration	confirmatory::O80860	negative	b587bef3e5d94148fb6edeb8462e56d2a1573d0e113db913c44f4bfefa67c9fa	evaluation
dominant_to_calibration	confirmatory::O80983	negative	eab0d72e0d04bae4dd854288f82011226cc01b607738962e2ac63f8fe4d28af8	evaluation
dominant_to_calibration	confirmatory::O82711	negative	7cfc083fd4b244bc8c957330ce9e6b1720e1683808f7eaaa0da9e0bb5575cae7	calibration
dominant_to_calibration	confirmatory::O82733	negative	369890e1b4fdd3f4d633bc750ce4706bc6a1c2d11deb58e010bd3f44230852d0	evaluation
dominant_to_calibration	confirmatory::O82734	negative	369890e1b4fdd3f4d633bc750ce4706bc6a1c2d11deb58e010bd3f44230852d0	evaluation
dominant_to_calibration	confirmatory::O82777	negative	0d9f327b1073890bfb36e5ee168a06ee2714bac452b116df3ae13f3e08179c5f	calibration
dominant_to_calibration	confirmatory::O84467	negative	11c13a19e1113e2799b867ab10fbad38974c130093a480c4b20e8429bd440374	calibration
dominant_to_calibration	confirmatory::O84616	positive	769093b27cf88ee7bebaf52f38d66313b9825671de5a3dc93a978dde0e193bce	evaluation
dominant_to_calibration	confirmatory::O86507	negative	ea060f244e352de2544b388f1abc1899258898681ff665dbf7303805cc505276	calibration
dominant_to_calibration	confirmatory::O86508	negative	ea060f244e352de2544b388f1abc1899258898681ff665dbf7303805cc505276	calibration
dominant_to_calibration	confirmatory::O87400	negative	ea060f244e352de2544b388f1abc1899258898681ff665dbf7303805cc505276	calibration
dominant_to_calibration	confirmatory::O88200	negative	a134fb2184700f02c8a5ecc9f7c0b542e3a7daa6387f1fecb93ca9df5aabd420	evaluation
dominant_to_calibration	confirmatory::O88310	negative	65ee5a678e3df03b66915068a451d63c9cf38bf313f16c4cae674fd4276713a9	evaluation
dominant_to_calibration	confirmatory::O88354	negative	82e1c2f759ec8bf899994b4553b7d3cc20a8d7c5d625a051f6b6104ee4a7005f	calibration
dominant_to_calibration	confirmatory::O88516	negative	24371bf2d6df09880740ab51a10a679536679e6846c484a18360798d6fe47647	calibration
dominant_to_calibration	confirmatory::O88671	negative	24371bf2d6df09880740ab51a10a679536679e6846c484a18360798d6fe47647	calibration
dominant_to_calibration	confirmatory::O88676	negative	61b39f63f5f0f157c53fe0321d338a214666853888c56aa923f9a139aac84b72	calibration
dominant_to_calibration	confirmatory::O88685	negative	23d5a3bd524d30d0ed03bfe373885d5527e4035c98c411d13a9667a063013c6e	calibration
dominant_to_calibration	confirmatory::O88713	negative	6b527846c5b7ff6125fe5b7ef3735a2e49461d375651dbafe25d3c3221f21427	evaluation
dominant_to_calibration	confirmatory::O88766	negative	24063adf61b47696a5084aad279fba23bd2d452cb3a4e2a3d0222f5c61a60eb3	evaluation
dominant_to_calibration	confirmatory::O88967	negative	6aabea4e103b9af36881174afb442574930392a3fae20d0fb888388c16d5e046	evaluation
dominant_to_calibration	confirmatory::O88969	negative	e762a34e2879fb89badf3aefde610ff9d5414dd0791ef2899f47f15931593ae4	calibration
dominant_to_calibration	confirmatory::O89023	negative	c8bc632faaa2dd7e9e07420c2893908d6cabe65710e6f1a8676bef0b20dead16	evaluation
dominant_to_calibration	confirmatory::O89098	negative	e762a34e2879fb89badf3aefde610ff9d5414dd0791ef2899f47f15931593ae4	calibration
dominant_to_calibration	confirmatory::O89103	negative	9c42a4d7631974118801fa0fb65aef4231fc3b42e1affbced544cb057191d1c2	calibration
dominant_to_calibration	confirmatory::O93390	negative	9f0d0cc0eeb47aec102bb846e184928d26abe3ecb8a62ebc0b78f49871b04459	evaluation
dominant_to_calibration	confirmatory::O93470	negative	d498470a61783f09b7f843ca3a7c66a02ba48e4ab1c44629ca47394b33753185	calibration
dominant_to_calibration	confirmatory::O94449	negative	694df2b5849b10ec08101ea2af6560538999a3c675f58d38bdfa8b4f58b573a3	calibration
dominant_to_calibration	confirmatory::O94493	negative	3acb906c96b692236616cc3009c653767c3b556c5dfb67aabe445edfa7a5e8f5	evaluation
dominant_to_calibration	confirmatory::O95185	negative	e1b95bb5b2d98418af04cd6abcaee2221a616a7e7b69327abdac2b834eba6f74	calibration
dominant_to_calibration	confirmatory::O95388	negative	80411b172a57342a9e6ff35099764047f561bf1337df03f29cf013ee3a7b28d0	calibration
dominant_to_calibration	confirmatory::O95389	negative	80411b172a57342a9e6ff35099764047f561bf1337df03f29cf013ee3a7b28d0	calibration
dominant_to_calibration	confirmatory::O95841	negative	450882407bb31af420e3fb498b86045252de225bcb0bc544cb192820b36d6e90	evaluation
dominant_to_calibration	confirmatory::O97788	negative	34b41219611ac71b39f94001659d257ef301dc42fb86d0ab1b2396d000b25f11	evaluation
dominant_to_calibration	confirmatory::O97862	negative	e762a34e2879fb89badf3aefde610ff9d5414dd0791ef2899f47f15931593ae4	calibration
dominant_to_calibration	confirmatory::O97921	negative	fff12e77db30d8d5054c219a61e7eadca02694fd845a38e729300f128215237b	evaluation
dominant_to_calibration	confirmatory::O97937	negative	82ba2784f1f8c5c50742e13d650c40e1693ecd41f5e2dbe7f1afccb645a66a72	calibration
dominant_to_calibration	confirmatory::P00588	positive	1caaf82bfa989dfbd21e94f703cacefd07e2ebfb024de0594bea6471c21d8fe5	evaluation
dominant_to_calibration	confirmatory::P00739	negative	f31f934f123b8eb5e7b55919d21a17ee0061501c26e26a51565ecb85805bc123	calibration
dominant_to_calibration	confirmatory::P00751	negative	bc915c1c28ec405395a99c2ecfb7d27da28c273f79648ff3c9d1f724acfa6d1b	calibration
dominant_to_calibration	confirmatory::P00781	negative	1bb7a69c5ac8dff09d9743d7de36e3db00db59e8de64893c6df4fc99ac9601d3	evaluation
dominant_to_calibration	confirmatory::P01013	negative	057b3edc0fe8d2ae60665eefd3e06401ee7534504c8166be0b44751ef72be6a7	calibration
dominant_to_calibration	confirmatory::P01015	negative	34f3ebf727ba6962d09c497f53fa9a083064002a8920c85a4d004e89f0a534ef	evaluation
dominant_to_calibration	confirmatory::P01017	negative	34f3ebf727ba6962d09c497f53fa9a083064002a8920c85a4d004e89f0a534ef	evaluation
dominant_to_calibration	confirmatory::P01019	negative	34f3ebf727ba6962d09c497f53fa9a083064002a8920c85a4d004e89f0a534ef	evaluation
dominant_to_calibration	confirmatory::P01034	negative	e762a34e2879fb89badf3aefde610ff9d5414dd0791ef2899f47f15931593ae4	calibration
dominant_to_calibration	confirmatory::P01036	negative	e762a34e2879fb89badf3aefde610ff9d5414dd0791ef2899f47f15931593ae4	calibration
dominant_to_calibration	confirmatory::P01037	negative	e762a34e2879fb89badf3aefde610ff9d5414dd0791ef2899f47f15931593ae4	calibration
dominant_to_calibration	confirmatory::P01038	negative	e762a34e2879fb89badf3aefde610ff9d5414dd0791ef2899f47f15931593ae4	calibration
dominant_to_calibration	confirmatory::P01039	negative	e18b4e5fbde76978c2080f2894717f1f991e2dfb87f46a80f37a5cab5ea38ab0	evaluation
dominant_to_calibration	confirmatory::P01042	negative	c286b9d2428a43eadbb1f83f16725c7832a83510929b6589bfaa691f46eb8985	calibration
dominant_to_calibration	confirmatory::P01044	negative	c286b9d2428a43eadbb1f83f16725c7832a83510929b6589bfaa691f46eb8985	calibration
dominant_to_calibration	confirmatory::P01045	negative	c286b9d2428a43eadbb1f83f16725c7832a83510929b6589bfaa691f46eb8985	calibration
dominant_to_calibration	confirmatory::P01048	negative	c286b9d2428a43eadbb1f83f16725c7832a83510929b6589bfaa691f46eb8985	calibration
dominant_to_calibration	confirmatory::P01050	positive	10d915feff9460e73bd806263f31a4343e488ee6ea1def28c82de0e36e675190	evaluation
dominant_to_calibration	confirmatory::P01070	negative	91bd60dabb882867c24e7bc1c3c50d5e623a99ff781af028e7ff380940a7501d	evaluation
dominant_to_calibration	confirmatory::P01071	negative	91bd60dabb882867c24e7bc1c3c50d5e623a99ff781af028e7ff380940a7501d	evaluation
dominant_to_calibration	confirmatory::P01074	negative	b7762ce85918a621bc4bf4c4e7657779c885d02f6b53a465f4762637db65c059	calibration
dominant_to_calibration	confirmatory::P01084	negative	35d13a1cc289640836024acc83c845fde380e96b1cf0d8530255ece3e5c4db55	calibration
dominant_to_calibration	confirmatory::P01086	negative	f7a616fde5389141c0e4c34abab3803332ab61f9588c2aa0912a794e89fe69e4	calibration
dominant_to_calibration	confirmatory::P01087	negative	f7a616fde5389141c0e4c34abab3803332ab61f9588c2aa0912a794e89fe69e4	calibration
dominant_to_calibration	confirmatory::P01088	negative	f7a616fde5389141c0e4c34abab3803332ab61f9588c2aa0912a794e89fe69e4	calibration
dominant_to_calibration	confirmatory::P01089	negative	50ffa758a8b300d04a81904e7968cc57e1538b9b5e77ae55126bfd7dd548bda5	calibration
dominant_to_calibration	confirmatory::P01090	negative	8f20d0c6980ead1e360a848d002432fd7be75037bb37add933645c20185679c7	evaluation
dominant_to_calibration	confirmatory::P01091	negative	8f20d0c6980ead1e360a848d002432fd7be75037bb37add933645c20185679c7	evaluation
dominant_to_calibration	confirmatory::P01128	negative	2ce198fad98f14e4c4b8a256c59fcb869aedf9d88f10faac7815fcadcfa4fcaf	calibration
dominant_to_calibration	confirmatory::P01129	negative	cbc703c880fe3d6ff9294b5af3500fbb8cffd2583950cd21b3bc05eb25a524ed	evaluation
dominant_to_calibration	confirmatory::P01160	negative	08528be7fd341aa6992306d6cc2dcd129232b8b4cd83081db737fc35b1f465a3	evaluation
dominant_to_calibration	confirmatory::P01161	negative	08528be7fd341aa6992306d6cc2dcd129232b8b4cd83081db737fc35b1f465a3	evaluation
dominant_to_calibration	confirmatory::P01222	negative	cd44ecfb0231fbe25976a913c1248001f954c4063e308617e008c4b65e1d218b	evaluation
dominant_to_calibration	confirmatory::P01224	negative	cd44ecfb0231fbe25976a913c1248001f954c4063e308617e008c4b65e1d218b	evaluation
dominant_to_calibration	confirmatory::P01225	negative	cd44ecfb0231fbe25976a913c1248001f954c4063e308617e008c4b65e1d218b	evaluation
dominant_to_calibration	confirmatory::P01226	negative	cd44ecfb0231fbe25976a913c1248001f954c4063e308617e008c4b65e1d218b	evaluation
dominant_to_calibration	confirmatory::P01227	negative	cd44ecfb0231fbe25976a913c1248001f954c4063e308617e008c4b65e1d218b	evaluation
dominant_to_calibration	confirmatory::P01228	negative	cd44ecfb0231fbe25976a913c1248001f954c4063e308617e008c4b65e1d218b	evaluation
dominant_to_calibration	confirmatory::P01229	negative	cd44ecfb0231fbe25976a913c1248001f954c4063e308617e008c4b65e1d218b	evaluation
dominant_to_calibration	confirmatory::P01230	negative	cd44ecfb0231fbe25976a913c1248001f954c4063e308617e008c4b65e1d218b	evaluation
dominant_to_calibration	confirmatory::P01231	negative	cd44ecfb0231fbe25976a913c1248001f954c4063e308617e008c4b65e1d218b	evaluation
dominant_to_calibration	confirmatory::P01232	negative	cd44ecfb0231fbe25976a913c1248001f954c4063e308617e008c4b65e1d218b	evaluation
dominant_to_calibration	confirmatory::P01235	negative	cd44ecfb0231fbe25976a913c1248001f954c4063e308617e008c4b65e1d218b	evaluation
dominant_to_calibration	confirmatory::P01272	negative	0e86e9e3943105f0c02e336cf49e66419fe7933b4a9c56997c7bb8035f3c7a0a	evaluation
dominant_to_calibration	confirmatory::P01273	negative	0e86e9e3943105f0c02e336cf49e66419fe7933b4a9c56997c7bb8035f3c7a0a	evaluation
dominant_to_calibration	confirmatory::P01274	negative	0e86e9e3943105f0c02e336cf49e66419fe7933b4a9c56997c7bb8035f3c7a0a	evaluation
dominant_to_calibration	confirmatory::P01275	negative	0e86e9e3943105f0c02e336cf49e66419fe7933b4a9c56997c7bb8035f3c7a0a	evaluation
dominant_to_calibration	confirmatory::P01278	negative	0e86e9e3943105f0c02e336cf49e66419fe7933b4a9c56997c7bb8035f3c7a0a	evaluation
dominant_to_calibration	confirmatory::P01280	negative	2f6765a2a89871a6eb92d3007f7c1b382fd5307197640e9907ad0db6980fd8ae	calibration
dominant_to_calibration	confirmatory::P01281	negative	1266174c120eff8e5214e2b55ed12604c60139466c562171145fa9d0b0892018	calibration
dominant_to_calibration	confirmatory::P01284	negative	9d2bb9c0ec111008855c185d034a9f835f297b67d775b83c19cacc5a83480fca	calibration
dominant_to_calibration	confirmatory::P01286	negative	f2b677e2fd5321ab024cef21588963d9a8417a4e14d4be31ef1166114f89d64f	evaluation
dominant_to_calibration	confirmatory::P01287	negative	f2b677e2fd5321ab024cef21588963d9a8417a4e14d4be31ef1166114f89d64f	evaluation
dominant_to_calibration	confirmatory::P01298	negative	55927c04e923f511084010cf0858f6d88c365ae75b99c08d7e94a4aea9cd3a91	evaluation
dominant_to_calibration	confirmatory::P01299	negative	55927c04e923f511084010cf0858f6d88c365ae75b99c08d7e94a4aea9cd3a91	evaluation
dominant_to_calibration	confirmatory::P01300	negative	55927c04e923f511084010cf0858f6d88c365ae75b99c08d7e94a4aea9cd3a91	evaluation
dominant_to_calibration	confirmatory::P01301	negative	55927c04e923f511084010cf0858f6d88c365ae75b99c08d7e94a4aea9cd3a91	evaluation
dominant_to_calibration	confirmatory::P01302	negative	55927c04e923f511084010cf0858f6d88c365ae75b99c08d7e94a4aea9cd3a91	evaluation
dominant_to_calibration	confirmatory::P01304	negative	55927c04e923f511084010cf0858f6d88c365ae75b99c08d7e94a4aea9cd3a91	evaluation
dominant_to_calibration	confirmatory::P01308	negative	2ca3559869bf73bf1369b0778046227fe36990704ef03e92e809601ac40ebe65	evaluation
dominant_to_calibration	confirmatory::P01310	negative	2ca3559869bf73bf1369b0778046227fe36990704ef03e92e809601ac40ebe65	evaluation
dominant_to_calibration	confirmatory::P01311	negative	2ca3559869bf73bf1369b0778046227fe36990704ef03e92e809601ac40ebe65	evaluation
dominant_to_calibration	confirmatory::P01313	negative	2ca3559869bf73bf1369b0778046227fe36990704ef03e92e809601ac40ebe65	evaluation
dominant_to_calibration	confirmatory::P01314	negative	2ca3559869bf73bf1369b0778046227fe36990704ef03e92e809601ac40ebe65	evaluation
dominant_to_calibration	confirmatory::P01315	negative	2ca3559869bf73bf1369b0778046227fe36990704ef03e92e809601ac40ebe65	evaluation
dominant_to_calibration	confirmatory::P01316	negative	2ca3559869bf73bf1369b0778046227fe36990704ef03e92e809601ac40ebe65	evaluation
dominant_to_calibration	confirmatory::P01317	negative	2ca3559869bf73bf1369b0778046227fe36990704ef03e92e809601ac40ebe65	evaluation
dominant_to_calibration	confirmatory::P01318	negative	2ca3559869bf73bf1369b0778046227fe36990704ef03e92e809601ac40ebe65	evaluation
dominant_to_calibration	confirmatory::P01319	negative	2ca3559869bf73bf1369b0778046227fe36990704ef03e92e809601ac40ebe65	evaluation
dominant_to_calibration	confirmatory::P01320	negative	2ca3559869bf73bf1369b0778046227fe36990704ef03e92e809601ac40ebe65	evaluation
dominant_to_calibration	confirmatory::P01322	negative	2ca3559869bf73bf1369b0778046227fe36990704ef03e92e809601ac40ebe65	evaluation
dominant_to_calibration	confirmatory::P01323	negative	2ca3559869bf73bf1369b0778046227fe36990704ef03e92e809601ac40ebe65	evaluation
dominant_to_calibration	confirmatory::P01324	negative	2ca3559869bf73bf1369b0778046227fe36990704ef03e92e809601ac40ebe65	evaluation
dominant_to_calibration	confirmatory::P01325	negative	2ca3559869bf73bf1369b0778046227fe36990704ef03e92e809601ac40ebe65	evaluation
dominant_to_calibration	confirmatory::P01326	negative	2ca3559869bf73bf1369b0778046227fe36990704ef03e92e809601ac40ebe65	evaluation
dominant_to_calibration	confirmatory::P01327	negative	2ca3559869bf73bf1369b0778046227fe36990704ef03e92e809601ac40ebe65	evaluation
dominant_to_calibration	confirmatory::P01329	negative	2ca3559869bf73bf1369b0778046227fe36990704ef03e92e809601ac40ebe65	evaluation
dominant_to_calibration	confirmatory::P01330	negative	2ca3559869bf73bf1369b0778046227fe36990704ef03e92e809601ac40ebe65	evaluation
dominant_to_calibration	confirmatory::P01331	negative	2ca3559869bf73bf1369b0778046227fe36990704ef03e92e809601ac40ebe65	evaluation
dominant_to_calibration	confirmatory::P01333	negative	2ca3559869bf73bf1369b0778046227fe36990704ef03e92e809601ac40ebe65	evaluation
dominant_to_calibration	confirmatory::P01334	negative	2ca3559869bf73bf1369b0778046227fe36990704ef03e92e809601ac40ebe65	evaluation
dominant_to_calibration	confirmatory::P01338	negative	2ca3559869bf73bf1369b0778046227fe36990704ef03e92e809601ac40ebe65	evaluation
dominant_to_calibration	confirmatory::P01339	negative	2ca3559869bf73bf1369b0778046227fe36990704ef03e92e809601ac40ebe65	evaluation
dominant_to_calibration	confirmatory::P01340	negative	2ca3559869bf73bf1369b0778046227fe36990704ef03e92e809601ac40ebe65	evaluation
dominant_to_calibration	confirmatory::P01342	negative	2ca3559869bf73bf1369b0778046227fe36990704ef03e92e809601ac40ebe65	evaluation
dominant_to_calibration	confirmatory::P01344	negative	22908ea1541a1b07146f2bd28daaa95ec311bcc862f3182fe7289c27fc0bc4d0	evaluation
dominant_to_calibration	confirmatory::P01346	negative	22908ea1541a1b07146f2bd28daaa95ec311bcc862f3182fe7289c27fc0bc4d0	evaluation
dominant_to_calibration	confirmatory::P01347	negative	780632a2b78e928a1a0233a9237a2deb499859d4cb703b9b85c05b6bf0ae4e2d	evaluation
dominant_to_calibration	confirmatory::P01348	negative	780632a2b78e928a1a0233a9237a2deb499859d4cb703b9b85c05b6bf0ae4e2d	evaluation
dominant_to_calibration	confirmatory::P01526	positive	bf8b38cbb434403202305156dbb90aefc30b2ffb84f323f372bc0fba8038fc86	evaluation
dominant_to_calibration	confirmatory::P01558	positive	e7d0934a14556fab84292382a89720398cdad59b78f9fb11df44ba64da87b46a	evaluation
dominant_to_calibration	confirmatory::P02671	negative	450882407bb31af420e3fb498b86045252de225bcb0bc544cb192820b36d6e90	evaluation
dominant_to_calibration	confirmatory::P02676	negative	450882407bb31af420e3fb498b86045252de225bcb0bc544cb192820b36d6e90	evaluation
dominant_to_calibration	confirmatory::P02678	negative	450882407bb31af420e3fb498b86045252de225bcb0bc544cb192820b36d6e90	evaluation
dominant_to_calibration	confirmatory::P02679	negative	450882407bb31af420e3fb498b86045252de225bcb0bc544cb192820b36d6e90	evaluation
dominant_to_calibration	confirmatory::P02689	negative	34b41219611ac71b39f94001659d257ef301dc42fb86d0ab1b2396d000b25f11	evaluation
dominant_to_calibration	confirmatory::P02690	negative	34b41219611ac71b39f94001659d257ef301dc42fb86d0ab1b2396d000b25f11	evaluation
dominant_to_calibration	confirmatory::P02691	negative	34b41219611ac71b39f94001659d257ef301dc42fb86d0ab1b2396d000b25f11	evaluation
dominant_to_calibration	confirmatory::P02693	negative	34b41219611ac71b39f94001659d257ef301dc42fb86d0ab1b2396d000b25f11	evaluation
dominant_to_calibration	confirmatory::P02694	negative	7e90cee412221196bcc5f07c4f195b89927144c6913a290671cfdac2f6ba7db5	calibration
dominant_to_calibration	confirmatory::P02696	negative	7e90cee412221196bcc5f07c4f195b89927144c6913a290671cfdac2f6ba7db5	calibration
dominant_to_calibration	confirmatory::P02748	negative	10ba227d6107521780bb627d2ceca0d1716a4aae44848ef30d6ca8677dada2ce	calibration
dominant_to_calibration	confirmatory::P02753	negative	c82f4a3ea808a94af9f0fd360da5430293718adb20211aa3407793363c52542d	evaluation
dominant_to_calibration	confirmatory::P02754	negative	7f8373716bb12737be8ec09b43b953fe2c4602353a222f10b3d8e035ef71d7b7	evaluation
dominant_to_calibration	confirmatory::P02755	negative	7f8373716bb12737be8ec09b43b953fe2c4602353a222f10b3d8e035ef71d7b7	evaluation
dominant_to_calibration	confirmatory::P02756	negative	7f8373716bb12737be8ec09b43b953fe2c4602353a222f10b3d8e035ef71d7b7	evaluation
dominant_to_calibration	confirmatory::P02758	negative	7f8373716bb12737be8ec09b43b953fe2c4602353a222f10b3d8e035ef71d7b7	evaluation
dominant_to_calibration	confirmatory::P02761	negative	ae072172ac565f240e9af5c41bfdfc0174476f5f1bc878f8c5aab26e7d89d267	calibration
dominant_to_calibration	confirmatory::P02762	negative	ae072172ac565f240e9af5c41bfdfc0174476f5f1bc878f8c5aab26e7d89d267	calibration
dominant_to_calibration	confirmatory::P02763	negative	1a35ad91798a026bcdebde68ed0eb5d253ad56aad3ddf29531a071fb44d8d05e	calibration
dominant_to_calibration	confirmatory::P02764	negative	1a35ad91798a026bcdebde68ed0eb5d253ad56aad3ddf29531a071fb44d8d05e	calibration
dominant_to_calibration	confirmatory::P02765	negative	8aca6cf56151161615270e0611bfb487352bac7e999974bcc690200b9c87952d	evaluation
dominant_to_calibration	confirmatory::P02843	negative	6ac1b49bb9b83f44ec21a04257eb9539101727d66d2b0a520e3fcc25716e7fa0	calibration
dominant_to_calibration	confirmatory::P02844	negative	6ac1b49bb9b83f44ec21a04257eb9539101727d66d2b0a520e3fcc25716e7fa0	calibration
dominant_to_calibration	confirmatory::P02868	negative	7d0ca3f9691895ca753b0995d472ba0ed4112ebe7744b483b0fdcc5d2cb019b3	calibration
dominant_to_calibration	confirmatory::P02876	negative	4b9e7bea9ce8ee8ae94698ef8499017333c8e1e95a44680dba3be60d8618dc01	calibration
dominant_to_calibration	confirmatory::P02877	negative	4b9e7bea9ce8ee8ae94698ef8499017333c8e1e95a44680dba3be60d8618dc01	calibration
dominant_to_calibration	confirmatory::P02893	negative	9115b03cb3061d687b03fddc7be898a18890649d629080776e40a00b900bba11	calibration
dominant_to_calibration	confirmatory::P02894	negative	9115b03cb3061d687b03fddc7be898a18890649d629080776e40a00b900bba11	calibration
dominant_to_calibration	confirmatory::P03956	negative	24063adf61b47696a5084aad279fba23bd2d452cb3a4e2a3d0222f5c61a60eb3	evaluation
dominant_to_calibration	confirmatory::P03957	negative	24063adf61b47696a5084aad279fba23bd2d452cb3a4e2a3d0222f5c61a60eb3	evaluation
dominant_to_calibration	confirmatory::P03974	negative	199e5e746f1a78658450a2ba041b79aef49bbb4feb4fdafedee11b7288c9ede8	calibration
dominant_to_calibration	confirmatory::P04072	negative	b7ffa668b68d370a424e26161c1364936e4506a35d2cce0ecfd8180fd7dccd4d	evaluation
dominant_to_calibration	confirmatory::P04080	negative	e18b4e5fbde76978c2080f2894717f1f991e2dfb87f46a80f37a5cab5ea38ab0	evaluation
dominant_to_calibration	confirmatory::P04085	negative	2ce198fad98f14e4c4b8a256c59fcb869aedf9d88f10faac7815fcadcfa4fcaf	calibration
dominant_to_calibration	confirmatory::P04090	negative	780632a2b78e928a1a0233a9237a2deb499859d4cb703b9b85c05b6bf0ae4e2d	evaluation
dominant_to_calibration	confirmatory::P04092	negative	0e86e9e3943105f0c02e336cf49e66419fe7933b4a9c56997c7bb8035f3c7a0a	evaluation
dominant_to_calibration	confirmatory::P04093	negative	0e86e9e3943105f0c02e336cf49e66419fe7933b4a9c56997c7bb8035f3c7a0a	evaluation
dominant_to_calibration	confirmatory::P04115	negative	450882407bb31af420e3fb498b86045252de225bcb0bc544cb192820b36d6e90	evaluation
dominant_to_calibration	confirmatory::P04119	negative	7f8373716bb12737be8ec09b43b953fe2c4602353a222f10b3d8e035ef71d7b7	evaluation
dominant_to_calibration	confirmatory::P04122	negative	f2ea91d7ad6d511ba4a77f605392c77634378751fa61baa00ea12e7a95707727	calibration
dominant_to_calibration	confirmatory::P04186	negative	bc915c1c28ec405395a99c2ecfb7d27da28c273f79648ff3c9d1f724acfa6d1b	calibration
dominant_to_calibration	confirmatory::P04189	negative	1bb7a69c5ac8dff09d9743d7de36e3db00db59e8de64893c6df4fc99ac9601d3	evaluation
dominant_to_calibration	confirmatory::P04196	negative	bffd1ec0f8750a0121a99026594c8236758ed89a82bdd40d3ee8eded4358d09e	evaluation
dominant_to_calibration	confirmatory::P04204	positive	f89c735947a414c75270b63a3bcaa28b2a28b6ad54fb4db478f4ca1cec93fee8	evaluation
dominant_to_calibration	confirmatory::P04403	negative	8f20d0c6980ead1e360a848d002432fd7be75037bb37add933645c20185679c7	evaluation
dominant_to_calibration	confirmatory::P04566	negative	9d2bb9c0ec111008855c185d034a9f835f297b67d775b83c19cacc5a83480fca	calibration
dominant_to_calibration	confirmatory::P04651	negative	cd44ecfb0231fbe25976a913c1248001f954c4063e308617e008c4b65e1d218b	evaluation
dominant_to_calibration	confirmatory::P04652	negative	cd44ecfb0231fbe25976a913c1248001f954c4063e308617e008c4b65e1d218b	evaluation
dominant_to_calibration	confirmatory::P04667	negative	2ca3559869bf73bf1369b0778046227fe36990704ef03e92e809601ac40ebe65	evaluation
dominant_to_calibration	confirmatory::P04726	negative	24f47d756b45f9d037c973e40f11e35f30deed21883e8b4c01882aa4786bc814	calibration
dominant_to_calibration	confirmatory::P04808	negative	780632a2b78e928a1a0233a9237a2deb499859d4cb703b9b85c05b6bf0ae4e2d	evaluation
dominant_to_calibration	confirmatory::P04916	negative	c82f4a3ea808a94af9f0fd360da5430293718adb20211aa3407793363c52542d	evaluation
dominant_to_calibration	confirmatory::P04922	negative	9115b03cb3061d687b03fddc7be898a18890649d629080776e40a00b900bba11	calibration
dominant_to_calibration	confirmatory::P04939	negative	ae072172ac565f240e9af5c41bfdfc0174476f5f1bc878f8c5aab26e7d89d267	calibration
dominant_to_calibration	confirmatory::P04956	negative	2cc909198de5bc355e0ffb1e1231892043c8b30f779aa53c4a53c3b15b3891c0	evaluation
dominant_to_calibration	confirmatory::P04977	positive	ffe777dfb3cf8151105058062770014b8b9e048e43db31d562325eaeba194ed9	evaluation
dominant_to_calibration	confirmatory::P04979	positive	de15df75b60bfeca5a1293a0e8090c17449f07233c3cefb860ebb700b5e31275	evaluation
dominant_to_calibration	confirmatory::P04981	positive	6dd959dfbb2d93512ceb8506ada92a431d6e9abe138e6143de7213db24b92ea4	evaluation
dominant_to_calibration	confirmatory::P05017	negative	22908ea1541a1b07146f2bd28daaa95ec311bcc862f3182fe7289c27fc0bc4d0	evaluation
dominant_to_calibration	confirmatory::P05088	positive	f2ea91d7ad6d511ba4a77f605392c77634378751fa61baa00ea12e7a95707727	calibration
dominant_to_calibration	confirmatory::P05110	negative	0e86e9e3943105f0c02e336cf49e66419fe7933b4a9c56997c7bb8035f3c7a0a	evaluation
dominant_to_calibration	confirmatory::P05155	negative	7c001592a0af53a0b7029cb604d3d173bb64ff8d0eddd85c023a777d81f9b85a	calibration
dominant_to_calibration	confirmatory::P05315	negative	4b9e7bea9ce8ee8ae94698ef8499017333c8e1e95a44680dba3be60d8618dc01	calibration
dominant_to_calibration	confirmatory::P05413	negative	34b41219611ac71b39f94001659d257ef301dc42fb86d0ab1b2396d000b25f11	evaluation
dominant_to_calibration	confirmatory::P05452	negative	417f94494f0bedc6bbff6d639a5b59dbfbb67f8d76fc274178a0fe93937009b8	calibration
dominant_to_calibration	confirmatory::P05543	negative	a5ebffc2e2dbb22bd5322e5b7f495ec0102e8dba67dfdb8b96b9aa84fa7da6f3	evaluation
dominant_to_calibration	confirmatory::P06172	negative	c82f4a3ea808a94af9f0fd360da5430293718adb20211aa3407793363c52542d	evaluation
dominant_to_calibration	confirmatory::P06200	positive	d183bc8213241805b0a25eecabdecb5af793ba53f24554698fd9e550af7af466	evaluation
dominant_to_calibration	confirmatory::P06215	negative	4b9e7bea9ce8ee8ae94698ef8499017333c8e1e95a44680dba3be60d8618dc01	calibration
dominant_to_calibration	confirmatory::P06303	negative	55927c04e923f511084010cf0858f6d88c365ae75b99c08d7e94a4aea9cd3a91	evaluation
dominant_to_calibration	confirmatory::P06305	negative	55927c04e923f511084010cf0858f6d88c365ae75b99c08d7e94a4aea9cd3a91	evaluation
dominant_to_calibration	confirmatory::P06306	negative	2ca3559869bf73bf1369b0778046227fe36990704ef03e92e809601ac40ebe65	evaluation
dominant_to_calibration	confirmatory::P06399	negative	450882407bb31af420e3fb498b86045252de225bcb0bc544cb192820b36d6e90	evaluation
dominant_to_calibration	confirmatory::P06607	negative	6ac1b49bb9b83f44ec21a04257eb9539101727d66d2b0a520e3fcc25716e7fa0	calibration
dominant_to_calibration	confirmatory::P06681	negative	bc915c1c28ec405395a99c2ecfb7d27da28c273f79648ff3c9d1f724acfa6d1b	calibration
dominant_to_calibration	confirmatory::P06683	negative	10ba227d6107521780bb627d2ceca0d1716a4aae44848ef30d6ca8677dada2ce	calibration
dominant_to_calibration	confirmatory::P06857	negative	82e1c2f759ec8bf899994b4553b7d3cc20a8d7c5d625a051f6b6104ee4a7005f	calibration
dominant_to_calibration	confirmatory::P06866	negative	f31f934f123b8eb5e7b55919d21a17ee0061501c26e26a51565ecb85805bc123	calibration
dominant_to_calibration	confirmatory::P06873	negative	afc28802fff11b2e2d1ded4ef2f20fb595c131fd12dc5efbd409170424be582b	evaluation
dominant_to_calibration	confirmatory::P06883	negative	0e86e9e3943105f0c02e336cf49e66419fe7933b4a9c56997c7bb8035f3c7a0a	evaluation
dominant_to_calibration	confirmatory::P06908	negative	87d425c65ac584d5e4c581986c739f7692b2578e446bf382551a86cc21557ecd	calibration
dominant_to_calibration	confirmatory::P06910	negative	259563b705bbc4ba351032ff265995796c272ab0f92cdf7670d5b60deca240d7	calibration
dominant_to_calibration	confirmatory::P06911	negative	534b45f9acd7ab159049e720dc9aa52305a3927a63e9dbaaa55eae82197a9f92	evaluation
dominant_to_calibration	confirmatory::P06912	negative	c82f4a3ea808a94af9f0fd360da5430293718adb20211aa3407793363c52542d	evaluation
dominant_to_calibration	confirmatory::P06914	negative	a55b5b645cc74959297f4c5ce0af51f2a6ed700db67af5e46f7d78d48e11ff47	calibration
dominant_to_calibration	confirmatory::P06915	negative	a55b5b645cc74959297f4c5ce0af51f2a6ed700db67af5e46f7d78d48e11ff47	calibration
dominant_to_calibration	confirmatory::P07024	negative	892ba1855928808c3310b3b648ebd941285e5ffc6df4932601755ed99ba9846b	calibration
dominant_to_calibration	confirmatory::P07098	negative	d291e2f780ccae734f1044ab8a8bdd51fabac2c2899aa59af35fb22c772d8b01	evaluation
dominant_to_calibration	confirmatory::P07099	negative	fd3e234a2669b8237406261e1c9c18c7668753f81102aa1dcc2a97c653ef9b2e	calibration
dominant_to_calibration	confirmatory::P07152	negative	24063adf61b47696a5084aad279fba23bd2d452cb3a4e2a3d0222f5c61a60eb3	evaluation
dominant_to_calibration	confirmatory::P07204	negative	9c42a4d7631974118801fa0fb65aef4231fc3b42e1affbced544cb057191d1c2	calibration
dominant_to_calibration	confirmatory::P07214	negative	9f0d0cc0eeb47aec102bb846e184928d26abe3ecb8a62ebc0b78f49871b04459	evaluation
dominant_to_calibration	confirmatory::P07217	negative	f2b677e2fd5321ab024cef21588963d9a8417a4e14d4be31ef1166114f89d64f	evaluation
dominant_to_calibration	confirmatory::P07224	negative	7a843c3d1be2da28cbe8faefcec171d83c5cfee0333f1dd2fb60d4221d2894e0	evaluation
dominant_to_calibration	confirmatory::P07357	negative	ba4d2614b5e550635440f4c6525e8134022aee773ce7679090791bd84dd97e71	evaluation
dominant_to_calibration	confirmatory::P07358	negative	ba4d2614b5e550635440f4c6525e8134022aee773ce7679090791bd84dd97e71	evaluation
dominant_to_calibration	confirmatory::P07361	negative	1a35ad91798a026bcdebde68ed0eb5d253ad56aad3ddf29531a071fb44d8d05e	calibration
dominant_to_calibration	confirmatory::P07374	positive	ea060f244e352de2544b388f1abc1899258898681ff665dbf7303805cc505276	calibration
dominant_to_calibration	confirmatory::P07380	negative	7f8373716bb12737be8ec09b43b953fe2c4602353a222f10b3d8e035ef71d7b7	evaluation
dominant_to_calibration	confirmatory::P07383	negative	4d82486b1f430c04dff75e5e125e6ae918ce9211b1e5efc7d372653cec256261	evaluation
dominant_to_calibration	confirmatory::P07435	negative	edb3c447afa44d59b38fa892298e479bed83027ef9490899288c6eb76b785c0e	calibration
dominant_to_calibration	confirmatory::P07441	negative	7d0ca3f9691895ca753b0995d472ba0ed4112ebe7744b483b0fdcc5d2cb019b3	calibration
dominant_to_calibration	confirmatory::P07442	negative	7d0ca3f9691895ca753b0995d472ba0ed4112ebe7744b483b0fdcc5d2cb019b3	calibration
dominant_to_calibration	confirmatory::P07443	negative	7d0ca3f9691895ca753b0995d472ba0ed4112ebe7744b483b0fdcc5d2cb019b3	calibration
dominant_to_calibration	confirmatory::P07449	negative	0e86e9e3943105f0c02e336cf49e66419fe7933b4a9c56997c7bb8035f3c7a0a	evaluation
dominant_to_calibration	confirmatory::P07453	negative	2ca3559869bf73bf1369b0778046227fe36990704ef03e92e809601ac40ebe65	evaluation
dominant_to_calibration	confirmatory::P07456	negative	22908ea1541a1b07146f2bd28daaa95ec311bcc862f3182fe7289c27fc0bc4d0	evaluation
dominant_to_calibration	confirmatory::P07479	negative	3f69eb3447fa28f3b1ab05a1a959b70da776fcb578f082ad0a899827cb98f6f3	evaluation
dominant_to_calibration	confirmatory::P07483	negative	34b41219611ac71b39f94001659d257ef301dc42fb86d0ab1b2396d000b25f11	evaluation
dominant_to_calibration	confirmatory::P07493	positive	4812a93926d415cd1d094b064f09b6fa141965ac86fb6ebb6bc46ea73c544778	evaluation
dominant_to_calibration	confirmatory::P07499	negative	08528be7fd341aa6992306d6cc2dcd129232b8b4cd83081db737fc35b1f465a3	evaluation
dominant_to_calibration	confirmatory::P07500	negative	08528be7fd341aa6992306d6cc2dcd129232b8b4cd83081db737fc35b1f465a3	evaluation
dominant_to_calibration	confirmatory::P07501	negative	08528be7fd341aa6992306d6cc2dcd129232b8b4cd83081db737fc35b1f465a3	evaluation
dominant_to_calibration	confirmatory::P07596	negative	61a1c3521102b1f6415e80d7716f6a231e4ae45e7d681e751332bb0344c9ee73	calibration
dominant_to_calibration	confirmatory::P07732	negative	cd44ecfb0231fbe25976a913c1248001f954c4063e308617e008c4b65e1d218b	evaluation
dominant_to_calibration	confirmatory::P07853	negative	b7762ce85918a621bc4bf4c4e7657779c885d02f6b53a465f4762637db65c059	calibration
dominant_to_calibration	confirmatory::P07867	negative	82e1c2f759ec8bf899994b4553b7d3cc20a8d7c5d625a051f6b6104ee4a7005f	calibration
dominant_to_calibration	confirmatory::P08072	negative	1a3eb87ce2cd163e968a969e26ec32477cd8e1a55b15547b31d4e48c5879ecfc	evaluation
dominant_to_calibration	confirmatory::P08253	negative	16ea83094b8a9f3846228c14f4dc27f1b4aac291005aa1d8eb490657405beb3e	calibration
dominant_to_calibration	confirmatory::P08254	negative	24063adf61b47696a5084aad279fba23bd2d452cb3a4e2a3d0222f5c61a60eb3	evaluation
dominant_to_calibration	confirmatory::P08299	negative	80265ba0cf707cc2b9ab56977abaa12643a893bd6a9a455337c6c3dedf45bd7a	calibration
dominant_to_calibration	confirmatory::P08307	negative	9115b03cb3061d687b03fddc7be898a18890649d629080776e40a00b900bba11	calibration
dominant_to_calibration	confirmatory::P08331	negative	3ad4b11c081e602b48e38ff456132fbfd512ab05662224bdb1df46585f2a3d68	calibration
dominant_to_calibration	confirmatory::P08427	negative	87d425c65ac584d5e4c581986c739f7692b2578e446bf382551a86cc21557ecd	calibration
dominant_to_calibration	confirmatory::P08658	negative	78f76b1f5620b113df4637a3cb3ed2245ad6ee00952a71201ba7eda19f40a044	evaluation
dominant_to_calibration	confirmatory::P08661	negative	87d425c65ac584d5e4c581986c739f7692b2578e446bf382551a86cc21557ecd	calibration
dominant_to_calibration	confirmatory::P08672	negative	9115b03cb3061d687b03fddc7be898a18890649d629080776e40a00b900bba11	calibration
dominant_to_calibration	confirmatory::P08673	negative	9115b03cb3061d687b03fddc7be898a18890649d629080776e40a00b900bba11	calibration
dominant_to_calibration	confirmatory::P08674	negative	9115b03cb3061d687b03fddc7be898a18890649d629080776e40a00b900bba11	calibration
dominant_to_calibration	confirmatory::P08675	negative	9115b03cb3061d687b03fddc7be898a18890649d629080776e40a00b900bba11	calibration
dominant_to_calibration	confirmatory::P08676	negative	9115b03cb3061d687b03fddc7be898a18890649d629080776e40a00b900bba11	calibration
dominant_to_calibration	confirmatory::P08677	negative	9115b03cb3061d687b03fddc7be898a18890649d629080776e40a00b900bba11	calibration
dominant_to_calibration	confirmatory::P08910	negative	09a5c6daa4509edcd9a50cdcab8952c9c902cbc82772d0954acdce88324b4fe6	calibration
dominant_to_calibration	confirmatory::P08932	negative	c286b9d2428a43eadbb1f83f16725c7832a83510929b6589bfaa691f46eb8985	calibration
dominant_to_calibration	confirmatory::P08934	negative	c286b9d2428a43eadbb1f83f16725c7832a83510929b6589bfaa691f46eb8985	calibration
dominant_to_calibration	confirmatory::P08935	negative	e762a34e2879fb89badf3aefde610ff9d5414dd0791ef2899f47f15931593ae4	calibration
dominant_to_calibration	confirmatory::P08937	negative	f92a8e542977ec3d6dc95e8a0bde11a3a1290134ed49574133ebe628e0201670	evaluation
dominant_to_calibration	confirmatory::P09005	negative	a5ebffc2e2dbb22bd5322e5b7f495ec0102e8dba67dfdb8b96b9aa84fa7da6f3	evaluation
dominant_to_calibration	confirmatory::P09167	positive	1619c88d369a4600c42cb28c2dffae7b050f8ee6ae76e360927d0ffa473d7019	evaluation
dominant_to_calibration	confirmatory::P09228	negative	e762a34e2879fb89badf3aefde610ff9d5414dd0791ef2899f47f15931593ae4	calibration
dominant_to_calibration	confirmatory::P09230	negative	f274731c912cb3d5ba3f73d1e1ea2e40f63b6b409bf9ef316331a205e0f49841	evaluation
dominant_to_calibration	confirmatory::P09231	negative	0840af6d61e535996fdac85e4931f62ffc2b0d5e510092ed0bdf24addc0a25f9	evaluation
dominant_to_calibration	confirmatory::P09232	negative	1bb7a69c5ac8dff09d9743d7de36e3db00db59e8de64893c6df4fc99ac9601d3	evaluation
dominant_to_calibration	confirmatory::P09237	negative	24063adf61b47696a5084aad279fba23bd2d452cb3a4e2a3d0222f5c61a60eb3	evaluation
dominant_to_calibration	confirmatory::P09238	negative	24063adf61b47696a5084aad279fba23bd2d452cb3a4e2a3d0222f5c61a60eb3	evaluation
dominant_to_calibration	confirmatory::P09455	negative	7e90cee412221196bcc5f07c4f195b89927144c6913a290671cfdac2f6ba7db5	calibration
dominant_to_calibration	confirmatory::P09466	negative	7f8373716bb12737be8ec09b43b953fe2c4602353a222f10b3d8e035ef71d7b7	evaluation
dominant_to_calibration	confirmatory::P09476	negative	2ca3559869bf73bf1369b0778046227fe36990704ef03e92e809601ac40ebe65	evaluation
dominant_to_calibration	confirmatory::P09477	negative	2ca3559869bf73bf1369b0778046227fe36990704ef03e92e809601ac40ebe65	evaluation
dominant_to_calibration	confirmatory::P09535	negative	22908ea1541a1b07146f2bd28daaa95ec311bcc862f3182fe7289c27fc0bc4d0	evaluation
dominant_to_calibration	confirmatory::P09566	negative	0e86e9e3943105f0c02e336cf49e66419fe7933b4a9c56997c7bb8035f3c7a0a	evaluation
dominant_to_calibration	confirmatory::P09567	negative	0e86e9e3943105f0c02e336cf49e66419fe7933b4a9c56997c7bb8035f3c7a0a	evaluation
dominant_to_calibration	confirmatory::P09641	negative	55927c04e923f511084010cf0858f6d88c365ae75b99c08d7e94a4aea9cd3a91	evaluation
dominant_to_calibration	confirmatory::P09680	negative	1266174c120eff8e5214e2b55ed12604c60139466c562171145fa9d0b0892018	calibration
dominant_to_calibration	confirmatory::P09681	negative	1266174c120eff8e5214e2b55ed12604c60139466c562171145fa9d0b0892018	calibration
dominant_to_calibration	confirmatory::P09682	negative	0e86e9e3943105f0c02e336cf49e66419fe7933b4a9c56997c7bb8035f3c7a0a	evaluation
dominant_to_calibration	confirmatory::P09683	negative	2f6765a2a89871a6eb92d3007f7c1b382fd5307197640e9907ad0db6980fd8ae	calibration
dominant_to_calibration	confirmatory::P09684	negative	9d2bb9c0ec111008855c185d034a9f835f297b67d775b83c19cacc5a83480fca	calibration
dominant_to_calibration	confirmatory::P09685	negative	9d2bb9c0ec111008855c185d034a9f835f297b67d775b83c19cacc5a83480fca	calibration
dominant_to_calibration	confirmatory::P09686	negative	0e86e9e3943105f0c02e336cf49e66419fe7933b4a9c56997c7bb8035f3c7a0a	evaluation
dominant_to_calibration	confirmatory::P09687	negative	0e86e9e3943105f0c02e336cf49e66419fe7933b4a9c56997c7bb8035f3c7a0a	evaluation
dominant_to_calibration	confirmatory::P09761	negative	4b9e7bea9ce8ee8ae94698ef8499017333c8e1e95a44680dba3be60d8618dc01	calibration
dominant_to_calibration	confirmatory::P09865	negative	b364128ce74b38523f92d7e55811ecac6ee23ba8b6f23381aad717dd65560c27	evaluation
dominant_to_calibration	confirmatory::P09889	negative	5f720ffdffee0343aa112bd6ae6fcfb774d18bbb2e61a319453a29f6f389cdbb	calibration
dominant_to_calibration	confirmatory::P09893	negative	8f20d0c6980ead1e360a848d002432fd7be75037bb37add933645c20185679c7	evaluation
dominant_to_calibration	confirmatory::P09910	negative	2f6765a2a89871a6eb92d3007f7c1b382fd5307197640e9907ad0db6980fd8ae	calibration
dominant_to_calibration	confirmatory::P09916	negative	f2b677e2fd5321ab024cef21588963d9a8417a4e14d4be31ef1166114f89d64f	evaluation
dominant_to_calibration	confirmatory::P09941	negative	91bd60dabb882867c24e7bc1c3c50d5e623a99ff781af028e7ff380940a7501d	evaluation
dominant_to_calibration	confirmatory::P09943	negative	91bd60dabb882867c24e7bc1c3c50d5e623a99ff781af028e7ff380940a7501d	evaluation
dominant_to_calibration	confirmatory::P09958	negative	da1f730a80c0f0ed1f9303734404705fa18285380f99e8c78185dd847cf60b39	calibration
dominant_to_calibration	confirmatory::P09959	negative	575b03dc7f098ea3d48738f8c5417b226dfb3d485adb80cee16858506b8c241d	calibration
dominant_to_calibration	confirmatory::P0A1E0	negative	623f3f0445ba3d68f7f0b01360d57379b68a4bd25c5f902822b41b66dfcdfc89	evaluation
dominant_to_calibration	confirmatory::P0A3G2	negative	b30b84a76b4877ee5f623b2fe1234ec407ce41971f778f80bf04b469852129d7	calibration
dominant_to_calibration	confirmatory::P0A3R5	positive	3a08031a377b2a2d6ff00f5d4c414f3719f68fc5ab25cd1758fb07dd6f2170ca	evaluation
dominant_to_calibration	confirmatory::P0A4M4	positive	2ca9db90240bf7efbcfa987000d7be6c41c750505a0582ccac2034a125a5ef9e	evaluation
dominant_to_calibration	confirmatory::P0A4U0	negative	ea060f244e352de2544b388f1abc1899258898681ff665dbf7303805cc505276	calibration
dominant_to_calibration	confirmatory::P0A4U1	negative	ea060f244e352de2544b388f1abc1899258898681ff665dbf7303805cc505276	calibration
dominant_to_calibration	confirmatory::P0A677	negative	ea060f244e352de2544b388f1abc1899258898681ff665dbf7303805cc505276	calibration
dominant_to_calibration	confirmatory::P0A6H5	negative	11b5dd92fc6614d22cb594875de1e8fcb6d3b646531771172ab7426d940f97ac	evaluation
dominant_to_calibration	confirmatory::P0A968	positive	623f3f0445ba3d68f7f0b01360d57379b68a4bd25c5f902822b41b66dfcdfc89	evaluation
dominant_to_calibration	confirmatory::P0A976	negative	623f3f0445ba3d68f7f0b01360d57379b68a4bd25c5f902822b41b66dfcdfc89	evaluation
dominant_to_calibration	confirmatory::P0A977	negative	623f3f0445ba3d68f7f0b01360d57379b68a4bd25c5f902822b41b66dfcdfc89	evaluation
dominant_to_calibration	confirmatory::P0A982	negative	623f3f0445ba3d68f7f0b01360d57379b68a4bd25c5f902822b41b66dfcdfc89	evaluation
dominant_to_calibration	confirmatory::P0A983	negative	623f3f0445ba3d68f7f0b01360d57379b68a4bd25c5f902822b41b66dfcdfc89	evaluation
dominant_to_calibration	confirmatory::P0A985	negative	623f3f0445ba3d68f7f0b01360d57379b68a4bd25c5f902822b41b66dfcdfc89	evaluation
dominant_to_calibration	confirmatory::P0A9M0	negative	6575fe00f3ccdc3a9bcd22237c35b4067cd150571930ca1e7aa9a8e6117d5536	calibration
dominant_to_calibration	confirmatory::P0A9X9	negative	623f3f0445ba3d68f7f0b01360d57379b68a4bd25c5f902822b41b66dfcdfc89	evaluation
dominant_to_calibration	confirmatory::P0A9Y2	negative	623f3f0445ba3d68f7f0b01360d57379b68a4bd25c5f902822b41b66dfcdfc89	evaluation
dominant_to_calibration	confirmatory::P0A9Y3	negative	623f3f0445ba3d68f7f0b01360d57379b68a4bd25c5f902822b41b66dfcdfc89	evaluation
dominant_to_calibration	confirmatory::P0A9Y4	negative	623f3f0445ba3d68f7f0b01360d57379b68a4bd25c5f902822b41b66dfcdfc89	evaluation
dominant_to_calibration	confirmatory::P0A9Y5	negative	623f3f0445ba3d68f7f0b01360d57379b68a4bd25c5f902822b41b66dfcdfc89	evaluation
dominant_to_calibration	confirmatory::P0A9Y6	negative	623f3f0445ba3d68f7f0b01360d57379b68a4bd25c5f902822b41b66dfcdfc89	evaluation
dominant_to_calibration	confirmatory::P0A9Y7	negative	623f3f0445ba3d68f7f0b01360d57379b68a4bd25c5f902822b41b66dfcdfc89	evaluation
dominant_to_calibration	confirmatory::P0A9Y9	negative	623f3f0445ba3d68f7f0b01360d57379b68a4bd25c5f902822b41b66dfcdfc89	evaluation
dominant_to_calibration	confirmatory::P0A9Z0	negative	623f3f0445ba3d68f7f0b01360d57379b68a4bd25c5f902822b41b66dfcdfc89	evaluation
dominant_to_calibration	confirmatory::P0AAI3	negative	b587bef3e5d94148fb6edeb8462e56d2a1573d0e113db913c44f4bfefa67c9fa	evaluation
dominant_to_calibration	confirmatory::P0AAZ4	negative	eb784fe0c0bd1af88d8d8e4e799942cb5d28c2f372de6283f1a431286a50f6d1	evaluation
dominant_to_calibration	confirmatory::P0ADI4	negative	ff8c2b503c0b5ae673f9dd72712efb1e7621b9bffd0c475d613ddd2e886c8749	calibration
dominant_to_calibration	confirmatory::P0AEW4	negative	dc287d695ed8d78e73ff29b03dded50559195f37804eb713aaced2b0c00fe136	evaluation
dominant_to_calibration	confirmatory::P0AG76	negative	6c92ae435e38d2c1c7a8b4618d95ea28d33e5b142f9d78d57fc390549b1f3d41	evaluation
dominant_to_calibration	confirmatory::P0C088	negative	86cc21bca61bd87e3a544b53de63d4a85a51acbb0d64b5ad6e6e2ba8aa8ab938	evaluation
dominant_to_calibration	confirmatory::P0C0F0	negative	623f3f0445ba3d68f7f0b01360d57379b68a4bd25c5f902822b41b66dfcdfc89	evaluation
dominant_to_calibration	confirmatory::P0C121	negative	ea060f244e352de2544b388f1abc1899258898681ff665dbf7303805cc505276	calibration
dominant_to_calibration	confirmatory::P0C1W9	positive	abc4f9c5d5eef69c3f1e4a9344d8016afd0a50d79840ff626e66cda9eb501a48	evaluation
dominant_to_calibration	confirmatory::P0C235	negative	0e86e9e3943105f0c02e336cf49e66419fe7933b4a9c56997c7bb8035f3c7a0a	evaluation
dominant_to_calibration	confirmatory::P0C236	negative	2ca3559869bf73bf1369b0778046227fe36990704ef03e92e809601ac40ebe65	evaluation
dominant_to_calibration	confirmatory::P0C2S1	negative	03e3cfd4b22606884345109e72fd5ecae4af91e9704992b7e90c011c34e5b55f	calibration
dominant_to_calibration	confirmatory::P0C2S4	negative	04f292ab479d88e5a13be3518b3ebd4ae45ba937d2d663130bc5393caf1d8ef7	evaluation
dominant_to_calibration	confirmatory::P0C2S5	negative	ff0df9e8d06fb39518053d7afe70479e7a1b85bf8cda7237b90893f9c9c35c44	evaluation
dominant_to_calibration	confirmatory::P0C6G6	negative	34b41219611ac71b39f94001659d257ef301dc42fb86d0ab1b2396d000b25f11	evaluation
dominant_to_calibration	confirmatory::P0C7K7	negative	ea060f244e352de2544b388f1abc1899258898681ff665dbf7303805cc505276	calibration
dominant_to_calibration	confirmatory::P0C7K9	negative	ea060f244e352de2544b388f1abc1899258898681ff665dbf7303805cc505276	calibration
dominant_to_calibration	confirmatory::P0C8E2	positive	10bb2f60902a652d771418e017d9cd37b447bea046d41176ac92a59966c8044d	evaluation
dominant_to_calibration	confirmatory::P0C8Y8	negative	8f20d0c6980ead1e360a848d002432fd7be75037bb37add933645c20185679c7	evaluation
dominant_to_calibration	confirmatory::P0CB00	negative	ea060f244e352de2544b388f1abc1899258898681ff665dbf7303805cc505276	calibration
dominant_to_calibration	confirmatory::P0CB02	negative	ea060f244e352de2544b388f1abc1899258898681ff665dbf7303805cc505276	calibration
dominant_to_calibration	confirmatory::P0CJ22	positive	b8944c8314627d15a021f11671b424846b0df4171aabd5a39b991ed76eb3cd48	evaluation
dominant_to_calibration	confirmatory::P0DJ95	negative	9d2bb9c0ec111008855c185d034a9f835f297b67d775b83c19cacc5a83480fca	calibration
dominant_to_calibration	confirmatory::P0DJE5	positive	f84bf5b3736af9820d5fd5e8fca896eea1d2d1bcd5a62f45072672e73e809922	evaluation
dominant_to_calibration	confirmatory::P0DKH7	negative	fb3d9086710c22eb209777dc02506bc21ad102b35c0a2d4e54e73b021c9991f7	evaluation
dominant_to_calibration	confirmatory::P0DKH8	negative	fb3d9086710c22eb209777dc02506bc21ad102b35c0a2d4e54e73b021c9991f7	evaluation
dominant_to_calibration	confirmatory::P0DM59	negative	34b41219611ac71b39f94001659d257ef301dc42fb86d0ab1b2396d000b25f11	evaluation
dominant_to_calibration	confirmatory::P0DMB9	negative	25545dadd80435581e74794c9216eeb66ace8228a86901b5932e62c7acee96bd	calibration
dominant_to_calibration	confirmatory::P0DN86	negative	cd44ecfb0231fbe25976a913c1248001f954c4063e308617e008c4b65e1d218b	evaluation
dominant_to_calibration	confirmatory::P0DN87	negative	cd44ecfb0231fbe25976a913c1248001f954c4063e308617e008c4b65e1d218b	evaluation
dominant_to_calibration	confirmatory::P0DO68	negative	3abf5d0ff854c33c119f633ea527daaf78080a9c4a745c849bf46258c9516dec	evaluation
dominant_to_calibration	confirmatory::P0DO69	negative	3abf5d0ff854c33c119f633ea527daaf78080a9c4a745c849bf46258c9516dec	evaluation
dominant_to_calibration	confirmatory::P0DP56	positive	2a78d4ff56f29bf31f71f03e14f0e3452405215fb32977267826ae90efb65fa7	evaluation
dominant_to_calibration	confirmatory::P0DP58	negative	26711c766da1911f4bf596b105c186a2ff65f3225bc9762c87ffe5eb880b32c0	evaluation
dominant_to_calibration	confirmatory::P0DP60	negative	26711c766da1911f4bf596b105c186a2ff65f3225bc9762c87ffe5eb880b32c0	evaluation
dominant_to_calibration	confirmatory::P0DP62	negative	26711c766da1911f4bf596b105c186a2ff65f3225bc9762c87ffe5eb880b32c0	evaluation
dominant_to_calibration	confirmatory::P0DPK3	negative	2e15cb2fc2f0449dac82dac687f594e94ca3244b833b3121d2dcc58df8ed7387	calibration
dominant_to_calibration	confirmatory::P0DPU3	positive	02f12bd9289117806cd61f2b92b9ecaf47add5beea934e736fa7926339040fd9	evaluation
dominant_to_calibration	confirmatory::P0DQF3	positive	727b8a64a599ee7495d8e5fbf99bed6badb736deb6d893b544be932e02c7024f	evaluation
dominant_to_calibration	confirmatory::P0DQF6	positive	d52fa9095945a743b4e26c6c99d8a98f31cd421cd1fa9a2dfb1f2b009f1d708f	evaluation
dominant_to_calibration	confirmatory::P0DQJ0	positive	a76de8f74fb61bf50ad273776c11d8a3aed10338f730c477fc066676dcc4672d	evaluation
dominant_to_calibration	confirmatory::P0DQO9	positive	956e186fb9ea6db89afce791a4f3dc98269576987bd523fd81ac79118abb4563	evaluation
dominant_to_calibration	confirmatory::P0DRA7	positive	487af93fc7daae296587ffc916ba0647a8a4a13e4720c21c422e2e4ff768444d	evaluation
dominant_to_calibration	confirmatory::P0DRI0	negative	c7f55727017594b25fafed65c837d9cf1b47874a4ef5b9c005f2df4d0d85a1f9	evaluation
dominant_to_calibration	confirmatory::P0DRI2	negative	9186a22d7be0ca3bfb038b263fac6e05825312f5de1d305d99119db7c09739c4	evaluation
dominant_to_calibration	confirmatory::P0DRJ1	positive	772e768a73290425add62c1e93d9286dfddc4822d989ee83f469b464e8f27fb6	evaluation
dominant_to_calibration	confirmatory::P0DSI3	negative	25545dadd80435581e74794c9216eeb66ace8228a86901b5932e62c7acee96bd	calibration
dominant_to_calibration	confirmatory::P0DSI8	positive	008fde69b6f6a85e1ce9cc0c6215065deccb424959f66d599266899ea4e6db24	evaluation
dominant_to_calibration	confirmatory::P0DUB8	negative	78f76b1f5620b113df4637a3cb3ed2245ad6ee00952a71201ba7eda19f40a044	evaluation
dominant_to_calibration	confirmatory::P0DUB9	negative	78f76b1f5620b113df4637a3cb3ed2245ad6ee00952a71201ba7eda19f40a044	evaluation
dominant_to_calibration	confirmatory::P0DUJ6	positive	d8fcaa7f3c734f7baef5591a8a530325d0eec54726e4ad234c3b85b756160529	evaluation
dominant_to_calibration	confirmatory::P0DUJ8	positive	c077fe705c88fdf9842c475e5758ebe63d88c544823ad487f6cecf2eb37298d2	evaluation
dominant_to_calibration	confirmatory::P0DV90	negative	6e3596fd654c0ee719fa18294410e8acf057349c0d698bafa2d7d3f66564fbc5	calibration
dominant_to_calibration	confirmatory::P0DW09	negative	1c6bb9abe0cce6ad487b97e931d4e6e9e9b78692b61313c00b8a94621ecc2a07	calibration
dominant_to_calibration	confirmatory::P0DXI6	negative	e90d897b8993d798d057ea32d5bf074e7ccbf48e0b32c16a67612aacc0d353d0	calibration
dominant_to_calibration	confirmatory::P0DXX0	positive	782996de50da857e82618ce3b2fd406f9f857339805a57cfd9a9328dd535cece	evaluation
dominant_to_calibration	confirmatory::P0DXX9	positive	4388b6c14614239c9e987487fa232e6cd5e955b34fbe10d4c95f5289235edabc	evaluation
dominant_to_calibration	confirmatory::P0DY36	negative	8244313599fcdccdd992daf3874eef2d6f312eb8515575bc430315dbef1ed932	calibration
dominant_to_calibration	confirmatory::P10041	negative	2e15cb2fc2f0449dac82dac687f594e94ca3244b833b3121d2dcc58df8ed7387	calibration
dominant_to_calibration	confirmatory::P10256	negative	cd44ecfb0231fbe25976a913c1248001f954c4063e308617e008c4b65e1d218b	evaluation
dominant_to_calibration	confirmatory::P10257	negative	cd44ecfb0231fbe25976a913c1248001f954c4063e308617e008c4b65e1d218b	evaluation
dominant_to_calibration	confirmatory::P10291	negative	b7762ce85918a621bc4bf4c4e7657779c885d02f6b53a465f4762637db65c059	calibration
dominant_to_calibration	confirmatory::P10292	negative	b7762ce85918a621bc4bf4c4e7657779c885d02f6b53a465f4762637db65c059	calibration
dominant_to_calibration	confirmatory::P10293	negative	b7762ce85918a621bc4bf4c4e7657779c885d02f6b53a465f4762637db65c059	calibration
dominant_to_calibration	confirmatory::P10294	negative	b7762ce85918a621bc4bf4c4e7657779c885d02f6b53a465f4762637db65c059	calibration
dominant_to_calibration	confirmatory::P10295	negative	b7762ce85918a621bc4bf4c4e7657779c885d02f6b53a465f4762637db65c059	calibration
dominant_to_calibration	confirmatory::P10296	negative	b7762ce85918a621bc4bf4c4e7657779c885d02f6b53a465f4762637db65c059	calibration
dominant_to_calibration	confirmatory::P10410	positive	4a5973563abda2eea1f0023a91e5ff6393eead76075af60804b5f721f6d2f5a3	evaluation
dominant_to_calibration	confirmatory::P10477	negative	6c3f4d70b3376373f5b8ac648ac38f3b95d784e53784313b87746c19ff4d68a6	evaluation
dominant_to_calibration	confirmatory::P10478	negative	3e395f50f4509ebbb4e2e259e208b2cc077683380b886d7d3c99ea40d9d0ec66	evaluation
dominant_to_calibration	confirmatory::P10601	negative	55927c04e923f511084010cf0858f6d88c365ae75b99c08d7e94a4aea9cd3a91	evaluation
dominant_to_calibration	confirmatory::P10643	negative	ba4d2614b5e550635440f4c6525e8134022aee773ce7679090791bd84dd97e71	evaluation
dominant_to_calibration	confirmatory::P10821	negative	91bd60dabb882867c24e7bc1c3c50d5e623a99ff781af028e7ff380940a7501d	evaluation
dominant_to_calibration	confirmatory::P10896	negative	8681430580a6e93c9a5c5191318e81f81318672585060b391df6fac4041ca3f8	evaluation
dominant_to_calibration	confirmatory::P10965	negative	61a1c3521102b1f6415e80d7716f6a231e4ae45e7d681e751332bb0344c9ee73	calibration
dominant_to_calibration	confirmatory::P10968	negative	4b9e7bea9ce8ee8ae94698ef8499017333c8e1e95a44680dba3be60d8618dc01	calibration
dominant_to_calibration	confirmatory::P10973	negative	5041a1e1f60f70f4bccce3b8daeb631454e2f014bb557bfeaccf74d45d44c355	evaluation
dominant_to_calibration	confirmatory::P10975	negative	86cc21bca61bd87e3a544b53de63d4a85a51acbb0d64b5ad6e6e2ba8aa8ab938	evaluation
dominant_to_calibration	confirmatory::P10976	negative	34efdb7da6465528647a3456cde08984bda0ce26aa0261df4c8efe316d3e0938	evaluation
dominant_to_calibration	confirmatory::P11018	negative	1bb7a69c5ac8dff09d9743d7de36e3db00db59e8de64893c6df4fc99ac9601d3	evaluation
dominant_to_calibration	confirmatory::P11084	negative	369890e1b4fdd3f4d633bc750ce4706bc6a1c2d11deb58e010bd3f44230852d0	evaluation
dominant_to_calibration	confirmatory::P11150	negative	82e1c2f759ec8bf899994b4553b7d3cc20a8d7c5d625a051f6b6104ee4a7005f	calibration
dominant_to_calibration	confirmatory::P11151	negative	82e1c2f759ec8bf899994b4553b7d3cc20a8d7c5d625a051f6b6104ee4a7005f	calibration
dominant_to_calibration	confirmatory::P11152	negative	82e1c2f759ec8bf899994b4553b7d3cc20a8d7c5d625a051f6b6104ee4a7005f	calibration
dominant_to_calibration	confirmatory::P11153	negative	82e1c2f759ec8bf899994b4553b7d3cc20a8d7c5d625a051f6b6104ee4a7005f	calibration
dominant_to_calibration	confirmatory::P11226	negative	87d425c65ac584d5e4c581986c739f7692b2578e446bf382551a86cc21557ecd	calibration
dominant_to_calibration	confirmatory::P11404	negative	34b41219611ac71b39f94001659d257ef301dc42fb86d0ab1b2396d000b25f11	evaluation
dominant_to_calibration	confirmatory::P11493	negative	369890e1b4fdd3f4d633bc750ce4706bc6a1c2d11deb58e010bd3f44230852d0	evaluation
dominant_to_calibration	confirmatory::P11589	negative	ae072172ac565f240e9af5c41bfdfc0174476f5f1bc878f8c5aab26e7d89d267	calibration
dominant_to_calibration	confirmatory::P11590	negative	ae072172ac565f240e9af5c41bfdfc0174476f5f1bc878f8c5aab26e7d89d267	calibration
dominant_to_calibration	confirmatory::P11602	negative	82e1c2f759ec8bf899994b4553b7d3cc20a8d7c5d625a051f6b6104ee4a7005f	calibration
dominant_to_calibration	confirmatory::P11611	negative	369890e1b4fdd3f4d633bc750ce4706bc6a1c2d11deb58e010bd3f44230852d0	evaluation
dominant_to_calibration	confirmatory::P11612	negative	369890e1b4fdd3f4d633bc750ce4706bc6a1c2d11deb58e010bd3f44230852d0	evaluation
dominant_to_calibration	confirmatory::P11643	negative	f7a616fde5389141c0e4c34abab3803332ab61f9588c2aa0912a794e89fe69e4	calibration
dominant_to_calibration	confirmatory::P11670	negative	80265ba0cf707cc2b9ab56977abaa12643a893bd6a9a455337c6c3dedf45bd7a	calibration
dominant_to_calibration	confirmatory::P11672	negative	693191d81dad8633f117940437800dc383ce0e8e12178e775ecd55116c2bb03f	calibration
dominant_to_calibration	confirmatory::P11859	negative	34f3ebf727ba6962d09c497f53fa9a083064002a8920c85a4d004e89f0a534ef	evaluation
dominant_to_calibration	confirmatory::P11944	negative	7f8373716bb12737be8ec09b43b953fe2c4602353a222f10b3d8e035ef71d7b7	evaluation
dominant_to_calibration	confirmatory::P11955	negative	4b9e7bea9ce8ee8ae94698ef8499017333c8e1e95a44680dba3be60d8618dc01	calibration
dominant_to_calibration	confirmatory::P11967	negative	55927c04e923f511084010cf0858f6d88c365ae75b99c08d7e94a4aea9cd3a91	evaluation
dominant_to_calibration	confirmatory::P11969	negative	b7762ce85918a621bc4bf4c4e7657779c885d02f6b53a465f4762637db65c059	calibration
dominant_to_calibration	confirmatory::P12104	negative	34b41219611ac71b39f94001659d257ef301dc42fb86d0ab1b2396d000b25f11	evaluation
dominant_to_calibration	confirmatory::P12306	negative	7d0ca3f9691895ca753b0995d472ba0ed4112ebe7744b483b0fdcc5d2cb019b3	calibration
dominant_to_calibration	confirmatory::P12307	negative	7d0ca3f9691895ca753b0995d472ba0ed4112ebe7744b483b0fdcc5d2cb019b3	calibration
dominant_to_calibration	confirmatory::P12308	negative	7d0ca3f9691895ca753b0995d472ba0ed4112ebe7744b483b0fdcc5d2cb019b3	calibration
dominant_to_calibration	confirmatory::P12393	negative	f9534e3efac0d74a316b922bb3f4c16c7bf8f26e13f4090171964da8f70c843d	evaluation
dominant_to_calibration	confirmatory::P12547	negative	1bb7a69c5ac8dff09d9743d7de36e3db00db59e8de64893c6df4fc99ac9601d3	evaluation
dominant_to_calibration	confirmatory::P12656	negative	cd44ecfb0231fbe25976a913c1248001f954c4063e308617e008c4b65e1d218b	evaluation
dominant_to_calibration	confirmatory::P12704	negative	2ca3559869bf73bf1369b0778046227fe36990704ef03e92e809601ac40ebe65	evaluation
dominant_to_calibration	confirmatory::P12705	negative	2ca3559869bf73bf1369b0778046227fe36990704ef03e92e809601ac40ebe65	evaluation
dominant_to_calibration	confirmatory::P12706	negative	2ca3559869bf73bf1369b0778046227fe36990704ef03e92e809601ac40ebe65	evaluation
dominant_to_calibration	confirmatory::P12708	negative	2ca3559869bf73bf1369b0778046227fe36990704ef03e92e809601ac40ebe65	evaluation
dominant_to_calibration	confirmatory::P12763	negative	8aca6cf56151161615270e0611bfb487352bac7e999974bcc690200b9c87952d	evaluation
dominant_to_calibration	confirmatory::P12799	negative	450882407bb31af420e3fb498b86045252de225bcb0bc544cb192820b36d6e90	evaluation
dominant_to_calibration	confirmatory::P12804	negative	450882407bb31af420e3fb498b86045252de225bcb0bc544cb192820b36d6e90	evaluation
dominant_to_calibration	confirmatory::P12842	negative	87d425c65ac584d5e4c581986c739f7692b2578e446bf382551a86cc21557ecd	calibration
dominant_to_calibration	confirmatory::P12919	negative	2ce198fad98f14e4c4b8a256c59fcb869aedf9d88f10faac7815fcadcfa4fcaf	calibration
dominant_to_calibration	confirmatory::P12964	positive	bffd50f311a56dfd6af5ebbbaaa2cf322fc5dd972bc94e936745c25e7dddc26c	evaluation
dominant_to_calibration	confirmatory::P12982	negative	369890e1b4fdd3f4d633bc750ce4706bc6a1c2d11deb58e010bd3f44230852d0	evaluation
dominant_to_calibration	confirmatory::P12992	negative	d1c6ab564afa4059f4195e330c3f3d2fa72e6c258ca03ccbdb0ec294d4b10bcb	calibration
dominant_to_calibration	confirmatory::P13001	negative	d52af3aeba16f166910db4a02e939c6bcf3e5ff1879d6147eae4d668380d76f5	calibration
dominant_to_calibration	confirmatory::P13134	negative	0840af6d61e535996fdac85e4931f62ffc2b0d5e510092ed0bdf24addc0a25f9	evaluation
dominant_to_calibration	confirmatory::P13189	negative	0e86e9e3943105f0c02e336cf49e66419fe7933b4a9c56997c7bb8035f3c7a0a	evaluation
dominant_to_calibration	confirmatory::P13190	negative	2ca3559869bf73bf1369b0778046227fe36990704ef03e92e809601ac40ebe65	evaluation
dominant_to_calibration	confirmatory::P13205	negative	647101d05ac1f2ecd26e08607d52d4f9b44472080b1a8ccd64f4a5db8f7b357d	evaluation
dominant_to_calibration	confirmatory::P13213	negative	9f0d0cc0eeb47aec102bb846e184928d26abe3ecb8a62ebc0b78f49871b04459	evaluation
dominant_to_calibration	confirmatory::P13613	negative	7f8373716bb12737be8ec09b43b953fe2c4602353a222f10b3d8e035ef71d7b7	evaluation
dominant_to_calibration	confirmatory::P13671	negative	ba4d2614b5e550635440f4c6525e8134022aee773ce7679090791bd84dd97e71	evaluation
dominant_to_calibration	confirmatory::P13681	negative	369890e1b4fdd3f4d633bc750ce4706bc6a1c2d11deb58e010bd3f44230852d0	evaluation
dominant_to_calibration	confirmatory::P13686	negative	5f720ffdffee0343aa112bd6ae6fcfb774d18bbb2e61a319453a29f6f389cdbb	calibration
dominant_to_calibration	confirmatory::P13691	negative	35d13a1cc289640836024acc83c845fde380e96b1cf0d8530255ece3e5c4db55	calibration
dominant_to_calibration	confirmatory::P13698	negative	2ce198fad98f14e4c4b8a256c59fcb869aedf9d88f10faac7815fcadcfa4fcaf	calibration
dominant_to_calibration	confirmatory::P13727	negative	c9605184d2ac60712053781acb9550f62a513027605873cf8aac9c77211123de	calibration
dominant_to_calibration	confirmatory::P13731	negative	24376931396657e10ac6c36105371df550b6e383ddce8078df34654d799ae7e7	calibration
dominant_to_calibration	confirmatory::P13812	positive	2451f13c457744dae9f60e1835aad15e914ddd0aebf0f59541b154361515d0d0	evaluation
dominant_to_calibration	confirmatory::P13814	negative	9115b03cb3061d687b03fddc7be898a18890649d629080776e40a00b900bba11	calibration
dominant_to_calibration	confirmatory::P13815	negative	9115b03cb3061d687b03fddc7be898a18890649d629080776e40a00b900bba11	calibration
dominant_to_calibration	confirmatory::P13826	negative	9115b03cb3061d687b03fddc7be898a18890649d629080776e40a00b900bba11	calibration
dominant_to_calibration	confirmatory::P13943	negative	24063adf61b47696a5084aad279fba23bd2d452cb3a4e2a3d0222f5c61a60eb3	evaluation
dominant_to_calibration	confirmatory::P14356	negative	f0675842b81f11a9cfaf95c944d688ea7e441ad18b936fbe799cdcdede5dded1	evaluation
dominant_to_calibration	confirmatory::P14448	negative	450882407bb31af420e3fb498b86045252de225bcb0bc544cb192820b36d6e90	evaluation
dominant_to_calibration	confirmatory::P14480	negative	450882407bb31af420e3fb498b86045252de225bcb0bc544cb192820b36d6e90	evaluation
dominant_to_calibration	confirmatory::P14593	negative	9115b03cb3061d687b03fddc7be898a18890649d629080776e40a00b900bba11	calibration
dominant_to_calibration	confirmatory::P14608	positive	8e907e17b392d0933111ef70835d1c0bf6ed67bd8f87d94ebb0b1724daf0f3b4	evaluation
dominant_to_calibration	confirmatory::P14715	negative	61a1c3521102b1f6415e80d7716f6a231e4ae45e7d681e751332bb0344c9ee73	calibration
dominant_to_calibration	confirmatory::P14747	negative	80188e9791182b3a7d2f79c0e2ed86136b48ed6a049411d036b36313dbd8bbd5	calibration
dominant_to_calibration	confirmatory::P14780	negative	16ea83094b8a9f3846228c14f4dc27f1b4aac291005aa1d8eb490657405beb3e	calibration
dominant_to_calibration	confirmatory::P14916	negative	ea060f244e352de2544b388f1abc1899258898681ff665dbf7303805cc505276	calibration
dominant_to_calibration	confirmatory::P15090	negative	34b41219611ac71b39f94001659d257ef301dc42fb86d0ab1b2396d000b25f11	evaluation
dominant_to_calibration	confirmatory::P15131	negative	2f9db5b8fc00d830c93f9b2ca68277e3c487d58252f4703b40bcbe4291ba46f3	evaluation
dominant_to_calibration	confirmatory::P15312	negative	4b9e7bea9ce8ee8ae94698ef8499017333c8e1e95a44680dba3be60d8618dc01	calibration
dominant_to_calibration	confirmatory::P15322	negative	8f20d0c6980ead1e360a848d002432fd7be75037bb37add933645c20185679c7	evaluation
dominant_to_calibration	confirmatory::P15329	negative	2cc909198de5bc355e0ffb1e1231892043c8b30f779aa53c4a53c3b15b3891c0	evaluation
dominant_to_calibration	confirmatory::P15399	negative	f92a8e542977ec3d6dc95e8a0bde11a3a1290134ed49574133ebe628e0201670	evaluation
dominant_to_calibration	confirmatory::P15411	negative	50208ba7185986fdc3fd1b52d79feeb7da9b4c04f65a5deb9f7cc3291aa67f87	evaluation
dominant_to_calibration	confirmatory::P15438	negative	0e86e9e3943105f0c02e336cf49e66419fe7933b4a9c56997c7bb8035f3c7a0a	evaluation
dominant_to_calibration	confirmatory::P15458	negative	8f20d0c6980ead1e360a848d002432fd7be75037bb37add933645c20185679c7	evaluation
dominant_to_calibration	confirmatory::P15459	negative	8f20d0c6980ead1e360a848d002432fd7be75037bb37add933645c20185679c7	evaluation
dominant_to_calibration	confirmatory::P15460	negative	8f20d0c6980ead1e360a848d002432fd7be75037bb37add933645c20185679c7	evaluation
dominant_to_calibration	confirmatory::P15461	negative	8f20d0c6980ead1e360a848d002432fd7be75037bb37add933645c20185679c7	evaluation
dominant_to_calibration	confirmatory::P15465	negative	a9391150c2380a90cdb30684db5826c7630bbcf1027f48e160a0e0336a38d3f3	calibration
dominant_to_calibration	confirmatory::P15493	negative	78f76b1f5620b113df4637a3cb3ed2245ad6ee00952a71201ba7eda19f40a044	evaluation
dominant_to_calibration	confirmatory::P15728	negative	1d789eed8715def0e6e58288406f4209a724f5d38b7bef35e97aed53c2e85d83	evaluation
dominant_to_calibration	confirmatory::P15917	positive	b81940844549cf33aed8b39e19acb25b98f5c7901300504cebc805cba76ecf55	evaluation
dominant_to_calibration	confirmatory::P16061	negative	4b9e7bea9ce8ee8ae94698ef8499017333c8e1e95a44680dba3be60d8618dc01	calibration
dominant_to_calibration	confirmatory::P16109	negative	d56efa2c4fa76222614d0864fe50657e6fc587cd0e1890c25a37bf138b4b5f1a	evaluation
dominant_to_calibration	confirmatory::P16122	negative	ea060f244e352de2544b388f1abc1899258898681ff665dbf7303805cc505276	calibration
dominant_to_calibration	confirmatory::P16124	negative	ea060f244e352de2544b388f1abc1899258898681ff665dbf7303805cc505276	calibration
dominant_to_calibration	confirmatory::P16159	negative	f7a616fde5389141c0e4c34abab3803332ab61f9588c2aa0912a794e89fe69e4	calibration
dominant_to_calibration	confirmatory::P16298	negative	80188e9791182b3a7d2f79c0e2ed86136b48ed6a049411d036b36313dbd8bbd5	calibration
dominant_to_calibration	confirmatory::P16335	negative	d9d98dc87e5b735549104aaa10b275156aefccc1d0149a3b6d6311c042517850	calibration
dominant_to_calibration	confirmatory::P16339	negative	a04f844d77e86f77fef5659f42a8e50de04610e2d3480b1acd934bae2482310d	calibration
dominant_to_calibration	confirmatory::P16347	negative	61a1c3521102b1f6415e80d7716f6a231e4ae45e7d681e751332bb0344c9ee73	calibration
dominant_to_calibration	confirmatory::P16348	negative	bf30e013f16aa81ae1fa35895609c363048eab7576368053fb0f2db1dc661092	evaluation
dominant_to_calibration	confirmatory::P16350	negative	7d0ca3f9691895ca753b0995d472ba0ed4112ebe7744b483b0fdcc5d2cb019b3	calibration
dominant_to_calibration	confirmatory::P16396	negative	5e4fe47448b09e317eaeac505139493ace7f220a7f447de8590bd049d9c61961	calibration
dominant_to_calibration	confirmatory::P16501	negative	22908ea1541a1b07146f2bd28daaa95ec311bcc862f3182fe7289c27fc0bc4d0	evaluation
dominant_to_calibration	confirmatory::P16579	negative	4b9e7bea9ce8ee8ae94698ef8499017333c8e1e95a44680dba3be60d8618dc01	calibration
dominant_to_calibration	confirmatory::P16581	negative	d56efa2c4fa76222614d0864fe50657e6fc587cd0e1890c25a37bf138b4b5f1a	evaluation
dominant_to_calibration	confirmatory::P16613	negative	9d2bb9c0ec111008855c185d034a9f835f297b67d775b83c19cacc5a83480fca	calibration
dominant_to_calibration	confirmatory::P16708	negative	d69e36b58cc54a89ecbe8fca1fb8c091b1afad3efbb4b20f9354eaee1a337549	calibration
dominant_to_calibration	confirmatory::P16851	negative	f7a616fde5389141c0e4c34abab3803332ab61f9588c2aa0912a794e89fe69e4	calibration
dominant_to_calibration	confirmatory::P16854	negative	d1c6ab564afa4059f4195e330c3f3d2fa72e6c258ca03ccbdb0ec294d4b10bcb	calibration
dominant_to_calibration	confirmatory::P16893	negative	8927deb3d36b81872f02f6f2fa6723ab07c6e1431a67fe41e943be1849602b11	evaluation
dominant_to_calibration	confirmatory::P16969	negative	f7a616fde5389141c0e4c34abab3803332ab61f9588c2aa0912a794e89fe69e4	calibration
dominant_to_calibration	confirmatory::P16975	negative	9f0d0cc0eeb47aec102bb846e184928d26abe3ecb8a62ebc0b78f49871b04459	evaluation
dominant_to_calibration	confirmatory::P17085	negative	22908ea1541a1b07146f2bd28daaa95ec311bcc862f3182fe7289c27fc0bc4d0	evaluation
dominant_to_calibration	confirmatory::P17086	negative	ea060f244e352de2544b388f1abc1899258898681ff665dbf7303805cc505276	calibration
dominant_to_calibration	confirmatory::P17088	negative	ea060f244e352de2544b388f1abc1899258898681ff665dbf7303805cc505276	calibration
dominant_to_calibration	confirmatory::P17314	negative	f7a616fde5389141c0e4c34abab3803332ab61f9588c2aa0912a794e89fe69e4	calibration
dominant_to_calibration	confirmatory::P17573	negative	d1c6ab564afa4059f4195e330c3f3d2fa72e6c258ca03ccbdb0ec294d4b10bcb	calibration
dominant_to_calibration	confirmatory::P17634	negative	450882407bb31af420e3fb498b86045252de225bcb0bc544cb192820b36d6e90	evaluation
dominant_to_calibration	confirmatory::P17647	negative	22908ea1541a1b07146f2bd28daaa95ec311bcc862f3182fe7289c27fc0bc4d0	evaluation
dominant_to_calibration	confirmatory::P17680	negative	b7762ce85918a621bc4bf4c4e7657779c885d02f6b53a465f4762637db65c059	calibration
dominant_to_calibration	confirmatory::P17684	positive	c0c8d874268e34a7cd295b578b8e8db0a4e767b67b854e0bbf197efcf8d61662	evaluation
dominant_to_calibration	confirmatory::P17715	negative	2ca3559869bf73bf1369b0778046227fe36990704ef03e92e809601ac40ebe65	evaluation
dominant_to_calibration	confirmatory::P17892	negative	82e1c2f759ec8bf899994b4553b7d3cc20a8d7c5d625a051f6b6104ee4a7005f	calibration
dominant_to_calibration	confirmatory::P17901	negative	6c3f4d70b3376373f5b8ac648ac38f3b95d784e53784313b87746c19ff4d68a6	evaluation
dominant_to_calibration	confirmatory::P17979	negative	bf30e013f16aa81ae1fa35895609c363048eab7576368053fb0f2db1dc661092	evaluation
dominant_to_calibration	confirmatory::P17980	negative	23d5a3bd524d30d0ed03bfe373885d5527e4035c98c411d13a9667a063013c6e	calibration
dominant_to_calibration	confirmatory::P18107	negative	55927c04e923f511084010cf0858f6d88c365ae75b99c08d7e94a4aea9cd3a91	evaluation
dominant_to_calibration	confirmatory::P18109	negative	2ca3559869bf73bf1369b0778046227fe36990704ef03e92e809601ac40ebe65	evaluation
dominant_to_calibration	confirmatory::P18167	negative	d1c6ab564afa4059f4195e330c3f3d2fa72e6c258ca03ccbdb0ec294d4b10bcb	calibration
dominant_to_calibration	confirmatory::P18314	negative	ea060f244e352de2544b388f1abc1899258898681ff665dbf7303805cc505276	calibration
dominant_to_calibration	confirmatory::P18316	negative	ea060f244e352de2544b388f1abc1899258898681ff665dbf7303805cc505276	calibration
dominant_to_calibration	confirmatory::P18337	negative	d56efa2c4fa76222614d0864fe50657e6fc587cd0e1890c25a37bf138b4b5f1a	evaluation
dominant_to_calibration	confirmatory::P18384	negative	d1c310bf0ba6d0096f9d7112c268048f8ec36ff308e6ee6aed1e927cb41d53a5	evaluation
dominant_to_calibration	confirmatory::P18395	negative	e9de1a2f7cb129c07a0f04ae08efba495b6b821d03abf1fa01ce52ae6c31c28f	calibration
dominant_to_calibration	confirmatory::P18406	negative	80411b172a57342a9e6ff35099764047f561bf1337df03f29cf013ee3a7b28d0	calibration
dominant_to_calibration	confirmatory::P18509	negative	9d2bb9c0ec111008855c185d034a9f835f297b67d775b83c19cacc5a83480fca	calibration
dominant_to_calibration	confirmatory::P18708	negative	66982e869380038efc306798aae7ce2e1fae56c06d7dfce80d3e44d1d4b5c3dc	calibration
dominant_to_calibration	confirmatory::P18759	negative	66982e869380038efc306798aae7ce2e1fae56c06d7dfce80d3e44d1d4b5c3dc	calibration
dominant_to_calibration	confirmatory::P18842	negative	cd44ecfb0231fbe25976a913c1248001f954c4063e308617e008c4b65e1d218b	evaluation
dominant_to_calibration	confirmatory::P18902	negative	c82f4a3ea808a94af9f0fd360da5430293718adb20211aa3407793363c52542d	evaluation
dominant_to_calibration	confirmatory::P18908	negative	08528be7fd341aa6992306d6cc2dcd129232b8b4cd83081db737fc35b1f465a3	evaluation
dominant_to_calibration	confirmatory::P19313	negative	e762a34e2879fb89badf3aefde610ff9d5414dd0791ef2899f47f15931593ae4	calibration
dominant_to_calibration	confirmatory::P19324	negative	24376931396657e10ac6c36105371df550b6e383ddce8078df34654d799ae7e7	calibration
dominant_to_calibration	confirmatory::P19336	negative	80411b172a57342a9e6ff35099764047f561bf1337df03f29cf013ee3a7b28d0	calibration
dominant_to_calibration	confirmatory::P19477	negative	450882407bb31af420e3fb498b86045252de225bcb0bc544cb192820b36d6e90	evaluation
dominant_to_calibration	confirmatory::P19597	negative	9115b03cb3061d687b03fddc7be898a18890649d629080776e40a00b900bba11	calibration
dominant_to_calibration	confirmatory::P19647	negative	7f8373716bb12737be8ec09b43b953fe2c4602353a222f10b3d8e035ef71d7b7	evaluation
dominant_to_calibration	confirmatory::P19652	negative	1a35ad91798a026bcdebde68ed0eb5d253ad56aad3ddf29531a071fb44d8d05e	calibration
dominant_to_calibration	confirmatory::P19656	negative	34efdb7da6465528647a3456cde08984bda0ce26aa0261df4c8efe316d3e0938	evaluation
dominant_to_calibration	confirmatory::P19794	negative	cd44ecfb0231fbe25976a913c1248001f954c4063e308617e008c4b65e1d218b	evaluation
dominant_to_calibration	confirmatory::P19884	negative	780632a2b78e928a1a0233a9237a2deb499859d4cb703b9b85c05b6bf0ae4e2d	evaluation
dominant_to_calibration	confirmatory::P20033	negative	2ce198fad98f14e4c4b8a256c59fcb869aedf9d88f10faac7815fcadcfa4fcaf	calibration
dominant_to_calibration	confirmatory::P20112	negative	9f0d0cc0eeb47aec102bb846e184928d26abe3ecb8a62ebc0b78f49871b04459	evaluation
dominant_to_calibration	confirmatory::P20145	negative	6b111aaea1b14ddb814846a85c23e172f370297153b0c3e30d310f7fcbc01eb9	evaluation
dominant_to_calibration	confirmatory::P20261	negative	d1c6ab564afa4059f4195e330c3f3d2fa72e6c258ca03ccbdb0ec294d4b10bcb	calibration
dominant_to_calibration	confirmatory::P20289	negative	5892961fd93913083308b146da1de4c67d025258b98b350e84083bba8418fbd1	calibration
dominant_to_calibration	confirmatory::P20347	negative	bf30e013f16aa81ae1fa35895609c363048eab7576368053fb0f2db1dc661092	evaluation
dominant_to_calibration	confirmatory::P20462	negative	d87f2bfde3ae8d818bbd095045befab0b7f01c0598e4fbe4ed8a7ca944c82594	evaluation
dominant_to_calibration	confirmatory::P20532	negative	d1c310bf0ba6d0096f9d7112c268048f8ec36ff308e6ee6aed1e927cb41d53a5	evaluation
dominant_to_calibration	confirmatory::P20604	negative	369890e1b4fdd3f4d633bc750ce4706bc6a1c2d11deb58e010bd3f44230852d0	evaluation
dominant_to_calibration	confirmatory::P20651	negative	80188e9791182b3a7d2f79c0e2ed86136b48ed6a049411d036b36313dbd8bbd5	calibration
dominant_to_calibration	confirmatory::P20654	negative	369890e1b4fdd3f4d633bc750ce4706bc6a1c2d11deb58e010bd3f44230852d0	evaluation
dominant_to_calibration	confirmatory::P20749	negative	f3f20b6381602f1fa9d38f08b644cca24a343b2bae0205e1726918da57ad14fe	calibration
dominant_to_calibration	confirmatory::P20757	negative	34f3ebf727ba6962d09c497f53fa9a083064002a8920c85a4d004e89f0a534ef	evaluation
dominant_to_calibration	confirmatory::P20841	negative	34a667a0644883d9b39dd7dce4cee33580204b0e824198cf10437a5c0d5a367c	calibration
dominant_to_calibration	confirmatory::P20842	negative	d4b8fd03a3caaecd44d5b548daa02c315b9633db3506830623271b9a37653456	calibration
dominant_to_calibration	confirmatory::P20937	negative	7d60fd5c92dfb8bcae8595a5e485074f20595c0030d55c37b8423232e0a10ed8	evaluation
dominant_to_calibration	confirmatory::P21227	negative	4b9e7bea9ce8ee8ae94698ef8499017333c8e1e95a44680dba3be60d8618dc01	calibration
dominant_to_calibration	confirmatory::P21350	negative	1a35ad91798a026bcdebde68ed0eb5d253ad56aad3ddf29531a071fb44d8d05e	calibration
dominant_to_calibration	confirmatory::P21370	negative	d1c6ab564afa4059f4195e330c3f3d2fa72e6c258ca03ccbdb0ec294d4b10bcb	calibration
dominant_to_calibration	confirmatory::P21460	negative	e762a34e2879fb89badf3aefde610ff9d5414dd0791ef2899f47f15931593ae4	calibration
dominant_to_calibration	confirmatory::P21520	negative	450882407bb31af420e3fb498b86045252de225bcb0bc544cb192820b36d6e90	evaluation
dominant_to_calibration	confirmatory::P21661	negative	da1f730a80c0f0ed1f9303734404705fa18285380f99e8c78185dd847cf60b39	calibration
dominant_to_calibration	confirmatory::P21664	negative	7f8373716bb12737be8ec09b43b953fe2c4602353a222f10b3d8e035ef71d7b7	evaluation
dominant_to_calibration	confirmatory::P21692	negative	24063adf61b47696a5084aad279fba23bd2d452cb3a4e2a3d0222f5c61a60eb3	evaluation
dominant_to_calibration	confirmatory::P21755	negative	87d425c65ac584d5e4c581986c739f7692b2578e446bf382551a86cc21557ecd	calibration
dominant_to_calibration	confirmatory::P21760	negative	fff12e77db30d8d5054c219a61e7eadca02694fd845a38e729300f128215237b	evaluation
dominant_to_calibration	confirmatory::P21808	negative	50208ba7185986fdc3fd1b52d79feeb7da9b4c04f65a5deb9f7cc3291aa67f87	evaluation
dominant_to_calibration	confirmatory::P21814	negative	d69e36b58cc54a89ecbe8fca1fb8c091b1afad3efbb4b20f9354eaee1a337549	calibration
dominant_to_calibration	confirmatory::P21837	negative	d1c6ab564afa4059f4195e330c3f3d2fa72e6c258ca03ccbdb0ec294d4b10bcb	calibration
dominant_to_calibration	confirmatory::P21854	negative	d7b2cd3570a0ef3c88b208142c6188b437461d7da4d7aef53af7d47fa44509d1	calibration
dominant_to_calibration	confirmatory::P21956	negative	67b28ba5e81d277aab432e8590ea0314688bb8591ebef3ca06a6935723ff3652	evaluation
dominant_to_calibration	confirmatory::P22057	negative	fff12e77db30d8d5054c219a61e7eadca02694fd845a38e729300f128215237b	evaluation
dominant_to_calibration	confirmatory::P22074	negative	204d40fbc84d9f6e5ccc5cdd1588762f941299e1889fd7a44dc79a3f65ebfaa4	calibration
dominant_to_calibration	confirmatory::P22088	negative	78f76b1f5620b113df4637a3cb3ed2245ad6ee00952a71201ba7eda19f40a044	evaluation
dominant_to_calibration	confirmatory::P22297	negative	8a5a44f2e2e496be9e977eb7d5eeb2900aeae32a7a76e47038a2b59a653714f1	evaluation
dominant_to_calibration	confirmatory::P22334	negative	2ca3559869bf73bf1369b0778046227fe36990704ef03e92e809601ac40ebe65	evaluation
dominant_to_calibration	confirmatory::P22394	negative	d1c6ab564afa4059f4195e330c3f3d2fa72e6c258ca03ccbdb0ec294d4b10bcb	calibration
dominant_to_calibration	confirmatory::P22542	positive	e77bf3f78a655950f3c6aa82f9efde5934174847ed4cfa0f9e1fe8fc227e1612	evaluation
dominant_to_calibration	confirmatory::P22618	negative	22908ea1541a1b07146f2bd28daaa95ec311bcc862f3182fe7289c27fc0bc4d0	evaluation
dominant_to_calibration	confirmatory::P22757	negative	24063adf61b47696a5084aad279fba23bd2d452cb3a4e2a3d0222f5c61a60eb3	evaluation
dominant_to_calibration	confirmatory::P22848	negative	892ba1855928808c3310b3b648ebd941285e5ffc6df4932601755ed99ba9846b	calibration
dominant_to_calibration	confirmatory::P22862	negative	4da363a0ba276eafe635d84d1b81e46c4bac3b404865716eba9e051acd5578f3	calibration
dominant_to_calibration	confirmatory::P22890	negative	0e86e9e3943105f0c02e336cf49e66419fe7933b4a9c56997c7bb8035f3c7a0a	evaluation
dominant_to_calibration	confirmatory::P22894	negative	24063adf61b47696a5084aad279fba23bd2d452cb3a4e2a3d0222f5c61a60eb3	evaluation
dominant_to_calibration	confirmatory::P22969	negative	780632a2b78e928a1a0233a9237a2deb499859d4cb703b9b85c05b6bf0ae4e2d	evaluation
dominant_to_calibration	confirmatory::P23093	negative	a55b5b645cc74959297f4c5ce0af51f2a6ed700db67af5e46f7d78d48e11ff47	calibration
dominant_to_calibration	confirmatory::P23110	negative	8f20d0c6980ead1e360a848d002432fd7be75037bb37add933645c20185679c7	evaluation
dominant_to_calibration	confirmatory::P23188	negative	da1f730a80c0f0ed1f9303734404705fa18285380f99e8c78185dd847cf60b39	calibration
dominant_to_calibration	confirmatory::P23287	negative	80188e9791182b3a7d2f79c0e2ed86136b48ed6a049411d036b36313dbd8bbd5	calibration
dominant_to_calibration	confirmatory::P23377	negative	da1f730a80c0f0ed1f9303734404705fa18285380f99e8c78185dd847cf60b39	calibration
dominant_to_calibration	confirmatory::P23499	negative	9f0d0cc0eeb47aec102bb846e184928d26abe3ecb8a62ebc0b78f49871b04459	evaluation
dominant_to_calibration	confirmatory::P23594	negative	369890e1b4fdd3f4d633bc750ce4706bc6a1c2d11deb58e010bd3f44230852d0	evaluation
dominant_to_calibration	confirmatory::P23595	negative	369890e1b4fdd3f4d633bc750ce4706bc6a1c2d11deb58e010bd3f44230852d0	evaluation
dominant_to_calibration	confirmatory::P23635	negative	369890e1b4fdd3f4d633bc750ce4706bc6a1c2d11deb58e010bd3f44230852d0	evaluation
dominant_to_calibration	confirmatory::P23636	negative	369890e1b4fdd3f4d633bc750ce4706bc6a1c2d11deb58e010bd3f44230852d0	evaluation
dominant_to_calibration	confirmatory::P23653	negative	1bb7a69c5ac8dff09d9743d7de36e3db00db59e8de64893c6df4fc99ac9601d3	evaluation
dominant_to_calibration	confirmatory::P23694	positive	010725d59e96e3fda4d94277a3aea4cbb29fcf35ffb4cf0a27665a8b212662d3	evaluation
dominant_to_calibration	confirmatory::P23696	negative	369890e1b4fdd3f4d633bc750ce4706bc6a1c2d11deb58e010bd3f44230852d0	evaluation
dominant_to_calibration	confirmatory::P23802	negative	34efdb7da6465528647a3456cde08984bda0ce26aa0261df4c8efe316d3e0938	evaluation
dominant_to_calibration	confirmatory::P23805	negative	87d425c65ac584d5e4c581986c739f7692b2578e446bf382551a86cc21557ecd	calibration
dominant_to_calibration	confirmatory::P23880	negative	369890e1b4fdd3f4d633bc750ce4706bc6a1c2d11deb58e010bd3f44230852d0	evaluation
dominant_to_calibration	confirmatory::P23916	negative	55c261a3be2da6ae999088ab98a72e1d788658ec02ca4cad94a477bda1c26401	evaluation
dominant_to_calibration	confirmatory::P23974	negative	befad89848da54c0c804dc15767419d3b8490e08279bc8768126939171c2ae0a	evaluation
dominant_to_calibration	confirmatory::P24054	negative	9f0d0cc0eeb47aec102bb846e184928d26abe3ecb8a62ebc0b78f49871b04459	evaluation
dominant_to_calibration	confirmatory::P24090	negative	8aca6cf56151161615270e0611bfb487352bac7e999974bcc690200b9c87952d	evaluation
dominant_to_calibration	confirmatory::P24091	negative	4b9e7bea9ce8ee8ae94698ef8499017333c8e1e95a44680dba3be60d8618dc01	calibration
dominant_to_calibration	confirmatory::P24259	negative	08528be7fd341aa6992306d6cc2dcd129232b8b4cd83081db737fc35b1f465a3	evaluation
dominant_to_calibration	confirmatory::P24296	negative	86cc21bca61bd87e3a544b53de63d4a85a51acbb0d64b5ad6e6e2ba8aa8ab938	evaluation
dominant_to_calibration	confirmatory::P24309	negative	0979449cdc194fdff7dab96f55c2a10e5e5abd2d3843d67e604751e8e5fe90dd	evaluation
dominant_to_calibration	confirmatory::P24347	negative	24063adf61b47696a5084aad279fba23bd2d452cb3a4e2a3d0222f5c61a60eb3	evaluation
dominant_to_calibration	confirmatory::P24419	positive	41a6f7bfd85cbbcb6bb213abf0d78ff802f00bf0b967375c1849df62a795df1e	evaluation
dominant_to_calibration	confirmatory::P24526	negative	34b41219611ac71b39f94001659d257ef301dc42fb86d0ab1b2396d000b25f11	evaluation
dominant_to_calibration	confirmatory::P24565	negative	8f20d0c6980ead1e360a848d002432fd7be75037bb37add933645c20185679c7	evaluation
dominant_to_calibration	confirmatory::P24626	negative	4b9e7bea9ce8ee8ae94698ef8499017333c8e1e95a44680dba3be60d8618dc01	calibration
dominant_to_calibration	confirmatory::P24774	negative	c82f4a3ea808a94af9f0fd360da5430293718adb20211aa3407793363c52542d	evaluation
dominant_to_calibration	confirmatory::P24775	negative	c82f4a3ea808a94af9f0fd360da5430293718adb20211aa3407793363c52542d	evaluation
dominant_to_calibration	confirmatory::P25026	negative	4da363a0ba276eafe635d84d1b81e46c4bac3b404865716eba9e051acd5578f3	calibration
dominant_to_calibration	confirmatory::P25036	negative	1bb7a69c5ac8dff09d9743d7de36e3db00db59e8de64893c6df4fc99ac9601d3	evaluation
dominant_to_calibration	confirmatory::P25227	negative	1a35ad91798a026bcdebde68ed0eb5d253ad56aad3ddf29531a071fb44d8d05e	calibration
dominant_to_calibration	confirmatory::P25272	negative	91bd60dabb882867c24e7bc1c3c50d5e623a99ff781af028e7ff380940a7501d	evaluation
dominant_to_calibration	confirmatory::P25273	negative	91bd60dabb882867c24e7bc1c3c50d5e623a99ff781af028e7ff380940a7501d	evaluation
dominant_to_calibration	confirmatory::P25307	negative	6efbf362bb3f2f33889d5c4d84916fe4ded1ec3b26191c3d9d799206b1ed62d8	evaluation
dominant_to_calibration	confirmatory::P25330	negative	cd44ecfb0231fbe25976a913c1248001f954c4063e308617e008c4b65e1d218b	evaluation
dominant_to_calibration	confirmatory::P25381	negative	c3bd830283456a33263d241ca9979ea2d839c0fe1e9892fca9f48e47420c941b	calibration
dominant_to_calibration	confirmatory::P25430	negative	51385e6e160d21dca4628f1419d83264658dadb6c8828093ced5feae2217388d	evaluation
dominant_to_calibration	confirmatory::P25431	negative	51385e6e160d21dca4628f1419d83264658dadb6c8828093ced5feae2217388d	evaluation
dominant_to_calibration	confirmatory::P25436	negative	51385e6e160d21dca4628f1419d83264658dadb6c8828093ced5feae2217388d	evaluation
dominant_to_calibration	confirmatory::P25472	negative	e94dacc570456da10aa3b2ce453ed8bf2998fbc96c2bd27c92ae791686b52f44	evaluation
dominant_to_calibration	confirmatory::P25694	negative	199e5e746f1a78658450a2ba041b79aef49bbb4feb4fdafedee11b7288c9ede8	calibration
dominant_to_calibration	confirmatory::P25700	negative	91bd60dabb882867c24e7bc1c3c50d5e623a99ff781af028e7ff380940a7501d	evaluation
dominant_to_calibration	confirmatory::P25725	negative	d1c6ab564afa4059f4195e330c3f3d2fa72e6c258ca03ccbdb0ec294d4b10bcb	calibration
dominant_to_calibration	confirmatory::P25726	negative	d1c6ab564afa4059f4195e330c3f3d2fa72e6c258ca03ccbdb0ec294d4b10bcb	calibration
dominant_to_calibration	confirmatory::P25727	negative	d1c6ab564afa4059f4195e330c3f3d2fa72e6c258ca03ccbdb0ec294d4b10bcb	calibration
dominant_to_calibration	confirmatory::P25765	negative	4b9e7bea9ce8ee8ae94698ef8499017333c8e1e95a44680dba3be60d8618dc01	calibration
dominant_to_calibration	confirmatory::P25799	negative	a57533e38099ea960ab1f9d4350d4e3eb6a919a313090b8648660eab8a5859d5	calibration
dominant_to_calibration	confirmatory::P25849	negative	b7762ce85918a621bc4bf4c4e7657779c885d02f6b53a465f4762637db65c059	calibration
dominant_to_calibration	confirmatory::P25850	negative	b7762ce85918a621bc4bf4c4e7657779c885d02f6b53a465f4762637db65c059	calibration
dominant_to_calibration	confirmatory::P25973	negative	59a7c73ad4f71325dc069b3b56a6706bf834b27f6842c0393bb71d87efb0b3c8	calibration
dominant_to_calibration	confirmatory::P26224	negative	7df91d0f17b059c85def1e13f02898d0f232a92a24459cb6e37deaeeff7d06b3	calibration
dominant_to_calibration	confirmatory::P26504	negative	6cfe2152c18d279eb73119129f4b999746e2d0ac60096d4ba53850d331b314bc	calibration
dominant_to_calibration	confirmatory::P26570	negative	369890e1b4fdd3f4d633bc750ce4706bc6a1c2d11deb58e010bd3f44230852d0	evaluation
dominant_to_calibration	confirmatory::P26694	negative	9115b03cb3061d687b03fddc7be898a18890649d629080776e40a00b900bba11	calibration
dominant_to_calibration	confirmatory::P26717	negative	ba638047c24605d7840baa21456a792eb87dea0d635a9d6b405f0050d0dcb588	evaluation
dominant_to_calibration	confirmatory::P26726	negative	50208ba7185986fdc3fd1b52d79feeb7da9b4c04f65a5deb9f7cc3291aa67f87	evaluation
dominant_to_calibration	confirmatory::P26727	negative	50208ba7185986fdc3fd1b52d79feeb7da9b4c04f65a5deb9f7cc3291aa67f87	evaluation
dominant_to_calibration	confirmatory::P26728	negative	50208ba7185986fdc3fd1b52d79feeb7da9b4c04f65a5deb9f7cc3291aa67f87	evaluation
dominant_to_calibration	confirmatory::P26729	negative	50208ba7185986fdc3fd1b52d79feeb7da9b4c04f65a5deb9f7cc3291aa67f87	evaluation
dominant_to_calibration	confirmatory::P26730	negative	50208ba7185986fdc3fd1b52d79feeb7da9b4c04f65a5deb9f7cc3291aa67f87	evaluation
dominant_to_calibration	confirmatory::P26733	negative	50208ba7185986fdc3fd1b52d79feeb7da9b4c04f65a5deb9f7cc3291aa67f87	evaluation
dominant_to_calibration	confirmatory::P26734	negative	50208ba7185986fdc3fd1b52d79feeb7da9b4c04f65a5deb9f7cc3291aa67f87	evaluation
dominant_to_calibration	confirmatory::P26735	negative	50208ba7185986fdc3fd1b52d79feeb7da9b4c04f65a5deb9f7cc3291aa67f87	evaluation
dominant_to_calibration	confirmatory::P26736	negative	50208ba7185986fdc3fd1b52d79feeb7da9b4c04f65a5deb9f7cc3291aa67f87	evaluation
dominant_to_calibration	confirmatory::P26737	negative	50208ba7185986fdc3fd1b52d79feeb7da9b4c04f65a5deb9f7cc3291aa67f87	evaluation
dominant_to_calibration	confirmatory::P26738	negative	50208ba7185986fdc3fd1b52d79feeb7da9b4c04f65a5deb9f7cc3291aa67f87	evaluation
dominant_to_calibration	confirmatory::P26739	negative	50208ba7185986fdc3fd1b52d79feeb7da9b4c04f65a5deb9f7cc3291aa67f87	evaluation
dominant_to_calibration	confirmatory::P26740	negative	50208ba7185986fdc3fd1b52d79feeb7da9b4c04f65a5deb9f7cc3291aa67f87	evaluation
dominant_to_calibration	confirmatory::P26741	negative	50208ba7185986fdc3fd1b52d79feeb7da9b4c04f65a5deb9f7cc3291aa67f87	evaluation
dominant_to_calibration	confirmatory::P26743	negative	50208ba7185986fdc3fd1b52d79feeb7da9b4c04f65a5deb9f7cc3291aa67f87	evaluation
dominant_to_calibration	confirmatory::P26771	negative	b7762ce85918a621bc4bf4c4e7657779c885d02f6b53a465f4762637db65c059	calibration
dominant_to_calibration	confirmatory::P26780	negative	eb85637eb8a3dcfa0688f0ce39ddbef7c38775a667e3c17295d08b1fe44192ff	calibration
dominant_to_calibration	confirmatory::P26877	negative	78f76b1f5620b113df4637a3cb3ed2245ad6ee00952a71201ba7eda19f40a044	evaluation
dominant_to_calibration	confirmatory::P26913	negative	34efdb7da6465528647a3456cde08984bda0ce26aa0261df4c8efe316d3e0938	evaluation
dominant_to_calibration	confirmatory::P26929	negative	ea060f244e352de2544b388f1abc1899258898681ff665dbf7303805cc505276	calibration
dominant_to_calibration	confirmatory::P26986	negative	9a3dfb845640fb89c5b0d5f56ba2397ead313b9180f78d550b63f8ae3d945428	evaluation
dominant_to_calibration	confirmatory::P27054	negative	4b9e7bea9ce8ee8ae94698ef8499017333c8e1e95a44680dba3be60d8618dc01	calibration
dominant_to_calibration	confirmatory::P27056	negative	86cc21bca61bd87e3a544b53de63d4a85a51acbb0d64b5ad6e6e2ba8aa8ab938	evaluation
dominant_to_calibration	confirmatory::P27113	negative	d56efa2c4fa76222614d0864fe50657e6fc587cd0e1890c25a37bf138b4b5f1a	evaluation
dominant_to_calibration	confirmatory::P27275	negative	6bf10ff544d361595013b8c62ea5f1fc1e336454f9f958fa57a64751a6f09c2d	calibration
dominant_to_calibration	confirmatory::P27485	negative	c82f4a3ea808a94af9f0fd360da5430293718adb20211aa3407793363c52542d	evaluation
dominant_to_calibration	confirmatory::P27587	negative	6ac1b49bb9b83f44ec21a04257eb9539101727d66d2b0a520e3fcc25716e7fa0	calibration
dominant_to_calibration	confirmatory::P27631	negative	86cc21bca61bd87e3a544b53de63d4a85a51acbb0d64b5ad6e6e2ba8aa8ab938	evaluation
dominant_to_calibration	confirmatory::P27740	negative	8f20d0c6980ead1e360a848d002432fd7be75037bb37add933645c20185679c7	evaluation
dominant_to_calibration	confirmatory::P27767	negative	cd44ecfb0231fbe25976a913c1248001f954c4063e308617e008c4b65e1d218b	evaluation
dominant_to_calibration	confirmatory::P27814	negative	8b82ebf287b833af4d036924547c8249a2374ba8620909e97c73d9f10372ee04	calibration
dominant_to_calibration	confirmatory::P27878	negative	6ac1b49bb9b83f44ec21a04257eb9539101727d66d2b0a520e3fcc25716e7fa0	calibration
dominant_to_calibration	confirmatory::P27918	negative	044998ee53301f25e1da9826d8ad8a58142a4d54a3309f642f4808d2ffb2d10e	evaluation
dominant_to_calibration	confirmatory::P28031	positive	49cc9610b7eb044f650ffb45bbcbb375b8abdf2470afa951e17675f351528d01	evaluation
dominant_to_calibration	confirmatory::P28041	negative	f7a616fde5389141c0e4c34abab3803332ab61f9588c2aa0912a794e89fe69e4	calibration
dominant_to_calibration	confirmatory::P28053	negative	24063adf61b47696a5084aad279fba23bd2d452cb3a4e2a3d0222f5c61a60eb3	evaluation
dominant_to_calibration	confirmatory::P28296	negative	1bb7a69c5ac8dff09d9743d7de36e3db00db59e8de64893c6df4fc99ac9601d3	evaluation
dominant_to_calibration	confirmatory::P28325	negative	e762a34e2879fb89badf3aefde610ff9d5414dd0791ef2899f47f15931593ae4	calibration
dominant_to_calibration	confirmatory::P28576	negative	2ce198fad98f14e4c4b8a256c59fcb869aedf9d88f10faac7815fcadcfa4fcaf	calibration
dominant_to_calibration	confirmatory::P28737	negative	9be8126a2dbfcd7513074efb8f97e42b52a270b713971328a72dcad11b7a1f84	evaluation
dominant_to_calibration	confirmatory::P28840	negative	da1f730a80c0f0ed1f9303734404705fa18285380f99e8c78185dd847cf60b39	calibration
dominant_to_calibration	confirmatory::P28841	negative	da1f730a80c0f0ed1f9303734404705fa18285380f99e8c78185dd847cf60b39	calibration
dominant_to_calibration	confirmatory::P28862	negative	24063adf61b47696a5084aad279fba23bd2d452cb3a4e2a3d0222f5c61a60eb3	evaluation
dominant_to_calibration	confirmatory::P28863	negative	24063adf61b47696a5084aad279fba23bd2d452cb3a4e2a3d0222f5c61a60eb3	evaluation
dominant_to_calibration	confirmatory::P29031	negative	4b9e7bea9ce8ee8ae94698ef8499017333c8e1e95a44680dba3be60d8618dc01	calibration
dominant_to_calibration	confirmatory::P29032	negative	4b9e7bea9ce8ee8ae94698ef8499017333c8e1e95a44680dba3be60d8618dc01	calibration
dominant_to_calibration	confirmatory::P29071	negative	55927c04e923f511084010cf0858f6d88c365ae75b99c08d7e94a4aea9cd3a91	evaluation
dominant_to_calibration	confirmatory::P29119	negative	da1f730a80c0f0ed1f9303734404705fa18285380f99e8c78185dd847cf60b39	calibration
dominant_to_calibration	confirmatory::P29120	negative	da1f730a80c0f0ed1f9303734404705fa18285380f99e8c78185dd847cf60b39	calibration
dominant_to_calibration	confirmatory::P29122	negative	da1f730a80c0f0ed1f9303734404705fa18285380f99e8c78185dd847cf60b39	calibration
dominant_to_calibration	confirmatory::P29136	negative	d017fd0721e73202cadd9ae3298bfac8bb3fb75187118a3bf8c61e4be5e4e8e8	evaluation
dominant_to_calibration	confirmatory::P29141	negative	88f674bc080314f602c035ecc3b280e847c63a5dcca63de81cc88f0ef5e29401	calibration
dominant_to_calibration	confirmatory::P29142	negative	1bb7a69c5ac8dff09d9743d7de36e3db00db59e8de64893c6df4fc99ac9601d3	evaluation
dominant_to_calibration	confirmatory::P29143	negative	df5070cd63468908d7ff5dc25c50b27c1be33547707ff62e32f90f7ac877709f	calibration
dominant_to_calibration	confirmatory::P29145	negative	da1f730a80c0f0ed1f9303734404705fa18285380f99e8c78185dd847cf60b39	calibration
dominant_to_calibration	confirmatory::P29174	negative	e9de1a2f7cb129c07a0f04ae08efba495b6b821d03abf1fa01ce52ae6c31c28f	calibration
dominant_to_calibration	confirmatory::P29183	negative	82e1c2f759ec8bf899994b4553b7d3cc20a8d7c5d625a051f6b6104ee4a7005f	calibration
dominant_to_calibration	confirmatory::P29203	negative	55927c04e923f511084010cf0858f6d88c365ae75b99c08d7e94a4aea9cd3a91	evaluation
dominant_to_calibration	confirmatory::P29204	negative	55927c04e923f511084010cf0858f6d88c365ae75b99c08d7e94a4aea9cd3a91	evaluation
dominant_to_calibration	confirmatory::P29205	negative	55927c04e923f511084010cf0858f6d88c365ae75b99c08d7e94a4aea9cd3a91	evaluation
dominant_to_calibration	confirmatory::P29279	negative	80411b172a57342a9e6ff35099764047f561bf1337df03f29cf013ee3a7b28d0	calibration
dominant_to_calibration	confirmatory::P29288	negative	5f720ffdffee0343aa112bd6ae6fcfb774d18bbb2e61a319453a29f6f389cdbb	calibration
dominant_to_calibration	confirmatory::P29335	negative	2ca3559869bf73bf1369b0778046227fe36990704ef03e92e809601ac40ebe65	evaluation
dominant_to_calibration	confirmatory::P29373	negative	34b41219611ac71b39f94001659d257ef301dc42fb86d0ab1b2396d000b25f11	evaluation
dominant_to_calibration	confirmatory::P29420	negative	86cc21bca61bd87e3a544b53de63d4a85a51acbb0d64b5ad6e6e2ba8aa8ab938	evaluation
dominant_to_calibration	confirmatory::P29457	negative	24376931396657e10ac6c36105371df550b6e383ddce8078df34654d799ae7e7	calibration
dominant_to_calibration	confirmatory::P29519	negative	50208ba7185986fdc3fd1b52d79feeb7da9b4c04f65a5deb9f7cc3291aa67f87	evaluation
dominant_to_calibration	confirmatory::P29599	negative	1bb7a69c5ac8dff09d9743d7de36e3db00db59e8de64893c6df4fc99ac9601d3	evaluation
dominant_to_calibration	confirmatory::P29600	negative	1bb7a69c5ac8dff09d9743d7de36e3db00db59e8de64893c6df4fc99ac9601d3	evaluation
dominant_to_calibration	confirmatory::P29695	negative	4a60ed747214a9670137430d60efbead8fac61db33c998ac34d9dfa0cbcffd37	calibration
dominant_to_calibration	confirmatory::P29699	negative	8aca6cf56151161615270e0611bfb487352bac7e999974bcc690200b9c87952d	evaluation
dominant_to_calibration	confirmatory::P29700	negative	8aca6cf56151161615270e0611bfb487352bac7e999974bcc690200b9c87952d	evaluation
dominant_to_calibration	confirmatory::P29701	negative	8aca6cf56151161615270e0611bfb487352bac7e999974bcc690200b9c87952d	evaluation
dominant_to_calibration	confirmatory::P29715	negative	4da363a0ba276eafe635d84d1b81e46c4bac3b404865716eba9e051acd5578f3	calibration
dominant_to_calibration	confirmatory::P29762	negative	34b41219611ac71b39f94001659d257ef301dc42fb86d0ab1b2396d000b25f11	evaluation
dominant_to_calibration	confirmatory::P30152	negative	693191d81dad8633f117940437800dc383ce0e8e12178e775ecd55116c2bb03f	calibration
dominant_to_calibration	confirmatory::P30233	negative	8f20d0c6980ead1e360a848d002432fd7be75037bb37add933645c20185679c7	evaluation
dominant_to_calibration	confirmatory::P30406	negative	2ca3559869bf73bf1369b0778046227fe36990704ef03e92e809601ac40ebe65	evaluation
dominant_to_calibration	confirmatory::P30407	negative	2ca3559869bf73bf1369b0778046227fe36990704ef03e92e809601ac40ebe65	evaluation
dominant_to_calibration	confirmatory::P30410	negative	2ca3559869bf73bf1369b0778046227fe36990704ef03e92e809601ac40ebe65	evaluation
dominant_to_calibration	confirmatory::P30709	negative	b7762ce85918a621bc4bf4c4e7657779c885d02f6b53a465f4762637db65c059	calibration
dominant_to_calibration	confirmatory::P30941	negative	bf30e013f16aa81ae1fa35895609c363048eab7576368053fb0f2db1dc661092	evaluation
dominant_to_calibration	confirmatory::P30971	negative	cd44ecfb0231fbe25976a913c1248001f954c4063e308617e008c4b65e1d218b	evaluation
dominant_to_calibration	confirmatory::P30984	negative	cd44ecfb0231fbe25976a913c1248001f954c4063e308617e008c4b65e1d218b	evaluation
dominant_to_calibration	confirmatory::P31025	negative	5892961fd93913083308b146da1de4c67d025258b98b350e84083bba8418fbd1	calibration
dominant_to_calibration	confirmatory::P31211	negative	a5ebffc2e2dbb22bd5322e5b7f495ec0102e8dba67dfdb8b96b9aa84fa7da6f3	evaluation
dominant_to_calibration	confirmatory::P31229	negative	55927c04e923f511084010cf0858f6d88c365ae75b99c08d7e94a4aea9cd3a91	evaluation
dominant_to_calibration	confirmatory::P31240	negative	2ce198fad98f14e4c4b8a256c59fcb869aedf9d88f10faac7815fcadcfa4fcaf	calibration
dominant_to_calibration	confirmatory::P31297	negative	0e86e9e3943105f0c02e336cf49e66419fe7933b4a9c56997c7bb8035f3c7a0a	evaluation
dominant_to_calibration	confirmatory::P31299	negative	2f6765a2a89871a6eb92d3007f7c1b382fd5307197640e9907ad0db6980fd8ae	calibration
dominant_to_calibration	confirmatory::P31339	negative	4618d4b21d822ae674a95c6d1c6009226aad4b31ffaf8bcfccebe1104b8d4471	calibration
dominant_to_calibration	confirmatory::P31496	negative	ea060f244e352de2544b388f1abc1899258898681ff665dbf7303805cc505276	calibration
dominant_to_calibration	confirmatory::P31608	negative	3f69eb3447fa28f3b1ab05a1a959b70da776fcb578f082ad0a899827cb98f6f3	evaluation
dominant_to_calibration	confirmatory::P31727	negative	c8f7d07bfe3a8ead90fadb393da616d778b0eaef18212490445c69e998b1cb24	evaluation
dominant_to_calibration	confirmatory::P32041	negative	b7762ce85918a621bc4bf4c4e7657779c885d02f6b53a465f4762637db65c059	calibration
dominant_to_calibration	confirmatory::P32598	negative	369890e1b4fdd3f4d633bc750ce4706bc6a1c2d11deb58e010bd3f44230852d0	evaluation
dominant_to_calibration	confirmatory::P32647	negative	2f6765a2a89871a6eb92d3007f7c1b382fd5307197640e9907ad0db6980fd8ae	calibration
dominant_to_calibration	confirmatory::P32649	negative	9d2bb9c0ec111008855c185d034a9f835f297b67d775b83c19cacc5a83480fca	calibration
dominant_to_calibration	confirmatory::P32733	negative	91bd60dabb882867c24e7bc1c3c50d5e623a99ff781af028e7ff380940a7501d	evaluation
dominant_to_calibration	confirmatory::P32750	negative	d1c6ab564afa4059f4195e330c3f3d2fa72e6c258ca03ccbdb0ec294d4b10bcb	calibration
dominant_to_calibration	confirmatory::P32752	negative	d1c6ab564afa4059f4195e330c3f3d2fa72e6c258ca03ccbdb0ec294d4b10bcb	calibration
dominant_to_calibration	confirmatory::P32753	negative	d1c6ab564afa4059f4195e330c3f3d2fa72e6c258ca03ccbdb0ec294d4b10bcb	calibration
dominant_to_calibration	confirmatory::P32766	negative	e762a34e2879fb89badf3aefde610ff9d5414dd0791ef2899f47f15931593ae4	calibration
dominant_to_calibration	confirmatory::P32795	negative	eab0d72e0d04bae4dd854288f82011226cc01b607738962e2ac63f8fe4d28af8	evaluation
dominant_to_calibration	confirmatory::P32829	negative	ae06a79fb0a3df6b735edf0b452366dd6bef01d4d1be6595c830072b310a4059	calibration
dominant_to_calibration	confirmatory::P32838	negative	369890e1b4fdd3f4d633bc750ce4706bc6a1c2d11deb58e010bd3f44230852d0	evaluation
dominant_to_calibration	confirmatory::P32839	negative	c66d9b138209a0064eeedcb22bf43674ef45066b48a22d62213f5f8c58677ce4	evaluation
dominant_to_calibration	confirmatory::P32877	negative	91bd60dabb882867c24e7bc1c3c50d5e623a99ff781af028e7ff380940a7501d	evaluation
dominant_to_calibration	confirmatory::P32936	negative	f7a616fde5389141c0e4c34abab3803332ab61f9588c2aa0912a794e89fe69e4	calibration
dominant_to_calibration	confirmatory::P32945	negative	369890e1b4fdd3f4d633bc750ce4706bc6a1c2d11deb58e010bd3f44230852d0	evaluation
dominant_to_calibration	confirmatory::P32946	negative	d1c6ab564afa4059f4195e330c3f3d2fa72e6c258ca03ccbdb0ec294d4b10bcb	calibration
dominant_to_calibration	confirmatory::P32947	negative	d1c6ab564afa4059f4195e330c3f3d2fa72e6c258ca03ccbdb0ec294d4b10bcb	calibration
dominant_to_calibration	confirmatory::P32949	negative	d1c6ab564afa4059f4195e330c3f3d2fa72e6c258ca03ccbdb0ec294d4b10bcb	calibration
dominant_to_calibration	confirmatory::P33088	negative	cd44ecfb0231fbe25976a913c1248001f954c4063e308617e008c4b65e1d218b	evaluation
dominant_to_calibration	confirmatory::P33295	negative	1bb7a69c5ac8dff09d9743d7de36e3db00db59e8de64893c6df4fc99ac9601d3	evaluation
dominant_to_calibration	confirmatory::P33297	negative	23d5a3bd524d30d0ed03bfe373885d5527e4035c98c411d13a9667a063013c6e	calibration
dominant_to_calibration	confirmatory::P33298	negative	23d5a3bd524d30d0ed03bfe373885d5527e4035c98c411d13a9667a063013c6e	calibration
dominant_to_calibration	confirmatory::P33416	negative	356e13d154b887afa9e89ec7ffb028316bccd02f6bac749a71e312579501bc0d	calibration
dominant_to_calibration	confirmatory::P33434	negative	16ea83094b8a9f3846228c14f4dc27f1b4aac291005aa1d8eb490657405beb3e	calibration
dominant_to_calibration	confirmatory::P33436	negative	16ea83094b8a9f3846228c14f4dc27f1b4aac291005aa1d8eb490657405beb3e	calibration
dominant_to_calibration	confirmatory::P33520	negative	3477fd0ea5188a4b8b43afb8d5373a322612ccc11984832ce02ea8389e95b257	evaluation
dominant_to_calibration	confirmatory::P33528	negative	0e86e9e3943105f0c02e336cf49e66419fe7933b4a9c56997c7bb8035f3c7a0a	evaluation
dominant_to_calibration	confirmatory::P33573	negative	450882407bb31af420e3fb498b86045252de225bcb0bc544cb192820b36d6e90	evaluation
dominant_to_calibration	confirmatory::P33684	negative	55927c04e923f511084010cf0858f6d88c365ae75b99c08d7e94a4aea9cd3a91	evaluation
dominant_to_calibration	confirmatory::P33685	negative	7f8373716bb12737be8ec09b43b953fe2c4602353a222f10b3d8e035ef71d7b7	evaluation
dominant_to_calibration	confirmatory::P33687	negative	7f8373716bb12737be8ec09b43b953fe2c4602353a222f10b3d8e035ef71d7b7	evaluation
dominant_to_calibration	confirmatory::P33688	negative	7f8373716bb12737be8ec09b43b953fe2c4602353a222f10b3d8e035ef71d7b7	evaluation
dominant_to_calibration	confirmatory::P33717	negative	22908ea1541a1b07146f2bd28daaa95ec311bcc862f3182fe7289c27fc0bc4d0	evaluation
dominant_to_calibration	confirmatory::P33718	negative	50208ba7185986fdc3fd1b52d79feeb7da9b4c04f65a5deb9f7cc3291aa67f87	evaluation
dominant_to_calibration	confirmatory::P33719	negative	50208ba7185986fdc3fd1b52d79feeb7da9b4c04f65a5deb9f7cc3291aa67f87	evaluation
dominant_to_calibration	confirmatory::P33720	negative	50208ba7185986fdc3fd1b52d79feeb7da9b4c04f65a5deb9f7cc3291aa67f87	evaluation
dominant_to_calibration	confirmatory::P33721	negative	50208ba7185986fdc3fd1b52d79feeb7da9b4c04f65a5deb9f7cc3291aa67f87	evaluation
dominant_to_calibration	confirmatory::P33722	negative	50208ba7185986fdc3fd1b52d79feeb7da9b4c04f65a5deb9f7cc3291aa67f87	evaluation
dominant_to_calibration	confirmatory::P33730	negative	d56efa2c4fa76222614d0864fe50657e6fc587cd0e1890c25a37bf138b4b5f1a	evaluation
dominant_to_calibration	confirmatory::P33831	negative	d1c310bf0ba6d0096f9d7112c268048f8ec36ff308e6ee6aed1e927cb41d53a5	evaluation
dominant_to_calibration	confirmatory::P33912	negative	4da363a0ba276eafe635d84d1b81e46c4bac3b404865716eba9e051acd5578f3	calibration
dominant_to_calibration	confirmatory::P34007	negative	2ce198fad98f14e4c4b8a256c59fcb869aedf9d88f10faac7815fcadcfa4fcaf	calibration
dominant_to_calibration	confirmatory::P34163	negative	d291e2f780ccae734f1044ab8a8bdd51fabac2c2899aa59af35fb22c772d8b01	evaluation
dominant_to_calibration	confirmatory::P34808	negative	794a155dc5d6a4333e7c3f64f71a96bc7d6cff28650fa8bcc5d70a3932053113	calibration
dominant_to_calibration	confirmatory::P34914	negative	2eecc744c786b9108557788352fd5794355c754b0934c0f099e6c21ad6cf8672	calibration
dominant_to_calibration	confirmatory::P34950	negative	b7762ce85918a621bc4bf4c4e7657779c885d02f6b53a465f4762637db65c059	calibration
dominant_to_calibration	confirmatory::P34952	negative	91bd60dabb882867c24e7bc1c3c50d5e623a99ff781af028e7ff380940a7501d	evaluation
dominant_to_calibration	confirmatory::P35173	negative	e18b4e5fbde76978c2080f2894717f1f991e2dfb87f46a80f37a5cab5ea38ab0	evaluation
dominant_to_calibration	confirmatory::P35174	negative	e18b4e5fbde76978c2080f2894717f1f991e2dfb87f46a80f37a5cab5ea38ab0	evaluation
dominant_to_calibration	confirmatory::P35175	negative	e18b4e5fbde76978c2080f2894717f1f991e2dfb87f46a80f37a5cab5ea38ab0	evaluation
dominant_to_calibration	confirmatory::P35242	negative	87d425c65ac584d5e4c581986c739f7692b2578e446bf382551a86cc21557ecd	calibration
dominant_to_calibration	confirmatory::P35246	negative	87d425c65ac584d5e4c581986c739f7692b2578e446bf382551a86cc21557ecd	calibration
dominant_to_calibration	confirmatory::P35247	negative	87d425c65ac584d5e4c581986c739f7692b2578e446bf382551a86cc21557ecd	calibration
dominant_to_calibration	confirmatory::P35249	negative	694df2b5849b10ec08101ea2af6560538999a3c675f58d38bdfa8b4f58b573a3	calibration
dominant_to_calibration	confirmatory::P35250	negative	694df2b5849b10ec08101ea2af6560538999a3c675f58d38bdfa8b4f58b573a3	calibration
dominant_to_calibration	confirmatory::P35355	negative	eaccb7debaadc3ca12235f53d0889fe4d708ee20342c7afff2cd364bfff58c6f	evaluation
dominant_to_calibration	confirmatory::P35443	negative	8f558a4eee23f79ecfac992febeb596d06db9acfae871d6a401f21d1c4f22bd5	calibration
dominant_to_calibration	confirmatory::P35447	negative	ba85e063659590c5598badecc804b13408c0b5ad0ce54fdcaa07150c828d2cc2	calibration
dominant_to_calibration	confirmatory::P35479	negative	e18b4e5fbde76978c2080f2894717f1f991e2dfb87f46a80f37a5cab5ea38ab0	evaluation
dominant_to_calibration	confirmatory::P35481	negative	e762a34e2879fb89badf3aefde610ff9d5414dd0791ef2899f47f15931593ae4	calibration
dominant_to_calibration	confirmatory::P35577	negative	a5ebffc2e2dbb22bd5322e5b7f495ec0102e8dba67dfdb8b96b9aa84fa7da6f3	evaluation
dominant_to_calibration	confirmatory::P35578	negative	c2674167d3f5ffaaa0fce4ad0ab2f9f076ecdb54bb7570e81e239bc85ffb75bc	calibration
dominant_to_calibration	confirmatory::P35600	negative	59f534d535cbf0e6b4356635efdba10890d111828d268b13a376c2e52be63817	calibration
dominant_to_calibration	confirmatory::P35628	negative	b7762ce85918a621bc4bf4c4e7657779c885d02f6b53a465f4762637db65c059	calibration
dominant_to_calibration	confirmatory::P35760	negative	25545dadd80435581e74794c9216eeb66ace8228a86901b5932e62c7acee96bd	calibration
dominant_to_calibration	confirmatory::P35780	negative	25545dadd80435581e74794c9216eeb66ace8228a86901b5932e62c7acee96bd	calibration
dominant_to_calibration	confirmatory::P35781	negative	25545dadd80435581e74794c9216eeb66ace8228a86901b5932e62c7acee96bd	calibration
dominant_to_calibration	confirmatory::P35782	negative	25545dadd80435581e74794c9216eeb66ace8228a86901b5932e62c7acee96bd	calibration
dominant_to_calibration	confirmatory::P35783	negative	25545dadd80435581e74794c9216eeb66ace8228a86901b5932e62c7acee96bd	calibration
dominant_to_calibration	confirmatory::P35784	negative	25545dadd80435581e74794c9216eeb66ace8228a86901b5932e62c7acee96bd	calibration
dominant_to_calibration	confirmatory::P35785	negative	25545dadd80435581e74794c9216eeb66ace8228a86901b5932e62c7acee96bd	calibration
dominant_to_calibration	confirmatory::P35786	negative	25545dadd80435581e74794c9216eeb66ace8228a86901b5932e62c7acee96bd	calibration
dominant_to_calibration	confirmatory::P35787	negative	25545dadd80435581e74794c9216eeb66ace8228a86901b5932e62c7acee96bd	calibration
dominant_to_calibration	confirmatory::P35793	negative	80265ba0cf707cc2b9ab56977abaa12643a893bd6a9a455337c6c3dedf45bd7a	calibration
dominant_to_calibration	confirmatory::P35794	negative	80265ba0cf707cc2b9ab56977abaa12643a893bd6a9a455337c6c3dedf45bd7a	calibration
dominant_to_calibration	confirmatory::P35812	negative	dab6f722b5cc93168bb39042302381bb8a3d9776198eb56cf1b8fdc6cdf20f05	calibration
dominant_to_calibration	confirmatory::P35835	negative	1bb7a69c5ac8dff09d9743d7de36e3db00db59e8de64893c6df4fc99ac9601d3	evaluation
dominant_to_calibration	confirmatory::P35998	negative	e2b05054974b1971d2d1faf5c1b63250f10706449e8f9c15bd1f3e29934ed416	calibration
dominant_to_calibration	confirmatory::P36110	negative	80265ba0cf707cc2b9ab56977abaa12643a893bd6a9a455337c6c3dedf45bd7a	calibration
dominant_to_calibration	confirmatory::P36233	negative	9f0d0cc0eeb47aec102bb846e184928d26abe3ecb8a62ebc0b78f49871b04459	evaluation
dominant_to_calibration	confirmatory::P36361	negative	4b9e7bea9ce8ee8ae94698ef8499017333c8e1e95a44680dba3be60d8618dc01	calibration
dominant_to_calibration	confirmatory::P36377	negative	9f0d0cc0eeb47aec102bb846e184928d26abe3ecb8a62ebc0b78f49871b04459	evaluation
dominant_to_calibration	confirmatory::P36378	negative	9f0d0cc0eeb47aec102bb846e184928d26abe3ecb8a62ebc0b78f49871b04459	evaluation
dominant_to_calibration	confirmatory::P36614	negative	369890e1b4fdd3f4d633bc750ce4706bc6a1c2d11deb58e010bd3f44230852d0	evaluation
dominant_to_calibration	confirmatory::P36873	negative	369890e1b4fdd3f4d633bc750ce4706bc6a1c2d11deb58e010bd3f44230852d0	evaluation
dominant_to_calibration	confirmatory::P36874	negative	369890e1b4fdd3f4d633bc750ce4706bc6a1c2d11deb58e010bd3f44230852d0	evaluation
dominant_to_calibration	confirmatory::P36907	negative	4b9e7bea9ce8ee8ae94698ef8499017333c8e1e95a44680dba3be60d8618dc01	calibration
dominant_to_calibration	confirmatory::P36952	negative	d4b8fd03a3caaecd44d5b548daa02c315b9633db3506830623271b9a37653456	calibration
dominant_to_calibration	confirmatory::P37153	negative	58c122487636dd7ab904effe42ca93539e9e10855a4715b26eb500f00a2e6c5b	calibration
dominant_to_calibration	confirmatory::P37206	negative	cd44ecfb0231fbe25976a913c1248001f954c4063e308617e008c4b65e1d218b	evaluation
dominant_to_calibration	confirmatory::P37240	negative	cd44ecfb0231fbe25976a913c1248001f954c4063e308617e008c4b65e1d218b	evaluation
dominant_to_calibration	confirmatory::P37476	negative	b587bef3e5d94148fb6edeb8462e56d2a1573d0e113db913c44f4bfefa67c9fa	evaluation
dominant_to_calibration	confirmatory::P37698	negative	ff0df9e8d06fb39518053d7afe70479e7a1b85bf8cda7237b90893f9c9c35c44	evaluation
dominant_to_calibration	confirmatory::P37699	negative	5ae7ac46313d6410621fc3af950e6a9f4505914a5a1db2c5e204ffa85c68587a	evaluation
dominant_to_calibration	confirmatory::P37700	negative	7df91d0f17b059c85def1e13f02898d0f232a92a24459cb6e37deaeeff7d06b3	calibration
dominant_to_calibration	confirmatory::P37701	negative	5ae7ac46313d6410621fc3af950e6a9f4505914a5a1db2c5e204ffa85c68587a	evaluation
dominant_to_calibration	confirmatory::P37945	negative	6575fe00f3ccdc3a9bcd22237c35b4067cd150571930ca1e7aa9a8e6117d5536	calibration
dominant_to_calibration	confirmatory::P38057	negative	8f20d0c6980ead1e360a848d002432fd7be75037bb37add933645c20185679c7	evaluation
dominant_to_calibration	confirmatory::P38126	negative	fed3e7e09f72d7f3873ce51053dc8073da06b403d9f528010ead7c7e1f93da9e	evaluation
dominant_to_calibration	confirmatory::P38139	negative	1193ad80cd8e56f71694c50eaa7dbe930b717432a5ec88db82a00f2b0207ef53	calibration
dominant_to_calibration	confirmatory::P38295	negative	ae3db36d713f78343ecf11e78c37d92f7a53f0a9ae82c1e682214913ef379127	evaluation
dominant_to_calibration	confirmatory::P38441	positive	d7356fe9ec05f4ada461651840179018ae129daee74988fae88fb71330e480c1	evaluation
dominant_to_calibration	confirmatory::P38442	positive	0381d0f7af14a3591c92835f1116282eb61c01f299113f94f2beb075fc987502	evaluation
dominant_to_calibration	confirmatory::P38565	negative	61adb1568f0ea4bf0914b64132334bcb849d60e5d3c9decd68a904c19cfb5e0f	calibration
dominant_to_calibration	confirmatory::P38571	negative	d291e2f780ccae734f1044ab8a8bdd51fabac2c2899aa59af35fb22c772d8b01	evaluation
dominant_to_calibration	confirmatory::P38629	negative	694df2b5849b10ec08101ea2af6560538999a3c675f58d38bdfa8b4f58b573a3	calibration
dominant_to_calibration	confirmatory::P38630	negative	59f534d535cbf0e6b4356635efdba10890d111828d268b13a376c2e52be63817	calibration
dominant_to_calibration	confirmatory::P38796	negative	f9d9b1c42aa84869dff8eab0b46ff4d73279cceb611f1c2abae0ff4685999c92	calibration
dominant_to_calibration	confirmatory::P39039	negative	87d425c65ac584d5e4c581986c739f7692b2578e446bf382551a86cc21557ecd	calibration
dominant_to_calibration	confirmatory::P39089	negative	9d2bb9c0ec111008855c185d034a9f835f297b67d775b83c19cacc5a83480fca	calibration
dominant_to_calibration	confirmatory::P39410	positive	de8d4e84149eeeed0d2785b27d61df634cca37bc2c4c62ea0668a8d4e69ceaea	evaluation
dominant_to_calibration	confirmatory::P39659	negative	55927c04e923f511084010cf0858f6d88c365ae75b99c08d7e94a4aea9cd3a91	evaluation
dominant_to_calibration	confirmatory::P39678	negative	622df91c2534d286bebdd855536bb09e5ba4a913168cb718d387bfed4de6c99d	calibration
dominant_to_calibration	confirmatory::P39679	negative	622df91c2534d286bebdd855536bb09e5ba4a913168cb718d387bfed4de6c99d	calibration
dominant_to_calibration	confirmatory::P39900	negative	24063adf61b47696a5084aad279fba23bd2d452cb3a4e2a3d0222f5c61a60eb3	evaluation
dominant_to_calibration	confirmatory::P39955	negative	9be8126a2dbfcd7513074efb8f97e42b52a270b713971328a72dcad11b7a1f84	evaluation
dominant_to_calibration	confirmatory::P40151	negative	690df3781c5db807468a07cd76b421ea5ed73710dfa19d080ac6641489e4407f	evaluation
dominant_to_calibration	confirmatory::P40152	negative	e264020e65c217cf1b9e3dab1d203d44eb3a1eaa220ef3d7d5382305e0a4d0a5	evaluation
dominant_to_calibration	confirmatory::P40220	negative	34b41219611ac71b39f94001659d257ef301dc42fb86d0ab1b2396d000b25f11	evaluation
dominant_to_calibration	confirmatory::P40341	negative	b587bef3e5d94148fb6edeb8462e56d2a1573d0e113db913c44f4bfefa67c9fa	evaluation
dominant_to_calibration	confirmatory::P40348	negative	694df2b5849b10ec08101ea2af6560538999a3c675f58d38bdfa8b4f58b573a3	calibration
dominant_to_calibration	confirmatory::P40418	negative	575b03dc7f098ea3d48738f8c5417b226dfb3d485adb80cee16858506b8c241d	calibration
dominant_to_calibration	confirmatory::P40421	negative	d0c8938c75402fc9c57177bd3bfe0b336c22e73c22b8cdc15342574d072a72cc	calibration
dominant_to_calibration	confirmatory::P40903	negative	1bb7a69c5ac8dff09d9743d7de36e3db00db59e8de64893c6df4fc99ac9601d3	evaluation
dominant_to_calibration	confirmatory::P40986	negative	5b175013b9ce83a79622e25c3220ba0371f4569529b1fe19df9040a546c833ed	calibration
dominant_to_calibration	confirmatory::P41018	negative	623f3f0445ba3d68f7f0b01360d57379b68a4bd25c5f902822b41b66dfcdfc89	evaluation
dominant_to_calibration	confirmatory::P41020	negative	ea060f244e352de2544b388f1abc1899258898681ff665dbf7303805cc505276	calibration
dominant_to_calibration	confirmatory::P41244	negative	5892961fd93913083308b146da1de4c67d025258b98b350e84083bba8418fbd1	calibration
dominant_to_calibration	confirmatory::P41245	negative	16ea83094b8a9f3846228c14f4dc27f1b4aac291005aa1d8eb490657405beb3e	calibration
dominant_to_calibration	confirmatory::P41317	negative	87d425c65ac584d5e4c581986c739f7692b2578e446bf382551a86cc21557ecd	calibration
dominant_to_calibration	confirmatory::P41335	negative	55927c04e923f511084010cf0858f6d88c365ae75b99c08d7e94a4aea9cd3a91	evaluation
dominant_to_calibration	confirmatory::P41337	negative	55927c04e923f511084010cf0858f6d88c365ae75b99c08d7e94a4aea9cd3a91	evaluation
dominant_to_calibration	confirmatory::P41363	negative	1bb7a69c5ac8dff09d9743d7de36e3db00db59e8de64893c6df4fc99ac9601d3	evaluation
dominant_to_calibration	confirmatory::P41411	negative	0b98108f63feb2f4161715bb96c7f7ea730cc1e5c37c8d38bb7a9ae81f45fc1a	calibration
dominant_to_calibration	confirmatory::P41412	negative	3477fd0ea5188a4b8b43afb8d5373a322612ccc11984832ce02ea8389e95b257	evaluation
dominant_to_calibration	confirmatory::P41509	negative	34b41219611ac71b39f94001659d257ef301dc42fb86d0ab1b2396d000b25f11	evaluation
dominant_to_calibration	confirmatory::P41519	negative	55927c04e923f511084010cf0858f6d88c365ae75b99c08d7e94a4aea9cd3a91	evaluation
dominant_to_calibration	confirmatory::P41522	negative	2ca3559869bf73bf1369b0778046227fe36990704ef03e92e809601ac40ebe65	evaluation
dominant_to_calibration	confirmatory::P41534	negative	9d2bb9c0ec111008855c185d034a9f835f297b67d775b83c19cacc5a83480fca	calibration
dominant_to_calibration	confirmatory::P41535	negative	9d2bb9c0ec111008855c185d034a9f835f297b67d775b83c19cacc5a83480fca	calibration
dominant_to_calibration	confirmatory::P41585	negative	9d2bb9c0ec111008855c185d034a9f835f297b67d775b83c19cacc5a83480fca	calibration
dominant_to_calibration	confirmatory::P41694	negative	22908ea1541a1b07146f2bd28daaa95ec311bcc862f3182fe7289c27fc0bc4d0	evaluation
dominant_to_calibration	confirmatory::P41773	negative	6cfe2152c18d279eb73119129f4b999746e2d0ac60096d4ba53850d331b314bc	calibration
dominant_to_calibration	confirmatory::P41824	negative	623f3f0445ba3d68f7f0b01360d57379b68a4bd25c5f902822b41b66dfcdfc89	evaluation
dominant_to_calibration	confirmatory::P41967	negative	2920182a75f454e9cdf466b618c06562b245d3ad47fe1352669448ae85847b83	evaluation
dominant_to_calibration	confirmatory::P42201	negative	d56efa2c4fa76222614d0864fe50657e6fc587cd0e1890c25a37bf138b4b5f1a	evaluation
dominant_to_calibration	confirmatory::P42296	positive	cfbf1bf8fd2e05812d2cbfffe9d21c35e47e123037b88ad05deee006f06e3f32	evaluation
dominant_to_calibration	confirmatory::P42633	negative	2ca3559869bf73bf1369b0778046227fe36990704ef03e92e809601ac40ebe65	evaluation
dominant_to_calibration	confirmatory::P42692	negative	9d2bb9c0ec111008855c185d034a9f835f297b67d775b83c19cacc5a83480fca	calibration
dominant_to_calibration	confirmatory::P42779	negative	1bb7a69c5ac8dff09d9743d7de36e3db00db59e8de64893c6df4fc99ac9601d3	evaluation
dominant_to_calibration	confirmatory::P42781	negative	0840af6d61e535996fdac85e4931f62ffc2b0d5e510092ed0bdf24addc0a25f9	evaluation
dominant_to_calibration	confirmatory::P42790	negative	27d0a2df2c26be7566f70bc6174b56f061ba048d425649ac67ed253980a66dc7	calibration
dominant_to_calibration	confirmatory::P42822	negative	ea060f244e352de2544b388f1abc1899258898681ff665dbf7303805cc505276	calibration
dominant_to_calibration	confirmatory::P42823	negative	ea060f244e352de2544b388f1abc1899258898681ff665dbf7303805cc505276	calibration
dominant_to_calibration	confirmatory::P42873	negative	ea060f244e352de2544b388f1abc1899258898681ff665dbf7303805cc505276	calibration
dominant_to_calibration	confirmatory::P42885	negative	ea060f244e352de2544b388f1abc1899258898681ff665dbf7303805cc505276	calibration
dominant_to_calibration	confirmatory::P42887	negative	ea060f244e352de2544b388f1abc1899258898681ff665dbf7303805cc505276	calibration
dominant_to_calibration	confirmatory::P42993	negative	a1b283954c568250ae144533c08533af6fb1f556e14ea2c50c7e35863c73397a	calibration
dominant_to_calibration	confirmatory::P42999	negative	31d5329fced0c00d1f9df74407f0db89bc4c24fa33826a95afd2cdb106bd62f9	evaluation
dominant_to_calibration	confirmatory::P43025	negative	417f94494f0bedc6bbff6d639a5b59dbfbb67f8d76fc274178a0fe93937009b8	calibration
dominant_to_calibration	confirmatory::P43082	negative	4b9e7bea9ce8ee8ae94698ef8499017333c8e1e95a44680dba3be60d8618dc01	calibration
dominant_to_calibration	confirmatory::P43217	negative	34efdb7da6465528647a3456cde08984bda0ce26aa0261df4c8efe316d3e0938	evaluation
dominant_to_calibration	confirmatory::P43686	negative	23d5a3bd524d30d0ed03bfe373885d5527e4035c98c411d13a9667a063013c6e	calibration
dominant_to_calibration	confirmatory::P44046	negative	778e72fa9440b0af889fe2329da5c5b9d1d682d319794d6d197d1d359109f2aa	calibration
dominant_to_calibration	confirmatory::P44391	negative	ea060f244e352de2544b388f1abc1899258898681ff665dbf7303805cc505276	calibration
dominant_to_calibration	confirmatory::P44393	negative	ea060f244e352de2544b388f1abc1899258898681ff665dbf7303805cc505276	calibration
dominant_to_calibration	confirmatory::P44569	negative	a56b43ca1132c91c2418ad048b20fefc8b26824fd4a62781b83e938f4325ac8d	evaluation
dominant_to_calibration	confirmatory::P45370	negative	01981eb9e1dc067d1224d59092ffc0fe0bb45743fa25e07d6536cc2cf73ec7f4	calibration
dominant_to_calibration	confirmatory::P45442	negative	0b71af97dfcedd0bb4c449474851629a743d350d8351b9926c6814e3ae38d8b0	evaluation
dominant_to_calibration	confirmatory::P45452	negative	16ea83094b8a9f3846228c14f4dc27f1b4aac291005aa1d8eb490657405beb3e	calibration
dominant_to_calibration	confirmatory::P45646	negative	cd44ecfb0231fbe25976a913c1248001f954c4063e308617e008c4b65e1d218b	evaluation
dominant_to_calibration	confirmatory::P45657	negative	cd44ecfb0231fbe25976a913c1248001f954c4063e308617e008c4b65e1d218b	evaluation
dominant_to_calibration	confirmatory::P46201	negative	d69e36b58cc54a89ecbe8fca1fb8c091b1afad3efbb4b20f9354eaee1a337549	calibration
dominant_to_calibration	confirmatory::P46202	negative	d69e36b58cc54a89ecbe8fca1fb8c091b1afad3efbb4b20f9354eaee1a337549	calibration
dominant_to_calibration	confirmatory::P46459	negative	66982e869380038efc306798aae7ce2e1fae56c06d7dfce80d3e44d1d4b5c3dc	calibration
dominant_to_calibration	confirmatory::P46460	negative	66982e869380038efc306798aae7ce2e1fae56c06d7dfce80d3e44d1d4b5c3dc	calibration
dominant_to_calibration	confirmatory::P46467	negative	12099ebff3efead5c06a18a835e5239edabab4ca79c6c9ba0c916ef443726217	evaluation
dominant_to_calibration	confirmatory::P46471	negative	e2b05054974b1971d2d1faf5c1b63250f10706449e8f9c15bd1f3e29934ed416	calibration
dominant_to_calibration	confirmatory::P46541	negative	3f5913f7e3e5d5a0a685cebeb853633fcb01f74c67d49634fe5a5e33895c0619	calibration
dominant_to_calibration	confirmatory::P46544	negative	3f5913f7e3e5d5a0a685cebeb853633fcb01f74c67d49634fe5a5e33895c0619	calibration
dominant_to_calibration	confirmatory::P47032	negative	80265ba0cf707cc2b9ab56977abaa12643a893bd6a9a455337c6c3dedf45bd7a	calibration
dominant_to_calibration	confirmatory::P47033	negative	80265ba0cf707cc2b9ab56977abaa12643a893bd6a9a455337c6c3dedf45bd7a	calibration
dominant_to_calibration	confirmatory::P47229	negative	8762b4dd22780fe23714f203220cc300c681de14521ee5b1a75119c4bf2ce030	evaluation
dominant_to_calibration	confirmatory::P47932	negative	780632a2b78e928a1a0233a9237a2deb499859d4cb703b9b85c05b6bf0ae4e2d	evaluation
dominant_to_calibration	confirmatory::P47982	negative	d1c6ab564afa4059f4195e330c3f3d2fa72e6c258ca03ccbdb0ec294d4b10bcb	calibration
dominant_to_calibration	confirmatory::P48097	negative	55927c04e923f511084010cf0858f6d88c365ae75b99c08d7e94a4aea9cd3a91	evaluation
dominant_to_calibration	confirmatory::P48142	negative	9d2bb9c0ec111008855c185d034a9f835f297b67d775b83c19cacc5a83480fca	calibration
dominant_to_calibration	confirmatory::P48144	negative	9d2bb9c0ec111008855c185d034a9f835f297b67d775b83c19cacc5a83480fca	calibration
dominant_to_calibration	confirmatory::P48252	negative	cd44ecfb0231fbe25976a913c1248001f954c4063e308617e008c4b65e1d218b	evaluation
dominant_to_calibration	confirmatory::P48253	negative	cd44ecfb0231fbe25976a913c1248001f954c4063e308617e008c4b65e1d218b	evaluation
dominant_to_calibration	confirmatory::P48452	negative	80188e9791182b3a7d2f79c0e2ed86136b48ed6a049411d036b36313dbd8bbd5	calibration
dominant_to_calibration	confirmatory::P48453	negative	80188e9791182b3a7d2f79c0e2ed86136b48ed6a049411d036b36313dbd8bbd5	calibration
dominant_to_calibration	confirmatory::P48454	negative	80188e9791182b3a7d2f79c0e2ed86136b48ed6a049411d036b36313dbd8bbd5	calibration
dominant_to_calibration	confirmatory::P48455	negative	80188e9791182b3a7d2f79c0e2ed86136b48ed6a049411d036b36313dbd8bbd5	calibration
dominant_to_calibration	confirmatory::P48456	negative	80188e9791182b3a7d2f79c0e2ed86136b48ed6a049411d036b36313dbd8bbd5	calibration
dominant_to_calibration	confirmatory::P48457	negative	80188e9791182b3a7d2f79c0e2ed86136b48ed6a049411d036b36313dbd8bbd5	calibration
dominant_to_calibration	confirmatory::P48460	negative	057b858e35d3ac13816f6e1111bf2f64935dd92a54cbcef7a8ba2a181a796495	calibration
dominant_to_calibration	confirmatory::P48461	negative	369890e1b4fdd3f4d633bc750ce4706bc6a1c2d11deb58e010bd3f44230852d0	evaluation
dominant_to_calibration	confirmatory::P48462	negative	369890e1b4fdd3f4d633bc750ce4706bc6a1c2d11deb58e010bd3f44230852d0	evaluation
dominant_to_calibration	confirmatory::P48463	negative	369890e1b4fdd3f4d633bc750ce4706bc6a1c2d11deb58e010bd3f44230852d0	evaluation
dominant_to_calibration	confirmatory::P48482	negative	369890e1b4fdd3f4d633bc750ce4706bc6a1c2d11deb58e010bd3f44230852d0	evaluation
dominant_to_calibration	confirmatory::P48483	negative	369890e1b4fdd3f4d633bc750ce4706bc6a1c2d11deb58e010bd3f44230852d0	evaluation
dominant_to_calibration	confirmatory::P48484	negative	369890e1b4fdd3f4d633bc750ce4706bc6a1c2d11deb58e010bd3f44230852d0	evaluation
dominant_to_calibration	confirmatory::P48485	negative	369890e1b4fdd3f4d633bc750ce4706bc6a1c2d11deb58e010bd3f44230852d0	evaluation
dominant_to_calibration	confirmatory::P48486	negative	369890e1b4fdd3f4d633bc750ce4706bc6a1c2d11deb58e010bd3f44230852d0	evaluation
dominant_to_calibration	confirmatory::P48528	negative	369890e1b4fdd3f4d633bc750ce4706bc6a1c2d11deb58e010bd3f44230852d0	evaluation
dominant_to_calibration	confirmatory::P48529	negative	369890e1b4fdd3f4d633bc750ce4706bc6a1c2d11deb58e010bd3f44230852d0	evaluation
dominant_to_calibration	confirmatory::P48578	negative	369890e1b4fdd3f4d633bc750ce4706bc6a1c2d11deb58e010bd3f44230852d0	evaluation
dominant_to_calibration	confirmatory::P48727	negative	369890e1b4fdd3f4d633bc750ce4706bc6a1c2d11deb58e010bd3f44230852d0	evaluation
dominant_to_calibration	confirmatory::P48745	negative	80411b172a57342a9e6ff35099764047f561bf1337df03f29cf013ee3a7b28d0	calibration
dominant_to_calibration	confirmatory::P48747	negative	10ba227d6107521780bb627d2ceca0d1716a4aae44848ef30d6ca8677dada2ce	calibration
dominant_to_calibration	confirmatory::P48756	negative	1266174c120eff8e5214e2b55ed12604c60139466c562171145fa9d0b0892018	calibration
dominant_to_calibration	confirmatory::P49013	negative	616d63a47ee23edbb85f036ec34ca701a4fdb21b3cee6702a8867dc8ad1d12b9	evaluation
dominant_to_calibration	confirmatory::P49060	negative	82e1c2f759ec8bf899994b4553b7d3cc20a8d7c5d625a051f6b6104ee4a7005f	calibration
dominant_to_calibration	confirmatory::P49323	negative	4da363a0ba276eafe635d84d1b81e46c4bac3b404865716eba9e051acd5578f3	calibration
dominant_to_calibration	confirmatory::P49344	positive	77cff5cf979497f38d983cd2f930b2280ad538a27fcdf9e110dc15254b4745e0	evaluation
dominant_to_calibration	confirmatory::P49744	negative	8f558a4eee23f79ecfac992febeb596d06db9acfae871d6a401f21d1c4f22bd5	calibration
dominant_to_calibration	confirmatory::P49767	negative	0dd93ec998989de91ffa9cd72b23a1778b67e69138f650b7299641bbfde52515	calibration
dominant_to_calibration	confirmatory::P49923	negative	82e1c2f759ec8bf899994b4553b7d3cc20a8d7c5d625a051f6b6104ee4a7005f	calibration
dominant_to_calibration	confirmatory::P49956	negative	d09b047ffe8d4e97abef2c426f7aa6afb302a91cd57f766134a65f842d36bb31	calibration
dominant_to_calibration	confirmatory::P49959	negative	ae06a79fb0a3df6b735edf0b452366dd6bef01d4d1be6595c830072b310a4059	calibration
dominant_to_calibration	confirmatory::P50044	negative	ea060f244e352de2544b388f1abc1899258898681ff665dbf7303805cc505276	calibration
dominant_to_calibration	confirmatory::P50045	negative	ea060f244e352de2544b388f1abc1899258898681ff665dbf7303805cc505276	calibration
dominant_to_calibration	confirmatory::P50046	negative	ea060f244e352de2544b388f1abc1899258898681ff665dbf7303805cc505276	calibration
dominant_to_calibration	confirmatory::P50047	negative	ea060f244e352de2544b388f1abc1899258898681ff665dbf7303805cc505276	calibration
dominant_to_calibration	confirmatory::P50086	negative	963d56f1b2b4d56f589c6fdbb8b9bc82631a88963218d62fbcbd157bb6dab8aa	calibration
dominant_to_calibration	confirmatory::P50280	negative	24063adf61b47696a5084aad279fba23bd2d452cb3a4e2a3d0222f5c61a60eb3	evaluation
dominant_to_calibration	confirmatory::P50282	negative	16ea83094b8a9f3846228c14f4dc27f1b4aac291005aa1d8eb490657405beb3e	calibration
dominant_to_calibration	confirmatory::P50403	negative	87d425c65ac584d5e4c581986c739f7692b2578e446bf382551a86cc21557ecd	calibration
dominant_to_calibration	confirmatory::P50404	negative	87d425c65ac584d5e4c581986c739f7692b2578e446bf382551a86cc21557ecd	calibration
dominant_to_calibration	confirmatory::P50448	negative	7c001592a0af53a0b7029cb604d3d173bb64ff8d0eddd85c023a777d81f9b85a	calibration
dominant_to_calibration	confirmatory::P50450	negative	a5ebffc2e2dbb22bd5322e5b7f495ec0102e8dba67dfdb8b96b9aa84fa7da6f3	evaluation
dominant_to_calibration	confirmatory::P50454	negative	24376931396657e10ac6c36105371df550b6e383ddce8078df34654d799ae7e7	calibration
dominant_to_calibration	confirmatory::P50568	negative	34b41219611ac71b39f94001659d257ef301dc42fb86d0ab1b2396d000b25f11	evaluation
dominant_to_calibration	confirmatory::P50757	negative	16ea83094b8a9f3846228c14f4dc27f1b4aac291005aa1d8eb490657405beb3e	calibration
dominant_to_calibration	confirmatory::P50903	negative	82e1c2f759ec8bf899994b4553b7d3cc20a8d7c5d625a051f6b6104ee4a7005f	calibration
dominant_to_calibration	confirmatory::P51454	negative	780632a2b78e928a1a0233a9237a2deb499859d4cb703b9b85c05b6bf0ae4e2d	evaluation
dominant_to_calibration	confirmatory::P51455	negative	780632a2b78e928a1a0233a9237a2deb499859d4cb703b9b85c05b6bf0ae4e2d	evaluation
dominant_to_calibration	confirmatory::P51459	negative	22908ea1541a1b07146f2bd28daaa95ec311bcc862f3182fe7289c27fc0bc4d0	evaluation
dominant_to_calibration	confirmatory::P51460	negative	82ba2784f1f8c5c50742e13d650c40e1693ecd41f5e2dbe7f1afccb645a66a72	calibration
dominant_to_calibration	confirmatory::P51500	negative	cd44ecfb0231fbe25976a913c1248001f954c4063e308617e008c4b65e1d218b	evaluation
dominant_to_calibration	confirmatory::P51511	negative	24063adf61b47696a5084aad279fba23bd2d452cb3a4e2a3d0222f5c61a60eb3	evaluation
dominant_to_calibration	confirmatory::P51512	negative	24063adf61b47696a5084aad279fba23bd2d452cb3a4e2a3d0222f5c61a60eb3	evaluation
dominant_to_calibration	confirmatory::P51559	negative	da1f730a80c0f0ed1f9303734404705fa18285380f99e8c78185dd847cf60b39	calibration
dominant_to_calibration	confirmatory::P51609	negative	80411b172a57342a9e6ff35099764047f561bf1337df03f29cf013ee3a7b28d0	calibration
dominant_to_calibration	confirmatory::P51613	negative	4b9e7bea9ce8ee8ae94698ef8499017333c8e1e95a44680dba3be60d8618dc01	calibration
dominant_to_calibration	confirmatory::P51673	negative	34b41219611ac71b39f94001659d257ef301dc42fb86d0ab1b2396d000b25f11	evaluation
dominant_to_calibration	confirmatory::P52176	negative	16ea83094b8a9f3846228c14f4dc27f1b4aac291005aa1d8eb490657405beb3e	calibration
dominant_to_calibration	confirmatory::P52279	negative	87480a95a88b6b578d03758154256fdbdbb2e3418af2f8712b57ff0c18f5edc1	calibration
dominant_to_calibration	confirmatory::P52313	negative	ea060f244e352de2544b388f1abc1899258898681ff665dbf7303805cc505276	calibration
dominant_to_calibration	confirmatory::P52403	negative	4b9e7bea9ce8ee8ae94698ef8499017333c8e1e95a44680dba3be60d8618dc01	calibration
dominant_to_calibration	confirmatory::P52404	negative	4b9e7bea9ce8ee8ae94698ef8499017333c8e1e95a44680dba3be60d8618dc01	calibration
dominant_to_calibration	confirmatory::P52405	negative	4b9e7bea9ce8ee8ae94698ef8499017333c8e1e95a44680dba3be60d8618dc01	calibration
dominant_to_calibration	confirmatory::P52406	negative	4b9e7bea9ce8ee8ae94698ef8499017333c8e1e95a44680dba3be60d8618dc01	calibration
dominant_to_calibration	confirmatory::P52704	negative	90ff7565068f7172c3892fc6b8eceb1af8c0eb8e8b45ac8a900b3f0fa9cffe92	calibration
dominant_to_calibration	confirmatory::P52917	negative	12099ebff3efead5c06a18a835e5239edabab4ca79c6c9ba0c916ef443726217	evaluation
dominant_to_calibration	confirmatory::P53034	negative	694df2b5849b10ec08101ea2af6560538999a3c675f58d38bdfa8b4f58b573a3	calibration
dominant_to_calibration	confirmatory::P53041	negative	8e22b1d2d0b6eb1e1e5fa4778be233170412d5e999828aaf14773086e528164b	evaluation
dominant_to_calibration	confirmatory::P53042	negative	8e22b1d2d0b6eb1e1e5fa4778be233170412d5e999828aaf14773086e528164b	evaluation
dominant_to_calibration	confirmatory::P53043	negative	8e22b1d2d0b6eb1e1e5fa4778be233170412d5e999828aaf14773086e528164b	evaluation
dominant_to_calibration	confirmatory::P53208	negative	e20a8bbb6820ffca2969918010649a640f3e985aed24ffc4e9ec785478b25859	calibration
dominant_to_calibration	confirmatory::P53219	negative	0117c31c5e8a946d348c2967069bc984bdac99ef7914e687858f626281ab9502	calibration
dominant_to_calibration	confirmatory::P53543	negative	cd44ecfb0231fbe25976a913c1248001f954c4063e308617e008c4b65e1d218b	evaluation
dominant_to_calibration	confirmatory::P53549	negative	23d5a3bd524d30d0ed03bfe373885d5527e4035c98c411d13a9667a063013c6e	calibration
dominant_to_calibration	confirmatory::P53690	negative	24063adf61b47696a5084aad279fba23bd2d452cb3a4e2a3d0222f5c61a60eb3	evaluation
dominant_to_calibration	confirmatory::P53715	negative	5892961fd93913083308b146da1de4c67d025258b98b350e84083bba8418fbd1	calibration
dominant_to_calibration	confirmatory::P53813	negative	7a843c3d1be2da28cbe8faefcec171d83c5cfee0333f1dd2fb60d4221d2894e0	evaluation
dominant_to_calibration	confirmatory::P54315	negative	82e1c2f759ec8bf899994b4553b7d3cc20a8d7c5d625a051f6b6104ee4a7005f	calibration
dominant_to_calibration	confirmatory::P54316	negative	82e1c2f759ec8bf899994b4553b7d3cc20a8d7c5d625a051f6b6104ee4a7005f	calibration
dominant_to_calibration	confirmatory::P54317	negative	82e1c2f759ec8bf899994b4553b7d3cc20a8d7c5d625a051f6b6104ee4a7005f	calibration
dominant_to_calibration	confirmatory::P54318	negative	82e1c2f759ec8bf899994b4553b7d3cc20a8d7c5d625a051f6b6104ee4a7005f	calibration
dominant_to_calibration	confirmatory::P54351	negative	66982e869380038efc306798aae7ce2e1fae56c06d7dfce80d3e44d1d4b5c3dc	calibration
dominant_to_calibration	confirmatory::P54423	negative	b7ffa668b68d370a424e26161c1364936e4506a35d2cce0ecfd8180fd7dccd4d	evaluation
dominant_to_calibration	confirmatory::P54609	negative	199e5e746f1a78658450a2ba041b79aef49bbb4feb4fdafedee11b7288c9ede8	calibration
dominant_to_calibration	confirmatory::P54775	negative	23d5a3bd524d30d0ed03bfe373885d5527e4035c98c411d13a9667a063013c6e	calibration
dominant_to_calibration	confirmatory::P54777	negative	199e5e746f1a78658450a2ba041b79aef49bbb4feb4fdafedee11b7288c9ede8	calibration
dominant_to_calibration	confirmatory::P54784	negative	8df48bdf860c0dc0720d246f6774120404a448fa7c434676be43edba77d6f302	evaluation
dominant_to_calibration	confirmatory::P54789	negative	959c59bbc89e5ccd884a18af8216410e08d62bb0c7ce19880c21e17c609d9466	evaluation
dominant_to_calibration	confirmatory::P54811	negative	199e5e746f1a78658450a2ba041b79aef49bbb4feb4fdafedee11b7288c9ede8	calibration
dominant_to_calibration	confirmatory::P54812	negative	199e5e746f1a78658450a2ba041b79aef49bbb4feb4fdafedee11b7288c9ede8	calibration
dominant_to_calibration	confirmatory::P54828	negative	cd44ecfb0231fbe25976a913c1248001f954c4063e308617e008c4b65e1d218b	evaluation
dominant_to_calibration	confirmatory::P55031	negative	82e1c2f759ec8bf899994b4553b7d3cc20a8d7c5d625a051f6b6104ee4a7005f	calibration
dominant_to_calibration	confirmatory::P55050	negative	34b41219611ac71b39f94001659d257ef301dc42fb86d0ab1b2396d000b25f11	evaluation
dominant_to_calibration	confirmatory::P55051	negative	34b41219611ac71b39f94001659d257ef301dc42fb86d0ab1b2396d000b25f11	evaluation
dominant_to_calibration	confirmatory::P55052	negative	34b41219611ac71b39f94001659d257ef301dc42fb86d0ab1b2396d000b25f11	evaluation
dominant_to_calibration	confirmatory::P55053	negative	34b41219611ac71b39f94001659d257ef301dc42fb86d0ab1b2396d000b25f11	evaluation
dominant_to_calibration	confirmatory::P55054	negative	34b41219611ac71b39f94001659d257ef301dc42fb86d0ab1b2396d000b25f11	evaluation
dominant_to_calibration	confirmatory::P55083	negative	450882407bb31af420e3fb498b86045252de225bcb0bc544cb192820b36d6e90	evaluation
dominant_to_calibration	confirmatory::P55095	negative	0e86e9e3943105f0c02e336cf49e66419fe7933b4a9c56997c7bb8035f3c7a0a	evaluation
dominant_to_calibration	confirmatory::P55272	negative	48576c0bd8d82774f937467c5786b5f9c758f53a4de6f9aa81eb02b680e269f1	calibration
dominant_to_calibration	confirmatory::P55314	negative	ba4d2614b5e550635440f4c6525e8134022aee773ce7679090791bd84dd97e71	evaluation
dominant_to_calibration	confirmatory::P55390	negative	623f3f0445ba3d68f7f0b01360d57379b68a4bd25c5f902822b41b66dfcdfc89	evaluation
dominant_to_calibration	confirmatory::P55799	negative	ba36d987f1fa0624cfa141a3e10fb029f7aa2efaad45e703221053b39919af2f	calibration
dominant_to_calibration	confirmatory::P55816	positive	b7af20e2ff6a31f3cbd249b8459d3a5f4bf8ede7999ea66b0892c4a095247572	evaluation
dominant_to_calibration	confirmatory::P55915	positive	7d0ca3f9691895ca753b0995d472ba0ed4112ebe7744b483b0fdcc5d2cb019b3	calibration
dominant_to_calibration	confirmatory::P55918	negative	450882407bb31af420e3fb498b86045252de225bcb0bc544cb192820b36d6e90	evaluation
dominant_to_calibration	confirmatory::P55958	negative	34efdb7da6465528647a3456cde08984bda0ce26aa0261df4c8efe316d3e0938	evaluation
dominant_to_calibration	confirmatory::P56567	negative	e18b4e5fbde76978c2080f2894717f1f991e2dfb87f46a80f37a5cab5ea38ab0	evaluation
dominant_to_calibration	confirmatory::P56587	positive	989c72ea96b98509f74da5181b2842d92b4f8b6e6696ee13af60e52dac7a8382	evaluation
dominant_to_calibration	confirmatory::P56625	negative	f2ea91d7ad6d511ba4a77f605392c77634378751fa61baa00ea12e7a95707727	calibration
dominant_to_calibration	confirmatory::P56957	positive	82c2af96da6b5f3096ce87b457e60af374fedc72ee32c531e7e073d50242d8f2	evaluation
dominant_to_calibration	confirmatory::P57407	negative	623f3f0445ba3d68f7f0b01360d57379b68a4bd25c5f902822b41b66dfcdfc89	evaluation
dominant_to_calibration	confirmatory::P57714	negative	dccb74d38eb5e7a9f23fe80d041bb156f74f05b1c460fdc8136e9dbd7d77d278	calibration
dominant_to_calibration	confirmatory::P57748	negative	24063adf61b47696a5084aad279fba23bd2d452cb3a4e2a3d0222f5c61a60eb3	evaluation
dominant_to_calibration	confirmatory::P58242	negative	eac41909233ae38fd580365dacf70df8362ae19e8f8fb413aa0d59f0af65be98	evaluation
dominant_to_calibration	confirmatory::P58371	negative	1bb7a69c5ac8dff09d9743d7de36e3db00db59e8de64893c6df4fc99ac9601d3	evaluation
dominant_to_calibration	confirmatory::P58502	negative	1bb7a69c5ac8dff09d9743d7de36e3db00db59e8de64893c6df4fc99ac9601d3	evaluation
dominant_to_calibration	confirmatory::P58514	negative	bf30e013f16aa81ae1fa35895609c363048eab7576368053fb0f2db1dc661092	evaluation
dominant_to_calibration	confirmatory::P58515	negative	bf30e013f16aa81ae1fa35895609c363048eab7576368053fb0f2db1dc661092	evaluation
dominant_to_calibration	confirmatory::P58520	negative	bf30e013f16aa81ae1fa35895609c363048eab7576368053fb0f2db1dc661092	evaluation
dominant_to_calibration	confirmatory::P58521	negative	bf30e013f16aa81ae1fa35895609c363048eab7576368053fb0f2db1dc661092	evaluation
dominant_to_calibration	confirmatory::P58806	positive	557be6a58073a1050d885a04f86dea4af0dca53b9624055d15979c9713dfc363	evaluation
dominant_to_calibration	confirmatory::P58849	positive	53e22e9f512a76ff440c38f9f041dfcb3cec0804082167296772e63f5449b80b	evaluation
dominant_to_calibration	confirmatory::P58911	positive	57dff70545ba856697f662ae5491a8c39f6c1895f9cbe45eb349caf8ac451d0c	evaluation
dominant_to_calibration	confirmatory::P58923	positive	d8b6d557921137ab1eb48bf802c46c47fabf82612388b9e4c11cbd696b9c68e1	evaluation
dominant_to_calibration	confirmatory::P58930	positive	d27b7361cd89b7752181d0a5808af4e4cf25586165abbef6d938f296ff0da570	evaluation
dominant_to_calibration	confirmatory::P58989	negative	0d305f242d5f6fed0841ad0e05776b0526f80ab11c58d6e278ace0c9e9f056a5	calibration
dominant_to_calibration	confirmatory::P59026	positive	85f1565140d950d117993597133543a619f7f388434e05ed2393ffbb203e9588	evaluation
dominant_to_calibration	confirmatory::P59336	negative	b30b84a76b4877ee5f623b2fe1234ec407ce41971f778f80bf04b469852129d7	calibration
dominant_to_calibration	confirmatory::P59996	negative	1bb7a69c5ac8dff09d9743d7de36e3db00db59e8de64893c6df4fc99ac9601d3	evaluation
dominant_to_calibration	confirmatory::P60510	negative	369890e1b4fdd3f4d633bc750ce4706bc6a1c2d11deb58e010bd3f44230852d0	evaluation
dominant_to_calibration	confirmatory::P60575	negative	e18b4e5fbde76978c2080f2894717f1f991e2dfb87f46a80f37a5cab5ea38ab0	evaluation
dominant_to_calibration	confirmatory::P60576	negative	e18b4e5fbde76978c2080f2894717f1f991e2dfb87f46a80f37a5cab5ea38ab0	evaluation
dominant_to_calibration	confirmatory::P61134	negative	ba4d2614b5e550635440f4c6525e8134022aee773ce7679090791bd84dd97e71	evaluation
dominant_to_calibration	confirmatory::P61287	negative	369890e1b4fdd3f4d633bc750ce4706bc6a1c2d11deb58e010bd3f44230852d0	evaluation
dominant_to_calibration	confirmatory::P61292	negative	369890e1b4fdd3f4d633bc750ce4706bc6a1c2d11deb58e010bd3f44230852d0	evaluation
dominant_to_calibration	confirmatory::P61640	negative	a5ebffc2e2dbb22bd5322e5b7f495ec0102e8dba67dfdb8b96b9aa84fa7da6f3	evaluation
dominant_to_calibration	confirmatory::P61939	negative	a5ebffc2e2dbb22bd5322e5b7f495ec0102e8dba67dfdb8b96b9aa84fa7da6f3	evaluation
dominant_to_calibration	confirmatory::P62136	negative	369890e1b4fdd3f4d633bc750ce4706bc6a1c2d11deb58e010bd3f44230852d0	evaluation
dominant_to_calibration	confirmatory::P62137	negative	369890e1b4fdd3f4d633bc750ce4706bc6a1c2d11deb58e010bd3f44230852d0	evaluation
dominant_to_calibration	confirmatory::P62138	negative	369890e1b4fdd3f4d633bc750ce4706bc6a1c2d11deb58e010bd3f44230852d0	evaluation
dominant_to_calibration	confirmatory::P62139	negative	369890e1b4fdd3f4d633bc750ce4706bc6a1c2d11deb58e010bd3f44230852d0	evaluation
dominant_to_calibration	confirmatory::P62140	negative	369890e1b4fdd3f4d633bc750ce4706bc6a1c2d11deb58e010bd3f44230852d0	evaluation
dominant_to_calibration	confirmatory::P62142	negative	369890e1b4fdd3f4d633bc750ce4706bc6a1c2d11deb58e010bd3f44230852d0	evaluation
dominant_to_calibration	confirmatory::P62143	negative	369890e1b4fdd3f4d633bc750ce4706bc6a1c2d11deb58e010bd3f44230852d0	evaluation
dominant_to_calibration	confirmatory::P62191	negative	23d5a3bd524d30d0ed03bfe373885d5527e4035c98c411d13a9667a063013c6e	calibration
dominant_to_calibration	confirmatory::P62192	negative	23d5a3bd524d30d0ed03bfe373885d5527e4035c98c411d13a9667a063013c6e	calibration
dominant_to_calibration	confirmatory::P62193	negative	23d5a3bd524d30d0ed03bfe373885d5527e4035c98c411d13a9667a063013c6e	calibration
dominant_to_calibration	confirmatory::P62194	negative	e2b05054974b1971d2d1faf5c1b63250f10706449e8f9c15bd1f3e29934ed416	calibration
dominant_to_calibration	confirmatory::P62196	negative	e2b05054974b1971d2d1faf5c1b63250f10706449e8f9c15bd1f3e29934ed416	calibration
dominant_to_calibration	confirmatory::P62198	negative	e2b05054974b1971d2d1faf5c1b63250f10706449e8f9c15bd1f3e29934ed416	calibration
dominant_to_calibration	confirmatory::P62333	negative	23d5a3bd524d30d0ed03bfe373885d5527e4035c98c411d13a9667a063013c6e	calibration
dominant_to_calibration	confirmatory::P62334	negative	23d5a3bd524d30d0ed03bfe373885d5527e4035c98c411d13a9667a063013c6e	calibration
dominant_to_calibration	confirmatory::P62502	negative	7bfdf0d684729e3866cf62bb4b65b53aaf40ee773cd48b15af42a8ab5db86327	calibration
dominant_to_calibration	confirmatory::P62714	negative	369890e1b4fdd3f4d633bc750ce4706bc6a1c2d11deb58e010bd3f44230852d0	evaluation
dominant_to_calibration	confirmatory::P62715	negative	369890e1b4fdd3f4d633bc750ce4706bc6a1c2d11deb58e010bd3f44230852d0	evaluation
dominant_to_calibration	confirmatory::P62964	negative	34b41219611ac71b39f94001659d257ef301dc42fb86d0ab1b2396d000b25f11	evaluation
dominant_to_calibration	confirmatory::P62965	negative	34b41219611ac71b39f94001659d257ef301dc42fb86d0ab1b2396d000b25f11	evaluation
dominant_to_calibration	confirmatory::P63088	negative	369890e1b4fdd3f4d633bc750ce4706bc6a1c2d11deb58e010bd3f44230852d0	evaluation
dominant_to_calibration	confirmatory::P63239	negative	da1f730a80c0f0ed1f9303734404705fa18285380f99e8c78185dd847cf60b39	calibration
dominant_to_calibration	confirmatory::P63240	negative	da1f730a80c0f0ed1f9303734404705fa18285380f99e8c78185dd847cf60b39	calibration
dominant_to_calibration	confirmatory::P63289	negative	9d2bb9c0ec111008855c185d034a9f835f297b67d775b83c19cacc5a83480fca	calibration
dominant_to_calibration	confirmatory::P63290	negative	9d2bb9c0ec111008855c185d034a9f835f297b67d775b83c19cacc5a83480fca	calibration
dominant_to_calibration	confirmatory::P63291	negative	9d2bb9c0ec111008855c185d034a9f835f297b67d775b83c19cacc5a83480fca	calibration
dominant_to_calibration	confirmatory::P63292	negative	f2b677e2fd5321ab024cef21588963d9a8417a4e14d4be31ef1166114f89d64f	evaluation
dominant_to_calibration	confirmatory::P63293	negative	f2b677e2fd5321ab024cef21588963d9a8417a4e14d4be31ef1166114f89d64f	evaluation
dominant_to_calibration	confirmatory::P63296	negative	2f6765a2a89871a6eb92d3007f7c1b382fd5307197640e9907ad0db6980fd8ae	calibration
dominant_to_calibration	confirmatory::P63297	negative	2f6765a2a89871a6eb92d3007f7c1b382fd5307197640e9907ad0db6980fd8ae	calibration
dominant_to_calibration	confirmatory::P63298	negative	2f6765a2a89871a6eb92d3007f7c1b382fd5307197640e9907ad0db6980fd8ae	calibration
dominant_to_calibration	confirmatory::P63328	negative	80188e9791182b3a7d2f79c0e2ed86136b48ed6a049411d036b36313dbd8bbd5	calibration
dominant_to_calibration	confirmatory::P63329	negative	80188e9791182b3a7d2f79c0e2ed86136b48ed6a049411d036b36313dbd8bbd5	calibration
dominant_to_calibration	confirmatory::P63330	negative	369890e1b4fdd3f4d633bc750ce4706bc6a1c2d11deb58e010bd3f44230852d0	evaluation
dominant_to_calibration	confirmatory::P63331	negative	369890e1b4fdd3f4d633bc750ce4706bc6a1c2d11deb58e010bd3f44230852d0	evaluation
dominant_to_calibration	confirmatory::P64454	positive	c4264e78fea84369c4c97e68703a35d7e6fd336778f625dc29cfa0e67cfb4e0f	evaluation
dominant_to_calibration	confirmatory::P67403	negative	ea060f244e352de2544b388f1abc1899258898681ff665dbf7303805cc505276	calibration
dominant_to_calibration	confirmatory::P67404	negative	ea060f244e352de2544b388f1abc1899258898681ff665dbf7303805cc505276	calibration
dominant_to_calibration	confirmatory::P67405	negative	ea060f244e352de2544b388f1abc1899258898681ff665dbf7303805cc505276	calibration
dominant_to_calibration	confirmatory::P67718	negative	ea060f244e352de2544b388f1abc1899258898681ff665dbf7303805cc505276	calibration
dominant_to_calibration	confirmatory::P67719	negative	ea060f244e352de2544b388f1abc1899258898681ff665dbf7303805cc505276	calibration
dominant_to_calibration	confirmatory::P67720	negative	ea060f244e352de2544b388f1abc1899258898681ff665dbf7303805cc505276	calibration
dominant_to_calibration	confirmatory::P67774	negative	369890e1b4fdd3f4d633bc750ce4706bc6a1c2d11deb58e010bd3f44230852d0	evaluation
dominant_to_calibration	confirmatory::P67775	negative	369890e1b4fdd3f4d633bc750ce4706bc6a1c2d11deb58e010bd3f44230852d0	evaluation
dominant_to_calibration	confirmatory::P67776	negative	369890e1b4fdd3f4d633bc750ce4706bc6a1c2d11deb58e010bd3f44230852d0	evaluation
dominant_to_calibration	confirmatory::P67777	negative	369890e1b4fdd3f4d633bc750ce4706bc6a1c2d11deb58e010bd3f44230852d0	evaluation
dominant_to_calibration	confirmatory::P67968	negative	2ca3559869bf73bf1369b0778046227fe36990704ef03e92e809601ac40ebe65	evaluation
dominant_to_calibration	confirmatory::P67969	negative	2ca3559869bf73bf1369b0778046227fe36990704ef03e92e809601ac40ebe65	evaluation
dominant_to_calibration	confirmatory::P67970	negative	2ca3559869bf73bf1369b0778046227fe36990704ef03e92e809601ac40ebe65	evaluation
dominant_to_calibration	confirmatory::P67971	negative	2ca3559869bf73bf1369b0778046227fe36990704ef03e92e809601ac40ebe65	evaluation
dominant_to_calibration	confirmatory::P67972	negative	2ca3559869bf73bf1369b0778046227fe36990704ef03e92e809601ac40ebe65	evaluation
dominant_to_calibration	confirmatory::P67974	negative	2ca3559869bf73bf1369b0778046227fe36990704ef03e92e809601ac40ebe65	evaluation
dominant_to_calibration	confirmatory::P67975	negative	7f8373716bb12737be8ec09b43b953fe2c4602353a222f10b3d8e035ef71d7b7	evaluation
dominant_to_calibration	confirmatory::P67976	negative	7f8373716bb12737be8ec09b43b953fe2c4602353a222f10b3d8e035ef71d7b7	evaluation
dominant_to_calibration	confirmatory::P68004	negative	55927c04e923f511084010cf0858f6d88c365ae75b99c08d7e94a4aea9cd3a91	evaluation
dominant_to_calibration	confirmatory::P68005	negative	55927c04e923f511084010cf0858f6d88c365ae75b99c08d7e94a4aea9cd3a91	evaluation
dominant_to_calibration	confirmatory::P68006	negative	55927c04e923f511084010cf0858f6d88c365ae75b99c08d7e94a4aea9cd3a91	evaluation
dominant_to_calibration	confirmatory::P68007	negative	55927c04e923f511084010cf0858f6d88c365ae75b99c08d7e94a4aea9cd3a91	evaluation
dominant_to_calibration	confirmatory::P68008	negative	55927c04e923f511084010cf0858f6d88c365ae75b99c08d7e94a4aea9cd3a91	evaluation
dominant_to_calibration	confirmatory::P68009	negative	55927c04e923f511084010cf0858f6d88c365ae75b99c08d7e94a4aea9cd3a91	evaluation
dominant_to_calibration	confirmatory::P68010	negative	55927c04e923f511084010cf0858f6d88c365ae75b99c08d7e94a4aea9cd3a91	evaluation
dominant_to_calibration	confirmatory::P68171	negative	91bd60dabb882867c24e7bc1c3c50d5e623a99ff781af028e7ff380940a7501d	evaluation
dominant_to_calibration	confirmatory::P68243	negative	2ca3559869bf73bf1369b0778046227fe36990704ef03e92e809601ac40ebe65	evaluation
dominant_to_calibration	confirmatory::P68245	negative	2ca3559869bf73bf1369b0778046227fe36990704ef03e92e809601ac40ebe65	evaluation
dominant_to_calibration	confirmatory::P68249	negative	55927c04e923f511084010cf0858f6d88c365ae75b99c08d7e94a4aea9cd3a91	evaluation
dominant_to_calibration	confirmatory::P68260	negative	0e86e9e3943105f0c02e336cf49e66419fe7933b4a9c56997c7bb8035f3c7a0a	evaluation
dominant_to_calibration	confirmatory::P68273	negative	0e86e9e3943105f0c02e336cf49e66419fe7933b4a9c56997c7bb8035f3c7a0a	evaluation
dominant_to_calibration	confirmatory::P68274	negative	0e86e9e3943105f0c02e336cf49e66419fe7933b4a9c56997c7bb8035f3c7a0a	evaluation
dominant_to_calibration	confirmatory::P68275	negative	0e86e9e3943105f0c02e336cf49e66419fe7933b4a9c56997c7bb8035f3c7a0a	evaluation
dominant_to_calibration	confirmatory::P68954	negative	0e86e9e3943105f0c02e336cf49e66419fe7933b4a9c56997c7bb8035f3c7a0a	evaluation
dominant_to_calibration	confirmatory::P68955	negative	0e86e9e3943105f0c02e336cf49e66419fe7933b4a9c56997c7bb8035f3c7a0a	evaluation
dominant_to_calibration	confirmatory::P68956	negative	0e86e9e3943105f0c02e336cf49e66419fe7933b4a9c56997c7bb8035f3c7a0a	evaluation
dominant_to_calibration	confirmatory::P68957	negative	0e86e9e3943105f0c02e336cf49e66419fe7933b4a9c56997c7bb8035f3c7a0a	evaluation
dominant_to_calibration	confirmatory::P68987	negative	2ca3559869bf73bf1369b0778046227fe36990704ef03e92e809601ac40ebe65	evaluation
dominant_to_calibration	confirmatory::P68989	negative	2ca3559869bf73bf1369b0778046227fe36990704ef03e92e809601ac40ebe65	evaluation
dominant_to_calibration	confirmatory::P68990	negative	2ca3559869bf73bf1369b0778046227fe36990704ef03e92e809601ac40ebe65	evaluation
dominant_to_calibration	confirmatory::P68991	negative	2ca3559869bf73bf1369b0778046227fe36990704ef03e92e809601ac40ebe65	evaluation
dominant_to_calibration	confirmatory::P68992	negative	2ca3559869bf73bf1369b0778046227fe36990704ef03e92e809601ac40ebe65	evaluation
dominant_to_calibration	confirmatory::P69034	positive	703bf831d568160eb868d28649f638bf7da02ba9a13dc6ba9cc724bcfe5a6d1c	evaluation
dominant_to_calibration	confirmatory::P69036	positive	a9c406291f53328e8109d80fc74ba2fdb3fb0bb01860051515d8aa4d7e6932cf	evaluation
dominant_to_calibration	confirmatory::P69043	negative	5e1537bef964e72445457226e224d8d631564b28a11a84ec258106e7eef8be2a	evaluation
dominant_to_calibration	confirmatory::P69048	negative	2ca3559869bf73bf1369b0778046227fe36990704ef03e92e809601ac40ebe65	evaluation
dominant_to_calibration	confirmatory::P69056	negative	5e1537bef964e72445457226e224d8d631564b28a11a84ec258106e7eef8be2a	evaluation
dominant_to_calibration	confirmatory::P69057	negative	5e1537bef964e72445457226e224d8d631564b28a11a84ec258106e7eef8be2a	evaluation
dominant_to_calibration	confirmatory::P69058	negative	5e1537bef964e72445457226e224d8d631564b28a11a84ec258106e7eef8be2a	evaluation
dominant_to_calibration	confirmatory::P69092	negative	55927c04e923f511084010cf0858f6d88c365ae75b99c08d7e94a4aea9cd3a91	evaluation
dominant_to_calibration	confirmatory::P69093	negative	55927c04e923f511084010cf0858f6d88c365ae75b99c08d7e94a4aea9cd3a91	evaluation
dominant_to_calibration	confirmatory::P69094	negative	55927c04e923f511084010cf0858f6d88c365ae75b99c08d7e94a4aea9cd3a91	evaluation
dominant_to_calibration	confirmatory::P69095	negative	55927c04e923f511084010cf0858f6d88c365ae75b99c08d7e94a4aea9cd3a91	evaluation
dominant_to_calibration	confirmatory::P69096	negative	55927c04e923f511084010cf0858f6d88c365ae75b99c08d7e94a4aea9cd3a91	evaluation
dominant_to_calibration	confirmatory::P69101	negative	55927c04e923f511084010cf0858f6d88c365ae75b99c08d7e94a4aea9cd3a91	evaluation
dominant_to_calibration	confirmatory::P69102	negative	55927c04e923f511084010cf0858f6d88c365ae75b99c08d7e94a4aea9cd3a91	evaluation
dominant_to_calibration	confirmatory::P69128	negative	c10ad670f42461eacae04fe608d2ef50252a5cc696f10d855222674b01efde1d	calibration
dominant_to_calibration	confirmatory::P69129	negative	c10ad670f42461eacae04fe608d2ef50252a5cc696f10d855222674b01efde1d	calibration
dominant_to_calibration	confirmatory::P69502	positive	44c9cb72f24524ffe89bc752e535e730b3a12ed96d0f00f252cca669e0ae492b	evaluation
dominant_to_calibration	confirmatory::P69994	negative	ea060f244e352de2544b388f1abc1899258898681ff665dbf7303805cc505276	calibration
dominant_to_calibration	confirmatory::P69995	negative	ea060f244e352de2544b388f1abc1899258898681ff665dbf7303805cc505276	calibration
dominant_to_calibration	confirmatory::P69996	negative	ea060f244e352de2544b388f1abc1899258898681ff665dbf7303805cc505276	calibration
dominant_to_calibration	confirmatory::P69997	negative	ea060f244e352de2544b388f1abc1899258898681ff665dbf7303805cc505276	calibration
dominant_to_calibration	confirmatory::P70124	negative	d4b8fd03a3caaecd44d5b548daa02c315b9633db3506830623271b9a37653456	calibration
dominant_to_calibration	confirmatory::P70158	negative	eac41909233ae38fd580365dacf70df8362ae19e8f8fb413aa0d59f0af65be98	evaluation
dominant_to_calibration	confirmatory::P70623	negative	34b41219611ac71b39f94001659d257ef301dc42fb86d0ab1b2396d000b25f11	evaluation
dominant_to_calibration	confirmatory::P70663	negative	9f0d0cc0eeb47aec102bb846e184928d26abe3ecb8a62ebc0b78f49871b04459	evaluation
dominant_to_calibration	confirmatory::P70682	negative	eaccb7debaadc3ca12235f53d0889fe4d708ee20342c7afff2cd364bfff58c6f	evaluation
dominant_to_calibration	confirmatory::P72191	negative	623f3f0445ba3d68f7f0b01360d57379b68a4bd25c5f902822b41b66dfcdfc89	evaluation
dominant_to_calibration	confirmatory::P73061	negative	ea060f244e352de2544b388f1abc1899258898681ff665dbf7303805cc505276	calibration
dominant_to_calibration	confirmatory::P73390	negative	01981eb9e1dc067d1224d59092ffc0fe0bb45743fa25e07d6536cc2cf73ec7f4	calibration
dominant_to_calibration	confirmatory::P73796	negative	ea060f244e352de2544b388f1abc1899258898681ff665dbf7303805cc505276	calibration
dominant_to_calibration	confirmatory::P74977	positive	34c3f1f4a77dcca2d603577ac8b4e165b0c7a3d0f3235b3e4ba332035d9f215a	evaluation
dominant_to_calibration	confirmatory::P75030	negative	ea060f244e352de2544b388f1abc1899258898681ff665dbf7303805cc505276	calibration
dominant_to_calibration	confirmatory::P75409	positive	88bafd0f6ef884a50ca3712f908e08ccfc06e678accd9e1aabb4447101897fce	evaluation
dominant_to_calibration	confirmatory::P75895	negative	8da66b03d5b78ce2220b7611f8f2f1bda017289b610f143026c2c40f64c798b7	calibration
dominant_to_calibration	confirmatory::P77044	negative	8762b4dd22780fe23714f203220cc300c681de14521ee5b1a75119c4bf2ce030	evaluation
dominant_to_calibration	confirmatory::P77837	negative	ea060f244e352de2544b388f1abc1899258898681ff665dbf7303805cc505276	calibration
dominant_to_calibration	confirmatory::P78380	negative	55ddb3dd17da1cb3ae6ed5aa5ab62a50e2f5afdd8477f9c0f808349986102bb6	evaluation
dominant_to_calibration	confirmatory::P78968	negative	369890e1b4fdd3f4d633bc750ce4706bc6a1c2d11deb58e010bd3f44230852d0	evaluation
dominant_to_calibration	confirmatory::P79100	negative	0fe83d4abf1ce610ad84586dd4d5c46c21bd9db4885afb3ef6d6ab2b95befab2	evaluation
dominant_to_calibration	confirmatory::P79227	negative	24063adf61b47696a5084aad279fba23bd2d452cb3a4e2a3d0222f5c61a60eb3	evaluation
dominant_to_calibration	confirmatory::P79287	negative	24063adf61b47696a5084aad279fba23bd2d452cb3a4e2a3d0222f5c61a60eb3	evaluation
dominant_to_calibration	confirmatory::P79357	negative	cd44ecfb0231fbe25976a913c1248001f954c4063e308617e008c4b65e1d218b	evaluation
dominant_to_calibration	confirmatory::P79385	negative	67b28ba5e81d277aab432e8590ea0314688bb8591ebef3ca06a6935723ff3652	evaluation
dominant_to_calibration	confirmatory::P79391	negative	55ddb3dd17da1cb3ae6ed5aa5ab62a50e2f5afdd8477f9c0f808349986102bb6	evaluation
dominant_to_calibration	confirmatory::P80007	negative	0d305f242d5f6fed0841ad0e05776b0526f80ab11c58d6e278ace0c9e9f056a5	calibration
dominant_to_calibration	confirmatory::P80015	negative	82ad2a19e2e4a2128676d484ef8771346715fcbceaa6834bb3f067cd1da3b297	evaluation
dominant_to_calibration	confirmatory::P80024	negative	55927c04e923f511084010cf0858f6d88c365ae75b99c08d7e94a4aea9cd3a91	evaluation
dominant_to_calibration	confirmatory::P80029	negative	0d305f242d5f6fed0841ad0e05776b0526f80ab11c58d6e278ace0c9e9f056a5	calibration
dominant_to_calibration	confirmatory::P80035	negative	d291e2f780ccae734f1044ab8a8bdd51fabac2c2899aa59af35fb22c772d8b01	evaluation
dominant_to_calibration	confirmatory::P80049	negative	34b41219611ac71b39f94001659d257ef301dc42fb86d0ab1b2396d000b25f11	evaluation
dominant_to_calibration	confirmatory::P80146	negative	1bb7a69c5ac8dff09d9743d7de36e3db00db59e8de64893c6df4fc99ac9601d3	evaluation
dominant_to_calibration	confirmatory::P80167	negative	55927c04e923f511084010cf0858f6d88c365ae75b99c08d7e94a4aea9cd3a91	evaluation
dominant_to_calibration	confirmatory::P80172	positive	a370330ab89c8ac61203b77cb8bee17ba9e6487f098bbf52cd4872a981c73e2c	evaluation
dominant_to_calibration	confirmatory::P80188	negative	693191d81dad8633f117940437800dc383ce0e8e12178e775ecd55116c2bb03f	calibration
dominant_to_calibration	confirmatory::P80191	negative	8aca6cf56151161615270e0611bfb487352bac7e999974bcc690200b9c87952d	evaluation
dominant_to_calibration	confirmatory::P80208	negative	8f20d0c6980ead1e360a848d002432fd7be75037bb37add933645c20185679c7	evaluation
dominant_to_calibration	confirmatory::P80273	negative	86cc21bca61bd87e3a544b53de63d4a85a51acbb0d64b5ad6e6e2ba8aa8ab938	evaluation
dominant_to_calibration	confirmatory::P80299	negative	2eecc744c786b9108557788352fd5794355c754b0934c0f099e6c21ad6cf8672	calibration
dominant_to_calibration	confirmatory::P80301	negative	eb85637eb8a3dcfa0688f0ce39ddbef7c38775a667e3c17295d08b1fe44192ff	calibration
dominant_to_calibration	confirmatory::P80351	negative	8f20d0c6980ead1e360a848d002432fd7be75037bb37add933645c20185679c7	evaluation
dominant_to_calibration	confirmatory::P80352	negative	8f20d0c6980ead1e360a848d002432fd7be75037bb37add933645c20185679c7	evaluation
dominant_to_calibration	confirmatory::P80353	negative	8f20d0c6980ead1e360a848d002432fd7be75037bb37add933645c20185679c7	evaluation
dominant_to_calibration	confirmatory::P80359	negative	4b9e7bea9ce8ee8ae94698ef8499017333c8e1e95a44680dba3be60d8618dc01	calibration
dominant_to_calibration	confirmatory::P80370	negative	389ad42570c89a23dada5ba64aad3e0bd24cb5b88b1fc4a23e5d29f2508b4cfc	evaluation
dominant_to_calibration	confirmatory::P80416	negative	e18b4e5fbde76978c2080f2894717f1f991e2dfb87f46a80f37a5cab5ea38ab0	evaluation
dominant_to_calibration	confirmatory::P80424	negative	b364128ce74b38523f92d7e55811ecac6ee23ba8b6f23381aad717dd65560c27	evaluation
dominant_to_calibration	confirmatory::P80450	negative	34efdb7da6465528647a3456cde08984bda0ce26aa0261df4c8efe316d3e0938	evaluation
dominant_to_calibration	confirmatory::P80663	negative	cd44ecfb0231fbe25976a913c1248001f954c4063e308617e008c4b65e1d218b	evaluation
dominant_to_calibration	confirmatory::P80664	negative	cd44ecfb0231fbe25976a913c1248001f954c4063e308617e008c4b65e1d218b	evaluation
dominant_to_calibration	confirmatory::P80691	negative	61a1c3521102b1f6415e80d7716f6a231e4ae45e7d681e751332bb0344c9ee73	calibration
dominant_to_calibration	confirmatory::P80736	negative	e18b4e5fbde76978c2080f2894717f1f991e2dfb87f46a80f37a5cab5ea38ab0	evaluation
dominant_to_calibration	confirmatory::P80952	negative	55927c04e923f511084010cf0858f6d88c365ae75b99c08d7e94a4aea9cd3a91	evaluation
dominant_to_calibration	confirmatory::P81016	negative	9d2bb9c0ec111008855c185d034a9f835f297b67d775b83c19cacc5a83480fca	calibration
dominant_to_calibration	confirmatory::P81026	negative	0e86e9e3943105f0c02e336cf49e66419fe7933b4a9c56997c7bb8035f3c7a0a	evaluation
dominant_to_calibration	confirmatory::P81028	negative	55927c04e923f511084010cf0858f6d88c365ae75b99c08d7e94a4aea9cd3a91	evaluation
dominant_to_calibration	confirmatory::P81039	negative	9d2bb9c0ec111008855c185d034a9f835f297b67d775b83c19cacc5a83480fca	calibration
dominant_to_calibration	confirmatory::P81061	negative	e762a34e2879fb89badf3aefde610ff9d5414dd0791ef2899f47f15931593ae4	calibration
dominant_to_calibration	confirmatory::P81069	negative	922c536314c57b8fad9957583decb99342da4d7a7fbcfbc74f1573e7ce15839c	evaluation
dominant_to_calibration	confirmatory::P81139	negative	82e1c2f759ec8bf899994b4553b7d3cc20a8d7c5d625a051f6b6104ee4a7005f	calibration
dominant_to_calibration	confirmatory::P81187	negative	bc915c1c28ec405395a99c2ecfb7d27da28c273f79648ff3c9d1f724acfa6d1b	calibration
dominant_to_calibration	confirmatory::P81191	negative	b801cd20caed02d42372e64843da24fbe06c1fd7f7e967372892e647cc88444a	calibration
dominant_to_calibration	confirmatory::P81245	negative	edb3c447afa44d59b38fa892298e479bed83027ef9490899288c6eb76b785c0e	calibration
dominant_to_calibration	confirmatory::P81365	negative	91bd60dabb882867c24e7bc1c3c50d5e623a99ff781af028e7ff380940a7501d	evaluation
dominant_to_calibration	confirmatory::P81366	negative	91bd60dabb882867c24e7bc1c3c50d5e623a99ff781af028e7ff380940a7501d	evaluation
dominant_to_calibration	confirmatory::P81367	negative	f7a616fde5389141c0e4c34abab3803332ab61f9588c2aa0912a794e89fe69e4	calibration
dominant_to_calibration	confirmatory::P81368	negative	f7a616fde5389141c0e4c34abab3803332ab61f9588c2aa0912a794e89fe69e4	calibration
dominant_to_calibration	confirmatory::P81402	negative	86cc21bca61bd87e3a544b53de63d4a85a51acbb0d64b5ad6e6e2ba8aa8ab938	evaluation
dominant_to_calibration	confirmatory::P81423	negative	2ca3559869bf73bf1369b0778046227fe36990704ef03e92e809601ac40ebe65	evaluation
dominant_to_calibration	confirmatory::P81429	negative	d1c6ab564afa4059f4195e330c3f3d2fa72e6c258ca03ccbdb0ec294d4b10bcb	calibration
dominant_to_calibration	confirmatory::P81591	negative	4b9e7bea9ce8ee8ae94698ef8499017333c8e1e95a44680dba3be60d8618dc01	calibration
dominant_to_calibration	confirmatory::P81608	negative	ae072172ac565f240e9af5c41bfdfc0174476f5f1bc878f8c5aab26e7d89d267	calibration
dominant_to_calibration	confirmatory::P81622	negative	623f3f0445ba3d68f7f0b01360d57379b68a4bd25c5f902822b41b66dfcdfc89	evaluation
dominant_to_calibration	confirmatory::P81656	negative	25545dadd80435581e74794c9216eeb66ace8228a86901b5932e62c7acee96bd	calibration
dominant_to_calibration	confirmatory::P81657	negative	25545dadd80435581e74794c9216eeb66ace8228a86901b5932e62c7acee96bd	calibration
dominant_to_calibration	confirmatory::P81702	positive	ce1c64f50954031725ebd9332ca2644ecc1773876add3f3aaba6d3799b2d5fcc	evaluation
dominant_to_calibration	confirmatory::P81714	negative	e762a34e2879fb89badf3aefde610ff9d5414dd0791ef2899f47f15931593ae4	calibration
dominant_to_calibration	confirmatory::P81726	negative	7cfc083fd4b244bc8c957330ce9e6b1720e1683808f7eaaa0da9e0bb5575cae7	calibration
dominant_to_calibration	confirmatory::P81859	negative	fb3d9086710c22eb209777dc02506bc21ad102b35c0a2d4e54e73b021c9991f7	evaluation
dominant_to_calibration	confirmatory::P81862	positive	a57b5841283fbaab7fdeaba66ec5aa004540ea843306ff4b92c2f55e248ac1a2	evaluation
dominant_to_calibration	confirmatory::P81880	negative	0e86e9e3943105f0c02e336cf49e66419fe7933b4a9c56997c7bb8035f3c7a0a	evaluation
dominant_to_calibration	confirmatory::P82007	negative	5041a1e1f60f70f4bccce3b8daeb631454e2f014bb557bfeaccf74d45d44c355	evaluation
dominant_to_calibration	confirmatory::P82140	positive	4121cb71d3bc20f196207d98ebec7825ccbdfd988813aea18d4ef15861b530fc	evaluation
dominant_to_calibration	confirmatory::P82188	negative	34b41219611ac71b39f94001659d257ef301dc42fb86d0ab1b2396d000b25f11	evaluation
dominant_to_calibration	confirmatory::P82353	negative	6b111aaea1b14ddb814846a85c23e172f370297153b0c3e30d310f7fcbc01eb9	evaluation
dominant_to_calibration	confirmatory::P82408	negative	b7762ce85918a621bc4bf4c4e7657779c885d02f6b53a465f4762637db65c059	calibration
dominant_to_calibration	confirmatory::P82409	negative	b7762ce85918a621bc4bf4c4e7657779c885d02f6b53a465f4762637db65c059	calibration
dominant_to_calibration	confirmatory::P82410	negative	b7762ce85918a621bc4bf4c4e7657779c885d02f6b53a465f4762637db65c059	calibration
dominant_to_calibration	confirmatory::P82708	negative	7e90cee412221196bcc5f07c4f195b89927144c6913a290671cfdac2f6ba7db5	calibration
dominant_to_calibration	confirmatory::P82900	negative	6b111aaea1b14ddb814846a85c23e172f370297153b0c3e30d310f7fcbc01eb9	evaluation
dominant_to_calibration	confirmatory::P82901	negative	6b111aaea1b14ddb814846a85c23e172f370297153b0c3e30d310f7fcbc01eb9	evaluation
dominant_to_calibration	confirmatory::P83036	negative	91bd60dabb882867c24e7bc1c3c50d5e623a99ff781af028e7ff380940a7501d	evaluation
dominant_to_calibration	confirmatory::P83051	negative	91bd60dabb882867c24e7bc1c3c50d5e623a99ff781af028e7ff380940a7501d	evaluation
dominant_to_calibration	confirmatory::P83052	negative	91bd60dabb882867c24e7bc1c3c50d5e623a99ff781af028e7ff380940a7501d	evaluation
dominant_to_calibration	confirmatory::P83167	negative	34efdb7da6465528647a3456cde08984bda0ce26aa0261df4c8efe316d3e0938	evaluation
dominant_to_calibration	confirmatory::P83207	negative	f7a616fde5389141c0e4c34abab3803332ab61f9588c2aa0912a794e89fe69e4	calibration
dominant_to_calibration	confirmatory::P83394	negative	b7762ce85918a621bc4bf4c4e7657779c885d02f6b53a465f4762637db65c059	calibration
dominant_to_calibration	confirmatory::P83398	negative	b7762ce85918a621bc4bf4c4e7657779c885d02f6b53a465f4762637db65c059	calibration
dominant_to_calibration	confirmatory::P83434	negative	86cc21bca61bd87e3a544b53de63d4a85a51acbb0d64b5ad6e6e2ba8aa8ab938	evaluation
dominant_to_calibration	confirmatory::P83506	negative	6b111aaea1b14ddb814846a85c23e172f370297153b0c3e30d310f7fcbc01eb9	evaluation
dominant_to_calibration	confirmatory::P83508	negative	f92a8e542977ec3d6dc95e8a0bde11a3a1290134ed49574133ebe628e0201670	evaluation
dominant_to_calibration	confirmatory::P83594	negative	91bd60dabb882867c24e7bc1c3c50d5e623a99ff781af028e7ff380940a7501d	evaluation
dominant_to_calibration	confirmatory::P83667	negative	7cfc083fd4b244bc8c957330ce9e6b1720e1683808f7eaaa0da9e0bb5575cae7	calibration
dominant_to_calibration	confirmatory::P83770	negative	5825442273aa674e597f0324f3d9d13995d18a085e3f346a6583071a32270dd2	evaluation
dominant_to_calibration	confirmatory::P83790	negative	fb3d9086710c22eb209777dc02506bc21ad102b35c0a2d4e54e73b021c9991f7	evaluation
dominant_to_calibration	confirmatory::P83962	negative	08528be7fd341aa6992306d6cc2dcd129232b8b4cd83081db737fc35b1f465a3	evaluation
dominant_to_calibration	confirmatory::P83964	negative	08528be7fd341aa6992306d6cc2dcd129232b8b4cd83081db737fc35b1f465a3	evaluation
dominant_to_calibration	confirmatory::P84018	positive	50d2b3b947070309bfb730810c28f3838b961195cdd026613072008d8a2c272f	evaluation
dominant_to_calibration	confirmatory::P84282	negative	689e1336433301df9acdf1a59cc5c4534384a4fccb30c420adfc8678283ac487	evaluation
dominant_to_calibration	confirmatory::P84451	negative	b7762ce85918a621bc4bf4c4e7657779c885d02f6b53a465f4762637db65c059	calibration
dominant_to_calibration	confirmatory::P84488	negative	9d2bb9c0ec111008855c185d034a9f835f297b67d775b83c19cacc5a83480fca	calibration
dominant_to_calibration	confirmatory::P84771	negative	9d2bb9c0ec111008855c185d034a9f835f297b67d775b83c19cacc5a83480fca	calibration
dominant_to_calibration	confirmatory::P84772	negative	9d2bb9c0ec111008855c185d034a9f835f297b67d775b83c19cacc5a83480fca	calibration
dominant_to_calibration	confirmatory::P84775	negative	22908ea1541a1b07146f2bd28daaa95ec311bcc862f3182fe7289c27fc0bc4d0	evaluation
dominant_to_calibration	confirmatory::P84881	negative	7cfc083fd4b244bc8c957330ce9e6b1720e1683808f7eaaa0da9e0bb5575cae7	calibration
dominant_to_calibration	confirmatory::P84882	negative	91bd60dabb882867c24e7bc1c3c50d5e623a99ff781af028e7ff380940a7501d	evaluation
dominant_to_calibration	confirmatory::P84900	positive	d0df84d7805a54d491be5d2cee4a51201f50805e294ded4ede2c0c504b509e5c	evaluation
dominant_to_calibration	confirmatory::P85031	negative	450882407bb31af420e3fb498b86045252de225bcb0bc544cb192820b36d6e90	evaluation
dominant_to_calibration	confirmatory::P85105	negative	86cc21bca61bd87e3a544b53de63d4a85a51acbb0d64b5ad6e6e2ba8aa8ab938	evaluation
dominant_to_calibration	confirmatory::P85204	negative	34efdb7da6465528647a3456cde08984bda0ce26aa0261df4c8efe316d3e0938	evaluation
dominant_to_calibration	confirmatory::P85206	negative	34efdb7da6465528647a3456cde08984bda0ce26aa0261df4c8efe316d3e0938	evaluation
dominant_to_calibration	confirmatory::P85224	positive	9fd4967cff40f412f7aa7def5ef46c577b9436f6aaf0e2d306211a8ad96bf45c	evaluation
dominant_to_calibration	confirmatory::P85894	negative	86cc21bca61bd87e3a544b53de63d4a85a51acbb0d64b5ad6e6e2ba8aa8ab938	evaluation
dominant_to_calibration	confirmatory::P85966	negative	4b9e7bea9ce8ee8ae94698ef8499017333c8e1e95a44680dba3be60d8618dc01	calibration
dominant_to_calibration	confirmatory::P86137	negative	34efdb7da6465528647a3456cde08984bda0ce26aa0261df4c8efe316d3e0938	evaluation
dominant_to_calibration	confirmatory::P86193	positive	e3b13ba62a0bdd42d1e0a81b7ebdfec1ffd99e1887b2fd9ad435755bce68f6b9	evaluation
dominant_to_calibration	confirmatory::P86239	negative	450882407bb31af420e3fb498b86045252de225bcb0bc544cb192820b36d6e90	evaluation
dominant_to_calibration	confirmatory::P86325	negative	d1c6ab564afa4059f4195e330c3f3d2fa72e6c258ca03ccbdb0ec294d4b10bcb	calibration
dominant_to_calibration	confirmatory::P86412	negative	34b41219611ac71b39f94001659d257ef301dc42fb86d0ab1b2396d000b25f11	evaluation
dominant_to_calibration	confirmatory::P86451	negative	91bd60dabb882867c24e7bc1c3c50d5e623a99ff781af028e7ff380940a7501d	evaluation
dominant_to_calibration	confirmatory::P86473	negative	4b9e7bea9ce8ee8ae94698ef8499017333c8e1e95a44680dba3be60d8618dc01	calibration
dominant_to_calibration	confirmatory::P86521	negative	4b9e7bea9ce8ee8ae94698ef8499017333c8e1e95a44680dba3be60d8618dc01	calibration
dominant_to_calibration	confirmatory::P86527	negative	34efdb7da6465528647a3456cde08984bda0ce26aa0261df4c8efe316d3e0938	evaluation
dominant_to_calibration	confirmatory::P86809	negative	6b111aaea1b14ddb814846a85c23e172f370297153b0c3e30d310f7fcbc01eb9	evaluation
dominant_to_calibration	confirmatory::P86987	negative	b364128ce74b38523f92d7e55811ecac6ee23ba8b6f23381aad717dd65560c27	evaluation
dominant_to_calibration	confirmatory::P87184	negative	1bb7a69c5ac8dff09d9743d7de36e3db00db59e8de64893c6df4fc99ac9601d3	evaluation
dominant_to_calibration	confirmatory::P90698	negative	c29ace97e3f68e1ea5cedd577cec9590a47ff6f4fd7c3ef59a5be8b4e74a27cf	evaluation
dominant_to_calibration	confirmatory::P91420	negative	369890e1b4fdd3f4d633bc750ce4706bc6a1c2d11deb58e010bd3f44230852d0	evaluation
dominant_to_calibration	confirmatory::P91797	negative	b56a1d7ee3560b19c7f62f09482881dc12d311b025a6f303bd3f6244b1c5bb96	evaluation
dominant_to_calibration	confirmatory::P91863	negative	da1f730a80c0f0ed1f9303734404705fa18285380f99e8c78185dd847cf60b39	calibration
dominant_to_calibration	confirmatory::P91896	negative	50208ba7185986fdc3fd1b52d79feeb7da9b4c04f65a5deb9f7cc3291aa67f87	evaluation
dominant_to_calibration	confirmatory::P91953	negative	24063adf61b47696a5084aad279fba23bd2d452cb3a4e2a3d0222f5c61a60eb3	evaluation
dominant_to_calibration	confirmatory::P93198	negative	8f20d0c6980ead1e360a848d002432fd7be75037bb37add933645c20185679c7	evaluation
dominant_to_calibration	confirmatory::P93224	negative	86cc21bca61bd87e3a544b53de63d4a85a51acbb0d64b5ad6e6e2ba8aa8ab938	evaluation
dominant_to_calibration	confirmatory::P93431	negative	8681430580a6e93c9a5c5191318e81f81318672585060b391df6fac4041ca3f8	evaluation
dominant_to_calibration	confirmatory::P93655	negative	6575fe00f3ccdc3a9bcd22237c35b4067cd150571930ca1e7aa9a8e6117d5536	calibration
dominant_to_calibration	confirmatory::P93680	negative	4b9e7bea9ce8ee8ae94698ef8499017333c8e1e95a44680dba3be60d8618dc01	calibration
dominant_to_calibration	confirmatory::P93732	negative	87480a95a88b6b578d03758154256fdbdbb2e3418af2f8712b57ff0c18f5edc1	calibration
dominant_to_calibration	confirmatory::P94667	negative	ea060f244e352de2544b388f1abc1899258898681ff665dbf7303805cc505276	calibration
dominant_to_calibration	confirmatory::P95459	negative	623f3f0445ba3d68f7f0b01360d57379b68a4bd25c5f902822b41b66dfcdfc89	evaluation
dominant_to_calibration	confirmatory::P96723	positive	8aba8b6d23474a88b7eebf104d228817cbec24158a7c525094d79679839e22aa	evaluation
dominant_to_calibration	confirmatory::P97290	negative	7c001592a0af53a0b7029cb604d3d173bb64ff8d0eddd85c023a777d81f9b85a	calibration
dominant_to_calibration	confirmatory::P97470	negative	369890e1b4fdd3f4d633bc750ce4706bc6a1c2d11deb58e010bd3f44230852d0	evaluation
dominant_to_calibration	confirmatory::P97515	negative	8aca6cf56151161615270e0611bfb487352bac7e999974bcc690200b9c87952d	evaluation
dominant_to_calibration	confirmatory::P97535	negative	f65f268cda29366bb13f1b7087e9b249a64aeb6cb18e487923e1b256252c74c8	evaluation
dominant_to_calibration	confirmatory::P97677	negative	24371bf2d6df09880740ab51a10a679536679e6846c484a18360798d6fe47647	calibration
dominant_to_calibration	confirmatory::P98106	negative	d56efa2c4fa76222614d0864fe50657e6fc587cd0e1890c25a37bf138b4b5f1a	evaluation
dominant_to_calibration	confirmatory::P98109	negative	d56efa2c4fa76222614d0864fe50657e6fc587cd0e1890c25a37bf138b4b5f1a	evaluation
dominant_to_calibration	confirmatory::P98118	negative	7a843c3d1be2da28cbe8faefcec171d83c5cfee0333f1dd2fb60d4221d2894e0	evaluation
dominant_to_calibration	confirmatory::P98131	negative	d56efa2c4fa76222614d0864fe50657e6fc587cd0e1890c25a37bf138b4b5f1a	evaluation
dominant_to_calibration	confirmatory::P98137	negative	ba4d2614b5e550635440f4c6525e8134022aee773ce7679090791bd84dd97e71	evaluation
dominant_to_calibration	confirmatory::P98154	negative	d845f4614da558aa09f4cb8097dd7c0f18155164fe8e907fe4c426cf12b0d6ad	calibration
dominant_to_calibration	confirmatory::P9WEW3	negative	1bb7a69c5ac8dff09d9743d7de36e3db00db59e8de64893c6df4fc99ac9601d3	evaluation
dominant_to_calibration	confirmatory::P9WEW5	negative	1bb7a69c5ac8dff09d9743d7de36e3db00db59e8de64893c6df4fc99ac9601d3	evaluation
dominant_to_calibration	confirmatory::P9WF06	negative	78d47b6ed3ca78f8dd3831f4740c44d7c09df21a62571a8ab580879d33da35a9	calibration
dominant_to_calibration	confirmatory::P9WFE6	negative	ea060f244e352de2544b388f1abc1899258898681ff665dbf7303805cc505276	calibration
dominant_to_calibration	confirmatory::P9WFF0	negative	ea060f244e352de2544b388f1abc1899258898681ff665dbf7303805cc505276	calibration
dominant_to_calibration	confirmatory::P9WFF1	negative	ea060f244e352de2544b388f1abc1899258898681ff665dbf7303805cc505276	calibration
dominant_to_calibration	confirmatory::P9WHR2	negative	5c319dcf9c742d6a7db48c3c941e52b3c5b94a1fea2310431a40afaed8bd94e9	evaluation
dominant_to_calibration	confirmatory::P9WHR3	negative	5c319dcf9c742d6a7db48c3c941e52b3c5b94a1fea2310431a40afaed8bd94e9	evaluation
dominant_to_calibration	confirmatory::P9WNH4	negative	8762b4dd22780fe23714f203220cc300c681de14521ee5b1a75119c4bf2ce030	evaluation
dominant_to_calibration	confirmatory::P9WNH5	negative	8762b4dd22780fe23714f203220cc300c681de14521ee5b1a75119c4bf2ce030	evaluation
dominant_to_calibration	confirmatory::P9WP64	negative	e85ca75fd21f08f6c5447a21dbe773f7d8e304b90e5a8fa84e16e5318ae32bc0	evaluation
dominant_to_calibration	confirmatory::P9WP65	negative	e85ca75fd21f08f6c5447a21dbe773f7d8e304b90e5a8fa84e16e5318ae32bc0	evaluation
dominant_to_calibration	confirmatory::P9WPH9	negative	b157b313e23a75883764646f88a009c79c8245674a159f9ab0b02b5366544c5e	evaluation
dominant_to_calibration	confirmatory::P9WQ61	negative	d92fada7feca4c1cde83ce94c6a8fa940bb876766efac09bff27ee9a256a0ac2	calibration
dominant_to_calibration	confirmatory::P9WQN3	negative	eeea9a44f3b92c0b64cfbc666ec4383718f1a51caad80d42dff39a6daf58eb04	evaluation
dominant_to_calibration	confirmatory::P9WQN5	negative	5971e37049a5aa9cb39d3f93eb42978fd30f68cf207e961d7841bb2ef3ff45c3	calibration
dominant_to_calibration	confirmatory::Q00008	negative	80265ba0cf707cc2b9ab56977abaa12643a893bd6a9a455337c6c3dedf45bd7a	calibration
dominant_to_calibration	confirmatory::Q00652	negative	bf30e013f16aa81ae1fa35895609c363048eab7576368053fb0f2db1dc661092	evaluation
dominant_to_calibration	confirmatory::Q00653	negative	a57533e38099ea960ab1f9d4350d4e3eb6a919a313090b8648660eab8a5859d5	calibration
dominant_to_calibration	confirmatory::Q00690	negative	d56efa2c4fa76222614d0864fe50657e6fc587cd0e1890c25a37bf138b4b5f1a	evaluation
dominant_to_calibration	confirmatory::Q00724	negative	c82f4a3ea808a94af9f0fd360da5430293718adb20211aa3407793363c52542d	evaluation
dominant_to_calibration	confirmatory::Q00915	negative	7e90cee412221196bcc5f07c4f195b89927144c6913a290671cfdac2f6ba7db5	calibration
dominant_to_calibration	confirmatory::Q01102	negative	d56efa2c4fa76222614d0864fe50657e6fc587cd0e1890c25a37bf138b4b5f1a	evaluation
dominant_to_calibration	confirmatory::Q01443	negative	8927deb3d36b81872f02f6f2fa6723ab07c6e1431a67fe41e943be1849602b11	evaluation
dominant_to_calibration	confirmatory::Q01469	negative	34b41219611ac71b39f94001659d257ef301dc42fb86d0ab1b2396d000b25f11	evaluation
dominant_to_calibration	confirmatory::Q01470	negative	d1c6ab564afa4059f4195e330c3f3d2fa72e6c258ca03ccbdb0ec294d4b10bcb	calibration
dominant_to_calibration	confirmatory::Q01584	negative	fff12e77db30d8d5054c219a61e7eadca02694fd845a38e729300f128215237b	evaluation
dominant_to_calibration	confirmatory::Q01853	negative	199e5e746f1a78658450a2ba041b79aef49bbb4feb4fdafedee11b7288c9ede8	calibration
dominant_to_calibration	confirmatory::Q01866	negative	e05601ea88e959e19ab806ffbb105c627801c8bb5ad09dc89365ca58c7e075e4	evaluation
dominant_to_calibration	confirmatory::Q01881	negative	f7a616fde5389141c0e4c34abab3803332ab61f9588c2aa0912a794e89fe69e4	calibration
dominant_to_calibration	confirmatory::Q01882	negative	f7a616fde5389141c0e4c34abab3803332ab61f9588c2aa0912a794e89fe69e4	calibration
dominant_to_calibration	confirmatory::Q01883	negative	f7a616fde5389141c0e4c34abab3803332ab61f9588c2aa0912a794e89fe69e4	calibration
dominant_to_calibration	confirmatory::Q01939	negative	23d5a3bd524d30d0ed03bfe373885d5527e4035c98c411d13a9667a063013c6e	calibration
dominant_to_calibration	confirmatory::Q01MB6	negative	4b9e7bea9ce8ee8ae94698ef8499017333c8e1e95a44680dba3be60d8618dc01	calibration
dominant_to_calibration	confirmatory::Q02020	negative	450882407bb31af420e3fb498b86045252de225bcb0bc544cb192820b36d6e90	evaluation
dominant_to_calibration	confirmatory::Q02297	negative	91b858f346ac3afb4728681d878a568bfffadbc62d247fa1e5ced92f762b8c96	calibration
dominant_to_calibration	confirmatory::Q02815	negative	22908ea1541a1b07146f2bd28daaa95ec311bcc862f3182fe7289c27fc0bc4d0	evaluation
dominant_to_calibration	confirmatory::Q02853	negative	24063adf61b47696a5084aad279fba23bd2d452cb3a4e2a3d0222f5c61a60eb3	evaluation
dominant_to_calibration	confirmatory::Q02891	negative	ae3db36d713f78343ecf11e78c37d92f7a53f0a9ae82c1e682214913ef379127	evaluation
dominant_to_calibration	confirmatory::Q02943	negative	ea060f244e352de2544b388f1abc1899258898681ff665dbf7303805cc505276	calibration
dominant_to_calibration	confirmatory::Q02FF4	negative	ea060f244e352de2544b388f1abc1899258898681ff665dbf7303805cc505276	calibration
dominant_to_calibration	confirmatory::Q03017	negative	663be53e07797c6b53cd11f748d22569d84aed21c35499a0aad9fa75e57a441d	calibration
dominant_to_calibration	confirmatory::Q03110	negative	9115b03cb3061d687b03fddc7be898a18890649d629080776e40a00b900bba11	calibration
dominant_to_calibration	confirmatory::Q03196	negative	59a7c73ad4f71325dc069b3b56a6706bf834b27f6842c0393bb71d87efb0b3c8	calibration
dominant_to_calibration	confirmatory::Q03197	negative	bf30e013f16aa81ae1fa35895609c363048eab7576368053fb0f2db1dc661092	evaluation
dominant_to_calibration	confirmatory::Q03282	negative	ea060f244e352de2544b388f1abc1899258898681ff665dbf7303805cc505276	calibration
dominant_to_calibration	confirmatory::Q03284	negative	ea060f244e352de2544b388f1abc1899258898681ff665dbf7303805cc505276	calibration
dominant_to_calibration	confirmatory::Q03333	negative	da1f730a80c0f0ed1f9303734404705fa18285380f99e8c78185dd847cf60b39	calibration
dominant_to_calibration	confirmatory::Q03383	negative	1bad7339ca2028d57e74409846e4a10cdd8d5d1c129e7eda85d5b0f739da9011	calibration
dominant_to_calibration	confirmatory::Q03420	negative	1bb7a69c5ac8dff09d9743d7de36e3db00db59e8de64893c6df4fc99ac9601d3	evaluation
dominant_to_calibration	confirmatory::Q03461	negative	86cc21bca61bd87e3a544b53de63d4a85a51acbb0d64b5ad6e6e2ba8aa8ab938	evaluation
dominant_to_calibration	confirmatory::Q03649	negative	ae3db36d713f78343ecf11e78c37d92f7a53f0a9ae82c1e682214913ef379127	evaluation
dominant_to_calibration	confirmatory::Q03ME3	negative	ea060f244e352de2544b388f1abc1899258898681ff665dbf7303805cc505276	calibration
dominant_to_calibration	confirmatory::Q03ME5	negative	ea060f244e352de2544b388f1abc1899258898681ff665dbf7303805cc505276	calibration
dominant_to_calibration	confirmatory::Q04119	negative	9e381da930fef3e2a273c2551bf164251114ab43d834a36960257f4302374291	evaluation
dominant_to_calibration	confirmatory::Q04456	negative	d1c6ab564afa4059f4195e330c3f3d2fa72e6c258ca03ccbdb0ec294d4b10bcb	calibration
dominant_to_calibration	confirmatory::Q04457	negative	d1c6ab564afa4059f4195e330c3f3d2fa72e6c258ca03ccbdb0ec294d4b10bcb	calibration
dominant_to_calibration	confirmatory::Q04519	negative	bd77a94d6f7bd336f5f75129f2f325ac5fb84bd5f6d30ac29dcd849ddde97e20	evaluation
dominant_to_calibration	confirmatory::Q04623	negative	98c5ad590271b1569d010cb76a6a792e17d2b93cd34ef8f21084c236959397d0	evaluation
dominant_to_calibration	confirmatory::Q04749	negative	ad901a5bcc23a8092fb46ec2aa08a464e61fa74edde453c0216fac8d72b06a96	calibration
dominant_to_calibration	confirmatory::Q05110	negative	25545dadd80435581e74794c9216eeb66ace8228a86901b5932e62c7acee96bd	calibration
dominant_to_calibration	confirmatory::Q05117	negative	5f720ffdffee0343aa112bd6ae6fcfb774d18bbb2e61a319453a29f6f389cdbb	calibration
dominant_to_calibration	confirmatory::Q05332	negative	2cc909198de5bc355e0ffb1e1231892043c8b30f779aa53c4a53c3b15b3891c0	evaluation
dominant_to_calibration	confirmatory::Q05487	negative	d1c6ab564afa4059f4195e330c3f3d2fa72e6c258ca03ccbdb0ec294d4b10bcb	calibration
dominant_to_calibration	confirmatory::Q05547	negative	369890e1b4fdd3f4d633bc750ce4706bc6a1c2d11deb58e010bd3f44230852d0	evaluation
dominant_to_calibration	confirmatory::Q05681	negative	80188e9791182b3a7d2f79c0e2ed86136b48ed6a049411d036b36313dbd8bbd5	calibration
dominant_to_calibration	confirmatory::Q05769	negative	eaccb7debaadc3ca12235f53d0889fe4d708ee20342c7afff2cd364bfff58c6f	evaluation
dominant_to_calibration	confirmatory::Q05772	negative	8f8da713303fc3e9da5300981fa592399dd69f945ee35063684c899fb1bc1d27	calibration
dominant_to_calibration	confirmatory::Q05816	negative	34b41219611ac71b39f94001659d257ef301dc42fb86d0ab1b2396d000b25f11	evaluation
dominant_to_calibration	confirmatory::Q05921	negative	8a44bb51ec4eefdb9a75271fb68dc8961d0762b14bd07eab19ffabc446d14663	evaluation
dominant_to_calibration	confirmatory::Q05924	negative	35fb562852952c09ea18952cafc9064066586aa02b57befdd329c08c3ac2a0f2	calibration
dominant_to_calibration	confirmatory::Q05AK6	negative	09a5c6daa4509edcd9a50cdcab8952c9c902cbc82772d0954acdce88324b4fe6	calibration
dominant_to_calibration	confirmatory::Q05AS3	negative	9be8126a2dbfcd7513074efb8f97e42b52a270b713971328a72dcad11b7a1f84	evaluation
dominant_to_calibration	confirmatory::Q06000	negative	82e1c2f759ec8bf899994b4553b7d3cc20a8d7c5d625a051f6b6104ee4a7005f	calibration
dominant_to_calibration	confirmatory::Q06145	negative	1266174c120eff8e5214e2b55ed12604c60139466c562171145fa9d0b0892018	calibration
dominant_to_calibration	confirmatory::Q06153	positive	9b446bcf70c7a2a62ea0c4709acc86129f0edc80d3444e22acb186e3c15e6177	evaluation
dominant_to_calibration	confirmatory::Q06186	negative	e41d009e5cb7f58c790b0ca9602f9e786b86e33e1a576f001d4c24b1e5f1e2d5	calibration
dominant_to_calibration	confirmatory::Q06209	negative	4b9e7bea9ce8ee8ae94698ef8499017333c8e1e95a44680dba3be60d8618dc01	calibration
dominant_to_calibration	confirmatory::Q06547	negative	922c536314c57b8fad9957583decb99342da4d7a7fbcfbc74f1573e7ce15839c	evaluation
dominant_to_calibration	confirmatory::Q06770	negative	a5ebffc2e2dbb22bd5322e5b7f495ec0102e8dba67dfdb8b96b9aa84fa7da6f3	evaluation
dominant_to_calibration	confirmatory::Q06K77	positive	06b04081f38ec9ec550fefb73257890566c9b13ae79c26ee55aa6ed8bfd188e2	evaluation
dominant_to_calibration	confirmatory::Q06VC5	negative	256f8bc81e5f127a1aa39a394495cd832ff8d5cee83f939b0288bf6f2264716b	evaluation
dominant_to_calibration	confirmatory::Q07098	negative	369890e1b4fdd3f4d633bc750ce4706bc6a1c2d11deb58e010bd3f44230852d0	evaluation
dominant_to_calibration	confirmatory::Q07099	negative	369890e1b4fdd3f4d633bc750ce4706bc6a1c2d11deb58e010bd3f44230852d0	evaluation
dominant_to_calibration	confirmatory::Q07100	negative	369890e1b4fdd3f4d633bc750ce4706bc6a1c2d11deb58e010bd3f44230852d0	evaluation
dominant_to_calibration	confirmatory::Q07108	negative	d78d49674f37632ea0ae0056416cafb4fe0ca7fc10a007fbd7127ad0e6c90b4a	calibration
dominant_to_calibration	confirmatory::Q07397	negative	ea060f244e352de2544b388f1abc1899258898681ff665dbf7303805cc505276	calibration
dominant_to_calibration	confirmatory::Q07399	negative	ea060f244e352de2544b388f1abc1899258898681ff665dbf7303805cc505276	calibration
dominant_to_calibration	confirmatory::Q07444	negative	ba638047c24605d7840baa21456a792eb87dea0d635a9d6b405f0050d0dcb588	evaluation
dominant_to_calibration	confirmatory::Q07646	negative	f57c6cf461f021788bb7f38d55fb443eb4f59d5c8171c8c0af30ab029f1bfb82	evaluation
dominant_to_calibration	confirmatory::Q07730	positive	fc1cd218af6bd9e46ce3551bc43f80f187a3cc6e34adc65cd63f7b24dee830fa	evaluation
dominant_to_calibration	confirmatory::Q07DV3	negative	fda4691ac7474afa1416f69875bb1ae70c656582bd0ae9c47990dadde158ccc4	calibration
dominant_to_calibration	confirmatory::Q07DX6	negative	fda4691ac7474afa1416f69875bb1ae70c656582bd0ae9c47990dadde158ccc4	calibration
dominant_to_calibration	confirmatory::Q07DY6	negative	fda4691ac7474afa1416f69875bb1ae70c656582bd0ae9c47990dadde158ccc4	calibration
dominant_to_calibration	confirmatory::Q07DZ7	negative	fda4691ac7474afa1416f69875bb1ae70c656582bd0ae9c47990dadde158ccc4	calibration
dominant_to_calibration	confirmatory::Q07E17	negative	fda4691ac7474afa1416f69875bb1ae70c656582bd0ae9c47990dadde158ccc4	calibration
dominant_to_calibration	confirmatory::Q07K70	negative	ea060f244e352de2544b388f1abc1899258898681ff665dbf7303805cc505276	calibration
dominant_to_calibration	confirmatory::Q07K73	negative	ea060f244e352de2544b388f1abc1899258898681ff665dbf7303805cc505276	calibration
dominant_to_calibration	confirmatory::Q08209	negative	80188e9791182b3a7d2f79c0e2ed86136b48ed6a049411d036b36313dbd8bbd5	calibration
dominant_to_calibration	confirmatory::Q08279	negative	22908ea1541a1b07146f2bd28daaa95ec311bcc862f3182fe7289c27fc0bc4d0	evaluation
dominant_to_calibration	confirmatory::Q08431	negative	67b28ba5e81d277aab432e8590ea0314688bb8591ebef3ca06a6935723ff3652	evaluation
dominant_to_calibration	confirmatory::Q08519	negative	d4b8fd03a3caaecd44d5b548daa02c315b9633db3506830623271b9a37653456	calibration
dominant_to_calibration	confirmatory::Q08535	negative	2f6765a2a89871a6eb92d3007f7c1b382fd5307197640e9907ad0db6980fd8ae	calibration
dominant_to_calibration	confirmatory::Q08652	negative	7e90cee412221196bcc5f07c4f195b89927144c6913a290671cfdac2f6ba7db5	calibration
dominant_to_calibration	confirmatory::Q08662	negative	d1c6ab564afa4059f4195e330c3f3d2fa72e6c258ca03ccbdb0ec294d4b10bcb	calibration
dominant_to_calibration	confirmatory::Q08697	negative	80265ba0cf707cc2b9ab56977abaa12643a893bd6a9a455337c6c3dedf45bd7a	calibration
dominant_to_calibration	confirmatory::Q08716	negative	ea060f244e352de2544b388f1abc1899258898681ff665dbf7303805cc505276	calibration
dominant_to_calibration	confirmatory::Q08830	negative	450882407bb31af420e3fb498b86045252de225bcb0bc544cb192820b36d6e90	evaluation
dominant_to_calibration	confirmatory::Q08DW9	negative	86a5c1bfc5908ede8123b1f6c7156fccf03d9d9b70f3f68acd76dfc146e5b158	evaluation
dominant_to_calibration	confirmatory::Q09131	negative	bb6ceea07e989d80c137788cdbdfd634ab9becd492e572919974a7e2ecc7bc23	calibration
dominant_to_calibration	confirmatory::Q09139	negative	34b41219611ac71b39f94001659d257ef301dc42fb86d0ab1b2396d000b25f11	evaluation
dominant_to_calibration	confirmatory::Q09169	negative	9d2bb9c0ec111008855c185d034a9f835f297b67d775b83c19cacc5a83480fca	calibration
dominant_to_calibration	confirmatory::Q09175	negative	0840af6d61e535996fdac85e4931f62ffc2b0d5e510092ed0bdf24addc0a25f9	evaluation
dominant_to_calibration	confirmatory::Q09496	negative	369890e1b4fdd3f4d633bc750ce4706bc6a1c2d11deb58e010bd3f44230852d0	evaluation
dominant_to_calibration	confirmatory::Q09701	negative	651b9e92e4ecdc30680b00e0468876c9c908e05f14b01e162f2fa49e6daa2c3c	calibration
dominant_to_calibration	confirmatory::Q09803	negative	12099ebff3efead5c06a18a835e5239edabab4ca79c6c9ba0c916ef443726217	evaluation
dominant_to_calibration	confirmatory::Q09843	negative	694df2b5849b10ec08101ea2af6560538999a3c675f58d38bdfa8b4f58b573a3	calibration
dominant_to_calibration	confirmatory::Q09TK7	negative	6b0ebc54dfc64f7e2c289708b3968aada03a867dbdba2a8bd6abfebd1ad576b8	calibration
dominant_to_calibration	confirmatory::Q09TK9	negative	4dd182530990b6549f71b8bf81edf5846a3c0fdfd4cb11f7de9dd14c51877cba	calibration
dominant_to_calibration	confirmatory::Q09YH1	negative	fda4691ac7474afa1416f69875bb1ae70c656582bd0ae9c47990dadde158ccc4	calibration
dominant_to_calibration	confirmatory::Q09YK6	negative	fda4691ac7474afa1416f69875bb1ae70c656582bd0ae9c47990dadde158ccc4	calibration
dominant_to_calibration	confirmatory::Q0BHN3	negative	ea060f244e352de2544b388f1abc1899258898681ff665dbf7303805cc505276	calibration
dominant_to_calibration	confirmatory::Q0BHN5	negative	ea060f244e352de2544b388f1abc1899258898681ff665dbf7303805cc505276	calibration
dominant_to_calibration	confirmatory::Q0BQ42	negative	ea060f244e352de2544b388f1abc1899258898681ff665dbf7303805cc505276	calibration
dominant_to_calibration	confirmatory::Q0DN94	negative	9e66f92e3f626e738b94300e03df7a1a329731025f17ed2efddc46e081025f75	calibration
dominant_to_calibration	confirmatory::Q0E2S4	negative	369890e1b4fdd3f4d633bc750ce4706bc6a1c2d11deb58e010bd3f44230852d0	evaluation
dominant_to_calibration	confirmatory::Q0E587	negative	4d74d15aa3e2d11db54a7e73cd34e515d68628198cbd4d2a4d5f565252515ccb	calibration
dominant_to_calibration	confirmatory::Q0E588	negative	38e2f0eec7775cc2dd50604c78708b92566c8dd7c5c225fb2b2533265d59c07a	calibration
dominant_to_calibration	confirmatory::Q0E8C8	negative	232e68042990aa2d6dfdf8f6484cf31b647eb80f7a23965c2942f14610d76bf2	calibration
dominant_to_calibration	confirmatory::Q0G819	negative	80188e9791182b3a7d2f79c0e2ed86136b48ed6a049411d036b36313dbd8bbd5	calibration
dominant_to_calibration	confirmatory::Q0H8B9	negative	e73c96ea43f7190ef92adf35894e2eb0a0c6332b069837b46e96d09e4da1989a	calibration
dominant_to_calibration	confirmatory::Q0I656	negative	ea060f244e352de2544b388f1abc1899258898681ff665dbf7303805cc505276	calibration
dominant_to_calibration	confirmatory::Q0I658	negative	ea060f244e352de2544b388f1abc1899258898681ff665dbf7303805cc505276	calibration
dominant_to_calibration	confirmatory::Q0IQK9	negative	34efdb7da6465528647a3456cde08984bda0ce26aa0261df4c8efe316d3e0938	evaluation
dominant_to_calibration	confirmatory::Q0J0A4	negative	80a4a9f363a89d8ed82f93d5e47a0d470f2326e942d948577be7d51473425c16	evaluation
dominant_to_calibration	confirmatory::Q0JJ01	negative	0c8086f45593ce731d32d9faba840aad5c05b57a307b6bf8220176cb31e54e21	evaluation
dominant_to_calibration	confirmatory::Q0KCP6	negative	ea060f244e352de2544b388f1abc1899258898681ff665dbf7303805cc505276	calibration
dominant_to_calibration	confirmatory::Q0P4P2	negative	450882407bb31af420e3fb498b86045252de225bcb0bc544cb192820b36d6e90	evaluation
dominant_to_calibration	confirmatory::Q0RQR8	negative	ea060f244e352de2544b388f1abc1899258898681ff665dbf7303805cc505276	calibration
dominant_to_calibration	confirmatory::Q0S4S7	negative	ea060f244e352de2544b388f1abc1899258898681ff665dbf7303805cc505276	calibration
dominant_to_calibration	confirmatory::Q0S4S9	negative	ea060f244e352de2544b388f1abc1899258898681ff665dbf7303805cc505276	calibration
dominant_to_calibration	confirmatory::Q0TC55	negative	d52af3aeba16f166910db4a02e939c6bcf3e5ff1879d6147eae4d668380d76f5	calibration
dominant_to_calibration	confirmatory::Q0V8B6	negative	c8bc632faaa2dd7e9e07420c2893908d6cabe65710e6f1a8676bef0b20dead16	evaluation
dominant_to_calibration	confirmatory::Q0V9K2	negative	0117c31c5e8a946d348c2967069bc984bdac99ef7914e687858f626281ab9502	calibration
dominant_to_calibration	confirmatory::Q0VC00	negative	b039ccfd244270e65ee7ca7692ed51ef79a65b1b20862267a28d1dbe4cbb86af	evaluation
dominant_to_calibration	confirmatory::Q0VD19	negative	bd77a94d6f7bd336f5f75129f2f325ac5fb84bd5f6d30ac29dcd849ddde97e20	evaluation
dominant_to_calibration	confirmatory::Q0VIL3	negative	b5e03c01fa8ec788c62418b308c35377fee931c14cd5cf80a972b831ec1b8f8d	calibration
dominant_to_calibration	confirmatory::Q0VKX9	negative	ea060f244e352de2544b388f1abc1899258898681ff665dbf7303805cc505276	calibration
dominant_to_calibration	confirmatory::Q0VKY1	negative	ea060f244e352de2544b388f1abc1899258898681ff665dbf7303805cc505276	calibration
dominant_to_calibration	confirmatory::Q0WNE5	negative	8856a301a53b40267674a10bd768cede15c5151a16a718cdb44895a97796ee69	evaluation
dominant_to_calibration	confirmatory::Q10738	negative	24063adf61b47696a5084aad279fba23bd2d452cb3a4e2a3d0222f5c61a60eb3	evaluation
dominant_to_calibration	confirmatory::Q10739	negative	24063adf61b47696a5084aad279fba23bd2d452cb3a4e2a3d0222f5c61a60eb3	evaluation
dominant_to_calibration	confirmatory::Q10835	negative	24063adf61b47696a5084aad279fba23bd2d452cb3a4e2a3d0222f5c61a60eb3	evaluation
dominant_to_calibration	confirmatory::Q108U1	negative	fda4691ac7474afa1416f69875bb1ae70c656582bd0ae9c47990dadde158ccc4	calibration
dominant_to_calibration	confirmatory::Q10916	negative	bd77a94d6f7bd336f5f75129f2f325ac5fb84bd5f6d30ac29dcd849ddde97e20	evaluation
dominant_to_calibration	confirmatory::Q10994	negative	e18b4e5fbde76978c2080f2894717f1f991e2dfb87f46a80f37a5cab5ea38ab0	evaluation
dominant_to_calibration	confirmatory::Q10ST8	negative	6b111aaea1b14ddb814846a85c23e172f370297153b0c3e30d310f7fcbc01eb9	evaluation
dominant_to_calibration	confirmatory::Q11005	negative	24063adf61b47696a5084aad279fba23bd2d452cb3a4e2a3d0222f5c61a60eb3	evaluation
dominant_to_calibration	confirmatory::Q11133	negative	24063adf61b47696a5084aad279fba23bd2d452cb3a4e2a3d0222f5c61a60eb3	evaluation
dominant_to_calibration	confirmatory::Q117Z3	negative	ea060f244e352de2544b388f1abc1899258898681ff665dbf7303805cc505276	calibration
dominant_to_calibration	confirmatory::Q11VN3	negative	ea060f244e352de2544b388f1abc1899258898681ff665dbf7303805cc505276	calibration
dominant_to_calibration	confirmatory::Q12385	negative	98c5ad590271b1569d010cb76a6a792e17d2b93cd34ef8f21084c236959397d0	evaluation
dominant_to_calibration	confirmatory::Q12546	negative	1bf9d2a3ff76529af0bd4c5d86ae87dfaacba148a14660dee67f54fdb6608360	evaluation
dominant_to_calibration	confirmatory::Q12918	negative	8b82ebf287b833af4d036924547c8249a2374ba8620909e97c73d9f10372ee04	calibration
dominant_to_calibration	confirmatory::Q12DU1	negative	ea060f244e352de2544b388f1abc1899258898681ff665dbf7303805cc505276	calibration
dominant_to_calibration	confirmatory::Q133L6	negative	ea060f244e352de2544b388f1abc1899258898681ff665dbf7303805cc505276	calibration
dominant_to_calibration	confirmatory::Q13415	negative	72cb9fee1f9973e32bfa12f20c8173839167e61b5269a4617fc576f7404699c4	calibration
dominant_to_calibration	confirmatory::Q13608	negative	199e5e746f1a78658450a2ba041b79aef49bbb4feb4fdafedee11b7288c9ede8	calibration
dominant_to_calibration	confirmatory::Q14210	negative	26711c766da1911f4bf596b105c186a2ff65f3225bc9762c87ffe5eb880b32c0	evaluation
dominant_to_calibration	confirmatory::Q14314	negative	450882407bb31af420e3fb498b86045252de225bcb0bc544cb192820b36d6e90	evaluation
dominant_to_calibration	confirmatory::Q144E2	negative	ea060f244e352de2544b388f1abc1899258898681ff665dbf7303805cc505276	calibration
dominant_to_calibration	confirmatory::Q148C3	negative	26711c766da1911f4bf596b105c186a2ff65f3225bc9762c87ffe5eb880b32c0	evaluation
dominant_to_calibration	confirmatory::Q15389	negative	450882407bb31af420e3fb498b86045252de225bcb0bc544cb192820b36d6e90	evaluation
dominant_to_calibration	confirmatory::Q15645	negative	47075aafe6d2bac6e113584978b26f2f7857387210bec32ad7cf1bf1364b6c8c	calibration
dominant_to_calibration	confirmatory::Q15653	negative	f5946217655b779cbdb7da1594ab1ee01d52642a7d2cf2070fa5df1454f6a452	calibration
dominant_to_calibration	confirmatory::Q15777	negative	954b55641f50254b0d08cce06f30e91b60b69b65b83254277a852aac2b7ed08a	evaluation
dominant_to_calibration	confirmatory::Q161S8	negative	ea060f244e352de2544b388f1abc1899258898681ff665dbf7303805cc505276	calibration
dominant_to_calibration	confirmatory::Q161T2	negative	ea060f244e352de2544b388f1abc1899258898681ff665dbf7303805cc505276	calibration
dominant_to_calibration	confirmatory::Q16553	negative	412ebf19781844419f07c45188fde84b1712a4113a21c291d54300b8a26fc585	evaluation
dominant_to_calibration	confirmatory::Q17017	negative	34b41219611ac71b39f94001659d257ef301dc42fb86d0ab1b2396d000b25f11	evaluation
dominant_to_calibration	confirmatory::Q17194	negative	50208ba7185986fdc3fd1b52d79feeb7da9b4c04f65a5deb9f7cc3291aa67f87	evaluation
dominant_to_calibration	confirmatory::Q17284	negative	34b41219611ac71b39f94001659d257ef301dc42fb86d0ab1b2396d000b25f11	evaluation
dominant_to_calibration	confirmatory::Q17QH6	negative	87d425c65ac584d5e4c581986c739f7692b2578e446bf382551a86cc21557ecd	calibration
dominant_to_calibration	confirmatory::Q17QP1	negative	d2d18a2bc9017c988a97041e7913c4a22389f8f47b279d83b86b94462d23e94f	evaluation
dominant_to_calibration	confirmatory::Q17VS7	negative	ea060f244e352de2544b388f1abc1899258898681ff665dbf7303805cc505276	calibration
dominant_to_calibration	confirmatory::Q18EB8	negative	ea060f244e352de2544b388f1abc1899258898681ff665dbf7303805cc505276	calibration
dominant_to_calibration	confirmatory::Q18EB9	negative	ea060f244e352de2544b388f1abc1899258898681ff665dbf7303805cc505276	calibration
dominant_to_calibration	confirmatory::Q19204	negative	2f8416df2374c5b49b2cb1afe27cecde6deb2fa2b5dead7f830f4605c8f5b21b	calibration
dominant_to_calibration	confirmatory::Q1B870	negative	ea060f244e352de2544b388f1abc1899258898681ff665dbf7303805cc505276	calibration
dominant_to_calibration	confirmatory::Q1B872	negative	ea060f244e352de2544b388f1abc1899258898681ff665dbf7303805cc505276	calibration
dominant_to_calibration	confirmatory::Q1BYH0	negative	ea060f244e352de2544b388f1abc1899258898681ff665dbf7303805cc505276	calibration
dominant_to_calibration	confirmatory::Q1BYH2	negative	ea060f244e352de2544b388f1abc1899258898681ff665dbf7303805cc505276	calibration
dominant_to_calibration	confirmatory::Q1C5B3	negative	ea060f244e352de2544b388f1abc1899258898681ff665dbf7303805cc505276	calibration
dominant_to_calibration	confirmatory::Q1C5B5	negative	ea060f244e352de2544b388f1abc1899258898681ff665dbf7303805cc505276	calibration
dominant_to_calibration	confirmatory::Q1CKJ9	negative	ea060f244e352de2544b388f1abc1899258898681ff665dbf7303805cc505276	calibration
dominant_to_calibration	confirmatory::Q1CKK1	negative	ea060f244e352de2544b388f1abc1899258898681ff665dbf7303805cc505276	calibration
dominant_to_calibration	confirmatory::Q1CV81	negative	ea060f244e352de2544b388f1abc1899258898681ff665dbf7303805cc505276	calibration
dominant_to_calibration	confirmatory::Q1CV82	negative	ea060f244e352de2544b388f1abc1899258898681ff665dbf7303805cc505276	calibration
dominant_to_calibration	confirmatory::Q1DFT5	negative	21b6803e980b4100cde10a1f99022cfd345351cf94516b3d0ca4cde64db2a7f4	calibration
dominant_to_calibration	confirmatory::Q1GJP6	negative	ea060f244e352de2544b388f1abc1899258898681ff665dbf7303805cc505276	calibration
dominant_to_calibration	confirmatory::Q1GJP8	negative	ea060f244e352de2544b388f1abc1899258898681ff665dbf7303805cc505276	calibration
dominant_to_calibration	confirmatory::Q1HLC0	positive	710eb036024b5d50e6d748023a6368626bdf41af5f63874a6746cee0576a9a3d	evaluation
dominant_to_calibration	confirmatory::Q1I8U1	positive	37a68aca08cc4cd1d1af492be10b74e52a5948ea83cde728161ed478a544f236	evaluation
dominant_to_calibration	confirmatory::Q1IBP0	negative	ea060f244e352de2544b388f1abc1899258898681ff665dbf7303805cc505276	calibration
dominant_to_calibration	confirmatory::Q1IBP2	negative	ea060f244e352de2544b388f1abc1899258898681ff665dbf7303805cc505276	calibration
dominant_to_calibration	confirmatory::Q1J115	negative	dccb74d38eb5e7a9f23fe80d041bb156f74f05b1c460fdc8136e9dbd7d77d278	calibration
dominant_to_calibration	confirmatory::Q1JPD2	negative	19e73a82bf4cb2521cfe2b344a15acf1f9bc96fc692b16e9e3b365f8c7af5ab6	calibration
dominant_to_calibration	confirmatory::Q1JPL7	positive	d1141893a83fd0fa499a0d75ef899f4a1ab0167d70a29f2457ca64ebd1a2af28	evaluation
dominant_to_calibration	confirmatory::Q1JU72	negative	99f40f5f5deac002e1b3d68b6ea089ee9bc93d5873f98c72e3a3b22286c5e09d	calibration
dominant_to_calibration	confirmatory::Q1KN10	negative	0035a6b36c85976691c35680e50e2e247b19db3df154628a849d5fc053110f15	evaluation
dominant_to_calibration	confirmatory::Q1KN12	negative	0035a6b36c85976691c35680e50e2e247b19db3df154628a849d5fc053110f15	evaluation
dominant_to_calibration	confirmatory::Q1KN16	negative	0035a6b36c85976691c35680e50e2e247b19db3df154628a849d5fc053110f15	evaluation
dominant_to_calibration	confirmatory::Q1KN19	negative	0035a6b36c85976691c35680e50e2e247b19db3df154628a849d5fc053110f15	evaluation
dominant_to_calibration	confirmatory::Q1KN21	negative	0035a6b36c85976691c35680e50e2e247b19db3df154628a849d5fc053110f15	evaluation
dominant_to_calibration	confirmatory::Q1KN23	negative	0035a6b36c85976691c35680e50e2e247b19db3df154628a849d5fc053110f15	evaluation
dominant_to_calibration	confirmatory::Q1LPT2	negative	ea060f244e352de2544b388f1abc1899258898681ff665dbf7303805cc505276	calibration
dominant_to_calibration	confirmatory::Q1LVW0	negative	f3e5c6d5116f4118b1a63715527d0f706cb7812884928e45eed377db3936c19d	evaluation
dominant_to_calibration	confirmatory::Q1LZ86	negative	56c839bfe860f6cc35f76b3271a1727683ddb45a364c32cc9b290abb6e0b446c	evaluation
dominant_to_calibration	confirmatory::Q1LZC5	negative	c5e2be88b1228a5fe292dfa6bf01adfcb55983d3c6eccfb6b3c05b612e4a3de6	calibration
dominant_to_calibration	confirmatory::Q1LZH7	negative	025fe66b9459a9368bbbc7e07ac2d8f2d812ba27ec9e250c1a574f49089748b0	calibration
dominant_to_calibration	confirmatory::Q1MCV5	negative	ea060f244e352de2544b388f1abc1899258898681ff665dbf7303805cc505276	calibration
dominant_to_calibration	confirmatory::Q1MCV9	negative	ea060f244e352de2544b388f1abc1899258898681ff665dbf7303805cc505276	calibration
dominant_to_calibration	confirmatory::Q1PBC5	negative	87d425c65ac584d5e4c581986c739f7692b2578e446bf382551a86cc21557ecd	calibration
dominant_to_calibration	confirmatory::Q1PDW5	negative	b587bef3e5d94148fb6edeb8462e56d2a1573d0e113db913c44f4bfefa67c9fa	evaluation
dominant_to_calibration	confirmatory::Q1PDX5	negative	0d9f327b1073890bfb36e5ee168a06ee2714bac452b116df3ae13f3e08179c5f	calibration
dominant_to_calibration	confirmatory::Q1QC34	negative	ea060f244e352de2544b388f1abc1899258898681ff665dbf7303805cc505276	calibration
dominant_to_calibration	confirmatory::Q1QC36	negative	ea060f244e352de2544b388f1abc1899258898681ff665dbf7303805cc505276	calibration
dominant_to_calibration	confirmatory::Q1QCE0	negative	ea060f244e352de2544b388f1abc1899258898681ff665dbf7303805cc505276	calibration
dominant_to_calibration	confirmatory::Q1QCE2	negative	ea060f244e352de2544b388f1abc1899258898681ff665dbf7303805cc505276	calibration
dominant_to_calibration	confirmatory::Q1QV51	negative	ea060f244e352de2544b388f1abc1899258898681ff665dbf7303805cc505276	calibration
dominant_to_calibration	confirmatory::Q1R5M2	negative	d52af3aeba16f166910db4a02e939c6bcf3e5ff1879d6147eae4d668380d76f5	calibration
dominant_to_calibration	confirmatory::Q1RHK6	negative	623f3f0445ba3d68f7f0b01360d57379b68a4bd25c5f902822b41b66dfcdfc89	evaluation
dominant_to_calibration	confirmatory::Q1RMI3	negative	922c536314c57b8fad9957583decb99342da4d7a7fbcfbc74f1573e7ce15839c	evaluation
dominant_to_calibration	confirmatory::Q1RMQ4	negative	26711c766da1911f4bf596b105c186a2ff65f3225bc9762c87ffe5eb880b32c0	evaluation
dominant_to_calibration	confirmatory::Q1RMR1	negative	450882407bb31af420e3fb498b86045252de225bcb0bc544cb192820b36d6e90	evaluation
dominant_to_calibration	confirmatory::Q1X6X8	negative	0035a6b36c85976691c35680e50e2e247b19db3df154628a849d5fc053110f15	evaluation
dominant_to_calibration	confirmatory::Q1X6X9	negative	0035a6b36c85976691c35680e50e2e247b19db3df154628a849d5fc053110f15	evaluation
dominant_to_calibration	confirmatory::Q1X6Y1	negative	0035a6b36c85976691c35680e50e2e247b19db3df154628a849d5fc053110f15	evaluation
dominant_to_calibration	confirmatory::Q1X6Y2	negative	0035a6b36c85976691c35680e50e2e247b19db3df154628a849d5fc053110f15	evaluation
dominant_to_calibration	confirmatory::Q1X6Y3	negative	0035a6b36c85976691c35680e50e2e247b19db3df154628a849d5fc053110f15	evaluation
dominant_to_calibration	confirmatory::Q1X6Y5	negative	0035a6b36c85976691c35680e50e2e247b19db3df154628a849d5fc053110f15	evaluation
dominant_to_calibration	confirmatory::Q1X6Y7	negative	0035a6b36c85976691c35680e50e2e247b19db3df154628a849d5fc053110f15	evaluation
dominant_to_calibration	confirmatory::Q1X6Y8	negative	0035a6b36c85976691c35680e50e2e247b19db3df154628a849d5fc053110f15	evaluation
dominant_to_calibration	confirmatory::Q1X6Y9	negative	0035a6b36c85976691c35680e50e2e247b19db3df154628a849d5fc053110f15	evaluation
dominant_to_calibration	confirmatory::Q1X6Z0	negative	0035a6b36c85976691c35680e50e2e247b19db3df154628a849d5fc053110f15	evaluation
dominant_to_calibration	confirmatory::Q1X6Z1	negative	0035a6b36c85976691c35680e50e2e247b19db3df154628a849d5fc053110f15	evaluation
dominant_to_calibration	confirmatory::Q1X6Z2	negative	0035a6b36c85976691c35680e50e2e247b19db3df154628a849d5fc053110f15	evaluation
dominant_to_calibration	confirmatory::Q1X6Z3	negative	0035a6b36c85976691c35680e50e2e247b19db3df154628a849d5fc053110f15	evaluation
dominant_to_calibration	confirmatory::Q1X6Z4	negative	0035a6b36c85976691c35680e50e2e247b19db3df154628a849d5fc053110f15	evaluation
dominant_to_calibration	confirmatory::Q1X700	negative	51385e6e160d21dca4628f1419d83264658dadb6c8828093ced5feae2217388d	evaluation
dominant_to_calibration	confirmatory::Q1X709	negative	51385e6e160d21dca4628f1419d83264658dadb6c8828093ced5feae2217388d	evaluation
dominant_to_calibration	confirmatory::Q1X711	negative	51385e6e160d21dca4628f1419d83264658dadb6c8828093ced5feae2217388d	evaluation
dominant_to_calibration	confirmatory::Q20748	negative	c52fca3a03eb38cece5ffc98abc40e9586f2755a01b02879fa241a1fc7de0bcc	evaluation
dominant_to_calibration	confirmatory::Q20YI1	negative	dccb74d38eb5e7a9f23fe80d041bb156f74f05b1c460fdc8136e9dbd7d77d278	calibration
dominant_to_calibration	confirmatory::Q210F9	negative	ea060f244e352de2544b388f1abc1899258898681ff665dbf7303805cc505276	calibration
dominant_to_calibration	confirmatory::Q21P94	negative	ea060f244e352de2544b388f1abc1899258898681ff665dbf7303805cc505276	calibration
dominant_to_calibration	confirmatory::Q21P96	negative	ea060f244e352de2544b388f1abc1899258898681ff665dbf7303805cc505276	calibration
dominant_to_calibration	confirmatory::Q21SZ2	negative	ea060f244e352de2544b388f1abc1899258898681ff665dbf7303805cc505276	calibration
dominant_to_calibration	confirmatory::Q23255	negative	ae06a79fb0a3df6b735edf0b452366dd6bef01d4d1be6595c830072b310a4059	calibration
dominant_to_calibration	confirmatory::Q23498	negative	bd77a94d6f7bd336f5f75129f2f325ac5fb84bd5f6d30ac29dcd849ddde97e20	evaluation
dominant_to_calibration	confirmatory::Q24093	negative	09a5c6daa4509edcd9a50cdcab8952c9c902cbc82772d0954acdce88324b4fe6	calibration
dominant_to_calibration	confirmatory::Q24145	negative	3c38353f49a4982b45d610f4bd0442568158f9113b22b8581ecb337801747aac	calibration
dominant_to_calibration	confirmatory::Q24K15	negative	450882407bb31af420e3fb498b86045252de225bcb0bc544cb192820b36d6e90	evaluation
dominant_to_calibration	confirmatory::Q26261	negative	73fa1919a49ff134b802ab02c7f0fd660761157b5981d6e63e3ee559abd37fe5	calibration
dominant_to_calibration	confirmatory::Q26643	negative	8a5a44f2e2e496be9e977eb7d5eeb2900aeae32a7a76e47038a2b59a653714f1	evaluation
dominant_to_calibration	confirmatory::Q27497	negative	369890e1b4fdd3f4d633bc750ce4706bc6a1c2d11deb58e010bd3f44230852d0	evaluation
dominant_to_calibration	confirmatory::Q28133	negative	f92a8e542977ec3d6dc95e8a0bde11a3a1290134ed49574133ebe628e0201670	evaluation
dominant_to_calibration	confirmatory::Q28193	negative	da1f730a80c0f0ed1f9303734404705fa18285380f99e8c78185dd847cf60b39	calibration
dominant_to_calibration	confirmatory::Q28369	negative	c82f4a3ea808a94af9f0fd360da5430293718adb20211aa3407793363c52542d	evaluation
dominant_to_calibration	confirmatory::Q28376	negative	cd44ecfb0231fbe25976a913c1248001f954c4063e308617e008c4b65e1d218b	evaluation
dominant_to_calibration	confirmatory::Q28388	negative	ae072172ac565f240e9af5c41bfdfc0174476f5f1bc878f8c5aab26e7d89d267	calibration
dominant_to_calibration	confirmatory::Q28397	negative	24063adf61b47696a5084aad279fba23bd2d452cb3a4e2a3d0222f5c61a60eb3	evaluation
dominant_to_calibration	confirmatory::Q28640	negative	bffd1ec0f8750a0121a99026594c8236758ed89a82bdd40d3ee8eded4358d09e	evaluation
dominant_to_calibration	confirmatory::Q28679	negative	fff12e77db30d8d5054c219a61e7eadca02694fd845a38e729300f128215237b	evaluation
dominant_to_calibration	confirmatory::Q28768	negative	d56efa2c4fa76222614d0864fe50657e6fc587cd0e1890c25a37bf138b4b5f1a	evaluation
dominant_to_calibration	confirmatory::Q28933	negative	22908ea1541a1b07146f2bd28daaa95ec311bcc862f3182fe7289c27fc0bc4d0	evaluation
dominant_to_calibration	confirmatory::Q28986	negative	e18b4e5fbde76978c2080f2894717f1f991e2dfb87f46a80f37a5cab5ea38ab0	evaluation
dominant_to_calibration	confirmatory::Q28987	negative	e18b4e5fbde76978c2080f2894717f1f991e2dfb87f46a80f37a5cab5ea38ab0	evaluation
dominant_to_calibration	confirmatory::Q28988	negative	e18b4e5fbde76978c2080f2894717f1f991e2dfb87f46a80f37a5cab5ea38ab0	evaluation
dominant_to_calibration	confirmatory::Q28RK0	negative	ea060f244e352de2544b388f1abc1899258898681ff665dbf7303805cc505276	calibration
dominant_to_calibration	confirmatory::Q29095	negative	fff12e77db30d8d5054c219a61e7eadca02694fd845a38e729300f128215237b	evaluation
dominant_to_calibration	confirmatory::Q29147	negative	fb86bd7d30742f187ddd35c736c51e90b33bca62b631fa9d89bf7c07b4c846b4	calibration
dominant_to_calibration	confirmatory::Q29290	negative	e18b4e5fbde76978c2080f2894717f1f991e2dfb87f46a80f37a5cab5ea38ab0	evaluation
dominant_to_calibration	confirmatory::Q29487	negative	fff12e77db30d8d5054c219a61e7eadca02694fd845a38e729300f128215237b	evaluation
dominant_to_calibration	confirmatory::Q29524	negative	82e1c2f759ec8bf899994b4553b7d3cc20a8d7c5d625a051f6b6104ee4a7005f	calibration
dominant_to_calibration	confirmatory::Q29562	negative	fff12e77db30d8d5054c219a61e7eadca02694fd845a38e729300f128215237b	evaluation
dominant_to_calibration	confirmatory::Q29614	negative	7f8373716bb12737be8ec09b43b953fe2c4602353a222f10b3d8e035ef71d7b7	evaluation
dominant_to_calibration	confirmatory::Q298L4	negative	9be8126a2dbfcd7513074efb8f97e42b52a270b713971328a72dcad11b7a1f84	evaluation
dominant_to_calibration	confirmatory::Q29RH0	negative	2c14df6328ed08d651ce5cff3d704d82078c6ad2a943af69e7875773d0d905c0	calibration
dominant_to_calibration	confirmatory::Q29RQ1	negative	ba4d2614b5e550635440f4c6525e8134022aee773ce7679090791bd84dd97e71	evaluation
dominant_to_calibration	confirmatory::Q29RU4	negative	ba4d2614b5e550635440f4c6525e8134022aee773ce7679090791bd84dd97e71	evaluation
dominant_to_calibration	confirmatory::Q29RV0	negative	8992e1d38e2126575c76a9ffff1f17206072df85161868ff3b28419336c5d6f5	calibration
dominant_to_calibration	confirmatory::Q29W19	negative	9d2bb9c0ec111008855c185d034a9f835f297b67d775b83c19cacc5a83480fca	calibration
dominant_to_calibration	confirmatory::Q2FEK3	negative	ea060f244e352de2544b388f1abc1899258898681ff665dbf7303805cc505276	calibration
dominant_to_calibration	confirmatory::Q2FEK5	negative	ea060f244e352de2544b388f1abc1899258898681ff665dbf7303805cc505276	calibration
dominant_to_calibration	confirmatory::Q2FVW5	negative	ea060f244e352de2544b388f1abc1899258898681ff665dbf7303805cc505276	calibration
dominant_to_calibration	confirmatory::Q2FWP1	positive	2f75ebf2b098b01d4bce337aab70600ba43e57468d80f5d8cca2a3d11b651f20	evaluation
dominant_to_calibration	confirmatory::Q2G2K5	negative	ea060f244e352de2544b388f1abc1899258898681ff665dbf7303805cc505276	calibration
dominant_to_calibration	confirmatory::Q2HJM9	negative	f57c6cf461f021788bb7f38d55fb443eb4f59d5c8171c8c0af30ab029f1bfb82	evaluation
dominant_to_calibration	confirmatory::Q2IBE3	negative	fda4691ac7474afa1416f69875bb1ae70c656582bd0ae9c47990dadde158ccc4	calibration
dominant_to_calibration	confirmatory::Q2IS70	negative	dccb74d38eb5e7a9f23fe80d041bb156f74f05b1c460fdc8136e9dbd7d77d278	calibration
dominant_to_calibration	confirmatory::Q2IZ52	negative	ea060f244e352de2544b388f1abc1899258898681ff665dbf7303805cc505276	calibration
dominant_to_calibration	confirmatory::Q2JES6	negative	ea060f244e352de2544b388f1abc1899258898681ff665dbf7303805cc505276	calibration
dominant_to_calibration	confirmatory::Q2JJ72	negative	ea060f244e352de2544b388f1abc1899258898681ff665dbf7303805cc505276	calibration
dominant_to_calibration	confirmatory::Q2JQ88	negative	ea060f244e352de2544b388f1abc1899258898681ff665dbf7303805cc505276	calibration
dominant_to_calibration	confirmatory::Q2JWP0	negative	ea060f244e352de2544b388f1abc1899258898681ff665dbf7303805cc505276	calibration
dominant_to_calibration	confirmatory::Q2K512	negative	ea060f244e352de2544b388f1abc1899258898681ff665dbf7303805cc505276	calibration
dominant_to_calibration	confirmatory::Q2K517	negative	ea060f244e352de2544b388f1abc1899258898681ff665dbf7303805cc505276	calibration
dominant_to_calibration	confirmatory::Q2KI79	negative	26822ebf2b3507af7fb53435cea5d768468b83b70bf501472d1f151cd151feaf	evaluation
dominant_to_calibration	confirmatory::Q2KJ15	negative	2ce198fad98f14e4c4b8a256c59fcb869aedf9d88f10faac7815fcadcfa4fcaf	calibration
dominant_to_calibration	confirmatory::Q2KJ51	negative	450882407bb31af420e3fb498b86045252de225bcb0bc544cb192820b36d6e90	evaluation
dominant_to_calibration	confirmatory::Q2KJH6	negative	24376931396657e10ac6c36105371df550b6e383ddce8078df34654d799ae7e7	calibration
dominant_to_calibration	confirmatory::Q2KJI7	negative	583013e8e1e3f251647e55dd2b6aecaf7abf80b61775aa3433410c90a8c4b301	evaluation
dominant_to_calibration	confirmatory::Q2LK94	negative	87d425c65ac584d5e4c581986c739f7692b2578e446bf382551a86cc21557ecd	calibration
dominant_to_calibration	confirmatory::Q2NKZ5	negative	2c14df6328ed08d651ce5cff3d704d82078c6ad2a943af69e7875773d0d905c0	calibration
dominant_to_calibration	confirmatory::Q2PUH2	negative	cd44ecfb0231fbe25976a913c1248001f954c4063e308617e008c4b65e1d218b	evaluation
dominant_to_calibration	confirmatory::Q2Q1P1	negative	cd44ecfb0231fbe25976a913c1248001f954c4063e308617e008c4b65e1d218b	evaluation
dominant_to_calibration	confirmatory::Q2Q1P2	negative	cd44ecfb0231fbe25976a913c1248001f954c4063e308617e008c4b65e1d218b	evaluation
dominant_to_calibration	confirmatory::Q2QLC6	negative	fda4691ac7474afa1416f69875bb1ae70c656582bd0ae9c47990dadde158ccc4	calibration
dominant_to_calibration	confirmatory::Q2QLG0	negative	fda4691ac7474afa1416f69875bb1ae70c656582bd0ae9c47990dadde158ccc4	calibration
dominant_to_calibration	confirmatory::Q2QYL2	negative	34efdb7da6465528647a3456cde08984bda0ce26aa0261df4c8efe316d3e0938	evaluation
dominant_to_calibration	confirmatory::Q2QYL3	negative	34efdb7da6465528647a3456cde08984bda0ce26aa0261df4c8efe316d3e0938	evaluation
dominant_to_calibration	confirmatory::Q2R8P2	negative	75a4d4983b92c6f2d61f0da10de61a0b3695ceb2866193fa2677419ef8d5e03a	evaluation
dominant_to_calibration	confirmatory::Q2SDQ1	negative	ea060f244e352de2544b388f1abc1899258898681ff665dbf7303805cc505276	calibration
dominant_to_calibration	confirmatory::Q2SDQ3	negative	ea060f244e352de2544b388f1abc1899258898681ff665dbf7303805cc505276	calibration
dominant_to_calibration	confirmatory::Q2SYF5	negative	ea060f244e352de2544b388f1abc1899258898681ff665dbf7303805cc505276	calibration
dominant_to_calibration	confirmatory::Q2SYF7	negative	ea060f244e352de2544b388f1abc1899258898681ff665dbf7303805cc505276	calibration
dominant_to_calibration	confirmatory::Q2TAP9	negative	0117c31c5e8a946d348c2967069bc984bdac99ef7914e687858f626281ab9502	calibration
dominant_to_calibration	confirmatory::Q2TBM7	negative	61b39f63f5f0f157c53fe0321d338a214666853888c56aa923f9a139aac84b72	calibration
dominant_to_calibration	confirmatory::Q2TNK5	negative	450882407bb31af420e3fb498b86045252de225bcb0bc544cb192820b36d6e90	evaluation
dominant_to_calibration	confirmatory::Q2V3C1	negative	5041a1e1f60f70f4bccce3b8daeb631454e2f014bb557bfeaccf74d45d44c355	evaluation
dominant_to_calibration	confirmatory::Q2XXN5	negative	e762a34e2879fb89badf3aefde610ff9d5414dd0791ef2899f47f15931593ae4	calibration
dominant_to_calibration	confirmatory::Q2Y9M7	negative	ea060f244e352de2544b388f1abc1899258898681ff665dbf7303805cc505276	calibration
dominant_to_calibration	confirmatory::Q2Y9M9	negative	ea060f244e352de2544b388f1abc1899258898681ff665dbf7303805cc505276	calibration
dominant_to_calibration	confirmatory::Q2YQD8	negative	ea060f244e352de2544b388f1abc1899258898681ff665dbf7303805cc505276	calibration
dominant_to_calibration	confirmatory::Q2YQE0	negative	ea060f244e352de2544b388f1abc1899258898681ff665dbf7303805cc505276	calibration
dominant_to_calibration	confirmatory::Q2YYQ6	negative	ea060f244e352de2544b388f1abc1899258898681ff665dbf7303805cc505276	calibration
dominant_to_calibration	confirmatory::Q2YYQ8	negative	ea060f244e352de2544b388f1abc1899258898681ff665dbf7303805cc505276	calibration
dominant_to_calibration	confirmatory::Q31B49	negative	ea060f244e352de2544b388f1abc1899258898681ff665dbf7303805cc505276	calibration
dominant_to_calibration	confirmatory::Q31B51	negative	ea060f244e352de2544b388f1abc1899258898681ff665dbf7303805cc505276	calibration
dominant_to_calibration	confirmatory::Q32KQ9	negative	2c14df6328ed08d651ce5cff3d704d82078c6ad2a943af69e7875773d0d905c0	calibration
dominant_to_calibration	confirmatory::Q32KY0	negative	58c122487636dd7ab904effe42ca93539e9e10855a4715b26eb500f00a2e6c5b	calibration
dominant_to_calibration	confirmatory::Q32L79	negative	e3d45e64298da494ce1729e091f7704f230fdab1891a1bae892fd5f81478f670	evaluation
dominant_to_calibration	confirmatory::Q32PY2	negative	c8fadbacef3136177f2b23b2baf3dcd95afd7d6b4bd2d228911c955e1a12428c	evaluation
dominant_to_calibration	confirmatory::Q337A0	negative	50b13f9d1d5f78552c7086ad34c3782cafa3867c15aa1c7bd0ccff2643d361a5	calibration
dominant_to_calibration	confirmatory::Q38924	negative	bb6ceea07e989d80c137788cdbdfd634ab9becd492e572919974a7e2ecc7bc23	calibration
dominant_to_calibration	confirmatory::Q39102	negative	b587bef3e5d94148fb6edeb8462e56d2a1573d0e113db913c44f4bfefa67c9fa	evaluation
dominant_to_calibration	confirmatory::Q39547	negative	0d9f327b1073890bfb36e5ee168a06ee2714bac452b116df3ae13f3e08179c5f	calibration
dominant_to_calibration	confirmatory::Q39649	negative	8f20d0c6980ead1e360a848d002432fd7be75037bb37add933645c20185679c7	evaluation
dominant_to_calibration	confirmatory::Q39785	negative	4b9e7bea9ce8ee8ae94698ef8499017333c8e1e95a44680dba3be60d8618dc01	calibration
dominant_to_calibration	confirmatory::Q39794	negative	86cc21bca61bd87e3a544b53de63d4a85a51acbb0d64b5ad6e6e2ba8aa8ab938	evaluation
dominant_to_calibration	confirmatory::Q39799	negative	4b9e7bea9ce8ee8ae94698ef8499017333c8e1e95a44680dba3be60d8618dc01	calibration
dominant_to_calibration	confirmatory::Q39950	negative	86cc21bca61bd87e3a544b53de63d4a85a51acbb0d64b5ad6e6e2ba8aa8ab938	evaluation
dominant_to_calibration	confirmatory::Q39IW3	negative	ea060f244e352de2544b388f1abc1899258898681ff665dbf7303805cc505276	calibration
dominant_to_calibration	confirmatory::Q3AGD0	negative	ea060f244e352de2544b388f1abc1899258898681ff665dbf7303805cc505276	calibration
dominant_to_calibration	confirmatory::Q3AGD2	negative	ea060f244e352de2544b388f1abc1899258898681ff665dbf7303805cc505276	calibration
dominant_to_calibration	confirmatory::Q3AVR1	negative	ea060f244e352de2544b388f1abc1899258898681ff665dbf7303805cc505276	calibration
dominant_to_calibration	confirmatory::Q3AVR3	negative	ea060f244e352de2544b388f1abc1899258898681ff665dbf7303805cc505276	calibration
dominant_to_calibration	confirmatory::Q3E884	negative	067ae74d42b596cec7582bf029fe09ab77e540f889181e76f7318d4806994969	evaluation
dominant_to_calibration	confirmatory::Q3HRV4	negative	cd44ecfb0231fbe25976a913c1248001f954c4063e308617e008c4b65e1d218b	evaluation
dominant_to_calibration	confirmatory::Q3HXX9	positive	4a583b1d987ac018009ad331f72c4c2efb093656c89109129d98854eff8f06b5	evaluation
dominant_to_calibration	confirmatory::Q3IH68	negative	ea060f244e352de2544b388f1abc1899258898681ff665dbf7303805cc505276	calibration
dominant_to_calibration	confirmatory::Q3IH70	negative	ea060f244e352de2544b388f1abc1899258898681ff665dbf7303805cc505276	calibration
dominant_to_calibration	confirmatory::Q3IRZ4	negative	ea060f244e352de2544b388f1abc1899258898681ff665dbf7303805cc505276	calibration
dominant_to_calibration	confirmatory::Q3IRZ5	negative	ea060f244e352de2544b388f1abc1899258898681ff665dbf7303805cc505276	calibration
dominant_to_calibration	confirmatory::Q3J154	negative	ea060f244e352de2544b388f1abc1899258898681ff665dbf7303805cc505276	calibration
dominant_to_calibration	confirmatory::Q3J768	negative	ea060f244e352de2544b388f1abc1899258898681ff665dbf7303805cc505276	calibration
dominant_to_calibration	confirmatory::Q3J770	negative	ea060f244e352de2544b388f1abc1899258898681ff665dbf7303805cc505276	calibration
dominant_to_calibration	confirmatory::Q3JPJ8	negative	ea060f244e352de2544b388f1abc1899258898681ff665dbf7303805cc505276	calibration
dominant_to_calibration	confirmatory::Q3KIT2	negative	ea060f244e352de2544b388f1abc1899258898681ff665dbf7303805cc505276	calibration
dominant_to_calibration	confirmatory::Q3KP44	negative	84011a11088941117461c425d4e8dd9a44a07e3692d5447846af1af18245b5c1	calibration
dominant_to_calibration	confirmatory::Q3KRE0	negative	c52fca3a03eb38cece5ffc98abc40e9586f2755a01b02879fa241a1fc7de0bcc	evaluation
dominant_to_calibration	confirmatory::Q3LIE5	negative	e1d839f381927b9a2033cd2376ea1dec270868532d82b0db04197ab80478009c	evaluation
dominant_to_calibration	confirmatory::Q3M709	negative	ea060f244e352de2544b388f1abc1899258898681ff665dbf7303805cc505276	calibration
dominant_to_calibration	confirmatory::Q3M712	negative	ea060f244e352de2544b388f1abc1899258898681ff665dbf7303805cc505276	calibration
dominant_to_calibration	confirmatory::Q3MIB4	negative	6575fe00f3ccdc3a9bcd22237c35b4067cd150571930ca1e7aa9a8e6117d5536	calibration
dominant_to_calibration	confirmatory::Q3S2X5	negative	cd44ecfb0231fbe25976a913c1248001f954c4063e308617e008c4b65e1d218b	evaluation
dominant_to_calibration	confirmatory::Q3SWW8	negative	8f558a4eee23f79ecfac992febeb596d06db9acfae871d6a401f21d1c4f22bd5	calibration
dominant_to_calibration	confirmatory::Q3SWW9	negative	369890e1b4fdd3f4d633bc750ce4706bc6a1c2d11deb58e010bd3f44230852d0	evaluation
dominant_to_calibration	confirmatory::Q3SX23	negative	6575fe00f3ccdc3a9bcd22237c35b4067cd150571930ca1e7aa9a8e6117d5536	calibration
dominant_to_calibration	confirmatory::Q3SX45	negative	eafcdece930d9b2f899de45e12c2e75c2126969c2d21c3b4aaf532e256438a94	evaluation
dominant_to_calibration	confirmatory::Q3SXB8	negative	87d425c65ac584d5e4c581986c739f7692b2578e446bf382551a86cc21557ecd	calibration
dominant_to_calibration	confirmatory::Q3SY69	negative	931ab9bceb3d00092439c252651cf7642dfe2c2e50cfc6cb076f40a5ad76ebfe	calibration
dominant_to_calibration	confirmatory::Q3SYW2	negative	bc915c1c28ec405395a99c2ecfb7d27da28c273f79648ff3c9d1f724acfa6d1b	calibration
dominant_to_calibration	confirmatory::Q3SZ79	negative	82e1c2f759ec8bf899994b4553b7d3cc20a8d7c5d625a051f6b6104ee4a7005f	calibration
dominant_to_calibration	confirmatory::Q3SZZ7	negative	450882407bb31af420e3fb498b86045252de225bcb0bc544cb192820b36d6e90	evaluation
dominant_to_calibration	confirmatory::Q3T0E7	negative	369890e1b4fdd3f4d633bc750ce4706bc6a1c2d11deb58e010bd3f44230852d0	evaluation
dominant_to_calibration	confirmatory::Q3T930	negative	d1c6ab564afa4059f4195e330c3f3d2fa72e6c258ca03ccbdb0ec294d4b10bcb	calibration
dominant_to_calibration	confirmatory::Q3TYA6	negative	af72b67fbe9fe6b8f2582e89597a5fb307db21cfc37054a13a40124e1d3abc58	evaluation
dominant_to_calibration	confirmatory::Q3U4B4	negative	d291e2f780ccae734f1044ab8a8bdd51fabac2c2899aa59af35fb22c772d8b01	evaluation
dominant_to_calibration	confirmatory::Q3UA06	negative	47075aafe6d2bac6e113584978b26f2f7857387210bec32ad7cf1bf1364b6c8c	calibration
dominant_to_calibration	confirmatory::Q3ULF4	negative	b587bef3e5d94148fb6edeb8462e56d2a1573d0e113db913c44f4bfefa67c9fa	evaluation
dominant_to_calibration	confirmatory::Q3UTS8	negative	46f4f08db1dbb8c9c468eb04a58a333f42cde0524b2d76adf389b2542d1fbd1f	evaluation
dominant_to_calibration	confirmatory::Q3UTY6	negative	562e79a16f6ce227a3e89db3f4bb54b3e3c1b2ae222acba4917b6af32fdf6d0f	evaluation
dominant_to_calibration	confirmatory::Q3V0J4	negative	7bf560da17c31361f421d2a903ae1c5fc9c3720977138f32b830ed5b75c78d46	evaluation
dominant_to_calibration	confirmatory::Q3ZBT1	negative	199e5e746f1a78658450a2ba041b79aef49bbb4feb4fdafedee11b7288c9ede8	calibration
dominant_to_calibration	confirmatory::Q3ZC91	negative	eac41909233ae38fd580365dacf70df8362ae19e8f8fb413aa0d59f0af65be98	evaluation
dominant_to_calibration	confirmatory::Q40189	negative	a25b331b3ae5d8f725a5ba6c92c410498c8abfb5cb9239c67b581cb3d64707f5	evaluation
dominant_to_calibration	confirmatory::Q40190	negative	8f8da713303fc3e9da5300981fa592399dd69f945ee35063684c899fb1bc1d27	calibration
dominant_to_calibration	confirmatory::Q40374	negative	80265ba0cf707cc2b9ab56977abaa12643a893bd6a9a455337c6c3dedf45bd7a	calibration
dominant_to_calibration	confirmatory::Q41015	negative	7cfc083fd4b244bc8c957330ce9e6b1720e1683808f7eaaa0da9e0bb5575cae7	calibration
dominant_to_calibration	confirmatory::Q41073	negative	86cc21bca61bd87e3a544b53de63d4a85a51acbb0d64b5ad6e6e2ba8aa8ab938	evaluation
dominant_to_calibration	confirmatory::Q41258	negative	eaa3a74bcc59f4b6ddb9c56f7f768fdc2e126f313d90e71960e1c0f27a4bf819	calibration
dominant_to_calibration	confirmatory::Q41359	negative	80265ba0cf707cc2b9ab56977abaa12643a893bd6a9a455337c6c3dedf45bd7a	calibration
dominant_to_calibration	confirmatory::Q41433	negative	bf30e013f16aa81ae1fa35895609c363048eab7576368053fb0f2db1dc661092	evaluation
dominant_to_calibration	confirmatory::Q41448	negative	bf30e013f16aa81ae1fa35895609c363048eab7576368053fb0f2db1dc661092	evaluation
dominant_to_calibration	confirmatory::Q41480	negative	bf30e013f16aa81ae1fa35895609c363048eab7576368053fb0f2db1dc661092	evaluation
dominant_to_calibration	confirmatory::Q41484	negative	bf30e013f16aa81ae1fa35895609c363048eab7576368053fb0f2db1dc661092	evaluation
dominant_to_calibration	confirmatory::Q41596	negative	4b9e7bea9ce8ee8ae94698ef8499017333c8e1e95a44680dba3be60d8618dc01	calibration
dominant_to_calibration	confirmatory::Q42328	negative	eb85637eb8a3dcfa0688f0ce39ddbef7c38775a667e3c17295d08b1fe44192ff	calibration
dominant_to_calibration	confirmatory::Q42589	negative	86cc21bca61bd87e3a544b53de63d4a85a51acbb0d64b5ad6e6e2ba8aa8ab938	evaluation
dominant_to_calibration	confirmatory::Q42614	negative	86cc21bca61bd87e3a544b53de63d4a85a51acbb0d64b5ad6e6e2ba8aa8ab938	evaluation
dominant_to_calibration	confirmatory::Q42615	negative	86cc21bca61bd87e3a544b53de63d4a85a51acbb0d64b5ad6e6e2ba8aa8ab938	evaluation
dominant_to_calibration	confirmatory::Q42616	negative	86cc21bca61bd87e3a544b53de63d4a85a51acbb0d64b5ad6e6e2ba8aa8ab938	evaluation
dominant_to_calibration	confirmatory::Q42641	negative	86cc21bca61bd87e3a544b53de63d4a85a51acbb0d64b5ad6e6e2ba8aa8ab938	evaluation
dominant_to_calibration	confirmatory::Q42642	negative	86cc21bca61bd87e3a544b53de63d4a85a51acbb0d64b5ad6e6e2ba8aa8ab938	evaluation
dominant_to_calibration	confirmatory::Q42762	negative	86cc21bca61bd87e3a544b53de63d4a85a51acbb0d64b5ad6e6e2ba8aa8ab938	evaluation
dominant_to_calibration	confirmatory::Q42842	negative	34efdb7da6465528647a3456cde08984bda0ce26aa0261df4c8efe316d3e0938	evaluation
dominant_to_calibration	confirmatory::Q42952	negative	86cc21bca61bd87e3a544b53de63d4a85a51acbb0d64b5ad6e6e2ba8aa8ab938	evaluation
dominant_to_calibration	confirmatory::Q42993	negative	4b9e7bea9ce8ee8ae94698ef8499017333c8e1e95a44680dba3be60d8618dc01	calibration
dominant_to_calibration	confirmatory::Q43017	negative	86cc21bca61bd87e3a544b53de63d4a85a51acbb0d64b5ad6e6e2ba8aa8ab938	evaluation
dominant_to_calibration	confirmatory::Q43019	negative	86cc21bca61bd87e3a544b53de63d4a85a51acbb0d64b5ad6e6e2ba8aa8ab938	evaluation
dominant_to_calibration	confirmatory::Q43119	negative	86cc21bca61bd87e3a544b53de63d4a85a51acbb0d64b5ad6e6e2ba8aa8ab938	evaluation
dominant_to_calibration	confirmatory::Q43129	negative	86cc21bca61bd87e3a544b53de63d4a85a51acbb0d64b5ad6e6e2ba8aa8ab938	evaluation
dominant_to_calibration	confirmatory::Q43193	negative	34efdb7da6465528647a3456cde08984bda0ce26aa0261df4c8efe316d3e0938	evaluation
dominant_to_calibration	confirmatory::Q43194	negative	34efdb7da6465528647a3456cde08984bda0ce26aa0261df4c8efe316d3e0938	evaluation
dominant_to_calibration	confirmatory::Q43304	negative	86cc21bca61bd87e3a544b53de63d4a85a51acbb0d64b5ad6e6e2ba8aa8ab938	evaluation
dominant_to_calibration	confirmatory::Q43495	negative	8f8da713303fc3e9da5300981fa592399dd69f945ee35063684c899fb1bc1d27	calibration
dominant_to_calibration	confirmatory::Q43533	negative	8f8da713303fc3e9da5300981fa592399dd69f945ee35063684c899fb1bc1d27	calibration
dominant_to_calibration	confirmatory::Q43534	negative	8f8da713303fc3e9da5300981fa592399dd69f945ee35063684c899fb1bc1d27	calibration
dominant_to_calibration	confirmatory::Q43645	negative	bf30e013f16aa81ae1fa35895609c363048eab7576368053fb0f2db1dc661092	evaluation
dominant_to_calibration	confirmatory::Q43646	negative	bf30e013f16aa81ae1fa35895609c363048eab7576368053fb0f2db1dc661092	evaluation
dominant_to_calibration	confirmatory::Q43681	negative	6b111aaea1b14ddb814846a85c23e172f370297153b0c3e30d310f7fcbc01eb9	evaluation
dominant_to_calibration	confirmatory::Q43691	negative	f7a616fde5389141c0e4c34abab3803332ab61f9588c2aa0912a794e89fe69e4	calibration
dominant_to_calibration	confirmatory::Q43723	negative	f7a616fde5389141c0e4c34abab3803332ab61f9588c2aa0912a794e89fe69e4	calibration
dominant_to_calibration	confirmatory::Q43748	negative	34efdb7da6465528647a3456cde08984bda0ce26aa0261df4c8efe316d3e0938	evaluation
dominant_to_calibration	confirmatory::Q43766	negative	34efdb7da6465528647a3456cde08984bda0ce26aa0261df4c8efe316d3e0938	evaluation
dominant_to_calibration	confirmatory::Q43871	negative	34efdb7da6465528647a3456cde08984bda0ce26aa0261df4c8efe316d3e0938	evaluation
dominant_to_calibration	confirmatory::Q43875	negative	34efdb7da6465528647a3456cde08984bda0ce26aa0261df4c8efe316d3e0938	evaluation
dominant_to_calibration	confirmatory::Q44066	positive	eac1780ec505afb93bf2f72e3fdfe8ef4c2bf008afa83ecbec368281e06cd4c9	evaluation
dominant_to_calibration	confirmatory::Q44078	negative	623f3f0445ba3d68f7f0b01360d57379b68a4bd25c5f902822b41b66dfcdfc89	evaluation
dominant_to_calibration	confirmatory::Q44184	negative	73cf2d48a2f8c7e96c435c3cce7b83bbe910ca94b15604105d64a64642545787	evaluation
dominant_to_calibration	confirmatory::Q44317	negative	623f3f0445ba3d68f7f0b01360d57379b68a4bd25c5f902822b41b66dfcdfc89	evaluation
dominant_to_calibration	confirmatory::Q44492	negative	0f687ef291d0d4dfc3659ed1ef95ae61e3dd8c03d2840a583d3e0f0c06e7cc33	evaluation
dominant_to_calibration	confirmatory::Q44493	negative	0f687ef291d0d4dfc3659ed1ef95ae61e3dd8c03d2840a583d3e0f0c06e7cc33	evaluation
dominant_to_calibration	confirmatory::Q44495	negative	0f687ef291d0d4dfc3659ed1ef95ae61e3dd8c03d2840a583d3e0f0c06e7cc33	evaluation
dominant_to_calibration	confirmatory::Q45100	negative	623f3f0445ba3d68f7f0b01360d57379b68a4bd25c5f902822b41b66dfcdfc89	evaluation
dominant_to_calibration	confirmatory::Q45670	negative	b7ffa668b68d370a424e26161c1364936e4506a35d2cce0ecfd8180fd7dccd4d	evaluation
dominant_to_calibration	confirmatory::Q45729	positive	135a83153a2c6bdba71b1fc52fc9c52a352ed98fc02cb14b0c08ce808dce869a	evaluation
dominant_to_calibration	confirmatory::Q45KJ4	negative	623f3f0445ba3d68f7f0b01360d57379b68a4bd25c5f902822b41b66dfcdfc89	evaluation
dominant_to_calibration	confirmatory::Q45KJ5	negative	623f3f0445ba3d68f7f0b01360d57379b68a4bd25c5f902822b41b66dfcdfc89	evaluation
dominant_to_calibration	confirmatory::Q45KJ6	negative	623f3f0445ba3d68f7f0b01360d57379b68a4bd25c5f902822b41b66dfcdfc89	evaluation
dominant_to_calibration	confirmatory::Q45KW7	negative	34b41219611ac71b39f94001659d257ef301dc42fb86d0ab1b2396d000b25f11	evaluation
dominant_to_calibration	confirmatory::Q46664	negative	623f3f0445ba3d68f7f0b01360d57379b68a4bd25c5f902822b41b66dfcdfc89	evaluation
dominant_to_calibration	confirmatory::Q46668	positive	d83c962c5efde7867e5aad363dfbe913a3de1c1787fd3950cd2b6d92ac45286f	evaluation
dominant_to_calibration	confirmatory::Q46IY3	negative	ea060f244e352de2544b388f1abc1899258898681ff665dbf7303805cc505276	calibration
dominant_to_calibration	confirmatory::Q46IY5	negative	ea060f244e352de2544b388f1abc1899258898681ff665dbf7303805cc505276	calibration
dominant_to_calibration	confirmatory::Q473R2	negative	ea060f244e352de2544b388f1abc1899258898681ff665dbf7303805cc505276	calibration
dominant_to_calibration	confirmatory::Q47G53	negative	ea060f244e352de2544b388f1abc1899258898681ff665dbf7303805cc505276	calibration
dominant_to_calibration	confirmatory::Q47G55	negative	ea060f244e352de2544b388f1abc1899258898681ff665dbf7303805cc505276	calibration
dominant_to_calibration	confirmatory::Q47HL4	negative	8762b4dd22780fe23714f203220cc300c681de14521ee5b1a75119c4bf2ce030	evaluation
dominant_to_calibration	confirmatory::Q47M62	negative	d1c6ab564afa4059f4195e330c3f3d2fa72e6c258ca03ccbdb0ec294d4b10bcb	calibration
dominant_to_calibration	confirmatory::Q48493	negative	623f3f0445ba3d68f7f0b01360d57379b68a4bd25c5f902822b41b66dfcdfc89	evaluation
dominant_to_calibration	confirmatory::Q48DE6	negative	ea060f244e352de2544b388f1abc1899258898681ff665dbf7303805cc505276	calibration
dominant_to_calibration	confirmatory::Q48DF0	negative	ea060f244e352de2544b388f1abc1899258898681ff665dbf7303805cc505276	calibration
dominant_to_calibration	confirmatory::Q48PA1	negative	dccb74d38eb5e7a9f23fe80d041bb156f74f05b1c460fdc8136e9dbd7d77d278	calibration
dominant_to_calibration	confirmatory::Q48R29	positive	223ed35c2922b39e4295a7c3a93fd480ae9975398952f6fe223b900a51c53d04	evaluation
dominant_to_calibration	confirmatory::Q492E7	negative	ea060f244e352de2544b388f1abc1899258898681ff665dbf7303805cc505276	calibration
dominant_to_calibration	confirmatory::Q492E9	negative	ea060f244e352de2544b388f1abc1899258898681ff665dbf7303805cc505276	calibration
dominant_to_calibration	confirmatory::Q495B1	negative	57632baf0179b7d6d6da2ff3e5dda6a4e028e9201718f4909efb39e8cd96db50	calibration
dominant_to_calibration	confirmatory::Q499S5	negative	24063adf61b47696a5084aad279fba23bd2d452cb3a4e2a3d0222f5c61a60eb3	evaluation
dominant_to_calibration	confirmatory::Q49KF8	negative	8762b4dd22780fe23714f203220cc300c681de14521ee5b1a75119c4bf2ce030	evaluation
dominant_to_calibration	confirmatory::Q4A0J3	negative	ea060f244e352de2544b388f1abc1899258898681ff665dbf7303805cc505276	calibration
dominant_to_calibration	confirmatory::Q4A0J5	negative	ea060f244e352de2544b388f1abc1899258898681ff665dbf7303805cc505276	calibration
dominant_to_calibration	confirmatory::Q4FE47	negative	f8e37d19f25523ec43683dde16e6bc2d047a53804f0c2db7aa338029d3c6716c	evaluation
dominant_to_calibration	confirmatory::Q4FP51	negative	dccb74d38eb5e7a9f23fe80d041bb156f74f05b1c460fdc8136e9dbd7d77d278	calibration
dominant_to_calibration	confirmatory::Q4G1C9	negative	8776c1732e39fbcb4314eff4f5a46741a26a7a94fb9c038b4a23f0335c6628e1	calibration
dominant_to_calibration	confirmatory::Q4JHE0	negative	50b13f9d1d5f78552c7086ad34c3782cafa3867c15aa1c7bd0ccff2643d361a5	calibration
dominant_to_calibration	confirmatory::Q4KJ06	negative	ea060f244e352de2544b388f1abc1899258898681ff665dbf7303805cc505276	calibration
dominant_to_calibration	confirmatory::Q4KJ10	negative	ea060f244e352de2544b388f1abc1899258898681ff665dbf7303805cc505276	calibration
dominant_to_calibration	confirmatory::Q4MV79	positive	3767c4bc5bd86c3c119c80f97edab09404d5472e0474c9cda1694584f5e2679b	evaluation
dominant_to_calibration	confirmatory::Q4PMS3	positive	8f809bce67f9226c38d7a04238a4b31a9e5e3987c24847c6fc0a91fe8c24ff92	evaluation
dominant_to_calibration	confirmatory::Q4QN09	negative	ea060f244e352de2544b388f1abc1899258898681ff665dbf7303805cc505276	calibration
dominant_to_calibration	confirmatory::Q4R128	negative	fb3fc8c76cf70e729e9fbf91ff77267abfb7bc90aa466ea30ea1d05e447dc985	evaluation
dominant_to_calibration	confirmatory::Q4R2Y9	negative	09a5c6daa4509edcd9a50cdcab8952c9c902cbc82772d0954acdce88324b4fe6	calibration
dominant_to_calibration	confirmatory::Q4R407	negative	794a155dc5d6a4333e7c3f64f71a96bc7d6cff28650fa8bcc5d70a3932053113	calibration
dominant_to_calibration	confirmatory::Q4R4S5	negative	d291e2f780ccae734f1044ab8a8bdd51fabac2c2899aa59af35fb22c772d8b01	evaluation
dominant_to_calibration	confirmatory::Q4R584	negative	d2d18a2bc9017c988a97041e7913c4a22389f8f47b279d83b86b94462d23e94f	evaluation
dominant_to_calibration	confirmatory::Q4R766	negative	86a5c1bfc5908ede8123b1f6c7156fccf03d9d9b70f3f68acd76dfc146e5b158	evaluation
dominant_to_calibration	confirmatory::Q4R8P0	negative	19e73a82bf4cb2521cfe2b344a15acf1f9bc96fc692b16e9e3b365f8c7af5ab6	calibration
dominant_to_calibration	confirmatory::Q4TZH2	negative	34b41219611ac71b39f94001659d257ef301dc42fb86d0ab1b2396d000b25f11	evaluation
dominant_to_calibration	confirmatory::Q4UJ75	negative	8992e1d38e2126575c76a9ffff1f17206072df85161868ff3b28419336c5d6f5	calibration
dominant_to_calibration	confirmatory::Q4UMU5	negative	623f3f0445ba3d68f7f0b01360d57379b68a4bd25c5f902822b41b66dfcdfc89	evaluation
dominant_to_calibration	confirmatory::Q4V890	negative	985193d7f0646ab5a63192350c4470719b706bcc5f16b43f74211a4adfe4c1c1	calibration
dominant_to_calibration	confirmatory::Q4VBE4	negative	68767325784b2424d10c6965c0aa59d40c7a925515b48a12df84fb6a033b254f	calibration
dominant_to_calibration	confirmatory::Q4WM22	negative	369890e1b4fdd3f4d633bc750ce4706bc6a1c2d11deb58e010bd3f44230852d0	evaluation
dominant_to_calibration	confirmatory::Q4WQU0	negative	c8bc632faaa2dd7e9e07420c2893908d6cabe65710e6f1a8676bef0b20dead16	evaluation
dominant_to_calibration	confirmatory::Q4WUR1	negative	80188e9791182b3a7d2f79c0e2ed86136b48ed6a049411d036b36313dbd8bbd5	calibration
dominant_to_calibration	confirmatory::Q4ZN06	negative	ea060f244e352de2544b388f1abc1899258898681ff665dbf7303805cc505276	calibration
dominant_to_calibration	confirmatory::Q4ZN10	negative	ea060f244e352de2544b388f1abc1899258898681ff665dbf7303805cc505276	calibration
dominant_to_calibration	confirmatory::Q4ZUD1	negative	ea060f244e352de2544b388f1abc1899258898681ff665dbf7303805cc505276	calibration
dominant_to_calibration	confirmatory::Q4ZUD2	negative	ea060f244e352de2544b388f1abc1899258898681ff665dbf7303805cc505276	calibration
dominant_to_calibration	confirmatory::Q4ZZ78	negative	dccb74d38eb5e7a9f23fe80d041bb156f74f05b1c460fdc8136e9dbd7d77d278	calibration
dominant_to_calibration	confirmatory::Q501P1	negative	6445dcca8238b08f68d32f17ddbace56c39786de5b5e8e32ed59cd75f5a26c44	evaluation
dominant_to_calibration	confirmatory::Q504P2	negative	2e402d4b1ff69f6c099e03e4a45c2e34abb6e3b800e7f28ee665400721a9e216	evaluation
dominant_to_calibration	confirmatory::Q505J9	negative	9be8126a2dbfcd7513074efb8f97e42b52a270b713971328a72dcad11b7a1f84	evaluation
dominant_to_calibration	confirmatory::Q51553	negative	58f1f3364ec199711e098cfaf5cfaa81f98772e501503b21fdc7706ed6c3eea8	evaluation
dominant_to_calibration	confirmatory::Q51559	negative	58f1f3364ec199711e098cfaf5cfaa81f98772e501503b21fdc7706ed6c3eea8	evaluation
dominant_to_calibration	confirmatory::Q52011	negative	8762b4dd22780fe23714f203220cc300c681de14521ee5b1a75119c4bf2ce030	evaluation
dominant_to_calibration	confirmatory::Q52287	negative	623f3f0445ba3d68f7f0b01360d57379b68a4bd25c5f902822b41b66dfcdfc89	evaluation
dominant_to_calibration	confirmatory::Q52400	negative	29a79690eced4461016836ce36c14c380b0c4c5e3dcafb70f5238755407be04c	evaluation
dominant_to_calibration	confirmatory::Q52532	negative	8762b4dd22780fe23714f203220cc300c681de14521ee5b1a75119c4bf2ce030	evaluation
dominant_to_calibration	confirmatory::Q52R90	negative	cd44ecfb0231fbe25976a913c1248001f954c4063e308617e008c4b65e1d218b	evaluation
dominant_to_calibration	confirmatory::Q53816	negative	623f3f0445ba3d68f7f0b01360d57379b68a4bd25c5f902822b41b66dfcdfc89	evaluation
dominant_to_calibration	confirmatory::Q53957	positive	3a70f404391f9a3dee2df990b7e45f661db944db0acbe6bf36f6bd6847e7e1db	evaluation
dominant_to_calibration	confirmatory::Q53984	negative	623f3f0445ba3d68f7f0b01360d57379b68a4bd25c5f902822b41b66dfcdfc89	evaluation
dominant_to_calibration	confirmatory::Q53F39	negative	c95ef386e0d3ba468fdb2900eacedffdfe47c9718cfd81d7f547bcab79cd73cf	calibration
dominant_to_calibration	confirmatory::Q53H76	negative	f65f268cda29366bb13f1b7087e9b249a64aeb6cb18e487923e1b256252c74c8	evaluation
dominant_to_calibration	confirmatory::Q53RD9	negative	6445dcca8238b08f68d32f17ddbace56c39786de5b5e8e32ed59cd75f5a26c44	evaluation
dominant_to_calibration	confirmatory::Q54316	positive	356e13d154b887afa9e89ec7ffb028316bccd02f6bac749a71e312579501bc0d	calibration
dominant_to_calibration	confirmatory::Q54318	positive	de68f434ab5bbc9e613f84a9b8fd723328ec64c9a79cf3d20e2bea8d1ea27f38	evaluation
dominant_to_calibration	confirmatory::Q54528	negative	b0bc13ef9ff6cbb2e253d03ecc4f25666d572be65ddba9b4a0f19509b4a68b6c	calibration
dominant_to_calibration	confirmatory::Q54809	negative	b0bc13ef9ff6cbb2e253d03ecc4f25666d572be65ddba9b4a0f19509b4a68b6c	calibration
dominant_to_calibration	confirmatory::Q54KQ7	negative	9be8126a2dbfcd7513074efb8f97e42b52a270b713971328a72dcad11b7a1f84	evaluation
dominant_to_calibration	confirmatory::Q54LF0	negative	b0b2a48ad6fd6b1498c24a6b9c1d041815cceb80731708100d9f50278d8d1a6d	calibration
dominant_to_calibration	confirmatory::Q54ME1	negative	05b025e5736121c78e7ddb68f6b7c385a220401fbeb02ba8e9bd16848a7bc451	evaluation
dominant_to_calibration	confirmatory::Q54RD6	negative	369890e1b4fdd3f4d633bc750ce4706bc6a1c2d11deb58e010bd3f44230852d0	evaluation
dominant_to_calibration	confirmatory::Q54SR8	negative	eac41909233ae38fd580365dacf70df8362ae19e8f8fb413aa0d59f0af65be98	evaluation
dominant_to_calibration	confirmatory::Q55053	negative	ea060f244e352de2544b388f1abc1899258898681ff665dbf7303805cc505276	calibration
dominant_to_calibration	confirmatory::Q55217	negative	b0bc13ef9ff6cbb2e253d03ecc4f25666d572be65ddba9b4a0f19509b4a68b6c	calibration
dominant_to_calibration	confirmatory::Q554E7	negative	6503f3c2ca0fb4e95390012ed69b1fb1d5d5f7a31af91d07fb8fe95a396b301c	calibration
dominant_to_calibration	confirmatory::Q55700	negative	b587bef3e5d94148fb6edeb8462e56d2a1573d0e113db913c44f4bfefa67c9fa	evaluation
dominant_to_calibration	confirmatory::Q55CT0	negative	c8bc632faaa2dd7e9e07420c2893908d6cabe65710e6f1a8676bef0b20dead16	evaluation
dominant_to_calibration	confirmatory::Q55GC7	negative	4fb7c929a59fea6698226d060a9f1b5babd169a15b2e75213ef2985310314137	evaluation
dominant_to_calibration	confirmatory::Q56178	negative	623f3f0445ba3d68f7f0b01360d57379b68a4bd25c5f902822b41b66dfcdfc89	evaluation
dominant_to_calibration	confirmatory::Q566C8	negative	c5e2be88b1228a5fe292dfa6bf01adfcb55983d3c6eccfb6b3c05b612e4a3de6	calibration
dominant_to_calibration	confirmatory::Q566Y9	negative	c95ef386e0d3ba468fdb2900eacedffdfe47c9718cfd81d7f547bcab79cd73cf	calibration
dominant_to_calibration	confirmatory::Q568T5	negative	659f229917bf607febe947a3b86fd3e9acdb5483dee856f96c2d4a54ff5e8a70	calibration
dominant_to_calibration	confirmatory::Q56922	negative	623f3f0445ba3d68f7f0b01360d57379b68a4bd25c5f902822b41b66dfcdfc89	evaluation
dominant_to_calibration	confirmatory::Q56JX9	negative	34b41219611ac71b39f94001659d257ef301dc42fb86d0ab1b2396d000b25f11	evaluation
dominant_to_calibration	confirmatory::Q57CF0	negative	ea060f244e352de2544b388f1abc1899258898681ff665dbf7303805cc505276	calibration
dominant_to_calibration	confirmatory::Q58576	negative	e2b05054974b1971d2d1faf5c1b63250f10706449e8f9c15bd1f3e29934ed416	calibration
dominant_to_calibration	confirmatory::Q58CQ5	negative	91c2894864d032b2893163dae4279c6a5eddbb3c7de724d55226dc3410728a9c	evaluation
dominant_to_calibration	confirmatory::Q58D62	negative	28ee663204ab31f06bda00313c901a495a49edfb3c6d5deedae5a5fe98c8fa7f	calibration
dominant_to_calibration	confirmatory::Q58T08	negative	5fa57ddd6214726ab33b89d585752101833c823a17d22598572232302a52b8c6	evaluation
dominant_to_calibration	confirmatory::Q59324	negative	8762b4dd22780fe23714f203220cc300c681de14521ee5b1a75119c4bf2ce030	evaluation
dominant_to_calibration	confirmatory::Q59DY5	negative	6ed261b4ec4ada335c83bf26fdbc0345f957ed75ff2c1246d01113237b90ce47	calibration
dominant_to_calibration	confirmatory::Q59HJ6	negative	6575fe00f3ccdc3a9bcd22237c35b4067cd150571930ca1e7aa9a8e6117d5536	calibration
dominant_to_calibration	confirmatory::Q59PV6	negative	80265ba0cf707cc2b9ab56977abaa12643a893bd6a9a455337c6c3dedf45bd7a	calibration
dominant_to_calibration	confirmatory::Q59WG5	negative	80265ba0cf707cc2b9ab56977abaa12643a893bd6a9a455337c6c3dedf45bd7a	calibration
dominant_to_calibration	confirmatory::Q59ZX3	negative	80265ba0cf707cc2b9ab56977abaa12643a893bd6a9a455337c6c3dedf45bd7a	calibration
dominant_to_calibration	confirmatory::Q5A6B6	negative	369890e1b4fdd3f4d633bc750ce4706bc6a1c2d11deb58e010bd3f44230852d0	evaluation
dominant_to_calibration	confirmatory::Q5AB49	negative	80265ba0cf707cc2b9ab56977abaa12643a893bd6a9a455337c6c3dedf45bd7a	calibration
dominant_to_calibration	confirmatory::Q5AG40	negative	12099ebff3efead5c06a18a835e5239edabab4ca79c6c9ba0c916ef443726217	evaluation
dominant_to_calibration	confirmatory::Q5AT15	negative	dccb74d38eb5e7a9f23fe80d041bb156f74f05b1c460fdc8136e9dbd7d77d278	calibration
dominant_to_calibration	confirmatory::Q5BIR3	negative	087f017c4fc6de6c13673ff96033f2de2d4d9db4cfbb560e850bc3a21a9dcde7	calibration
dominant_to_calibration	confirmatory::Q5BJ92	negative	369890e1b4fdd3f4d633bc750ce4706bc6a1c2d11deb58e010bd3f44230852d0	evaluation
dominant_to_calibration	confirmatory::Q5BKQ4	negative	82e1c2f759ec8bf899994b4553b7d3cc20a8d7c5d625a051f6b6104ee4a7005f	calibration
dominant_to_calibration	confirmatory::Q5CZK3	negative	82ba2784f1f8c5c50742e13d650c40e1693ecd41f5e2dbe7f1afccb645a66a72	calibration
dominant_to_calibration	confirmatory::Q5CZK5	negative	f31157ce31d0ea78e44180490f60aee1f7d653cda777a6f9f25fd735279904c3	evaluation
dominant_to_calibration	confirmatory::Q5DT37	negative	c7ea8d68dac0b154d26ad3eb78f3747b940e34c759e2a9f821325e36850511bd	calibration
dominant_to_calibration	confirmatory::Q5DT39	negative	c7ea8d68dac0b154d26ad3eb78f3747b940e34c759e2a9f821325e36850511bd	calibration
dominant_to_calibration	confirmatory::Q5E9F9	negative	e2b05054974b1971d2d1faf5c1b63250f10706449e8f9c15bd1f3e29934ed416	calibration
dominant_to_calibration	confirmatory::Q5EA59	negative	af3e8151ef08d08d21f26d1cce1ca2ed2dedc203bc8d13dcabd9823b27fc65d9	evaluation
dominant_to_calibration	confirmatory::Q5EA66	negative	450882407bb31af420e3fb498b86045252de225bcb0bc544cb192820b36d6e90	evaluation
dominant_to_calibration	confirmatory::Q5EB47	negative	623f3f0445ba3d68f7f0b01360d57379b68a4bd25c5f902822b41b66dfcdfc89	evaluation
dominant_to_calibration	confirmatory::Q5ECE3	positive	58c122487636dd7ab904effe42ca93539e9e10855a4715b26eb500f00a2e6c5b	calibration
dominant_to_calibration	confirmatory::Q5EE05	negative	af3e8151ef08d08d21f26d1cce1ca2ed2dedc203bc8d13dcabd9823b27fc65d9	evaluation
dominant_to_calibration	confirmatory::Q5EGE1	negative	5fa57ddd6214726ab33b89d585752101833c823a17d22598572232302a52b8c6	evaluation
dominant_to_calibration	confirmatory::Q5EPH2	positive	15dfdd34883cb7e5a417e2a4552d6f13a118039e01bf3682e791a24f69ae4fae	evaluation
dominant_to_calibration	confirmatory::Q5FB23	negative	ea060f244e352de2544b388f1abc1899258898681ff665dbf7303805cc505276	calibration
dominant_to_calibration	confirmatory::Q5FB24	negative	ea060f244e352de2544b388f1abc1899258898681ff665dbf7303805cc505276	calibration
dominant_to_calibration	confirmatory::Q5FUF4	negative	dccb74d38eb5e7a9f23fe80d041bb156f74f05b1c460fdc8136e9dbd7d77d278	calibration
dominant_to_calibration	confirmatory::Q5HDR8	negative	ea060f244e352de2544b388f1abc1899258898681ff665dbf7303805cc505276	calibration
dominant_to_calibration	confirmatory::Q5HDS0	negative	ea060f244e352de2544b388f1abc1899258898681ff665dbf7303805cc505276	calibration
dominant_to_calibration	confirmatory::Q5HLW1	negative	ea060f244e352de2544b388f1abc1899258898681ff665dbf7303805cc505276	calibration
dominant_to_calibration	confirmatory::Q5HLW3	negative	ea060f244e352de2544b388f1abc1899258898681ff665dbf7303805cc505276	calibration
dominant_to_calibration	confirmatory::Q5HY92	negative	725376337385731c27c04b3295d4b5d7c66d2e8cbf129aaea87ba3f5efc0a84e	evaluation
dominant_to_calibration	confirmatory::Q5IS42	negative	26711c766da1911f4bf596b105c186a2ff65f3225bc9762c87ffe5eb880b32c0	evaluation
dominant_to_calibration	confirmatory::Q5IS74	negative	c8bc632faaa2dd7e9e07420c2893908d6cabe65710e6f1a8676bef0b20dead16	evaluation
dominant_to_calibration	confirmatory::Q5JQD4	negative	55927c04e923f511084010cf0858f6d88c365ae75b99c08d7e94a4aea9cd3a91	evaluation
dominant_to_calibration	confirmatory::Q5KQS1	negative	4a60ed747214a9670137430d60efbead8fac61db33c998ac34d9dfa0cbcffd37	calibration
dominant_to_calibration	confirmatory::Q5KQS2	negative	4a60ed747214a9670137430d60efbead8fac61db33c998ac34d9dfa0cbcffd37	calibration
dominant_to_calibration	confirmatory::Q5KQS3	negative	4a60ed747214a9670137430d60efbead8fac61db33c998ac34d9dfa0cbcffd37	calibration
dominant_to_calibration	confirmatory::Q5KQS4	negative	4a60ed747214a9670137430d60efbead8fac61db33c998ac34d9dfa0cbcffd37	calibration
dominant_to_calibration	confirmatory::Q5KQS5	negative	4a60ed747214a9670137430d60efbead8fac61db33c998ac34d9dfa0cbcffd37	calibration
dominant_to_calibration	confirmatory::Q5KYL9	negative	ea060f244e352de2544b388f1abc1899258898681ff665dbf7303805cc505276	calibration
dominant_to_calibration	confirmatory::Q5KYM1	negative	ea060f244e352de2544b388f1abc1899258898681ff665dbf7303805cc505276	calibration
dominant_to_calibration	confirmatory::Q5LSQ2	negative	ea060f244e352de2544b388f1abc1899258898681ff665dbf7303805cc505276	calibration
dominant_to_calibration	confirmatory::Q5LSQ4	negative	ea060f244e352de2544b388f1abc1899258898681ff665dbf7303805cc505276	calibration
dominant_to_calibration	confirmatory::Q5M1G8	negative	ea060f244e352de2544b388f1abc1899258898681ff665dbf7303805cc505276	calibration
dominant_to_calibration	confirmatory::Q5M607	negative	ea060f244e352de2544b388f1abc1899258898681ff665dbf7303805cc505276	calibration
dominant_to_calibration	confirmatory::Q5M609	negative	ea060f244e352de2544b388f1abc1899258898681ff665dbf7303805cc505276	calibration
dominant_to_calibration	confirmatory::Q5M886	negative	e1d839f381927b9a2033cd2376ea1dec270868532d82b0db04197ab80478009c	evaluation
dominant_to_calibration	confirmatory::Q5M8C6	negative	450882407bb31af420e3fb498b86045252de225bcb0bc544cb192820b36d6e90	evaluation
dominant_to_calibration	confirmatory::Q5MIZ0	negative	4e99cd21ba42e7240013a52f651929458efdf8ceaae24127d3c489187c96eb87	evaluation
dominant_to_calibration	confirmatory::Q5NKN2	negative	8b82ebf287b833af4d036924547c8249a2374ba8620909e97c73d9f10372ee04	calibration
dominant_to_calibration	confirmatory::Q5NKN4	negative	8b82ebf287b833af4d036924547c8249a2374ba8620909e97c73d9f10372ee04	calibration
dominant_to_calibration	confirmatory::Q5NZF6	negative	d52af3aeba16f166910db4a02e939c6bcf3e5ff1879d6147eae4d668380d76f5	calibration
dominant_to_calibration	confirmatory::Q5PLY8	negative	d52af3aeba16f166910db4a02e939c6bcf3e5ff1879d6147eae4d668380d76f5	calibration
dominant_to_calibration	confirmatory::Q5PPM0	negative	65ee5a678e3df03b66915068a451d63c9cf38bf313f16c4cae674fd4276713a9	evaluation
dominant_to_calibration	confirmatory::Q5PXY7	negative	34b41219611ac71b39f94001659d257ef301dc42fb86d0ab1b2396d000b25f11	evaluation
dominant_to_calibration	confirmatory::Q5QGZ9	negative	2e402d4b1ff69f6c099e03e4a45c2e34abb6e3b800e7f28ee665400721a9e216	evaluation
dominant_to_calibration	confirmatory::Q5R1U3	negative	e18b4e5fbde76978c2080f2894717f1f991e2dfb87f46a80f37a5cab5ea38ab0	evaluation
dominant_to_calibration	confirmatory::Q5R2J5	negative	34b41219611ac71b39f94001659d257ef301dc42fb86d0ab1b2396d000b25f11	evaluation
dominant_to_calibration	confirmatory::Q5R658	negative	12099ebff3efead5c06a18a835e5239edabab4ca79c6c9ba0c916ef443726217	evaluation
dominant_to_calibration	confirmatory::Q5R6S0	negative	19e73a82bf4cb2521cfe2b344a15acf1f9bc96fc692b16e9e3b365f8c7af5ab6	calibration
dominant_to_calibration	confirmatory::Q5R740	negative	369890e1b4fdd3f4d633bc750ce4706bc6a1c2d11deb58e010bd3f44230852d0	evaluation
dominant_to_calibration	confirmatory::Q5R767	negative	9f0d0cc0eeb47aec102bb846e184928d26abe3ecb8a62ebc0b78f49871b04459	evaluation
dominant_to_calibration	confirmatory::Q5R7R7	negative	087f017c4fc6de6c13673ff96033f2de2d4d9db4cfbb560e850bc3a21a9dcde7	calibration
dominant_to_calibration	confirmatory::Q5RA73	negative	48fadceb80cfd90014d08e9e8740e497fa640f4924ca1fd8a785996abf5484db	evaluation
dominant_to_calibration	confirmatory::Q5RAD0	negative	ba4d2614b5e550635440f4c6525e8134022aee773ce7679090791bd84dd97e71	evaluation
dominant_to_calibration	confirmatory::Q5RBI4	negative	af3e8151ef08d08d21f26d1cce1ca2ed2dedc203bc8d13dcabd9823b27fc65d9	evaluation
dominant_to_calibration	confirmatory::Q5RBM7	negative	7e90cee412221196bcc5f07c4f195b89927144c6913a290671cfdac2f6ba7db5	calibration
dominant_to_calibration	confirmatory::Q5RBP8	negative	044998ee53301f25e1da9826d8ad8a58142a4d54a3309f642f4808d2ffb2d10e	evaluation
dominant_to_calibration	confirmatory::Q5RBQ5	negative	f65f268cda29366bb13f1b7087e9b249a64aeb6cb18e487923e1b256252c74c8	evaluation
dominant_to_calibration	confirmatory::Q5RBS3	negative	24376931396657e10ac6c36105371df550b6e383ddce8078df34654d799ae7e7	calibration
dominant_to_calibration	confirmatory::Q5REC2	negative	da1f730a80c0f0ed1f9303734404705fa18285380f99e8c78185dd847cf60b39	calibration
dominant_to_calibration	confirmatory::Q5RF15	negative	0b485d24a77932509bf71e09abdcf7e581dadeda100054bf91d0e3d6a33b887d	calibration
dominant_to_calibration	confirmatory::Q5RFL1	negative	c8bc632faaa2dd7e9e07420c2893908d6cabe65710e6f1a8676bef0b20dead16	evaluation
dominant_to_calibration	confirmatory::Q5RII9	negative	794a155dc5d6a4333e7c3f64f71a96bc7d6cff28650fa8bcc5d70a3932053113	calibration
dominant_to_calibration	confirmatory::Q5RK23	negative	b039ccfd244270e65ee7ca7692ed51ef79a65b1b20862267a28d1dbe4cbb86af	evaluation
dominant_to_calibration	confirmatory::Q5RLZ1	negative	df5070cd63468908d7ff5dc25c50b27c1be33547707ff62e32f90f7ac877709f	calibration
dominant_to_calibration	confirmatory::Q5SI82	negative	b587bef3e5d94148fb6edeb8462e56d2a1573d0e113db913c44f4bfefa67c9fa	evaluation
dominant_to_calibration	confirmatory::Q5SMU7	negative	6379a5db2b3216cec3ec507f7417dc6fc7ab5422e80a70b99c5b46a8764615b1	evaluation
dominant_to_calibration	confirmatory::Q5U2S6	negative	eafcdece930d9b2f899de45e12c2e75c2126969c2d21c3b4aaf532e256438a94	evaluation
dominant_to_calibration	confirmatory::Q5U312	negative	fd80707c34f29f25c56a8f1803d1fa5394ddc0f80884bf9428f4f4e83a05bb9a	calibration
dominant_to_calibration	confirmatory::Q5U3G1	negative	87d425c65ac584d5e4c581986c739f7692b2578e446bf382551a86cc21557ecd	calibration
dominant_to_calibration	confirmatory::Q5U3S1	negative	794a155dc5d6a4333e7c3f64f71a96bc7d6cff28650fa8bcc5d70a3932053113	calibration
dominant_to_calibration	confirmatory::Q5VFH6	negative	ae072172ac565f240e9af5c41bfdfc0174476f5f1bc878f8c5aab26e7d89d267	calibration
dominant_to_calibration	confirmatory::Q5VJ73	negative	1bb7a69c5ac8dff09d9743d7de36e3db00db59e8de64893c6df4fc99ac9601d3	evaluation
dominant_to_calibration	confirmatory::Q5VJ76	negative	1bb7a69c5ac8dff09d9743d7de36e3db00db59e8de64893c6df4fc99ac9601d3	evaluation
dominant_to_calibration	confirmatory::Q5VXI9	negative	d291e2f780ccae734f1044ab8a8bdd51fabac2c2899aa59af35fb22c772d8b01	evaluation
dominant_to_calibration	confirmatory::Q5VXJ0	negative	d291e2f780ccae734f1044ab8a8bdd51fabac2c2899aa59af35fb22c772d8b01	evaluation
dominant_to_calibration	confirmatory::Q5VYY2	negative	d291e2f780ccae734f1044ab8a8bdd51fabac2c2899aa59af35fb22c772d8b01	evaluation
dominant_to_calibration	confirmatory::Q5W188	negative	2c14df6328ed08d651ce5cff3d704d82078c6ad2a943af69e7875773d0d905c0	calibration
dominant_to_calibration	confirmatory::Q5W7F4	negative	d2a58d1503639979e8af446731764acbc9855d3db5976dd5c85f11dc82849e02	calibration
dominant_to_calibration	confirmatory::Q5W7P8	negative	9c42a4d7631974118801fa0fb65aef4231fc3b42e1affbced544cb057191d1c2	calibration
dominant_to_calibration	confirmatory::Q5WPS9	positive	112549026d27c8c0b1f2feedd4c3dce0aa95a7c1eef5893ec6553e5b8b9fdc5f	evaluation
dominant_to_calibration	confirmatory::Q5XF51	negative	d017fd0721e73202cadd9ae3298bfac8bb3fb75187118a3bf8c61e4be5e4e8e8	evaluation
dominant_to_calibration	confirmatory::Q5XHZ9	negative	47075aafe6d2bac6e113584978b26f2f7857387210bec32ad7cf1bf1364b6c8c	calibration
dominant_to_calibration	confirmatory::Q5XIC4	negative	13bf54fb73aab8d703b1025e0596f0e2e732d88bc62948135586368ddee44dd0	evaluation
dominant_to_calibration	confirmatory::Q5XIK7	negative	794a155dc5d6a4333e7c3f64f71a96bc7d6cff28650fa8bcc5d70a3932053113	calibration
dominant_to_calibration	confirmatory::Q5XJ13	negative	1babc0f3672570a9ef69999590622bed0b820e178a50d0a1ed8144cd6b6a1e59	calibration
dominant_to_calibration	confirmatory::Q5XTQ4	negative	d1c6ab564afa4059f4195e330c3f3d2fa72e6c258ca03ccbdb0ec294d4b10bcb	calibration
dominant_to_calibration	confirmatory::Q5YWR8	negative	ea060f244e352de2544b388f1abc1899258898681ff665dbf7303805cc505276	calibration
dominant_to_calibration	confirmatory::Q5YWS0	negative	ea060f244e352de2544b388f1abc1899258898681ff665dbf7303805cc505276	calibration
dominant_to_calibration	confirmatory::Q5ZIJ9	negative	f70cb94582b2b5f26bd61c66750ab3d3e81aadb1d68c2adff83370008ebf6e1c	calibration
dominant_to_calibration	confirmatory::Q5ZIN0	negative	86a5c1bfc5908ede8123b1f6c7156fccf03d9d9b70f3f68acd76dfc146e5b158	evaluation
dominant_to_calibration	confirmatory::Q5ZK92	negative	9be8126a2dbfcd7513074efb8f97e42b52a270b713971328a72dcad11b7a1f84	evaluation
dominant_to_calibration	confirmatory::Q5ZM55	negative	985193d7f0646ab5a63192350c4470719b706bcc5f16b43f74211a4adfe4c1c1	calibration
dominant_to_calibration	confirmatory::Q60549	negative	f2b677e2fd5321ab024cef21588963d9a8417a4e14d4be31ef1166114f89d64f	evaluation
dominant_to_calibration	confirmatory::Q60590	negative	1a35ad91798a026bcdebde68ed0eb5d253ad56aad3ddf29531a071fb44d8d05e	calibration
dominant_to_calibration	confirmatory::Q60660	negative	7d60fd5c92dfb8bcae8595a5e485074f20595c0030d55c37b8423232e0a10ed8	evaluation
dominant_to_calibration	confirmatory::Q60676	negative	8e22b1d2d0b6eb1e1e5fa4778be233170412d5e999828aaf14773086e528164b	evaluation
dominant_to_calibration	confirmatory::Q60682	negative	7d60fd5c92dfb8bcae8595a5e485074f20595c0030d55c37b8423232e0a10ed8	evaluation
dominant_to_calibration	confirmatory::Q60687	negative	cd44ecfb0231fbe25976a913c1248001f954c4063e308617e008c4b65e1d218b	evaluation
dominant_to_calibration	confirmatory::Q60773	negative	8992e1d38e2126575c76a9ffff1f17206072df85161868ff3b28419336c5d6f5	calibration
dominant_to_calibration	confirmatory::Q60778	negative	f5946217655b779cbdb7da1594ab1ee01d52642a7d2cf2070fa5df1454f6a452	calibration
dominant_to_calibration	confirmatory::Q60FC1	negative	450882407bb31af420e3fb498b86045252de225bcb0bc544cb192820b36d6e90	evaluation
dominant_to_calibration	confirmatory::Q60HE4	negative	892c88b018db1a24496c836ee738435b173efc2813bfbb043051751b949fe15d	evaluation
dominant_to_calibration	confirmatory::Q60HE6	negative	ae06a79fb0a3df6b735edf0b452366dd6bef01d4d1be6595c830072b310a4059	calibration
dominant_to_calibration	confirmatory::Q60HH1	negative	c8bc632faaa2dd7e9e07420c2893908d6cabe65710e6f1a8676bef0b20dead16	evaluation
dominant_to_calibration	confirmatory::Q61139	negative	da1f730a80c0f0ed1f9303734404705fa18285380f99e8c78185dd847cf60b39	calibration
dominant_to_calibration	confirmatory::Q61483	negative	24371bf2d6df09880740ab51a10a679536679e6846c484a18360798d6fe47647	calibration
dominant_to_calibration	confirmatory::Q61646	negative	f31f934f123b8eb5e7b55919d21a17ee0061501c26e26a51565ecb85805bc123	calibration
dominant_to_calibration	confirmatory::Q61CX7	negative	623f3f0445ba3d68f7f0b01360d57379b68a4bd25c5f902822b41b66dfcdfc89	evaluation
dominant_to_calibration	confirmatory::Q62422	negative	d1f62197ee0b94e1aa825c03b89bae92c969a18f42b790443643f132e5c7b952	evaluation
dominant_to_calibration	confirmatory::Q62426	negative	e18b4e5fbde76978c2080f2894717f1f991e2dfb87f46a80f37a5cab5ea38ab0	evaluation
dominant_to_calibration	confirmatory::Q62471	negative	5892961fd93913083308b146da1de4c67d025258b98b350e84083bba8418fbd1	calibration
dominant_to_calibration	confirmatory::Q62587	negative	2ca3559869bf73bf1369b0778046227fe36990704ef03e92e809601ac40ebe65	evaluation
dominant_to_calibration	confirmatory::Q62590	negative	cd44ecfb0231fbe25976a913c1248001f954c4063e308617e008c4b65e1d218b	evaluation
dominant_to_calibration	confirmatory::Q627N3	negative	369890e1b4fdd3f4d633bc750ce4706bc6a1c2d11deb58e010bd3f44230852d0	evaluation
dominant_to_calibration	confirmatory::Q62849	negative	da1f730a80c0f0ed1f9303734404705fa18285380f99e8c78185dd847cf60b39	calibration
dominant_to_calibration	confirmatory::Q62HS0	negative	ea060f244e352de2544b388f1abc1899258898681ff665dbf7303805cc505276	calibration
dominant_to_calibration	confirmatory::Q62HS2	negative	ea060f244e352de2544b388f1abc1899258898681ff665dbf7303805cc505276	calibration
dominant_to_calibration	confirmatory::Q63341	negative	24063adf61b47696a5084aad279fba23bd2d452cb3a4e2a3d0222f5c61a60eb3	evaluation
dominant_to_calibration	confirmatory::Q63347	negative	e2b05054974b1971d2d1faf5c1b63250f10706449e8f9c15bd1f3e29934ed416	calibration
dominant_to_calibration	confirmatory::Q63369	negative	a57533e38099ea960ab1f9d4350d4e3eb6a919a313090b8648660eab8a5859d5	calibration
dominant_to_calibration	confirmatory::Q63415	negative	da1f730a80c0f0ed1f9303734404705fa18285380f99e8c78185dd847cf60b39	calibration
dominant_to_calibration	confirmatory::Q63430	negative	49e0bd839bb65df30e513a28e2c6701659e7b54bbf207886093864c59420f7a3	calibration
dominant_to_calibration	confirmatory::Q63570	negative	23d5a3bd524d30d0ed03bfe373885d5527e4035c98c411d13a9667a063013c6e	calibration
dominant_to_calibration	confirmatory::Q63805	negative	1a35ad91798a026bcdebde68ed0eb5d253ad56aad3ddf29531a071fb44d8d05e	calibration
dominant_to_calibration	confirmatory::Q63HQ2	negative	68767325784b2424d10c6965c0aa59d40c7a925515b48a12df84fb6a033b254f	calibration
dominant_to_calibration	confirmatory::Q63RL3	negative	ea060f244e352de2544b388f1abc1899258898681ff665dbf7303805cc505276	calibration
dominant_to_calibration	confirmatory::Q63RL5	negative	ea060f244e352de2544b388f1abc1899258898681ff665dbf7303805cc505276	calibration
dominant_to_calibration	confirmatory::Q63ZY3	negative	025fe66b9459a9368bbbc7e07ac2d8f2d812ba27ec9e250c1a574f49089748b0	calibration
dominant_to_calibration	confirmatory::Q640P2	negative	450882407bb31af420e3fb498b86045252de225bcb0bc544cb192820b36d6e90	evaluation
dominant_to_calibration	confirmatory::Q64171	negative	780632a2b78e928a1a0233a9237a2deb499859d4cb703b9b85c05b6bf0ae4e2d	evaluation
dominant_to_calibration	confirmatory::Q64181	negative	044998ee53301f25e1da9826d8ad8a58142a4d54a3309f642f4808d2ffb2d10e	evaluation
dominant_to_calibration	confirmatory::Q64194	negative	d291e2f780ccae734f1044ab8a8bdd51fabac2c2899aa59af35fb22c772d8b01	evaluation
dominant_to_calibration	confirmatory::Q641W4	negative	694df2b5849b10ec08101ea2af6560538999a3c675f58d38bdfa8b4f58b573a3	calibration
dominant_to_calibration	confirmatory::Q641Z7	negative	eac41909233ae38fd580365dacf70df8362ae19e8f8fb413aa0d59f0af65be98	evaluation
dominant_to_calibration	confirmatory::Q64253	negative	412ebf19781844419f07c45188fde84b1712a4113a21c291d54300b8a26fc585	evaluation
dominant_to_calibration	confirmatory::Q64299	negative	80411b172a57342a9e6ff35099764047f561bf1337df03f29cf013ee3a7b28d0	calibration
dominant_to_calibration	confirmatory::Q64329	negative	7d60fd5c92dfb8bcae8595a5e485074f20595c0030d55c37b8423232e0a10ed8	evaluation
dominant_to_calibration	confirmatory::Q64424	negative	82e1c2f759ec8bf899994b4553b7d3cc20a8d7c5d625a051f6b6104ee4a7005f	calibration
dominant_to_calibration	confirmatory::Q64425	negative	82e1c2f759ec8bf899994b4553b7d3cc20a8d7c5d625a051f6b6104ee4a7005f	calibration
dominant_to_calibration	confirmatory::Q647G9	negative	15846e295d6f529cb1ea4423de7a6917f472ad0c4d75173697c456c27ec75481	evaluation
dominant_to_calibration	confirmatory::Q64K33	negative	1bb7a69c5ac8dff09d9743d7de36e3db00db59e8de64893c6df4fc99ac9601d3	evaluation
dominant_to_calibration	confirmatory::Q64K34	negative	afc28802fff11b2e2d1ded4ef2f20fb595c131fd12dc5efbd409170424be582b	evaluation
dominant_to_calibration	confirmatory::Q64K36	negative	afc28802fff11b2e2d1ded4ef2f20fb595c131fd12dc5efbd409170424be582b	evaluation
dominant_to_calibration	confirmatory::Q65XV2	negative	50b13f9d1d5f78552c7086ad34c3782cafa3867c15aa1c7bd0ccff2643d361a5	calibration
dominant_to_calibration	confirmatory::Q65YR7	negative	e18b4e5fbde76978c2080f2894717f1f991e2dfb87f46a80f37a5cab5ea38ab0	evaluation
dominant_to_calibration	confirmatory::Q65YR8	negative	e18b4e5fbde76978c2080f2894717f1f991e2dfb87f46a80f37a5cab5ea38ab0	evaluation
dominant_to_calibration	confirmatory::Q66H85	negative	91c2894864d032b2893163dae4279c6a5eddbb3c7de724d55226dc3410728a9c	evaluation
dominant_to_calibration	confirmatory::Q66RP5	negative	34b41219611ac71b39f94001659d257ef301dc42fb86d0ab1b2396d000b25f11	evaluation
dominant_to_calibration	confirmatory::Q66S21	positive	27e6e2bb31bcb2671c5dcc113433c5816eabde69161bee463e2f8daf41bfd66c	evaluation
dominant_to_calibration	confirmatory::Q66S50	negative	87d425c65ac584d5e4c581986c739f7692b2578e446bf382551a86cc21557ecd	calibration
dominant_to_calibration	confirmatory::Q66S61	negative	87d425c65ac584d5e4c581986c739f7692b2578e446bf382551a86cc21557ecd	calibration
dominant_to_calibration	confirmatory::Q66S62	negative	87d425c65ac584d5e4c581986c739f7692b2578e446bf382551a86cc21557ecd	calibration
dominant_to_calibration	confirmatory::Q66S63	negative	87d425c65ac584d5e4c581986c739f7692b2578e446bf382551a86cc21557ecd	calibration
dominant_to_calibration	confirmatory::Q67WJ2	negative	b587bef3e5d94148fb6edeb8462e56d2a1573d0e113db913c44f4bfefa67c9fa	evaluation
dominant_to_calibration	confirmatory::Q688M5	negative	4b9e7bea9ce8ee8ae94698ef8499017333c8e1e95a44680dba3be60d8618dc01	calibration
dominant_to_calibration	confirmatory::Q68DC2	negative	1babc0f3672570a9ef69999590622bed0b820e178a50d0a1ed8144cd6b6a1e59	calibration
dominant_to_calibration	confirmatory::Q68GV9	negative	afc28802fff11b2e2d1ded4ef2f20fb595c131fd12dc5efbd409170424be582b	evaluation
dominant_to_calibration	confirmatory::Q68KK0	negative	8ee43b4e8ba5995b9aed1fca2d9b6dc963f47cc95170ae5d0cd5ee27879e4180	calibration
dominant_to_calibration	confirmatory::Q68W69	negative	623f3f0445ba3d68f7f0b01360d57379b68a4bd25c5f902822b41b66dfcdfc89	evaluation
dominant_to_calibration	confirmatory::Q69F56	negative	afc28802fff11b2e2d1ded4ef2f20fb595c131fd12dc5efbd409170424be582b	evaluation
dominant_to_calibration	confirmatory::Q69F58	negative	afc28802fff11b2e2d1ded4ef2f20fb595c131fd12dc5efbd409170424be582b	evaluation
dominant_to_calibration	confirmatory::Q69UZ3	negative	6575fe00f3ccdc3a9bcd22237c35b4067cd150571930ca1e7aa9a8e6117d5536	calibration
dominant_to_calibration	confirmatory::Q69ZU8	negative	55bd881647d7a449fc35b49ce52ba4f2dd86ad0d16680e9ef81cf2f148de50e6	calibration
dominant_to_calibration	confirmatory::Q6AU07	negative	0979449cdc194fdff7dab96f55c2a10e5e5abd2d3843d67e604751e8e5fe90dd	evaluation
dominant_to_calibration	confirmatory::Q6AWW0	negative	65bb002a2d0220d261996f7b58f16462939548833c839b5a5858a003c2254c04	evaluation
dominant_to_calibration	confirmatory::Q6AX44	negative	450882407bb31af420e3fb498b86045252de225bcb0bc544cb192820b36d6e90	evaluation
dominant_to_calibration	confirmatory::Q6AYT7	negative	86a5c1bfc5908ede8123b1f6c7156fccf03d9d9b70f3f68acd76dfc146e5b158	evaluation
dominant_to_calibration	confirmatory::Q6C520	negative	e8f19abe601762091b366d25b70ea3fb93cb89ef883d201899904e677c86728a	calibration
dominant_to_calibration	confirmatory::Q6CLY8	negative	ba1e0fac2515a9031daa16567997afddc289a2ecb8756ffc8f0e1753d392ede6	evaluation
dominant_to_calibration	confirmatory::Q6DBU8	negative	c8fadbacef3136177f2b23b2baf3dcd95afd7d6b4bd2d228911c955e1a12428c	evaluation
dominant_to_calibration	confirmatory::Q6DCQ6	negative	8224d870a4ad1d762e0cd8f430a9761d0b2a39c6b9877ac80d67fd6f690abc05	calibration
dominant_to_calibration	confirmatory::Q6DI48	negative	24371bf2d6df09880740ab51a10a679536679e6846c484a18360798d6fe47647	calibration
dominant_to_calibration	confirmatory::Q6DRD9	negative	0117c31c5e8a946d348c2967069bc984bdac99ef7914e687858f626281ab9502	calibration
dominant_to_calibration	confirmatory::Q6E0V2	negative	794a155dc5d6a4333e7c3f64f71a96bc7d6cff28650fa8bcc5d70a3932053113	calibration
dominant_to_calibration	confirmatory::Q6EIG7	negative	0abf7fc04094851e216e9a013b3897849df61ac3d763c6f6cd1c3c34b9d203dd	calibration
dominant_to_calibration	confirmatory::Q6EMK4	negative	06f0d4fd639a6c34191fb3093385dc64c0099d172b7ef4ea43662e3435f35b54	evaluation
dominant_to_calibration	confirmatory::Q6EV78	negative	cd44ecfb0231fbe25976a913c1248001f954c4063e308617e008c4b65e1d218b	evaluation
dominant_to_calibration	confirmatory::Q6EWX1	negative	2403ae7bc8665f1e7b626feb95c0ff7f17c310b870feafcd82ae5317780d177e	evaluation
dominant_to_calibration	confirmatory::Q6EZC2	positive	cf086492ab026d02708e9be582df185c98b8b4f6c6492e10a2b684a6eeda7d53	evaluation
dominant_to_calibration	confirmatory::Q6F3J0	negative	a57533e38099ea960ab1f9d4350d4e3eb6a919a313090b8648660eab8a5859d5	calibration
dominant_to_calibration	confirmatory::Q6FD83	negative	ea060f244e352de2544b388f1abc1899258898681ff665dbf7303805cc505276	calibration
dominant_to_calibration	confirmatory::Q6FD85	negative	ea060f244e352de2544b388f1abc1899258898681ff665dbf7303805cc505276	calibration
dominant_to_calibration	confirmatory::Q6FEQ3	negative	dccb74d38eb5e7a9f23fe80d041bb156f74f05b1c460fdc8136e9dbd7d77d278	calibration
dominant_to_calibration	confirmatory::Q6G734	negative	ea060f244e352de2544b388f1abc1899258898681ff665dbf7303805cc505276	calibration
dominant_to_calibration	confirmatory::Q6GEE4	negative	ea060f244e352de2544b388f1abc1899258898681ff665dbf7303805cc505276	calibration
dominant_to_calibration	confirmatory::Q6GEE6	negative	ea060f244e352de2544b388f1abc1899258898681ff665dbf7303805cc505276	calibration
dominant_to_calibration	confirmatory::Q6GL04	negative	199e5e746f1a78658450a2ba041b79aef49bbb4feb4fdafedee11b7288c9ede8	calibration
dominant_to_calibration	confirmatory::Q6GNY1	negative	f70cb94582b2b5f26bd61c66750ab3d3e81aadb1d68c2adff83370008ebf6e1c	calibration
dominant_to_calibration	confirmatory::Q6GPE5	negative	985193d7f0646ab5a63192350c4470719b706bcc5f16b43f74211a4adfe4c1c1	calibration
dominant_to_calibration	confirmatory::Q6GQL2	negative	369890e1b4fdd3f4d633bc750ce4706bc6a1c2d11deb58e010bd3f44230852d0	evaluation
dominant_to_calibration	confirmatory::Q6GQX6	negative	1babc0f3672570a9ef69999590622bed0b820e178a50d0a1ed8144cd6b6a1e59	calibration
dominant_to_calibration	confirmatory::Q6GUL6	negative	22908ea1541a1b07146f2bd28daaa95ec311bcc862f3182fe7289c27fc0bc4d0	evaluation
dominant_to_calibration	confirmatory::Q6GX84	negative	725376337385731c27c04b3295d4b5d7c66d2e8cbf129aaea87ba3f5efc0a84e	evaluation
dominant_to_calibration	confirmatory::Q6H9L7	negative	cb44a4f497064aed4649f5deb7fef3c4d84afeace4de66ba616b124b36f36034	calibration
dominant_to_calibration	confirmatory::Q6IE26	negative	2eecc744c786b9108557788352fd5794355c754b0934c0f099e6c21ad6cf8672	calibration
dominant_to_calibration	confirmatory::Q6IE32	negative	39977d7c8cb51a04363db1a900c2381799fac83607110b9c758bb1e0b32e3199	evaluation
dominant_to_calibration	confirmatory::Q6IE46	negative	494bb47a5b8c2bea3cad5f8a40f43589336270fb6d93bdf73592e38be6ebde1b	evaluation
dominant_to_calibration	confirmatory::Q6IY73	negative	cd44ecfb0231fbe25976a913c1248001f954c4063e308617e008c4b65e1d218b	evaluation
dominant_to_calibration	confirmatory::Q6IY74	negative	cd44ecfb0231fbe25976a913c1248001f954c4063e308617e008c4b65e1d218b	evaluation
dominant_to_calibration	confirmatory::Q6JVE5	negative	693191d81dad8633f117940437800dc383ce0e8e12178e775ecd55116c2bb03f	calibration
dominant_to_calibration	confirmatory::Q6JVE9	negative	ae5ea8639589b79b276a0740af0e2a4bf3187ec339698d7063e881ce1e1a2a07	evaluation
dominant_to_calibration	confirmatory::Q6JVL5	negative	693191d81dad8633f117940437800dc383ce0e8e12178e775ecd55116c2bb03f	calibration
dominant_to_calibration	confirmatory::Q6K8R2	negative	4b9e7bea9ce8ee8ae94698ef8499017333c8e1e95a44680dba3be60d8618dc01	calibration
dominant_to_calibration	confirmatory::Q6MG55	negative	19e73a82bf4cb2521cfe2b344a15acf1f9bc96fc692b16e9e3b365f8c7af5ab6	calibration
dominant_to_calibration	confirmatory::Q6N1G8	negative	dccb74d38eb5e7a9f23fe80d041bb156f74f05b1c460fdc8136e9dbd7d77d278	calibration
dominant_to_calibration	confirmatory::Q6N3N0	negative	ea060f244e352de2544b388f1abc1899258898681ff665dbf7303805cc505276	calibration
dominant_to_calibration	confirmatory::Q6N3N3	negative	ea060f244e352de2544b388f1abc1899258898681ff665dbf7303805cc505276	calibration
dominant_to_calibration	confirmatory::Q6NAM1	negative	99f40f5f5deac002e1b3d68b6ea089ee9bc93d5873f98c72e3a3b22286c5e09d	calibration
dominant_to_calibration	confirmatory::Q6NLQ8	negative	50b13f9d1d5f78552c7086ad34c3782cafa3867c15aa1c7bd0ccff2643d361a5	calibration
dominant_to_calibration	confirmatory::Q6NT52	negative	cd44ecfb0231fbe25976a913c1248001f954c4063e308617e008c4b65e1d218b	evaluation
dominant_to_calibration	confirmatory::Q6NVU2	negative	369890e1b4fdd3f4d633bc750ce4706bc6a1c2d11deb58e010bd3f44230852d0	evaluation
dominant_to_calibration	confirmatory::Q6NW58	negative	9be8126a2dbfcd7513074efb8f97e42b52a270b713971328a72dcad11b7a1f84	evaluation
dominant_to_calibration	confirmatory::Q6NXT1	negative	c5e2be88b1228a5fe292dfa6bf01adfcb55983d3c6eccfb6b3c05b612e4a3de6	calibration
dominant_to_calibration	confirmatory::Q6P1H6	negative	8b329edba81bc4bf77c0e6906a180e9e8756de0c47eaf4fa7419b66d30794d17	calibration
dominant_to_calibration	confirmatory::Q6P5P5	negative	f57c6cf461f021788bb7f38d55fb443eb4f59d5c8171c8c0af30ab029f1bfb82	evaluation
dominant_to_calibration	confirmatory::Q6P734	negative	7c001592a0af53a0b7029cb604d3d173bb64ff8d0eddd85c023a777d81f9b85a	calibration
dominant_to_calibration	confirmatory::Q6PE15	negative	79fb5f5aeea75b1180489919250ee5ca372dd41009fc99b7025dd9708a35177b	evaluation
dominant_to_calibration	confirmatory::Q6PIW4	negative	725376337385731c27c04b3295d4b5d7c66d2e8cbf129aaea87ba3f5efc0a84e	evaluation
dominant_to_calibration	confirmatory::Q6PQK2	positive	73e2773055c4aaed4b9016027f3b0aed172b44904b6c4889bf48e64ff56d6e0f	evaluation
dominant_to_calibration	confirmatory::Q6Q2C2	negative	2eecc744c786b9108557788352fd5794355c754b0934c0f099e6c21ad6cf8672	calibration
dominant_to_calibration	confirmatory::Q6Q3H0	negative	b30b84a76b4877ee5f623b2fe1234ec407ce41971f778f80bf04b469852129d7	calibration
dominant_to_calibration	confirmatory::Q6Q7I7	negative	2ce198fad98f14e4c4b8a256c59fcb869aedf9d88f10faac7815fcadcfa4fcaf	calibration
dominant_to_calibration	confirmatory::Q6QLQ4	negative	55ddb3dd17da1cb3ae6ed5aa5ab62a50e2f5afdd8477f9c0f808349986102bb6	evaluation
dominant_to_calibration	confirmatory::Q6RY98	positive	5bb2900baf301969b961458b31bf85d5c1deee5dcae3cae285450b3f64031f30	evaluation
dominant_to_calibration	confirmatory::Q6SI68	negative	cd44ecfb0231fbe25976a913c1248001f954c4063e308617e008c4b65e1d218b	evaluation
dominant_to_calibration	confirmatory::Q6T6T4	negative	e762a34e2879fb89badf3aefde610ff9d5414dd0791ef2899f47f15931593ae4	calibration
dominant_to_calibration	confirmatory::Q6TMA8	negative	450882407bb31af420e3fb498b86045252de225bcb0bc544cb192820b36d6e90	evaluation
dominant_to_calibration	confirmatory::Q6TNA5	negative	29a79690eced4461016836ce36c14c380b0c4c5e3dcafb70f5238755407be04c	evaluation
dominant_to_calibration	confirmatory::Q6TNA6	negative	35694f21d7d4db56351d18bdafcc1ae0e6fb7fafca960bd78ecc92fb5c4eca41	evaluation
dominant_to_calibration	confirmatory::Q6TPH1	negative	bb6ceea07e989d80c137788cdbdfd634ab9becd492e572919974a7e2ecc7bc23	calibration
dominant_to_calibration	confirmatory::Q6U830	negative	cd44ecfb0231fbe25976a913c1248001f954c4063e308617e008c4b65e1d218b	evaluation
dominant_to_calibration	confirmatory::Q6UR35	negative	ea060f244e352de2544b388f1abc1899258898681ff665dbf7303805cc505276	calibration
dominant_to_calibration	confirmatory::Q6UR44	negative	ea060f244e352de2544b388f1abc1899258898681ff665dbf7303805cc505276	calibration
dominant_to_calibration	confirmatory::Q6UR53	negative	ea060f244e352de2544b388f1abc1899258898681ff665dbf7303805cc505276	calibration
dominant_to_calibration	confirmatory::Q6UR62	negative	ea060f244e352de2544b388f1abc1899258898681ff665dbf7303805cc505276	calibration
dominant_to_calibration	confirmatory::Q6UR78	negative	ea060f244e352de2544b388f1abc1899258898681ff665dbf7303805cc505276	calibration
dominant_to_calibration	confirmatory::Q6UR86	negative	ea060f244e352de2544b388f1abc1899258898681ff665dbf7303805cc505276	calibration
dominant_to_calibration	confirmatory::Q6UVW9	negative	e73c96ea43f7190ef92adf35894e2eb0a0c6332b069837b46e96d09e4da1989a	calibration
dominant_to_calibration	confirmatory::Q6UW60	negative	da1f730a80c0f0ed1f9303734404705fa18285380f99e8c78185dd847cf60b39	calibration
dominant_to_calibration	confirmatory::Q6UWW0	negative	fff12e77db30d8d5054c219a61e7eadca02694fd845a38e729300f128215237b	evaluation
dominant_to_calibration	confirmatory::Q6UXR4	negative	a5ebffc2e2dbb22bd5322e5b7f495ec0102e8dba67dfdb8b96b9aa84fa7da6f3	evaluation
dominant_to_calibration	confirmatory::Q6UXZ4	negative	e1b95bb5b2d98418af04cd6abcaee2221a616a7e7b69327abdac2b834eba6f74	calibration
dominant_to_calibration	confirmatory::Q6UY11	negative	389ad42570c89a23dada5ba64aad3e0bd24cb5b88b1fc4a23e5d29f2508b4cfc	evaluation
dominant_to_calibration	confirmatory::Q6V9H4	negative	48fadceb80cfd90014d08e9e8740e497fa640f4924ca1fd8a785996abf5484db	evaluation
dominant_to_calibration	confirmatory::Q6X7V3	negative	82ba2784f1f8c5c50742e13d650c40e1693ecd41f5e2dbe7f1afccb645a66a72	calibration
dominant_to_calibration	confirmatory::Q6XBH1	negative	35924e8f7b5834d086ff9e83412559b96bc83a137462bdc92264c5acb9e9f8ba	evaluation
dominant_to_calibration	confirmatory::Q6XZB0	negative	c8fadbacef3136177f2b23b2baf3dcd95afd7d6b4bd2d228911c955e1a12428c	evaluation
dominant_to_calibration	confirmatory::Q6Y4Q5	negative	24063adf61b47696a5084aad279fba23bd2d452cb3a4e2a3d0222f5c61a60eb3	evaluation
dominant_to_calibration	confirmatory::Q6YK33	negative	2ca3559869bf73bf1369b0778046227fe36990704ef03e92e809601ac40ebe65	evaluation
dominant_to_calibration	confirmatory::Q6ZFW0	negative	8f8da713303fc3e9da5300981fa592399dd69f945ee35063684c899fb1bc1d27	calibration
dominant_to_calibration	confirmatory::Q6ZMM2	negative	bb40d15c016e35f42dcca513f66d9229afaef132e7dc1251b2a6b3dc0c5acfcd	calibration
dominant_to_calibration	confirmatory::Q6ZMP0	negative	562e79a16f6ce227a3e89db3f4bb54b3e3c1b2ae222acba4917b6af32fdf6d0f	evaluation
dominant_to_calibration	confirmatory::Q6ZMU1	negative	13052596539332eba217bc31fcf0d6330ad67e104a067ad1973bff4349aab6c3	calibration
dominant_to_calibration	confirmatory::Q6ZN17	negative	623f3f0445ba3d68f7f0b01360d57379b68a4bd25c5f902822b41b66dfcdfc89	evaluation
dominant_to_calibration	confirmatory::Q6ZNF0	negative	bb6ceea07e989d80c137788cdbdfd634ab9becd492e572919974a7e2ecc7bc23	calibration
dominant_to_calibration	confirmatory::Q6ZST4	negative	893d42719c35fb87ed0fa74f6f99a943dd559899c72f9549eb41965b8b063f89	calibration
dominant_to_calibration	confirmatory::Q6ZT21	negative	4f74dcb1b503ace41f74d5c063a5fa9c5498e32a006c0e7a8aebc0644cd0f288	calibration
dominant_to_calibration	confirmatory::Q700D5	negative	0e4c38eb4f51a7eb91cc769f4711116524ea8b7fdc196854106f65a38ca035fd	evaluation
dominant_to_calibration	confirmatory::Q704Y3	negative	36dec6c60a72d94ff56ec694716245de514abc69b61f3fd1ef27385953643515	evaluation
dominant_to_calibration	confirmatory::Q70DK5	negative	a00384a0c9fb6ab048e78eb3d60db510d8d313ce9a15dfda96cf700e638435e3	evaluation
dominant_to_calibration	confirmatory::Q70GH4	negative	c8bc632faaa2dd7e9e07420c2893908d6cabe65710e6f1a8676bef0b20dead16	evaluation
dominant_to_calibration	confirmatory::Q70J59	negative	c8bc632faaa2dd7e9e07420c2893908d6cabe65710e6f1a8676bef0b20dead16	evaluation
dominant_to_calibration	confirmatory::Q70UZ7	negative	8224d870a4ad1d762e0cd8f430a9761d0b2a39c6b9877ac80d67fd6f690abc05	calibration
dominant_to_calibration	confirmatory::Q70X92	negative	987aaa7b495bc5fd6b0fc9e57a89713660ed32dba42de9a4d8ba698c190be061	calibration
dominant_to_calibration	confirmatory::Q710E8	negative	6379a5db2b3216cec3ec507f7417dc6fc7ab5422e80a70b99c5b46a8764615b1	evaluation
dominant_to_calibration	confirmatory::Q719N1	negative	9be8126a2dbfcd7513074efb8f97e42b52a270b713971328a72dcad11b7a1f84	evaluation
dominant_to_calibration	confirmatory::Q71KU9	negative	450882407bb31af420e3fb498b86045252de225bcb0bc544cb192820b36d6e90	evaluation
dominant_to_calibration	confirmatory::Q71S21	negative	eafcdece930d9b2f899de45e12c2e75c2126969c2d21c3b4aaf532e256438a94	evaluation
dominant_to_calibration	confirmatory::Q71S22	negative	eafcdece930d9b2f899de45e12c2e75c2126969c2d21c3b4aaf532e256438a94	evaluation
dominant_to_calibration	confirmatory::Q72R95	negative	dccb74d38eb5e7a9f23fe80d041bb156f74f05b1c460fdc8136e9dbd7d77d278	calibration
dominant_to_calibration	confirmatory::Q733J6	negative	ea060f244e352de2544b388f1abc1899258898681ff665dbf7303805cc505276	calibration
dominant_to_calibration	confirmatory::Q73UB0	negative	dccb74d38eb5e7a9f23fe80d041bb156f74f05b1c460fdc8136e9dbd7d77d278	calibration
dominant_to_calibration	confirmatory::Q75JI3	negative	66982e869380038efc306798aae7ce2e1fae56c06d7dfce80d3e44d1d4b5c3dc	calibration
dominant_to_calibration	confirmatory::Q75WF2	positive	7274beeb432608e4b4eeea85ab6cf11fcacee396cb776b09e2215684825a166f	evaluation
dominant_to_calibration	confirmatory::Q75ZQ4	negative	ea060f244e352de2544b388f1abc1899258898681ff665dbf7303805cc505276	calibration
dominant_to_calibration	confirmatory::Q75ZQ5	negative	ea060f244e352de2544b388f1abc1899258898681ff665dbf7303805cc505276	calibration
dominant_to_calibration	confirmatory::Q761X5	negative	e1b95bb5b2d98418af04cd6abcaee2221a616a7e7b69327abdac2b834eba6f74	calibration
dominant_to_calibration	confirmatory::Q76KX0	negative	3f5913f7e3e5d5a0a685cebeb853633fcb01f74c67d49634fe5a5e33895c0619	calibration
dominant_to_calibration	confirmatory::Q76LA0	negative	e18b4e5fbde76978c2080f2894717f1f991e2dfb87f46a80f37a5cab5ea38ab0	evaluation
dominant_to_calibration	confirmatory::Q76U48	negative	97931beddc207ba01cef248f2779df9b4c5518304c731e63e1a28810c83ae314	evaluation
dominant_to_calibration	confirmatory::Q78EH2	negative	da1f730a80c0f0ed1f9303734404705fa18285380f99e8c78185dd847cf60b39	calibration
dominant_to_calibration	confirmatory::Q793F9	negative	12099ebff3efead5c06a18a835e5239edabab4ca79c6c9ba0c916ef443726217	evaluation
dominant_to_calibration	confirmatory::Q79VJ3	negative	ea060f244e352de2544b388f1abc1899258898681ff665dbf7303805cc505276	calibration
dominant_to_calibration	confirmatory::Q7DNA1	negative	4b9e7bea9ce8ee8ae94698ef8499017333c8e1e95a44680dba3be60d8618dc01	calibration
dominant_to_calibration	confirmatory::Q7FK82	negative	067ae74d42b596cec7582bf029fe09ab77e540f889181e76f7318d4806994969	evaluation
dominant_to_calibration	confirmatory::Q7K5M0	negative	b7bc7a1b22f24755fc3ef9a18c54714098fc8ff519f1234b4205f0b2c6a30739	evaluation
dominant_to_calibration	confirmatory::Q7K740	negative	9115b03cb3061d687b03fddc7be898a18890649d629080776e40a00b900bba11	calibration
dominant_to_calibration	confirmatory::Q7KN62	negative	199e5e746f1a78658450a2ba041b79aef49bbb4feb4fdafedee11b7288c9ede8	calibration
dominant_to_calibration	confirmatory::Q7KUD5	negative	2f9db5b8fc00d830c93f9b2ca68277e3c487d58252f4703b40bcbe4291ba46f3	evaluation
dominant_to_calibration	confirmatory::Q7L211	negative	67c02c2b2dac950c0572468b80c4cf3b39a6a28dc4a3e94b281e08f3b75adbb1	calibration
dominant_to_calibration	confirmatory::Q7M429	negative	e762a34e2879fb89badf3aefde610ff9d5414dd0791ef2899f47f15931593ae4	calibration
dominant_to_calibration	confirmatory::Q7M4G0	negative	34b41219611ac71b39f94001659d257ef301dc42fb86d0ab1b2396d000b25f11	evaluation
dominant_to_calibration	confirmatory::Q7M4G1	negative	34b41219611ac71b39f94001659d257ef301dc42fb86d0ab1b2396d000b25f11	evaluation
dominant_to_calibration	confirmatory::Q7MPY0	negative	d52af3aeba16f166910db4a02e939c6bcf3e5ff1879d6147eae4d668380d76f5	calibration
dominant_to_calibration	confirmatory::Q7N4Y9	negative	ea060f244e352de2544b388f1abc1899258898681ff665dbf7303805cc505276	calibration
dominant_to_calibration	confirmatory::Q7N8B1	positive	75c22060b44ebb972ae17635055b11849238e6fe69a2a1158e0a5a22c6abb094	evaluation
dominant_to_calibration	confirmatory::Q7NPW5	negative	d52af3aeba16f166910db4a02e939c6bcf3e5ff1879d6147eae4d668380d76f5	calibration
dominant_to_calibration	confirmatory::Q7Q3R9	positive	84aa9ee5daecce1e23fbd5cc279ceef27b9ee42dc5584dade8b6e3e24edba661	evaluation
dominant_to_calibration	confirmatory::Q7QIJ8	negative	c02d190086ca7e74d1e2ea37b6b529e289daf9cf9477c5f45cf995e77fae69ce	evaluation
dominant_to_calibration	confirmatory::Q7SHI0	negative	45ad65a9a1f270cc6da46266725a1aad0303b98c53ca247033931cf8c67da178	evaluation
dominant_to_calibration	confirmatory::Q7SY73	negative	56c839bfe860f6cc35f76b3271a1727683ddb45a364c32cc9b290abb6e0b446c	evaluation
dominant_to_calibration	confirmatory::Q7T291	negative	e1d839f381927b9a2033cd2376ea1dec270868532d82b0db04197ab80478009c	evaluation
dominant_to_calibration	confirmatory::Q7T2Z5	negative	e1b95bb5b2d98418af04cd6abcaee2221a616a7e7b69327abdac2b834eba6f74	calibration
dominant_to_calibration	confirmatory::Q7T3E4	negative	0979449cdc194fdff7dab96f55c2a10e5e5abd2d3843d67e604751e8e5fe90dd	evaluation
dominant_to_calibration	confirmatory::Q7T6X8	negative	057b3edc0fe8d2ae60665eefd3e06401ee7534504c8166be0b44751ef72be6a7	calibration
dominant_to_calibration	confirmatory::Q7TP65	negative	8b329edba81bc4bf77c0e6906a180e9e8756de0c47eaf4fa7419b66d30794d17	calibration
dominant_to_calibration	confirmatory::Q7TPA5	negative	a5ebffc2e2dbb22bd5322e5b7f495ec0102e8dba67dfdb8b96b9aa84fa7da6f3	evaluation
dominant_to_calibration	confirmatory::Q7TQP6	negative	0b485d24a77932509bf71e09abdcf7e581dadeda100054bf91d0e3d6a33b887d	calibration
dominant_to_calibration	confirmatory::Q7TSK7	negative	e1f387a1bafc4579889c1855a136ccd2f8aa68f73ce7b8d64a5020e68515edc8	evaluation
dominant_to_calibration	confirmatory::Q7TXK7	negative	d92fada7feca4c1cde83ce94c6a8fa940bb876766efac09bff27ee9a256a0ac2	calibration
dominant_to_calibration	confirmatory::Q7U3I3	negative	ea060f244e352de2544b388f1abc1899258898681ff665dbf7303805cc505276	calibration
dominant_to_calibration	confirmatory::Q7U3I5	negative	ea060f244e352de2544b388f1abc1899258898681ff665dbf7303805cc505276	calibration
dominant_to_calibration	confirmatory::Q7UG04	negative	dccb74d38eb5e7a9f23fe80d041bb156f74f05b1c460fdc8136e9dbd7d77d278	calibration
dominant_to_calibration	confirmatory::Q7V1B4	negative	ea060f244e352de2544b388f1abc1899258898681ff665dbf7303805cc505276	calibration
dominant_to_calibration	confirmatory::Q7V1B6	negative	ea060f244e352de2544b388f1abc1899258898681ff665dbf7303805cc505276	calibration
dominant_to_calibration	confirmatory::Q7VRS4	negative	ea060f244e352de2544b388f1abc1899258898681ff665dbf7303805cc505276	calibration
dominant_to_calibration	confirmatory::Q7VUD0	negative	ea060f244e352de2544b388f1abc1899258898681ff665dbf7303805cc505276	calibration
dominant_to_calibration	confirmatory::Q7VUD3	negative	ea060f244e352de2544b388f1abc1899258898681ff665dbf7303805cc505276	calibration
dominant_to_calibration	confirmatory::Q7W417	negative	ea060f244e352de2544b388f1abc1899258898681ff665dbf7303805cc505276	calibration
dominant_to_calibration	confirmatory::Q7WES8	negative	dccb74d38eb5e7a9f23fe80d041bb156f74f05b1c460fdc8136e9dbd7d77d278	calibration
dominant_to_calibration	confirmatory::Q7X8H9	negative	f7a616fde5389141c0e4c34abab3803332ab61f9588c2aa0912a794e89fe69e4	calibration
dominant_to_calibration	confirmatory::Q7XI08	negative	f8e37d19f25523ec43683dde16e6bc2d047a53804f0c2db7aa338029d3c6716c	evaluation
dominant_to_calibration	confirmatory::Q7XK25	negative	47075aafe6d2bac6e113584978b26f2f7857387210bec32ad7cf1bf1364b6c8c	calibration
dominant_to_calibration	confirmatory::Q7XMK0	negative	75a4d4983b92c6f2d61f0da10de61a0b3695ceb2866193fa2677419ef8d5e03a	evaluation
dominant_to_calibration	confirmatory::Q7XMK1	negative	75a4d4983b92c6f2d61f0da10de61a0b3695ceb2866193fa2677419ef8d5e03a	evaluation
dominant_to_calibration	confirmatory::Q7XQR9	negative	ae06a79fb0a3df6b735edf0b452366dd6bef01d4d1be6595c830072b310a4059	calibration
dominant_to_calibration	confirmatory::Q7XUN6	negative	067ae74d42b596cec7582bf029fe09ab77e540f889181e76f7318d4806994969	evaluation
dominant_to_calibration	confirmatory::Q7Y1Z0	negative	0938a8862515dbebeaa25ebc523df426c8e59a1f2e258d73b025e80dfbf4d1dc	evaluation
dominant_to_calibration	confirmatory::Q7YSW8	negative	80188e9791182b3a7d2f79c0e2ed86136b48ed6a049411d036b36313dbd8bbd5	calibration
dominant_to_calibration	confirmatory::Q7YT37	positive	118e446f0e497dcf4b52131c35b428bd1e3effda134fd2b75795f1ef6827d29c	evaluation
dominant_to_calibration	confirmatory::Q7Z156	negative	25545dadd80435581e74794c9216eeb66ace8228a86901b5932e62c7acee96bd	calibration
dominant_to_calibration	confirmatory::Q7Z3S9	negative	2e15cb2fc2f0449dac82dac687f594e94ca3244b833b3121d2dcc58df8ed7387	calibration
dominant_to_calibration	confirmatory::Q7ZU99	negative	199e5e746f1a78658450a2ba041b79aef49bbb4feb4fdafedee11b7288c9ede8	calibration
dominant_to_calibration	confirmatory::Q7ZZV4	negative	cd44ecfb0231fbe25976a913c1248001f954c4063e308617e008c4b65e1d218b	evaluation
dominant_to_calibration	confirmatory::Q802V6	negative	09a5c6daa4509edcd9a50cdcab8952c9c902cbc82772d0954acdce88324b4fe6	calibration
dominant_to_calibration	confirmatory::Q803L0	negative	623f3f0445ba3d68f7f0b01360d57379b68a4bd25c5f902822b41b66dfcdfc89	evaluation
dominant_to_calibration	confirmatory::Q805D4	negative	a0c3ddc016960caea03d37945f1c0eb2bf2912efea3e0306caa53534e5a7c121	calibration
dominant_to_calibration	confirmatory::Q805D7	negative	08528be7fd341aa6992306d6cc2dcd129232b8b4cd83081db737fc35b1f465a3	evaluation
dominant_to_calibration	confirmatory::Q805D8	negative	08528be7fd341aa6992306d6cc2dcd129232b8b4cd83081db737fc35b1f465a3	evaluation
dominant_to_calibration	confirmatory::Q80SY4	negative	f70cb94582b2b5f26bd61c66750ab3d3e81aadb1d68c2adff83370008ebf6e1c	calibration
dominant_to_calibration	confirmatory::Q80UU1	negative	91c2894864d032b2893163dae4279c6a5eddbb3c7de724d55226dc3410728a9c	evaluation
dominant_to_calibration	confirmatory::Q80VM7	negative	e4390a65d2b451a22ddc10e0472e54fd270c5699aa0c1fa810fd77b5259eea02	evaluation
dominant_to_calibration	confirmatory::Q80W65	negative	1bb7a69c5ac8dff09d9743d7de36e3db00db59e8de64893c6df4fc99ac9601d3	evaluation
dominant_to_calibration	confirmatory::Q80XL7	negative	c95ef386e0d3ba468fdb2900eacedffdfe47c9718cfd81d7f547bcab79cd73cf	calibration
dominant_to_calibration	confirmatory::Q80Y72	negative	e762a34e2879fb89badf3aefde610ff9d5414dd0791ef2899f47f15931593ae4	calibration
dominant_to_calibration	confirmatory::Q80YU0	negative	19e73a82bf4cb2521cfe2b344a15acf1f9bc96fc692b16e9e3b365f8c7af5ab6	calibration
dominant_to_calibration	confirmatory::Q80Z32	negative	72cb9fee1f9973e32bfa12f20c8173839167e61b5269a4617fc576f7404699c4	calibration
dominant_to_calibration	confirmatory::Q80ZA0	negative	65ee5a678e3df03b66915068a451d63c9cf38bf313f16c4cae674fd4276713a9	evaluation
dominant_to_calibration	confirmatory::Q80ZC8	negative	e24a691fb2448443c4d3fcbb41e94466d536bd9b8f81edea7365c9d57658611a	evaluation
dominant_to_calibration	confirmatory::Q80ZN5	negative	fd33bdbb28aba26af0cacd5382e9ee346d0f7091b73162b33ac4bd88361c17b1	evaluation
dominant_to_calibration	confirmatory::Q810Z1	negative	ba172a80ecf2aaaa97f93908c351e3dde0731394bbda0d8dbd7aa992cb790e0f	evaluation
dominant_to_calibration	confirmatory::Q811M5	negative	ba4d2614b5e550635440f4c6525e8134022aee773ce7679090791bd84dd97e71	evaluation
dominant_to_calibration	confirmatory::Q812B2	negative	4ae39a961aa8b655e076d2a3ace8a73a45304f12885c4a58fd5edc3af65754c5	evaluation
dominant_to_calibration	confirmatory::Q826R9	negative	ea060f244e352de2544b388f1abc1899258898681ff665dbf7303805cc505276	calibration
dominant_to_calibration	confirmatory::Q826S1	negative	ea060f244e352de2544b388f1abc1899258898681ff665dbf7303805cc505276	calibration
dominant_to_calibration	confirmatory::Q82JN8	negative	ea060f244e352de2544b388f1abc1899258898681ff665dbf7303805cc505276	calibration
dominant_to_calibration	confirmatory::Q82SL8	negative	d52af3aeba16f166910db4a02e939c6bcf3e5ff1879d6147eae4d668380d76f5	calibration
dominant_to_calibration	confirmatory::Q83730	negative	01f3a8b24f4b4460a56cfeb27f3ca3a4b08aa281613d575746b64434f616b987	evaluation
dominant_to_calibration	confirmatory::Q838U8	positive	589d234c7163da9c8a3042ac7bb2b8ef27df5391ceea7fbd9acbce813c590b23	evaluation
dominant_to_calibration	confirmatory::Q83RI9	negative	623f3f0445ba3d68f7f0b01360d57379b68a4bd25c5f902822b41b66dfcdfc89	evaluation
dominant_to_calibration	confirmatory::Q83U21	negative	ea060f244e352de2544b388f1abc1899258898681ff665dbf7303805cc505276	calibration
dominant_to_calibration	confirmatory::Q83WC8	negative	4da363a0ba276eafe635d84d1b81e46c4bac3b404865716eba9e051acd5578f3	calibration
dominant_to_calibration	confirmatory::Q84C00	negative	b50108bd06e279382f88116b4ac767ee52e992f299c68bd014bf1aba3d146df7	calibration
dominant_to_calibration	confirmatory::Q84K11	negative	8e22b1d2d0b6eb1e1e5fa4778be233170412d5e999828aaf14773086e528164b	evaluation
dominant_to_calibration	confirmatory::Q84LR6	negative	35fb562852952c09ea18952cafc9064066586aa02b57befdd329c08c3ac2a0f2	calibration
dominant_to_calibration	confirmatory::Q84N29	negative	34efdb7da6465528647a3456cde08984bda0ce26aa0261df4c8efe316d3e0938	evaluation
dominant_to_calibration	confirmatory::Q84XU2	negative	8e22b1d2d0b6eb1e1e5fa4778be233170412d5e999828aaf14773086e528164b	evaluation
dominant_to_calibration	confirmatory::Q85339	negative	d1c310bf0ba6d0096f9d7112c268048f8ec36ff308e6ee6aed1e927cb41d53a5	evaluation
dominant_to_calibration	confirmatory::Q862Z5	negative	e18b4e5fbde76978c2080f2894717f1f991e2dfb87f46a80f37a5cab5ea38ab0	evaluation
dominant_to_calibration	confirmatory::Q863A0	negative	bc915c1c28ec405395a99c2ecfb7d27da28c273f79648ff3c9d1f724acfa6d1b	calibration
dominant_to_calibration	confirmatory::Q864W0	negative	bc915c1c28ec405395a99c2ecfb7d27da28c273f79648ff3c9d1f724acfa6d1b	calibration
dominant_to_calibration	confirmatory::Q867X2	negative	d1c6ab564afa4059f4195e330c3f3d2fa72e6c258ca03ccbdb0ec294d4b10bcb	calibration
dominant_to_calibration	confirmatory::Q867X3	negative	d1c6ab564afa4059f4195e330c3f3d2fa72e6c258ca03ccbdb0ec294d4b10bcb	calibration
dominant_to_calibration	confirmatory::Q86GC9	negative	d1c6ab564afa4059f4195e330c3f3d2fa72e6c258ca03ccbdb0ec294d4b10bcb	calibration
dominant_to_calibration	confirmatory::Q86SG2	negative	8992e1d38e2126575c76a9ffff1f17206072df85161868ff3b28419336c5d6f5	calibration
dominant_to_calibration	confirmatory::Q86TH1	negative	e1f387a1bafc4579889c1855a136ccd2f8aa68f73ce7b8d64a5020e68515edc8	evaluation
dominant_to_calibration	confirmatory::Q86WA8	negative	6575fe00f3ccdc3a9bcd22237c35b4067cd150571930ca1e7aa9a8e6117d5536	calibration
dominant_to_calibration	confirmatory::Q86XH1	negative	fb8b88e9d652a00587929c0bc64dfa3cbf394e363fd2a77b9c53d8d810513488	evaluation
dominant_to_calibration	confirmatory::Q86XS5	negative	450882407bb31af420e3fb498b86045252de225bcb0bc544cb192820b36d6e90	evaluation
dominant_to_calibration	confirmatory::Q86YT6	negative	f70cb94582b2b5f26bd61c66750ab3d3e81aadb1d68c2adff83370008ebf6e1c	calibration
dominant_to_calibration	confirmatory::Q86YW7	negative	4ae39a961aa8b655e076d2a3ace8a73a45304f12885c4a58fd5edc3af65754c5	evaluation
dominant_to_calibration	confirmatory::Q87BG9	negative	dccb74d38eb5e7a9f23fe80d041bb156f74f05b1c460fdc8136e9dbd7d77d278	calibration
dominant_to_calibration	confirmatory::Q87VP0	negative	ea060f244e352de2544b388f1abc1899258898681ff665dbf7303805cc505276	calibration
dominant_to_calibration	confirmatory::Q87VP4	negative	ea060f244e352de2544b388f1abc1899258898681ff665dbf7303805cc505276	calibration
dominant_to_calibration	confirmatory::Q883F3	negative	ea060f244e352de2544b388f1abc1899258898681ff665dbf7303805cc505276	calibration
dominant_to_calibration	confirmatory::Q88CT3	negative	dccb74d38eb5e7a9f23fe80d041bb156f74f05b1c460fdc8136e9dbd7d77d278	calibration
dominant_to_calibration	confirmatory::Q88J04	negative	ea060f244e352de2544b388f1abc1899258898681ff665dbf7303805cc505276	calibration
dominant_to_calibration	confirmatory::Q88J06	negative	ea060f244e352de2544b388f1abc1899258898681ff665dbf7303805cc505276	calibration
dominant_to_calibration	confirmatory::Q89UG0	negative	ea060f244e352de2544b388f1abc1899258898681ff665dbf7303805cc505276	calibration
dominant_to_calibration	confirmatory::Q89UG3	negative	ea060f244e352de2544b388f1abc1899258898681ff665dbf7303805cc505276	calibration
dominant_to_calibration	confirmatory::Q8AVK2	negative	623f3f0445ba3d68f7f0b01360d57379b68a4bd25c5f902822b41b66dfcdfc89	evaluation
dominant_to_calibration	confirmatory::Q8AYA2	negative	87d425c65ac584d5e4c581986c739f7692b2578e446bf382551a86cc21557ecd	calibration
dominant_to_calibration	confirmatory::Q8BFS3	negative	f31157ce31d0ea78e44180490f60aee1f7d653cda777a6f9f25fd735279904c3	evaluation
dominant_to_calibration	confirmatory::Q8BFS6	negative	2effb38671bc2634c238898a79d72badc589944ae47dd3baa503aa88e04f6abf	calibration
dominant_to_calibration	confirmatory::Q8BH35	negative	ba4d2614b5e550635440f4c6525e8134022aee773ce7679090791bd84dd97e71	evaluation
dominant_to_calibration	confirmatory::Q8BIW9	negative	bec95fdc3d8ce8d3ec70198b1318d6fa5a8e5c829db77431810c64580fcb3249	evaluation
dominant_to_calibration	confirmatory::Q8BM14	negative	d291e2f780ccae734f1044ab8a8bdd51fabac2c2899aa59af35fb22c772d8b01	evaluation
dominant_to_calibration	confirmatory::Q8BMY7	negative	3e16de24ba7ef3afc3657d7c3ad20a74aacd37216bdb9be6736376443b010e65	calibration
dominant_to_calibration	confirmatory::Q8BPY9	negative	725376337385731c27c04b3295d4b5d7c66d2e8cbf129aaea87ba3f5efc0a84e	evaluation
dominant_to_calibration	confirmatory::Q8BRU4	negative	1685ecb71d61fd59201bf6df9b9d74f1b875d2b3c7ae7937a71e8e49c0ae4040	calibration
dominant_to_calibration	confirmatory::Q8BX02	negative	025fe66b9459a9368bbbc7e07ac2d8f2d812ba27ec9e250c1a574f49089748b0	calibration
dominant_to_calibration	confirmatory::Q8BX37	negative	bb6ceea07e989d80c137788cdbdfd634ab9becd492e572919974a7e2ecc7bc23	calibration
dominant_to_calibration	confirmatory::Q8C0T1	negative	985193d7f0646ab5a63192350c4470719b706bcc5f16b43f74211a4adfe4c1c1	calibration
dominant_to_calibration	confirmatory::Q8C1T8	negative	e73c96ea43f7190ef92adf35894e2eb0a0c6332b069837b46e96d09e4da1989a	calibration
dominant_to_calibration	confirmatory::Q8CEF1	negative	985193d7f0646ab5a63192350c4470719b706bcc5f16b43f74211a4adfe4c1c1	calibration
dominant_to_calibration	confirmatory::Q8CEK3	negative	6b0ebc54dfc64f7e2c289708b3968aada03a867dbdba2a8bd6abfebd1ad576b8	calibration
dominant_to_calibration	confirmatory::Q8CF98	negative	87d425c65ac584d5e4c581986c739f7692b2578e446bf382551a86cc21557ecd	calibration
dominant_to_calibration	confirmatory::Q8CG07	negative	eb784fe0c0bd1af88d8d8e4e799942cb5d28c2f372de6283f1a431286a50f6d1	evaluation
dominant_to_calibration	confirmatory::Q8CG16	negative	f31f934f123b8eb5e7b55919d21a17ee0061501c26e26a51565ecb85805bc123	calibration
dominant_to_calibration	confirmatory::Q8CGK3	negative	6575fe00f3ccdc3a9bcd22237c35b4067cd150571930ca1e7aa9a8e6117d5536	calibration
dominant_to_calibration	confirmatory::Q8CI19	negative	48fadceb80cfd90014d08e9e8740e497fa640f4924ca1fd8a785996abf5484db	evaluation
dominant_to_calibration	confirmatory::Q8CIE0	negative	a5ebffc2e2dbb22bd5322e5b7f495ec0102e8dba67dfdb8b96b9aa84fa7da6f3	evaluation
dominant_to_calibration	confirmatory::Q8CIV3	negative	c8fadbacef3136177f2b23b2baf3dcd95afd7d6b4bd2d228911c955e1a12428c	evaluation
dominant_to_calibration	confirmatory::Q8CJC7	negative	e24a691fb2448443c4d3fcbb41e94466d536bd9b8f81edea7365c9d57658611a	evaluation
dominant_to_calibration	confirmatory::Q8CNC9	negative	ea060f244e352de2544b388f1abc1899258898681ff665dbf7303805cc505276	calibration
dominant_to_calibration	confirmatory::Q8E8N6	negative	d52af3aeba16f166910db4a02e939c6bcf3e5ff1879d6147eae4d668380d76f5	calibration
dominant_to_calibration	confirmatory::Q8FQX2	negative	ea060f244e352de2544b388f1abc1899258898681ff665dbf7303805cc505276	calibration
dominant_to_calibration	confirmatory::Q8FRT0	negative	dccb74d38eb5e7a9f23fe80d041bb156f74f05b1c460fdc8136e9dbd7d77d278	calibration
dominant_to_calibration	confirmatory::Q8FZW2	negative	ea060f244e352de2544b388f1abc1899258898681ff665dbf7303805cc505276	calibration
dominant_to_calibration	confirmatory::Q8FZW4	negative	ea060f244e352de2544b388f1abc1899258898681ff665dbf7303805cc505276	calibration
dominant_to_calibration	confirmatory::Q8G2P8	negative	ea060f244e352de2544b388f1abc1899258898681ff665dbf7303805cc505276	calibration
dominant_to_calibration	confirmatory::Q8G2Q0	negative	ea060f244e352de2544b388f1abc1899258898681ff665dbf7303805cc505276	calibration
dominant_to_calibration	confirmatory::Q8GB88	negative	73a05a93bea8e2d37f0e210c5efe86121e1f152114b6f567634760ca5e6f5842	calibration
dominant_to_calibration	confirmatory::Q8GH98	negative	ea060f244e352de2544b388f1abc1899258898681ff665dbf7303805cc505276	calibration
dominant_to_calibration	confirmatory::Q8GHL1	negative	d52af3aeba16f166910db4a02e939c6bcf3e5ff1879d6147eae4d668380d76f5	calibration
dominant_to_calibration	confirmatory::Q8GUD7	negative	4b9e7bea9ce8ee8ae94698ef8499017333c8e1e95a44680dba3be60d8618dc01	calibration
dominant_to_calibration	confirmatory::Q8GUK4	negative	0d9f327b1073890bfb36e5ee168a06ee2714bac452b116df3ae13f3e08179c5f	calibration
dominant_to_calibration	confirmatory::Q8GWW6	negative	d017fd0721e73202cadd9ae3298bfac8bb3fb75187118a3bf8c61e4be5e4e8e8	evaluation
dominant_to_calibration	confirmatory::Q8GWX9	negative	0d9f327b1073890bfb36e5ee168a06ee2714bac452b116df3ae13f3e08179c5f	calibration
dominant_to_calibration	confirmatory::Q8GYH5	negative	caaa2c3ab855acefea9a62b0d41d80803b2b6ffd59d23735cc8d52eca9a86a52	calibration
dominant_to_calibration	confirmatory::Q8H129	negative	9fcb35c35fea51a2a10d2b05454d0c6c3ffaa3abfa40e228e32ed2d281fd9381	evaluation
dominant_to_calibration	confirmatory::Q8H1R2	negative	b7682d2fa96fd4bc296ae4e4c223de1003e0422db7e6a0bfbec23a561e9d43a9	calibration
dominant_to_calibration	confirmatory::Q8H4L8	negative	f7a616fde5389141c0e4c34abab3803332ab61f9588c2aa0912a794e89fe69e4	calibration
dominant_to_calibration	confirmatory::Q8H5F8	negative	e1d839f381927b9a2033cd2376ea1dec270868532d82b0db04197ab80478009c	evaluation
dominant_to_calibration	confirmatory::Q8HXV2	negative	2ca3559869bf73bf1369b0778046227fe36990704ef03e92e809601ac40ebe65	evaluation
dominant_to_calibration	confirmatory::Q8HY17	negative	f31157ce31d0ea78e44180490f60aee1f7d653cda777a6f9f25fd735279904c3	evaluation
dominant_to_calibration	confirmatory::Q8HY83	negative	cd44ecfb0231fbe25976a913c1248001f954c4063e308617e008c4b65e1d218b	evaluation
dominant_to_calibration	confirmatory::Q8HY84	negative	cd44ecfb0231fbe25976a913c1248001f954c4063e308617e008c4b65e1d218b	evaluation
dominant_to_calibration	confirmatory::Q8HZR9	negative	cd44ecfb0231fbe25976a913c1248001f954c4063e308617e008c4b65e1d218b	evaluation
dominant_to_calibration	confirmatory::Q8I030	negative	e18b4e5fbde76978c2080f2894717f1f991e2dfb87f46a80f37a5cab5ea38ab0	evaluation
dominant_to_calibration	confirmatory::Q8I0V0	negative	8e5a796ba82885cd75cc418837f05303b492fb3ec6b59865c2d21255824472b0	evaluation
dominant_to_calibration	confirmatory::Q8I2X3	negative	3b99f0cf59f08b6a265a70fed99eda7eb585fc5001534da616b88d23be993d30	evaluation
dominant_to_calibration	confirmatory::Q8I430	negative	620efddef2a5a6a2b7b9e6df874cdd18e3b8c033a4df2440b6108ef0d537700e	evaluation
dominant_to_calibration	confirmatory::Q8IUS5	negative	2eecc744c786b9108557788352fd5794355c754b0934c0f099e6c21ad6cf8672	calibration
dominant_to_calibration	confirmatory::Q8IVF6	negative	8992e1d38e2126575c76a9ffff1f17206072df85161868ff3b28419336c5d6f5	calibration
dominant_to_calibration	confirmatory::Q8IWL1	negative	87d425c65ac584d5e4c581986c739f7692b2578e446bf382551a86cc21557ecd	calibration
dominant_to_calibration	confirmatory::Q8IX05	negative	8bee7dc94cfa5f8719cc9b73651a6268cfd5276d4851cf1d4d37f8363db75bd0	evaluation
dominant_to_calibration	confirmatory::Q8IYT4	negative	23d5a3bd524d30d0ed03bfe373885d5527e4035c98c411d13a9667a063013c6e	calibration
dominant_to_calibration	confirmatory::Q8IZJ1	negative	e1b95bb5b2d98418af04cd6abcaee2221a616a7e7b69327abdac2b834eba6f74	calibration
dominant_to_calibration	confirmatory::Q8J0D7	negative	afc28802fff11b2e2d1ded4ef2f20fb595c131fd12dc5efbd409170424be582b	evaluation
dominant_to_calibration	confirmatory::Q8J0D8	negative	1bb7a69c5ac8dff09d9743d7de36e3db00db59e8de64893c6df4fc99ac9601d3	evaluation
dominant_to_calibration	confirmatory::Q8JGT4	negative	e1b95bb5b2d98418af04cd6abcaee2221a616a7e7b69327abdac2b834eba6f74	calibration
dominant_to_calibration	confirmatory::Q8JHE1	positive	53478964ae31d34c45fc4692f8cade38feae54a2db88d8a24c05cf867cdc2682	evaluation
dominant_to_calibration	confirmatory::Q8JZM4	negative	fbf819187da9d392c0824c03a40165a05b2f212af89671b409a367f3118fcfd4	evaluation
dominant_to_calibration	confirmatory::Q8JZQ2	negative	583013e8e1e3f251647e55dd2b6aecaf7abf80b61775aa3433410c90a8c4b301	evaluation
dominant_to_calibration	confirmatory::Q8K009	negative	931ab9bceb3d00092439c252651cf7642dfe2c2e50cfc6cb076f40a5ad76ebfe	calibration
dominant_to_calibration	confirmatory::Q8K0E8	negative	450882407bb31af420e3fb498b86045252de225bcb0bc544cb192820b36d6e90	evaluation
dominant_to_calibration	confirmatory::Q8K0L0	negative	eafcdece930d9b2f899de45e12c2e75c2126969c2d21c3b4aaf532e256438a94	evaluation
dominant_to_calibration	confirmatory::Q8K0T4	negative	794a155dc5d6a4333e7c3f64f71a96bc7d6cff28650fa8bcc5d70a3932053113	calibration
dominant_to_calibration	confirmatory::Q8K182	negative	ba4d2614b5e550635440f4c6525e8134022aee773ce7679090791bd84dd97e71	evaluation
dominant_to_calibration	confirmatory::Q8K1E3	negative	389ad42570c89a23dada5ba64aad3e0bd24cb5b88b1fc4a23e5d29f2508b4cfc	evaluation
dominant_to_calibration	confirmatory::Q8K1H9	negative	5892961fd93913083308b146da1de4c67d025258b98b350e84083bba8418fbd1	calibration
dominant_to_calibration	confirmatory::Q8K1S2	negative	e1b95bb5b2d98418af04cd6abcaee2221a616a7e7b69327abdac2b834eba6f74	calibration
dominant_to_calibration	confirmatory::Q8K1S3	negative	e1b95bb5b2d98418af04cd6abcaee2221a616a7e7b69327abdac2b834eba6f74	calibration
dominant_to_calibration	confirmatory::Q8K2A6	negative	d291e2f780ccae734f1044ab8a8bdd51fabac2c2899aa59af35fb22c772d8b01	evaluation
dominant_to_calibration	confirmatory::Q8K3F2	negative	d498470a61783f09b7f843ca3a7c66a02ba48e4ab1c44629ca47394b33753185	calibration
dominant_to_calibration	confirmatory::Q8K4F5	negative	0117c31c5e8a946d348c2967069bc984bdac99ef7914e687858f626281ab9502	calibration
dominant_to_calibration	confirmatory::Q8K5A3	negative	fd33bdbb28aba26af0cacd5382e9ee346d0f7091b73162b33ac4bd88361c17b1	evaluation
dominant_to_calibration	confirmatory::Q8L774	negative	17c5cdf854841c57627d4065c2fb1da25dd89f52db782170e8733ba229578524	calibration
dominant_to_calibration	confirmatory::Q8L7D2	negative	0d9f327b1073890bfb36e5ee168a06ee2714bac452b116df3ae13f3e08179c5f	calibration
dominant_to_calibration	confirmatory::Q8L7I2	negative	0d9f327b1073890bfb36e5ee168a06ee2714bac452b116df3ae13f3e08179c5f	calibration
dominant_to_calibration	confirmatory::Q8L7U5	negative	369890e1b4fdd3f4d633bc750ce4706bc6a1c2d11deb58e010bd3f44230852d0	evaluation
dominant_to_calibration	confirmatory::Q8LC76	negative	59a7c73ad4f71325dc069b3b56a6706bf834b27f6842c0393bb71d87efb0b3c8	calibration
dominant_to_calibration	confirmatory::Q8LFX7	negative	0e4c38eb4f51a7eb91cc769f4711116524ea8b7fdc196854106f65a38ca035fd	evaluation
dominant_to_calibration	confirmatory::Q8LSN3	negative	369890e1b4fdd3f4d633bc750ce4706bc6a1c2d11deb58e010bd3f44230852d0	evaluation
dominant_to_calibration	confirmatory::Q8LW54	positive	37f02d3111e59d804f9d69b99986ded5655f6d0ef5067b0464f5243695f15931	evaluation
dominant_to_calibration	confirmatory::Q8MHY9	negative	e24a691fb2448443c4d3fcbb41e94466d536bd9b8f81edea7365c9d57658611a	evaluation
dominant_to_calibration	confirmatory::Q8MJ25	negative	0e86e9e3943105f0c02e336cf49e66419fe7933b4a9c56997c7bb8035f3c7a0a	evaluation
dominant_to_calibration	confirmatory::Q8MJ47	negative	369890e1b4fdd3f4d633bc750ce4706bc6a1c2d11deb58e010bd3f44230852d0	evaluation
dominant_to_calibration	confirmatory::Q8MNV0	negative	9be8126a2dbfcd7513074efb8f97e42b52a270b713971328a72dcad11b7a1f84	evaluation
dominant_to_calibration	confirmatory::Q8MTX1	positive	14a9ac40eaceae70a4b71ad61b8db8469f7f9779dea3dab886c85d36418536ea	evaluation
dominant_to_calibration	confirmatory::Q8MUC1	negative	34b41219611ac71b39f94001659d257ef301dc42fb86d0ab1b2396d000b25f11	evaluation
dominant_to_calibration	confirmatory::Q8MVB6	negative	121c706e5f753d5a8d0d9bea281aff274d1814d3807067d9449e0c68886fc649	evaluation
dominant_to_calibration	confirmatory::Q8MZS4	negative	c8bc632faaa2dd7e9e07420c2893908d6cabe65710e6f1a8676bef0b20dead16	evaluation
dominant_to_calibration	confirmatory::Q8N119	negative	d498470a61783f09b7f843ca3a7c66a02ba48e4ab1c44629ca47394b33753185	calibration
dominant_to_calibration	confirmatory::Q8N2K0	negative	86a5c1bfc5908ede8123b1f6c7156fccf03d9d9b70f3f68acd76dfc146e5b158	evaluation
dominant_to_calibration	confirmatory::Q8N539	negative	450882407bb31af420e3fb498b86045252de225bcb0bc544cb192820b36d6e90	evaluation
dominant_to_calibration	confirmatory::Q8N6D5	negative	eafcdece930d9b2f899de45e12c2e75c2126969c2d21c3b4aaf532e256438a94	evaluation
dominant_to_calibration	confirmatory::Q8NB90	negative	8a197d437b2ed3f57cde15631f22ea706290f01c5bf63619c8cfac5603ce0c5b	calibration
dominant_to_calibration	confirmatory::Q8NBP7	negative	1bb7a69c5ac8dff09d9743d7de36e3db00db59e8de64893c6df4fc99ac9601d3	evaluation
dominant_to_calibration	confirmatory::Q8NBU5	negative	9be8126a2dbfcd7513074efb8f97e42b52a270b713971328a72dcad11b7a1f84	evaluation
dominant_to_calibration	confirmatory::Q8NC01	negative	5100135a2ea4cd6b7a1226eb53e0d5e29b1cae157b05dd88784eb1e24d12e028	evaluation
dominant_to_calibration	confirmatory::Q8NER1	negative	36dec6c60a72d94ff56ec694716245de514abc69b61f3fd1ef27385953643515	evaluation
dominant_to_calibration	confirmatory::Q8NET8	negative	36dec6c60a72d94ff56ec694716245de514abc69b61f3fd1ef27385953643515	evaluation
dominant_to_calibration	confirmatory::Q8NFD2	negative	e40e5a97f978e87eb31841d32a3b6a044996ab2648cd670c3a7ae8fd06c18b2a	calibration
dominant_to_calibration	confirmatory::Q8NFT8	negative	fbf819187da9d392c0824c03a40165a05b2f212af89671b409a367f3118fcfd4	evaluation
dominant_to_calibration	confirmatory::Q8NFV4	negative	0117c31c5e8a946d348c2967069bc984bdac99ef7914e687858f626281ab9502	calibration
dominant_to_calibration	confirmatory::Q8NI99	negative	450882407bb31af420e3fb498b86045252de225bcb0bc544cb192820b36d6e90	evaluation
dominant_to_calibration	confirmatory::Q8NKB0	negative	22ee75680ec597ef719d4a4b357195095a11165b38d50162b311687143b0223e	evaluation
dominant_to_calibration	confirmatory::Q8NVK6	positive	8b8bf1aa4e7614c9f44c85965291b70750fd2c1e61e643370dc305481d0d2dd7	evaluation
dominant_to_calibration	confirmatory::Q8P6V8	negative	f1c7e5fc0432474e02581c89634e817de0cafa3ab55ed92d2449843a80845f7d	calibration
dominant_to_calibration	confirmatory::Q8P8L2	negative	dccb74d38eb5e7a9f23fe80d041bb156f74f05b1c460fdc8136e9dbd7d77d278	calibration
dominant_to_calibration	confirmatory::Q8PDF3	negative	d52af3aeba16f166910db4a02e939c6bcf3e5ff1879d6147eae4d668380d76f5	calibration
dominant_to_calibration	confirmatory::Q8QN36	negative	66c215f4c00ea1084b26825a9fb78d1bc6be6e590610d601da0e7e3faa29726f	evaluation
dominant_to_calibration	confirmatory::Q8R0P8	negative	d2d18a2bc9017c988a97041e7913c4a22389f8f47b279d83b86b94462d23e94f	evaluation
dominant_to_calibration	confirmatory::Q8R0Z6	negative	450882407bb31af420e3fb498b86045252de225bcb0bc544cb192820b36d6e90	evaluation
dominant_to_calibration	confirmatory::Q8R164	negative	5aac6e9a2d98a33fb0a4b7dee86a113c40d67c70baa22a63660492ead4781d35	calibration
dominant_to_calibration	confirmatory::Q8R1Q3	negative	450882407bb31af420e3fb498b86045252de225bcb0bc544cb192820b36d6e90	evaluation
dominant_to_calibration	confirmatory::Q8R2Y0	negative	56c839bfe860f6cc35f76b3271a1727683ddb45a364c32cc9b290abb6e0b446c	evaluation
dominant_to_calibration	confirmatory::Q8R516	negative	f70cb94582b2b5f26bd61c66750ab3d3e81aadb1d68c2adff83370008ebf6e1c	calibration
dominant_to_calibration	confirmatory::Q8RPY7	negative	ea060f244e352de2544b388f1abc1899258898681ff665dbf7303805cc505276	calibration
dominant_to_calibration	confirmatory::Q8RR56	negative	73a05a93bea8e2d37f0e210c5efe86121e1f152114b6f567634760ca5e6f5842	calibration
dominant_to_calibration	confirmatory::Q8RY16	negative	199e5e746f1a78658450a2ba041b79aef49bbb4feb4fdafedee11b7288c9ede8	calibration
dominant_to_calibration	confirmatory::Q8RYE7	negative	eb85637eb8a3dcfa0688f0ce39ddbef7c38775a667e3c17295d08b1fe44192ff	calibration
dominant_to_calibration	confirmatory::Q8S341	negative	9fcb35c35fea51a2a10d2b05454d0c6c3ffaa3abfa40e228e32ed2d281fd9381	evaluation
dominant_to_calibration	confirmatory::Q8SQ74	negative	bc915c1c28ec405395a99c2ecfb7d27da28c273f79648ff3c9d1f724acfa6d1b	calibration
dominant_to_calibration	confirmatory::Q8SQJ3	negative	1bb7a69c5ac8dff09d9743d7de36e3db00db59e8de64893c6df4fc99ac9601d3	evaluation
dominant_to_calibration	confirmatory::Q8SS86	negative	7d6392b0ba8db31b20547d07b37d3bbf75536461d9193d47479402f143afcfc2	evaluation
dominant_to_calibration	confirmatory::Q8T2Q0	negative	6503f3c2ca0fb4e95390012ed69b1fb1d5d5f7a31af91d07fb8fe95a396b301c	calibration
dominant_to_calibration	confirmatory::Q8TB40	negative	af3e8151ef08d08d21f26d1cce1ca2ed2dedc203bc8d13dcabd9823b27fc65d9	evaluation
dominant_to_calibration	confirmatory::Q8U1N9	negative	5b772c22701f0d076621b0826473cdb17006fa0a3ef22f74498598af4a911a3c	calibration
dominant_to_calibration	confirmatory::Q8UCS6	negative	ea060f244e352de2544b388f1abc1899258898681ff665dbf7303805cc505276	calibration
dominant_to_calibration	confirmatory::Q8UVC1	negative	eafcdece930d9b2f899de45e12c2e75c2126969c2d21c3b4aaf532e256438a94	evaluation
dominant_to_calibration	confirmatory::Q8UWJ4	negative	24371bf2d6df09880740ab51a10a679536679e6846c484a18360798d6fe47647	calibration
dominant_to_calibration	confirmatory::Q8V790	positive	6e1c7fc2c53787dfc6ef24f1d7c4e6e16e39c250b699d5d114a6ad6022734e00	evaluation
dominant_to_calibration	confirmatory::Q8VBX1	negative	82e1c2f759ec8bf899994b4553b7d3cc20a8d7c5d625a051f6b6104ee4a7005f	calibration
dominant_to_calibration	confirmatory::Q8VCC9	negative	ba85e063659590c5598badecc804b13408c0b5ad0ce54fdcaa07150c828d2cc2	calibration
dominant_to_calibration	confirmatory::Q8VCG4	negative	fff12e77db30d8d5054c219a61e7eadca02694fd845a38e729300f128215237b	evaluation
dominant_to_calibration	confirmatory::Q8VCM7	negative	450882407bb31af420e3fb498b86045252de225bcb0bc544cb192820b36d6e90	evaluation
dominant_to_calibration	confirmatory::Q8VD66	negative	af3e8151ef08d08d21f26d1cce1ca2ed2dedc203bc8d13dcabd9823b27fc65d9	evaluation
dominant_to_calibration	confirmatory::Q8VD98	negative	8b82ebf287b833af4d036924547c8249a2374ba8620909e97c73d9f10372ee04	calibration
dominant_to_calibration	confirmatory::Q8VE42	negative	261a6618de99ec52cce354ff1fb7ea9ac61d67dd443c77f10bddaf1854cedcbe	calibration
dominant_to_calibration	confirmatory::Q8VEJ9	negative	12099ebff3efead5c06a18a835e5239edabab4ca79c6c9ba0c916ef443726217	evaluation
dominant_to_calibration	confirmatory::Q8VHA6	negative	c41d4630e15f544ec84135758669bfdc604402cb0e775eafe26b38f9a53a251e	calibration
dominant_to_calibration	confirmatory::Q8VHS6	negative	eafcdece930d9b2f899de45e12c2e75c2126969c2d21c3b4aaf532e256438a94	evaluation
dominant_to_calibration	confirmatory::Q8VI78	negative	f65f268cda29366bb13f1b7087e9b249a64aeb6cb18e487923e1b256252c74c8	evaluation
dominant_to_calibration	confirmatory::Q8VIH8	negative	2c14df6328ed08d651ce5cff3d704d82078c6ad2a943af69e7875773d0d905c0	calibration
dominant_to_calibration	confirmatory::Q8VII2	negative	2c14df6328ed08d651ce5cff3d704d82078c6ad2a943af69e7875773d0d905c0	calibration
dominant_to_calibration	confirmatory::Q8VII3	negative	2c14df6328ed08d651ce5cff3d704d82078c6ad2a943af69e7875773d0d905c0	calibration
dominant_to_calibration	confirmatory::Q8VSL8	positive	65f2ed0421b6bdbfa41a8121f9b4c5ebb49daa01ea75e8a2e9ae033efb32bad8	evaluation
dominant_to_calibration	confirmatory::Q8VTT5	negative	73cf2d48a2f8c7e96c435c3cce7b83bbe910ca94b15604105d64a64642545787	evaluation
dominant_to_calibration	confirmatory::Q8VYU7	negative	9fcb35c35fea51a2a10d2b05454d0c6c3ffaa3abfa40e228e32ed2d281fd9381	evaluation
dominant_to_calibration	confirmatory::Q8VZG2	negative	9d1ce9c34f18c4a991bffbd7874496abf9a31460a25d02efc7ac12f5dc25212e	evaluation
dominant_to_calibration	confirmatory::Q8W585	negative	b587bef3e5d94148fb6edeb8462e56d2a1573d0e113db913c44f4bfefa67c9fa	evaluation
dominant_to_calibration	confirmatory::Q8WMH2	negative	94eed5f9afee717f0451373fbe563f2f7e9a24ce9e27f65409c8993472bcd1f1	calibration
dominant_to_calibration	confirmatory::Q8WMS6	negative	369890e1b4fdd3f4d633bc750ce4706bc6a1c2d11deb58e010bd3f44230852d0	evaluation
dominant_to_calibration	confirmatory::Q8WMX7	negative	fda4691ac7474afa1416f69875bb1ae70c656582bd0ae9c47990dadde158ccc4	calibration
dominant_to_calibration	confirmatory::Q8WN18	negative	cd44ecfb0231fbe25976a913c1248001f954c4063e308617e008c4b65e1d218b	evaluation
dominant_to_calibration	confirmatory::Q8WN19	negative	cd44ecfb0231fbe25976a913c1248001f954c4063e308617e008c4b65e1d218b	evaluation
dominant_to_calibration	confirmatory::Q8WNM0	negative	fff12e77db30d8d5054c219a61e7eadca02694fd845a38e729300f128215237b	evaluation
dominant_to_calibration	confirmatory::Q8WNM1	negative	fff12e77db30d8d5054c219a61e7eadca02694fd845a38e729300f128215237b	evaluation
dominant_to_calibration	confirmatory::Q8WNR9	negative	e18b4e5fbde76978c2080f2894717f1f991e2dfb87f46a80f37a5cab5ea38ab0	evaluation
dominant_to_calibration	confirmatory::Q8WTS1	negative	af3e8151ef08d08d21f26d1cce1ca2ed2dedc203bc8d13dcabd9823b27fc65d9	evaluation
dominant_to_calibration	confirmatory::Q8WTT0	negative	0abf7fc04094851e216e9a013b3897849df61ac3d763c6f6cd1c3c34b9d203dd	calibration
dominant_to_calibration	confirmatory::Q8WU67	negative	b039ccfd244270e65ee7ca7692ed51ef79a65b1b20862267a28d1dbe4cbb86af	evaluation
dominant_to_calibration	confirmatory::Q8WVB6	negative	bec95fdc3d8ce8d3ec70198b1318d6fa5a8e5c829db77431810c64580fcb3249	evaluation
dominant_to_calibration	confirmatory::Q8WVL7	negative	261a6618de99ec52cce354ff1fb7ea9ac61d67dd443c77f10bddaf1854cedcbe	calibration
dominant_to_calibration	confirmatory::Q8WWH4	negative	fda4691ac7474afa1416f69875bb1ae70c656582bd0ae9c47990dadde158ccc4	calibration
dominant_to_calibration	confirmatory::Q8WX39	negative	ae072172ac565f240e9af5c41bfdfc0174476f5f1bc878f8c5aab26e7d89d267	calibration
dominant_to_calibration	confirmatory::Q8WXF3	negative	f31157ce31d0ea78e44180490f60aee1f7d653cda777a6f9f25fd735279904c3	evaluation
dominant_to_calibration	confirmatory::Q8WXI3	negative	c41d4630e15f544ec84135758669bfdc604402cb0e775eafe26b38f9a53a251e	calibration
dominant_to_calibration	confirmatory::Q8XAG0	negative	ea060f244e352de2544b388f1abc1899258898681ff665dbf7303805cc505276	calibration
dominant_to_calibration	confirmatory::Q8XAG2	negative	ea060f244e352de2544b388f1abc1899258898681ff665dbf7303805cc505276	calibration
dominant_to_calibration	confirmatory::Q8XXS8	negative	ea060f244e352de2544b388f1abc1899258898681ff665dbf7303805cc505276	calibration
dominant_to_calibration	confirmatory::Q8YF71	negative	ea060f244e352de2544b388f1abc1899258898681ff665dbf7303805cc505276	calibration
dominant_to_calibration	confirmatory::Q8YF72	negative	ea060f244e352de2544b388f1abc1899258898681ff665dbf7303805cc505276	calibration
dominant_to_calibration	confirmatory::Q8YHZ6	negative	ea060f244e352de2544b388f1abc1899258898681ff665dbf7303805cc505276	calibration
dominant_to_calibration	confirmatory::Q8YHZ8	negative	ea060f244e352de2544b388f1abc1899258898681ff665dbf7303805cc505276	calibration
dominant_to_calibration	confirmatory::Q8YLG0	negative	dc287d695ed8d78e73ff29b03dded50559195f37804eb713aaced2b0c00fe136	evaluation
dominant_to_calibration	confirmatory::Q8YQZ0	negative	ea060f244e352de2544b388f1abc1899258898681ff665dbf7303805cc505276	calibration
dominant_to_calibration	confirmatory::Q8Z6A7	positive	2715b7b7f20cf87c0092eff986acaae85f9398094171941d8947f0ea13e4f898	evaluation
dominant_to_calibration	confirmatory::Q8ZMH3	negative	ba36d987f1fa0624cfa141a3e10fb029f7aa2efaad45e703221053b39919af2f	calibration
dominant_to_calibration	confirmatory::Q8ZNY9	negative	ba36d987f1fa0624cfa141a3e10fb029f7aa2efaad45e703221053b39919af2f	calibration
dominant_to_calibration	confirmatory::Q90121	positive	dd9d97fc934b30fa9fdc23b499c187008bc3e4ea7c0380c32a4bd5d4276cf228	evaluation
dominant_to_calibration	confirmatory::Q90225	negative	cd44ecfb0231fbe25976a913c1248001f954c4063e308617e008c4b65e1d218b	evaluation
dominant_to_calibration	confirmatory::Q90325	negative	22908ea1541a1b07146f2bd28daaa95ec311bcc862f3182fe7289c27fc0bc4d0	evaluation
dominant_to_calibration	confirmatory::Q90611	negative	16ea83094b8a9f3846228c14f4dc27f1b4aac291005aa1d8eb490657405beb3e	calibration
dominant_to_calibration	confirmatory::Q90986	negative	412ebf19781844419f07c45188fde84b1712a4113a21c291d54300b8a26fc585	evaluation
dominant_to_calibration	confirmatory::Q90WX8	negative	2ca3559869bf73bf1369b0778046227fe36990704ef03e92e809601ac40ebe65	evaluation
dominant_to_calibration	confirmatory::Q90YC2	negative	d498470a61783f09b7f843ca3a7c66a02ba48e4ab1c44629ca47394b33753185	calibration
dominant_to_calibration	confirmatory::Q91120	negative	cd44ecfb0231fbe25976a913c1248001f954c4063e308617e008c4b65e1d218b	evaluation
dominant_to_calibration	confirmatory::Q91189	negative	0e86e9e3943105f0c02e336cf49e66419fe7933b4a9c56997c7bb8035f3c7a0a	evaluation
dominant_to_calibration	confirmatory::Q91775	negative	34b41219611ac71b39f94001659d257ef301dc42fb86d0ab1b2396d000b25f11	evaluation
dominant_to_calibration	confirmatory::Q91971	negative	0e86e9e3943105f0c02e336cf49e66419fe7933b4a9c56997c7bb8035f3c7a0a	evaluation
dominant_to_calibration	confirmatory::Q91974	negative	7bff7c1c444b1a8d1fd9b2c8a658b73c4488a03960061ed5ce8e7acbd2ccf9a9	evaluation
dominant_to_calibration	confirmatory::Q91V08	negative	e73c96ea43f7190ef92adf35894e2eb0a0c6332b069837b46e96d09e4da1989a	calibration
dominant_to_calibration	confirmatory::Q91V98	negative	20b843f15893a1dd09560b31e66a01e91c2507d4c789d50df305a05705637814	evaluation
dominant_to_calibration	confirmatory::Q91W50	negative	e9de1a2f7cb129c07a0f04ae08efba495b6b821d03abf1fa01ce52ae6c31c28f	calibration
dominant_to_calibration	confirmatory::Q91WK7	negative	c5e2be88b1228a5fe292dfa6bf01adfcb55983d3c6eccfb6b3c05b612e4a3de6	calibration
dominant_to_calibration	confirmatory::Q91XU0	negative	eb784fe0c0bd1af88d8d8e4e799942cb5d28c2f372de6283f1a431286a50f6d1	evaluation
dominant_to_calibration	confirmatory::Q91YQ3	negative	49e0bd839bb65df30e513a28e2c6701659e7b54bbf207886093864c59420f7a3	calibration
dominant_to_calibration	confirmatory::Q91ZH7	negative	b039ccfd244270e65ee7ca7692ed51ef79a65b1b20862267a28d1dbe4cbb86af	evaluation
dominant_to_calibration	confirmatory::Q91ZT8	negative	987aaa7b495bc5fd6b0fc9e57a89713660ed32dba42de9a4d8ba698c190be061	calibration
dominant_to_calibration	confirmatory::Q92035	positive	d1c6ab564afa4059f4195e330c3f3d2fa72e6c258ca03ccbdb0ec294d4b10bcb	calibration
dominant_to_calibration	confirmatory::Q920A7	negative	583013e8e1e3f251647e55dd2b6aecaf7abf80b61775aa3433410c90a8c4b301	evaluation
dominant_to_calibration	confirmatory::Q923B1	negative	0979449cdc194fdff7dab96f55c2a10e5e5abd2d3843d67e604751e8e5fe90dd	evaluation
dominant_to_calibration	confirmatory::Q92478	negative	e73c96ea43f7190ef92adf35894e2eb0a0c6332b069837b46e96d09e4da1989a	calibration
dominant_to_calibration	confirmatory::Q92485	negative	eac41909233ae38fd580365dacf70df8362ae19e8f8fb413aa0d59f0af65be98	evaluation
dominant_to_calibration	confirmatory::Q924P3	negative	ae5ea8639589b79b276a0740af0e2a4bf3187ec339698d7063e881ce1e1a2a07	evaluation
dominant_to_calibration	confirmatory::Q925I1	negative	c52fca3a03eb38cece5ffc98abc40e9586f2755a01b02879fa241a1fc7de0bcc	evaluation
dominant_to_calibration	confirmatory::Q925I7	negative	48fadceb80cfd90014d08e9e8740e497fa640f4924ca1fd8a785996abf5484db	evaluation
dominant_to_calibration	confirmatory::Q925S8	negative	6aabea4e103b9af36881174afb442574930392a3fae20d0fb888388c16d5e046	evaluation
dominant_to_calibration	confirmatory::Q92GV1	negative	623f3f0445ba3d68f7f0b01360d57379b68a4bd25c5f902822b41b66dfcdfc89	evaluation
dominant_to_calibration	confirmatory::Q939S9	positive	bddf7053d645d92fe07351bae1bbbc576fa5aa89a9ac69841c8a7b7d959959dc	evaluation
dominant_to_calibration	confirmatory::Q939T0	positive	0113492a23324373b2aa8f73421977cd7bef098c44441b3baefb4b5450e3562a	evaluation
dominant_to_calibration	confirmatory::Q93LQ6	negative	c184f7f724effde758e66cc646b9855ed42925df00c6ced5a6a35c8c1eb03a4c	calibration
dominant_to_calibration	confirmatory::Q93PJ4	negative	ea060f244e352de2544b388f1abc1899258898681ff665dbf7303805cc505276	calibration
dominant_to_calibration	confirmatory::Q93PJ5	negative	ea060f244e352de2544b388f1abc1899258898681ff665dbf7303805cc505276	calibration
dominant_to_calibration	confirmatory::Q93Q17	positive	1aeb3254c89291b600666557ca3e947e68cda8d3d7371585294ff4cfcd1fe3b7	evaluation
dominant_to_calibration	confirmatory::Q93RR6	positive	64cc5ee1bb057b678af5679db51a97bb4cb16e07a07ce643b305d5cd2576778b	evaluation
dominant_to_calibration	confirmatory::Q93ZX1	negative	694df2b5849b10ec08101ea2af6560538999a3c675f58d38bdfa8b4f58b573a3	calibration
dominant_to_calibration	confirmatory::Q944L7	negative	17c5cdf854841c57627d4065c2fb1da25dd89f52db782170e8733ba229578524	calibration
dominant_to_calibration	confirmatory::Q949H3	negative	4b9e7bea9ce8ee8ae94698ef8499017333c8e1e95a44680dba3be60d8618dc01	calibration
dominant_to_calibration	confirmatory::Q949Y3	negative	bb6ceea07e989d80c137788cdbdfd634ab9becd492e572919974a7e2ecc7bc23	calibration
dominant_to_calibration	confirmatory::Q94B55	negative	50b13f9d1d5f78552c7086ad34c3782cafa3867c15aa1c7bd0ccff2643d361a5	calibration
dominant_to_calibration	confirmatory::Q94K01	negative	0979449cdc194fdff7dab96f55c2a10e5e5abd2d3843d67e604751e8e5fe90dd	evaluation
dominant_to_calibration	confirmatory::Q95000	negative	d1c6ab564afa4059f4195e330c3f3d2fa72e6c258ca03ccbdb0ec294d4b10bcb	calibration
dominant_to_calibration	confirmatory::Q95001	negative	d1c6ab564afa4059f4195e330c3f3d2fa72e6c258ca03ccbdb0ec294d4b10bcb	calibration
dominant_to_calibration	confirmatory::Q95114	negative	67b28ba5e81d277aab432e8590ea0314688bb8591ebef3ca06a6935723ff3652	evaluation
dominant_to_calibration	confirmatory::Q95121	negative	b5e6d290d7f1c534d8b749ec539f54c2530b77a5f2454f1c3f7f171ebd6984f4	calibration
dominant_to_calibration	confirmatory::Q95182	negative	ae072172ac565f240e9af5c41bfdfc0174476f5f1bc878f8c5aab26e7d89d267	calibration
dominant_to_calibration	confirmatory::Q95220	negative	24063adf61b47696a5084aad279fba23bd2d452cb3a4e2a3d0222f5c61a60eb3	evaluation
dominant_to_calibration	confirmatory::Q95229	negative	2ce198fad98f14e4c4b8a256c59fcb869aedf9d88f10faac7815fcadcfa4fcaf	calibration
dominant_to_calibration	confirmatory::Q95235	negative	d56efa2c4fa76222614d0864fe50657e6fc587cd0e1890c25a37bf138b4b5f1a	evaluation
dominant_to_calibration	confirmatory::Q95237	negative	d56efa2c4fa76222614d0864fe50657e6fc587cd0e1890c25a37bf138b4b5f1a	evaluation
dominant_to_calibration	confirmatory::Q95J82	negative	cd44ecfb0231fbe25976a913c1248001f954c4063e308617e008c4b65e1d218b	evaluation
dominant_to_calibration	confirmatory::Q95J85	negative	cd44ecfb0231fbe25976a913c1248001f954c4063e308617e008c4b65e1d218b	evaluation
dominant_to_calibration	confirmatory::Q95J88	negative	cd44ecfb0231fbe25976a913c1248001f954c4063e308617e008c4b65e1d218b	evaluation
dominant_to_calibration	confirmatory::Q95LG1	negative	d56efa2c4fa76222614d0864fe50657e6fc587cd0e1890c25a37bf138b4b5f1a	evaluation
dominant_to_calibration	confirmatory::Q95LU3	negative	450882407bb31af420e3fb498b86045252de225bcb0bc544cb192820b36d6e90	evaluation
dominant_to_calibration	confirmatory::Q95MI4	negative	ba638047c24605d7840baa21456a792eb87dea0d635a9d6b405f0050d0dcb588	evaluation
dominant_to_calibration	confirmatory::Q95MI5	negative	ba638047c24605d7840baa21456a792eb87dea0d635a9d6b405f0050d0dcb588	evaluation
dominant_to_calibration	confirmatory::Q95P89	positive	331dfde097c668e3fd87cf724d9acfaf3bc36c6c1295aa0549b46cfd89374afb	evaluation
dominant_to_calibration	confirmatory::Q95X35	negative	c95ef386e0d3ba468fdb2900eacedffdfe47c9718cfd81d7f547bcab79cd73cf	calibration
dominant_to_calibration	confirmatory::Q96285	negative	067ae74d42b596cec7582bf029fe09ab77e540f889181e76f7318d4806994969	evaluation
dominant_to_calibration	confirmatory::Q965W1	negative	34b41219611ac71b39f94001659d257ef301dc42fb86d0ab1b2396d000b25f11	evaluation
dominant_to_calibration	confirmatory::Q96AX9	negative	f70cb94582b2b5f26bd61c66750ab3d3e81aadb1d68c2adff83370008ebf6e1c	calibration
dominant_to_calibration	confirmatory::Q96I13	negative	d2d18a2bc9017c988a97041e7913c4a22389f8f47b279d83b86b94462d23e94f	evaluation
dominant_to_calibration	confirmatory::Q96JP0	negative	985193d7f0646ab5a63192350c4470719b706bcc5f16b43f74211a4adfe4c1c1	calibration
dominant_to_calibration	confirmatory::Q96NS5	negative	d701a223eff2a0138ce5ce0abf7d63ad69ae5dd40a9ef04bdc6e43d8a469b8a0	evaluation
dominant_to_calibration	confirmatory::Q96R05	negative	7e90cee412221196bcc5f07c4f195b89927144c6913a290671cfdac2f6ba7db5	calibration
dominant_to_calibration	confirmatory::Q96S55	negative	eb784fe0c0bd1af88d8d8e4e799942cb5d28c2f372de6283f1a431286a50f6d1	evaluation
dominant_to_calibration	confirmatory::Q96SE0	negative	b039ccfd244270e65ee7ca7692ed51ef79a65b1b20862267a28d1dbe4cbb86af	evaluation
dominant_to_calibration	confirmatory::Q96TA2	negative	6aabea4e103b9af36881174afb442574930392a3fae20d0fb888388c16d5e046	evaluation
dominant_to_calibration	confirmatory::Q96VC9	negative	d0e101e80ffbaad2d60c0d3eccd86c5bf01bfa189b44fe3696f98634bfcc9751	evaluation
dominant_to_calibration	confirmatory::Q972V9	negative	ea060f244e352de2544b388f1abc1899258898681ff665dbf7303805cc505276	calibration
dominant_to_calibration	confirmatory::Q972W0	negative	ea060f244e352de2544b388f1abc1899258898681ff665dbf7303805cc505276	calibration
dominant_to_calibration	confirmatory::Q98849	negative	cd44ecfb0231fbe25976a913c1248001f954c4063e308617e008c4b65e1d218b	evaluation
dominant_to_calibration	confirmatory::Q988D4	negative	dc7860e94783eea330dc3b3e6d367bf5308fdbc6b3c6b45bea095d155b81f85a	calibration
dominant_to_calibration	confirmatory::Q98CY9	negative	ea060f244e352de2544b388f1abc1899258898681ff665dbf7303805cc505276	calibration
dominant_to_calibration	confirmatory::Q98TA4	negative	87d425c65ac584d5e4c581986c739f7692b2578e446bf382551a86cc21557ecd	calibration
dominant_to_calibration	confirmatory::Q99156	negative	17d290c100b127d8027f673b0dbcc6381804413fa0056a7e12a063285a73a055	evaluation
dominant_to_calibration	confirmatory::Q99289	positive	7f1065d466987d1e14c31fe631cc9eafff0bc7dd8524b200d67de09fcd865acd	evaluation
dominant_to_calibration	confirmatory::Q99405	negative	1bb7a69c5ac8dff09d9743d7de36e3db00db59e8de64893c6df4fc99ac9601d3	evaluation
dominant_to_calibration	confirmatory::Q99542	negative	24063adf61b47696a5084aad279fba23bd2d452cb3a4e2a3d0222f5c61a60eb3	evaluation
dominant_to_calibration	confirmatory::Q99J62	negative	694df2b5849b10ec08101ea2af6560538999a3c675f58d38bdfa8b4f58b573a3	calibration
dominant_to_calibration	confirmatory::Q99JB4	negative	8b82ebf287b833af4d036924547c8249a2374ba8620909e97c73d9f10372ee04	calibration
dominant_to_calibration	confirmatory::Q99LC9	negative	199e5e746f1a78658450a2ba041b79aef49bbb4feb4fdafedee11b7288c9ede8	calibration
dominant_to_calibration	confirmatory::Q99LR1	negative	86a5c1bfc5908ede8123b1f6c7156fccf03d9d9b70f3f68acd76dfc146e5b158	evaluation
dominant_to_calibration	confirmatory::Q99MG7	negative	f92a8e542977ec3d6dc95e8a0bde11a3a1290134ed49574133ebe628e0201670	evaluation
dominant_to_calibration	confirmatory::Q99P60	negative	34b41219611ac71b39f94001659d257ef301dc42fb86d0ab1b2396d000b25f11	evaluation
dominant_to_calibration	confirmatory::Q99P61	negative	34b41219611ac71b39f94001659d257ef301dc42fb86d0ab1b2396d000b25f11	evaluation
dominant_to_calibration	confirmatory::Q99PP0	negative	80411b172a57342a9e6ff35099764047f561bf1337df03f29cf013ee3a7b28d0	calibration
dominant_to_calibration	confirmatory::Q99PW6	negative	24063adf61b47696a5084aad279fba23bd2d452cb3a4e2a3d0222f5c61a60eb3	evaluation
dominant_to_calibration	confirmatory::Q99Q01	positive	d5e5f4ce6abeccecaaecb52c8484a0d36013e750e835713d551f21cca137336f	evaluation
dominant_to_calibration	confirmatory::Q9AQM4	negative	14483eafd435fe05748b0d9404a2be3e7a8c3f39f91cd3bdba7c9793ad38d1f6	evaluation
dominant_to_calibration	confirmatory::Q9AQT6	negative	ea060f244e352de2544b388f1abc1899258898681ff665dbf7303805cc505276	calibration
dominant_to_calibration	confirmatory::Q9ATH2	negative	86cc21bca61bd87e3a544b53de63d4a85a51acbb0d64b5ad6e6e2ba8aa8ab938	evaluation
dominant_to_calibration	confirmatory::Q9AVB0	negative	fb3d9086710c22eb209777dc02506bc21ad102b35c0a2d4e54e73b021c9991f7	evaluation
dominant_to_calibration	confirmatory::Q9AYP9	negative	fb3d9086710c22eb209777dc02506bc21ad102b35c0a2d4e54e73b021c9991f7	evaluation
dominant_to_calibration	confirmatory::Q9BDI9	negative	cd44ecfb0231fbe25976a913c1248001f954c4063e308617e008c4b65e1d218b	evaluation
dominant_to_calibration	confirmatory::Q9BDJ0	negative	cd44ecfb0231fbe25976a913c1248001f954c4063e308617e008c4b65e1d218b	evaluation
dominant_to_calibration	confirmatory::Q9BDY7	negative	450882407bb31af420e3fb498b86045252de225bcb0bc544cb192820b36d6e90	evaluation
dominant_to_calibration	confirmatory::Q9BDY8	negative	450882407bb31af420e3fb498b86045252de225bcb0bc544cb192820b36d6e90	evaluation
dominant_to_calibration	confirmatory::Q9BMK3	negative	34b41219611ac71b39f94001659d257ef301dc42fb86d0ab1b2396d000b25f11	evaluation
dominant_to_calibration	confirmatory::Q9BRF8	negative	2effb38671bc2634c238898a79d72badc589944ae47dd3baa503aa88e04f6abf	calibration
dominant_to_calibration	confirmatory::Q9BSK4	negative	985193d7f0646ab5a63192350c4470719b706bcc5f16b43f74211a4adfe4c1c1	calibration
dominant_to_calibration	confirmatory::Q9BV23	negative	56c839bfe860f6cc35f76b3271a1727683ddb45a364c32cc9b290abb6e0b446c	evaluation
dominant_to_calibration	confirmatory::Q9BVQ7	negative	d8e8950e584547a3cfa7be839a4841964b10c9b394cc52fc1ce81bee4cdf9e59	evaluation
dominant_to_calibration	confirmatory::Q9BW62	negative	794a155dc5d6a4333e7c3f64f71a96bc7d6cff28650fa8bcc5d70a3932053113	calibration
dominant_to_calibration	confirmatory::Q9BWP8	negative	87d425c65ac584d5e4c581986c739f7692b2578e446bf382551a86cc21557ecd	calibration
dominant_to_calibration	confirmatory::Q9BY76	negative	450882407bb31af420e3fb498b86045252de225bcb0bc544cb192820b36d6e90	evaluation
dominant_to_calibration	confirmatory::Q9C291	negative	ae06a79fb0a3df6b735edf0b452366dd6bef01d4d1be6595c830072b310a4059	calibration
dominant_to_calibration	confirmatory::Q9C510	negative	bb6ceea07e989d80c137788cdbdfd634ab9becd492e572919974a7e2ecc7bc23	calibration
dominant_to_calibration	confirmatory::Q9C587	negative	59f534d535cbf0e6b4356635efdba10890d111828d268b13a376c2e52be63817	calibration
dominant_to_calibration	confirmatory::Q9C5U3	negative	e2b05054974b1971d2d1faf5c1b63250f10706449e8f9c15bd1f3e29934ed416	calibration
dominant_to_calibration	confirmatory::Q9C7S6	negative	6e8df84691fae849d865f02fa37f7a928d1eb518955d2c46abe7effa42a9ebf2	evaluation
dominant_to_calibration	confirmatory::Q9C7U8	negative	0d9f327b1073890bfb36e5ee168a06ee2714bac452b116df3ae13f3e08179c5f	calibration
dominant_to_calibration	confirmatory::Q9C927	negative	bb6ceea07e989d80c137788cdbdfd634ab9becd492e572919974a7e2ecc7bc23	calibration
dominant_to_calibration	confirmatory::Q9CQ31	negative	987aaa7b495bc5fd6b0fc9e57a89713660ed32dba42de9a4d8ba698c190be061	calibration
dominant_to_calibration	confirmatory::Q9CQ35	negative	8776c1732e39fbcb4314eff4f5a46741a26a7a94fb9c038b4a23f0335c6628e1	calibration
dominant_to_calibration	confirmatory::Q9CQC8	negative	13bf54fb73aab8d703b1025e0596f0e2e732d88bc62948135586368ddee44dd0	evaluation
dominant_to_calibration	confirmatory::Q9CR86	negative	49e0bd839bb65df30e513a28e2c6701659e7b54bbf207886093864c59420f7a3	calibration
dominant_to_calibration	confirmatory::Q9CXM0	negative	659f229917bf607febe947a3b86fd3e9acdb5483dee856f96c2d4a54ff5e8a70	calibration
dominant_to_calibration	confirmatory::Q9CYL5	negative	80265ba0cf707cc2b9ab56977abaa12643a893bd6a9a455337c6c3dedf45bd7a	calibration
dominant_to_calibration	confirmatory::Q9CZK6	negative	c4b5c6b60026544a687d26ee3688f821a9ace39bd7c3b5171a79c0bdadb1bea0	calibration
dominant_to_calibration	confirmatory::Q9CZP5	negative	c66d9b138209a0064eeedcb22bf43674ef45066b48a22d62213f5f8c58677ce4	evaluation
dominant_to_calibration	confirmatory::Q9CZT5	negative	06f0d4fd639a6c34191fb3093385dc64c0099d172b7ef4ea43662e3435f35b54	evaluation
dominant_to_calibration	confirmatory::Q9D1H9	negative	450882407bb31af420e3fb498b86045252de225bcb0bc544cb192820b36d6e90	evaluation
dominant_to_calibration	confirmatory::Q9D267	negative	ae072172ac565f240e9af5c41bfdfc0174476f5f1bc878f8c5aab26e7d89d267	calibration
dominant_to_calibration	confirmatory::Q9D3H2	negative	f92a8e542977ec3d6dc95e8a0bde11a3a1290134ed49574133ebe628e0201670	evaluation
dominant_to_calibration	confirmatory::Q9D3R6	negative	23d5a3bd524d30d0ed03bfe373885d5527e4035c98c411d13a9667a063013c6e	calibration
dominant_to_calibration	confirmatory::Q9D5T0	negative	9be8126a2dbfcd7513074efb8f97e42b52a270b713971328a72dcad11b7a1f84	evaluation
dominant_to_calibration	confirmatory::Q9D676	negative	e73c96ea43f7190ef92adf35894e2eb0a0c6332b069837b46e96d09e4da1989a	calibration
dominant_to_calibration	confirmatory::Q9DAA4	negative	cc390b4293e5491153edade1a39808c8c1bd14634b7a519a3401f4e09f7141d9	evaluation
dominant_to_calibration	confirmatory::Q9DAK4	negative	34b41219611ac71b39f94001659d257ef301dc42fb86d0ab1b2396d000b25f11	evaluation
dominant_to_calibration	confirmatory::Q9DAN8	negative	2c14df6328ed08d651ce5cff3d704d82078c6ad2a943af69e7875773d0d905c0	calibration
dominant_to_calibration	confirmatory::Q9DBL9	negative	af3e8151ef08d08d21f26d1cce1ca2ed2dedc203bc8d13dcabd9823b27fc65d9	evaluation
dominant_to_calibration	confirmatory::Q9DBN5	negative	6575fe00f3ccdc3a9bcd22237c35b4067cd150571930ca1e7aa9a8e6117d5536	calibration
dominant_to_calibration	confirmatory::Q9DCG2	negative	8bee7dc94cfa5f8719cc9b73651a6268cfd5276d4851cf1d4d37f8363db75bd0	evaluation
dominant_to_calibration	confirmatory::Q9DCQ7	negative	a5ebffc2e2dbb22bd5322e5b7f495ec0102e8dba67dfdb8b96b9aa84fa7da6f3	evaluation
dominant_to_calibration	confirmatory::Q9DD23	negative	220de76dbf9957cd7765cab42dda7d8de8c165964ba2c496e622a8e2982d99fb	calibration
dominant_to_calibration	confirmatory::Q9DG80	negative	cd44ecfb0231fbe25976a913c1248001f954c4063e308617e008c4b65e1d218b	evaluation
dominant_to_calibration	confirmatory::Q9DG81	negative	cd44ecfb0231fbe25976a913c1248001f954c4063e308617e008c4b65e1d218b	evaluation
dominant_to_calibration	confirmatory::Q9DGI0	negative	4a60ed747214a9670137430d60efbead8fac61db33c998ac34d9dfa0cbcffd37	calibration
dominant_to_calibration	confirmatory::Q9EP71	negative	fd80707c34f29f25c56a8f1803d1fa5394ddc0f80884bf9428f4f4e83a05bb9a	calibration
dominant_to_calibration	confirmatory::Q9EPC5	negative	7e90cee412221196bcc5f07c4f195b89927144c6913a290671cfdac2f6ba7db5	calibration
dominant_to_calibration	confirmatory::Q9EPL5	negative	16ea83094b8a9f3846228c14f4dc27f1b4aac291005aa1d8eb490657405beb3e	calibration
dominant_to_calibration	confirmatory::Q9EQ09	negative	55ddb3dd17da1cb3ae6ed5aa5ab62a50e2f5afdd8477f9c0f808349986102bb6	evaluation
dominant_to_calibration	confirmatory::Q9EQT1	negative	48fadceb80cfd90014d08e9e8740e497fa640f4924ca1fd8a785996abf5484db	evaluation
dominant_to_calibration	confirmatory::Q9EQV6	negative	c8bc632faaa2dd7e9e07420c2893908d6cabe65710e6f1a8676bef0b20dead16	evaluation
dominant_to_calibration	confirmatory::Q9EQX6	negative	48fadceb80cfd90014d08e9e8740e497fa640f4924ca1fd8a785996abf5484db	evaluation
dominant_to_calibration	confirmatory::Q9ERZ8	negative	36dec6c60a72d94ff56ec694716245de514abc69b61f3fd1ef27385953643515	evaluation
dominant_to_calibration	confirmatory::Q9ESP7	negative	b1423ee9b957bb86533c097a80d4fb634274a83d1747b602650345795525d6b6	evaluation
dominant_to_calibration	confirmatory::Q9ET61	negative	9c42a4d7631974118801fa0fb65aef4231fc3b42e1affbced544cb057191d1c2	calibration
dominant_to_calibration	confirmatory::Q9FAS7	negative	ea060f244e352de2544b388f1abc1899258898681ff665dbf7303805cc505276	calibration
dominant_to_calibration	confirmatory::Q9FCD3	negative	ea060f244e352de2544b388f1abc1899258898681ff665dbf7303805cc505276	calibration
dominant_to_calibration	confirmatory::Q9FGJ4	negative	2d34c191f96e06a7bc12ce9575ac2c8102e6346bb70e7bd3354b76f5fbbbb97e	evaluation
dominant_to_calibration	confirmatory::Q9FGM0	negative	680707c63f2d0908a00fc3e6a2b0744b4e4e8af00160e670b7cb677f0fa3e661	evaluation
dominant_to_calibration	confirmatory::Q9FGU3	negative	0d9f327b1073890bfb36e5ee168a06ee2714bac452b116df3ae13f3e08179c5f	calibration
dominant_to_calibration	confirmatory::Q9FH02	negative	b587bef3e5d94148fb6edeb8462e56d2a1573d0e113db913c44f4bfefa67c9fa	evaluation
dominant_to_calibration	confirmatory::Q9FH31	negative	8f20d0c6980ead1e360a848d002432fd7be75037bb37add933645c20185679c7	evaluation
dominant_to_calibration	confirmatory::Q9FHA4	negative	0d9f327b1073890bfb36e5ee168a06ee2714bac452b116df3ae13f3e08179c5f	calibration
dominant_to_calibration	confirmatory::Q9FI12	negative	0d9f327b1073890bfb36e5ee168a06ee2714bac452b116df3ae13f3e08179c5f	calibration
dominant_to_calibration	confirmatory::Q9FIF0	negative	067ae74d42b596cec7582bf029fe09ab77e540f889181e76f7318d4806994969	evaluation
dominant_to_calibration	confirmatory::Q9FIF1	negative	067ae74d42b596cec7582bf029fe09ab77e540f889181e76f7318d4806994969	evaluation
dominant_to_calibration	confirmatory::Q9FIF8	negative	0d9f327b1073890bfb36e5ee168a06ee2714bac452b116df3ae13f3e08179c5f	calibration
dominant_to_calibration	confirmatory::Q9FIG1	negative	0d9f327b1073890bfb36e5ee168a06ee2714bac452b116df3ae13f3e08179c5f	calibration
dominant_to_calibration	confirmatory::Q9FIG2	negative	0d9f327b1073890bfb36e5ee168a06ee2714bac452b116df3ae13f3e08179c5f	calibration
dominant_to_calibration	confirmatory::Q9FIM2	negative	eeed110e5e12b1803a2885bb38e1f636025b2af8b8e06ffa32cdf1ee205914a6	calibration
dominant_to_calibration	confirmatory::Q9FIM5	negative	0d9f327b1073890bfb36e5ee168a06ee2714bac452b116df3ae13f3e08179c5f	calibration
dominant_to_calibration	confirmatory::Q9FIM6	negative	0d9f327b1073890bfb36e5ee168a06ee2714bac452b116df3ae13f3e08179c5f	calibration
dominant_to_calibration	confirmatory::Q9FJI4	negative	067ae74d42b596cec7582bf029fe09ab77e540f889181e76f7318d4806994969	evaluation
dominant_to_calibration	confirmatory::Q9FK76	negative	0d9f327b1073890bfb36e5ee168a06ee2714bac452b116df3ae13f3e08179c5f	calibration
dominant_to_calibration	confirmatory::Q9FLD5	negative	9d1ce9c34f18c4a991bffbd7874496abf9a31460a25d02efc7ac12f5dc25212e	evaluation
dominant_to_calibration	confirmatory::Q9FLI4	negative	0d9f327b1073890bfb36e5ee168a06ee2714bac452b116df3ae13f3e08179c5f	calibration
dominant_to_calibration	confirmatory::Q9FMK9	negative	35fb562852952c09ea18952cafc9064066586aa02b57befdd329c08c3ac2a0f2	calibration
dominant_to_calibration	confirmatory::Q9FN02	negative	8e22b1d2d0b6eb1e1e5fa4778be233170412d5e999828aaf14773086e528164b	evaluation
dominant_to_calibration	confirmatory::Q9FNP4	negative	6a4515fc3a3679383eee78d4f81fdf0f5c35e90cb44cb9966b36170de86deef1	calibration
dominant_to_calibration	confirmatory::Q9FRT9	positive	c3dfd1a3ec6bbbc579f0e5a918351736afc647cc11aed7d6ae1b4ff9e5e6741d	evaluation
dominant_to_calibration	confirmatory::Q9FZ33	negative	a0724f02d14cb50211838fe07d6b90822a01732191cc347d59db3141c04171e9	evaluation
dominant_to_calibration	confirmatory::Q9GLD0	negative	08528be7fd341aa6992306d6cc2dcd129232b8b4cd83081db737fc35b1f465a3	evaluation
dominant_to_calibration	confirmatory::Q9GLE4	negative	24063adf61b47696a5084aad279fba23bd2d452cb3a4e2a3d0222f5c61a60eb3	evaluation
dominant_to_calibration	confirmatory::Q9GLE5	negative	16ea83094b8a9f3846228c14f4dc27f1b4aac291005aa1d8eb490657405beb3e	calibration
dominant_to_calibration	confirmatory::Q9GLF3	negative	bfe939dcac89e9013c487384af9034bc569f2ba663fd74af25aedacd3131525b	calibration
dominant_to_calibration	confirmatory::Q9GLK4	negative	08528be7fd341aa6992306d6cc2dcd129232b8b4cd83081db737fc35b1f465a3	evaluation
dominant_to_calibration	confirmatory::Q9GLN8	negative	34f3ebf727ba6962d09c497f53fa9a083064002a8920c85a4d004e89f0a534ef	evaluation
dominant_to_calibration	confirmatory::Q9GLP6	negative	34f3ebf727ba6962d09c497f53fa9a083064002a8920c85a4d004e89f0a534ef	evaluation
dominant_to_calibration	confirmatory::Q9GLR0	negative	da1f730a80c0f0ed1f9303734404705fa18285380f99e8c78185dd847cf60b39	calibration
dominant_to_calibration	confirmatory::Q9GLR1	negative	da1f730a80c0f0ed1f9303734404705fa18285380f99e8c78185dd847cf60b39	calibration
dominant_to_calibration	confirmatory::Q9GLX9	negative	ba85e063659590c5598badecc804b13408c0b5ad0ce54fdcaa07150c828d2cc2	calibration
dominant_to_calibration	confirmatory::Q9GME8	negative	ba638047c24605d7840baa21456a792eb87dea0d635a9d6b405f0050d0dcb588	evaluation
dominant_to_calibration	confirmatory::Q9GU69	negative	87398da149152f23a95a2bf25aa3f1acd28b6056b677eb58230cfeb3b45f8f34	calibration
dominant_to_calibration	confirmatory::Q9GZP0	negative	48fadceb80cfd90014d08e9e8740e497fa640f4924ca1fd8a785996abf5484db	evaluation
dominant_to_calibration	confirmatory::Q9GZV1	negative	7cf7b5baa311831b262d68c0fbe79534a53d29479860c878a838fd43eafbed72	calibration
dominant_to_calibration	confirmatory::Q9H112	negative	fd33bdbb28aba26af0cacd5382e9ee346d0f7091b73162b33ac4bd88361c17b1	evaluation
dominant_to_calibration	confirmatory::Q9H114	negative	e762a34e2879fb89badf3aefde610ff9d5414dd0791ef2899f47f15931593ae4	calibration
dominant_to_calibration	confirmatory::Q9H1D0	negative	b6c828210685b571c49763b95e997c81dc15610f6c60be89e331f85533706520	evaluation
dominant_to_calibration	confirmatory::Q9H239	negative	24063adf61b47696a5084aad279fba23bd2d452cb3a4e2a3d0222f5c61a60eb3	evaluation
dominant_to_calibration	confirmatory::Q9H306	negative	24063adf61b47696a5084aad279fba23bd2d452cb3a4e2a3d0222f5c61a60eb3	evaluation
dominant_to_calibration	confirmatory::Q9H3Z7	negative	19e73a82bf4cb2521cfe2b344a15acf1f9bc96fc692b16e9e3b365f8c7af5ab6	calibration
dominant_to_calibration	confirmatory::Q9H4G1	negative	2c14df6328ed08d651ce5cff3d704d82078c6ad2a943af69e7875773d0d905c0	calibration
dominant_to_calibration	confirmatory::Q9H4G4	negative	80265ba0cf707cc2b9ab56977abaa12643a893bd6a9a455337c6c3dedf45bd7a	calibration
dominant_to_calibration	confirmatory::Q9H6B9	negative	2eecc744c786b9108557788352fd5794355c754b0934c0f099e6c21ad6cf8672	calibration
dominant_to_calibration	confirmatory::Q9H8Y5	negative	91c2894864d032b2893163dae4279c6a5eddbb3c7de724d55226dc3410728a9c	evaluation
dominant_to_calibration	confirmatory::Q9H9E1	negative	26822ebf2b3507af7fb53435cea5d768468b83b70bf501472d1f151cd151feaf	evaluation
dominant_to_calibration	confirmatory::Q9H9P2	negative	659f229917bf607febe947a3b86fd3e9acdb5483dee856f96c2d4a54ff5e8a70	calibration
dominant_to_calibration	confirmatory::Q9H9Z2	negative	623f3f0445ba3d68f7f0b01360d57379b68a4bd25c5f902822b41b66dfcdfc89	evaluation
dominant_to_calibration	confirmatory::Q9HBA0	negative	36dec6c60a72d94ff56ec694716245de514abc69b61f3fd1ef27385953643515	evaluation
dominant_to_calibration	confirmatory::Q9HCB6	negative	ba85e063659590c5598badecc804b13408c0b5ad0ce54fdcaa07150c828d2cc2	calibration
dominant_to_calibration	confirmatory::Q9HCU0	negative	20b843f15893a1dd09560b31e66a01e91c2507d4c789d50df305a05705637814	evaluation
dominant_to_calibration	confirmatory::Q9HDU9	negative	99826a93eedea1a45a5d495eab9ed0a21ea0e15fafdc3d7f1f1eb517e091053e	calibration
dominant_to_calibration	confirmatory::Q9HRW4	negative	4ec60039de59076bc5d8afd1f1d88dc96ccf44dd16c5eb759ecf94e82a598745	calibration
dominant_to_calibration	confirmatory::Q9HUU5	negative	ea060f244e352de2544b388f1abc1899258898681ff665dbf7303805cc505276	calibration
dominant_to_calibration	confirmatory::Q9I2V0	negative	778e72fa9440b0af889fe2329da5c5b9d1d682d319794d6d197d1d359109f2aa	calibration
dominant_to_calibration	confirmatory::Q9I946	negative	48fadceb80cfd90014d08e9e8740e497fa640f4924ca1fd8a785996abf5484db	evaluation
dominant_to_calibration	confirmatory::Q9I9P7	negative	fff12e77db30d8d5054c219a61e7eadca02694fd845a38e729300f128215237b	evaluation
dominant_to_calibration	confirmatory::Q9IAM7	negative	ae06a79fb0a3df6b735edf0b452366dd6bef01d4d1be6595c830072b310a4059	calibration
dominant_to_calibration	confirmatory::Q9IAT6	negative	24371bf2d6df09880740ab51a10a679536679e6846c484a18360798d6fe47647	calibration
dominant_to_calibration	confirmatory::Q9IBF7	negative	b5e03c01fa8ec788c62418b308c35377fee931c14cd5cf80a972b831ec1b8f8d	calibration
dominant_to_calibration	confirmatory::Q9J531	negative	08f84d3abde96f26f5d6f0e2b31eb66277f626206609ac52600db96b97f1cf38	calibration
dominant_to_calibration	confirmatory::Q9J5F9	negative	231f6f42cecbe32b1ecf4da252552d07a0762f3cb5b433dccae2aec3ebd6f9c1	evaluation
dominant_to_calibration	confirmatory::Q9J5G3	negative	05e2eea85c3b2beb4ca06ed0e307507603a4d7e8c327bf8bcbfaa3324dddfdea	calibration
dominant_to_calibration	confirmatory::Q9J5J1	negative	eb34ffc45a2e98c550c3aa8bafb7aa58e45c59581acabd0ca7785544a48d064b	evaluation
dominant_to_calibration	confirmatory::Q9JHI0	negative	24063adf61b47696a5084aad279fba23bd2d452cb3a4e2a3d0222f5c61a60eb3	evaluation
dominant_to_calibration	confirmatory::Q9JIA3	negative	f5946217655b779cbdb7da1594ab1ee01d52642a7d2cf2070fa5df1454f6a452	calibration
dominant_to_calibration	confirmatory::Q9JIM0	negative	ae06a79fb0a3df6b735edf0b452366dd6bef01d4d1be6595c830072b310a4059	calibration
dominant_to_calibration	confirmatory::Q9JK69	negative	cd44ecfb0231fbe25976a913c1248001f954c4063e308617e008c4b65e1d218b	evaluation
dominant_to_calibration	confirmatory::Q9JL95	negative	c9605184d2ac60712053781acb9550f62a513027605873cf8aac9c77211123de	calibration
dominant_to_calibration	confirmatory::Q9JM61	negative	087f017c4fc6de6c13673ff96033f2de2d4d9db4cfbb560e850bc3a21a9dcde7	calibration
dominant_to_calibration	confirmatory::Q9JM84	negative	e762a34e2879fb89badf3aefde610ff9d5414dd0791ef2899f47f15931593ae4	calibration
dominant_to_calibration	confirmatory::Q9JSN0	negative	d52af3aeba16f166910db4a02e939c6bcf3e5ff1879d6147eae4d668380d76f5	calibration
dominant_to_calibration	confirmatory::Q9KG61	negative	ea060f244e352de2544b388f1abc1899258898681ff665dbf7303805cc505276	calibration
dominant_to_calibration	confirmatory::Q9KN00	negative	623f3f0445ba3d68f7f0b01360d57379b68a4bd25c5f902822b41b66dfcdfc89	evaluation
dominant_to_calibration	confirmatory::Q9L5A4	negative	4618d4b21d822ae674a95c6d1c6009226aad4b31ffaf8bcfccebe1104b8d4471	calibration
dominant_to_calibration	confirmatory::Q9LDB4	negative	86cc21bca61bd87e3a544b53de63d4a85a51acbb0d64b5ad6e6e2ba8aa8ab938	evaluation
dominant_to_calibration	confirmatory::Q9LEA3	negative	067ae74d42b596cec7582bf029fe09ab77e540f889181e76f7318d4806994969	evaluation
dominant_to_calibration	confirmatory::Q9LFT6	negative	90ff7565068f7172c3892fc6b8eceb1af8c0eb8e8b45ac8a900b3f0fa9cffe92	calibration
dominant_to_calibration	confirmatory::Q9LHE7	negative	369890e1b4fdd3f4d633bc750ce4706bc6a1c2d11deb58e010bd3f44230852d0	evaluation
dominant_to_calibration	confirmatory::Q9LLL8	negative	0d9f327b1073890bfb36e5ee168a06ee2714bac452b116df3ae13f3e08179c5f	calibration
dominant_to_calibration	confirmatory::Q9LLR6	negative	86cc21bca61bd87e3a544b53de63d4a85a51acbb0d64b5ad6e6e2ba8aa8ab938	evaluation
dominant_to_calibration	confirmatory::Q9LLR7	negative	86cc21bca61bd87e3a544b53de63d4a85a51acbb0d64b5ad6e6e2ba8aa8ab938	evaluation
dominant_to_calibration	confirmatory::Q9LMG7	negative	bec39f0ed39914869f8e7ae016247870f61af67c8aeed37255140e2aec01810c	calibration
dominant_to_calibration	confirmatory::Q9LMX4	negative	b7682d2fa96fd4bc296ae4e4c223de1003e0422db7e6a0bfbec23a561e9d43a9	calibration
dominant_to_calibration	confirmatory::Q9LNU1	negative	0d9f327b1073890bfb36e5ee168a06ee2714bac452b116df3ae13f3e08179c5f	calibration
dominant_to_calibration	confirmatory::Q9LR78	negative	369890e1b4fdd3f4d633bc750ce4706bc6a1c2d11deb58e010bd3f44230852d0	evaluation
dominant_to_calibration	confirmatory::Q9LSR8	negative	067ae74d42b596cec7582bf029fe09ab77e540f889181e76f7318d4806994969	evaluation
dominant_to_calibration	confirmatory::Q9LSS0	negative	067ae74d42b596cec7582bf029fe09ab77e540f889181e76f7318d4806994969	evaluation
dominant_to_calibration	confirmatory::Q9LUM3	negative	0d9f327b1073890bfb36e5ee168a06ee2714bac452b116df3ae13f3e08179c5f	calibration
dominant_to_calibration	confirmatory::Q9LVJ1	negative	0d9f327b1073890bfb36e5ee168a06ee2714bac452b116df3ae13f3e08179c5f	calibration
dominant_to_calibration	confirmatory::Q9LX83	negative	bb6ceea07e989d80c137788cdbdfd634ab9becd492e572919974a7e2ecc7bc23	calibration
dominant_to_calibration	confirmatory::Q9LXI7	negative	bb6ceea07e989d80c137788cdbdfd634ab9becd492e572919974a7e2ecc7bc23	calibration
dominant_to_calibration	confirmatory::Q9LZF5	negative	067ae74d42b596cec7582bf029fe09ab77e540f889181e76f7318d4806994969	evaluation
dominant_to_calibration	confirmatory::Q9LZF6	negative	199e5e746f1a78658450a2ba041b79aef49bbb4feb4fdafedee11b7288c9ede8	calibration
dominant_to_calibration	confirmatory::Q9LZV9	negative	86cc21bca61bd87e3a544b53de63d4a85a51acbb0d64b5ad6e6e2ba8aa8ab938	evaluation
dominant_to_calibration	confirmatory::Q9M020	negative	067ae74d42b596cec7582bf029fe09ab77e540f889181e76f7318d4806994969	evaluation
dominant_to_calibration	confirmatory::Q9M0Y8	negative	66982e869380038efc306798aae7ce2e1fae56c06d7dfce80d3e44d1d4b5c3dc	calibration
dominant_to_calibration	confirmatory::Q9M1Z9	negative	067ae74d42b596cec7582bf029fe09ab77e540f889181e76f7318d4806994969	evaluation
dominant_to_calibration	confirmatory::Q9M2U5	negative	4b9e7bea9ce8ee8ae94698ef8499017333c8e1e95a44680dba3be60d8618dc01	calibration
dominant_to_calibration	confirmatory::Q9M3D8	negative	067ae74d42b596cec7582bf029fe09ab77e540f889181e76f7318d4806994969	evaluation
dominant_to_calibration	confirmatory::Q9M3E5	negative	067ae74d42b596cec7582bf029fe09ab77e540f889181e76f7318d4806994969	evaluation
dominant_to_calibration	confirmatory::Q9M4E3	positive	e45d0fe2ff27f7d2d8d0ffcc2d8df54566f74360a13794cc11520c3648d22e27	evaluation
dominant_to_calibration	confirmatory::Q9M5X6	negative	86cc21bca61bd87e3a544b53de63d4a85a51acbb0d64b5ad6e6e2ba8aa8ab938	evaluation
dominant_to_calibration	confirmatory::Q9M5X7	negative	86cc21bca61bd87e3a544b53de63d4a85a51acbb0d64b5ad6e6e2ba8aa8ab938	evaluation
dominant_to_calibration	confirmatory::Q9M5X8	negative	86cc21bca61bd87e3a544b53de63d4a85a51acbb0d64b5ad6e6e2ba8aa8ab938	evaluation
dominant_to_calibration	confirmatory::Q9M895	negative	00fdc13dbe6029bc86ec2f0814da86f3a5b3af5fe354dbf358aced2b1beb9782	calibration
dominant_to_calibration	confirmatory::Q9M8Y9	negative	8856a301a53b40267674a10bd768cede15c5151a16a718cdb44895a97796ee69	evaluation
dominant_to_calibration	confirmatory::Q9M9L7	negative	6575fe00f3ccdc3a9bcd22237c35b4067cd150571930ca1e7aa9a8e6117d5536	calibration
dominant_to_calibration	confirmatory::Q9M9L8	negative	6575fe00f3ccdc3a9bcd22237c35b4067cd150571930ca1e7aa9a8e6117d5536	calibration
dominant_to_calibration	confirmatory::Q9M9W3	negative	369890e1b4fdd3f4d633bc750ce4706bc6a1c2d11deb58e010bd3f44230852d0	evaluation
dominant_to_calibration	confirmatory::Q9MAK9	negative	23d5a3bd524d30d0ed03bfe373885d5527e4035c98c411d13a9667a063013c6e	calibration
dominant_to_calibration	confirmatory::Q9MAP4	negative	0d9f327b1073890bfb36e5ee168a06ee2714bac452b116df3ae13f3e08179c5f	calibration
dominant_to_calibration	confirmatory::Q9MAP5	negative	0d9f327b1073890bfb36e5ee168a06ee2714bac452b116df3ae13f3e08179c5f	calibration
dominant_to_calibration	confirmatory::Q9MAP7	negative	0d9f327b1073890bfb36e5ee168a06ee2714bac452b116df3ae13f3e08179c5f	calibration
dominant_to_calibration	confirmatory::Q9MYK8	negative	780632a2b78e928a1a0233a9237a2deb499859d4cb703b9b85c05b6bf0ae4e2d	evaluation
dominant_to_calibration	confirmatory::Q9MZJ3	negative	ba638047c24605d7840baa21456a792eb87dea0d635a9d6b405f0050d0dcb588	evaluation
dominant_to_calibration	confirmatory::Q9MZK6	negative	ba638047c24605d7840baa21456a792eb87dea0d635a9d6b405f0050d0dcb588	evaluation
dominant_to_calibration	confirmatory::Q9N2D0	negative	8aca6cf56151161615270e0611bfb487352bac7e999974bcc690200b9c87952d	evaluation
dominant_to_calibration	confirmatory::Q9N3T5	negative	583013e8e1e3f251647e55dd2b6aecaf7abf80b61775aa3433410c90a8c4b301	evaluation
dominant_to_calibration	confirmatory::Q9NAG4	negative	c1b9018b50bdd4ae01273f868e6631b75fde8ae11e114d9234336cebdf6ab6c5	evaluation
dominant_to_calibration	confirmatory::Q9NAS8	negative	924d938b3685df88251586c4aa098d13e52b1b4f229b6c1977a45a340fd78df1	evaluation
dominant_to_calibration	confirmatory::Q9NES8	negative	8e22b1d2d0b6eb1e1e5fa4778be233170412d5e999828aaf14773086e528164b	evaluation
dominant_to_calibration	confirmatory::Q9NPA2	negative	24063adf61b47696a5084aad279fba23bd2d452cb3a4e2a3d0222f5c61a60eb3	evaluation
dominant_to_calibration	confirmatory::Q9NPH6	negative	5892961fd93913083308b146da1de4c67d025258b98b350e84083bba8418fbd1	calibration
dominant_to_calibration	confirmatory::Q9NQA5	negative	b6c828210685b571c49763b95e997c81dc15610f6c60be89e331f85533706520	evaluation
dominant_to_calibration	confirmatory::Q9NR61	negative	24371bf2d6df09880740ab51a10a679536679e6846c484a18360798d6fe47647	calibration
dominant_to_calibration	confirmatory::Q9NRE1	negative	24063adf61b47696a5084aad279fba23bd2d452cb3a4e2a3d0222f5c61a60eb3	evaluation
dominant_to_calibration	confirmatory::Q9NS62	negative	087f017c4fc6de6c13673ff96033f2de2d4d9db4cfbb560e850bc3a21a9dcde7	calibration
dominant_to_calibration	confirmatory::Q9NUJ1	negative	79fb5f5aeea75b1180489919250ee5ca372dd41009fc99b7025dd9708a35177b	evaluation
dominant_to_calibration	confirmatory::Q9NVI7	negative	c52fca3a03eb38cece5ffc98abc40e9586f2755a01b02879fa241a1fc7de0bcc	evaluation
dominant_to_calibration	confirmatory::Q9NXR5	negative	8992e1d38e2126575c76a9ffff1f17206072df85161868ff3b28419336c5d6f5	calibration
dominant_to_calibration	confirmatory::Q9NY56	negative	5892961fd93913083308b146da1de4c67d025258b98b350e84083bba8418fbd1	calibration
dominant_to_calibration	confirmatory::Q9NYJ7	negative	24371bf2d6df09880740ab51a10a679536679e6846c484a18360798d6fe47647	calibration
dominant_to_calibration	confirmatory::Q9NZD8	negative	13bf54fb73aab8d703b1025e0596f0e2e732d88bc62948135586368ddee44dd0	evaluation
dominant_to_calibration	confirmatory::Q9P0K7	negative	fd80707c34f29f25c56a8f1803d1fa5394ddc0f80884bf9428f4f4e83a05bb9a	calibration
dominant_to_calibration	confirmatory::Q9P8G3	negative	1bb7a69c5ac8dff09d9743d7de36e3db00db59e8de64893c6df4fc99ac9601d3	evaluation
dominant_to_calibration	confirmatory::Q9PRQ9	negative	0e86e9e3943105f0c02e336cf49e66419fe7933b4a9c56997c7bb8035f3c7a0a	evaluation
dominant_to_calibration	confirmatory::Q9PUR0	negative	0e86e9e3943105f0c02e336cf49e66419fe7933b4a9c56997c7bb8035f3c7a0a	evaluation
dominant_to_calibration	confirmatory::Q9PUR1	negative	0e86e9e3943105f0c02e336cf49e66419fe7933b4a9c56997c7bb8035f3c7a0a	evaluation
dominant_to_calibration	confirmatory::Q9PW98	negative	cd44ecfb0231fbe25976a913c1248001f954c4063e308617e008c4b65e1d218b	evaluation
dominant_to_calibration	confirmatory::Q9QUL6	negative	66982e869380038efc306798aae7ce2e1fae56c06d7dfce80d3e44d1d4b5c3dc	calibration
dominant_to_calibration	confirmatory::Q9QUQ5	negative	0fe83d4abf1ce610ad84586dd4d5c46c21bd9db4885afb3ef6d6ab2b95befab2	evaluation
dominant_to_calibration	confirmatory::Q9QX29	negative	0fe83d4abf1ce610ad84586dd4d5c46c21bd9db4885afb3ef6d6ab2b95befab2	evaluation
dominant_to_calibration	confirmatory::Q9QX79	negative	28ee663204ab31f06bda00313c901a495a49edfb3c6d5deedae5a5fe98c8fa7f	calibration
dominant_to_calibration	confirmatory::Q9QXC1	negative	28ee663204ab31f06bda00313c901a495a49edfb3c6d5deedae5a5fe98c8fa7f	calibration
dominant_to_calibration	confirmatory::Q9QXM0	negative	09a5c6daa4509edcd9a50cdcab8952c9c902cbc82772d0954acdce88324b4fe6	calibration
dominant_to_calibration	confirmatory::Q9QXU1	negative	f92a8e542977ec3d6dc95e8a0bde11a3a1290134ed49574133ebe628e0201670	evaluation
dominant_to_calibration	confirmatory::Q9QY05	negative	e3d45e64298da494ce1729e091f7704f230fdab1891a1bae892fd5f81478f670	evaluation
dominant_to_calibration	confirmatory::Q9QYA9	negative	cd44ecfb0231fbe25976a913c1248001f954c4063e308617e008c4b65e1d218b	evaluation
dominant_to_calibration	confirmatory::Q9QYY8	negative	9be8126a2dbfcd7513074efb8f97e42b52a270b713971328a72dcad11b7a1f84	evaluation
dominant_to_calibration	confirmatory::Q9QZC8	negative	b039ccfd244270e65ee7ca7692ed51ef79a65b1b20862267a28d1dbe4cbb86af	evaluation
dominant_to_calibration	confirmatory::Q9QZQ5	negative	80411b172a57342a9e6ff35099764047f561bf1337df03f29cf013ee3a7b28d0	calibration
dominant_to_calibration	confirmatory::Q9R001	negative	b1423ee9b957bb86533c097a80d4fb634274a83d1747b602650345795525d6b6	evaluation
dominant_to_calibration	confirmatory::Q9R007	negative	bfe939dcac89e9013c487384af9034bc569f2ba663fd74af25aedacd3131525b	calibration
dominant_to_calibration	confirmatory::Q9R045	negative	450882407bb31af420e3fb498b86045252de225bcb0bc544cb192820b36d6e90	evaluation
dominant_to_calibration	confirmatory::Q9R0S2	negative	24063adf61b47696a5084aad279fba23bd2d452cb3a4e2a3d0222f5c61a60eb3	evaluation
dominant_to_calibration	confirmatory::Q9R1E9	negative	80411b172a57342a9e6ff35099764047f561bf1337df03f29cf013ee3a7b28d0	calibration
dominant_to_calibration	confirmatory::Q9RA51	negative	dccb74d38eb5e7a9f23fe80d041bb156f74f05b1c460fdc8136e9dbd7d77d278	calibration
dominant_to_calibration	confirmatory::Q9RFY6	positive	1d8d2dfc39e9199757e83543e0c8fc218b7dcef1f507c26508333acf38c1659c	evaluation
dominant_to_calibration	confirmatory::Q9RYJ3	negative	ea060f244e352de2544b388f1abc1899258898681ff665dbf7303805cc505276	calibration
dominant_to_calibration	confirmatory::Q9RYJ4	negative	ea060f244e352de2544b388f1abc1899258898681ff665dbf7303805cc505276	calibration
dominant_to_calibration	confirmatory::Q9S747	negative	b7762ce85918a621bc4bf4c4e7657779c885d02f6b53a465f4762637db65c059	calibration
dominant_to_calibration	confirmatory::Q9S7I3	negative	86cc21bca61bd87e3a544b53de63d4a85a51acbb0d64b5ad6e6e2ba8aa8ab938	evaluation
dominant_to_calibration	confirmatory::Q9S8I2	negative	b7762ce85918a621bc4bf4c4e7657779c885d02f6b53a465f4762637db65c059	calibration
dominant_to_calibration	confirmatory::Q9S8M0	negative	5aff5f6b60799ea14709753f4be27c926783f8cd824ccff0e1f9a54c40791183	evaluation
dominant_to_calibration	confirmatory::Q9SA75	negative	0d9f327b1073890bfb36e5ee168a06ee2714bac452b116df3ae13f3e08179c5f	calibration
dominant_to_calibration	confirmatory::Q9SAJ3	negative	5e46553948d4f9b32cc79a53e11cfa6765c782a48a19d9fd9f43c019116d0292	evaluation
dominant_to_calibration	confirmatory::Q9SAY3	negative	4b9e7bea9ce8ee8ae94698ef8499017333c8e1e95a44680dba3be60d8618dc01	calibration
dominant_to_calibration	confirmatory::Q9SB68	negative	e1d839f381927b9a2033cd2376ea1dec270868532d82b0db04197ab80478009c	evaluation
dominant_to_calibration	confirmatory::Q9SCN8	negative	199e5e746f1a78658450a2ba041b79aef49bbb4feb4fdafedee11b7288c9ede8	calibration
dominant_to_calibration	confirmatory::Q9SCX8	negative	9fcb35c35fea51a2a10d2b05454d0c6c3ffaa3abfa40e228e32ed2d281fd9381	evaluation
dominant_to_calibration	confirmatory::Q9SE00	negative	bb6ceea07e989d80c137788cdbdfd634ab9becd492e572919974a7e2ecc7bc23	calibration
dominant_to_calibration	confirmatory::Q9SEI3	negative	23d5a3bd524d30d0ed03bfe373885d5527e4035c98c411d13a9667a063013c6e	calibration
dominant_to_calibration	confirmatory::Q9SEX2	negative	794a155dc5d6a4333e7c3f64f71a96bc7d6cff28650fa8bcc5d70a3932053113	calibration
dominant_to_calibration	confirmatory::Q9SHS7	negative	369890e1b4fdd3f4d633bc750ce4706bc6a1c2d11deb58e010bd3f44230852d0	evaluation
dominant_to_calibration	confirmatory::Q9SI18	negative	bb6ceea07e989d80c137788cdbdfd634ab9becd492e572919974a7e2ecc7bc23	calibration
dominant_to_calibration	confirmatory::Q9SIV9	negative	bb6ceea07e989d80c137788cdbdfd634ab9becd492e572919974a7e2ecc7bc23	calibration
dominant_to_calibration	confirmatory::Q9SJF0	negative	369890e1b4fdd3f4d633bc750ce4706bc6a1c2d11deb58e010bd3f44230852d0	evaluation
dominant_to_calibration	confirmatory::Q9SL67	negative	23d5a3bd524d30d0ed03bfe373885d5527e4035c98c411d13a9667a063013c6e	calibration
dominant_to_calibration	confirmatory::Q9STF7	negative	0d9f327b1073890bfb36e5ee168a06ee2714bac452b116df3ae13f3e08179c5f	calibration
dominant_to_calibration	confirmatory::Q9SU24	negative	6379a5db2b3216cec3ec507f7417dc6fc7ab5422e80a70b99c5b46a8764615b1	evaluation
dominant_to_calibration	confirmatory::Q9SUN6	negative	0d9f327b1073890bfb36e5ee168a06ee2714bac452b116df3ae13f3e08179c5f	calibration
dominant_to_calibration	confirmatory::Q9SVT4	negative	0d9f327b1073890bfb36e5ee168a06ee2714bac452b116df3ae13f3e08179c5f	calibration
dominant_to_calibration	confirmatory::Q9SW93	negative	86cc21bca61bd87e3a544b53de63d4a85a51acbb0d64b5ad6e6e2ba8aa8ab938	evaluation
dominant_to_calibration	confirmatory::Q9SX52	negative	369890e1b4fdd3f4d633bc750ce4706bc6a1c2d11deb58e010bd3f44230852d0	evaluation
dominant_to_calibration	confirmatory::Q9SZD4	negative	23d5a3bd524d30d0ed03bfe373885d5527e4035c98c411d13a9667a063013c6e	calibration
dominant_to_calibration	confirmatory::Q9SZV5	negative	0d9f327b1073890bfb36e5ee168a06ee2714bac452b116df3ae13f3e08179c5f	calibration
dominant_to_calibration	confirmatory::Q9SZY2	negative	0d9f327b1073890bfb36e5ee168a06ee2714bac452b116df3ae13f3e08179c5f	calibration
dominant_to_calibration	confirmatory::Q9TQY7	negative	2ca3559869bf73bf1369b0778046227fe36990704ef03e92e809601ac40ebe65	evaluation
dominant_to_calibration	confirmatory::Q9TR93	negative	55927c04e923f511084010cf0858f6d88c365ae75b99c08d7e94a4aea9cd3a91	evaluation
dominant_to_calibration	confirmatory::Q9TRM8	negative	780632a2b78e928a1a0233a9237a2deb499859d4cb703b9b85c05b6bf0ae4e2d	evaluation
dominant_to_calibration	confirmatory::Q9TSZ0	negative	34f3ebf727ba6962d09c497f53fa9a083064002a8920c85a4d004e89f0a534ef	evaluation
dominant_to_calibration	confirmatory::Q9TT35	negative	a5ebffc2e2dbb22bd5322e5b7f495ec0102e8dba67dfdb8b96b9aa84fa7da6f3	evaluation
dominant_to_calibration	confirmatory::Q9TT36	negative	a5ebffc2e2dbb22bd5322e5b7f495ec0102e8dba67dfdb8b96b9aa84fa7da6f3	evaluation
dominant_to_calibration	confirmatory::Q9TT92	negative	b1423ee9b957bb86533c097a80d4fb634274a83d1747b602650345795525d6b6	evaluation
dominant_to_calibration	confirmatory::Q9TTK7	negative	55ddb3dd17da1cb3ae6ed5aa5ab62a50e2f5afdd8477f9c0f808349986102bb6	evaluation
dominant_to_calibration	confirmatory::Q9TUQ3	negative	ba4d2614b5e550635440f4c6525e8134022aee773ce7679090791bd84dd97e71	evaluation
dominant_to_calibration	confirmatory::Q9U1G6	negative	34b41219611ac71b39f94001659d257ef301dc42fb86d0ab1b2396d000b25f11	evaluation
dominant_to_calibration	confirmatory::Q9U5P1	negative	34b41219611ac71b39f94001659d257ef301dc42fb86d0ab1b2396d000b25f11	evaluation
dominant_to_calibration	confirmatory::Q9U8W7	negative	450882407bb31af420e3fb498b86045252de225bcb0bc544cb192820b36d6e90	evaluation
dominant_to_calibration	confirmatory::Q9U8W8	negative	450882407bb31af420e3fb498b86045252de225bcb0bc544cb192820b36d6e90	evaluation
dominant_to_calibration	confirmatory::Q9UAS2	negative	34b41219611ac71b39f94001659d257ef301dc42fb86d0ab1b2396d000b25f11	evaluation
dominant_to_calibration	confirmatory::Q9UAY4	negative	bd77a94d6f7bd336f5f75129f2f325ac5fb84bd5f6d30ac29dcd849ddde97e20	evaluation
dominant_to_calibration	confirmatory::Q9UBP0	negative	9be8126a2dbfcd7513074efb8f97e42b52a270b713971328a72dcad11b7a1f84	evaluation
dominant_to_calibration	confirmatory::Q9UGM5	negative	28ee663204ab31f06bda00313c901a495a49edfb3c6d5deedae5a5fe98c8fa7f	calibration
dominant_to_calibration	confirmatory::Q9UI38	negative	9c0bfed7396b8bfee705c398ac5c457437d5940f8711042967bd253553c525a7	calibration
dominant_to_calibration	confirmatory::Q9UK73	negative	985193d7f0646ab5a63192350c4470719b706bcc5f16b43f74211a4adfe4c1c1	calibration
dominant_to_calibration	confirmatory::Q9UL62	negative	0fe83d4abf1ce610ad84586dd4d5c46c21bd9db4885afb3ef6d6ab2b95befab2	evaluation
dominant_to_calibration	confirmatory::Q9ULZ9	negative	24063adf61b47696a5084aad279fba23bd2d452cb3a4e2a3d0222f5c61a60eb3	evaluation
dominant_to_calibration	confirmatory::Q9UMR7	negative	0abf7fc04094851e216e9a013b3897849df61ac3d763c6f6cd1c3c34b9d203dd	calibration
dominant_to_calibration	confirmatory::Q9UN37	negative	12099ebff3efead5c06a18a835e5239edabab4ca79c6c9ba0c916ef443726217	evaluation
dominant_to_calibration	confirmatory::Q9UNA0	negative	b1423ee9b957bb86533c097a80d4fb634274a83d1747b602650345795525d6b6	evaluation
dominant_to_calibration	confirmatory::Q9UP79	negative	b1423ee9b957bb86533c097a80d4fb634274a83d1747b602650345795525d6b6	evaluation
dominant_to_calibration	confirmatory::Q9UQ90	negative	b587bef3e5d94148fb6edeb8462e56d2a1573d0e113db913c44f4bfefa67c9fa	evaluation
dominant_to_calibration	confirmatory::Q9URR2	negative	1bb7a69c5ac8dff09d9743d7de36e3db00db59e8de64893c6df4fc99ac9601d3	evaluation
dominant_to_calibration	confirmatory::Q9US39	negative	99826a93eedea1a45a5d495eab9ed0a21ea0e15fafdc3d7f1f1eb517e091053e	calibration
dominant_to_calibration	confirmatory::Q9UTS0	negative	1bb7a69c5ac8dff09d9743d7de36e3db00db59e8de64893c6df4fc99ac9601d3	evaluation
dominant_to_calibration	confirmatory::Q9UVN9	negative	ae06a79fb0a3df6b735edf0b452366dd6bef01d4d1be6595c830072b310a4059	calibration
dominant_to_calibration	confirmatory::Q9VBC7	negative	da1f730a80c0f0ed1f9303734404705fa18285380f99e8c78185dd847cf60b39	calibration
dominant_to_calibration	confirmatory::Q9VDC6	negative	29a79690eced4461016836ce36c14c380b0c4c5e3dcafb70f5238755407be04c	evaluation
dominant_to_calibration	confirmatory::Q9VER6	negative	ed8472e7b66948f352b10e4fe5ee83175c8b16b12ad209c387c4052cf60aa0e4	evaluation
dominant_to_calibration	confirmatory::Q9VFC2	negative	d4b8fd03a3caaecd44d5b548daa02c315b9633db3506830623271b9a37653456	calibration
dominant_to_calibration	confirmatory::Q9VFD5	negative	985193d7f0646ab5a63192350c4470719b706bcc5f16b43f74211a4adfe4c1c1	calibration
dominant_to_calibration	confirmatory::Q9VLR9	negative	c95ef386e0d3ba468fdb2900eacedffdfe47c9718cfd81d7f547bcab79cd73cf	calibration
dominant_to_calibration	confirmatory::Q9VLU4	negative	f330839f58fd73fe0783c152a7acffc5f1c2277fea26b8223decb4f40e4ad4d3	calibration
dominant_to_calibration	confirmatory::Q9VQN8	negative	12099ebff3efead5c06a18a835e5239edabab4ca79c6c9ba0c916ef443726217	evaluation
dominant_to_calibration	confirmatory::Q9VT50	negative	82ba2784f1f8c5c50742e13d650c40e1693ecd41f5e2dbe7f1afccb645a66a72	calibration
dominant_to_calibration	confirmatory::Q9VT51	negative	ca573413688f7f22f8384d8650e5a962f74f1df790e1fdb0e11b46e9a74790c4	evaluation
dominant_to_calibration	confirmatory::Q9VT53	negative	82ba2784f1f8c5c50742e13d650c40e1693ecd41f5e2dbe7f1afccb645a66a72	calibration
dominant_to_calibration	confirmatory::Q9VTZ5	negative	b5e03c01fa8ec788c62418b308c35377fee931c14cd5cf80a972b831ec1b8f8d	calibration
dominant_to_calibration	confirmatory::Q9VUW9	negative	e8f19abe601762091b366d25b70ea3fb93cb89ef883d201899904e677c86728a	calibration
dominant_to_calibration	confirmatory::Q9VVA0	negative	965a28ce6794582deb557b301722618399b973a62483b6546d6e5463da70c130	evaluation
dominant_to_calibration	confirmatory::Q9VVW1	negative	c4a7ef96e697535ffb4e61c26017d3cee60794b0ad02ed495d068a1fb745b397	evaluation
dominant_to_calibration	confirmatory::Q9VXF1	negative	80188e9791182b3a7d2f79c0e2ed86136b48ed6a049411d036b36313dbd8bbd5	calibration
dominant_to_calibration	confirmatory::Q9W6K1	negative	ae06a79fb0a3df6b735edf0b452366dd6bef01d4d1be6595c830072b310a4059	calibration
dominant_to_calibration	confirmatory::Q9W770	negative	ba85e063659590c5598badecc804b13408c0b5ad0ce54fdcaa07150c828d2cc2	calibration
dominant_to_calibration	confirmatory::Q9W7C5	negative	e41d009e5cb7f58c790b0ca9602f9e786b86e33e1a576f001d4c24b1e5f1e2d5	calibration
dominant_to_calibration	confirmatory::Q9W7R2	negative	2ca3559869bf73bf1369b0778046227fe36990704ef03e92e809601ac40ebe65	evaluation
dominant_to_calibration	confirmatory::Q9WTR0	negative	24063adf61b47696a5084aad279fba23bd2d452cb3a4e2a3d0222f5c61a60eb3	evaluation
dominant_to_calibration	confirmatory::Q9WUK0	negative	82ba2784f1f8c5c50742e13d650c40e1693ecd41f5e2dbe7f1afccb645a66a72	calibration
dominant_to_calibration	confirmatory::Q9WUK4	negative	694df2b5849b10ec08101ea2af6560538999a3c675f58d38bdfa8b4f58b573a3	calibration
dominant_to_calibration	confirmatory::Q9WV41	negative	e3d45e64298da494ce1729e091f7704f230fdab1891a1bae892fd5f81478f670	evaluation
dominant_to_calibration	confirmatory::Q9WV72	negative	6e124a97994b630295fc8aac92534f1541b5be2cb0fc2e30fc59c29a8b865cfe	evaluation
dominant_to_calibration	confirmatory::Q9WV74	negative	272b4bd3eb71f451bf127018598903891a62c360637f8e23b1c0d381a22735c1	evaluation
dominant_to_calibration	confirmatory::Q9WV86	negative	794a155dc5d6a4333e7c3f64f71a96bc7d6cff28650fa8bcc5d70a3932053113	calibration
dominant_to_calibration	confirmatory::Q9WVG5	negative	82e1c2f759ec8bf899994b4553b7d3cc20a8d7c5d625a051f6b6104ee4a7005f	calibration
dominant_to_calibration	confirmatory::Q9WVH6	negative	450882407bb31af420e3fb498b86045252de225bcb0bc544cb192820b36d6e90	evaluation
dominant_to_calibration	confirmatory::Q9WZ49	negative	eeea9a44f3b92c0b64cfbc666ec4383718f1a51caad80d42dff39a6daf58eb04	evaluation
dominant_to_calibration	confirmatory::Q9XFS7	negative	86cc21bca61bd87e3a544b53de63d4a85a51acbb0d64b5ad6e6e2ba8aa8ab938	evaluation
dominant_to_calibration	confirmatory::Q9XGM2	negative	ae06a79fb0a3df6b735edf0b452366dd6bef01d4d1be6595c830072b310a4059	calibration
dominant_to_calibration	confirmatory::Q9XHP1	negative	8f20d0c6980ead1e360a848d002432fd7be75037bb37add933645c20185679c7	evaluation
dominant_to_calibration	confirmatory::Q9XS65	negative	fff12e77db30d8d5054c219a61e7eadca02694fd845a38e729300f128215237b	evaluation
dominant_to_calibration	confirmatory::Q9XSZ5	negative	24063adf61b47696a5084aad279fba23bd2d452cb3a4e2a3d0222f5c61a60eb3	evaluation
dominant_to_calibration	confirmatory::Q9XTA8	negative	55ddb3dd17da1cb3ae6ed5aa5ab62a50e2f5afdd8477f9c0f808349986102bb6	evaluation
dominant_to_calibration	confirmatory::Q9XTG1	negative	fb474f48b675ad20dbfd46b462690d01732fc16290163fa8f762225aa7f992e4	calibration
dominant_to_calibration	confirmatory::Q9XW79	negative	369890e1b4fdd3f4d633bc750ce4706bc6a1c2d11deb58e010bd3f44230852d0	evaluation
dominant_to_calibration	confirmatory::Q9Y0B7	negative	369890e1b4fdd3f4d633bc750ce4706bc6a1c2d11deb58e010bd3f44230852d0	evaluation
dominant_to_calibration	confirmatory::Q9Y240	negative	a134fb2184700f02c8a5ecc9f7c0b542e3a7daa6387f1fecb93ca9df5aabd420	evaluation
dominant_to_calibration	confirmatory::Q9Y264	negative	450882407bb31af420e3fb498b86045252de225bcb0bc544cb192820b36d6e90	evaluation
dominant_to_calibration	confirmatory::Q9Y276	negative	c66d9b138209a0064eeedcb22bf43674ef45066b48a22d62213f5f8c58677ce4	evaluation
dominant_to_calibration	confirmatory::Q9Y2G4	negative	55bd881647d7a449fc35b49ce52ba4f2dd86ad0d16680e9ef81cf2f148de50e6	calibration
dominant_to_calibration	confirmatory::Q9Y2V2	negative	49e0bd839bb65df30e513a28e2c6701659e7b54bbf207886093864c59420f7a3	calibration
dominant_to_calibration	confirmatory::Q9Y2Y8	negative	c9605184d2ac60712053781acb9550f62a513027605873cf8aac9c77211123de	calibration
dominant_to_calibration	confirmatory::Q9Y4W6	negative	583013e8e1e3f251647e55dd2b6aecaf7abf80b61775aa3433410c90a8c4b301	evaluation
dominant_to_calibration	confirmatory::Q9Y534	negative	49e0bd839bb65df30e513a28e2c6701659e7b54bbf207886093864c59420f7a3	calibration
dominant_to_calibration	confirmatory::Q9Y575	negative	6e124a97994b630295fc8aac92534f1541b5be2cb0fc2e30fc59c29a8b865cfe	evaluation
dominant_to_calibration	confirmatory::Q9Y581	negative	e3d45e64298da494ce1729e091f7704f230fdab1891a1bae892fd5f81478f670	evaluation
dominant_to_calibration	confirmatory::Q9Y5Q6	negative	f31157ce31d0ea78e44180490f60aee1f7d653cda777a6f9f25fd735279904c3	evaluation
dominant_to_calibration	confirmatory::Q9Y5R2	negative	24063adf61b47696a5084aad279fba23bd2d452cb3a4e2a3d0222f5c61a60eb3	evaluation
dominant_to_calibration	confirmatory::Q9Y6Z7	negative	87d425c65ac584d5e4c581986c739f7692b2578e446bf382551a86cc21557ecd	calibration
dominant_to_calibration	confirmatory::Q9Y749	negative	1bb7a69c5ac8dff09d9743d7de36e3db00db59e8de64893c6df4fc99ac9601d3	evaluation
dominant_to_calibration	confirmatory::Q9Y755	negative	1bb7a69c5ac8dff09d9743d7de36e3db00db59e8de64893c6df4fc99ac9601d3	evaluation
dominant_to_calibration	confirmatory::Q9Y778	negative	1bb7a69c5ac8dff09d9743d7de36e3db00db59e8de64893c6df4fc99ac9601d3	evaluation
dominant_to_calibration	confirmatory::Q9YGH2	negative	cd44ecfb0231fbe25976a913c1248001f954c4063e308617e008c4b65e1d218b	evaluation
dominant_to_calibration	confirmatory::Q9YGK3	negative	cd44ecfb0231fbe25976a913c1248001f954c4063e308617e008c4b65e1d218b	evaluation
dominant_to_calibration	confirmatory::Q9Z0H6	negative	2c14df6328ed08d651ce5cff3d704d82078c6ad2a943af69e7875773d0d905c0	calibration
dominant_to_calibration	confirmatory::Q9Z0K7	negative	220de76dbf9957cd7765cab42dda7d8de8c165964ba2c496e622a8e2982d99fb	calibration
dominant_to_calibration	confirmatory::Q9Z0M5	negative	d291e2f780ccae734f1044ab8a8bdd51fabac2c2899aa59af35fb22c772d8b01	evaluation
dominant_to_calibration	confirmatory::Q9Z132	negative	ab597ae36a75a822accee80a7fb8c5a108627e8b04e82116dbb8e9763f8fcc1a	evaluation
dominant_to_calibration	confirmatory::Q9Z1I7	negative	f92a8e542977ec3d6dc95e8a0bde11a3a1290134ed49574133ebe628e0201670	evaluation
dominant_to_calibration	confirmatory::Q9Z1N2	negative	72cb9fee1f9973e32bfa12f20c8173839167e61b5269a4617fc576f7404699c4	calibration
dominant_to_calibration	confirmatory::Q9Z1P8	negative	450882407bb31af420e3fb498b86045252de225bcb0bc544cb192820b36d6e90	evaluation
dominant_to_calibration	confirmatory::Q9Z1Q2	negative	19e73a82bf4cb2521cfe2b344a15acf1f9bc96fc692b16e9e3b365f8c7af5ab6	calibration
dominant_to_calibration	confirmatory::Q9Z1T2	negative	8f558a4eee23f79ecfac992febeb596d06db9acfae871d6a401f21d1c4f22bd5	calibration
dominant_to_calibration	confirmatory::Q9Z205	negative	a02247f20abea7bec5768325bf12ee1c76fa45207989f0178a55e6c2b53e8f3e	calibration
dominant_to_calibration	confirmatory::Q9Z2F6	negative	f3f20b6381602f1fa9d38f08b644cca24a343b2bae0205e1726918da57ad14fe	calibration
dominant_to_calibration	confirmatory::Q9Z2G0	negative	985193d7f0646ab5a63192350c4470719b706bcc5f16b43f74211a4adfe4c1c1	calibration
dominant_to_calibration	confirmatory::Q9Z2G1	negative	985193d7f0646ab5a63192350c4470719b706bcc5f16b43f74211a4adfe4c1c1	calibration
dominant_to_calibration	confirmatory::Q9Z2X2	negative	c41d4630e15f544ec84135758669bfdc604402cb0e775eafe26b38f9a53a251e	calibration
dominant_to_calibration	confirmatory::Q9Z2X3	negative	c41d4630e15f544ec84135758669bfdc604402cb0e775eafe26b38f9a53a251e	calibration
dominant_to_calibration	confirmatory::Q9Z395	negative	ea060f244e352de2544b388f1abc1899258898681ff665dbf7303805cc505276	calibration
dominant_to_calibration	confirmatory::Q9Z3Q2	negative	2685ac5e9c3442645f03a65b92530e7060d9cfb234238234c495a0a95d5a3e40	calibration
dominant_to_calibration	confirmatory::Q9ZCP9	negative	623f3f0445ba3d68f7f0b01360d57379b68a4bd25c5f902822b41b66dfcdfc89	evaluation
dominant_to_calibration	confirmatory::Q9ZFH0	negative	0f687ef291d0d4dfc3659ed1ef95ae61e3dd8c03d2840a583d3e0f0c06e7cc33	evaluation
dominant_to_calibration	confirmatory::Q9ZNS4	negative	80265ba0cf707cc2b9ab56977abaa12643a893bd6a9a455337c6c3dedf45bd7a	calibration
dominant_to_calibration	confirmatory::Q9ZNT0	negative	12099ebff3efead5c06a18a835e5239edabab4ca79c6c9ba0c916ef443726217	evaluation
dominant_to_calibration	confirmatory::Q9ZPW9	negative	86cc21bca61bd87e3a544b53de63d4a85a51acbb0d64b5ad6e6e2ba8aa8ab938	evaluation
dominant_to_calibration	confirmatory::Q9ZQR6	negative	75a4d4983b92c6f2d61f0da10de61a0b3695ceb2866193fa2677419ef8d5e03a	evaluation
dominant_to_calibration	confirmatory::Q9ZSB0	negative	0d9f327b1073890bfb36e5ee168a06ee2714bac452b116df3ae13f3e08179c5f	calibration
dominant_to_calibration	confirmatory::Q9ZSB1	negative	0d9f327b1073890bfb36e5ee168a06ee2714bac452b116df3ae13f3e08179c5f	calibration
dominant_to_calibration	confirmatory::Q9ZUF6	negative	0d9f327b1073890bfb36e5ee168a06ee2714bac452b116df3ae13f3e08179c5f	calibration
dominant_to_calibration	confirmatory::Q9ZUJ5	negative	d017fd0721e73202cadd9ae3298bfac8bb3fb75187118a3bf8c61e4be5e4e8e8	evaluation
dominant_to_calibration	confirmatory::Q9ZUK6	negative	34efdb7da6465528647a3456cde08984bda0ce26aa0261df4c8efe316d3e0938	evaluation
dominant_to_calibration	confirmatory::Q9ZW09	negative	067ae74d42b596cec7582bf029fe09ab77e540f889181e76f7318d4806994969	evaluation
dominant_to_calibration	confirmatory::R4IR27	negative	1bb7a69c5ac8dff09d9743d7de36e3db00db59e8de64893c6df4fc99ac9601d3	evaluation
dominant_to_calibration	confirmatory::S0DPL8	negative	0d3efe270b38b530a1b72e2e4e69ea9b829387d3d6778c12943eccd15f5b2def	evaluation
dominant_to_calibration	confirmatory::S2L5R8	negative	dccb74d38eb5e7a9f23fe80d041bb156f74f05b1c460fdc8136e9dbd7d77d278	calibration
dominant_to_calibration	confirmatory::S5ZYD3	negative	f92a8e542977ec3d6dc95e8a0bde11a3a1290134ed49574133ebe628e0201670	evaluation
dominant_to_calibration	confirmatory::U5L3M6	positive	d46d6fbf41b0e72265c3353d263b9e5cf09d121ed28bedc72646a2b1f3f2b582	evaluation
dominant_to_calibration	confirmatory::V5H924	negative	121c706e5f753d5a8d0d9bea281aff274d1814d3807067d9449e0c68886fc649	evaluation
dominant_to_calibration	confirmatory::W0IWL0	negative	4b9e7bea9ce8ee8ae94698ef8499017333c8e1e95a44680dba3be60d8618dc01	calibration
dominant_to_calibration	confirmatory::W0T4A7	negative	ba1e0fac2515a9031daa16567997afddc289a2ecb8756ffc8f0e1753d392ede6	evaluation
dominant_to_calibration	confirmatory::W4VRX8	positive	c27f5bf6c68711954b94a2be97ec72ba8cc36be02f73a0ca295afc21dc6d2b9d	evaluation
dominant_to_calibration	confirmatory::W7K9M0	negative	8e5a796ba82885cd75cc418837f05303b492fb3ec6b59865c2d21255824472b0	evaluation
dominant_to_calibration	confirmatory::W7MSI0	negative	3acb906c96b692236616cc3009c653767c3b556c5dfb67aabe445edfa7a5e8f5	evaluation
dominant_to_evaluation	confirmatory::A0A044RE18	negative	da1f730a80c0f0ed1f9303734404705fa18285380f99e8c78185dd847cf60b39	evaluation
dominant_to_evaluation	confirmatory::A0A061B0Q2	negative	ba1e0fac2515a9031daa16567997afddc289a2ecb8756ffc8f0e1753d392ede6	evaluation
dominant_to_evaluation	confirmatory::A0A072TH68	negative	dab6f722b5cc93168bb39042302381bb8a3d9776198eb56cf1b8fdc6cdf20f05	calibration
dominant_to_evaluation	confirmatory::A0A075TXZ3	negative	cac9af42f4ae57301027c1e2f4a3d46f2a687f8604d3ddb177f190c2303fa392	evaluation
dominant_to_evaluation	confirmatory::A0A096LNW5	negative	2e15cb2fc2f0449dac82dac687f594e94ca3244b833b3121d2dcc58df8ed7387	calibration
dominant_to_evaluation	confirmatory::A0A0A2JH00	negative	45391203f69cfd002b717d02df6e970658a4171efe8351e0782c654e0f05ed6f	evaluation
dominant_to_evaluation	confirmatory::A0A0A2JT36	negative	45391203f69cfd002b717d02df6e970658a4171efe8351e0782c654e0f05ed6f	evaluation
dominant_to_evaluation	confirmatory::A0A0B4JDK1	negative	86cc21bca61bd87e3a544b53de63d4a85a51acbb0d64b5ad6e6e2ba8aa8ab938	calibration
dominant_to_evaluation	confirmatory::A0A0D2H023	negative	22ee75680ec597ef719d4a4b357195095a11165b38d50162b311687143b0223e	evaluation
dominant_to_evaluation	confirmatory::A0A0E4AET8	negative	d1c6ab564afa4059f4195e330c3f3d2fa72e6c258ca03ccbdb0ec294d4b10bcb	evaluation
dominant_to_evaluation	confirmatory::A0A0F7YZI5	positive	e93bfb070a0802e94c547344247f4964e6fd44618a06c0c809d9cbfddc5cd6da	evaluation
dominant_to_evaluation	confirmatory::A0A0I9QGZ7	negative	dccb74d38eb5e7a9f23fe80d041bb156f74f05b1c460fdc8136e9dbd7d77d278	evaluation
dominant_to_evaluation	confirmatory::A0A0I9RJ56	negative	dccb74d38eb5e7a9f23fe80d041bb156f74f05b1c460fdc8136e9dbd7d77d278	evaluation
dominant_to_evaluation	confirmatory::A0A0K0IP23	negative	98d6cf72f6d5b7f41f1c4f063a5ce9beb6b615ee41b29866dc83cd515ac4e363	calibration
dominant_to_evaluation	confirmatory::A0A0K1YW63	positive	2d720c3aac33acdaccc9c4017a02d0344d387bbc4e7835c5e5ed0d871bb8a00b	evaluation
dominant_to_evaluation	confirmatory::A0A0K3AVY3	negative	9a3dfb845640fb89c5b0d5f56ba2397ead313b9180f78d550b63f8ae3d945428	evaluation
dominant_to_evaluation	confirmatory::A0A0M3R8G2	negative	0d9f327b1073890bfb36e5ee168a06ee2714bac452b116df3ae13f3e08179c5f	evaluation
dominant_to_evaluation	confirmatory::A0A0N9E2K8	negative	d498470a61783f09b7f843ca3a7c66a02ba48e4ab1c44629ca47394b33753185	calibration
dominant_to_evaluation	confirmatory::A0A0P0VIP0	negative	067ae74d42b596cec7582bf029fe09ab77e540f889181e76f7318d4806994969	evaluation
dominant_to_evaluation	confirmatory::A0A0U5CNN8	negative	4f3e7856e47d9bb542145dc2a6ac9f77098057b26e31a347d114b7dccfdaf3b3	evaluation
dominant_to_evaluation	confirmatory::A0A126P745	negative	a170194adc194fb21dffdc55783bb09f3b3984b17ca9a09b6dd03fc1a8ba388e	evaluation
dominant_to_evaluation	confirmatory::A0A158V755	negative	86cc21bca61bd87e3a544b53de63d4a85a51acbb0d64b5ad6e6e2ba8aa8ab938	calibration
dominant_to_evaluation	confirmatory::A0A158V976	negative	86cc21bca61bd87e3a544b53de63d4a85a51acbb0d64b5ad6e6e2ba8aa8ab938	calibration
dominant_to_evaluation	confirmatory::A0A1D5PXA5	negative	36dec6c60a72d94ff56ec694716245de514abc69b61f3fd1ef27385953643515	evaluation
dominant_to_evaluation	confirmatory::A0A1E3P8S6	negative	ba1e0fac2515a9031daa16567997afddc289a2ecb8756ffc8f0e1753d392ede6	evaluation
dominant_to_evaluation	confirmatory::A0A1E4S2P1	negative	ba1e0fac2515a9031daa16567997afddc289a2ecb8756ffc8f0e1753d392ede6	evaluation
dominant_to_evaluation	confirmatory::A0A1E5RIW9	negative	ba1e0fac2515a9031daa16567997afddc289a2ecb8756ffc8f0e1753d392ede6	evaluation
dominant_to_evaluation	confirmatory::A0A1E5RUL9	negative	ba1e0fac2515a9031daa16567997afddc289a2ecb8756ffc8f0e1753d392ede6	evaluation
dominant_to_evaluation	confirmatory::A0A1L3THR9	negative	fb3d9086710c22eb209777dc02506bc21ad102b35c0a2d4e54e73b021c9991f7	evaluation
dominant_to_evaluation	confirmatory::A0A1S3PBB7	negative	861c7bcca3b8e4eac72e806dcba31d4da272a93974766e37a2e06b5a5e8d1869	evaluation
dominant_to_evaluation	confirmatory::A0A1S4F1Z7	negative	e90927628f28bf77ba4977999703a0f5283aaa54bf12a102fc3818af0ee241a5	calibration
dominant_to_evaluation	confirmatory::A0A1S4GMJ4	negative	538100a2a1035347bf44b432a07387dc6637e6ab335f44695bb5bbc5148ac479	calibration
dominant_to_evaluation	confirmatory::A0A1S4HE51	negative	ce0952874a21fefcb6219706cce3470c734918213868557bb54cb03287194e10	calibration
dominant_to_evaluation	confirmatory::A0A1S6EK91	negative	4b9e7bea9ce8ee8ae94698ef8499017333c8e1e95a44680dba3be60d8618dc01	evaluation
dominant_to_evaluation	confirmatory::A0A1S6EK92	negative	4b9e7bea9ce8ee8ae94698ef8499017333c8e1e95a44680dba3be60d8618dc01	evaluation
dominant_to_evaluation	confirmatory::A0A242M8J4	negative	3abf5d0ff854c33c119f633ea527daaf78080a9c4a745c849bf46258c9516dec	evaluation
dominant_to_evaluation	confirmatory::A0A2J6KL39	negative	86cc21bca61bd87e3a544b53de63d4a85a51acbb0d64b5ad6e6e2ba8aa8ab938	calibration
dominant_to_evaluation	confirmatory::A0A2Z4HPY5	negative	dccb74d38eb5e7a9f23fe80d041bb156f74f05b1c460fdc8136e9dbd7d77d278	evaluation
dominant_to_evaluation	confirmatory::A0A336U965	negative	68b086e1206e04b9d4020408698d20579108d59d5796bf61d6e1fb82e8c7330f	calibration
dominant_to_evaluation	confirmatory::A0A3S6I186	negative	121c706e5f753d5a8d0d9bea281aff274d1814d3807067d9449e0c68886fc649	evaluation
dominant_to_evaluation	confirmatory::A0A3Z7J6R4	positive	511b95d616797d2a6feb00c8ea7abcbec22a30e90f2c2241fa41302d8c6d5309	evaluation
dominant_to_evaluation	confirmatory::A0A423VWI2	negative	c9b862c03e66abf0945b87e64b8113dab142c3035342040a10f2769bfcaf3908	calibration
dominant_to_evaluation	confirmatory::A0A437AFK1	negative	cbc703c880fe3d6ff9294b5af3500fbb8cffd2583950cd21b3bc05eb25a524ed	evaluation
dominant_to_evaluation	confirmatory::A0A443HK52	negative	d1c6ab564afa4059f4195e330c3f3d2fa72e6c258ca03ccbdb0ec294d4b10bcb	evaluation
dominant_to_evaluation	confirmatory::A0A482AQK7	positive	59facbb027d698778c6cd2b08debdae5f0dff0f5b1d9ba18939faffc29708e2f	evaluation
dominant_to_evaluation	confirmatory::A0A482ARP7	positive	defdeab2b5f8936167a85efb78490e229fba50039ab852347c38881127c636eb	evaluation
dominant_to_evaluation	confirmatory::A0A4Y5X186	positive	eca2afaa73906340c0c0a9bd330726b01050947b6064cda69ae2b585f323140b	evaluation
dominant_to_evaluation	confirmatory::A0A509AM03	negative	8e5a796ba82885cd75cc418837f05303b492fb3ec6b59865c2d21255824472b0	evaluation
dominant_to_evaluation	confirmatory::A0A509AQU3	negative	12aaea425296120a8d7558459805dd38b5e4f4ae891524938b5c0d522e16a38e	evaluation
dominant_to_evaluation	confirmatory::A0A509AST0	negative	8927deb3d36b81872f02f6f2fa6723ab07c6e1431a67fe41e943be1849602b11	evaluation
dominant_to_evaluation	confirmatory::A0A5C1J0Z8	negative	121c706e5f753d5a8d0d9bea281aff274d1814d3807067d9449e0c68886fc649	evaluation
dominant_to_evaluation	confirmatory::A0A6B9KZ52	negative	c8f7d07bfe3a8ead90fadb393da616d778b0eaef18212490445c69e998b1cb24	evaluation
dominant_to_evaluation	confirmatory::A0A6B9L8T7	negative	c8f7d07bfe3a8ead90fadb393da616d778b0eaef18212490445c69e998b1cb24	evaluation
dominant_to_evaluation	confirmatory::A0A6F8RQ06	negative	4f3e7856e47d9bb542145dc2a6ac9f77098057b26e31a347d114b7dccfdaf3b3	evaluation
dominant_to_evaluation	confirmatory::A0A7H0DN13	negative	d1c310bf0ba6d0096f9d7112c268048f8ec36ff308e6ee6aed1e927cb41d53a5	evaluation
dominant_to_evaluation	confirmatory::A0A7N9VSG0	negative	d8e8950e584547a3cfa7be839a4841964b10c9b394cc52fc1ce81bee4cdf9e59	evaluation
dominant_to_evaluation	confirmatory::A0A8I6AGW3	negative	725376337385731c27c04b3295d4b5d7c66d2e8cbf129aaea87ba3f5efc0a84e	evaluation
dominant_to_evaluation	confirmatory::A0A8J8	negative	450882407bb31af420e3fb498b86045252de225bcb0bc544cb192820b36d6e90	calibration
dominant_to_evaluation	confirmatory::A0A976SLN7	positive	131230078b8b65b6f716da1e88ee92f02d5dfc31cb20ce4a23171944f4c44180	evaluation
dominant_to_evaluation	confirmatory::A0AB36VXQ9	negative	80188e9791182b3a7d2f79c0e2ed86136b48ed6a049411d036b36313dbd8bbd5	calibration
dominant_to_evaluation	confirmatory::A0AT28	negative	86cc21bca61bd87e3a544b53de63d4a85a51acbb0d64b5ad6e6e2ba8aa8ab938	calibration
dominant_to_evaluation	confirmatory::A0AT29	negative	86cc21bca61bd87e3a544b53de63d4a85a51acbb0d64b5ad6e6e2ba8aa8ab938	calibration
dominant_to_evaluation	confirmatory::A0AT30	negative	86cc21bca61bd87e3a544b53de63d4a85a51acbb0d64b5ad6e6e2ba8aa8ab938	calibration
dominant_to_evaluation	confirmatory::A0AT31	negative	86cc21bca61bd87e3a544b53de63d4a85a51acbb0d64b5ad6e6e2ba8aa8ab938	calibration
dominant_to_evaluation	confirmatory::A0AT32	negative	86cc21bca61bd87e3a544b53de63d4a85a51acbb0d64b5ad6e6e2ba8aa8ab938	calibration
dominant_to_evaluation	confirmatory::A0AT33	negative	86cc21bca61bd87e3a544b53de63d4a85a51acbb0d64b5ad6e6e2ba8aa8ab938	calibration
dominant_to_evaluation	confirmatory::A0JRH2	negative	ea060f244e352de2544b388f1abc1899258898681ff665dbf7303805cc505276	evaluation
dominant_to_evaluation	confirmatory::A0JRH4	negative	ea060f244e352de2544b388f1abc1899258898681ff665dbf7303805cc505276	evaluation
dominant_to_evaluation	confirmatory::A0K576	negative	ea060f244e352de2544b388f1abc1899258898681ff665dbf7303805cc505276	evaluation
dominant_to_evaluation	confirmatory::A0K578	negative	ea060f244e352de2544b388f1abc1899258898681ff665dbf7303805cc505276	evaluation
dominant_to_evaluation	confirmatory::A0KF11	negative	d52af3aeba16f166910db4a02e939c6bcf3e5ff1879d6147eae4d668380d76f5	calibration
dominant_to_evaluation	confirmatory::A0L6F2	negative	ea060f244e352de2544b388f1abc1899258898681ff665dbf7303805cc505276	evaluation
dominant_to_evaluation	confirmatory::A0PSG4	negative	ea060f244e352de2544b388f1abc1899258898681ff665dbf7303805cc505276	evaluation
dominant_to_evaluation	confirmatory::A0QLI5	positive	a7af5984ba4c5657a0975457b37cd529e9331f35a3e25151c637c916a173db32	evaluation
dominant_to_evaluation	confirmatory::A0QNL1	negative	2bb5876ea0a1d742ad5d709c935d4748a9c391f3ac1aa3a0f0ad6b539cf2d10b	evaluation
dominant_to_evaluation	confirmatory::A0QYE0	negative	ea060f244e352de2544b388f1abc1899258898681ff665dbf7303805cc505276	evaluation
dominant_to_evaluation	confirmatory::A0QYE2	negative	ea060f244e352de2544b388f1abc1899258898681ff665dbf7303805cc505276	evaluation
dominant_to_evaluation	confirmatory::A0ZSK3	positive	844110142195b0ccdbfe2efc6b360f05d6d78cf646bfffc6526a4d3e2c737156	evaluation
dominant_to_evaluation	confirmatory::A1AGT6	negative	d52af3aeba16f166910db4a02e939c6bcf3e5ff1879d6147eae4d668380d76f5	calibration
dominant_to_evaluation	confirmatory::A1B1C2	negative	ea060f244e352de2544b388f1abc1899258898681ff665dbf7303805cc505276	evaluation
dominant_to_evaluation	confirmatory::A1BN60	negative	cd44ecfb0231fbe25976a913c1248001f954c4063e308617e008c4b65e1d218b	calibration
dominant_to_evaluation	confirmatory::A1BN61	negative	cd44ecfb0231fbe25976a913c1248001f954c4063e308617e008c4b65e1d218b	calibration
dominant_to_evaluation	confirmatory::A1CIA7	negative	1bb7a69c5ac8dff09d9743d7de36e3db00db59e8de64893c6df4fc99ac9601d3	calibration
dominant_to_evaluation	confirmatory::A1JKD7	negative	ea060f244e352de2544b388f1abc1899258898681ff665dbf7303805cc505276	evaluation
dominant_to_evaluation	confirmatory::A1KBB4	negative	ea060f244e352de2544b388f1abc1899258898681ff665dbf7303805cc505276	evaluation
dominant_to_evaluation	confirmatory::A1KBB7	negative	ea060f244e352de2544b388f1abc1899258898681ff665dbf7303805cc505276	evaluation
dominant_to_evaluation	confirmatory::A1KJR2	negative	ea060f244e352de2544b388f1abc1899258898681ff665dbf7303805cc505276	evaluation
dominant_to_evaluation	confirmatory::A1KP32	negative	dccb74d38eb5e7a9f23fe80d041bb156f74f05b1c460fdc8136e9dbd7d77d278	evaluation
dominant_to_evaluation	confirmatory::A1R1C3	negative	ea060f244e352de2544b388f1abc1899258898681ff665dbf7303805cc505276	evaluation
dominant_to_evaluation	confirmatory::A1R1C5	negative	ea060f244e352de2544b388f1abc1899258898681ff665dbf7303805cc505276	evaluation
dominant_to_evaluation	confirmatory::A1SYX9	negative	ea060f244e352de2544b388f1abc1899258898681ff665dbf7303805cc505276	evaluation
dominant_to_evaluation	confirmatory::A1SYY1	negative	ea060f244e352de2544b388f1abc1899258898681ff665dbf7303805cc505276	evaluation
dominant_to_evaluation	confirmatory::A1T9N4	negative	ea060f244e352de2544b388f1abc1899258898681ff665dbf7303805cc505276	evaluation
dominant_to_evaluation	confirmatory::A1T9N6	negative	ea060f244e352de2544b388f1abc1899258898681ff665dbf7303805cc505276	evaluation
dominant_to_evaluation	confirmatory::A1TSZ3	negative	ea060f244e352de2544b388f1abc1899258898681ff665dbf7303805cc505276	evaluation
dominant_to_evaluation	confirmatory::A1TSZ6	negative	ea060f244e352de2544b388f1abc1899258898681ff665dbf7303805cc505276	evaluation
dominant_to_evaluation	confirmatory::A1TY14	negative	dccb74d38eb5e7a9f23fe80d041bb156f74f05b1c460fdc8136e9dbd7d77d278	evaluation
dominant_to_evaluation	confirmatory::A1U4Z8	negative	ea060f244e352de2544b388f1abc1899258898681ff665dbf7303805cc505276	evaluation
dominant_to_evaluation	confirmatory::A1U500	negative	ea060f244e352de2544b388f1abc1899258898681ff665dbf7303805cc505276	evaluation
dominant_to_evaluation	confirmatory::A1UGT5	negative	ea060f244e352de2544b388f1abc1899258898681ff665dbf7303805cc505276	evaluation
dominant_to_evaluation	confirmatory::A1UGT7	negative	ea060f244e352de2544b388f1abc1899258898681ff665dbf7303805cc505276	evaluation
dominant_to_evaluation	confirmatory::A1V1G6	negative	ea060f244e352de2544b388f1abc1899258898681ff665dbf7303805cc505276	evaluation
dominant_to_evaluation	confirmatory::A1VKW3	negative	ea060f244e352de2544b388f1abc1899258898681ff665dbf7303805cc505276	evaluation
dominant_to_evaluation	confirmatory::A1VKW6	negative	ea060f244e352de2544b388f1abc1899258898681ff665dbf7303805cc505276	evaluation
dominant_to_evaluation	confirmatory::A1VUV0	negative	8762b4dd22780fe23714f203220cc300c681de14521ee5b1a75119c4bf2ce030	evaluation
dominant_to_evaluation	confirmatory::A1WIM3	negative	ea060f244e352de2544b388f1abc1899258898681ff665dbf7303805cc505276	evaluation
dominant_to_evaluation	confirmatory::A1WIM6	negative	ea060f244e352de2544b388f1abc1899258898681ff665dbf7303805cc505276	evaluation
dominant_to_evaluation	confirmatory::A2AEP0	negative	f92a8e542977ec3d6dc95e8a0bde11a3a1290134ed49574133ebe628e0201670	evaluation
dominant_to_evaluation	confirmatory::A2AJB7	negative	534b45f9acd7ab159049e720dc9aa52305a3927a63e9dbaaa55eae82197a9f92	evaluation
dominant_to_evaluation	confirmatory::A2ATD1	negative	5fa57ddd6214726ab33b89d585752101833c823a17d22598572232302a52b8c6	evaluation
dominant_to_evaluation	confirmatory::A2AV25	negative	450882407bb31af420e3fb498b86045252de225bcb0bc544cb192820b36d6e90	calibration
dominant_to_evaluation	confirmatory::A2BIM8	negative	ae072172ac565f240e9af5c41bfdfc0174476f5f1bc878f8c5aab26e7d89d267	calibration
dominant_to_evaluation	confirmatory::A2BQW6	negative	ea060f244e352de2544b388f1abc1899258898681ff665dbf7303805cc505276	evaluation
dominant_to_evaluation	confirmatory::A2BQW8	negative	ea060f244e352de2544b388f1abc1899258898681ff665dbf7303805cc505276	evaluation
dominant_to_evaluation	confirmatory::A2C4S0	negative	ea060f244e352de2544b388f1abc1899258898681ff665dbf7303805cc505276	evaluation
dominant_to_evaluation	confirmatory::A2C4S2	negative	ea060f244e352de2544b388f1abc1899258898681ff665dbf7303805cc505276	evaluation
dominant_to_evaluation	confirmatory::A2CDZ9	negative	ea060f244e352de2544b388f1abc1899258898681ff665dbf7303805cc505276	evaluation
dominant_to_evaluation	confirmatory::A2S996	negative	ea060f244e352de2544b388f1abc1899258898681ff665dbf7303805cc505276	evaluation
dominant_to_evaluation	confirmatory::A2S998	negative	ea060f244e352de2544b388f1abc1899258898681ff665dbf7303805cc505276	evaluation
dominant_to_evaluation	confirmatory::A2SDJ0	negative	ea060f244e352de2544b388f1abc1899258898681ff665dbf7303805cc505276	evaluation
dominant_to_evaluation	confirmatory::A2SDJ2	negative	ea060f244e352de2544b388f1abc1899258898681ff665dbf7303805cc505276	evaluation
dominant_to_evaluation	confirmatory::A2VDN5	negative	9be8126a2dbfcd7513074efb8f97e42b52a270b713971328a72dcad11b7a1f84	calibration
dominant_to_evaluation	confirmatory::A2XBN5	negative	6b111aaea1b14ddb814846a85c23e172f370297153b0c3e30d310f7fcbc01eb9	evaluation
dominant_to_evaluation	confirmatory::A2XMB2	negative	9e66f92e3f626e738b94300e03df7a1a329731025f17ed2efddc46e081025f75	calibration
dominant_to_evaluation	confirmatory::A2ZAT0	negative	34efdb7da6465528647a3456cde08984bda0ce26aa0261df4c8efe316d3e0938	calibration
dominant_to_evaluation	confirmatory::A2ZVG7	negative	680707c63f2d0908a00fc3e6a2b0744b4e4e8af00160e670b7cb677f0fa3e661	evaluation
dominant_to_evaluation	confirmatory::A3C4N5	negative	369890e1b4fdd3f4d633bc750ce4706bc6a1c2d11deb58e010bd3f44230852d0	calibration
dominant_to_evaluation	confirmatory::A3DBX3	negative	b50108bd06e279382f88116b4ac767ee52e992f299c68bd014bf1aba3d146df7	calibration
dominant_to_evaluation	confirmatory::A3DC29	negative	5ae7ac46313d6410621fc3af950e6a9f4505914a5a1db2c5e204ffa85c68587a	evaluation
dominant_to_evaluation	confirmatory::A3DCH1	negative	03e3cfd4b22606884345109e72fd5ecae4af91e9704992b7e90c011c34e5b55f	calibration
dominant_to_evaluation	confirmatory::A3DD66	negative	e4e61f8166d6f21bee5ef118ec26a04c00b66e9cff2746fdbef7f26224662abd	evaluation
dominant_to_evaluation	confirmatory::A3DDN1	negative	04f292ab479d88e5a13be3518b3ebd4ae45ba937d2d663130bc5393caf1d8ef7	evaluation
dominant_to_evaluation	confirmatory::A3DFA0	negative	a00384a0c9fb6ab048e78eb3d60db510d8d313ce9a15dfda96cf700e638435e3	evaluation
dominant_to_evaluation	confirmatory::A3DGF8	negative	ea060f244e352de2544b388f1abc1899258898681ff665dbf7303805cc505276	evaluation
dominant_to_evaluation	confirmatory::A3DGG0	negative	ea060f244e352de2544b388f1abc1899258898681ff665dbf7303805cc505276	evaluation
dominant_to_evaluation	confirmatory::A3DH67	negative	ff0df9e8d06fb39518053d7afe70479e7a1b85bf8cda7237b90893f9c9c35c44	evaluation
dominant_to_evaluation	confirmatory::A3M3F0	negative	ea060f244e352de2544b388f1abc1899258898681ff665dbf7303805cc505276	evaluation
dominant_to_evaluation	confirmatory::A3MMV0	negative	ea060f244e352de2544b388f1abc1899258898681ff665dbf7303805cc505276	evaluation
dominant_to_evaluation	confirmatory::A3MMV2	negative	ea060f244e352de2544b388f1abc1899258898681ff665dbf7303805cc505276	evaluation
dominant_to_evaluation	confirmatory::A3N2R4	negative	ea060f244e352de2544b388f1abc1899258898681ff665dbf7303805cc505276	evaluation
dominant_to_evaluation	confirmatory::A3N2R6	negative	ea060f244e352de2544b388f1abc1899258898681ff665dbf7303805cc505276	evaluation
dominant_to_evaluation	confirmatory::A3NCL5	negative	ea060f244e352de2544b388f1abc1899258898681ff665dbf7303805cc505276	evaluation
dominant_to_evaluation	confirmatory::A3NCL7	negative	ea060f244e352de2544b388f1abc1899258898681ff665dbf7303805cc505276	evaluation
dominant_to_evaluation	confirmatory::A3NYC7	negative	ea060f244e352de2544b388f1abc1899258898681ff665dbf7303805cc505276	evaluation
dominant_to_evaluation	confirmatory::A3PCN9	negative	ea060f244e352de2544b388f1abc1899258898681ff665dbf7303805cc505276	evaluation
dominant_to_evaluation	confirmatory::A3PCP1	negative	ea060f244e352de2544b388f1abc1899258898681ff665dbf7303805cc505276	evaluation
dominant_to_evaluation	confirmatory::A3PL38	negative	ea060f244e352de2544b388f1abc1899258898681ff665dbf7303805cc505276	evaluation
dominant_to_evaluation	confirmatory::A3PL42	negative	ea060f244e352de2544b388f1abc1899258898681ff665dbf7303805cc505276	evaluation
dominant_to_evaluation	confirmatory::A3Q0D5	negative	ea060f244e352de2544b388f1abc1899258898681ff665dbf7303805cc505276	evaluation
dominant_to_evaluation	confirmatory::A3Q0D7	negative	ea060f244e352de2544b388f1abc1899258898681ff665dbf7303805cc505276	evaluation
dominant_to_evaluation	confirmatory::A3UNN4	positive	b4f662e78d142081c046e30e6b0422bf65f9c717c2270f58f27ff66ee054b5ed	evaluation
dominant_to_evaluation	confirmatory::A4D7T3	negative	fda4691ac7474afa1416f69875bb1ae70c656582bd0ae9c47990dadde158ccc4	calibration
dominant_to_evaluation	confirmatory::A4FV93	negative	389ad42570c89a23dada5ba64aad3e0bd24cb5b88b1fc4a23e5d29f2508b4cfc	evaluation
dominant_to_evaluation	confirmatory::A4JC44	negative	ea060f244e352de2544b388f1abc1899258898681ff665dbf7303805cc505276	evaluation
dominant_to_evaluation	confirmatory::A4JIS1	negative	dccb74d38eb5e7a9f23fe80d041bb156f74f05b1c460fdc8136e9dbd7d77d278	evaluation
dominant_to_evaluation	confirmatory::A4KWA1	negative	8b82ebf287b833af4d036924547c8249a2374ba8620909e97c73d9f10372ee04	calibration
dominant_to_evaluation	confirmatory::A4KX75	negative	25a58f0daab75bea58f589e32d47a99ffc473c00f064351f9c2f20cf74083148	evaluation
dominant_to_evaluation	confirmatory::A4QA21	negative	ea060f244e352de2544b388f1abc1899258898681ff665dbf7303805cc505276	evaluation
dominant_to_evaluation	confirmatory::A4SY44	negative	ea060f244e352de2544b388f1abc1899258898681ff665dbf7303805cc505276	evaluation
dominant_to_evaluation	confirmatory::A4SY47	negative	ea060f244e352de2544b388f1abc1899258898681ff665dbf7303805cc505276	evaluation
dominant_to_evaluation	confirmatory::A4TAD3	negative	ea060f244e352de2544b388f1abc1899258898681ff665dbf7303805cc505276	evaluation
dominant_to_evaluation	confirmatory::A4TL32	negative	ea060f244e352de2544b388f1abc1899258898681ff665dbf7303805cc505276	evaluation
dominant_to_evaluation	confirmatory::A4TL34	negative	ea060f244e352de2544b388f1abc1899258898681ff665dbf7303805cc505276	evaluation
dominant_to_evaluation	confirmatory::A4VQU9	negative	ea060f244e352de2544b388f1abc1899258898681ff665dbf7303805cc505276	evaluation
dominant_to_evaluation	confirmatory::A4WEJ3	negative	ea060f244e352de2544b388f1abc1899258898681ff665dbf7303805cc505276	evaluation
dominant_to_evaluation	confirmatory::A4WEJ5	negative	ea060f244e352de2544b388f1abc1899258898681ff665dbf7303805cc505276	evaluation
dominant_to_evaluation	confirmatory::A4WR72	negative	ea060f244e352de2544b388f1abc1899258898681ff665dbf7303805cc505276	evaluation
dominant_to_evaluation	confirmatory::A4WR75	negative	ea060f244e352de2544b388f1abc1899258898681ff665dbf7303805cc505276	evaluation
dominant_to_evaluation	confirmatory::A4XMA9	negative	ea060f244e352de2544b388f1abc1899258898681ff665dbf7303805cc505276	evaluation
dominant_to_evaluation	confirmatory::A4XQ47	negative	ea060f244e352de2544b388f1abc1899258898681ff665dbf7303805cc505276	evaluation
dominant_to_evaluation	confirmatory::A5A6L1	negative	80411b172a57342a9e6ff35099764047f561bf1337df03f29cf013ee3a7b28d0	calibration
dominant_to_evaluation	confirmatory::A5D6U8	negative	bb6ceea07e989d80c137788cdbdfd634ab9becd492e572919974a7e2ecc7bc23	calibration
dominant_to_evaluation	confirmatory::A5FAD1	negative	ea060f244e352de2544b388f1abc1899258898681ff665dbf7303805cc505276	evaluation
dominant_to_evaluation	confirmatory::A5FAD3	negative	ea060f244e352de2544b388f1abc1899258898681ff665dbf7303805cc505276	evaluation
dominant_to_evaluation	confirmatory::A5FIF5	negative	b2dbf356da71784a430c5516a93d99670b8c6f840b5d517c6b62decf9a358dfa	calibration
dominant_to_evaluation	confirmatory::A5GWV5	negative	ea060f244e352de2544b388f1abc1899258898681ff665dbf7303805cc505276	evaluation
dominant_to_evaluation	confirmatory::A5GWV7	negative	ea060f244e352de2544b388f1abc1899258898681ff665dbf7303805cc505276	evaluation
dominant_to_evaluation	confirmatory::A5U3L5	negative	ea060f244e352de2544b388f1abc1899258898681ff665dbf7303805cc505276	evaluation
dominant_to_evaluation	confirmatory::A5U3L7	negative	ea060f244e352de2544b388f1abc1899258898681ff665dbf7303805cc505276	evaluation
dominant_to_evaluation	confirmatory::A5U815	negative	dccb74d38eb5e7a9f23fe80d041bb156f74f05b1c460fdc8136e9dbd7d77d278	evaluation
dominant_to_evaluation	confirmatory::A5U9V6	negative	ea060f244e352de2544b388f1abc1899258898681ff665dbf7303805cc505276	evaluation
dominant_to_evaluation	confirmatory::A5UH45	negative	ea060f244e352de2544b388f1abc1899258898681ff665dbf7303805cc505276	evaluation
dominant_to_evaluation	confirmatory::A5UH46	negative	ea060f244e352de2544b388f1abc1899258898681ff665dbf7303805cc505276	evaluation
dominant_to_evaluation	confirmatory::A5W4B6	negative	ea060f244e352de2544b388f1abc1899258898681ff665dbf7303805cc505276	evaluation
dominant_to_evaluation	confirmatory::A5W4B8	negative	ea060f244e352de2544b388f1abc1899258898681ff665dbf7303805cc505276	evaluation
dominant_to_evaluation	confirmatory::A6H772	negative	369890e1b4fdd3f4d633bc750ce4706bc6a1c2d11deb58e010bd3f44230852d0	calibration
dominant_to_evaluation	confirmatory::A6NFH5	negative	34b41219611ac71b39f94001659d257ef301dc42fb86d0ab1b2396d000b25f11	calibration
dominant_to_evaluation	confirmatory::A6NKQ9	negative	cd44ecfb0231fbe25976a913c1248001f954c4063e308617e008c4b65e1d218b	calibration
dominant_to_evaluation	confirmatory::A6NMB9	negative	725376337385731c27c04b3295d4b5d7c66d2e8cbf129aaea87ba3f5efc0a84e	evaluation
dominant_to_evaluation	confirmatory::A6QJC8	negative	ea060f244e352de2544b388f1abc1899258898681ff665dbf7303805cc505276	evaluation
dominant_to_evaluation	confirmatory::A6SZ07	negative	ea060f244e352de2544b388f1abc1899258898681ff665dbf7303805cc505276	evaluation
dominant_to_evaluation	confirmatory::A6U412	negative	ea060f244e352de2544b388f1abc1899258898681ff665dbf7303805cc505276	evaluation
dominant_to_evaluation	confirmatory::A6U414	negative	ea060f244e352de2544b388f1abc1899258898681ff665dbf7303805cc505276	evaluation
dominant_to_evaluation	confirmatory::A6UC35	negative	ea060f244e352de2544b388f1abc1899258898681ff665dbf7303805cc505276	evaluation
dominant_to_evaluation	confirmatory::A6VCX2	negative	ea060f244e352de2544b388f1abc1899258898681ff665dbf7303805cc505276	evaluation
dominant_to_evaluation	confirmatory::A6VTV6	negative	ea060f244e352de2544b388f1abc1899258898681ff665dbf7303805cc505276	evaluation
dominant_to_evaluation	confirmatory::A6VTV8	negative	ea060f244e352de2544b388f1abc1899258898681ff665dbf7303805cc505276	evaluation
dominant_to_evaluation	confirmatory::A6YLM6	negative	34b41219611ac71b39f94001659d257ef301dc42fb86d0ab1b2396d000b25f11	calibration
dominant_to_evaluation	confirmatory::A7E2S9	negative	3f46fc3f2d1bda80d3ddbb65ad85c43e33e800e5bfecef478730042eb059471a	calibration
dominant_to_evaluation	confirmatory::A7FFN0	negative	ea060f244e352de2544b388f1abc1899258898681ff665dbf7303805cc505276	evaluation
dominant_to_evaluation	confirmatory::A7FFN2	negative	ea060f244e352de2544b388f1abc1899258898681ff665dbf7303805cc505276	evaluation
dominant_to_evaluation	confirmatory::A7HHN1	negative	ea060f244e352de2544b388f1abc1899258898681ff665dbf7303805cc505276	evaluation
dominant_to_evaluation	confirmatory::A7MB89	negative	985193d7f0646ab5a63192350c4470719b706bcc5f16b43f74211a4adfe4c1c1	calibration
dominant_to_evaluation	confirmatory::A7XQ02	negative	4b9e7bea9ce8ee8ae94698ef8499017333c8e1e95a44680dba3be60d8618dc01	evaluation
dominant_to_evaluation	confirmatory::A7YN26	negative	d1c6ab564afa4059f4195e330c3f3d2fa72e6c258ca03ccbdb0ec294d4b10bcb	evaluation
dominant_to_evaluation	confirmatory::A7YSY2	negative	d8e8950e584547a3cfa7be839a4841964b10c9b394cc52fc1ce81bee4cdf9e59	evaluation
dominant_to_evaluation	confirmatory::A7YY53	negative	e1d839f381927b9a2033cd2376ea1dec270868532d82b0db04197ab80478009c	evaluation
dominant_to_evaluation	confirmatory::A7Z9N4	negative	ea060f244e352de2544b388f1abc1899258898681ff665dbf7303805cc505276	evaluation
dominant_to_evaluation	confirmatory::A8APV0	negative	ea060f244e352de2544b388f1abc1899258898681ff665dbf7303805cc505276	evaluation
dominant_to_evaluation	confirmatory::A8ESZ8	negative	ea060f244e352de2544b388f1abc1899258898681ff665dbf7303805cc505276	evaluation
dominant_to_evaluation	confirmatory::A8G4K9	negative	ea060f244e352de2544b388f1abc1899258898681ff665dbf7303805cc505276	evaluation
dominant_to_evaluation	confirmatory::A8L7B0	negative	ea060f244e352de2544b388f1abc1899258898681ff665dbf7303805cc505276	evaluation
dominant_to_evaluation	confirmatory::A8LRS0	negative	ea060f244e352de2544b388f1abc1899258898681ff665dbf7303805cc505276	evaluation
dominant_to_evaluation	confirmatory::A8LRS4	negative	ea060f244e352de2544b388f1abc1899258898681ff665dbf7303805cc505276	evaluation
dominant_to_evaluation	confirmatory::A8MPR5	negative	6434d3b28036567f428f28fcef247321a9bc87b087d996aee66cc5796a4f9454	calibration
dominant_to_evaluation	confirmatory::A8MUU1	negative	34b41219611ac71b39f94001659d257ef301dc42fb86d0ab1b2396d000b25f11	calibration
dominant_to_evaluation	confirmatory::A8MV23	negative	d4b8fd03a3caaecd44d5b548daa02c315b9633db3506830623271b9a37653456	calibration
dominant_to_evaluation	confirmatory::A8MXQ7	negative	93601b5fbb8fbffca24663bebe2d32b3945126c33a72486b375339579e08811e	calibration
dominant_to_evaluation	confirmatory::A8T644	negative	1bb7a69c5ac8dff09d9743d7de36e3db00db59e8de64893c6df4fc99ac9601d3	calibration
dominant_to_evaluation	confirmatory::A8T662	negative	1bb7a69c5ac8dff09d9743d7de36e3db00db59e8de64893c6df4fc99ac9601d3	calibration
dominant_to_evaluation	confirmatory::A8T666	negative	1bb7a69c5ac8dff09d9743d7de36e3db00db59e8de64893c6df4fc99ac9601d3	calibration
dominant_to_evaluation	confirmatory::A8T677	negative	1bb7a69c5ac8dff09d9743d7de36e3db00db59e8de64893c6df4fc99ac9601d3	calibration
dominant_to_evaluation	confirmatory::A8T682	negative	1bb7a69c5ac8dff09d9743d7de36e3db00db59e8de64893c6df4fc99ac9601d3	calibration
dominant_to_evaluation	confirmatory::A8T688	negative	1bb7a69c5ac8dff09d9743d7de36e3db00db59e8de64893c6df4fc99ac9601d3	calibration
dominant_to_evaluation	confirmatory::A8T6A1	negative	1bb7a69c5ac8dff09d9743d7de36e3db00db59e8de64893c6df4fc99ac9601d3	calibration
dominant_to_evaluation	confirmatory::A8T6A6	negative	1bb7a69c5ac8dff09d9743d7de36e3db00db59e8de64893c6df4fc99ac9601d3	calibration
dominant_to_evaluation	confirmatory::A8WCC4	negative	48fadceb80cfd90014d08e9e8740e497fa640f4924ca1fd8a785996abf5484db	evaluation
dominant_to_evaluation	confirmatory::A8X481	negative	91f265ae114fd1fda56a059490083273a069630510a826f09440da81414a14a5	calibration
dominant_to_evaluation	confirmatory::A8XE00	negative	369890e1b4fdd3f4d633bc750ce4706bc6a1c2d11deb58e010bd3f44230852d0	calibration
dominant_to_evaluation	confirmatory::A8Z385	negative	ea060f244e352de2544b388f1abc1899258898681ff665dbf7303805cc505276	evaluation
dominant_to_evaluation	confirmatory::A8Z387	negative	ea060f244e352de2544b388f1abc1899258898681ff665dbf7303805cc505276	evaluation
dominant_to_evaluation	confirmatory::A9AF70	negative	ea060f244e352de2544b388f1abc1899258898681ff665dbf7303805cc505276	evaluation
dominant_to_evaluation	confirmatory::A9AF72	negative	ea060f244e352de2544b388f1abc1899258898681ff665dbf7303805cc505276	evaluation
dominant_to_evaluation	confirmatory::A9AZE6	negative	ea060f244e352de2544b388f1abc1899258898681ff665dbf7303805cc505276	evaluation
dominant_to_evaluation	confirmatory::A9AZE8	negative	ea060f244e352de2544b388f1abc1899258898681ff665dbf7303805cc505276	evaluation
dominant_to_evaluation	confirmatory::A9BJC1	negative	892ba1855928808c3310b3b648ebd941285e5ffc6df4932601755ed99ba9846b	calibration
dominant_to_evaluation	confirmatory::A9BUC4	negative	ea060f244e352de2544b388f1abc1899258898681ff665dbf7303805cc505276	evaluation
dominant_to_evaluation	confirmatory::A9BUC7	negative	ea060f244e352de2544b388f1abc1899258898681ff665dbf7303805cc505276	evaluation
dominant_to_evaluation	confirmatory::A9GP84	negative	ea060f244e352de2544b388f1abc1899258898681ff665dbf7303805cc505276	evaluation
dominant_to_evaluation	confirmatory::A9JQS7	negative	0d9f327b1073890bfb36e5ee168a06ee2714bac452b116df3ae13f3e08179c5f	evaluation
dominant_to_evaluation	confirmatory::A9JRC7	negative	369890e1b4fdd3f4d633bc750ce4706bc6a1c2d11deb58e010bd3f44230852d0	calibration
dominant_to_evaluation	confirmatory::A9KJR9	negative	ea060f244e352de2544b388f1abc1899258898681ff665dbf7303805cc505276	evaluation
dominant_to_evaluation	confirmatory::A9KJS1	negative	ea060f244e352de2544b388f1abc1899258898681ff665dbf7303805cc505276	evaluation
dominant_to_evaluation	confirmatory::A9QY38	negative	0d9f327b1073890bfb36e5ee168a06ee2714bac452b116df3ae13f3e08179c5f	evaluation
dominant_to_evaluation	confirmatory::A9QY39	negative	0d9f327b1073890bfb36e5ee168a06ee2714bac452b116df3ae13f3e08179c5f	evaluation
dominant_to_evaluation	confirmatory::A9QY40	negative	0d9f327b1073890bfb36e5ee168a06ee2714bac452b116df3ae13f3e08179c5f	evaluation
dominant_to_evaluation	confirmatory::A9R3V0	negative	ea060f244e352de2544b388f1abc1899258898681ff665dbf7303805cc505276	evaluation
dominant_to_evaluation	confirmatory::B0BRU2	negative	ea060f244e352de2544b388f1abc1899258898681ff665dbf7303805cc505276	evaluation
dominant_to_evaluation	confirmatory::B0BRU4	negative	ea060f244e352de2544b388f1abc1899258898681ff665dbf7303805cc505276	evaluation
dominant_to_evaluation	confirmatory::B0C791	negative	ea060f244e352de2544b388f1abc1899258898681ff665dbf7303805cc505276	evaluation
dominant_to_evaluation	confirmatory::B0JTP1	negative	ea060f244e352de2544b388f1abc1899258898681ff665dbf7303805cc505276	evaluation
dominant_to_evaluation	confirmatory::B0KTG9	positive	d999d4ce5d6aefbd88891575834e1853b490d8ad312122160dc2be2883d49de0	evaluation
dominant_to_evaluation	confirmatory::B0KUZ7	negative	ea060f244e352de2544b388f1abc1899258898681ff665dbf7303805cc505276	evaluation
dominant_to_evaluation	confirmatory::B0KUZ9	negative	ea060f244e352de2544b388f1abc1899258898681ff665dbf7303805cc505276	evaluation
dominant_to_evaluation	confirmatory::B0SHJ0	negative	dccb74d38eb5e7a9f23fe80d041bb156f74f05b1c460fdc8136e9dbd7d77d278	evaluation
dominant_to_evaluation	confirmatory::B0TT69	negative	ea060f244e352de2544b388f1abc1899258898681ff665dbf7303805cc505276	evaluation
dominant_to_evaluation	confirmatory::B0TT71	negative	ea060f244e352de2544b388f1abc1899258898681ff665dbf7303805cc505276	evaluation
dominant_to_evaluation	confirmatory::B0V9P7	negative	ea060f244e352de2544b388f1abc1899258898681ff665dbf7303805cc505276	evaluation
dominant_to_evaluation	confirmatory::B0VSC2	negative	ea060f244e352de2544b388f1abc1899258898681ff665dbf7303805cc505276	evaluation
dominant_to_evaluation	confirmatory::B0XUR7	negative	369890e1b4fdd3f4d633bc750ce4706bc6a1c2d11deb58e010bd3f44230852d0	calibration
dominant_to_evaluation	confirmatory::B0Y473	negative	1bb7a69c5ac8dff09d9743d7de36e3db00db59e8de64893c6df4fc99ac9601d3	calibration
dominant_to_evaluation	confirmatory::B0Y708	negative	1bb7a69c5ac8dff09d9743d7de36e3db00db59e8de64893c6df4fc99ac9601d3	calibration
dominant_to_evaluation	confirmatory::B1AJ73	negative	ea060f244e352de2544b388f1abc1899258898681ff665dbf7303805cc505276	evaluation
dominant_to_evaluation	confirmatory::B1AKI9	negative	5fa57ddd6214726ab33b89d585752101833c823a17d22598572232302a52b8c6	evaluation
dominant_to_evaluation	confirmatory::B1HZE2	negative	ea060f244e352de2544b388f1abc1899258898681ff665dbf7303805cc505276	evaluation
dominant_to_evaluation	confirmatory::B1J813	negative	ea060f244e352de2544b388f1abc1899258898681ff665dbf7303805cc505276	evaluation
dominant_to_evaluation	confirmatory::B1J815	negative	ea060f244e352de2544b388f1abc1899258898681ff665dbf7303805cc505276	evaluation
dominant_to_evaluation	confirmatory::B1JR69	negative	ea060f244e352de2544b388f1abc1899258898681ff665dbf7303805cc505276	evaluation
dominant_to_evaluation	confirmatory::B1JR71	negative	ea060f244e352de2544b388f1abc1899258898681ff665dbf7303805cc505276	evaluation
dominant_to_evaluation	confirmatory::B1JX29	negative	ea060f244e352de2544b388f1abc1899258898681ff665dbf7303805cc505276	evaluation
dominant_to_evaluation	confirmatory::B1JX31	negative	ea060f244e352de2544b388f1abc1899258898681ff665dbf7303805cc505276	evaluation
dominant_to_evaluation	confirmatory::B1MB83	negative	ea060f244e352de2544b388f1abc1899258898681ff665dbf7303805cc505276	evaluation
dominant_to_evaluation	confirmatory::B1MB85	negative	ea060f244e352de2544b388f1abc1899258898681ff665dbf7303805cc505276	evaluation
dominant_to_evaluation	confirmatory::B1MFK2	negative	ef81fa00400c2b295de867cb432031e24b524dc8f4bc0e2bcda0f1a491074edf	calibration
dominant_to_evaluation	confirmatory::B1VF43	negative	dccb74d38eb5e7a9f23fe80d041bb156f74f05b1c460fdc8136e9dbd7d77d278	evaluation
dominant_to_evaluation	confirmatory::B1VHT0	negative	ea060f244e352de2544b388f1abc1899258898681ff665dbf7303805cc505276	evaluation
dominant_to_evaluation	confirmatory::B1W5G7	negative	ea060f244e352de2544b388f1abc1899258898681ff665dbf7303805cc505276	evaluation
dominant_to_evaluation	confirmatory::B1WBP0	negative	954b55641f50254b0d08cce06f30e91b60b69b65b83254277a852aac2b7ed08a	evaluation
dominant_to_evaluation	confirmatory::B1Y3V1	negative	ea060f244e352de2544b388f1abc1899258898681ff665dbf7303805cc505276	evaluation
dominant_to_evaluation	confirmatory::B1Y3V4	negative	ea060f244e352de2544b388f1abc1899258898681ff665dbf7303805cc505276	evaluation
dominant_to_evaluation	confirmatory::B1YUF9	negative	ea060f244e352de2544b388f1abc1899258898681ff665dbf7303805cc505276	evaluation
dominant_to_evaluation	confirmatory::B1YUG1	negative	ea060f244e352de2544b388f1abc1899258898681ff665dbf7303805cc505276	evaluation
dominant_to_evaluation	confirmatory::B1ZP06	negative	ea060f244e352de2544b388f1abc1899258898681ff665dbf7303805cc505276	evaluation
dominant_to_evaluation	confirmatory::B1ZP08	negative	ea060f244e352de2544b388f1abc1899258898681ff665dbf7303805cc505276	evaluation
dominant_to_evaluation	confirmatory::B2AFA8	positive	f6f75f1ef11c7a60fbe46cf5cb540a64c3cc16700e33839307392a206eabf20a	evaluation
dominant_to_evaluation	confirmatory::B2GI08	negative	ea060f244e352de2544b388f1abc1899258898681ff665dbf7303805cc505276	evaluation
dominant_to_evaluation	confirmatory::B2HDS6	negative	dccb74d38eb5e7a9f23fe80d041bb156f74f05b1c460fdc8136e9dbd7d77d278	evaluation
dominant_to_evaluation	confirmatory::B2HIL6	negative	d92fada7feca4c1cde83ce94c6a8fa940bb876766efac09bff27ee9a256a0ac2	calibration
dominant_to_evaluation	confirmatory::B2HSZ2	negative	ea060f244e352de2544b388f1abc1899258898681ff665dbf7303805cc505276	evaluation
dominant_to_evaluation	confirmatory::B2I700	negative	dccb74d38eb5e7a9f23fe80d041bb156f74f05b1c460fdc8136e9dbd7d77d278	evaluation
dominant_to_evaluation	confirmatory::B2I9H6	negative	d52af3aeba16f166910db4a02e939c6bcf3e5ff1879d6147eae4d668380d76f5	calibration
dominant_to_evaluation	confirmatory::B2IIJ1	negative	ea060f244e352de2544b388f1abc1899258898681ff665dbf7303805cc505276	evaluation
dominant_to_evaluation	confirmatory::B2IT64	negative	ea060f244e352de2544b388f1abc1899258898681ff665dbf7303805cc505276	evaluation
dominant_to_evaluation	confirmatory::B2IT66	negative	ea060f244e352de2544b388f1abc1899258898681ff665dbf7303805cc505276	evaluation
dominant_to_evaluation	confirmatory::B2JF65	negative	ea060f244e352de2544b388f1abc1899258898681ff665dbf7303805cc505276	evaluation
dominant_to_evaluation	confirmatory::B2JJW9	negative	dccb74d38eb5e7a9f23fe80d041bb156f74f05b1c460fdc8136e9dbd7d77d278	evaluation
dominant_to_evaluation	confirmatory::B2JQW2	negative	8762b4dd22780fe23714f203220cc300c681de14521ee5b1a75119c4bf2ce030	evaluation
dominant_to_evaluation	confirmatory::B2KAA4	negative	ea060f244e352de2544b388f1abc1899258898681ff665dbf7303805cc505276	evaluation
dominant_to_evaluation	confirmatory::B2KAA6	negative	ea060f244e352de2544b388f1abc1899258898681ff665dbf7303805cc505276	evaluation
dominant_to_evaluation	confirmatory::B2KG20	negative	c7ea8d68dac0b154d26ad3eb78f3747b940e34c759e2a9f821325e36850511bd	calibration
dominant_to_evaluation	confirmatory::B2LW77	negative	389ad42570c89a23dada5ba64aad3e0bd24cb5b88b1fc4a23e5d29f2508b4cfc	evaluation
dominant_to_evaluation	confirmatory::B2RYN7	negative	9be8126a2dbfcd7513074efb8f97e42b52a270b713971328a72dcad11b7a1f84	calibration
dominant_to_evaluation	confirmatory::B2T0P7	negative	ea060f244e352de2544b388f1abc1899258898681ff665dbf7303805cc505276	evaluation
dominant_to_evaluation	confirmatory::B2U7N4	negative	ea060f244e352de2544b388f1abc1899258898681ff665dbf7303805cc505276	evaluation
dominant_to_evaluation	confirmatory::B2Z449	negative	e18b4e5fbde76978c2080f2894717f1f991e2dfb87f46a80f37a5cab5ea38ab0	calibration
dominant_to_evaluation	confirmatory::B2Z450	negative	e762a34e2879fb89badf3aefde610ff9d5414dd0791ef2899f47f15931593ae4	evaluation
dominant_to_evaluation	confirmatory::B3A0N5	positive	7aca0de60276edd1067cae3f148fd217fae58eff1af8219a34dc8bc7ab203225	evaluation
dominant_to_evaluation	confirmatory::B3A0P7	negative	48684bbe881ad87ea1d6f963b8e7eb58b1acea0e2a8ed12c8b455362e1332463	calibration
dominant_to_evaluation	confirmatory::B3A0P8	negative	48684bbe881ad87ea1d6f963b8e7eb58b1acea0e2a8ed12c8b455362e1332463	calibration
dominant_to_evaluation	confirmatory::B3EWQ0	positive	321037ddadfddc3cf849ca6e9269e675f300804c58afc374239914aa91ccef35	evaluation
dominant_to_evaluation	confirmatory::B3EWZ8	negative	80265ba0cf707cc2b9ab56977abaa12643a893bd6a9a455337c6c3dedf45bd7a	calibration
dominant_to_evaluation	confirmatory::B3EY83	negative	693191d81dad8633f117940437800dc383ce0e8e12178e775ecd55116c2bb03f	calibration
dominant_to_evaluation	confirmatory::B3H2L3	negative	ea060f244e352de2544b388f1abc1899258898681ff665dbf7303805cc505276	evaluation
dominant_to_evaluation	confirmatory::B3H2L5	negative	ea060f244e352de2544b388f1abc1899258898681ff665dbf7303805cc505276	evaluation
dominant_to_evaluation	confirmatory::B3M301	negative	9be8126a2dbfcd7513074efb8f97e42b52a270b713971328a72dcad11b7a1f84	calibration
dominant_to_evaluation	confirmatory::B3P8A3	negative	9be8126a2dbfcd7513074efb8f97e42b52a270b713971328a72dcad11b7a1f84	calibration
dominant_to_evaluation	confirmatory::B3PI89	negative	d52af3aeba16f166910db4a02e939c6bcf3e5ff1879d6147eae4d668380d76f5	calibration
dominant_to_evaluation	confirmatory::B3PXB3	negative	ea060f244e352de2544b388f1abc1899258898681ff665dbf7303805cc505276	evaluation
dominant_to_evaluation	confirmatory::B3PXB8	negative	ea060f244e352de2544b388f1abc1899258898681ff665dbf7303805cc505276	evaluation
dominant_to_evaluation	confirmatory::B3QGK1	negative	ea060f244e352de2544b388f1abc1899258898681ff665dbf7303805cc505276	evaluation
dominant_to_evaluation	confirmatory::B3QGK4	negative	ea060f244e352de2544b388f1abc1899258898681ff665dbf7303805cc505276	evaluation
dominant_to_evaluation	confirmatory::B3QM89	negative	dccb74d38eb5e7a9f23fe80d041bb156f74f05b1c460fdc8136e9dbd7d77d278	evaluation
dominant_to_evaluation	confirmatory::B3R3Z9	negative	ea060f244e352de2544b388f1abc1899258898681ff665dbf7303805cc505276	evaluation
dominant_to_evaluation	confirmatory::B4ECC5	negative	ea060f244e352de2544b388f1abc1899258898681ff665dbf7303805cc505276	evaluation
dominant_to_evaluation	confirmatory::B4ECC7	negative	ea060f244e352de2544b388f1abc1899258898681ff665dbf7303805cc505276	evaluation
dominant_to_evaluation	confirmatory::B4F753	negative	86a5c1bfc5908ede8123b1f6c7156fccf03d9d9b70f3f68acd76dfc146e5b158	evaluation
dominant_to_evaluation	confirmatory::B4F785	negative	68767325784b2424d10c6965c0aa59d40c7a925515b48a12df84fb6a033b254f	calibration
dominant_to_evaluation	confirmatory::B4HGG6	negative	9be8126a2dbfcd7513074efb8f97e42b52a270b713971328a72dcad11b7a1f84	calibration
dominant_to_evaluation	confirmatory::B4JII0	negative	9be8126a2dbfcd7513074efb8f97e42b52a270b713971328a72dcad11b7a1f84	calibration
dominant_to_evaluation	confirmatory::B4K799	negative	9be8126a2dbfcd7513074efb8f97e42b52a270b713971328a72dcad11b7a1f84	calibration
dominant_to_evaluation	confirmatory::B4M0H8	negative	9be8126a2dbfcd7513074efb8f97e42b52a270b713971328a72dcad11b7a1f84	calibration
dominant_to_evaluation	confirmatory::B4NBP4	negative	9be8126a2dbfcd7513074efb8f97e42b52a270b713971328a72dcad11b7a1f84	calibration
dominant_to_evaluation	confirmatory::B4PL32	negative	9be8126a2dbfcd7513074efb8f97e42b52a270b713971328a72dcad11b7a1f84	calibration
dominant_to_evaluation	confirmatory::B4QSF0	negative	9be8126a2dbfcd7513074efb8f97e42b52a270b713971328a72dcad11b7a1f84	calibration
dominant_to_evaluation	confirmatory::B4RSX7	negative	ea060f244e352de2544b388f1abc1899258898681ff665dbf7303805cc505276	evaluation
dominant_to_evaluation	confirmatory::B4RSX9	negative	ea060f244e352de2544b388f1abc1899258898681ff665dbf7303805cc505276	evaluation
dominant_to_evaluation	confirmatory::B4SVL3	negative	d52af3aeba16f166910db4a02e939c6bcf3e5ff1879d6147eae4d668380d76f5	calibration
dominant_to_evaluation	confirmatory::B4TKT6	negative	d52af3aeba16f166910db4a02e939c6bcf3e5ff1879d6147eae4d668380d76f5	calibration
dominant_to_evaluation	confirmatory::B4UFU2	negative	ea060f244e352de2544b388f1abc1899258898681ff665dbf7303805cc505276	evaluation
dominant_to_evaluation	confirmatory::B5BHG7	negative	d52af3aeba16f166910db4a02e939c6bcf3e5ff1879d6147eae4d668380d76f5	calibration
dominant_to_evaluation	confirmatory::B5F8M6	negative	d52af3aeba16f166910db4a02e939c6bcf3e5ff1879d6147eae4d668380d76f5	calibration
dominant_to_evaluation	confirmatory::B5FBC6	negative	ea060f244e352de2544b388f1abc1899258898681ff665dbf7303805cc505276	evaluation
dominant_to_evaluation	confirmatory::B5FBC8	negative	ea060f244e352de2544b388f1abc1899258898681ff665dbf7303805cc505276	evaluation
dominant_to_evaluation	confirmatory::B5FFE9	negative	d52af3aeba16f166910db4a02e939c6bcf3e5ff1879d6147eae4d668380d76f5	calibration
dominant_to_evaluation	confirmatory::B5FJT1	negative	d52af3aeba16f166910db4a02e939c6bcf3e5ff1879d6147eae4d668380d76f5	calibration
dominant_to_evaluation	confirmatory::B5X0G2	negative	ae072172ac565f240e9af5c41bfdfc0174476f5f1bc878f8c5aab26e7d89d267	calibration
dominant_to_evaluation	confirmatory::B5XU27	negative	ea060f244e352de2544b388f1abc1899258898681ff665dbf7303805cc505276	evaluation
dominant_to_evaluation	confirmatory::B5XU29	negative	ea060f244e352de2544b388f1abc1899258898681ff665dbf7303805cc505276	evaluation
dominant_to_evaluation	confirmatory::B5YUX1	negative	ea060f244e352de2544b388f1abc1899258898681ff665dbf7303805cc505276	evaluation
dominant_to_evaluation	confirmatory::B5YUX3	negative	ea060f244e352de2544b388f1abc1899258898681ff665dbf7303805cc505276	evaluation
dominant_to_evaluation	confirmatory::B5Z674	negative	ea060f244e352de2544b388f1abc1899258898681ff665dbf7303805cc505276	evaluation
dominant_to_evaluation	confirmatory::B5ZBS9	negative	ea060f244e352de2544b388f1abc1899258898681ff665dbf7303805cc505276	evaluation
dominant_to_evaluation	confirmatory::B5ZBT1	negative	ea060f244e352de2544b388f1abc1899258898681ff665dbf7303805cc505276	evaluation
dominant_to_evaluation	confirmatory::B5ZMP0	negative	ea060f244e352de2544b388f1abc1899258898681ff665dbf7303805cc505276	evaluation
dominant_to_evaluation	confirmatory::B5ZMP5	negative	ea060f244e352de2544b388f1abc1899258898681ff665dbf7303805cc505276	evaluation
dominant_to_evaluation	confirmatory::B6DDZ5	positive	f97ad28eae229f400791116c97d4d171448024818f215083b031bbfdce3a8807	evaluation
dominant_to_evaluation	confirmatory::B6JPH5	negative	ea060f244e352de2544b388f1abc1899258898681ff665dbf7303805cc505276	evaluation
dominant_to_evaluation	confirmatory::B6JPH6	negative	ea060f244e352de2544b388f1abc1899258898681ff665dbf7303805cc505276	evaluation
dominant_to_evaluation	confirmatory::B6VA84	negative	afc28802fff11b2e2d1ded4ef2f20fb595c131fd12dc5efbd409170424be582b	calibration
dominant_to_evaluation	confirmatory::B6VA85	negative	1bb7a69c5ac8dff09d9743d7de36e3db00db59e8de64893c6df4fc99ac9601d3	calibration
dominant_to_evaluation	confirmatory::B6VA86	negative	afc28802fff11b2e2d1ded4ef2f20fb595c131fd12dc5efbd409170424be582b	calibration
dominant_to_evaluation	confirmatory::B6VA87	negative	1bb7a69c5ac8dff09d9743d7de36e3db00db59e8de64893c6df4fc99ac9601d3	calibration
dominant_to_evaluation	confirmatory::B6YQL8	negative	ea060f244e352de2544b388f1abc1899258898681ff665dbf7303805cc505276	evaluation
dominant_to_evaluation	confirmatory::B7GXU5	negative	ea060f244e352de2544b388f1abc1899258898681ff665dbf7303805cc505276	evaluation
dominant_to_evaluation	confirmatory::B7J437	negative	dccb74d38eb5e7a9f23fe80d041bb156f74f05b1c460fdc8136e9dbd7d77d278	evaluation
dominant_to_evaluation	confirmatory::B7K906	negative	ea060f244e352de2544b388f1abc1899258898681ff665dbf7303805cc505276	evaluation
dominant_to_evaluation	confirmatory::B7K912	negative	ea060f244e352de2544b388f1abc1899258898681ff665dbf7303805cc505276	evaluation
dominant_to_evaluation	confirmatory::B7NK06	negative	8762b4dd22780fe23714f203220cc300c681de14521ee5b1a75119c4bf2ce030	evaluation
dominant_to_evaluation	confirmatory::B7PKZ1	negative	121c706e5f753d5a8d0d9bea281aff274d1814d3807067d9449e0c68886fc649	evaluation
dominant_to_evaluation	confirmatory::B7PKZ2	negative	121c706e5f753d5a8d0d9bea281aff274d1814d3807067d9449e0c68886fc649	evaluation
dominant_to_evaluation	confirmatory::B7SUM8	negative	34b41219611ac71b39f94001659d257ef301dc42fb86d0ab1b2396d000b25f11	calibration
dominant_to_evaluation	confirmatory::B7V1S8	negative	ea060f244e352de2544b388f1abc1899258898681ff665dbf7303805cc505276	evaluation
dominant_to_evaluation	confirmatory::B7X2B6	negative	dccb74d38eb5e7a9f23fe80d041bb156f74f05b1c460fdc8136e9dbd7d77d278	evaluation
dominant_to_evaluation	confirmatory::B8BNY7	positive	8162d3f99050925d85bdafbd7b93ef38ee73f2d3c8d2bce3982168d40d8502a2	evaluation
dominant_to_evaluation	confirmatory::B8EPU9	negative	ea060f244e352de2544b388f1abc1899258898681ff665dbf7303805cc505276	evaluation
dominant_to_evaluation	confirmatory::B8EPV1	negative	ea060f244e352de2544b388f1abc1899258898681ff665dbf7303805cc505276	evaluation
dominant_to_evaluation	confirmatory::B8GQ24	negative	ea060f244e352de2544b388f1abc1899258898681ff665dbf7303805cc505276	evaluation
dominant_to_evaluation	confirmatory::B8GZZ0	negative	dccb74d38eb5e7a9f23fe80d041bb156f74f05b1c460fdc8136e9dbd7d77d278	evaluation
dominant_to_evaluation	confirmatory::B8HA05	negative	ea060f244e352de2544b388f1abc1899258898681ff665dbf7303805cc505276	evaluation
dominant_to_evaluation	confirmatory::B8HA07	negative	ea060f244e352de2544b388f1abc1899258898681ff665dbf7303805cc505276	evaluation
dominant_to_evaluation	confirmatory::B8HW50	negative	ea060f244e352de2544b388f1abc1899258898681ff665dbf7303805cc505276	evaluation
dominant_to_evaluation	confirmatory::B8HW52	negative	ea060f244e352de2544b388f1abc1899258898681ff665dbf7303805cc505276	evaluation
dominant_to_evaluation	confirmatory::B8N106	negative	1bb7a69c5ac8dff09d9743d7de36e3db00db59e8de64893c6df4fc99ac9601d3	calibration
dominant_to_evaluation	confirmatory::B8XGQ6	negative	afc28802fff11b2e2d1ded4ef2f20fb595c131fd12dc5efbd409170424be582b	calibration
dominant_to_evaluation	confirmatory::B9DLX8	negative	ea060f244e352de2544b388f1abc1899258898681ff665dbf7303805cc505276	evaluation
dominant_to_evaluation	confirmatory::B9DLY0	negative	ea060f244e352de2544b388f1abc1899258898681ff665dbf7303805cc505276	evaluation
dominant_to_evaluation	confirmatory::B9J8M3	negative	ea060f244e352de2544b388f1abc1899258898681ff665dbf7303805cc505276	evaluation
dominant_to_evaluation	confirmatory::B9J8M6	negative	ea060f244e352de2544b388f1abc1899258898681ff665dbf7303805cc505276	evaluation
dominant_to_evaluation	confirmatory::B9JR81	negative	ea060f244e352de2544b388f1abc1899258898681ff665dbf7303805cc505276	evaluation
dominant_to_evaluation	confirmatory::B9KK46	negative	ea060f244e352de2544b388f1abc1899258898681ff665dbf7303805cc505276	evaluation
dominant_to_evaluation	confirmatory::B9KK51	negative	ea060f244e352de2544b388f1abc1899258898681ff665dbf7303805cc505276	evaluation
dominant_to_evaluation	confirmatory::B9LTF0	negative	dccb74d38eb5e7a9f23fe80d041bb156f74f05b1c460fdc8136e9dbd7d77d278	evaluation
dominant_to_evaluation	confirmatory::C0HJA4	positive	26f6bbf02e5a0b040a9f541c5af62ae80103c451fc71d712be407dff482d689b	evaluation
dominant_to_evaluation	confirmatory::C0HJH5	negative	34efdb7da6465528647a3456cde08984bda0ce26aa0261df4c8efe316d3e0938	calibration
dominant_to_evaluation	confirmatory::C0HJI1	negative	2ca3559869bf73bf1369b0778046227fe36990704ef03e92e809601ac40ebe65	calibration
dominant_to_evaluation	confirmatory::C0HJI2	negative	2ca3559869bf73bf1369b0778046227fe36990704ef03e92e809601ac40ebe65	calibration
dominant_to_evaluation	confirmatory::C0HJI3	negative	2ca3559869bf73bf1369b0778046227fe36990704ef03e92e809601ac40ebe65	calibration
dominant_to_evaluation	confirmatory::C0HJI5	negative	2ca3559869bf73bf1369b0778046227fe36990704ef03e92e809601ac40ebe65	calibration
dominant_to_evaluation	confirmatory::C0HJI6	negative	2ca3559869bf73bf1369b0778046227fe36990704ef03e92e809601ac40ebe65	calibration
dominant_to_evaluation	confirmatory::C0HJI7	negative	2ca3559869bf73bf1369b0778046227fe36990704ef03e92e809601ac40ebe65	calibration
dominant_to_evaluation	confirmatory::C0HJI8	negative	2ca3559869bf73bf1369b0778046227fe36990704ef03e92e809601ac40ebe65	calibration
dominant_to_evaluation	confirmatory::C0HJJ2	negative	0e86e9e3943105f0c02e336cf49e66419fe7933b4a9c56997c7bb8035f3c7a0a	calibration
dominant_to_evaluation	confirmatory::C0HJJ4	negative	0e86e9e3943105f0c02e336cf49e66419fe7933b4a9c56997c7bb8035f3c7a0a	calibration
dominant_to_evaluation	confirmatory::C0HJJ5	negative	0e86e9e3943105f0c02e336cf49e66419fe7933b4a9c56997c7bb8035f3c7a0a	calibration
dominant_to_evaluation	confirmatory::C0HJJ6	negative	0e86e9e3943105f0c02e336cf49e66419fe7933b4a9c56997c7bb8035f3c7a0a	calibration
dominant_to_evaluation	confirmatory::C0HJT9	negative	2ca3559869bf73bf1369b0778046227fe36990704ef03e92e809601ac40ebe65	calibration
dominant_to_evaluation	confirmatory::C0HJU0	negative	2ca3559869bf73bf1369b0778046227fe36990704ef03e92e809601ac40ebe65	calibration
dominant_to_evaluation	confirmatory::C0HKS3	negative	50208ba7185986fdc3fd1b52d79feeb7da9b4c04f65a5deb9f7cc3291aa67f87	calibration
dominant_to_evaluation	confirmatory::C0HKS4	negative	50208ba7185986fdc3fd1b52d79feeb7da9b4c04f65a5deb9f7cc3291aa67f87	calibration
dominant_to_evaluation	confirmatory::C0HL51	negative	4d437597fe96f0ca02b44316a2e4dc1c0ee16d64e2983853aedde79e681a6fea	evaluation
dominant_to_evaluation	confirmatory::C0HLB8	negative	322493bf000b98893c568e60234b66bd7ed36d67f240d3d9db7c396a6a12579b	calibration
dominant_to_evaluation	confirmatory::C0HLN1	negative	b7762ce85918a621bc4bf4c4e7657779c885d02f6b53a465f4762637db65c059	evaluation
dominant_to_evaluation	confirmatory::C0HLN3	negative	4b9e7bea9ce8ee8ae94698ef8499017333c8e1e95a44680dba3be60d8618dc01	evaluation
dominant_to_evaluation	confirmatory::C0HLP9	negative	5041a1e1f60f70f4bccce3b8daeb631454e2f014bb557bfeaccf74d45d44c355	evaluation
dominant_to_evaluation	confirmatory::C0HLT8	negative	9a3dfb845640fb89c5b0d5f56ba2397ead313b9180f78d550b63f8ae3d945428	evaluation
dominant_to_evaluation	confirmatory::C0HLV3	negative	4b9e7bea9ce8ee8ae94698ef8499017333c8e1e95a44680dba3be60d8618dc01	evaluation
dominant_to_evaluation	confirmatory::C0HLV4	negative	4b9e7bea9ce8ee8ae94698ef8499017333c8e1e95a44680dba3be60d8618dc01	evaluation
dominant_to_evaluation	confirmatory::C0HLV5	negative	4b9e7bea9ce8ee8ae94698ef8499017333c8e1e95a44680dba3be60d8618dc01	evaluation
dominant_to_evaluation	confirmatory::C0HM61	negative	5041a1e1f60f70f4bccce3b8daeb631454e2f014bb557bfeaccf74d45d44c355	evaluation
dominant_to_evaluation	confirmatory::C0HMC3	positive	cb3107130b9b0da53a64504abf961cca6a316ff4cf8c11f145d0d1493f7aa03f	evaluation
dominant_to_evaluation	confirmatory::C0ITL3	negative	25545dadd80435581e74794c9216eeb66ace8228a86901b5932e62c7acee96bd	calibration
dominant_to_evaluation	confirmatory::C0K3N1	positive	6f3b3b68a202de81e05b7675350bdc2de774360859f5988d06f9a3574931cf41	evaluation
dominant_to_evaluation	confirmatory::C0LTL9	negative	29a79690eced4461016836ce36c14c380b0c4c5e3dcafb70f5238755407be04c	evaluation
dominant_to_evaluation	confirmatory::C1APC5	negative	ea060f244e352de2544b388f1abc1899258898681ff665dbf7303805cc505276	evaluation
dominant_to_evaluation	confirmatory::C1AXZ0	negative	ea060f244e352de2544b388f1abc1899258898681ff665dbf7303805cc505276	evaluation
dominant_to_evaluation	confirmatory::C1AXZ2	negative	ea060f244e352de2544b388f1abc1899258898681ff665dbf7303805cc505276	evaluation
dominant_to_evaluation	confirmatory::C1D5Z6	negative	ea060f244e352de2544b388f1abc1899258898681ff665dbf7303805cc505276	evaluation
dominant_to_evaluation	confirmatory::C1D5Z8	negative	ea060f244e352de2544b388f1abc1899258898681ff665dbf7303805cc505276	evaluation
dominant_to_evaluation	confirmatory::C1DNK6	negative	ea060f244e352de2544b388f1abc1899258898681ff665dbf7303805cc505276	evaluation
dominant_to_evaluation	confirmatory::C3K5A5	negative	ea060f244e352de2544b388f1abc1899258898681ff665dbf7303805cc505276	evaluation
dominant_to_evaluation	confirmatory::C3MGI5	negative	ea060f244e352de2544b388f1abc1899258898681ff665dbf7303805cc505276	evaluation
dominant_to_evaluation	confirmatory::C3MGX6	negative	ea060f244e352de2544b388f1abc1899258898681ff665dbf7303805cc505276	evaluation
dominant_to_evaluation	confirmatory::C4LF63	negative	ea060f244e352de2544b388f1abc1899258898681ff665dbf7303805cc505276	evaluation
dominant_to_evaluation	confirmatory::C4LF65	negative	ea060f244e352de2544b388f1abc1899258898681ff665dbf7303805cc505276	evaluation
dominant_to_evaluation	confirmatory::C4LIA9	negative	ea060f244e352de2544b388f1abc1899258898681ff665dbf7303805cc505276	evaluation
dominant_to_evaluation	confirmatory::C4M1P9	negative	19e689ad04cac6b600b5035ab88d8f4ab135d9cfc125ef20e7d97778e9942c08	calibration
dominant_to_evaluation	confirmatory::C4N147	negative	34b41219611ac71b39f94001659d257ef301dc42fb86d0ab1b2396d000b25f11	calibration
dominant_to_evaluation	confirmatory::C4XNQ9	negative	dccb74d38eb5e7a9f23fe80d041bb156f74f05b1c460fdc8136e9dbd7d77d278	evaluation
dominant_to_evaluation	confirmatory::C5BBR6	negative	ea060f244e352de2544b388f1abc1899258898681ff665dbf7303805cc505276	evaluation
dominant_to_evaluation	confirmatory::C5BDC2	negative	ea060f244e352de2544b388f1abc1899258898681ff665dbf7303805cc505276	evaluation
dominant_to_evaluation	confirmatory::C5BUN9	negative	ea060f244e352de2544b388f1abc1899258898681ff665dbf7303805cc505276	evaluation
dominant_to_evaluation	confirmatory::C5C8U1	negative	ea060f244e352de2544b388f1abc1899258898681ff665dbf7303805cc505276	evaluation
dominant_to_evaluation	confirmatory::C5CXZ7	negative	ea060f244e352de2544b388f1abc1899258898681ff665dbf7303805cc505276	evaluation
dominant_to_evaluation	confirmatory::C5CY00	negative	ea060f244e352de2544b388f1abc1899258898681ff665dbf7303805cc505276	evaluation
dominant_to_evaluation	confirmatory::C5FII2	negative	1bb7a69c5ac8dff09d9743d7de36e3db00db59e8de64893c6df4fc99ac9601d3	calibration
dominant_to_evaluation	confirmatory::C5FMY5	negative	afc28802fff11b2e2d1ded4ef2f20fb595c131fd12dc5efbd409170424be582b	calibration
dominant_to_evaluation	confirmatory::C5FRX4	negative	c8bc632faaa2dd7e9e07420c2893908d6cabe65710e6f1a8676bef0b20dead16	evaluation
dominant_to_evaluation	confirmatory::C5FTQ5	negative	c8bc632faaa2dd7e9e07420c2893908d6cabe65710e6f1a8676bef0b20dead16	evaluation
dominant_to_evaluation	confirmatory::C5FX37	negative	afc28802fff11b2e2d1ded4ef2f20fb595c131fd12dc5efbd409170424be582b	calibration
dominant_to_evaluation	confirmatory::C5FZ39	negative	afc28802fff11b2e2d1ded4ef2f20fb595c131fd12dc5efbd409170424be582b	calibration
dominant_to_evaluation	confirmatory::C5IAW9	negative	e1b95bb5b2d98418af04cd6abcaee2221a616a7e7b69327abdac2b834eba6f74	calibration
dominant_to_evaluation	confirmatory::C5P4Z8	negative	1bb7a69c5ac8dff09d9743d7de36e3db00db59e8de64893c6df4fc99ac9601d3	calibration
dominant_to_evaluation	confirmatory::C5P6D1	negative	afc28802fff11b2e2d1ded4ef2f20fb595c131fd12dc5efbd409170424be582b	calibration
dominant_to_evaluation	confirmatory::C5P6L5	negative	afc28802fff11b2e2d1ded4ef2f20fb595c131fd12dc5efbd409170424be582b	calibration
dominant_to_evaluation	confirmatory::C7B178	negative	b779739d053c206b3c1f411f59a0de4a4cafad27adafaef3fd7148c37c363a3f	calibration
dominant_to_evaluation	confirmatory::C7G3A0	negative	c95ef386e0d3ba468fdb2900eacedffdfe47c9718cfd81d7f547bcab79cd73cf	calibration
dominant_to_evaluation	confirmatory::C9D7R2	positive	b5a8f03b24cf8aa2adfefef1b21afba7f7f53dd4f7a8df6547250f801434113b	evaluation
dominant_to_evaluation	confirmatory::D0EM77	negative	91d29b95b94d8eee5f280019770845a22e09e176d9d4f72b4e8ad3b1a531b412	evaluation
dominant_to_evaluation	confirmatory::D0FH76	negative	12099ebff3efead5c06a18a835e5239edabab4ca79c6c9ba0c916ef443726217	evaluation
dominant_to_evaluation	confirmatory::D0L1T6	negative	dccb74d38eb5e7a9f23fe80d041bb156f74f05b1c460fdc8136e9dbd7d77d278	evaluation
dominant_to_evaluation	confirmatory::D0Z6T1	positive	1443ce68e316635e48ab3c3fdbedb17fec8bc3d4de90c6d5a2c58f2a4c95f798	evaluation
dominant_to_evaluation	confirmatory::D1FQ14	positive	e558f170dc3123f985ca5a74df29780dcdd9176b4a9b28a24f3726cc5bd86894	evaluation
dominant_to_evaluation	confirmatory::D2D3B6	negative	d1c6ab564afa4059f4195e330c3f3d2fa72e6c258ca03ccbdb0ec294d4b10bcb	evaluation
dominant_to_evaluation	confirmatory::D2X5W3	positive	5e23a1044f5ee22ec3269a7d3a6c2dad6df496ce0f66cbdcc498b8be7e0c3e70	evaluation
dominant_to_evaluation	confirmatory::D2Z028	negative	dccb74d38eb5e7a9f23fe80d041bb156f74f05b1c460fdc8136e9dbd7d77d278	evaluation
dominant_to_evaluation	confirmatory::D3GGZ8	negative	99b9a25013110c306dd2c7cf0ef62c60f5994a4bea773435d3dcba8878e3cf9a	evaluation
dominant_to_evaluation	confirmatory::D3YXF5	negative	ba4d2614b5e550635440f4c6525e8134022aee773ce7679090791bd84dd97e71	evaluation
dominant_to_evaluation	confirmatory::D3Z5L9	negative	80411b172a57342a9e6ff35099764047f561bf1337df03f29cf013ee3a7b28d0	calibration
dominant_to_evaluation	confirmatory::D3ZUK3	negative	389ad42570c89a23dada5ba64aad3e0bd24cb5b88b1fc4a23e5d29f2508b4cfc	evaluation
dominant_to_evaluation	confirmatory::D3ZVP0	negative	46f4f08db1dbb8c9c468eb04a58a333f42cde0524b2d76adf389b2542d1fbd1f	evaluation
dominant_to_evaluation	confirmatory::D3ZWT9	negative	0abf7fc04094851e216e9a013b3897849df61ac3d763c6f6cd1c3c34b9d203dd	calibration
dominant_to_evaluation	confirmatory::D4A2B7	negative	d8e8950e584547a3cfa7be839a4841964b10c9b394cc52fc1ce81bee4cdf9e59	evaluation
dominant_to_evaluation	confirmatory::D4AIK6	negative	c8bc632faaa2dd7e9e07420c2893908d6cabe65710e6f1a8676bef0b20dead16	evaluation
dominant_to_evaluation	confirmatory::D4AKU9	negative	afc28802fff11b2e2d1ded4ef2f20fb595c131fd12dc5efbd409170424be582b	calibration
dominant_to_evaluation	confirmatory::D4APE3	negative	afc28802fff11b2e2d1ded4ef2f20fb595c131fd12dc5efbd409170424be582b	calibration
dominant_to_evaluation	confirmatory::D4AQG0	negative	afc28802fff11b2e2d1ded4ef2f20fb595c131fd12dc5efbd409170424be582b	calibration
dominant_to_evaluation	confirmatory::D4ASH1	negative	d1c6ab564afa4059f4195e330c3f3d2fa72e6c258ca03ccbdb0ec294d4b10bcb	evaluation
dominant_to_evaluation	confirmatory::D4B194	negative	afc28802fff11b2e2d1ded4ef2f20fb595c131fd12dc5efbd409170424be582b	calibration
dominant_to_evaluation	confirmatory::D4B1N9	negative	d1c6ab564afa4059f4195e330c3f3d2fa72e6c258ca03ccbdb0ec294d4b10bcb	evaluation
dominant_to_evaluation	confirmatory::D4B327	negative	bf0c694fc1c1317ce46211cd02f39cb63bf8fe0a82ee1a5a8022570d8295b233	calibration
dominant_to_evaluation	confirmatory::D4B5N1	negative	afc28802fff11b2e2d1ded4ef2f20fb595c131fd12dc5efbd409170424be582b	calibration
dominant_to_evaluation	confirmatory::D4CZ60	negative	afc28802fff11b2e2d1ded4ef2f20fb595c131fd12dc5efbd409170424be582b	calibration
dominant_to_evaluation	confirmatory::D4CZQ4	negative	afc28802fff11b2e2d1ded4ef2f20fb595c131fd12dc5efbd409170424be582b	calibration
dominant_to_evaluation	confirmatory::D4D0F5	negative	1bb7a69c5ac8dff09d9743d7de36e3db00db59e8de64893c6df4fc99ac9601d3	calibration
dominant_to_evaluation	confirmatory::D4D674	negative	afc28802fff11b2e2d1ded4ef2f20fb595c131fd12dc5efbd409170424be582b	calibration
dominant_to_evaluation	confirmatory::D4D9U2	negative	c8bc632faaa2dd7e9e07420c2893908d6cabe65710e6f1a8676bef0b20dead16	evaluation
dominant_to_evaluation	confirmatory::D4DBH6	negative	c8bc632faaa2dd7e9e07420c2893908d6cabe65710e6f1a8676bef0b20dead16	evaluation
dominant_to_evaluation	confirmatory::D4DIW9	negative	afc28802fff11b2e2d1ded4ef2f20fb595c131fd12dc5efbd409170424be582b	calibration
dominant_to_evaluation	confirmatory::D4DLI5	negative	1bb7a69c5ac8dff09d9743d7de36e3db00db59e8de64893c6df4fc99ac9601d3	calibration
dominant_to_evaluation	confirmatory::D4GUJ7	negative	23d5a3bd524d30d0ed03bfe373885d5527e4035c98c411d13a9667a063013c6e	evaluation
dominant_to_evaluation	confirmatory::D4GUK0	negative	4ec60039de59076bc5d8afd1f1d88dc96ccf44dd16c5eb759ecf94e82a598745	calibration
dominant_to_evaluation	confirmatory::D4P095	negative	dc287d695ed8d78e73ff29b03dded50559195f37804eb713aaced2b0c00fe136	evaluation
dominant_to_evaluation	confirmatory::D4P2Y4	negative	25545dadd80435581e74794c9216eeb66ace8228a86901b5932e62c7acee96bd	calibration
dominant_to_evaluation	confirmatory::D4Z2G1	negative	b30b84a76b4877ee5f623b2fe1234ec407ce41971f778f80bf04b469852129d7	calibration
dominant_to_evaluation	confirmatory::D6WMZ8	negative	d1c6ab564afa4059f4195e330c3f3d2fa72e6c258ca03ccbdb0ec294d4b10bcb	evaluation
dominant_to_evaluation	confirmatory::D8VNS9	positive	450882407bb31af420e3fb498b86045252de225bcb0bc544cb192820b36d6e90	calibration
dominant_to_evaluation	confirmatory::E0J500	negative	623f3f0445ba3d68f7f0b01360d57379b68a4bd25c5f902822b41b66dfcdfc89	calibration
dominant_to_evaluation	confirmatory::E0TU96	positive	fbc66a12665f1edff7700f6074175e37e872a1e69db09870be3811cba4753fcf	evaluation
dominant_to_evaluation	confirmatory::E1UYT9	negative	fb3d9086710c22eb209777dc02506bc21ad102b35c0a2d4e54e73b021c9991f7	evaluation
dominant_to_evaluation	confirmatory::E1UYU0	negative	fb3d9086710c22eb209777dc02506bc21ad102b35c0a2d4e54e73b021c9991f7	evaluation
dominant_to_evaluation	confirmatory::E2E4E4	positive	0615761a9e0cf556bf7af647aad2cb501aa8319fbefc7d24738ae12a727f4e44	evaluation
dominant_to_evaluation	confirmatory::E2E4L2	positive	55927c04e923f511084010cf0858f6d88c365ae75b99c08d7e94a4aea9cd3a91	calibration
dominant_to_evaluation	confirmatory::E3P6N9	negative	e762a34e2879fb89badf3aefde610ff9d5414dd0791ef2899f47f15931593ae4	evaluation
dominant_to_evaluation	confirmatory::E4UWA4	negative	1bb7a69c5ac8dff09d9743d7de36e3db00db59e8de64893c6df4fc99ac9601d3	calibration
dominant_to_evaluation	confirmatory::E4UY04	negative	afc28802fff11b2e2d1ded4ef2f20fb595c131fd12dc5efbd409170424be582b	calibration
dominant_to_evaluation	confirmatory::E4V4J8	negative	afc28802fff11b2e2d1ded4ef2f20fb595c131fd12dc5efbd409170424be582b	calibration
dominant_to_evaluation	confirmatory::E6Y8B9	negative	8e5a796ba82885cd75cc418837f05303b492fb3ec6b59865c2d21255824472b0	evaluation
dominant_to_evaluation	confirmatory::E6Y8S8	negative	86cc21bca61bd87e3a544b53de63d4a85a51acbb0d64b5ad6e6e2ba8aa8ab938	calibration
dominant_to_evaluation	confirmatory::E9NX73	negative	d1286b58049dec57ef0a3f958c6a58529ee88f8707b7df87731ea19611d6bd84	calibration
dominant_to_evaluation	confirmatory::E9PTT0	negative	e8f19abe601762091b366d25b70ea3fb93cb89ef883d201899904e677c86728a	calibration
dominant_to_evaluation	confirmatory::E9PV24	negative	450882407bb31af420e3fb498b86045252de225bcb0bc544cb192820b36d6e90	calibration
dominant_to_evaluation	confirmatory::E9Q6D8	negative	ba4d2614b5e550635440f4c6525e8134022aee773ce7679090791bd84dd97e71	evaluation
dominant_to_evaluation	confirmatory::E9QEA3	negative	725376337385731c27c04b3295d4b5d7c66d2e8cbf129aaea87ba3f5efc0a84e	evaluation
dominant_to_evaluation	confirmatory::F0UZ12	negative	f92a8e542977ec3d6dc95e8a0bde11a3a1290134ed49574133ebe628e0201670	evaluation
dominant_to_evaluation	confirmatory::F1LW30	negative	e1b95bb5b2d98418af04cd6abcaee2221a616a7e7b69327abdac2b834eba6f74	calibration
dominant_to_evaluation	confirmatory::F3YDF1	negative	88121ac28242d57be0bbf57f2102dff1fcffb3444458451a353c97a733c15219	evaluation
dominant_to_evaluation	confirmatory::F4HPF1	negative	0d9f327b1073890bfb36e5ee168a06ee2714bac452b116df3ae13f3e08179c5f	evaluation
dominant_to_evaluation	confirmatory::F4HSQ2	negative	0d9f327b1073890bfb36e5ee168a06ee2714bac452b116df3ae13f3e08179c5f	evaluation
dominant_to_evaluation	confirmatory::F4IG09	negative	0d9f327b1073890bfb36e5ee168a06ee2714bac452b116df3ae13f3e08179c5f	evaluation
dominant_to_evaluation	confirmatory::F4JA91	negative	0d9f327b1073890bfb36e5ee168a06ee2714bac452b116df3ae13f3e08179c5f	evaluation
dominant_to_evaluation	confirmatory::F4JEX5	negative	ebd5e6aa1a772adddc466cdcf6b89397782aafb25fcd5e4e3af4dd7e56f3a67c	calibration
dominant_to_evaluation	confirmatory::F4JJH4	negative	0d9f327b1073890bfb36e5ee168a06ee2714bac452b116df3ae13f3e08179c5f	evaluation
dominant_to_evaluation	confirmatory::F4JJH5	negative	0d9f327b1073890bfb36e5ee168a06ee2714bac452b116df3ae13f3e08179c5f	evaluation
dominant_to_evaluation	confirmatory::F4JXC5	negative	0d9f327b1073890bfb36e5ee168a06ee2714bac452b116df3ae13f3e08179c5f	evaluation
dominant_to_evaluation	confirmatory::F4KEL0	negative	0d9f327b1073890bfb36e5ee168a06ee2714bac452b116df3ae13f3e08179c5f	evaluation
dominant_to_evaluation	confirmatory::F4KF14	negative	ee6ece32f313b95905c329c442d3ec18c3338d5bfee8010de8eb2ca13a2afd8c	calibration
dominant_to_evaluation	confirmatory::F4KGD4	negative	0d9f327b1073890bfb36e5ee168a06ee2714bac452b116df3ae13f3e08179c5f	evaluation
dominant_to_evaluation	confirmatory::F4QV02	negative	94af74fc0119da57512d98a54db223e9b58209524d169204fe452b487b794313	evaluation
dominant_to_evaluation	confirmatory::F5B8X0	negative	15846e295d6f529cb1ea4423de7a6917f472ad0c4d75173697c456c27ec75481	evaluation
dominant_to_evaluation	confirmatory::F8S101	positive	7bac8f189851f7e92b51b55b685b828748f06c7d21350d88650d72d0ab4d4b4d	evaluation
dominant_to_evaluation	confirmatory::F8W2M8	negative	c8bc632faaa2dd7e9e07420c2893908d6cabe65710e6f1a8676bef0b20dead16	evaluation
dominant_to_evaluation	confirmatory::F8WCM5	negative	5825442273aa674e597f0324f3d9d13995d18a085e3f346a6583071a32270dd2	evaluation
dominant_to_evaluation	confirmatory::G0HQZ6	negative	01981eb9e1dc067d1224d59092ffc0fe0bb45743fa25e07d6536cc2cf73ec7f4	calibration
dominant_to_evaluation	confirmatory::G0RYR3	negative	ae06a79fb0a3df6b735edf0b452366dd6bef01d4d1be6595c830072b310a4059	calibration
dominant_to_evaluation	confirmatory::G1FC92	negative	bebbed8339a7feaa335ecaa66925af046978afb00da13caba0006d1860ba05b2	evaluation
dominant_to_evaluation	confirmatory::G2WWV4	negative	a3546adf6be82692df41ca0154040cd8c726303196e1db3c7e525f3633842e55	calibration
dominant_to_evaluation	confirmatory::G2WZP5	negative	51e46bcf688c5df61042c5497f32a2bae5c728809990fb840813ab7ac1a46bb1	calibration
dominant_to_evaluation	confirmatory::G2XGR1	negative	80265ba0cf707cc2b9ab56977abaa12643a893bd6a9a455337c6c3dedf45bd7a	calibration
dominant_to_evaluation	confirmatory::G3FNQ9	negative	1bb7a69c5ac8dff09d9743d7de36e3db00db59e8de64893c6df4fc99ac9601d3	calibration
dominant_to_evaluation	confirmatory::G4N4E9	negative	51e46bcf688c5df61042c5497f32a2bae5c728809990fb840813ab7ac1a46bb1	calibration
dominant_to_evaluation	confirmatory::G5EBU3	negative	96d8247058ac2f5ce5fa4af5d51ce66b14fbab3d28461f146d94b1f59432c78c	calibration
dominant_to_evaluation	confirmatory::G5EBX9	negative	d0c8938c75402fc9c57177bd3bfe0b336c22e73c22b8cdc15342574d072a72cc	calibration
dominant_to_evaluation	confirmatory::G5ECM9	negative	f1b188ed6b5b22c8bc74b7dc43afbf4e4fa9f5d76d988cf9385257b2e37bcc15	evaluation
dominant_to_evaluation	confirmatory::G5ECN9	negative	da1f730a80c0f0ed1f9303734404705fa18285380f99e8c78185dd847cf60b39	evaluation
dominant_to_evaluation	confirmatory::G5EDL5	negative	2eecc744c786b9108557788352fd5794355c754b0934c0f099e6c21ad6cf8672	calibration
dominant_to_evaluation	confirmatory::G5EDZ9	negative	f1b188ed6b5b22c8bc74b7dc43afbf4e4fa9f5d76d988cf9385257b2e37bcc15	evaluation
dominant_to_evaluation	confirmatory::G5EGK8	negative	369890e1b4fdd3f4d633bc750ce4706bc6a1c2d11deb58e010bd3f44230852d0	calibration
dominant_to_evaluation	confirmatory::G5EGM1	negative	c7381dc3bc1209d24a1f49a779e3857727a3e7782e727eac61d571fe358ad686	evaluation
dominant_to_evaluation	confirmatory::G7KEU7	negative	0d9f327b1073890bfb36e5ee168a06ee2714bac452b116df3ae13f3e08179c5f	evaluation
dominant_to_evaluation	confirmatory::G7LCV1	negative	dab6f722b5cc93168bb39042302381bb8a3d9776198eb56cf1b8fdc6cdf20f05	calibration
dominant_to_evaluation	confirmatory::G7LCV7	negative	dab6f722b5cc93168bb39042302381bb8a3d9776198eb56cf1b8fdc6cdf20f05	calibration
dominant_to_evaluation	confirmatory::H2B3G5	negative	ae072172ac565f240e9af5c41bfdfc0174476f5f1bc878f8c5aab26e7d89d267	calibration
dominant_to_evaluation	confirmatory::H2KZ86	negative	af3e8151ef08d08d21f26d1cce1ca2ed2dedc203bc8d13dcabd9823b27fc65d9	evaluation
dominant_to_evaluation	confirmatory::H8L374	negative	dccb74d38eb5e7a9f23fe80d041bb156f74f05b1c460fdc8136e9dbd7d77d278	evaluation
dominant_to_evaluation	confirmatory::I1N462	negative	0d9f327b1073890bfb36e5ee168a06ee2714bac452b116df3ae13f3e08179c5f	evaluation
dominant_to_evaluation	confirmatory::I1RHF8	negative	e49c53809598ad4f4829e70c862d982dcdc50b8283ecd2ebd92ae3b2b21bf047	calibration
dominant_to_evaluation	confirmatory::I1RIF1	negative	d1c6ab564afa4059f4195e330c3f3d2fa72e6c258ca03ccbdb0ec294d4b10bcb	evaluation
dominant_to_evaluation	confirmatory::I1S2J4	negative	d8099d9a6e5072037116379f1ab6d36424a3c9d68e54f1cf6da52ee113f73e41	evaluation
dominant_to_evaluation	confirmatory::I1VC85	positive	cb76da7c30be05051ce1f155699d2676b258a7366e78419f8154c0bf41f923fa	evaluation
dominant_to_evaluation	confirmatory::I3R794	negative	df5070cd63468908d7ff5dc25c50b27c1be33547707ff62e32f90f7ac877709f	calibration
dominant_to_evaluation	confirmatory::I3R9Z4	negative	01981eb9e1dc067d1224d59092ffc0fe0bb45743fa25e07d6536cc2cf73ec7f4	calibration
dominant_to_evaluation	confirmatory::I6YC58	negative	2bb5876ea0a1d742ad5d709c935d4748a9c391f3ac1aa3a0f0ad6b539cf2d10b	evaluation
dominant_to_evaluation	confirmatory::J3KAS2	negative	29a79690eced4461016836ce36c14c380b0c4c5e3dcafb70f5238755407be04c	evaluation
dominant_to_evaluation	confirmatory::J3QK54	negative	725376337385731c27c04b3295d4b5d7c66d2e8cbf129aaea87ba3f5efc0a84e	evaluation
dominant_to_evaluation	confirmatory::J3RYX9	negative	e762a34e2879fb89badf3aefde610ff9d5414dd0791ef2899f47f15931593ae4	evaluation
dominant_to_evaluation	confirmatory::J3RZ81	negative	82e1c2f759ec8bf899994b4553b7d3cc20a8d7c5d625a051f6b6104ee4a7005f	evaluation
dominant_to_evaluation	confirmatory::J3SEZ3	positive	8f8877d2e6b8367c5953b1dcb91499c665ef907a72f7fe9a7473eeab367faeb4	evaluation
dominant_to_evaluation	confirmatory::J4KNE4	negative	cbc703c880fe3d6ff9294b5af3500fbb8cffd2583950cd21b3bc05eb25a524ed	evaluation
dominant_to_evaluation	confirmatory::J4UQC2	negative	3477fd0ea5188a4b8b43afb8d5373a322612ccc11984832ce02ea8389e95b257	evaluation
dominant_to_evaluation	confirmatory::J7FQE8	negative	e18b4e5fbde76978c2080f2894717f1f991e2dfb87f46a80f37a5cab5ea38ab0	calibration
dominant_to_evaluation	confirmatory::J9VDC2	negative	eeddce577fd4e7952536661e7d6c33ee109cf23a083d203697f1e0eb1293c51d	evaluation
dominant_to_evaluation	confirmatory::J9VG42	negative	3477fd0ea5188a4b8b43afb8d5373a322612ccc11984832ce02ea8389e95b257	evaluation
dominant_to_evaluation	confirmatory::J9VIY8	negative	ab06cbe4f98fc855ae71a2ee407383ce3a21d7ee65ed74e2cd8eb95d1b289e43	calibration
dominant_to_evaluation	confirmatory::K0KPV8	negative	ba1e0fac2515a9031daa16567997afddc289a2ecb8756ffc8f0e1753d392ede6	evaluation
dominant_to_evaluation	confirmatory::L8FSM5	negative	1bb7a69c5ac8dff09d9743d7de36e3db00db59e8de64893c6df4fc99ac9601d3	calibration
dominant_to_evaluation	confirmatory::L8GD75	negative	1bb7a69c5ac8dff09d9743d7de36e3db00db59e8de64893c6df4fc99ac9601d3	calibration
dominant_to_evaluation	confirmatory::M0GNC6	negative	dccb74d38eb5e7a9f23fe80d041bb156f74f05b1c460fdc8136e9dbd7d77d278	evaluation
dominant_to_evaluation	confirmatory::M0HG00	negative	dccb74d38eb5e7a9f23fe80d041bb156f74f05b1c460fdc8136e9dbd7d77d278	evaluation
dominant_to_evaluation	confirmatory::M5AXY1	negative	c82f4a3ea808a94af9f0fd360da5430293718adb20211aa3407793363c52542d	evaluation
dominant_to_evaluation	confirmatory::O00548	negative	24371bf2d6df09880740ab51a10a679536679e6846c484a18360798d6fe47647	calibration
dominant_to_evaluation	confirmatory::O00743	negative	369890e1b4fdd3f4d633bc750ce4706bc6a1c2d11deb58e010bd3f44230852d0	calibration
dominant_to_evaluation	confirmatory::O01814	negative	34b41219611ac71b39f94001659d257ef301dc42fb86d0ab1b2396d000b25f11	calibration
dominant_to_evaluation	confirmatory::O02218	negative	af3e8151ef08d08d21f26d1cce1ca2ed2dedc203bc8d13dcabd9823b27fc65d9	evaluation
dominant_to_evaluation	confirmatory::O02323	negative	34b41219611ac71b39f94001659d257ef301dc42fb86d0ab1b2396d000b25f11	calibration
dominant_to_evaluation	confirmatory::O02658	negative	369890e1b4fdd3f4d633bc750ce4706bc6a1c2d11deb58e010bd3f44230852d0	calibration
dominant_to_evaluation	confirmatory::O02659	negative	87d425c65ac584d5e4c581986c739f7692b2578e446bf382551a86cc21557ecd	evaluation
dominant_to_evaluation	confirmatory::O02772	negative	34b41219611ac71b39f94001659d257ef301dc42fb86d0ab1b2396d000b25f11	calibration
dominant_to_evaluation	confirmatory::O02853	negative	fff12e77db30d8d5054c219a61e7eadca02694fd845a38e729300f128215237b	evaluation
dominant_to_evaluation	confirmatory::O04004	negative	86cc21bca61bd87e3a544b53de63d4a85a51acbb0d64b5ad6e6e2ba8aa8ab938	calibration
dominant_to_evaluation	confirmatory::O04019	negative	23d5a3bd524d30d0ed03bfe373885d5527e4035c98c411d13a9667a063013c6e	evaluation
dominant_to_evaluation	confirmatory::O04138	negative	0938a8862515dbebeaa25ebc523df426c8e59a1f2e258d73b025e80dfbf4d1dc	evaluation
dominant_to_evaluation	confirmatory::O04403	negative	34efdb7da6465528647a3456cde08984bda0ce26aa0261df4c8efe316d3e0938	calibration
dominant_to_evaluation	confirmatory::O04404	negative	34efdb7da6465528647a3456cde08984bda0ce26aa0261df4c8efe316d3e0938	calibration
dominant_to_evaluation	confirmatory::O04529	negative	d017fd0721e73202cadd9ae3298bfac8bb3fb75187118a3bf8c61e4be5e4e8e8	evaluation
dominant_to_evaluation	confirmatory::O04582	negative	75a4d4983b92c6f2d61f0da10de61a0b3695ceb2866193fa2677419ef8d5e03a	evaluation
dominant_to_evaluation	confirmatory::O04951	negative	369890e1b4fdd3f4d633bc750ce4706bc6a1c2d11deb58e010bd3f44230852d0	calibration
dominant_to_evaluation	confirmatory::O05442	positive	b90e3fb6404f0c8d4e793f471d813d2bbc7d4b904188da017a787c23aa6f5dd2	evaluation
dominant_to_evaluation	confirmatory::O05461	negative	2bb5876ea0a1d742ad5d709c935d4748a9c391f3ac1aa3a0f0ad6b539cf2d10b	evaluation
dominant_to_evaluation	confirmatory::O06522	positive	2a14b9c6a601a71a7516b39e56d25a324683c11377131fdc1c79463aada0519a	evaluation
dominant_to_evaluation	confirmatory::O06695	positive	7d499bf43651fa7ca276bd0481621d7f6e736b22f885cc7a71ad7d4a34b6d209	evaluation
dominant_to_evaluation	confirmatory::O07015	negative	e90d897b8993d798d057ea32d5bf074e7ccbf48e0b32c16a67612aacc0d353d0	calibration
dominant_to_evaluation	confirmatory::O07732	negative	2062e9868818b3a94a1b073a357fbba56d5c266883d4c90280526713af0333f0	evaluation
dominant_to_evaluation	confirmatory::O08400	negative	ea060f244e352de2544b388f1abc1899258898681ff665dbf7303805cc505276	evaluation
dominant_to_evaluation	confirmatory::O08538	negative	450882407bb31af420e3fb498b86045252de225bcb0bc544cb192820b36d6e90	calibration
dominant_to_evaluation	confirmatory::O08677	negative	c286b9d2428a43eadbb1f83f16725c7832a83510929b6589bfaa691f46eb8985	calibration
dominant_to_evaluation	confirmatory::O08716	negative	34b41219611ac71b39f94001659d257ef301dc42fb86d0ab1b2396d000b25f11	calibration
dominant_to_evaluation	confirmatory::O08721	negative	e1b95bb5b2d98418af04cd6abcaee2221a616a7e7b69327abdac2b834eba6f74	calibration
dominant_to_evaluation	confirmatory::O08722	negative	e1b95bb5b2d98418af04cd6abcaee2221a616a7e7b69327abdac2b834eba6f74	calibration
dominant_to_evaluation	confirmatory::O08747	negative	e1b95bb5b2d98418af04cd6abcaee2221a616a7e7b69327abdac2b834eba6f74	calibration
dominant_to_evaluation	confirmatory::O08764	negative	f3e5c6d5116f4118b1a63715527d0f706cb7812884928e45eed377db3936c19d	evaluation
dominant_to_evaluation	confirmatory::O08976	negative	f92a8e542977ec3d6dc95e8a0bde11a3a1290134ed49574133ebe628e0201670	evaluation
dominant_to_evaluation	confirmatory::O09114	negative	fff12e77db30d8d5054c219a61e7eadca02694fd845a38e729300f128215237b	evaluation
dominant_to_evaluation	confirmatory::O09209	negative	50208ba7185986fdc3fd1b52d79feeb7da9b4c04f65a5deb9f7cc3291aa67f87	calibration
dominant_to_evaluation	confirmatory::O09210	negative	50208ba7185986fdc3fd1b52d79feeb7da9b4c04f65a5deb9f7cc3291aa67f87	calibration
dominant_to_evaluation	confirmatory::O12956	negative	0e86e9e3943105f0c02e336cf49e66419fe7933b4a9c56997c7bb8035f3c7a0a	calibration
dominant_to_evaluation	confirmatory::O13008	negative	34b41219611ac71b39f94001659d257ef301dc42fb86d0ab1b2396d000b25f11	calibration
dominant_to_evaluation	confirmatory::O13050	negative	cd44ecfb0231fbe25976a913c1248001f954c4063e308617e008c4b65e1d218b	calibration
dominant_to_evaluation	confirmatory::O13065	negative	16ea83094b8a9f3846228c14f4dc27f1b4aac291005aa1d8eb490657405beb3e	calibration
dominant_to_evaluation	confirmatory::O13359	negative	0840af6d61e535996fdac85e4931f62ffc2b0d5e510092ed0bdf24addc0a25f9	evaluation
dominant_to_evaluation	confirmatory::O13765	negative	0979449cdc194fdff7dab96f55c2a10e5e5abd2d3843d67e604751e8e5fe90dd	evaluation
dominant_to_evaluation	confirmatory::O14003	negative	694df2b5849b10ec08101ea2af6560538999a3c675f58d38bdfa8b4f58b573a3	calibration
dominant_to_evaluation	confirmatory::O14593	negative	a02247f20abea7bec5768325bf12ee1c76fa45207989f0178a55e6c2b53e8f3e	calibration
dominant_to_evaluation	confirmatory::O14773	negative	c8bc632faaa2dd7e9e07420c2893908d6cabe65710e6f1a8676bef0b20dead16	evaluation
dominant_to_evaluation	confirmatory::O14830	negative	d0c8938c75402fc9c57177bd3bfe0b336c22e73c22b8cdc15342574d072a72cc	calibration
dominant_to_evaluation	confirmatory::O15123	negative	450882407bb31af420e3fb498b86045252de225bcb0bc544cb192820b36d6e90	calibration
dominant_to_evaluation	confirmatory::O15381	negative	8a197d437b2ed3f57cde15631f22ea706290f01c5bf63619c8cfac5603ce0c5b	calibration
dominant_to_evaluation	confirmatory::O15442	negative	954b55641f50254b0d08cce06f30e91b60b69b65b83254277a852aac2b7ed08a	evaluation
dominant_to_evaluation	confirmatory::O15540	negative	34b41219611ac71b39f94001659d257ef301dc42fb86d0ab1b2396d000b25f11	calibration
dominant_to_evaluation	confirmatory::O15757	negative	369890e1b4fdd3f4d633bc750ce4706bc6a1c2d11deb58e010bd3f44230852d0	calibration
dominant_to_evaluation	confirmatory::O16168	negative	d1c6ab564afa4059f4195e330c3f3d2fa72e6c258ca03ccbdb0ec294d4b10bcb	evaluation
dominant_to_evaluation	confirmatory::O16169	negative	d1c6ab564afa4059f4195e330c3f3d2fa72e6c258ca03ccbdb0ec294d4b10bcb	evaluation
dominant_to_evaluation	confirmatory::O16170	negative	d1c6ab564afa4059f4195e330c3f3d2fa72e6c258ca03ccbdb0ec294d4b10bcb	evaluation
dominant_to_evaluation	confirmatory::O16172	negative	d1c6ab564afa4059f4195e330c3f3d2fa72e6c258ca03ccbdb0ec294d4b10bcb	evaluation
dominant_to_evaluation	confirmatory::O16173	negative	d1c6ab564afa4059f4195e330c3f3d2fa72e6c258ca03ccbdb0ec294d4b10bcb	evaluation
dominant_to_evaluation	confirmatory::O16299	negative	9be8126a2dbfcd7513074efb8f97e42b52a270b713971328a72dcad11b7a1f84	calibration
dominant_to_evaluation	confirmatory::O16810	negative	33f5c52e6e471059b13c83963f4154e2889ec136e6cb4250f1ae8a3f9e102f2c	evaluation
dominant_to_evaluation	confirmatory::O17071	negative	23d5a3bd524d30d0ed03bfe373885d5527e4035c98c411d13a9667a063013c6e	evaluation
dominant_to_evaluation	confirmatory::O17798	negative	da1f730a80c0f0ed1f9303734404705fa18285380f99e8c78185dd847cf60b39	evaluation
dominant_to_evaluation	confirmatory::O18391	negative	d012353b488000b63419c4b307394f28ffb33f7618f863c011f8e1d74dd0c7ee	evaluation
dominant_to_evaluation	confirmatory::O18413	negative	23d5a3bd524d30d0ed03bfe373885d5527e4035c98c411d13a9667a063013c6e	evaluation
dominant_to_evaluation	confirmatory::O18733	negative	16ea83094b8a9f3846228c14f4dc27f1b4aac291005aa1d8eb490657405beb3e	calibration
dominant_to_evaluation	confirmatory::O18767	negative	24063adf61b47696a5084aad279fba23bd2d452cb3a4e2a3d0222f5c61a60eb3	calibration
dominant_to_evaluation	confirmatory::O18873	negative	5892961fd93913083308b146da1de4c67d025258b98b350e84083bba8418fbd1	calibration
dominant_to_evaluation	confirmatory::O18874	negative	fb86bd7d30742f187ddd35c736c51e90b33bca62b631fa9d89bf7c07b4c846b4	calibration
dominant_to_evaluation	confirmatory::O18920	negative	450882407bb31af420e3fb498b86045252de225bcb0bc544cb192820b36d6e90	calibration
dominant_to_evaluation	confirmatory::O18927	negative	16ea83094b8a9f3846228c14f4dc27f1b4aac291005aa1d8eb490657405beb3e	calibration
dominant_to_evaluation	confirmatory::O19092	negative	e762a34e2879fb89badf3aefde610ff9d5414dd0791ef2899f47f15931593ae4	evaluation
dominant_to_evaluation	confirmatory::O19093	negative	e762a34e2879fb89badf3aefde610ff9d5414dd0791ef2899f47f15931593ae4	evaluation
dominant_to_evaluation	confirmatory::O19113	negative	80411b172a57342a9e6ff35099764047f561bf1337df03f29cf013ee3a7b28d0	calibration
dominant_to_evaluation	confirmatory::O19183	negative	eaccb7debaadc3ca12235f53d0889fe4d708ee20342c7afff2cd364bfff58c6f	evaluation
dominant_to_evaluation	confirmatory::O22833	negative	067ae74d42b596cec7582bf029fe09ab77e540f889181e76f7318d4806994969	evaluation
dominant_to_evaluation	confirmatory::O22834	negative	067ae74d42b596cec7582bf029fe09ab77e540f889181e76f7318d4806994969	evaluation
dominant_to_evaluation	confirmatory::O22842	negative	0938a8862515dbebeaa25ebc523df426c8e59a1f2e258d73b025e80dfbf4d1dc	evaluation
dominant_to_evaluation	confirmatory::O22866	negative	eb85637eb8a3dcfa0688f0ce39ddbef7c38775a667e3c17295d08b1fe44192ff	calibration
dominant_to_evaluation	confirmatory::O22975	negative	80a4a9f363a89d8ed82f93d5e47a0d470f2326e942d948577be7d51473425c16	evaluation
dominant_to_evaluation	confirmatory::O22977	negative	0e4c38eb4f51a7eb91cc769f4711116524ea8b7fdc196854106f65a38ca035fd	evaluation
dominant_to_evaluation	confirmatory::O23244	negative	bb6ceea07e989d80c137788cdbdfd634ab9becd492e572919974a7e2ecc7bc23	calibration
dominant_to_evaluation	confirmatory::O23357	negative	0d9f327b1073890bfb36e5ee168a06ee2714bac452b116df3ae13f3e08179c5f	evaluation
dominant_to_evaluation	confirmatory::O23507	negative	d017fd0721e73202cadd9ae3298bfac8bb3fb75187118a3bf8c61e4be5e4e8e8	evaluation
dominant_to_evaluation	confirmatory::O23758	negative	86cc21bca61bd87e3a544b53de63d4a85a51acbb0d64b5ad6e6e2ba8aa8ab938	calibration
dominant_to_evaluation	confirmatory::O23810	negative	8f8da713303fc3e9da5300981fa592399dd69f945ee35063684c899fb1bc1d27	calibration
dominant_to_evaluation	confirmatory::O24037	negative	86cc21bca61bd87e3a544b53de63d4a85a51acbb0d64b5ad6e6e2ba8aa8ab938	calibration
dominant_to_evaluation	confirmatory::O24038	negative	86cc21bca61bd87e3a544b53de63d4a85a51acbb0d64b5ad6e6e2ba8aa8ab938	calibration
dominant_to_evaluation	confirmatory::O24356	negative	8f8da713303fc3e9da5300981fa592399dd69f945ee35063684c899fb1bc1d27	calibration
dominant_to_evaluation	confirmatory::O24383	negative	bf30e013f16aa81ae1fa35895609c363048eab7576368053fb0f2db1dc661092	evaluation
dominant_to_evaluation	confirmatory::O24384	negative	bf30e013f16aa81ae1fa35895609c363048eab7576368053fb0f2db1dc661092	evaluation
dominant_to_evaluation	confirmatory::O24385	negative	bf30e013f16aa81ae1fa35895609c363048eab7576368053fb0f2db1dc661092	evaluation
dominant_to_evaluation	confirmatory::O24386	negative	bf30e013f16aa81ae1fa35895609c363048eab7576368053fb0f2db1dc661092	evaluation
dominant_to_evaluation	confirmatory::O24387	negative	bf30e013f16aa81ae1fa35895609c363048eab7576368053fb0f2db1dc661092	evaluation
dominant_to_evaluation	confirmatory::O24418	negative	86cc21bca61bd87e3a544b53de63d4a85a51acbb0d64b5ad6e6e2ba8aa8ab938	calibration
dominant_to_evaluation	confirmatory::O24598	negative	4b9e7bea9ce8ee8ae94698ef8499017333c8e1e95a44680dba3be60d8618dc01	evaluation
dominant_to_evaluation	confirmatory::O24603	negative	0938a8862515dbebeaa25ebc523df426c8e59a1f2e258d73b025e80dfbf4d1dc	evaluation
dominant_to_evaluation	confirmatory::O24658	negative	4b9e7bea9ce8ee8ae94698ef8499017333c8e1e95a44680dba3be60d8618dc01	evaluation
dominant_to_evaluation	confirmatory::O30334	negative	ea060f244e352de2544b388f1abc1899258898681ff665dbf7303805cc505276	evaluation
dominant_to_evaluation	confirmatory::O31147	negative	6575fe00f3ccdc3a9bcd22237c35b4067cd150571930ca1e7aa9a8e6117d5536	calibration
dominant_to_evaluation	confirmatory::O31266	negative	ef81fa00400c2b295de867cb432031e24b524dc8f4bc0e2bcda0f1a491074edf	calibration
dominant_to_evaluation	confirmatory::O31398	negative	da7151ae8b9b760a4109904339949a8f9d7a9e97b9d3b9c9ff29d7236ddc2616	evaluation
dominant_to_evaluation	confirmatory::O31614	negative	5b546e23fc0afdde29a7adae28d3691cb243db3820d1154a8c53d9105b02f0e5	evaluation
dominant_to_evaluation	confirmatory::O31788	negative	5a224f6622dee7bac056348d00e500fc1065e38c60b5aa306a892695160d882e	evaluation
dominant_to_evaluation	confirmatory::O32322	positive	d07222358f2606083089380f510ed2a6264347f3443787af36d981811c551ba9	evaluation
dominant_to_evaluation	confirmatory::O32449	negative	87480a95a88b6b578d03758154256fdbdbb2e3418af2f8712b57ff0c18f5edc1	calibration
dominant_to_evaluation	confirmatory::O33680	negative	2685ac5e9c3442645f03a65b92530e7060d9cfb234238234c495a0a95d5a3e40	calibration
dominant_to_evaluation	confirmatory::O34163	positive	e4749c77524e3476f32dc11a5e4dd452320a6c3d52aba97fe097e0407c8bad63	evaluation
dominant_to_evaluation	confirmatory::O34330	positive	1b411a2550c590bbf93d305d01c04f9fac1143e2fe62a715fa1e69a44ed7be32	evaluation
dominant_to_evaluation	confirmatory::O34344	positive	d63bb1e81014b5471cceae4cac2fbbb0698fd11b88f7ad4ac8aeb496d6ee69a1	evaluation
dominant_to_evaluation	confirmatory::O34870	negative	2638457baf9d7039c2e676d664a57fc930a42dc5e5fd5a210f7e40098872d0fb	calibration
dominant_to_evaluation	confirmatory::O35119	negative	0fe83d4abf1ce610ad84586dd4d5c46c21bd9db4885afb3ef6d6ab2b95befab2	evaluation
dominant_to_evaluation	confirmatory::O35385	negative	d0c8938c75402fc9c57177bd3bfe0b336c22e73c22b8cdc15342574d072a72cc	calibration
dominant_to_evaluation	confirmatory::O35433	negative	36dec6c60a72d94ff56ec694716245de514abc69b61f3fd1ef27385953643515	evaluation
dominant_to_evaluation	confirmatory::O35460	negative	450882407bb31af420e3fb498b86045252de225bcb0bc544cb192820b36d6e90	calibration
dominant_to_evaluation	confirmatory::O35462	negative	450882407bb31af420e3fb498b86045252de225bcb0bc544cb192820b36d6e90	calibration
dominant_to_evaluation	confirmatory::O35548	negative	24063adf61b47696a5084aad279fba23bd2d452cb3a4e2a3d0222f5c61a60eb3	calibration
dominant_to_evaluation	confirmatory::O35679	negative	3e16de24ba7ef3afc3657d7c3ad20a74aacd37216bdb9be6736376443b010e65	calibration
dominant_to_evaluation	confirmatory::O42143	negative	0e86e9e3943105f0c02e336cf49e66419fe7933b4a9c56997c7bb8035f3c7a0a	calibration
dominant_to_evaluation	confirmatory::O42144	negative	0e86e9e3943105f0c02e336cf49e66419fe7933b4a9c56997c7bb8035f3c7a0a	calibration
dominant_to_evaluation	confirmatory::O42386	negative	34b41219611ac71b39f94001659d257ef301dc42fb86d0ab1b2396d000b25f11	calibration
dominant_to_evaluation	confirmatory::O42773	negative	369890e1b4fdd3f4d633bc750ce4706bc6a1c2d11deb58e010bd3f44230852d0	calibration
dominant_to_evaluation	confirmatory::O43078	negative	9be8126a2dbfcd7513074efb8f97e42b52a270b713971328a72dcad11b7a1f84	calibration
dominant_to_evaluation	confirmatory::O43086	negative	787e9f6d47616f003fdecddbc542fef94921eb6caa4f6030e313bf11016a0354	evaluation
dominant_to_evaluation	confirmatory::O43827	negative	450882407bb31af420e3fb498b86045252de225bcb0bc544cb192820b36d6e90	calibration
dominant_to_evaluation	confirmatory::O43854	negative	67b28ba5e81d277aab432e8590ea0314688bb8591ebef3ca06a6935723ff3652	evaluation
dominant_to_evaluation	confirmatory::O43915	negative	0dd93ec998989de91ffa9cd72b23a1778b67e69138f650b7299641bbfde52515	calibration
dominant_to_evaluation	confirmatory::O44836	negative	c88eb95ec9ccdb006699bce804ff0f69e0f5640fa733717abe7e00938ce23e68	calibration
dominant_to_evaluation	confirmatory::O44952	negative	6575fe00f3ccdc3a9bcd22237c35b4067cd150571930ca1e7aa9a8e6117d5536	calibration
dominant_to_evaluation	confirmatory::O45035	negative	34b41219611ac71b39f94001659d257ef301dc42fb86d0ab1b2396d000b25f11	calibration
dominant_to_evaluation	confirmatory::O45824	negative	b71252be500c0e28223b8b6ea41a2882cbaf804efcfd6ff383061d4b12a2b634	evaluation
dominant_to_evaluation	confirmatory::O46197	negative	9984bf5454fe4ec8ca4cdbf831279bf8ca108f742669ce2a682f49f496ce9fba	evaluation
dominant_to_evaluation	confirmatory::O46482	negative	cd44ecfb0231fbe25976a913c1248001f954c4063e308617e008c4b65e1d218b	calibration
dominant_to_evaluation	confirmatory::O46483	negative	cd44ecfb0231fbe25976a913c1248001f954c4063e308617e008c4b65e1d218b	calibration
dominant_to_evaluation	confirmatory::O46559	negative	82e1c2f759ec8bf899994b4553b7d3cc20a8d7c5d625a051f6b6104ee4a7005f	evaluation
dominant_to_evaluation	confirmatory::O46641	negative	cd44ecfb0231fbe25976a913c1248001f954c4063e308617e008c4b65e1d218b	calibration
dominant_to_evaluation	confirmatory::O46647	negative	82e1c2f759ec8bf899994b4553b7d3cc20a8d7c5d625a051f6b6104ee4a7005f	evaluation
dominant_to_evaluation	confirmatory::O48840	negative	bb6ceea07e989d80c137788cdbdfd634ab9becd492e572919974a7e2ecc7bc23	calibration
dominant_to_evaluation	confirmatory::O49607	negative	0d9f327b1073890bfb36e5ee168a06ee2714bac452b116df3ae13f3e08179c5f	evaluation
dominant_to_evaluation	confirmatory::O50202	negative	5971e37049a5aa9cb39d3f93eb42978fd30f68cf207e961d7841bb2ef3ff45c3	calibration
dominant_to_evaluation	confirmatory::O51632	negative	c7a514c2129823dbb739d4ae0471bba2a14600c84d3eb11cd75dad83f6d1ea1f	calibration
dominant_to_evaluation	confirmatory::O52866	negative	4a62e7f94dfbc4e1bedcdb988870d4d29f8355d925a2511e39c673e0cc818f78	calibration
dominant_to_evaluation	confirmatory::O53945	negative	2bb5876ea0a1d742ad5d709c935d4748a9c391f3ac1aa3a0f0ad6b539cf2d10b	evaluation
dominant_to_evaluation	confirmatory::O54418	negative	ea060f244e352de2544b388f1abc1899258898681ff665dbf7303805cc505276	evaluation
dominant_to_evaluation	confirmatory::O54420	negative	ea060f244e352de2544b388f1abc1899258898681ff665dbf7303805cc505276	evaluation
dominant_to_evaluation	confirmatory::O54732	negative	24063adf61b47696a5084aad279fba23bd2d452cb3a4e2a3d0222f5c61a60eb3	calibration
dominant_to_evaluation	confirmatory::O55123	negative	24063adf61b47696a5084aad279fba23bd2d452cb3a4e2a3d0222f5c61a60eb3	calibration
dominant_to_evaluation	confirmatory::O55761	negative	07fe2ba59a0b885f240222ad8e6cbb3db5fd555ab8d91d1bc8fff1df7efce37f	evaluation
dominant_to_evaluation	confirmatory::O57340	negative	cd44ecfb0231fbe25976a913c1248001f954c4063e308617e008c4b65e1d218b	calibration
dominant_to_evaluation	confirmatory::O57409	negative	24371bf2d6df09880740ab51a10a679536679e6846c484a18360798d6fe47647	calibration
dominant_to_evaluation	confirmatory::O60062	negative	ab06cbe4f98fc855ae71a2ee407383ce3a21d7ee65ed74e2cd8eb95d1b289e43	calibration
dominant_to_evaluation	confirmatory::O60182	negative	59f534d535cbf0e6b4356635efdba10890d111828d268b13a376c2e52be63817	calibration
dominant_to_evaluation	confirmatory::O60676	negative	e762a34e2879fb89badf3aefde610ff9d5414dd0791ef2899f47f15931593ae4	evaluation
dominant_to_evaluation	confirmatory::O60733	negative	2c2ac0bbe87e72c41fb41c6217db355c37c4619415db084ca3be9e656b7a09db	calibration
dominant_to_evaluation	confirmatory::O60882	negative	24063adf61b47696a5084aad279fba23bd2d452cb3a4e2a3d0222f5c61a60eb3	calibration
dominant_to_evaluation	confirmatory::O61142	negative	8e5a796ba82885cd75cc418837f05303b492fb3ec6b59865c2d21255824472b0	evaluation
dominant_to_evaluation	confirmatory::O61577	negative	794a155dc5d6a4333e7c3f64f71a96bc7d6cff28650fa8bcc5d70a3932053113	calibration
dominant_to_evaluation	confirmatory::O62247	negative	99b9a25013110c306dd2c7cf0ef62c60f5994a4bea773435d3dcba8878e3cf9a	evaluation
dominant_to_evaluation	confirmatory::O62589	negative	d795e79190a310d4cdbe4db2a72d3882e6f12a2c1cee19c311ac699381bfd6e8	evaluation
dominant_to_evaluation	confirmatory::O62725	negative	eaccb7debaadc3ca12235f53d0889fe4d708ee20342c7afff2cd364bfff58c6f	evaluation
dominant_to_evaluation	confirmatory::O62806	negative	16ea83094b8a9f3846228c14f4dc27f1b4aac291005aa1d8eb490657405beb3e	calibration
dominant_to_evaluation	confirmatory::O64481	negative	0d9f327b1073890bfb36e5ee168a06ee2714bac452b116df3ae13f3e08179c5f	evaluation
dominant_to_evaluation	confirmatory::O64495	negative	0d9f327b1073890bfb36e5ee168a06ee2714bac452b116df3ae13f3e08179c5f	evaluation
dominant_to_evaluation	confirmatory::O64948	negative	6575fe00f3ccdc3a9bcd22237c35b4067cd150571930ca1e7aa9a8e6117d5536	calibration
dominant_to_evaluation	confirmatory::O65351	negative	0d9f327b1073890bfb36e5ee168a06ee2714bac452b116df3ae13f3e08179c5f	evaluation
dominant_to_evaluation	confirmatory::O65888	negative	c908a35d9708a58f7286e336d11340179e7ae80e312b7fece873ae1aac005e23	evaluation
dominant_to_evaluation	confirmatory::O67327	negative	623f3f0445ba3d68f7f0b01360d57379b68a4bd25c5f902822b41b66dfcdfc89	calibration
dominant_to_evaluation	confirmatory::O68640	negative	dccb74d38eb5e7a9f23fe80d041bb156f74f05b1c460fdc8136e9dbd7d77d278	evaluation
dominant_to_evaluation	confirmatory::O70138	negative	24063adf61b47696a5084aad279fba23bd2d452cb3a4e2a3d0222f5c61a60eb3	calibration
dominant_to_evaluation	confirmatory::O70156	negative	55ddb3dd17da1cb3ae6ed5aa5ab62a50e2f5afdd8477f9c0f808349986102bb6	evaluation
dominant_to_evaluation	confirmatory::O70159	negative	8aca6cf56151161615270e0611bfb487352bac7e999974bcc690200b9c87952d	evaluation
dominant_to_evaluation	confirmatory::O70176	negative	9d2bb9c0ec111008855c185d034a9f835f297b67d775b83c19cacc5a83480fca	evaluation
dominant_to_evaluation	confirmatory::O73630	negative	a57533e38099ea960ab1f9d4350d4e3eb6a919a313090b8648660eab8a5859d5	calibration
dominant_to_evaluation	confirmatory::O73824	negative	cd44ecfb0231fbe25976a913c1248001f954c4063e308617e008c4b65e1d218b	calibration
dominant_to_evaluation	confirmatory::O74205	negative	0d3efe270b38b530a1b72e2e4e69ea9b829387d3d6778c12943eccd15f5b2def	evaluation
dominant_to_evaluation	confirmatory::O74430	negative	d291e2f780ccae734f1044ab8a8bdd51fabac2c2899aa59af35fb22c772d8b01	evaluation
dominant_to_evaluation	confirmatory::O74789	negative	369890e1b4fdd3f4d633bc750ce4706bc6a1c2d11deb58e010bd3f44230852d0	calibration
dominant_to_evaluation	confirmatory::O75351	negative	12099ebff3efead5c06a18a835e5239edabab4ca79c6c9ba0c916ef443726217	evaluation
dominant_to_evaluation	confirmatory::O75449	negative	794a155dc5d6a4333e7c3f64f71a96bc7d6cff28650fa8bcc5d70a3932053113	calibration
dominant_to_evaluation	confirmatory::O75534	negative	e9de1a2f7cb129c07a0f04ae08efba495b6b821d03abf1fa01ce52ae6c31c28f	calibration
dominant_to_evaluation	confirmatory::O75832	negative	c41d4630e15f544ec84135758669bfdc604402cb0e775eafe26b38f9a53a251e	calibration
dominant_to_evaluation	confirmatory::O75891	negative	931ab9bceb3d00092439c252651cf7642dfe2c2e50cfc6cb076f40a5ad76ebfe	calibration
dominant_to_evaluation	confirmatory::O75900	negative	61b39f63f5f0f157c53fe0321d338a214666853888c56aa923f9a139aac84b72	calibration
dominant_to_evaluation	confirmatory::O76096	negative	e762a34e2879fb89badf3aefde610ff9d5414dd0791ef2899f47f15931593ae4	evaluation
dominant_to_evaluation	confirmatory::O76821	negative	34b41219611ac71b39f94001659d257ef301dc42fb86d0ab1b2396d000b25f11	calibration
dominant_to_evaluation	confirmatory::O76932	negative	369890e1b4fdd3f4d633bc750ce4706bc6a1c2d11deb58e010bd3f44230852d0	calibration
dominant_to_evaluation	confirmatory::O77656	negative	16ea83094b8a9f3846228c14f4dc27f1b4aac291005aa1d8eb490657405beb3e	calibration
dominant_to_evaluation	confirmatory::O77802	negative	450882407bb31af420e3fb498b86045252de225bcb0bc544cb192820b36d6e90	calibration
dominant_to_evaluation	confirmatory::O77805	negative	cd44ecfb0231fbe25976a913c1248001f954c4063e308617e008c4b65e1d218b	calibration
dominant_to_evaluation	confirmatory::O77835	negative	cd44ecfb0231fbe25976a913c1248001f954c4063e308617e008c4b65e1d218b	calibration
dominant_to_evaluation	confirmatory::O80860	negative	b587bef3e5d94148fb6edeb8462e56d2a1573d0e113db913c44f4bfefa67c9fa	evaluation
dominant_to_evaluation	confirmatory::O80983	negative	eab0d72e0d04bae4dd854288f82011226cc01b607738962e2ac63f8fe4d28af8	evaluation
dominant_to_evaluation	confirmatory::O82711	negative	7cfc083fd4b244bc8c957330ce9e6b1720e1683808f7eaaa0da9e0bb5575cae7	calibration
dominant_to_evaluation	confirmatory::O82733	negative	369890e1b4fdd3f4d633bc750ce4706bc6a1c2d11deb58e010bd3f44230852d0	calibration
dominant_to_evaluation	confirmatory::O82734	negative	369890e1b4fdd3f4d633bc750ce4706bc6a1c2d11deb58e010bd3f44230852d0	calibration
dominant_to_evaluation	confirmatory::O82777	negative	0d9f327b1073890bfb36e5ee168a06ee2714bac452b116df3ae13f3e08179c5f	evaluation
dominant_to_evaluation	confirmatory::O84467	negative	11c13a19e1113e2799b867ab10fbad38974c130093a480c4b20e8429bd440374	calibration
dominant_to_evaluation	confirmatory::O84616	positive	769093b27cf88ee7bebaf52f38d66313b9825671de5a3dc93a978dde0e193bce	evaluation
dominant_to_evaluation	confirmatory::O86507	negative	ea060f244e352de2544b388f1abc1899258898681ff665dbf7303805cc505276	evaluation
dominant_to_evaluation	confirmatory::O86508	negative	ea060f244e352de2544b388f1abc1899258898681ff665dbf7303805cc505276	evaluation
dominant_to_evaluation	confirmatory::O87400	negative	ea060f244e352de2544b388f1abc1899258898681ff665dbf7303805cc505276	evaluation
dominant_to_evaluation	confirmatory::O88200	negative	a134fb2184700f02c8a5ecc9f7c0b542e3a7daa6387f1fecb93ca9df5aabd420	evaluation
dominant_to_evaluation	confirmatory::O88310	negative	65ee5a678e3df03b66915068a451d63c9cf38bf313f16c4cae674fd4276713a9	evaluation
dominant_to_evaluation	confirmatory::O88354	negative	82e1c2f759ec8bf899994b4553b7d3cc20a8d7c5d625a051f6b6104ee4a7005f	evaluation
dominant_to_evaluation	confirmatory::O88516	negative	24371bf2d6df09880740ab51a10a679536679e6846c484a18360798d6fe47647	calibration
dominant_to_evaluation	confirmatory::O88671	negative	24371bf2d6df09880740ab51a10a679536679e6846c484a18360798d6fe47647	calibration
dominant_to_evaluation	confirmatory::O88676	negative	61b39f63f5f0f157c53fe0321d338a214666853888c56aa923f9a139aac84b72	calibration
dominant_to_evaluation	confirmatory::O88685	negative	23d5a3bd524d30d0ed03bfe373885d5527e4035c98c411d13a9667a063013c6e	evaluation
dominant_to_evaluation	confirmatory::O88713	negative	6b527846c5b7ff6125fe5b7ef3735a2e49461d375651dbafe25d3c3221f21427	evaluation
dominant_to_evaluation	confirmatory::O88766	negative	24063adf61b47696a5084aad279fba23bd2d452cb3a4e2a3d0222f5c61a60eb3	calibration
dominant_to_evaluation	confirmatory::O88967	negative	6aabea4e103b9af36881174afb442574930392a3fae20d0fb888388c16d5e046	evaluation
dominant_to_evaluation	confirmatory::O88969	negative	e762a34e2879fb89badf3aefde610ff9d5414dd0791ef2899f47f15931593ae4	evaluation
dominant_to_evaluation	confirmatory::O89023	negative	c8bc632faaa2dd7e9e07420c2893908d6cabe65710e6f1a8676bef0b20dead16	evaluation
dominant_to_evaluation	confirmatory::O89098	negative	e762a34e2879fb89badf3aefde610ff9d5414dd0791ef2899f47f15931593ae4	evaluation
dominant_to_evaluation	confirmatory::O89103	negative	9c42a4d7631974118801fa0fb65aef4231fc3b42e1affbced544cb057191d1c2	calibration
dominant_to_evaluation	confirmatory::O93390	negative	9f0d0cc0eeb47aec102bb846e184928d26abe3ecb8a62ebc0b78f49871b04459	evaluation
dominant_to_evaluation	confirmatory::O93470	negative	d498470a61783f09b7f843ca3a7c66a02ba48e4ab1c44629ca47394b33753185	calibration
dominant_to_evaluation	confirmatory::O94449	negative	694df2b5849b10ec08101ea2af6560538999a3c675f58d38bdfa8b4f58b573a3	calibration
dominant_to_evaluation	confirmatory::O94493	negative	3acb906c96b692236616cc3009c653767c3b556c5dfb67aabe445edfa7a5e8f5	evaluation
dominant_to_evaluation	confirmatory::O95185	negative	e1b95bb5b2d98418af04cd6abcaee2221a616a7e7b69327abdac2b834eba6f74	calibration
dominant_to_evaluation	confirmatory::O95388	negative	80411b172a57342a9e6ff35099764047f561bf1337df03f29cf013ee3a7b28d0	calibration
dominant_to_evaluation	confirmatory::O95389	negative	80411b172a57342a9e6ff35099764047f561bf1337df03f29cf013ee3a7b28d0	calibration
dominant_to_evaluation	confirmatory::O95841	negative	450882407bb31af420e3fb498b86045252de225bcb0bc544cb192820b36d6e90	calibration
dominant_to_evaluation	confirmatory::O97788	negative	34b41219611ac71b39f94001659d257ef301dc42fb86d0ab1b2396d000b25f11	calibration
dominant_to_evaluation	confirmatory::O97862	negative	e762a34e2879fb89badf3aefde610ff9d5414dd0791ef2899f47f15931593ae4	evaluation
dominant_to_evaluation	confirmatory::O97921	negative	fff12e77db30d8d5054c219a61e7eadca02694fd845a38e729300f128215237b	evaluation
dominant_to_evaluation	confirmatory::O97937	negative	82ba2784f1f8c5c50742e13d650c40e1693ecd41f5e2dbe7f1afccb645a66a72	calibration
dominant_to_evaluation	confirmatory::P00588	positive	1caaf82bfa989dfbd21e94f703cacefd07e2ebfb024de0594bea6471c21d8fe5	evaluation
dominant_to_evaluation	confirmatory::P00739	negative	f31f934f123b8eb5e7b55919d21a17ee0061501c26e26a51565ecb85805bc123	calibration
dominant_to_evaluation	confirmatory::P00751	negative	bc915c1c28ec405395a99c2ecfb7d27da28c273f79648ff3c9d1f724acfa6d1b	calibration
dominant_to_evaluation	confirmatory::P00781	negative	1bb7a69c5ac8dff09d9743d7de36e3db00db59e8de64893c6df4fc99ac9601d3	calibration
dominant_to_evaluation	confirmatory::P01013	negative	057b3edc0fe8d2ae60665eefd3e06401ee7534504c8166be0b44751ef72be6a7	calibration
dominant_to_evaluation	confirmatory::P01015	negative	34f3ebf727ba6962d09c497f53fa9a083064002a8920c85a4d004e89f0a534ef	evaluation
dominant_to_evaluation	confirmatory::P01017	negative	34f3ebf727ba6962d09c497f53fa9a083064002a8920c85a4d004e89f0a534ef	evaluation
dominant_to_evaluation	confirmatory::P01019	negative	34f3ebf727ba6962d09c497f53fa9a083064002a8920c85a4d004e89f0a534ef	evaluation
dominant_to_evaluation	confirmatory::P01034	negative	e762a34e2879fb89badf3aefde610ff9d5414dd0791ef2899f47f15931593ae4	evaluation
dominant_to_evaluation	confirmatory::P01036	negative	e762a34e2879fb89badf3aefde610ff9d5414dd0791ef2899f47f15931593ae4	evaluation
dominant_to_evaluation	confirmatory::P01037	negative	e762a34e2879fb89badf3aefde610ff9d5414dd0791ef2899f47f15931593ae4	evaluation
dominant_to_evaluation	confirmatory::P01038	negative	e762a34e2879fb89badf3aefde610ff9d5414dd0791ef2899f47f15931593ae4	evaluation
dominant_to_evaluation	confirmatory::P01039	negative	e18b4e5fbde76978c2080f2894717f1f991e2dfb87f46a80f37a5cab5ea38ab0	calibration
dominant_to_evaluation	confirmatory::P01042	negative	c286b9d2428a43eadbb1f83f16725c7832a83510929b6589bfaa691f46eb8985	calibration
dominant_to_evaluation	confirmatory::P01044	negative	c286b9d2428a43eadbb1f83f16725c7832a83510929b6589bfaa691f46eb8985	calibration
dominant_to_evaluation	confirmatory::P01045	negative	c286b9d2428a43eadbb1f83f16725c7832a83510929b6589bfaa691f46eb8985	calibration
dominant_to_evaluation	confirmatory::P01048	negative	c286b9d2428a43eadbb1f83f16725c7832a83510929b6589bfaa691f46eb8985	calibration
dominant_to_evaluation	confirmatory::P01050	positive	10d915feff9460e73bd806263f31a4343e488ee6ea1def28c82de0e36e675190	evaluation
dominant_to_evaluation	confirmatory::P01070	negative	91bd60dabb882867c24e7bc1c3c50d5e623a99ff781af028e7ff380940a7501d	evaluation
dominant_to_evaluation	confirmatory::P01071	negative	91bd60dabb882867c24e7bc1c3c50d5e623a99ff781af028e7ff380940a7501d	evaluation
dominant_to_evaluation	confirmatory::P01074	negative	b7762ce85918a621bc4bf4c4e7657779c885d02f6b53a465f4762637db65c059	evaluation
dominant_to_evaluation	confirmatory::P01084	negative	35d13a1cc289640836024acc83c845fde380e96b1cf0d8530255ece3e5c4db55	calibration
dominant_to_evaluation	confirmatory::P01086	negative	f7a616fde5389141c0e4c34abab3803332ab61f9588c2aa0912a794e89fe69e4	calibration
dominant_to_evaluation	confirmatory::P01087	negative	f7a616fde5389141c0e4c34abab3803332ab61f9588c2aa0912a794e89fe69e4	calibration
dominant_to_evaluation	confirmatory::P01088	negative	f7a616fde5389141c0e4c34abab3803332ab61f9588c2aa0912a794e89fe69e4	calibration
dominant_to_evaluation	confirmatory::P01089	negative	50ffa758a8b300d04a81904e7968cc57e1538b9b5e77ae55126bfd7dd548bda5	calibration
dominant_to_evaluation	confirmatory::P01090	negative	8f20d0c6980ead1e360a848d002432fd7be75037bb37add933645c20185679c7	calibration
dominant_to_evaluation	confirmatory::P01091	negative	8f20d0c6980ead1e360a848d002432fd7be75037bb37add933645c20185679c7	calibration
dominant_to_evaluation	confirmatory::P01128	negative	2ce198fad98f14e4c4b8a256c59fcb869aedf9d88f10faac7815fcadcfa4fcaf	calibration
dominant_to_evaluation	confirmatory::P01129	negative	cbc703c880fe3d6ff9294b5af3500fbb8cffd2583950cd21b3bc05eb25a524ed	evaluation
dominant_to_evaluation	confirmatory::P01160	negative	08528be7fd341aa6992306d6cc2dcd129232b8b4cd83081db737fc35b1f465a3	evaluation
dominant_to_evaluation	confirmatory::P01161	negative	08528be7fd341aa6992306d6cc2dcd129232b8b4cd83081db737fc35b1f465a3	evaluation
dominant_to_evaluation	confirmatory::P01222	negative	cd44ecfb0231fbe25976a913c1248001f954c4063e308617e008c4b65e1d218b	calibration
dominant_to_evaluation	confirmatory::P01224	negative	cd44ecfb0231fbe25976a913c1248001f954c4063e308617e008c4b65e1d218b	calibration
dominant_to_evaluation	confirmatory::P01225	negative	cd44ecfb0231fbe25976a913c1248001f954c4063e308617e008c4b65e1d218b	calibration
dominant_to_evaluation	confirmatory::P01226	negative	cd44ecfb0231fbe25976a913c1248001f954c4063e308617e008c4b65e1d218b	calibration
dominant_to_evaluation	confirmatory::P01227	negative	cd44ecfb0231fbe25976a913c1248001f954c4063e308617e008c4b65e1d218b	calibration
dominant_to_evaluation	confirmatory::P01228	negative	cd44ecfb0231fbe25976a913c1248001f954c4063e308617e008c4b65e1d218b	calibration
dominant_to_evaluation	confirmatory::P01229	negative	cd44ecfb0231fbe25976a913c1248001f954c4063e308617e008c4b65e1d218b	calibration
dominant_to_evaluation	confirmatory::P01230	negative	cd44ecfb0231fbe25976a913c1248001f954c4063e308617e008c4b65e1d218b	calibration
dominant_to_evaluation	confirmatory::P01231	negative	cd44ecfb0231fbe25976a913c1248001f954c4063e308617e008c4b65e1d218b	calibration
dominant_to_evaluation	confirmatory::P01232	negative	cd44ecfb0231fbe25976a913c1248001f954c4063e308617e008c4b65e1d218b	calibration
dominant_to_evaluation	confirmatory::P01235	negative	cd44ecfb0231fbe25976a913c1248001f954c4063e308617e008c4b65e1d218b	calibration
dominant_to_evaluation	confirmatory::P01272	negative	0e86e9e3943105f0c02e336cf49e66419fe7933b4a9c56997c7bb8035f3c7a0a	calibration
dominant_to_evaluation	confirmatory::P01273	negative	0e86e9e3943105f0c02e336cf49e66419fe7933b4a9c56997c7bb8035f3c7a0a	calibration
dominant_to_evaluation	confirmatory::P01274	negative	0e86e9e3943105f0c02e336cf49e66419fe7933b4a9c56997c7bb8035f3c7a0a	calibration
dominant_to_evaluation	confirmatory::P01275	negative	0e86e9e3943105f0c02e336cf49e66419fe7933b4a9c56997c7bb8035f3c7a0a	calibration
dominant_to_evaluation	confirmatory::P01278	negative	0e86e9e3943105f0c02e336cf49e66419fe7933b4a9c56997c7bb8035f3c7a0a	calibration
dominant_to_evaluation	confirmatory::P01280	negative	2f6765a2a89871a6eb92d3007f7c1b382fd5307197640e9907ad0db6980fd8ae	calibration
dominant_to_evaluation	confirmatory::P01281	negative	1266174c120eff8e5214e2b55ed12604c60139466c562171145fa9d0b0892018	calibration
dominant_to_evaluation	confirmatory::P01284	negative	9d2bb9c0ec111008855c185d034a9f835f297b67d775b83c19cacc5a83480fca	evaluation
dominant_to_evaluation	confirmatory::P01286	negative	f2b677e2fd5321ab024cef21588963d9a8417a4e14d4be31ef1166114f89d64f	evaluation
dominant_to_evaluation	confirmatory::P01287	negative	f2b677e2fd5321ab024cef21588963d9a8417a4e14d4be31ef1166114f89d64f	evaluation
dominant_to_evaluation	confirmatory::P01298	negative	55927c04e923f511084010cf0858f6d88c365ae75b99c08d7e94a4aea9cd3a91	calibration
dominant_to_evaluation	confirmatory::P01299	negative	55927c04e923f511084010cf0858f6d88c365ae75b99c08d7e94a4aea9cd3a91	calibration
dominant_to_evaluation	confirmatory::P01300	negative	55927c04e923f511084010cf0858f6d88c365ae75b99c08d7e94a4aea9cd3a91	calibration
dominant_to_evaluation	confirmatory::P01301	negative	55927c04e923f511084010cf0858f6d88c365ae75b99c08d7e94a4aea9cd3a91	calibration
dominant_to_evaluation	confirmatory::P01302	negative	55927c04e923f511084010cf0858f6d88c365ae75b99c08d7e94a4aea9cd3a91	calibration
dominant_to_evaluation	confirmatory::P01304	negative	55927c04e923f511084010cf0858f6d88c365ae75b99c08d7e94a4aea9cd3a91	calibration
dominant_to_evaluation	confirmatory::P01308	negative	2ca3559869bf73bf1369b0778046227fe36990704ef03e92e809601ac40ebe65	calibration
dominant_to_evaluation	confirmatory::P01310	negative	2ca3559869bf73bf1369b0778046227fe36990704ef03e92e809601ac40ebe65	calibration
dominant_to_evaluation	confirmatory::P01311	negative	2ca3559869bf73bf1369b0778046227fe36990704ef03e92e809601ac40ebe65	calibration
dominant_to_evaluation	confirmatory::P01313	negative	2ca3559869bf73bf1369b0778046227fe36990704ef03e92e809601ac40ebe65	calibration
dominant_to_evaluation	confirmatory::P01314	negative	2ca3559869bf73bf1369b0778046227fe36990704ef03e92e809601ac40ebe65	calibration
dominant_to_evaluation	confirmatory::P01315	negative	2ca3559869bf73bf1369b0778046227fe36990704ef03e92e809601ac40ebe65	calibration
dominant_to_evaluation	confirmatory::P01316	negative	2ca3559869bf73bf1369b0778046227fe36990704ef03e92e809601ac40ebe65	calibration
dominant_to_evaluation	confirmatory::P01317	negative	2ca3559869bf73bf1369b0778046227fe36990704ef03e92e809601ac40ebe65	calibration
dominant_to_evaluation	confirmatory::P01318	negative	2ca3559869bf73bf1369b0778046227fe36990704ef03e92e809601ac40ebe65	calibration
dominant_to_evaluation	confirmatory::P01319	negative	2ca3559869bf73bf1369b0778046227fe36990704ef03e92e809601ac40ebe65	calibration
dominant_to_evaluation	confirmatory::P01320	negative	2ca3559869bf73bf1369b0778046227fe36990704ef03e92e809601ac40ebe65	calibration
dominant_to_evaluation	confirmatory::P01322	negative	2ca3559869bf73bf1369b0778046227fe36990704ef03e92e809601ac40ebe65	calibration
dominant_to_evaluation	confirmatory::P01323	negative	2ca3559869bf73bf1369b0778046227fe36990704ef03e92e809601ac40ebe65	calibration
dominant_to_evaluation	confirmatory::P01324	negative	2ca3559869bf73bf1369b0778046227fe36990704ef03e92e809601ac40ebe65	calibration
dominant_to_evaluation	confirmatory::P01325	negative	2ca3559869bf73bf1369b0778046227fe36990704ef03e92e809601ac40ebe65	calibration
dominant_to_evaluation	confirmatory::P01326	negative	2ca3559869bf73bf1369b0778046227fe36990704ef03e92e809601ac40ebe65	calibration
dominant_to_evaluation	confirmatory::P01327	negative	2ca3559869bf73bf1369b0778046227fe36990704ef03e92e809601ac40ebe65	calibration
dominant_to_evaluation	confirmatory::P01329	negative	2ca3559869bf73bf1369b0778046227fe36990704ef03e92e809601ac40ebe65	calibration
dominant_to_evaluation	confirmatory::P01330	negative	2ca3559869bf73bf1369b0778046227fe36990704ef03e92e809601ac40ebe65	calibration
dominant_to_evaluation	confirmatory::P01331	negative	2ca3559869bf73bf1369b0778046227fe36990704ef03e92e809601ac40ebe65	calibration
dominant_to_evaluation	confirmatory::P01333	negative	2ca3559869bf73bf1369b0778046227fe36990704ef03e92e809601ac40ebe65	calibration
dominant_to_evaluation	confirmatory::P01334	negative	2ca3559869bf73bf1369b0778046227fe36990704ef03e92e809601ac40ebe65	calibration
dominant_to_evaluation	confirmatory::P01338	negative	2ca3559869bf73bf1369b0778046227fe36990704ef03e92e809601ac40ebe65	calibration
dominant_to_evaluation	confirmatory::P01339	negative	2ca3559869bf73bf1369b0778046227fe36990704ef03e92e809601ac40ebe65	calibration
dominant_to_evaluation	confirmatory::P01340	negative	2ca3559869bf73bf1369b0778046227fe36990704ef03e92e809601ac40ebe65	calibration
dominant_to_evaluation	confirmatory::P01342	negative	2ca3559869bf73bf1369b0778046227fe36990704ef03e92e809601ac40ebe65	calibration
dominant_to_evaluation	confirmatory::P01344	negative	22908ea1541a1b07146f2bd28daaa95ec311bcc862f3182fe7289c27fc0bc4d0	evaluation
dominant_to_evaluation	confirmatory::P01346	negative	22908ea1541a1b07146f2bd28daaa95ec311bcc862f3182fe7289c27fc0bc4d0	evaluation
dominant_to_evaluation	confirmatory::P01347	negative	780632a2b78e928a1a0233a9237a2deb499859d4cb703b9b85c05b6bf0ae4e2d	evaluation
dominant_to_evaluation	confirmatory::P01348	negative	780632a2b78e928a1a0233a9237a2deb499859d4cb703b9b85c05b6bf0ae4e2d	evaluation
dominant_to_evaluation	confirmatory::P01526	positive	bf8b38cbb434403202305156dbb90aefc30b2ffb84f323f372bc0fba8038fc86	evaluation
dominant_to_evaluation	confirmatory::P01558	positive	e7d0934a14556fab84292382a89720398cdad59b78f9fb11df44ba64da87b46a	evaluation
dominant_to_evaluation	confirmatory::P02671	negative	450882407bb31af420e3fb498b86045252de225bcb0bc544cb192820b36d6e90	calibration
dominant_to_evaluation	confirmatory::P02676	negative	450882407bb31af420e3fb498b86045252de225bcb0bc544cb192820b36d6e90	calibration
dominant_to_evaluation	confirmatory::P02678	negative	450882407bb31af420e3fb498b86045252de225bcb0bc544cb192820b36d6e90	calibration
dominant_to_evaluation	confirmatory::P02679	negative	450882407bb31af420e3fb498b86045252de225bcb0bc544cb192820b36d6e90	calibration
dominant_to_evaluation	confirmatory::P02689	negative	34b41219611ac71b39f94001659d257ef301dc42fb86d0ab1b2396d000b25f11	calibration
dominant_to_evaluation	confirmatory::P02690	negative	34b41219611ac71b39f94001659d257ef301dc42fb86d0ab1b2396d000b25f11	calibration
dominant_to_evaluation	confirmatory::P02691	negative	34b41219611ac71b39f94001659d257ef301dc42fb86d0ab1b2396d000b25f11	calibration
dominant_to_evaluation	confirmatory::P02693	negative	34b41219611ac71b39f94001659d257ef301dc42fb86d0ab1b2396d000b25f11	calibration
dominant_to_evaluation	confirmatory::P02694	negative	7e90cee412221196bcc5f07c4f195b89927144c6913a290671cfdac2f6ba7db5	calibration
dominant_to_evaluation	confirmatory::P02696	negative	7e90cee412221196bcc5f07c4f195b89927144c6913a290671cfdac2f6ba7db5	calibration
dominant_to_evaluation	confirmatory::P02748	negative	10ba227d6107521780bb627d2ceca0d1716a4aae44848ef30d6ca8677dada2ce	calibration
dominant_to_evaluation	confirmatory::P02753	negative	c82f4a3ea808a94af9f0fd360da5430293718adb20211aa3407793363c52542d	evaluation
dominant_to_evaluation	confirmatory::P02754	negative	7f8373716bb12737be8ec09b43b953fe2c4602353a222f10b3d8e035ef71d7b7	evaluation
dominant_to_evaluation	confirmatory::P02755	negative	7f8373716bb12737be8ec09b43b953fe2c4602353a222f10b3d8e035ef71d7b7	evaluation
dominant_to_evaluation	confirmatory::P02756	negative	7f8373716bb12737be8ec09b43b953fe2c4602353a222f10b3d8e035ef71d7b7	evaluation
dominant_to_evaluation	confirmatory::P02758	negative	7f8373716bb12737be8ec09b43b953fe2c4602353a222f10b3d8e035ef71d7b7	evaluation
dominant_to_evaluation	confirmatory::P02761	negative	ae072172ac565f240e9af5c41bfdfc0174476f5f1bc878f8c5aab26e7d89d267	calibration
dominant_to_evaluation	confirmatory::P02762	negative	ae072172ac565f240e9af5c41bfdfc0174476f5f1bc878f8c5aab26e7d89d267	calibration
dominant_to_evaluation	confirmatory::P02763	negative	1a35ad91798a026bcdebde68ed0eb5d253ad56aad3ddf29531a071fb44d8d05e	calibration
dominant_to_evaluation	confirmatory::P02764	negative	1a35ad91798a026bcdebde68ed0eb5d253ad56aad3ddf29531a071fb44d8d05e	calibration
dominant_to_evaluation	confirmatory::P02765	negative	8aca6cf56151161615270e0611bfb487352bac7e999974bcc690200b9c87952d	evaluation
dominant_to_evaluation	confirmatory::P02843	negative	6ac1b49bb9b83f44ec21a04257eb9539101727d66d2b0a520e3fcc25716e7fa0	calibration
dominant_to_evaluation	confirmatory::P02844	negative	6ac1b49bb9b83f44ec21a04257eb9539101727d66d2b0a520e3fcc25716e7fa0	calibration
dominant_to_evaluation	confirmatory::P02868	negative	7d0ca3f9691895ca753b0995d472ba0ed4112ebe7744b483b0fdcc5d2cb019b3	calibration
dominant_to_evaluation	confirmatory::P02876	negative	4b9e7bea9ce8ee8ae94698ef8499017333c8e1e95a44680dba3be60d8618dc01	evaluation
dominant_to_evaluation	confirmatory::P02877	negative	4b9e7bea9ce8ee8ae94698ef8499017333c8e1e95a44680dba3be60d8618dc01	evaluation
dominant_to_evaluation	confirmatory::P02893	negative	9115b03cb3061d687b03fddc7be898a18890649d629080776e40a00b900bba11	calibration
dominant_to_evaluation	confirmatory::P02894	negative	9115b03cb3061d687b03fddc7be898a18890649d629080776e40a00b900bba11	calibration
dominant_to_evaluation	confirmatory::P03956	negative	24063adf61b47696a5084aad279fba23bd2d452cb3a4e2a3d0222f5c61a60eb3	calibration
dominant_to_evaluation	confirmatory::P03957	negative	24063adf61b47696a5084aad279fba23bd2d452cb3a4e2a3d0222f5c61a60eb3	calibration
dominant_to_evaluation	confirmatory::P03974	negative	199e5e746f1a78658450a2ba041b79aef49bbb4feb4fdafedee11b7288c9ede8	calibration
dominant_to_evaluation	confirmatory::P04072	negative	b7ffa668b68d370a424e26161c1364936e4506a35d2cce0ecfd8180fd7dccd4d	evaluation
dominant_to_evaluation	confirmatory::P04080	negative	e18b4e5fbde76978c2080f2894717f1f991e2dfb87f46a80f37a5cab5ea38ab0	calibration
dominant_to_evaluation	confirmatory::P04085	negative	2ce198fad98f14e4c4b8a256c59fcb869aedf9d88f10faac7815fcadcfa4fcaf	calibration
dominant_to_evaluation	confirmatory::P04090	negative	780632a2b78e928a1a0233a9237a2deb499859d4cb703b9b85c05b6bf0ae4e2d	evaluation
dominant_to_evaluation	confirmatory::P04092	negative	0e86e9e3943105f0c02e336cf49e66419fe7933b4a9c56997c7bb8035f3c7a0a	calibration
dominant_to_evaluation	confirmatory::P04093	negative	0e86e9e3943105f0c02e336cf49e66419fe7933b4a9c56997c7bb8035f3c7a0a	calibration
dominant_to_evaluation	confirmatory::P04115	negative	450882407bb31af420e3fb498b86045252de225bcb0bc544cb192820b36d6e90	calibration
dominant_to_evaluation	confirmatory::P04119	negative	7f8373716bb12737be8ec09b43b953fe2c4602353a222f10b3d8e035ef71d7b7	evaluation
dominant_to_evaluation	confirmatory::P04122	negative	f2ea91d7ad6d511ba4a77f605392c77634378751fa61baa00ea12e7a95707727	calibration
dominant_to_evaluation	confirmatory::P04186	negative	bc915c1c28ec405395a99c2ecfb7d27da28c273f79648ff3c9d1f724acfa6d1b	calibration
dominant_to_evaluation	confirmatory::P04189	negative	1bb7a69c5ac8dff09d9743d7de36e3db00db59e8de64893c6df4fc99ac9601d3	calibration
dominant_to_evaluation	confirmatory::P04196	negative	bffd1ec0f8750a0121a99026594c8236758ed89a82bdd40d3ee8eded4358d09e	evaluation
dominant_to_evaluation	confirmatory::P04204	positive	f89c735947a414c75270b63a3bcaa28b2a28b6ad54fb4db478f4ca1cec93fee8	evaluation
dominant_to_evaluation	confirmatory::P04403	negative	8f20d0c6980ead1e360a848d002432fd7be75037bb37add933645c20185679c7	calibration
dominant_to_evaluation	confirmatory::P04566	negative	9d2bb9c0ec111008855c185d034a9f835f297b67d775b83c19cacc5a83480fca	evaluation
dominant_to_evaluation	confirmatory::P04651	negative	cd44ecfb0231fbe25976a913c1248001f954c4063e308617e008c4b65e1d218b	calibration
dominant_to_evaluation	confirmatory::P04652	negative	cd44ecfb0231fbe25976a913c1248001f954c4063e308617e008c4b65e1d218b	calibration
dominant_to_evaluation	confirmatory::P04667	negative	2ca3559869bf73bf1369b0778046227fe36990704ef03e92e809601ac40ebe65	calibration
dominant_to_evaluation	confirmatory::P04726	negative	24f47d756b45f9d037c973e40f11e35f30deed21883e8b4c01882aa4786bc814	calibration
dominant_to_evaluation	confirmatory::P04808	negative	780632a2b78e928a1a0233a9237a2deb499859d4cb703b9b85c05b6bf0ae4e2d	evaluation
dominant_to_evaluation	confirmatory::P04916	negative	c82f4a3ea808a94af9f0fd360da5430293718adb20211aa3407793363c52542d	evaluation
dominant_to_evaluation	confirmatory::P04922	negative	9115b03cb3061d687b03fddc7be898a18890649d629080776e40a00b900bba11	calibration
dominant_to_evaluation	confirmatory::P04939	negative	ae072172ac565f240e9af5c41bfdfc0174476f5f1bc878f8c5aab26e7d89d267	calibration
dominant_to_evaluation	confirmatory::P04956	negative	2cc909198de5bc355e0ffb1e1231892043c8b30f779aa53c4a53c3b15b3891c0	evaluation
dominant_to_evaluation	confirmatory::P04977	positive	ffe777dfb3cf8151105058062770014b8b9e048e43db31d562325eaeba194ed9	evaluation
dominant_to_evaluation	confirmatory::P04979	positive	de15df75b60bfeca5a1293a0e8090c17449f07233c3cefb860ebb700b5e31275	evaluation
dominant_to_evaluation	confirmatory::P04981	positive	6dd959dfbb2d93512ceb8506ada92a431d6e9abe138e6143de7213db24b92ea4	evaluation
dominant_to_evaluation	confirmatory::P05017	negative	22908ea1541a1b07146f2bd28daaa95ec311bcc862f3182fe7289c27fc0bc4d0	evaluation
dominant_to_evaluation	confirmatory::P05088	positive	f2ea91d7ad6d511ba4a77f605392c77634378751fa61baa00ea12e7a95707727	calibration
dominant_to_evaluation	confirmatory::P05110	negative	0e86e9e3943105f0c02e336cf49e66419fe7933b4a9c56997c7bb8035f3c7a0a	calibration
dominant_to_evaluation	confirmatory::P05155	negative	7c001592a0af53a0b7029cb604d3d173bb64ff8d0eddd85c023a777d81f9b85a	calibration
dominant_to_evaluation	confirmatory::P05315	negative	4b9e7bea9ce8ee8ae94698ef8499017333c8e1e95a44680dba3be60d8618dc01	evaluation
dominant_to_evaluation	confirmatory::P05413	negative	34b41219611ac71b39f94001659d257ef301dc42fb86d0ab1b2396d000b25f11	calibration
dominant_to_evaluation	confirmatory::P05452	negative	417f94494f0bedc6bbff6d639a5b59dbfbb67f8d76fc274178a0fe93937009b8	calibration
dominant_to_evaluation	confirmatory::P05543	negative	a5ebffc2e2dbb22bd5322e5b7f495ec0102e8dba67dfdb8b96b9aa84fa7da6f3	evaluation
dominant_to_evaluation	confirmatory::P06172	negative	c82f4a3ea808a94af9f0fd360da5430293718adb20211aa3407793363c52542d	evaluation
dominant_to_evaluation	confirmatory::P06200	positive	d183bc8213241805b0a25eecabdecb5af793ba53f24554698fd9e550af7af466	evaluation
dominant_to_evaluation	confirmatory::P06215	negative	4b9e7bea9ce8ee8ae94698ef8499017333c8e1e95a44680dba3be60d8618dc01	evaluation
dominant_to_evaluation	confirmatory::P06303	negative	55927c04e923f511084010cf0858f6d88c365ae75b99c08d7e94a4aea9cd3a91	calibration
dominant_to_evaluation	confirmatory::P06305	negative	55927c04e923f511084010cf0858f6d88c365ae75b99c08d7e94a4aea9cd3a91	calibration
dominant_to_evaluation	confirmatory::P06306	negative	2ca3559869bf73bf1369b0778046227fe36990704ef03e92e809601ac40ebe65	calibration
dominant_to_evaluation	confirmatory::P06399	negative	450882407bb31af420e3fb498b86045252de225bcb0bc544cb192820b36d6e90	calibration
dominant_to_evaluation	confirmatory::P06607	negative	6ac1b49bb9b83f44ec21a04257eb9539101727d66d2b0a520e3fcc25716e7fa0	calibration
dominant_to_evaluation	confirmatory::P06681	negative	bc915c1c28ec405395a99c2ecfb7d27da28c273f79648ff3c9d1f724acfa6d1b	calibration
dominant_to_evaluation	confirmatory::P06683	negative	10ba227d6107521780bb627d2ceca0d1716a4aae44848ef30d6ca8677dada2ce	calibration
dominant_to_evaluation	confirmatory::P06857	negative	82e1c2f759ec8bf899994b4553b7d3cc20a8d7c5d625a051f6b6104ee4a7005f	evaluation
dominant_to_evaluation	confirmatory::P06866	negative	f31f934f123b8eb5e7b55919d21a17ee0061501c26e26a51565ecb85805bc123	calibration
dominant_to_evaluation	confirmatory::P06873	negative	afc28802fff11b2e2d1ded4ef2f20fb595c131fd12dc5efbd409170424be582b	calibration
dominant_to_evaluation	confirmatory::P06883	negative	0e86e9e3943105f0c02e336cf49e66419fe7933b4a9c56997c7bb8035f3c7a0a	calibration
dominant_to_evaluation	confirmatory::P06908	negative	87d425c65ac584d5e4c581986c739f7692b2578e446bf382551a86cc21557ecd	evaluation
dominant_to_evaluation	confirmatory::P06910	negative	259563b705bbc4ba351032ff265995796c272ab0f92cdf7670d5b60deca240d7	calibration
dominant_to_evaluation	confirmatory::P06911	negative	534b45f9acd7ab159049e720dc9aa52305a3927a63e9dbaaa55eae82197a9f92	evaluation
dominant_to_evaluation	confirmatory::P06912	negative	c82f4a3ea808a94af9f0fd360da5430293718adb20211aa3407793363c52542d	evaluation
dominant_to_evaluation	confirmatory::P06914	negative	a55b5b645cc74959297f4c5ce0af51f2a6ed700db67af5e46f7d78d48e11ff47	calibration
dominant_to_evaluation	confirmatory::P06915	negative	a55b5b645cc74959297f4c5ce0af51f2a6ed700db67af5e46f7d78d48e11ff47	calibration
dominant_to_evaluation	confirmatory::P07024	negative	892ba1855928808c3310b3b648ebd941285e5ffc6df4932601755ed99ba9846b	calibration
dominant_to_evaluation	confirmatory::P07098	negative	d291e2f780ccae734f1044ab8a8bdd51fabac2c2899aa59af35fb22c772d8b01	evaluation
dominant_to_evaluation	confirmatory::P07099	negative	fd3e234a2669b8237406261e1c9c18c7668753f81102aa1dcc2a97c653ef9b2e	calibration
dominant_to_evaluation	confirmatory::P07152	negative	24063adf61b47696a5084aad279fba23bd2d452cb3a4e2a3d0222f5c61a60eb3	calibration
dominant_to_evaluation	confirmatory::P07204	negative	9c42a4d7631974118801fa0fb65aef4231fc3b42e1affbced544cb057191d1c2	calibration
dominant_to_evaluation	confirmatory::P07214	negative	9f0d0cc0eeb47aec102bb846e184928d26abe3ecb8a62ebc0b78f49871b04459	evaluation
dominant_to_evaluation	confirmatory::P07217	negative	f2b677e2fd5321ab024cef21588963d9a8417a4e14d4be31ef1166114f89d64f	evaluation
dominant_to_evaluation	confirmatory::P07224	negative	7a843c3d1be2da28cbe8faefcec171d83c5cfee0333f1dd2fb60d4221d2894e0	evaluation
dominant_to_evaluation	confirmatory::P07357	negative	ba4d2614b5e550635440f4c6525e8134022aee773ce7679090791bd84dd97e71	evaluation
dominant_to_evaluation	confirmatory::P07358	negative	ba4d2614b5e550635440f4c6525e8134022aee773ce7679090791bd84dd97e71	evaluation
dominant_to_evaluation	confirmatory::P07361	negative	1a35ad91798a026bcdebde68ed0eb5d253ad56aad3ddf29531a071fb44d8d05e	calibration
dominant_to_evaluation	confirmatory::P07374	positive	ea060f244e352de2544b388f1abc1899258898681ff665dbf7303805cc505276	evaluation
dominant_to_evaluation	confirmatory::P07380	negative	7f8373716bb12737be8ec09b43b953fe2c4602353a222f10b3d8e035ef71d7b7	evaluation
dominant_to_evaluation	confirmatory::P07383	negative	4d82486b1f430c04dff75e5e125e6ae918ce9211b1e5efc7d372653cec256261	evaluation
dominant_to_evaluation	confirmatory::P07435	negative	edb3c447afa44d59b38fa892298e479bed83027ef9490899288c6eb76b785c0e	calibration
dominant_to_evaluation	confirmatory::P07441	negative	7d0ca3f9691895ca753b0995d472ba0ed4112ebe7744b483b0fdcc5d2cb019b3	calibration
dominant_to_evaluation	confirmatory::P07442	negative	7d0ca3f9691895ca753b0995d472ba0ed4112ebe7744b483b0fdcc5d2cb019b3	calibration
dominant_to_evaluation	confirmatory::P07443	negative	7d0ca3f9691895ca753b0995d472ba0ed4112ebe7744b483b0fdcc5d2cb019b3	calibration
dominant_to_evaluation	confirmatory::P07449	negative	0e86e9e3943105f0c02e336cf49e66419fe7933b4a9c56997c7bb8035f3c7a0a	calibration
dominant_to_evaluation	confirmatory::P07453	negative	2ca3559869bf73bf1369b0778046227fe36990704ef03e92e809601ac40ebe65	calibration
dominant_to_evaluation	confirmatory::P07456	negative	22908ea1541a1b07146f2bd28daaa95ec311bcc862f3182fe7289c27fc0bc4d0	evaluation
dominant_to_evaluation	confirmatory::P07479	negative	3f69eb3447fa28f3b1ab05a1a959b70da776fcb578f082ad0a899827cb98f6f3	evaluation
dominant_to_evaluation	confirmatory::P07483	negative	34b41219611ac71b39f94001659d257ef301dc42fb86d0ab1b2396d000b25f11	calibration
dominant_to_evaluation	confirmatory::P07493	positive	4812a93926d415cd1d094b064f09b6fa141965ac86fb6ebb6bc46ea73c544778	evaluation
dominant_to_evaluation	confirmatory::P07499	negative	08528be7fd341aa6992306d6cc2dcd129232b8b4cd83081db737fc35b1f465a3	evaluation
dominant_to_evaluation	confirmatory::P07500	negative	08528be7fd341aa6992306d6cc2dcd129232b8b4cd83081db737fc35b1f465a3	evaluation
dominant_to_evaluation	confirmatory::P07501	negative	08528be7fd341aa6992306d6cc2dcd129232b8b4cd83081db737fc35b1f465a3	evaluation
dominant_to_evaluation	confirmatory::P07596	negative	61a1c3521102b1f6415e80d7716f6a231e4ae45e7d681e751332bb0344c9ee73	calibration
dominant_to_evaluation	confirmatory::P07732	negative	cd44ecfb0231fbe25976a913c1248001f954c4063e308617e008c4b65e1d218b	calibration
dominant_to_evaluation	confirmatory::P07853	negative	b7762ce85918a621bc4bf4c4e7657779c885d02f6b53a465f4762637db65c059	evaluation
dominant_to_evaluation	confirmatory::P07867	negative	82e1c2f759ec8bf899994b4553b7d3cc20a8d7c5d625a051f6b6104ee4a7005f	evaluation
dominant_to_evaluation	confirmatory::P08072	negative	1a3eb87ce2cd163e968a969e26ec32477cd8e1a55b15547b31d4e48c5879ecfc	evaluation
dominant_to_evaluation	confirmatory::P08253	negative	16ea83094b8a9f3846228c14f4dc27f1b4aac291005aa1d8eb490657405beb3e	calibration
dominant_to_evaluation	confirmatory::P08254	negative	24063adf61b47696a5084aad279fba23bd2d452cb3a4e2a3d0222f5c61a60eb3	calibration
dominant_to_evaluation	confirmatory::P08299	negative	80265ba0cf707cc2b9ab56977abaa12643a893bd6a9a455337c6c3dedf45bd7a	calibration
dominant_to_evaluation	confirmatory::P08307	negative	9115b03cb3061d687b03fddc7be898a18890649d629080776e40a00b900bba11	calibration
dominant_to_evaluation	confirmatory::P08331	negative	3ad4b11c081e602b48e38ff456132fbfd512ab05662224bdb1df46585f2a3d68	calibration
dominant_to_evaluation	confirmatory::P08427	negative	87d425c65ac584d5e4c581986c739f7692b2578e446bf382551a86cc21557ecd	evaluation
dominant_to_evaluation	confirmatory::P08658	negative	78f76b1f5620b113df4637a3cb3ed2245ad6ee00952a71201ba7eda19f40a044	evaluation
dominant_to_evaluation	confirmatory::P08661	negative	87d425c65ac584d5e4c581986c739f7692b2578e446bf382551a86cc21557ecd	evaluation
dominant_to_evaluation	confirmatory::P08672	negative	9115b03cb3061d687b03fddc7be898a18890649d629080776e40a00b900bba11	calibration
dominant_to_evaluation	confirmatory::P08673	negative	9115b03cb3061d687b03fddc7be898a18890649d629080776e40a00b900bba11	calibration
dominant_to_evaluation	confirmatory::P08674	negative	9115b03cb3061d687b03fddc7be898a18890649d629080776e40a00b900bba11	calibration
dominant_to_evaluation	confirmatory::P08675	negative	9115b03cb3061d687b03fddc7be898a18890649d629080776e40a00b900bba11	calibration
dominant_to_evaluation	confirmatory::P08676	negative	9115b03cb3061d687b03fddc7be898a18890649d629080776e40a00b900bba11	calibration
dominant_to_evaluation	confirmatory::P08677	negative	9115b03cb3061d687b03fddc7be898a18890649d629080776e40a00b900bba11	calibration
dominant_to_evaluation	confirmatory::P08910	negative	09a5c6daa4509edcd9a50cdcab8952c9c902cbc82772d0954acdce88324b4fe6	calibration
dominant_to_evaluation	confirmatory::P08932	negative	c286b9d2428a43eadbb1f83f16725c7832a83510929b6589bfaa691f46eb8985	calibration
dominant_to_evaluation	confirmatory::P08934	negative	c286b9d2428a43eadbb1f83f16725c7832a83510929b6589bfaa691f46eb8985	calibration
dominant_to_evaluation	confirmatory::P08935	negative	e762a34e2879fb89badf3aefde610ff9d5414dd0791ef2899f47f15931593ae4	evaluation
dominant_to_evaluation	confirmatory::P08937	negative	f92a8e542977ec3d6dc95e8a0bde11a3a1290134ed49574133ebe628e0201670	evaluation
dominant_to_evaluation	confirmatory::P09005	negative	a5ebffc2e2dbb22bd5322e5b7f495ec0102e8dba67dfdb8b96b9aa84fa7da6f3	evaluation
dominant_to_evaluation	confirmatory::P09167	positive	1619c88d369a4600c42cb28c2dffae7b050f8ee6ae76e360927d0ffa473d7019	evaluation
dominant_to_evaluation	confirmatory::P09228	negative	e762a34e2879fb89badf3aefde610ff9d5414dd0791ef2899f47f15931593ae4	evaluation
dominant_to_evaluation	confirmatory::P09230	negative	f274731c912cb3d5ba3f73d1e1ea2e40f63b6b409bf9ef316331a205e0f49841	evaluation
dominant_to_evaluation	confirmatory::P09231	negative	0840af6d61e535996fdac85e4931f62ffc2b0d5e510092ed0bdf24addc0a25f9	evaluation
dominant_to_evaluation	confirmatory::P09232	negative	1bb7a69c5ac8dff09d9743d7de36e3db00db59e8de64893c6df4fc99ac9601d3	calibration
dominant_to_evaluation	confirmatory::P09237	negative	24063adf61b47696a5084aad279fba23bd2d452cb3a4e2a3d0222f5c61a60eb3	calibration
dominant_to_evaluation	confirmatory::P09238	negative	24063adf61b47696a5084aad279fba23bd2d452cb3a4e2a3d0222f5c61a60eb3	calibration
dominant_to_evaluation	confirmatory::P09455	negative	7e90cee412221196bcc5f07c4f195b89927144c6913a290671cfdac2f6ba7db5	calibration
dominant_to_evaluation	confirmatory::P09466	negative	7f8373716bb12737be8ec09b43b953fe2c4602353a222f10b3d8e035ef71d7b7	evaluation
dominant_to_evaluation	confirmatory::P09476	negative	2ca3559869bf73bf1369b0778046227fe36990704ef03e92e809601ac40ebe65	calibration
dominant_to_evaluation	confirmatory::P09477	negative	2ca3559869bf73bf1369b0778046227fe36990704ef03e92e809601ac40ebe65	calibration
dominant_to_evaluation	confirmatory::P09535	negative	22908ea1541a1b07146f2bd28daaa95ec311bcc862f3182fe7289c27fc0bc4d0	evaluation
dominant_to_evaluation	confirmatory::P09566	negative	0e86e9e3943105f0c02e336cf49e66419fe7933b4a9c56997c7bb8035f3c7a0a	calibration
dominant_to_evaluation	confirmatory::P09567	negative	0e86e9e3943105f0c02e336cf49e66419fe7933b4a9c56997c7bb8035f3c7a0a	calibration
dominant_to_evaluation	confirmatory::P09641	negative	55927c04e923f511084010cf0858f6d88c365ae75b99c08d7e94a4aea9cd3a91	calibration
dominant_to_evaluation	confirmatory::P09680	negative	1266174c120eff8e5214e2b55ed12604c60139466c562171145fa9d0b0892018	calibration
dominant_to_evaluation	confirmatory::P09681	negative	1266174c120eff8e5214e2b55ed12604c60139466c562171145fa9d0b0892018	calibration
dominant_to_evaluation	confirmatory::P09682	negative	0e86e9e3943105f0c02e336cf49e66419fe7933b4a9c56997c7bb8035f3c7a0a	calibration
dominant_to_evaluation	confirmatory::P09683	negative	2f6765a2a89871a6eb92d3007f7c1b382fd5307197640e9907ad0db6980fd8ae	calibration
dominant_to_evaluation	confirmatory::P09684	negative	9d2bb9c0ec111008855c185d034a9f835f297b67d775b83c19cacc5a83480fca	evaluation
dominant_to_evaluation	confirmatory::P09685	negative	9d2bb9c0ec111008855c185d034a9f835f297b67d775b83c19cacc5a83480fca	evaluation
dominant_to_evaluation	confirmatory::P09686	negative	0e86e9e3943105f0c02e336cf49e66419fe7933b4a9c56997c7bb8035f3c7a0a	calibration
dominant_to_evaluation	confirmatory::P09687	negative	0e86e9e3943105f0c02e336cf49e66419fe7933b4a9c56997c7bb8035f3c7a0a	calibration
dominant_to_evaluation	confirmatory::P09761	negative	4b9e7bea9ce8ee8ae94698ef8499017333c8e1e95a44680dba3be60d8618dc01	evaluation
dominant_to_evaluation	confirmatory::P09865	negative	b364128ce74b38523f92d7e55811ecac6ee23ba8b6f23381aad717dd65560c27	evaluation
dominant_to_evaluation	confirmatory::P09889	negative	5f720ffdffee0343aa112bd6ae6fcfb774d18bbb2e61a319453a29f6f389cdbb	calibration
dominant_to_evaluation	confirmatory::P09893	negative	8f20d0c6980ead1e360a848d002432fd7be75037bb37add933645c20185679c7	calibration
dominant_to_evaluation	confirmatory::P09910	negative	2f6765a2a89871a6eb92d3007f7c1b382fd5307197640e9907ad0db6980fd8ae	calibration
dominant_to_evaluation	confirmatory::P09916	negative	f2b677e2fd5321ab024cef21588963d9a8417a4e14d4be31ef1166114f89d64f	evaluation
dominant_to_evaluation	confirmatory::P09941	negative	91bd60dabb882867c24e7bc1c3c50d5e623a99ff781af028e7ff380940a7501d	evaluation
dominant_to_evaluation	confirmatory::P09943	negative	91bd60dabb882867c24e7bc1c3c50d5e623a99ff781af028e7ff380940a7501d	evaluation
dominant_to_evaluation	confirmatory::P09958	negative	da1f730a80c0f0ed1f9303734404705fa18285380f99e8c78185dd847cf60b39	evaluation
dominant_to_evaluation	confirmatory::P09959	negative	575b03dc7f098ea3d48738f8c5417b226dfb3d485adb80cee16858506b8c241d	calibration
dominant_to_evaluation	confirmatory::P0A1E0	negative	623f3f0445ba3d68f7f0b01360d57379b68a4bd25c5f902822b41b66dfcdfc89	calibration
dominant_to_evaluation	confirmatory::P0A3G2	negative	b30b84a76b4877ee5f623b2fe1234ec407ce41971f778f80bf04b469852129d7	calibration
dominant_to_evaluation	confirmatory::P0A3R5	positive	3a08031a377b2a2d6ff00f5d4c414f3719f68fc5ab25cd1758fb07dd6f2170ca	evaluation
dominant_to_evaluation	confirmatory::P0A4M4	positive	2ca9db90240bf7efbcfa987000d7be6c41c750505a0582ccac2034a125a5ef9e	evaluation
dominant_to_evaluation	confirmatory::P0A4U0	negative	ea060f244e352de2544b388f1abc1899258898681ff665dbf7303805cc505276	evaluation
dominant_to_evaluation	confirmatory::P0A4U1	negative	ea060f244e352de2544b388f1abc1899258898681ff665dbf7303805cc505276	evaluation
dominant_to_evaluation	confirmatory::P0A677	negative	ea060f244e352de2544b388f1abc1899258898681ff665dbf7303805cc505276	evaluation
dominant_to_evaluation	confirmatory::P0A6H5	negative	11b5dd92fc6614d22cb594875de1e8fcb6d3b646531771172ab7426d940f97ac	evaluation
dominant_to_evaluation	confirmatory::P0A968	positive	623f3f0445ba3d68f7f0b01360d57379b68a4bd25c5f902822b41b66dfcdfc89	calibration
dominant_to_evaluation	confirmatory::P0A976	negative	623f3f0445ba3d68f7f0b01360d57379b68a4bd25c5f902822b41b66dfcdfc89	calibration
dominant_to_evaluation	confirmatory::P0A977	negative	623f3f0445ba3d68f7f0b01360d57379b68a4bd25c5f902822b41b66dfcdfc89	calibration
dominant_to_evaluation	confirmatory::P0A982	negative	623f3f0445ba3d68f7f0b01360d57379b68a4bd25c5f902822b41b66dfcdfc89	calibration
dominant_to_evaluation	confirmatory::P0A983	negative	623f3f0445ba3d68f7f0b01360d57379b68a4bd25c5f902822b41b66dfcdfc89	calibration
dominant_to_evaluation	confirmatory::P0A985	negative	623f3f0445ba3d68f7f0b01360d57379b68a4bd25c5f902822b41b66dfcdfc89	calibration
dominant_to_evaluation	confirmatory::P0A9M0	negative	6575fe00f3ccdc3a9bcd22237c35b4067cd150571930ca1e7aa9a8e6117d5536	calibration
dominant_to_evaluation	confirmatory::P0A9X9	negative	623f3f0445ba3d68f7f0b01360d57379b68a4bd25c5f902822b41b66dfcdfc89	calibration
dominant_to_evaluation	confirmatory::P0A9Y2	negative	623f3f0445ba3d68f7f0b01360d57379b68a4bd25c5f902822b41b66dfcdfc89	calibration
dominant_to_evaluation	confirmatory::P0A9Y3	negative	623f3f0445ba3d68f7f0b01360d57379b68a4bd25c5f902822b41b66dfcdfc89	calibration
dominant_to_evaluation	confirmatory::P0A9Y4	negative	623f3f0445ba3d68f7f0b01360d57379b68a4bd25c5f902822b41b66dfcdfc89	calibration
dominant_to_evaluation	confirmatory::P0A9Y5	negative	623f3f0445ba3d68f7f0b01360d57379b68a4bd25c5f902822b41b66dfcdfc89	calibration
dominant_to_evaluation	confirmatory::P0A9Y6	negative	623f3f0445ba3d68f7f0b01360d57379b68a4bd25c5f902822b41b66dfcdfc89	calibration
dominant_to_evaluation	confirmatory::P0A9Y7	negative	623f3f0445ba3d68f7f0b01360d57379b68a4bd25c5f902822b41b66dfcdfc89	calibration
dominant_to_evaluation	confirmatory::P0A9Y9	negative	623f3f0445ba3d68f7f0b01360d57379b68a4bd25c5f902822b41b66dfcdfc89	calibration
dominant_to_evaluation	confirmatory::P0A9Z0	negative	623f3f0445ba3d68f7f0b01360d57379b68a4bd25c5f902822b41b66dfcdfc89	calibration
dominant_to_evaluation	confirmatory::P0AAI3	negative	b587bef3e5d94148fb6edeb8462e56d2a1573d0e113db913c44f4bfefa67c9fa	evaluation
dominant_to_evaluation	confirmatory::P0AAZ4	negative	eb784fe0c0bd1af88d8d8e4e799942cb5d28c2f372de6283f1a431286a50f6d1	evaluation
dominant_to_evaluation	confirmatory::P0ADI4	negative	ff8c2b503c0b5ae673f9dd72712efb1e7621b9bffd0c475d613ddd2e886c8749	calibration
dominant_to_evaluation	confirmatory::P0AEW4	negative	dc287d695ed8d78e73ff29b03dded50559195f37804eb713aaced2b0c00fe136	evaluation
dominant_to_evaluation	confirmatory::P0AG76	negative	6c92ae435e38d2c1c7a8b4618d95ea28d33e5b142f9d78d57fc390549b1f3d41	evaluation
dominant_to_evaluation	confirmatory::P0C088	negative	86cc21bca61bd87e3a544b53de63d4a85a51acbb0d64b5ad6e6e2ba8aa8ab938	calibration
dominant_to_evaluation	confirmatory::P0C0F0	negative	623f3f0445ba3d68f7f0b01360d57379b68a4bd25c5f902822b41b66dfcdfc89	calibration
dominant_to_evaluation	confirmatory::P0C121	negative	ea060f244e352de2544b388f1abc1899258898681ff665dbf7303805cc505276	evaluation
dominant_to_evaluation	confirmatory::P0C1W9	positive	abc4f9c5d5eef69c3f1e4a9344d8016afd0a50d79840ff626e66cda9eb501a48	evaluation
dominant_to_evaluation	confirmatory::P0C235	negative	0e86e9e3943105f0c02e336cf49e66419fe7933b4a9c56997c7bb8035f3c7a0a	calibration
dominant_to_evaluation	confirmatory::P0C236	negative	2ca3559869bf73bf1369b0778046227fe36990704ef03e92e809601ac40ebe65	calibration
dominant_to_evaluation	confirmatory::P0C2S1	negative	03e3cfd4b22606884345109e72fd5ecae4af91e9704992b7e90c011c34e5b55f	calibration
dominant_to_evaluation	confirmatory::P0C2S4	negative	04f292ab479d88e5a13be3518b3ebd4ae45ba937d2d663130bc5393caf1d8ef7	evaluation
dominant_to_evaluation	confirmatory::P0C2S5	negative	ff0df9e8d06fb39518053d7afe70479e7a1b85bf8cda7237b90893f9c9c35c44	evaluation
dominant_to_evaluation	confirmatory::P0C6G6	negative	34b41219611ac71b39f94001659d257ef301dc42fb86d0ab1b2396d000b25f11	calibration
dominant_to_evaluation	confirmatory::P0C7K7	negative	ea060f244e352de2544b388f1abc1899258898681ff665dbf7303805cc505276	evaluation
dominant_to_evaluation	confirmatory::P0C7K9	negative	ea060f244e352de2544b388f1abc1899258898681ff665dbf7303805cc505276	evaluation
dominant_to_evaluation	confirmatory::P0C8E2	positive	10bb2f60902a652d771418e017d9cd37b447bea046d41176ac92a59966c8044d	evaluation
dominant_to_evaluation	confirmatory::P0C8Y8	negative	8f20d0c6980ead1e360a848d002432fd7be75037bb37add933645c20185679c7	calibration
dominant_to_evaluation	confirmatory::P0CB00	negative	ea060f244e352de2544b388f1abc1899258898681ff665dbf7303805cc505276	evaluation
dominant_to_evaluation	confirmatory::P0CB02	negative	ea060f244e352de2544b388f1abc1899258898681ff665dbf7303805cc505276	evaluation
dominant_to_evaluation	confirmatory::P0CJ22	positive	b8944c8314627d15a021f11671b424846b0df4171aabd5a39b991ed76eb3cd48	evaluation
dominant_to_evaluation	confirmatory::P0DJ95	negative	9d2bb9c0ec111008855c185d034a9f835f297b67d775b83c19cacc5a83480fca	evaluation
dominant_to_evaluation	confirmatory::P0DJE5	positive	f84bf5b3736af9820d5fd5e8fca896eea1d2d1bcd5a62f45072672e73e809922	evaluation
dominant_to_evaluation	confirmatory::P0DKH7	negative	fb3d9086710c22eb209777dc02506bc21ad102b35c0a2d4e54e73b021c9991f7	evaluation
dominant_to_evaluation	confirmatory::P0DKH8	negative	fb3d9086710c22eb209777dc02506bc21ad102b35c0a2d4e54e73b021c9991f7	evaluation
dominant_to_evaluation	confirmatory::P0DM59	negative	34b41219611ac71b39f94001659d257ef301dc42fb86d0ab1b2396d000b25f11	calibration
dominant_to_evaluation	confirmatory::P0DMB9	negative	25545dadd80435581e74794c9216eeb66ace8228a86901b5932e62c7acee96bd	calibration
dominant_to_evaluation	confirmatory::P0DN86	negative	cd44ecfb0231fbe25976a913c1248001f954c4063e308617e008c4b65e1d218b	calibration
dominant_to_evaluation	confirmatory::P0DN87	negative	cd44ecfb0231fbe25976a913c1248001f954c4063e308617e008c4b65e1d218b	calibration
dominant_to_evaluation	confirmatory::P0DO68	negative	3abf5d0ff854c33c119f633ea527daaf78080a9c4a745c849bf46258c9516dec	evaluation
dominant_to_evaluation	confirmatory::P0DO69	negative	3abf5d0ff854c33c119f633ea527daaf78080a9c4a745c849bf46258c9516dec	evaluation
dominant_to_evaluation	confirmatory::P0DP56	positive	2a78d4ff56f29bf31f71f03e14f0e3452405215fb32977267826ae90efb65fa7	evaluation
dominant_to_evaluation	confirmatory::P0DP58	negative	26711c766da1911f4bf596b105c186a2ff65f3225bc9762c87ffe5eb880b32c0	evaluation
dominant_to_evaluation	confirmatory::P0DP60	negative	26711c766da1911f4bf596b105c186a2ff65f3225bc9762c87ffe5eb880b32c0	evaluation
dominant_to_evaluation	confirmatory::P0DP62	negative	26711c766da1911f4bf596b105c186a2ff65f3225bc9762c87ffe5eb880b32c0	evaluation
dominant_to_evaluation	confirmatory::P0DPK3	negative	2e15cb2fc2f0449dac82dac687f594e94ca3244b833b3121d2dcc58df8ed7387	calibration
dominant_to_evaluation	confirmatory::P0DPU3	positive	02f12bd9289117806cd61f2b92b9ecaf47add5beea934e736fa7926339040fd9	evaluation
dominant_to_evaluation	confirmatory::P0DQF3	positive	727b8a64a599ee7495d8e5fbf99bed6badb736deb6d893b544be932e02c7024f	evaluation
dominant_to_evaluation	confirmatory::P0DQF6	positive	d52fa9095945a743b4e26c6c99d8a98f31cd421cd1fa9a2dfb1f2b009f1d708f	evaluation
dominant_to_evaluation	confirmatory::P0DQJ0	positive	a76de8f74fb61bf50ad273776c11d8a3aed10338f730c477fc066676dcc4672d	evaluation
dominant_to_evaluation	confirmatory::P0DQO9	positive	956e186fb9ea6db89afce791a4f3dc98269576987bd523fd81ac79118abb4563	evaluation
dominant_to_evaluation	confirmatory::P0DRA7	positive	487af93fc7daae296587ffc916ba0647a8a4a13e4720c21c422e2e4ff768444d	evaluation
dominant_to_evaluation	confirmatory::P0DRI0	negative	c7f55727017594b25fafed65c837d9cf1b47874a4ef5b9c005f2df4d0d85a1f9	evaluation
dominant_to_evaluation	confirmatory::P0DRI2	negative	9186a22d7be0ca3bfb038b263fac6e05825312f5de1d305d99119db7c09739c4	evaluation
dominant_to_evaluation	confirmatory::P0DRJ1	positive	772e768a73290425add62c1e93d9286dfddc4822d989ee83f469b464e8f27fb6	evaluation
dominant_to_evaluation	confirmatory::P0DSI3	negative	25545dadd80435581e74794c9216eeb66ace8228a86901b5932e62c7acee96bd	calibration
dominant_to_evaluation	confirmatory::P0DSI8	positive	008fde69b6f6a85e1ce9cc0c6215065deccb424959f66d599266899ea4e6db24	evaluation
dominant_to_evaluation	confirmatory::P0DUB8	negative	78f76b1f5620b113df4637a3cb3ed2245ad6ee00952a71201ba7eda19f40a044	evaluation
dominant_to_evaluation	confirmatory::P0DUB9	negative	78f76b1f5620b113df4637a3cb3ed2245ad6ee00952a71201ba7eda19f40a044	evaluation
dominant_to_evaluation	confirmatory::P0DUJ6	positive	d8fcaa7f3c734f7baef5591a8a530325d0eec54726e4ad234c3b85b756160529	evaluation
dominant_to_evaluation	confirmatory::P0DUJ8	positive	c077fe705c88fdf9842c475e5758ebe63d88c544823ad487f6cecf2eb37298d2	evaluation
dominant_to_evaluation	confirmatory::P0DV90	negative	6e3596fd654c0ee719fa18294410e8acf057349c0d698bafa2d7d3f66564fbc5	calibration
dominant_to_evaluation	confirmatory::P0DW09	negative	1c6bb9abe0cce6ad487b97e931d4e6e9e9b78692b61313c00b8a94621ecc2a07	calibration
dominant_to_evaluation	confirmatory::P0DXI6	negative	e90d897b8993d798d057ea32d5bf074e7ccbf48e0b32c16a67612aacc0d353d0	calibration
dominant_to_evaluation	confirmatory::P0DXX0	positive	782996de50da857e82618ce3b2fd406f9f857339805a57cfd9a9328dd535cece	evaluation
dominant_to_evaluation	confirmatory::P0DXX9	positive	4388b6c14614239c9e987487fa232e6cd5e955b34fbe10d4c95f5289235edabc	evaluation
dominant_to_evaluation	confirmatory::P0DY36	negative	8244313599fcdccdd992daf3874eef2d6f312eb8515575bc430315dbef1ed932	calibration
dominant_to_evaluation	confirmatory::P10041	negative	2e15cb2fc2f0449dac82dac687f594e94ca3244b833b3121d2dcc58df8ed7387	calibration
dominant_to_evaluation	confirmatory::P10256	negative	cd44ecfb0231fbe25976a913c1248001f954c4063e308617e008c4b65e1d218b	calibration
dominant_to_evaluation	confirmatory::P10257	negative	cd44ecfb0231fbe25976a913c1248001f954c4063e308617e008c4b65e1d218b	calibration
dominant_to_evaluation	confirmatory::P10291	negative	b7762ce85918a621bc4bf4c4e7657779c885d02f6b53a465f4762637db65c059	evaluation
dominant_to_evaluation	confirmatory::P10292	negative	b7762ce85918a621bc4bf4c4e7657779c885d02f6b53a465f4762637db65c059	evaluation
dominant_to_evaluation	confirmatory::P10293	negative	b7762ce85918a621bc4bf4c4e7657779c885d02f6b53a465f4762637db65c059	evaluation
dominant_to_evaluation	confirmatory::P10294	negative	b7762ce85918a621bc4bf4c4e7657779c885d02f6b53a465f4762637db65c059	evaluation
dominant_to_evaluation	confirmatory::P10295	negative	b7762ce85918a621bc4bf4c4e7657779c885d02f6b53a465f4762637db65c059	evaluation
dominant_to_evaluation	confirmatory::P10296	negative	b7762ce85918a621bc4bf4c4e7657779c885d02f6b53a465f4762637db65c059	evaluation
dominant_to_evaluation	confirmatory::P10410	positive	4a5973563abda2eea1f0023a91e5ff6393eead76075af60804b5f721f6d2f5a3	evaluation
dominant_to_evaluation	confirmatory::P10477	negative	6c3f4d70b3376373f5b8ac648ac38f3b95d784e53784313b87746c19ff4d68a6	evaluation
dominant_to_evaluation	confirmatory::P10478	negative	3e395f50f4509ebbb4e2e259e208b2cc077683380b886d7d3c99ea40d9d0ec66	evaluation
dominant_to_evaluation	confirmatory::P10601	negative	55927c04e923f511084010cf0858f6d88c365ae75b99c08d7e94a4aea9cd3a91	calibration
dominant_to_evaluation	confirmatory::P10643	negative	ba4d2614b5e550635440f4c6525e8134022aee773ce7679090791bd84dd97e71	evaluation
dominant_to_evaluation	confirmatory::P10821	negative	91bd60dabb882867c24e7bc1c3c50d5e623a99ff781af028e7ff380940a7501d	evaluation
dominant_to_evaluation	confirmatory::P10896	negative	8681430580a6e93c9a5c5191318e81f81318672585060b391df6fac4041ca3f8	evaluation
dominant_to_evaluation	confirmatory::P10965	negative	61a1c3521102b1f6415e80d7716f6a231e4ae45e7d681e751332bb0344c9ee73	calibration
dominant_to_evaluation	confirmatory::P10968	negative	4b9e7bea9ce8ee8ae94698ef8499017333c8e1e95a44680dba3be60d8618dc01	evaluation
dominant_to_evaluation	confirmatory::P10973	negative	5041a1e1f60f70f4bccce3b8daeb631454e2f014bb557bfeaccf74d45d44c355	evaluation
dominant_to_evaluation	confirmatory::P10975	negative	86cc21bca61bd87e3a544b53de63d4a85a51acbb0d64b5ad6e6e2ba8aa8ab938	calibration
dominant_to_evaluation	confirmatory::P10976	negative	34efdb7da6465528647a3456cde08984bda0ce26aa0261df4c8efe316d3e0938	calibration
dominant_to_evaluation	confirmatory::P11018	negative	1bb7a69c5ac8dff09d9743d7de36e3db00db59e8de64893c6df4fc99ac9601d3	calibration
dominant_to_evaluation	confirmatory::P11084	negative	369890e1b4fdd3f4d633bc750ce4706bc6a1c2d11deb58e010bd3f44230852d0	calibration
dominant_to_evaluation	confirmatory::P11150	negative	82e1c2f759ec8bf899994b4553b7d3cc20a8d7c5d625a051f6b6104ee4a7005f	evaluation
dominant_to_evaluation	confirmatory::P11151	negative	82e1c2f759ec8bf899994b4553b7d3cc20a8d7c5d625a051f6b6104ee4a7005f	evaluation
dominant_to_evaluation	confirmatory::P11152	negative	82e1c2f759ec8bf899994b4553b7d3cc20a8d7c5d625a051f6b6104ee4a7005f	evaluation
dominant_to_evaluation	confirmatory::P11153	negative	82e1c2f759ec8bf899994b4553b7d3cc20a8d7c5d625a051f6b6104ee4a7005f	evaluation
dominant_to_evaluation	confirmatory::P11226	negative	87d425c65ac584d5e4c581986c739f7692b2578e446bf382551a86cc21557ecd	evaluation
dominant_to_evaluation	confirmatory::P11404	negative	34b41219611ac71b39f94001659d257ef301dc42fb86d0ab1b2396d000b25f11	calibration
dominant_to_evaluation	confirmatory::P11493	negative	369890e1b4fdd3f4d633bc750ce4706bc6a1c2d11deb58e010bd3f44230852d0	calibration
dominant_to_evaluation	confirmatory::P11589	negative	ae072172ac565f240e9af5c41bfdfc0174476f5f1bc878f8c5aab26e7d89d267	calibration
dominant_to_evaluation	confirmatory::P11590	negative	ae072172ac565f240e9af5c41bfdfc0174476f5f1bc878f8c5aab26e7d89d267	calibration
dominant_to_evaluation	confirmatory::P11602	negative	82e1c2f759ec8bf899994b4553b7d3cc20a8d7c5d625a051f6b6104ee4a7005f	evaluation
dominant_to_evaluation	confirmatory::P11611	negative	369890e1b4fdd3f4d633bc750ce4706bc6a1c2d11deb58e010bd3f44230852d0	calibration
dominant_to_evaluation	confirmatory::P11612	negative	369890e1b4fdd3f4d633bc750ce4706bc6a1c2d11deb58e010bd3f44230852d0	calibration
dominant_to_evaluation	confirmatory::P11643	negative	f7a616fde5389141c0e4c34abab3803332ab61f9588c2aa0912a794e89fe69e4	calibration
dominant_to_evaluation	confirmatory::P11670	negative	80265ba0cf707cc2b9ab56977abaa12643a893bd6a9a455337c6c3dedf45bd7a	calibration
dominant_to_evaluation	confirmatory::P11672	negative	693191d81dad8633f117940437800dc383ce0e8e12178e775ecd55116c2bb03f	calibration
dominant_to_evaluation	confirmatory::P11859	negative	34f3ebf727ba6962d09c497f53fa9a083064002a8920c85a4d004e89f0a534ef	evaluation
dominant_to_evaluation	confirmatory::P11944	negative	7f8373716bb12737be8ec09b43b953fe2c4602353a222f10b3d8e035ef71d7b7	evaluation
dominant_to_evaluation	confirmatory::P11955	negative	4b9e7bea9ce8ee8ae94698ef8499017333c8e1e95a44680dba3be60d8618dc01	evaluation
dominant_to_evaluation	confirmatory::P11967	negative	55927c04e923f511084010cf0858f6d88c365ae75b99c08d7e94a4aea9cd3a91	calibration
dominant_to_evaluation	confirmatory::P11969	negative	b7762ce85918a621bc4bf4c4e7657779c885d02f6b53a465f4762637db65c059	evaluation
dominant_to_evaluation	confirmatory::P12104	negative	34b41219611ac71b39f94001659d257ef301dc42fb86d0ab1b2396d000b25f11	calibration
dominant_to_evaluation	confirmatory::P12306	negative	7d0ca3f9691895ca753b0995d472ba0ed4112ebe7744b483b0fdcc5d2cb019b3	calibration
dominant_to_evaluation	confirmatory::P12307	negative	7d0ca3f9691895ca753b0995d472ba0ed4112ebe7744b483b0fdcc5d2cb019b3	calibration
dominant_to_evaluation	confirmatory::P12308	negative	7d0ca3f9691895ca753b0995d472ba0ed4112ebe7744b483b0fdcc5d2cb019b3	calibration
dominant_to_evaluation	confirmatory::P12393	negative	f9534e3efac0d74a316b922bb3f4c16c7bf8f26e13f4090171964da8f70c843d	evaluation
dominant_to_evaluation	confirmatory::P12547	negative	1bb7a69c5ac8dff09d9743d7de36e3db00db59e8de64893c6df4fc99ac9601d3	calibration
dominant_to_evaluation	confirmatory::P12656	negative	cd44ecfb0231fbe25976a913c1248001f954c4063e308617e008c4b65e1d218b	calibration
dominant_to_evaluation	confirmatory::P12704	negative	2ca3559869bf73bf1369b0778046227fe36990704ef03e92e809601ac40ebe65	calibration
dominant_to_evaluation	confirmatory::P12705	negative	2ca3559869bf73bf1369b0778046227fe36990704ef03e92e809601ac40ebe65	calibration
dominant_to_evaluation	confirmatory::P12706	negative	2ca3559869bf73bf1369b0778046227fe36990704ef03e92e809601ac40ebe65	calibration
dominant_to_evaluation	confirmatory::P12708	negative	2ca3559869bf73bf1369b0778046227fe36990704ef03e92e809601ac40ebe65	calibration
dominant_to_evaluation	confirmatory::P12763	negative	8aca6cf56151161615270e0611bfb487352bac7e999974bcc690200b9c87952d	evaluation
dominant_to_evaluation	confirmatory::P12799	negative	450882407bb31af420e3fb498b86045252de225bcb0bc544cb192820b36d6e90	calibration
dominant_to_evaluation	confirmatory::P12804	negative	450882407bb31af420e3fb498b86045252de225bcb0bc544cb192820b36d6e90	calibration
dominant_to_evaluation	confirmatory::P12842	negative	87d425c65ac584d5e4c581986c739f7692b2578e446bf382551a86cc21557ecd	evaluation
dominant_to_evaluation	confirmatory::P12919	negative	2ce198fad98f14e4c4b8a256c59fcb869aedf9d88f10faac7815fcadcfa4fcaf	calibration
dominant_to_evaluation	confirmatory::P12964	positive	bffd50f311a56dfd6af5ebbbaaa2cf322fc5dd972bc94e936745c25e7dddc26c	evaluation
dominant_to_evaluation	confirmatory::P12982	negative	369890e1b4fdd3f4d633bc750ce4706bc6a1c2d11deb58e010bd3f44230852d0	calibration
dominant_to_evaluation	confirmatory::P12992	negative	d1c6ab564afa4059f4195e330c3f3d2fa72e6c258ca03ccbdb0ec294d4b10bcb	evaluation
dominant_to_evaluation	confirmatory::P13001	negative	d52af3aeba16f166910db4a02e939c6bcf3e5ff1879d6147eae4d668380d76f5	calibration
dominant_to_evaluation	confirmatory::P13134	negative	0840af6d61e535996fdac85e4931f62ffc2b0d5e510092ed0bdf24addc0a25f9	evaluation
dominant_to_evaluation	confirmatory::P13189	negative	0e86e9e3943105f0c02e336cf49e66419fe7933b4a9c56997c7bb8035f3c7a0a	calibration
dominant_to_evaluation	confirmatory::P13190	negative	2ca3559869bf73bf1369b0778046227fe36990704ef03e92e809601ac40ebe65	calibration
dominant_to_evaluation	confirmatory::P13205	negative	647101d05ac1f2ecd26e08607d52d4f9b44472080b1a8ccd64f4a5db8f7b357d	evaluation
dominant_to_evaluation	confirmatory::P13213	negative	9f0d0cc0eeb47aec102bb846e184928d26abe3ecb8a62ebc0b78f49871b04459	evaluation
dominant_to_evaluation	confirmatory::P13613	negative	7f8373716bb12737be8ec09b43b953fe2c4602353a222f10b3d8e035ef71d7b7	evaluation
dominant_to_evaluation	confirmatory::P13671	negative	ba4d2614b5e550635440f4c6525e8134022aee773ce7679090791bd84dd97e71	evaluation
dominant_to_evaluation	confirmatory::P13681	negative	369890e1b4fdd3f4d633bc750ce4706bc6a1c2d11deb58e010bd3f44230852d0	calibration
dominant_to_evaluation	confirmatory::P13686	negative	5f720ffdffee0343aa112bd6ae6fcfb774d18bbb2e61a319453a29f6f389cdbb	calibration
dominant_to_evaluation	confirmatory::P13691	negative	35d13a1cc289640836024acc83c845fde380e96b1cf0d8530255ece3e5c4db55	calibration
dominant_to_evaluation	confirmatory::P13698	negative	2ce198fad98f14e4c4b8a256c59fcb869aedf9d88f10faac7815fcadcfa4fcaf	calibration
dominant_to_evaluation	confirmatory::P13727	negative	c9605184d2ac60712053781acb9550f62a513027605873cf8aac9c77211123de	calibration
dominant_to_evaluation	confirmatory::P13731	negative	24376931396657e10ac6c36105371df550b6e383ddce8078df34654d799ae7e7	calibration
dominant_to_evaluation	confirmatory::P13812	positive	2451f13c457744dae9f60e1835aad15e914ddd0aebf0f59541b154361515d0d0	evaluation
dominant_to_evaluation	confirmatory::P13814	negative	9115b03cb3061d687b03fddc7be898a18890649d629080776e40a00b900bba11	calibration
dominant_to_evaluation	confirmatory::P13815	negative	9115b03cb3061d687b03fddc7be898a18890649d629080776e40a00b900bba11	calibration
dominant_to_evaluation	confirmatory::P13826	negative	9115b03cb3061d687b03fddc7be898a18890649d629080776e40a00b900bba11	calibration
dominant_to_evaluation	confirmatory::P13943	negative	24063adf61b47696a5084aad279fba23bd2d452cb3a4e2a3d0222f5c61a60eb3	calibration
dominant_to_evaluation	confirmatory::P14356	negative	f0675842b81f11a9cfaf95c944d688ea7e441ad18b936fbe799cdcdede5dded1	evaluation
dominant_to_evaluation	confirmatory::P14448	negative	450882407bb31af420e3fb498b86045252de225bcb0bc544cb192820b36d6e90	calibration
dominant_to_evaluation	confirmatory::P14480	negative	450882407bb31af420e3fb498b86045252de225bcb0bc544cb192820b36d6e90	calibration
dominant_to_evaluation	confirmatory::P14593	negative	9115b03cb3061d687b03fddc7be898a18890649d629080776e40a00b900bba11	calibration
dominant_to_evaluation	confirmatory::P14608	positive	8e907e17b392d0933111ef70835d1c0bf6ed67bd8f87d94ebb0b1724daf0f3b4	evaluation
dominant_to_evaluation	confirmatory::P14715	negative	61a1c3521102b1f6415e80d7716f6a231e4ae45e7d681e751332bb0344c9ee73	calibration
dominant_to_evaluation	confirmatory::P14747	negative	80188e9791182b3a7d2f79c0e2ed86136b48ed6a049411d036b36313dbd8bbd5	calibration
dominant_to_evaluation	confirmatory::P14780	negative	16ea83094b8a9f3846228c14f4dc27f1b4aac291005aa1d8eb490657405beb3e	calibration
dominant_to_evaluation	confirmatory::P14916	negative	ea060f244e352de2544b388f1abc1899258898681ff665dbf7303805cc505276	evaluation
dominant_to_evaluation	confirmatory::P15090	negative	34b41219611ac71b39f94001659d257ef301dc42fb86d0ab1b2396d000b25f11	calibration
dominant_to_evaluation	confirmatory::P15131	negative	2f9db5b8fc00d830c93f9b2ca68277e3c487d58252f4703b40bcbe4291ba46f3	evaluation
dominant_to_evaluation	confirmatory::P15312	negative	4b9e7bea9ce8ee8ae94698ef8499017333c8e1e95a44680dba3be60d8618dc01	evaluation
dominant_to_evaluation	confirmatory::P15322	negative	8f20d0c6980ead1e360a848d002432fd7be75037bb37add933645c20185679c7	calibration
dominant_to_evaluation	confirmatory::P15329	negative	2cc909198de5bc355e0ffb1e1231892043c8b30f779aa53c4a53c3b15b3891c0	evaluation
dominant_to_evaluation	confirmatory::P15399	negative	f92a8e542977ec3d6dc95e8a0bde11a3a1290134ed49574133ebe628e0201670	evaluation
dominant_to_evaluation	confirmatory::P15411	negative	50208ba7185986fdc3fd1b52d79feeb7da9b4c04f65a5deb9f7cc3291aa67f87	calibration
dominant_to_evaluation	confirmatory::P15438	negative	0e86e9e3943105f0c02e336cf49e66419fe7933b4a9c56997c7bb8035f3c7a0a	calibration
dominant_to_evaluation	confirmatory::P15458	negative	8f20d0c6980ead1e360a848d002432fd7be75037bb37add933645c20185679c7	calibration
dominant_to_evaluation	confirmatory::P15459	negative	8f20d0c6980ead1e360a848d002432fd7be75037bb37add933645c20185679c7	calibration
dominant_to_evaluation	confirmatory::P15460	negative	8f20d0c6980ead1e360a848d002432fd7be75037bb37add933645c20185679c7	calibration
dominant_to_evaluation	confirmatory::P15461	negative	8f20d0c6980ead1e360a848d002432fd7be75037bb37add933645c20185679c7	calibration
dominant_to_evaluation	confirmatory::P15465	negative	a9391150c2380a90cdb30684db5826c7630bbcf1027f48e160a0e0336a38d3f3	calibration
dominant_to_evaluation	confirmatory::P15493	negative	78f76b1f5620b113df4637a3cb3ed2245ad6ee00952a71201ba7eda19f40a044	evaluation
dominant_to_evaluation	confirmatory::P15728	negative	1d789eed8715def0e6e58288406f4209a724f5d38b7bef35e97aed53c2e85d83	evaluation
dominant_to_evaluation	confirmatory::P15917	positive	b81940844549cf33aed8b39e19acb25b98f5c7901300504cebc805cba76ecf55	evaluation
dominant_to_evaluation	confirmatory::P16061	negative	4b9e7bea9ce8ee8ae94698ef8499017333c8e1e95a44680dba3be60d8618dc01	evaluation
dominant_to_evaluation	confirmatory::P16109	negative	d56efa2c4fa76222614d0864fe50657e6fc587cd0e1890c25a37bf138b4b5f1a	evaluation
dominant_to_evaluation	confirmatory::P16122	negative	ea060f244e352de2544b388f1abc1899258898681ff665dbf7303805cc505276	evaluation
dominant_to_evaluation	confirmatory::P16124	negative	ea060f244e352de2544b388f1abc1899258898681ff665dbf7303805cc505276	evaluation
dominant_to_evaluation	confirmatory::P16159	negative	f7a616fde5389141c0e4c34abab3803332ab61f9588c2aa0912a794e89fe69e4	calibration
dominant_to_evaluation	confirmatory::P16298	negative	80188e9791182b3a7d2f79c0e2ed86136b48ed6a049411d036b36313dbd8bbd5	calibration
dominant_to_evaluation	confirmatory::P16335	negative	d9d98dc87e5b735549104aaa10b275156aefccc1d0149a3b6d6311c042517850	calibration
dominant_to_evaluation	confirmatory::P16339	negative	a04f844d77e86f77fef5659f42a8e50de04610e2d3480b1acd934bae2482310d	calibration
dominant_to_evaluation	confirmatory::P16347	negative	61a1c3521102b1f6415e80d7716f6a231e4ae45e7d681e751332bb0344c9ee73	calibration
dominant_to_evaluation	confirmatory::P16348	negative	bf30e013f16aa81ae1fa35895609c363048eab7576368053fb0f2db1dc661092	evaluation
dominant_to_evaluation	confirmatory::P16350	negative	7d0ca3f9691895ca753b0995d472ba0ed4112ebe7744b483b0fdcc5d2cb019b3	calibration
dominant_to_evaluation	confirmatory::P16396	negative	5e4fe47448b09e317eaeac505139493ace7f220a7f447de8590bd049d9c61961	calibration
dominant_to_evaluation	confirmatory::P16501	negative	22908ea1541a1b07146f2bd28daaa95ec311bcc862f3182fe7289c27fc0bc4d0	evaluation
dominant_to_evaluation	confirmatory::P16579	negative	4b9e7bea9ce8ee8ae94698ef8499017333c8e1e95a44680dba3be60d8618dc01	evaluation
dominant_to_evaluation	confirmatory::P16581	negative	d56efa2c4fa76222614d0864fe50657e6fc587cd0e1890c25a37bf138b4b5f1a	evaluation
dominant_to_evaluation	confirmatory::P16613	negative	9d2bb9c0ec111008855c185d034a9f835f297b67d775b83c19cacc5a83480fca	evaluation
dominant_to_evaluation	confirmatory::P16708	negative	d69e36b58cc54a89ecbe8fca1fb8c091b1afad3efbb4b20f9354eaee1a337549	calibration
dominant_to_evaluation	confirmatory::P16851	negative	f7a616fde5389141c0e4c34abab3803332ab61f9588c2aa0912a794e89fe69e4	calibration
dominant_to_evaluation	confirmatory::P16854	negative	d1c6ab564afa4059f4195e330c3f3d2fa72e6c258ca03ccbdb0ec294d4b10bcb	evaluation
dominant_to_evaluation	confirmatory::P16893	negative	8927deb3d36b81872f02f6f2fa6723ab07c6e1431a67fe41e943be1849602b11	evaluation
dominant_to_evaluation	confirmatory::P16969	negative	f7a616fde5389141c0e4c34abab3803332ab61f9588c2aa0912a794e89fe69e4	calibration
dominant_to_evaluation	confirmatory::P16975	negative	9f0d0cc0eeb47aec102bb846e184928d26abe3ecb8a62ebc0b78f49871b04459	evaluation
dominant_to_evaluation	confirmatory::P17085	negative	22908ea1541a1b07146f2bd28daaa95ec311bcc862f3182fe7289c27fc0bc4d0	evaluation
dominant_to_evaluation	confirmatory::P17086	negative	ea060f244e352de2544b388f1abc1899258898681ff665dbf7303805cc505276	evaluation
dominant_to_evaluation	confirmatory::P17088	negative	ea060f244e352de2544b388f1abc1899258898681ff665dbf7303805cc505276	evaluation
dominant_to_evaluation	confirmatory::P17314	negative	f7a616fde5389141c0e4c34abab3803332ab61f9588c2aa0912a794e89fe69e4	calibration
dominant_to_evaluation	confirmatory::P17573	negative	d1c6ab564afa4059f4195e330c3f3d2fa72e6c258ca03ccbdb0ec294d4b10bcb	evaluation
dominant_to_evaluation	confirmatory::P17634	negative	450882407bb31af420e3fb498b86045252de225bcb0bc544cb192820b36d6e90	calibration
dominant_to_evaluation	confirmatory::P17647	negative	22908ea1541a1b07146f2bd28daaa95ec311bcc862f3182fe7289c27fc0bc4d0	evaluation
dominant_to_evaluation	confirmatory::P17680	negative	b7762ce85918a621bc4bf4c4e7657779c885d02f6b53a465f4762637db65c059	evaluation
dominant_to_evaluation	confirmatory::P17684	positive	c0c8d874268e34a7cd295b578b8e8db0a4e767b67b854e0bbf197efcf8d61662	evaluation
dominant_to_evaluation	confirmatory::P17715	negative	2ca3559869bf73bf1369b0778046227fe36990704ef03e92e809601ac40ebe65	calibration
dominant_to_evaluation	confirmatory::P17892	negative	82e1c2f759ec8bf899994b4553b7d3cc20a8d7c5d625a051f6b6104ee4a7005f	evaluation
dominant_to_evaluation	confirmatory::P17901	negative	6c3f4d70b3376373f5b8ac648ac38f3b95d784e53784313b87746c19ff4d68a6	evaluation
dominant_to_evaluation	confirmatory::P17979	negative	bf30e013f16aa81ae1fa35895609c363048eab7576368053fb0f2db1dc661092	evaluation
dominant_to_evaluation	confirmatory::P17980	negative	23d5a3bd524d30d0ed03bfe373885d5527e4035c98c411d13a9667a063013c6e	evaluation
dominant_to_evaluation	confirmatory::P18107	negative	55927c04e923f511084010cf0858f6d88c365ae75b99c08d7e94a4aea9cd3a91	calibration
dominant_to_evaluation	confirmatory::P18109	negative	2ca3559869bf73bf1369b0778046227fe36990704ef03e92e809601ac40ebe65	calibration
dominant_to_evaluation	confirmatory::P18167	negative	d1c6ab564afa4059f4195e330c3f3d2fa72e6c258ca03ccbdb0ec294d4b10bcb	evaluation
dominant_to_evaluation	confirmatory::P18314	negative	ea060f244e352de2544b388f1abc1899258898681ff665dbf7303805cc505276	evaluation
dominant_to_evaluation	confirmatory::P18316	negative	ea060f244e352de2544b388f1abc1899258898681ff665dbf7303805cc505276	evaluation
dominant_to_evaluation	confirmatory::P18337	negative	d56efa2c4fa76222614d0864fe50657e6fc587cd0e1890c25a37bf138b4b5f1a	evaluation
dominant_to_evaluation	confirmatory::P18384	negative	d1c310bf0ba6d0096f9d7112c268048f8ec36ff308e6ee6aed1e927cb41d53a5	evaluation
dominant_to_evaluation	confirmatory::P18395	negative	e9de1a2f7cb129c07a0f04ae08efba495b6b821d03abf1fa01ce52ae6c31c28f	calibration
dominant_to_evaluation	confirmatory::P18406	negative	80411b172a57342a9e6ff35099764047f561bf1337df03f29cf013ee3a7b28d0	calibration
dominant_to_evaluation	confirmatory::P18509	negative	9d2bb9c0ec111008855c185d034a9f835f297b67d775b83c19cacc5a83480fca	evaluation
dominant_to_evaluation	confirmatory::P18708	negative	66982e869380038efc306798aae7ce2e1fae56c06d7dfce80d3e44d1d4b5c3dc	calibration
dominant_to_evaluation	confirmatory::P18759	negative	66982e869380038efc306798aae7ce2e1fae56c06d7dfce80d3e44d1d4b5c3dc	calibration
dominant_to_evaluation	confirmatory::P18842	negative	cd44ecfb0231fbe25976a913c1248001f954c4063e308617e008c4b65e1d218b	calibration
dominant_to_evaluation	confirmatory::P18902	negative	c82f4a3ea808a94af9f0fd360da5430293718adb20211aa3407793363c52542d	evaluation
dominant_to_evaluation	confirmatory::P18908	negative	08528be7fd341aa6992306d6cc2dcd129232b8b4cd83081db737fc35b1f465a3	evaluation
dominant_to_evaluation	confirmatory::P19313	negative	e762a34e2879fb89badf3aefde610ff9d5414dd0791ef2899f47f15931593ae4	evaluation
dominant_to_evaluation	confirmatory::P19324	negative	24376931396657e10ac6c36105371df550b6e383ddce8078df34654d799ae7e7	calibration
dominant_to_evaluation	confirmatory::P19336	negative	80411b172a57342a9e6ff35099764047f561bf1337df03f29cf013ee3a7b28d0	calibration
dominant_to_evaluation	confirmatory::P19477	negative	450882407bb31af420e3fb498b86045252de225bcb0bc544cb192820b36d6e90	calibration
dominant_to_evaluation	confirmatory::P19597	negative	9115b03cb3061d687b03fddc7be898a18890649d629080776e40a00b900bba11	calibration
dominant_to_evaluation	confirmatory::P19647	negative	7f8373716bb12737be8ec09b43b953fe2c4602353a222f10b3d8e035ef71d7b7	evaluation
dominant_to_evaluation	confirmatory::P19652	negative	1a35ad91798a026bcdebde68ed0eb5d253ad56aad3ddf29531a071fb44d8d05e	calibration
dominant_to_evaluation	confirmatory::P19656	negative	34efdb7da6465528647a3456cde08984bda0ce26aa0261df4c8efe316d3e0938	calibration
dominant_to_evaluation	confirmatory::P19794	negative	cd44ecfb0231fbe25976a913c1248001f954c4063e308617e008c4b65e1d218b	calibration
dominant_to_evaluation	confirmatory::P19884	negative	780632a2b78e928a1a0233a9237a2deb499859d4cb703b9b85c05b6bf0ae4e2d	evaluation
dominant_to_evaluation	confirmatory::P20033	negative	2ce198fad98f14e4c4b8a256c59fcb869aedf9d88f10faac7815fcadcfa4fcaf	calibration
dominant_to_evaluation	confirmatory::P20112	negative	9f0d0cc0eeb47aec102bb846e184928d26abe3ecb8a62ebc0b78f49871b04459	evaluation
dominant_to_evaluation	confirmatory::P20145	negative	6b111aaea1b14ddb814846a85c23e172f370297153b0c3e30d310f7fcbc01eb9	evaluation
dominant_to_evaluation	confirmatory::P20261	negative	d1c6ab564afa4059f4195e330c3f3d2fa72e6c258ca03ccbdb0ec294d4b10bcb	evaluation
dominant_to_evaluation	confirmatory::P20289	negative	5892961fd93913083308b146da1de4c67d025258b98b350e84083bba8418fbd1	calibration
dominant_to_evaluation	confirmatory::P20347	negative	bf30e013f16aa81ae1fa35895609c363048eab7576368053fb0f2db1dc661092	evaluation
dominant_to_evaluation	confirmatory::P20462	negative	d87f2bfde3ae8d818bbd095045befab0b7f01c0598e4fbe4ed8a7ca944c82594	evaluation
dominant_to_evaluation	confirmatory::P20532	negative	d1c310bf0ba6d0096f9d7112c268048f8ec36ff308e6ee6aed1e927cb41d53a5	evaluation
dominant_to_evaluation	confirmatory::P20604	negative	369890e1b4fdd3f4d633bc750ce4706bc6a1c2d11deb58e010bd3f44230852d0	calibration
dominant_to_evaluation	confirmatory::P20651	negative	80188e9791182b3a7d2f79c0e2ed86136b48ed6a049411d036b36313dbd8bbd5	calibration
dominant_to_evaluation	confirmatory::P20654	negative	369890e1b4fdd3f4d633bc750ce4706bc6a1c2d11deb58e010bd3f44230852d0	calibration
dominant_to_evaluation	confirmatory::P20749	negative	f3f20b6381602f1fa9d38f08b644cca24a343b2bae0205e1726918da57ad14fe	calibration
dominant_to_evaluation	confirmatory::P20757	negative	34f3ebf727ba6962d09c497f53fa9a083064002a8920c85a4d004e89f0a534ef	evaluation
dominant_to_evaluation	confirmatory::P20841	negative	34a667a0644883d9b39dd7dce4cee33580204b0e824198cf10437a5c0d5a367c	calibration
dominant_to_evaluation	confirmatory::P20842	negative	d4b8fd03a3caaecd44d5b548daa02c315b9633db3506830623271b9a37653456	calibration
dominant_to_evaluation	confirmatory::P20937	negative	7d60fd5c92dfb8bcae8595a5e485074f20595c0030d55c37b8423232e0a10ed8	evaluation
dominant_to_evaluation	confirmatory::P21227	negative	4b9e7bea9ce8ee8ae94698ef8499017333c8e1e95a44680dba3be60d8618dc01	evaluation
dominant_to_evaluation	confirmatory::P21350	negative	1a35ad91798a026bcdebde68ed0eb5d253ad56aad3ddf29531a071fb44d8d05e	calibration
dominant_to_evaluation	confirmatory::P21370	negative	d1c6ab564afa4059f4195e330c3f3d2fa72e6c258ca03ccbdb0ec294d4b10bcb	evaluation
dominant_to_evaluation	confirmatory::P21460	negative	e762a34e2879fb89badf3aefde610ff9d5414dd0791ef2899f47f15931593ae4	evaluation
dominant_to_evaluation	confirmatory::P21520	negative	450882407bb31af420e3fb498b86045252de225bcb0bc544cb192820b36d6e90	calibration
dominant_to_evaluation	confirmatory::P21661	negative	da1f730a80c0f0ed1f9303734404705fa18285380f99e8c78185dd847cf60b39	evaluation
dominant_to_evaluation	confirmatory::P21664	negative	7f8373716bb12737be8ec09b43b953fe2c4602353a222f10b3d8e035ef71d7b7	evaluation
dominant_to_evaluation	confirmatory::P21692	negative	24063adf61b47696a5084aad279fba23bd2d452cb3a4e2a3d0222f5c61a60eb3	calibration
dominant_to_evaluation	confirmatory::P21755	negative	87d425c65ac584d5e4c581986c739f7692b2578e446bf382551a86cc21557ecd	evaluation
dominant_to_evaluation	confirmatory::P21760	negative	fff12e77db30d8d5054c219a61e7eadca02694fd845a38e729300f128215237b	evaluation
dominant_to_evaluation	confirmatory::P21808	negative	50208ba7185986fdc3fd1b52d79feeb7da9b4c04f65a5deb9f7cc3291aa67f87	calibration
dominant_to_evaluation	confirmatory::P21814	negative	d69e36b58cc54a89ecbe8fca1fb8c091b1afad3efbb4b20f9354eaee1a337549	calibration
dominant_to_evaluation	confirmatory::P21837	negative	d1c6ab564afa4059f4195e330c3f3d2fa72e6c258ca03ccbdb0ec294d4b10bcb	evaluation
dominant_to_evaluation	confirmatory::P21854	negative	d7b2cd3570a0ef3c88b208142c6188b437461d7da4d7aef53af7d47fa44509d1	calibration
dominant_to_evaluation	confirmatory::P21956	negative	67b28ba5e81d277aab432e8590ea0314688bb8591ebef3ca06a6935723ff3652	evaluation
dominant_to_evaluation	confirmatory::P22057	negative	fff12e77db30d8d5054c219a61e7eadca02694fd845a38e729300f128215237b	evaluation
dominant_to_evaluation	confirmatory::P22074	negative	204d40fbc84d9f6e5ccc5cdd1588762f941299e1889fd7a44dc79a3f65ebfaa4	calibration
dominant_to_evaluation	confirmatory::P22088	negative	78f76b1f5620b113df4637a3cb3ed2245ad6ee00952a71201ba7eda19f40a044	evaluation
dominant_to_evaluation	confirmatory::P22297	negative	8a5a44f2e2e496be9e977eb7d5eeb2900aeae32a7a76e47038a2b59a653714f1	evaluation
dominant_to_evaluation	confirmatory::P22334	negative	2ca3559869bf73bf1369b0778046227fe36990704ef03e92e809601ac40ebe65	calibration
dominant_to_evaluation	confirmatory::P22394	negative	d1c6ab564afa4059f4195e330c3f3d2fa72e6c258ca03ccbdb0ec294d4b10bcb	evaluation
dominant_to_evaluation	confirmatory::P22542	positive	e77bf3f78a655950f3c6aa82f9efde5934174847ed4cfa0f9e1fe8fc227e1612	evaluation
dominant_to_evaluation	confirmatory::P22618	negative	22908ea1541a1b07146f2bd28daaa95ec311bcc862f3182fe7289c27fc0bc4d0	evaluation
dominant_to_evaluation	confirmatory::P22757	negative	24063adf61b47696a5084aad279fba23bd2d452cb3a4e2a3d0222f5c61a60eb3	calibration
dominant_to_evaluation	confirmatory::P22848	negative	892ba1855928808c3310b3b648ebd941285e5ffc6df4932601755ed99ba9846b	calibration
dominant_to_evaluation	confirmatory::P22862	negative	4da363a0ba276eafe635d84d1b81e46c4bac3b404865716eba9e051acd5578f3	calibration
dominant_to_evaluation	confirmatory::P22890	negative	0e86e9e3943105f0c02e336cf49e66419fe7933b4a9c56997c7bb8035f3c7a0a	calibration
dominant_to_evaluation	confirmatory::P22894	negative	24063adf61b47696a5084aad279fba23bd2d452cb3a4e2a3d0222f5c61a60eb3	calibration
dominant_to_evaluation	confirmatory::P22969	negative	780632a2b78e928a1a0233a9237a2deb499859d4cb703b9b85c05b6bf0ae4e2d	evaluation
dominant_to_evaluation	confirmatory::P23093	negative	a55b5b645cc74959297f4c5ce0af51f2a6ed700db67af5e46f7d78d48e11ff47	calibration
dominant_to_evaluation	confirmatory::P23110	negative	8f20d0c6980ead1e360a848d002432fd7be75037bb37add933645c20185679c7	calibration
dominant_to_evaluation	confirmatory::P23188	negative	da1f730a80c0f0ed1f9303734404705fa18285380f99e8c78185dd847cf60b39	evaluation
dominant_to_evaluation	confirmatory::P23287	negative	80188e9791182b3a7d2f79c0e2ed86136b48ed6a049411d036b36313dbd8bbd5	calibration
dominant_to_evaluation	confirmatory::P23377	negative	da1f730a80c0f0ed1f9303734404705fa18285380f99e8c78185dd847cf60b39	evaluation
dominant_to_evaluation	confirmatory::P23499	negative	9f0d0cc0eeb47aec102bb846e184928d26abe3ecb8a62ebc0b78f49871b04459	evaluation
dominant_to_evaluation	confirmatory::P23594	negative	369890e1b4fdd3f4d633bc750ce4706bc6a1c2d11deb58e010bd3f44230852d0	calibration
dominant_to_evaluation	confirmatory::P23595	negative	369890e1b4fdd3f4d633bc750ce4706bc6a1c2d11deb58e010bd3f44230852d0	calibration
dominant_to_evaluation	confirmatory::P23635	negative	369890e1b4fdd3f4d633bc750ce4706bc6a1c2d11deb58e010bd3f44230852d0	calibration
dominant_to_evaluation	confirmatory::P23636	negative	369890e1b4fdd3f4d633bc750ce4706bc6a1c2d11deb58e010bd3f44230852d0	calibration
dominant_to_evaluation	confirmatory::P23653	negative	1bb7a69c5ac8dff09d9743d7de36e3db00db59e8de64893c6df4fc99ac9601d3	calibration
dominant_to_evaluation	confirmatory::P23694	positive	010725d59e96e3fda4d94277a3aea4cbb29fcf35ffb4cf0a27665a8b212662d3	evaluation
dominant_to_evaluation	confirmatory::P23696	negative	369890e1b4fdd3f4d633bc750ce4706bc6a1c2d11deb58e010bd3f44230852d0	calibration
dominant_to_evaluation	confirmatory::P23802	negative	34efdb7da6465528647a3456cde08984bda0ce26aa0261df4c8efe316d3e0938	calibration
dominant_to_evaluation	confirmatory::P23805	negative	87d425c65ac584d5e4c581986c739f7692b2578e446bf382551a86cc21557ecd	evaluation
dominant_to_evaluation	confirmatory::P23880	negative	369890e1b4fdd3f4d633bc750ce4706bc6a1c2d11deb58e010bd3f44230852d0	calibration
dominant_to_evaluation	confirmatory::P23916	negative	55c261a3be2da6ae999088ab98a72e1d788658ec02ca4cad94a477bda1c26401	evaluation
dominant_to_evaluation	confirmatory::P23974	negative	befad89848da54c0c804dc15767419d3b8490e08279bc8768126939171c2ae0a	evaluation
dominant_to_evaluation	confirmatory::P24054	negative	9f0d0cc0eeb47aec102bb846e184928d26abe3ecb8a62ebc0b78f49871b04459	evaluation
dominant_to_evaluation	confirmatory::P24090	negative	8aca6cf56151161615270e0611bfb487352bac7e999974bcc690200b9c87952d	evaluation
dominant_to_evaluation	confirmatory::P24091	negative	4b9e7bea9ce8ee8ae94698ef8499017333c8e1e95a44680dba3be60d8618dc01	evaluation
dominant_to_evaluation	confirmatory::P24259	negative	08528be7fd341aa6992306d6cc2dcd129232b8b4cd83081db737fc35b1f465a3	evaluation
dominant_to_evaluation	confirmatory::P24296	negative	86cc21bca61bd87e3a544b53de63d4a85a51acbb0d64b5ad6e6e2ba8aa8ab938	calibration
dominant_to_evaluation	confirmatory::P24309	negative	0979449cdc194fdff7dab96f55c2a10e5e5abd2d3843d67e604751e8e5fe90dd	evaluation
dominant_to_evaluation	confirmatory::P24347	negative	24063adf61b47696a5084aad279fba23bd2d452cb3a4e2a3d0222f5c61a60eb3	calibration
dominant_to_evaluation	confirmatory::P24419	positive	41a6f7bfd85cbbcb6bb213abf0d78ff802f00bf0b967375c1849df62a795df1e	evaluation
dominant_to_evaluation	confirmatory::P24526	negative	34b41219611ac71b39f94001659d257ef301dc42fb86d0ab1b2396d000b25f11	calibration
dominant_to_evaluation	confirmatory::P24565	negative	8f20d0c6980ead1e360a848d002432fd7be75037bb37add933645c20185679c7	calibration
dominant_to_evaluation	confirmatory::P24626	negative	4b9e7bea9ce8ee8ae94698ef8499017333c8e1e95a44680dba3be60d8618dc01	evaluation
dominant_to_evaluation	confirmatory::P24774	negative	c82f4a3ea808a94af9f0fd360da5430293718adb20211aa3407793363c52542d	evaluation
dominant_to_evaluation	confirmatory::P24775	negative	c82f4a3ea808a94af9f0fd360da5430293718adb20211aa3407793363c52542d	evaluation
dominant_to_evaluation	confirmatory::P25026	negative	4da363a0ba276eafe635d84d1b81e46c4bac3b404865716eba9e051acd5578f3	calibration
dominant_to_evaluation	confirmatory::P25036	negative	1bb7a69c5ac8dff09d9743d7de36e3db00db59e8de64893c6df4fc99ac9601d3	calibration
dominant_to_evaluation	confirmatory::P25227	negative	1a35ad91798a026bcdebde68ed0eb5d253ad56aad3ddf29531a071fb44d8d05e	calibration
dominant_to_evaluation	confirmatory::P25272	negative	91bd60dabb882867c24e7bc1c3c50d5e623a99ff781af028e7ff380940a7501d	evaluation
dominant_to_evaluation	confirmatory::P25273	negative	91bd60dabb882867c24e7bc1c3c50d5e623a99ff781af028e7ff380940a7501d	evaluation
dominant_to_evaluation	confirmatory::P25307	negative	6efbf362bb3f2f33889d5c4d84916fe4ded1ec3b26191c3d9d799206b1ed62d8	evaluation
dominant_to_evaluation	confirmatory::P25330	negative	cd44ecfb0231fbe25976a913c1248001f954c4063e308617e008c4b65e1d218b	calibration
dominant_to_evaluation	confirmatory::P25381	negative	c3bd830283456a33263d241ca9979ea2d839c0fe1e9892fca9f48e47420c941b	calibration
dominant_to_evaluation	confirmatory::P25430	negative	51385e6e160d21dca4628f1419d83264658dadb6c8828093ced5feae2217388d	evaluation
dominant_to_evaluation	confirmatory::P25431	negative	51385e6e160d21dca4628f1419d83264658dadb6c8828093ced5feae2217388d	evaluation
dominant_to_evaluation	confirmatory::P25436	negative	51385e6e160d21dca4628f1419d83264658dadb6c8828093ced5feae2217388d	evaluation
dominant_to_evaluation	confirmatory::P25472	negative	e94dacc570456da10aa3b2ce453ed8bf2998fbc96c2bd27c92ae791686b52f44	evaluation
dominant_to_evaluation	confirmatory::P25694	negative	199e5e746f1a78658450a2ba041b79aef49bbb4feb4fdafedee11b7288c9ede8	calibration
dominant_to_evaluation	confirmatory::P25700	negative	91bd60dabb882867c24e7bc1c3c50d5e623a99ff781af028e7ff380940a7501d	evaluation
dominant_to_evaluation	confirmatory::P25725	negative	d1c6ab564afa4059f4195e330c3f3d2fa72e6c258ca03ccbdb0ec294d4b10bcb	evaluation
dominant_to_evaluation	confirmatory::P25726	negative	d1c6ab564afa4059f4195e330c3f3d2fa72e6c258ca03ccbdb0ec294d4b10bcb	evaluation
dominant_to_evaluation	confirmatory::P25727	negative	d1c6ab564afa4059f4195e330c3f3d2fa72e6c258ca03ccbdb0ec294d4b10bcb	evaluation
dominant_to_evaluation	confirmatory::P25765	negative	4b9e7bea9ce8ee8ae94698ef8499017333c8e1e95a44680dba3be60d8618dc01	evaluation
dominant_to_evaluation	confirmatory::P25799	negative	a57533e38099ea960ab1f9d4350d4e3eb6a919a313090b8648660eab8a5859d5	calibration
dominant_to_evaluation	confirmatory::P25849	negative	b7762ce85918a621bc4bf4c4e7657779c885d02f6b53a465f4762637db65c059	evaluation
dominant_to_evaluation	confirmatory::P25850	negative	b7762ce85918a621bc4bf4c4e7657779c885d02f6b53a465f4762637db65c059	evaluation
dominant_to_evaluation	confirmatory::P25973	negative	59a7c73ad4f71325dc069b3b56a6706bf834b27f6842c0393bb71d87efb0b3c8	calibration
dominant_to_evaluation	confirmatory::P26224	negative	7df91d0f17b059c85def1e13f02898d0f232a92a24459cb6e37deaeeff7d06b3	calibration
dominant_to_evaluation	confirmatory::P26504	negative	6cfe2152c18d279eb73119129f4b999746e2d0ac60096d4ba53850d331b314bc	calibration
dominant_to_evaluation	confirmatory::P26570	negative	369890e1b4fdd3f4d633bc750ce4706bc6a1c2d11deb58e010bd3f44230852d0	calibration
dominant_to_evaluation	confirmatory::P26694	negative	9115b03cb3061d687b03fddc7be898a18890649d629080776e40a00b900bba11	calibration
dominant_to_evaluation	confirmatory::P26717	negative	ba638047c24605d7840baa21456a792eb87dea0d635a9d6b405f0050d0dcb588	evaluation
dominant_to_evaluation	confirmatory::P26726	negative	50208ba7185986fdc3fd1b52d79feeb7da9b4c04f65a5deb9f7cc3291aa67f87	calibration
dominant_to_evaluation	confirmatory::P26727	negative	50208ba7185986fdc3fd1b52d79feeb7da9b4c04f65a5deb9f7cc3291aa67f87	calibration
dominant_to_evaluation	confirmatory::P26728	negative	50208ba7185986fdc3fd1b52d79feeb7da9b4c04f65a5deb9f7cc3291aa67f87	calibration
dominant_to_evaluation	confirmatory::P26729	negative	50208ba7185986fdc3fd1b52d79feeb7da9b4c04f65a5deb9f7cc3291aa67f87	calibration
dominant_to_evaluation	confirmatory::P26730	negative	50208ba7185986fdc3fd1b52d79feeb7da9b4c04f65a5deb9f7cc3291aa67f87	calibration
dominant_to_evaluation	confirmatory::P26733	negative	50208ba7185986fdc3fd1b52d79feeb7da9b4c04f65a5deb9f7cc3291aa67f87	calibration
dominant_to_evaluation	confirmatory::P26734	negative	50208ba7185986fdc3fd1b52d79feeb7da9b4c04f65a5deb9f7cc3291aa67f87	calibration
dominant_to_evaluation	confirmatory::P26735	negative	50208ba7185986fdc3fd1b52d79feeb7da9b4c04f65a5deb9f7cc3291aa67f87	calibration
dominant_to_evaluation	confirmatory::P26736	negative	50208ba7185986fdc3fd1b52d79feeb7da9b4c04f65a5deb9f7cc3291aa67f87	calibration
dominant_to_evaluation	confirmatory::P26737	negative	50208ba7185986fdc3fd1b52d79feeb7da9b4c04f65a5deb9f7cc3291aa67f87	calibration
dominant_to_evaluation	confirmatory::P26738	negative	50208ba7185986fdc3fd1b52d79feeb7da9b4c04f65a5deb9f7cc3291aa67f87	calibration
dominant_to_evaluation	confirmatory::P26739	negative	50208ba7185986fdc3fd1b52d79feeb7da9b4c04f65a5deb9f7cc3291aa67f87	calibration
dominant_to_evaluation	confirmatory::P26740	negative	50208ba7185986fdc3fd1b52d79feeb7da9b4c04f65a5deb9f7cc3291aa67f87	calibration
dominant_to_evaluation	confirmatory::P26741	negative	50208ba7185986fdc3fd1b52d79feeb7da9b4c04f65a5deb9f7cc3291aa67f87	calibration
dominant_to_evaluation	confirmatory::P26743	negative	50208ba7185986fdc3fd1b52d79feeb7da9b4c04f65a5deb9f7cc3291aa67f87	calibration
dominant_to_evaluation	confirmatory::P26771	negative	b7762ce85918a621bc4bf4c4e7657779c885d02f6b53a465f4762637db65c059	evaluation
dominant_to_evaluation	confirmatory::P26780	negative	eb85637eb8a3dcfa0688f0ce39ddbef7c38775a667e3c17295d08b1fe44192ff	calibration
dominant_to_evaluation	confirmatory::P26877	negative	78f76b1f5620b113df4637a3cb3ed2245ad6ee00952a71201ba7eda19f40a044	evaluation
dominant_to_evaluation	confirmatory::P26913	negative	34efdb7da6465528647a3456cde08984bda0ce26aa0261df4c8efe316d3e0938	calibration
dominant_to_evaluation	confirmatory::P26929	negative	ea060f244e352de2544b388f1abc1899258898681ff665dbf7303805cc505276	evaluation
dominant_to_evaluation	confirmatory::P26986	negative	9a3dfb845640fb89c5b0d5f56ba2397ead313b9180f78d550b63f8ae3d945428	evaluation
dominant_to_evaluation	confirmatory::P27054	negative	4b9e7bea9ce8ee8ae94698ef8499017333c8e1e95a44680dba3be60d8618dc01	evaluation
dominant_to_evaluation	confirmatory::P27056	negative	86cc21bca61bd87e3a544b53de63d4a85a51acbb0d64b5ad6e6e2ba8aa8ab938	calibration
dominant_to_evaluation	confirmatory::P27113	negative	d56efa2c4fa76222614d0864fe50657e6fc587cd0e1890c25a37bf138b4b5f1a	evaluation
dominant_to_evaluation	confirmatory::P27275	negative	6bf10ff544d361595013b8c62ea5f1fc1e336454f9f958fa57a64751a6f09c2d	calibration
dominant_to_evaluation	confirmatory::P27485	negative	c82f4a3ea808a94af9f0fd360da5430293718adb20211aa3407793363c52542d	evaluation
dominant_to_evaluation	confirmatory::P27587	negative	6ac1b49bb9b83f44ec21a04257eb9539101727d66d2b0a520e3fcc25716e7fa0	calibration
dominant_to_evaluation	confirmatory::P27631	negative	86cc21bca61bd87e3a544b53de63d4a85a51acbb0d64b5ad6e6e2ba8aa8ab938	calibration
dominant_to_evaluation	confirmatory::P27740	negative	8f20d0c6980ead1e360a848d002432fd7be75037bb37add933645c20185679c7	calibration
dominant_to_evaluation	confirmatory::P27767	negative	cd44ecfb0231fbe25976a913c1248001f954c4063e308617e008c4b65e1d218b	calibration
dominant_to_evaluation	confirmatory::P27814	negative	8b82ebf287b833af4d036924547c8249a2374ba8620909e97c73d9f10372ee04	calibration
dominant_to_evaluation	confirmatory::P27878	negative	6ac1b49bb9b83f44ec21a04257eb9539101727d66d2b0a520e3fcc25716e7fa0	calibration
dominant_to_evaluation	confirmatory::P27918	negative	044998ee53301f25e1da9826d8ad8a58142a4d54a3309f642f4808d2ffb2d10e	evaluation
dominant_to_evaluation	confirmatory::P28031	positive	49cc9610b7eb044f650ffb45bbcbb375b8abdf2470afa951e17675f351528d01	evaluation
dominant_to_evaluation	confirmatory::P28041	negative	f7a616fde5389141c0e4c34abab3803332ab61f9588c2aa0912a794e89fe69e4	calibration
dominant_to_evaluation	confirmatory::P28053	negative	24063adf61b47696a5084aad279fba23bd2d452cb3a4e2a3d0222f5c61a60eb3	calibration
dominant_to_evaluation	confirmatory::P28296	negative	1bb7a69c5ac8dff09d9743d7de36e3db00db59e8de64893c6df4fc99ac9601d3	calibration
dominant_to_evaluation	confirmatory::P28325	negative	e762a34e2879fb89badf3aefde610ff9d5414dd0791ef2899f47f15931593ae4	evaluation
dominant_to_evaluation	confirmatory::P28576	negative	2ce198fad98f14e4c4b8a256c59fcb869aedf9d88f10faac7815fcadcfa4fcaf	calibration
dominant_to_evaluation	confirmatory::P28737	negative	9be8126a2dbfcd7513074efb8f97e42b52a270b713971328a72dcad11b7a1f84	calibration
dominant_to_evaluation	confirmatory::P28840	negative	da1f730a80c0f0ed1f9303734404705fa18285380f99e8c78185dd847cf60b39	evaluation
dominant_to_evaluation	confirmatory::P28841	negative	da1f730a80c0f0ed1f9303734404705fa18285380f99e8c78185dd847cf60b39	evaluation
dominant_to_evaluation	confirmatory::P28862	negative	24063adf61b47696a5084aad279fba23bd2d452cb3a4e2a3d0222f5c61a60eb3	calibration
dominant_to_evaluation	confirmatory::P28863	negative	24063adf61b47696a5084aad279fba23bd2d452cb3a4e2a3d0222f5c61a60eb3	calibration
dominant_to_evaluation	confirmatory::P29031	negative	4b9e7bea9ce8ee8ae94698ef8499017333c8e1e95a44680dba3be60d8618dc01	evaluation
dominant_to_evaluation	confirmatory::P29032	negative	4b9e7bea9ce8ee8ae94698ef8499017333c8e1e95a44680dba3be60d8618dc01	evaluation
dominant_to_evaluation	confirmatory::P29071	negative	55927c04e923f511084010cf0858f6d88c365ae75b99c08d7e94a4aea9cd3a91	calibration
dominant_to_evaluation	confirmatory::P29119	negative	da1f730a80c0f0ed1f9303734404705fa18285380f99e8c78185dd847cf60b39	evaluation
dominant_to_evaluation	confirmatory::P29120	negative	da1f730a80c0f0ed1f9303734404705fa18285380f99e8c78185dd847cf60b39	evaluation
dominant_to_evaluation	confirmatory::P29122	negative	da1f730a80c0f0ed1f9303734404705fa18285380f99e8c78185dd847cf60b39	evaluation
dominant_to_evaluation	confirmatory::P29136	negative	d017fd0721e73202cadd9ae3298bfac8bb3fb75187118a3bf8c61e4be5e4e8e8	evaluation
dominant_to_evaluation	confirmatory::P29141	negative	88f674bc080314f602c035ecc3b280e847c63a5dcca63de81cc88f0ef5e29401	calibration
dominant_to_evaluation	confirmatory::P29142	negative	1bb7a69c5ac8dff09d9743d7de36e3db00db59e8de64893c6df4fc99ac9601d3	calibration
dominant_to_evaluation	confirmatory::P29143	negative	df5070cd63468908d7ff5dc25c50b27c1be33547707ff62e32f90f7ac877709f	calibration
dominant_to_evaluation	confirmatory::P29145	negative	da1f730a80c0f0ed1f9303734404705fa18285380f99e8c78185dd847cf60b39	evaluation
dominant_to_evaluation	confirmatory::P29174	negative	e9de1a2f7cb129c07a0f04ae08efba495b6b821d03abf1fa01ce52ae6c31c28f	calibration
dominant_to_evaluation	confirmatory::P29183	negative	82e1c2f759ec8bf899994b4553b7d3cc20a8d7c5d625a051f6b6104ee4a7005f	evaluation
dominant_to_evaluation	confirmatory::P29203	negative	55927c04e923f511084010cf0858f6d88c365ae75b99c08d7e94a4aea9cd3a91	calibration
dominant_to_evaluation	confirmatory::P29204	negative	55927c04e923f511084010cf0858f6d88c365ae75b99c08d7e94a4aea9cd3a91	calibration
dominant_to_evaluation	confirmatory::P29205	negative	55927c04e923f511084010cf0858f6d88c365ae75b99c08d7e94a4aea9cd3a91	calibration
dominant_to_evaluation	confirmatory::P29279	negative	80411b172a57342a9e6ff35099764047f561bf1337df03f29cf013ee3a7b28d0	calibration
dominant_to_evaluation	confirmatory::P29288	negative	5f720ffdffee0343aa112bd6ae6fcfb774d18bbb2e61a319453a29f6f389cdbb	calibration
dominant_to_evaluation	confirmatory::P29335	negative	2ca3559869bf73bf1369b0778046227fe36990704ef03e92e809601ac40ebe65	calibration
dominant_to_evaluation	confirmatory::P29373	negative	34b41219611ac71b39f94001659d257ef301dc42fb86d0ab1b2396d000b25f11	calibration
dominant_to_evaluation	confirmatory::P29420	negative	86cc21bca61bd87e3a544b53de63d4a85a51acbb0d64b5ad6e6e2ba8aa8ab938	calibration
dominant_to_evaluation	confirmatory::P29457	negative	24376931396657e10ac6c36105371df550b6e383ddce8078df34654d799ae7e7	calibration
dominant_to_evaluation	confirmatory::P29519	negative	50208ba7185986fdc3fd1b52d79feeb7da9b4c04f65a5deb9f7cc3291aa67f87	calibration
dominant_to_evaluation	confirmatory::P29599	negative	1bb7a69c5ac8dff09d9743d7de36e3db00db59e8de64893c6df4fc99ac9601d3	calibration
dominant_to_evaluation	confirmatory::P29600	negative	1bb7a69c5ac8dff09d9743d7de36e3db00db59e8de64893c6df4fc99ac9601d3	calibration
dominant_to_evaluation	confirmatory::P29695	negative	4a60ed747214a9670137430d60efbead8fac61db33c998ac34d9dfa0cbcffd37	calibration
dominant_to_evaluation	confirmatory::P29699	negative	8aca6cf56151161615270e0611bfb487352bac7e999974bcc690200b9c87952d	evaluation
dominant_to_evaluation	confirmatory::P29700	negative	8aca6cf56151161615270e0611bfb487352bac7e999974bcc690200b9c87952d	evaluation
dominant_to_evaluation	confirmatory::P29701	negative	8aca6cf56151161615270e0611bfb487352bac7e999974bcc690200b9c87952d	evaluation
dominant_to_evaluation	confirmatory::P29715	negative	4da363a0ba276eafe635d84d1b81e46c4bac3b404865716eba9e051acd5578f3	calibration
dominant_to_evaluation	confirmatory::P29762	negative	34b41219611ac71b39f94001659d257ef301dc42fb86d0ab1b2396d000b25f11	calibration
dominant_to_evaluation	confirmatory::P30152	negative	693191d81dad8633f117940437800dc383ce0e8e12178e775ecd55116c2bb03f	calibration
dominant_to_evaluation	confirmatory::P30233	negative	8f20d0c6980ead1e360a848d002432fd7be75037bb37add933645c20185679c7	calibration
dominant_to_evaluation	confirmatory::P30406	negative	2ca3559869bf73bf1369b0778046227fe36990704ef03e92e809601ac40ebe65	calibration
dominant_to_evaluation	confirmatory::P30407	negative	2ca3559869bf73bf1369b0778046227fe36990704ef03e92e809601ac40ebe65	calibration
dominant_to_evaluation	confirmatory::P30410	negative	2ca3559869bf73bf1369b0778046227fe36990704ef03e92e809601ac40ebe65	calibration
dominant_to_evaluation	confirmatory::P30709	negative	b7762ce85918a621bc4bf4c4e7657779c885d02f6b53a465f4762637db65c059	evaluation
dominant_to_evaluation	confirmatory::P30941	negative	bf30e013f16aa81ae1fa35895609c363048eab7576368053fb0f2db1dc661092	evaluation
dominant_to_evaluation	confirmatory::P30971	negative	cd44ecfb0231fbe25976a913c1248001f954c4063e308617e008c4b65e1d218b	calibration
dominant_to_evaluation	confirmatory::P30984	negative	cd44ecfb0231fbe25976a913c1248001f954c4063e308617e008c4b65e1d218b	calibration
dominant_to_evaluation	confirmatory::P31025	negative	5892961fd93913083308b146da1de4c67d025258b98b350e84083bba8418fbd1	calibration
dominant_to_evaluation	confirmatory::P31211	negative	a5ebffc2e2dbb22bd5322e5b7f495ec0102e8dba67dfdb8b96b9aa84fa7da6f3	evaluation
dominant_to_evaluation	confirmatory::P31229	negative	55927c04e923f511084010cf0858f6d88c365ae75b99c08d7e94a4aea9cd3a91	calibration
dominant_to_evaluation	confirmatory::P31240	negative	2ce198fad98f14e4c4b8a256c59fcb869aedf9d88f10faac7815fcadcfa4fcaf	calibration
dominant_to_evaluation	confirmatory::P31297	negative	0e86e9e3943105f0c02e336cf49e66419fe7933b4a9c56997c7bb8035f3c7a0a	calibration
dominant_to_evaluation	confirmatory::P31299	negative	2f6765a2a89871a6eb92d3007f7c1b382fd5307197640e9907ad0db6980fd8ae	calibration
dominant_to_evaluation	confirmatory::P31339	negative	4618d4b21d822ae674a95c6d1c6009226aad4b31ffaf8bcfccebe1104b8d4471	calibration
dominant_to_evaluation	confirmatory::P31496	negative	ea060f244e352de2544b388f1abc1899258898681ff665dbf7303805cc505276	evaluation
dominant_to_evaluation	confirmatory::P31608	negative	3f69eb3447fa28f3b1ab05a1a959b70da776fcb578f082ad0a899827cb98f6f3	evaluation
dominant_to_evaluation	confirmatory::P31727	negative	c8f7d07bfe3a8ead90fadb393da616d778b0eaef18212490445c69e998b1cb24	evaluation
dominant_to_evaluation	confirmatory::P32041	negative	b7762ce85918a621bc4bf4c4e7657779c885d02f6b53a465f4762637db65c059	evaluation
dominant_to_evaluation	confirmatory::P32598	negative	369890e1b4fdd3f4d633bc750ce4706bc6a1c2d11deb58e010bd3f44230852d0	calibration
dominant_to_evaluation	confirmatory::P32647	negative	2f6765a2a89871a6eb92d3007f7c1b382fd5307197640e9907ad0db6980fd8ae	calibration
dominant_to_evaluation	confirmatory::P32649	negative	9d2bb9c0ec111008855c185d034a9f835f297b67d775b83c19cacc5a83480fca	evaluation
dominant_to_evaluation	confirmatory::P32733	negative	91bd60dabb882867c24e7bc1c3c50d5e623a99ff781af028e7ff380940a7501d	evaluation
dominant_to_evaluation	confirmatory::P32750	negative	d1c6ab564afa4059f4195e330c3f3d2fa72e6c258ca03ccbdb0ec294d4b10bcb	evaluation
dominant_to_evaluation	confirmatory::P32752	negative	d1c6ab564afa4059f4195e330c3f3d2fa72e6c258ca03ccbdb0ec294d4b10bcb	evaluation
dominant_to_evaluation	confirmatory::P32753	negative	d1c6ab564afa4059f4195e330c3f3d2fa72e6c258ca03ccbdb0ec294d4b10bcb	evaluation
dominant_to_evaluation	confirmatory::P32766	negative	e762a34e2879fb89badf3aefde610ff9d5414dd0791ef2899f47f15931593ae4	evaluation
dominant_to_evaluation	confirmatory::P32795	negative	eab0d72e0d04bae4dd854288f82011226cc01b607738962e2ac63f8fe4d28af8	evaluation
dominant_to_evaluation	confirmatory::P32829	negative	ae06a79fb0a3df6b735edf0b452366dd6bef01d4d1be6595c830072b310a4059	calibration
dominant_to_evaluation	confirmatory::P32838	negative	369890e1b4fdd3f4d633bc750ce4706bc6a1c2d11deb58e010bd3f44230852d0	calibration
dominant_to_evaluation	confirmatory::P32839	negative	c66d9b138209a0064eeedcb22bf43674ef45066b48a22d62213f5f8c58677ce4	evaluation
dominant_to_evaluation	confirmatory::P32877	negative	91bd60dabb882867c24e7bc1c3c50d5e623a99ff781af028e7ff380940a7501d	evaluation
dominant_to_evaluation	confirmatory::P32936	negative	f7a616fde5389141c0e4c34abab3803332ab61f9588c2aa0912a794e89fe69e4	calibration
dominant_to_evaluation	confirmatory::P32945	negative	369890e1b4fdd3f4d633bc750ce4706bc6a1c2d11deb58e010bd3f44230852d0	calibration
dominant_to_evaluation	confirmatory::P32946	negative	d1c6ab564afa4059f4195e330c3f3d2fa72e6c258ca03ccbdb0ec294d4b10bcb	evaluation
dominant_to_evaluation	confirmatory::P32947	negative	d1c6ab564afa4059f4195e330c3f3d2fa72e6c258ca03ccbdb0ec294d4b10bcb	evaluation
dominant_to_evaluation	confirmatory::P32949	negative	d1c6ab564afa4059f4195e330c3f3d2fa72e6c258ca03ccbdb0ec294d4b10bcb	evaluation
dominant_to_evaluation	confirmatory::P33088	negative	cd44ecfb0231fbe25976a913c1248001f954c4063e308617e008c4b65e1d218b	calibration
dominant_to_evaluation	confirmatory::P33295	negative	1bb7a69c5ac8dff09d9743d7de36e3db00db59e8de64893c6df4fc99ac9601d3	calibration
dominant_to_evaluation	confirmatory::P33297	negative	23d5a3bd524d30d0ed03bfe373885d5527e4035c98c411d13a9667a063013c6e	evaluation
dominant_to_evaluation	confirmatory::P33298	negative	23d5a3bd524d30d0ed03bfe373885d5527e4035c98c411d13a9667a063013c6e	evaluation
dominant_to_evaluation	confirmatory::P33416	negative	356e13d154b887afa9e89ec7ffb028316bccd02f6bac749a71e312579501bc0d	calibration
dominant_to_evaluation	confirmatory::P33434	negative	16ea83094b8a9f3846228c14f4dc27f1b4aac291005aa1d8eb490657405beb3e	calibration
dominant_to_evaluation	confirmatory::P33436	negative	16ea83094b8a9f3846228c14f4dc27f1b4aac291005aa1d8eb490657405beb3e	calibration
dominant_to_evaluation	confirmatory::P33520	negative	3477fd0ea5188a4b8b43afb8d5373a322612ccc11984832ce02ea8389e95b257	evaluation
dominant_to_evaluation	confirmatory::P33528	negative	0e86e9e3943105f0c02e336cf49e66419fe7933b4a9c56997c7bb8035f3c7a0a	calibration
dominant_to_evaluation	confirmatory::P33573	negative	450882407bb31af420e3fb498b86045252de225bcb0bc544cb192820b36d6e90	calibration
dominant_to_evaluation	confirmatory::P33684	negative	55927c04e923f511084010cf0858f6d88c365ae75b99c08d7e94a4aea9cd3a91	calibration
dominant_to_evaluation	confirmatory::P33685	negative	7f8373716bb12737be8ec09b43b953fe2c4602353a222f10b3d8e035ef71d7b7	evaluation
dominant_to_evaluation	confirmatory::P33687	negative	7f8373716bb12737be8ec09b43b953fe2c4602353a222f10b3d8e035ef71d7b7	evaluation
dominant_to_evaluation	confirmatory::P33688	negative	7f8373716bb12737be8ec09b43b953fe2c4602353a222f10b3d8e035ef71d7b7	evaluation
dominant_to_evaluation	confirmatory::P33717	negative	22908ea1541a1b07146f2bd28daaa95ec311bcc862f3182fe7289c27fc0bc4d0	evaluation
dominant_to_evaluation	confirmatory::P33718	negative	50208ba7185986fdc3fd1b52d79feeb7da9b4c04f65a5deb9f7cc3291aa67f87	calibration
dominant_to_evaluation	confirmatory::P33719	negative	50208ba7185986fdc3fd1b52d79feeb7da9b4c04f65a5deb9f7cc3291aa67f87	calibration
dominant_to_evaluation	confirmatory::P33720	negative	50208ba7185986fdc3fd1b52d79feeb7da9b4c04f65a5deb9f7cc3291aa67f87	calibration
dominant_to_evaluation	confirmatory::P33721	negative	50208ba7185986fdc3fd1b52d79feeb7da9b4c04f65a5deb9f7cc3291aa67f87	calibration
dominant_to_evaluation	confirmatory::P33722	negative	50208ba7185986fdc3fd1b52d79feeb7da9b4c04f65a5deb9f7cc3291aa67f87	calibration
dominant_to_evaluation	confirmatory::P33730	negative	d56efa2c4fa76222614d0864fe50657e6fc587cd0e1890c25a37bf138b4b5f1a	evaluation
dominant_to_evaluation	confirmatory::P33831	negative	d1c310bf0ba6d0096f9d7112c268048f8ec36ff308e6ee6aed1e927cb41d53a5	evaluation
dominant_to_evaluation	confirmatory::P33912	negative	4da363a0ba276eafe635d84d1b81e46c4bac3b404865716eba9e051acd5578f3	calibration
dominant_to_evaluation	confirmatory::P34007	negative	2ce198fad98f14e4c4b8a256c59fcb869aedf9d88f10faac7815fcadcfa4fcaf	calibration
dominant_to_evaluation	confirmatory::P34163	negative	d291e2f780ccae734f1044ab8a8bdd51fabac2c2899aa59af35fb22c772d8b01	evaluation
dominant_to_evaluation	confirmatory::P34808	negative	794a155dc5d6a4333e7c3f64f71a96bc7d6cff28650fa8bcc5d70a3932053113	calibration
dominant_to_evaluation	confirmatory::P34914	negative	2eecc744c786b9108557788352fd5794355c754b0934c0f099e6c21ad6cf8672	calibration
dominant_to_evaluation	confirmatory::P34950	negative	b7762ce85918a621bc4bf4c4e7657779c885d02f6b53a465f4762637db65c059	evaluation
dominant_to_evaluation	confirmatory::P34952	negative	91bd60dabb882867c24e7bc1c3c50d5e623a99ff781af028e7ff380940a7501d	evaluation
dominant_to_evaluation	confirmatory::P35173	negative	e18b4e5fbde76978c2080f2894717f1f991e2dfb87f46a80f37a5cab5ea38ab0	calibration
dominant_to_evaluation	confirmatory::P35174	negative	e18b4e5fbde76978c2080f2894717f1f991e2dfb87f46a80f37a5cab5ea38ab0	calibration
dominant_to_evaluation	confirmatory::P35175	negative	e18b4e5fbde76978c2080f2894717f1f991e2dfb87f46a80f37a5cab5ea38ab0	calibration
dominant_to_evaluation	confirmatory::P35242	negative	87d425c65ac584d5e4c581986c739f7692b2578e446bf382551a86cc21557ecd	evaluation
dominant_to_evaluation	confirmatory::P35246	negative	87d425c65ac584d5e4c581986c739f7692b2578e446bf382551a86cc21557ecd	evaluation
dominant_to_evaluation	confirmatory::P35247	negative	87d425c65ac584d5e4c581986c739f7692b2578e446bf382551a86cc21557ecd	evaluation
dominant_to_evaluation	confirmatory::P35249	negative	694df2b5849b10ec08101ea2af6560538999a3c675f58d38bdfa8b4f58b573a3	calibration
dominant_to_evaluation	confirmatory::P35250	negative	694df2b5849b10ec08101ea2af6560538999a3c675f58d38bdfa8b4f58b573a3	calibration
dominant_to_evaluation	confirmatory::P35355	negative	eaccb7debaadc3ca12235f53d0889fe4d708ee20342c7afff2cd364bfff58c6f	evaluation
dominant_to_evaluation	confirmatory::P35443	negative	8f558a4eee23f79ecfac992febeb596d06db9acfae871d6a401f21d1c4f22bd5	calibration
dominant_to_evaluation	confirmatory::P35447	negative	ba85e063659590c5598badecc804b13408c0b5ad0ce54fdcaa07150c828d2cc2	calibration
dominant_to_evaluation	confirmatory::P35479	negative	e18b4e5fbde76978c2080f2894717f1f991e2dfb87f46a80f37a5cab5ea38ab0	calibration
dominant_to_evaluation	confirmatory::P35481	negative	e762a34e2879fb89badf3aefde610ff9d5414dd0791ef2899f47f15931593ae4	evaluation
dominant_to_evaluation	confirmatory::P35577	negative	a5ebffc2e2dbb22bd5322e5b7f495ec0102e8dba67dfdb8b96b9aa84fa7da6f3	evaluation
dominant_to_evaluation	confirmatory::P35578	negative	c2674167d3f5ffaaa0fce4ad0ab2f9f076ecdb54bb7570e81e239bc85ffb75bc	calibration
dominant_to_evaluation	confirmatory::P35600	negative	59f534d535cbf0e6b4356635efdba10890d111828d268b13a376c2e52be63817	calibration
dominant_to_evaluation	confirmatory::P35628	negative	b7762ce85918a621bc4bf4c4e7657779c885d02f6b53a465f4762637db65c059	evaluation
dominant_to_evaluation	confirmatory::P35760	negative	25545dadd80435581e74794c9216eeb66ace8228a86901b5932e62c7acee96bd	calibration
dominant_to_evaluation	confirmatory::P35780	negative	25545dadd80435581e74794c9216eeb66ace8228a86901b5932e62c7acee96bd	calibration
dominant_to_evaluation	confirmatory::P35781	negative	25545dadd80435581e74794c9216eeb66ace8228a86901b5932e62c7acee96bd	calibration
dominant_to_evaluation	confirmatory::P35782	negative	25545dadd80435581e74794c9216eeb66ace8228a86901b5932e62c7acee96bd	calibration
dominant_to_evaluation	confirmatory::P35783	negative	25545dadd80435581e74794c9216eeb66ace8228a86901b5932e62c7acee96bd	calibration
dominant_to_evaluation	confirmatory::P35784	negative	25545dadd80435581e74794c9216eeb66ace8228a86901b5932e62c7acee96bd	calibration
dominant_to_evaluation	confirmatory::P35785	negative	25545dadd80435581e74794c9216eeb66ace8228a86901b5932e62c7acee96bd	calibration
dominant_to_evaluation	confirmatory::P35786	negative	25545dadd80435581e74794c9216eeb66ace8228a86901b5932e62c7acee96bd	calibration
dominant_to_evaluation	confirmatory::P35787	negative	25545dadd80435581e74794c9216eeb66ace8228a86901b5932e62c7acee96bd	calibration
dominant_to_evaluation	confirmatory::P35793	negative	80265ba0cf707cc2b9ab56977abaa12643a893bd6a9a455337c6c3dedf45bd7a	calibration
dominant_to_evaluation	confirmatory::P35794	negative	80265ba0cf707cc2b9ab56977abaa12643a893bd6a9a455337c6c3dedf45bd7a	calibration
dominant_to_evaluation	confirmatory::P35812	negative	dab6f722b5cc93168bb39042302381bb8a3d9776198eb56cf1b8fdc6cdf20f05	calibration
dominant_to_evaluation	confirmatory::P35835	negative	1bb7a69c5ac8dff09d9743d7de36e3db00db59e8de64893c6df4fc99ac9601d3	calibration
dominant_to_evaluation	confirmatory::P35998	negative	e2b05054974b1971d2d1faf5c1b63250f10706449e8f9c15bd1f3e29934ed416	calibration
dominant_to_evaluation	confirmatory::P36110	negative	80265ba0cf707cc2b9ab56977abaa12643a893bd6a9a455337c6c3dedf45bd7a	calibration
dominant_to_evaluation	confirmatory::P36233	negative	9f0d0cc0eeb47aec102bb846e184928d26abe3ecb8a62ebc0b78f49871b04459	evaluation
dominant_to_evaluation	confirmatory::P36361	negative	4b9e7bea9ce8ee8ae94698ef8499017333c8e1e95a44680dba3be60d8618dc01	evaluation
dominant_to_evaluation	confirmatory::P36377	negative	9f0d0cc0eeb47aec102bb846e184928d26abe3ecb8a62ebc0b78f49871b04459	evaluation
dominant_to_evaluation	confirmatory::P36378	negative	9f0d0cc0eeb47aec102bb846e184928d26abe3ecb8a62ebc0b78f49871b04459	evaluation
dominant_to_evaluation	confirmatory::P36614	negative	369890e1b4fdd3f4d633bc750ce4706bc6a1c2d11deb58e010bd3f44230852d0	calibration
dominant_to_evaluation	confirmatory::P36873	negative	369890e1b4fdd3f4d633bc750ce4706bc6a1c2d11deb58e010bd3f44230852d0	calibration
dominant_to_evaluation	confirmatory::P36874	negative	369890e1b4fdd3f4d633bc750ce4706bc6a1c2d11deb58e010bd3f44230852d0	calibration
dominant_to_evaluation	confirmatory::P36907	negative	4b9e7bea9ce8ee8ae94698ef8499017333c8e1e95a44680dba3be60d8618dc01	evaluation
dominant_to_evaluation	confirmatory::P36952	negative	d4b8fd03a3caaecd44d5b548daa02c315b9633db3506830623271b9a37653456	calibration
dominant_to_evaluation	confirmatory::P37153	negative	58c122487636dd7ab904effe42ca93539e9e10855a4715b26eb500f00a2e6c5b	calibration
dominant_to_evaluation	confirmatory::P37206	negative	cd44ecfb0231fbe25976a913c1248001f954c4063e308617e008c4b65e1d218b	calibration
dominant_to_evaluation	confirmatory::P37240	negative	cd44ecfb0231fbe25976a913c1248001f954c4063e308617e008c4b65e1d218b	calibration
dominant_to_evaluation	confirmatory::P37476	negative	b587bef3e5d94148fb6edeb8462e56d2a1573d0e113db913c44f4bfefa67c9fa	evaluation
dominant_to_evaluation	confirmatory::P37698	negative	ff0df9e8d06fb39518053d7afe70479e7a1b85bf8cda7237b90893f9c9c35c44	evaluation
dominant_to_evaluation	confirmatory::P37699	negative	5ae7ac46313d6410621fc3af950e6a9f4505914a5a1db2c5e204ffa85c68587a	evaluation
dominant_to_evaluation	confirmatory::P37700	negative	7df91d0f17b059c85def1e13f02898d0f232a92a24459cb6e37deaeeff7d06b3	calibration
dominant_to_evaluation	confirmatory::P37701	negative	5ae7ac46313d6410621fc3af950e6a9f4505914a5a1db2c5e204ffa85c68587a	evaluation
dominant_to_evaluation	confirmatory::P37945	negative	6575fe00f3ccdc3a9bcd22237c35b4067cd150571930ca1e7aa9a8e6117d5536	calibration
dominant_to_evaluation	confirmatory::P38057	negative	8f20d0c6980ead1e360a848d002432fd7be75037bb37add933645c20185679c7	calibration
dominant_to_evaluation	confirmatory::P38126	negative	fed3e7e09f72d7f3873ce51053dc8073da06b403d9f528010ead7c7e1f93da9e	evaluation
dominant_to_evaluation	confirmatory::P38139	negative	1193ad80cd8e56f71694c50eaa7dbe930b717432a5ec88db82a00f2b0207ef53	calibration
dominant_to_evaluation	confirmatory::P38295	negative	ae3db36d713f78343ecf11e78c37d92f7a53f0a9ae82c1e682214913ef379127	evaluation
dominant_to_evaluation	confirmatory::P38441	positive	d7356fe9ec05f4ada461651840179018ae129daee74988fae88fb71330e480c1	evaluation
dominant_to_evaluation	confirmatory::P38442	positive	0381d0f7af14a3591c92835f1116282eb61c01f299113f94f2beb075fc987502	evaluation
dominant_to_evaluation	confirmatory::P38565	negative	61adb1568f0ea4bf0914b64132334bcb849d60e5d3c9decd68a904c19cfb5e0f	calibration
dominant_to_evaluation	confirmatory::P38571	negative	d291e2f780ccae734f1044ab8a8bdd51fabac2c2899aa59af35fb22c772d8b01	evaluation
dominant_to_evaluation	confirmatory::P38629	negative	694df2b5849b10ec08101ea2af6560538999a3c675f58d38bdfa8b4f58b573a3	calibration
dominant_to_evaluation	confirmatory::P38630	negative	59f534d535cbf0e6b4356635efdba10890d111828d268b13a376c2e52be63817	calibration
dominant_to_evaluation	confirmatory::P38796	negative	f9d9b1c42aa84869dff8eab0b46ff4d73279cceb611f1c2abae0ff4685999c92	calibration
dominant_to_evaluation	confirmatory::P39039	negative	87d425c65ac584d5e4c581986c739f7692b2578e446bf382551a86cc21557ecd	evaluation
dominant_to_evaluation	confirmatory::P39089	negative	9d2bb9c0ec111008855c185d034a9f835f297b67d775b83c19cacc5a83480fca	evaluation
dominant_to_evaluation	confirmatory::P39410	positive	de8d4e84149eeeed0d2785b27d61df634cca37bc2c4c62ea0668a8d4e69ceaea	evaluation
dominant_to_evaluation	confirmatory::P39659	negative	55927c04e923f511084010cf0858f6d88c365ae75b99c08d7e94a4aea9cd3a91	calibration
dominant_to_evaluation	confirmatory::P39678	negative	622df91c2534d286bebdd855536bb09e5ba4a913168cb718d387bfed4de6c99d	calibration
dominant_to_evaluation	confirmatory::P39679	negative	622df91c2534d286bebdd855536bb09e5ba4a913168cb718d387bfed4de6c99d	calibration
dominant_to_evaluation	confirmatory::P39900	negative	24063adf61b47696a5084aad279fba23bd2d452cb3a4e2a3d0222f5c61a60eb3	calibration
dominant_to_evaluation	confirmatory::P39955	negative	9be8126a2dbfcd7513074efb8f97e42b52a270b713971328a72dcad11b7a1f84	calibration
dominant_to_evaluation	confirmatory::P40151	negative	690df3781c5db807468a07cd76b421ea5ed73710dfa19d080ac6641489e4407f	evaluation
dominant_to_evaluation	confirmatory::P40152	negative	e264020e65c217cf1b9e3dab1d203d44eb3a1eaa220ef3d7d5382305e0a4d0a5	evaluation
dominant_to_evaluation	confirmatory::P40220	negative	34b41219611ac71b39f94001659d257ef301dc42fb86d0ab1b2396d000b25f11	calibration
dominant_to_evaluation	confirmatory::P40341	negative	b587bef3e5d94148fb6edeb8462e56d2a1573d0e113db913c44f4bfefa67c9fa	evaluation
dominant_to_evaluation	confirmatory::P40348	negative	694df2b5849b10ec08101ea2af6560538999a3c675f58d38bdfa8b4f58b573a3	calibration
dominant_to_evaluation	confirmatory::P40418	negative	575b03dc7f098ea3d48738f8c5417b226dfb3d485adb80cee16858506b8c241d	calibration
dominant_to_evaluation	confirmatory::P40421	negative	d0c8938c75402fc9c57177bd3bfe0b336c22e73c22b8cdc15342574d072a72cc	calibration
dominant_to_evaluation	confirmatory::P40903	negative	1bb7a69c5ac8dff09d9743d7de36e3db00db59e8de64893c6df4fc99ac9601d3	calibration
dominant_to_evaluation	confirmatory::P40986	negative	5b175013b9ce83a79622e25c3220ba0371f4569529b1fe19df9040a546c833ed	calibration
dominant_to_evaluation	confirmatory::P41018	negative	623f3f0445ba3d68f7f0b01360d57379b68a4bd25c5f902822b41b66dfcdfc89	calibration
dominant_to_evaluation	confirmatory::P41020	negative	ea060f244e352de2544b388f1abc1899258898681ff665dbf7303805cc505276	evaluation
dominant_to_evaluation	confirmatory::P41244	negative	5892961fd93913083308b146da1de4c67d025258b98b350e84083bba8418fbd1	calibration
dominant_to_evaluation	confirmatory::P41245	negative	16ea83094b8a9f3846228c14f4dc27f1b4aac291005aa1d8eb490657405beb3e	calibration
dominant_to_evaluation	confirmatory::P41317	negative	87d425c65ac584d5e4c581986c739f7692b2578e446bf382551a86cc21557ecd	evaluation
dominant_to_evaluation	confirmatory::P41335	negative	55927c04e923f511084010cf0858f6d88c365ae75b99c08d7e94a4aea9cd3a91	calibration
dominant_to_evaluation	confirmatory::P41337	negative	55927c04e923f511084010cf0858f6d88c365ae75b99c08d7e94a4aea9cd3a91	calibration
dominant_to_evaluation	confirmatory::P41363	negative	1bb7a69c5ac8dff09d9743d7de36e3db00db59e8de64893c6df4fc99ac9601d3	calibration
dominant_to_evaluation	confirmatory::P41411	negative	0b98108f63feb2f4161715bb96c7f7ea730cc1e5c37c8d38bb7a9ae81f45fc1a	calibration
dominant_to_evaluation	confirmatory::P41412	negative	3477fd0ea5188a4b8b43afb8d5373a322612ccc11984832ce02ea8389e95b257	evaluation
dominant_to_evaluation	confirmatory::P41509	negative	34b41219611ac71b39f94001659d257ef301dc42fb86d0ab1b2396d000b25f11	calibration
dominant_to_evaluation	confirmatory::P41519	negative	55927c04e923f511084010cf0858f6d88c365ae75b99c08d7e94a4aea9cd3a91	calibration
dominant_to_evaluation	confirmatory::P41522	negative	2ca3559869bf73bf1369b0778046227fe36990704ef03e92e809601ac40ebe65	calibration
dominant_to_evaluation	confirmatory::P41534	negative	9d2bb9c0ec111008855c185d034a9f835f297b67d775b83c19cacc5a83480fca	evaluation
dominant_to_evaluation	confirmatory::P41535	negative	9d2bb9c0ec111008855c185d034a9f835f297b67d775b83c19cacc5a83480fca	evaluation
dominant_to_evaluation	confirmatory::P41585	negative	9d2bb9c0ec111008855c185d034a9f835f297b67d775b83c19cacc5a83480fca	evaluation
dominant_to_evaluation	confirmatory::P41694	negative	22908ea1541a1b07146f2bd28daaa95ec311bcc862f3182fe7289c27fc0bc4d0	evaluation
dominant_to_evaluation	confirmatory::P41773	negative	6cfe2152c18d279eb73119129f4b999746e2d0ac60096d4ba53850d331b314bc	calibration
dominant_to_evaluation	confirmatory::P41824	negative	623f3f0445ba3d68f7f0b01360d57379b68a4bd25c5f902822b41b66dfcdfc89	calibration
dominant_to_evaluation	confirmatory::P41967	negative	2920182a75f454e9cdf466b618c06562b245d3ad47fe1352669448ae85847b83	evaluation
dominant_to_evaluation	confirmatory::P42201	negative	d56efa2c4fa76222614d0864fe50657e6fc587cd0e1890c25a37bf138b4b5f1a	evaluation
dominant_to_evaluation	confirmatory::P42296	positive	cfbf1bf8fd2e05812d2cbfffe9d21c35e47e123037b88ad05deee006f06e3f32	evaluation
dominant_to_evaluation	confirmatory::P42633	negative	2ca3559869bf73bf1369b0778046227fe36990704ef03e92e809601ac40ebe65	calibration
dominant_to_evaluation	confirmatory::P42692	negative	9d2bb9c0ec111008855c185d034a9f835f297b67d775b83c19cacc5a83480fca	evaluation
dominant_to_evaluation	confirmatory::P42779	negative	1bb7a69c5ac8dff09d9743d7de36e3db00db59e8de64893c6df4fc99ac9601d3	calibration
dominant_to_evaluation	confirmatory::P42781	negative	0840af6d61e535996fdac85e4931f62ffc2b0d5e510092ed0bdf24addc0a25f9	evaluation
dominant_to_evaluation	confirmatory::P42790	negative	27d0a2df2c26be7566f70bc6174b56f061ba048d425649ac67ed253980a66dc7	calibration
dominant_to_evaluation	confirmatory::P42822	negative	ea060f244e352de2544b388f1abc1899258898681ff665dbf7303805cc505276	evaluation
dominant_to_evaluation	confirmatory::P42823	negative	ea060f244e352de2544b388f1abc1899258898681ff665dbf7303805cc505276	evaluation
dominant_to_evaluation	confirmatory::P42873	negative	ea060f244e352de2544b388f1abc1899258898681ff665dbf7303805cc505276	evaluation
dominant_to_evaluation	confirmatory::P42885	negative	ea060f244e352de2544b388f1abc1899258898681ff665dbf7303805cc505276	evaluation
dominant_to_evaluation	confirmatory::P42887	negative	ea060f244e352de2544b388f1abc1899258898681ff665dbf7303805cc505276	evaluation
dominant_to_evaluation	confirmatory::P42993	negative	a1b283954c568250ae144533c08533af6fb1f556e14ea2c50c7e35863c73397a	calibration
dominant_to_evaluation	confirmatory::P42999	negative	31d5329fced0c00d1f9df74407f0db89bc4c24fa33826a95afd2cdb106bd62f9	evaluation
dominant_to_evaluation	confirmatory::P43025	negative	417f94494f0bedc6bbff6d639a5b59dbfbb67f8d76fc274178a0fe93937009b8	calibration
dominant_to_evaluation	confirmatory::P43082	negative	4b9e7bea9ce8ee8ae94698ef8499017333c8e1e95a44680dba3be60d8618dc01	evaluation
dominant_to_evaluation	confirmatory::P43217	negative	34efdb7da6465528647a3456cde08984bda0ce26aa0261df4c8efe316d3e0938	calibration
dominant_to_evaluation	confirmatory::P43686	negative	23d5a3bd524d30d0ed03bfe373885d5527e4035c98c411d13a9667a063013c6e	evaluation
dominant_to_evaluation	confirmatory::P44046	negative	778e72fa9440b0af889fe2329da5c5b9d1d682d319794d6d197d1d359109f2aa	calibration
dominant_to_evaluation	confirmatory::P44391	negative	ea060f244e352de2544b388f1abc1899258898681ff665dbf7303805cc505276	evaluation
dominant_to_evaluation	confirmatory::P44393	negative	ea060f244e352de2544b388f1abc1899258898681ff665dbf7303805cc505276	evaluation
dominant_to_evaluation	confirmatory::P44569	negative	a56b43ca1132c91c2418ad048b20fefc8b26824fd4a62781b83e938f4325ac8d	evaluation
dominant_to_evaluation	confirmatory::P45370	negative	01981eb9e1dc067d1224d59092ffc0fe0bb45743fa25e07d6536cc2cf73ec7f4	calibration
dominant_to_evaluation	confirmatory::P45442	negative	0b71af97dfcedd0bb4c449474851629a743d350d8351b9926c6814e3ae38d8b0	evaluation
dominant_to_evaluation	confirmatory::P45452	negative	16ea83094b8a9f3846228c14f4dc27f1b4aac291005aa1d8eb490657405beb3e	calibration
dominant_to_evaluation	confirmatory::P45646	negative	cd44ecfb0231fbe25976a913c1248001f954c4063e308617e008c4b65e1d218b	calibration
dominant_to_evaluation	confirmatory::P45657	negative	cd44ecfb0231fbe25976a913c1248001f954c4063e308617e008c4b65e1d218b	calibration
dominant_to_evaluation	confirmatory::P46201	negative	d69e36b58cc54a89ecbe8fca1fb8c091b1afad3efbb4b20f9354eaee1a337549	calibration
dominant_to_evaluation	confirmatory::P46202	negative	d69e36b58cc54a89ecbe8fca1fb8c091b1afad3efbb4b20f9354eaee1a337549	calibration
dominant_to_evaluation	confirmatory::P46459	negative	66982e869380038efc306798aae7ce2e1fae56c06d7dfce80d3e44d1d4b5c3dc	calibration
dominant_to_evaluation	confirmatory::P46460	negative	66982e869380038efc306798aae7ce2e1fae56c06d7dfce80d3e44d1d4b5c3dc	calibration
dominant_to_evaluation	confirmatory::P46467	negative	12099ebff3efead5c06a18a835e5239edabab4ca79c6c9ba0c916ef443726217	evaluation
dominant_to_evaluation	confirmatory::P46471	negative	e2b05054974b1971d2d1faf5c1b63250f10706449e8f9c15bd1f3e29934ed416	calibration
dominant_to_evaluation	confirmatory::P46541	negative	3f5913f7e3e5d5a0a685cebeb853633fcb01f74c67d49634fe5a5e33895c0619	calibration
dominant_to_evaluation	confirmatory::P46544	negative	3f5913f7e3e5d5a0a685cebeb853633fcb01f74c67d49634fe5a5e33895c0619	calibration
dominant_to_evaluation	confirmatory::P47032	negative	80265ba0cf707cc2b9ab56977abaa12643a893bd6a9a455337c6c3dedf45bd7a	calibration
dominant_to_evaluation	confirmatory::P47033	negative	80265ba0cf707cc2b9ab56977abaa12643a893bd6a9a455337c6c3dedf45bd7a	calibration
dominant_to_evaluation	confirmatory::P47229	negative	8762b4dd22780fe23714f203220cc300c681de14521ee5b1a75119c4bf2ce030	evaluation
dominant_to_evaluation	confirmatory::P47932	negative	780632a2b78e928a1a0233a9237a2deb499859d4cb703b9b85c05b6bf0ae4e2d	evaluation
dominant_to_evaluation	confirmatory::P47982	negative	d1c6ab564afa4059f4195e330c3f3d2fa72e6c258ca03ccbdb0ec294d4b10bcb	evaluation
dominant_to_evaluation	confirmatory::P48097	negative	55927c04e923f511084010cf0858f6d88c365ae75b99c08d7e94a4aea9cd3a91	calibration
dominant_to_evaluation	confirmatory::P48142	negative	9d2bb9c0ec111008855c185d034a9f835f297b67d775b83c19cacc5a83480fca	evaluation
dominant_to_evaluation	confirmatory::P48144	negative	9d2bb9c0ec111008855c185d034a9f835f297b67d775b83c19cacc5a83480fca	evaluation
dominant_to_evaluation	confirmatory::P48252	negative	cd44ecfb0231fbe25976a913c1248001f954c4063e308617e008c4b65e1d218b	calibration
dominant_to_evaluation	confirmatory::P48253	negative	cd44ecfb0231fbe25976a913c1248001f954c4063e308617e008c4b65e1d218b	calibration
dominant_to_evaluation	confirmatory::P48452	negative	80188e9791182b3a7d2f79c0e2ed86136b48ed6a049411d036b36313dbd8bbd5	calibration
dominant_to_evaluation	confirmatory::P48453	negative	80188e9791182b3a7d2f79c0e2ed86136b48ed6a049411d036b36313dbd8bbd5	calibration
dominant_to_evaluation	confirmatory::P48454	negative	80188e9791182b3a7d2f79c0e2ed86136b48ed6a049411d036b36313dbd8bbd5	calibration
dominant_to_evaluation	confirmatory::P48455	negative	80188e9791182b3a7d2f79c0e2ed86136b48ed6a049411d036b36313dbd8bbd5	calibration
dominant_to_evaluation	confirmatory::P48456	negative	80188e9791182b3a7d2f79c0e2ed86136b48ed6a049411d036b36313dbd8bbd5	calibration
dominant_to_evaluation	confirmatory::P48457	negative	80188e9791182b3a7d2f79c0e2ed86136b48ed6a049411d036b36313dbd8bbd5	calibration
dominant_to_evaluation	confirmatory::P48460	negative	057b858e35d3ac13816f6e1111bf2f64935dd92a54cbcef7a8ba2a181a796495	calibration
dominant_to_evaluation	confirmatory::P48461	negative	369890e1b4fdd3f4d633bc750ce4706bc6a1c2d11deb58e010bd3f44230852d0	calibration
dominant_to_evaluation	confirmatory::P48462	negative	369890e1b4fdd3f4d633bc750ce4706bc6a1c2d11deb58e010bd3f44230852d0	calibration
dominant_to_evaluation	confirmatory::P48463	negative	369890e1b4fdd3f4d633bc750ce4706bc6a1c2d11deb58e010bd3f44230852d0	calibration
dominant_to_evaluation	confirmatory::P48482	negative	369890e1b4fdd3f4d633bc750ce4706bc6a1c2d11deb58e010bd3f44230852d0	calibration
dominant_to_evaluation	confirmatory::P48483	negative	369890e1b4fdd3f4d633bc750ce4706bc6a1c2d11deb58e010bd3f44230852d0	calibration
dominant_to_evaluation	confirmatory::P48484	negative	369890e1b4fdd3f4d633bc750ce4706bc6a1c2d11deb58e010bd3f44230852d0	calibration
dominant_to_evaluation	confirmatory::P48485	negative	369890e1b4fdd3f4d633bc750ce4706bc6a1c2d11deb58e010bd3f44230852d0	calibration
dominant_to_evaluation	confirmatory::P48486	negative	369890e1b4fdd3f4d633bc750ce4706bc6a1c2d11deb58e010bd3f44230852d0	calibration
dominant_to_evaluation	confirmatory::P48528	negative	369890e1b4fdd3f4d633bc750ce4706bc6a1c2d11deb58e010bd3f44230852d0	calibration
dominant_to_evaluation	confirmatory::P48529	negative	369890e1b4fdd3f4d633bc750ce4706bc6a1c2d11deb58e010bd3f44230852d0	calibration
dominant_to_evaluation	confirmatory::P48578	negative	369890e1b4fdd3f4d633bc750ce4706bc6a1c2d11deb58e010bd3f44230852d0	calibration
dominant_to_evaluation	confirmatory::P48727	negative	369890e1b4fdd3f4d633bc750ce4706bc6a1c2d11deb58e010bd3f44230852d0	calibration
dominant_to_evaluation	confirmatory::P48745	negative	80411b172a57342a9e6ff35099764047f561bf1337df03f29cf013ee3a7b28d0	calibration
dominant_to_evaluation	confirmatory::P48747	negative	10ba227d6107521780bb627d2ceca0d1716a4aae44848ef30d6ca8677dada2ce	calibration
dominant_to_evaluation	confirmatory::P48756	negative	1266174c120eff8e5214e2b55ed12604c60139466c562171145fa9d0b0892018	calibration
dominant_to_evaluation	confirmatory::P49013	negative	616d63a47ee23edbb85f036ec34ca701a4fdb21b3cee6702a8867dc8ad1d12b9	evaluation
dominant_to_evaluation	confirmatory::P49060	negative	82e1c2f759ec8bf899994b4553b7d3cc20a8d7c5d625a051f6b6104ee4a7005f	evaluation
dominant_to_evaluation	confirmatory::P49323	negative	4da363a0ba276eafe635d84d1b81e46c4bac3b404865716eba9e051acd5578f3	calibration
dominant_to_evaluation	confirmatory::P49344	positive	77cff5cf979497f38d983cd2f930b2280ad538a27fcdf9e110dc15254b4745e0	evaluation
dominant_to_evaluation	confirmatory::P49744	negative	8f558a4eee23f79ecfac992febeb596d06db9acfae871d6a401f21d1c4f22bd5	calibration
dominant_to_evaluation	confirmatory::P49767	negative	0dd93ec998989de91ffa9cd72b23a1778b67e69138f650b7299641bbfde52515	calibration
dominant_to_evaluation	confirmatory::P49923	negative	82e1c2f759ec8bf899994b4553b7d3cc20a8d7c5d625a051f6b6104ee4a7005f	evaluation
dominant_to_evaluation	confirmatory::P49956	negative	d09b047ffe8d4e97abef2c426f7aa6afb302a91cd57f766134a65f842d36bb31	calibration
dominant_to_evaluation	confirmatory::P49959	negative	ae06a79fb0a3df6b735edf0b452366dd6bef01d4d1be6595c830072b310a4059	calibration
dominant_to_evaluation	confirmatory::P50044	negative	ea060f244e352de2544b388f1abc1899258898681ff665dbf7303805cc505276	evaluation
dominant_to_evaluation	confirmatory::P50045	negative	ea060f244e352de2544b388f1abc1899258898681ff665dbf7303805cc505276	evaluation
dominant_to_evaluation	confirmatory::P50046	negative	ea060f244e352de2544b388f1abc1899258898681ff665dbf7303805cc505276	evaluation
dominant_to_evaluation	confirmatory::P50047	negative	ea060f244e352de2544b388f1abc1899258898681ff665dbf7303805cc505276	evaluation
dominant_to_evaluation	confirmatory::P50086	negative	963d56f1b2b4d56f589c6fdbb8b9bc82631a88963218d62fbcbd157bb6dab8aa	calibration
dominant_to_evaluation	confirmatory::P50280	negative	24063adf61b47696a5084aad279fba23bd2d452cb3a4e2a3d0222f5c61a60eb3	calibration
dominant_to_evaluation	confirmatory::P50282	negative	16ea83094b8a9f3846228c14f4dc27f1b4aac291005aa1d8eb490657405beb3e	calibration
dominant_to_evaluation	confirmatory::P50403	negative	87d425c65ac584d5e4c581986c739f7692b2578e446bf382551a86cc21557ecd	evaluation
dominant_to_evaluation	confirmatory::P50404	negative	87d425c65ac584d5e4c581986c739f7692b2578e446bf382551a86cc21557ecd	evaluation
dominant_to_evaluation	confirmatory::P50448	negative	7c001592a0af53a0b7029cb604d3d173bb64ff8d0eddd85c023a777d81f9b85a	calibration
dominant_to_evaluation	confirmatory::P50450	negative	a5ebffc2e2dbb22bd5322e5b7f495ec0102e8dba67dfdb8b96b9aa84fa7da6f3	evaluation
dominant_to_evaluation	confirmatory::P50454	negative	24376931396657e10ac6c36105371df550b6e383ddce8078df34654d799ae7e7	calibration
dominant_to_evaluation	confirmatory::P50568	negative	34b41219611ac71b39f94001659d257ef301dc42fb86d0ab1b2396d000b25f11	calibration
dominant_to_evaluation	confirmatory::P50757	negative	16ea83094b8a9f3846228c14f4dc27f1b4aac291005aa1d8eb490657405beb3e	calibration
dominant_to_evaluation	confirmatory::P50903	negative	82e1c2f759ec8bf899994b4553b7d3cc20a8d7c5d625a051f6b6104ee4a7005f	evaluation
dominant_to_evaluation	confirmatory::P51454	negative	780632a2b78e928a1a0233a9237a2deb499859d4cb703b9b85c05b6bf0ae4e2d	evaluation
dominant_to_evaluation	confirmatory::P51455	negative	780632a2b78e928a1a0233a9237a2deb499859d4cb703b9b85c05b6bf0ae4e2d	evaluation
dominant_to_evaluation	confirmatory::P51459	negative	22908ea1541a1b07146f2bd28daaa95ec311bcc862f3182fe7289c27fc0bc4d0	evaluation
dominant_to_evaluation	confirmatory::P51460	negative	82ba2784f1f8c5c50742e13d650c40e1693ecd41f5e2dbe7f1afccb645a66a72	calibration
dominant_to_evaluation	confirmatory::P51500	negative	cd44ecfb0231fbe25976a913c1248001f954c4063e308617e008c4b65e1d218b	calibration
dominant_to_evaluation	confirmatory::P51511	negative	24063adf61b47696a5084aad279fba23bd2d452cb3a4e2a3d0222f5c61a60eb3	calibration
dominant_to_evaluation	confirmatory::P51512	negative	24063adf61b47696a5084aad279fba23bd2d452cb3a4e2a3d0222f5c61a60eb3	calibration
dominant_to_evaluation	confirmatory::P51559	negative	da1f730a80c0f0ed1f9303734404705fa18285380f99e8c78185dd847cf60b39	evaluation
dominant_to_evaluation	confirmatory::P51609	negative	80411b172a57342a9e6ff35099764047f561bf1337df03f29cf013ee3a7b28d0	calibration
dominant_to_evaluation	confirmatory::P51613	negative	4b9e7bea9ce8ee8ae94698ef8499017333c8e1e95a44680dba3be60d8618dc01	evaluation
dominant_to_evaluation	confirmatory::P51673	negative	34b41219611ac71b39f94001659d257ef301dc42fb86d0ab1b2396d000b25f11	calibration
dominant_to_evaluation	confirmatory::P52176	negative	16ea83094b8a9f3846228c14f4dc27f1b4aac291005aa1d8eb490657405beb3e	calibration
dominant_to_evaluation	confirmatory::P52279	negative	87480a95a88b6b578d03758154256fdbdbb2e3418af2f8712b57ff0c18f5edc1	calibration
dominant_to_evaluation	confirmatory::P52313	negative	ea060f244e352de2544b388f1abc1899258898681ff665dbf7303805cc505276	evaluation
dominant_to_evaluation	confirmatory::P52403	negative	4b9e7bea9ce8ee8ae94698ef8499017333c8e1e95a44680dba3be60d8618dc01	evaluation
dominant_to_evaluation	confirmatory::P52404	negative	4b9e7bea9ce8ee8ae94698ef8499017333c8e1e95a44680dba3be60d8618dc01	evaluation
dominant_to_evaluation	confirmatory::P52405	negative	4b9e7bea9ce8ee8ae94698ef8499017333c8e1e95a44680dba3be60d8618dc01	evaluation
dominant_to_evaluation	confirmatory::P52406	negative	4b9e7bea9ce8ee8ae94698ef8499017333c8e1e95a44680dba3be60d8618dc01	evaluation
dominant_to_evaluation	confirmatory::P52704	negative	90ff7565068f7172c3892fc6b8eceb1af8c0eb8e8b45ac8a900b3f0fa9cffe92	calibration
dominant_to_evaluation	confirmatory::P52917	negative	12099ebff3efead5c06a18a835e5239edabab4ca79c6c9ba0c916ef443726217	evaluation
dominant_to_evaluation	confirmatory::P53034	negative	694df2b5849b10ec08101ea2af6560538999a3c675f58d38bdfa8b4f58b573a3	calibration
dominant_to_evaluation	confirmatory::P53041	negative	8e22b1d2d0b6eb1e1e5fa4778be233170412d5e999828aaf14773086e528164b	evaluation
dominant_to_evaluation	confirmatory::P53042	negative	8e22b1d2d0b6eb1e1e5fa4778be233170412d5e999828aaf14773086e528164b	evaluation
dominant_to_evaluation	confirmatory::P53043	negative	8e22b1d2d0b6eb1e1e5fa4778be233170412d5e999828aaf14773086e528164b	evaluation
dominant_to_evaluation	confirmatory::P53208	negative	e20a8bbb6820ffca2969918010649a640f3e985aed24ffc4e9ec785478b25859	calibration
dominant_to_evaluation	confirmatory::P53219	negative	0117c31c5e8a946d348c2967069bc984bdac99ef7914e687858f626281ab9502	calibration
dominant_to_evaluation	confirmatory::P53543	negative	cd44ecfb0231fbe25976a913c1248001f954c4063e308617e008c4b65e1d218b	calibration
dominant_to_evaluation	confirmatory::P53549	negative	23d5a3bd524d30d0ed03bfe373885d5527e4035c98c411d13a9667a063013c6e	evaluation
dominant_to_evaluation	confirmatory::P53690	negative	24063adf61b47696a5084aad279fba23bd2d452cb3a4e2a3d0222f5c61a60eb3	calibration
dominant_to_evaluation	confirmatory::P53715	negative	5892961fd93913083308b146da1de4c67d025258b98b350e84083bba8418fbd1	calibration
dominant_to_evaluation	confirmatory::P53813	negative	7a843c3d1be2da28cbe8faefcec171d83c5cfee0333f1dd2fb60d4221d2894e0	evaluation
dominant_to_evaluation	confirmatory::P54315	negative	82e1c2f759ec8bf899994b4553b7d3cc20a8d7c5d625a051f6b6104ee4a7005f	evaluation
dominant_to_evaluation	confirmatory::P54316	negative	82e1c2f759ec8bf899994b4553b7d3cc20a8d7c5d625a051f6b6104ee4a7005f	evaluation
dominant_to_evaluation	confirmatory::P54317	negative	82e1c2f759ec8bf899994b4553b7d3cc20a8d7c5d625a051f6b6104ee4a7005f	evaluation
dominant_to_evaluation	confirmatory::P54318	negative	82e1c2f759ec8bf899994b4553b7d3cc20a8d7c5d625a051f6b6104ee4a7005f	evaluation
dominant_to_evaluation	confirmatory::P54351	negative	66982e869380038efc306798aae7ce2e1fae56c06d7dfce80d3e44d1d4b5c3dc	calibration
dominant_to_evaluation	confirmatory::P54423	negative	b7ffa668b68d370a424e26161c1364936e4506a35d2cce0ecfd8180fd7dccd4d	evaluation
dominant_to_evaluation	confirmatory::P54609	negative	199e5e746f1a78658450a2ba041b79aef49bbb4feb4fdafedee11b7288c9ede8	calibration
dominant_to_evaluation	confirmatory::P54775	negative	23d5a3bd524d30d0ed03bfe373885d5527e4035c98c411d13a9667a063013c6e	evaluation
dominant_to_evaluation	confirmatory::P54777	negative	199e5e746f1a78658450a2ba041b79aef49bbb4feb4fdafedee11b7288c9ede8	calibration
dominant_to_evaluation	confirmatory::P54784	negative	8df48bdf860c0dc0720d246f6774120404a448fa7c434676be43edba77d6f302	evaluation
dominant_to_evaluation	confirmatory::P54789	negative	959c59bbc89e5ccd884a18af8216410e08d62bb0c7ce19880c21e17c609d9466	evaluation
dominant_to_evaluation	confirmatory::P54811	negative	199e5e746f1a78658450a2ba041b79aef49bbb4feb4fdafedee11b7288c9ede8	calibration
dominant_to_evaluation	confirmatory::P54812	negative	199e5e746f1a78658450a2ba041b79aef49bbb4feb4fdafedee11b7288c9ede8	calibration
dominant_to_evaluation	confirmatory::P54828	negative	cd44ecfb0231fbe25976a913c1248001f954c4063e308617e008c4b65e1d218b	calibration
dominant_to_evaluation	confirmatory::P55031	negative	82e1c2f759ec8bf899994b4553b7d3cc20a8d7c5d625a051f6b6104ee4a7005f	evaluation
dominant_to_evaluation	confirmatory::P55050	negative	34b41219611ac71b39f94001659d257ef301dc42fb86d0ab1b2396d000b25f11	calibration
dominant_to_evaluation	confirmatory::P55051	negative	34b41219611ac71b39f94001659d257ef301dc42fb86d0ab1b2396d000b25f11	calibration
dominant_to_evaluation	confirmatory::P55052	negative	34b41219611ac71b39f94001659d257ef301dc42fb86d0ab1b2396d000b25f11	calibration
dominant_to_evaluation	confirmatory::P55053	negative	34b41219611ac71b39f94001659d257ef301dc42fb86d0ab1b2396d000b25f11	calibration
dominant_to_evaluation	confirmatory::P55054	negative	34b41219611ac71b39f94001659d257ef301dc42fb86d0ab1b2396d000b25f11	calibration
dominant_to_evaluation	confirmatory::P55083	negative	450882407bb31af420e3fb498b86045252de225bcb0bc544cb192820b36d6e90	calibration
dominant_to_evaluation	confirmatory::P55095	negative	0e86e9e3943105f0c02e336cf49e66419fe7933b4a9c56997c7bb8035f3c7a0a	calibration
dominant_to_evaluation	confirmatory::P55272	negative	48576c0bd8d82774f937467c5786b5f9c758f53a4de6f9aa81eb02b680e269f1	calibration
dominant_to_evaluation	confirmatory::P55314	negative	ba4d2614b5e550635440f4c6525e8134022aee773ce7679090791bd84dd97e71	evaluation
dominant_to_evaluation	confirmatory::P55390	negative	623f3f0445ba3d68f7f0b01360d57379b68a4bd25c5f902822b41b66dfcdfc89	calibration
dominant_to_evaluation	confirmatory::P55799	negative	ba36d987f1fa0624cfa141a3e10fb029f7aa2efaad45e703221053b39919af2f	calibration
dominant_to_evaluation	confirmatory::P55816	positive	b7af20e2ff6a31f3cbd249b8459d3a5f4bf8ede7999ea66b0892c4a095247572	evaluation
dominant_to_evaluation	confirmatory::P55915	positive	7d0ca3f9691895ca753b0995d472ba0ed4112ebe7744b483b0fdcc5d2cb019b3	calibration
dominant_to_evaluation	confirmatory::P55918	negative	450882407bb31af420e3fb498b86045252de225bcb0bc544cb192820b36d6e90	calibration
dominant_to_evaluation	confirmatory::P55958	negative	34efdb7da6465528647a3456cde08984bda0ce26aa0261df4c8efe316d3e0938	calibration
dominant_to_evaluation	confirmatory::P56567	negative	e18b4e5fbde76978c2080f2894717f1f991e2dfb87f46a80f37a5cab5ea38ab0	calibration
dominant_to_evaluation	confirmatory::P56587	positive	989c72ea96b98509f74da5181b2842d92b4f8b6e6696ee13af60e52dac7a8382	evaluation
dominant_to_evaluation	confirmatory::P56625	negative	f2ea91d7ad6d511ba4a77f605392c77634378751fa61baa00ea12e7a95707727	calibration
dominant_to_evaluation	confirmatory::P56957	positive	82c2af96da6b5f3096ce87b457e60af374fedc72ee32c531e7e073d50242d8f2	evaluation
dominant_to_evaluation	confirmatory::P57407	negative	623f3f0445ba3d68f7f0b01360d57379b68a4bd25c5f902822b41b66dfcdfc89	calibration
dominant_to_evaluation	confirmatory::P57714	negative	dccb74d38eb5e7a9f23fe80d041bb156f74f05b1c460fdc8136e9dbd7d77d278	evaluation
dominant_to_evaluation	confirmatory::P57748	negative	24063adf61b47696a5084aad279fba23bd2d452cb3a4e2a3d0222f5c61a60eb3	calibration
dominant_to_evaluation	confirmatory::P58242	negative	eac41909233ae38fd580365dacf70df8362ae19e8f8fb413aa0d59f0af65be98	evaluation
dominant_to_evaluation	confirmatory::P58371	negative	1bb7a69c5ac8dff09d9743d7de36e3db00db59e8de64893c6df4fc99ac9601d3	calibration
dominant_to_evaluation	confirmatory::P58502	negative	1bb7a69c5ac8dff09d9743d7de36e3db00db59e8de64893c6df4fc99ac9601d3	calibration
dominant_to_evaluation	confirmatory::P58514	negative	bf30e013f16aa81ae1fa35895609c363048eab7576368053fb0f2db1dc661092	evaluation
dominant_to_evaluation	confirmatory::P58515	negative	bf30e013f16aa81ae1fa35895609c363048eab7576368053fb0f2db1dc661092	evaluation
dominant_to_evaluation	confirmatory::P58520	negative	bf30e013f16aa81ae1fa35895609c363048eab7576368053fb0f2db1dc661092	evaluation
dominant_to_evaluation	confirmatory::P58521	negative	bf30e013f16aa81ae1fa35895609c363048eab7576368053fb0f2db1dc661092	evaluation
dominant_to_evaluation	confirmatory::P58806	positive	557be6a58073a1050d885a04f86dea4af0dca53b9624055d15979c9713dfc363	evaluation
dominant_to_evaluation	confirmatory::P58849	positive	53e22e9f512a76ff440c38f9f041dfcb3cec0804082167296772e63f5449b80b	evaluation
dominant_to_evaluation	confirmatory::P58911	positive	57dff70545ba856697f662ae5491a8c39f6c1895f9cbe45eb349caf8ac451d0c	evaluation
dominant_to_evaluation	confirmatory::P58923	positive	d8b6d557921137ab1eb48bf802c46c47fabf82612388b9e4c11cbd696b9c68e1	evaluation
dominant_to_evaluation	confirmatory::P58930	positive	d27b7361cd89b7752181d0a5808af4e4cf25586165abbef6d938f296ff0da570	evaluation
dominant_to_evaluation	confirmatory::P58989	negative	0d305f242d5f6fed0841ad0e05776b0526f80ab11c58d6e278ace0c9e9f056a5	calibration
dominant_to_evaluation	confirmatory::P59026	positive	85f1565140d950d117993597133543a619f7f388434e05ed2393ffbb203e9588	evaluation
dominant_to_evaluation	confirmatory::P59336	negative	b30b84a76b4877ee5f623b2fe1234ec407ce41971f778f80bf04b469852129d7	calibration
dominant_to_evaluation	confirmatory::P59996	negative	1bb7a69c5ac8dff09d9743d7de36e3db00db59e8de64893c6df4fc99ac9601d3	calibration
dominant_to_evaluation	confirmatory::P60510	negative	369890e1b4fdd3f4d633bc750ce4706bc6a1c2d11deb58e010bd3f44230852d0	calibration
dominant_to_evaluation	confirmatory::P60575	negative	e18b4e5fbde76978c2080f2894717f1f991e2dfb87f46a80f37a5cab5ea38ab0	calibration
dominant_to_evaluation	confirmatory::P60576	negative	e18b4e5fbde76978c2080f2894717f1f991e2dfb87f46a80f37a5cab5ea38ab0	calibration
dominant_to_evaluation	confirmatory::P61134	negative	ba4d2614b5e550635440f4c6525e8134022aee773ce7679090791bd84dd97e71	evaluation
dominant_to_evaluation	confirmatory::P61287	negative	369890e1b4fdd3f4d633bc750ce4706bc6a1c2d11deb58e010bd3f44230852d0	calibration
dominant_to_evaluation	confirmatory::P61292	negative	369890e1b4fdd3f4d633bc750ce4706bc6a1c2d11deb58e010bd3f44230852d0	calibration
dominant_to_evaluation	confirmatory::P61640	negative	a5ebffc2e2dbb22bd5322e5b7f495ec0102e8dba67dfdb8b96b9aa84fa7da6f3	evaluation
dominant_to_evaluation	confirmatory::P61939	negative	a5ebffc2e2dbb22bd5322e5b7f495ec0102e8dba67dfdb8b96b9aa84fa7da6f3	evaluation
dominant_to_evaluation	confirmatory::P62136	negative	369890e1b4fdd3f4d633bc750ce4706bc6a1c2d11deb58e010bd3f44230852d0	calibration
dominant_to_evaluation	confirmatory::P62137	negative	369890e1b4fdd3f4d633bc750ce4706bc6a1c2d11deb58e010bd3f44230852d0	calibration
dominant_to_evaluation	confirmatory::P62138	negative	369890e1b4fdd3f4d633bc750ce4706bc6a1c2d11deb58e010bd3f44230852d0	calibration
dominant_to_evaluation	confirmatory::P62139	negative	369890e1b4fdd3f4d633bc750ce4706bc6a1c2d11deb58e010bd3f44230852d0	calibration
dominant_to_evaluation	confirmatory::P62140	negative	369890e1b4fdd3f4d633bc750ce4706bc6a1c2d11deb58e010bd3f44230852d0	calibration
dominant_to_evaluation	confirmatory::P62142	negative	369890e1b4fdd3f4d633bc750ce4706bc6a1c2d11deb58e010bd3f44230852d0	calibration
dominant_to_evaluation	confirmatory::P62143	negative	369890e1b4fdd3f4d633bc750ce4706bc6a1c2d11deb58e010bd3f44230852d0	calibration
dominant_to_evaluation	confirmatory::P62191	negative	23d5a3bd524d30d0ed03bfe373885d5527e4035c98c411d13a9667a063013c6e	evaluation
dominant_to_evaluation	confirmatory::P62192	negative	23d5a3bd524d30d0ed03bfe373885d5527e4035c98c411d13a9667a063013c6e	evaluation
dominant_to_evaluation	confirmatory::P62193	negative	23d5a3bd524d30d0ed03bfe373885d5527e4035c98c411d13a9667a063013c6e	evaluation
dominant_to_evaluation	confirmatory::P62194	negative	e2b05054974b1971d2d1faf5c1b63250f10706449e8f9c15bd1f3e29934ed416	calibration
dominant_to_evaluation	confirmatory::P62196	negative	e2b05054974b1971d2d1faf5c1b63250f10706449e8f9c15bd1f3e29934ed416	calibration
dominant_to_evaluation	confirmatory::P62198	negative	e2b05054974b1971d2d1faf5c1b63250f10706449e8f9c15bd1f3e29934ed416	calibration
dominant_to_evaluation	confirmatory::P62333	negative	23d5a3bd524d30d0ed03bfe373885d5527e4035c98c411d13a9667a063013c6e	evaluation
dominant_to_evaluation	confirmatory::P62334	negative	23d5a3bd524d30d0ed03bfe373885d5527e4035c98c411d13a9667a063013c6e	evaluation
dominant_to_evaluation	confirmatory::P62502	negative	7bfdf0d684729e3866cf62bb4b65b53aaf40ee773cd48b15af42a8ab5db86327	calibration
dominant_to_evaluation	confirmatory::P62714	negative	369890e1b4fdd3f4d633bc750ce4706bc6a1c2d11deb58e010bd3f44230852d0	calibration
dominant_to_evaluation	confirmatory::P62715	negative	369890e1b4fdd3f4d633bc750ce4706bc6a1c2d11deb58e010bd3f44230852d0	calibration
dominant_to_evaluation	confirmatory::P62964	negative	34b41219611ac71b39f94001659d257ef301dc42fb86d0ab1b2396d000b25f11	calibration
dominant_to_evaluation	confirmatory::P62965	negative	34b41219611ac71b39f94001659d257ef301dc42fb86d0ab1b2396d000b25f11	calibration
dominant_to_evaluation	confirmatory::P63088	negative	369890e1b4fdd3f4d633bc750ce4706bc6a1c2d11deb58e010bd3f44230852d0	calibration
dominant_to_evaluation	confirmatory::P63239	negative	da1f730a80c0f0ed1f9303734404705fa18285380f99e8c78185dd847cf60b39	evaluation
dominant_to_evaluation	confirmatory::P63240	negative	da1f730a80c0f0ed1f9303734404705fa18285380f99e8c78185dd847cf60b39	evaluation
dominant_to_evaluation	confirmatory::P63289	negative	9d2bb9c0ec111008855c185d034a9f835f297b67d775b83c19cacc5a83480fca	evaluation
dominant_to_evaluation	confirmatory::P63290	negative	9d2bb9c0ec111008855c185d034a9f835f297b67d775b83c19cacc5a83480fca	evaluation
dominant_to_evaluation	confirmatory::P63291	negative	9d2bb9c0ec111008855c185d034a9f835f297b67d775b83c19cacc5a83480fca	evaluation
dominant_to_evaluation	confirmatory::P63292	negative	f2b677e2fd5321ab024cef21588963d9a8417a4e14d4be31ef1166114f89d64f	evaluation
dominant_to_evaluation	confirmatory::P63293	negative	f2b677e2fd5321ab024cef21588963d9a8417a4e14d4be31ef1166114f89d64f	evaluation
dominant_to_evaluation	confirmatory::P63296	negative	2f6765a2a89871a6eb92d3007f7c1b382fd5307197640e9907ad0db6980fd8ae	calibration
dominant_to_evaluation	confirmatory::P63297	negative	2f6765a2a89871a6eb92d3007f7c1b382fd5307197640e9907ad0db6980fd8ae	calibration
dominant_to_evaluation	confirmatory::P63298	negative	2f6765a2a89871a6eb92d3007f7c1b382fd5307197640e9907ad0db6980fd8ae	calibration
dominant_to_evaluation	confirmatory::P63328	negative	80188e9791182b3a7d2f79c0e2ed86136b48ed6a049411d036b36313dbd8bbd5	calibration
dominant_to_evaluation	confirmatory::P63329	negative	80188e9791182b3a7d2f79c0e2ed86136b48ed6a049411d036b36313dbd8bbd5	calibration
dominant_to_evaluation	confirmatory::P63330	negative	369890e1b4fdd3f4d633bc750ce4706bc6a1c2d11deb58e010bd3f44230852d0	calibration
dominant_to_evaluation	confirmatory::P63331	negative	369890e1b4fdd3f4d633bc750ce4706bc6a1c2d11deb58e010bd3f44230852d0	calibration
dominant_to_evaluation	confirmatory::P64454	positive	c4264e78fea84369c4c97e68703a35d7e6fd336778f625dc29cfa0e67cfb4e0f	evaluation
dominant_to_evaluation	confirmatory::P67403	negative	ea060f244e352de2544b388f1abc1899258898681ff665dbf7303805cc505276	evaluation
dominant_to_evaluation	confirmatory::P67404	negative	ea060f244e352de2544b388f1abc1899258898681ff665dbf7303805cc505276	evaluation
dominant_to_evaluation	confirmatory::P67405	negative	ea060f244e352de2544b388f1abc1899258898681ff665dbf7303805cc505276	evaluation
dominant_to_evaluation	confirmatory::P67718	negative	ea060f244e352de2544b388f1abc1899258898681ff665dbf7303805cc505276	evaluation
dominant_to_evaluation	confirmatory::P67719	negative	ea060f244e352de2544b388f1abc1899258898681ff665dbf7303805cc505276	evaluation
dominant_to_evaluation	confirmatory::P67720	negative	ea060f244e352de2544b388f1abc1899258898681ff665dbf7303805cc505276	evaluation
dominant_to_evaluation	confirmatory::P67774	negative	369890e1b4fdd3f4d633bc750ce4706bc6a1c2d11deb58e010bd3f44230852d0	calibration
dominant_to_evaluation	confirmatory::P67775	negative	369890e1b4fdd3f4d633bc750ce4706bc6a1c2d11deb58e010bd3f44230852d0	calibration
dominant_to_evaluation	confirmatory::P67776	negative	369890e1b4fdd3f4d633bc750ce4706bc6a1c2d11deb58e010bd3f44230852d0	calibration
dominant_to_evaluation	confirmatory::P67777	negative	369890e1b4fdd3f4d633bc750ce4706bc6a1c2d11deb58e010bd3f44230852d0	calibration
dominant_to_evaluation	confirmatory::P67968	negative	2ca3559869bf73bf1369b0778046227fe36990704ef03e92e809601ac40ebe65	calibration
dominant_to_evaluation	confirmatory::P67969	negative	2ca3559869bf73bf1369b0778046227fe36990704ef03e92e809601ac40ebe65	calibration
dominant_to_evaluation	confirmatory::P67970	negative	2ca3559869bf73bf1369b0778046227fe36990704ef03e92e809601ac40ebe65	calibration
dominant_to_evaluation	confirmatory::P67971	negative	2ca3559869bf73bf1369b0778046227fe36990704ef03e92e809601ac40ebe65	calibration
dominant_to_evaluation	confirmatory::P67972	negative	2ca3559869bf73bf1369b0778046227fe36990704ef03e92e809601ac40ebe65	calibration
dominant_to_evaluation	confirmatory::P67974	negative	2ca3559869bf73bf1369b0778046227fe36990704ef03e92e809601ac40ebe65	calibration
dominant_to_evaluation	confirmatory::P67975	negative	7f8373716bb12737be8ec09b43b953fe2c4602353a222f10b3d8e035ef71d7b7	evaluation
dominant_to_evaluation	confirmatory::P67976	negative	7f8373716bb12737be8ec09b43b953fe2c4602353a222f10b3d8e035ef71d7b7	evaluation
dominant_to_evaluation	confirmatory::P68004	negative	55927c04e923f511084010cf0858f6d88c365ae75b99c08d7e94a4aea9cd3a91	calibration
dominant_to_evaluation	confirmatory::P68005	negative	55927c04e923f511084010cf0858f6d88c365ae75b99c08d7e94a4aea9cd3a91	calibration
dominant_to_evaluation	confirmatory::P68006	negative	55927c04e923f511084010cf0858f6d88c365ae75b99c08d7e94a4aea9cd3a91	calibration
dominant_to_evaluation	confirmatory::P68007	negative	55927c04e923f511084010cf0858f6d88c365ae75b99c08d7e94a4aea9cd3a91	calibration
dominant_to_evaluation	confirmatory::P68008	negative	55927c04e923f511084010cf0858f6d88c365ae75b99c08d7e94a4aea9cd3a91	calibration
dominant_to_evaluation	confirmatory::P68009	negative	55927c04e923f511084010cf0858f6d88c365ae75b99c08d7e94a4aea9cd3a91	calibration
dominant_to_evaluation	confirmatory::P68010	negative	55927c04e923f511084010cf0858f6d88c365ae75b99c08d7e94a4aea9cd3a91	calibration
dominant_to_evaluation	confirmatory::P68171	negative	91bd60dabb882867c24e7bc1c3c50d5e623a99ff781af028e7ff380940a7501d	evaluation
dominant_to_evaluation	confirmatory::P68243	negative	2ca3559869bf73bf1369b0778046227fe36990704ef03e92e809601ac40ebe65	calibration
dominant_to_evaluation	confirmatory::P68245	negative	2ca3559869bf73bf1369b0778046227fe36990704ef03e92e809601ac40ebe65	calibration
dominant_to_evaluation	confirmatory::P68249	negative	55927c04e923f511084010cf0858f6d88c365ae75b99c08d7e94a4aea9cd3a91	calibration
dominant_to_evaluation	confirmatory::P68260	negative	0e86e9e3943105f0c02e336cf49e66419fe7933b4a9c56997c7bb8035f3c7a0a	calibration
dominant_to_evaluation	confirmatory::P68273	negative	0e86e9e3943105f0c02e336cf49e66419fe7933b4a9c56997c7bb8035f3c7a0a	calibration
dominant_to_evaluation	confirmatory::P68274	negative	0e86e9e3943105f0c02e336cf49e66419fe7933b4a9c56997c7bb8035f3c7a0a	calibration
dominant_to_evaluation	confirmatory::P68275	negative	0e86e9e3943105f0c02e336cf49e66419fe7933b4a9c56997c7bb8035f3c7a0a	calibration
dominant_to_evaluation	confirmatory::P68954	negative	0e86e9e3943105f0c02e336cf49e66419fe7933b4a9c56997c7bb8035f3c7a0a	calibration
dominant_to_evaluation	confirmatory::P68955	negative	0e86e9e3943105f0c02e336cf49e66419fe7933b4a9c56997c7bb8035f3c7a0a	calibration
dominant_to_evaluation	confirmatory::P68956	negative	0e86e9e3943105f0c02e336cf49e66419fe7933b4a9c56997c7bb8035f3c7a0a	calibration
dominant_to_evaluation	confirmatory::P68957	negative	0e86e9e3943105f0c02e336cf49e66419fe7933b4a9c56997c7bb8035f3c7a0a	calibration
dominant_to_evaluation	confirmatory::P68987	negative	2ca3559869bf73bf1369b0778046227fe36990704ef03e92e809601ac40ebe65	calibration
dominant_to_evaluation	confirmatory::P68989	negative	2ca3559869bf73bf1369b0778046227fe36990704ef03e92e809601ac40ebe65	calibration
dominant_to_evaluation	confirmatory::P68990	negative	2ca3559869bf73bf1369b0778046227fe36990704ef03e92e809601ac40ebe65	calibration
dominant_to_evaluation	confirmatory::P68991	negative	2ca3559869bf73bf1369b0778046227fe36990704ef03e92e809601ac40ebe65	calibration
dominant_to_evaluation	confirmatory::P68992	negative	2ca3559869bf73bf1369b0778046227fe36990704ef03e92e809601ac40ebe65	calibration
dominant_to_evaluation	confirmatory::P69034	positive	703bf831d568160eb868d28649f638bf7da02ba9a13dc6ba9cc724bcfe5a6d1c	evaluation
dominant_to_evaluation	confirmatory::P69036	positive	a9c406291f53328e8109d80fc74ba2fdb3fb0bb01860051515d8aa4d7e6932cf	evaluation
dominant_to_evaluation	confirmatory::P69043	negative	5e1537bef964e72445457226e224d8d631564b28a11a84ec258106e7eef8be2a	evaluation
dominant_to_evaluation	confirmatory::P69048	negative	2ca3559869bf73bf1369b0778046227fe36990704ef03e92e809601ac40ebe65	calibration
dominant_to_evaluation	confirmatory::P69056	negative	5e1537bef964e72445457226e224d8d631564b28a11a84ec258106e7eef8be2a	evaluation
dominant_to_evaluation	confirmatory::P69057	negative	5e1537bef964e72445457226e224d8d631564b28a11a84ec258106e7eef8be2a	evaluation
dominant_to_evaluation	confirmatory::P69058	negative	5e1537bef964e72445457226e224d8d631564b28a11a84ec258106e7eef8be2a	evaluation
dominant_to_evaluation	confirmatory::P69092	negative	55927c04e923f511084010cf0858f6d88c365ae75b99c08d7e94a4aea9cd3a91	calibration
dominant_to_evaluation	confirmatory::P69093	negative	55927c04e923f511084010cf0858f6d88c365ae75b99c08d7e94a4aea9cd3a91	calibration
dominant_to_evaluation	confirmatory::P69094	negative	55927c04e923f511084010cf0858f6d88c365ae75b99c08d7e94a4aea9cd3a91	calibration
dominant_to_evaluation	confirmatory::P69095	negative	55927c04e923f511084010cf0858f6d88c365ae75b99c08d7e94a4aea9cd3a91	calibration
dominant_to_evaluation	confirmatory::P69096	negative	55927c04e923f511084010cf0858f6d88c365ae75b99c08d7e94a4aea9cd3a91	calibration
dominant_to_evaluation	confirmatory::P69101	negative	55927c04e923f511084010cf0858f6d88c365ae75b99c08d7e94a4aea9cd3a91	calibration
dominant_to_evaluation	confirmatory::P69102	negative	55927c04e923f511084010cf0858f6d88c365ae75b99c08d7e94a4aea9cd3a91	calibration
dominant_to_evaluation	confirmatory::P69128	negative	c10ad670f42461eacae04fe608d2ef50252a5cc696f10d855222674b01efde1d	calibration
dominant_to_evaluation	confirmatory::P69129	negative	c10ad670f42461eacae04fe608d2ef50252a5cc696f10d855222674b01efde1d	calibration
dominant_to_evaluation	confirmatory::P69502	positive	44c9cb72f24524ffe89bc752e535e730b3a12ed96d0f00f252cca669e0ae492b	evaluation
dominant_to_evaluation	confirmatory::P69994	negative	ea060f244e352de2544b388f1abc1899258898681ff665dbf7303805cc505276	evaluation
dominant_to_evaluation	confirmatory::P69995	negative	ea060f244e352de2544b388f1abc1899258898681ff665dbf7303805cc505276	evaluation
dominant_to_evaluation	confirmatory::P69996	negative	ea060f244e352de2544b388f1abc1899258898681ff665dbf7303805cc505276	evaluation
dominant_to_evaluation	confirmatory::P69997	negative	ea060f244e352de2544b388f1abc1899258898681ff665dbf7303805cc505276	evaluation
dominant_to_evaluation	confirmatory::P70124	negative	d4b8fd03a3caaecd44d5b548daa02c315b9633db3506830623271b9a37653456	calibration
dominant_to_evaluation	confirmatory::P70158	negative	eac41909233ae38fd580365dacf70df8362ae19e8f8fb413aa0d59f0af65be98	evaluation
dominant_to_evaluation	confirmatory::P70623	negative	34b41219611ac71b39f94001659d257ef301dc42fb86d0ab1b2396d000b25f11	calibration
dominant_to_evaluation	confirmatory::P70663	negative	9f0d0cc0eeb47aec102bb846e184928d26abe3ecb8a62ebc0b78f49871b04459	evaluation
dominant_to_evaluation	confirmatory::P70682	negative	eaccb7debaadc3ca12235f53d0889fe4d708ee20342c7afff2cd364bfff58c6f	evaluation
dominant_to_evaluation	confirmatory::P72191	negative	623f3f0445ba3d68f7f0b01360d57379b68a4bd25c5f902822b41b66dfcdfc89	calibration
dominant_to_evaluation	confirmatory::P73061	negative	ea060f244e352de2544b388f1abc1899258898681ff665dbf7303805cc505276	evaluation
dominant_to_evaluation	confirmatory::P73390	negative	01981eb9e1dc067d1224d59092ffc0fe0bb45743fa25e07d6536cc2cf73ec7f4	calibration
dominant_to_evaluation	confirmatory::P73796	negative	ea060f244e352de2544b388f1abc1899258898681ff665dbf7303805cc505276	evaluation
dominant_to_evaluation	confirmatory::P74977	positive	34c3f1f4a77dcca2d603577ac8b4e165b0c7a3d0f3235b3e4ba332035d9f215a	evaluation
dominant_to_evaluation	confirmatory::P75030	negative	ea060f244e352de2544b388f1abc1899258898681ff665dbf7303805cc505276	evaluation
dominant_to_evaluation	confirmatory::P75409	positive	88bafd0f6ef884a50ca3712f908e08ccfc06e678accd9e1aabb4447101897fce	evaluation
dominant_to_evaluation	confirmatory::P75895	negative	8da66b03d5b78ce2220b7611f8f2f1bda017289b610f143026c2c40f64c798b7	calibration
dominant_to_evaluation	confirmatory::P77044	negative	8762b4dd22780fe23714f203220cc300c681de14521ee5b1a75119c4bf2ce030	evaluation
dominant_to_evaluation	confirmatory::P77837	negative	ea060f244e352de2544b388f1abc1899258898681ff665dbf7303805cc505276	evaluation
dominant_to_evaluation	confirmatory::P78380	negative	55ddb3dd17da1cb3ae6ed5aa5ab62a50e2f5afdd8477f9c0f808349986102bb6	evaluation
dominant_to_evaluation	confirmatory::P78968	negative	369890e1b4fdd3f4d633bc750ce4706bc6a1c2d11deb58e010bd3f44230852d0	calibration
dominant_to_evaluation	confirmatory::P79100	negative	0fe83d4abf1ce610ad84586dd4d5c46c21bd9db4885afb3ef6d6ab2b95befab2	evaluation
dominant_to_evaluation	confirmatory::P79227	negative	24063adf61b47696a5084aad279fba23bd2d452cb3a4e2a3d0222f5c61a60eb3	calibration
dominant_to_evaluation	confirmatory::P79287	negative	24063adf61b47696a5084aad279fba23bd2d452cb3a4e2a3d0222f5c61a60eb3	calibration
dominant_to_evaluation	confirmatory::P79357	negative	cd44ecfb0231fbe25976a913c1248001f954c4063e308617e008c4b65e1d218b	calibration
dominant_to_evaluation	confirmatory::P79385	negative	67b28ba5e81d277aab432e8590ea0314688bb8591ebef3ca06a6935723ff3652	evaluation
dominant_to_evaluation	confirmatory::P79391	negative	55ddb3dd17da1cb3ae6ed5aa5ab62a50e2f5afdd8477f9c0f808349986102bb6	evaluation
dominant_to_evaluation	confirmatory::P80007	negative	0d305f242d5f6fed0841ad0e05776b0526f80ab11c58d6e278ace0c9e9f056a5	calibration
dominant_to_evaluation	confirmatory::P80015	negative	82ad2a19e2e4a2128676d484ef8771346715fcbceaa6834bb3f067cd1da3b297	evaluation
dominant_to_evaluation	confirmatory::P80024	negative	55927c04e923f511084010cf0858f6d88c365ae75b99c08d7e94a4aea9cd3a91	calibration
dominant_to_evaluation	confirmatory::P80029	negative	0d305f242d5f6fed0841ad0e05776b0526f80ab11c58d6e278ace0c9e9f056a5	calibration
dominant_to_evaluation	confirmatory::P80035	negative	d291e2f780ccae734f1044ab8a8bdd51fabac2c2899aa59af35fb22c772d8b01	evaluation
dominant_to_evaluation	confirmatory::P80049	negative	34b41219611ac71b39f94001659d257ef301dc42fb86d0ab1b2396d000b25f11	calibration
dominant_to_evaluation	confirmatory::P80146	negative	1bb7a69c5ac8dff09d9743d7de36e3db00db59e8de64893c6df4fc99ac9601d3	calibration
dominant_to_evaluation	confirmatory::P80167	negative	55927c04e923f511084010cf0858f6d88c365ae75b99c08d7e94a4aea9cd3a91	calibration
dominant_to_evaluation	confirmatory::P80172	positive	a370330ab89c8ac61203b77cb8bee17ba9e6487f098bbf52cd4872a981c73e2c	evaluation
dominant_to_evaluation	confirmatory::P80188	negative	693191d81dad8633f117940437800dc383ce0e8e12178e775ecd55116c2bb03f	calibration
dominant_to_evaluation	confirmatory::P80191	negative	8aca6cf56151161615270e0611bfb487352bac7e999974bcc690200b9c87952d	evaluation
dominant_to_evaluation	confirmatory::P80208	negative	8f20d0c6980ead1e360a848d002432fd7be75037bb37add933645c20185679c7	calibration
dominant_to_evaluation	confirmatory::P80273	negative	86cc21bca61bd87e3a544b53de63d4a85a51acbb0d64b5ad6e6e2ba8aa8ab938	calibration
dominant_to_evaluation	confirmatory::P80299	negative	2eecc744c786b9108557788352fd5794355c754b0934c0f099e6c21ad6cf8672	calibration
dominant_to_evaluation	confirmatory::P80301	negative	eb85637eb8a3dcfa0688f0ce39ddbef7c38775a667e3c17295d08b1fe44192ff	calibration
dominant_to_evaluation	confirmatory::P80351	negative	8f20d0c6980ead1e360a848d002432fd7be75037bb37add933645c20185679c7	calibration
dominant_to_evaluation	confirmatory::P80352	negative	8f20d0c6980ead1e360a848d002432fd7be75037bb37add933645c20185679c7	calibration
dominant_to_evaluation	confirmatory::P80353	negative	8f20d0c6980ead1e360a848d002432fd7be75037bb37add933645c20185679c7	calibration
dominant_to_evaluation	confirmatory::P80359	negative	4b9e7bea9ce8ee8ae94698ef8499017333c8e1e95a44680dba3be60d8618dc01	evaluation
dominant_to_evaluation	confirmatory::P80370	negative	389ad42570c89a23dada5ba64aad3e0bd24cb5b88b1fc4a23e5d29f2508b4cfc	evaluation
dominant_to_evaluation	confirmatory::P80416	negative	e18b4e5fbde76978c2080f2894717f1f991e2dfb87f46a80f37a5cab5ea38ab0	calibration
dominant_to_evaluation	confirmatory::P80424	negative	b364128ce74b38523f92d7e55811ecac6ee23ba8b6f23381aad717dd65560c27	evaluation
dominant_to_evaluation	confirmatory::P80450	negative	34efdb7da6465528647a3456cde08984bda0ce26aa0261df4c8efe316d3e0938	calibration
dominant_to_evaluation	confirmatory::P80663	negative	cd44ecfb0231fbe25976a913c1248001f954c4063e308617e008c4b65e1d218b	calibration
dominant_to_evaluation	confirmatory::P80664	negative	cd44ecfb0231fbe25976a913c1248001f954c4063e308617e008c4b65e1d218b	calibration
dominant_to_evaluation	confirmatory::P80691	negative	61a1c3521102b1f6415e80d7716f6a231e4ae45e7d681e751332bb0344c9ee73	calibration
dominant_to_evaluation	confirmatory::P80736	negative	e18b4e5fbde76978c2080f2894717f1f991e2dfb87f46a80f37a5cab5ea38ab0	calibration
dominant_to_evaluation	confirmatory::P80952	negative	55927c04e923f511084010cf0858f6d88c365ae75b99c08d7e94a4aea9cd3a91	calibration
dominant_to_evaluation	confirmatory::P81016	negative	9d2bb9c0ec111008855c185d034a9f835f297b67d775b83c19cacc5a83480fca	evaluation
dominant_to_evaluation	confirmatory::P81026	negative	0e86e9e3943105f0c02e336cf49e66419fe7933b4a9c56997c7bb8035f3c7a0a	calibration
dominant_to_evaluation	confirmatory::P81028	negative	55927c04e923f511084010cf0858f6d88c365ae75b99c08d7e94a4aea9cd3a91	calibration
dominant_to_evaluation	confirmatory::P81039	negative	9d2bb9c0ec111008855c185d034a9f835f297b67d775b83c19cacc5a83480fca	evaluation
dominant_to_evaluation	confirmatory::P81061	negative	e762a34e2879fb89badf3aefde610ff9d5414dd0791ef2899f47f15931593ae4	evaluation
dominant_to_evaluation	confirmatory::P81069	negative	922c536314c57b8fad9957583decb99342da4d7a7fbcfbc74f1573e7ce15839c	evaluation
dominant_to_evaluation	confirmatory::P81139	negative	82e1c2f759ec8bf899994b4553b7d3cc20a8d7c5d625a051f6b6104ee4a7005f	evaluation
dominant_to_evaluation	confirmatory::P81187	negative	bc915c1c28ec405395a99c2ecfb7d27da28c273f79648ff3c9d1f724acfa6d1b	calibration
dominant_to_evaluation	confirmatory::P81191	negative	b801cd20caed02d42372e64843da24fbe06c1fd7f7e967372892e647cc88444a	calibration
dominant_to_evaluation	confirmatory::P81245	negative	edb3c447afa44d59b38fa892298e479bed83027ef9490899288c6eb76b785c0e	calibration
dominant_to_evaluation	confirmatory::P81365	negative	91bd60dabb882867c24e7bc1c3c50d5e623a99ff781af028e7ff380940a7501d	evaluation
dominant_to_evaluation	confirmatory::P81366	negative	91bd60dabb882867c24e7bc1c3c50d5e623a99ff781af028e7ff380940a7501d	evaluation
dominant_to_evaluation	confirmatory::P81367	negative	f7a616fde5389141c0e4c34abab3803332ab61f9588c2aa0912a794e89fe69e4	calibration
dominant_to_evaluation	confirmatory::P81368	negative	f7a616fde5389141c0e4c34abab3803332ab61f9588c2aa0912a794e89fe69e4	calibration
dominant_to_evaluation	confirmatory::P81402	negative	86cc21bca61bd87e3a544b53de63d4a85a51acbb0d64b5ad6e6e2ba8aa8ab938	calibration
dominant_to_evaluation	confirmatory::P81423	negative	2ca3559869bf73bf1369b0778046227fe36990704ef03e92e809601ac40ebe65	calibration
dominant_to_evaluation	confirmatory::P81429	negative	d1c6ab564afa4059f4195e330c3f3d2fa72e6c258ca03ccbdb0ec294d4b10bcb	evaluation
dominant_to_evaluation	confirmatory::P81591	negative	4b9e7bea9ce8ee8ae94698ef8499017333c8e1e95a44680dba3be60d8618dc01	evaluation
dominant_to_evaluation	confirmatory::P81608	negative	ae072172ac565f240e9af5c41bfdfc0174476f5f1bc878f8c5aab26e7d89d267	calibration
dominant_to_evaluation	confirmatory::P81622	negative	623f3f0445ba3d68f7f0b01360d57379b68a4bd25c5f902822b41b66dfcdfc89	calibration
dominant_to_evaluation	confirmatory::P81656	negative	25545dadd80435581e74794c9216eeb66ace8228a86901b5932e62c7acee96bd	calibration
dominant_to_evaluation	confirmatory::P81657	negative	25545dadd80435581e74794c9216eeb66ace8228a86901b5932e62c7acee96bd	calibration
dominant_to_evaluation	confirmatory::P81702	positive	ce1c64f50954031725ebd9332ca2644ecc1773876add3f3aaba6d3799b2d5fcc	evaluation
dominant_to_evaluation	confirmatory::P81714	negative	e762a34e2879fb89badf3aefde610ff9d5414dd0791ef2899f47f15931593ae4	evaluation
dominant_to_evaluation	confirmatory::P81726	negative	7cfc083fd4b244bc8c957330ce9e6b1720e1683808f7eaaa0da9e0bb5575cae7	calibration
dominant_to_evaluation	confirmatory::P81859	negative	fb3d9086710c22eb209777dc02506bc21ad102b35c0a2d4e54e73b021c9991f7	evaluation
dominant_to_evaluation	confirmatory::P81862	positive	a57b5841283fbaab7fdeaba66ec5aa004540ea843306ff4b92c2f55e248ac1a2	evaluation
dominant_to_evaluation	confirmatory::P81880	negative	0e86e9e3943105f0c02e336cf49e66419fe7933b4a9c56997c7bb8035f3c7a0a	calibration
dominant_to_evaluation	confirmatory::P82007	negative	5041a1e1f60f70f4bccce3b8daeb631454e2f014bb557bfeaccf74d45d44c355	evaluation
dominant_to_evaluation	confirmatory::P82140	positive	4121cb71d3bc20f196207d98ebec7825ccbdfd988813aea18d4ef15861b530fc	evaluation
dominant_to_evaluation	confirmatory::P82188	negative	34b41219611ac71b39f94001659d257ef301dc42fb86d0ab1b2396d000b25f11	calibration
dominant_to_evaluation	confirmatory::P82353	negative	6b111aaea1b14ddb814846a85c23e172f370297153b0c3e30d310f7fcbc01eb9	evaluation
dominant_to_evaluation	confirmatory::P82408	negative	b7762ce85918a621bc4bf4c4e7657779c885d02f6b53a465f4762637db65c059	evaluation
dominant_to_evaluation	confirmatory::P82409	negative	b7762ce85918a621bc4bf4c4e7657779c885d02f6b53a465f4762637db65c059	evaluation
dominant_to_evaluation	confirmatory::P82410	negative	b7762ce85918a621bc4bf4c4e7657779c885d02f6b53a465f4762637db65c059	evaluation
dominant_to_evaluation	confirmatory::P82708	negative	7e90cee412221196bcc5f07c4f195b89927144c6913a290671cfdac2f6ba7db5	calibration
dominant_to_evaluation	confirmatory::P82900	negative	6b111aaea1b14ddb814846a85c23e172f370297153b0c3e30d310f7fcbc01eb9	evaluation
dominant_to_evaluation	confirmatory::P82901	negative	6b111aaea1b14ddb814846a85c23e172f370297153b0c3e30d310f7fcbc01eb9	evaluation
dominant_to_evaluation	confirmatory::P83036	negative	91bd60dabb882867c24e7bc1c3c50d5e623a99ff781af028e7ff380940a7501d	evaluation
dominant_to_evaluation	confirmatory::P83051	negative	91bd60dabb882867c24e7bc1c3c50d5e623a99ff781af028e7ff380940a7501d	evaluation
dominant_to_evaluation	confirmatory::P83052	negative	91bd60dabb882867c24e7bc1c3c50d5e623a99ff781af028e7ff380940a7501d	evaluation
dominant_to_evaluation	confirmatory::P83167	negative	34efdb7da6465528647a3456cde08984bda0ce26aa0261df4c8efe316d3e0938	calibration
dominant_to_evaluation	confirmatory::P83207	negative	f7a616fde5389141c0e4c34abab3803332ab61f9588c2aa0912a794e89fe69e4	calibration
dominant_to_evaluation	confirmatory::P83394	negative	b7762ce85918a621bc4bf4c4e7657779c885d02f6b53a465f4762637db65c059	evaluation
dominant_to_evaluation	confirmatory::P83398	negative	b7762ce85918a621bc4bf4c4e7657779c885d02f6b53a465f4762637db65c059	evaluation
dominant_to_evaluation	confirmatory::P83434	negative	86cc21bca61bd87e3a544b53de63d4a85a51acbb0d64b5ad6e6e2ba8aa8ab938	calibration
dominant_to_evaluation	confirmatory::P83506	negative	6b111aaea1b14ddb814846a85c23e172f370297153b0c3e30d310f7fcbc01eb9	evaluation
dominant_to_evaluation	confirmatory::P83508	negative	f92a8e542977ec3d6dc95e8a0bde11a3a1290134ed49574133ebe628e0201670	evaluation
dominant_to_evaluation	confirmatory::P83594	negative	91bd60dabb882867c24e7bc1c3c50d5e623a99ff781af028e7ff380940a7501d	evaluation
dominant_to_evaluation	confirmatory::P83667	negative	7cfc083fd4b244bc8c957330ce9e6b1720e1683808f7eaaa0da9e0bb5575cae7	calibration
dominant_to_evaluation	confirmatory::P83770	negative	5825442273aa674e597f0324f3d9d13995d18a085e3f346a6583071a32270dd2	evaluation
dominant_to_evaluation	confirmatory::P83790	negative	fb3d9086710c22eb209777dc02506bc21ad102b35c0a2d4e54e73b021c9991f7	evaluation
dominant_to_evaluation	confirmatory::P83962	negative	08528be7fd341aa6992306d6cc2dcd129232b8b4cd83081db737fc35b1f465a3	evaluation
dominant_to_evaluation	confirmatory::P83964	negative	08528be7fd341aa6992306d6cc2dcd129232b8b4cd83081db737fc35b1f465a3	evaluation
dominant_to_evaluation	confirmatory::P84018	positive	50d2b3b947070309bfb730810c28f3838b961195cdd026613072008d8a2c272f	evaluation
dominant_to_evaluation	confirmatory::P84282	negative	689e1336433301df9acdf1a59cc5c4534384a4fccb30c420adfc8678283ac487	evaluation
dominant_to_evaluation	confirmatory::P84451	negative	b7762ce85918a621bc4bf4c4e7657779c885d02f6b53a465f4762637db65c059	evaluation
dominant_to_evaluation	confirmatory::P84488	negative	9d2bb9c0ec111008855c185d034a9f835f297b67d775b83c19cacc5a83480fca	evaluation
dominant_to_evaluation	confirmatory::P84771	negative	9d2bb9c0ec111008855c185d034a9f835f297b67d775b83c19cacc5a83480fca	evaluation
dominant_to_evaluation	confirmatory::P84772	negative	9d2bb9c0ec111008855c185d034a9f835f297b67d775b83c19cacc5a83480fca	evaluation
dominant_to_evaluation	confirmatory::P84775	negative	22908ea1541a1b07146f2bd28daaa95ec311bcc862f3182fe7289c27fc0bc4d0	evaluation
dominant_to_evaluation	confirmatory::P84881	negative	7cfc083fd4b244bc8c957330ce9e6b1720e1683808f7eaaa0da9e0bb5575cae7	calibration
dominant_to_evaluation	confirmatory::P84882	negative	91bd60dabb882867c24e7bc1c3c50d5e623a99ff781af028e7ff380940a7501d	evaluation
dominant_to_evaluation	confirmatory::P84900	positive	d0df84d7805a54d491be5d2cee4a51201f50805e294ded4ede2c0c504b509e5c	evaluation
dominant_to_evaluation	confirmatory::P85031	negative	450882407bb31af420e3fb498b86045252de225bcb0bc544cb192820b36d6e90	calibration
dominant_to_evaluation	confirmatory::P85105	negative	86cc21bca61bd87e3a544b53de63d4a85a51acbb0d64b5ad6e6e2ba8aa8ab938	calibration
dominant_to_evaluation	confirmatory::P85204	negative	34efdb7da6465528647a3456cde08984bda0ce26aa0261df4c8efe316d3e0938	calibration
dominant_to_evaluation	confirmatory::P85206	negative	34efdb7da6465528647a3456cde08984bda0ce26aa0261df4c8efe316d3e0938	calibration
dominant_to_evaluation	confirmatory::P85224	positive	9fd4967cff40f412f7aa7def5ef46c577b9436f6aaf0e2d306211a8ad96bf45c	evaluation
dominant_to_evaluation	confirmatory::P85894	negative	86cc21bca61bd87e3a544b53de63d4a85a51acbb0d64b5ad6e6e2ba8aa8ab938	calibration
dominant_to_evaluation	confirmatory::P85966	negative	4b9e7bea9ce8ee8ae94698ef8499017333c8e1e95a44680dba3be60d8618dc01	evaluation
dominant_to_evaluation	confirmatory::P86137	negative	34efdb7da6465528647a3456cde08984bda0ce26aa0261df4c8efe316d3e0938	calibration
dominant_to_evaluation	confirmatory::P86193	positive	e3b13ba62a0bdd42d1e0a81b7ebdfec1ffd99e1887b2fd9ad435755bce68f6b9	evaluation
dominant_to_evaluation	confirmatory::P86239	negative	450882407bb31af420e3fb498b86045252de225bcb0bc544cb192820b36d6e90	calibration
dominant_to_evaluation	confirmatory::P86325	negative	d1c6ab564afa4059f4195e330c3f3d2fa72e6c258ca03ccbdb0ec294d4b10bcb	evaluation
dominant_to_evaluation	confirmatory::P86412	negative	34b41219611ac71b39f94001659d257ef301dc42fb86d0ab1b2396d000b25f11	calibration
dominant_to_evaluation	confirmatory::P86451	negative	91bd60dabb882867c24e7bc1c3c50d5e623a99ff781af028e7ff380940a7501d	evaluation
dominant_to_evaluation	confirmatory::P86473	negative	4b9e7bea9ce8ee8ae94698ef8499017333c8e1e95a44680dba3be60d8618dc01	evaluation
dominant_to_evaluation	confirmatory::P86521	negative	4b9e7bea9ce8ee8ae94698ef8499017333c8e1e95a44680dba3be60d8618dc01	evaluation
dominant_to_evaluation	confirmatory::P86527	negative	34efdb7da6465528647a3456cde08984bda0ce26aa0261df4c8efe316d3e0938	calibration
dominant_to_evaluation	confirmatory::P86809	negative	6b111aaea1b14ddb814846a85c23e172f370297153b0c3e30d310f7fcbc01eb9	evaluation
dominant_to_evaluation	confirmatory::P86987	negative	b364128ce74b38523f92d7e55811ecac6ee23ba8b6f23381aad717dd65560c27	evaluation
dominant_to_evaluation	confirmatory::P87184	negative	1bb7a69c5ac8dff09d9743d7de36e3db00db59e8de64893c6df4fc99ac9601d3	calibration
dominant_to_evaluation	confirmatory::P90698	negative	c29ace97e3f68e1ea5cedd577cec9590a47ff6f4fd7c3ef59a5be8b4e74a27cf	evaluation
dominant_to_evaluation	confirmatory::P91420	negative	369890e1b4fdd3f4d633bc750ce4706bc6a1c2d11deb58e010bd3f44230852d0	calibration
dominant_to_evaluation	confirmatory::P91797	negative	b56a1d7ee3560b19c7f62f09482881dc12d311b025a6f303bd3f6244b1c5bb96	evaluation
dominant_to_evaluation	confirmatory::P91863	negative	da1f730a80c0f0ed1f9303734404705fa18285380f99e8c78185dd847cf60b39	evaluation
dominant_to_evaluation	confirmatory::P91896	negative	50208ba7185986fdc3fd1b52d79feeb7da9b4c04f65a5deb9f7cc3291aa67f87	calibration
dominant_to_evaluation	confirmatory::P91953	negative	24063adf61b47696a5084aad279fba23bd2d452cb3a4e2a3d0222f5c61a60eb3	calibration
dominant_to_evaluation	confirmatory::P93198	negative	8f20d0c6980ead1e360a848d002432fd7be75037bb37add933645c20185679c7	calibration
dominant_to_evaluation	confirmatory::P93224	negative	86cc21bca61bd87e3a544b53de63d4a85a51acbb0d64b5ad6e6e2ba8aa8ab938	calibration
dominant_to_evaluation	confirmatory::P93431	negative	8681430580a6e93c9a5c5191318e81f81318672585060b391df6fac4041ca3f8	evaluation
dominant_to_evaluation	confirmatory::P93655	negative	6575fe00f3ccdc3a9bcd22237c35b4067cd150571930ca1e7aa9a8e6117d5536	calibration
dominant_to_evaluation	confirmatory::P93680	negative	4b9e7bea9ce8ee8ae94698ef8499017333c8e1e95a44680dba3be60d8618dc01	evaluation
dominant_to_evaluation	confirmatory::P93732	negative	87480a95a88b6b578d03758154256fdbdbb2e3418af2f8712b57ff0c18f5edc1	calibration
dominant_to_evaluation	confirmatory::P94667	negative	ea060f244e352de2544b388f1abc1899258898681ff665dbf7303805cc505276	evaluation
dominant_to_evaluation	confirmatory::P95459	negative	623f3f0445ba3d68f7f0b01360d57379b68a4bd25c5f902822b41b66dfcdfc89	calibration
dominant_to_evaluation	confirmatory::P96723	positive	8aba8b6d23474a88b7eebf104d228817cbec24158a7c525094d79679839e22aa	evaluation
dominant_to_evaluation	confirmatory::P97290	negative	7c001592a0af53a0b7029cb604d3d173bb64ff8d0eddd85c023a777d81f9b85a	calibration
dominant_to_evaluation	confirmatory::P97470	negative	369890e1b4fdd3f4d633bc750ce4706bc6a1c2d11deb58e010bd3f44230852d0	calibration
dominant_to_evaluation	confirmatory::P97515	negative	8aca6cf56151161615270e0611bfb487352bac7e999974bcc690200b9c87952d	evaluation
dominant_to_evaluation	confirmatory::P97535	negative	f65f268cda29366bb13f1b7087e9b249a64aeb6cb18e487923e1b256252c74c8	evaluation
dominant_to_evaluation	confirmatory::P97677	negative	24371bf2d6df09880740ab51a10a679536679e6846c484a18360798d6fe47647	calibration
dominant_to_evaluation	confirmatory::P98106	negative	d56efa2c4fa76222614d0864fe50657e6fc587cd0e1890c25a37bf138b4b5f1a	evaluation
dominant_to_evaluation	confirmatory::P98109	negative	d56efa2c4fa76222614d0864fe50657e6fc587cd0e1890c25a37bf138b4b5f1a	evaluation
dominant_to_evaluation	confirmatory::P98118	negative	7a843c3d1be2da28cbe8faefcec171d83c5cfee0333f1dd2fb60d4221d2894e0	evaluation
dominant_to_evaluation	confirmatory::P98131	negative	d56efa2c4fa76222614d0864fe50657e6fc587cd0e1890c25a37bf138b4b5f1a	evaluation
dominant_to_evaluation	confirmatory::P98137	negative	ba4d2614b5e550635440f4c6525e8134022aee773ce7679090791bd84dd97e71	evaluation
dominant_to_evaluation	confirmatory::P98154	negative	d845f4614da558aa09f4cb8097dd7c0f18155164fe8e907fe4c426cf12b0d6ad	calibration
dominant_to_evaluation	confirmatory::P9WEW3	negative	1bb7a69c5ac8dff09d9743d7de36e3db00db59e8de64893c6df4fc99ac9601d3	calibration
dominant_to_evaluation	confirmatory::P9WEW5	negative	1bb7a69c5ac8dff09d9743d7de36e3db00db59e8de64893c6df4fc99ac9601d3	calibration
dominant_to_evaluation	confirmatory::P9WF06	negative	78d47b6ed3ca78f8dd3831f4740c44d7c09df21a62571a8ab580879d33da35a9	calibration
dominant_to_evaluation	confirmatory::P9WFE6	negative	ea060f244e352de2544b388f1abc1899258898681ff665dbf7303805cc505276	evaluation
dominant_to_evaluation	confirmatory::P9WFF0	negative	ea060f244e352de2544b388f1abc1899258898681ff665dbf7303805cc505276	evaluation
dominant_to_evaluation	confirmatory::P9WFF1	negative	ea060f244e352de2544b388f1abc1899258898681ff665dbf7303805cc505276	evaluation
dominant_to_evaluation	confirmatory::P9WHR2	negative	5c319dcf9c742d6a7db48c3c941e52b3c5b94a1fea2310431a40afaed8bd94e9	evaluation
dominant_to_evaluation	confirmatory::P9WHR3	negative	5c319dcf9c742d6a7db48c3c941e52b3c5b94a1fea2310431a40afaed8bd94e9	evaluation
dominant_to_evaluation	confirmatory::P9WNH4	negative	8762b4dd22780fe23714f203220cc300c681de14521ee5b1a75119c4bf2ce030	evaluation
dominant_to_evaluation	confirmatory::P9WNH5	negative	8762b4dd22780fe23714f203220cc300c681de14521ee5b1a75119c4bf2ce030	evaluation
dominant_to_evaluation	confirmatory::P9WP64	negative	e85ca75fd21f08f6c5447a21dbe773f7d8e304b90e5a8fa84e16e5318ae32bc0	evaluation
dominant_to_evaluation	confirmatory::P9WP65	negative	e85ca75fd21f08f6c5447a21dbe773f7d8e304b90e5a8fa84e16e5318ae32bc0	evaluation
dominant_to_evaluation	confirmatory::P9WPH9	negative	b157b313e23a75883764646f88a009c79c8245674a159f9ab0b02b5366544c5e	evaluation
dominant_to_evaluation	confirmatory::P9WQ61	negative	d92fada7feca4c1cde83ce94c6a8fa940bb876766efac09bff27ee9a256a0ac2	calibration
dominant_to_evaluation	confirmatory::P9WQN3	negative	eeea9a44f3b92c0b64cfbc666ec4383718f1a51caad80d42dff39a6daf58eb04	evaluation
dominant_to_evaluation	confirmatory::P9WQN5	negative	5971e37049a5aa9cb39d3f93eb42978fd30f68cf207e961d7841bb2ef3ff45c3	calibration
dominant_to_evaluation	confirmatory::Q00008	negative	80265ba0cf707cc2b9ab56977abaa12643a893bd6a9a455337c6c3dedf45bd7a	calibration
dominant_to_evaluation	confirmatory::Q00652	negative	bf30e013f16aa81ae1fa35895609c363048eab7576368053fb0f2db1dc661092	evaluation
dominant_to_evaluation	confirmatory::Q00653	negative	a57533e38099ea960ab1f9d4350d4e3eb6a919a313090b8648660eab8a5859d5	calibration
dominant_to_evaluation	confirmatory::Q00690	negative	d56efa2c4fa76222614d0864fe50657e6fc587cd0e1890c25a37bf138b4b5f1a	evaluation
dominant_to_evaluation	confirmatory::Q00724	negative	c82f4a3ea808a94af9f0fd360da5430293718adb20211aa3407793363c52542d	evaluation
dominant_to_evaluation	confirmatory::Q00915	negative	7e90cee412221196bcc5f07c4f195b89927144c6913a290671cfdac2f6ba7db5	calibration
dominant_to_evaluation	confirmatory::Q01102	negative	d56efa2c4fa76222614d0864fe50657e6fc587cd0e1890c25a37bf138b4b5f1a	evaluation
dominant_to_evaluation	confirmatory::Q01443	negative	8927deb3d36b81872f02f6f2fa6723ab07c6e1431a67fe41e943be1849602b11	evaluation
dominant_to_evaluation	confirmatory::Q01469	negative	34b41219611ac71b39f94001659d257ef301dc42fb86d0ab1b2396d000b25f11	calibration
dominant_to_evaluation	confirmatory::Q01470	negative	d1c6ab564afa4059f4195e330c3f3d2fa72e6c258ca03ccbdb0ec294d4b10bcb	evaluation
dominant_to_evaluation	confirmatory::Q01584	negative	fff12e77db30d8d5054c219a61e7eadca02694fd845a38e729300f128215237b	evaluation
dominant_to_evaluation	confirmatory::Q01853	negative	199e5e746f1a78658450a2ba041b79aef49bbb4feb4fdafedee11b7288c9ede8	calibration
dominant_to_evaluation	confirmatory::Q01866	negative	e05601ea88e959e19ab806ffbb105c627801c8bb5ad09dc89365ca58c7e075e4	evaluation
dominant_to_evaluation	confirmatory::Q01881	negative	f7a616fde5389141c0e4c34abab3803332ab61f9588c2aa0912a794e89fe69e4	calibration
dominant_to_evaluation	confirmatory::Q01882	negative	f7a616fde5389141c0e4c34abab3803332ab61f9588c2aa0912a794e89fe69e4	calibration
dominant_to_evaluation	confirmatory::Q01883	negative	f7a616fde5389141c0e4c34abab3803332ab61f9588c2aa0912a794e89fe69e4	calibration
dominant_to_evaluation	confirmatory::Q01939	negative	23d5a3bd524d30d0ed03bfe373885d5527e4035c98c411d13a9667a063013c6e	evaluation
dominant_to_evaluation	confirmatory::Q01MB6	negative	4b9e7bea9ce8ee8ae94698ef8499017333c8e1e95a44680dba3be60d8618dc01	evaluation
dominant_to_evaluation	confirmatory::Q02020	negative	450882407bb31af420e3fb498b86045252de225bcb0bc544cb192820b36d6e90	calibration
dominant_to_evaluation	confirmatory::Q02297	negative	91b858f346ac3afb4728681d878a568bfffadbc62d247fa1e5ced92f762b8c96	calibration
dominant_to_evaluation	confirmatory::Q02815	negative	22908ea1541a1b07146f2bd28daaa95ec311bcc862f3182fe7289c27fc0bc4d0	evaluation
dominant_to_evaluation	confirmatory::Q02853	negative	24063adf61b47696a5084aad279fba23bd2d452cb3a4e2a3d0222f5c61a60eb3	calibration
dominant_to_evaluation	confirmatory::Q02891	negative	ae3db36d713f78343ecf11e78c37d92f7a53f0a9ae82c1e682214913ef379127	evaluation
dominant_to_evaluation	confirmatory::Q02943	negative	ea060f244e352de2544b388f1abc1899258898681ff665dbf7303805cc505276	evaluation
dominant_to_evaluation	confirmatory::Q02FF4	negative	ea060f244e352de2544b388f1abc1899258898681ff665dbf7303805cc505276	evaluation
dominant_to_evaluation	confirmatory::Q03017	negative	663be53e07797c6b53cd11f748d22569d84aed21c35499a0aad9fa75e57a441d	calibration
dominant_to_evaluation	confirmatory::Q03110	negative	9115b03cb3061d687b03fddc7be898a18890649d629080776e40a00b900bba11	calibration
dominant_to_evaluation	confirmatory::Q03196	negative	59a7c73ad4f71325dc069b3b56a6706bf834b27f6842c0393bb71d87efb0b3c8	calibration
dominant_to_evaluation	confirmatory::Q03197	negative	bf30e013f16aa81ae1fa35895609c363048eab7576368053fb0f2db1dc661092	evaluation
dominant_to_evaluation	confirmatory::Q03282	negative	ea060f244e352de2544b388f1abc1899258898681ff665dbf7303805cc505276	evaluation
dominant_to_evaluation	confirmatory::Q03284	negative	ea060f244e352de2544b388f1abc1899258898681ff665dbf7303805cc505276	evaluation
dominant_to_evaluation	confirmatory::Q03333	negative	da1f730a80c0f0ed1f9303734404705fa18285380f99e8c78185dd847cf60b39	evaluation
dominant_to_evaluation	confirmatory::Q03383	negative	1bad7339ca2028d57e74409846e4a10cdd8d5d1c129e7eda85d5b0f739da9011	calibration
dominant_to_evaluation	confirmatory::Q03420	negative	1bb7a69c5ac8dff09d9743d7de36e3db00db59e8de64893c6df4fc99ac9601d3	calibration
dominant_to_evaluation	confirmatory::Q03461	negative	86cc21bca61bd87e3a544b53de63d4a85a51acbb0d64b5ad6e6e2ba8aa8ab938	calibration
dominant_to_evaluation	confirmatory::Q03649	negative	ae3db36d713f78343ecf11e78c37d92f7a53f0a9ae82c1e682214913ef379127	evaluation
dominant_to_evaluation	confirmatory::Q03ME3	negative	ea060f244e352de2544b388f1abc1899258898681ff665dbf7303805cc505276	evaluation
dominant_to_evaluation	confirmatory::Q03ME5	negative	ea060f244e352de2544b388f1abc1899258898681ff665dbf7303805cc505276	evaluation
dominant_to_evaluation	confirmatory::Q04119	negative	9e381da930fef3e2a273c2551bf164251114ab43d834a36960257f4302374291	evaluation
dominant_to_evaluation	confirmatory::Q04456	negative	d1c6ab564afa4059f4195e330c3f3d2fa72e6c258ca03ccbdb0ec294d4b10bcb	evaluation
dominant_to_evaluation	confirmatory::Q04457	negative	d1c6ab564afa4059f4195e330c3f3d2fa72e6c258ca03ccbdb0ec294d4b10bcb	evaluation
dominant_to_evaluation	confirmatory::Q04519	negative	bd77a94d6f7bd336f5f75129f2f325ac5fb84bd5f6d30ac29dcd849ddde97e20	evaluation
dominant_to_evaluation	confirmatory::Q04623	negative	98c5ad590271b1569d010cb76a6a792e17d2b93cd34ef8f21084c236959397d0	evaluation
dominant_to_evaluation	confirmatory::Q04749	negative	ad901a5bcc23a8092fb46ec2aa08a464e61fa74edde453c0216fac8d72b06a96	calibration
dominant_to_evaluation	confirmatory::Q05110	negative	25545dadd80435581e74794c9216eeb66ace8228a86901b5932e62c7acee96bd	calibration
dominant_to_evaluation	confirmatory::Q05117	negative	5f720ffdffee0343aa112bd6ae6fcfb774d18bbb2e61a319453a29f6f389cdbb	calibration
dominant_to_evaluation	confirmatory::Q05332	negative	2cc909198de5bc355e0ffb1e1231892043c8b30f779aa53c4a53c3b15b3891c0	evaluation
dominant_to_evaluation	confirmatory::Q05487	negative	d1c6ab564afa4059f4195e330c3f3d2fa72e6c258ca03ccbdb0ec294d4b10bcb	evaluation
dominant_to_evaluation	confirmatory::Q05547	negative	369890e1b4fdd3f4d633bc750ce4706bc6a1c2d11deb58e010bd3f44230852d0	calibration
dominant_to_evaluation	confirmatory::Q05681	negative	80188e9791182b3a7d2f79c0e2ed86136b48ed6a049411d036b36313dbd8bbd5	calibration
dominant_to_evaluation	confirmatory::Q05769	negative	eaccb7debaadc3ca12235f53d0889fe4d708ee20342c7afff2cd364bfff58c6f	evaluation
dominant_to_evaluation	confirmatory::Q05772	negative	8f8da713303fc3e9da5300981fa592399dd69f945ee35063684c899fb1bc1d27	calibration
dominant_to_evaluation	confirmatory::Q05816	negative	34b41219611ac71b39f94001659d257ef301dc42fb86d0ab1b2396d000b25f11	calibration
dominant_to_evaluation	confirmatory::Q05921	negative	8a44bb51ec4eefdb9a75271fb68dc8961d0762b14bd07eab19ffabc446d14663	evaluation
dominant_to_evaluation	confirmatory::Q05924	negative	35fb562852952c09ea18952cafc9064066586aa02b57befdd329c08c3ac2a0f2	calibration
dominant_to_evaluation	confirmatory::Q05AK6	negative	09a5c6daa4509edcd9a50cdcab8952c9c902cbc82772d0954acdce88324b4fe6	calibration
dominant_to_evaluation	confirmatory::Q05AS3	negative	9be8126a2dbfcd7513074efb8f97e42b52a270b713971328a72dcad11b7a1f84	calibration
dominant_to_evaluation	confirmatory::Q06000	negative	82e1c2f759ec8bf899994b4553b7d3cc20a8d7c5d625a051f6b6104ee4a7005f	evaluation
dominant_to_evaluation	confirmatory::Q06145	negative	1266174c120eff8e5214e2b55ed12604c60139466c562171145fa9d0b0892018	calibration
dominant_to_evaluation	confirmatory::Q06153	positive	9b446bcf70c7a2a62ea0c4709acc86129f0edc80d3444e22acb186e3c15e6177	evaluation
dominant_to_evaluation	confirmatory::Q06186	negative	e41d009e5cb7f58c790b0ca9602f9e786b86e33e1a576f001d4c24b1e5f1e2d5	calibration
dominant_to_evaluation	confirmatory::Q06209	negative	4b9e7bea9ce8ee8ae94698ef8499017333c8e1e95a44680dba3be60d8618dc01	evaluation
dominant_to_evaluation	confirmatory::Q06547	negative	922c536314c57b8fad9957583decb99342da4d7a7fbcfbc74f1573e7ce15839c	evaluation
dominant_to_evaluation	confirmatory::Q06770	negative	a5ebffc2e2dbb22bd5322e5b7f495ec0102e8dba67dfdb8b96b9aa84fa7da6f3	evaluation
dominant_to_evaluation	confirmatory::Q06K77	positive	06b04081f38ec9ec550fefb73257890566c9b13ae79c26ee55aa6ed8bfd188e2	evaluation
dominant_to_evaluation	confirmatory::Q06VC5	negative	256f8bc81e5f127a1aa39a394495cd832ff8d5cee83f939b0288bf6f2264716b	evaluation
dominant_to_evaluation	confirmatory::Q07098	negative	369890e1b4fdd3f4d633bc750ce4706bc6a1c2d11deb58e010bd3f44230852d0	calibration
dominant_to_evaluation	confirmatory::Q07099	negative	369890e1b4fdd3f4d633bc750ce4706bc6a1c2d11deb58e010bd3f44230852d0	calibration
dominant_to_evaluation	confirmatory::Q07100	negative	369890e1b4fdd3f4d633bc750ce4706bc6a1c2d11deb58e010bd3f44230852d0	calibration
dominant_to_evaluation	confirmatory::Q07108	negative	d78d49674f37632ea0ae0056416cafb4fe0ca7fc10a007fbd7127ad0e6c90b4a	calibration
dominant_to_evaluation	confirmatory::Q07397	negative	ea060f244e352de2544b388f1abc1899258898681ff665dbf7303805cc505276	evaluation
dominant_to_evaluation	confirmatory::Q07399	negative	ea060f244e352de2544b388f1abc1899258898681ff665dbf7303805cc505276	evaluation
dominant_to_evaluation	confirmatory::Q07444	negative	ba638047c24605d7840baa21456a792eb87dea0d635a9d6b405f0050d0dcb588	evaluation
dominant_to_evaluation	confirmatory::Q07646	negative	f57c6cf461f021788bb7f38d55fb443eb4f59d5c8171c8c0af30ab029f1bfb82	evaluation
dominant_to_evaluation	confirmatory::Q07730	positive	fc1cd218af6bd9e46ce3551bc43f80f187a3cc6e34adc65cd63f7b24dee830fa	evaluation
dominant_to_evaluation	confirmatory::Q07DV3	negative	fda4691ac7474afa1416f69875bb1ae70c656582bd0ae9c47990dadde158ccc4	calibration
dominant_to_evaluation	confirmatory::Q07DX6	negative	fda4691ac7474afa1416f69875bb1ae70c656582bd0ae9c47990dadde158ccc4	calibration
dominant_to_evaluation	confirmatory::Q07DY6	negative	fda4691ac7474afa1416f69875bb1ae70c656582bd0ae9c47990dadde158ccc4	calibration
dominant_to_evaluation	confirmatory::Q07DZ7	negative	fda4691ac7474afa1416f69875bb1ae70c656582bd0ae9c47990dadde158ccc4	calibration
dominant_to_evaluation	confirmatory::Q07E17	negative	fda4691ac7474afa1416f69875bb1ae70c656582bd0ae9c47990dadde158ccc4	calibration
dominant_to_evaluation	confirmatory::Q07K70	negative	ea060f244e352de2544b388f1abc1899258898681ff665dbf7303805cc505276	evaluation
dominant_to_evaluation	confirmatory::Q07K73	negative	ea060f244e352de2544b388f1abc1899258898681ff665dbf7303805cc505276	evaluation
dominant_to_evaluation	confirmatory::Q08209	negative	80188e9791182b3a7d2f79c0e2ed86136b48ed6a049411d036b36313dbd8bbd5	calibration
dominant_to_evaluation	confirmatory::Q08279	negative	22908ea1541a1b07146f2bd28daaa95ec311bcc862f3182fe7289c27fc0bc4d0	evaluation
dominant_to_evaluation	confirmatory::Q08431	negative	67b28ba5e81d277aab432e8590ea0314688bb8591ebef3ca06a6935723ff3652	evaluation
dominant_to_evaluation	confirmatory::Q08519	negative	d4b8fd03a3caaecd44d5b548daa02c315b9633db3506830623271b9a37653456	calibration
dominant_to_evaluation	confirmatory::Q08535	negative	2f6765a2a89871a6eb92d3007f7c1b382fd5307197640e9907ad0db6980fd8ae	calibration
dominant_to_evaluation	confirmatory::Q08652	negative	7e90cee412221196bcc5f07c4f195b89927144c6913a290671cfdac2f6ba7db5	calibration
dominant_to_evaluation	confirmatory::Q08662	negative	d1c6ab564afa4059f4195e330c3f3d2fa72e6c258ca03ccbdb0ec294d4b10bcb	evaluation
dominant_to_evaluation	confirmatory::Q08697	negative	80265ba0cf707cc2b9ab56977abaa12643a893bd6a9a455337c6c3dedf45bd7a	calibration
dominant_to_evaluation	confirmatory::Q08716	negative	ea060f244e352de2544b388f1abc1899258898681ff665dbf7303805cc505276	evaluation
dominant_to_evaluation	confirmatory::Q08830	negative	450882407bb31af420e3fb498b86045252de225bcb0bc544cb192820b36d6e90	calibration
dominant_to_evaluation	confirmatory::Q08DW9	negative	86a5c1bfc5908ede8123b1f6c7156fccf03d9d9b70f3f68acd76dfc146e5b158	evaluation
dominant_to_evaluation	confirmatory::Q09131	negative	bb6ceea07e989d80c137788cdbdfd634ab9becd492e572919974a7e2ecc7bc23	calibration
dominant_to_evaluation	confirmatory::Q09139	negative	34b41219611ac71b39f94001659d257ef301dc42fb86d0ab1b2396d000b25f11	calibration
dominant_to_evaluation	confirmatory::Q09169	negative	9d2bb9c0ec111008855c185d034a9f835f297b67d775b83c19cacc5a83480fca	evaluation
dominant_to_evaluation	confirmatory::Q09175	negative	0840af6d61e535996fdac85e4931f62ffc2b0d5e510092ed0bdf24addc0a25f9	evaluation
dominant_to_evaluation	confirmatory::Q09496	negative	369890e1b4fdd3f4d633bc750ce4706bc6a1c2d11deb58e010bd3f44230852d0	calibration
dominant_to_evaluation	confirmatory::Q09701	negative	651b9e92e4ecdc30680b00e0468876c9c908e05f14b01e162f2fa49e6daa2c3c	calibration
dominant_to_evaluation	confirmatory::Q09803	negative	12099ebff3efead5c06a18a835e5239edabab4ca79c6c9ba0c916ef443726217	evaluation
dominant_to_evaluation	confirmatory::Q09843	negative	694df2b5849b10ec08101ea2af6560538999a3c675f58d38bdfa8b4f58b573a3	calibration
dominant_to_evaluation	confirmatory::Q09TK7	negative	6b0ebc54dfc64f7e2c289708b3968aada03a867dbdba2a8bd6abfebd1ad576b8	calibration
dominant_to_evaluation	confirmatory::Q09TK9	negative	4dd182530990b6549f71b8bf81edf5846a3c0fdfd4cb11f7de9dd14c51877cba	calibration
dominant_to_evaluation	confirmatory::Q09YH1	negative	fda4691ac7474afa1416f69875bb1ae70c656582bd0ae9c47990dadde158ccc4	calibration
dominant_to_evaluation	confirmatory::Q09YK6	negative	fda4691ac7474afa1416f69875bb1ae70c656582bd0ae9c47990dadde158ccc4	calibration
dominant_to_evaluation	confirmatory::Q0BHN3	negative	ea060f244e352de2544b388f1abc1899258898681ff665dbf7303805cc505276	evaluation
dominant_to_evaluation	confirmatory::Q0BHN5	negative	ea060f244e352de2544b388f1abc1899258898681ff665dbf7303805cc505276	evaluation
dominant_to_evaluation	confirmatory::Q0BQ42	negative	ea060f244e352de2544b388f1abc1899258898681ff665dbf7303805cc505276	evaluation
dominant_to_evaluation	confirmatory::Q0DN94	negative	9e66f92e3f626e738b94300e03df7a1a329731025f17ed2efddc46e081025f75	calibration
dominant_to_evaluation	confirmatory::Q0E2S4	negative	369890e1b4fdd3f4d633bc750ce4706bc6a1c2d11deb58e010bd3f44230852d0	calibration
dominant_to_evaluation	confirmatory::Q0E587	negative	4d74d15aa3e2d11db54a7e73cd34e515d68628198cbd4d2a4d5f565252515ccb	calibration
dominant_to_evaluation	confirmatory::Q0E588	negative	38e2f0eec7775cc2dd50604c78708b92566c8dd7c5c225fb2b2533265d59c07a	calibration
dominant_to_evaluation	confirmatory::Q0E8C8	negative	232e68042990aa2d6dfdf8f6484cf31b647eb80f7a23965c2942f14610d76bf2	calibration
dominant_to_evaluation	confirmatory::Q0G819	negative	80188e9791182b3a7d2f79c0e2ed86136b48ed6a049411d036b36313dbd8bbd5	calibration
dominant_to_evaluation	confirmatory::Q0H8B9	negative	e73c96ea43f7190ef92adf35894e2eb0a0c6332b069837b46e96d09e4da1989a	calibration
dominant_to_evaluation	confirmatory::Q0I656	negative	ea060f244e352de2544b388f1abc1899258898681ff665dbf7303805cc505276	evaluation
dominant_to_evaluation	confirmatory::Q0I658	negative	ea060f244e352de2544b388f1abc1899258898681ff665dbf7303805cc505276	evaluation
dominant_to_evaluation	confirmatory::Q0IQK9	negative	34efdb7da6465528647a3456cde08984bda0ce26aa0261df4c8efe316d3e0938	calibration
dominant_to_evaluation	confirmatory::Q0J0A4	negative	80a4a9f363a89d8ed82f93d5e47a0d470f2326e942d948577be7d51473425c16	evaluation
dominant_to_evaluation	confirmatory::Q0JJ01	negative	0c8086f45593ce731d32d9faba840aad5c05b57a307b6bf8220176cb31e54e21	evaluation
dominant_to_evaluation	confirmatory::Q0KCP6	negative	ea060f244e352de2544b388f1abc1899258898681ff665dbf7303805cc505276	evaluation
dominant_to_evaluation	confirmatory::Q0P4P2	negative	450882407bb31af420e3fb498b86045252de225bcb0bc544cb192820b36d6e90	calibration
dominant_to_evaluation	confirmatory::Q0RQR8	negative	ea060f244e352de2544b388f1abc1899258898681ff665dbf7303805cc505276	evaluation
dominant_to_evaluation	confirmatory::Q0S4S7	negative	ea060f244e352de2544b388f1abc1899258898681ff665dbf7303805cc505276	evaluation
dominant_to_evaluation	confirmatory::Q0S4S9	negative	ea060f244e352de2544b388f1abc1899258898681ff665dbf7303805cc505276	evaluation
dominant_to_evaluation	confirmatory::Q0TC55	negative	d52af3aeba16f166910db4a02e939c6bcf3e5ff1879d6147eae4d668380d76f5	calibration
dominant_to_evaluation	confirmatory::Q0V8B6	negative	c8bc632faaa2dd7e9e07420c2893908d6cabe65710e6f1a8676bef0b20dead16	evaluation
dominant_to_evaluation	confirmatory::Q0V9K2	negative	0117c31c5e8a946d348c2967069bc984bdac99ef7914e687858f626281ab9502	calibration
dominant_to_evaluation	confirmatory::Q0VC00	negative	b039ccfd244270e65ee7ca7692ed51ef79a65b1b20862267a28d1dbe4cbb86af	evaluation
dominant_to_evaluation	confirmatory::Q0VD19	negative	bd77a94d6f7bd336f5f75129f2f325ac5fb84bd5f6d30ac29dcd849ddde97e20	evaluation
dominant_to_evaluation	confirmatory::Q0VIL3	negative	b5e03c01fa8ec788c62418b308c35377fee931c14cd5cf80a972b831ec1b8f8d	calibration
dominant_to_evaluation	confirmatory::Q0VKX9	negative	ea060f244e352de2544b388f1abc1899258898681ff665dbf7303805cc505276	evaluation
dominant_to_evaluation	confirmatory::Q0VKY1	negative	ea060f244e352de2544b388f1abc1899258898681ff665dbf7303805cc505276	evaluation
dominant_to_evaluation	confirmatory::Q0WNE5	negative	8856a301a53b40267674a10bd768cede15c5151a16a718cdb44895a97796ee69	evaluation
dominant_to_evaluation	confirmatory::Q10738	negative	24063adf61b47696a5084aad279fba23bd2d452cb3a4e2a3d0222f5c61a60eb3	calibration
dominant_to_evaluation	confirmatory::Q10739	negative	24063adf61b47696a5084aad279fba23bd2d452cb3a4e2a3d0222f5c61a60eb3	calibration
dominant_to_evaluation	confirmatory::Q10835	negative	24063adf61b47696a5084aad279fba23bd2d452cb3a4e2a3d0222f5c61a60eb3	calibration
dominant_to_evaluation	confirmatory::Q108U1	negative	fda4691ac7474afa1416f69875bb1ae70c656582bd0ae9c47990dadde158ccc4	calibration
dominant_to_evaluation	confirmatory::Q10916	negative	bd77a94d6f7bd336f5f75129f2f325ac5fb84bd5f6d30ac29dcd849ddde97e20	evaluation
dominant_to_evaluation	confirmatory::Q10994	negative	e18b4e5fbde76978c2080f2894717f1f991e2dfb87f46a80f37a5cab5ea38ab0	calibration
dominant_to_evaluation	confirmatory::Q10ST8	negative	6b111aaea1b14ddb814846a85c23e172f370297153b0c3e30d310f7fcbc01eb9	evaluation
dominant_to_evaluation	confirmatory::Q11005	negative	24063adf61b47696a5084aad279fba23bd2d452cb3a4e2a3d0222f5c61a60eb3	calibration
dominant_to_evaluation	confirmatory::Q11133	negative	24063adf61b47696a5084aad279fba23bd2d452cb3a4e2a3d0222f5c61a60eb3	calibration
dominant_to_evaluation	confirmatory::Q117Z3	negative	ea060f244e352de2544b388f1abc1899258898681ff665dbf7303805cc505276	evaluation
dominant_to_evaluation	confirmatory::Q11VN3	negative	ea060f244e352de2544b388f1abc1899258898681ff665dbf7303805cc505276	evaluation
dominant_to_evaluation	confirmatory::Q12385	negative	98c5ad590271b1569d010cb76a6a792e17d2b93cd34ef8f21084c236959397d0	evaluation
dominant_to_evaluation	confirmatory::Q12546	negative	1bf9d2a3ff76529af0bd4c5d86ae87dfaacba148a14660dee67f54fdb6608360	evaluation
dominant_to_evaluation	confirmatory::Q12918	negative	8b82ebf287b833af4d036924547c8249a2374ba8620909e97c73d9f10372ee04	calibration
dominant_to_evaluation	confirmatory::Q12DU1	negative	ea060f244e352de2544b388f1abc1899258898681ff665dbf7303805cc505276	evaluation
dominant_to_evaluation	confirmatory::Q133L6	negative	ea060f244e352de2544b388f1abc1899258898681ff665dbf7303805cc505276	evaluation
dominant_to_evaluation	confirmatory::Q13415	negative	72cb9fee1f9973e32bfa12f20c8173839167e61b5269a4617fc576f7404699c4	calibration
dominant_to_evaluation	confirmatory::Q13608	negative	199e5e746f1a78658450a2ba041b79aef49bbb4feb4fdafedee11b7288c9ede8	calibration
dominant_to_evaluation	confirmatory::Q14210	negative	26711c766da1911f4bf596b105c186a2ff65f3225bc9762c87ffe5eb880b32c0	evaluation
dominant_to_evaluation	confirmatory::Q14314	negative	450882407bb31af420e3fb498b86045252de225bcb0bc544cb192820b36d6e90	calibration
dominant_to_evaluation	confirmatory::Q144E2	negative	ea060f244e352de2544b388f1abc1899258898681ff665dbf7303805cc505276	evaluation
dominant_to_evaluation	confirmatory::Q148C3	negative	26711c766da1911f4bf596b105c186a2ff65f3225bc9762c87ffe5eb880b32c0	evaluation
dominant_to_evaluation	confirmatory::Q15389	negative	450882407bb31af420e3fb498b86045252de225bcb0bc544cb192820b36d6e90	calibration
dominant_to_evaluation	confirmatory::Q15645	negative	47075aafe6d2bac6e113584978b26f2f7857387210bec32ad7cf1bf1364b6c8c	calibration
dominant_to_evaluation	confirmatory::Q15653	negative	f5946217655b779cbdb7da1594ab1ee01d52642a7d2cf2070fa5df1454f6a452	calibration
dominant_to_evaluation	confirmatory::Q15777	negative	954b55641f50254b0d08cce06f30e91b60b69b65b83254277a852aac2b7ed08a	evaluation
dominant_to_evaluation	confirmatory::Q161S8	negative	ea060f244e352de2544b388f1abc1899258898681ff665dbf7303805cc505276	evaluation
dominant_to_evaluation	confirmatory::Q161T2	negative	ea060f244e352de2544b388f1abc1899258898681ff665dbf7303805cc505276	evaluation
dominant_to_evaluation	confirmatory::Q16553	negative	412ebf19781844419f07c45188fde84b1712a4113a21c291d54300b8a26fc585	evaluation
dominant_to_evaluation	confirmatory::Q17017	negative	34b41219611ac71b39f94001659d257ef301dc42fb86d0ab1b2396d000b25f11	calibration
dominant_to_evaluation	confirmatory::Q17194	negative	50208ba7185986fdc3fd1b52d79feeb7da9b4c04f65a5deb9f7cc3291aa67f87	calibration
dominant_to_evaluation	confirmatory::Q17284	negative	34b41219611ac71b39f94001659d257ef301dc42fb86d0ab1b2396d000b25f11	calibration
dominant_to_evaluation	confirmatory::Q17QH6	negative	87d425c65ac584d5e4c581986c739f7692b2578e446bf382551a86cc21557ecd	evaluation
dominant_to_evaluation	confirmatory::Q17QP1	negative	d2d18a2bc9017c988a97041e7913c4a22389f8f47b279d83b86b94462d23e94f	evaluation
dominant_to_evaluation	confirmatory::Q17VS7	negative	ea060f244e352de2544b388f1abc1899258898681ff665dbf7303805cc505276	evaluation
dominant_to_evaluation	confirmatory::Q18EB8	negative	ea060f244e352de2544b388f1abc1899258898681ff665dbf7303805cc505276	evaluation
dominant_to_evaluation	confirmatory::Q18EB9	negative	ea060f244e352de2544b388f1abc1899258898681ff665dbf7303805cc505276	evaluation
dominant_to_evaluation	confirmatory::Q19204	negative	2f8416df2374c5b49b2cb1afe27cecde6deb2fa2b5dead7f830f4605c8f5b21b	calibration
dominant_to_evaluation	confirmatory::Q1B870	negative	ea060f244e352de2544b388f1abc1899258898681ff665dbf7303805cc505276	evaluation
dominant_to_evaluation	confirmatory::Q1B872	negative	ea060f244e352de2544b388f1abc1899258898681ff665dbf7303805cc505276	evaluation
dominant_to_evaluation	confirmatory::Q1BYH0	negative	ea060f244e352de2544b388f1abc1899258898681ff665dbf7303805cc505276	evaluation
dominant_to_evaluation	confirmatory::Q1BYH2	negative	ea060f244e352de2544b388f1abc1899258898681ff665dbf7303805cc505276	evaluation
dominant_to_evaluation	confirmatory::Q1C5B3	negative	ea060f244e352de2544b388f1abc1899258898681ff665dbf7303805cc505276	evaluation
dominant_to_evaluation	confirmatory::Q1C5B5	negative	ea060f244e352de2544b388f1abc1899258898681ff665dbf7303805cc505276	evaluation
dominant_to_evaluation	confirmatory::Q1CKJ9	negative	ea060f244e352de2544b388f1abc1899258898681ff665dbf7303805cc505276	evaluation
dominant_to_evaluation	confirmatory::Q1CKK1	negative	ea060f244e352de2544b388f1abc1899258898681ff665dbf7303805cc505276	evaluation
dominant_to_evaluation	confirmatory::Q1CV81	negative	ea060f244e352de2544b388f1abc1899258898681ff665dbf7303805cc505276	evaluation
dominant_to_evaluation	confirmatory::Q1CV82	negative	ea060f244e352de2544b388f1abc1899258898681ff665dbf7303805cc505276	evaluation
dominant_to_evaluation	confirmatory::Q1DFT5	negative	21b6803e980b4100cde10a1f99022cfd345351cf94516b3d0ca4cde64db2a7f4	calibration
dominant_to_evaluation	confirmatory::Q1GJP6	negative	ea060f244e352de2544b388f1abc1899258898681ff665dbf7303805cc505276	evaluation
dominant_to_evaluation	confirmatory::Q1GJP8	negative	ea060f244e352de2544b388f1abc1899258898681ff665dbf7303805cc505276	evaluation
dominant_to_evaluation	confirmatory::Q1HLC0	positive	710eb036024b5d50e6d748023a6368626bdf41af5f63874a6746cee0576a9a3d	evaluation
dominant_to_evaluation	confirmatory::Q1I8U1	positive	37a68aca08cc4cd1d1af492be10b74e52a5948ea83cde728161ed478a544f236	evaluation
dominant_to_evaluation	confirmatory::Q1IBP0	negative	ea060f244e352de2544b388f1abc1899258898681ff665dbf7303805cc505276	evaluation
dominant_to_evaluation	confirmatory::Q1IBP2	negative	ea060f244e352de2544b388f1abc1899258898681ff665dbf7303805cc505276	evaluation
dominant_to_evaluation	confirmatory::Q1J115	negative	dccb74d38eb5e7a9f23fe80d041bb156f74f05b1c460fdc8136e9dbd7d77d278	evaluation
dominant_to_evaluation	confirmatory::Q1JPD2	negative	19e73a82bf4cb2521cfe2b344a15acf1f9bc96fc692b16e9e3b365f8c7af5ab6	calibration
dominant_to_evaluation	confirmatory::Q1JPL7	positive	d1141893a83fd0fa499a0d75ef899f4a1ab0167d70a29f2457ca64ebd1a2af28	evaluation
dominant_to_evaluation	confirmatory::Q1JU72	negative	99f40f5f5deac002e1b3d68b6ea089ee9bc93d5873f98c72e3a3b22286c5e09d	calibration
dominant_to_evaluation	confirmatory::Q1KN10	negative	0035a6b36c85976691c35680e50e2e247b19db3df154628a849d5fc053110f15	evaluation
dominant_to_evaluation	confirmatory::Q1KN12	negative	0035a6b36c85976691c35680e50e2e247b19db3df154628a849d5fc053110f15	evaluation
dominant_to_evaluation	confirmatory::Q1KN16	negative	0035a6b36c85976691c35680e50e2e247b19db3df154628a849d5fc053110f15	evaluation
dominant_to_evaluation	confirmatory::Q1KN19	negative	0035a6b36c85976691c35680e50e2e247b19db3df154628a849d5fc053110f15	evaluation
dominant_to_evaluation	confirmatory::Q1KN21	negative	0035a6b36c85976691c35680e50e2e247b19db3df154628a849d5fc053110f15	evaluation
dominant_to_evaluation	confirmatory::Q1KN23	negative	0035a6b36c85976691c35680e50e2e247b19db3df154628a849d5fc053110f15	evaluation
dominant_to_evaluation	confirmatory::Q1LPT2	negative	ea060f244e352de2544b388f1abc1899258898681ff665dbf7303805cc505276	evaluation
dominant_to_evaluation	confirmatory::Q1LVW0	negative	f3e5c6d5116f4118b1a63715527d0f706cb7812884928e45eed377db3936c19d	evaluation
dominant_to_evaluation	confirmatory::Q1LZ86	negative	56c839bfe860f6cc35f76b3271a1727683ddb45a364c32cc9b290abb6e0b446c	evaluation
dominant_to_evaluation	confirmatory::Q1LZC5	negative	c5e2be88b1228a5fe292dfa6bf01adfcb55983d3c6eccfb6b3c05b612e4a3de6	calibration
dominant_to_evaluation	confirmatory::Q1LZH7	negative	025fe66b9459a9368bbbc7e07ac2d8f2d812ba27ec9e250c1a574f49089748b0	calibration
dominant_to_evaluation	confirmatory::Q1MCV5	negative	ea060f244e352de2544b388f1abc1899258898681ff665dbf7303805cc505276	evaluation
dominant_to_evaluation	confirmatory::Q1MCV9	negative	ea060f244e352de2544b388f1abc1899258898681ff665dbf7303805cc505276	evaluation
dominant_to_evaluation	confirmatory::Q1PBC5	negative	87d425c65ac584d5e4c581986c739f7692b2578e446bf382551a86cc21557ecd	evaluation
dominant_to_evaluation	confirmatory::Q1PDW5	negative	b587bef3e5d94148fb6edeb8462e56d2a1573d0e113db913c44f4bfefa67c9fa	evaluation
dominant_to_evaluation	confirmatory::Q1PDX5	negative	0d9f327b1073890bfb36e5ee168a06ee2714bac452b116df3ae13f3e08179c5f	evaluation
dominant_to_evaluation	confirmatory::Q1QC34	negative	ea060f244e352de2544b388f1abc1899258898681ff665dbf7303805cc505276	evaluation
dominant_to_evaluation	confirmatory::Q1QC36	negative	ea060f244e352de2544b388f1abc1899258898681ff665dbf7303805cc505276	evaluation
dominant_to_evaluation	confirmatory::Q1QCE0	negative	ea060f244e352de2544b388f1abc1899258898681ff665dbf7303805cc505276	evaluation
dominant_to_evaluation	confirmatory::Q1QCE2	negative	ea060f244e352de2544b388f1abc1899258898681ff665dbf7303805cc505276	evaluation
dominant_to_evaluation	confirmatory::Q1QV51	negative	ea060f244e352de2544b388f1abc1899258898681ff665dbf7303805cc505276	evaluation
dominant_to_evaluation	confirmatory::Q1R5M2	negative	d52af3aeba16f166910db4a02e939c6bcf3e5ff1879d6147eae4d668380d76f5	calibration
dominant_to_evaluation	confirmatory::Q1RHK6	negative	623f3f0445ba3d68f7f0b01360d57379b68a4bd25c5f902822b41b66dfcdfc89	calibration
dominant_to_evaluation	confirmatory::Q1RMI3	negative	922c536314c57b8fad9957583decb99342da4d7a7fbcfbc74f1573e7ce15839c	evaluation
dominant_to_evaluation	confirmatory::Q1RMQ4	negative	26711c766da1911f4bf596b105c186a2ff65f3225bc9762c87ffe5eb880b32c0	evaluation
dominant_to_evaluation	confirmatory::Q1RMR1	negative	450882407bb31af420e3fb498b86045252de225bcb0bc544cb192820b36d6e90	calibration
dominant_to_evaluation	confirmatory::Q1X6X8	negative	0035a6b36c85976691c35680e50e2e247b19db3df154628a849d5fc053110f15	evaluation
dominant_to_evaluation	confirmatory::Q1X6X9	negative	0035a6b36c85976691c35680e50e2e247b19db3df154628a849d5fc053110f15	evaluation
dominant_to_evaluation	confirmatory::Q1X6Y1	negative	0035a6b36c85976691c35680e50e2e247b19db3df154628a849d5fc053110f15	evaluation
dominant_to_evaluation	confirmatory::Q1X6Y2	negative	0035a6b36c85976691c35680e50e2e247b19db3df154628a849d5fc053110f15	evaluation
dominant_to_evaluation	confirmatory::Q1X6Y3	negative	0035a6b36c85976691c35680e50e2e247b19db3df154628a849d5fc053110f15	evaluation
dominant_to_evaluation	confirmatory::Q1X6Y5	negative	0035a6b36c85976691c35680e50e2e247b19db3df154628a849d5fc053110f15	evaluation
dominant_to_evaluation	confirmatory::Q1X6Y7	negative	0035a6b36c85976691c35680e50e2e247b19db3df154628a849d5fc053110f15	evaluation
dominant_to_evaluation	confirmatory::Q1X6Y8	negative	0035a6b36c85976691c35680e50e2e247b19db3df154628a849d5fc053110f15	evaluation
dominant_to_evaluation	confirmatory::Q1X6Y9	negative	0035a6b36c85976691c35680e50e2e247b19db3df154628a849d5fc053110f15	evaluation
dominant_to_evaluation	confirmatory::Q1X6Z0	negative	0035a6b36c85976691c35680e50e2e247b19db3df154628a849d5fc053110f15	evaluation
dominant_to_evaluation	confirmatory::Q1X6Z1	negative	0035a6b36c85976691c35680e50e2e247b19db3df154628a849d5fc053110f15	evaluation
dominant_to_evaluation	confirmatory::Q1X6Z2	negative	0035a6b36c85976691c35680e50e2e247b19db3df154628a849d5fc053110f15	evaluation
dominant_to_evaluation	confirmatory::Q1X6Z3	negative	0035a6b36c85976691c35680e50e2e247b19db3df154628a849d5fc053110f15	evaluation
dominant_to_evaluation	confirmatory::Q1X6Z4	negative	0035a6b36c85976691c35680e50e2e247b19db3df154628a849d5fc053110f15	evaluation
dominant_to_evaluation	confirmatory::Q1X700	negative	51385e6e160d21dca4628f1419d83264658dadb6c8828093ced5feae2217388d	evaluation
dominant_to_evaluation	confirmatory::Q1X709	negative	51385e6e160d21dca4628f1419d83264658dadb6c8828093ced5feae2217388d	evaluation
dominant_to_evaluation	confirmatory::Q1X711	negative	51385e6e160d21dca4628f1419d83264658dadb6c8828093ced5feae2217388d	evaluation
dominant_to_evaluation	confirmatory::Q20748	negative	c52fca3a03eb38cece5ffc98abc40e9586f2755a01b02879fa241a1fc7de0bcc	evaluation
dominant_to_evaluation	confirmatory::Q20YI1	negative	dccb74d38eb5e7a9f23fe80d041bb156f74f05b1c460fdc8136e9dbd7d77d278	evaluation
dominant_to_evaluation	confirmatory::Q210F9	negative	ea060f244e352de2544b388f1abc1899258898681ff665dbf7303805cc505276	evaluation
dominant_to_evaluation	confirmatory::Q21P94	negative	ea060f244e352de2544b388f1abc1899258898681ff665dbf7303805cc505276	evaluation
dominant_to_evaluation	confirmatory::Q21P96	negative	ea060f244e352de2544b388f1abc1899258898681ff665dbf7303805cc505276	evaluation
dominant_to_evaluation	confirmatory::Q21SZ2	negative	ea060f244e352de2544b388f1abc1899258898681ff665dbf7303805cc505276	evaluation
dominant_to_evaluation	confirmatory::Q23255	negative	ae06a79fb0a3df6b735edf0b452366dd6bef01d4d1be6595c830072b310a4059	calibration
dominant_to_evaluation	confirmatory::Q23498	negative	bd77a94d6f7bd336f5f75129f2f325ac5fb84bd5f6d30ac29dcd849ddde97e20	evaluation
dominant_to_evaluation	confirmatory::Q24093	negative	09a5c6daa4509edcd9a50cdcab8952c9c902cbc82772d0954acdce88324b4fe6	calibration
dominant_to_evaluation	confirmatory::Q24145	negative	3c38353f49a4982b45d610f4bd0442568158f9113b22b8581ecb337801747aac	calibration
dominant_to_evaluation	confirmatory::Q24K15	negative	450882407bb31af420e3fb498b86045252de225bcb0bc544cb192820b36d6e90	calibration
dominant_to_evaluation	confirmatory::Q26261	negative	73fa1919a49ff134b802ab02c7f0fd660761157b5981d6e63e3ee559abd37fe5	calibration
dominant_to_evaluation	confirmatory::Q26643	negative	8a5a44f2e2e496be9e977eb7d5eeb2900aeae32a7a76e47038a2b59a653714f1	evaluation
dominant_to_evaluation	confirmatory::Q27497	negative	369890e1b4fdd3f4d633bc750ce4706bc6a1c2d11deb58e010bd3f44230852d0	calibration
dominant_to_evaluation	confirmatory::Q28133	negative	f92a8e542977ec3d6dc95e8a0bde11a3a1290134ed49574133ebe628e0201670	evaluation
dominant_to_evaluation	confirmatory::Q28193	negative	da1f730a80c0f0ed1f9303734404705fa18285380f99e8c78185dd847cf60b39	evaluation
dominant_to_evaluation	confirmatory::Q28369	negative	c82f4a3ea808a94af9f0fd360da5430293718adb20211aa3407793363c52542d	evaluation
dominant_to_evaluation	confirmatory::Q28376	negative	cd44ecfb0231fbe25976a913c1248001f954c4063e308617e008c4b65e1d218b	calibration
dominant_to_evaluation	confirmatory::Q28388	negative	ae072172ac565f240e9af5c41bfdfc0174476f5f1bc878f8c5aab26e7d89d267	calibration
dominant_to_evaluation	confirmatory::Q28397	negative	24063adf61b47696a5084aad279fba23bd2d452cb3a4e2a3d0222f5c61a60eb3	calibration
dominant_to_evaluation	confirmatory::Q28640	negative	bffd1ec0f8750a0121a99026594c8236758ed89a82bdd40d3ee8eded4358d09e	evaluation
dominant_to_evaluation	confirmatory::Q28679	negative	fff12e77db30d8d5054c219a61e7eadca02694fd845a38e729300f128215237b	evaluation
dominant_to_evaluation	confirmatory::Q28768	negative	d56efa2c4fa76222614d0864fe50657e6fc587cd0e1890c25a37bf138b4b5f1a	evaluation
dominant_to_evaluation	confirmatory::Q28933	negative	22908ea1541a1b07146f2bd28daaa95ec311bcc862f3182fe7289c27fc0bc4d0	evaluation
dominant_to_evaluation	confirmatory::Q28986	negative	e18b4e5fbde76978c2080f2894717f1f991e2dfb87f46a80f37a5cab5ea38ab0	calibration
dominant_to_evaluation	confirmatory::Q28987	negative	e18b4e5fbde76978c2080f2894717f1f991e2dfb87f46a80f37a5cab5ea38ab0	calibration
dominant_to_evaluation	confirmatory::Q28988	negative	e18b4e5fbde76978c2080f2894717f1f991e2dfb87f46a80f37a5cab5ea38ab0	calibration
dominant_to_evaluation	confirmatory::Q28RK0	negative	ea060f244e352de2544b388f1abc1899258898681ff665dbf7303805cc505276	evaluation
dominant_to_evaluation	confirmatory::Q29095	negative	fff12e77db30d8d5054c219a61e7eadca02694fd845a38e729300f128215237b	evaluation
dominant_to_evaluation	confirmatory::Q29147	negative	fb86bd7d30742f187ddd35c736c51e90b33bca62b631fa9d89bf7c07b4c846b4	calibration
dominant_to_evaluation	confirmatory::Q29290	negative	e18b4e5fbde76978c2080f2894717f1f991e2dfb87f46a80f37a5cab5ea38ab0	calibration
dominant_to_evaluation	confirmatory::Q29487	negative	fff12e77db30d8d5054c219a61e7eadca02694fd845a38e729300f128215237b	evaluation
dominant_to_evaluation	confirmatory::Q29524	negative	82e1c2f759ec8bf899994b4553b7d3cc20a8d7c5d625a051f6b6104ee4a7005f	evaluation
dominant_to_evaluation	confirmatory::Q29562	negative	fff12e77db30d8d5054c219a61e7eadca02694fd845a38e729300f128215237b	evaluation
dominant_to_evaluation	confirmatory::Q29614	negative	7f8373716bb12737be8ec09b43b953fe2c4602353a222f10b3d8e035ef71d7b7	evaluation
dominant_to_evaluation	confirmatory::Q298L4	negative	9be8126a2dbfcd7513074efb8f97e42b52a270b713971328a72dcad11b7a1f84	calibration
dominant_to_evaluation	confirmatory::Q29RH0	negative	2c14df6328ed08d651ce5cff3d704d82078c6ad2a943af69e7875773d0d905c0	calibration
dominant_to_evaluation	confirmatory::Q29RQ1	negative	ba4d2614b5e550635440f4c6525e8134022aee773ce7679090791bd84dd97e71	evaluation
dominant_to_evaluation	confirmatory::Q29RU4	negative	ba4d2614b5e550635440f4c6525e8134022aee773ce7679090791bd84dd97e71	evaluation
dominant_to_evaluation	confirmatory::Q29RV0	negative	8992e1d38e2126575c76a9ffff1f17206072df85161868ff3b28419336c5d6f5	calibration
dominant_to_evaluation	confirmatory::Q29W19	negative	9d2bb9c0ec111008855c185d034a9f835f297b67d775b83c19cacc5a83480fca	evaluation
dominant_to_evaluation	confirmatory::Q2FEK3	negative	ea060f244e352de2544b388f1abc1899258898681ff665dbf7303805cc505276	evaluation
dominant_to_evaluation	confirmatory::Q2FEK5	negative	ea060f244e352de2544b388f1abc1899258898681ff665dbf7303805cc505276	evaluation
dominant_to_evaluation	confirmatory::Q2FVW5	negative	ea060f244e352de2544b388f1abc1899258898681ff665dbf7303805cc505276	evaluation
dominant_to_evaluation	confirmatory::Q2FWP1	positive	2f75ebf2b098b01d4bce337aab70600ba43e57468d80f5d8cca2a3d11b651f20	evaluation
dominant_to_evaluation	confirmatory::Q2G2K5	negative	ea060f244e352de2544b388f1abc1899258898681ff665dbf7303805cc505276	evaluation
dominant_to_evaluation	confirmatory::Q2HJM9	negative	f57c6cf461f021788bb7f38d55fb443eb4f59d5c8171c8c0af30ab029f1bfb82	evaluation
dominant_to_evaluation	confirmatory::Q2IBE3	negative	fda4691ac7474afa1416f69875bb1ae70c656582bd0ae9c47990dadde158ccc4	calibration
dominant_to_evaluation	confirmatory::Q2IS70	negative	dccb74d38eb5e7a9f23fe80d041bb156f74f05b1c460fdc8136e9dbd7d77d278	evaluation
dominant_to_evaluation	confirmatory::Q2IZ52	negative	ea060f244e352de2544b388f1abc1899258898681ff665dbf7303805cc505276	evaluation
dominant_to_evaluation	confirmatory::Q2JES6	negative	ea060f244e352de2544b388f1abc1899258898681ff665dbf7303805cc505276	evaluation
dominant_to_evaluation	confirmatory::Q2JJ72	negative	ea060f244e352de2544b388f1abc1899258898681ff665dbf7303805cc505276	evaluation
dominant_to_evaluation	confirmatory::Q2JQ88	negative	ea060f244e352de2544b388f1abc1899258898681ff665dbf7303805cc505276	evaluation
dominant_to_evaluation	confirmatory::Q2JWP0	negative	ea060f244e352de2544b388f1abc1899258898681ff665dbf7303805cc505276	evaluation
dominant_to_evaluation	confirmatory::Q2K512	negative	ea060f244e352de2544b388f1abc1899258898681ff665dbf7303805cc505276	evaluation
dominant_to_evaluation	confirmatory::Q2K517	negative	ea060f244e352de2544b388f1abc1899258898681ff665dbf7303805cc505276	evaluation
dominant_to_evaluation	confirmatory::Q2KI79	negative	26822ebf2b3507af7fb53435cea5d768468b83b70bf501472d1f151cd151feaf	evaluation
dominant_to_evaluation	confirmatory::Q2KJ15	negative	2ce198fad98f14e4c4b8a256c59fcb869aedf9d88f10faac7815fcadcfa4fcaf	calibration
dominant_to_evaluation	confirmatory::Q2KJ51	negative	450882407bb31af420e3fb498b86045252de225bcb0bc544cb192820b36d6e90	calibration
dominant_to_evaluation	confirmatory::Q2KJH6	negative	24376931396657e10ac6c36105371df550b6e383ddce8078df34654d799ae7e7	calibration
dominant_to_evaluation	confirmatory::Q2KJI7	negative	583013e8e1e3f251647e55dd2b6aecaf7abf80b61775aa3433410c90a8c4b301	evaluation
dominant_to_evaluation	confirmatory::Q2LK94	negative	87d425c65ac584d5e4c581986c739f7692b2578e446bf382551a86cc21557ecd	evaluation
dominant_to_evaluation	confirmatory::Q2NKZ5	negative	2c14df6328ed08d651ce5cff3d704d82078c6ad2a943af69e7875773d0d905c0	calibration
dominant_to_evaluation	confirmatory::Q2PUH2	negative	cd44ecfb0231fbe25976a913c1248001f954c4063e308617e008c4b65e1d218b	calibration
dominant_to_evaluation	confirmatory::Q2Q1P1	negative	cd44ecfb0231fbe25976a913c1248001f954c4063e308617e008c4b65e1d218b	calibration
dominant_to_evaluation	confirmatory::Q2Q1P2	negative	cd44ecfb0231fbe25976a913c1248001f954c4063e308617e008c4b65e1d218b	calibration
dominant_to_evaluation	confirmatory::Q2QLC6	negative	fda4691ac7474afa1416f69875bb1ae70c656582bd0ae9c47990dadde158ccc4	calibration
dominant_to_evaluation	confirmatory::Q2QLG0	negative	fda4691ac7474afa1416f69875bb1ae70c656582bd0ae9c47990dadde158ccc4	calibration
dominant_to_evaluation	confirmatory::Q2QYL2	negative	34efdb7da6465528647a3456cde08984bda0ce26aa0261df4c8efe316d3e0938	calibration
dominant_to_evaluation	confirmatory::Q2QYL3	negative	34efdb7da6465528647a3456cde08984bda0ce26aa0261df4c8efe316d3e0938	calibration
dominant_to_evaluation	confirmatory::Q2R8P2	negative	75a4d4983b92c6f2d61f0da10de61a0b3695ceb2866193fa2677419ef8d5e03a	evaluation
dominant_to_evaluation	confirmatory::Q2SDQ1	negative	ea060f244e352de2544b388f1abc1899258898681ff665dbf7303805cc505276	evaluation
dominant_to_evaluation	confirmatory::Q2SDQ3	negative	ea060f244e352de2544b388f1abc1899258898681ff665dbf7303805cc505276	evaluation
dominant_to_evaluation	confirmatory::Q2SYF5	negative	ea060f244e352de2544b388f1abc1899258898681ff665dbf7303805cc505276	evaluation
dominant_to_evaluation	confirmatory::Q2SYF7	negative	ea060f244e352de2544b388f1abc1899258898681ff665dbf7303805cc505276	evaluation
dominant_to_evaluation	confirmatory::Q2TAP9	negative	0117c31c5e8a946d348c2967069bc984bdac99ef7914e687858f626281ab9502	calibration
dominant_to_evaluation	confirmatory::Q2TBM7	negative	61b39f63f5f0f157c53fe0321d338a214666853888c56aa923f9a139aac84b72	calibration
dominant_to_evaluation	confirmatory::Q2TNK5	negative	450882407bb31af420e3fb498b86045252de225bcb0bc544cb192820b36d6e90	calibration
dominant_to_evaluation	confirmatory::Q2V3C1	negative	5041a1e1f60f70f4bccce3b8daeb631454e2f014bb557bfeaccf74d45d44c355	evaluation
dominant_to_evaluation	confirmatory::Q2XXN5	negative	e762a34e2879fb89badf3aefde610ff9d5414dd0791ef2899f47f15931593ae4	evaluation
dominant_to_evaluation	confirmatory::Q2Y9M7	negative	ea060f244e352de2544b388f1abc1899258898681ff665dbf7303805cc505276	evaluation
dominant_to_evaluation	confirmatory::Q2Y9M9	negative	ea060f244e352de2544b388f1abc1899258898681ff665dbf7303805cc505276	evaluation
dominant_to_evaluation	confirmatory::Q2YQD8	negative	ea060f244e352de2544b388f1abc1899258898681ff665dbf7303805cc505276	evaluation
dominant_to_evaluation	confirmatory::Q2YQE0	negative	ea060f244e352de2544b388f1abc1899258898681ff665dbf7303805cc505276	evaluation
dominant_to_evaluation	confirmatory::Q2YYQ6	negative	ea060f244e352de2544b388f1abc1899258898681ff665dbf7303805cc505276	evaluation
dominant_to_evaluation	confirmatory::Q2YYQ8	negative	ea060f244e352de2544b388f1abc1899258898681ff665dbf7303805cc505276	evaluation
dominant_to_evaluation	confirmatory::Q31B49	negative	ea060f244e352de2544b388f1abc1899258898681ff665dbf7303805cc505276	evaluation
dominant_to_evaluation	confirmatory::Q31B51	negative	ea060f244e352de2544b388f1abc1899258898681ff665dbf7303805cc505276	evaluation
dominant_to_evaluation	confirmatory::Q32KQ9	negative	2c14df6328ed08d651ce5cff3d704d82078c6ad2a943af69e7875773d0d905c0	calibration
dominant_to_evaluation	confirmatory::Q32KY0	negative	58c122487636dd7ab904effe42ca93539e9e10855a4715b26eb500f00a2e6c5b	calibration
dominant_to_evaluation	confirmatory::Q32L79	negative	e3d45e64298da494ce1729e091f7704f230fdab1891a1bae892fd5f81478f670	evaluation
dominant_to_evaluation	confirmatory::Q32PY2	negative	c8fadbacef3136177f2b23b2baf3dcd95afd7d6b4bd2d228911c955e1a12428c	evaluation
dominant_to_evaluation	confirmatory::Q337A0	negative	50b13f9d1d5f78552c7086ad34c3782cafa3867c15aa1c7bd0ccff2643d361a5	calibration
dominant_to_evaluation	confirmatory::Q38924	negative	bb6ceea07e989d80c137788cdbdfd634ab9becd492e572919974a7e2ecc7bc23	calibration
dominant_to_evaluation	confirmatory::Q39102	negative	b587bef3e5d94148fb6edeb8462e56d2a1573d0e113db913c44f4bfefa67c9fa	evaluation
dominant_to_evaluation	confirmatory::Q39547	negative	0d9f327b1073890bfb36e5ee168a06ee2714bac452b116df3ae13f3e08179c5f	evaluation
dominant_to_evaluation	confirmatory::Q39649	negative	8f20d0c6980ead1e360a848d002432fd7be75037bb37add933645c20185679c7	calibration
dominant_to_evaluation	confirmatory::Q39785	negative	4b9e7bea9ce8ee8ae94698ef8499017333c8e1e95a44680dba3be60d8618dc01	evaluation
dominant_to_evaluation	confirmatory::Q39794	negative	86cc21bca61bd87e3a544b53de63d4a85a51acbb0d64b5ad6e6e2ba8aa8ab938	calibration
dominant_to_evaluation	confirmatory::Q39799	negative	4b9e7bea9ce8ee8ae94698ef8499017333c8e1e95a44680dba3be60d8618dc01	evaluation
dominant_to_evaluation	confirmatory::Q39950	negative	86cc21bca61bd87e3a544b53de63d4a85a51acbb0d64b5ad6e6e2ba8aa8ab938	calibration
dominant_to_evaluation	confirmatory::Q39IW3	negative	ea060f244e352de2544b388f1abc1899258898681ff665dbf7303805cc505276	evaluation
dominant_to_evaluation	confirmatory::Q3AGD0	negative	ea060f244e352de2544b388f1abc1899258898681ff665dbf7303805cc505276	evaluation
dominant_to_evaluation	confirmatory::Q3AGD2	negative	ea060f244e352de2544b388f1abc1899258898681ff665dbf7303805cc505276	evaluation
dominant_to_evaluation	confirmatory::Q3AVR1	negative	ea060f244e352de2544b388f1abc1899258898681ff665dbf7303805cc505276	evaluation
dominant_to_evaluation	confirmatory::Q3AVR3	negative	ea060f244e352de2544b388f1abc1899258898681ff665dbf7303805cc505276	evaluation
dominant_to_evaluation	confirmatory::Q3E884	negative	067ae74d42b596cec7582bf029fe09ab77e540f889181e76f7318d4806994969	evaluation
dominant_to_evaluation	confirmatory::Q3HRV4	negative	cd44ecfb0231fbe25976a913c1248001f954c4063e308617e008c4b65e1d218b	calibration
dominant_to_evaluation	confirmatory::Q3HXX9	positive	4a583b1d987ac018009ad331f72c4c2efb093656c89109129d98854eff8f06b5	evaluation
dominant_to_evaluation	confirmatory::Q3IH68	negative	ea060f244e352de2544b388f1abc1899258898681ff665dbf7303805cc505276	evaluation
dominant_to_evaluation	confirmatory::Q3IH70	negative	ea060f244e352de2544b388f1abc1899258898681ff665dbf7303805cc505276	evaluation
dominant_to_evaluation	confirmatory::Q3IRZ4	negative	ea060f244e352de2544b388f1abc1899258898681ff665dbf7303805cc505276	evaluation
dominant_to_evaluation	confirmatory::Q3IRZ5	negative	ea060f244e352de2544b388f1abc1899258898681ff665dbf7303805cc505276	evaluation
dominant_to_evaluation	confirmatory::Q3J154	negative	ea060f244e352de2544b388f1abc1899258898681ff665dbf7303805cc505276	evaluation
dominant_to_evaluation	confirmatory::Q3J768	negative	ea060f244e352de2544b388f1abc1899258898681ff665dbf7303805cc505276	evaluation
dominant_to_evaluation	confirmatory::Q3J770	negative	ea060f244e352de2544b388f1abc1899258898681ff665dbf7303805cc505276	evaluation
dominant_to_evaluation	confirmatory::Q3JPJ8	negative	ea060f244e352de2544b388f1abc1899258898681ff665dbf7303805cc505276	evaluation
dominant_to_evaluation	confirmatory::Q3KIT2	negative	ea060f244e352de2544b388f1abc1899258898681ff665dbf7303805cc505276	evaluation
dominant_to_evaluation	confirmatory::Q3KP44	negative	84011a11088941117461c425d4e8dd9a44a07e3692d5447846af1af18245b5c1	calibration
dominant_to_evaluation	confirmatory::Q3KRE0	negative	c52fca3a03eb38cece5ffc98abc40e9586f2755a01b02879fa241a1fc7de0bcc	evaluation
dominant_to_evaluation	confirmatory::Q3LIE5	negative	e1d839f381927b9a2033cd2376ea1dec270868532d82b0db04197ab80478009c	evaluation
dominant_to_evaluation	confirmatory::Q3M709	negative	ea060f244e352de2544b388f1abc1899258898681ff665dbf7303805cc505276	evaluation
dominant_to_evaluation	confirmatory::Q3M712	negative	ea060f244e352de2544b388f1abc1899258898681ff665dbf7303805cc505276	evaluation
dominant_to_evaluation	confirmatory::Q3MIB4	negative	6575fe00f3ccdc3a9bcd22237c35b4067cd150571930ca1e7aa9a8e6117d5536	calibration
dominant_to_evaluation	confirmatory::Q3S2X5	negative	cd44ecfb0231fbe25976a913c1248001f954c4063e308617e008c4b65e1d218b	calibration
dominant_to_evaluation	confirmatory::Q3SWW8	negative	8f558a4eee23f79ecfac992febeb596d06db9acfae871d6a401f21d1c4f22bd5	calibration
dominant_to_evaluation	confirmatory::Q3SWW9	negative	369890e1b4fdd3f4d633bc750ce4706bc6a1c2d11deb58e010bd3f44230852d0	calibration
dominant_to_evaluation	confirmatory::Q3SX23	negative	6575fe00f3ccdc3a9bcd22237c35b4067cd150571930ca1e7aa9a8e6117d5536	calibration
dominant_to_evaluation	confirmatory::Q3SX45	negative	eafcdece930d9b2f899de45e12c2e75c2126969c2d21c3b4aaf532e256438a94	evaluation
dominant_to_evaluation	confirmatory::Q3SXB8	negative	87d425c65ac584d5e4c581986c739f7692b2578e446bf382551a86cc21557ecd	evaluation
dominant_to_evaluation	confirmatory::Q3SY69	negative	931ab9bceb3d00092439c252651cf7642dfe2c2e50cfc6cb076f40a5ad76ebfe	calibration
dominant_to_evaluation	confirmatory::Q3SYW2	negative	bc915c1c28ec405395a99c2ecfb7d27da28c273f79648ff3c9d1f724acfa6d1b	calibration
dominant_to_evaluation	confirmatory::Q3SZ79	negative	82e1c2f759ec8bf899994b4553b7d3cc20a8d7c5d625a051f6b6104ee4a7005f	evaluation
dominant_to_evaluation	confirmatory::Q3SZZ7	negative	450882407bb31af420e3fb498b86045252de225bcb0bc544cb192820b36d6e90	calibration
dominant_to_evaluation	confirmatory::Q3T0E7	negative	369890e1b4fdd3f4d633bc750ce4706bc6a1c2d11deb58e010bd3f44230852d0	calibration
dominant_to_evaluation	confirmatory::Q3T930	negative	d1c6ab564afa4059f4195e330c3f3d2fa72e6c258ca03ccbdb0ec294d4b10bcb	evaluation
dominant_to_evaluation	confirmatory::Q3TYA6	negative	af72b67fbe9fe6b8f2582e89597a5fb307db21cfc37054a13a40124e1d3abc58	evaluation
dominant_to_evaluation	confirmatory::Q3U4B4	negative	d291e2f780ccae734f1044ab8a8bdd51fabac2c2899aa59af35fb22c772d8b01	evaluation
dominant_to_evaluation	confirmatory::Q3UA06	negative	47075aafe6d2bac6e113584978b26f2f7857387210bec32ad7cf1bf1364b6c8c	calibration
dominant_to_evaluation	confirmatory::Q3ULF4	negative	b587bef3e5d94148fb6edeb8462e56d2a1573d0e113db913c44f4bfefa67c9fa	evaluation
dominant_to_evaluation	confirmatory::Q3UTS8	negative	46f4f08db1dbb8c9c468eb04a58a333f42cde0524b2d76adf389b2542d1fbd1f	evaluation
dominant_to_evaluation	confirmatory::Q3UTY6	negative	562e79a16f6ce227a3e89db3f4bb54b3e3c1b2ae222acba4917b6af32fdf6d0f	evaluation
dominant_to_evaluation	confirmatory::Q3V0J4	negative	7bf560da17c31361f421d2a903ae1c5fc9c3720977138f32b830ed5b75c78d46	evaluation
dominant_to_evaluation	confirmatory::Q3ZBT1	negative	199e5e746f1a78658450a2ba041b79aef49bbb4feb4fdafedee11b7288c9ede8	calibration
dominant_to_evaluation	confirmatory::Q3ZC91	negative	eac41909233ae38fd580365dacf70df8362ae19e8f8fb413aa0d59f0af65be98	evaluation
dominant_to_evaluation	confirmatory::Q40189	negative	a25b331b3ae5d8f725a5ba6c92c410498c8abfb5cb9239c67b581cb3d64707f5	evaluation
dominant_to_evaluation	confirmatory::Q40190	negative	8f8da713303fc3e9da5300981fa592399dd69f945ee35063684c899fb1bc1d27	calibration
dominant_to_evaluation	confirmatory::Q40374	negative	80265ba0cf707cc2b9ab56977abaa12643a893bd6a9a455337c6c3dedf45bd7a	calibration
dominant_to_evaluation	confirmatory::Q41015	negative	7cfc083fd4b244bc8c957330ce9e6b1720e1683808f7eaaa0da9e0bb5575cae7	calibration
dominant_to_evaluation	confirmatory::Q41073	negative	86cc21bca61bd87e3a544b53de63d4a85a51acbb0d64b5ad6e6e2ba8aa8ab938	calibration
dominant_to_evaluation	confirmatory::Q41258	negative	eaa3a74bcc59f4b6ddb9c56f7f768fdc2e126f313d90e71960e1c0f27a4bf819	calibration
dominant_to_evaluation	confirmatory::Q41359	negative	80265ba0cf707cc2b9ab56977abaa12643a893bd6a9a455337c6c3dedf45bd7a	calibration
dominant_to_evaluation	confirmatory::Q41433	negative	bf30e013f16aa81ae1fa35895609c363048eab7576368053fb0f2db1dc661092	evaluation
dominant_to_evaluation	confirmatory::Q41448	negative	bf30e013f16aa81ae1fa35895609c363048eab7576368053fb0f2db1dc661092	evaluation
dominant_to_evaluation	confirmatory::Q41480	negative	bf30e013f16aa81ae1fa35895609c363048eab7576368053fb0f2db1dc661092	evaluation
dominant_to_evaluation	confirmatory::Q41484	negative	bf30e013f16aa81ae1fa35895609c363048eab7576368053fb0f2db1dc661092	evaluation
dominant_to_evaluation	confirmatory::Q41596	negative	4b9e7bea9ce8ee8ae94698ef8499017333c8e1e95a44680dba3be60d8618dc01	evaluation
dominant_to_evaluation	confirmatory::Q42328	negative	eb85637eb8a3dcfa0688f0ce39ddbef7c38775a667e3c17295d08b1fe44192ff	calibration
dominant_to_evaluation	confirmatory::Q42589	negative	86cc21bca61bd87e3a544b53de63d4a85a51acbb0d64b5ad6e6e2ba8aa8ab938	calibration
dominant_to_evaluation	confirmatory::Q42614	negative	86cc21bca61bd87e3a544b53de63d4a85a51acbb0d64b5ad6e6e2ba8aa8ab938	calibration
dominant_to_evaluation	confirmatory::Q42615	negative	86cc21bca61bd87e3a544b53de63d4a85a51acbb0d64b5ad6e6e2ba8aa8ab938	calibration
dominant_to_evaluation	confirmatory::Q42616	negative	86cc21bca61bd87e3a544b53de63d4a85a51acbb0d64b5ad6e6e2ba8aa8ab938	calibration
dominant_to_evaluation	confirmatory::Q42641	negative	86cc21bca61bd87e3a544b53de63d4a85a51acbb0d64b5ad6e6e2ba8aa8ab938	calibration
dominant_to_evaluation	confirmatory::Q42642	negative	86cc21bca61bd87e3a544b53de63d4a85a51acbb0d64b5ad6e6e2ba8aa8ab938	calibration
dominant_to_evaluation	confirmatory::Q42762	negative	86cc21bca61bd87e3a544b53de63d4a85a51acbb0d64b5ad6e6e2ba8aa8ab938	calibration
dominant_to_evaluation	confirmatory::Q42842	negative	34efdb7da6465528647a3456cde08984bda0ce26aa0261df4c8efe316d3e0938	calibration
dominant_to_evaluation	confirmatory::Q42952	negative	86cc21bca61bd87e3a544b53de63d4a85a51acbb0d64b5ad6e6e2ba8aa8ab938	calibration
dominant_to_evaluation	confirmatory::Q42993	negative	4b9e7bea9ce8ee8ae94698ef8499017333c8e1e95a44680dba3be60d8618dc01	evaluation
dominant_to_evaluation	confirmatory::Q43017	negative	86cc21bca61bd87e3a544b53de63d4a85a51acbb0d64b5ad6e6e2ba8aa8ab938	calibration
dominant_to_evaluation	confirmatory::Q43019	negative	86cc21bca61bd87e3a544b53de63d4a85a51acbb0d64b5ad6e6e2ba8aa8ab938	calibration
dominant_to_evaluation	confirmatory::Q43119	negative	86cc21bca61bd87e3a544b53de63d4a85a51acbb0d64b5ad6e6e2ba8aa8ab938	calibration
dominant_to_evaluation	confirmatory::Q43129	negative	86cc21bca61bd87e3a544b53de63d4a85a51acbb0d64b5ad6e6e2ba8aa8ab938	calibration
dominant_to_evaluation	confirmatory::Q43193	negative	34efdb7da6465528647a3456cde08984bda0ce26aa0261df4c8efe316d3e0938	calibration
dominant_to_evaluation	confirmatory::Q43194	negative	34efdb7da6465528647a3456cde08984bda0ce26aa0261df4c8efe316d3e0938	calibration
dominant_to_evaluation	confirmatory::Q43304	negative	86cc21bca61bd87e3a544b53de63d4a85a51acbb0d64b5ad6e6e2ba8aa8ab938	calibration
dominant_to_evaluation	confirmatory::Q43495	negative	8f8da713303fc3e9da5300981fa592399dd69f945ee35063684c899fb1bc1d27	calibration
dominant_to_evaluation	confirmatory::Q43533	negative	8f8da713303fc3e9da5300981fa592399dd69f945ee35063684c899fb1bc1d27	calibration
dominant_to_evaluation	confirmatory::Q43534	negative	8f8da713303fc3e9da5300981fa592399dd69f945ee35063684c899fb1bc1d27	calibration
dominant_to_evaluation	confirmatory::Q43645	negative	bf30e013f16aa81ae1fa35895609c363048eab7576368053fb0f2db1dc661092	evaluation
dominant_to_evaluation	confirmatory::Q43646	negative	bf30e013f16aa81ae1fa35895609c363048eab7576368053fb0f2db1dc661092	evaluation
dominant_to_evaluation	confirmatory::Q43681	negative	6b111aaea1b14ddb814846a85c23e172f370297153b0c3e30d310f7fcbc01eb9	evaluation
dominant_to_evaluation	confirmatory::Q43691	negative	f7a616fde5389141c0e4c34abab3803332ab61f9588c2aa0912a794e89fe69e4	calibration
dominant_to_evaluation	confirmatory::Q43723	negative	f7a616fde5389141c0e4c34abab3803332ab61f9588c2aa0912a794e89fe69e4	calibration
dominant_to_evaluation	confirmatory::Q43748	negative	34efdb7da6465528647a3456cde08984bda0ce26aa0261df4c8efe316d3e0938	calibration
dominant_to_evaluation	confirmatory::Q43766	negative	34efdb7da6465528647a3456cde08984bda0ce26aa0261df4c8efe316d3e0938	calibration
dominant_to_evaluation	confirmatory::Q43871	negative	34efdb7da6465528647a3456cde08984bda0ce26aa0261df4c8efe316d3e0938	calibration
dominant_to_evaluation	confirmatory::Q43875	negative	34efdb7da6465528647a3456cde08984bda0ce26aa0261df4c8efe316d3e0938	calibration
dominant_to_evaluation	confirmatory::Q44066	positive	eac1780ec505afb93bf2f72e3fdfe8ef4c2bf008afa83ecbec368281e06cd4c9	evaluation
dominant_to_evaluation	confirmatory::Q44078	negative	623f3f0445ba3d68f7f0b01360d57379b68a4bd25c5f902822b41b66dfcdfc89	calibration
dominant_to_evaluation	confirmatory::Q44184	negative	73cf2d48a2f8c7e96c435c3cce7b83bbe910ca94b15604105d64a64642545787	evaluation
dominant_to_evaluation	confirmatory::Q44317	negative	623f3f0445ba3d68f7f0b01360d57379b68a4bd25c5f902822b41b66dfcdfc89	calibration
dominant_to_evaluation	confirmatory::Q44492	negative	0f687ef291d0d4dfc3659ed1ef95ae61e3dd8c03d2840a583d3e0f0c06e7cc33	evaluation
dominant_to_evaluation	confirmatory::Q44493	negative	0f687ef291d0d4dfc3659ed1ef95ae61e3dd8c03d2840a583d3e0f0c06e7cc33	evaluation
dominant_to_evaluation	confirmatory::Q44495	negative	0f687ef291d0d4dfc3659ed1ef95ae61e3dd8c03d2840a583d3e0f0c06e7cc33	evaluation
dominant_to_evaluation	confirmatory::Q45100	negative	623f3f0445ba3d68f7f0b01360d57379b68a4bd25c5f902822b41b66dfcdfc89	calibration
dominant_to_evaluation	confirmatory::Q45670	negative	b7ffa668b68d370a424e26161c1364936e4506a35d2cce0ecfd8180fd7dccd4d	evaluation
dominant_to_evaluation	confirmatory::Q45729	positive	135a83153a2c6bdba71b1fc52fc9c52a352ed98fc02cb14b0c08ce808dce869a	evaluation
dominant_to_evaluation	confirmatory::Q45KJ4	negative	623f3f0445ba3d68f7f0b01360d57379b68a4bd25c5f902822b41b66dfcdfc89	calibration
dominant_to_evaluation	confirmatory::Q45KJ5	negative	623f3f0445ba3d68f7f0b01360d57379b68a4bd25c5f902822b41b66dfcdfc89	calibration
dominant_to_evaluation	confirmatory::Q45KJ6	negative	623f3f0445ba3d68f7f0b01360d57379b68a4bd25c5f902822b41b66dfcdfc89	calibration
dominant_to_evaluation	confirmatory::Q45KW7	negative	34b41219611ac71b39f94001659d257ef301dc42fb86d0ab1b2396d000b25f11	calibration
dominant_to_evaluation	confirmatory::Q46664	negative	623f3f0445ba3d68f7f0b01360d57379b68a4bd25c5f902822b41b66dfcdfc89	calibration
dominant_to_evaluation	confirmatory::Q46668	positive	d83c962c5efde7867e5aad363dfbe913a3de1c1787fd3950cd2b6d92ac45286f	evaluation
dominant_to_evaluation	confirmatory::Q46IY3	negative	ea060f244e352de2544b388f1abc1899258898681ff665dbf7303805cc505276	evaluation
dominant_to_evaluation	confirmatory::Q46IY5	negative	ea060f244e352de2544b388f1abc1899258898681ff665dbf7303805cc505276	evaluation
dominant_to_evaluation	confirmatory::Q473R2	negative	ea060f244e352de2544b388f1abc1899258898681ff665dbf7303805cc505276	evaluation
dominant_to_evaluation	confirmatory::Q47G53	negative	ea060f244e352de2544b388f1abc1899258898681ff665dbf7303805cc505276	evaluation
dominant_to_evaluation	confirmatory::Q47G55	negative	ea060f244e352de2544b388f1abc1899258898681ff665dbf7303805cc505276	evaluation
dominant_to_evaluation	confirmatory::Q47HL4	negative	8762b4dd22780fe23714f203220cc300c681de14521ee5b1a75119c4bf2ce030	evaluation
dominant_to_evaluation	confirmatory::Q47M62	negative	d1c6ab564afa4059f4195e330c3f3d2fa72e6c258ca03ccbdb0ec294d4b10bcb	evaluation
dominant_to_evaluation	confirmatory::Q48493	negative	623f3f0445ba3d68f7f0b01360d57379b68a4bd25c5f902822b41b66dfcdfc89	calibration
dominant_to_evaluation	confirmatory::Q48DE6	negative	ea060f244e352de2544b388f1abc1899258898681ff665dbf7303805cc505276	evaluation
dominant_to_evaluation	confirmatory::Q48DF0	negative	ea060f244e352de2544b388f1abc1899258898681ff665dbf7303805cc505276	evaluation
dominant_to_evaluation	confirmatory::Q48PA1	negative	dccb74d38eb5e7a9f23fe80d041bb156f74f05b1c460fdc8136e9dbd7d77d278	evaluation
dominant_to_evaluation	confirmatory::Q48R29	positive	223ed35c2922b39e4295a7c3a93fd480ae9975398952f6fe223b900a51c53d04	evaluation
dominant_to_evaluation	confirmatory::Q492E7	negative	ea060f244e352de2544b388f1abc1899258898681ff665dbf7303805cc505276	evaluation
dominant_to_evaluation	confirmatory::Q492E9	negative	ea060f244e352de2544b388f1abc1899258898681ff665dbf7303805cc505276	evaluation
dominant_to_evaluation	confirmatory::Q495B1	negative	57632baf0179b7d6d6da2ff3e5dda6a4e028e9201718f4909efb39e8cd96db50	calibration
dominant_to_evaluation	confirmatory::Q499S5	negative	24063adf61b47696a5084aad279fba23bd2d452cb3a4e2a3d0222f5c61a60eb3	calibration
dominant_to_evaluation	confirmatory::Q49KF8	negative	8762b4dd22780fe23714f203220cc300c681de14521ee5b1a75119c4bf2ce030	evaluation
dominant_to_evaluation	confirmatory::Q4A0J3	negative	ea060f244e352de2544b388f1abc1899258898681ff665dbf7303805cc505276	evaluation
dominant_to_evaluation	confirmatory::Q4A0J5	negative	ea060f244e352de2544b388f1abc1899258898681ff665dbf7303805cc505276	evaluation
dominant_to_evaluation	confirmatory::Q4FE47	negative	f8e37d19f25523ec43683dde16e6bc2d047a53804f0c2db7aa338029d3c6716c	evaluation
dominant_to_evaluation	confirmatory::Q4FP51	negative	dccb74d38eb5e7a9f23fe80d041bb156f74f05b1c460fdc8136e9dbd7d77d278	evaluation
dominant_to_evaluation	confirmatory::Q4G1C9	negative	8776c1732e39fbcb4314eff4f5a46741a26a7a94fb9c038b4a23f0335c6628e1	calibration
dominant_to_evaluation	confirmatory::Q4JHE0	negative	50b13f9d1d5f78552c7086ad34c3782cafa3867c15aa1c7bd0ccff2643d361a5	calibration
dominant_to_evaluation	confirmatory::Q4KJ06	negative	ea060f244e352de2544b388f1abc1899258898681ff665dbf7303805cc505276	evaluation
dominant_to_evaluation	confirmatory::Q4KJ10	negative	ea060f244e352de2544b388f1abc1899258898681ff665dbf7303805cc505276	evaluation
dominant_to_evaluation	confirmatory::Q4MV79	positive	3767c4bc5bd86c3c119c80f97edab09404d5472e0474c9cda1694584f5e2679b	evaluation
dominant_to_evaluation	confirmatory::Q4PMS3	positive	8f809bce67f9226c38d7a04238a4b31a9e5e3987c24847c6fc0a91fe8c24ff92	evaluation
dominant_to_evaluation	confirmatory::Q4QN09	negative	ea060f244e352de2544b388f1abc1899258898681ff665dbf7303805cc505276	evaluation
dominant_to_evaluation	confirmatory::Q4R128	negative	fb3fc8c76cf70e729e9fbf91ff77267abfb7bc90aa466ea30ea1d05e447dc985	evaluation
dominant_to_evaluation	confirmatory::Q4R2Y9	negative	09a5c6daa4509edcd9a50cdcab8952c9c902cbc82772d0954acdce88324b4fe6	calibration
dominant_to_evaluation	confirmatory::Q4R407	negative	794a155dc5d6a4333e7c3f64f71a96bc7d6cff28650fa8bcc5d70a3932053113	calibration
dominant_to_evaluation	confirmatory::Q4R4S5	negative	d291e2f780ccae734f1044ab8a8bdd51fabac2c2899aa59af35fb22c772d8b01	evaluation
dominant_to_evaluation	confirmatory::Q4R584	negative	d2d18a2bc9017c988a97041e7913c4a22389f8f47b279d83b86b94462d23e94f	evaluation
dominant_to_evaluation	confirmatory::Q4R766	negative	86a5c1bfc5908ede8123b1f6c7156fccf03d9d9b70f3f68acd76dfc146e5b158	evaluation
dominant_to_evaluation	confirmatory::Q4R8P0	negative	19e73a82bf4cb2521cfe2b344a15acf1f9bc96fc692b16e9e3b365f8c7af5ab6	calibration
dominant_to_evaluation	confirmatory::Q4TZH2	negative	34b41219611ac71b39f94001659d257ef301dc42fb86d0ab1b2396d000b25f11	calibration
dominant_to_evaluation	confirmatory::Q4UJ75	negative	8992e1d38e2126575c76a9ffff1f17206072df85161868ff3b28419336c5d6f5	calibration
dominant_to_evaluation	confirmatory::Q4UMU5	negative	623f3f0445ba3d68f7f0b01360d57379b68a4bd25c5f902822b41b66dfcdfc89	calibration
dominant_to_evaluation	confirmatory::Q4V890	negative	985193d7f0646ab5a63192350c4470719b706bcc5f16b43f74211a4adfe4c1c1	calibration
dominant_to_evaluation	confirmatory::Q4VBE4	negative	68767325784b2424d10c6965c0aa59d40c7a925515b48a12df84fb6a033b254f	calibration
dominant_to_evaluation	confirmatory::Q4WM22	negative	369890e1b4fdd3f4d633bc750ce4706bc6a1c2d11deb58e010bd3f44230852d0	calibration
dominant_to_evaluation	confirmatory::Q4WQU0	negative	c8bc632faaa2dd7e9e07420c2893908d6cabe65710e6f1a8676bef0b20dead16	evaluation
dominant_to_evaluation	confirmatory::Q4WUR1	negative	80188e9791182b3a7d2f79c0e2ed86136b48ed6a049411d036b36313dbd8bbd5	calibration
dominant_to_evaluation	confirmatory::Q4ZN06	negative	ea060f244e352de2544b388f1abc1899258898681ff665dbf7303805cc505276	evaluation
dominant_to_evaluation	confirmatory::Q4ZN10	negative	ea060f244e352de2544b388f1abc1899258898681ff665dbf7303805cc505276	evaluation
dominant_to_evaluation	confirmatory::Q4ZUD1	negative	ea060f244e352de2544b388f1abc1899258898681ff665dbf7303805cc505276	evaluation
dominant_to_evaluation	confirmatory::Q4ZUD2	negative	ea060f244e352de2544b388f1abc1899258898681ff665dbf7303805cc505276	evaluation
dominant_to_evaluation	confirmatory::Q4ZZ78	negative	dccb74d38eb5e7a9f23fe80d041bb156f74f05b1c460fdc8136e9dbd7d77d278	evaluation
dominant_to_evaluation	confirmatory::Q501P1	negative	6445dcca8238b08f68d32f17ddbace56c39786de5b5e8e32ed59cd75f5a26c44	evaluation
dominant_to_evaluation	confirmatory::Q504P2	negative	2e402d4b1ff69f6c099e03e4a45c2e34abb6e3b800e7f28ee665400721a9e216	evaluation
dominant_to_evaluation	confirmatory::Q505J9	negative	9be8126a2dbfcd7513074efb8f97e42b52a270b713971328a72dcad11b7a1f84	calibration
dominant_to_evaluation	confirmatory::Q51553	negative	58f1f3364ec199711e098cfaf5cfaa81f98772e501503b21fdc7706ed6c3eea8	evaluation
dominant_to_evaluation	confirmatory::Q51559	negative	58f1f3364ec199711e098cfaf5cfaa81f98772e501503b21fdc7706ed6c3eea8	evaluation
dominant_to_evaluation	confirmatory::Q52011	negative	8762b4dd22780fe23714f203220cc300c681de14521ee5b1a75119c4bf2ce030	evaluation
dominant_to_evaluation	confirmatory::Q52287	negative	623f3f0445ba3d68f7f0b01360d57379b68a4bd25c5f902822b41b66dfcdfc89	calibration
dominant_to_evaluation	confirmatory::Q52400	negative	29a79690eced4461016836ce36c14c380b0c4c5e3dcafb70f5238755407be04c	evaluation
dominant_to_evaluation	confirmatory::Q52532	negative	8762b4dd22780fe23714f203220cc300c681de14521ee5b1a75119c4bf2ce030	evaluation
dominant_to_evaluation	confirmatory::Q52R90	negative	cd44ecfb0231fbe25976a913c1248001f954c4063e308617e008c4b65e1d218b	calibration
dominant_to_evaluation	confirmatory::Q53816	negative	623f3f0445ba3d68f7f0b01360d57379b68a4bd25c5f902822b41b66dfcdfc89	calibration
dominant_to_evaluation	confirmatory::Q53957	positive	3a70f404391f9a3dee2df990b7e45f661db944db0acbe6bf36f6bd6847e7e1db	evaluation
dominant_to_evaluation	confirmatory::Q53984	negative	623f3f0445ba3d68f7f0b01360d57379b68a4bd25c5f902822b41b66dfcdfc89	calibration
dominant_to_evaluation	confirmatory::Q53F39	negative	c95ef386e0d3ba468fdb2900eacedffdfe47c9718cfd81d7f547bcab79cd73cf	calibration
dominant_to_evaluation	confirmatory::Q53H76	negative	f65f268cda29366bb13f1b7087e9b249a64aeb6cb18e487923e1b256252c74c8	evaluation
dominant_to_evaluation	confirmatory::Q53RD9	negative	6445dcca8238b08f68d32f17ddbace56c39786de5b5e8e32ed59cd75f5a26c44	evaluation
dominant_to_evaluation	confirmatory::Q54316	positive	356e13d154b887afa9e89ec7ffb028316bccd02f6bac749a71e312579501bc0d	calibration
dominant_to_evaluation	confirmatory::Q54318	positive	de68f434ab5bbc9e613f84a9b8fd723328ec64c9a79cf3d20e2bea8d1ea27f38	evaluation
dominant_to_evaluation	confirmatory::Q54528	negative	b0bc13ef9ff6cbb2e253d03ecc4f25666d572be65ddba9b4a0f19509b4a68b6c	calibration
dominant_to_evaluation	confirmatory::Q54809	negative	b0bc13ef9ff6cbb2e253d03ecc4f25666d572be65ddba9b4a0f19509b4a68b6c	calibration
dominant_to_evaluation	confirmatory::Q54KQ7	negative	9be8126a2dbfcd7513074efb8f97e42b52a270b713971328a72dcad11b7a1f84	calibration
dominant_to_evaluation	confirmatory::Q54LF0	negative	b0b2a48ad6fd6b1498c24a6b9c1d041815cceb80731708100d9f50278d8d1a6d	calibration
dominant_to_evaluation	confirmatory::Q54ME1	negative	05b025e5736121c78e7ddb68f6b7c385a220401fbeb02ba8e9bd16848a7bc451	evaluation
dominant_to_evaluation	confirmatory::Q54RD6	negative	369890e1b4fdd3f4d633bc750ce4706bc6a1c2d11deb58e010bd3f44230852d0	calibration
dominant_to_evaluation	confirmatory::Q54SR8	negative	eac41909233ae38fd580365dacf70df8362ae19e8f8fb413aa0d59f0af65be98	evaluation
dominant_to_evaluation	confirmatory::Q55053	negative	ea060f244e352de2544b388f1abc1899258898681ff665dbf7303805cc505276	evaluation
dominant_to_evaluation	confirmatory::Q55217	negative	b0bc13ef9ff6cbb2e253d03ecc4f25666d572be65ddba9b4a0f19509b4a68b6c	calibration
dominant_to_evaluation	confirmatory::Q554E7	negative	6503f3c2ca0fb4e95390012ed69b1fb1d5d5f7a31af91d07fb8fe95a396b301c	calibration
dominant_to_evaluation	confirmatory::Q55700	negative	b587bef3e5d94148fb6edeb8462e56d2a1573d0e113db913c44f4bfefa67c9fa	evaluation
dominant_to_evaluation	confirmatory::Q55CT0	negative	c8bc632faaa2dd7e9e07420c2893908d6cabe65710e6f1a8676bef0b20dead16	evaluation
dominant_to_evaluation	confirmatory::Q55GC7	negative	4fb7c929a59fea6698226d060a9f1b5babd169a15b2e75213ef2985310314137	evaluation
dominant_to_evaluation	confirmatory::Q56178	negative	623f3f0445ba3d68f7f0b01360d57379b68a4bd25c5f902822b41b66dfcdfc89	calibration
dominant_to_evaluation	confirmatory::Q566C8	negative	c5e2be88b1228a5fe292dfa6bf01adfcb55983d3c6eccfb6b3c05b612e4a3de6	calibration
dominant_to_evaluation	confirmatory::Q566Y9	negative	c95ef386e0d3ba468fdb2900eacedffdfe47c9718cfd81d7f547bcab79cd73cf	calibration
dominant_to_evaluation	confirmatory::Q568T5	negative	659f229917bf607febe947a3b86fd3e9acdb5483dee856f96c2d4a54ff5e8a70	calibration
dominant_to_evaluation	confirmatory::Q56922	negative	623f3f0445ba3d68f7f0b01360d57379b68a4bd25c5f902822b41b66dfcdfc89	calibration
dominant_to_evaluation	confirmatory::Q56JX9	negative	34b41219611ac71b39f94001659d257ef301dc42fb86d0ab1b2396d000b25f11	calibration
dominant_to_evaluation	confirmatory::Q57CF0	negative	ea060f244e352de2544b388f1abc1899258898681ff665dbf7303805cc505276	evaluation
dominant_to_evaluation	confirmatory::Q58576	negative	e2b05054974b1971d2d1faf5c1b63250f10706449e8f9c15bd1f3e29934ed416	calibration
dominant_to_evaluation	confirmatory::Q58CQ5	negative	91c2894864d032b2893163dae4279c6a5eddbb3c7de724d55226dc3410728a9c	evaluation
dominant_to_evaluation	confirmatory::Q58D62	negative	28ee663204ab31f06bda00313c901a495a49edfb3c6d5deedae5a5fe98c8fa7f	calibration
dominant_to_evaluation	confirmatory::Q58T08	negative	5fa57ddd6214726ab33b89d585752101833c823a17d22598572232302a52b8c6	evaluation
dominant_to_evaluation	confirmatory::Q59324	negative	8762b4dd22780fe23714f203220cc300c681de14521ee5b1a75119c4bf2ce030	evaluation
dominant_to_evaluation	confirmatory::Q59DY5	negative	6ed261b4ec4ada335c83bf26fdbc0345f957ed75ff2c1246d01113237b90ce47	calibration
dominant_to_evaluation	confirmatory::Q59HJ6	negative	6575fe00f3ccdc3a9bcd22237c35b4067cd150571930ca1e7aa9a8e6117d5536	calibration
dominant_to_evaluation	confirmatory::Q59PV6	negative	80265ba0cf707cc2b9ab56977abaa12643a893bd6a9a455337c6c3dedf45bd7a	calibration
dominant_to_evaluation	confirmatory::Q59WG5	negative	80265ba0cf707cc2b9ab56977abaa12643a893bd6a9a455337c6c3dedf45bd7a	calibration
dominant_to_evaluation	confirmatory::Q59ZX3	negative	80265ba0cf707cc2b9ab56977abaa12643a893bd6a9a455337c6c3dedf45bd7a	calibration
dominant_to_evaluation	confirmatory::Q5A6B6	negative	369890e1b4fdd3f4d633bc750ce4706bc6a1c2d11deb58e010bd3f44230852d0	calibration
dominant_to_evaluation	confirmatory::Q5AB49	negative	80265ba0cf707cc2b9ab56977abaa12643a893bd6a9a455337c6c3dedf45bd7a	calibration
dominant_to_evaluation	confirmatory::Q5AG40	negative	12099ebff3efead5c06a18a835e5239edabab4ca79c6c9ba0c916ef443726217	evaluation
dominant_to_evaluation	confirmatory::Q5AT15	negative	dccb74d38eb5e7a9f23fe80d041bb156f74f05b1c460fdc8136e9dbd7d77d278	evaluation
dominant_to_evaluation	confirmatory::Q5BIR3	negative	087f017c4fc6de6c13673ff96033f2de2d4d9db4cfbb560e850bc3a21a9dcde7	calibration
dominant_to_evaluation	confirmatory::Q5BJ92	negative	369890e1b4fdd3f4d633bc750ce4706bc6a1c2d11deb58e010bd3f44230852d0	calibration
dominant_to_evaluation	confirmatory::Q5BKQ4	negative	82e1c2f759ec8bf899994b4553b7d3cc20a8d7c5d625a051f6b6104ee4a7005f	evaluation
dominant_to_evaluation	confirmatory::Q5CZK3	negative	82ba2784f1f8c5c50742e13d650c40e1693ecd41f5e2dbe7f1afccb645a66a72	calibration
dominant_to_evaluation	confirmatory::Q5CZK5	negative	f31157ce31d0ea78e44180490f60aee1f7d653cda777a6f9f25fd735279904c3	evaluation
dominant_to_evaluation	confirmatory::Q5DT37	negative	c7ea8d68dac0b154d26ad3eb78f3747b940e34c759e2a9f821325e36850511bd	calibration
dominant_to_evaluation	confirmatory::Q5DT39	negative	c7ea8d68dac0b154d26ad3eb78f3747b940e34c759e2a9f821325e36850511bd	calibration
dominant_to_evaluation	confirmatory::Q5E9F9	negative	e2b05054974b1971d2d1faf5c1b63250f10706449e8f9c15bd1f3e29934ed416	calibration
dominant_to_evaluation	confirmatory::Q5EA59	negative	af3e8151ef08d08d21f26d1cce1ca2ed2dedc203bc8d13dcabd9823b27fc65d9	evaluation
dominant_to_evaluation	confirmatory::Q5EA66	negative	450882407bb31af420e3fb498b86045252de225bcb0bc544cb192820b36d6e90	calibration
dominant_to_evaluation	confirmatory::Q5EB47	negative	623f3f0445ba3d68f7f0b01360d57379b68a4bd25c5f902822b41b66dfcdfc89	calibration
dominant_to_evaluation	confirmatory::Q5ECE3	positive	58c122487636dd7ab904effe42ca93539e9e10855a4715b26eb500f00a2e6c5b	calibration
dominant_to_evaluation	confirmatory::Q5EE05	negative	af3e8151ef08d08d21f26d1cce1ca2ed2dedc203bc8d13dcabd9823b27fc65d9	evaluation
dominant_to_evaluation	confirmatory::Q5EGE1	negative	5fa57ddd6214726ab33b89d585752101833c823a17d22598572232302a52b8c6	evaluation
dominant_to_evaluation	confirmatory::Q5EPH2	positive	15dfdd34883cb7e5a417e2a4552d6f13a118039e01bf3682e791a24f69ae4fae	evaluation
dominant_to_evaluation	confirmatory::Q5FB23	negative	ea060f244e352de2544b388f1abc1899258898681ff665dbf7303805cc505276	evaluation
dominant_to_evaluation	confirmatory::Q5FB24	negative	ea060f244e352de2544b388f1abc1899258898681ff665dbf7303805cc505276	evaluation
dominant_to_evaluation	confirmatory::Q5FUF4	negative	dccb74d38eb5e7a9f23fe80d041bb156f74f05b1c460fdc8136e9dbd7d77d278	evaluation
dominant_to_evaluation	confirmatory::Q5HDR8	negative	ea060f244e352de2544b388f1abc1899258898681ff665dbf7303805cc505276	evaluation
dominant_to_evaluation	confirmatory::Q5HDS0	negative	ea060f244e352de2544b388f1abc1899258898681ff665dbf7303805cc505276	evaluation
dominant_to_evaluation	confirmatory::Q5HLW1	negative	ea060f244e352de2544b388f1abc1899258898681ff665dbf7303805cc505276	evaluation
dominant_to_evaluation	confirmatory::Q5HLW3	negative	ea060f244e352de2544b388f1abc1899258898681ff665dbf7303805cc505276	evaluation
dominant_to_evaluation	confirmatory::Q5HY92	negative	725376337385731c27c04b3295d4b5d7c66d2e8cbf129aaea87ba3f5efc0a84e	evaluation
dominant_to_evaluation	confirmatory::Q5IS42	negative	26711c766da1911f4bf596b105c186a2ff65f3225bc9762c87ffe5eb880b32c0	evaluation
dominant_to_evaluation	confirmatory::Q5IS74	negative	c8bc632faaa2dd7e9e07420c2893908d6cabe65710e6f1a8676bef0b20dead16	evaluation
dominant_to_evaluation	confirmatory::Q5JQD4	negative	55927c04e923f511084010cf0858f6d88c365ae75b99c08d7e94a4aea9cd3a91	calibration
dominant_to_evaluation	confirmatory::Q5KQS1	negative	4a60ed747214a9670137430d60efbead8fac61db33c998ac34d9dfa0cbcffd37	calibration
dominant_to_evaluation	confirmatory::Q5KQS2	negative	4a60ed747214a9670137430d60efbead8fac61db33c998ac34d9dfa0cbcffd37	calibration
dominant_to_evaluation	confirmatory::Q5KQS3	negative	4a60ed747214a9670137430d60efbead8fac61db33c998ac34d9dfa0cbcffd37	calibration
dominant_to_evaluation	confirmatory::Q5KQS4	negative	4a60ed747214a9670137430d60efbead8fac61db33c998ac34d9dfa0cbcffd37	calibration
dominant_to_evaluation	confirmatory::Q5KQS5	negative	4a60ed747214a9670137430d60efbead8fac61db33c998ac34d9dfa0cbcffd37	calibration
dominant_to_evaluation	confirmatory::Q5KYL9	negative	ea060f244e352de2544b388f1abc1899258898681ff665dbf7303805cc505276	evaluation
dominant_to_evaluation	confirmatory::Q5KYM1	negative	ea060f244e352de2544b388f1abc1899258898681ff665dbf7303805cc505276	evaluation
dominant_to_evaluation	confirmatory::Q5LSQ2	negative	ea060f244e352de2544b388f1abc1899258898681ff665dbf7303805cc505276	evaluation
dominant_to_evaluation	confirmatory::Q5LSQ4	negative	ea060f244e352de2544b388f1abc1899258898681ff665dbf7303805cc505276	evaluation
dominant_to_evaluation	confirmatory::Q5M1G8	negative	ea060f244e352de2544b388f1abc1899258898681ff665dbf7303805cc505276	evaluation
dominant_to_evaluation	confirmatory::Q5M607	negative	ea060f244e352de2544b388f1abc1899258898681ff665dbf7303805cc505276	evaluation
dominant_to_evaluation	confirmatory::Q5M609	negative	ea060f244e352de2544b388f1abc1899258898681ff665dbf7303805cc505276	evaluation
dominant_to_evaluation	confirmatory::Q5M886	negative	e1d839f381927b9a2033cd2376ea1dec270868532d82b0db04197ab80478009c	evaluation
dominant_to_evaluation	confirmatory::Q5M8C6	negative	450882407bb31af420e3fb498b86045252de225bcb0bc544cb192820b36d6e90	calibration
dominant_to_evaluation	confirmatory::Q5MIZ0	negative	4e99cd21ba42e7240013a52f651929458efdf8ceaae24127d3c489187c96eb87	evaluation
dominant_to_evaluation	confirmatory::Q5NKN2	negative	8b82ebf287b833af4d036924547c8249a2374ba8620909e97c73d9f10372ee04	calibration
dominant_to_evaluation	confirmatory::Q5NKN4	negative	8b82ebf287b833af4d036924547c8249a2374ba8620909e97c73d9f10372ee04	calibration
dominant_to_evaluation	confirmatory::Q5NZF6	negative	d52af3aeba16f166910db4a02e939c6bcf3e5ff1879d6147eae4d668380d76f5	calibration
dominant_to_evaluation	confirmatory::Q5PLY8	negative	d52af3aeba16f166910db4a02e939c6bcf3e5ff1879d6147eae4d668380d76f5	calibration
dominant_to_evaluation	confirmatory::Q5PPM0	negative	65ee5a678e3df03b66915068a451d63c9cf38bf313f16c4cae674fd4276713a9	evaluation
dominant_to_evaluation	confirmatory::Q5PXY7	negative	34b41219611ac71b39f94001659d257ef301dc42fb86d0ab1b2396d000b25f11	calibration
dominant_to_evaluation	confirmatory::Q5QGZ9	negative	2e402d4b1ff69f6c099e03e4a45c2e34abb6e3b800e7f28ee665400721a9e216	evaluation
dominant_to_evaluation	confirmatory::Q5R1U3	negative	e18b4e5fbde76978c2080f2894717f1f991e2dfb87f46a80f37a5cab5ea38ab0	calibration
dominant_to_evaluation	confirmatory::Q5R2J5	negative	34b41219611ac71b39f94001659d257ef301dc42fb86d0ab1b2396d000b25f11	calibration
dominant_to_evaluation	confirmatory::Q5R658	negative	12099ebff3efead5c06a18a835e5239edabab4ca79c6c9ba0c916ef443726217	evaluation
dominant_to_evaluation	confirmatory::Q5R6S0	negative	19e73a82bf4cb2521cfe2b344a15acf1f9bc96fc692b16e9e3b365f8c7af5ab6	calibration
dominant_to_evaluation	confirmatory::Q5R740	negative	369890e1b4fdd3f4d633bc750ce4706bc6a1c2d11deb58e010bd3f44230852d0	calibration
dominant_to_evaluation	confirmatory::Q5R767	negative	9f0d0cc0eeb47aec102bb846e184928d26abe3ecb8a62ebc0b78f49871b04459	evaluation
dominant_to_evaluation	confirmatory::Q5R7R7	negative	087f017c4fc6de6c13673ff96033f2de2d4d9db4cfbb560e850bc3a21a9dcde7	calibration
dominant_to_evaluation	confirmatory::Q5RA73	negative	48fadceb80cfd90014d08e9e8740e497fa640f4924ca1fd8a785996abf5484db	evaluation
dominant_to_evaluation	confirmatory::Q5RAD0	negative	ba4d2614b5e550635440f4c6525e8134022aee773ce7679090791bd84dd97e71	evaluation
dominant_to_evaluation	confirmatory::Q5RBI4	negative	af3e8151ef08d08d21f26d1cce1ca2ed2dedc203bc8d13dcabd9823b27fc65d9	evaluation
dominant_to_evaluation	confirmatory::Q5RBM7	negative	7e90cee412221196bcc5f07c4f195b89927144c6913a290671cfdac2f6ba7db5	calibration
dominant_to_evaluation	confirmatory::Q5RBP8	negative	044998ee53301f25e1da9826d8ad8a58142a4d54a3309f642f4808d2ffb2d10e	evaluation
dominant_to_evaluation	confirmatory::Q5RBQ5	negative	f65f268cda29366bb13f1b7087e9b249a64aeb6cb18e487923e1b256252c74c8	evaluation
dominant_to_evaluation	confirmatory::Q5RBS3	negative	24376931396657e10ac6c36105371df550b6e383ddce8078df34654d799ae7e7	calibration
dominant_to_evaluation	confirmatory::Q5REC2	negative	da1f730a80c0f0ed1f9303734404705fa18285380f99e8c78185dd847cf60b39	evaluation
dominant_to_evaluation	confirmatory::Q5RF15	negative	0b485d24a77932509bf71e09abdcf7e581dadeda100054bf91d0e3d6a33b887d	calibration
dominant_to_evaluation	confirmatory::Q5RFL1	negative	c8bc632faaa2dd7e9e07420c2893908d6cabe65710e6f1a8676bef0b20dead16	evaluation
dominant_to_evaluation	confirmatory::Q5RII9	negative	794a155dc5d6a4333e7c3f64f71a96bc7d6cff28650fa8bcc5d70a3932053113	calibration
dominant_to_evaluation	confirmatory::Q5RK23	negative	b039ccfd244270e65ee7ca7692ed51ef79a65b1b20862267a28d1dbe4cbb86af	evaluation
dominant_to_evaluation	confirmatory::Q5RLZ1	negative	df5070cd63468908d7ff5dc25c50b27c1be33547707ff62e32f90f7ac877709f	calibration
dominant_to_evaluation	confirmatory::Q5SI82	negative	b587bef3e5d94148fb6edeb8462e56d2a1573d0e113db913c44f4bfefa67c9fa	evaluation
dominant_to_evaluation	confirmatory::Q5SMU7	negative	6379a5db2b3216cec3ec507f7417dc6fc7ab5422e80a70b99c5b46a8764615b1	evaluation
dominant_to_evaluation	confirmatory::Q5U2S6	negative	eafcdece930d9b2f899de45e12c2e75c2126969c2d21c3b4aaf532e256438a94	evaluation
dominant_to_evaluation	confirmatory::Q5U312	negative	fd80707c34f29f25c56a8f1803d1fa5394ddc0f80884bf9428f4f4e83a05bb9a	calibration
dominant_to_evaluation	confirmatory::Q5U3G1	negative	87d425c65ac584d5e4c581986c739f7692b2578e446bf382551a86cc21557ecd	evaluation
dominant_to_evaluation	confirmatory::Q5U3S1	negative	794a155dc5d6a4333e7c3f64f71a96bc7d6cff28650fa8bcc5d70a3932053113	calibration
dominant_to_evaluation	confirmatory::Q5VFH6	negative	ae072172ac565f240e9af5c41bfdfc0174476f5f1bc878f8c5aab26e7d89d267	calibration
dominant_to_evaluation	confirmatory::Q5VJ73	negative	1bb7a69c5ac8dff09d9743d7de36e3db00db59e8de64893c6df4fc99ac9601d3	calibration
dominant_to_evaluation	confirmatory::Q5VJ76	negative	1bb7a69c5ac8dff09d9743d7de36e3db00db59e8de64893c6df4fc99ac9601d3	calibration
dominant_to_evaluation	confirmatory::Q5VXI9	negative	d291e2f780ccae734f1044ab8a8bdd51fabac2c2899aa59af35fb22c772d8b01	evaluation
dominant_to_evaluation	confirmatory::Q5VXJ0	negative	d291e2f780ccae734f1044ab8a8bdd51fabac2c2899aa59af35fb22c772d8b01	evaluation
dominant_to_evaluation	confirmatory::Q5VYY2	negative	d291e2f780ccae734f1044ab8a8bdd51fabac2c2899aa59af35fb22c772d8b01	evaluation
dominant_to_evaluation	confirmatory::Q5W188	negative	2c14df6328ed08d651ce5cff3d704d82078c6ad2a943af69e7875773d0d905c0	calibration
dominant_to_evaluation	confirmatory::Q5W7F4	negative	d2a58d1503639979e8af446731764acbc9855d3db5976dd5c85f11dc82849e02	calibration
dominant_to_evaluation	confirmatory::Q5W7P8	negative	9c42a4d7631974118801fa0fb65aef4231fc3b42e1affbced544cb057191d1c2	calibration
dominant_to_evaluation	confirmatory::Q5WPS9	positive	112549026d27c8c0b1f2feedd4c3dce0aa95a7c1eef5893ec6553e5b8b9fdc5f	evaluation
dominant_to_evaluation	confirmatory::Q5XF51	negative	d017fd0721e73202cadd9ae3298bfac8bb3fb75187118a3bf8c61e4be5e4e8e8	evaluation
dominant_to_evaluation	confirmatory::Q5XHZ9	negative	47075aafe6d2bac6e113584978b26f2f7857387210bec32ad7cf1bf1364b6c8c	calibration
dominant_to_evaluation	confirmatory::Q5XIC4	negative	13bf54fb73aab8d703b1025e0596f0e2e732d88bc62948135586368ddee44dd0	evaluation
dominant_to_evaluation	confirmatory::Q5XIK7	negative	794a155dc5d6a4333e7c3f64f71a96bc7d6cff28650fa8bcc5d70a3932053113	calibration
dominant_to_evaluation	confirmatory::Q5XJ13	negative	1babc0f3672570a9ef69999590622bed0b820e178a50d0a1ed8144cd6b6a1e59	calibration
dominant_to_evaluation	confirmatory::Q5XTQ4	negative	d1c6ab564afa4059f4195e330c3f3d2fa72e6c258ca03ccbdb0ec294d4b10bcb	evaluation
dominant_to_evaluation	confirmatory::Q5YWR8	negative	ea060f244e352de2544b388f1abc1899258898681ff665dbf7303805cc505276	evaluation
dominant_to_evaluation	confirmatory::Q5YWS0	negative	ea060f244e352de2544b388f1abc1899258898681ff665dbf7303805cc505276	evaluation
dominant_to_evaluation	confirmatory::Q5ZIJ9	negative	f70cb94582b2b5f26bd61c66750ab3d3e81aadb1d68c2adff83370008ebf6e1c	calibration
dominant_to_evaluation	confirmatory::Q5ZIN0	negative	86a5c1bfc5908ede8123b1f6c7156fccf03d9d9b70f3f68acd76dfc146e5b158	evaluation
dominant_to_evaluation	confirmatory::Q5ZK92	negative	9be8126a2dbfcd7513074efb8f97e42b52a270b713971328a72dcad11b7a1f84	calibration
dominant_to_evaluation	confirmatory::Q5ZM55	negative	985193d7f0646ab5a63192350c4470719b706bcc5f16b43f74211a4adfe4c1c1	calibration
dominant_to_evaluation	confirmatory::Q60549	negative	f2b677e2fd5321ab024cef21588963d9a8417a4e14d4be31ef1166114f89d64f	evaluation
dominant_to_evaluation	confirmatory::Q60590	negative	1a35ad91798a026bcdebde68ed0eb5d253ad56aad3ddf29531a071fb44d8d05e	calibration
dominant_to_evaluation	confirmatory::Q60660	negative	7d60fd5c92dfb8bcae8595a5e485074f20595c0030d55c37b8423232e0a10ed8	evaluation
dominant_to_evaluation	confirmatory::Q60676	negative	8e22b1d2d0b6eb1e1e5fa4778be233170412d5e999828aaf14773086e528164b	evaluation
dominant_to_evaluation	confirmatory::Q60682	negative	7d60fd5c92dfb8bcae8595a5e485074f20595c0030d55c37b8423232e0a10ed8	evaluation
dominant_to_evaluation	confirmatory::Q60687	negative	cd44ecfb0231fbe25976a913c1248001f954c4063e308617e008c4b65e1d218b	calibration
dominant_to_evaluation	confirmatory::Q60773	negative	8992e1d38e2126575c76a9ffff1f17206072df85161868ff3b28419336c5d6f5	calibration
dominant_to_evaluation	confirmatory::Q60778	negative	f5946217655b779cbdb7da1594ab1ee01d52642a7d2cf2070fa5df1454f6a452	calibration
dominant_to_evaluation	confirmatory::Q60FC1	negative	450882407bb31af420e3fb498b86045252de225bcb0bc544cb192820b36d6e90	calibration
dominant_to_evaluation	confirmatory::Q60HE4	negative	892c88b018db1a24496c836ee738435b173efc2813bfbb043051751b949fe15d	evaluation
dominant_to_evaluation	confirmatory::Q60HE6	negative	ae06a79fb0a3df6b735edf0b452366dd6bef01d4d1be6595c830072b310a4059	calibration
dominant_to_evaluation	confirmatory::Q60HH1	negative	c8bc632faaa2dd7e9e07420c2893908d6cabe65710e6f1a8676bef0b20dead16	evaluation
dominant_to_evaluation	confirmatory::Q61139	negative	da1f730a80c0f0ed1f9303734404705fa18285380f99e8c78185dd847cf60b39	evaluation
dominant_to_evaluation	confirmatory::Q61483	negative	24371bf2d6df09880740ab51a10a679536679e6846c484a18360798d6fe47647	calibration
dominant_to_evaluation	confirmatory::Q61646	negative	f31f934f123b8eb5e7b55919d21a17ee0061501c26e26a51565ecb85805bc123	calibration
dominant_to_evaluation	confirmatory::Q61CX7	negative	623f3f0445ba3d68f7f0b01360d57379b68a4bd25c5f902822b41b66dfcdfc89	calibration
dominant_to_evaluation	confirmatory::Q62422	negative	d1f62197ee0b94e1aa825c03b89bae92c969a18f42b790443643f132e5c7b952	evaluation
dominant_to_evaluation	confirmatory::Q62426	negative	e18b4e5fbde76978c2080f2894717f1f991e2dfb87f46a80f37a5cab5ea38ab0	calibration
dominant_to_evaluation	confirmatory::Q62471	negative	5892961fd93913083308b146da1de4c67d025258b98b350e84083bba8418fbd1	calibration
dominant_to_evaluation	confirmatory::Q62587	negative	2ca3559869bf73bf1369b0778046227fe36990704ef03e92e809601ac40ebe65	calibration
dominant_to_evaluation	confirmatory::Q62590	negative	cd44ecfb0231fbe25976a913c1248001f954c4063e308617e008c4b65e1d218b	calibration
dominant_to_evaluation	confirmatory::Q627N3	negative	369890e1b4fdd3f4d633bc750ce4706bc6a1c2d11deb58e010bd3f44230852d0	calibration
dominant_to_evaluation	confirmatory::Q62849	negative	da1f730a80c0f0ed1f9303734404705fa18285380f99e8c78185dd847cf60b39	evaluation
dominant_to_evaluation	confirmatory::Q62HS0	negative	ea060f244e352de2544b388f1abc1899258898681ff665dbf7303805cc505276	evaluation
dominant_to_evaluation	confirmatory::Q62HS2	negative	ea060f244e352de2544b388f1abc1899258898681ff665dbf7303805cc505276	evaluation
dominant_to_evaluation	confirmatory::Q63341	negative	24063adf61b47696a5084aad279fba23bd2d452cb3a4e2a3d0222f5c61a60eb3	calibration
dominant_to_evaluation	confirmatory::Q63347	negative	e2b05054974b1971d2d1faf5c1b63250f10706449e8f9c15bd1f3e29934ed416	calibration
dominant_to_evaluation	confirmatory::Q63369	negative	a57533e38099ea960ab1f9d4350d4e3eb6a919a313090b8648660eab8a5859d5	calibration
dominant_to_evaluation	confirmatory::Q63415	negative	da1f730a80c0f0ed1f9303734404705fa18285380f99e8c78185dd847cf60b39	evaluation
dominant_to_evaluation	confirmatory::Q63430	negative	49e0bd839bb65df30e513a28e2c6701659e7b54bbf207886093864c59420f7a3	calibration
dominant_to_evaluation	confirmatory::Q63570	negative	23d5a3bd524d30d0ed03bfe373885d5527e4035c98c411d13a9667a063013c6e	evaluation
dominant_to_evaluation	confirmatory::Q63805	negative	1a35ad91798a026bcdebde68ed0eb5d253ad56aad3ddf29531a071fb44d8d05e	calibration
dominant_to_evaluation	confirmatory::Q63HQ2	negative	68767325784b2424d10c6965c0aa59d40c7a925515b48a12df84fb6a033b254f	calibration
dominant_to_evaluation	confirmatory::Q63RL3	negative	ea060f244e352de2544b388f1abc1899258898681ff665dbf7303805cc505276	evaluation
dominant_to_evaluation	confirmatory::Q63RL5	negative	ea060f244e352de2544b388f1abc1899258898681ff665dbf7303805cc505276	evaluation
dominant_to_evaluation	confirmatory::Q63ZY3	negative	025fe66b9459a9368bbbc7e07ac2d8f2d812ba27ec9e250c1a574f49089748b0	calibration
dominant_to_evaluation	confirmatory::Q640P2	negative	450882407bb31af420e3fb498b86045252de225bcb0bc544cb192820b36d6e90	calibration
dominant_to_evaluation	confirmatory::Q64171	negative	780632a2b78e928a1a0233a9237a2deb499859d4cb703b9b85c05b6bf0ae4e2d	evaluation
dominant_to_evaluation	confirmatory::Q64181	negative	044998ee53301f25e1da9826d8ad8a58142a4d54a3309f642f4808d2ffb2d10e	evaluation
dominant_to_evaluation	confirmatory::Q64194	negative	d291e2f780ccae734f1044ab8a8bdd51fabac2c2899aa59af35fb22c772d8b01	evaluation
dominant_to_evaluation	confirmatory::Q641W4	negative	694df2b5849b10ec08101ea2af6560538999a3c675f58d38bdfa8b4f58b573a3	calibration
dominant_to_evaluation	confirmatory::Q641Z7	negative	eac41909233ae38fd580365dacf70df8362ae19e8f8fb413aa0d59f0af65be98	evaluation
dominant_to_evaluation	confirmatory::Q64253	negative	412ebf19781844419f07c45188fde84b1712a4113a21c291d54300b8a26fc585	evaluation
dominant_to_evaluation	confirmatory::Q64299	negative	80411b172a57342a9e6ff35099764047f561bf1337df03f29cf013ee3a7b28d0	calibration
dominant_to_evaluation	confirmatory::Q64329	negative	7d60fd5c92dfb8bcae8595a5e485074f20595c0030d55c37b8423232e0a10ed8	evaluation
dominant_to_evaluation	confirmatory::Q64424	negative	82e1c2f759ec8bf899994b4553b7d3cc20a8d7c5d625a051f6b6104ee4a7005f	evaluation
dominant_to_evaluation	confirmatory::Q64425	negative	82e1c2f759ec8bf899994b4553b7d3cc20a8d7c5d625a051f6b6104ee4a7005f	evaluation
dominant_to_evaluation	confirmatory::Q647G9	negative	15846e295d6f529cb1ea4423de7a6917f472ad0c4d75173697c456c27ec75481	evaluation
dominant_to_evaluation	confirmatory::Q64K33	negative	1bb7a69c5ac8dff09d9743d7de36e3db00db59e8de64893c6df4fc99ac9601d3	calibration
dominant_to_evaluation	confirmatory::Q64K34	negative	afc28802fff11b2e2d1ded4ef2f20fb595c131fd12dc5efbd409170424be582b	calibration
dominant_to_evaluation	confirmatory::Q64K36	negative	afc28802fff11b2e2d1ded4ef2f20fb595c131fd12dc5efbd409170424be582b	calibration
dominant_to_evaluation	confirmatory::Q65XV2	negative	50b13f9d1d5f78552c7086ad34c3782cafa3867c15aa1c7bd0ccff2643d361a5	calibration
dominant_to_evaluation	confirmatory::Q65YR7	negative	e18b4e5fbde76978c2080f2894717f1f991e2dfb87f46a80f37a5cab5ea38ab0	calibration
dominant_to_evaluation	confirmatory::Q65YR8	negative	e18b4e5fbde76978c2080f2894717f1f991e2dfb87f46a80f37a5cab5ea38ab0	calibration
dominant_to_evaluation	confirmatory::Q66H85	negative	91c2894864d032b2893163dae4279c6a5eddbb3c7de724d55226dc3410728a9c	evaluation
dominant_to_evaluation	confirmatory::Q66RP5	negative	34b41219611ac71b39f94001659d257ef301dc42fb86d0ab1b2396d000b25f11	calibration
dominant_to_evaluation	confirmatory::Q66S21	positive	27e6e2bb31bcb2671c5dcc113433c5816eabde69161bee463e2f8daf41bfd66c	evaluation
dominant_to_evaluation	confirmatory::Q66S50	negative	87d425c65ac584d5e4c581986c739f7692b2578e446bf382551a86cc21557ecd	evaluation
dominant_to_evaluation	confirmatory::Q66S61	negative	87d425c65ac584d5e4c581986c739f7692b2578e446bf382551a86cc21557ecd	evaluation
dominant_to_evaluation	confirmatory::Q66S62	negative	87d425c65ac584d5e4c581986c739f7692b2578e446bf382551a86cc21557ecd	evaluation
dominant_to_evaluation	confirmatory::Q66S63	negative	87d425c65ac584d5e4c581986c739f7692b2578e446bf382551a86cc21557ecd	evaluation
dominant_to_evaluation	confirmatory::Q67WJ2	negative	b587bef3e5d94148fb6edeb8462e56d2a1573d0e113db913c44f4bfefa67c9fa	evaluation
dominant_to_evaluation	confirmatory::Q688M5	negative	4b9e7bea9ce8ee8ae94698ef8499017333c8e1e95a44680dba3be60d8618dc01	evaluation
dominant_to_evaluation	confirmatory::Q68DC2	negative	1babc0f3672570a9ef69999590622bed0b820e178a50d0a1ed8144cd6b6a1e59	calibration
dominant_to_evaluation	confirmatory::Q68GV9	negative	afc28802fff11b2e2d1ded4ef2f20fb595c131fd12dc5efbd409170424be582b	calibration
dominant_to_evaluation	confirmatory::Q68KK0	negative	8ee43b4e8ba5995b9aed1fca2d9b6dc963f47cc95170ae5d0cd5ee27879e4180	calibration
dominant_to_evaluation	confirmatory::Q68W69	negative	623f3f0445ba3d68f7f0b01360d57379b68a4bd25c5f902822b41b66dfcdfc89	calibration
dominant_to_evaluation	confirmatory::Q69F56	negative	afc28802fff11b2e2d1ded4ef2f20fb595c131fd12dc5efbd409170424be582b	calibration
dominant_to_evaluation	confirmatory::Q69F58	negative	afc28802fff11b2e2d1ded4ef2f20fb595c131fd12dc5efbd409170424be582b	calibration
dominant_to_evaluation	confirmatory::Q69UZ3	negative	6575fe00f3ccdc3a9bcd22237c35b4067cd150571930ca1e7aa9a8e6117d5536	calibration
dominant_to_evaluation	confirmatory::Q69ZU8	negative	55bd881647d7a449fc35b49ce52ba4f2dd86ad0d16680e9ef81cf2f148de50e6	calibration
dominant_to_evaluation	confirmatory::Q6AU07	negative	0979449cdc194fdff7dab96f55c2a10e5e5abd2d3843d67e604751e8e5fe90dd	evaluation
dominant_to_evaluation	confirmatory::Q6AWW0	negative	65bb002a2d0220d261996f7b58f16462939548833c839b5a5858a003c2254c04	evaluation
dominant_to_evaluation	confirmatory::Q6AX44	negative	450882407bb31af420e3fb498b86045252de225bcb0bc544cb192820b36d6e90	calibration
dominant_to_evaluation	confirmatory::Q6AYT7	negative	86a5c1bfc5908ede8123b1f6c7156fccf03d9d9b70f3f68acd76dfc146e5b158	evaluation
dominant_to_evaluation	confirmatory::Q6C520	negative	e8f19abe601762091b366d25b70ea3fb93cb89ef883d201899904e677c86728a	calibration
dominant_to_evaluation	confirmatory::Q6CLY8	negative	ba1e0fac2515a9031daa16567997afddc289a2ecb8756ffc8f0e1753d392ede6	evaluation
dominant_to_evaluation	confirmatory::Q6DBU8	negative	c8fadbacef3136177f2b23b2baf3dcd95afd7d6b4bd2d228911c955e1a12428c	evaluation
dominant_to_evaluation	confirmatory::Q6DCQ6	negative	8224d870a4ad1d762e0cd8f430a9761d0b2a39c6b9877ac80d67fd6f690abc05	calibration
dominant_to_evaluation	confirmatory::Q6DI48	negative	24371bf2d6df09880740ab51a10a679536679e6846c484a18360798d6fe47647	calibration
dominant_to_evaluation	confirmatory::Q6DRD9	negative	0117c31c5e8a946d348c2967069bc984bdac99ef7914e687858f626281ab9502	calibration
dominant_to_evaluation	confirmatory::Q6E0V2	negative	794a155dc5d6a4333e7c3f64f71a96bc7d6cff28650fa8bcc5d70a3932053113	calibration
dominant_to_evaluation	confirmatory::Q6EIG7	negative	0abf7fc04094851e216e9a013b3897849df61ac3d763c6f6cd1c3c34b9d203dd	calibration
dominant_to_evaluation	confirmatory::Q6EMK4	negative	06f0d4fd639a6c34191fb3093385dc64c0099d172b7ef4ea43662e3435f35b54	evaluation
dominant_to_evaluation	confirmatory::Q6EV78	negative	cd44ecfb0231fbe25976a913c1248001f954c4063e308617e008c4b65e1d218b	calibration
dominant_to_evaluation	confirmatory::Q6EWX1	negative	2403ae7bc8665f1e7b626feb95c0ff7f17c310b870feafcd82ae5317780d177e	evaluation
dominant_to_evaluation	confirmatory::Q6EZC2	positive	cf086492ab026d02708e9be582df185c98b8b4f6c6492e10a2b684a6eeda7d53	evaluation
dominant_to_evaluation	confirmatory::Q6F3J0	negative	a57533e38099ea960ab1f9d4350d4e3eb6a919a313090b8648660eab8a5859d5	calibration
dominant_to_evaluation	confirmatory::Q6FD83	negative	ea060f244e352de2544b388f1abc1899258898681ff665dbf7303805cc505276	evaluation
dominant_to_evaluation	confirmatory::Q6FD85	negative	ea060f244e352de2544b388f1abc1899258898681ff665dbf7303805cc505276	evaluation
dominant_to_evaluation	confirmatory::Q6FEQ3	negative	dccb74d38eb5e7a9f23fe80d041bb156f74f05b1c460fdc8136e9dbd7d77d278	evaluation
dominant_to_evaluation	confirmatory::Q6G734	negative	ea060f244e352de2544b388f1abc1899258898681ff665dbf7303805cc505276	evaluation
dominant_to_evaluation	confirmatory::Q6GEE4	negative	ea060f244e352de2544b388f1abc1899258898681ff665dbf7303805cc505276	evaluation
dominant_to_evaluation	confirmatory::Q6GEE6	negative	ea060f244e352de2544b388f1abc1899258898681ff665dbf7303805cc505276	evaluation
dominant_to_evaluation	confirmatory::Q6GL04	negative	199e5e746f1a78658450a2ba041b79aef49bbb4feb4fdafedee11b7288c9ede8	calibration
dominant_to_evaluation	confirmatory::Q6GNY1	negative	f70cb94582b2b5f26bd61c66750ab3d3e81aadb1d68c2adff83370008ebf6e1c	calibration
dominant_to_evaluation	confirmatory::Q6GPE5	negative	985193d7f0646ab5a63192350c4470719b706bcc5f16b43f74211a4adfe4c1c1	calibration
dominant_to_evaluation	confirmatory::Q6GQL2	negative	369890e1b4fdd3f4d633bc750ce4706bc6a1c2d11deb58e010bd3f44230852d0	calibration
dominant_to_evaluation	confirmatory::Q6GQX6	negative	1babc0f3672570a9ef69999590622bed0b820e178a50d0a1ed8144cd6b6a1e59	calibration
dominant_to_evaluation	confirmatory::Q6GUL6	negative	22908ea1541a1b07146f2bd28daaa95ec311bcc862f3182fe7289c27fc0bc4d0	evaluation
dominant_to_evaluation	confirmatory::Q6GX84	negative	725376337385731c27c04b3295d4b5d7c66d2e8cbf129aaea87ba3f5efc0a84e	evaluation
dominant_to_evaluation	confirmatory::Q6H9L7	negative	cb44a4f497064aed4649f5deb7fef3c4d84afeace4de66ba616b124b36f36034	calibration
dominant_to_evaluation	confirmatory::Q6IE26	negative	2eecc744c786b9108557788352fd5794355c754b0934c0f099e6c21ad6cf8672	calibration
dominant_to_evaluation	confirmatory::Q6IE32	negative	39977d7c8cb51a04363db1a900c2381799fac83607110b9c758bb1e0b32e3199	evaluation
dominant_to_evaluation	confirmatory::Q6IE46	negative	494bb47a5b8c2bea3cad5f8a40f43589336270fb6d93bdf73592e38be6ebde1b	evaluation
dominant_to_evaluation	confirmatory::Q6IY73	negative	cd44ecfb0231fbe25976a913c1248001f954c4063e308617e008c4b65e1d218b	calibration
dominant_to_evaluation	confirmatory::Q6IY74	negative	cd44ecfb0231fbe25976a913c1248001f954c4063e308617e008c4b65e1d218b	calibration
dominant_to_evaluation	confirmatory::Q6JVE5	negative	693191d81dad8633f117940437800dc383ce0e8e12178e775ecd55116c2bb03f	calibration
dominant_to_evaluation	confirmatory::Q6JVE9	negative	ae5ea8639589b79b276a0740af0e2a4bf3187ec339698d7063e881ce1e1a2a07	evaluation
dominant_to_evaluation	confirmatory::Q6JVL5	negative	693191d81dad8633f117940437800dc383ce0e8e12178e775ecd55116c2bb03f	calibration
dominant_to_evaluation	confirmatory::Q6K8R2	negative	4b9e7bea9ce8ee8ae94698ef8499017333c8e1e95a44680dba3be60d8618dc01	evaluation
dominant_to_evaluation	confirmatory::Q6MG55	negative	19e73a82bf4cb2521cfe2b344a15acf1f9bc96fc692b16e9e3b365f8c7af5ab6	calibration
dominant_to_evaluation	confirmatory::Q6N1G8	negative	dccb74d38eb5e7a9f23fe80d041bb156f74f05b1c460fdc8136e9dbd7d77d278	evaluation
dominant_to_evaluation	confirmatory::Q6N3N0	negative	ea060f244e352de2544b388f1abc1899258898681ff665dbf7303805cc505276	evaluation
dominant_to_evaluation	confirmatory::Q6N3N3	negative	ea060f244e352de2544b388f1abc1899258898681ff665dbf7303805cc505276	evaluation
dominant_to_evaluation	confirmatory::Q6NAM1	negative	99f40f5f5deac002e1b3d68b6ea089ee9bc93d5873f98c72e3a3b22286c5e09d	calibration
dominant_to_evaluation	confirmatory::Q6NLQ8	negative	50b13f9d1d5f78552c7086ad34c3782cafa3867c15aa1c7bd0ccff2643d361a5	calibration
dominant_to_evaluation	confirmatory::Q6NT52	negative	cd44ecfb0231fbe25976a913c1248001f954c4063e308617e008c4b65e1d218b	calibration
dominant_to_evaluation	confirmatory::Q6NVU2	negative	369890e1b4fdd3f4d633bc750ce4706bc6a1c2d11deb58e010bd3f44230852d0	calibration
dominant_to_evaluation	confirmatory::Q6NW58	negative	9be8126a2dbfcd7513074efb8f97e42b52a270b713971328a72dcad11b7a1f84	calibration
dominant_to_evaluation	confirmatory::Q6NXT1	negative	c5e2be88b1228a5fe292dfa6bf01adfcb55983d3c6eccfb6b3c05b612e4a3de6	calibration
dominant_to_evaluation	confirmatory::Q6P1H6	negative	8b329edba81bc4bf77c0e6906a180e9e8756de0c47eaf4fa7419b66d30794d17	calibration
dominant_to_evaluation	confirmatory::Q6P5P5	negative	f57c6cf461f021788bb7f38d55fb443eb4f59d5c8171c8c0af30ab029f1bfb82	evaluation
dominant_to_evaluation	confirmatory::Q6P734	negative	7c001592a0af53a0b7029cb604d3d173bb64ff8d0eddd85c023a777d81f9b85a	calibration
dominant_to_evaluation	confirmatory::Q6PE15	negative	79fb5f5aeea75b1180489919250ee5ca372dd41009fc99b7025dd9708a35177b	evaluation
dominant_to_evaluation	confirmatory::Q6PIW4	negative	725376337385731c27c04b3295d4b5d7c66d2e8cbf129aaea87ba3f5efc0a84e	evaluation
dominant_to_evaluation	confirmatory::Q6PQK2	positive	73e2773055c4aaed4b9016027f3b0aed172b44904b6c4889bf48e64ff56d6e0f	evaluation
dominant_to_evaluation	confirmatory::Q6Q2C2	negative	2eecc744c786b9108557788352fd5794355c754b0934c0f099e6c21ad6cf8672	calibration
dominant_to_evaluation	confirmatory::Q6Q3H0	negative	b30b84a76b4877ee5f623b2fe1234ec407ce41971f778f80bf04b469852129d7	calibration
dominant_to_evaluation	confirmatory::Q6Q7I7	negative	2ce198fad98f14e4c4b8a256c59fcb869aedf9d88f10faac7815fcadcfa4fcaf	calibration
dominant_to_evaluation	confirmatory::Q6QLQ4	negative	55ddb3dd17da1cb3ae6ed5aa5ab62a50e2f5afdd8477f9c0f808349986102bb6	evaluation
dominant_to_evaluation	confirmatory::Q6RY98	positive	5bb2900baf301969b961458b31bf85d5c1deee5dcae3cae285450b3f64031f30	evaluation
dominant_to_evaluation	confirmatory::Q6SI68	negative	cd44ecfb0231fbe25976a913c1248001f954c4063e308617e008c4b65e1d218b	calibration
dominant_to_evaluation	confirmatory::Q6T6T4	negative	e762a34e2879fb89badf3aefde610ff9d5414dd0791ef2899f47f15931593ae4	evaluation
dominant_to_evaluation	confirmatory::Q6TMA8	negative	450882407bb31af420e3fb498b86045252de225bcb0bc544cb192820b36d6e90	calibration
dominant_to_evaluation	confirmatory::Q6TNA5	negative	29a79690eced4461016836ce36c14c380b0c4c5e3dcafb70f5238755407be04c	evaluation
dominant_to_evaluation	confirmatory::Q6TNA6	negative	35694f21d7d4db56351d18bdafcc1ae0e6fb7fafca960bd78ecc92fb5c4eca41	evaluation
dominant_to_evaluation	confirmatory::Q6TPH1	negative	bb6ceea07e989d80c137788cdbdfd634ab9becd492e572919974a7e2ecc7bc23	calibration
dominant_to_evaluation	confirmatory::Q6U830	negative	cd44ecfb0231fbe25976a913c1248001f954c4063e308617e008c4b65e1d218b	calibration
dominant_to_evaluation	confirmatory::Q6UR35	negative	ea060f244e352de2544b388f1abc1899258898681ff665dbf7303805cc505276	evaluation
dominant_to_evaluation	confirmatory::Q6UR44	negative	ea060f244e352de2544b388f1abc1899258898681ff665dbf7303805cc505276	evaluation
dominant_to_evaluation	confirmatory::Q6UR53	negative	ea060f244e352de2544b388f1abc1899258898681ff665dbf7303805cc505276	evaluation
dominant_to_evaluation	confirmatory::Q6UR62	negative	ea060f244e352de2544b388f1abc1899258898681ff665dbf7303805cc505276	evaluation
dominant_to_evaluation	confirmatory::Q6UR78	negative	ea060f244e352de2544b388f1abc1899258898681ff665dbf7303805cc505276	evaluation
dominant_to_evaluation	confirmatory::Q6UR86	negative	ea060f244e352de2544b388f1abc1899258898681ff665dbf7303805cc505276	evaluation
dominant_to_evaluation	confirmatory::Q6UVW9	negative	e73c96ea43f7190ef92adf35894e2eb0a0c6332b069837b46e96d09e4da1989a	calibration
dominant_to_evaluation	confirmatory::Q6UW60	negative	da1f730a80c0f0ed1f9303734404705fa18285380f99e8c78185dd847cf60b39	evaluation
dominant_to_evaluation	confirmatory::Q6UWW0	negative	fff12e77db30d8d5054c219a61e7eadca02694fd845a38e729300f128215237b	evaluation
dominant_to_evaluation	confirmatory::Q6UXR4	negative	a5ebffc2e2dbb22bd5322e5b7f495ec0102e8dba67dfdb8b96b9aa84fa7da6f3	evaluation
dominant_to_evaluation	confirmatory::Q6UXZ4	negative	e1b95bb5b2d98418af04cd6abcaee2221a616a7e7b69327abdac2b834eba6f74	calibration
dominant_to_evaluation	confirmatory::Q6UY11	negative	389ad42570c89a23dada5ba64aad3e0bd24cb5b88b1fc4a23e5d29f2508b4cfc	evaluation
dominant_to_evaluation	confirmatory::Q6V9H4	negative	48fadceb80cfd90014d08e9e8740e497fa640f4924ca1fd8a785996abf5484db	evaluation
dominant_to_evaluation	confirmatory::Q6X7V3	negative	82ba2784f1f8c5c50742e13d650c40e1693ecd41f5e2dbe7f1afccb645a66a72	calibration
dominant_to_evaluation	confirmatory::Q6XBH1	negative	35924e8f7b5834d086ff9e83412559b96bc83a137462bdc92264c5acb9e9f8ba	evaluation
dominant_to_evaluation	confirmatory::Q6XZB0	negative	c8fadbacef3136177f2b23b2baf3dcd95afd7d6b4bd2d228911c955e1a12428c	evaluation
dominant_to_evaluation	confirmatory::Q6Y4Q5	negative	24063adf61b47696a5084aad279fba23bd2d452cb3a4e2a3d0222f5c61a60eb3	calibration
dominant_to_evaluation	confirmatory::Q6YK33	negative	2ca3559869bf73bf1369b0778046227fe36990704ef03e92e809601ac40ebe65	calibration
dominant_to_evaluation	confirmatory::Q6ZFW0	negative	8f8da713303fc3e9da5300981fa592399dd69f945ee35063684c899fb1bc1d27	calibration
dominant_to_evaluation	confirmatory::Q6ZMM2	negative	bb40d15c016e35f42dcca513f66d9229afaef132e7dc1251b2a6b3dc0c5acfcd	calibration
dominant_to_evaluation	confirmatory::Q6ZMP0	negative	562e79a16f6ce227a3e89db3f4bb54b3e3c1b2ae222acba4917b6af32fdf6d0f	evaluation
dominant_to_evaluation	confirmatory::Q6ZMU1	negative	13052596539332eba217bc31fcf0d6330ad67e104a067ad1973bff4349aab6c3	calibration
dominant_to_evaluation	confirmatory::Q6ZN17	negative	623f3f0445ba3d68f7f0b01360d57379b68a4bd25c5f902822b41b66dfcdfc89	calibration
dominant_to_evaluation	confirmatory::Q6ZNF0	negative	bb6ceea07e989d80c137788cdbdfd634ab9becd492e572919974a7e2ecc7bc23	calibration
dominant_to_evaluation	confirmatory::Q6ZST4	negative	893d42719c35fb87ed0fa74f6f99a943dd559899c72f9549eb41965b8b063f89	calibration
dominant_to_evaluation	confirmatory::Q6ZT21	negative	4f74dcb1b503ace41f74d5c063a5fa9c5498e32a006c0e7a8aebc0644cd0f288	calibration
dominant_to_evaluation	confirmatory::Q700D5	negative	0e4c38eb4f51a7eb91cc769f4711116524ea8b7fdc196854106f65a38ca035fd	evaluation
dominant_to_evaluation	confirmatory::Q704Y3	negative	36dec6c60a72d94ff56ec694716245de514abc69b61f3fd1ef27385953643515	evaluation
dominant_to_evaluation	confirmatory::Q70DK5	negative	a00384a0c9fb6ab048e78eb3d60db510d8d313ce9a15dfda96cf700e638435e3	evaluation
dominant_to_evaluation	confirmatory::Q70GH4	negative	c8bc632faaa2dd7e9e07420c2893908d6cabe65710e6f1a8676bef0b20dead16	evaluation
dominant_to_evaluation	confirmatory::Q70J59	negative	c8bc632faaa2dd7e9e07420c2893908d6cabe65710e6f1a8676bef0b20dead16	evaluation
dominant_to_evaluation	confirmatory::Q70UZ7	negative	8224d870a4ad1d762e0cd8f430a9761d0b2a39c6b9877ac80d67fd6f690abc05	calibration
dominant_to_evaluation	confirmatory::Q70X92	negative	987aaa7b495bc5fd6b0fc9e57a89713660ed32dba42de9a4d8ba698c190be061	calibration
dominant_to_evaluation	confirmatory::Q710E8	negative	6379a5db2b3216cec3ec507f7417dc6fc7ab5422e80a70b99c5b46a8764615b1	evaluation
dominant_to_evaluation	confirmatory::Q719N1	negative	9be8126a2dbfcd7513074efb8f97e42b52a270b713971328a72dcad11b7a1f84	calibration
dominant_to_evaluation	confirmatory::Q71KU9	negative	450882407bb31af420e3fb498b86045252de225bcb0bc544cb192820b36d6e90	calibration
dominant_to_evaluation	confirmatory::Q71S21	negative	eafcdece930d9b2f899de45e12c2e75c2126969c2d21c3b4aaf532e256438a94	evaluation
dominant_to_evaluation	confirmatory::Q71S22	negative	eafcdece930d9b2f899de45e12c2e75c2126969c2d21c3b4aaf532e256438a94	evaluation
dominant_to_evaluation	confirmatory::Q72R95	negative	dccb74d38eb5e7a9f23fe80d041bb156f74f05b1c460fdc8136e9dbd7d77d278	evaluation
dominant_to_evaluation	confirmatory::Q733J6	negative	ea060f244e352de2544b388f1abc1899258898681ff665dbf7303805cc505276	evaluation
dominant_to_evaluation	confirmatory::Q73UB0	negative	dccb74d38eb5e7a9f23fe80d041bb156f74f05b1c460fdc8136e9dbd7d77d278	evaluation
dominant_to_evaluation	confirmatory::Q75JI3	negative	66982e869380038efc306798aae7ce2e1fae56c06d7dfce80d3e44d1d4b5c3dc	calibration
dominant_to_evaluation	confirmatory::Q75WF2	positive	7274beeb432608e4b4eeea85ab6cf11fcacee396cb776b09e2215684825a166f	evaluation
dominant_to_evaluation	confirmatory::Q75ZQ4	negative	ea060f244e352de2544b388f1abc1899258898681ff665dbf7303805cc505276	evaluation
dominant_to_evaluation	confirmatory::Q75ZQ5	negative	ea060f244e352de2544b388f1abc1899258898681ff665dbf7303805cc505276	evaluation
dominant_to_evaluation	confirmatory::Q761X5	negative	e1b95bb5b2d98418af04cd6abcaee2221a616a7e7b69327abdac2b834eba6f74	calibration
dominant_to_evaluation	confirmatory::Q76KX0	negative	3f5913f7e3e5d5a0a685cebeb853633fcb01f74c67d49634fe5a5e33895c0619	calibration
dominant_to_evaluation	confirmatory::Q76LA0	negative	e18b4e5fbde76978c2080f2894717f1f991e2dfb87f46a80f37a5cab5ea38ab0	calibration
dominant_to_evaluation	confirmatory::Q76U48	negative	97931beddc207ba01cef248f2779df9b4c5518304c731e63e1a28810c83ae314	evaluation
dominant_to_evaluation	confirmatory::Q78EH2	negative	da1f730a80c0f0ed1f9303734404705fa18285380f99e8c78185dd847cf60b39	evaluation
dominant_to_evaluation	confirmatory::Q793F9	negative	12099ebff3efead5c06a18a835e5239edabab4ca79c6c9ba0c916ef443726217	evaluation
dominant_to_evaluation	confirmatory::Q79VJ3	negative	ea060f244e352de2544b388f1abc1899258898681ff665dbf7303805cc505276	evaluation
dominant_to_evaluation	confirmatory::Q7DNA1	negative	4b9e7bea9ce8ee8ae94698ef8499017333c8e1e95a44680dba3be60d8618dc01	evaluation
dominant_to_evaluation	confirmatory::Q7FK82	negative	067ae74d42b596cec7582bf029fe09ab77e540f889181e76f7318d4806994969	evaluation
dominant_to_evaluation	confirmatory::Q7K5M0	negative	b7bc7a1b22f24755fc3ef9a18c54714098fc8ff519f1234b4205f0b2c6a30739	evaluation
dominant_to_evaluation	confirmatory::Q7K740	negative	9115b03cb3061d687b03fddc7be898a18890649d629080776e40a00b900bba11	calibration
dominant_to_evaluation	confirmatory::Q7KN62	negative	199e5e746f1a78658450a2ba041b79aef49bbb4feb4fdafedee11b7288c9ede8	calibration
dominant_to_evaluation	confirmatory::Q7KUD5	negative	2f9db5b8fc00d830c93f9b2ca68277e3c487d58252f4703b40bcbe4291ba46f3	evaluation
dominant_to_evaluation	confirmatory::Q7L211	negative	67c02c2b2dac950c0572468b80c4cf3b39a6a28dc4a3e94b281e08f3b75adbb1	calibration
dominant_to_evaluation	confirmatory::Q7M429	negative	e762a34e2879fb89badf3aefde610ff9d5414dd0791ef2899f47f15931593ae4	evaluation
dominant_to_evaluation	confirmatory::Q7M4G0	negative	34b41219611ac71b39f94001659d257ef301dc42fb86d0ab1b2396d000b25f11	calibration
dominant_to_evaluation	confirmatory::Q7M4G1	negative	34b41219611ac71b39f94001659d257ef301dc42fb86d0ab1b2396d000b25f11	calibration
dominant_to_evaluation	confirmatory::Q7MPY0	negative	d52af3aeba16f166910db4a02e939c6bcf3e5ff1879d6147eae4d668380d76f5	calibration
dominant_to_evaluation	confirmatory::Q7N4Y9	negative	ea060f244e352de2544b388f1abc1899258898681ff665dbf7303805cc505276	evaluation
dominant_to_evaluation	confirmatory::Q7N8B1	positive	75c22060b44ebb972ae17635055b11849238e6fe69a2a1158e0a5a22c6abb094	evaluation
dominant_to_evaluation	confirmatory::Q7NPW5	negative	d52af3aeba16f166910db4a02e939c6bcf3e5ff1879d6147eae4d668380d76f5	calibration
dominant_to_evaluation	confirmatory::Q7Q3R9	positive	84aa9ee5daecce1e23fbd5cc279ceef27b9ee42dc5584dade8b6e3e24edba661	evaluation
dominant_to_evaluation	confirmatory::Q7QIJ8	negative	c02d190086ca7e74d1e2ea37b6b529e289daf9cf9477c5f45cf995e77fae69ce	evaluation
dominant_to_evaluation	confirmatory::Q7SHI0	negative	45ad65a9a1f270cc6da46266725a1aad0303b98c53ca247033931cf8c67da178	evaluation
dominant_to_evaluation	confirmatory::Q7SY73	negative	56c839bfe860f6cc35f76b3271a1727683ddb45a364c32cc9b290abb6e0b446c	evaluation
dominant_to_evaluation	confirmatory::Q7T291	negative	e1d839f381927b9a2033cd2376ea1dec270868532d82b0db04197ab80478009c	evaluation
dominant_to_evaluation	confirmatory::Q7T2Z5	negative	e1b95bb5b2d98418af04cd6abcaee2221a616a7e7b69327abdac2b834eba6f74	calibration
dominant_to_evaluation	confirmatory::Q7T3E4	negative	0979449cdc194fdff7dab96f55c2a10e5e5abd2d3843d67e604751e8e5fe90dd	evaluation
dominant_to_evaluation	confirmatory::Q7T6X8	negative	057b3edc0fe8d2ae60665eefd3e06401ee7534504c8166be0b44751ef72be6a7	calibration
dominant_to_evaluation	confirmatory::Q7TP65	negative	8b329edba81bc4bf77c0e6906a180e9e8756de0c47eaf4fa7419b66d30794d17	calibration
dominant_to_evaluation	confirmatory::Q7TPA5	negative	a5ebffc2e2dbb22bd5322e5b7f495ec0102e8dba67dfdb8b96b9aa84fa7da6f3	evaluation
dominant_to_evaluation	confirmatory::Q7TQP6	negative	0b485d24a77932509bf71e09abdcf7e581dadeda100054bf91d0e3d6a33b887d	calibration
dominant_to_evaluation	confirmatory::Q7TSK7	negative	e1f387a1bafc4579889c1855a136ccd2f8aa68f73ce7b8d64a5020e68515edc8	evaluation
dominant_to_evaluation	confirmatory::Q7TXK7	negative	d92fada7feca4c1cde83ce94c6a8fa940bb876766efac09bff27ee9a256a0ac2	calibration
dominant_to_evaluation	confirmatory::Q7U3I3	negative	ea060f244e352de2544b388f1abc1899258898681ff665dbf7303805cc505276	evaluation
dominant_to_evaluation	confirmatory::Q7U3I5	negative	ea060f244e352de2544b388f1abc1899258898681ff665dbf7303805cc505276	evaluation
dominant_to_evaluation	confirmatory::Q7UG04	negative	dccb74d38eb5e7a9f23fe80d041bb156f74f05b1c460fdc8136e9dbd7d77d278	evaluation
dominant_to_evaluation	confirmatory::Q7V1B4	negative	ea060f244e352de2544b388f1abc1899258898681ff665dbf7303805cc505276	evaluation
dominant_to_evaluation	confirmatory::Q7V1B6	negative	ea060f244e352de2544b388f1abc1899258898681ff665dbf7303805cc505276	evaluation
dominant_to_evaluation	confirmatory::Q7VRS4	negative	ea060f244e352de2544b388f1abc1899258898681ff665dbf7303805cc505276	evaluation
dominant_to_evaluation	confirmatory::Q7VUD0	negative	ea060f244e352de2544b388f1abc1899258898681ff665dbf7303805cc505276	evaluation
dominant_to_evaluation	confirmatory::Q7VUD3	negative	ea060f244e352de2544b388f1abc1899258898681ff665dbf7303805cc505276	evaluation
dominant_to_evaluation	confirmatory::Q7W417	negative	ea060f244e352de2544b388f1abc1899258898681ff665dbf7303805cc505276	evaluation
dominant_to_evaluation	confirmatory::Q7WES8	negative	dccb74d38eb5e7a9f23fe80d041bb156f74f05b1c460fdc8136e9dbd7d77d278	evaluation
dominant_to_evaluation	confirmatory::Q7X8H9	negative	f7a616fde5389141c0e4c34abab3803332ab61f9588c2aa0912a794e89fe69e4	calibration
dominant_to_evaluation	confirmatory::Q7XI08	negative	f8e37d19f25523ec43683dde16e6bc2d047a53804f0c2db7aa338029d3c6716c	evaluation
dominant_to_evaluation	confirmatory::Q7XK25	negative	47075aafe6d2bac6e113584978b26f2f7857387210bec32ad7cf1bf1364b6c8c	calibration
dominant_to_evaluation	confirmatory::Q7XMK0	negative	75a4d4983b92c6f2d61f0da10de61a0b3695ceb2866193fa2677419ef8d5e03a	evaluation
dominant_to_evaluation	confirmatory::Q7XMK1	negative	75a4d4983b92c6f2d61f0da10de61a0b3695ceb2866193fa2677419ef8d5e03a	evaluation
dominant_to_evaluation	confirmatory::Q7XQR9	negative	ae06a79fb0a3df6b735edf0b452366dd6bef01d4d1be6595c830072b310a4059	calibration
dominant_to_evaluation	confirmatory::Q7XUN6	negative	067ae74d42b596cec7582bf029fe09ab77e540f889181e76f7318d4806994969	evaluation
dominant_to_evaluation	confirmatory::Q7Y1Z0	negative	0938a8862515dbebeaa25ebc523df426c8e59a1f2e258d73b025e80dfbf4d1dc	evaluation
dominant_to_evaluation	confirmatory::Q7YSW8	negative	80188e9791182b3a7d2f79c0e2ed86136b48ed6a049411d036b36313dbd8bbd5	calibration
dominant_to_evaluation	confirmatory::Q7YT37	positive	118e446f0e497dcf4b52131c35b428bd1e3effda134fd2b75795f1ef6827d29c	evaluation
dominant_to_evaluation	confirmatory::Q7Z156	negative	25545dadd80435581e74794c9216eeb66ace8228a86901b5932e62c7acee96bd	calibration
dominant_to_evaluation	confirmatory::Q7Z3S9	negative	2e15cb2fc2f0449dac82dac687f594e94ca3244b833b3121d2dcc58df8ed7387	calibration
dominant_to_evaluation	confirmatory::Q7ZU99	negative	199e5e746f1a78658450a2ba041b79aef49bbb4feb4fdafedee11b7288c9ede8	calibration
dominant_to_evaluation	confirmatory::Q7ZZV4	negative	cd44ecfb0231fbe25976a913c1248001f954c4063e308617e008c4b65e1d218b	calibration
dominant_to_evaluation	confirmatory::Q802V6	negative	09a5c6daa4509edcd9a50cdcab8952c9c902cbc82772d0954acdce88324b4fe6	calibration
dominant_to_evaluation	confirmatory::Q803L0	negative	623f3f0445ba3d68f7f0b01360d57379b68a4bd25c5f902822b41b66dfcdfc89	calibration
dominant_to_evaluation	confirmatory::Q805D4	negative	a0c3ddc016960caea03d37945f1c0eb2bf2912efea3e0306caa53534e5a7c121	calibration
dominant_to_evaluation	confirmatory::Q805D7	negative	08528be7fd341aa6992306d6cc2dcd129232b8b4cd83081db737fc35b1f465a3	evaluation
dominant_to_evaluation	confirmatory::Q805D8	negative	08528be7fd341aa6992306d6cc2dcd129232b8b4cd83081db737fc35b1f465a3	evaluation
dominant_to_evaluation	confirmatory::Q80SY4	negative	f70cb94582b2b5f26bd61c66750ab3d3e81aadb1d68c2adff83370008ebf6e1c	calibration
dominant_to_evaluation	confirmatory::Q80UU1	negative	91c2894864d032b2893163dae4279c6a5eddbb3c7de724d55226dc3410728a9c	evaluation
dominant_to_evaluation	confirmatory::Q80VM7	negative	e4390a65d2b451a22ddc10e0472e54fd270c5699aa0c1fa810fd77b5259eea02	evaluation
dominant_to_evaluation	confirmatory::Q80W65	negative	1bb7a69c5ac8dff09d9743d7de36e3db00db59e8de64893c6df4fc99ac9601d3	calibration
dominant_to_evaluation	confirmatory::Q80XL7	negative	c95ef386e0d3ba468fdb2900eacedffdfe47c9718cfd81d7f547bcab79cd73cf	calibration
dominant_to_evaluation	confirmatory::Q80Y72	negative	e762a34e2879fb89badf3aefde610ff9d5414dd0791ef2899f47f15931593ae4	evaluation
dominant_to_evaluation	confirmatory::Q80YU0	negative	19e73a82bf4cb2521cfe2b344a15acf1f9bc96fc692b16e9e3b365f8c7af5ab6	calibration
dominant_to_evaluation	confirmatory::Q80Z32	negative	72cb9fee1f9973e32bfa12f20c8173839167e61b5269a4617fc576f7404699c4	calibration
dominant_to_evaluation	confirmatory::Q80ZA0	negative	65ee5a678e3df03b66915068a451d63c9cf38bf313f16c4cae674fd4276713a9	evaluation
dominant_to_evaluation	confirmatory::Q80ZC8	negative	e24a691fb2448443c4d3fcbb41e94466d536bd9b8f81edea7365c9d57658611a	evaluation
dominant_to_evaluation	confirmatory::Q80ZN5	negative	fd33bdbb28aba26af0cacd5382e9ee346d0f7091b73162b33ac4bd88361c17b1	evaluation
dominant_to_evaluation	confirmatory::Q810Z1	negative	ba172a80ecf2aaaa97f93908c351e3dde0731394bbda0d8dbd7aa992cb790e0f	evaluation
dominant_to_evaluation	confirmatory::Q811M5	negative	ba4d2614b5e550635440f4c6525e8134022aee773ce7679090791bd84dd97e71	evaluation
dominant_to_evaluation	confirmatory::Q812B2	negative	4ae39a961aa8b655e076d2a3ace8a73a45304f12885c4a58fd5edc3af65754c5	evaluation
dominant_to_evaluation	confirmatory::Q826R9	negative	ea060f244e352de2544b388f1abc1899258898681ff665dbf7303805cc505276	evaluation
dominant_to_evaluation	confirmatory::Q826S1	negative	ea060f244e352de2544b388f1abc1899258898681ff665dbf7303805cc505276	evaluation
dominant_to_evaluation	confirmatory::Q82JN8	negative	ea060f244e352de2544b388f1abc1899258898681ff665dbf7303805cc505276	evaluation
dominant_to_evaluation	confirmatory::Q82SL8	negative	d52af3aeba16f166910db4a02e939c6bcf3e5ff1879d6147eae4d668380d76f5	calibration
dominant_to_evaluation	confirmatory::Q83730	negative	01f3a8b24f4b4460a56cfeb27f3ca3a4b08aa281613d575746b64434f616b987	evaluation
dominant_to_evaluation	confirmatory::Q838U8	positive	589d234c7163da9c8a3042ac7bb2b8ef27df5391ceea7fbd9acbce813c590b23	evaluation
dominant_to_evaluation	confirmatory::Q83RI9	negative	623f3f0445ba3d68f7f0b01360d57379b68a4bd25c5f902822b41b66dfcdfc89	calibration
dominant_to_evaluation	confirmatory::Q83U21	negative	ea060f244e352de2544b388f1abc1899258898681ff665dbf7303805cc505276	evaluation
dominant_to_evaluation	confirmatory::Q83WC8	negative	4da363a0ba276eafe635d84d1b81e46c4bac3b404865716eba9e051acd5578f3	calibration
dominant_to_evaluation	confirmatory::Q84C00	negative	b50108bd06e279382f88116b4ac767ee52e992f299c68bd014bf1aba3d146df7	calibration
dominant_to_evaluation	confirmatory::Q84K11	negative	8e22b1d2d0b6eb1e1e5fa4778be233170412d5e999828aaf14773086e528164b	evaluation
dominant_to_evaluation	confirmatory::Q84LR6	negative	35fb562852952c09ea18952cafc9064066586aa02b57befdd329c08c3ac2a0f2	calibration
dominant_to_evaluation	confirmatory::Q84N29	negative	34efdb7da6465528647a3456cde08984bda0ce26aa0261df4c8efe316d3e0938	calibration
dominant_to_evaluation	confirmatory::Q84XU2	negative	8e22b1d2d0b6eb1e1e5fa4778be233170412d5e999828aaf14773086e528164b	evaluation
dominant_to_evaluation	confirmatory::Q85339	negative	d1c310bf0ba6d0096f9d7112c268048f8ec36ff308e6ee6aed1e927cb41d53a5	evaluation
dominant_to_evaluation	confirmatory::Q862Z5	negative	e18b4e5fbde76978c2080f2894717f1f991e2dfb87f46a80f37a5cab5ea38ab0	calibration
dominant_to_evaluation	confirmatory::Q863A0	negative	bc915c1c28ec405395a99c2ecfb7d27da28c273f79648ff3c9d1f724acfa6d1b	calibration
dominant_to_evaluation	confirmatory::Q864W0	negative	bc915c1c28ec405395a99c2ecfb7d27da28c273f79648ff3c9d1f724acfa6d1b	calibration
dominant_to_evaluation	confirmatory::Q867X2	negative	d1c6ab564afa4059f4195e330c3f3d2fa72e6c258ca03ccbdb0ec294d4b10bcb	evaluation
dominant_to_evaluation	confirmatory::Q867X3	negative	d1c6ab564afa4059f4195e330c3f3d2fa72e6c258ca03ccbdb0ec294d4b10bcb	evaluation
dominant_to_evaluation	confirmatory::Q86GC9	negative	d1c6ab564afa4059f4195e330c3f3d2fa72e6c258ca03ccbdb0ec294d4b10bcb	evaluation
dominant_to_evaluation	confirmatory::Q86SG2	negative	8992e1d38e2126575c76a9ffff1f17206072df85161868ff3b28419336c5d6f5	calibration
dominant_to_evaluation	confirmatory::Q86TH1	negative	e1f387a1bafc4579889c1855a136ccd2f8aa68f73ce7b8d64a5020e68515edc8	evaluation
dominant_to_evaluation	confirmatory::Q86WA8	negative	6575fe00f3ccdc3a9bcd22237c35b4067cd150571930ca1e7aa9a8e6117d5536	calibration
dominant_to_evaluation	confirmatory::Q86XH1	negative	fb8b88e9d652a00587929c0bc64dfa3cbf394e363fd2a77b9c53d8d810513488	evaluation
dominant_to_evaluation	confirmatory::Q86XS5	negative	450882407bb31af420e3fb498b86045252de225bcb0bc544cb192820b36d6e90	calibration
dominant_to_evaluation	confirmatory::Q86YT6	negative	f70cb94582b2b5f26bd61c66750ab3d3e81aadb1d68c2adff83370008ebf6e1c	calibration
dominant_to_evaluation	confirmatory::Q86YW7	negative	4ae39a961aa8b655e076d2a3ace8a73a45304f12885c4a58fd5edc3af65754c5	evaluation
dominant_to_evaluation	confirmatory::Q87BG9	negative	dccb74d38eb5e7a9f23fe80d041bb156f74f05b1c460fdc8136e9dbd7d77d278	evaluation
dominant_to_evaluation	confirmatory::Q87VP0	negative	ea060f244e352de2544b388f1abc1899258898681ff665dbf7303805cc505276	evaluation
dominant_to_evaluation	confirmatory::Q87VP4	negative	ea060f244e352de2544b388f1abc1899258898681ff665dbf7303805cc505276	evaluation
dominant_to_evaluation	confirmatory::Q883F3	negative	ea060f244e352de2544b388f1abc1899258898681ff665dbf7303805cc505276	evaluation
dominant_to_evaluation	confirmatory::Q88CT3	negative	dccb74d38eb5e7a9f23fe80d041bb156f74f05b1c460fdc8136e9dbd7d77d278	evaluation
dominant_to_evaluation	confirmatory::Q88J04	negative	ea060f244e352de2544b388f1abc1899258898681ff665dbf7303805cc505276	evaluation
dominant_to_evaluation	confirmatory::Q88J06	negative	ea060f244e352de2544b388f1abc1899258898681ff665dbf7303805cc505276	evaluation
dominant_to_evaluation	confirmatory::Q89UG0	negative	ea060f244e352de2544b388f1abc1899258898681ff665dbf7303805cc505276	evaluation
dominant_to_evaluation	confirmatory::Q89UG3	negative	ea060f244e352de2544b388f1abc1899258898681ff665dbf7303805cc505276	evaluation
dominant_to_evaluation	confirmatory::Q8AVK2	negative	623f3f0445ba3d68f7f0b01360d57379b68a4bd25c5f902822b41b66dfcdfc89	calibration
dominant_to_evaluation	confirmatory::Q8AYA2	negative	87d425c65ac584d5e4c581986c739f7692b2578e446bf382551a86cc21557ecd	evaluation
dominant_to_evaluation	confirmatory::Q8BFS3	negative	f31157ce31d0ea78e44180490f60aee1f7d653cda777a6f9f25fd735279904c3	evaluation
dominant_to_evaluation	confirmatory::Q8BFS6	negative	2effb38671bc2634c238898a79d72badc589944ae47dd3baa503aa88e04f6abf	calibration
dominant_to_evaluation	confirmatory::Q8BH35	negative	ba4d2614b5e550635440f4c6525e8134022aee773ce7679090791bd84dd97e71	evaluation
dominant_to_evaluation	confirmatory::Q8BIW9	negative	bec95fdc3d8ce8d3ec70198b1318d6fa5a8e5c829db77431810c64580fcb3249	evaluation
dominant_to_evaluation	confirmatory::Q8BM14	negative	d291e2f780ccae734f1044ab8a8bdd51fabac2c2899aa59af35fb22c772d8b01	evaluation
dominant_to_evaluation	confirmatory::Q8BMY7	negative	3e16de24ba7ef3afc3657d7c3ad20a74aacd37216bdb9be6736376443b010e65	calibration
dominant_to_evaluation	confirmatory::Q8BPY9	negative	725376337385731c27c04b3295d4b5d7c66d2e8cbf129aaea87ba3f5efc0a84e	evaluation
dominant_to_evaluation	confirmatory::Q8BRU4	negative	1685ecb71d61fd59201bf6df9b9d74f1b875d2b3c7ae7937a71e8e49c0ae4040	calibration
dominant_to_evaluation	confirmatory::Q8BX02	negative	025fe66b9459a9368bbbc7e07ac2d8f2d812ba27ec9e250c1a574f49089748b0	calibration
dominant_to_evaluation	confirmatory::Q8BX37	negative	bb6ceea07e989d80c137788cdbdfd634ab9becd492e572919974a7e2ecc7bc23	calibration
dominant_to_evaluation	confirmatory::Q8C0T1	negative	985193d7f0646ab5a63192350c4470719b706bcc5f16b43f74211a4adfe4c1c1	calibration
dominant_to_evaluation	confirmatory::Q8C1T8	negative	e73c96ea43f7190ef92adf35894e2eb0a0c6332b069837b46e96d09e4da1989a	calibration
dominant_to_evaluation	confirmatory::Q8CEF1	negative	985193d7f0646ab5a63192350c4470719b706bcc5f16b43f74211a4adfe4c1c1	calibration
dominant_to_evaluation	confirmatory::Q8CEK3	negative	6b0ebc54dfc64f7e2c289708b3968aada03a867dbdba2a8bd6abfebd1ad576b8	calibration
dominant_to_evaluation	confirmatory::Q8CF98	negative	87d425c65ac584d5e4c581986c739f7692b2578e446bf382551a86cc21557ecd	evaluation
dominant_to_evaluation	confirmatory::Q8CG07	negative	eb784fe0c0bd1af88d8d8e4e799942cb5d28c2f372de6283f1a431286a50f6d1	evaluation
dominant_to_evaluation	confirmatory::Q8CG16	negative	f31f934f123b8eb5e7b55919d21a17ee0061501c26e26a51565ecb85805bc123	calibration
dominant_to_evaluation	confirmatory::Q8CGK3	negative	6575fe00f3ccdc3a9bcd22237c35b4067cd150571930ca1e7aa9a8e6117d5536	calibration
dominant_to_evaluation	confirmatory::Q8CI19	negative	48fadceb80cfd90014d08e9e8740e497fa640f4924ca1fd8a785996abf5484db	evaluation
dominant_to_evaluation	confirmatory::Q8CIE0	negative	a5ebffc2e2dbb22bd5322e5b7f495ec0102e8dba67dfdb8b96b9aa84fa7da6f3	evaluation
dominant_to_evaluation	confirmatory::Q8CIV3	negative	c8fadbacef3136177f2b23b2baf3dcd95afd7d6b4bd2d228911c955e1a12428c	evaluation
dominant_to_evaluation	confirmatory::Q8CJC7	negative	e24a691fb2448443c4d3fcbb41e94466d536bd9b8f81edea7365c9d57658611a	evaluation
dominant_to_evaluation	confirmatory::Q8CNC9	negative	ea060f244e352de2544b388f1abc1899258898681ff665dbf7303805cc505276	evaluation
dominant_to_evaluation	confirmatory::Q8E8N6	negative	d52af3aeba16f166910db4a02e939c6bcf3e5ff1879d6147eae4d668380d76f5	calibration
dominant_to_evaluation	confirmatory::Q8FQX2	negative	ea060f244e352de2544b388f1abc1899258898681ff665dbf7303805cc505276	evaluation
dominant_to_evaluation	confirmatory::Q8FRT0	negative	dccb74d38eb5e7a9f23fe80d041bb156f74f05b1c460fdc8136e9dbd7d77d278	evaluation
dominant_to_evaluation	confirmatory::Q8FZW2	negative	ea060f244e352de2544b388f1abc1899258898681ff665dbf7303805cc505276	evaluation
dominant_to_evaluation	confirmatory::Q8FZW4	negative	ea060f244e352de2544b388f1abc1899258898681ff665dbf7303805cc505276	evaluation
dominant_to_evaluation	confirmatory::Q8G2P8	negative	ea060f244e352de2544b388f1abc1899258898681ff665dbf7303805cc505276	evaluation
dominant_to_evaluation	confirmatory::Q8G2Q0	negative	ea060f244e352de2544b388f1abc1899258898681ff665dbf7303805cc505276	evaluation
dominant_to_evaluation	confirmatory::Q8GB88	negative	73a05a93bea8e2d37f0e210c5efe86121e1f152114b6f567634760ca5e6f5842	calibration
dominant_to_evaluation	confirmatory::Q8GH98	negative	ea060f244e352de2544b388f1abc1899258898681ff665dbf7303805cc505276	evaluation
dominant_to_evaluation	confirmatory::Q8GHL1	negative	d52af3aeba16f166910db4a02e939c6bcf3e5ff1879d6147eae4d668380d76f5	calibration
dominant_to_evaluation	confirmatory::Q8GUD7	negative	4b9e7bea9ce8ee8ae94698ef8499017333c8e1e95a44680dba3be60d8618dc01	evaluation
dominant_to_evaluation	confirmatory::Q8GUK4	negative	0d9f327b1073890bfb36e5ee168a06ee2714bac452b116df3ae13f3e08179c5f	evaluation
dominant_to_evaluation	confirmatory::Q8GWW6	negative	d017fd0721e73202cadd9ae3298bfac8bb3fb75187118a3bf8c61e4be5e4e8e8	evaluation
dominant_to_evaluation	confirmatory::Q8GWX9	negative	0d9f327b1073890bfb36e5ee168a06ee2714bac452b116df3ae13f3e08179c5f	evaluation
dominant_to_evaluation	confirmatory::Q8GYH5	negative	caaa2c3ab855acefea9a62b0d41d80803b2b6ffd59d23735cc8d52eca9a86a52	calibration
dominant_to_evaluation	confirmatory::Q8H129	negative	9fcb35c35fea51a2a10d2b05454d0c6c3ffaa3abfa40e228e32ed2d281fd9381	evaluation
dominant_to_evaluation	confirmatory::Q8H1R2	negative	b7682d2fa96fd4bc296ae4e4c223de1003e0422db7e6a0bfbec23a561e9d43a9	calibration
dominant_to_evaluation	confirmatory::Q8H4L8	negative	f7a616fde5389141c0e4c34abab3803332ab61f9588c2aa0912a794e89fe69e4	calibration
dominant_to_evaluation	confirmatory::Q8H5F8	negative	e1d839f381927b9a2033cd2376ea1dec270868532d82b0db04197ab80478009c	evaluation
dominant_to_evaluation	confirmatory::Q8HXV2	negative	2ca3559869bf73bf1369b0778046227fe36990704ef03e92e809601ac40ebe65	calibration
dominant_to_evaluation	confirmatory::Q8HY17	negative	f31157ce31d0ea78e44180490f60aee1f7d653cda777a6f9f25fd735279904c3	evaluation
dominant_to_evaluation	confirmatory::Q8HY83	negative	cd44ecfb0231fbe25976a913c1248001f954c4063e308617e008c4b65e1d218b	calibration
dominant_to_evaluation	confirmatory::Q8HY84	negative	cd44ecfb0231fbe25976a913c1248001f954c4063e308617e008c4b65e1d218b	calibration
dominant_to_evaluation	confirmatory::Q8HZR9	negative	cd44ecfb0231fbe25976a913c1248001f954c4063e308617e008c4b65e1d218b	calibration
dominant_to_evaluation	confirmatory::Q8I030	negative	e18b4e5fbde76978c2080f2894717f1f991e2dfb87f46a80f37a5cab5ea38ab0	calibration
dominant_to_evaluation	confirmatory::Q8I0V0	negative	8e5a796ba82885cd75cc418837f05303b492fb3ec6b59865c2d21255824472b0	evaluation
dominant_to_evaluation	confirmatory::Q8I2X3	negative	3b99f0cf59f08b6a265a70fed99eda7eb585fc5001534da616b88d23be993d30	evaluation
dominant_to_evaluation	confirmatory::Q8I430	negative	620efddef2a5a6a2b7b9e6df874cdd18e3b8c033a4df2440b6108ef0d537700e	evaluation
dominant_to_evaluation	confirmatory::Q8IUS5	negative	2eecc744c786b9108557788352fd5794355c754b0934c0f099e6c21ad6cf8672	calibration
dominant_to_evaluation	confirmatory::Q8IVF6	negative	8992e1d38e2126575c76a9ffff1f17206072df85161868ff3b28419336c5d6f5	calibration
dominant_to_evaluation	confirmatory::Q8IWL1	negative	87d425c65ac584d5e4c581986c739f7692b2578e446bf382551a86cc21557ecd	evaluation
dominant_to_evaluation	confirmatory::Q8IX05	negative	8bee7dc94cfa5f8719cc9b73651a6268cfd5276d4851cf1d4d37f8363db75bd0	evaluation
dominant_to_evaluation	confirmatory::Q8IYT4	negative	23d5a3bd524d30d0ed03bfe373885d5527e4035c98c411d13a9667a063013c6e	evaluation
dominant_to_evaluation	confirmatory::Q8IZJ1	negative	e1b95bb5b2d98418af04cd6abcaee2221a616a7e7b69327abdac2b834eba6f74	calibration
dominant_to_evaluation	confirmatory::Q8J0D7	negative	afc28802fff11b2e2d1ded4ef2f20fb595c131fd12dc5efbd409170424be582b	calibration
dominant_to_evaluation	confirmatory::Q8J0D8	negative	1bb7a69c5ac8dff09d9743d7de36e3db00db59e8de64893c6df4fc99ac9601d3	calibration
dominant_to_evaluation	confirmatory::Q8JGT4	negative	e1b95bb5b2d98418af04cd6abcaee2221a616a7e7b69327abdac2b834eba6f74	calibration
dominant_to_evaluation	confirmatory::Q8JHE1	positive	53478964ae31d34c45fc4692f8cade38feae54a2db88d8a24c05cf867cdc2682	evaluation
dominant_to_evaluation	confirmatory::Q8JZM4	negative	fbf819187da9d392c0824c03a40165a05b2f212af89671b409a367f3118fcfd4	evaluation
dominant_to_evaluation	confirmatory::Q8JZQ2	negative	583013e8e1e3f251647e55dd2b6aecaf7abf80b61775aa3433410c90a8c4b301	evaluation
dominant_to_evaluation	confirmatory::Q8K009	negative	931ab9bceb3d00092439c252651cf7642dfe2c2e50cfc6cb076f40a5ad76ebfe	calibration
dominant_to_evaluation	confirmatory::Q8K0E8	negative	450882407bb31af420e3fb498b86045252de225bcb0bc544cb192820b36d6e90	calibration
dominant_to_evaluation	confirmatory::Q8K0L0	negative	eafcdece930d9b2f899de45e12c2e75c2126969c2d21c3b4aaf532e256438a94	evaluation
dominant_to_evaluation	confirmatory::Q8K0T4	negative	794a155dc5d6a4333e7c3f64f71a96bc7d6cff28650fa8bcc5d70a3932053113	calibration
dominant_to_evaluation	confirmatory::Q8K182	negative	ba4d2614b5e550635440f4c6525e8134022aee773ce7679090791bd84dd97e71	evaluation
dominant_to_evaluation	confirmatory::Q8K1E3	negative	389ad42570c89a23dada5ba64aad3e0bd24cb5b88b1fc4a23e5d29f2508b4cfc	evaluation
dominant_to_evaluation	confirmatory::Q8K1H9	negative	5892961fd93913083308b146da1de4c67d025258b98b350e84083bba8418fbd1	calibration
dominant_to_evaluation	confirmatory::Q8K1S2	negative	e1b95bb5b2d98418af04cd6abcaee2221a616a7e7b69327abdac2b834eba6f74	calibration
dominant_to_evaluation	confirmatory::Q8K1S3	negative	e1b95bb5b2d98418af04cd6abcaee2221a616a7e7b69327abdac2b834eba6f74	calibration
dominant_to_evaluation	confirmatory::Q8K2A6	negative	d291e2f780ccae734f1044ab8a8bdd51fabac2c2899aa59af35fb22c772d8b01	evaluation
dominant_to_evaluation	confirmatory::Q8K3F2	negative	d498470a61783f09b7f843ca3a7c66a02ba48e4ab1c44629ca47394b33753185	calibration
dominant_to_evaluation	confirmatory::Q8K4F5	negative	0117c31c5e8a946d348c2967069bc984bdac99ef7914e687858f626281ab9502	calibration
dominant_to_evaluation	confirmatory::Q8K5A3	negative	fd33bdbb28aba26af0cacd5382e9ee346d0f7091b73162b33ac4bd88361c17b1	evaluation
dominant_to_evaluation	confirmatory::Q8L774	negative	17c5cdf854841c57627d4065c2fb1da25dd89f52db782170e8733ba229578524	calibration
dominant_to_evaluation	confirmatory::Q8L7D2	negative	0d9f327b1073890bfb36e5ee168a06ee2714bac452b116df3ae13f3e08179c5f	evaluation
dominant_to_evaluation	confirmatory::Q8L7I2	negative	0d9f327b1073890bfb36e5ee168a06ee2714bac452b116df3ae13f3e08179c5f	evaluation
dominant_to_evaluation	confirmatory::Q8L7U5	negative	369890e1b4fdd3f4d633bc750ce4706bc6a1c2d11deb58e010bd3f44230852d0	calibration
dominant_to_evaluation	confirmatory::Q8LC76	negative	59a7c73ad4f71325dc069b3b56a6706bf834b27f6842c0393bb71d87efb0b3c8	calibration
dominant_to_evaluation	confirmatory::Q8LFX7	negative	0e4c38eb4f51a7eb91cc769f4711116524ea8b7fdc196854106f65a38ca035fd	evaluation
dominant_to_evaluation	confirmatory::Q8LSN3	negative	369890e1b4fdd3f4d633bc750ce4706bc6a1c2d11deb58e010bd3f44230852d0	calibration
dominant_to_evaluation	confirmatory::Q8LW54	positive	37f02d3111e59d804f9d69b99986ded5655f6d0ef5067b0464f5243695f15931	evaluation
dominant_to_evaluation	confirmatory::Q8MHY9	negative	e24a691fb2448443c4d3fcbb41e94466d536bd9b8f81edea7365c9d57658611a	evaluation
dominant_to_evaluation	confirmatory::Q8MJ25	negative	0e86e9e3943105f0c02e336cf49e66419fe7933b4a9c56997c7bb8035f3c7a0a	calibration
dominant_to_evaluation	confirmatory::Q8MJ47	negative	369890e1b4fdd3f4d633bc750ce4706bc6a1c2d11deb58e010bd3f44230852d0	calibration
dominant_to_evaluation	confirmatory::Q8MNV0	negative	9be8126a2dbfcd7513074efb8f97e42b52a270b713971328a72dcad11b7a1f84	calibration
dominant_to_evaluation	confirmatory::Q8MTX1	positive	14a9ac40eaceae70a4b71ad61b8db8469f7f9779dea3dab886c85d36418536ea	evaluation
dominant_to_evaluation	confirmatory::Q8MUC1	negative	34b41219611ac71b39f94001659d257ef301dc42fb86d0ab1b2396d000b25f11	calibration
dominant_to_evaluation	confirmatory::Q8MVB6	negative	121c706e5f753d5a8d0d9bea281aff274d1814d3807067d9449e0c68886fc649	evaluation
dominant_to_evaluation	confirmatory::Q8MZS4	negative	c8bc632faaa2dd7e9e07420c2893908d6cabe65710e6f1a8676bef0b20dead16	evaluation
dominant_to_evaluation	confirmatory::Q8N119	negative	d498470a61783f09b7f843ca3a7c66a02ba48e4ab1c44629ca47394b33753185	calibration
dominant_to_evaluation	confirmatory::Q8N2K0	negative	86a5c1bfc5908ede8123b1f6c7156fccf03d9d9b70f3f68acd76dfc146e5b158	evaluation
dominant_to_evaluation	confirmatory::Q8N539	negative	450882407bb31af420e3fb498b86045252de225bcb0bc544cb192820b36d6e90	calibration
dominant_to_evaluation	confirmatory::Q8N6D5	negative	eafcdece930d9b2f899de45e12c2e75c2126969c2d21c3b4aaf532e256438a94	evaluation
dominant_to_evaluation	confirmatory::Q8NB90	negative	8a197d437b2ed3f57cde15631f22ea706290f01c5bf63619c8cfac5603ce0c5b	calibration
dominant_to_evaluation	confirmatory::Q8NBP7	negative	1bb7a69c5ac8dff09d9743d7de36e3db00db59e8de64893c6df4fc99ac9601d3	calibration
dominant_to_evaluation	confirmatory::Q8NBU5	negative	9be8126a2dbfcd7513074efb8f97e42b52a270b713971328a72dcad11b7a1f84	calibration
dominant_to_evaluation	confirmatory::Q8NC01	negative	5100135a2ea4cd6b7a1226eb53e0d5e29b1cae157b05dd88784eb1e24d12e028	evaluation
dominant_to_evaluation	confirmatory::Q8NER1	negative	36dec6c60a72d94ff56ec694716245de514abc69b61f3fd1ef27385953643515	evaluation
dominant_to_evaluation	confirmatory::Q8NET8	negative	36dec6c60a72d94ff56ec694716245de514abc69b61f3fd1ef27385953643515	evaluation
dominant_to_evaluation	confirmatory::Q8NFD2	negative	e40e5a97f978e87eb31841d32a3b6a044996ab2648cd670c3a7ae8fd06c18b2a	calibration
dominant_to_evaluation	confirmatory::Q8NFT8	negative	fbf819187da9d392c0824c03a40165a05b2f212af89671b409a367f3118fcfd4	evaluation
dominant_to_evaluation	confirmatory::Q8NFV4	negative	0117c31c5e8a946d348c2967069bc984bdac99ef7914e687858f626281ab9502	calibration
dominant_to_evaluation	confirmatory::Q8NI99	negative	450882407bb31af420e3fb498b86045252de225bcb0bc544cb192820b36d6e90	calibration
dominant_to_evaluation	confirmatory::Q8NKB0	negative	22ee75680ec597ef719d4a4b357195095a11165b38d50162b311687143b0223e	evaluation
dominant_to_evaluation	confirmatory::Q8NVK6	positive	8b8bf1aa4e7614c9f44c85965291b70750fd2c1e61e643370dc305481d0d2dd7	evaluation
dominant_to_evaluation	confirmatory::Q8P6V8	negative	f1c7e5fc0432474e02581c89634e817de0cafa3ab55ed92d2449843a80845f7d	calibration
dominant_to_evaluation	confirmatory::Q8P8L2	negative	dccb74d38eb5e7a9f23fe80d041bb156f74f05b1c460fdc8136e9dbd7d77d278	evaluation
dominant_to_evaluation	confirmatory::Q8PDF3	negative	d52af3aeba16f166910db4a02e939c6bcf3e5ff1879d6147eae4d668380d76f5	calibration
dominant_to_evaluation	confirmatory::Q8QN36	negative	66c215f4c00ea1084b26825a9fb78d1bc6be6e590610d601da0e7e3faa29726f	evaluation
dominant_to_evaluation	confirmatory::Q8R0P8	negative	d2d18a2bc9017c988a97041e7913c4a22389f8f47b279d83b86b94462d23e94f	evaluation
dominant_to_evaluation	confirmatory::Q8R0Z6	negative	450882407bb31af420e3fb498b86045252de225bcb0bc544cb192820b36d6e90	calibration
dominant_to_evaluation	confirmatory::Q8R164	negative	5aac6e9a2d98a33fb0a4b7dee86a113c40d67c70baa22a63660492ead4781d35	calibration
dominant_to_evaluation	confirmatory::Q8R1Q3	negative	450882407bb31af420e3fb498b86045252de225bcb0bc544cb192820b36d6e90	calibration
dominant_to_evaluation	confirmatory::Q8R2Y0	negative	56c839bfe860f6cc35f76b3271a1727683ddb45a364c32cc9b290abb6e0b446c	evaluation
dominant_to_evaluation	confirmatory::Q8R516	negative	f70cb94582b2b5f26bd61c66750ab3d3e81aadb1d68c2adff83370008ebf6e1c	calibration
dominant_to_evaluation	confirmatory::Q8RPY7	negative	ea060f244e352de2544b388f1abc1899258898681ff665dbf7303805cc505276	evaluation
dominant_to_evaluation	confirmatory::Q8RR56	negative	73a05a93bea8e2d37f0e210c5efe86121e1f152114b6f567634760ca5e6f5842	calibration
dominant_to_evaluation	confirmatory::Q8RY16	negative	199e5e746f1a78658450a2ba041b79aef49bbb4feb4fdafedee11b7288c9ede8	calibration
dominant_to_evaluation	confirmatory::Q8RYE7	negative	eb85637eb8a3dcfa0688f0ce39ddbef7c38775a667e3c17295d08b1fe44192ff	calibration
dominant_to_evaluation	confirmatory::Q8S341	negative	9fcb35c35fea51a2a10d2b05454d0c6c3ffaa3abfa40e228e32ed2d281fd9381	evaluation
dominant_to_evaluation	confirmatory::Q8SQ74	negative	bc915c1c28ec405395a99c2ecfb7d27da28c273f79648ff3c9d1f724acfa6d1b	calibration
dominant_to_evaluation	confirmatory::Q8SQJ3	negative	1bb7a69c5ac8dff09d9743d7de36e3db00db59e8de64893c6df4fc99ac9601d3	calibration
dominant_to_evaluation	confirmatory::Q8SS86	negative	7d6392b0ba8db31b20547d07b37d3bbf75536461d9193d47479402f143afcfc2	evaluation
dominant_to_evaluation	confirmatory::Q8T2Q0	negative	6503f3c2ca0fb4e95390012ed69b1fb1d5d5f7a31af91d07fb8fe95a396b301c	calibration
dominant_to_evaluation	confirmatory::Q8TB40	negative	af3e8151ef08d08d21f26d1cce1ca2ed2dedc203bc8d13dcabd9823b27fc65d9	evaluation
dominant_to_evaluation	confirmatory::Q8U1N9	negative	5b772c22701f0d076621b0826473cdb17006fa0a3ef22f74498598af4a911a3c	calibration
dominant_to_evaluation	confirmatory::Q8UCS6	negative	ea060f244e352de2544b388f1abc1899258898681ff665dbf7303805cc505276	evaluation
dominant_to_evaluation	confirmatory::Q8UVC1	negative	eafcdece930d9b2f899de45e12c2e75c2126969c2d21c3b4aaf532e256438a94	evaluation
dominant_to_evaluation	confirmatory::Q8UWJ4	negative	24371bf2d6df09880740ab51a10a679536679e6846c484a18360798d6fe47647	calibration
dominant_to_evaluation	confirmatory::Q8V790	positive	6e1c7fc2c53787dfc6ef24f1d7c4e6e16e39c250b699d5d114a6ad6022734e00	evaluation
dominant_to_evaluation	confirmatory::Q8VBX1	negative	82e1c2f759ec8bf899994b4553b7d3cc20a8d7c5d625a051f6b6104ee4a7005f	evaluation
dominant_to_evaluation	confirmatory::Q8VCC9	negative	ba85e063659590c5598badecc804b13408c0b5ad0ce54fdcaa07150c828d2cc2	calibration
dominant_to_evaluation	confirmatory::Q8VCG4	negative	fff12e77db30d8d5054c219a61e7eadca02694fd845a38e729300f128215237b	evaluation
dominant_to_evaluation	confirmatory::Q8VCM7	negative	450882407bb31af420e3fb498b86045252de225bcb0bc544cb192820b36d6e90	calibration
dominant_to_evaluation	confirmatory::Q8VD66	negative	af3e8151ef08d08d21f26d1cce1ca2ed2dedc203bc8d13dcabd9823b27fc65d9	evaluation
dominant_to_evaluation	confirmatory::Q8VD98	negative	8b82ebf287b833af4d036924547c8249a2374ba8620909e97c73d9f10372ee04	calibration
dominant_to_evaluation	confirmatory::Q8VE42	negative	261a6618de99ec52cce354ff1fb7ea9ac61d67dd443c77f10bddaf1854cedcbe	calibration
dominant_to_evaluation	confirmatory::Q8VEJ9	negative	12099ebff3efead5c06a18a835e5239edabab4ca79c6c9ba0c916ef443726217	evaluation
dominant_to_evaluation	confirmatory::Q8VHA6	negative	c41d4630e15f544ec84135758669bfdc604402cb0e775eafe26b38f9a53a251e	calibration
dominant_to_evaluation	confirmatory::Q8VHS6	negative	eafcdece930d9b2f899de45e12c2e75c2126969c2d21c3b4aaf532e256438a94	evaluation
dominant_to_evaluation	confirmatory::Q8VI78	negative	f65f268cda29366bb13f1b7087e9b249a64aeb6cb18e487923e1b256252c74c8	evaluation
dominant_to_evaluation	confirmatory::Q8VIH8	negative	2c14df6328ed08d651ce5cff3d704d82078c6ad2a943af69e7875773d0d905c0	calibration
dominant_to_evaluation	confirmatory::Q8VII2	negative	2c14df6328ed08d651ce5cff3d704d82078c6ad2a943af69e7875773d0d905c0	calibration
dominant_to_evaluation	confirmatory::Q8VII3	negative	2c14df6328ed08d651ce5cff3d704d82078c6ad2a943af69e7875773d0d905c0	calibration
dominant_to_evaluation	confirmatory::Q8VSL8	positive	65f2ed0421b6bdbfa41a8121f9b4c5ebb49daa01ea75e8a2e9ae033efb32bad8	evaluation
dominant_to_evaluation	confirmatory::Q8VTT5	negative	73cf2d48a2f8c7e96c435c3cce7b83bbe910ca94b15604105d64a64642545787	evaluation
dominant_to_evaluation	confirmatory::Q8VYU7	negative	9fcb35c35fea51a2a10d2b05454d0c6c3ffaa3abfa40e228e32ed2d281fd9381	evaluation
dominant_to_evaluation	confirmatory::Q8VZG2	negative	9d1ce9c34f18c4a991bffbd7874496abf9a31460a25d02efc7ac12f5dc25212e	evaluation
dominant_to_evaluation	confirmatory::Q8W585	negative	b587bef3e5d94148fb6edeb8462e56d2a1573d0e113db913c44f4bfefa67c9fa	evaluation
dominant_to_evaluation	confirmatory::Q8WMH2	negative	94eed5f9afee717f0451373fbe563f2f7e9a24ce9e27f65409c8993472bcd1f1	calibration
dominant_to_evaluation	confirmatory::Q8WMS6	negative	369890e1b4fdd3f4d633bc750ce4706bc6a1c2d11deb58e010bd3f44230852d0	calibration
dominant_to_evaluation	confirmatory::Q8WMX7	negative	fda4691ac7474afa1416f69875bb1ae70c656582bd0ae9c47990dadde158ccc4	calibration
dominant_to_evaluation	confirmatory::Q8WN18	negative	cd44ecfb0231fbe25976a913c1248001f954c4063e308617e008c4b65e1d218b	calibration
dominant_to_evaluation	confirmatory::Q8WN19	negative	cd44ecfb0231fbe25976a913c1248001f954c4063e308617e008c4b65e1d218b	calibration
dominant_to_evaluation	confirmatory::Q8WNM0	negative	fff12e77db30d8d5054c219a61e7eadca02694fd845a38e729300f128215237b	evaluation
dominant_to_evaluation	confirmatory::Q8WNM1	negative	fff12e77db30d8d5054c219a61e7eadca02694fd845a38e729300f128215237b	evaluation
dominant_to_evaluation	confirmatory::Q8WNR9	negative	e18b4e5fbde76978c2080f2894717f1f991e2dfb87f46a80f37a5cab5ea38ab0	calibration
dominant_to_evaluation	confirmatory::Q8WTS1	negative	af3e8151ef08d08d21f26d1cce1ca2ed2dedc203bc8d13dcabd9823b27fc65d9	evaluation
dominant_to_evaluation	confirmatory::Q8WTT0	negative	0abf7fc04094851e216e9a013b3897849df61ac3d763c6f6cd1c3c34b9d203dd	calibration
dominant_to_evaluation	confirmatory::Q8WU67	negative	b039ccfd244270e65ee7ca7692ed51ef79a65b1b20862267a28d1dbe4cbb86af	evaluation
dominant_to_evaluation	confirmatory::Q8WVB6	negative	bec95fdc3d8ce8d3ec70198b1318d6fa5a8e5c829db77431810c64580fcb3249	evaluation
dominant_to_evaluation	confirmatory::Q8WVL7	negative	261a6618de99ec52cce354ff1fb7ea9ac61d67dd443c77f10bddaf1854cedcbe	calibration
dominant_to_evaluation	confirmatory::Q8WWH4	negative	fda4691ac7474afa1416f69875bb1ae70c656582bd0ae9c47990dadde158ccc4	calibration
dominant_to_evaluation	confirmatory::Q8WX39	negative	ae072172ac565f240e9af5c41bfdfc0174476f5f1bc878f8c5aab26e7d89d267	calibration
dominant_to_evaluation	confirmatory::Q8WXF3	negative	f31157ce31d0ea78e44180490f60aee1f7d653cda777a6f9f25fd735279904c3	evaluation
dominant_to_evaluation	confirmatory::Q8WXI3	negative	c41d4630e15f544ec84135758669bfdc604402cb0e775eafe26b38f9a53a251e	calibration
dominant_to_evaluation	confirmatory::Q8XAG0	negative	ea060f244e352de2544b388f1abc1899258898681ff665dbf7303805cc505276	evaluation
dominant_to_evaluation	confirmatory::Q8XAG2	negative	ea060f244e352de2544b388f1abc1899258898681ff665dbf7303805cc505276	evaluation
dominant_to_evaluation	confirmatory::Q8XXS8	negative	ea060f244e352de2544b388f1abc1899258898681ff665dbf7303805cc505276	evaluation
dominant_to_evaluation	confirmatory::Q8YF71	negative	ea060f244e352de2544b388f1abc1899258898681ff665dbf7303805cc505276	evaluation
dominant_to_evaluation	confirmatory::Q8YF72	negative	ea060f244e352de2544b388f1abc1899258898681ff665dbf7303805cc505276	evaluation
dominant_to_evaluation	confirmatory::Q8YHZ6	negative	ea060f244e352de2544b388f1abc1899258898681ff665dbf7303805cc505276	evaluation
dominant_to_evaluation	confirmatory::Q8YHZ8	negative	ea060f244e352de2544b388f1abc1899258898681ff665dbf7303805cc505276	evaluation
dominant_to_evaluation	confirmatory::Q8YLG0	negative	dc287d695ed8d78e73ff29b03dded50559195f37804eb713aaced2b0c00fe136	evaluation
dominant_to_evaluation	confirmatory::Q8YQZ0	negative	ea060f244e352de2544b388f1abc1899258898681ff665dbf7303805cc505276	evaluation
dominant_to_evaluation	confirmatory::Q8Z6A7	positive	2715b7b7f20cf87c0092eff986acaae85f9398094171941d8947f0ea13e4f898	evaluation
dominant_to_evaluation	confirmatory::Q8ZMH3	negative	ba36d987f1fa0624cfa141a3e10fb029f7aa2efaad45e703221053b39919af2f	calibration
dominant_to_evaluation	confirmatory::Q8ZNY9	negative	ba36d987f1fa0624cfa141a3e10fb029f7aa2efaad45e703221053b39919af2f	calibration
dominant_to_evaluation	confirmatory::Q90121	positive	dd9d97fc934b30fa9fdc23b499c187008bc3e4ea7c0380c32a4bd5d4276cf228	evaluation
dominant_to_evaluation	confirmatory::Q90225	negative	cd44ecfb0231fbe25976a913c1248001f954c4063e308617e008c4b65e1d218b	calibration
dominant_to_evaluation	confirmatory::Q90325	negative	22908ea1541a1b07146f2bd28daaa95ec311bcc862f3182fe7289c27fc0bc4d0	evaluation
dominant_to_evaluation	confirmatory::Q90611	negative	16ea83094b8a9f3846228c14f4dc27f1b4aac291005aa1d8eb490657405beb3e	calibration
dominant_to_evaluation	confirmatory::Q90986	negative	412ebf19781844419f07c45188fde84b1712a4113a21c291d54300b8a26fc585	evaluation
dominant_to_evaluation	confirmatory::Q90WX8	negative	2ca3559869bf73bf1369b0778046227fe36990704ef03e92e809601ac40ebe65	calibration
dominant_to_evaluation	confirmatory::Q90YC2	negative	d498470a61783f09b7f843ca3a7c66a02ba48e4ab1c44629ca47394b33753185	calibration
dominant_to_evaluation	confirmatory::Q91120	negative	cd44ecfb0231fbe25976a913c1248001f954c4063e308617e008c4b65e1d218b	calibration
dominant_to_evaluation	confirmatory::Q91189	negative	0e86e9e3943105f0c02e336cf49e66419fe7933b4a9c56997c7bb8035f3c7a0a	calibration
dominant_to_evaluation	confirmatory::Q91775	negative	34b41219611ac71b39f94001659d257ef301dc42fb86d0ab1b2396d000b25f11	calibration
dominant_to_evaluation	confirmatory::Q91971	negative	0e86e9e3943105f0c02e336cf49e66419fe7933b4a9c56997c7bb8035f3c7a0a	calibration
dominant_to_evaluation	confirmatory::Q91974	negative	7bff7c1c444b1a8d1fd9b2c8a658b73c4488a03960061ed5ce8e7acbd2ccf9a9	evaluation
dominant_to_evaluation	confirmatory::Q91V08	negative	e73c96ea43f7190ef92adf35894e2eb0a0c6332b069837b46e96d09e4da1989a	calibration
dominant_to_evaluation	confirmatory::Q91V98	negative	20b843f15893a1dd09560b31e66a01e91c2507d4c789d50df305a05705637814	evaluation
dominant_to_evaluation	confirmatory::Q91W50	negative	e9de1a2f7cb129c07a0f04ae08efba495b6b821d03abf1fa01ce52ae6c31c28f	calibration
dominant_to_evaluation	confirmatory::Q91WK7	negative	c5e2be88b1228a5fe292dfa6bf01adfcb55983d3c6eccfb6b3c05b612e4a3de6	calibration
dominant_to_evaluation	confirmatory::Q91XU0	negative	eb784fe0c0bd1af88d8d8e4e799942cb5d28c2f372de6283f1a431286a50f6d1	evaluation
dominant_to_evaluation	confirmatory::Q91YQ3	negative	49e0bd839bb65df30e513a28e2c6701659e7b54bbf207886093864c59420f7a3	calibration
dominant_to_evaluation	confirmatory::Q91ZH7	negative	b039ccfd244270e65ee7ca7692ed51ef79a65b1b20862267a28d1dbe4cbb86af	evaluation
dominant_to_evaluation	confirmatory::Q91ZT8	negative	987aaa7b495bc5fd6b0fc9e57a89713660ed32dba42de9a4d8ba698c190be061	calibration
dominant_to_evaluation	confirmatory::Q92035	positive	d1c6ab564afa4059f4195e330c3f3d2fa72e6c258ca03ccbdb0ec294d4b10bcb	evaluation
dominant_to_evaluation	confirmatory::Q920A7	negative	583013e8e1e3f251647e55dd2b6aecaf7abf80b61775aa3433410c90a8c4b301	evaluation
dominant_to_evaluation	confirmatory::Q923B1	negative	0979449cdc194fdff7dab96f55c2a10e5e5abd2d3843d67e604751e8e5fe90dd	evaluation
dominant_to_evaluation	confirmatory::Q92478	negative	e73c96ea43f7190ef92adf35894e2eb0a0c6332b069837b46e96d09e4da1989a	calibration
dominant_to_evaluation	confirmatory::Q92485	negative	eac41909233ae38fd580365dacf70df8362ae19e8f8fb413aa0d59f0af65be98	evaluation
dominant_to_evaluation	confirmatory::Q924P3	negative	ae5ea8639589b79b276a0740af0e2a4bf3187ec339698d7063e881ce1e1a2a07	evaluation
dominant_to_evaluation	confirmatory::Q925I1	negative	c52fca3a03eb38cece5ffc98abc40e9586f2755a01b02879fa241a1fc7de0bcc	evaluation
dominant_to_evaluation	confirmatory::Q925I7	negative	48fadceb80cfd90014d08e9e8740e497fa640f4924ca1fd8a785996abf5484db	evaluation
dominant_to_evaluation	confirmatory::Q925S8	negative	6aabea4e103b9af36881174afb442574930392a3fae20d0fb888388c16d5e046	evaluation
dominant_to_evaluation	confirmatory::Q92GV1	negative	623f3f0445ba3d68f7f0b01360d57379b68a4bd25c5f902822b41b66dfcdfc89	calibration
dominant_to_evaluation	confirmatory::Q939S9	positive	bddf7053d645d92fe07351bae1bbbc576fa5aa89a9ac69841c8a7b7d959959dc	evaluation
dominant_to_evaluation	confirmatory::Q939T0	positive	0113492a23324373b2aa8f73421977cd7bef098c44441b3baefb4b5450e3562a	evaluation
dominant_to_evaluation	confirmatory::Q93LQ6	negative	c184f7f724effde758e66cc646b9855ed42925df00c6ced5a6a35c8c1eb03a4c	calibration
dominant_to_evaluation	confirmatory::Q93PJ4	negative	ea060f244e352de2544b388f1abc1899258898681ff665dbf7303805cc505276	evaluation
dominant_to_evaluation	confirmatory::Q93PJ5	negative	ea060f244e352de2544b388f1abc1899258898681ff665dbf7303805cc505276	evaluation
dominant_to_evaluation	confirmatory::Q93Q17	positive	1aeb3254c89291b600666557ca3e947e68cda8d3d7371585294ff4cfcd1fe3b7	evaluation
dominant_to_evaluation	confirmatory::Q93RR6	positive	64cc5ee1bb057b678af5679db51a97bb4cb16e07a07ce643b305d5cd2576778b	evaluation
dominant_to_evaluation	confirmatory::Q93ZX1	negative	694df2b5849b10ec08101ea2af6560538999a3c675f58d38bdfa8b4f58b573a3	calibration
dominant_to_evaluation	confirmatory::Q944L7	negative	17c5cdf854841c57627d4065c2fb1da25dd89f52db782170e8733ba229578524	calibration
dominant_to_evaluation	confirmatory::Q949H3	negative	4b9e7bea9ce8ee8ae94698ef8499017333c8e1e95a44680dba3be60d8618dc01	evaluation
dominant_to_evaluation	confirmatory::Q949Y3	negative	bb6ceea07e989d80c137788cdbdfd634ab9becd492e572919974a7e2ecc7bc23	calibration
dominant_to_evaluation	confirmatory::Q94B55	negative	50b13f9d1d5f78552c7086ad34c3782cafa3867c15aa1c7bd0ccff2643d361a5	calibration
dominant_to_evaluation	confirmatory::Q94K01	negative	0979449cdc194fdff7dab96f55c2a10e5e5abd2d3843d67e604751e8e5fe90dd	evaluation
dominant_to_evaluation	confirmatory::Q95000	negative	d1c6ab564afa4059f4195e330c3f3d2fa72e6c258ca03ccbdb0ec294d4b10bcb	evaluation
dominant_to_evaluation	confirmatory::Q95001	negative	d1c6ab564afa4059f4195e330c3f3d2fa72e6c258ca03ccbdb0ec294d4b10bcb	evaluation
dominant_to_evaluation	confirmatory::Q95114	negative	67b28ba5e81d277aab432e8590ea0314688bb8591ebef3ca06a6935723ff3652	evaluation
dominant_to_evaluation	confirmatory::Q95121	negative	b5e6d290d7f1c534d8b749ec539f54c2530b77a5f2454f1c3f7f171ebd6984f4	calibration
dominant_to_evaluation	confirmatory::Q95182	negative	ae072172ac565f240e9af5c41bfdfc0174476f5f1bc878f8c5aab26e7d89d267	calibration
dominant_to_evaluation	confirmatory::Q95220	negative	24063adf61b47696a5084aad279fba23bd2d452cb3a4e2a3d0222f5c61a60eb3	calibration
dominant_to_evaluation	confirmatory::Q95229	negative	2ce198fad98f14e4c4b8a256c59fcb869aedf9d88f10faac7815fcadcfa4fcaf	calibration
dominant_to_evaluation	confirmatory::Q95235	negative	d56efa2c4fa76222614d0864fe50657e6fc587cd0e1890c25a37bf138b4b5f1a	evaluation
dominant_to_evaluation	confirmatory::Q95237	negative	d56efa2c4fa76222614d0864fe50657e6fc587cd0e1890c25a37bf138b4b5f1a	evaluation
dominant_to_evaluation	confirmatory::Q95J82	negative	cd44ecfb0231fbe25976a913c1248001f954c4063e308617e008c4b65e1d218b	calibration
dominant_to_evaluation	confirmatory::Q95J85	negative	cd44ecfb0231fbe25976a913c1248001f954c4063e308617e008c4b65e1d218b	calibration
dominant_to_evaluation	confirmatory::Q95J88	negative	cd44ecfb0231fbe25976a913c1248001f954c4063e308617e008c4b65e1d218b	calibration
dominant_to_evaluation	confirmatory::Q95LG1	negative	d56efa2c4fa76222614d0864fe50657e6fc587cd0e1890c25a37bf138b4b5f1a	evaluation
dominant_to_evaluation	confirmatory::Q95LU3	negative	450882407bb31af420e3fb498b86045252de225bcb0bc544cb192820b36d6e90	calibration
dominant_to_evaluation	confirmatory::Q95MI4	negative	ba638047c24605d7840baa21456a792eb87dea0d635a9d6b405f0050d0dcb588	evaluation
dominant_to_evaluation	confirmatory::Q95MI5	negative	ba638047c24605d7840baa21456a792eb87dea0d635a9d6b405f0050d0dcb588	evaluation
dominant_to_evaluation	confirmatory::Q95P89	positive	331dfde097c668e3fd87cf724d9acfaf3bc36c6c1295aa0549b46cfd89374afb	evaluation
dominant_to_evaluation	confirmatory::Q95X35	negative	c95ef386e0d3ba468fdb2900eacedffdfe47c9718cfd81d7f547bcab79cd73cf	calibration
dominant_to_evaluation	confirmatory::Q96285	negative	067ae74d42b596cec7582bf029fe09ab77e540f889181e76f7318d4806994969	evaluation
dominant_to_evaluation	confirmatory::Q965W1	negative	34b41219611ac71b39f94001659d257ef301dc42fb86d0ab1b2396d000b25f11	calibration
dominant_to_evaluation	confirmatory::Q96AX9	negative	f70cb94582b2b5f26bd61c66750ab3d3e81aadb1d68c2adff83370008ebf6e1c	calibration
dominant_to_evaluation	confirmatory::Q96I13	negative	d2d18a2bc9017c988a97041e7913c4a22389f8f47b279d83b86b94462d23e94f	evaluation
dominant_to_evaluation	confirmatory::Q96JP0	negative	985193d7f0646ab5a63192350c4470719b706bcc5f16b43f74211a4adfe4c1c1	calibration
dominant_to_evaluation	confirmatory::Q96NS5	negative	d701a223eff2a0138ce5ce0abf7d63ad69ae5dd40a9ef04bdc6e43d8a469b8a0	evaluation
dominant_to_evaluation	confirmatory::Q96R05	negative	7e90cee412221196bcc5f07c4f195b89927144c6913a290671cfdac2f6ba7db5	calibration
dominant_to_evaluation	confirmatory::Q96S55	negative	eb784fe0c0bd1af88d8d8e4e799942cb5d28c2f372de6283f1a431286a50f6d1	evaluation
dominant_to_evaluation	confirmatory::Q96SE0	negative	b039ccfd244270e65ee7ca7692ed51ef79a65b1b20862267a28d1dbe4cbb86af	evaluation
dominant_to_evaluation	confirmatory::Q96TA2	negative	6aabea4e103b9af36881174afb442574930392a3fae20d0fb888388c16d5e046	evaluation
dominant_to_evaluation	confirmatory::Q96VC9	negative	d0e101e80ffbaad2d60c0d3eccd86c5bf01bfa189b44fe3696f98634bfcc9751	evaluation
dominant_to_evaluation	confirmatory::Q972V9	negative	ea060f244e352de2544b388f1abc1899258898681ff665dbf7303805cc505276	evaluation
dominant_to_evaluation	confirmatory::Q972W0	negative	ea060f244e352de2544b388f1abc1899258898681ff665dbf7303805cc505276	evaluation
dominant_to_evaluation	confirmatory::Q98849	negative	cd44ecfb0231fbe25976a913c1248001f954c4063e308617e008c4b65e1d218b	calibration
dominant_to_evaluation	confirmatory::Q988D4	negative	dc7860e94783eea330dc3b3e6d367bf5308fdbc6b3c6b45bea095d155b81f85a	calibration
dominant_to_evaluation	confirmatory::Q98CY9	negative	ea060f244e352de2544b388f1abc1899258898681ff665dbf7303805cc505276	evaluation
dominant_to_evaluation	confirmatory::Q98TA4	negative	87d425c65ac584d5e4c581986c739f7692b2578e446bf382551a86cc21557ecd	evaluation
dominant_to_evaluation	confirmatory::Q99156	negative	17d290c100b127d8027f673b0dbcc6381804413fa0056a7e12a063285a73a055	evaluation
dominant_to_evaluation	confirmatory::Q99289	positive	7f1065d466987d1e14c31fe631cc9eafff0bc7dd8524b200d67de09fcd865acd	evaluation
dominant_to_evaluation	confirmatory::Q99405	negative	1bb7a69c5ac8dff09d9743d7de36e3db00db59e8de64893c6df4fc99ac9601d3	calibration
dominant_to_evaluation	confirmatory::Q99542	negative	24063adf61b47696a5084aad279fba23bd2d452cb3a4e2a3d0222f5c61a60eb3	calibration
dominant_to_evaluation	confirmatory::Q99J62	negative	694df2b5849b10ec08101ea2af6560538999a3c675f58d38bdfa8b4f58b573a3	calibration
dominant_to_evaluation	confirmatory::Q99JB4	negative	8b82ebf287b833af4d036924547c8249a2374ba8620909e97c73d9f10372ee04	calibration
dominant_to_evaluation	confirmatory::Q99LC9	negative	199e5e746f1a78658450a2ba041b79aef49bbb4feb4fdafedee11b7288c9ede8	calibration
dominant_to_evaluation	confirmatory::Q99LR1	negative	86a5c1bfc5908ede8123b1f6c7156fccf03d9d9b70f3f68acd76dfc146e5b158	evaluation
dominant_to_evaluation	confirmatory::Q99MG7	negative	f92a8e542977ec3d6dc95e8a0bde11a3a1290134ed49574133ebe628e0201670	evaluation
dominant_to_evaluation	confirmatory::Q99P60	negative	34b41219611ac71b39f94001659d257ef301dc42fb86d0ab1b2396d000b25f11	calibration
dominant_to_evaluation	confirmatory::Q99P61	negative	34b41219611ac71b39f94001659d257ef301dc42fb86d0ab1b2396d000b25f11	calibration
dominant_to_evaluation	confirmatory::Q99PP0	negative	80411b172a57342a9e6ff35099764047f561bf1337df03f29cf013ee3a7b28d0	calibration
dominant_to_evaluation	confirmatory::Q99PW6	negative	24063adf61b47696a5084aad279fba23bd2d452cb3a4e2a3d0222f5c61a60eb3	calibration
dominant_to_evaluation	confirmatory::Q99Q01	positive	d5e5f4ce6abeccecaaecb52c8484a0d36013e750e835713d551f21cca137336f	evaluation
dominant_to_evaluation	confirmatory::Q9AQM4	negative	14483eafd435fe05748b0d9404a2be3e7a8c3f39f91cd3bdba7c9793ad38d1f6	evaluation
dominant_to_evaluation	confirmatory::Q9AQT6	negative	ea060f244e352de2544b388f1abc1899258898681ff665dbf7303805cc505276	evaluation
dominant_to_evaluation	confirmatory::Q9ATH2	negative	86cc21bca61bd87e3a544b53de63d4a85a51acbb0d64b5ad6e6e2ba8aa8ab938	calibration
dominant_to_evaluation	confirmatory::Q9AVB0	negative	fb3d9086710c22eb209777dc02506bc21ad102b35c0a2d4e54e73b021c9991f7	evaluation
dominant_to_evaluation	confirmatory::Q9AYP9	negative	fb3d9086710c22eb209777dc02506bc21ad102b35c0a2d4e54e73b021c9991f7	evaluation
dominant_to_evaluation	confirmatory::Q9BDI9	negative	cd44ecfb0231fbe25976a913c1248001f954c4063e308617e008c4b65e1d218b	calibration
dominant_to_evaluation	confirmatory::Q9BDJ0	negative	cd44ecfb0231fbe25976a913c1248001f954c4063e308617e008c4b65e1d218b	calibration
dominant_to_evaluation	confirmatory::Q9BDY7	negative	450882407bb31af420e3fb498b86045252de225bcb0bc544cb192820b36d6e90	calibration
dominant_to_evaluation	confirmatory::Q9BDY8	negative	450882407bb31af420e3fb498b86045252de225bcb0bc544cb192820b36d6e90	calibration
dominant_to_evaluation	confirmatory::Q9BMK3	negative	34b41219611ac71b39f94001659d257ef301dc42fb86d0ab1b2396d000b25f11	calibration
dominant_to_evaluation	confirmatory::Q9BRF8	negative	2effb38671bc2634c238898a79d72badc589944ae47dd3baa503aa88e04f6abf	calibration
dominant_to_evaluation	confirmatory::Q9BSK4	negative	985193d7f0646ab5a63192350c4470719b706bcc5f16b43f74211a4adfe4c1c1	calibration
dominant_to_evaluation	confirmatory::Q9BV23	negative	56c839bfe860f6cc35f76b3271a1727683ddb45a364c32cc9b290abb6e0b446c	evaluation
dominant_to_evaluation	confirmatory::Q9BVQ7	negative	d8e8950e584547a3cfa7be839a4841964b10c9b394cc52fc1ce81bee4cdf9e59	evaluation
dominant_to_evaluation	confirmatory::Q9BW62	negative	794a155dc5d6a4333e7c3f64f71a96bc7d6cff28650fa8bcc5d70a3932053113	calibration
dominant_to_evaluation	confirmatory::Q9BWP8	negative	87d425c65ac584d5e4c581986c739f7692b2578e446bf382551a86cc21557ecd	evaluation
dominant_to_evaluation	confirmatory::Q9BY76	negative	450882407bb31af420e3fb498b86045252de225bcb0bc544cb192820b36d6e90	calibration
dominant_to_evaluation	confirmatory::Q9C291	negative	ae06a79fb0a3df6b735edf0b452366dd6bef01d4d1be6595c830072b310a4059	calibration
dominant_to_evaluation	confirmatory::Q9C510	negative	bb6ceea07e989d80c137788cdbdfd634ab9becd492e572919974a7e2ecc7bc23	calibration
dominant_to_evaluation	confirmatory::Q9C587	negative	59f534d535cbf0e6b4356635efdba10890d111828d268b13a376c2e52be63817	calibration
dominant_to_evaluation	confirmatory::Q9C5U3	negative	e2b05054974b1971d2d1faf5c1b63250f10706449e8f9c15bd1f3e29934ed416	calibration
dominant_to_evaluation	confirmatory::Q9C7S6	negative	6e8df84691fae849d865f02fa37f7a928d1eb518955d2c46abe7effa42a9ebf2	evaluation
dominant_to_evaluation	confirmatory::Q9C7U8	negative	0d9f327b1073890bfb36e5ee168a06ee2714bac452b116df3ae13f3e08179c5f	evaluation
dominant_to_evaluation	confirmatory::Q9C927	negative	bb6ceea07e989d80c137788cdbdfd634ab9becd492e572919974a7e2ecc7bc23	calibration
dominant_to_evaluation	confirmatory::Q9CQ31	negative	987aaa7b495bc5fd6b0fc9e57a89713660ed32dba42de9a4d8ba698c190be061	calibration
dominant_to_evaluation	confirmatory::Q9CQ35	negative	8776c1732e39fbcb4314eff4f5a46741a26a7a94fb9c038b4a23f0335c6628e1	calibration
dominant_to_evaluation	confirmatory::Q9CQC8	negative	13bf54fb73aab8d703b1025e0596f0e2e732d88bc62948135586368ddee44dd0	evaluation
dominant_to_evaluation	confirmatory::Q9CR86	negative	49e0bd839bb65df30e513a28e2c6701659e7b54bbf207886093864c59420f7a3	calibration
dominant_to_evaluation	confirmatory::Q9CXM0	negative	659f229917bf607febe947a3b86fd3e9acdb5483dee856f96c2d4a54ff5e8a70	calibration
dominant_to_evaluation	confirmatory::Q9CYL5	negative	80265ba0cf707cc2b9ab56977abaa12643a893bd6a9a455337c6c3dedf45bd7a	calibration
dominant_to_evaluation	confirmatory::Q9CZK6	negative	c4b5c6b60026544a687d26ee3688f821a9ace39bd7c3b5171a79c0bdadb1bea0	calibration
dominant_to_evaluation	confirmatory::Q9CZP5	negative	c66d9b138209a0064eeedcb22bf43674ef45066b48a22d62213f5f8c58677ce4	evaluation
dominant_to_evaluation	confirmatory::Q9CZT5	negative	06f0d4fd639a6c34191fb3093385dc64c0099d172b7ef4ea43662e3435f35b54	evaluation
dominant_to_evaluation	confirmatory::Q9D1H9	negative	450882407bb31af420e3fb498b86045252de225bcb0bc544cb192820b36d6e90	calibration
dominant_to_evaluation	confirmatory::Q9D267	negative	ae072172ac565f240e9af5c41bfdfc0174476f5f1bc878f8c5aab26e7d89d267	calibration
dominant_to_evaluation	confirmatory::Q9D3H2	negative	f92a8e542977ec3d6dc95e8a0bde11a3a1290134ed49574133ebe628e0201670	evaluation
dominant_to_evaluation	confirmatory::Q9D3R6	negative	23d5a3bd524d30d0ed03bfe373885d5527e4035c98c411d13a9667a063013c6e	evaluation
dominant_to_evaluation	confirmatory::Q9D5T0	negative	9be8126a2dbfcd7513074efb8f97e42b52a270b713971328a72dcad11b7a1f84	calibration
dominant_to_evaluation	confirmatory::Q9D676	negative	e73c96ea43f7190ef92adf35894e2eb0a0c6332b069837b46e96d09e4da1989a	calibration
dominant_to_evaluation	confirmatory::Q9DAA4	negative	cc390b4293e5491153edade1a39808c8c1bd14634b7a519a3401f4e09f7141d9	evaluation
dominant_to_evaluation	confirmatory::Q9DAK4	negative	34b41219611ac71b39f94001659d257ef301dc42fb86d0ab1b2396d000b25f11	calibration
dominant_to_evaluation	confirmatory::Q9DAN8	negative	2c14df6328ed08d651ce5cff3d704d82078c6ad2a943af69e7875773d0d905c0	calibration
dominant_to_evaluation	confirmatory::Q9DBL9	negative	af3e8151ef08d08d21f26d1cce1ca2ed2dedc203bc8d13dcabd9823b27fc65d9	evaluation
dominant_to_evaluation	confirmatory::Q9DBN5	negative	6575fe00f3ccdc3a9bcd22237c35b4067cd150571930ca1e7aa9a8e6117d5536	calibration
dominant_to_evaluation	confirmatory::Q9DCG2	negative	8bee7dc94cfa5f8719cc9b73651a6268cfd5276d4851cf1d4d37f8363db75bd0	evaluation
dominant_to_evaluation	confirmatory::Q9DCQ7	negative	a5ebffc2e2dbb22bd5322e5b7f495ec0102e8dba67dfdb8b96b9aa84fa7da6f3	evaluation
dominant_to_evaluation	confirmatory::Q9DD23	negative	220de76dbf9957cd7765cab42dda7d8de8c165964ba2c496e622a8e2982d99fb	calibration
dominant_to_evaluation	confirmatory::Q9DG80	negative	cd44ecfb0231fbe25976a913c1248001f954c4063e308617e008c4b65e1d218b	calibration
dominant_to_evaluation	confirmatory::Q9DG81	negative	cd44ecfb0231fbe25976a913c1248001f954c4063e308617e008c4b65e1d218b	calibration
dominant_to_evaluation	confirmatory::Q9DGI0	negative	4a60ed747214a9670137430d60efbead8fac61db33c998ac34d9dfa0cbcffd37	calibration
dominant_to_evaluation	confirmatory::Q9EP71	negative	fd80707c34f29f25c56a8f1803d1fa5394ddc0f80884bf9428f4f4e83a05bb9a	calibration
dominant_to_evaluation	confirmatory::Q9EPC5	negative	7e90cee412221196bcc5f07c4f195b89927144c6913a290671cfdac2f6ba7db5	calibration
dominant_to_evaluation	confirmatory::Q9EPL5	negative	16ea83094b8a9f3846228c14f4dc27f1b4aac291005aa1d8eb490657405beb3e	calibration
dominant_to_evaluation	confirmatory::Q9EQ09	negative	55ddb3dd17da1cb3ae6ed5aa5ab62a50e2f5afdd8477f9c0f808349986102bb6	evaluation
dominant_to_evaluation	confirmatory::Q9EQT1	negative	48fadceb80cfd90014d08e9e8740e497fa640f4924ca1fd8a785996abf5484db	evaluation
dominant_to_evaluation	confirmatory::Q9EQV6	negative	c8bc632faaa2dd7e9e07420c2893908d6cabe65710e6f1a8676bef0b20dead16	evaluation
dominant_to_evaluation	confirmatory::Q9EQX6	negative	48fadceb80cfd90014d08e9e8740e497fa640f4924ca1fd8a785996abf5484db	evaluation
dominant_to_evaluation	confirmatory::Q9ERZ8	negative	36dec6c60a72d94ff56ec694716245de514abc69b61f3fd1ef27385953643515	evaluation
dominant_to_evaluation	confirmatory::Q9ESP7	negative	b1423ee9b957bb86533c097a80d4fb634274a83d1747b602650345795525d6b6	evaluation
dominant_to_evaluation	confirmatory::Q9ET61	negative	9c42a4d7631974118801fa0fb65aef4231fc3b42e1affbced544cb057191d1c2	calibration
dominant_to_evaluation	confirmatory::Q9FAS7	negative	ea060f244e352de2544b388f1abc1899258898681ff665dbf7303805cc505276	evaluation
dominant_to_evaluation	confirmatory::Q9FCD3	negative	ea060f244e352de2544b388f1abc1899258898681ff665dbf7303805cc505276	evaluation
dominant_to_evaluation	confirmatory::Q9FGJ4	negative	2d34c191f96e06a7bc12ce9575ac2c8102e6346bb70e7bd3354b76f5fbbbb97e	evaluation
dominant_to_evaluation	confirmatory::Q9FGM0	negative	680707c63f2d0908a00fc3e6a2b0744b4e4e8af00160e670b7cb677f0fa3e661	evaluation
dominant_to_evaluation	confirmatory::Q9FGU3	negative	0d9f327b1073890bfb36e5ee168a06ee2714bac452b116df3ae13f3e08179c5f	evaluation
dominant_to_evaluation	confirmatory::Q9FH02	negative	b587bef3e5d94148fb6edeb8462e56d2a1573d0e113db913c44f4bfefa67c9fa	evaluation
dominant_to_evaluation	confirmatory::Q9FH31	negative	8f20d0c6980ead1e360a848d002432fd7be75037bb37add933645c20185679c7	calibration
dominant_to_evaluation	confirmatory::Q9FHA4	negative	0d9f327b1073890bfb36e5ee168a06ee2714bac452b116df3ae13f3e08179c5f	evaluation
dominant_to_evaluation	confirmatory::Q9FI12	negative	0d9f327b1073890bfb36e5ee168a06ee2714bac452b116df3ae13f3e08179c5f	evaluation
dominant_to_evaluation	confirmatory::Q9FIF0	negative	067ae74d42b596cec7582bf029fe09ab77e540f889181e76f7318d4806994969	evaluation
dominant_to_evaluation	confirmatory::Q9FIF1	negative	067ae74d42b596cec7582bf029fe09ab77e540f889181e76f7318d4806994969	evaluation
dominant_to_evaluation	confirmatory::Q9FIF8	negative	0d9f327b1073890bfb36e5ee168a06ee2714bac452b116df3ae13f3e08179c5f	evaluation
dominant_to_evaluation	confirmatory::Q9FIG1	negative	0d9f327b1073890bfb36e5ee168a06ee2714bac452b116df3ae13f3e08179c5f	evaluation
dominant_to_evaluation	confirmatory::Q9FIG2	negative	0d9f327b1073890bfb36e5ee168a06ee2714bac452b116df3ae13f3e08179c5f	evaluation
dominant_to_evaluation	confirmatory::Q9FIM2	negative	eeed110e5e12b1803a2885bb38e1f636025b2af8b8e06ffa32cdf1ee205914a6	calibration
dominant_to_evaluation	confirmatory::Q9FIM5	negative	0d9f327b1073890bfb36e5ee168a06ee2714bac452b116df3ae13f3e08179c5f	evaluation
dominant_to_evaluation	confirmatory::Q9FIM6	negative	0d9f327b1073890bfb36e5ee168a06ee2714bac452b116df3ae13f3e08179c5f	evaluation
dominant_to_evaluation	confirmatory::Q9FJI4	negative	067ae74d42b596cec7582bf029fe09ab77e540f889181e76f7318d4806994969	evaluation
dominant_to_evaluation	confirmatory::Q9FK76	negative	0d9f327b1073890bfb36e5ee168a06ee2714bac452b116df3ae13f3e08179c5f	evaluation
dominant_to_evaluation	confirmatory::Q9FLD5	negative	9d1ce9c34f18c4a991bffbd7874496abf9a31460a25d02efc7ac12f5dc25212e	evaluation
dominant_to_evaluation	confirmatory::Q9FLI4	negative	0d9f327b1073890bfb36e5ee168a06ee2714bac452b116df3ae13f3e08179c5f	evaluation
dominant_to_evaluation	confirmatory::Q9FMK9	negative	35fb562852952c09ea18952cafc9064066586aa02b57befdd329c08c3ac2a0f2	calibration
dominant_to_evaluation	confirmatory::Q9FN02	negative	8e22b1d2d0b6eb1e1e5fa4778be233170412d5e999828aaf14773086e528164b	evaluation
dominant_to_evaluation	confirmatory::Q9FNP4	negative	6a4515fc3a3679383eee78d4f81fdf0f5c35e90cb44cb9966b36170de86deef1	calibration
dominant_to_evaluation	confirmatory::Q9FRT9	positive	c3dfd1a3ec6bbbc579f0e5a918351736afc647cc11aed7d6ae1b4ff9e5e6741d	evaluation
dominant_to_evaluation	confirmatory::Q9FZ33	negative	a0724f02d14cb50211838fe07d6b90822a01732191cc347d59db3141c04171e9	evaluation
dominant_to_evaluation	confirmatory::Q9GLD0	negative	08528be7fd341aa6992306d6cc2dcd129232b8b4cd83081db737fc35b1f465a3	evaluation
dominant_to_evaluation	confirmatory::Q9GLE4	negative	24063adf61b47696a5084aad279fba23bd2d452cb3a4e2a3d0222f5c61a60eb3	calibration
dominant_to_evaluation	confirmatory::Q9GLE5	negative	16ea83094b8a9f3846228c14f4dc27f1b4aac291005aa1d8eb490657405beb3e	calibration
dominant_to_evaluation	confirmatory::Q9GLF3	negative	bfe939dcac89e9013c487384af9034bc569f2ba663fd74af25aedacd3131525b	calibration
dominant_to_evaluation	confirmatory::Q9GLK4	negative	08528be7fd341aa6992306d6cc2dcd129232b8b4cd83081db737fc35b1f465a3	evaluation
dominant_to_evaluation	confirmatory::Q9GLN8	negative	34f3ebf727ba6962d09c497f53fa9a083064002a8920c85a4d004e89f0a534ef	evaluation
dominant_to_evaluation	confirmatory::Q9GLP6	negative	34f3ebf727ba6962d09c497f53fa9a083064002a8920c85a4d004e89f0a534ef	evaluation
dominant_to_evaluation	confirmatory::Q9GLR0	negative	da1f730a80c0f0ed1f9303734404705fa18285380f99e8c78185dd847cf60b39	evaluation
dominant_to_evaluation	confirmatory::Q9GLR1	negative	da1f730a80c0f0ed1f9303734404705fa18285380f99e8c78185dd847cf60b39	evaluation
dominant_to_evaluation	confirmatory::Q9GLX9	negative	ba85e063659590c5598badecc804b13408c0b5ad0ce54fdcaa07150c828d2cc2	calibration
dominant_to_evaluation	confirmatory::Q9GME8	negative	ba638047c24605d7840baa21456a792eb87dea0d635a9d6b405f0050d0dcb588	evaluation
dominant_to_evaluation	confirmatory::Q9GU69	negative	87398da149152f23a95a2bf25aa3f1acd28b6056b677eb58230cfeb3b45f8f34	calibration
dominant_to_evaluation	confirmatory::Q9GZP0	negative	48fadceb80cfd90014d08e9e8740e497fa640f4924ca1fd8a785996abf5484db	evaluation
dominant_to_evaluation	confirmatory::Q9GZV1	negative	7cf7b5baa311831b262d68c0fbe79534a53d29479860c878a838fd43eafbed72	calibration
dominant_to_evaluation	confirmatory::Q9H112	negative	fd33bdbb28aba26af0cacd5382e9ee346d0f7091b73162b33ac4bd88361c17b1	evaluation
dominant_to_evaluation	confirmatory::Q9H114	negative	e762a34e2879fb89badf3aefde610ff9d5414dd0791ef2899f47f15931593ae4	evaluation
dominant_to_evaluation	confirmatory::Q9H1D0	negative	b6c828210685b571c49763b95e997c81dc15610f6c60be89e331f85533706520	evaluation
dominant_to_evaluation	confirmatory::Q9H239	negative	24063adf61b47696a5084aad279fba23bd2d452cb3a4e2a3d0222f5c61a60eb3	calibration
dominant_to_evaluation	confirmatory::Q9H306	negative	24063adf61b47696a5084aad279fba23bd2d452cb3a4e2a3d0222f5c61a60eb3	calibration
dominant_to_evaluation	confirmatory::Q9H3Z7	negative	19e73a82bf4cb2521cfe2b344a15acf1f9bc96fc692b16e9e3b365f8c7af5ab6	calibration
dominant_to_evaluation	confirmatory::Q9H4G1	negative	2c14df6328ed08d651ce5cff3d704d82078c6ad2a943af69e7875773d0d905c0	calibration
dominant_to_evaluation	confirmatory::Q9H4G4	negative	80265ba0cf707cc2b9ab56977abaa12643a893bd6a9a455337c6c3dedf45bd7a	calibration
dominant_to_evaluation	confirmatory::Q9H6B9	negative	2eecc744c786b9108557788352fd5794355c754b0934c0f099e6c21ad6cf8672	calibration
dominant_to_evaluation	confirmatory::Q9H8Y5	negative	91c2894864d032b2893163dae4279c6a5eddbb3c7de724d55226dc3410728a9c	evaluation
dominant_to_evaluation	confirmatory::Q9H9E1	negative	26822ebf2b3507af7fb53435cea5d768468b83b70bf501472d1f151cd151feaf	evaluation
dominant_to_evaluation	confirmatory::Q9H9P2	negative	659f229917bf607febe947a3b86fd3e9acdb5483dee856f96c2d4a54ff5e8a70	calibration
dominant_to_evaluation	confirmatory::Q9H9Z2	negative	623f3f0445ba3d68f7f0b01360d57379b68a4bd25c5f902822b41b66dfcdfc89	calibration
dominant_to_evaluation	confirmatory::Q9HBA0	negative	36dec6c60a72d94ff56ec694716245de514abc69b61f3fd1ef27385953643515	evaluation
dominant_to_evaluation	confirmatory::Q9HCB6	negative	ba85e063659590c5598badecc804b13408c0b5ad0ce54fdcaa07150c828d2cc2	calibration
dominant_to_evaluation	confirmatory::Q9HCU0	negative	20b843f15893a1dd09560b31e66a01e91c2507d4c789d50df305a05705637814	evaluation
dominant_to_evaluation	confirmatory::Q9HDU9	negative	99826a93eedea1a45a5d495eab9ed0a21ea0e15fafdc3d7f1f1eb517e091053e	calibration
dominant_to_evaluation	confirmatory::Q9HRW4	negative	4ec60039de59076bc5d8afd1f1d88dc96ccf44dd16c5eb759ecf94e82a598745	calibration
dominant_to_evaluation	confirmatory::Q9HUU5	negative	ea060f244e352de2544b388f1abc1899258898681ff665dbf7303805cc505276	evaluation
dominant_to_evaluation	confirmatory::Q9I2V0	negative	778e72fa9440b0af889fe2329da5c5b9d1d682d319794d6d197d1d359109f2aa	calibration
dominant_to_evaluation	confirmatory::Q9I946	negative	48fadceb80cfd90014d08e9e8740e497fa640f4924ca1fd8a785996abf5484db	evaluation
dominant_to_evaluation	confirmatory::Q9I9P7	negative	fff12e77db30d8d5054c219a61e7eadca02694fd845a38e729300f128215237b	evaluation
dominant_to_evaluation	confirmatory::Q9IAM7	negative	ae06a79fb0a3df6b735edf0b452366dd6bef01d4d1be6595c830072b310a4059	calibration
dominant_to_evaluation	confirmatory::Q9IAT6	negative	24371bf2d6df09880740ab51a10a679536679e6846c484a18360798d6fe47647	calibration
dominant_to_evaluation	confirmatory::Q9IBF7	negative	b5e03c01fa8ec788c62418b308c35377fee931c14cd5cf80a972b831ec1b8f8d	calibration
dominant_to_evaluation	confirmatory::Q9J531	negative	08f84d3abde96f26f5d6f0e2b31eb66277f626206609ac52600db96b97f1cf38	calibration
dominant_to_evaluation	confirmatory::Q9J5F9	negative	231f6f42cecbe32b1ecf4da252552d07a0762f3cb5b433dccae2aec3ebd6f9c1	evaluation
dominant_to_evaluation	confirmatory::Q9J5G3	negative	05e2eea85c3b2beb4ca06ed0e307507603a4d7e8c327bf8bcbfaa3324dddfdea	calibration
dominant_to_evaluation	confirmatory::Q9J5J1	negative	eb34ffc45a2e98c550c3aa8bafb7aa58e45c59581acabd0ca7785544a48d064b	evaluation
dominant_to_evaluation	confirmatory::Q9JHI0	negative	24063adf61b47696a5084aad279fba23bd2d452cb3a4e2a3d0222f5c61a60eb3	calibration
dominant_to_evaluation	confirmatory::Q9JIA3	negative	f5946217655b779cbdb7da1594ab1ee01d52642a7d2cf2070fa5df1454f6a452	calibration
dominant_to_evaluation	confirmatory::Q9JIM0	negative	ae06a79fb0a3df6b735edf0b452366dd6bef01d4d1be6595c830072b310a4059	calibration
dominant_to_evaluation	confirmatory::Q9JK69	negative	cd44ecfb0231fbe25976a913c1248001f954c4063e308617e008c4b65e1d218b	calibration
dominant_to_evaluation	confirmatory::Q9JL95	negative	c9605184d2ac60712053781acb9550f62a513027605873cf8aac9c77211123de	calibration
dominant_to_evaluation	confirmatory::Q9JM61	negative	087f017c4fc6de6c13673ff96033f2de2d4d9db4cfbb560e850bc3a21a9dcde7	calibration
dominant_to_evaluation	confirmatory::Q9JM84	negative	e762a34e2879fb89badf3aefde610ff9d5414dd0791ef2899f47f15931593ae4	evaluation
dominant_to_evaluation	confirmatory::Q9JSN0	negative	d52af3aeba16f166910db4a02e939c6bcf3e5ff1879d6147eae4d668380d76f5	calibration
dominant_to_evaluation	confirmatory::Q9KG61	negative	ea060f244e352de2544b388f1abc1899258898681ff665dbf7303805cc505276	evaluation
dominant_to_evaluation	confirmatory::Q9KN00	negative	623f3f0445ba3d68f7f0b01360d57379b68a4bd25c5f902822b41b66dfcdfc89	calibration
dominant_to_evaluation	confirmatory::Q9L5A4	negative	4618d4b21d822ae674a95c6d1c6009226aad4b31ffaf8bcfccebe1104b8d4471	calibration
dominant_to_evaluation	confirmatory::Q9LDB4	negative	86cc21bca61bd87e3a544b53de63d4a85a51acbb0d64b5ad6e6e2ba8aa8ab938	calibration
dominant_to_evaluation	confirmatory::Q9LEA3	negative	067ae74d42b596cec7582bf029fe09ab77e540f889181e76f7318d4806994969	evaluation
dominant_to_evaluation	confirmatory::Q9LFT6	negative	90ff7565068f7172c3892fc6b8eceb1af8c0eb8e8b45ac8a900b3f0fa9cffe92	calibration
dominant_to_evaluation	confirmatory::Q9LHE7	negative	369890e1b4fdd3f4d633bc750ce4706bc6a1c2d11deb58e010bd3f44230852d0	calibration
dominant_to_evaluation	confirmatory::Q9LLL8	negative	0d9f327b1073890bfb36e5ee168a06ee2714bac452b116df3ae13f3e08179c5f	evaluation
dominant_to_evaluation	confirmatory::Q9LLR6	negative	86cc21bca61bd87e3a544b53de63d4a85a51acbb0d64b5ad6e6e2ba8aa8ab938	calibration
dominant_to_evaluation	confirmatory::Q9LLR7	negative	86cc21bca61bd87e3a544b53de63d4a85a51acbb0d64b5ad6e6e2ba8aa8ab938	calibration
dominant_to_evaluation	confirmatory::Q9LMG7	negative	bec39f0ed39914869f8e7ae016247870f61af67c8aeed37255140e2aec01810c	calibration
dominant_to_evaluation	confirmatory::Q9LMX4	negative	b7682d2fa96fd4bc296ae4e4c223de1003e0422db7e6a0bfbec23a561e9d43a9	calibration
dominant_to_evaluation	confirmatory::Q9LNU1	negative	0d9f327b1073890bfb36e5ee168a06ee2714bac452b116df3ae13f3e08179c5f	evaluation
dominant_to_evaluation	confirmatory::Q9LR78	negative	369890e1b4fdd3f4d633bc750ce4706bc6a1c2d11deb58e010bd3f44230852d0	calibration
dominant_to_evaluation	confirmatory::Q9LSR8	negative	067ae74d42b596cec7582bf029fe09ab77e540f889181e76f7318d4806994969	evaluation
dominant_to_evaluation	confirmatory::Q9LSS0	negative	067ae74d42b596cec7582bf029fe09ab77e540f889181e76f7318d4806994969	evaluation
dominant_to_evaluation	confirmatory::Q9LUM3	negative	0d9f327b1073890bfb36e5ee168a06ee2714bac452b116df3ae13f3e08179c5f	evaluation
dominant_to_evaluation	confirmatory::Q9LVJ1	negative	0d9f327b1073890bfb36e5ee168a06ee2714bac452b116df3ae13f3e08179c5f	evaluation
dominant_to_evaluation	confirmatory::Q9LX83	negative	bb6ceea07e989d80c137788cdbdfd634ab9becd492e572919974a7e2ecc7bc23	calibration
dominant_to_evaluation	confirmatory::Q9LXI7	negative	bb6ceea07e989d80c137788cdbdfd634ab9becd492e572919974a7e2ecc7bc23	calibration
dominant_to_evaluation	confirmatory::Q9LZF5	negative	067ae74d42b596cec7582bf029fe09ab77e540f889181e76f7318d4806994969	evaluation
dominant_to_evaluation	confirmatory::Q9LZF6	negative	199e5e746f1a78658450a2ba041b79aef49bbb4feb4fdafedee11b7288c9ede8	calibration
dominant_to_evaluation	confirmatory::Q9LZV9	negative	86cc21bca61bd87e3a544b53de63d4a85a51acbb0d64b5ad6e6e2ba8aa8ab938	calibration
dominant_to_evaluation	confirmatory::Q9M020	negative	067ae74d42b596cec7582bf029fe09ab77e540f889181e76f7318d4806994969	evaluation
dominant_to_evaluation	confirmatory::Q9M0Y8	negative	66982e869380038efc306798aae7ce2e1fae56c06d7dfce80d3e44d1d4b5c3dc	calibration
dominant_to_evaluation	confirmatory::Q9M1Z9	negative	067ae74d42b596cec7582bf029fe09ab77e540f889181e76f7318d4806994969	evaluation
dominant_to_evaluation	confirmatory::Q9M2U5	negative	4b9e7bea9ce8ee8ae94698ef8499017333c8e1e95a44680dba3be60d8618dc01	evaluation
dominant_to_evaluation	confirmatory::Q9M3D8	negative	067ae74d42b596cec7582bf029fe09ab77e540f889181e76f7318d4806994969	evaluation
dominant_to_evaluation	confirmatory::Q9M3E5	negative	067ae74d42b596cec7582bf029fe09ab77e540f889181e76f7318d4806994969	evaluation
dominant_to_evaluation	confirmatory::Q9M4E3	positive	e45d0fe2ff27f7d2d8d0ffcc2d8df54566f74360a13794cc11520c3648d22e27	evaluation
dominant_to_evaluation	confirmatory::Q9M5X6	negative	86cc21bca61bd87e3a544b53de63d4a85a51acbb0d64b5ad6e6e2ba8aa8ab938	calibration
dominant_to_evaluation	confirmatory::Q9M5X7	negative	86cc21bca61bd87e3a544b53de63d4a85a51acbb0d64b5ad6e6e2ba8aa8ab938	calibration
dominant_to_evaluation	confirmatory::Q9M5X8	negative	86cc21bca61bd87e3a544b53de63d4a85a51acbb0d64b5ad6e6e2ba8aa8ab938	calibration
dominant_to_evaluation	confirmatory::Q9M895	negative	00fdc13dbe6029bc86ec2f0814da86f3a5b3af5fe354dbf358aced2b1beb9782	calibration
dominant_to_evaluation	confirmatory::Q9M8Y9	negative	8856a301a53b40267674a10bd768cede15c5151a16a718cdb44895a97796ee69	evaluation
dominant_to_evaluation	confirmatory::Q9M9L7	negative	6575fe00f3ccdc3a9bcd22237c35b4067cd150571930ca1e7aa9a8e6117d5536	calibration
dominant_to_evaluation	confirmatory::Q9M9L8	negative	6575fe00f3ccdc3a9bcd22237c35b4067cd150571930ca1e7aa9a8e6117d5536	calibration
dominant_to_evaluation	confirmatory::Q9M9W3	negative	369890e1b4fdd3f4d633bc750ce4706bc6a1c2d11deb58e010bd3f44230852d0	calibration
dominant_to_evaluation	confirmatory::Q9MAK9	negative	23d5a3bd524d30d0ed03bfe373885d5527e4035c98c411d13a9667a063013c6e	evaluation
dominant_to_evaluation	confirmatory::Q9MAP4	negative	0d9f327b1073890bfb36e5ee168a06ee2714bac452b116df3ae13f3e08179c5f	evaluation
dominant_to_evaluation	confirmatory::Q9MAP5	negative	0d9f327b1073890bfb36e5ee168a06ee2714bac452b116df3ae13f3e08179c5f	evaluation
dominant_to_evaluation	confirmatory::Q9MAP7	negative	0d9f327b1073890bfb36e5ee168a06ee2714bac452b116df3ae13f3e08179c5f	evaluation
dominant_to_evaluation	confirmatory::Q9MYK8	negative	780632a2b78e928a1a0233a9237a2deb499859d4cb703b9b85c05b6bf0ae4e2d	evaluation
dominant_to_evaluation	confirmatory::Q9MZJ3	negative	ba638047c24605d7840baa21456a792eb87dea0d635a9d6b405f0050d0dcb588	evaluation
dominant_to_evaluation	confirmatory::Q9MZK6	negative	ba638047c24605d7840baa21456a792eb87dea0d635a9d6b405f0050d0dcb588	evaluation
dominant_to_evaluation	confirmatory::Q9N2D0	negative	8aca6cf56151161615270e0611bfb487352bac7e999974bcc690200b9c87952d	evaluation
dominant_to_evaluation	confirmatory::Q9N3T5	negative	583013e8e1e3f251647e55dd2b6aecaf7abf80b61775aa3433410c90a8c4b301	evaluation
dominant_to_evaluation	confirmatory::Q9NAG4	negative	c1b9018b50bdd4ae01273f868e6631b75fde8ae11e114d9234336cebdf6ab6c5	evaluation
dominant_to_evaluation	confirmatory::Q9NAS8	negative	924d938b3685df88251586c4aa098d13e52b1b4f229b6c1977a45a340fd78df1	evaluation
dominant_to_evaluation	confirmatory::Q9NES8	negative	8e22b1d2d0b6eb1e1e5fa4778be233170412d5e999828aaf14773086e528164b	evaluation
dominant_to_evaluation	confirmatory::Q9NPA2	negative	24063adf61b47696a5084aad279fba23bd2d452cb3a4e2a3d0222f5c61a60eb3	calibration
dominant_to_evaluation	confirmatory::Q9NPH6	negative	5892961fd93913083308b146da1de4c67d025258b98b350e84083bba8418fbd1	calibration
dominant_to_evaluation	confirmatory::Q9NQA5	negative	b6c828210685b571c49763b95e997c81dc15610f6c60be89e331f85533706520	evaluation
dominant_to_evaluation	confirmatory::Q9NR61	negative	24371bf2d6df09880740ab51a10a679536679e6846c484a18360798d6fe47647	calibration
dominant_to_evaluation	confirmatory::Q9NRE1	negative	24063adf61b47696a5084aad279fba23bd2d452cb3a4e2a3d0222f5c61a60eb3	calibration
dominant_to_evaluation	confirmatory::Q9NS62	negative	087f017c4fc6de6c13673ff96033f2de2d4d9db4cfbb560e850bc3a21a9dcde7	calibration
dominant_to_evaluation	confirmatory::Q9NUJ1	negative	79fb5f5aeea75b1180489919250ee5ca372dd41009fc99b7025dd9708a35177b	evaluation
dominant_to_evaluation	confirmatory::Q9NVI7	negative	c52fca3a03eb38cece5ffc98abc40e9586f2755a01b02879fa241a1fc7de0bcc	evaluation
dominant_to_evaluation	confirmatory::Q9NXR5	negative	8992e1d38e2126575c76a9ffff1f17206072df85161868ff3b28419336c5d6f5	calibration
dominant_to_evaluation	confirmatory::Q9NY56	negative	5892961fd93913083308b146da1de4c67d025258b98b350e84083bba8418fbd1	calibration
dominant_to_evaluation	confirmatory::Q9NYJ7	negative	24371bf2d6df09880740ab51a10a679536679e6846c484a18360798d6fe47647	calibration
dominant_to_evaluation	confirmatory::Q9NZD8	negative	13bf54fb73aab8d703b1025e0596f0e2e732d88bc62948135586368ddee44dd0	evaluation
dominant_to_evaluation	confirmatory::Q9P0K7	negative	fd80707c34f29f25c56a8f1803d1fa5394ddc0f80884bf9428f4f4e83a05bb9a	calibration
dominant_to_evaluation	confirmatory::Q9P8G3	negative	1bb7a69c5ac8dff09d9743d7de36e3db00db59e8de64893c6df4fc99ac9601d3	calibration
dominant_to_evaluation	confirmatory::Q9PRQ9	negative	0e86e9e3943105f0c02e336cf49e66419fe7933b4a9c56997c7bb8035f3c7a0a	calibration
dominant_to_evaluation	confirmatory::Q9PUR0	negative	0e86e9e3943105f0c02e336cf49e66419fe7933b4a9c56997c7bb8035f3c7a0a	calibration
dominant_to_evaluation	confirmatory::Q9PUR1	negative	0e86e9e3943105f0c02e336cf49e66419fe7933b4a9c56997c7bb8035f3c7a0a	calibration
dominant_to_evaluation	confirmatory::Q9PW98	negative	cd44ecfb0231fbe25976a913c1248001f954c4063e308617e008c4b65e1d218b	calibration
dominant_to_evaluation	confirmatory::Q9QUL6	negative	66982e869380038efc306798aae7ce2e1fae56c06d7dfce80d3e44d1d4b5c3dc	calibration
dominant_to_evaluation	confirmatory::Q9QUQ5	negative	0fe83d4abf1ce610ad84586dd4d5c46c21bd9db4885afb3ef6d6ab2b95befab2	evaluation
dominant_to_evaluation	confirmatory::Q9QX29	negative	0fe83d4abf1ce610ad84586dd4d5c46c21bd9db4885afb3ef6d6ab2b95befab2	evaluation
dominant_to_evaluation	confirmatory::Q9QX79	negative	28ee663204ab31f06bda00313c901a495a49edfb3c6d5deedae5a5fe98c8fa7f	calibration
dominant_to_evaluation	confirmatory::Q9QXC1	negative	28ee663204ab31f06bda00313c901a495a49edfb3c6d5deedae5a5fe98c8fa7f	calibration
dominant_to_evaluation	confirmatory::Q9QXM0	negative	09a5c6daa4509edcd9a50cdcab8952c9c902cbc82772d0954acdce88324b4fe6	calibration
dominant_to_evaluation	confirmatory::Q9QXU1	negative	f92a8e542977ec3d6dc95e8a0bde11a3a1290134ed49574133ebe628e0201670	evaluation
dominant_to_evaluation	confirmatory::Q9QY05	negative	e3d45e64298da494ce1729e091f7704f230fdab1891a1bae892fd5f81478f670	evaluation
dominant_to_evaluation	confirmatory::Q9QYA9	negative	cd44ecfb0231fbe25976a913c1248001f954c4063e308617e008c4b65e1d218b	calibration
dominant_to_evaluation	confirmatory::Q9QYY8	negative	9be8126a2dbfcd7513074efb8f97e42b52a270b713971328a72dcad11b7a1f84	calibration
dominant_to_evaluation	confirmatory::Q9QZC8	negative	b039ccfd244270e65ee7ca7692ed51ef79a65b1b20862267a28d1dbe4cbb86af	evaluation
dominant_to_evaluation	confirmatory::Q9QZQ5	negative	80411b172a57342a9e6ff35099764047f561bf1337df03f29cf013ee3a7b28d0	calibration
dominant_to_evaluation	confirmatory::Q9R001	negative	b1423ee9b957bb86533c097a80d4fb634274a83d1747b602650345795525d6b6	evaluation
dominant_to_evaluation	confirmatory::Q9R007	negative	bfe939dcac89e9013c487384af9034bc569f2ba663fd74af25aedacd3131525b	calibration
dominant_to_evaluation	confirmatory::Q9R045	negative	450882407bb31af420e3fb498b86045252de225bcb0bc544cb192820b36d6e90	calibration
dominant_to_evaluation	confirmatory::Q9R0S2	negative	24063adf61b47696a5084aad279fba23bd2d452cb3a4e2a3d0222f5c61a60eb3	calibration
dominant_to_evaluation	confirmatory::Q9R1E9	negative	80411b172a57342a9e6ff35099764047f561bf1337df03f29cf013ee3a7b28d0	calibration
dominant_to_evaluation	confirmatory::Q9RA51	negative	dccb74d38eb5e7a9f23fe80d041bb156f74f05b1c460fdc8136e9dbd7d77d278	evaluation
dominant_to_evaluation	confirmatory::Q9RFY6	positive	1d8d2dfc39e9199757e83543e0c8fc218b7dcef1f507c26508333acf38c1659c	evaluation
dominant_to_evaluation	confirmatory::Q9RYJ3	negative	ea060f244e352de2544b388f1abc1899258898681ff665dbf7303805cc505276	evaluation
dominant_to_evaluation	confirmatory::Q9RYJ4	negative	ea060f244e352de2544b388f1abc1899258898681ff665dbf7303805cc505276	evaluation
dominant_to_evaluation	confirmatory::Q9S747	negative	b7762ce85918a621bc4bf4c4e7657779c885d02f6b53a465f4762637db65c059	evaluation
dominant_to_evaluation	confirmatory::Q9S7I3	negative	86cc21bca61bd87e3a544b53de63d4a85a51acbb0d64b5ad6e6e2ba8aa8ab938	calibration
dominant_to_evaluation	confirmatory::Q9S8I2	negative	b7762ce85918a621bc4bf4c4e7657779c885d02f6b53a465f4762637db65c059	evaluation
dominant_to_evaluation	confirmatory::Q9S8M0	negative	5aff5f6b60799ea14709753f4be27c926783f8cd824ccff0e1f9a54c40791183	evaluation
dominant_to_evaluation	confirmatory::Q9SA75	negative	0d9f327b1073890bfb36e5ee168a06ee2714bac452b116df3ae13f3e08179c5f	evaluation
dominant_to_evaluation	confirmatory::Q9SAJ3	negative	5e46553948d4f9b32cc79a53e11cfa6765c782a48a19d9fd9f43c019116d0292	evaluation
dominant_to_evaluation	confirmatory::Q9SAY3	negative	4b9e7bea9ce8ee8ae94698ef8499017333c8e1e95a44680dba3be60d8618dc01	evaluation
dominant_to_evaluation	confirmatory::Q9SB68	negative	e1d839f381927b9a2033cd2376ea1dec270868532d82b0db04197ab80478009c	evaluation
dominant_to_evaluation	confirmatory::Q9SCN8	negative	199e5e746f1a78658450a2ba041b79aef49bbb4feb4fdafedee11b7288c9ede8	calibration
dominant_to_evaluation	confirmatory::Q9SCX8	negative	9fcb35c35fea51a2a10d2b05454d0c6c3ffaa3abfa40e228e32ed2d281fd9381	evaluation
dominant_to_evaluation	confirmatory::Q9SE00	negative	bb6ceea07e989d80c137788cdbdfd634ab9becd492e572919974a7e2ecc7bc23	calibration
dominant_to_evaluation	confirmatory::Q9SEI3	negative	23d5a3bd524d30d0ed03bfe373885d5527e4035c98c411d13a9667a063013c6e	evaluation
dominant_to_evaluation	confirmatory::Q9SEX2	negative	794a155dc5d6a4333e7c3f64f71a96bc7d6cff28650fa8bcc5d70a3932053113	calibration
dominant_to_evaluation	confirmatory::Q9SHS7	negative	369890e1b4fdd3f4d633bc750ce4706bc6a1c2d11deb58e010bd3f44230852d0	calibration
dominant_to_evaluation	confirmatory::Q9SI18	negative	bb6ceea07e989d80c137788cdbdfd634ab9becd492e572919974a7e2ecc7bc23	calibration
dominant_to_evaluation	confirmatory::Q9SIV9	negative	bb6ceea07e989d80c137788cdbdfd634ab9becd492e572919974a7e2ecc7bc23	calibration
dominant_to_evaluation	confirmatory::Q9SJF0	negative	369890e1b4fdd3f4d633bc750ce4706bc6a1c2d11deb58e010bd3f44230852d0	calibration
dominant_to_evaluation	confirmatory::Q9SL67	negative	23d5a3bd524d30d0ed03bfe373885d5527e4035c98c411d13a9667a063013c6e	evaluation
dominant_to_evaluation	confirmatory::Q9STF7	negative	0d9f327b1073890bfb36e5ee168a06ee2714bac452b116df3ae13f3e08179c5f	evaluation
dominant_to_evaluation	confirmatory::Q9SU24	negative	6379a5db2b3216cec3ec507f7417dc6fc7ab5422e80a70b99c5b46a8764615b1	evaluation
dominant_to_evaluation	confirmatory::Q9SUN6	negative	0d9f327b1073890bfb36e5ee168a06ee2714bac452b116df3ae13f3e08179c5f	evaluation
dominant_to_evaluation	confirmatory::Q9SVT4	negative	0d9f327b1073890bfb36e5ee168a06ee2714bac452b116df3ae13f3e08179c5f	evaluation
dominant_to_evaluation	confirmatory::Q9SW93	negative	86cc21bca61bd87e3a544b53de63d4a85a51acbb0d64b5ad6e6e2ba8aa8ab938	calibration
dominant_to_evaluation	confirmatory::Q9SX52	negative	369890e1b4fdd3f4d633bc750ce4706bc6a1c2d11deb58e010bd3f44230852d0	calibration
dominant_to_evaluation	confirmatory::Q9SZD4	negative	23d5a3bd524d30d0ed03bfe373885d5527e4035c98c411d13a9667a063013c6e	evaluation
dominant_to_evaluation	confirmatory::Q9SZV5	negative	0d9f327b1073890bfb36e5ee168a06ee2714bac452b116df3ae13f3e08179c5f	evaluation
dominant_to_evaluation	confirmatory::Q9SZY2	negative	0d9f327b1073890bfb36e5ee168a06ee2714bac452b116df3ae13f3e08179c5f	evaluation
dominant_to_evaluation	confirmatory::Q9TQY7	negative	2ca3559869bf73bf1369b0778046227fe36990704ef03e92e809601ac40ebe65	calibration
dominant_to_evaluation	confirmatory::Q9TR93	negative	55927c04e923f511084010cf0858f6d88c365ae75b99c08d7e94a4aea9cd3a91	calibration
dominant_to_evaluation	confirmatory::Q9TRM8	negative	780632a2b78e928a1a0233a9237a2deb499859d4cb703b9b85c05b6bf0ae4e2d	evaluation
dominant_to_evaluation	confirmatory::Q9TSZ0	negative	34f3ebf727ba6962d09c497f53fa9a083064002a8920c85a4d004e89f0a534ef	evaluation
dominant_to_evaluation	confirmatory::Q9TT35	negative	a5ebffc2e2dbb22bd5322e5b7f495ec0102e8dba67dfdb8b96b9aa84fa7da6f3	evaluation
dominant_to_evaluation	confirmatory::Q9TT36	negative	a5ebffc2e2dbb22bd5322e5b7f495ec0102e8dba67dfdb8b96b9aa84fa7da6f3	evaluation
dominant_to_evaluation	confirmatory::Q9TT92	negative	b1423ee9b957bb86533c097a80d4fb634274a83d1747b602650345795525d6b6	evaluation
dominant_to_evaluation	confirmatory::Q9TTK7	negative	55ddb3dd17da1cb3ae6ed5aa5ab62a50e2f5afdd8477f9c0f808349986102bb6	evaluation
dominant_to_evaluation	confirmatory::Q9TUQ3	negative	ba4d2614b5e550635440f4c6525e8134022aee773ce7679090791bd84dd97e71	evaluation
dominant_to_evaluation	confirmatory::Q9U1G6	negative	34b41219611ac71b39f94001659d257ef301dc42fb86d0ab1b2396d000b25f11	calibration
dominant_to_evaluation	confirmatory::Q9U5P1	negative	34b41219611ac71b39f94001659d257ef301dc42fb86d0ab1b2396d000b25f11	calibration
dominant_to_evaluation	confirmatory::Q9U8W7	negative	450882407bb31af420e3fb498b86045252de225bcb0bc544cb192820b36d6e90	calibration
dominant_to_evaluation	confirmatory::Q9U8W8	negative	450882407bb31af420e3fb498b86045252de225bcb0bc544cb192820b36d6e90	calibration
dominant_to_evaluation	confirmatory::Q9UAS2	negative	34b41219611ac71b39f94001659d257ef301dc42fb86d0ab1b2396d000b25f11	calibration
dominant_to_evaluation	confirmatory::Q9UAY4	negative	bd77a94d6f7bd336f5f75129f2f325ac5fb84bd5f6d30ac29dcd849ddde97e20	evaluation
dominant_to_evaluation	confirmatory::Q9UBP0	negative	9be8126a2dbfcd7513074efb8f97e42b52a270b713971328a72dcad11b7a1f84	calibration
dominant_to_evaluation	confirmatory::Q9UGM5	negative	28ee663204ab31f06bda00313c901a495a49edfb3c6d5deedae5a5fe98c8fa7f	calibration
dominant_to_evaluation	confirmatory::Q9UI38	negative	9c0bfed7396b8bfee705c398ac5c457437d5940f8711042967bd253553c525a7	calibration
dominant_to_evaluation	confirmatory::Q9UK73	negative	985193d7f0646ab5a63192350c4470719b706bcc5f16b43f74211a4adfe4c1c1	calibration
dominant_to_evaluation	confirmatory::Q9UL62	negative	0fe83d4abf1ce610ad84586dd4d5c46c21bd9db4885afb3ef6d6ab2b95befab2	evaluation
dominant_to_evaluation	confirmatory::Q9ULZ9	negative	24063adf61b47696a5084aad279fba23bd2d452cb3a4e2a3d0222f5c61a60eb3	calibration
dominant_to_evaluation	confirmatory::Q9UMR7	negative	0abf7fc04094851e216e9a013b3897849df61ac3d763c6f6cd1c3c34b9d203dd	calibration
dominant_to_evaluation	confirmatory::Q9UN37	negative	12099ebff3efead5c06a18a835e5239edabab4ca79c6c9ba0c916ef443726217	evaluation
dominant_to_evaluation	confirmatory::Q9UNA0	negative	b1423ee9b957bb86533c097a80d4fb634274a83d1747b602650345795525d6b6	evaluation
dominant_to_evaluation	confirmatory::Q9UP79	negative	b1423ee9b957bb86533c097a80d4fb634274a83d1747b602650345795525d6b6	evaluation
dominant_to_evaluation	confirmatory::Q9UQ90	negative	b587bef3e5d94148fb6edeb8462e56d2a1573d0e113db913c44f4bfefa67c9fa	evaluation
dominant_to_evaluation	confirmatory::Q9URR2	negative	1bb7a69c5ac8dff09d9743d7de36e3db00db59e8de64893c6df4fc99ac9601d3	calibration
dominant_to_evaluation	confirmatory::Q9US39	negative	99826a93eedea1a45a5d495eab9ed0a21ea0e15fafdc3d7f1f1eb517e091053e	calibration
dominant_to_evaluation	confirmatory::Q9UTS0	negative	1bb7a69c5ac8dff09d9743d7de36e3db00db59e8de64893c6df4fc99ac9601d3	calibration
dominant_to_evaluation	confirmatory::Q9UVN9	negative	ae06a79fb0a3df6b735edf0b452366dd6bef01d4d1be6595c830072b310a4059	calibration
dominant_to_evaluation	confirmatory::Q9VBC7	negative	da1f730a80c0f0ed1f9303734404705fa18285380f99e8c78185dd847cf60b39	evaluation
dominant_to_evaluation	confirmatory::Q9VDC6	negative	29a79690eced4461016836ce36c14c380b0c4c5e3dcafb70f5238755407be04c	evaluation
dominant_to_evaluation	confirmatory::Q9VER6	negative	ed8472e7b66948f352b10e4fe5ee83175c8b16b12ad209c387c4052cf60aa0e4	evaluation
dominant_to_evaluation	confirmatory::Q9VFC2	negative	d4b8fd03a3caaecd44d5b548daa02c315b9633db3506830623271b9a37653456	calibration
dominant_to_evaluation	confirmatory::Q9VFD5	negative	985193d7f0646ab5a63192350c4470719b706bcc5f16b43f74211a4adfe4c1c1	calibration
dominant_to_evaluation	confirmatory::Q9VLR9	negative	c95ef386e0d3ba468fdb2900eacedffdfe47c9718cfd81d7f547bcab79cd73cf	calibration
dominant_to_evaluation	confirmatory::Q9VLU4	negative	f330839f58fd73fe0783c152a7acffc5f1c2277fea26b8223decb4f40e4ad4d3	calibration
dominant_to_evaluation	confirmatory::Q9VQN8	negative	12099ebff3efead5c06a18a835e5239edabab4ca79c6c9ba0c916ef443726217	evaluation
dominant_to_evaluation	confirmatory::Q9VT50	negative	82ba2784f1f8c5c50742e13d650c40e1693ecd41f5e2dbe7f1afccb645a66a72	calibration
dominant_to_evaluation	confirmatory::Q9VT51	negative	ca573413688f7f22f8384d8650e5a962f74f1df790e1fdb0e11b46e9a74790c4	evaluation
dominant_to_evaluation	confirmatory::Q9VT53	negative	82ba2784f1f8c5c50742e13d650c40e1693ecd41f5e2dbe7f1afccb645a66a72	calibration
dominant_to_evaluation	confirmatory::Q9VTZ5	negative	b5e03c01fa8ec788c62418b308c35377fee931c14cd5cf80a972b831ec1b8f8d	calibration
dominant_to_evaluation	confirmatory::Q9VUW9	negative	e8f19abe601762091b366d25b70ea3fb93cb89ef883d201899904e677c86728a	calibration
dominant_to_evaluation	confirmatory::Q9VVA0	negative	965a28ce6794582deb557b301722618399b973a62483b6546d6e5463da70c130	evaluation
dominant_to_evaluation	confirmatory::Q9VVW1	negative	c4a7ef96e697535ffb4e61c26017d3cee60794b0ad02ed495d068a1fb745b397	evaluation
dominant_to_evaluation	confirmatory::Q9VXF1	negative	80188e9791182b3a7d2f79c0e2ed86136b48ed6a049411d036b36313dbd8bbd5	calibration
dominant_to_evaluation	confirmatory::Q9W6K1	negative	ae06a79fb0a3df6b735edf0b452366dd6bef01d4d1be6595c830072b310a4059	calibration
dominant_to_evaluation	confirmatory::Q9W770	negative	ba85e063659590c5598badecc804b13408c0b5ad0ce54fdcaa07150c828d2cc2	calibration
dominant_to_evaluation	confirmatory::Q9W7C5	negative	e41d009e5cb7f58c790b0ca9602f9e786b86e33e1a576f001d4c24b1e5f1e2d5	calibration
dominant_to_evaluation	confirmatory::Q9W7R2	negative	2ca3559869bf73bf1369b0778046227fe36990704ef03e92e809601ac40ebe65	calibration
dominant_to_evaluation	confirmatory::Q9WTR0	negative	24063adf61b47696a5084aad279fba23bd2d452cb3a4e2a3d0222f5c61a60eb3	calibration
dominant_to_evaluation	confirmatory::Q9WUK0	negative	82ba2784f1f8c5c50742e13d650c40e1693ecd41f5e2dbe7f1afccb645a66a72	calibration
dominant_to_evaluation	confirmatory::Q9WUK4	negative	694df2b5849b10ec08101ea2af6560538999a3c675f58d38bdfa8b4f58b573a3	calibration
dominant_to_evaluation	confirmatory::Q9WV41	negative	e3d45e64298da494ce1729e091f7704f230fdab1891a1bae892fd5f81478f670	evaluation
dominant_to_evaluation	confirmatory::Q9WV72	negative	6e124a97994b630295fc8aac92534f1541b5be2cb0fc2e30fc59c29a8b865cfe	evaluation
dominant_to_evaluation	confirmatory::Q9WV74	negative	272b4bd3eb71f451bf127018598903891a62c360637f8e23b1c0d381a22735c1	evaluation
dominant_to_evaluation	confirmatory::Q9WV86	negative	794a155dc5d6a4333e7c3f64f71a96bc7d6cff28650fa8bcc5d70a3932053113	calibration
dominant_to_evaluation	confirmatory::Q9WVG5	negative	82e1c2f759ec8bf899994b4553b7d3cc20a8d7c5d625a051f6b6104ee4a7005f	evaluation
dominant_to_evaluation	confirmatory::Q9WVH6	negative	450882407bb31af420e3fb498b86045252de225bcb0bc544cb192820b36d6e90	calibration
dominant_to_evaluation	confirmatory::Q9WZ49	negative	eeea9a44f3b92c0b64cfbc666ec4383718f1a51caad80d42dff39a6daf58eb04	evaluation
dominant_to_evaluation	confirmatory::Q9XFS7	negative	86cc21bca61bd87e3a544b53de63d4a85a51acbb0d64b5ad6e6e2ba8aa8ab938	calibration
dominant_to_evaluation	confirmatory::Q9XGM2	negative	ae06a79fb0a3df6b735edf0b452366dd6bef01d4d1be6595c830072b310a4059	calibration
dominant_to_evaluation	confirmatory::Q9XHP1	negative	8f20d0c6980ead1e360a848d002432fd7be75037bb37add933645c20185679c7	calibration
dominant_to_evaluation	confirmatory::Q9XS65	negative	fff12e77db30d8d5054c219a61e7eadca02694fd845a38e729300f128215237b	evaluation
dominant_to_evaluation	confirmatory::Q9XSZ5	negative	24063adf61b47696a5084aad279fba23bd2d452cb3a4e2a3d0222f5c61a60eb3	calibration
dominant_to_evaluation	confirmatory::Q9XTA8	negative	55ddb3dd17da1cb3ae6ed5aa5ab62a50e2f5afdd8477f9c0f808349986102bb6	evaluation
dominant_to_evaluation	confirmatory::Q9XTG1	negative	fb474f48b675ad20dbfd46b462690d01732fc16290163fa8f762225aa7f992e4	calibration
dominant_to_evaluation	confirmatory::Q9XW79	negative	369890e1b4fdd3f4d633bc750ce4706bc6a1c2d11deb58e010bd3f44230852d0	calibration
dominant_to_evaluation	confirmatory::Q9Y0B7	negative	369890e1b4fdd3f4d633bc750ce4706bc6a1c2d11deb58e010bd3f44230852d0	calibration
dominant_to_evaluation	confirmatory::Q9Y240	negative	a134fb2184700f02c8a5ecc9f7c0b542e3a7daa6387f1fecb93ca9df5aabd420	evaluation
dominant_to_evaluation	confirmatory::Q9Y264	negative	450882407bb31af420e3fb498b86045252de225bcb0bc544cb192820b36d6e90	calibration
dominant_to_evaluation	confirmatory::Q9Y276	negative	c66d9b138209a0064eeedcb22bf43674ef45066b48a22d62213f5f8c58677ce4	evaluation
dominant_to_evaluation	confirmatory::Q9Y2G4	negative	55bd881647d7a449fc35b49ce52ba4f2dd86ad0d16680e9ef81cf2f148de50e6	calibration
dominant_to_evaluation	confirmatory::Q9Y2V2	negative	49e0bd839bb65df30e513a28e2c6701659e7b54bbf207886093864c59420f7a3	calibration
dominant_to_evaluation	confirmatory::Q9Y2Y8	negative	c9605184d2ac60712053781acb9550f62a513027605873cf8aac9c77211123de	calibration
dominant_to_evaluation	confirmatory::Q9Y4W6	negative	583013e8e1e3f251647e55dd2b6aecaf7abf80b61775aa3433410c90a8c4b301	evaluation
dominant_to_evaluation	confirmatory::Q9Y534	negative	49e0bd839bb65df30e513a28e2c6701659e7b54bbf207886093864c59420f7a3	calibration
dominant_to_evaluation	confirmatory::Q9Y575	negative	6e124a97994b630295fc8aac92534f1541b5be2cb0fc2e30fc59c29a8b865cfe	evaluation
dominant_to_evaluation	confirmatory::Q9Y581	negative	e3d45e64298da494ce1729e091f7704f230fdab1891a1bae892fd5f81478f670	evaluation
dominant_to_evaluation	confirmatory::Q9Y5Q6	negative	f31157ce31d0ea78e44180490f60aee1f7d653cda777a6f9f25fd735279904c3	evaluation
dominant_to_evaluation	confirmatory::Q9Y5R2	negative	24063adf61b47696a5084aad279fba23bd2d452cb3a4e2a3d0222f5c61a60eb3	calibration
dominant_to_evaluation	confirmatory::Q9Y6Z7	negative	87d425c65ac584d5e4c581986c739f7692b2578e446bf382551a86cc21557ecd	evaluation
dominant_to_evaluation	confirmatory::Q9Y749	negative	1bb7a69c5ac8dff09d9743d7de36e3db00db59e8de64893c6df4fc99ac9601d3	calibration
dominant_to_evaluation	confirmatory::Q9Y755	negative	1bb7a69c5ac8dff09d9743d7de36e3db00db59e8de64893c6df4fc99ac9601d3	calibration
dominant_to_evaluation	confirmatory::Q9Y778	negative	1bb7a69c5ac8dff09d9743d7de36e3db00db59e8de64893c6df4fc99ac9601d3	calibration
dominant_to_evaluation	confirmatory::Q9YGH2	negative	cd44ecfb0231fbe25976a913c1248001f954c4063e308617e008c4b65e1d218b	calibration
dominant_to_evaluation	confirmatory::Q9YGK3	negative	cd44ecfb0231fbe25976a913c1248001f954c4063e308617e008c4b65e1d218b	calibration
dominant_to_evaluation	confirmatory::Q9Z0H6	negative	2c14df6328ed08d651ce5cff3d704d82078c6ad2a943af69e7875773d0d905c0	calibration
dominant_to_evaluation	confirmatory::Q9Z0K7	negative	220de76dbf9957cd7765cab42dda7d8de8c165964ba2c496e622a8e2982d99fb	calibration
dominant_to_evaluation	confirmatory::Q9Z0M5	negative	d291e2f780ccae734f1044ab8a8bdd51fabac2c2899aa59af35fb22c772d8b01	evaluation
dominant_to_evaluation	confirmatory::Q9Z132	negative	ab597ae36a75a822accee80a7fb8c5a108627e8b04e82116dbb8e9763f8fcc1a	evaluation
dominant_to_evaluation	confirmatory::Q9Z1I7	negative	f92a8e542977ec3d6dc95e8a0bde11a3a1290134ed49574133ebe628e0201670	evaluation
dominant_to_evaluation	confirmatory::Q9Z1N2	negative	72cb9fee1f9973e32bfa12f20c8173839167e61b5269a4617fc576f7404699c4	calibration
dominant_to_evaluation	confirmatory::Q9Z1P8	negative	450882407bb31af420e3fb498b86045252de225bcb0bc544cb192820b36d6e90	calibration
dominant_to_evaluation	confirmatory::Q9Z1Q2	negative	19e73a82bf4cb2521cfe2b344a15acf1f9bc96fc692b16e9e3b365f8c7af5ab6	calibration
dominant_to_evaluation	confirmatory::Q9Z1T2	negative	8f558a4eee23f79ecfac992febeb596d06db9acfae871d6a401f21d1c4f22bd5	calibration
dominant_to_evaluation	confirmatory::Q9Z205	negative	a02247f20abea7bec5768325bf12ee1c76fa45207989f0178a55e6c2b53e8f3e	calibration
dominant_to_evaluation	confirmatory::Q9Z2F6	negative	f3f20b6381602f1fa9d38f08b644cca24a343b2bae0205e1726918da57ad14fe	calibration
dominant_to_evaluation	confirmatory::Q9Z2G0	negative	985193d7f0646ab5a63192350c4470719b706bcc5f16b43f74211a4adfe4c1c1	calibration
dominant_to_evaluation	confirmatory::Q9Z2G1	negative	985193d7f0646ab5a63192350c4470719b706bcc5f16b43f74211a4adfe4c1c1	calibration
dominant_to_evaluation	confirmatory::Q9Z2X2	negative	c41d4630e15f544ec84135758669bfdc604402cb0e775eafe26b38f9a53a251e	calibration
dominant_to_evaluation	confirmatory::Q9Z2X3	negative	c41d4630e15f544ec84135758669bfdc604402cb0e775eafe26b38f9a53a251e	calibration
dominant_to_evaluation	confirmatory::Q9Z395	negative	ea060f244e352de2544b388f1abc1899258898681ff665dbf7303805cc505276	evaluation
dominant_to_evaluation	confirmatory::Q9Z3Q2	negative	2685ac5e9c3442645f03a65b92530e7060d9cfb234238234c495a0a95d5a3e40	calibration
dominant_to_evaluation	confirmatory::Q9ZCP9	negative	623f3f0445ba3d68f7f0b01360d57379b68a4bd25c5f902822b41b66dfcdfc89	calibration
dominant_to_evaluation	confirmatory::Q9ZFH0	negative	0f687ef291d0d4dfc3659ed1ef95ae61e3dd8c03d2840a583d3e0f0c06e7cc33	evaluation
dominant_to_evaluation	confirmatory::Q9ZNS4	negative	80265ba0cf707cc2b9ab56977abaa12643a893bd6a9a455337c6c3dedf45bd7a	calibration
dominant_to_evaluation	confirmatory::Q9ZNT0	negative	12099ebff3efead5c06a18a835e5239edabab4ca79c6c9ba0c916ef443726217	evaluation
dominant_to_evaluation	confirmatory::Q9ZPW9	negative	86cc21bca61bd87e3a544b53de63d4a85a51acbb0d64b5ad6e6e2ba8aa8ab938	calibration
dominant_to_evaluation	confirmatory::Q9ZQR6	negative	75a4d4983b92c6f2d61f0da10de61a0b3695ceb2866193fa2677419ef8d5e03a	evaluation
dominant_to_evaluation	confirmatory::Q9ZSB0	negative	0d9f327b1073890bfb36e5ee168a06ee2714bac452b116df3ae13f3e08179c5f	evaluation
dominant_to_evaluation	confirmatory::Q9ZSB1	negative	0d9f327b1073890bfb36e5ee168a06ee2714bac452b116df3ae13f3e08179c5f	evaluation
dominant_to_evaluation	confirmatory::Q9ZUF6	negative	0d9f327b1073890bfb36e5ee168a06ee2714bac452b116df3ae13f3e08179c5f	evaluation
dominant_to_evaluation	confirmatory::Q9ZUJ5	negative	d017fd0721e73202cadd9ae3298bfac8bb3fb75187118a3bf8c61e4be5e4e8e8	evaluation
dominant_to_evaluation	confirmatory::Q9ZUK6	negative	34efdb7da6465528647a3456cde08984bda0ce26aa0261df4c8efe316d3e0938	calibration
dominant_to_evaluation	confirmatory::Q9ZW09	negative	067ae74d42b596cec7582bf029fe09ab77e540f889181e76f7318d4806994969	evaluation
dominant_to_evaluation	confirmatory::R4IR27	negative	1bb7a69c5ac8dff09d9743d7de36e3db00db59e8de64893c6df4fc99ac9601d3	calibration
dominant_to_evaluation	confirmatory::S0DPL8	negative	0d3efe270b38b530a1b72e2e4e69ea9b829387d3d6778c12943eccd15f5b2def	evaluation
dominant_to_evaluation	confirmatory::S2L5R8	negative	dccb74d38eb5e7a9f23fe80d041bb156f74f05b1c460fdc8136e9dbd7d77d278	evaluation
dominant_to_evaluation	confirmatory::S5ZYD3	negative	f92a8e542977ec3d6dc95e8a0bde11a3a1290134ed49574133ebe628e0201670	evaluation
dominant_to_evaluation	confirmatory::U5L3M6	positive	d46d6fbf41b0e72265c3353d263b9e5cf09d121ed28bedc72646a2b1f3f2b582	evaluation
dominant_to_evaluation	confirmatory::V5H924	negative	121c706e5f753d5a8d0d9bea281aff274d1814d3807067d9449e0c68886fc649	evaluation
dominant_to_evaluation	confirmatory::W0IWL0	negative	4b9e7bea9ce8ee8ae94698ef8499017333c8e1e95a44680dba3be60d8618dc01	evaluation
dominant_to_evaluation	confirmatory::W0T4A7	negative	ba1e0fac2515a9031daa16567997afddc289a2ecb8756ffc8f0e1753d392ede6	evaluation
dominant_to_evaluation	confirmatory::W4VRX8	positive	c27f5bf6c68711954b94a2be97ec72ba8cc36be02f73a0ca295afc21dc6d2b9d	evaluation
dominant_to_evaluation	confirmatory::W7K9M0	negative	8e5a796ba82885cd75cc418837f05303b492fb3ec6b59865c2d21255824472b0	evaluation
dominant_to_evaluation	confirmatory::W7MSI0	negative	3acb906c96b692236616cc3009c653767c3b556c5dfb67aabe445edfa7a5e8f5	evaluation
