protein_id	sequence_cluster_sha256
confirmatory::A0A044RE18	da1f730a80c0f0ed1f9303734404705fa18285380f99e8c78185dd847cf60b39
confirmatory::A0A061B0Q2	ba1e0fac2515a9031daa16567997afddc289a2ecb8756ffc8f0e1753d392ede6
confirmatory::A0A072TH68	dab6f722b5cc93168bb39042302381bb8a3d9776198eb56cf1b8fdc6cdf20f05
confirmatory::A0A075TXZ3	cac9af42f4ae57301027c1e2f4a3d46f2a687f8604d3ddb177f190c2303fa392
confirmatory::A0A096LNW5	2e15cb2fc2f0449dac82dac687f594e94ca3244b833b3121d2dcc58df8ed7387
confirmatory::A0A0A2JH00	45391203f69cfd002b717d02df6e970658a4171efe8351e0782c654e0f05ed6f
confirmatory::A0A0A2JT36	45391203f69cfd002b717d02df6e970658a4171efe8351e0782c654e0f05ed6f
confirmatory::A0A0B4JDK1	86cc21bca61bd87e3a544b53de63d4a85a51acbb0d64b5ad6e6e2ba8aa8ab938
confirmatory::A0A0D2H023	22ee75680ec597ef719d4a4b357195095a11165b38d50162b311687143b0223e
confirmatory::A0A0E4AET8	d1c6ab564afa4059f4195e330c3f3d2fa72e6c258ca03ccbdb0ec294d4b10bcb
confirmatory::A0A0F7YZI5	e93bfb070a0802e94c547344247f4964e6fd44618a06c0c809d9cbfddc5cd6da
confirmatory::A0A0I9QGZ7	dccb74d38eb5e7a9f23fe80d041bb156f74f05b1c460fdc8136e9dbd7d77d278
confirmatory::A0A0I9RJ56	dccb74d38eb5e7a9f23fe80d041bb156f74f05b1c460fdc8136e9dbd7d77d278
confirmatory::A0A0K0IP23	98d6cf72f6d5b7f41f1c4f063a5ce9beb6b615ee41b29866dc83cd515ac4e363
confirmatory::A0A0K1YW63	2d720c3aac33acdaccc9c4017a02d0344d387bbc4e7835c5e5ed0d871bb8a00b
confirmatory::A0A0K3AVY3	9a3dfb845640fb89c5b0d5f56ba2397ead313b9180f78d550b63f8ae3d945428
confirmatory::A0A0M3R8G2	0d9f327b1073890bfb36e5ee168a06ee2714bac452b116df3ae13f3e08179c5f
confirmatory::A0A0N9E2K8	d498470a61783f09b7f843ca3a7c66a02ba48e4ab1c44629ca47394b33753185
confirmatory::A0A0P0VIP0	067ae74d42b596cec7582bf029fe09ab77e540f889181e76f7318d4806994969
confirmatory::A0A0U5CNN8	4f3e7856e47d9bb542145dc2a6ac9f77098057b26e31a347d114b7dccfdaf3b3
confirmatory::A0A126P745	a170194adc194fb21dffdc55783bb09f3b3984b17ca9a09b6dd03fc1a8ba388e
confirmatory::A0A158V755	86cc21bca61bd87e3a544b53de63d4a85a51acbb0d64b5ad6e6e2ba8aa8ab938
confirmatory::A0A158V976	86cc21bca61bd87e3a544b53de63d4a85a51acbb0d64b5ad6e6e2ba8aa8ab938
confirmatory::A0A1D5PXA5	36dec6c60a72d94ff56ec694716245de514abc69b61f3fd1ef27385953643515
confirmatory::A0A1E3P8S6	ba1e0fac2515a9031daa16567997afddc289a2ecb8756ffc8f0e1753d392ede6
confirmatory::A0A1E4S2P1	ba1e0fac2515a9031daa16567997afddc289a2ecb8756ffc8f0e1753d392ede6
confirmatory::A0A1E5RIW9	ba1e0fac2515a9031daa16567997afddc289a2ecb8756ffc8f0e1753d392ede6
confirmatory::A0A1E5RUL9	ba1e0fac2515a9031daa16567997afddc289a2ecb8756ffc8f0e1753d392ede6
confirmatory::A0A1L3THR9	fb3d9086710c22eb209777dc02506bc21ad102b35c0a2d4e54e73b021c9991f7
confirmatory::A0A1S3PBB7	861c7bcca3b8e4eac72e806dcba31d4da272a93974766e37a2e06b5a5e8d1869
confirmatory::A0A1S4F1Z7	e90927628f28bf77ba4977999703a0f5283aaa54bf12a102fc3818af0ee241a5
confirmatory::A0A1S4GMJ4	538100a2a1035347bf44b432a07387dc6637e6ab335f44695bb5bbc5148ac479
confirmatory::A0A1S4HE51	ce0952874a21fefcb6219706cce3470c734918213868557bb54cb03287194e10
confirmatory::A0A1S6EK91	4b9e7bea9ce8ee8ae94698ef8499017333c8e1e95a44680dba3be60d8618dc01
confirmatory::A0A1S6EK92	4b9e7bea9ce8ee8ae94698ef8499017333c8e1e95a44680dba3be60d8618dc01
confirmatory::A0A242M8J4	3abf5d0ff854c33c119f633ea527daaf78080a9c4a745c849bf46258c9516dec
confirmatory::A0A2J6KL39	86cc21bca61bd87e3a544b53de63d4a85a51acbb0d64b5ad6e6e2ba8aa8ab938
confirmatory::A0A2Z4HPY5	dccb74d38eb5e7a9f23fe80d041bb156f74f05b1c460fdc8136e9dbd7d77d278
confirmatory::A0A336U965	68b086e1206e04b9d4020408698d20579108d59d5796bf61d6e1fb82e8c7330f
confirmatory::A0A3S6I186	121c706e5f753d5a8d0d9bea281aff274d1814d3807067d9449e0c68886fc649
confirmatory::A0A3Z7J6R4	511b95d616797d2a6feb00c8ea7abcbec22a30e90f2c2241fa41302d8c6d5309
confirmatory::A0A423VWI2	c9b862c03e66abf0945b87e64b8113dab142c3035342040a10f2769bfcaf3908
confirmatory::A0A437AFK1	cbc703c880fe3d6ff9294b5af3500fbb8cffd2583950cd21b3bc05eb25a524ed
confirmatory::A0A443HK52	d1c6ab564afa4059f4195e330c3f3d2fa72e6c258ca03ccbdb0ec294d4b10bcb
confirmatory::A0A482AQK7	59facbb027d698778c6cd2b08debdae5f0dff0f5b1d9ba18939faffc29708e2f
confirmatory::A0A482ARP7	defdeab2b5f8936167a85efb78490e229fba50039ab852347c38881127c636eb
confirmatory::A0A4Y5X186	eca2afaa73906340c0c0a9bd330726b01050947b6064cda69ae2b585f323140b
confirmatory::A0A509AM03	8e5a796ba82885cd75cc418837f05303b492fb3ec6b59865c2d21255824472b0
confirmatory::A0A509AQU3	12aaea425296120a8d7558459805dd38b5e4f4ae891524938b5c0d522e16a38e
confirmatory::A0A509AST0	8927deb3d36b81872f02f6f2fa6723ab07c6e1431a67fe41e943be1849602b11
confirmatory::A0A5C1J0Z8	121c706e5f753d5a8d0d9bea281aff274d1814d3807067d9449e0c68886fc649
confirmatory::A0A6B9KZ52	c8f7d07bfe3a8ead90fadb393da616d778b0eaef18212490445c69e998b1cb24
confirmatory::A0A6B9L8T7	c8f7d07bfe3a8ead90fadb393da616d778b0eaef18212490445c69e998b1cb24
confirmatory::A0A6F8RQ06	4f3e7856e47d9bb542145dc2a6ac9f77098057b26e31a347d114b7dccfdaf3b3
confirmatory::A0A7H0DN13	d1c310bf0ba6d0096f9d7112c268048f8ec36ff308e6ee6aed1e927cb41d53a5
confirmatory::A0A7N9VSG0	d8e8950e584547a3cfa7be839a4841964b10c9b394cc52fc1ce81bee4cdf9e59
confirmatory::A0A8I6AGW3	725376337385731c27c04b3295d4b5d7c66d2e8cbf129aaea87ba3f5efc0a84e
confirmatory::A0A8J8	450882407bb31af420e3fb498b86045252de225bcb0bc544cb192820b36d6e90
confirmatory::A0A976SLN7	131230078b8b65b6f716da1e88ee92f02d5dfc31cb20ce4a23171944f4c44180
confirmatory::A0AB36VXQ9	80188e9791182b3a7d2f79c0e2ed86136b48ed6a049411d036b36313dbd8bbd5
confirmatory::A0AT28	86cc21bca61bd87e3a544b53de63d4a85a51acbb0d64b5ad6e6e2ba8aa8ab938
confirmatory::A0AT29	86cc21bca61bd87e3a544b53de63d4a85a51acbb0d64b5ad6e6e2ba8aa8ab938
confirmatory::A0AT30	86cc21bca61bd87e3a544b53de63d4a85a51acbb0d64b5ad6e6e2ba8aa8ab938
confirmatory::A0AT31	86cc21bca61bd87e3a544b53de63d4a85a51acbb0d64b5ad6e6e2ba8aa8ab938
confirmatory::A0AT32	86cc21bca61bd87e3a544b53de63d4a85a51acbb0d64b5ad6e6e2ba8aa8ab938
confirmatory::A0AT33	86cc21bca61bd87e3a544b53de63d4a85a51acbb0d64b5ad6e6e2ba8aa8ab938
confirmatory::A0JRH2	ea060f244e352de2544b388f1abc1899258898681ff665dbf7303805cc505276
confirmatory::A0JRH4	ea060f244e352de2544b388f1abc1899258898681ff665dbf7303805cc505276
confirmatory::A0K576	ea060f244e352de2544b388f1abc1899258898681ff665dbf7303805cc505276
confirmatory::A0K578	ea060f244e352de2544b388f1abc1899258898681ff665dbf7303805cc505276
confirmatory::A0KF11	d52af3aeba16f166910db4a02e939c6bcf3e5ff1879d6147eae4d668380d76f5
confirmatory::A0L6F2	ea060f244e352de2544b388f1abc1899258898681ff665dbf7303805cc505276
confirmatory::A0PSG4	ea060f244e352de2544b388f1abc1899258898681ff665dbf7303805cc505276
confirmatory::A0QLI5	a7af5984ba4c5657a0975457b37cd529e9331f35a3e25151c637c916a173db32
confirmatory::A0QNL1	2bb5876ea0a1d742ad5d709c935d4748a9c391f3ac1aa3a0f0ad6b539cf2d10b
confirmatory::A0QYE0	ea060f244e352de2544b388f1abc1899258898681ff665dbf7303805cc505276
confirmatory::A0QYE2	ea060f244e352de2544b388f1abc1899258898681ff665dbf7303805cc505276
confirmatory::A0ZSK3	844110142195b0ccdbfe2efc6b360f05d6d78cf646bfffc6526a4d3e2c737156
confirmatory::A1AGT6	d52af3aeba16f166910db4a02e939c6bcf3e5ff1879d6147eae4d668380d76f5
confirmatory::A1B1C2	ea060f244e352de2544b388f1abc1899258898681ff665dbf7303805cc505276
confirmatory::A1BN60	cd44ecfb0231fbe25976a913c1248001f954c4063e308617e008c4b65e1d218b
confirmatory::A1BN61	cd44ecfb0231fbe25976a913c1248001f954c4063e308617e008c4b65e1d218b
confirmatory::A1CIA7	1bb7a69c5ac8dff09d9743d7de36e3db00db59e8de64893c6df4fc99ac9601d3
confirmatory::A1JKD7	ea060f244e352de2544b388f1abc1899258898681ff665dbf7303805cc505276
confirmatory::A1KBB4	ea060f244e352de2544b388f1abc1899258898681ff665dbf7303805cc505276
confirmatory::A1KBB7	ea060f244e352de2544b388f1abc1899258898681ff665dbf7303805cc505276
confirmatory::A1KJR2	ea060f244e352de2544b388f1abc1899258898681ff665dbf7303805cc505276
confirmatory::A1KP32	dccb74d38eb5e7a9f23fe80d041bb156f74f05b1c460fdc8136e9dbd7d77d278
confirmatory::A1R1C3	ea060f244e352de2544b388f1abc1899258898681ff665dbf7303805cc505276
confirmatory::A1R1C5	ea060f244e352de2544b388f1abc1899258898681ff665dbf7303805cc505276
confirmatory::A1SYX9	ea060f244e352de2544b388f1abc1899258898681ff665dbf7303805cc505276
confirmatory::A1SYY1	ea060f244e352de2544b388f1abc1899258898681ff665dbf7303805cc505276
confirmatory::A1T9N4	ea060f244e352de2544b388f1abc1899258898681ff665dbf7303805cc505276
confirmatory::A1T9N6	ea060f244e352de2544b388f1abc1899258898681ff665dbf7303805cc505276
confirmatory::A1TSZ3	ea060f244e352de2544b388f1abc1899258898681ff665dbf7303805cc505276
confirmatory::A1TSZ6	ea060f244e352de2544b388f1abc1899258898681ff665dbf7303805cc505276
confirmatory::A1TY14	dccb74d38eb5e7a9f23fe80d041bb156f74f05b1c460fdc8136e9dbd7d77d278
confirmatory::A1U4Z8	ea060f244e352de2544b388f1abc1899258898681ff665dbf7303805cc505276
confirmatory::A1U500	ea060f244e352de2544b388f1abc1899258898681ff665dbf7303805cc505276
confirmatory::A1UGT5	ea060f244e352de2544b388f1abc1899258898681ff665dbf7303805cc505276
confirmatory::A1UGT7	ea060f244e352de2544b388f1abc1899258898681ff665dbf7303805cc505276
confirmatory::A1V1G6	ea060f244e352de2544b388f1abc1899258898681ff665dbf7303805cc505276
confirmatory::A1VKW3	ea060f244e352de2544b388f1abc1899258898681ff665dbf7303805cc505276
confirmatory::A1VKW6	ea060f244e352de2544b388f1abc1899258898681ff665dbf7303805cc505276
confirmatory::A1VUV0	8762b4dd22780fe23714f203220cc300c681de14521ee5b1a75119c4bf2ce030
confirmatory::A1WIM3	ea060f244e352de2544b388f1abc1899258898681ff665dbf7303805cc505276
confirmatory::A1WIM6	ea060f244e352de2544b388f1abc1899258898681ff665dbf7303805cc505276
confirmatory::A2AEP0	f92a8e542977ec3d6dc95e8a0bde11a3a1290134ed49574133ebe628e0201670
confirmatory::A2AJB7	534b45f9acd7ab159049e720dc9aa52305a3927a63e9dbaaa55eae82197a9f92
confirmatory::A2ATD1	5fa57ddd6214726ab33b89d585752101833c823a17d22598572232302a52b8c6
confirmatory::A2AV25	450882407bb31af420e3fb498b86045252de225bcb0bc544cb192820b36d6e90
confirmatory::A2BIM8	ae072172ac565f240e9af5c41bfdfc0174476f5f1bc878f8c5aab26e7d89d267
confirmatory::A2BQW6	ea060f244e352de2544b388f1abc1899258898681ff665dbf7303805cc505276
confirmatory::A2BQW8	ea060f244e352de2544b388f1abc1899258898681ff665dbf7303805cc505276
confirmatory::A2C4S0	ea060f244e352de2544b388f1abc1899258898681ff665dbf7303805cc505276
confirmatory::A2C4S2	ea060f244e352de2544b388f1abc1899258898681ff665dbf7303805cc505276
confirmatory::A2CDZ9	ea060f244e352de2544b388f1abc1899258898681ff665dbf7303805cc505276
confirmatory::A2S996	ea060f244e352de2544b388f1abc1899258898681ff665dbf7303805cc505276
confirmatory::A2S998	ea060f244e352de2544b388f1abc1899258898681ff665dbf7303805cc505276
confirmatory::A2SDJ0	ea060f244e352de2544b388f1abc1899258898681ff665dbf7303805cc505276
confirmatory::A2SDJ2	ea060f244e352de2544b388f1abc1899258898681ff665dbf7303805cc505276
confirmatory::A2VDN5	9be8126a2dbfcd7513074efb8f97e42b52a270b713971328a72dcad11b7a1f84
confirmatory::A2XBN5	6b111aaea1b14ddb814846a85c23e172f370297153b0c3e30d310f7fcbc01eb9
confirmatory::A2XMB2	9e66f92e3f626e738b94300e03df7a1a329731025f17ed2efddc46e081025f75
confirmatory::A2ZAT0	34efdb7da6465528647a3456cde08984bda0ce26aa0261df4c8efe316d3e0938
confirmatory::A2ZVG7	680707c63f2d0908a00fc3e6a2b0744b4e4e8af00160e670b7cb677f0fa3e661
confirmatory::A3C4N5	369890e1b4fdd3f4d633bc750ce4706bc6a1c2d11deb58e010bd3f44230852d0
confirmatory::A3DBX3	b50108bd06e279382f88116b4ac767ee52e992f299c68bd014bf1aba3d146df7
confirmatory::A3DC29	5ae7ac46313d6410621fc3af950e6a9f4505914a5a1db2c5e204ffa85c68587a
confirmatory::A3DCH1	03e3cfd4b22606884345109e72fd5ecae4af91e9704992b7e90c011c34e5b55f
confirmatory::A3DD66	e4e61f8166d6f21bee5ef118ec26a04c00b66e9cff2746fdbef7f26224662abd
confirmatory::A3DDN1	04f292ab479d88e5a13be3518b3ebd4ae45ba937d2d663130bc5393caf1d8ef7
confirmatory::A3DFA0	a00384a0c9fb6ab048e78eb3d60db510d8d313ce9a15dfda96cf700e638435e3
confirmatory::A3DGF8	ea060f244e352de2544b388f1abc1899258898681ff665dbf7303805cc505276
confirmatory::A3DGG0	ea060f244e352de2544b388f1abc1899258898681ff665dbf7303805cc505276
confirmatory::A3DH67	ff0df9e8d06fb39518053d7afe70479e7a1b85bf8cda7237b90893f9c9c35c44
confirmatory::A3M3F0	ea060f244e352de2544b388f1abc1899258898681ff665dbf7303805cc505276
confirmatory::A3MMV0	ea060f244e352de2544b388f1abc1899258898681ff665dbf7303805cc505276
confirmatory::A3MMV2	ea060f244e352de2544b388f1abc1899258898681ff665dbf7303805cc505276
confirmatory::A3N2R4	ea060f244e352de2544b388f1abc1899258898681ff665dbf7303805cc505276
confirmatory::A3N2R6	ea060f244e352de2544b388f1abc1899258898681ff665dbf7303805cc505276
confirmatory::A3NCL5	ea060f244e352de2544b388f1abc1899258898681ff665dbf7303805cc505276
confirmatory::A3NCL7	ea060f244e352de2544b388f1abc1899258898681ff665dbf7303805cc505276
confirmatory::A3NYC7	ea060f244e352de2544b388f1abc1899258898681ff665dbf7303805cc505276
confirmatory::A3PCN9	ea060f244e352de2544b388f1abc1899258898681ff665dbf7303805cc505276
confirmatory::A3PCP1	ea060f244e352de2544b388f1abc1899258898681ff665dbf7303805cc505276
confirmatory::A3PL38	ea060f244e352de2544b388f1abc1899258898681ff665dbf7303805cc505276
confirmatory::A3PL42	ea060f244e352de2544b388f1abc1899258898681ff665dbf7303805cc505276
confirmatory::A3Q0D5	ea060f244e352de2544b388f1abc1899258898681ff665dbf7303805cc505276
confirmatory::A3Q0D7	ea060f244e352de2544b388f1abc1899258898681ff665dbf7303805cc505276
confirmatory::A3UNN4	b4f662e78d142081c046e30e6b0422bf65f9c717c2270f58f27ff66ee054b5ed
confirmatory::A4D7T3	fda4691ac7474afa1416f69875bb1ae70c656582bd0ae9c47990dadde158ccc4
confirmatory::A4FV93	389ad42570c89a23dada5ba64aad3e0bd24cb5b88b1fc4a23e5d29f2508b4cfc
confirmatory::A4JC44	ea060f244e352de2544b388f1abc1899258898681ff665dbf7303805cc505276
confirmatory::A4JIS1	dccb74d38eb5e7a9f23fe80d041bb156f74f05b1c460fdc8136e9dbd7d77d278
confirmatory::A4KWA1	8b82ebf287b833af4d036924547c8249a2374ba8620909e97c73d9f10372ee04
confirmatory::A4KX75	25a58f0daab75bea58f589e32d47a99ffc473c00f064351f9c2f20cf74083148
confirmatory::A4QA21	ea060f244e352de2544b388f1abc1899258898681ff665dbf7303805cc505276
confirmatory::A4SY44	ea060f244e352de2544b388f1abc1899258898681ff665dbf7303805cc505276
confirmatory::A4SY47	ea060f244e352de2544b388f1abc1899258898681ff665dbf7303805cc505276
confirmatory::A4TAD3	ea060f244e352de2544b388f1abc1899258898681ff665dbf7303805cc505276
confirmatory::A4TL32	ea060f244e352de2544b388f1abc1899258898681ff665dbf7303805cc505276
confirmatory::A4TL34	ea060f244e352de2544b388f1abc1899258898681ff665dbf7303805cc505276
confirmatory::A4VQU9	ea060f244e352de2544b388f1abc1899258898681ff665dbf7303805cc505276
confirmatory::A4WEJ3	ea060f244e352de2544b388f1abc1899258898681ff665dbf7303805cc505276
confirmatory::A4WEJ5	ea060f244e352de2544b388f1abc1899258898681ff665dbf7303805cc505276
confirmatory::A4WR72	ea060f244e352de2544b388f1abc1899258898681ff665dbf7303805cc505276
confirmatory::A4WR75	ea060f244e352de2544b388f1abc1899258898681ff665dbf7303805cc505276
confirmatory::A4XMA9	ea060f244e352de2544b388f1abc1899258898681ff665dbf7303805cc505276
confirmatory::A4XQ47	ea060f244e352de2544b388f1abc1899258898681ff665dbf7303805cc505276
confirmatory::A5A6L1	80411b172a57342a9e6ff35099764047f561bf1337df03f29cf013ee3a7b28d0
confirmatory::A5D6U8	bb6ceea07e989d80c137788cdbdfd634ab9becd492e572919974a7e2ecc7bc23
confirmatory::A5FAD1	ea060f244e352de2544b388f1abc1899258898681ff665dbf7303805cc505276
confirmatory::A5FAD3	ea060f244e352de2544b388f1abc1899258898681ff665dbf7303805cc505276
confirmatory::A5FIF5	b2dbf356da71784a430c5516a93d99670b8c6f840b5d517c6b62decf9a358dfa
confirmatory::A5GWV5	ea060f244e352de2544b388f1abc1899258898681ff665dbf7303805cc505276
confirmatory::A5GWV7	ea060f244e352de2544b388f1abc1899258898681ff665dbf7303805cc505276
confirmatory::A5U3L5	ea060f244e352de2544b388f1abc1899258898681ff665dbf7303805cc505276
confirmatory::A5U3L7	ea060f244e352de2544b388f1abc1899258898681ff665dbf7303805cc505276
confirmatory::A5U815	dccb74d38eb5e7a9f23fe80d041bb156f74f05b1c460fdc8136e9dbd7d77d278
confirmatory::A5U9V6	ea060f244e352de2544b388f1abc1899258898681ff665dbf7303805cc505276
confirmatory::A5UH45	ea060f244e352de2544b388f1abc1899258898681ff665dbf7303805cc505276
confirmatory::A5UH46	ea060f244e352de2544b388f1abc1899258898681ff665dbf7303805cc505276
confirmatory::A5W4B6	ea060f244e352de2544b388f1abc1899258898681ff665dbf7303805cc505276
confirmatory::A5W4B8	ea060f244e352de2544b388f1abc1899258898681ff665dbf7303805cc505276
confirmatory::A6H772	369890e1b4fdd3f4d633bc750ce4706bc6a1c2d11deb58e010bd3f44230852d0
confirmatory::A6NFH5	34b41219611ac71b39f94001659d257ef301dc42fb86d0ab1b2396d000b25f11
confirmatory::A6NKQ9	cd44ecfb0231fbe25976a913c1248001f954c4063e308617e008c4b65e1d218b
confirmatory::A6NMB9	725376337385731c27c04b3295d4b5d7c66d2e8cbf129aaea87ba3f5efc0a84e
confirmatory::A6QJC8	ea060f244e352de2544b388f1abc1899258898681ff665dbf7303805cc505276
confirmatory::A6SZ07	ea060f244e352de2544b388f1abc1899258898681ff665dbf7303805cc505276
confirmatory::A6U412	ea060f244e352de2544b388f1abc1899258898681ff665dbf7303805cc505276
confirmatory::A6U414	ea060f244e352de2544b388f1abc1899258898681ff665dbf7303805cc505276
confirmatory::A6UC35	ea060f244e352de2544b388f1abc1899258898681ff665dbf7303805cc505276
confirmatory::A6VCX2	ea060f244e352de2544b388f1abc1899258898681ff665dbf7303805cc505276
confirmatory::A6VTV6	ea060f244e352de2544b388f1abc1899258898681ff665dbf7303805cc505276
confirmatory::A6VTV8	ea060f244e352de2544b388f1abc1899258898681ff665dbf7303805cc505276
confirmatory::A6YLM6	34b41219611ac71b39f94001659d257ef301dc42fb86d0ab1b2396d000b25f11
confirmatory::A7E2S9	3f46fc3f2d1bda80d3ddbb65ad85c43e33e800e5bfecef478730042eb059471a
confirmatory::A7FFN0	ea060f244e352de2544b388f1abc1899258898681ff665dbf7303805cc505276
confirmatory::A7FFN2	ea060f244e352de2544b388f1abc1899258898681ff665dbf7303805cc505276
confirmatory::A7HHN1	ea060f244e352de2544b388f1abc1899258898681ff665dbf7303805cc505276
confirmatory::A7MB89	985193d7f0646ab5a63192350c4470719b706bcc5f16b43f74211a4adfe4c1c1
confirmatory::A7XQ02	4b9e7bea9ce8ee8ae94698ef8499017333c8e1e95a44680dba3be60d8618dc01
confirmatory::A7YN26	d1c6ab564afa4059f4195e330c3f3d2fa72e6c258ca03ccbdb0ec294d4b10bcb
confirmatory::A7YSY2	d8e8950e584547a3cfa7be839a4841964b10c9b394cc52fc1ce81bee4cdf9e59
confirmatory::A7YY53	e1d839f381927b9a2033cd2376ea1dec270868532d82b0db04197ab80478009c
confirmatory::A7Z9N4	ea060f244e352de2544b388f1abc1899258898681ff665dbf7303805cc505276
confirmatory::A8APV0	ea060f244e352de2544b388f1abc1899258898681ff665dbf7303805cc505276
confirmatory::A8ESZ8	ea060f244e352de2544b388f1abc1899258898681ff665dbf7303805cc505276
confirmatory::A8G4K9	ea060f244e352de2544b388f1abc1899258898681ff665dbf7303805cc505276
confirmatory::A8L7B0	ea060f244e352de2544b388f1abc1899258898681ff665dbf7303805cc505276
confirmatory::A8LRS0	ea060f244e352de2544b388f1abc1899258898681ff665dbf7303805cc505276
confirmatory::A8LRS4	ea060f244e352de2544b388f1abc1899258898681ff665dbf7303805cc505276
confirmatory::A8MPR5	6434d3b28036567f428f28fcef247321a9bc87b087d996aee66cc5796a4f9454
confirmatory::A8MUU1	34b41219611ac71b39f94001659d257ef301dc42fb86d0ab1b2396d000b25f11
confirmatory::A8MV23	d4b8fd03a3caaecd44d5b548daa02c315b9633db3506830623271b9a37653456
confirmatory::A8MXQ7	93601b5fbb8fbffca24663bebe2d32b3945126c33a72486b375339579e08811e
confirmatory::A8T644	1bb7a69c5ac8dff09d9743d7de36e3db00db59e8de64893c6df4fc99ac9601d3
confirmatory::A8T662	1bb7a69c5ac8dff09d9743d7de36e3db00db59e8de64893c6df4fc99ac9601d3
confirmatory::A8T666	1bb7a69c5ac8dff09d9743d7de36e3db00db59e8de64893c6df4fc99ac9601d3
confirmatory::A8T677	1bb7a69c5ac8dff09d9743d7de36e3db00db59e8de64893c6df4fc99ac9601d3
confirmatory::A8T682	1bb7a69c5ac8dff09d9743d7de36e3db00db59e8de64893c6df4fc99ac9601d3
confirmatory::A8T688	1bb7a69c5ac8dff09d9743d7de36e3db00db59e8de64893c6df4fc99ac9601d3
confirmatory::A8T6A1	1bb7a69c5ac8dff09d9743d7de36e3db00db59e8de64893c6df4fc99ac9601d3
confirmatory::A8T6A6	1bb7a69c5ac8dff09d9743d7de36e3db00db59e8de64893c6df4fc99ac9601d3
confirmatory::A8WCC4	48fadceb80cfd90014d08e9e8740e497fa640f4924ca1fd8a785996abf5484db
confirmatory::A8X481	91f265ae114fd1fda56a059490083273a069630510a826f09440da81414a14a5
confirmatory::A8XE00	369890e1b4fdd3f4d633bc750ce4706bc6a1c2d11deb58e010bd3f44230852d0
confirmatory::A8Z385	ea060f244e352de2544b388f1abc1899258898681ff665dbf7303805cc505276
confirmatory::A8Z387	ea060f244e352de2544b388f1abc1899258898681ff665dbf7303805cc505276
confirmatory::A9AF70	ea060f244e352de2544b388f1abc1899258898681ff665dbf7303805cc505276
confirmatory::A9AF72	ea060f244e352de2544b388f1abc1899258898681ff665dbf7303805cc505276
confirmatory::A9AZE6	ea060f244e352de2544b388f1abc1899258898681ff665dbf7303805cc505276
confirmatory::A9AZE8	ea060f244e352de2544b388f1abc1899258898681ff665dbf7303805cc505276
confirmatory::A9BJC1	892ba1855928808c3310b3b648ebd941285e5ffc6df4932601755ed99ba9846b
confirmatory::A9BUC4	ea060f244e352de2544b388f1abc1899258898681ff665dbf7303805cc505276
confirmatory::A9BUC7	ea060f244e352de2544b388f1abc1899258898681ff665dbf7303805cc505276
confirmatory::A9GP84	ea060f244e352de2544b388f1abc1899258898681ff665dbf7303805cc505276
confirmatory::A9JQS7	0d9f327b1073890bfb36e5ee168a06ee2714bac452b116df3ae13f3e08179c5f
confirmatory::A9JRC7	369890e1b4fdd3f4d633bc750ce4706bc6a1c2d11deb58e010bd3f44230852d0
confirmatory::A9KJR9	ea060f244e352de2544b388f1abc1899258898681ff665dbf7303805cc505276
confirmatory::A9KJS1	ea060f244e352de2544b388f1abc1899258898681ff665dbf7303805cc505276
confirmatory::A9QY38	0d9f327b1073890bfb36e5ee168a06ee2714bac452b116df3ae13f3e08179c5f
confirmatory::A9QY39	0d9f327b1073890bfb36e5ee168a06ee2714bac452b116df3ae13f3e08179c5f
confirmatory::A9QY40	0d9f327b1073890bfb36e5ee168a06ee2714bac452b116df3ae13f3e08179c5f
confirmatory::A9R3V0	ea060f244e352de2544b388f1abc1899258898681ff665dbf7303805cc505276
confirmatory::B0BRU2	ea060f244e352de2544b388f1abc1899258898681ff665dbf7303805cc505276
confirmatory::B0BRU4	ea060f244e352de2544b388f1abc1899258898681ff665dbf7303805cc505276
confirmatory::B0C791	ea060f244e352de2544b388f1abc1899258898681ff665dbf7303805cc505276
confirmatory::B0JTP1	ea060f244e352de2544b388f1abc1899258898681ff665dbf7303805cc505276
confirmatory::B0KTG9	d999d4ce5d6aefbd88891575834e1853b490d8ad312122160dc2be2883d49de0
confirmatory::B0KUZ7	ea060f244e352de2544b388f1abc1899258898681ff665dbf7303805cc505276
confirmatory::B0KUZ9	ea060f244e352de2544b388f1abc1899258898681ff665dbf7303805cc505276
confirmatory::B0SHJ0	dccb74d38eb5e7a9f23fe80d041bb156f74f05b1c460fdc8136e9dbd7d77d278
confirmatory::B0TT69	ea060f244e352de2544b388f1abc1899258898681ff665dbf7303805cc505276
confirmatory::B0TT71	ea060f244e352de2544b388f1abc1899258898681ff665dbf7303805cc505276
confirmatory::B0V9P7	ea060f244e352de2544b388f1abc1899258898681ff665dbf7303805cc505276
confirmatory::B0VSC2	ea060f244e352de2544b388f1abc1899258898681ff665dbf7303805cc505276
confirmatory::B0XUR7	369890e1b4fdd3f4d633bc750ce4706bc6a1c2d11deb58e010bd3f44230852d0
confirmatory::B0Y473	1bb7a69c5ac8dff09d9743d7de36e3db00db59e8de64893c6df4fc99ac9601d3
confirmatory::B0Y708	1bb7a69c5ac8dff09d9743d7de36e3db00db59e8de64893c6df4fc99ac9601d3
confirmatory::B1AJ73	ea060f244e352de2544b388f1abc1899258898681ff665dbf7303805cc505276
confirmatory::B1AKI9	5fa57ddd6214726ab33b89d585752101833c823a17d22598572232302a52b8c6
confirmatory::B1HZE2	ea060f244e352de2544b388f1abc1899258898681ff665dbf7303805cc505276
confirmatory::B1J813	ea060f244e352de2544b388f1abc1899258898681ff665dbf7303805cc505276
confirmatory::B1J815	ea060f244e352de2544b388f1abc1899258898681ff665dbf7303805cc505276
confirmatory::B1JR69	ea060f244e352de2544b388f1abc1899258898681ff665dbf7303805cc505276
confirmatory::B1JR71	ea060f244e352de2544b388f1abc1899258898681ff665dbf7303805cc505276
confirmatory::B1JX29	ea060f244e352de2544b388f1abc1899258898681ff665dbf7303805cc505276
confirmatory::B1JX31	ea060f244e352de2544b388f1abc1899258898681ff665dbf7303805cc505276
confirmatory::B1MB83	ea060f244e352de2544b388f1abc1899258898681ff665dbf7303805cc505276
confirmatory::B1MB85	ea060f244e352de2544b388f1abc1899258898681ff665dbf7303805cc505276
confirmatory::B1MFK2	ef81fa00400c2b295de867cb432031e24b524dc8f4bc0e2bcda0f1a491074edf
confirmatory::B1VF43	dccb74d38eb5e7a9f23fe80d041bb156f74f05b1c460fdc8136e9dbd7d77d278
confirmatory::B1VHT0	ea060f244e352de2544b388f1abc1899258898681ff665dbf7303805cc505276
confirmatory::B1W5G7	ea060f244e352de2544b388f1abc1899258898681ff665dbf7303805cc505276
confirmatory::B1WBP0	954b55641f50254b0d08cce06f30e91b60b69b65b83254277a852aac2b7ed08a
confirmatory::B1Y3V1	ea060f244e352de2544b388f1abc1899258898681ff665dbf7303805cc505276
confirmatory::B1Y3V4	ea060f244e352de2544b388f1abc1899258898681ff665dbf7303805cc505276
confirmatory::B1YUF9	ea060f244e352de2544b388f1abc1899258898681ff665dbf7303805cc505276
confirmatory::B1YUG1	ea060f244e352de2544b388f1abc1899258898681ff665dbf7303805cc505276
confirmatory::B1ZP06	ea060f244e352de2544b388f1abc1899258898681ff665dbf7303805cc505276
confirmatory::B1ZP08	ea060f244e352de2544b388f1abc1899258898681ff665dbf7303805cc505276
confirmatory::B2AFA8	f6f75f1ef11c7a60fbe46cf5cb540a64c3cc16700e33839307392a206eabf20a
confirmatory::B2GI08	ea060f244e352de2544b388f1abc1899258898681ff665dbf7303805cc505276
confirmatory::B2HDS6	dccb74d38eb5e7a9f23fe80d041bb156f74f05b1c460fdc8136e9dbd7d77d278
confirmatory::B2HIL6	d92fada7feca4c1cde83ce94c6a8fa940bb876766efac09bff27ee9a256a0ac2
confirmatory::B2HSZ2	ea060f244e352de2544b388f1abc1899258898681ff665dbf7303805cc505276
confirmatory::B2I700	dccb74d38eb5e7a9f23fe80d041bb156f74f05b1c460fdc8136e9dbd7d77d278
confirmatory::B2I9H6	d52af3aeba16f166910db4a02e939c6bcf3e5ff1879d6147eae4d668380d76f5
confirmatory::B2IIJ1	ea060f244e352de2544b388f1abc1899258898681ff665dbf7303805cc505276
confirmatory::B2IT64	ea060f244e352de2544b388f1abc1899258898681ff665dbf7303805cc505276
confirmatory::B2IT66	ea060f244e352de2544b388f1abc1899258898681ff665dbf7303805cc505276
confirmatory::B2JF65	ea060f244e352de2544b388f1abc1899258898681ff665dbf7303805cc505276
confirmatory::B2JJW9	dccb74d38eb5e7a9f23fe80d041bb156f74f05b1c460fdc8136e9dbd7d77d278
confirmatory::B2JQW2	8762b4dd22780fe23714f203220cc300c681de14521ee5b1a75119c4bf2ce030
confirmatory::B2KAA4	ea060f244e352de2544b388f1abc1899258898681ff665dbf7303805cc505276
confirmatory::B2KAA6	ea060f244e352de2544b388f1abc1899258898681ff665dbf7303805cc505276
confirmatory::B2KG20	c7ea8d68dac0b154d26ad3eb78f3747b940e34c759e2a9f821325e36850511bd
confirmatory::B2LW77	389ad42570c89a23dada5ba64aad3e0bd24cb5b88b1fc4a23e5d29f2508b4cfc
confirmatory::B2RYN7	9be8126a2dbfcd7513074efb8f97e42b52a270b713971328a72dcad11b7a1f84
confirmatory::B2T0P7	ea060f244e352de2544b388f1abc1899258898681ff665dbf7303805cc505276
confirmatory::B2U7N4	ea060f244e352de2544b388f1abc1899258898681ff665dbf7303805cc505276
confirmatory::B2Z449	e18b4e5fbde76978c2080f2894717f1f991e2dfb87f46a80f37a5cab5ea38ab0
confirmatory::B2Z450	e762a34e2879fb89badf3aefde610ff9d5414dd0791ef2899f47f15931593ae4
confirmatory::B3A0N5	7aca0de60276edd1067cae3f148fd217fae58eff1af8219a34dc8bc7ab203225
confirmatory::B3A0P7	48684bbe881ad87ea1d6f963b8e7eb58b1acea0e2a8ed12c8b455362e1332463
confirmatory::B3A0P8	48684bbe881ad87ea1d6f963b8e7eb58b1acea0e2a8ed12c8b455362e1332463
confirmatory::B3EWQ0	321037ddadfddc3cf849ca6e9269e675f300804c58afc374239914aa91ccef35
confirmatory::B3EWZ8	80265ba0cf707cc2b9ab56977abaa12643a893bd6a9a455337c6c3dedf45bd7a
confirmatory::B3EY83	693191d81dad8633f117940437800dc383ce0e8e12178e775ecd55116c2bb03f
confirmatory::B3H2L3	ea060f244e352de2544b388f1abc1899258898681ff665dbf7303805cc505276
confirmatory::B3H2L5	ea060f244e352de2544b388f1abc1899258898681ff665dbf7303805cc505276
confirmatory::B3M301	9be8126a2dbfcd7513074efb8f97e42b52a270b713971328a72dcad11b7a1f84
confirmatory::B3P8A3	9be8126a2dbfcd7513074efb8f97e42b52a270b713971328a72dcad11b7a1f84
confirmatory::B3PI89	d52af3aeba16f166910db4a02e939c6bcf3e5ff1879d6147eae4d668380d76f5
confirmatory::B3PXB3	ea060f244e352de2544b388f1abc1899258898681ff665dbf7303805cc505276
confirmatory::B3PXB8	ea060f244e352de2544b388f1abc1899258898681ff665dbf7303805cc505276
confirmatory::B3QGK1	ea060f244e352de2544b388f1abc1899258898681ff665dbf7303805cc505276
confirmatory::B3QGK4	ea060f244e352de2544b388f1abc1899258898681ff665dbf7303805cc505276
confirmatory::B3QM89	dccb74d38eb5e7a9f23fe80d041bb156f74f05b1c460fdc8136e9dbd7d77d278
confirmatory::B3R3Z9	ea060f244e352de2544b388f1abc1899258898681ff665dbf7303805cc505276
confirmatory::B4ECC5	ea060f244e352de2544b388f1abc1899258898681ff665dbf7303805cc505276
confirmatory::B4ECC7	ea060f244e352de2544b388f1abc1899258898681ff665dbf7303805cc505276
confirmatory::B4F753	86a5c1bfc5908ede8123b1f6c7156fccf03d9d9b70f3f68acd76dfc146e5b158
confirmatory::B4F785	68767325784b2424d10c6965c0aa59d40c7a925515b48a12df84fb6a033b254f
confirmatory::B4HGG6	9be8126a2dbfcd7513074efb8f97e42b52a270b713971328a72dcad11b7a1f84
confirmatory::B4JII0	9be8126a2dbfcd7513074efb8f97e42b52a270b713971328a72dcad11b7a1f84
confirmatory::B4K799	9be8126a2dbfcd7513074efb8f97e42b52a270b713971328a72dcad11b7a1f84
confirmatory::B4M0H8	9be8126a2dbfcd7513074efb8f97e42b52a270b713971328a72dcad11b7a1f84
confirmatory::B4NBP4	9be8126a2dbfcd7513074efb8f97e42b52a270b713971328a72dcad11b7a1f84
confirmatory::B4PL32	9be8126a2dbfcd7513074efb8f97e42b52a270b713971328a72dcad11b7a1f84
confirmatory::B4QSF0	9be8126a2dbfcd7513074efb8f97e42b52a270b713971328a72dcad11b7a1f84
confirmatory::B4RSX7	ea060f244e352de2544b388f1abc1899258898681ff665dbf7303805cc505276
confirmatory::B4RSX9	ea060f244e352de2544b388f1abc1899258898681ff665dbf7303805cc505276
confirmatory::B4SVL3	d52af3aeba16f166910db4a02e939c6bcf3e5ff1879d6147eae4d668380d76f5
confirmatory::B4TKT6	d52af3aeba16f166910db4a02e939c6bcf3e5ff1879d6147eae4d668380d76f5
confirmatory::B4UFU2	ea060f244e352de2544b388f1abc1899258898681ff665dbf7303805cc505276
confirmatory::B5BHG7	d52af3aeba16f166910db4a02e939c6bcf3e5ff1879d6147eae4d668380d76f5
confirmatory::B5F8M6	d52af3aeba16f166910db4a02e939c6bcf3e5ff1879d6147eae4d668380d76f5
confirmatory::B5FBC6	ea060f244e352de2544b388f1abc1899258898681ff665dbf7303805cc505276
confirmatory::B5FBC8	ea060f244e352de2544b388f1abc1899258898681ff665dbf7303805cc505276
confirmatory::B5FFE9	d52af3aeba16f166910db4a02e939c6bcf3e5ff1879d6147eae4d668380d76f5
confirmatory::B5FJT1	d52af3aeba16f166910db4a02e939c6bcf3e5ff1879d6147eae4d668380d76f5
confirmatory::B5X0G2	ae072172ac565f240e9af5c41bfdfc0174476f5f1bc878f8c5aab26e7d89d267
confirmatory::B5XU27	ea060f244e352de2544b388f1abc1899258898681ff665dbf7303805cc505276
confirmatory::B5XU29	ea060f244e352de2544b388f1abc1899258898681ff665dbf7303805cc505276
confirmatory::B5YUX1	ea060f244e352de2544b388f1abc1899258898681ff665dbf7303805cc505276
confirmatory::B5YUX3	ea060f244e352de2544b388f1abc1899258898681ff665dbf7303805cc505276
confirmatory::B5Z674	ea060f244e352de2544b388f1abc1899258898681ff665dbf7303805cc505276
confirmatory::B5ZBS9	ea060f244e352de2544b388f1abc1899258898681ff665dbf7303805cc505276
confirmatory::B5ZBT1	ea060f244e352de2544b388f1abc1899258898681ff665dbf7303805cc505276
confirmatory::B5ZMP0	ea060f244e352de2544b388f1abc1899258898681ff665dbf7303805cc505276
confirmatory::B5ZMP5	ea060f244e352de2544b388f1abc1899258898681ff665dbf7303805cc505276
confirmatory::B6DDZ5	f97ad28eae229f400791116c97d4d171448024818f215083b031bbfdce3a8807
confirmatory::B6JPH5	ea060f244e352de2544b388f1abc1899258898681ff665dbf7303805cc505276
confirmatory::B6JPH6	ea060f244e352de2544b388f1abc1899258898681ff665dbf7303805cc505276
confirmatory::B6VA84	afc28802fff11b2e2d1ded4ef2f20fb595c131fd12dc5efbd409170424be582b
confirmatory::B6VA85	1bb7a69c5ac8dff09d9743d7de36e3db00db59e8de64893c6df4fc99ac9601d3
confirmatory::B6VA86	afc28802fff11b2e2d1ded4ef2f20fb595c131fd12dc5efbd409170424be582b
confirmatory::B6VA87	1bb7a69c5ac8dff09d9743d7de36e3db00db59e8de64893c6df4fc99ac9601d3
confirmatory::B6YQL8	ea060f244e352de2544b388f1abc1899258898681ff665dbf7303805cc505276
confirmatory::B7GXU5	ea060f244e352de2544b388f1abc1899258898681ff665dbf7303805cc505276
confirmatory::B7J437	dccb74d38eb5e7a9f23fe80d041bb156f74f05b1c460fdc8136e9dbd7d77d278
confirmatory::B7K906	ea060f244e352de2544b388f1abc1899258898681ff665dbf7303805cc505276
confirmatory::B7K912	ea060f244e352de2544b388f1abc1899258898681ff665dbf7303805cc505276
confirmatory::B7NK06	8762b4dd22780fe23714f203220cc300c681de14521ee5b1a75119c4bf2ce030
confirmatory::B7PKZ1	121c706e5f753d5a8d0d9bea281aff274d1814d3807067d9449e0c68886fc649
confirmatory::B7PKZ2	121c706e5f753d5a8d0d9bea281aff274d1814d3807067d9449e0c68886fc649
confirmatory::B7SUM8	34b41219611ac71b39f94001659d257ef301dc42fb86d0ab1b2396d000b25f11
confirmatory::B7V1S8	ea060f244e352de2544b388f1abc1899258898681ff665dbf7303805cc505276
confirmatory::B7X2B6	dccb74d38eb5e7a9f23fe80d041bb156f74f05b1c460fdc8136e9dbd7d77d278
confirmatory::B8BNY7	8162d3f99050925d85bdafbd7b93ef38ee73f2d3c8d2bce3982168d40d8502a2
confirmatory::B8EPU9	ea060f244e352de2544b388f1abc1899258898681ff665dbf7303805cc505276
confirmatory::B8EPV1	ea060f244e352de2544b388f1abc1899258898681ff665dbf7303805cc505276
confirmatory::B8GQ24	ea060f244e352de2544b388f1abc1899258898681ff665dbf7303805cc505276
confirmatory::B8GZZ0	dccb74d38eb5e7a9f23fe80d041bb156f74f05b1c460fdc8136e9dbd7d77d278
confirmatory::B8HA05	ea060f244e352de2544b388f1abc1899258898681ff665dbf7303805cc505276
confirmatory::B8HA07	ea060f244e352de2544b388f1abc1899258898681ff665dbf7303805cc505276
confirmatory::B8HW50	ea060f244e352de2544b388f1abc1899258898681ff665dbf7303805cc505276
confirmatory::B8HW52	ea060f244e352de2544b388f1abc1899258898681ff665dbf7303805cc505276
confirmatory::B8N106	1bb7a69c5ac8dff09d9743d7de36e3db00db59e8de64893c6df4fc99ac9601d3
confirmatory::B8XGQ6	afc28802fff11b2e2d1ded4ef2f20fb595c131fd12dc5efbd409170424be582b
confirmatory::B9DLX8	ea060f244e352de2544b388f1abc1899258898681ff665dbf7303805cc505276
confirmatory::B9DLY0	ea060f244e352de2544b388f1abc1899258898681ff665dbf7303805cc505276
confirmatory::B9J8M3	ea060f244e352de2544b388f1abc1899258898681ff665dbf7303805cc505276
confirmatory::B9J8M6	ea060f244e352de2544b388f1abc1899258898681ff665dbf7303805cc505276
confirmatory::B9JR81	ea060f244e352de2544b388f1abc1899258898681ff665dbf7303805cc505276
confirmatory::B9KK46	ea060f244e352de2544b388f1abc1899258898681ff665dbf7303805cc505276
confirmatory::B9KK51	ea060f244e352de2544b388f1abc1899258898681ff665dbf7303805cc505276
confirmatory::B9LTF0	dccb74d38eb5e7a9f23fe80d041bb156f74f05b1c460fdc8136e9dbd7d77d278
confirmatory::C0HJA4	26f6bbf02e5a0b040a9f541c5af62ae80103c451fc71d712be407dff482d689b
confirmatory::C0HJH5	34efdb7da6465528647a3456cde08984bda0ce26aa0261df4c8efe316d3e0938
confirmatory::C0HJI1	2ca3559869bf73bf1369b0778046227fe36990704ef03e92e809601ac40ebe65
confirmatory::C0HJI2	2ca3559869bf73bf1369b0778046227fe36990704ef03e92e809601ac40ebe65
confirmatory::C0HJI3	2ca3559869bf73bf1369b0778046227fe36990704ef03e92e809601ac40ebe65
confirmatory::C0HJI5	2ca3559869bf73bf1369b0778046227fe36990704ef03e92e809601ac40ebe65
confirmatory::C0HJI6	2ca3559869bf73bf1369b0778046227fe36990704ef03e92e809601ac40ebe65
confirmatory::C0HJI7	2ca3559869bf73bf1369b0778046227fe36990704ef03e92e809601ac40ebe65
confirmatory::C0HJI8	2ca3559869bf73bf1369b0778046227fe36990704ef03e92e809601ac40ebe65
confirmatory::C0HJJ2	0e86e9e3943105f0c02e336cf49e66419fe7933b4a9c56997c7bb8035f3c7a0a
confirmatory::C0HJJ4	0e86e9e3943105f0c02e336cf49e66419fe7933b4a9c56997c7bb8035f3c7a0a
confirmatory::C0HJJ5	0e86e9e3943105f0c02e336cf49e66419fe7933b4a9c56997c7bb8035f3c7a0a
confirmatory::C0HJJ6	0e86e9e3943105f0c02e336cf49e66419fe7933b4a9c56997c7bb8035f3c7a0a
confirmatory::C0HJT9	2ca3559869bf73bf1369b0778046227fe36990704ef03e92e809601ac40ebe65
confirmatory::C0HJU0	2ca3559869bf73bf1369b0778046227fe36990704ef03e92e809601ac40ebe65
confirmatory::C0HKS3	50208ba7185986fdc3fd1b52d79feeb7da9b4c04f65a5deb9f7cc3291aa67f87
confirmatory::C0HKS4	50208ba7185986fdc3fd1b52d79feeb7da9b4c04f65a5deb9f7cc3291aa67f87
confirmatory::C0HL51	4d437597fe96f0ca02b44316a2e4dc1c0ee16d64e2983853aedde79e681a6fea
confirmatory::C0HLB8	322493bf000b98893c568e60234b66bd7ed36d67f240d3d9db7c396a6a12579b
confirmatory::C0HLN1	b7762ce85918a621bc4bf4c4e7657779c885d02f6b53a465f4762637db65c059
confirmatory::C0HLN3	4b9e7bea9ce8ee8ae94698ef8499017333c8e1e95a44680dba3be60d8618dc01
confirmatory::C0HLP9	5041a1e1f60f70f4bccce3b8daeb631454e2f014bb557bfeaccf74d45d44c355
confirmatory::C0HLT8	9a3dfb845640fb89c5b0d5f56ba2397ead313b9180f78d550b63f8ae3d945428
confirmatory::C0HLV3	4b9e7bea9ce8ee8ae94698ef8499017333c8e1e95a44680dba3be60d8618dc01
confirmatory::C0HLV4	4b9e7bea9ce8ee8ae94698ef8499017333c8e1e95a44680dba3be60d8618dc01
confirmatory::C0HLV5	4b9e7bea9ce8ee8ae94698ef8499017333c8e1e95a44680dba3be60d8618dc01
confirmatory::C0HM61	5041a1e1f60f70f4bccce3b8daeb631454e2f014bb557bfeaccf74d45d44c355
confirmatory::C0HMC3	cb3107130b9b0da53a64504abf961cca6a316ff4cf8c11f145d0d1493f7aa03f
confirmatory::C0ITL3	25545dadd80435581e74794c9216eeb66ace8228a86901b5932e62c7acee96bd
confirmatory::C0K3N1	6f3b3b68a202de81e05b7675350bdc2de774360859f5988d06f9a3574931cf41
confirmatory::C0LTL9	29a79690eced4461016836ce36c14c380b0c4c5e3dcafb70f5238755407be04c
confirmatory::C1APC5	ea060f244e352de2544b388f1abc1899258898681ff665dbf7303805cc505276
confirmatory::C1AXZ0	ea060f244e352de2544b388f1abc1899258898681ff665dbf7303805cc505276
confirmatory::C1AXZ2	ea060f244e352de2544b388f1abc1899258898681ff665dbf7303805cc505276
confirmatory::C1D5Z6	ea060f244e352de2544b388f1abc1899258898681ff665dbf7303805cc505276
confirmatory::C1D5Z8	ea060f244e352de2544b388f1abc1899258898681ff665dbf7303805cc505276
confirmatory::C1DNK6	ea060f244e352de2544b388f1abc1899258898681ff665dbf7303805cc505276
confirmatory::C3K5A5	ea060f244e352de2544b388f1abc1899258898681ff665dbf7303805cc505276
confirmatory::C3MGI5	ea060f244e352de2544b388f1abc1899258898681ff665dbf7303805cc505276
confirmatory::C3MGX6	ea060f244e352de2544b388f1abc1899258898681ff665dbf7303805cc505276
confirmatory::C4LF63	ea060f244e352de2544b388f1abc1899258898681ff665dbf7303805cc505276
confirmatory::C4LF65	ea060f244e352de2544b388f1abc1899258898681ff665dbf7303805cc505276
confirmatory::C4LIA9	ea060f244e352de2544b388f1abc1899258898681ff665dbf7303805cc505276
confirmatory::C4M1P9	19e689ad04cac6b600b5035ab88d8f4ab135d9cfc125ef20e7d97778e9942c08
confirmatory::C4N147	34b41219611ac71b39f94001659d257ef301dc42fb86d0ab1b2396d000b25f11
confirmatory::C4XNQ9	dccb74d38eb5e7a9f23fe80d041bb156f74f05b1c460fdc8136e9dbd7d77d278
confirmatory::C5BBR6	ea060f244e352de2544b388f1abc1899258898681ff665dbf7303805cc505276
confirmatory::C5BDC2	ea060f244e352de2544b388f1abc1899258898681ff665dbf7303805cc505276
confirmatory::C5BUN9	ea060f244e352de2544b388f1abc1899258898681ff665dbf7303805cc505276
confirmatory::C5C8U1	ea060f244e352de2544b388f1abc1899258898681ff665dbf7303805cc505276
confirmatory::C5CXZ7	ea060f244e352de2544b388f1abc1899258898681ff665dbf7303805cc505276
confirmatory::C5CY00	ea060f244e352de2544b388f1abc1899258898681ff665dbf7303805cc505276
confirmatory::C5FII2	1bb7a69c5ac8dff09d9743d7de36e3db00db59e8de64893c6df4fc99ac9601d3
confirmatory::C5FMY5	afc28802fff11b2e2d1ded4ef2f20fb595c131fd12dc5efbd409170424be582b
confirmatory::C5FRX4	c8bc632faaa2dd7e9e07420c2893908d6cabe65710e6f1a8676bef0b20dead16
confirmatory::C5FTQ5	c8bc632faaa2dd7e9e07420c2893908d6cabe65710e6f1a8676bef0b20dead16
confirmatory::C5FX37	afc28802fff11b2e2d1ded4ef2f20fb595c131fd12dc5efbd409170424be582b
confirmatory::C5FZ39	afc28802fff11b2e2d1ded4ef2f20fb595c131fd12dc5efbd409170424be582b
confirmatory::C5IAW9	e1b95bb5b2d98418af04cd6abcaee2221a616a7e7b69327abdac2b834eba6f74
confirmatory::C5P4Z8	1bb7a69c5ac8dff09d9743d7de36e3db00db59e8de64893c6df4fc99ac9601d3
confirmatory::C5P6D1	afc28802fff11b2e2d1ded4ef2f20fb595c131fd12dc5efbd409170424be582b
confirmatory::C5P6L5	afc28802fff11b2e2d1ded4ef2f20fb595c131fd12dc5efbd409170424be582b
confirmatory::C7B178	b779739d053c206b3c1f411f59a0de4a4cafad27adafaef3fd7148c37c363a3f
confirmatory::C7G3A0	c95ef386e0d3ba468fdb2900eacedffdfe47c9718cfd81d7f547bcab79cd73cf
confirmatory::C9D7R2	b5a8f03b24cf8aa2adfefef1b21afba7f7f53dd4f7a8df6547250f801434113b
confirmatory::D0EM77	91d29b95b94d8eee5f280019770845a22e09e176d9d4f72b4e8ad3b1a531b412
confirmatory::D0FH76	12099ebff3efead5c06a18a835e5239edabab4ca79c6c9ba0c916ef443726217
confirmatory::D0L1T6	dccb74d38eb5e7a9f23fe80d041bb156f74f05b1c460fdc8136e9dbd7d77d278
confirmatory::D0Z6T1	1443ce68e316635e48ab3c3fdbedb17fec8bc3d4de90c6d5a2c58f2a4c95f798
confirmatory::D1FQ14	e558f170dc3123f985ca5a74df29780dcdd9176b4a9b28a24f3726cc5bd86894
confirmatory::D2D3B6	d1c6ab564afa4059f4195e330c3f3d2fa72e6c258ca03ccbdb0ec294d4b10bcb
confirmatory::D2X5W3	5e23a1044f5ee22ec3269a7d3a6c2dad6df496ce0f66cbdcc498b8be7e0c3e70
confirmatory::D2Z028	dccb74d38eb5e7a9f23fe80d041bb156f74f05b1c460fdc8136e9dbd7d77d278
confirmatory::D3GGZ8	99b9a25013110c306dd2c7cf0ef62c60f5994a4bea773435d3dcba8878e3cf9a
confirmatory::D3YXF5	ba4d2614b5e550635440f4c6525e8134022aee773ce7679090791bd84dd97e71
confirmatory::D3Z5L9	80411b172a57342a9e6ff35099764047f561bf1337df03f29cf013ee3a7b28d0
confirmatory::D3ZUK3	389ad42570c89a23dada5ba64aad3e0bd24cb5b88b1fc4a23e5d29f2508b4cfc
confirmatory::D3ZVP0	46f4f08db1dbb8c9c468eb04a58a333f42cde0524b2d76adf389b2542d1fbd1f
confirmatory::D3ZWT9	0abf7fc04094851e216e9a013b3897849df61ac3d763c6f6cd1c3c34b9d203dd
confirmatory::D4A2B7	d8e8950e584547a3cfa7be839a4841964b10c9b394cc52fc1ce81bee4cdf9e59
confirmatory::D4AIK6	c8bc632faaa2dd7e9e07420c2893908d6cabe65710e6f1a8676bef0b20dead16
confirmatory::D4AKU9	afc28802fff11b2e2d1ded4ef2f20fb595c131fd12dc5efbd409170424be582b
confirmatory::D4APE3	afc28802fff11b2e2d1ded4ef2f20fb595c131fd12dc5efbd409170424be582b
confirmatory::D4AQG0	afc28802fff11b2e2d1ded4ef2f20fb595c131fd12dc5efbd409170424be582b
confirmatory::D4ASH1	d1c6ab564afa4059f4195e330c3f3d2fa72e6c258ca03ccbdb0ec294d4b10bcb
confirmatory::D4B194	afc28802fff11b2e2d1ded4ef2f20fb595c131fd12dc5efbd409170424be582b
confirmatory::D4B1N9	d1c6ab564afa4059f4195e330c3f3d2fa72e6c258ca03ccbdb0ec294d4b10bcb
confirmatory::D4B327	bf0c694fc1c1317ce46211cd02f39cb63bf8fe0a82ee1a5a8022570d8295b233
confirmatory::D4B5N1	afc28802fff11b2e2d1ded4ef2f20fb595c131fd12dc5efbd409170424be582b
confirmatory::D4CZ60	afc28802fff11b2e2d1ded4ef2f20fb595c131fd12dc5efbd409170424be582b
confirmatory::D4CZQ4	afc28802fff11b2e2d1ded4ef2f20fb595c131fd12dc5efbd409170424be582b
confirmatory::D4D0F5	1bb7a69c5ac8dff09d9743d7de36e3db00db59e8de64893c6df4fc99ac9601d3
confirmatory::D4D674	afc28802fff11b2e2d1ded4ef2f20fb595c131fd12dc5efbd409170424be582b
confirmatory::D4D9U2	c8bc632faaa2dd7e9e07420c2893908d6cabe65710e6f1a8676bef0b20dead16
confirmatory::D4DBH6	c8bc632faaa2dd7e9e07420c2893908d6cabe65710e6f1a8676bef0b20dead16
confirmatory::D4DIW9	afc28802fff11b2e2d1ded4ef2f20fb595c131fd12dc5efbd409170424be582b
confirmatory::D4DLI5	1bb7a69c5ac8dff09d9743d7de36e3db00db59e8de64893c6df4fc99ac9601d3
confirmatory::D4GUJ7	23d5a3bd524d30d0ed03bfe373885d5527e4035c98c411d13a9667a063013c6e
confirmatory::D4GUK0	4ec60039de59076bc5d8afd1f1d88dc96ccf44dd16c5eb759ecf94e82a598745
confirmatory::D4P095	dc287d695ed8d78e73ff29b03dded50559195f37804eb713aaced2b0c00fe136
confirmatory::D4P2Y4	25545dadd80435581e74794c9216eeb66ace8228a86901b5932e62c7acee96bd
confirmatory::D4Z2G1	b30b84a76b4877ee5f623b2fe1234ec407ce41971f778f80bf04b469852129d7
confirmatory::D6WMZ8	d1c6ab564afa4059f4195e330c3f3d2fa72e6c258ca03ccbdb0ec294d4b10bcb
confirmatory::D8VNS9	450882407bb31af420e3fb498b86045252de225bcb0bc544cb192820b36d6e90
confirmatory::E0J500	623f3f0445ba3d68f7f0b01360d57379b68a4bd25c5f902822b41b66dfcdfc89
confirmatory::E0TU96	fbc66a12665f1edff7700f6074175e37e872a1e69db09870be3811cba4753fcf
confirmatory::E1UYT9	fb3d9086710c22eb209777dc02506bc21ad102b35c0a2d4e54e73b021c9991f7
confirmatory::E1UYU0	fb3d9086710c22eb209777dc02506bc21ad102b35c0a2d4e54e73b021c9991f7
confirmatory::E2E4E4	0615761a9e0cf556bf7af647aad2cb501aa8319fbefc7d24738ae12a727f4e44
confirmatory::E2E4L2	55927c04e923f511084010cf0858f6d88c365ae75b99c08d7e94a4aea9cd3a91
confirmatory::E3P6N9	e762a34e2879fb89badf3aefde610ff9d5414dd0791ef2899f47f15931593ae4
confirmatory::E4UWA4	1bb7a69c5ac8dff09d9743d7de36e3db00db59e8de64893c6df4fc99ac9601d3
confirmatory::E4UY04	afc28802fff11b2e2d1ded4ef2f20fb595c131fd12dc5efbd409170424be582b
confirmatory::E4V4J8	afc28802fff11b2e2d1ded4ef2f20fb595c131fd12dc5efbd409170424be582b
confirmatory::E6Y8B9	8e5a796ba82885cd75cc418837f05303b492fb3ec6b59865c2d21255824472b0
confirmatory::E6Y8S8	86cc21bca61bd87e3a544b53de63d4a85a51acbb0d64b5ad6e6e2ba8aa8ab938
confirmatory::E9NX73	d1286b58049dec57ef0a3f958c6a58529ee88f8707b7df87731ea19611d6bd84
confirmatory::E9PTT0	e8f19abe601762091b366d25b70ea3fb93cb89ef883d201899904e677c86728a
confirmatory::E9PV24	450882407bb31af420e3fb498b86045252de225bcb0bc544cb192820b36d6e90
confirmatory::E9Q6D8	ba4d2614b5e550635440f4c6525e8134022aee773ce7679090791bd84dd97e71
confirmatory::E9QEA3	725376337385731c27c04b3295d4b5d7c66d2e8cbf129aaea87ba3f5efc0a84e
confirmatory::F0UZ12	f92a8e542977ec3d6dc95e8a0bde11a3a1290134ed49574133ebe628e0201670
confirmatory::F1LW30	e1b95bb5b2d98418af04cd6abcaee2221a616a7e7b69327abdac2b834eba6f74
confirmatory::F3YDF1	88121ac28242d57be0bbf57f2102dff1fcffb3444458451a353c97a733c15219
confirmatory::F4HPF1	0d9f327b1073890bfb36e5ee168a06ee2714bac452b116df3ae13f3e08179c5f
confirmatory::F4HSQ2	0d9f327b1073890bfb36e5ee168a06ee2714bac452b116df3ae13f3e08179c5f
confirmatory::F4IG09	0d9f327b1073890bfb36e5ee168a06ee2714bac452b116df3ae13f3e08179c5f
confirmatory::F4JA91	0d9f327b1073890bfb36e5ee168a06ee2714bac452b116df3ae13f3e08179c5f
confirmatory::F4JEX5	ebd5e6aa1a772adddc466cdcf6b89397782aafb25fcd5e4e3af4dd7e56f3a67c
confirmatory::F4JJH4	0d9f327b1073890bfb36e5ee168a06ee2714bac452b116df3ae13f3e08179c5f
confirmatory::F4JJH5	0d9f327b1073890bfb36e5ee168a06ee2714bac452b116df3ae13f3e08179c5f
confirmatory::F4JXC5	0d9f327b1073890bfb36e5ee168a06ee2714bac452b116df3ae13f3e08179c5f
confirmatory::F4KEL0	0d9f327b1073890bfb36e5ee168a06ee2714bac452b116df3ae13f3e08179c5f
confirmatory::F4KF14	ee6ece32f313b95905c329c442d3ec18c3338d5bfee8010de8eb2ca13a2afd8c
confirmatory::F4KGD4	0d9f327b1073890bfb36e5ee168a06ee2714bac452b116df3ae13f3e08179c5f
confirmatory::F4QV02	94af74fc0119da57512d98a54db223e9b58209524d169204fe452b487b794313
confirmatory::F5B8X0	15846e295d6f529cb1ea4423de7a6917f472ad0c4d75173697c456c27ec75481
confirmatory::F8S101	7bac8f189851f7e92b51b55b685b828748f06c7d21350d88650d72d0ab4d4b4d
confirmatory::F8W2M8	c8bc632faaa2dd7e9e07420c2893908d6cabe65710e6f1a8676bef0b20dead16
confirmatory::F8WCM5	5825442273aa674e597f0324f3d9d13995d18a085e3f346a6583071a32270dd2
confirmatory::G0HQZ6	01981eb9e1dc067d1224d59092ffc0fe0bb45743fa25e07d6536cc2cf73ec7f4
confirmatory::G0RYR3	ae06a79fb0a3df6b735edf0b452366dd6bef01d4d1be6595c830072b310a4059
confirmatory::G1FC92	bebbed8339a7feaa335ecaa66925af046978afb00da13caba0006d1860ba05b2
confirmatory::G2WWV4	a3546adf6be82692df41ca0154040cd8c726303196e1db3c7e525f3633842e55
confirmatory::G2WZP5	51e46bcf688c5df61042c5497f32a2bae5c728809990fb840813ab7ac1a46bb1
confirmatory::G2XGR1	80265ba0cf707cc2b9ab56977abaa12643a893bd6a9a455337c6c3dedf45bd7a
confirmatory::G3FNQ9	1bb7a69c5ac8dff09d9743d7de36e3db00db59e8de64893c6df4fc99ac9601d3
confirmatory::G4N4E9	51e46bcf688c5df61042c5497f32a2bae5c728809990fb840813ab7ac1a46bb1
confirmatory::G5EBU3	96d8247058ac2f5ce5fa4af5d51ce66b14fbab3d28461f146d94b1f59432c78c
confirmatory::G5EBX9	d0c8938c75402fc9c57177bd3bfe0b336c22e73c22b8cdc15342574d072a72cc
confirmatory::G5ECM9	f1b188ed6b5b22c8bc74b7dc43afbf4e4fa9f5d76d988cf9385257b2e37bcc15
confirmatory::G5ECN9	da1f730a80c0f0ed1f9303734404705fa18285380f99e8c78185dd847cf60b39
confirmatory::G5EDL5	2eecc744c786b9108557788352fd5794355c754b0934c0f099e6c21ad6cf8672
confirmatory::G5EDZ9	f1b188ed6b5b22c8bc74b7dc43afbf4e4fa9f5d76d988cf9385257b2e37bcc15
confirmatory::G5EGK8	369890e1b4fdd3f4d633bc750ce4706bc6a1c2d11deb58e010bd3f44230852d0
confirmatory::G5EGM1	c7381dc3bc1209d24a1f49a779e3857727a3e7782e727eac61d571fe358ad686
confirmatory::G7KEU7	0d9f327b1073890bfb36e5ee168a06ee2714bac452b116df3ae13f3e08179c5f
confirmatory::G7LCV1	dab6f722b5cc93168bb39042302381bb8a3d9776198eb56cf1b8fdc6cdf20f05
confirmatory::G7LCV7	dab6f722b5cc93168bb39042302381bb8a3d9776198eb56cf1b8fdc6cdf20f05
confirmatory::H2B3G5	ae072172ac565f240e9af5c41bfdfc0174476f5f1bc878f8c5aab26e7d89d267
confirmatory::H2KZ86	af3e8151ef08d08d21f26d1cce1ca2ed2dedc203bc8d13dcabd9823b27fc65d9
confirmatory::H8L374	dccb74d38eb5e7a9f23fe80d041bb156f74f05b1c460fdc8136e9dbd7d77d278
confirmatory::I1N462	0d9f327b1073890bfb36e5ee168a06ee2714bac452b116df3ae13f3e08179c5f
confirmatory::I1RHF8	e49c53809598ad4f4829e70c862d982dcdc50b8283ecd2ebd92ae3b2b21bf047
confirmatory::I1RIF1	d1c6ab564afa4059f4195e330c3f3d2fa72e6c258ca03ccbdb0ec294d4b10bcb
confirmatory::I1S2J4	d8099d9a6e5072037116379f1ab6d36424a3c9d68e54f1cf6da52ee113f73e41
confirmatory::I1VC85	cb76da7c30be05051ce1f155699d2676b258a7366e78419f8154c0bf41f923fa
confirmatory::I3R794	df5070cd63468908d7ff5dc25c50b27c1be33547707ff62e32f90f7ac877709f
confirmatory::I3R9Z4	01981eb9e1dc067d1224d59092ffc0fe0bb45743fa25e07d6536cc2cf73ec7f4
confirmatory::I6YC58	2bb5876ea0a1d742ad5d709c935d4748a9c391f3ac1aa3a0f0ad6b539cf2d10b
confirmatory::J3KAS2	29a79690eced4461016836ce36c14c380b0c4c5e3dcafb70f5238755407be04c
confirmatory::J3QK54	725376337385731c27c04b3295d4b5d7c66d2e8cbf129aaea87ba3f5efc0a84e
confirmatory::J3RYX9	e762a34e2879fb89badf3aefde610ff9d5414dd0791ef2899f47f15931593ae4
confirmatory::J3RZ81	82e1c2f759ec8bf899994b4553b7d3cc20a8d7c5d625a051f6b6104ee4a7005f
confirmatory::J3SEZ3	8f8877d2e6b8367c5953b1dcb91499c665ef907a72f7fe9a7473eeab367faeb4
confirmatory::J4KNE4	cbc703c880fe3d6ff9294b5af3500fbb8cffd2583950cd21b3bc05eb25a524ed
confirmatory::J4UQC2	3477fd0ea5188a4b8b43afb8d5373a322612ccc11984832ce02ea8389e95b257
confirmatory::J7FQE8	e18b4e5fbde76978c2080f2894717f1f991e2dfb87f46a80f37a5cab5ea38ab0
confirmatory::J9VDC2	eeddce577fd4e7952536661e7d6c33ee109cf23a083d203697f1e0eb1293c51d
confirmatory::J9VG42	3477fd0ea5188a4b8b43afb8d5373a322612ccc11984832ce02ea8389e95b257
confirmatory::J9VIY8	ab06cbe4f98fc855ae71a2ee407383ce3a21d7ee65ed74e2cd8eb95d1b289e43
confirmatory::K0KPV8	ba1e0fac2515a9031daa16567997afddc289a2ecb8756ffc8f0e1753d392ede6
confirmatory::L8FSM5	1bb7a69c5ac8dff09d9743d7de36e3db00db59e8de64893c6df4fc99ac9601d3
confirmatory::L8GD75	1bb7a69c5ac8dff09d9743d7de36e3db00db59e8de64893c6df4fc99ac9601d3
confirmatory::M0GNC6	dccb74d38eb5e7a9f23fe80d041bb156f74f05b1c460fdc8136e9dbd7d77d278
confirmatory::M0HG00	dccb74d38eb5e7a9f23fe80d041bb156f74f05b1c460fdc8136e9dbd7d77d278
confirmatory::M5AXY1	c82f4a3ea808a94af9f0fd360da5430293718adb20211aa3407793363c52542d
confirmatory::O00548	24371bf2d6df09880740ab51a10a679536679e6846c484a18360798d6fe47647
confirmatory::O00743	369890e1b4fdd3f4d633bc750ce4706bc6a1c2d11deb58e010bd3f44230852d0
confirmatory::O01814	34b41219611ac71b39f94001659d257ef301dc42fb86d0ab1b2396d000b25f11
confirmatory::O02218	af3e8151ef08d08d21f26d1cce1ca2ed2dedc203bc8d13dcabd9823b27fc65d9
confirmatory::O02323	34b41219611ac71b39f94001659d257ef301dc42fb86d0ab1b2396d000b25f11
confirmatory::O02658	369890e1b4fdd3f4d633bc750ce4706bc6a1c2d11deb58e010bd3f44230852d0
confirmatory::O02659	87d425c65ac584d5e4c581986c739f7692b2578e446bf382551a86cc21557ecd
confirmatory::O02772	34b41219611ac71b39f94001659d257ef301dc42fb86d0ab1b2396d000b25f11
confirmatory::O02853	fff12e77db30d8d5054c219a61e7eadca02694fd845a38e729300f128215237b
confirmatory::O04004	86cc21bca61bd87e3a544b53de63d4a85a51acbb0d64b5ad6e6e2ba8aa8ab938
confirmatory::O04019	23d5a3bd524d30d0ed03bfe373885d5527e4035c98c411d13a9667a063013c6e
confirmatory::O04138	0938a8862515dbebeaa25ebc523df426c8e59a1f2e258d73b025e80dfbf4d1dc
confirmatory::O04403	34efdb7da6465528647a3456cde08984bda0ce26aa0261df4c8efe316d3e0938
confirmatory::O04404	34efdb7da6465528647a3456cde08984bda0ce26aa0261df4c8efe316d3e0938
confirmatory::O04529	d017fd0721e73202cadd9ae3298bfac8bb3fb75187118a3bf8c61e4be5e4e8e8
confirmatory::O04582	75a4d4983b92c6f2d61f0da10de61a0b3695ceb2866193fa2677419ef8d5e03a
confirmatory::O04951	369890e1b4fdd3f4d633bc750ce4706bc6a1c2d11deb58e010bd3f44230852d0
confirmatory::O05442	b90e3fb6404f0c8d4e793f471d813d2bbc7d4b904188da017a787c23aa6f5dd2
confirmatory::O05461	2bb5876ea0a1d742ad5d709c935d4748a9c391f3ac1aa3a0f0ad6b539cf2d10b
confirmatory::O06522	2a14b9c6a601a71a7516b39e56d25a324683c11377131fdc1c79463aada0519a
confirmatory::O06695	7d499bf43651fa7ca276bd0481621d7f6e736b22f885cc7a71ad7d4a34b6d209
confirmatory::O07015	e90d897b8993d798d057ea32d5bf074e7ccbf48e0b32c16a67612aacc0d353d0
confirmatory::O07732	2062e9868818b3a94a1b073a357fbba56d5c266883d4c90280526713af0333f0
confirmatory::O08400	ea060f244e352de2544b388f1abc1899258898681ff665dbf7303805cc505276
confirmatory::O08538	450882407bb31af420e3fb498b86045252de225bcb0bc544cb192820b36d6e90
confirmatory::O08677	c286b9d2428a43eadbb1f83f16725c7832a83510929b6589bfaa691f46eb8985
confirmatory::O08716	34b41219611ac71b39f94001659d257ef301dc42fb86d0ab1b2396d000b25f11
confirmatory::O08721	e1b95bb5b2d98418af04cd6abcaee2221a616a7e7b69327abdac2b834eba6f74
confirmatory::O08722	e1b95bb5b2d98418af04cd6abcaee2221a616a7e7b69327abdac2b834eba6f74
confirmatory::O08747	e1b95bb5b2d98418af04cd6abcaee2221a616a7e7b69327abdac2b834eba6f74
confirmatory::O08764	f3e5c6d5116f4118b1a63715527d0f706cb7812884928e45eed377db3936c19d
confirmatory::O08976	f92a8e542977ec3d6dc95e8a0bde11a3a1290134ed49574133ebe628e0201670
confirmatory::O09114	fff12e77db30d8d5054c219a61e7eadca02694fd845a38e729300f128215237b
confirmatory::O09209	50208ba7185986fdc3fd1b52d79feeb7da9b4c04f65a5deb9f7cc3291aa67f87
confirmatory::O09210	50208ba7185986fdc3fd1b52d79feeb7da9b4c04f65a5deb9f7cc3291aa67f87
confirmatory::O12956	0e86e9e3943105f0c02e336cf49e66419fe7933b4a9c56997c7bb8035f3c7a0a
confirmatory::O13008	34b41219611ac71b39f94001659d257ef301dc42fb86d0ab1b2396d000b25f11
confirmatory::O13050	cd44ecfb0231fbe25976a913c1248001f954c4063e308617e008c4b65e1d218b
confirmatory::O13065	16ea83094b8a9f3846228c14f4dc27f1b4aac291005aa1d8eb490657405beb3e
confirmatory::O13359	0840af6d61e535996fdac85e4931f62ffc2b0d5e510092ed0bdf24addc0a25f9
confirmatory::O13765	0979449cdc194fdff7dab96f55c2a10e5e5abd2d3843d67e604751e8e5fe90dd
confirmatory::O14003	694df2b5849b10ec08101ea2af6560538999a3c675f58d38bdfa8b4f58b573a3
confirmatory::O14593	a02247f20abea7bec5768325bf12ee1c76fa45207989f0178a55e6c2b53e8f3e
confirmatory::O14773	c8bc632faaa2dd7e9e07420c2893908d6cabe65710e6f1a8676bef0b20dead16
confirmatory::O14830	d0c8938c75402fc9c57177bd3bfe0b336c22e73c22b8cdc15342574d072a72cc
confirmatory::O15123	450882407bb31af420e3fb498b86045252de225bcb0bc544cb192820b36d6e90
confirmatory::O15381	8a197d437b2ed3f57cde15631f22ea706290f01c5bf63619c8cfac5603ce0c5b
confirmatory::O15442	954b55641f50254b0d08cce06f30e91b60b69b65b83254277a852aac2b7ed08a
confirmatory::O15540	34b41219611ac71b39f94001659d257ef301dc42fb86d0ab1b2396d000b25f11
confirmatory::O15757	369890e1b4fdd3f4d633bc750ce4706bc6a1c2d11deb58e010bd3f44230852d0
confirmatory::O16168	d1c6ab564afa4059f4195e330c3f3d2fa72e6c258ca03ccbdb0ec294d4b10bcb
confirmatory::O16169	d1c6ab564afa4059f4195e330c3f3d2fa72e6c258ca03ccbdb0ec294d4b10bcb
confirmatory::O16170	d1c6ab564afa4059f4195e330c3f3d2fa72e6c258ca03ccbdb0ec294d4b10bcb
confirmatory::O16172	d1c6ab564afa4059f4195e330c3f3d2fa72e6c258ca03ccbdb0ec294d4b10bcb
confirmatory::O16173	d1c6ab564afa4059f4195e330c3f3d2fa72e6c258ca03ccbdb0ec294d4b10bcb
confirmatory::O16299	9be8126a2dbfcd7513074efb8f97e42b52a270b713971328a72dcad11b7a1f84
confirmatory::O16810	33f5c52e6e471059b13c83963f4154e2889ec136e6cb4250f1ae8a3f9e102f2c
confirmatory::O17071	23d5a3bd524d30d0ed03bfe373885d5527e4035c98c411d13a9667a063013c6e
confirmatory::O17798	da1f730a80c0f0ed1f9303734404705fa18285380f99e8c78185dd847cf60b39
confirmatory::O18391	d012353b488000b63419c4b307394f28ffb33f7618f863c011f8e1d74dd0c7ee
confirmatory::O18413	23d5a3bd524d30d0ed03bfe373885d5527e4035c98c411d13a9667a063013c6e
confirmatory::O18733	16ea83094b8a9f3846228c14f4dc27f1b4aac291005aa1d8eb490657405beb3e
confirmatory::O18767	24063adf61b47696a5084aad279fba23bd2d452cb3a4e2a3d0222f5c61a60eb3
confirmatory::O18873	5892961fd93913083308b146da1de4c67d025258b98b350e84083bba8418fbd1
confirmatory::O18874	fb86bd7d30742f187ddd35c736c51e90b33bca62b631fa9d89bf7c07b4c846b4
confirmatory::O18920	450882407bb31af420e3fb498b86045252de225bcb0bc544cb192820b36d6e90
confirmatory::O18927	16ea83094b8a9f3846228c14f4dc27f1b4aac291005aa1d8eb490657405beb3e
confirmatory::O19092	e762a34e2879fb89badf3aefde610ff9d5414dd0791ef2899f47f15931593ae4
confirmatory::O19093	e762a34e2879fb89badf3aefde610ff9d5414dd0791ef2899f47f15931593ae4
confirmatory::O19113	80411b172a57342a9e6ff35099764047f561bf1337df03f29cf013ee3a7b28d0
confirmatory::O19183	eaccb7debaadc3ca12235f53d0889fe4d708ee20342c7afff2cd364bfff58c6f
confirmatory::O22833	067ae74d42b596cec7582bf029fe09ab77e540f889181e76f7318d4806994969
confirmatory::O22834	067ae74d42b596cec7582bf029fe09ab77e540f889181e76f7318d4806994969
confirmatory::O22842	0938a8862515dbebeaa25ebc523df426c8e59a1f2e258d73b025e80dfbf4d1dc
confirmatory::O22866	eb85637eb8a3dcfa0688f0ce39ddbef7c38775a667e3c17295d08b1fe44192ff
confirmatory::O22975	80a4a9f363a89d8ed82f93d5e47a0d470f2326e942d948577be7d51473425c16
confirmatory::O22977	0e4c38eb4f51a7eb91cc769f4711116524ea8b7fdc196854106f65a38ca035fd
confirmatory::O23244	bb6ceea07e989d80c137788cdbdfd634ab9becd492e572919974a7e2ecc7bc23
confirmatory::O23357	0d9f327b1073890bfb36e5ee168a06ee2714bac452b116df3ae13f3e08179c5f
confirmatory::O23507	d017fd0721e73202cadd9ae3298bfac8bb3fb75187118a3bf8c61e4be5e4e8e8
confirmatory::O23758	86cc21bca61bd87e3a544b53de63d4a85a51acbb0d64b5ad6e6e2ba8aa8ab938
confirmatory::O23810	8f8da713303fc3e9da5300981fa592399dd69f945ee35063684c899fb1bc1d27
confirmatory::O24037	86cc21bca61bd87e3a544b53de63d4a85a51acbb0d64b5ad6e6e2ba8aa8ab938
confirmatory::O24038	86cc21bca61bd87e3a544b53de63d4a85a51acbb0d64b5ad6e6e2ba8aa8ab938
confirmatory::O24356	8f8da713303fc3e9da5300981fa592399dd69f945ee35063684c899fb1bc1d27
confirmatory::O24383	bf30e013f16aa81ae1fa35895609c363048eab7576368053fb0f2db1dc661092
confirmatory::O24384	bf30e013f16aa81ae1fa35895609c363048eab7576368053fb0f2db1dc661092
confirmatory::O24385	bf30e013f16aa81ae1fa35895609c363048eab7576368053fb0f2db1dc661092
confirmatory::O24386	bf30e013f16aa81ae1fa35895609c363048eab7576368053fb0f2db1dc661092
confirmatory::O24387	bf30e013f16aa81ae1fa35895609c363048eab7576368053fb0f2db1dc661092
confirmatory::O24418	86cc21bca61bd87e3a544b53de63d4a85a51acbb0d64b5ad6e6e2ba8aa8ab938
confirmatory::O24598	4b9e7bea9ce8ee8ae94698ef8499017333c8e1e95a44680dba3be60d8618dc01
confirmatory::O24603	0938a8862515dbebeaa25ebc523df426c8e59a1f2e258d73b025e80dfbf4d1dc
confirmatory::O24658	4b9e7bea9ce8ee8ae94698ef8499017333c8e1e95a44680dba3be60d8618dc01
confirmatory::O30334	ea060f244e352de2544b388f1abc1899258898681ff665dbf7303805cc505276
confirmatory::O31147	6575fe00f3ccdc3a9bcd22237c35b4067cd150571930ca1e7aa9a8e6117d5536
confirmatory::O31266	ef81fa00400c2b295de867cb432031e24b524dc8f4bc0e2bcda0f1a491074edf
confirmatory::O31398	da7151ae8b9b760a4109904339949a8f9d7a9e97b9d3b9c9ff29d7236ddc2616
confirmatory::O31614	5b546e23fc0afdde29a7adae28d3691cb243db3820d1154a8c53d9105b02f0e5
confirmatory::O31788	5a224f6622dee7bac056348d00e500fc1065e38c60b5aa306a892695160d882e
confirmatory::O32322	d07222358f2606083089380f510ed2a6264347f3443787af36d981811c551ba9
confirmatory::O32449	87480a95a88b6b578d03758154256fdbdbb2e3418af2f8712b57ff0c18f5edc1
confirmatory::O33680	2685ac5e9c3442645f03a65b92530e7060d9cfb234238234c495a0a95d5a3e40
confirmatory::O34163	e4749c77524e3476f32dc11a5e4dd452320a6c3d52aba97fe097e0407c8bad63
confirmatory::O34330	1b411a2550c590bbf93d305d01c04f9fac1143e2fe62a715fa1e69a44ed7be32
confirmatory::O34344	d63bb1e81014b5471cceae4cac2fbbb0698fd11b88f7ad4ac8aeb496d6ee69a1
confirmatory::O34870	2638457baf9d7039c2e676d664a57fc930a42dc5e5fd5a210f7e40098872d0fb
confirmatory::O35119	0fe83d4abf1ce610ad84586dd4d5c46c21bd9db4885afb3ef6d6ab2b95befab2
confirmatory::O35385	d0c8938c75402fc9c57177bd3bfe0b336c22e73c22b8cdc15342574d072a72cc
confirmatory::O35433	36dec6c60a72d94ff56ec694716245de514abc69b61f3fd1ef27385953643515
confirmatory::O35460	450882407bb31af420e3fb498b86045252de225bcb0bc544cb192820b36d6e90
confirmatory::O35462	450882407bb31af420e3fb498b86045252de225bcb0bc544cb192820b36d6e90
confirmatory::O35548	24063adf61b47696a5084aad279fba23bd2d452cb3a4e2a3d0222f5c61a60eb3
confirmatory::O35679	3e16de24ba7ef3afc3657d7c3ad20a74aacd37216bdb9be6736376443b010e65
confirmatory::O42143	0e86e9e3943105f0c02e336cf49e66419fe7933b4a9c56997c7bb8035f3c7a0a
confirmatory::O42144	0e86e9e3943105f0c02e336cf49e66419fe7933b4a9c56997c7bb8035f3c7a0a
confirmatory::O42386	34b41219611ac71b39f94001659d257ef301dc42fb86d0ab1b2396d000b25f11
confirmatory::O42773	369890e1b4fdd3f4d633bc750ce4706bc6a1c2d11deb58e010bd3f44230852d0
confirmatory::O43078	9be8126a2dbfcd7513074efb8f97e42b52a270b713971328a72dcad11b7a1f84
confirmatory::O43086	787e9f6d47616f003fdecddbc542fef94921eb6caa4f6030e313bf11016a0354
confirmatory::O43827	450882407bb31af420e3fb498b86045252de225bcb0bc544cb192820b36d6e90
confirmatory::O43854	67b28ba5e81d277aab432e8590ea0314688bb8591ebef3ca06a6935723ff3652
confirmatory::O43915	0dd93ec998989de91ffa9cd72b23a1778b67e69138f650b7299641bbfde52515
confirmatory::O44836	c88eb95ec9ccdb006699bce804ff0f69e0f5640fa733717abe7e00938ce23e68
confirmatory::O44952	6575fe00f3ccdc3a9bcd22237c35b4067cd150571930ca1e7aa9a8e6117d5536
confirmatory::O45035	34b41219611ac71b39f94001659d257ef301dc42fb86d0ab1b2396d000b25f11
confirmatory::O45824	b71252be500c0e28223b8b6ea41a2882cbaf804efcfd6ff383061d4b12a2b634
confirmatory::O46197	9984bf5454fe4ec8ca4cdbf831279bf8ca108f742669ce2a682f49f496ce9fba
confirmatory::O46482	cd44ecfb0231fbe25976a913c1248001f954c4063e308617e008c4b65e1d218b
confirmatory::O46483	cd44ecfb0231fbe25976a913c1248001f954c4063e308617e008c4b65e1d218b
confirmatory::O46559	82e1c2f759ec8bf899994b4553b7d3cc20a8d7c5d625a051f6b6104ee4a7005f
confirmatory::O46641	cd44ecfb0231fbe25976a913c1248001f954c4063e308617e008c4b65e1d218b
confirmatory::O46647	82e1c2f759ec8bf899994b4553b7d3cc20a8d7c5d625a051f6b6104ee4a7005f
confirmatory::O48840	bb6ceea07e989d80c137788cdbdfd634ab9becd492e572919974a7e2ecc7bc23
confirmatory::O49607	0d9f327b1073890bfb36e5ee168a06ee2714bac452b116df3ae13f3e08179c5f
confirmatory::O50202	5971e37049a5aa9cb39d3f93eb42978fd30f68cf207e961d7841bb2ef3ff45c3
confirmatory::O51632	c7a514c2129823dbb739d4ae0471bba2a14600c84d3eb11cd75dad83f6d1ea1f
confirmatory::O52866	4a62e7f94dfbc4e1bedcdb988870d4d29f8355d925a2511e39c673e0cc818f78
confirmatory::O53945	2bb5876ea0a1d742ad5d709c935d4748a9c391f3ac1aa3a0f0ad6b539cf2d10b
confirmatory::O54418	ea060f244e352de2544b388f1abc1899258898681ff665dbf7303805cc505276
confirmatory::O54420	ea060f244e352de2544b388f1abc1899258898681ff665dbf7303805cc505276
confirmatory::O54732	24063adf61b47696a5084aad279fba23bd2d452cb3a4e2a3d0222f5c61a60eb3
confirmatory::O55123	24063adf61b47696a5084aad279fba23bd2d452cb3a4e2a3d0222f5c61a60eb3
confirmatory::O55761	07fe2ba59a0b885f240222ad8e6cbb3db5fd555ab8d91d1bc8fff1df7efce37f
confirmatory::O57340	cd44ecfb0231fbe25976a913c1248001f954c4063e308617e008c4b65e1d218b
confirmatory::O57409	24371bf2d6df09880740ab51a10a679536679e6846c484a18360798d6fe47647
confirmatory::O60062	ab06cbe4f98fc855ae71a2ee407383ce3a21d7ee65ed74e2cd8eb95d1b289e43
confirmatory::O60182	59f534d535cbf0e6b4356635efdba10890d111828d268b13a376c2e52be63817
confirmatory::O60676	e762a34e2879fb89badf3aefde610ff9d5414dd0791ef2899f47f15931593ae4
confirmatory::O60733	2c2ac0bbe87e72c41fb41c6217db355c37c4619415db084ca3be9e656b7a09db
confirmatory::O60882	24063adf61b47696a5084aad279fba23bd2d452cb3a4e2a3d0222f5c61a60eb3
confirmatory::O61142	8e5a796ba82885cd75cc418837f05303b492fb3ec6b59865c2d21255824472b0
confirmatory::O61577	794a155dc5d6a4333e7c3f64f71a96bc7d6cff28650fa8bcc5d70a3932053113
confirmatory::O62247	99b9a25013110c306dd2c7cf0ef62c60f5994a4bea773435d3dcba8878e3cf9a
confirmatory::O62589	d795e79190a310d4cdbe4db2a72d3882e6f12a2c1cee19c311ac699381bfd6e8
confirmatory::O62725	eaccb7debaadc3ca12235f53d0889fe4d708ee20342c7afff2cd364bfff58c6f
confirmatory::O62806	16ea83094b8a9f3846228c14f4dc27f1b4aac291005aa1d8eb490657405beb3e
confirmatory::O64481	0d9f327b1073890bfb36e5ee168a06ee2714bac452b116df3ae13f3e08179c5f
confirmatory::O64495	0d9f327b1073890bfb36e5ee168a06ee2714bac452b116df3ae13f3e08179c5f
confirmatory::O64948	6575fe00f3ccdc3a9bcd22237c35b4067cd150571930ca1e7aa9a8e6117d5536
confirmatory::O65351	0d9f327b1073890bfb36e5ee168a06ee2714bac452b116df3ae13f3e08179c5f
confirmatory::O65888	c908a35d9708a58f7286e336d11340179e7ae80e312b7fece873ae1aac005e23
confirmatory::O67327	623f3f0445ba3d68f7f0b01360d57379b68a4bd25c5f902822b41b66dfcdfc89
confirmatory::O68640	dccb74d38eb5e7a9f23fe80d041bb156f74f05b1c460fdc8136e9dbd7d77d278
confirmatory::O70138	24063adf61b47696a5084aad279fba23bd2d452cb3a4e2a3d0222f5c61a60eb3
confirmatory::O70156	55ddb3dd17da1cb3ae6ed5aa5ab62a50e2f5afdd8477f9c0f808349986102bb6
confirmatory::O70159	8aca6cf56151161615270e0611bfb487352bac7e999974bcc690200b9c87952d
confirmatory::O70176	9d2bb9c0ec111008855c185d034a9f835f297b67d775b83c19cacc5a83480fca
confirmatory::O73630	a57533e38099ea960ab1f9d4350d4e3eb6a919a313090b8648660eab8a5859d5
confirmatory::O73824	cd44ecfb0231fbe25976a913c1248001f954c4063e308617e008c4b65e1d218b
confirmatory::O74205	0d3efe270b38b530a1b72e2e4e69ea9b829387d3d6778c12943eccd15f5b2def
confirmatory::O74430	d291e2f780ccae734f1044ab8a8bdd51fabac2c2899aa59af35fb22c772d8b01
confirmatory::O74789	369890e1b4fdd3f4d633bc750ce4706bc6a1c2d11deb58e010bd3f44230852d0
confirmatory::O75351	12099ebff3efead5c06a18a835e5239edabab4ca79c6c9ba0c916ef443726217
confirmatory::O75449	794a155dc5d6a4333e7c3f64f71a96bc7d6cff28650fa8bcc5d70a3932053113
confirmatory::O75534	e9de1a2f7cb129c07a0f04ae08efba495b6b821d03abf1fa01ce52ae6c31c28f
confirmatory::O75832	c41d4630e15f544ec84135758669bfdc604402cb0e775eafe26b38f9a53a251e
confirmatory::O75891	931ab9bceb3d00092439c252651cf7642dfe2c2e50cfc6cb076f40a5ad76ebfe
confirmatory::O75900	61b39f63f5f0f157c53fe0321d338a214666853888c56aa923f9a139aac84b72
confirmatory::O76096	e762a34e2879fb89badf3aefde610ff9d5414dd0791ef2899f47f15931593ae4
confirmatory::O76821	34b41219611ac71b39f94001659d257ef301dc42fb86d0ab1b2396d000b25f11
confirmatory::O76932	369890e1b4fdd3f4d633bc750ce4706bc6a1c2d11deb58e010bd3f44230852d0
confirmatory::O77656	16ea83094b8a9f3846228c14f4dc27f1b4aac291005aa1d8eb490657405beb3e
confirmatory::O77802	450882407bb31af420e3fb498b86045252de225bcb0bc544cb192820b36d6e90
confirmatory::O77805	cd44ecfb0231fbe25976a913c1248001f954c4063e308617e008c4b65e1d218b
confirmatory::O77835	cd44ecfb0231fbe25976a913c1248001f954c4063e308617e008c4b65e1d218b
confirmatory::O80860	b587bef3e5d94148fb6edeb8462e56d2a1573d0e113db913c44f4bfefa67c9fa
confirmatory::O80983	eab0d72e0d04bae4dd854288f82011226cc01b607738962e2ac63f8fe4d28af8
confirmatory::O82711	7cfc083fd4b244bc8c957330ce9e6b1720e1683808f7eaaa0da9e0bb5575cae7
confirmatory::O82733	369890e1b4fdd3f4d633bc750ce4706bc6a1c2d11deb58e010bd3f44230852d0
confirmatory::O82734	369890e1b4fdd3f4d633bc750ce4706bc6a1c2d11deb58e010bd3f44230852d0
confirmatory::O82777	0d9f327b1073890bfb36e5ee168a06ee2714bac452b116df3ae13f3e08179c5f
confirmatory::O84467	11c13a19e1113e2799b867ab10fbad38974c130093a480c4b20e8429bd440374
confirmatory::O84616	769093b27cf88ee7bebaf52f38d66313b9825671de5a3dc93a978dde0e193bce
confirmatory::O86507	ea060f244e352de2544b388f1abc1899258898681ff665dbf7303805cc505276
confirmatory::O86508	ea060f244e352de2544b388f1abc1899258898681ff665dbf7303805cc505276
confirmatory::O87400	ea060f244e352de2544b388f1abc1899258898681ff665dbf7303805cc505276
confirmatory::O88200	a134fb2184700f02c8a5ecc9f7c0b542e3a7daa6387f1fecb93ca9df5aabd420
confirmatory::O88310	65ee5a678e3df03b66915068a451d63c9cf38bf313f16c4cae674fd4276713a9
confirmatory::O88354	82e1c2f759ec8bf899994b4553b7d3cc20a8d7c5d625a051f6b6104ee4a7005f
confirmatory::O88516	24371bf2d6df09880740ab51a10a679536679e6846c484a18360798d6fe47647
confirmatory::O88671	24371bf2d6df09880740ab51a10a679536679e6846c484a18360798d6fe47647
confirmatory::O88676	61b39f63f5f0f157c53fe0321d338a214666853888c56aa923f9a139aac84b72
confirmatory::O88685	23d5a3bd524d30d0ed03bfe373885d5527e4035c98c411d13a9667a063013c6e
confirmatory::O88713	6b527846c5b7ff6125fe5b7ef3735a2e49461d375651dbafe25d3c3221f21427
confirmatory::O88766	24063adf61b47696a5084aad279fba23bd2d452cb3a4e2a3d0222f5c61a60eb3
confirmatory::O88967	6aabea4e103b9af36881174afb442574930392a3fae20d0fb888388c16d5e046
confirmatory::O88969	e762a34e2879fb89badf3aefde610ff9d5414dd0791ef2899f47f15931593ae4
confirmatory::O89023	c8bc632faaa2dd7e9e07420c2893908d6cabe65710e6f1a8676bef0b20dead16
confirmatory::O89098	e762a34e2879fb89badf3aefde610ff9d5414dd0791ef2899f47f15931593ae4
confirmatory::O89103	9c42a4d7631974118801fa0fb65aef4231fc3b42e1affbced544cb057191d1c2
confirmatory::O93390	9f0d0cc0eeb47aec102bb846e184928d26abe3ecb8a62ebc0b78f49871b04459
confirmatory::O93470	d498470a61783f09b7f843ca3a7c66a02ba48e4ab1c44629ca47394b33753185
confirmatory::O94449	694df2b5849b10ec08101ea2af6560538999a3c675f58d38bdfa8b4f58b573a3
confirmatory::O94493	3acb906c96b692236616cc3009c653767c3b556c5dfb67aabe445edfa7a5e8f5
confirmatory::O95185	e1b95bb5b2d98418af04cd6abcaee2221a616a7e7b69327abdac2b834eba6f74
confirmatory::O95388	80411b172a57342a9e6ff35099764047f561bf1337df03f29cf013ee3a7b28d0
confirmatory::O95389	80411b172a57342a9e6ff35099764047f561bf1337df03f29cf013ee3a7b28d0
confirmatory::O95841	450882407bb31af420e3fb498b86045252de225bcb0bc544cb192820b36d6e90
confirmatory::O97788	34b41219611ac71b39f94001659d257ef301dc42fb86d0ab1b2396d000b25f11
confirmatory::O97862	e762a34e2879fb89badf3aefde610ff9d5414dd0791ef2899f47f15931593ae4
confirmatory::O97921	fff12e77db30d8d5054c219a61e7eadca02694fd845a38e729300f128215237b
confirmatory::O97937	82ba2784f1f8c5c50742e13d650c40e1693ecd41f5e2dbe7f1afccb645a66a72
confirmatory::P00588	1caaf82bfa989dfbd21e94f703cacefd07e2ebfb024de0594bea6471c21d8fe5
confirmatory::P00739	f31f934f123b8eb5e7b55919d21a17ee0061501c26e26a51565ecb85805bc123
confirmatory::P00751	bc915c1c28ec405395a99c2ecfb7d27da28c273f79648ff3c9d1f724acfa6d1b
confirmatory::P00781	1bb7a69c5ac8dff09d9743d7de36e3db00db59e8de64893c6df4fc99ac9601d3
confirmatory::P01013	057b3edc0fe8d2ae60665eefd3e06401ee7534504c8166be0b44751ef72be6a7
confirmatory::P01015	34f3ebf727ba6962d09c497f53fa9a083064002a8920c85a4d004e89f0a534ef
confirmatory::P01017	34f3ebf727ba6962d09c497f53fa9a083064002a8920c85a4d004e89f0a534ef
confirmatory::P01019	34f3ebf727ba6962d09c497f53fa9a083064002a8920c85a4d004e89f0a534ef
confirmatory::P01034	e762a34e2879fb89badf3aefde610ff9d5414dd0791ef2899f47f15931593ae4
confirmatory::P01036	e762a34e2879fb89badf3aefde610ff9d5414dd0791ef2899f47f15931593ae4
confirmatory::P01037	e762a34e2879fb89badf3aefde610ff9d5414dd0791ef2899f47f15931593ae4
confirmatory::P01038	e762a34e2879fb89badf3aefde610ff9d5414dd0791ef2899f47f15931593ae4
confirmatory::P01039	e18b4e5fbde76978c2080f2894717f1f991e2dfb87f46a80f37a5cab5ea38ab0
confirmatory::P01042	c286b9d2428a43eadbb1f83f16725c7832a83510929b6589bfaa691f46eb8985
confirmatory::P01044	c286b9d2428a43eadbb1f83f16725c7832a83510929b6589bfaa691f46eb8985
confirmatory::P01045	c286b9d2428a43eadbb1f83f16725c7832a83510929b6589bfaa691f46eb8985
confirmatory::P01048	c286b9d2428a43eadbb1f83f16725c7832a83510929b6589bfaa691f46eb8985
confirmatory::P01050	10d915feff9460e73bd806263f31a4343e488ee6ea1def28c82de0e36e675190
confirmatory::P01070	91bd60dabb882867c24e7bc1c3c50d5e623a99ff781af028e7ff380940a7501d
confirmatory::P01071	91bd60dabb882867c24e7bc1c3c50d5e623a99ff781af028e7ff380940a7501d
confirmatory::P01074	b7762ce85918a621bc4bf4c4e7657779c885d02f6b53a465f4762637db65c059
confirmatory::P01084	35d13a1cc289640836024acc83c845fde380e96b1cf0d8530255ece3e5c4db55
confirmatory::P01086	f7a616fde5389141c0e4c34abab3803332ab61f9588c2aa0912a794e89fe69e4
confirmatory::P01087	f7a616fde5389141c0e4c34abab3803332ab61f9588c2aa0912a794e89fe69e4
confirmatory::P01088	f7a616fde5389141c0e4c34abab3803332ab61f9588c2aa0912a794e89fe69e4
confirmatory::P01089	50ffa758a8b300d04a81904e7968cc57e1538b9b5e77ae55126bfd7dd548bda5
confirmatory::P01090	8f20d0c6980ead1e360a848d002432fd7be75037bb37add933645c20185679c7
confirmatory::P01091	8f20d0c6980ead1e360a848d002432fd7be75037bb37add933645c20185679c7
confirmatory::P01128	2ce198fad98f14e4c4b8a256c59fcb869aedf9d88f10faac7815fcadcfa4fcaf
confirmatory::P01129	cbc703c880fe3d6ff9294b5af3500fbb8cffd2583950cd21b3bc05eb25a524ed
confirmatory::P01160	08528be7fd341aa6992306d6cc2dcd129232b8b4cd83081db737fc35b1f465a3
confirmatory::P01161	08528be7fd341aa6992306d6cc2dcd129232b8b4cd83081db737fc35b1f465a3
confirmatory::P01222	cd44ecfb0231fbe25976a913c1248001f954c4063e308617e008c4b65e1d218b
confirmatory::P01224	cd44ecfb0231fbe25976a913c1248001f954c4063e308617e008c4b65e1d218b
confirmatory::P01225	cd44ecfb0231fbe25976a913c1248001f954c4063e308617e008c4b65e1d218b
confirmatory::P01226	cd44ecfb0231fbe25976a913c1248001f954c4063e308617e008c4b65e1d218b
confirmatory::P01227	cd44ecfb0231fbe25976a913c1248001f954c4063e308617e008c4b65e1d218b
confirmatory::P01228	cd44ecfb0231fbe25976a913c1248001f954c4063e308617e008c4b65e1d218b
confirmatory::P01229	cd44ecfb0231fbe25976a913c1248001f954c4063e308617e008c4b65e1d218b
confirmatory::P01230	cd44ecfb0231fbe25976a913c1248001f954c4063e308617e008c4b65e1d218b
confirmatory::P01231	cd44ecfb0231fbe25976a913c1248001f954c4063e308617e008c4b65e1d218b
confirmatory::P01232	cd44ecfb0231fbe25976a913c1248001f954c4063e308617e008c4b65e1d218b
confirmatory::P01235	cd44ecfb0231fbe25976a913c1248001f954c4063e308617e008c4b65e1d218b
confirmatory::P01272	0e86e9e3943105f0c02e336cf49e66419fe7933b4a9c56997c7bb8035f3c7a0a
confirmatory::P01273	0e86e9e3943105f0c02e336cf49e66419fe7933b4a9c56997c7bb8035f3c7a0a
confirmatory::P01274	0e86e9e3943105f0c02e336cf49e66419fe7933b4a9c56997c7bb8035f3c7a0a
confirmatory::P01275	0e86e9e3943105f0c02e336cf49e66419fe7933b4a9c56997c7bb8035f3c7a0a
confirmatory::P01278	0e86e9e3943105f0c02e336cf49e66419fe7933b4a9c56997c7bb8035f3c7a0a
confirmatory::P01280	2f6765a2a89871a6eb92d3007f7c1b382fd5307197640e9907ad0db6980fd8ae
confirmatory::P01281	1266174c120eff8e5214e2b55ed12604c60139466c562171145fa9d0b0892018
confirmatory::P01284	9d2bb9c0ec111008855c185d034a9f835f297b67d775b83c19cacc5a83480fca
confirmatory::P01286	f2b677e2fd5321ab024cef21588963d9a8417a4e14d4be31ef1166114f89d64f
confirmatory::P01287	f2b677e2fd5321ab024cef21588963d9a8417a4e14d4be31ef1166114f89d64f
confirmatory::P01298	55927c04e923f511084010cf0858f6d88c365ae75b99c08d7e94a4aea9cd3a91
confirmatory::P01299	55927c04e923f511084010cf0858f6d88c365ae75b99c08d7e94a4aea9cd3a91
confirmatory::P01300	55927c04e923f511084010cf0858f6d88c365ae75b99c08d7e94a4aea9cd3a91
confirmatory::P01301	55927c04e923f511084010cf0858f6d88c365ae75b99c08d7e94a4aea9cd3a91
confirmatory::P01302	55927c04e923f511084010cf0858f6d88c365ae75b99c08d7e94a4aea9cd3a91
confirmatory::P01304	55927c04e923f511084010cf0858f6d88c365ae75b99c08d7e94a4aea9cd3a91
confirmatory::P01308	2ca3559869bf73bf1369b0778046227fe36990704ef03e92e809601ac40ebe65
confirmatory::P01310	2ca3559869bf73bf1369b0778046227fe36990704ef03e92e809601ac40ebe65
confirmatory::P01311	2ca3559869bf73bf1369b0778046227fe36990704ef03e92e809601ac40ebe65
confirmatory::P01313	2ca3559869bf73bf1369b0778046227fe36990704ef03e92e809601ac40ebe65
confirmatory::P01314	2ca3559869bf73bf1369b0778046227fe36990704ef03e92e809601ac40ebe65
confirmatory::P01315	2ca3559869bf73bf1369b0778046227fe36990704ef03e92e809601ac40ebe65
confirmatory::P01316	2ca3559869bf73bf1369b0778046227fe36990704ef03e92e809601ac40ebe65
confirmatory::P01317	2ca3559869bf73bf1369b0778046227fe36990704ef03e92e809601ac40ebe65
confirmatory::P01318	2ca3559869bf73bf1369b0778046227fe36990704ef03e92e809601ac40ebe65
confirmatory::P01319	2ca3559869bf73bf1369b0778046227fe36990704ef03e92e809601ac40ebe65
confirmatory::P01320	2ca3559869bf73bf1369b0778046227fe36990704ef03e92e809601ac40ebe65
confirmatory::P01322	2ca3559869bf73bf1369b0778046227fe36990704ef03e92e809601ac40ebe65
confirmatory::P01323	2ca3559869bf73bf1369b0778046227fe36990704ef03e92e809601ac40ebe65
confirmatory::P01324	2ca3559869bf73bf1369b0778046227fe36990704ef03e92e809601ac40ebe65
confirmatory::P01325	2ca3559869bf73bf1369b0778046227fe36990704ef03e92e809601ac40ebe65
confirmatory::P01326	2ca3559869bf73bf1369b0778046227fe36990704ef03e92e809601ac40ebe65
confirmatory::P01327	2ca3559869bf73bf1369b0778046227fe36990704ef03e92e809601ac40ebe65
confirmatory::P01329	2ca3559869bf73bf1369b0778046227fe36990704ef03e92e809601ac40ebe65
confirmatory::P01330	2ca3559869bf73bf1369b0778046227fe36990704ef03e92e809601ac40ebe65
confirmatory::P01331	2ca3559869bf73bf1369b0778046227fe36990704ef03e92e809601ac40ebe65
confirmatory::P01333	2ca3559869bf73bf1369b0778046227fe36990704ef03e92e809601ac40ebe65
confirmatory::P01334	2ca3559869bf73bf1369b0778046227fe36990704ef03e92e809601ac40ebe65
confirmatory::P01338	2ca3559869bf73bf1369b0778046227fe36990704ef03e92e809601ac40ebe65
confirmatory::P01339	2ca3559869bf73bf1369b0778046227fe36990704ef03e92e809601ac40ebe65
confirmatory::P01340	2ca3559869bf73bf1369b0778046227fe36990704ef03e92e809601ac40ebe65
confirmatory::P01342	2ca3559869bf73bf1369b0778046227fe36990704ef03e92e809601ac40ebe65
confirmatory::P01344	22908ea1541a1b07146f2bd28daaa95ec311bcc862f3182fe7289c27fc0bc4d0
confirmatory::P01346	22908ea1541a1b07146f2bd28daaa95ec311bcc862f3182fe7289c27fc0bc4d0
confirmatory::P01347	780632a2b78e928a1a0233a9237a2deb499859d4cb703b9b85c05b6bf0ae4e2d
confirmatory::P01348	780632a2b78e928a1a0233a9237a2deb499859d4cb703b9b85c05b6bf0ae4e2d
confirmatory::P01526	bf8b38cbb434403202305156dbb90aefc30b2ffb84f323f372bc0fba8038fc86
confirmatory::P01558	e7d0934a14556fab84292382a89720398cdad59b78f9fb11df44ba64da87b46a
confirmatory::P02671	450882407bb31af420e3fb498b86045252de225bcb0bc544cb192820b36d6e90
confirmatory::P02676	450882407bb31af420e3fb498b86045252de225bcb0bc544cb192820b36d6e90
confirmatory::P02678	450882407bb31af420e3fb498b86045252de225bcb0bc544cb192820b36d6e90
confirmatory::P02679	450882407bb31af420e3fb498b86045252de225bcb0bc544cb192820b36d6e90
confirmatory::P02689	34b41219611ac71b39f94001659d257ef301dc42fb86d0ab1b2396d000b25f11
confirmatory::P02690	34b41219611ac71b39f94001659d257ef301dc42fb86d0ab1b2396d000b25f11
confirmatory::P02691	34b41219611ac71b39f94001659d257ef301dc42fb86d0ab1b2396d000b25f11
confirmatory::P02693	34b41219611ac71b39f94001659d257ef301dc42fb86d0ab1b2396d000b25f11
confirmatory::P02694	7e90cee412221196bcc5f07c4f195b89927144c6913a290671cfdac2f6ba7db5
confirmatory::P02696	7e90cee412221196bcc5f07c4f195b89927144c6913a290671cfdac2f6ba7db5
confirmatory::P02748	10ba227d6107521780bb627d2ceca0d1716a4aae44848ef30d6ca8677dada2ce
confirmatory::P02753	c82f4a3ea808a94af9f0fd360da5430293718adb20211aa3407793363c52542d
confirmatory::P02754	7f8373716bb12737be8ec09b43b953fe2c4602353a222f10b3d8e035ef71d7b7
confirmatory::P02755	7f8373716bb12737be8ec09b43b953fe2c4602353a222f10b3d8e035ef71d7b7
confirmatory::P02756	7f8373716bb12737be8ec09b43b953fe2c4602353a222f10b3d8e035ef71d7b7
confirmatory::P02758	7f8373716bb12737be8ec09b43b953fe2c4602353a222f10b3d8e035ef71d7b7
confirmatory::P02761	ae072172ac565f240e9af5c41bfdfc0174476f5f1bc878f8c5aab26e7d89d267
confirmatory::P02762	ae072172ac565f240e9af5c41bfdfc0174476f5f1bc878f8c5aab26e7d89d267
confirmatory::P02763	1a35ad91798a026bcdebde68ed0eb5d253ad56aad3ddf29531a071fb44d8d05e
confirmatory::P02764	1a35ad91798a026bcdebde68ed0eb5d253ad56aad3ddf29531a071fb44d8d05e
confirmatory::P02765	8aca6cf56151161615270e0611bfb487352bac7e999974bcc690200b9c87952d
confirmatory::P02843	6ac1b49bb9b83f44ec21a04257eb9539101727d66d2b0a520e3fcc25716e7fa0
confirmatory::P02844	6ac1b49bb9b83f44ec21a04257eb9539101727d66d2b0a520e3fcc25716e7fa0
confirmatory::P02868	7d0ca3f9691895ca753b0995d472ba0ed4112ebe7744b483b0fdcc5d2cb019b3
confirmatory::P02876	4b9e7bea9ce8ee8ae94698ef8499017333c8e1e95a44680dba3be60d8618dc01
confirmatory::P02877	4b9e7bea9ce8ee8ae94698ef8499017333c8e1e95a44680dba3be60d8618dc01
confirmatory::P02893	9115b03cb3061d687b03fddc7be898a18890649d629080776e40a00b900bba11
confirmatory::P02894	9115b03cb3061d687b03fddc7be898a18890649d629080776e40a00b900bba11
confirmatory::P03956	24063adf61b47696a5084aad279fba23bd2d452cb3a4e2a3d0222f5c61a60eb3
confirmatory::P03957	24063adf61b47696a5084aad279fba23bd2d452cb3a4e2a3d0222f5c61a60eb3
confirmatory::P03974	199e5e746f1a78658450a2ba041b79aef49bbb4feb4fdafedee11b7288c9ede8
confirmatory::P04072	b7ffa668b68d370a424e26161c1364936e4506a35d2cce0ecfd8180fd7dccd4d
confirmatory::P04080	e18b4e5fbde76978c2080f2894717f1f991e2dfb87f46a80f37a5cab5ea38ab0
confirmatory::P04085	2ce198fad98f14e4c4b8a256c59fcb869aedf9d88f10faac7815fcadcfa4fcaf
confirmatory::P04090	780632a2b78e928a1a0233a9237a2deb499859d4cb703b9b85c05b6bf0ae4e2d
confirmatory::P04092	0e86e9e3943105f0c02e336cf49e66419fe7933b4a9c56997c7bb8035f3c7a0a
confirmatory::P04093	0e86e9e3943105f0c02e336cf49e66419fe7933b4a9c56997c7bb8035f3c7a0a
confirmatory::P04115	450882407bb31af420e3fb498b86045252de225bcb0bc544cb192820b36d6e90
confirmatory::P04119	7f8373716bb12737be8ec09b43b953fe2c4602353a222f10b3d8e035ef71d7b7
confirmatory::P04122	f2ea91d7ad6d511ba4a77f605392c77634378751fa61baa00ea12e7a95707727
confirmatory::P04186	bc915c1c28ec405395a99c2ecfb7d27da28c273f79648ff3c9d1f724acfa6d1b
confirmatory::P04189	1bb7a69c5ac8dff09d9743d7de36e3db00db59e8de64893c6df4fc99ac9601d3
confirmatory::P04196	bffd1ec0f8750a0121a99026594c8236758ed89a82bdd40d3ee8eded4358d09e
confirmatory::P04204	f89c735947a414c75270b63a3bcaa28b2a28b6ad54fb4db478f4ca1cec93fee8
confirmatory::P04403	8f20d0c6980ead1e360a848d002432fd7be75037bb37add933645c20185679c7
confirmatory::P04566	9d2bb9c0ec111008855c185d034a9f835f297b67d775b83c19cacc5a83480fca
confirmatory::P04651	cd44ecfb0231fbe25976a913c1248001f954c4063e308617e008c4b65e1d218b
confirmatory::P04652	cd44ecfb0231fbe25976a913c1248001f954c4063e308617e008c4b65e1d218b
confirmatory::P04667	2ca3559869bf73bf1369b0778046227fe36990704ef03e92e809601ac40ebe65
confirmatory::P04726	24f47d756b45f9d037c973e40f11e35f30deed21883e8b4c01882aa4786bc814
confirmatory::P04808	780632a2b78e928a1a0233a9237a2deb499859d4cb703b9b85c05b6bf0ae4e2d
confirmatory::P04916	c82f4a3ea808a94af9f0fd360da5430293718adb20211aa3407793363c52542d
confirmatory::P04922	9115b03cb3061d687b03fddc7be898a18890649d629080776e40a00b900bba11
confirmatory::P04939	ae072172ac565f240e9af5c41bfdfc0174476f5f1bc878f8c5aab26e7d89d267
confirmatory::P04956	2cc909198de5bc355e0ffb1e1231892043c8b30f779aa53c4a53c3b15b3891c0
confirmatory::P04977	ffe777dfb3cf8151105058062770014b8b9e048e43db31d562325eaeba194ed9
confirmatory::P04979	de15df75b60bfeca5a1293a0e8090c17449f07233c3cefb860ebb700b5e31275
confirmatory::P04981	6dd959dfbb2d93512ceb8506ada92a431d6e9abe138e6143de7213db24b92ea4
confirmatory::P05017	22908ea1541a1b07146f2bd28daaa95ec311bcc862f3182fe7289c27fc0bc4d0
confirmatory::P05088	f2ea91d7ad6d511ba4a77f605392c77634378751fa61baa00ea12e7a95707727
confirmatory::P05110	0e86e9e3943105f0c02e336cf49e66419fe7933b4a9c56997c7bb8035f3c7a0a
confirmatory::P05155	7c001592a0af53a0b7029cb604d3d173bb64ff8d0eddd85c023a777d81f9b85a
confirmatory::P05315	4b9e7bea9ce8ee8ae94698ef8499017333c8e1e95a44680dba3be60d8618dc01
confirmatory::P05413	34b41219611ac71b39f94001659d257ef301dc42fb86d0ab1b2396d000b25f11
confirmatory::P05452	417f94494f0bedc6bbff6d639a5b59dbfbb67f8d76fc274178a0fe93937009b8
confirmatory::P05543	a5ebffc2e2dbb22bd5322e5b7f495ec0102e8dba67dfdb8b96b9aa84fa7da6f3
confirmatory::P06172	c82f4a3ea808a94af9f0fd360da5430293718adb20211aa3407793363c52542d
confirmatory::P06200	d183bc8213241805b0a25eecabdecb5af793ba53f24554698fd9e550af7af466
confirmatory::P06215	4b9e7bea9ce8ee8ae94698ef8499017333c8e1e95a44680dba3be60d8618dc01
confirmatory::P06303	55927c04e923f511084010cf0858f6d88c365ae75b99c08d7e94a4aea9cd3a91
confirmatory::P06305	55927c04e923f511084010cf0858f6d88c365ae75b99c08d7e94a4aea9cd3a91
confirmatory::P06306	2ca3559869bf73bf1369b0778046227fe36990704ef03e92e809601ac40ebe65
confirmatory::P06399	450882407bb31af420e3fb498b86045252de225bcb0bc544cb192820b36d6e90
confirmatory::P06607	6ac1b49bb9b83f44ec21a04257eb9539101727d66d2b0a520e3fcc25716e7fa0
confirmatory::P06681	bc915c1c28ec405395a99c2ecfb7d27da28c273f79648ff3c9d1f724acfa6d1b
confirmatory::P06683	10ba227d6107521780bb627d2ceca0d1716a4aae44848ef30d6ca8677dada2ce
confirmatory::P06857	82e1c2f759ec8bf899994b4553b7d3cc20a8d7c5d625a051f6b6104ee4a7005f
confirmatory::P06866	f31f934f123b8eb5e7b55919d21a17ee0061501c26e26a51565ecb85805bc123
confirmatory::P06873	afc28802fff11b2e2d1ded4ef2f20fb595c131fd12dc5efbd409170424be582b
confirmatory::P06883	0e86e9e3943105f0c02e336cf49e66419fe7933b4a9c56997c7bb8035f3c7a0a
confirmatory::P06908	87d425c65ac584d5e4c581986c739f7692b2578e446bf382551a86cc21557ecd
confirmatory::P06910	259563b705bbc4ba351032ff265995796c272ab0f92cdf7670d5b60deca240d7
confirmatory::P06911	534b45f9acd7ab159049e720dc9aa52305a3927a63e9dbaaa55eae82197a9f92
confirmatory::P06912	c82f4a3ea808a94af9f0fd360da5430293718adb20211aa3407793363c52542d
confirmatory::P06914	a55b5b645cc74959297f4c5ce0af51f2a6ed700db67af5e46f7d78d48e11ff47
confirmatory::P06915	a55b5b645cc74959297f4c5ce0af51f2a6ed700db67af5e46f7d78d48e11ff47
confirmatory::P07024	892ba1855928808c3310b3b648ebd941285e5ffc6df4932601755ed99ba9846b
confirmatory::P07098	d291e2f780ccae734f1044ab8a8bdd51fabac2c2899aa59af35fb22c772d8b01
confirmatory::P07099	fd3e234a2669b8237406261e1c9c18c7668753f81102aa1dcc2a97c653ef9b2e
confirmatory::P07152	24063adf61b47696a5084aad279fba23bd2d452cb3a4e2a3d0222f5c61a60eb3
confirmatory::P07204	9c42a4d7631974118801fa0fb65aef4231fc3b42e1affbced544cb057191d1c2
confirmatory::P07214	9f0d0cc0eeb47aec102bb846e184928d26abe3ecb8a62ebc0b78f49871b04459
confirmatory::P07217	f2b677e2fd5321ab024cef21588963d9a8417a4e14d4be31ef1166114f89d64f
confirmatory::P07224	7a843c3d1be2da28cbe8faefcec171d83c5cfee0333f1dd2fb60d4221d2894e0
confirmatory::P07357	ba4d2614b5e550635440f4c6525e8134022aee773ce7679090791bd84dd97e71
confirmatory::P07358	ba4d2614b5e550635440f4c6525e8134022aee773ce7679090791bd84dd97e71
confirmatory::P07361	1a35ad91798a026bcdebde68ed0eb5d253ad56aad3ddf29531a071fb44d8d05e
confirmatory::P07374	ea060f244e352de2544b388f1abc1899258898681ff665dbf7303805cc505276
confirmatory::P07380	7f8373716bb12737be8ec09b43b953fe2c4602353a222f10b3d8e035ef71d7b7
confirmatory::P07383	4d82486b1f430c04dff75e5e125e6ae918ce9211b1e5efc7d372653cec256261
confirmatory::P07435	edb3c447afa44d59b38fa892298e479bed83027ef9490899288c6eb76b785c0e
confirmatory::P07441	7d0ca3f9691895ca753b0995d472ba0ed4112ebe7744b483b0fdcc5d2cb019b3
confirmatory::P07442	7d0ca3f9691895ca753b0995d472ba0ed4112ebe7744b483b0fdcc5d2cb019b3
confirmatory::P07443	7d0ca3f9691895ca753b0995d472ba0ed4112ebe7744b483b0fdcc5d2cb019b3
confirmatory::P07449	0e86e9e3943105f0c02e336cf49e66419fe7933b4a9c56997c7bb8035f3c7a0a
confirmatory::P07453	2ca3559869bf73bf1369b0778046227fe36990704ef03e92e809601ac40ebe65
confirmatory::P07456	22908ea1541a1b07146f2bd28daaa95ec311bcc862f3182fe7289c27fc0bc4d0
confirmatory::P07479	3f69eb3447fa28f3b1ab05a1a959b70da776fcb578f082ad0a899827cb98f6f3
confirmatory::P07483	34b41219611ac71b39f94001659d257ef301dc42fb86d0ab1b2396d000b25f11
confirmatory::P07493	4812a93926d415cd1d094b064f09b6fa141965ac86fb6ebb6bc46ea73c544778
confirmatory::P07499	08528be7fd341aa6992306d6cc2dcd129232b8b4cd83081db737fc35b1f465a3
confirmatory::P07500	08528be7fd341aa6992306d6cc2dcd129232b8b4cd83081db737fc35b1f465a3
confirmatory::P07501	08528be7fd341aa6992306d6cc2dcd129232b8b4cd83081db737fc35b1f465a3
confirmatory::P07596	61a1c3521102b1f6415e80d7716f6a231e4ae45e7d681e751332bb0344c9ee73
confirmatory::P07732	cd44ecfb0231fbe25976a913c1248001f954c4063e308617e008c4b65e1d218b
confirmatory::P07853	b7762ce85918a621bc4bf4c4e7657779c885d02f6b53a465f4762637db65c059
confirmatory::P07867	82e1c2f759ec8bf899994b4553b7d3cc20a8d7c5d625a051f6b6104ee4a7005f
confirmatory::P08072	1a3eb87ce2cd163e968a969e26ec32477cd8e1a55b15547b31d4e48c5879ecfc
confirmatory::P08253	16ea83094b8a9f3846228c14f4dc27f1b4aac291005aa1d8eb490657405beb3e
confirmatory::P08254	24063adf61b47696a5084aad279fba23bd2d452cb3a4e2a3d0222f5c61a60eb3
confirmatory::P08299	80265ba0cf707cc2b9ab56977abaa12643a893bd6a9a455337c6c3dedf45bd7a
confirmatory::P08307	9115b03cb3061d687b03fddc7be898a18890649d629080776e40a00b900bba11
confirmatory::P08331	3ad4b11c081e602b48e38ff456132fbfd512ab05662224bdb1df46585f2a3d68
confirmatory::P08427	87d425c65ac584d5e4c581986c739f7692b2578e446bf382551a86cc21557ecd
confirmatory::P08658	78f76b1f5620b113df4637a3cb3ed2245ad6ee00952a71201ba7eda19f40a044
confirmatory::P08661	87d425c65ac584d5e4c581986c739f7692b2578e446bf382551a86cc21557ecd
confirmatory::P08672	9115b03cb3061d687b03fddc7be898a18890649d629080776e40a00b900bba11
confirmatory::P08673	9115b03cb3061d687b03fddc7be898a18890649d629080776e40a00b900bba11
confirmatory::P08674	9115b03cb3061d687b03fddc7be898a18890649d629080776e40a00b900bba11
confirmatory::P08675	9115b03cb3061d687b03fddc7be898a18890649d629080776e40a00b900bba11
confirmatory::P08676	9115b03cb3061d687b03fddc7be898a18890649d629080776e40a00b900bba11
confirmatory::P08677	9115b03cb3061d687b03fddc7be898a18890649d629080776e40a00b900bba11
confirmatory::P08910	09a5c6daa4509edcd9a50cdcab8952c9c902cbc82772d0954acdce88324b4fe6
confirmatory::P08932	c286b9d2428a43eadbb1f83f16725c7832a83510929b6589bfaa691f46eb8985
confirmatory::P08934	c286b9d2428a43eadbb1f83f16725c7832a83510929b6589bfaa691f46eb8985
confirmatory::P08935	e762a34e2879fb89badf3aefde610ff9d5414dd0791ef2899f47f15931593ae4
confirmatory::P08937	f92a8e542977ec3d6dc95e8a0bde11a3a1290134ed49574133ebe628e0201670
confirmatory::P09005	a5ebffc2e2dbb22bd5322e5b7f495ec0102e8dba67dfdb8b96b9aa84fa7da6f3
confirmatory::P09167	1619c88d369a4600c42cb28c2dffae7b050f8ee6ae76e360927d0ffa473d7019
confirmatory::P09228	e762a34e2879fb89badf3aefde610ff9d5414dd0791ef2899f47f15931593ae4
confirmatory::P09230	f274731c912cb3d5ba3f73d1e1ea2e40f63b6b409bf9ef316331a205e0f49841
confirmatory::P09231	0840af6d61e535996fdac85e4931f62ffc2b0d5e510092ed0bdf24addc0a25f9
confirmatory::P09232	1bb7a69c5ac8dff09d9743d7de36e3db00db59e8de64893c6df4fc99ac9601d3
confirmatory::P09237	24063adf61b47696a5084aad279fba23bd2d452cb3a4e2a3d0222f5c61a60eb3
confirmatory::P09238	24063adf61b47696a5084aad279fba23bd2d452cb3a4e2a3d0222f5c61a60eb3
confirmatory::P09455	7e90cee412221196bcc5f07c4f195b89927144c6913a290671cfdac2f6ba7db5
confirmatory::P09466	7f8373716bb12737be8ec09b43b953fe2c4602353a222f10b3d8e035ef71d7b7
confirmatory::P09476	2ca3559869bf73bf1369b0778046227fe36990704ef03e92e809601ac40ebe65
confirmatory::P09477	2ca3559869bf73bf1369b0778046227fe36990704ef03e92e809601ac40ebe65
confirmatory::P09535	22908ea1541a1b07146f2bd28daaa95ec311bcc862f3182fe7289c27fc0bc4d0
confirmatory::P09566	0e86e9e3943105f0c02e336cf49e66419fe7933b4a9c56997c7bb8035f3c7a0a
confirmatory::P09567	0e86e9e3943105f0c02e336cf49e66419fe7933b4a9c56997c7bb8035f3c7a0a
confirmatory::P09641	55927c04e923f511084010cf0858f6d88c365ae75b99c08d7e94a4aea9cd3a91
confirmatory::P09680	1266174c120eff8e5214e2b55ed12604c60139466c562171145fa9d0b0892018
confirmatory::P09681	1266174c120eff8e5214e2b55ed12604c60139466c562171145fa9d0b0892018
confirmatory::P09682	0e86e9e3943105f0c02e336cf49e66419fe7933b4a9c56997c7bb8035f3c7a0a
confirmatory::P09683	2f6765a2a89871a6eb92d3007f7c1b382fd5307197640e9907ad0db6980fd8ae
confirmatory::P09684	9d2bb9c0ec111008855c185d034a9f835f297b67d775b83c19cacc5a83480fca
confirmatory::P09685	9d2bb9c0ec111008855c185d034a9f835f297b67d775b83c19cacc5a83480fca
confirmatory::P09686	0e86e9e3943105f0c02e336cf49e66419fe7933b4a9c56997c7bb8035f3c7a0a
confirmatory::P09687	0e86e9e3943105f0c02e336cf49e66419fe7933b4a9c56997c7bb8035f3c7a0a
confirmatory::P09761	4b9e7bea9ce8ee8ae94698ef8499017333c8e1e95a44680dba3be60d8618dc01
confirmatory::P09865	b364128ce74b38523f92d7e55811ecac6ee23ba8b6f23381aad717dd65560c27
confirmatory::P09889	5f720ffdffee0343aa112bd6ae6fcfb774d18bbb2e61a319453a29f6f389cdbb
confirmatory::P09893	8f20d0c6980ead1e360a848d002432fd7be75037bb37add933645c20185679c7
confirmatory::P09910	2f6765a2a89871a6eb92d3007f7c1b382fd5307197640e9907ad0db6980fd8ae
confirmatory::P09916	f2b677e2fd5321ab024cef21588963d9a8417a4e14d4be31ef1166114f89d64f
confirmatory::P09941	91bd60dabb882867c24e7bc1c3c50d5e623a99ff781af028e7ff380940a7501d
confirmatory::P09943	91bd60dabb882867c24e7bc1c3c50d5e623a99ff781af028e7ff380940a7501d
confirmatory::P09958	da1f730a80c0f0ed1f9303734404705fa18285380f99e8c78185dd847cf60b39
confirmatory::P09959	575b03dc7f098ea3d48738f8c5417b226dfb3d485adb80cee16858506b8c241d
confirmatory::P0A1E0	623f3f0445ba3d68f7f0b01360d57379b68a4bd25c5f902822b41b66dfcdfc89
confirmatory::P0A3G2	b30b84a76b4877ee5f623b2fe1234ec407ce41971f778f80bf04b469852129d7
confirmatory::P0A3R5	3a08031a377b2a2d6ff00f5d4c414f3719f68fc5ab25cd1758fb07dd6f2170ca
confirmatory::P0A4M4	2ca9db90240bf7efbcfa987000d7be6c41c750505a0582ccac2034a125a5ef9e
confirmatory::P0A4U0	ea060f244e352de2544b388f1abc1899258898681ff665dbf7303805cc505276
confirmatory::P0A4U1	ea060f244e352de2544b388f1abc1899258898681ff665dbf7303805cc505276
confirmatory::P0A677	ea060f244e352de2544b388f1abc1899258898681ff665dbf7303805cc505276
confirmatory::P0A6H5	11b5dd92fc6614d22cb594875de1e8fcb6d3b646531771172ab7426d940f97ac
confirmatory::P0A968	623f3f0445ba3d68f7f0b01360d57379b68a4bd25c5f902822b41b66dfcdfc89
confirmatory::P0A976	623f3f0445ba3d68f7f0b01360d57379b68a4bd25c5f902822b41b66dfcdfc89
confirmatory::P0A977	623f3f0445ba3d68f7f0b01360d57379b68a4bd25c5f902822b41b66dfcdfc89
confirmatory::P0A982	623f3f0445ba3d68f7f0b01360d57379b68a4bd25c5f902822b41b66dfcdfc89
confirmatory::P0A983	623f3f0445ba3d68f7f0b01360d57379b68a4bd25c5f902822b41b66dfcdfc89
confirmatory::P0A985	623f3f0445ba3d68f7f0b01360d57379b68a4bd25c5f902822b41b66dfcdfc89
confirmatory::P0A9M0	6575fe00f3ccdc3a9bcd22237c35b4067cd150571930ca1e7aa9a8e6117d5536
confirmatory::P0A9X9	623f3f0445ba3d68f7f0b01360d57379b68a4bd25c5f902822b41b66dfcdfc89
confirmatory::P0A9Y2	623f3f0445ba3d68f7f0b01360d57379b68a4bd25c5f902822b41b66dfcdfc89
confirmatory::P0A9Y3	623f3f0445ba3d68f7f0b01360d57379b68a4bd25c5f902822b41b66dfcdfc89
confirmatory::P0A9Y4	623f3f0445ba3d68f7f0b01360d57379b68a4bd25c5f902822b41b66dfcdfc89
confirmatory::P0A9Y5	623f3f0445ba3d68f7f0b01360d57379b68a4bd25c5f902822b41b66dfcdfc89
confirmatory::P0A9Y6	623f3f0445ba3d68f7f0b01360d57379b68a4bd25c5f902822b41b66dfcdfc89
confirmatory::P0A9Y7	623f3f0445ba3d68f7f0b01360d57379b68a4bd25c5f902822b41b66dfcdfc89
confirmatory::P0A9Y9	623f3f0445ba3d68f7f0b01360d57379b68a4bd25c5f902822b41b66dfcdfc89
confirmatory::P0A9Z0	623f3f0445ba3d68f7f0b01360d57379b68a4bd25c5f902822b41b66dfcdfc89
confirmatory::P0AAI3	b587bef3e5d94148fb6edeb8462e56d2a1573d0e113db913c44f4bfefa67c9fa
confirmatory::P0AAZ4	eb784fe0c0bd1af88d8d8e4e799942cb5d28c2f372de6283f1a431286a50f6d1
confirmatory::P0ADI4	ff8c2b503c0b5ae673f9dd72712efb1e7621b9bffd0c475d613ddd2e886c8749
confirmatory::P0AEW4	dc287d695ed8d78e73ff29b03dded50559195f37804eb713aaced2b0c00fe136
confirmatory::P0AG76	6c92ae435e38d2c1c7a8b4618d95ea28d33e5b142f9d78d57fc390549b1f3d41
confirmatory::P0C088	86cc21bca61bd87e3a544b53de63d4a85a51acbb0d64b5ad6e6e2ba8aa8ab938
confirmatory::P0C0F0	623f3f0445ba3d68f7f0b01360d57379b68a4bd25c5f902822b41b66dfcdfc89
confirmatory::P0C121	ea060f244e352de2544b388f1abc1899258898681ff665dbf7303805cc505276
confirmatory::P0C1W9	abc4f9c5d5eef69c3f1e4a9344d8016afd0a50d79840ff626e66cda9eb501a48
confirmatory::P0C235	0e86e9e3943105f0c02e336cf49e66419fe7933b4a9c56997c7bb8035f3c7a0a
confirmatory::P0C236	2ca3559869bf73bf1369b0778046227fe36990704ef03e92e809601ac40ebe65
confirmatory::P0C2S1	03e3cfd4b22606884345109e72fd5ecae4af91e9704992b7e90c011c34e5b55f
confirmatory::P0C2S4	04f292ab479d88e5a13be3518b3ebd4ae45ba937d2d663130bc5393caf1d8ef7
confirmatory::P0C2S5	ff0df9e8d06fb39518053d7afe70479e7a1b85bf8cda7237b90893f9c9c35c44
confirmatory::P0C6G6	34b41219611ac71b39f94001659d257ef301dc42fb86d0ab1b2396d000b25f11
confirmatory::P0C7K7	ea060f244e352de2544b388f1abc1899258898681ff665dbf7303805cc505276
confirmatory::P0C7K9	ea060f244e352de2544b388f1abc1899258898681ff665dbf7303805cc505276
confirmatory::P0C8E2	10bb2f60902a652d771418e017d9cd37b447bea046d41176ac92a59966c8044d
confirmatory::P0C8Y8	8f20d0c6980ead1e360a848d002432fd7be75037bb37add933645c20185679c7
confirmatory::P0CB00	ea060f244e352de2544b388f1abc1899258898681ff665dbf7303805cc505276
confirmatory::P0CB02	ea060f244e352de2544b388f1abc1899258898681ff665dbf7303805cc505276
confirmatory::P0CJ22	b8944c8314627d15a021f11671b424846b0df4171aabd5a39b991ed76eb3cd48
confirmatory::P0DJ95	9d2bb9c0ec111008855c185d034a9f835f297b67d775b83c19cacc5a83480fca
confirmatory::P0DJE5	f84bf5b3736af9820d5fd5e8fca896eea1d2d1bcd5a62f45072672e73e809922
confirmatory::P0DKH7	fb3d9086710c22eb209777dc02506bc21ad102b35c0a2d4e54e73b021c9991f7
confirmatory::P0DKH8	fb3d9086710c22eb209777dc02506bc21ad102b35c0a2d4e54e73b021c9991f7
confirmatory::P0DM59	34b41219611ac71b39f94001659d257ef301dc42fb86d0ab1b2396d000b25f11
confirmatory::P0DMB9	25545dadd80435581e74794c9216eeb66ace8228a86901b5932e62c7acee96bd
confirmatory::P0DN86	cd44ecfb0231fbe25976a913c1248001f954c4063e308617e008c4b65e1d218b
confirmatory::P0DN87	cd44ecfb0231fbe25976a913c1248001f954c4063e308617e008c4b65e1d218b
confirmatory::P0DO68	3abf5d0ff854c33c119f633ea527daaf78080a9c4a745c849bf46258c9516dec
confirmatory::P0DO69	3abf5d0ff854c33c119f633ea527daaf78080a9c4a745c849bf46258c9516dec
confirmatory::P0DP56	2a78d4ff56f29bf31f71f03e14f0e3452405215fb32977267826ae90efb65fa7
confirmatory::P0DP58	26711c766da1911f4bf596b105c186a2ff65f3225bc9762c87ffe5eb880b32c0
confirmatory::P0DP60	26711c766da1911f4bf596b105c186a2ff65f3225bc9762c87ffe5eb880b32c0
confirmatory::P0DP62	26711c766da1911f4bf596b105c186a2ff65f3225bc9762c87ffe5eb880b32c0
confirmatory::P0DPK3	2e15cb2fc2f0449dac82dac687f594e94ca3244b833b3121d2dcc58df8ed7387
confirmatory::P0DPU3	02f12bd9289117806cd61f2b92b9ecaf47add5beea934e736fa7926339040fd9
confirmatory::P0DQF3	727b8a64a599ee7495d8e5fbf99bed6badb736deb6d893b544be932e02c7024f
confirmatory::P0DQF6	d52fa9095945a743b4e26c6c99d8a98f31cd421cd1fa9a2dfb1f2b009f1d708f
confirmatory::P0DQJ0	a76de8f74fb61bf50ad273776c11d8a3aed10338f730c477fc066676dcc4672d
confirmatory::P0DQO9	956e186fb9ea6db89afce791a4f3dc98269576987bd523fd81ac79118abb4563
confirmatory::P0DRA7	487af93fc7daae296587ffc916ba0647a8a4a13e4720c21c422e2e4ff768444d
confirmatory::P0DRI0	c7f55727017594b25fafed65c837d9cf1b47874a4ef5b9c005f2df4d0d85a1f9
confirmatory::P0DRI2	9186a22d7be0ca3bfb038b263fac6e05825312f5de1d305d99119db7c09739c4
confirmatory::P0DRJ1	772e768a73290425add62c1e93d9286dfddc4822d989ee83f469b464e8f27fb6
confirmatory::P0DSI3	25545dadd80435581e74794c9216eeb66ace8228a86901b5932e62c7acee96bd
confirmatory::P0DSI8	008fde69b6f6a85e1ce9cc0c6215065deccb424959f66d599266899ea4e6db24
confirmatory::P0DUB8	78f76b1f5620b113df4637a3cb3ed2245ad6ee00952a71201ba7eda19f40a044
confirmatory::P0DUB9	78f76b1f5620b113df4637a3cb3ed2245ad6ee00952a71201ba7eda19f40a044
confirmatory::P0DUJ6	d8fcaa7f3c734f7baef5591a8a530325d0eec54726e4ad234c3b85b756160529
confirmatory::P0DUJ8	c077fe705c88fdf9842c475e5758ebe63d88c544823ad487f6cecf2eb37298d2
confirmatory::P0DV90	6e3596fd654c0ee719fa18294410e8acf057349c0d698bafa2d7d3f66564fbc5
confirmatory::P0DW09	1c6bb9abe0cce6ad487b97e931d4e6e9e9b78692b61313c00b8a94621ecc2a07
confirmatory::P0DXI6	e90d897b8993d798d057ea32d5bf074e7ccbf48e0b32c16a67612aacc0d353d0
confirmatory::P0DXX0	782996de50da857e82618ce3b2fd406f9f857339805a57cfd9a9328dd535cece
confirmatory::P0DXX9	4388b6c14614239c9e987487fa232e6cd5e955b34fbe10d4c95f5289235edabc
confirmatory::P0DY36	8244313599fcdccdd992daf3874eef2d6f312eb8515575bc430315dbef1ed932
confirmatory::P10041	2e15cb2fc2f0449dac82dac687f594e94ca3244b833b3121d2dcc58df8ed7387
confirmatory::P10256	cd44ecfb0231fbe25976a913c1248001f954c4063e308617e008c4b65e1d218b
confirmatory::P10257	cd44ecfb0231fbe25976a913c1248001f954c4063e308617e008c4b65e1d218b
confirmatory::P10291	b7762ce85918a621bc4bf4c4e7657779c885d02f6b53a465f4762637db65c059
confirmatory::P10292	b7762ce85918a621bc4bf4c4e7657779c885d02f6b53a465f4762637db65c059
confirmatory::P10293	b7762ce85918a621bc4bf4c4e7657779c885d02f6b53a465f4762637db65c059
confirmatory::P10294	b7762ce85918a621bc4bf4c4e7657779c885d02f6b53a465f4762637db65c059
confirmatory::P10295	b7762ce85918a621bc4bf4c4e7657779c885d02f6b53a465f4762637db65c059
confirmatory::P10296	b7762ce85918a621bc4bf4c4e7657779c885d02f6b53a465f4762637db65c059
confirmatory::P10410	4a5973563abda2eea1f0023a91e5ff6393eead76075af60804b5f721f6d2f5a3
confirmatory::P10477	6c3f4d70b3376373f5b8ac648ac38f3b95d784e53784313b87746c19ff4d68a6
confirmatory::P10478	3e395f50f4509ebbb4e2e259e208b2cc077683380b886d7d3c99ea40d9d0ec66
confirmatory::P10601	55927c04e923f511084010cf0858f6d88c365ae75b99c08d7e94a4aea9cd3a91
confirmatory::P10643	ba4d2614b5e550635440f4c6525e8134022aee773ce7679090791bd84dd97e71
confirmatory::P10821	91bd60dabb882867c24e7bc1c3c50d5e623a99ff781af028e7ff380940a7501d
confirmatory::P10896	8681430580a6e93c9a5c5191318e81f81318672585060b391df6fac4041ca3f8
confirmatory::P10965	61a1c3521102b1f6415e80d7716f6a231e4ae45e7d681e751332bb0344c9ee73
confirmatory::P10968	4b9e7bea9ce8ee8ae94698ef8499017333c8e1e95a44680dba3be60d8618dc01
confirmatory::P10973	5041a1e1f60f70f4bccce3b8daeb631454e2f014bb557bfeaccf74d45d44c355
confirmatory::P10975	86cc21bca61bd87e3a544b53de63d4a85a51acbb0d64b5ad6e6e2ba8aa8ab938
confirmatory::P10976	34efdb7da6465528647a3456cde08984bda0ce26aa0261df4c8efe316d3e0938
confirmatory::P11018	1bb7a69c5ac8dff09d9743d7de36e3db00db59e8de64893c6df4fc99ac9601d3
confirmatory::P11084	369890e1b4fdd3f4d633bc750ce4706bc6a1c2d11deb58e010bd3f44230852d0
confirmatory::P11150	82e1c2f759ec8bf899994b4553b7d3cc20a8d7c5d625a051f6b6104ee4a7005f
confirmatory::P11151	82e1c2f759ec8bf899994b4553b7d3cc20a8d7c5d625a051f6b6104ee4a7005f
confirmatory::P11152	82e1c2f759ec8bf899994b4553b7d3cc20a8d7c5d625a051f6b6104ee4a7005f
confirmatory::P11153	82e1c2f759ec8bf899994b4553b7d3cc20a8d7c5d625a051f6b6104ee4a7005f
confirmatory::P11226	87d425c65ac584d5e4c581986c739f7692b2578e446bf382551a86cc21557ecd
confirmatory::P11404	34b41219611ac71b39f94001659d257ef301dc42fb86d0ab1b2396d000b25f11
confirmatory::P11493	369890e1b4fdd3f4d633bc750ce4706bc6a1c2d11deb58e010bd3f44230852d0
confirmatory::P11589	ae072172ac565f240e9af5c41bfdfc0174476f5f1bc878f8c5aab26e7d89d267
confirmatory::P11590	ae072172ac565f240e9af5c41bfdfc0174476f5f1bc878f8c5aab26e7d89d267
confirmatory::P11602	82e1c2f759ec8bf899994b4553b7d3cc20a8d7c5d625a051f6b6104ee4a7005f
confirmatory::P11611	369890e1b4fdd3f4d633bc750ce4706bc6a1c2d11deb58e010bd3f44230852d0
confirmatory::P11612	369890e1b4fdd3f4d633bc750ce4706bc6a1c2d11deb58e010bd3f44230852d0
confirmatory::P11643	f7a616fde5389141c0e4c34abab3803332ab61f9588c2aa0912a794e89fe69e4
confirmatory::P11670	80265ba0cf707cc2b9ab56977abaa12643a893bd6a9a455337c6c3dedf45bd7a
confirmatory::P11672	693191d81dad8633f117940437800dc383ce0e8e12178e775ecd55116c2bb03f
confirmatory::P11859	34f3ebf727ba6962d09c497f53fa9a083064002a8920c85a4d004e89f0a534ef
confirmatory::P11944	7f8373716bb12737be8ec09b43b953fe2c4602353a222f10b3d8e035ef71d7b7
confirmatory::P11955	4b9e7bea9ce8ee8ae94698ef8499017333c8e1e95a44680dba3be60d8618dc01
confirmatory::P11967	55927c04e923f511084010cf0858f6d88c365ae75b99c08d7e94a4aea9cd3a91
confirmatory::P11969	b7762ce85918a621bc4bf4c4e7657779c885d02f6b53a465f4762637db65c059
confirmatory::P12104	34b41219611ac71b39f94001659d257ef301dc42fb86d0ab1b2396d000b25f11
confirmatory::P12306	7d0ca3f9691895ca753b0995d472ba0ed4112ebe7744b483b0fdcc5d2cb019b3
confirmatory::P12307	7d0ca3f9691895ca753b0995d472ba0ed4112ebe7744b483b0fdcc5d2cb019b3
confirmatory::P12308	7d0ca3f9691895ca753b0995d472ba0ed4112ebe7744b483b0fdcc5d2cb019b3
confirmatory::P12393	f9534e3efac0d74a316b922bb3f4c16c7bf8f26e13f4090171964da8f70c843d
confirmatory::P12547	1bb7a69c5ac8dff09d9743d7de36e3db00db59e8de64893c6df4fc99ac9601d3
confirmatory::P12656	cd44ecfb0231fbe25976a913c1248001f954c4063e308617e008c4b65e1d218b
confirmatory::P12704	2ca3559869bf73bf1369b0778046227fe36990704ef03e92e809601ac40ebe65
confirmatory::P12705	2ca3559869bf73bf1369b0778046227fe36990704ef03e92e809601ac40ebe65
confirmatory::P12706	2ca3559869bf73bf1369b0778046227fe36990704ef03e92e809601ac40ebe65
confirmatory::P12708	2ca3559869bf73bf1369b0778046227fe36990704ef03e92e809601ac40ebe65
confirmatory::P12763	8aca6cf56151161615270e0611bfb487352bac7e999974bcc690200b9c87952d
confirmatory::P12799	450882407bb31af420e3fb498b86045252de225bcb0bc544cb192820b36d6e90
confirmatory::P12804	450882407bb31af420e3fb498b86045252de225bcb0bc544cb192820b36d6e90
confirmatory::P12842	87d425c65ac584d5e4c581986c739f7692b2578e446bf382551a86cc21557ecd
confirmatory::P12919	2ce198fad98f14e4c4b8a256c59fcb869aedf9d88f10faac7815fcadcfa4fcaf
confirmatory::P12964	bffd50f311a56dfd6af5ebbbaaa2cf322fc5dd972bc94e936745c25e7dddc26c
confirmatory::P12982	369890e1b4fdd3f4d633bc750ce4706bc6a1c2d11deb58e010bd3f44230852d0
confirmatory::P12992	d1c6ab564afa4059f4195e330c3f3d2fa72e6c258ca03ccbdb0ec294d4b10bcb
confirmatory::P13001	d52af3aeba16f166910db4a02e939c6bcf3e5ff1879d6147eae4d668380d76f5
confirmatory::P13134	0840af6d61e535996fdac85e4931f62ffc2b0d5e510092ed0bdf24addc0a25f9
confirmatory::P13189	0e86e9e3943105f0c02e336cf49e66419fe7933b4a9c56997c7bb8035f3c7a0a
confirmatory::P13190	2ca3559869bf73bf1369b0778046227fe36990704ef03e92e809601ac40ebe65
confirmatory::P13205	647101d05ac1f2ecd26e08607d52d4f9b44472080b1a8ccd64f4a5db8f7b357d
confirmatory::P13213	9f0d0cc0eeb47aec102bb846e184928d26abe3ecb8a62ebc0b78f49871b04459
confirmatory::P13613	7f8373716bb12737be8ec09b43b953fe2c4602353a222f10b3d8e035ef71d7b7
confirmatory::P13671	ba4d2614b5e550635440f4c6525e8134022aee773ce7679090791bd84dd97e71
confirmatory::P13681	369890e1b4fdd3f4d633bc750ce4706bc6a1c2d11deb58e010bd3f44230852d0
confirmatory::P13686	5f720ffdffee0343aa112bd6ae6fcfb774d18bbb2e61a319453a29f6f389cdbb
confirmatory::P13691	35d13a1cc289640836024acc83c845fde380e96b1cf0d8530255ece3e5c4db55
confirmatory::P13698	2ce198fad98f14e4c4b8a256c59fcb869aedf9d88f10faac7815fcadcfa4fcaf
confirmatory::P13727	c9605184d2ac60712053781acb9550f62a513027605873cf8aac9c77211123de
confirmatory::P13731	24376931396657e10ac6c36105371df550b6e383ddce8078df34654d799ae7e7
confirmatory::P13812	2451f13c457744dae9f60e1835aad15e914ddd0aebf0f59541b154361515d0d0
confirmatory::P13814	9115b03cb3061d687b03fddc7be898a18890649d629080776e40a00b900bba11
confirmatory::P13815	9115b03cb3061d687b03fddc7be898a18890649d629080776e40a00b900bba11
confirmatory::P13826	9115b03cb3061d687b03fddc7be898a18890649d629080776e40a00b900bba11
confirmatory::P13943	24063adf61b47696a5084aad279fba23bd2d452cb3a4e2a3d0222f5c61a60eb3
confirmatory::P14356	f0675842b81f11a9cfaf95c944d688ea7e441ad18b936fbe799cdcdede5dded1
confirmatory::P14448	450882407bb31af420e3fb498b86045252de225bcb0bc544cb192820b36d6e90
confirmatory::P14480	450882407bb31af420e3fb498b86045252de225bcb0bc544cb192820b36d6e90
confirmatory::P14593	9115b03cb3061d687b03fddc7be898a18890649d629080776e40a00b900bba11
confirmatory::P14608	8e907e17b392d0933111ef70835d1c0bf6ed67bd8f87d94ebb0b1724daf0f3b4
confirmatory::P14715	61a1c3521102b1f6415e80d7716f6a231e4ae45e7d681e751332bb0344c9ee73
confirmatory::P14747	80188e9791182b3a7d2f79c0e2ed86136b48ed6a049411d036b36313dbd8bbd5
confirmatory::P14780	16ea83094b8a9f3846228c14f4dc27f1b4aac291005aa1d8eb490657405beb3e
confirmatory::P14916	ea060f244e352de2544b388f1abc1899258898681ff665dbf7303805cc505276
confirmatory::P15090	34b41219611ac71b39f94001659d257ef301dc42fb86d0ab1b2396d000b25f11
confirmatory::P15131	2f9db5b8fc00d830c93f9b2ca68277e3c487d58252f4703b40bcbe4291ba46f3
confirmatory::P15312	4b9e7bea9ce8ee8ae94698ef8499017333c8e1e95a44680dba3be60d8618dc01
confirmatory::P15322	8f20d0c6980ead1e360a848d002432fd7be75037bb37add933645c20185679c7
confirmatory::P15329	2cc909198de5bc355e0ffb1e1231892043c8b30f779aa53c4a53c3b15b3891c0
confirmatory::P15399	f92a8e542977ec3d6dc95e8a0bde11a3a1290134ed49574133ebe628e0201670
confirmatory::P15411	50208ba7185986fdc3fd1b52d79feeb7da9b4c04f65a5deb9f7cc3291aa67f87
confirmatory::P15438	0e86e9e3943105f0c02e336cf49e66419fe7933b4a9c56997c7bb8035f3c7a0a
confirmatory::P15458	8f20d0c6980ead1e360a848d002432fd7be75037bb37add933645c20185679c7
confirmatory::P15459	8f20d0c6980ead1e360a848d002432fd7be75037bb37add933645c20185679c7
confirmatory::P15460	8f20d0c6980ead1e360a848d002432fd7be75037bb37add933645c20185679c7
confirmatory::P15461	8f20d0c6980ead1e360a848d002432fd7be75037bb37add933645c20185679c7
confirmatory::P15465	a9391150c2380a90cdb30684db5826c7630bbcf1027f48e160a0e0336a38d3f3
confirmatory::P15493	78f76b1f5620b113df4637a3cb3ed2245ad6ee00952a71201ba7eda19f40a044
confirmatory::P15728	1d789eed8715def0e6e58288406f4209a724f5d38b7bef35e97aed53c2e85d83
confirmatory::P15917	b81940844549cf33aed8b39e19acb25b98f5c7901300504cebc805cba76ecf55
confirmatory::P16061	4b9e7bea9ce8ee8ae94698ef8499017333c8e1e95a44680dba3be60d8618dc01
confirmatory::P16109	d56efa2c4fa76222614d0864fe50657e6fc587cd0e1890c25a37bf138b4b5f1a
confirmatory::P16122	ea060f244e352de2544b388f1abc1899258898681ff665dbf7303805cc505276
confirmatory::P16124	ea060f244e352de2544b388f1abc1899258898681ff665dbf7303805cc505276
confirmatory::P16159	f7a616fde5389141c0e4c34abab3803332ab61f9588c2aa0912a794e89fe69e4
confirmatory::P16298	80188e9791182b3a7d2f79c0e2ed86136b48ed6a049411d036b36313dbd8bbd5
confirmatory::P16335	d9d98dc87e5b735549104aaa10b275156aefccc1d0149a3b6d6311c042517850
confirmatory::P16339	a04f844d77e86f77fef5659f42a8e50de04610e2d3480b1acd934bae2482310d
confirmatory::P16347	61a1c3521102b1f6415e80d7716f6a231e4ae45e7d681e751332bb0344c9ee73
confirmatory::P16348	bf30e013f16aa81ae1fa35895609c363048eab7576368053fb0f2db1dc661092
confirmatory::P16350	7d0ca3f9691895ca753b0995d472ba0ed4112ebe7744b483b0fdcc5d2cb019b3
confirmatory::P16396	5e4fe47448b09e317eaeac505139493ace7f220a7f447de8590bd049d9c61961
confirmatory::P16501	22908ea1541a1b07146f2bd28daaa95ec311bcc862f3182fe7289c27fc0bc4d0
confirmatory::P16579	4b9e7bea9ce8ee8ae94698ef8499017333c8e1e95a44680dba3be60d8618dc01
confirmatory::P16581	d56efa2c4fa76222614d0864fe50657e6fc587cd0e1890c25a37bf138b4b5f1a
confirmatory::P16613	9d2bb9c0ec111008855c185d034a9f835f297b67d775b83c19cacc5a83480fca
confirmatory::P16708	d69e36b58cc54a89ecbe8fca1fb8c091b1afad3efbb4b20f9354eaee1a337549
confirmatory::P16851	f7a616fde5389141c0e4c34abab3803332ab61f9588c2aa0912a794e89fe69e4
confirmatory::P16854	d1c6ab564afa4059f4195e330c3f3d2fa72e6c258ca03ccbdb0ec294d4b10bcb
confirmatory::P16893	8927deb3d36b81872f02f6f2fa6723ab07c6e1431a67fe41e943be1849602b11
confirmatory::P16969	f7a616fde5389141c0e4c34abab3803332ab61f9588c2aa0912a794e89fe69e4
confirmatory::P16975	9f0d0cc0eeb47aec102bb846e184928d26abe3ecb8a62ebc0b78f49871b04459
confirmatory::P17085	22908ea1541a1b07146f2bd28daaa95ec311bcc862f3182fe7289c27fc0bc4d0
confirmatory::P17086	ea060f244e352de2544b388f1abc1899258898681ff665dbf7303805cc505276
confirmatory::P17088	ea060f244e352de2544b388f1abc1899258898681ff665dbf7303805cc505276
confirmatory::P17314	f7a616fde5389141c0e4c34abab3803332ab61f9588c2aa0912a794e89fe69e4
confirmatory::P17573	d1c6ab564afa4059f4195e330c3f3d2fa72e6c258ca03ccbdb0ec294d4b10bcb
confirmatory::P17634	450882407bb31af420e3fb498b86045252de225bcb0bc544cb192820b36d6e90
confirmatory::P17647	22908ea1541a1b07146f2bd28daaa95ec311bcc862f3182fe7289c27fc0bc4d0
confirmatory::P17680	b7762ce85918a621bc4bf4c4e7657779c885d02f6b53a465f4762637db65c059
confirmatory::P17684	c0c8d874268e34a7cd295b578b8e8db0a4e767b67b854e0bbf197efcf8d61662
confirmatory::P17715	2ca3559869bf73bf1369b0778046227fe36990704ef03e92e809601ac40ebe65
confirmatory::P17892	82e1c2f759ec8bf899994b4553b7d3cc20a8d7c5d625a051f6b6104ee4a7005f
confirmatory::P17901	6c3f4d70b3376373f5b8ac648ac38f3b95d784e53784313b87746c19ff4d68a6
confirmatory::P17979	bf30e013f16aa81ae1fa35895609c363048eab7576368053fb0f2db1dc661092
confirmatory::P17980	23d5a3bd524d30d0ed03bfe373885d5527e4035c98c411d13a9667a063013c6e
confirmatory::P18107	55927c04e923f511084010cf0858f6d88c365ae75b99c08d7e94a4aea9cd3a91
confirmatory::P18109	2ca3559869bf73bf1369b0778046227fe36990704ef03e92e809601ac40ebe65
confirmatory::P18167	d1c6ab564afa4059f4195e330c3f3d2fa72e6c258ca03ccbdb0ec294d4b10bcb
confirmatory::P18314	ea060f244e352de2544b388f1abc1899258898681ff665dbf7303805cc505276
confirmatory::P18316	ea060f244e352de2544b388f1abc1899258898681ff665dbf7303805cc505276
confirmatory::P18337	d56efa2c4fa76222614d0864fe50657e6fc587cd0e1890c25a37bf138b4b5f1a
confirmatory::P18384	d1c310bf0ba6d0096f9d7112c268048f8ec36ff308e6ee6aed1e927cb41d53a5
confirmatory::P18395	e9de1a2f7cb129c07a0f04ae08efba495b6b821d03abf1fa01ce52ae6c31c28f
confirmatory::P18406	80411b172a57342a9e6ff35099764047f561bf1337df03f29cf013ee3a7b28d0
confirmatory::P18509	9d2bb9c0ec111008855c185d034a9f835f297b67d775b83c19cacc5a83480fca
confirmatory::P18708	66982e869380038efc306798aae7ce2e1fae56c06d7dfce80d3e44d1d4b5c3dc
confirmatory::P18759	66982e869380038efc306798aae7ce2e1fae56c06d7dfce80d3e44d1d4b5c3dc
confirmatory::P18842	cd44ecfb0231fbe25976a913c1248001f954c4063e308617e008c4b65e1d218b
confirmatory::P18902	c82f4a3ea808a94af9f0fd360da5430293718adb20211aa3407793363c52542d
confirmatory::P18908	08528be7fd341aa6992306d6cc2dcd129232b8b4cd83081db737fc35b1f465a3
confirmatory::P19313	e762a34e2879fb89badf3aefde610ff9d5414dd0791ef2899f47f15931593ae4
confirmatory::P19324	24376931396657e10ac6c36105371df550b6e383ddce8078df34654d799ae7e7
confirmatory::P19336	80411b172a57342a9e6ff35099764047f561bf1337df03f29cf013ee3a7b28d0
confirmatory::P19477	450882407bb31af420e3fb498b86045252de225bcb0bc544cb192820b36d6e90
confirmatory::P19597	9115b03cb3061d687b03fddc7be898a18890649d629080776e40a00b900bba11
confirmatory::P19647	7f8373716bb12737be8ec09b43b953fe2c4602353a222f10b3d8e035ef71d7b7
confirmatory::P19652	1a35ad91798a026bcdebde68ed0eb5d253ad56aad3ddf29531a071fb44d8d05e
confirmatory::P19656	34efdb7da6465528647a3456cde08984bda0ce26aa0261df4c8efe316d3e0938
confirmatory::P19794	cd44ecfb0231fbe25976a913c1248001f954c4063e308617e008c4b65e1d218b
confirmatory::P19884	780632a2b78e928a1a0233a9237a2deb499859d4cb703b9b85c05b6bf0ae4e2d
confirmatory::P20033	2ce198fad98f14e4c4b8a256c59fcb869aedf9d88f10faac7815fcadcfa4fcaf
confirmatory::P20112	9f0d0cc0eeb47aec102bb846e184928d26abe3ecb8a62ebc0b78f49871b04459
confirmatory::P20145	6b111aaea1b14ddb814846a85c23e172f370297153b0c3e30d310f7fcbc01eb9
confirmatory::P20261	d1c6ab564afa4059f4195e330c3f3d2fa72e6c258ca03ccbdb0ec294d4b10bcb
confirmatory::P20289	5892961fd93913083308b146da1de4c67d025258b98b350e84083bba8418fbd1
confirmatory::P20347	bf30e013f16aa81ae1fa35895609c363048eab7576368053fb0f2db1dc661092
confirmatory::P20462	d87f2bfde3ae8d818bbd095045befab0b7f01c0598e4fbe4ed8a7ca944c82594
confirmatory::P20532	d1c310bf0ba6d0096f9d7112c268048f8ec36ff308e6ee6aed1e927cb41d53a5
confirmatory::P20604	369890e1b4fdd3f4d633bc750ce4706bc6a1c2d11deb58e010bd3f44230852d0
confirmatory::P20651	80188e9791182b3a7d2f79c0e2ed86136b48ed6a049411d036b36313dbd8bbd5
confirmatory::P20654	369890e1b4fdd3f4d633bc750ce4706bc6a1c2d11deb58e010bd3f44230852d0
confirmatory::P20749	f3f20b6381602f1fa9d38f08b644cca24a343b2bae0205e1726918da57ad14fe
confirmatory::P20757	34f3ebf727ba6962d09c497f53fa9a083064002a8920c85a4d004e89f0a534ef
confirmatory::P20841	34a667a0644883d9b39dd7dce4cee33580204b0e824198cf10437a5c0d5a367c
confirmatory::P20842	d4b8fd03a3caaecd44d5b548daa02c315b9633db3506830623271b9a37653456
confirmatory::P20937	7d60fd5c92dfb8bcae8595a5e485074f20595c0030d55c37b8423232e0a10ed8
confirmatory::P21227	4b9e7bea9ce8ee8ae94698ef8499017333c8e1e95a44680dba3be60d8618dc01
confirmatory::P21350	1a35ad91798a026bcdebde68ed0eb5d253ad56aad3ddf29531a071fb44d8d05e
confirmatory::P21370	d1c6ab564afa4059f4195e330c3f3d2fa72e6c258ca03ccbdb0ec294d4b10bcb
confirmatory::P21460	e762a34e2879fb89badf3aefde610ff9d5414dd0791ef2899f47f15931593ae4
confirmatory::P21520	450882407bb31af420e3fb498b86045252de225bcb0bc544cb192820b36d6e90
confirmatory::P21661	da1f730a80c0f0ed1f9303734404705fa18285380f99e8c78185dd847cf60b39
confirmatory::P21664	7f8373716bb12737be8ec09b43b953fe2c4602353a222f10b3d8e035ef71d7b7
confirmatory::P21692	24063adf61b47696a5084aad279fba23bd2d452cb3a4e2a3d0222f5c61a60eb3
confirmatory::P21755	87d425c65ac584d5e4c581986c739f7692b2578e446bf382551a86cc21557ecd
confirmatory::P21760	fff12e77db30d8d5054c219a61e7eadca02694fd845a38e729300f128215237b
confirmatory::P21808	50208ba7185986fdc3fd1b52d79feeb7da9b4c04f65a5deb9f7cc3291aa67f87
confirmatory::P21814	d69e36b58cc54a89ecbe8fca1fb8c091b1afad3efbb4b20f9354eaee1a337549
confirmatory::P21837	d1c6ab564afa4059f4195e330c3f3d2fa72e6c258ca03ccbdb0ec294d4b10bcb
confirmatory::P21854	d7b2cd3570a0ef3c88b208142c6188b437461d7da4d7aef53af7d47fa44509d1
confirmatory::P21956	67b28ba5e81d277aab432e8590ea0314688bb8591ebef3ca06a6935723ff3652
confirmatory::P22057	fff12e77db30d8d5054c219a61e7eadca02694fd845a38e729300f128215237b
confirmatory::P22074	204d40fbc84d9f6e5ccc5cdd1588762f941299e1889fd7a44dc79a3f65ebfaa4
confirmatory::P22088	78f76b1f5620b113df4637a3cb3ed2245ad6ee00952a71201ba7eda19f40a044
confirmatory::P22297	8a5a44f2e2e496be9e977eb7d5eeb2900aeae32a7a76e47038a2b59a653714f1
confirmatory::P22334	2ca3559869bf73bf1369b0778046227fe36990704ef03e92e809601ac40ebe65
confirmatory::P22394	d1c6ab564afa4059f4195e330c3f3d2fa72e6c258ca03ccbdb0ec294d4b10bcb
confirmatory::P22542	e77bf3f78a655950f3c6aa82f9efde5934174847ed4cfa0f9e1fe8fc227e1612
confirmatory::P22618	22908ea1541a1b07146f2bd28daaa95ec311bcc862f3182fe7289c27fc0bc4d0
confirmatory::P22757	24063adf61b47696a5084aad279fba23bd2d452cb3a4e2a3d0222f5c61a60eb3
confirmatory::P22848	892ba1855928808c3310b3b648ebd941285e5ffc6df4932601755ed99ba9846b
confirmatory::P22862	4da363a0ba276eafe635d84d1b81e46c4bac3b404865716eba9e051acd5578f3
confirmatory::P22890	0e86e9e3943105f0c02e336cf49e66419fe7933b4a9c56997c7bb8035f3c7a0a
confirmatory::P22894	24063adf61b47696a5084aad279fba23bd2d452cb3a4e2a3d0222f5c61a60eb3
confirmatory::P22969	780632a2b78e928a1a0233a9237a2deb499859d4cb703b9b85c05b6bf0ae4e2d
confirmatory::P23093	a55b5b645cc74959297f4c5ce0af51f2a6ed700db67af5e46f7d78d48e11ff47
confirmatory::P23110	8f20d0c6980ead1e360a848d002432fd7be75037bb37add933645c20185679c7
confirmatory::P23188	da1f730a80c0f0ed1f9303734404705fa18285380f99e8c78185dd847cf60b39
confirmatory::P23287	80188e9791182b3a7d2f79c0e2ed86136b48ed6a049411d036b36313dbd8bbd5
confirmatory::P23377	da1f730a80c0f0ed1f9303734404705fa18285380f99e8c78185dd847cf60b39
confirmatory::P23499	9f0d0cc0eeb47aec102bb846e184928d26abe3ecb8a62ebc0b78f49871b04459
confirmatory::P23594	369890e1b4fdd3f4d633bc750ce4706bc6a1c2d11deb58e010bd3f44230852d0
confirmatory::P23595	369890e1b4fdd3f4d633bc750ce4706bc6a1c2d11deb58e010bd3f44230852d0
confirmatory::P23635	369890e1b4fdd3f4d633bc750ce4706bc6a1c2d11deb58e010bd3f44230852d0
confirmatory::P23636	369890e1b4fdd3f4d633bc750ce4706bc6a1c2d11deb58e010bd3f44230852d0
confirmatory::P23653	1bb7a69c5ac8dff09d9743d7de36e3db00db59e8de64893c6df4fc99ac9601d3
confirmatory::P23694	010725d59e96e3fda4d94277a3aea4cbb29fcf35ffb4cf0a27665a8b212662d3
confirmatory::P23696	369890e1b4fdd3f4d633bc750ce4706bc6a1c2d11deb58e010bd3f44230852d0
confirmatory::P23802	34efdb7da6465528647a3456cde08984bda0ce26aa0261df4c8efe316d3e0938
confirmatory::P23805	87d425c65ac584d5e4c581986c739f7692b2578e446bf382551a86cc21557ecd
confirmatory::P23880	369890e1b4fdd3f4d633bc750ce4706bc6a1c2d11deb58e010bd3f44230852d0
confirmatory::P23916	55c261a3be2da6ae999088ab98a72e1d788658ec02ca4cad94a477bda1c26401
confirmatory::P23974	befad89848da54c0c804dc15767419d3b8490e08279bc8768126939171c2ae0a
confirmatory::P24054	9f0d0cc0eeb47aec102bb846e184928d26abe3ecb8a62ebc0b78f49871b04459
confirmatory::P24090	8aca6cf56151161615270e0611bfb487352bac7e999974bcc690200b9c87952d
confirmatory::P24091	4b9e7bea9ce8ee8ae94698ef8499017333c8e1e95a44680dba3be60d8618dc01
confirmatory::P24259	08528be7fd341aa6992306d6cc2dcd129232b8b4cd83081db737fc35b1f465a3
confirmatory::P24296	86cc21bca61bd87e3a544b53de63d4a85a51acbb0d64b5ad6e6e2ba8aa8ab938
confirmatory::P24309	0979449cdc194fdff7dab96f55c2a10e5e5abd2d3843d67e604751e8e5fe90dd
confirmatory::P24347	24063adf61b47696a5084aad279fba23bd2d452cb3a4e2a3d0222f5c61a60eb3
confirmatory::P24419	41a6f7bfd85cbbcb6bb213abf0d78ff802f00bf0b967375c1849df62a795df1e
confirmatory::P24526	34b41219611ac71b39f94001659d257ef301dc42fb86d0ab1b2396d000b25f11
confirmatory::P24565	8f20d0c6980ead1e360a848d002432fd7be75037bb37add933645c20185679c7
confirmatory::P24626	4b9e7bea9ce8ee8ae94698ef8499017333c8e1e95a44680dba3be60d8618dc01
confirmatory::P24774	c82f4a3ea808a94af9f0fd360da5430293718adb20211aa3407793363c52542d
confirmatory::P24775	c82f4a3ea808a94af9f0fd360da5430293718adb20211aa3407793363c52542d
confirmatory::P25026	4da363a0ba276eafe635d84d1b81e46c4bac3b404865716eba9e051acd5578f3
confirmatory::P25036	1bb7a69c5ac8dff09d9743d7de36e3db00db59e8de64893c6df4fc99ac9601d3
confirmatory::P25227	1a35ad91798a026bcdebde68ed0eb5d253ad56aad3ddf29531a071fb44d8d05e
confirmatory::P25272	91bd60dabb882867c24e7bc1c3c50d5e623a99ff781af028e7ff380940a7501d
confirmatory::P25273	91bd60dabb882867c24e7bc1c3c50d5e623a99ff781af028e7ff380940a7501d
confirmatory::P25307	6efbf362bb3f2f33889d5c4d84916fe4ded1ec3b26191c3d9d799206b1ed62d8
confirmatory::P25330	cd44ecfb0231fbe25976a913c1248001f954c4063e308617e008c4b65e1d218b
confirmatory::P25381	c3bd830283456a33263d241ca9979ea2d839c0fe1e9892fca9f48e47420c941b
confirmatory::P25430	51385e6e160d21dca4628f1419d83264658dadb6c8828093ced5feae2217388d
confirmatory::P25431	51385e6e160d21dca4628f1419d83264658dadb6c8828093ced5feae2217388d
confirmatory::P25436	51385e6e160d21dca4628f1419d83264658dadb6c8828093ced5feae2217388d
confirmatory::P25472	e94dacc570456da10aa3b2ce453ed8bf2998fbc96c2bd27c92ae791686b52f44
confirmatory::P25694	199e5e746f1a78658450a2ba041b79aef49bbb4feb4fdafedee11b7288c9ede8
confirmatory::P25700	91bd60dabb882867c24e7bc1c3c50d5e623a99ff781af028e7ff380940a7501d
confirmatory::P25725	d1c6ab564afa4059f4195e330c3f3d2fa72e6c258ca03ccbdb0ec294d4b10bcb
confirmatory::P25726	d1c6ab564afa4059f4195e330c3f3d2fa72e6c258ca03ccbdb0ec294d4b10bcb
confirmatory::P25727	d1c6ab564afa4059f4195e330c3f3d2fa72e6c258ca03ccbdb0ec294d4b10bcb
confirmatory::P25765	4b9e7bea9ce8ee8ae94698ef8499017333c8e1e95a44680dba3be60d8618dc01
confirmatory::P25799	a57533e38099ea960ab1f9d4350d4e3eb6a919a313090b8648660eab8a5859d5
confirmatory::P25849	b7762ce85918a621bc4bf4c4e7657779c885d02f6b53a465f4762637db65c059
confirmatory::P25850	b7762ce85918a621bc4bf4c4e7657779c885d02f6b53a465f4762637db65c059
confirmatory::P25973	59a7c73ad4f71325dc069b3b56a6706bf834b27f6842c0393bb71d87efb0b3c8
confirmatory::P26224	7df91d0f17b059c85def1e13f02898d0f232a92a24459cb6e37deaeeff7d06b3
confirmatory::P26504	6cfe2152c18d279eb73119129f4b999746e2d0ac60096d4ba53850d331b314bc
confirmatory::P26570	369890e1b4fdd3f4d633bc750ce4706bc6a1c2d11deb58e010bd3f44230852d0
confirmatory::P26694	9115b03cb3061d687b03fddc7be898a18890649d629080776e40a00b900bba11
confirmatory::P26717	ba638047c24605d7840baa21456a792eb87dea0d635a9d6b405f0050d0dcb588
confirmatory::P26726	50208ba7185986fdc3fd1b52d79feeb7da9b4c04f65a5deb9f7cc3291aa67f87
confirmatory::P26727	50208ba7185986fdc3fd1b52d79feeb7da9b4c04f65a5deb9f7cc3291aa67f87
confirmatory::P26728	50208ba7185986fdc3fd1b52d79feeb7da9b4c04f65a5deb9f7cc3291aa67f87
confirmatory::P26729	50208ba7185986fdc3fd1b52d79feeb7da9b4c04f65a5deb9f7cc3291aa67f87
confirmatory::P26730	50208ba7185986fdc3fd1b52d79feeb7da9b4c04f65a5deb9f7cc3291aa67f87
confirmatory::P26733	50208ba7185986fdc3fd1b52d79feeb7da9b4c04f65a5deb9f7cc3291aa67f87
confirmatory::P26734	50208ba7185986fdc3fd1b52d79feeb7da9b4c04f65a5deb9f7cc3291aa67f87
confirmatory::P26735	50208ba7185986fdc3fd1b52d79feeb7da9b4c04f65a5deb9f7cc3291aa67f87
confirmatory::P26736	50208ba7185986fdc3fd1b52d79feeb7da9b4c04f65a5deb9f7cc3291aa67f87
confirmatory::P26737	50208ba7185986fdc3fd1b52d79feeb7da9b4c04f65a5deb9f7cc3291aa67f87
confirmatory::P26738	50208ba7185986fdc3fd1b52d79feeb7da9b4c04f65a5deb9f7cc3291aa67f87
confirmatory::P26739	50208ba7185986fdc3fd1b52d79feeb7da9b4c04f65a5deb9f7cc3291aa67f87
confirmatory::P26740	50208ba7185986fdc3fd1b52d79feeb7da9b4c04f65a5deb9f7cc3291aa67f87
confirmatory::P26741	50208ba7185986fdc3fd1b52d79feeb7da9b4c04f65a5deb9f7cc3291aa67f87
confirmatory::P26743	50208ba7185986fdc3fd1b52d79feeb7da9b4c04f65a5deb9f7cc3291aa67f87
confirmatory::P26771	b7762ce85918a621bc4bf4c4e7657779c885d02f6b53a465f4762637db65c059
confirmatory::P26780	eb85637eb8a3dcfa0688f0ce39ddbef7c38775a667e3c17295d08b1fe44192ff
confirmatory::P26877	78f76b1f5620b113df4637a3cb3ed2245ad6ee00952a71201ba7eda19f40a044
confirmatory::P26913	34efdb7da6465528647a3456cde08984bda0ce26aa0261df4c8efe316d3e0938
confirmatory::P26929	ea060f244e352de2544b388f1abc1899258898681ff665dbf7303805cc505276
confirmatory::P26986	9a3dfb845640fb89c5b0d5f56ba2397ead313b9180f78d550b63f8ae3d945428
confirmatory::P27054	4b9e7bea9ce8ee8ae94698ef8499017333c8e1e95a44680dba3be60d8618dc01
confirmatory::P27056	86cc21bca61bd87e3a544b53de63d4a85a51acbb0d64b5ad6e6e2ba8aa8ab938
confirmatory::P27113	d56efa2c4fa76222614d0864fe50657e6fc587cd0e1890c25a37bf138b4b5f1a
confirmatory::P27275	6bf10ff544d361595013b8c62ea5f1fc1e336454f9f958fa57a64751a6f09c2d
confirmatory::P27485	c82f4a3ea808a94af9f0fd360da5430293718adb20211aa3407793363c52542d
confirmatory::P27587	6ac1b49bb9b83f44ec21a04257eb9539101727d66d2b0a520e3fcc25716e7fa0
confirmatory::P27631	86cc21bca61bd87e3a544b53de63d4a85a51acbb0d64b5ad6e6e2ba8aa8ab938
confirmatory::P27740	8f20d0c6980ead1e360a848d002432fd7be75037bb37add933645c20185679c7
confirmatory::P27767	cd44ecfb0231fbe25976a913c1248001f954c4063e308617e008c4b65e1d218b
confirmatory::P27814	8b82ebf287b833af4d036924547c8249a2374ba8620909e97c73d9f10372ee04
confirmatory::P27878	6ac1b49bb9b83f44ec21a04257eb9539101727d66d2b0a520e3fcc25716e7fa0
confirmatory::P27918	044998ee53301f25e1da9826d8ad8a58142a4d54a3309f642f4808d2ffb2d10e
confirmatory::P28031	49cc9610b7eb044f650ffb45bbcbb375b8abdf2470afa951e17675f351528d01
confirmatory::P28041	f7a616fde5389141c0e4c34abab3803332ab61f9588c2aa0912a794e89fe69e4
confirmatory::P28053	24063adf61b47696a5084aad279fba23bd2d452cb3a4e2a3d0222f5c61a60eb3
confirmatory::P28296	1bb7a69c5ac8dff09d9743d7de36e3db00db59e8de64893c6df4fc99ac9601d3
confirmatory::P28325	e762a34e2879fb89badf3aefde610ff9d5414dd0791ef2899f47f15931593ae4
confirmatory::P28576	2ce198fad98f14e4c4b8a256c59fcb869aedf9d88f10faac7815fcadcfa4fcaf
confirmatory::P28737	9be8126a2dbfcd7513074efb8f97e42b52a270b713971328a72dcad11b7a1f84
confirmatory::P28840	da1f730a80c0f0ed1f9303734404705fa18285380f99e8c78185dd847cf60b39
confirmatory::P28841	da1f730a80c0f0ed1f9303734404705fa18285380f99e8c78185dd847cf60b39
confirmatory::P28862	24063adf61b47696a5084aad279fba23bd2d452cb3a4e2a3d0222f5c61a60eb3
confirmatory::P28863	24063adf61b47696a5084aad279fba23bd2d452cb3a4e2a3d0222f5c61a60eb3
confirmatory::P29031	4b9e7bea9ce8ee8ae94698ef8499017333c8e1e95a44680dba3be60d8618dc01
confirmatory::P29032	4b9e7bea9ce8ee8ae94698ef8499017333c8e1e95a44680dba3be60d8618dc01
confirmatory::P29071	55927c04e923f511084010cf0858f6d88c365ae75b99c08d7e94a4aea9cd3a91
confirmatory::P29119	da1f730a80c0f0ed1f9303734404705fa18285380f99e8c78185dd847cf60b39
confirmatory::P29120	da1f730a80c0f0ed1f9303734404705fa18285380f99e8c78185dd847cf60b39
confirmatory::P29122	da1f730a80c0f0ed1f9303734404705fa18285380f99e8c78185dd847cf60b39
confirmatory::P29136	d017fd0721e73202cadd9ae3298bfac8bb3fb75187118a3bf8c61e4be5e4e8e8
confirmatory::P29141	88f674bc080314f602c035ecc3b280e847c63a5dcca63de81cc88f0ef5e29401
confirmatory::P29142	1bb7a69c5ac8dff09d9743d7de36e3db00db59e8de64893c6df4fc99ac9601d3
confirmatory::P29143	df5070cd63468908d7ff5dc25c50b27c1be33547707ff62e32f90f7ac877709f
confirmatory::P29145	da1f730a80c0f0ed1f9303734404705fa18285380f99e8c78185dd847cf60b39
confirmatory::P29174	e9de1a2f7cb129c07a0f04ae08efba495b6b821d03abf1fa01ce52ae6c31c28f
confirmatory::P29183	82e1c2f759ec8bf899994b4553b7d3cc20a8d7c5d625a051f6b6104ee4a7005f
confirmatory::P29203	55927c04e923f511084010cf0858f6d88c365ae75b99c08d7e94a4aea9cd3a91
confirmatory::P29204	55927c04e923f511084010cf0858f6d88c365ae75b99c08d7e94a4aea9cd3a91
confirmatory::P29205	55927c04e923f511084010cf0858f6d88c365ae75b99c08d7e94a4aea9cd3a91
confirmatory::P29279	80411b172a57342a9e6ff35099764047f561bf1337df03f29cf013ee3a7b28d0
confirmatory::P29288	5f720ffdffee0343aa112bd6ae6fcfb774d18bbb2e61a319453a29f6f389cdbb
confirmatory::P29335	2ca3559869bf73bf1369b0778046227fe36990704ef03e92e809601ac40ebe65
confirmatory::P29373	34b41219611ac71b39f94001659d257ef301dc42fb86d0ab1b2396d000b25f11
confirmatory::P29420	86cc21bca61bd87e3a544b53de63d4a85a51acbb0d64b5ad6e6e2ba8aa8ab938
confirmatory::P29457	24376931396657e10ac6c36105371df550b6e383ddce8078df34654d799ae7e7
confirmatory::P29519	50208ba7185986fdc3fd1b52d79feeb7da9b4c04f65a5deb9f7cc3291aa67f87
confirmatory::P29599	1bb7a69c5ac8dff09d9743d7de36e3db00db59e8de64893c6df4fc99ac9601d3
confirmatory::P29600	1bb7a69c5ac8dff09d9743d7de36e3db00db59e8de64893c6df4fc99ac9601d3
confirmatory::P29695	4a60ed747214a9670137430d60efbead8fac61db33c998ac34d9dfa0cbcffd37
confirmatory::P29699	8aca6cf56151161615270e0611bfb487352bac7e999974bcc690200b9c87952d
confirmatory::P29700	8aca6cf56151161615270e0611bfb487352bac7e999974bcc690200b9c87952d
confirmatory::P29701	8aca6cf56151161615270e0611bfb487352bac7e999974bcc690200b9c87952d
confirmatory::P29715	4da363a0ba276eafe635d84d1b81e46c4bac3b404865716eba9e051acd5578f3
confirmatory::P29762	34b41219611ac71b39f94001659d257ef301dc42fb86d0ab1b2396d000b25f11
confirmatory::P30152	693191d81dad8633f117940437800dc383ce0e8e12178e775ecd55116c2bb03f
confirmatory::P30233	8f20d0c6980ead1e360a848d002432fd7be75037bb37add933645c20185679c7
confirmatory::P30406	2ca3559869bf73bf1369b0778046227fe36990704ef03e92e809601ac40ebe65
confirmatory::P30407	2ca3559869bf73bf1369b0778046227fe36990704ef03e92e809601ac40ebe65
confirmatory::P30410	2ca3559869bf73bf1369b0778046227fe36990704ef03e92e809601ac40ebe65
confirmatory::P30709	b7762ce85918a621bc4bf4c4e7657779c885d02f6b53a465f4762637db65c059
confirmatory::P30941	bf30e013f16aa81ae1fa35895609c363048eab7576368053fb0f2db1dc661092
confirmatory::P30971	cd44ecfb0231fbe25976a913c1248001f954c4063e308617e008c4b65e1d218b
confirmatory::P30984	cd44ecfb0231fbe25976a913c1248001f954c4063e308617e008c4b65e1d218b
confirmatory::P31025	5892961fd93913083308b146da1de4c67d025258b98b350e84083bba8418fbd1
confirmatory::P31211	a5ebffc2e2dbb22bd5322e5b7f495ec0102e8dba67dfdb8b96b9aa84fa7da6f3
confirmatory::P31229	55927c04e923f511084010cf0858f6d88c365ae75b99c08d7e94a4aea9cd3a91
confirmatory::P31240	2ce198fad98f14e4c4b8a256c59fcb869aedf9d88f10faac7815fcadcfa4fcaf
confirmatory::P31297	0e86e9e3943105f0c02e336cf49e66419fe7933b4a9c56997c7bb8035f3c7a0a
confirmatory::P31299	2f6765a2a89871a6eb92d3007f7c1b382fd5307197640e9907ad0db6980fd8ae
confirmatory::P31339	4618d4b21d822ae674a95c6d1c6009226aad4b31ffaf8bcfccebe1104b8d4471
confirmatory::P31496	ea060f244e352de2544b388f1abc1899258898681ff665dbf7303805cc505276
confirmatory::P31608	3f69eb3447fa28f3b1ab05a1a959b70da776fcb578f082ad0a899827cb98f6f3
confirmatory::P31727	c8f7d07bfe3a8ead90fadb393da616d778b0eaef18212490445c69e998b1cb24
confirmatory::P32041	b7762ce85918a621bc4bf4c4e7657779c885d02f6b53a465f4762637db65c059
confirmatory::P32598	369890e1b4fdd3f4d633bc750ce4706bc6a1c2d11deb58e010bd3f44230852d0
confirmatory::P32647	2f6765a2a89871a6eb92d3007f7c1b382fd5307197640e9907ad0db6980fd8ae
confirmatory::P32649	9d2bb9c0ec111008855c185d034a9f835f297b67d775b83c19cacc5a83480fca
confirmatory::P32733	91bd60dabb882867c24e7bc1c3c50d5e623a99ff781af028e7ff380940a7501d
confirmatory::P32750	d1c6ab564afa4059f4195e330c3f3d2fa72e6c258ca03ccbdb0ec294d4b10bcb
confirmatory::P32752	d1c6ab564afa4059f4195e330c3f3d2fa72e6c258ca03ccbdb0ec294d4b10bcb
confirmatory::P32753	d1c6ab564afa4059f4195e330c3f3d2fa72e6c258ca03ccbdb0ec294d4b10bcb
confirmatory::P32766	e762a34e2879fb89badf3aefde610ff9d5414dd0791ef2899f47f15931593ae4
confirmatory::P32795	eab0d72e0d04bae4dd854288f82011226cc01b607738962e2ac63f8fe4d28af8
confirmatory::P32829	ae06a79fb0a3df6b735edf0b452366dd6bef01d4d1be6595c830072b310a4059
confirmatory::P32838	369890e1b4fdd3f4d633bc750ce4706bc6a1c2d11deb58e010bd3f44230852d0
confirmatory::P32839	c66d9b138209a0064eeedcb22bf43674ef45066b48a22d62213f5f8c58677ce4
confirmatory::P32877	91bd60dabb882867c24e7bc1c3c50d5e623a99ff781af028e7ff380940a7501d
confirmatory::P32936	f7a616fde5389141c0e4c34abab3803332ab61f9588c2aa0912a794e89fe69e4
confirmatory::P32945	369890e1b4fdd3f4d633bc750ce4706bc6a1c2d11deb58e010bd3f44230852d0
confirmatory::P32946	d1c6ab564afa4059f4195e330c3f3d2fa72e6c258ca03ccbdb0ec294d4b10bcb
confirmatory::P32947	d1c6ab564afa4059f4195e330c3f3d2fa72e6c258ca03ccbdb0ec294d4b10bcb
confirmatory::P32949	d1c6ab564afa4059f4195e330c3f3d2fa72e6c258ca03ccbdb0ec294d4b10bcb
confirmatory::P33088	cd44ecfb0231fbe25976a913c1248001f954c4063e308617e008c4b65e1d218b
confirmatory::P33295	1bb7a69c5ac8dff09d9743d7de36e3db00db59e8de64893c6df4fc99ac9601d3
confirmatory::P33297	23d5a3bd524d30d0ed03bfe373885d5527e4035c98c411d13a9667a063013c6e
confirmatory::P33298	23d5a3bd524d30d0ed03bfe373885d5527e4035c98c411d13a9667a063013c6e
confirmatory::P33416	356e13d154b887afa9e89ec7ffb028316bccd02f6bac749a71e312579501bc0d
confirmatory::P33434	16ea83094b8a9f3846228c14f4dc27f1b4aac291005aa1d8eb490657405beb3e
confirmatory::P33436	16ea83094b8a9f3846228c14f4dc27f1b4aac291005aa1d8eb490657405beb3e
confirmatory::P33520	3477fd0ea5188a4b8b43afb8d5373a322612ccc11984832ce02ea8389e95b257
confirmatory::P33528	0e86e9e3943105f0c02e336cf49e66419fe7933b4a9c56997c7bb8035f3c7a0a
confirmatory::P33573	450882407bb31af420e3fb498b86045252de225bcb0bc544cb192820b36d6e90
confirmatory::P33684	55927c04e923f511084010cf0858f6d88c365ae75b99c08d7e94a4aea9cd3a91
confirmatory::P33685	7f8373716bb12737be8ec09b43b953fe2c4602353a222f10b3d8e035ef71d7b7
confirmatory::P33687	7f8373716bb12737be8ec09b43b953fe2c4602353a222f10b3d8e035ef71d7b7
confirmatory::P33688	7f8373716bb12737be8ec09b43b953fe2c4602353a222f10b3d8e035ef71d7b7
confirmatory::P33717	22908ea1541a1b07146f2bd28daaa95ec311bcc862f3182fe7289c27fc0bc4d0
confirmatory::P33718	50208ba7185986fdc3fd1b52d79feeb7da9b4c04f65a5deb9f7cc3291aa67f87
confirmatory::P33719	50208ba7185986fdc3fd1b52d79feeb7da9b4c04f65a5deb9f7cc3291aa67f87
confirmatory::P33720	50208ba7185986fdc3fd1b52d79feeb7da9b4c04f65a5deb9f7cc3291aa67f87
confirmatory::P33721	50208ba7185986fdc3fd1b52d79feeb7da9b4c04f65a5deb9f7cc3291aa67f87
confirmatory::P33722	50208ba7185986fdc3fd1b52d79feeb7da9b4c04f65a5deb9f7cc3291aa67f87
confirmatory::P33730	d56efa2c4fa76222614d0864fe50657e6fc587cd0e1890c25a37bf138b4b5f1a
confirmatory::P33831	d1c310bf0ba6d0096f9d7112c268048f8ec36ff308e6ee6aed1e927cb41d53a5
confirmatory::P33912	4da363a0ba276eafe635d84d1b81e46c4bac3b404865716eba9e051acd5578f3
confirmatory::P34007	2ce198fad98f14e4c4b8a256c59fcb869aedf9d88f10faac7815fcadcfa4fcaf
confirmatory::P34163	d291e2f780ccae734f1044ab8a8bdd51fabac2c2899aa59af35fb22c772d8b01
confirmatory::P34808	794a155dc5d6a4333e7c3f64f71a96bc7d6cff28650fa8bcc5d70a3932053113
confirmatory::P34914	2eecc744c786b9108557788352fd5794355c754b0934c0f099e6c21ad6cf8672
confirmatory::P34950	b7762ce85918a621bc4bf4c4e7657779c885d02f6b53a465f4762637db65c059
confirmatory::P34952	91bd60dabb882867c24e7bc1c3c50d5e623a99ff781af028e7ff380940a7501d
confirmatory::P35173	e18b4e5fbde76978c2080f2894717f1f991e2dfb87f46a80f37a5cab5ea38ab0
confirmatory::P35174	e18b4e5fbde76978c2080f2894717f1f991e2dfb87f46a80f37a5cab5ea38ab0
confirmatory::P35175	e18b4e5fbde76978c2080f2894717f1f991e2dfb87f46a80f37a5cab5ea38ab0
confirmatory::P35242	87d425c65ac584d5e4c581986c739f7692b2578e446bf382551a86cc21557ecd
confirmatory::P35246	87d425c65ac584d5e4c581986c739f7692b2578e446bf382551a86cc21557ecd
confirmatory::P35247	87d425c65ac584d5e4c581986c739f7692b2578e446bf382551a86cc21557ecd
confirmatory::P35249	694df2b5849b10ec08101ea2af6560538999a3c675f58d38bdfa8b4f58b573a3
confirmatory::P35250	694df2b5849b10ec08101ea2af6560538999a3c675f58d38bdfa8b4f58b573a3
confirmatory::P35355	eaccb7debaadc3ca12235f53d0889fe4d708ee20342c7afff2cd364bfff58c6f
confirmatory::P35443	8f558a4eee23f79ecfac992febeb596d06db9acfae871d6a401f21d1c4f22bd5
confirmatory::P35447	ba85e063659590c5598badecc804b13408c0b5ad0ce54fdcaa07150c828d2cc2
confirmatory::P35479	e18b4e5fbde76978c2080f2894717f1f991e2dfb87f46a80f37a5cab5ea38ab0
confirmatory::P35481	e762a34e2879fb89badf3aefde610ff9d5414dd0791ef2899f47f15931593ae4
confirmatory::P35577	a5ebffc2e2dbb22bd5322e5b7f495ec0102e8dba67dfdb8b96b9aa84fa7da6f3
confirmatory::P35578	c2674167d3f5ffaaa0fce4ad0ab2f9f076ecdb54bb7570e81e239bc85ffb75bc
confirmatory::P35600	59f534d535cbf0e6b4356635efdba10890d111828d268b13a376c2e52be63817
confirmatory::P35628	b7762ce85918a621bc4bf4c4e7657779c885d02f6b53a465f4762637db65c059
confirmatory::P35760	25545dadd80435581e74794c9216eeb66ace8228a86901b5932e62c7acee96bd
confirmatory::P35780	25545dadd80435581e74794c9216eeb66ace8228a86901b5932e62c7acee96bd
confirmatory::P35781	25545dadd80435581e74794c9216eeb66ace8228a86901b5932e62c7acee96bd
confirmatory::P35782	25545dadd80435581e74794c9216eeb66ace8228a86901b5932e62c7acee96bd
confirmatory::P35783	25545dadd80435581e74794c9216eeb66ace8228a86901b5932e62c7acee96bd
confirmatory::P35784	25545dadd80435581e74794c9216eeb66ace8228a86901b5932e62c7acee96bd
confirmatory::P35785	25545dadd80435581e74794c9216eeb66ace8228a86901b5932e62c7acee96bd
confirmatory::P35786	25545dadd80435581e74794c9216eeb66ace8228a86901b5932e62c7acee96bd
confirmatory::P35787	25545dadd80435581e74794c9216eeb66ace8228a86901b5932e62c7acee96bd
confirmatory::P35793	80265ba0cf707cc2b9ab56977abaa12643a893bd6a9a455337c6c3dedf45bd7a
confirmatory::P35794	80265ba0cf707cc2b9ab56977abaa12643a893bd6a9a455337c6c3dedf45bd7a
confirmatory::P35812	dab6f722b5cc93168bb39042302381bb8a3d9776198eb56cf1b8fdc6cdf20f05
confirmatory::P35835	1bb7a69c5ac8dff09d9743d7de36e3db00db59e8de64893c6df4fc99ac9601d3
confirmatory::P35998	e2b05054974b1971d2d1faf5c1b63250f10706449e8f9c15bd1f3e29934ed416
confirmatory::P36110	80265ba0cf707cc2b9ab56977abaa12643a893bd6a9a455337c6c3dedf45bd7a
confirmatory::P36233	9f0d0cc0eeb47aec102bb846e184928d26abe3ecb8a62ebc0b78f49871b04459
confirmatory::P36361	4b9e7bea9ce8ee8ae94698ef8499017333c8e1e95a44680dba3be60d8618dc01
confirmatory::P36377	9f0d0cc0eeb47aec102bb846e184928d26abe3ecb8a62ebc0b78f49871b04459
confirmatory::P36378	9f0d0cc0eeb47aec102bb846e184928d26abe3ecb8a62ebc0b78f49871b04459
confirmatory::P36614	369890e1b4fdd3f4d633bc750ce4706bc6a1c2d11deb58e010bd3f44230852d0
confirmatory::P36873	369890e1b4fdd3f4d633bc750ce4706bc6a1c2d11deb58e010bd3f44230852d0
confirmatory::P36874	369890e1b4fdd3f4d633bc750ce4706bc6a1c2d11deb58e010bd3f44230852d0
confirmatory::P36907	4b9e7bea9ce8ee8ae94698ef8499017333c8e1e95a44680dba3be60d8618dc01
confirmatory::P36952	d4b8fd03a3caaecd44d5b548daa02c315b9633db3506830623271b9a37653456
confirmatory::P37153	58c122487636dd7ab904effe42ca93539e9e10855a4715b26eb500f00a2e6c5b
confirmatory::P37206	cd44ecfb0231fbe25976a913c1248001f954c4063e308617e008c4b65e1d218b
confirmatory::P37240	cd44ecfb0231fbe25976a913c1248001f954c4063e308617e008c4b65e1d218b
confirmatory::P37476	b587bef3e5d94148fb6edeb8462e56d2a1573d0e113db913c44f4bfefa67c9fa
confirmatory::P37698	ff0df9e8d06fb39518053d7afe70479e7a1b85bf8cda7237b90893f9c9c35c44
confirmatory::P37699	5ae7ac46313d6410621fc3af950e6a9f4505914a5a1db2c5e204ffa85c68587a
confirmatory::P37700	7df91d0f17b059c85def1e13f02898d0f232a92a24459cb6e37deaeeff7d06b3
confirmatory::P37701	5ae7ac46313d6410621fc3af950e6a9f4505914a5a1db2c5e204ffa85c68587a
confirmatory::P37945	6575fe00f3ccdc3a9bcd22237c35b4067cd150571930ca1e7aa9a8e6117d5536
confirmatory::P38057	8f20d0c6980ead1e360a848d002432fd7be75037bb37add933645c20185679c7
confirmatory::P38126	fed3e7e09f72d7f3873ce51053dc8073da06b403d9f528010ead7c7e1f93da9e
confirmatory::P38139	1193ad80cd8e56f71694c50eaa7dbe930b717432a5ec88db82a00f2b0207ef53
confirmatory::P38295	ae3db36d713f78343ecf11e78c37d92f7a53f0a9ae82c1e682214913ef379127
confirmatory::P38441	d7356fe9ec05f4ada461651840179018ae129daee74988fae88fb71330e480c1
confirmatory::P38442	0381d0f7af14a3591c92835f1116282eb61c01f299113f94f2beb075fc987502
confirmatory::P38565	61adb1568f0ea4bf0914b64132334bcb849d60e5d3c9decd68a904c19cfb5e0f
confirmatory::P38571	d291e2f780ccae734f1044ab8a8bdd51fabac2c2899aa59af35fb22c772d8b01
confirmatory::P38629	694df2b5849b10ec08101ea2af6560538999a3c675f58d38bdfa8b4f58b573a3
confirmatory::P38630	59f534d535cbf0e6b4356635efdba10890d111828d268b13a376c2e52be63817
confirmatory::P38796	f9d9b1c42aa84869dff8eab0b46ff4d73279cceb611f1c2abae0ff4685999c92
confirmatory::P39039	87d425c65ac584d5e4c581986c739f7692b2578e446bf382551a86cc21557ecd
confirmatory::P39089	9d2bb9c0ec111008855c185d034a9f835f297b67d775b83c19cacc5a83480fca
confirmatory::P39410	de8d4e84149eeeed0d2785b27d61df634cca37bc2c4c62ea0668a8d4e69ceaea
confirmatory::P39659	55927c04e923f511084010cf0858f6d88c365ae75b99c08d7e94a4aea9cd3a91
confirmatory::P39678	622df91c2534d286bebdd855536bb09e5ba4a913168cb718d387bfed4de6c99d
confirmatory::P39679	622df91c2534d286bebdd855536bb09e5ba4a913168cb718d387bfed4de6c99d
confirmatory::P39900	24063adf61b47696a5084aad279fba23bd2d452cb3a4e2a3d0222f5c61a60eb3
confirmatory::P39955	9be8126a2dbfcd7513074efb8f97e42b52a270b713971328a72dcad11b7a1f84
confirmatory::P40151	690df3781c5db807468a07cd76b421ea5ed73710dfa19d080ac6641489e4407f
confirmatory::P40152	e264020e65c217cf1b9e3dab1d203d44eb3a1eaa220ef3d7d5382305e0a4d0a5
confirmatory::P40220	34b41219611ac71b39f94001659d257ef301dc42fb86d0ab1b2396d000b25f11
confirmatory::P40341	b587bef3e5d94148fb6edeb8462e56d2a1573d0e113db913c44f4bfefa67c9fa
confirmatory::P40348	694df2b5849b10ec08101ea2af6560538999a3c675f58d38bdfa8b4f58b573a3
confirmatory::P40418	575b03dc7f098ea3d48738f8c5417b226dfb3d485adb80cee16858506b8c241d
confirmatory::P40421	d0c8938c75402fc9c57177bd3bfe0b336c22e73c22b8cdc15342574d072a72cc
confirmatory::P40903	1bb7a69c5ac8dff09d9743d7de36e3db00db59e8de64893c6df4fc99ac9601d3
confirmatory::P40986	5b175013b9ce83a79622e25c3220ba0371f4569529b1fe19df9040a546c833ed
confirmatory::P41018	623f3f0445ba3d68f7f0b01360d57379b68a4bd25c5f902822b41b66dfcdfc89
confirmatory::P41020	ea060f244e352de2544b388f1abc1899258898681ff665dbf7303805cc505276
confirmatory::P41244	5892961fd93913083308b146da1de4c67d025258b98b350e84083bba8418fbd1
confirmatory::P41245	16ea83094b8a9f3846228c14f4dc27f1b4aac291005aa1d8eb490657405beb3e
confirmatory::P41317	87d425c65ac584d5e4c581986c739f7692b2578e446bf382551a86cc21557ecd
confirmatory::P41335	55927c04e923f511084010cf0858f6d88c365ae75b99c08d7e94a4aea9cd3a91
confirmatory::P41337	55927c04e923f511084010cf0858f6d88c365ae75b99c08d7e94a4aea9cd3a91
confirmatory::P41363	1bb7a69c5ac8dff09d9743d7de36e3db00db59e8de64893c6df4fc99ac9601d3
confirmatory::P41411	0b98108f63feb2f4161715bb96c7f7ea730cc1e5c37c8d38bb7a9ae81f45fc1a
confirmatory::P41412	3477fd0ea5188a4b8b43afb8d5373a322612ccc11984832ce02ea8389e95b257
confirmatory::P41509	34b41219611ac71b39f94001659d257ef301dc42fb86d0ab1b2396d000b25f11
confirmatory::P41519	55927c04e923f511084010cf0858f6d88c365ae75b99c08d7e94a4aea9cd3a91
confirmatory::P41522	2ca3559869bf73bf1369b0778046227fe36990704ef03e92e809601ac40ebe65
confirmatory::P41534	9d2bb9c0ec111008855c185d034a9f835f297b67d775b83c19cacc5a83480fca
confirmatory::P41535	9d2bb9c0ec111008855c185d034a9f835f297b67d775b83c19cacc5a83480fca
confirmatory::P41585	9d2bb9c0ec111008855c185d034a9f835f297b67d775b83c19cacc5a83480fca
confirmatory::P41694	22908ea1541a1b07146f2bd28daaa95ec311bcc862f3182fe7289c27fc0bc4d0
confirmatory::P41773	6cfe2152c18d279eb73119129f4b999746e2d0ac60096d4ba53850d331b314bc
confirmatory::P41824	623f3f0445ba3d68f7f0b01360d57379b68a4bd25c5f902822b41b66dfcdfc89
confirmatory::P41967	2920182a75f454e9cdf466b618c06562b245d3ad47fe1352669448ae85847b83
confirmatory::P42201	d56efa2c4fa76222614d0864fe50657e6fc587cd0e1890c25a37bf138b4b5f1a
confirmatory::P42296	cfbf1bf8fd2e05812d2cbfffe9d21c35e47e123037b88ad05deee006f06e3f32
confirmatory::P42633	2ca3559869bf73bf1369b0778046227fe36990704ef03e92e809601ac40ebe65
confirmatory::P42692	9d2bb9c0ec111008855c185d034a9f835f297b67d775b83c19cacc5a83480fca
confirmatory::P42779	1bb7a69c5ac8dff09d9743d7de36e3db00db59e8de64893c6df4fc99ac9601d3
confirmatory::P42781	0840af6d61e535996fdac85e4931f62ffc2b0d5e510092ed0bdf24addc0a25f9
confirmatory::P42790	27d0a2df2c26be7566f70bc6174b56f061ba048d425649ac67ed253980a66dc7
confirmatory::P42822	ea060f244e352de2544b388f1abc1899258898681ff665dbf7303805cc505276
confirmatory::P42823	ea060f244e352de2544b388f1abc1899258898681ff665dbf7303805cc505276
confirmatory::P42873	ea060f244e352de2544b388f1abc1899258898681ff665dbf7303805cc505276
confirmatory::P42885	ea060f244e352de2544b388f1abc1899258898681ff665dbf7303805cc505276
confirmatory::P42887	ea060f244e352de2544b388f1abc1899258898681ff665dbf7303805cc505276
confirmatory::P42993	a1b283954c568250ae144533c08533af6fb1f556e14ea2c50c7e35863c73397a
confirmatory::P42999	31d5329fced0c00d1f9df74407f0db89bc4c24fa33826a95afd2cdb106bd62f9
confirmatory::P43025	417f94494f0bedc6bbff6d639a5b59dbfbb67f8d76fc274178a0fe93937009b8
confirmatory::P43082	4b9e7bea9ce8ee8ae94698ef8499017333c8e1e95a44680dba3be60d8618dc01
confirmatory::P43217	34efdb7da6465528647a3456cde08984bda0ce26aa0261df4c8efe316d3e0938
confirmatory::P43686	23d5a3bd524d30d0ed03bfe373885d5527e4035c98c411d13a9667a063013c6e
confirmatory::P44046	778e72fa9440b0af889fe2329da5c5b9d1d682d319794d6d197d1d359109f2aa
confirmatory::P44391	ea060f244e352de2544b388f1abc1899258898681ff665dbf7303805cc505276
confirmatory::P44393	ea060f244e352de2544b388f1abc1899258898681ff665dbf7303805cc505276
confirmatory::P44569	a56b43ca1132c91c2418ad048b20fefc8b26824fd4a62781b83e938f4325ac8d
confirmatory::P45370	01981eb9e1dc067d1224d59092ffc0fe0bb45743fa25e07d6536cc2cf73ec7f4
confirmatory::P45442	0b71af97dfcedd0bb4c449474851629a743d350d8351b9926c6814e3ae38d8b0
confirmatory::P45452	16ea83094b8a9f3846228c14f4dc27f1b4aac291005aa1d8eb490657405beb3e
confirmatory::P45646	cd44ecfb0231fbe25976a913c1248001f954c4063e308617e008c4b65e1d218b
confirmatory::P45657	cd44ecfb0231fbe25976a913c1248001f954c4063e308617e008c4b65e1d218b
confirmatory::P46201	d69e36b58cc54a89ecbe8fca1fb8c091b1afad3efbb4b20f9354eaee1a337549
confirmatory::P46202	d69e36b58cc54a89ecbe8fca1fb8c091b1afad3efbb4b20f9354eaee1a337549
confirmatory::P46459	66982e869380038efc306798aae7ce2e1fae56c06d7dfce80d3e44d1d4b5c3dc
confirmatory::P46460	66982e869380038efc306798aae7ce2e1fae56c06d7dfce80d3e44d1d4b5c3dc
confirmatory::P46467	12099ebff3efead5c06a18a835e5239edabab4ca79c6c9ba0c916ef443726217
confirmatory::P46471	e2b05054974b1971d2d1faf5c1b63250f10706449e8f9c15bd1f3e29934ed416
confirmatory::P46541	3f5913f7e3e5d5a0a685cebeb853633fcb01f74c67d49634fe5a5e33895c0619
confirmatory::P46544	3f5913f7e3e5d5a0a685cebeb853633fcb01f74c67d49634fe5a5e33895c0619
confirmatory::P47032	80265ba0cf707cc2b9ab56977abaa12643a893bd6a9a455337c6c3dedf45bd7a
confirmatory::P47033	80265ba0cf707cc2b9ab56977abaa12643a893bd6a9a455337c6c3dedf45bd7a
confirmatory::P47229	8762b4dd22780fe23714f203220cc300c681de14521ee5b1a75119c4bf2ce030
confirmatory::P47932	780632a2b78e928a1a0233a9237a2deb499859d4cb703b9b85c05b6bf0ae4e2d
confirmatory::P47982	d1c6ab564afa4059f4195e330c3f3d2fa72e6c258ca03ccbdb0ec294d4b10bcb
confirmatory::P48097	55927c04e923f511084010cf0858f6d88c365ae75b99c08d7e94a4aea9cd3a91
confirmatory::P48142	9d2bb9c0ec111008855c185d034a9f835f297b67d775b83c19cacc5a83480fca
confirmatory::P48144	9d2bb9c0ec111008855c185d034a9f835f297b67d775b83c19cacc5a83480fca
confirmatory::P48252	cd44ecfb0231fbe25976a913c1248001f954c4063e308617e008c4b65e1d218b
confirmatory::P48253	cd44ecfb0231fbe25976a913c1248001f954c4063e308617e008c4b65e1d218b
confirmatory::P48452	80188e9791182b3a7d2f79c0e2ed86136b48ed6a049411d036b36313dbd8bbd5
confirmatory::P48453	80188e9791182b3a7d2f79c0e2ed86136b48ed6a049411d036b36313dbd8bbd5
confirmatory::P48454	80188e9791182b3a7d2f79c0e2ed86136b48ed6a049411d036b36313dbd8bbd5
confirmatory::P48455	80188e9791182b3a7d2f79c0e2ed86136b48ed6a049411d036b36313dbd8bbd5
confirmatory::P48456	80188e9791182b3a7d2f79c0e2ed86136b48ed6a049411d036b36313dbd8bbd5
confirmatory::P48457	80188e9791182b3a7d2f79c0e2ed86136b48ed6a049411d036b36313dbd8bbd5
confirmatory::P48460	057b858e35d3ac13816f6e1111bf2f64935dd92a54cbcef7a8ba2a181a796495
confirmatory::P48461	369890e1b4fdd3f4d633bc750ce4706bc6a1c2d11deb58e010bd3f44230852d0
confirmatory::P48462	369890e1b4fdd3f4d633bc750ce4706bc6a1c2d11deb58e010bd3f44230852d0
confirmatory::P48463	369890e1b4fdd3f4d633bc750ce4706bc6a1c2d11deb58e010bd3f44230852d0
confirmatory::P48482	369890e1b4fdd3f4d633bc750ce4706bc6a1c2d11deb58e010bd3f44230852d0
confirmatory::P48483	369890e1b4fdd3f4d633bc750ce4706bc6a1c2d11deb58e010bd3f44230852d0
confirmatory::P48484	369890e1b4fdd3f4d633bc750ce4706bc6a1c2d11deb58e010bd3f44230852d0
confirmatory::P48485	369890e1b4fdd3f4d633bc750ce4706bc6a1c2d11deb58e010bd3f44230852d0
confirmatory::P48486	369890e1b4fdd3f4d633bc750ce4706bc6a1c2d11deb58e010bd3f44230852d0
confirmatory::P48528	369890e1b4fdd3f4d633bc750ce4706bc6a1c2d11deb58e010bd3f44230852d0
confirmatory::P48529	369890e1b4fdd3f4d633bc750ce4706bc6a1c2d11deb58e010bd3f44230852d0
confirmatory::P48578	369890e1b4fdd3f4d633bc750ce4706bc6a1c2d11deb58e010bd3f44230852d0
confirmatory::P48727	369890e1b4fdd3f4d633bc750ce4706bc6a1c2d11deb58e010bd3f44230852d0
confirmatory::P48745	80411b172a57342a9e6ff35099764047f561bf1337df03f29cf013ee3a7b28d0
confirmatory::P48747	10ba227d6107521780bb627d2ceca0d1716a4aae44848ef30d6ca8677dada2ce
confirmatory::P48756	1266174c120eff8e5214e2b55ed12604c60139466c562171145fa9d0b0892018
confirmatory::P49013	616d63a47ee23edbb85f036ec34ca701a4fdb21b3cee6702a8867dc8ad1d12b9
confirmatory::P49060	82e1c2f759ec8bf899994b4553b7d3cc20a8d7c5d625a051f6b6104ee4a7005f
confirmatory::P49323	4da363a0ba276eafe635d84d1b81e46c4bac3b404865716eba9e051acd5578f3
confirmatory::P49344	77cff5cf979497f38d983cd2f930b2280ad538a27fcdf9e110dc15254b4745e0
confirmatory::P49744	8f558a4eee23f79ecfac992febeb596d06db9acfae871d6a401f21d1c4f22bd5
confirmatory::P49767	0dd93ec998989de91ffa9cd72b23a1778b67e69138f650b7299641bbfde52515
confirmatory::P49923	82e1c2f759ec8bf899994b4553b7d3cc20a8d7c5d625a051f6b6104ee4a7005f
confirmatory::P49956	d09b047ffe8d4e97abef2c426f7aa6afb302a91cd57f766134a65f842d36bb31
confirmatory::P49959	ae06a79fb0a3df6b735edf0b452366dd6bef01d4d1be6595c830072b310a4059
confirmatory::P50044	ea060f244e352de2544b388f1abc1899258898681ff665dbf7303805cc505276
confirmatory::P50045	ea060f244e352de2544b388f1abc1899258898681ff665dbf7303805cc505276
confirmatory::P50046	ea060f244e352de2544b388f1abc1899258898681ff665dbf7303805cc505276
confirmatory::P50047	ea060f244e352de2544b388f1abc1899258898681ff665dbf7303805cc505276
confirmatory::P50086	963d56f1b2b4d56f589c6fdbb8b9bc82631a88963218d62fbcbd157bb6dab8aa
confirmatory::P50280	24063adf61b47696a5084aad279fba23bd2d452cb3a4e2a3d0222f5c61a60eb3
confirmatory::P50282	16ea83094b8a9f3846228c14f4dc27f1b4aac291005aa1d8eb490657405beb3e
confirmatory::P50403	87d425c65ac584d5e4c581986c739f7692b2578e446bf382551a86cc21557ecd
confirmatory::P50404	87d425c65ac584d5e4c581986c739f7692b2578e446bf382551a86cc21557ecd
confirmatory::P50448	7c001592a0af53a0b7029cb604d3d173bb64ff8d0eddd85c023a777d81f9b85a
confirmatory::P50450	a5ebffc2e2dbb22bd5322e5b7f495ec0102e8dba67dfdb8b96b9aa84fa7da6f3
confirmatory::P50454	24376931396657e10ac6c36105371df550b6e383ddce8078df34654d799ae7e7
confirmatory::P50568	34b41219611ac71b39f94001659d257ef301dc42fb86d0ab1b2396d000b25f11
confirmatory::P50757	16ea83094b8a9f3846228c14f4dc27f1b4aac291005aa1d8eb490657405beb3e
confirmatory::P50903	82e1c2f759ec8bf899994b4553b7d3cc20a8d7c5d625a051f6b6104ee4a7005f
confirmatory::P51454	780632a2b78e928a1a0233a9237a2deb499859d4cb703b9b85c05b6bf0ae4e2d
confirmatory::P51455	780632a2b78e928a1a0233a9237a2deb499859d4cb703b9b85c05b6bf0ae4e2d
confirmatory::P51459	22908ea1541a1b07146f2bd28daaa95ec311bcc862f3182fe7289c27fc0bc4d0
confirmatory::P51460	82ba2784f1f8c5c50742e13d650c40e1693ecd41f5e2dbe7f1afccb645a66a72
confirmatory::P51500	cd44ecfb0231fbe25976a913c1248001f954c4063e308617e008c4b65e1d218b
confirmatory::P51511	24063adf61b47696a5084aad279fba23bd2d452cb3a4e2a3d0222f5c61a60eb3
confirmatory::P51512	24063adf61b47696a5084aad279fba23bd2d452cb3a4e2a3d0222f5c61a60eb3
confirmatory::P51559	da1f730a80c0f0ed1f9303734404705fa18285380f99e8c78185dd847cf60b39
confirmatory::P51609	80411b172a57342a9e6ff35099764047f561bf1337df03f29cf013ee3a7b28d0
confirmatory::P51613	4b9e7bea9ce8ee8ae94698ef8499017333c8e1e95a44680dba3be60d8618dc01
confirmatory::P51673	34b41219611ac71b39f94001659d257ef301dc42fb86d0ab1b2396d000b25f11
confirmatory::P52176	16ea83094b8a9f3846228c14f4dc27f1b4aac291005aa1d8eb490657405beb3e
confirmatory::P52279	87480a95a88b6b578d03758154256fdbdbb2e3418af2f8712b57ff0c18f5edc1
confirmatory::P52313	ea060f244e352de2544b388f1abc1899258898681ff665dbf7303805cc505276
confirmatory::P52403	4b9e7bea9ce8ee8ae94698ef8499017333c8e1e95a44680dba3be60d8618dc01
confirmatory::P52404	4b9e7bea9ce8ee8ae94698ef8499017333c8e1e95a44680dba3be60d8618dc01
confirmatory::P52405	4b9e7bea9ce8ee8ae94698ef8499017333c8e1e95a44680dba3be60d8618dc01
confirmatory::P52406	4b9e7bea9ce8ee8ae94698ef8499017333c8e1e95a44680dba3be60d8618dc01
confirmatory::P52704	90ff7565068f7172c3892fc6b8eceb1af8c0eb8e8b45ac8a900b3f0fa9cffe92
confirmatory::P52917	12099ebff3efead5c06a18a835e5239edabab4ca79c6c9ba0c916ef443726217
confirmatory::P53034	694df2b5849b10ec08101ea2af6560538999a3c675f58d38bdfa8b4f58b573a3
confirmatory::P53041	8e22b1d2d0b6eb1e1e5fa4778be233170412d5e999828aaf14773086e528164b
confirmatory::P53042	8e22b1d2d0b6eb1e1e5fa4778be233170412d5e999828aaf14773086e528164b
confirmatory::P53043	8e22b1d2d0b6eb1e1e5fa4778be233170412d5e999828aaf14773086e528164b
confirmatory::P53208	e20a8bbb6820ffca2969918010649a640f3e985aed24ffc4e9ec785478b25859
confirmatory::P53219	0117c31c5e8a946d348c2967069bc984bdac99ef7914e687858f626281ab9502
confirmatory::P53543	cd44ecfb0231fbe25976a913c1248001f954c4063e308617e008c4b65e1d218b
confirmatory::P53549	23d5a3bd524d30d0ed03bfe373885d5527e4035c98c411d13a9667a063013c6e
confirmatory::P53690	24063adf61b47696a5084aad279fba23bd2d452cb3a4e2a3d0222f5c61a60eb3
confirmatory::P53715	5892961fd93913083308b146da1de4c67d025258b98b350e84083bba8418fbd1
confirmatory::P53813	7a843c3d1be2da28cbe8faefcec171d83c5cfee0333f1dd2fb60d4221d2894e0
confirmatory::P54315	82e1c2f759ec8bf899994b4553b7d3cc20a8d7c5d625a051f6b6104ee4a7005f
confirmatory::P54316	82e1c2f759ec8bf899994b4553b7d3cc20a8d7c5d625a051f6b6104ee4a7005f
confirmatory::P54317	82e1c2f759ec8bf899994b4553b7d3cc20a8d7c5d625a051f6b6104ee4a7005f
confirmatory::P54318	82e1c2f759ec8bf899994b4553b7d3cc20a8d7c5d625a051f6b6104ee4a7005f
confirmatory::P54351	66982e869380038efc306798aae7ce2e1fae56c06d7dfce80d3e44d1d4b5c3dc
confirmatory::P54423	b7ffa668b68d370a424e26161c1364936e4506a35d2cce0ecfd8180fd7dccd4d
confirmatory::P54609	199e5e746f1a78658450a2ba041b79aef49bbb4feb4fdafedee11b7288c9ede8
confirmatory::P54775	23d5a3bd524d30d0ed03bfe373885d5527e4035c98c411d13a9667a063013c6e
confirmatory::P54777	199e5e746f1a78658450a2ba041b79aef49bbb4feb4fdafedee11b7288c9ede8
confirmatory::P54784	8df48bdf860c0dc0720d246f6774120404a448fa7c434676be43edba77d6f302
confirmatory::P54789	959c59bbc89e5ccd884a18af8216410e08d62bb0c7ce19880c21e17c609d9466
confirmatory::P54811	199e5e746f1a78658450a2ba041b79aef49bbb4feb4fdafedee11b7288c9ede8
confirmatory::P54812	199e5e746f1a78658450a2ba041b79aef49bbb4feb4fdafedee11b7288c9ede8
confirmatory::P54828	cd44ecfb0231fbe25976a913c1248001f954c4063e308617e008c4b65e1d218b
confirmatory::P55031	82e1c2f759ec8bf899994b4553b7d3cc20a8d7c5d625a051f6b6104ee4a7005f
confirmatory::P55050	34b41219611ac71b39f94001659d257ef301dc42fb86d0ab1b2396d000b25f11
confirmatory::P55051	34b41219611ac71b39f94001659d257ef301dc42fb86d0ab1b2396d000b25f11
confirmatory::P55052	34b41219611ac71b39f94001659d257ef301dc42fb86d0ab1b2396d000b25f11
confirmatory::P55053	34b41219611ac71b39f94001659d257ef301dc42fb86d0ab1b2396d000b25f11
confirmatory::P55054	34b41219611ac71b39f94001659d257ef301dc42fb86d0ab1b2396d000b25f11
confirmatory::P55083	450882407bb31af420e3fb498b86045252de225bcb0bc544cb192820b36d6e90
confirmatory::P55095	0e86e9e3943105f0c02e336cf49e66419fe7933b4a9c56997c7bb8035f3c7a0a
confirmatory::P55272	48576c0bd8d82774f937467c5786b5f9c758f53a4de6f9aa81eb02b680e269f1
confirmatory::P55314	ba4d2614b5e550635440f4c6525e8134022aee773ce7679090791bd84dd97e71
confirmatory::P55390	623f3f0445ba3d68f7f0b01360d57379b68a4bd25c5f902822b41b66dfcdfc89
confirmatory::P55799	ba36d987f1fa0624cfa141a3e10fb029f7aa2efaad45e703221053b39919af2f
confirmatory::P55816	b7af20e2ff6a31f3cbd249b8459d3a5f4bf8ede7999ea66b0892c4a095247572
confirmatory::P55915	7d0ca3f9691895ca753b0995d472ba0ed4112ebe7744b483b0fdcc5d2cb019b3
confirmatory::P55918	450882407bb31af420e3fb498b86045252de225bcb0bc544cb192820b36d6e90
confirmatory::P55958	34efdb7da6465528647a3456cde08984bda0ce26aa0261df4c8efe316d3e0938
confirmatory::P56567	e18b4e5fbde76978c2080f2894717f1f991e2dfb87f46a80f37a5cab5ea38ab0
confirmatory::P56587	989c72ea96b98509f74da5181b2842d92b4f8b6e6696ee13af60e52dac7a8382
confirmatory::P56625	f2ea91d7ad6d511ba4a77f605392c77634378751fa61baa00ea12e7a95707727
confirmatory::P56957	82c2af96da6b5f3096ce87b457e60af374fedc72ee32c531e7e073d50242d8f2
confirmatory::P57407	623f3f0445ba3d68f7f0b01360d57379b68a4bd25c5f902822b41b66dfcdfc89
confirmatory::P57714	dccb74d38eb5e7a9f23fe80d041bb156f74f05b1c460fdc8136e9dbd7d77d278
confirmatory::P57748	24063adf61b47696a5084aad279fba23bd2d452cb3a4e2a3d0222f5c61a60eb3
confirmatory::P58242	eac41909233ae38fd580365dacf70df8362ae19e8f8fb413aa0d59f0af65be98
confirmatory::P58371	1bb7a69c5ac8dff09d9743d7de36e3db00db59e8de64893c6df4fc99ac9601d3
confirmatory::P58502	1bb7a69c5ac8dff09d9743d7de36e3db00db59e8de64893c6df4fc99ac9601d3
confirmatory::P58514	bf30e013f16aa81ae1fa35895609c363048eab7576368053fb0f2db1dc661092
confirmatory::P58515	bf30e013f16aa81ae1fa35895609c363048eab7576368053fb0f2db1dc661092
confirmatory::P58520	bf30e013f16aa81ae1fa35895609c363048eab7576368053fb0f2db1dc661092
confirmatory::P58521	bf30e013f16aa81ae1fa35895609c363048eab7576368053fb0f2db1dc661092
confirmatory::P58806	557be6a58073a1050d885a04f86dea4af0dca53b9624055d15979c9713dfc363
confirmatory::P58849	53e22e9f512a76ff440c38f9f041dfcb3cec0804082167296772e63f5449b80b
confirmatory::P58911	57dff70545ba856697f662ae5491a8c39f6c1895f9cbe45eb349caf8ac451d0c
confirmatory::P58923	d8b6d557921137ab1eb48bf802c46c47fabf82612388b9e4c11cbd696b9c68e1
confirmatory::P58930	d27b7361cd89b7752181d0a5808af4e4cf25586165abbef6d938f296ff0da570
confirmatory::P58989	0d305f242d5f6fed0841ad0e05776b0526f80ab11c58d6e278ace0c9e9f056a5
confirmatory::P59026	85f1565140d950d117993597133543a619f7f388434e05ed2393ffbb203e9588
confirmatory::P59336	b30b84a76b4877ee5f623b2fe1234ec407ce41971f778f80bf04b469852129d7
confirmatory::P59996	1bb7a69c5ac8dff09d9743d7de36e3db00db59e8de64893c6df4fc99ac9601d3
confirmatory::P60510	369890e1b4fdd3f4d633bc750ce4706bc6a1c2d11deb58e010bd3f44230852d0
confirmatory::P60575	e18b4e5fbde76978c2080f2894717f1f991e2dfb87f46a80f37a5cab5ea38ab0
confirmatory::P60576	e18b4e5fbde76978c2080f2894717f1f991e2dfb87f46a80f37a5cab5ea38ab0
confirmatory::P61134	ba4d2614b5e550635440f4c6525e8134022aee773ce7679090791bd84dd97e71
confirmatory::P61287	369890e1b4fdd3f4d633bc750ce4706bc6a1c2d11deb58e010bd3f44230852d0
confirmatory::P61292	369890e1b4fdd3f4d633bc750ce4706bc6a1c2d11deb58e010bd3f44230852d0
confirmatory::P61640	a5ebffc2e2dbb22bd5322e5b7f495ec0102e8dba67dfdb8b96b9aa84fa7da6f3
confirmatory::P61939	a5ebffc2e2dbb22bd5322e5b7f495ec0102e8dba67dfdb8b96b9aa84fa7da6f3
confirmatory::P62136	369890e1b4fdd3f4d633bc750ce4706bc6a1c2d11deb58e010bd3f44230852d0
confirmatory::P62137	369890e1b4fdd3f4d633bc750ce4706bc6a1c2d11deb58e010bd3f44230852d0
confirmatory::P62138	369890e1b4fdd3f4d633bc750ce4706bc6a1c2d11deb58e010bd3f44230852d0
confirmatory::P62139	369890e1b4fdd3f4d633bc750ce4706bc6a1c2d11deb58e010bd3f44230852d0
confirmatory::P62140	369890e1b4fdd3f4d633bc750ce4706bc6a1c2d11deb58e010bd3f44230852d0
confirmatory::P62142	369890e1b4fdd3f4d633bc750ce4706bc6a1c2d11deb58e010bd3f44230852d0
confirmatory::P62143	369890e1b4fdd3f4d633bc750ce4706bc6a1c2d11deb58e010bd3f44230852d0
confirmatory::P62191	23d5a3bd524d30d0ed03bfe373885d5527e4035c98c411d13a9667a063013c6e
confirmatory::P62192	23d5a3bd524d30d0ed03bfe373885d5527e4035c98c411d13a9667a063013c6e
confirmatory::P62193	23d5a3bd524d30d0ed03bfe373885d5527e4035c98c411d13a9667a063013c6e
confirmatory::P62194	e2b05054974b1971d2d1faf5c1b63250f10706449e8f9c15bd1f3e29934ed416
confirmatory::P62196	e2b05054974b1971d2d1faf5c1b63250f10706449e8f9c15bd1f3e29934ed416
confirmatory::P62198	e2b05054974b1971d2d1faf5c1b63250f10706449e8f9c15bd1f3e29934ed416
confirmatory::P62333	23d5a3bd524d30d0ed03bfe373885d5527e4035c98c411d13a9667a063013c6e
confirmatory::P62334	23d5a3bd524d30d0ed03bfe373885d5527e4035c98c411d13a9667a063013c6e
confirmatory::P62502	7bfdf0d684729e3866cf62bb4b65b53aaf40ee773cd48b15af42a8ab5db86327
confirmatory::P62714	369890e1b4fdd3f4d633bc750ce4706bc6a1c2d11deb58e010bd3f44230852d0
confirmatory::P62715	369890e1b4fdd3f4d633bc750ce4706bc6a1c2d11deb58e010bd3f44230852d0
confirmatory::P62964	34b41219611ac71b39f94001659d257ef301dc42fb86d0ab1b2396d000b25f11
confirmatory::P62965	34b41219611ac71b39f94001659d257ef301dc42fb86d0ab1b2396d000b25f11
confirmatory::P63088	369890e1b4fdd3f4d633bc750ce4706bc6a1c2d11deb58e010bd3f44230852d0
confirmatory::P63239	da1f730a80c0f0ed1f9303734404705fa18285380f99e8c78185dd847cf60b39
confirmatory::P63240	da1f730a80c0f0ed1f9303734404705fa18285380f99e8c78185dd847cf60b39
confirmatory::P63289	9d2bb9c0ec111008855c185d034a9f835f297b67d775b83c19cacc5a83480fca
confirmatory::P63290	9d2bb9c0ec111008855c185d034a9f835f297b67d775b83c19cacc5a83480fca
confirmatory::P63291	9d2bb9c0ec111008855c185d034a9f835f297b67d775b83c19cacc5a83480fca
confirmatory::P63292	f2b677e2fd5321ab024cef21588963d9a8417a4e14d4be31ef1166114f89d64f
confirmatory::P63293	f2b677e2fd5321ab024cef21588963d9a8417a4e14d4be31ef1166114f89d64f
confirmatory::P63296	2f6765a2a89871a6eb92d3007f7c1b382fd5307197640e9907ad0db6980fd8ae
confirmatory::P63297	2f6765a2a89871a6eb92d3007f7c1b382fd5307197640e9907ad0db6980fd8ae
confirmatory::P63298	2f6765a2a89871a6eb92d3007f7c1b382fd5307197640e9907ad0db6980fd8ae
confirmatory::P63328	80188e9791182b3a7d2f79c0e2ed86136b48ed6a049411d036b36313dbd8bbd5
confirmatory::P63329	80188e9791182b3a7d2f79c0e2ed86136b48ed6a049411d036b36313dbd8bbd5
confirmatory::P63330	369890e1b4fdd3f4d633bc750ce4706bc6a1c2d11deb58e010bd3f44230852d0
confirmatory::P63331	369890e1b4fdd3f4d633bc750ce4706bc6a1c2d11deb58e010bd3f44230852d0
confirmatory::P64454	c4264e78fea84369c4c97e68703a35d7e6fd336778f625dc29cfa0e67cfb4e0f
confirmatory::P67403	ea060f244e352de2544b388f1abc1899258898681ff665dbf7303805cc505276
confirmatory::P67404	ea060f244e352de2544b388f1abc1899258898681ff665dbf7303805cc505276
confirmatory::P67405	ea060f244e352de2544b388f1abc1899258898681ff665dbf7303805cc505276
confirmatory::P67718	ea060f244e352de2544b388f1abc1899258898681ff665dbf7303805cc505276
confirmatory::P67719	ea060f244e352de2544b388f1abc1899258898681ff665dbf7303805cc505276
confirmatory::P67720	ea060f244e352de2544b388f1abc1899258898681ff665dbf7303805cc505276
confirmatory::P67774	369890e1b4fdd3f4d633bc750ce4706bc6a1c2d11deb58e010bd3f44230852d0
confirmatory::P67775	369890e1b4fdd3f4d633bc750ce4706bc6a1c2d11deb58e010bd3f44230852d0
confirmatory::P67776	369890e1b4fdd3f4d633bc750ce4706bc6a1c2d11deb58e010bd3f44230852d0
confirmatory::P67777	369890e1b4fdd3f4d633bc750ce4706bc6a1c2d11deb58e010bd3f44230852d0
confirmatory::P67968	2ca3559869bf73bf1369b0778046227fe36990704ef03e92e809601ac40ebe65
confirmatory::P67969	2ca3559869bf73bf1369b0778046227fe36990704ef03e92e809601ac40ebe65
confirmatory::P67970	2ca3559869bf73bf1369b0778046227fe36990704ef03e92e809601ac40ebe65
confirmatory::P67971	2ca3559869bf73bf1369b0778046227fe36990704ef03e92e809601ac40ebe65
confirmatory::P67972	2ca3559869bf73bf1369b0778046227fe36990704ef03e92e809601ac40ebe65
confirmatory::P67974	2ca3559869bf73bf1369b0778046227fe36990704ef03e92e809601ac40ebe65
confirmatory::P67975	7f8373716bb12737be8ec09b43b953fe2c4602353a222f10b3d8e035ef71d7b7
confirmatory::P67976	7f8373716bb12737be8ec09b43b953fe2c4602353a222f10b3d8e035ef71d7b7
confirmatory::P68004	55927c04e923f511084010cf0858f6d88c365ae75b99c08d7e94a4aea9cd3a91
confirmatory::P68005	55927c04e923f511084010cf0858f6d88c365ae75b99c08d7e94a4aea9cd3a91
confirmatory::P68006	55927c04e923f511084010cf0858f6d88c365ae75b99c08d7e94a4aea9cd3a91
confirmatory::P68007	55927c04e923f511084010cf0858f6d88c365ae75b99c08d7e94a4aea9cd3a91
confirmatory::P68008	55927c04e923f511084010cf0858f6d88c365ae75b99c08d7e94a4aea9cd3a91
confirmatory::P68009	55927c04e923f511084010cf0858f6d88c365ae75b99c08d7e94a4aea9cd3a91
confirmatory::P68010	55927c04e923f511084010cf0858f6d88c365ae75b99c08d7e94a4aea9cd3a91
confirmatory::P68171	91bd60dabb882867c24e7bc1c3c50d5e623a99ff781af028e7ff380940a7501d
confirmatory::P68243	2ca3559869bf73bf1369b0778046227fe36990704ef03e92e809601ac40ebe65
confirmatory::P68245	2ca3559869bf73bf1369b0778046227fe36990704ef03e92e809601ac40ebe65
confirmatory::P68249	55927c04e923f511084010cf0858f6d88c365ae75b99c08d7e94a4aea9cd3a91
confirmatory::P68260	0e86e9e3943105f0c02e336cf49e66419fe7933b4a9c56997c7bb8035f3c7a0a
confirmatory::P68273	0e86e9e3943105f0c02e336cf49e66419fe7933b4a9c56997c7bb8035f3c7a0a
confirmatory::P68274	0e86e9e3943105f0c02e336cf49e66419fe7933b4a9c56997c7bb8035f3c7a0a
confirmatory::P68275	0e86e9e3943105f0c02e336cf49e66419fe7933b4a9c56997c7bb8035f3c7a0a
confirmatory::P68954	0e86e9e3943105f0c02e336cf49e66419fe7933b4a9c56997c7bb8035f3c7a0a
confirmatory::P68955	0e86e9e3943105f0c02e336cf49e66419fe7933b4a9c56997c7bb8035f3c7a0a
confirmatory::P68956	0e86e9e3943105f0c02e336cf49e66419fe7933b4a9c56997c7bb8035f3c7a0a
confirmatory::P68957	0e86e9e3943105f0c02e336cf49e66419fe7933b4a9c56997c7bb8035f3c7a0a
confirmatory::P68987	2ca3559869bf73bf1369b0778046227fe36990704ef03e92e809601ac40ebe65
confirmatory::P68989	2ca3559869bf73bf1369b0778046227fe36990704ef03e92e809601ac40ebe65
confirmatory::P68990	2ca3559869bf73bf1369b0778046227fe36990704ef03e92e809601ac40ebe65
confirmatory::P68991	2ca3559869bf73bf1369b0778046227fe36990704ef03e92e809601ac40ebe65
confirmatory::P68992	2ca3559869bf73bf1369b0778046227fe36990704ef03e92e809601ac40ebe65
confirmatory::P69034	703bf831d568160eb868d28649f638bf7da02ba9a13dc6ba9cc724bcfe5a6d1c
confirmatory::P69036	a9c406291f53328e8109d80fc74ba2fdb3fb0bb01860051515d8aa4d7e6932cf
confirmatory::P69043	5e1537bef964e72445457226e224d8d631564b28a11a84ec258106e7eef8be2a
confirmatory::P69048	2ca3559869bf73bf1369b0778046227fe36990704ef03e92e809601ac40ebe65
confirmatory::P69056	5e1537bef964e72445457226e224d8d631564b28a11a84ec258106e7eef8be2a
confirmatory::P69057	5e1537bef964e72445457226e224d8d631564b28a11a84ec258106e7eef8be2a
confirmatory::P69058	5e1537bef964e72445457226e224d8d631564b28a11a84ec258106e7eef8be2a
confirmatory::P69092	55927c04e923f511084010cf0858f6d88c365ae75b99c08d7e94a4aea9cd3a91
confirmatory::P69093	55927c04e923f511084010cf0858f6d88c365ae75b99c08d7e94a4aea9cd3a91
confirmatory::P69094	55927c04e923f511084010cf0858f6d88c365ae75b99c08d7e94a4aea9cd3a91
confirmatory::P69095	55927c04e923f511084010cf0858f6d88c365ae75b99c08d7e94a4aea9cd3a91
confirmatory::P69096	55927c04e923f511084010cf0858f6d88c365ae75b99c08d7e94a4aea9cd3a91
confirmatory::P69101	55927c04e923f511084010cf0858f6d88c365ae75b99c08d7e94a4aea9cd3a91
confirmatory::P69102	55927c04e923f511084010cf0858f6d88c365ae75b99c08d7e94a4aea9cd3a91
confirmatory::P69128	c10ad670f42461eacae04fe608d2ef50252a5cc696f10d855222674b01efde1d
confirmatory::P69129	c10ad670f42461eacae04fe608d2ef50252a5cc696f10d855222674b01efde1d
confirmatory::P69502	44c9cb72f24524ffe89bc752e535e730b3a12ed96d0f00f252cca669e0ae492b
confirmatory::P69994	ea060f244e352de2544b388f1abc1899258898681ff665dbf7303805cc505276
confirmatory::P69995	ea060f244e352de2544b388f1abc1899258898681ff665dbf7303805cc505276
confirmatory::P69996	ea060f244e352de2544b388f1abc1899258898681ff665dbf7303805cc505276
confirmatory::P69997	ea060f244e352de2544b388f1abc1899258898681ff665dbf7303805cc505276
confirmatory::P70124	d4b8fd03a3caaecd44d5b548daa02c315b9633db3506830623271b9a37653456
confirmatory::P70158	eac41909233ae38fd580365dacf70df8362ae19e8f8fb413aa0d59f0af65be98
confirmatory::P70623	34b41219611ac71b39f94001659d257ef301dc42fb86d0ab1b2396d000b25f11
confirmatory::P70663	9f0d0cc0eeb47aec102bb846e184928d26abe3ecb8a62ebc0b78f49871b04459
confirmatory::P70682	eaccb7debaadc3ca12235f53d0889fe4d708ee20342c7afff2cd364bfff58c6f
confirmatory::P72191	623f3f0445ba3d68f7f0b01360d57379b68a4bd25c5f902822b41b66dfcdfc89
confirmatory::P73061	ea060f244e352de2544b388f1abc1899258898681ff665dbf7303805cc505276
confirmatory::P73390	01981eb9e1dc067d1224d59092ffc0fe0bb45743fa25e07d6536cc2cf73ec7f4
confirmatory::P73796	ea060f244e352de2544b388f1abc1899258898681ff665dbf7303805cc505276
confirmatory::P74977	34c3f1f4a77dcca2d603577ac8b4e165b0c7a3d0f3235b3e4ba332035d9f215a
confirmatory::P75030	ea060f244e352de2544b388f1abc1899258898681ff665dbf7303805cc505276
confirmatory::P75409	88bafd0f6ef884a50ca3712f908e08ccfc06e678accd9e1aabb4447101897fce
confirmatory::P75895	8da66b03d5b78ce2220b7611f8f2f1bda017289b610f143026c2c40f64c798b7
confirmatory::P77044	8762b4dd22780fe23714f203220cc300c681de14521ee5b1a75119c4bf2ce030
confirmatory::P77837	ea060f244e352de2544b388f1abc1899258898681ff665dbf7303805cc505276
confirmatory::P78380	55ddb3dd17da1cb3ae6ed5aa5ab62a50e2f5afdd8477f9c0f808349986102bb6
confirmatory::P78968	369890e1b4fdd3f4d633bc750ce4706bc6a1c2d11deb58e010bd3f44230852d0
confirmatory::P79100	0fe83d4abf1ce610ad84586dd4d5c46c21bd9db4885afb3ef6d6ab2b95befab2
confirmatory::P79227	24063adf61b47696a5084aad279fba23bd2d452cb3a4e2a3d0222f5c61a60eb3
confirmatory::P79287	24063adf61b47696a5084aad279fba23bd2d452cb3a4e2a3d0222f5c61a60eb3
confirmatory::P79357	cd44ecfb0231fbe25976a913c1248001f954c4063e308617e008c4b65e1d218b
confirmatory::P79385	67b28ba5e81d277aab432e8590ea0314688bb8591ebef3ca06a6935723ff3652
confirmatory::P79391	55ddb3dd17da1cb3ae6ed5aa5ab62a50e2f5afdd8477f9c0f808349986102bb6
confirmatory::P80007	0d305f242d5f6fed0841ad0e05776b0526f80ab11c58d6e278ace0c9e9f056a5
confirmatory::P80015	82ad2a19e2e4a2128676d484ef8771346715fcbceaa6834bb3f067cd1da3b297
confirmatory::P80024	55927c04e923f511084010cf0858f6d88c365ae75b99c08d7e94a4aea9cd3a91
confirmatory::P80029	0d305f242d5f6fed0841ad0e05776b0526f80ab11c58d6e278ace0c9e9f056a5
confirmatory::P80035	d291e2f780ccae734f1044ab8a8bdd51fabac2c2899aa59af35fb22c772d8b01
confirmatory::P80049	34b41219611ac71b39f94001659d257ef301dc42fb86d0ab1b2396d000b25f11
confirmatory::P80146	1bb7a69c5ac8dff09d9743d7de36e3db00db59e8de64893c6df4fc99ac9601d3
confirmatory::P80167	55927c04e923f511084010cf0858f6d88c365ae75b99c08d7e94a4aea9cd3a91
confirmatory::P80172	a370330ab89c8ac61203b77cb8bee17ba9e6487f098bbf52cd4872a981c73e2c
confirmatory::P80188	693191d81dad8633f117940437800dc383ce0e8e12178e775ecd55116c2bb03f
confirmatory::P80191	8aca6cf56151161615270e0611bfb487352bac7e999974bcc690200b9c87952d
confirmatory::P80208	8f20d0c6980ead1e360a848d002432fd7be75037bb37add933645c20185679c7
confirmatory::P80273	86cc21bca61bd87e3a544b53de63d4a85a51acbb0d64b5ad6e6e2ba8aa8ab938
confirmatory::P80299	2eecc744c786b9108557788352fd5794355c754b0934c0f099e6c21ad6cf8672
confirmatory::P80301	eb85637eb8a3dcfa0688f0ce39ddbef7c38775a667e3c17295d08b1fe44192ff
confirmatory::P80351	8f20d0c6980ead1e360a848d002432fd7be75037bb37add933645c20185679c7
confirmatory::P80352	8f20d0c6980ead1e360a848d002432fd7be75037bb37add933645c20185679c7
confirmatory::P80353	8f20d0c6980ead1e360a848d002432fd7be75037bb37add933645c20185679c7
confirmatory::P80359	4b9e7bea9ce8ee8ae94698ef8499017333c8e1e95a44680dba3be60d8618dc01
confirmatory::P80370	389ad42570c89a23dada5ba64aad3e0bd24cb5b88b1fc4a23e5d29f2508b4cfc
confirmatory::P80416	e18b4e5fbde76978c2080f2894717f1f991e2dfb87f46a80f37a5cab5ea38ab0
confirmatory::P80424	b364128ce74b38523f92d7e55811ecac6ee23ba8b6f23381aad717dd65560c27
confirmatory::P80450	34efdb7da6465528647a3456cde08984bda0ce26aa0261df4c8efe316d3e0938
confirmatory::P80663	cd44ecfb0231fbe25976a913c1248001f954c4063e308617e008c4b65e1d218b
confirmatory::P80664	cd44ecfb0231fbe25976a913c1248001f954c4063e308617e008c4b65e1d218b
confirmatory::P80691	61a1c3521102b1f6415e80d7716f6a231e4ae45e7d681e751332bb0344c9ee73
confirmatory::P80736	e18b4e5fbde76978c2080f2894717f1f991e2dfb87f46a80f37a5cab5ea38ab0
confirmatory::P80952	55927c04e923f511084010cf0858f6d88c365ae75b99c08d7e94a4aea9cd3a91
confirmatory::P81016	9d2bb9c0ec111008855c185d034a9f835f297b67d775b83c19cacc5a83480fca
confirmatory::P81026	0e86e9e3943105f0c02e336cf49e66419fe7933b4a9c56997c7bb8035f3c7a0a
confirmatory::P81028	55927c04e923f511084010cf0858f6d88c365ae75b99c08d7e94a4aea9cd3a91
confirmatory::P81039	9d2bb9c0ec111008855c185d034a9f835f297b67d775b83c19cacc5a83480fca
confirmatory::P81061	e762a34e2879fb89badf3aefde610ff9d5414dd0791ef2899f47f15931593ae4
confirmatory::P81069	922c536314c57b8fad9957583decb99342da4d7a7fbcfbc74f1573e7ce15839c
confirmatory::P81139	82e1c2f759ec8bf899994b4553b7d3cc20a8d7c5d625a051f6b6104ee4a7005f
confirmatory::P81187	bc915c1c28ec405395a99c2ecfb7d27da28c273f79648ff3c9d1f724acfa6d1b
confirmatory::P81191	b801cd20caed02d42372e64843da24fbe06c1fd7f7e967372892e647cc88444a
confirmatory::P81245	edb3c447afa44d59b38fa892298e479bed83027ef9490899288c6eb76b785c0e
confirmatory::P81365	91bd60dabb882867c24e7bc1c3c50d5e623a99ff781af028e7ff380940a7501d
confirmatory::P81366	91bd60dabb882867c24e7bc1c3c50d5e623a99ff781af028e7ff380940a7501d
confirmatory::P81367	f7a616fde5389141c0e4c34abab3803332ab61f9588c2aa0912a794e89fe69e4
confirmatory::P81368	f7a616fde5389141c0e4c34abab3803332ab61f9588c2aa0912a794e89fe69e4
confirmatory::P81402	86cc21bca61bd87e3a544b53de63d4a85a51acbb0d64b5ad6e6e2ba8aa8ab938
confirmatory::P81423	2ca3559869bf73bf1369b0778046227fe36990704ef03e92e809601ac40ebe65
confirmatory::P81429	d1c6ab564afa4059f4195e330c3f3d2fa72e6c258ca03ccbdb0ec294d4b10bcb
confirmatory::P81591	4b9e7bea9ce8ee8ae94698ef8499017333c8e1e95a44680dba3be60d8618dc01
confirmatory::P81608	ae072172ac565f240e9af5c41bfdfc0174476f5f1bc878f8c5aab26e7d89d267
confirmatory::P81622	623f3f0445ba3d68f7f0b01360d57379b68a4bd25c5f902822b41b66dfcdfc89
confirmatory::P81656	25545dadd80435581e74794c9216eeb66ace8228a86901b5932e62c7acee96bd
confirmatory::P81657	25545dadd80435581e74794c9216eeb66ace8228a86901b5932e62c7acee96bd
confirmatory::P81702	ce1c64f50954031725ebd9332ca2644ecc1773876add3f3aaba6d3799b2d5fcc
confirmatory::P81714	e762a34e2879fb89badf3aefde610ff9d5414dd0791ef2899f47f15931593ae4
confirmatory::P81726	7cfc083fd4b244bc8c957330ce9e6b1720e1683808f7eaaa0da9e0bb5575cae7
confirmatory::P81859	fb3d9086710c22eb209777dc02506bc21ad102b35c0a2d4e54e73b021c9991f7
confirmatory::P81862	a57b5841283fbaab7fdeaba66ec5aa004540ea843306ff4b92c2f55e248ac1a2
confirmatory::P81880	0e86e9e3943105f0c02e336cf49e66419fe7933b4a9c56997c7bb8035f3c7a0a
confirmatory::P82007	5041a1e1f60f70f4bccce3b8daeb631454e2f014bb557bfeaccf74d45d44c355
confirmatory::P82140	4121cb71d3bc20f196207d98ebec7825ccbdfd988813aea18d4ef15861b530fc
confirmatory::P82188	34b41219611ac71b39f94001659d257ef301dc42fb86d0ab1b2396d000b25f11
confirmatory::P82353	6b111aaea1b14ddb814846a85c23e172f370297153b0c3e30d310f7fcbc01eb9
confirmatory::P82408	b7762ce85918a621bc4bf4c4e7657779c885d02f6b53a465f4762637db65c059
confirmatory::P82409	b7762ce85918a621bc4bf4c4e7657779c885d02f6b53a465f4762637db65c059
confirmatory::P82410	b7762ce85918a621bc4bf4c4e7657779c885d02f6b53a465f4762637db65c059
confirmatory::P82708	7e90cee412221196bcc5f07c4f195b89927144c6913a290671cfdac2f6ba7db5
confirmatory::P82900	6b111aaea1b14ddb814846a85c23e172f370297153b0c3e30d310f7fcbc01eb9
confirmatory::P82901	6b111aaea1b14ddb814846a85c23e172f370297153b0c3e30d310f7fcbc01eb9
confirmatory::P83036	91bd60dabb882867c24e7bc1c3c50d5e623a99ff781af028e7ff380940a7501d
confirmatory::P83051	91bd60dabb882867c24e7bc1c3c50d5e623a99ff781af028e7ff380940a7501d
confirmatory::P83052	91bd60dabb882867c24e7bc1c3c50d5e623a99ff781af028e7ff380940a7501d
confirmatory::P83167	34efdb7da6465528647a3456cde08984bda0ce26aa0261df4c8efe316d3e0938
confirmatory::P83207	f7a616fde5389141c0e4c34abab3803332ab61f9588c2aa0912a794e89fe69e4
confirmatory::P83394	b7762ce85918a621bc4bf4c4e7657779c885d02f6b53a465f4762637db65c059
confirmatory::P83398	b7762ce85918a621bc4bf4c4e7657779c885d02f6b53a465f4762637db65c059
confirmatory::P83434	86cc21bca61bd87e3a544b53de63d4a85a51acbb0d64b5ad6e6e2ba8aa8ab938
confirmatory::P83506	6b111aaea1b14ddb814846a85c23e172f370297153b0c3e30d310f7fcbc01eb9
confirmatory::P83508	f92a8e542977ec3d6dc95e8a0bde11a3a1290134ed49574133ebe628e0201670
confirmatory::P83594	91bd60dabb882867c24e7bc1c3c50d5e623a99ff781af028e7ff380940a7501d
confirmatory::P83667	7cfc083fd4b244bc8c957330ce9e6b1720e1683808f7eaaa0da9e0bb5575cae7
confirmatory::P83770	5825442273aa674e597f0324f3d9d13995d18a085e3f346a6583071a32270dd2
confirmatory::P83790	fb3d9086710c22eb209777dc02506bc21ad102b35c0a2d4e54e73b021c9991f7
confirmatory::P83962	08528be7fd341aa6992306d6cc2dcd129232b8b4cd83081db737fc35b1f465a3
confirmatory::P83964	08528be7fd341aa6992306d6cc2dcd129232b8b4cd83081db737fc35b1f465a3
confirmatory::P84018	50d2b3b947070309bfb730810c28f3838b961195cdd026613072008d8a2c272f
confirmatory::P84282	689e1336433301df9acdf1a59cc5c4534384a4fccb30c420adfc8678283ac487
confirmatory::P84451	b7762ce85918a621bc4bf4c4e7657779c885d02f6b53a465f4762637db65c059
confirmatory::P84488	9d2bb9c0ec111008855c185d034a9f835f297b67d775b83c19cacc5a83480fca
confirmatory::P84771	9d2bb9c0ec111008855c185d034a9f835f297b67d775b83c19cacc5a83480fca
confirmatory::P84772	9d2bb9c0ec111008855c185d034a9f835f297b67d775b83c19cacc5a83480fca
confirmatory::P84775	22908ea1541a1b07146f2bd28daaa95ec311bcc862f3182fe7289c27fc0bc4d0
confirmatory::P84881	7cfc083fd4b244bc8c957330ce9e6b1720e1683808f7eaaa0da9e0bb5575cae7
confirmatory::P84882	91bd60dabb882867c24e7bc1c3c50d5e623a99ff781af028e7ff380940a7501d
confirmatory::P84900	d0df84d7805a54d491be5d2cee4a51201f50805e294ded4ede2c0c504b509e5c
confirmatory::P85031	450882407bb31af420e3fb498b86045252de225bcb0bc544cb192820b36d6e90
confirmatory::P85105	86cc21bca61bd87e3a544b53de63d4a85a51acbb0d64b5ad6e6e2ba8aa8ab938
confirmatory::P85204	34efdb7da6465528647a3456cde08984bda0ce26aa0261df4c8efe316d3e0938
confirmatory::P85206	34efdb7da6465528647a3456cde08984bda0ce26aa0261df4c8efe316d3e0938
confirmatory::P85224	9fd4967cff40f412f7aa7def5ef46c577b9436f6aaf0e2d306211a8ad96bf45c
confirmatory::P85894	86cc21bca61bd87e3a544b53de63d4a85a51acbb0d64b5ad6e6e2ba8aa8ab938
confirmatory::P85966	4b9e7bea9ce8ee8ae94698ef8499017333c8e1e95a44680dba3be60d8618dc01
confirmatory::P86137	34efdb7da6465528647a3456cde08984bda0ce26aa0261df4c8efe316d3e0938
confirmatory::P86193	e3b13ba62a0bdd42d1e0a81b7ebdfec1ffd99e1887b2fd9ad435755bce68f6b9
confirmatory::P86239	450882407bb31af420e3fb498b86045252de225bcb0bc544cb192820b36d6e90
confirmatory::P86325	d1c6ab564afa4059f4195e330c3f3d2fa72e6c258ca03ccbdb0ec294d4b10bcb
confirmatory::P86412	34b41219611ac71b39f94001659d257ef301dc42fb86d0ab1b2396d000b25f11
confirmatory::P86451	91bd60dabb882867c24e7bc1c3c50d5e623a99ff781af028e7ff380940a7501d
confirmatory::P86473	4b9e7bea9ce8ee8ae94698ef8499017333c8e1e95a44680dba3be60d8618dc01
confirmatory::P86521	4b9e7bea9ce8ee8ae94698ef8499017333c8e1e95a44680dba3be60d8618dc01
confirmatory::P86527	34efdb7da6465528647a3456cde08984bda0ce26aa0261df4c8efe316d3e0938
confirmatory::P86809	6b111aaea1b14ddb814846a85c23e172f370297153b0c3e30d310f7fcbc01eb9
confirmatory::P86987	b364128ce74b38523f92d7e55811ecac6ee23ba8b6f23381aad717dd65560c27
confirmatory::P87184	1bb7a69c5ac8dff09d9743d7de36e3db00db59e8de64893c6df4fc99ac9601d3
confirmatory::P90698	c29ace97e3f68e1ea5cedd577cec9590a47ff6f4fd7c3ef59a5be8b4e74a27cf
confirmatory::P91420	369890e1b4fdd3f4d633bc750ce4706bc6a1c2d11deb58e010bd3f44230852d0
confirmatory::P91797	b56a1d7ee3560b19c7f62f09482881dc12d311b025a6f303bd3f6244b1c5bb96
confirmatory::P91863	da1f730a80c0f0ed1f9303734404705fa18285380f99e8c78185dd847cf60b39
confirmatory::P91896	50208ba7185986fdc3fd1b52d79feeb7da9b4c04f65a5deb9f7cc3291aa67f87
confirmatory::P91953	24063adf61b47696a5084aad279fba23bd2d452cb3a4e2a3d0222f5c61a60eb3
confirmatory::P93198	8f20d0c6980ead1e360a848d002432fd7be75037bb37add933645c20185679c7
confirmatory::P93224	86cc21bca61bd87e3a544b53de63d4a85a51acbb0d64b5ad6e6e2ba8aa8ab938
confirmatory::P93431	8681430580a6e93c9a5c5191318e81f81318672585060b391df6fac4041ca3f8
confirmatory::P93655	6575fe00f3ccdc3a9bcd22237c35b4067cd150571930ca1e7aa9a8e6117d5536
confirmatory::P93680	4b9e7bea9ce8ee8ae94698ef8499017333c8e1e95a44680dba3be60d8618dc01
confirmatory::P93732	87480a95a88b6b578d03758154256fdbdbb2e3418af2f8712b57ff0c18f5edc1
confirmatory::P94667	ea060f244e352de2544b388f1abc1899258898681ff665dbf7303805cc505276
confirmatory::P95459	623f3f0445ba3d68f7f0b01360d57379b68a4bd25c5f902822b41b66dfcdfc89
confirmatory::P96723	8aba8b6d23474a88b7eebf104d228817cbec24158a7c525094d79679839e22aa
confirmatory::P97290	7c001592a0af53a0b7029cb604d3d173bb64ff8d0eddd85c023a777d81f9b85a
confirmatory::P97470	369890e1b4fdd3f4d633bc750ce4706bc6a1c2d11deb58e010bd3f44230852d0
confirmatory::P97515	8aca6cf56151161615270e0611bfb487352bac7e999974bcc690200b9c87952d
confirmatory::P97535	f65f268cda29366bb13f1b7087e9b249a64aeb6cb18e487923e1b256252c74c8
confirmatory::P97677	24371bf2d6df09880740ab51a10a679536679e6846c484a18360798d6fe47647
confirmatory::P98106	d56efa2c4fa76222614d0864fe50657e6fc587cd0e1890c25a37bf138b4b5f1a
confirmatory::P98109	d56efa2c4fa76222614d0864fe50657e6fc587cd0e1890c25a37bf138b4b5f1a
confirmatory::P98118	7a843c3d1be2da28cbe8faefcec171d83c5cfee0333f1dd2fb60d4221d2894e0
confirmatory::P98131	d56efa2c4fa76222614d0864fe50657e6fc587cd0e1890c25a37bf138b4b5f1a
confirmatory::P98137	ba4d2614b5e550635440f4c6525e8134022aee773ce7679090791bd84dd97e71
confirmatory::P98154	d845f4614da558aa09f4cb8097dd7c0f18155164fe8e907fe4c426cf12b0d6ad
confirmatory::P9WEW3	1bb7a69c5ac8dff09d9743d7de36e3db00db59e8de64893c6df4fc99ac9601d3
confirmatory::P9WEW5	1bb7a69c5ac8dff09d9743d7de36e3db00db59e8de64893c6df4fc99ac9601d3
confirmatory::P9WF06	78d47b6ed3ca78f8dd3831f4740c44d7c09df21a62571a8ab580879d33da35a9
confirmatory::P9WFE6	ea060f244e352de2544b388f1abc1899258898681ff665dbf7303805cc505276
confirmatory::P9WFF0	ea060f244e352de2544b388f1abc1899258898681ff665dbf7303805cc505276
confirmatory::P9WFF1	ea060f244e352de2544b388f1abc1899258898681ff665dbf7303805cc505276
confirmatory::P9WHR2	5c319dcf9c742d6a7db48c3c941e52b3c5b94a1fea2310431a40afaed8bd94e9
confirmatory::P9WHR3	5c319dcf9c742d6a7db48c3c941e52b3c5b94a1fea2310431a40afaed8bd94e9
confirmatory::P9WNH4	8762b4dd22780fe23714f203220cc300c681de14521ee5b1a75119c4bf2ce030
confirmatory::P9WNH5	8762b4dd22780fe23714f203220cc300c681de14521ee5b1a75119c4bf2ce030
confirmatory::P9WP64	e85ca75fd21f08f6c5447a21dbe773f7d8e304b90e5a8fa84e16e5318ae32bc0
confirmatory::P9WP65	e85ca75fd21f08f6c5447a21dbe773f7d8e304b90e5a8fa84e16e5318ae32bc0
confirmatory::P9WPH9	b157b313e23a75883764646f88a009c79c8245674a159f9ab0b02b5366544c5e
confirmatory::P9WQ61	d92fada7feca4c1cde83ce94c6a8fa940bb876766efac09bff27ee9a256a0ac2
confirmatory::P9WQN3	eeea9a44f3b92c0b64cfbc666ec4383718f1a51caad80d42dff39a6daf58eb04
confirmatory::P9WQN5	5971e37049a5aa9cb39d3f93eb42978fd30f68cf207e961d7841bb2ef3ff45c3
confirmatory::Q00008	80265ba0cf707cc2b9ab56977abaa12643a893bd6a9a455337c6c3dedf45bd7a
confirmatory::Q00652	bf30e013f16aa81ae1fa35895609c363048eab7576368053fb0f2db1dc661092
confirmatory::Q00653	a57533e38099ea960ab1f9d4350d4e3eb6a919a313090b8648660eab8a5859d5
confirmatory::Q00690	d56efa2c4fa76222614d0864fe50657e6fc587cd0e1890c25a37bf138b4b5f1a
confirmatory::Q00724	c82f4a3ea808a94af9f0fd360da5430293718adb20211aa3407793363c52542d
confirmatory::Q00915	7e90cee412221196bcc5f07c4f195b89927144c6913a290671cfdac2f6ba7db5
confirmatory::Q01102	d56efa2c4fa76222614d0864fe50657e6fc587cd0e1890c25a37bf138b4b5f1a
confirmatory::Q01443	8927deb3d36b81872f02f6f2fa6723ab07c6e1431a67fe41e943be1849602b11
confirmatory::Q01469	34b41219611ac71b39f94001659d257ef301dc42fb86d0ab1b2396d000b25f11
confirmatory::Q01470	d1c6ab564afa4059f4195e330c3f3d2fa72e6c258ca03ccbdb0ec294d4b10bcb
confirmatory::Q01584	fff12e77db30d8d5054c219a61e7eadca02694fd845a38e729300f128215237b
confirmatory::Q01853	199e5e746f1a78658450a2ba041b79aef49bbb4feb4fdafedee11b7288c9ede8
confirmatory::Q01866	e05601ea88e959e19ab806ffbb105c627801c8bb5ad09dc89365ca58c7e075e4
confirmatory::Q01881	f7a616fde5389141c0e4c34abab3803332ab61f9588c2aa0912a794e89fe69e4
confirmatory::Q01882	f7a616fde5389141c0e4c34abab3803332ab61f9588c2aa0912a794e89fe69e4
confirmatory::Q01883	f7a616fde5389141c0e4c34abab3803332ab61f9588c2aa0912a794e89fe69e4
confirmatory::Q01939	23d5a3bd524d30d0ed03bfe373885d5527e4035c98c411d13a9667a063013c6e
confirmatory::Q01MB6	4b9e7bea9ce8ee8ae94698ef8499017333c8e1e95a44680dba3be60d8618dc01
confirmatory::Q02020	450882407bb31af420e3fb498b86045252de225bcb0bc544cb192820b36d6e90
confirmatory::Q02297	91b858f346ac3afb4728681d878a568bfffadbc62d247fa1e5ced92f762b8c96
confirmatory::Q02815	22908ea1541a1b07146f2bd28daaa95ec311bcc862f3182fe7289c27fc0bc4d0
confirmatory::Q02853	24063adf61b47696a5084aad279fba23bd2d452cb3a4e2a3d0222f5c61a60eb3
confirmatory::Q02891	ae3db36d713f78343ecf11e78c37d92f7a53f0a9ae82c1e682214913ef379127
confirmatory::Q02943	ea060f244e352de2544b388f1abc1899258898681ff665dbf7303805cc505276
confirmatory::Q02FF4	ea060f244e352de2544b388f1abc1899258898681ff665dbf7303805cc505276
confirmatory::Q03017	663be53e07797c6b53cd11f748d22569d84aed21c35499a0aad9fa75e57a441d
confirmatory::Q03110	9115b03cb3061d687b03fddc7be898a18890649d629080776e40a00b900bba11
confirmatory::Q03196	59a7c73ad4f71325dc069b3b56a6706bf834b27f6842c0393bb71d87efb0b3c8
confirmatory::Q03197	bf30e013f16aa81ae1fa35895609c363048eab7576368053fb0f2db1dc661092
confirmatory::Q03282	ea060f244e352de2544b388f1abc1899258898681ff665dbf7303805cc505276
confirmatory::Q03284	ea060f244e352de2544b388f1abc1899258898681ff665dbf7303805cc505276
confirmatory::Q03333	da1f730a80c0f0ed1f9303734404705fa18285380f99e8c78185dd847cf60b39
confirmatory::Q03383	1bad7339ca2028d57e74409846e4a10cdd8d5d1c129e7eda85d5b0f739da9011
confirmatory::Q03420	1bb7a69c5ac8dff09d9743d7de36e3db00db59e8de64893c6df4fc99ac9601d3
confirmatory::Q03461	86cc21bca61bd87e3a544b53de63d4a85a51acbb0d64b5ad6e6e2ba8aa8ab938
confirmatory::Q03649	ae3db36d713f78343ecf11e78c37d92f7a53f0a9ae82c1e682214913ef379127
confirmatory::Q03ME3	ea060f244e352de2544b388f1abc1899258898681ff665dbf7303805cc505276
confirmatory::Q03ME5	ea060f244e352de2544b388f1abc1899258898681ff665dbf7303805cc505276
confirmatory::Q04119	9e381da930fef3e2a273c2551bf164251114ab43d834a36960257f4302374291
confirmatory::Q04456	d1c6ab564afa4059f4195e330c3f3d2fa72e6c258ca03ccbdb0ec294d4b10bcb
confirmatory::Q04457	d1c6ab564afa4059f4195e330c3f3d2fa72e6c258ca03ccbdb0ec294d4b10bcb
confirmatory::Q04519	bd77a94d6f7bd336f5f75129f2f325ac5fb84bd5f6d30ac29dcd849ddde97e20
confirmatory::Q04623	98c5ad590271b1569d010cb76a6a792e17d2b93cd34ef8f21084c236959397d0
confirmatory::Q04749	ad901a5bcc23a8092fb46ec2aa08a464e61fa74edde453c0216fac8d72b06a96
confirmatory::Q05110	25545dadd80435581e74794c9216eeb66ace8228a86901b5932e62c7acee96bd
confirmatory::Q05117	5f720ffdffee0343aa112bd6ae6fcfb774d18bbb2e61a319453a29f6f389cdbb
confirmatory::Q05332	2cc909198de5bc355e0ffb1e1231892043c8b30f779aa53c4a53c3b15b3891c0
confirmatory::Q05487	d1c6ab564afa4059f4195e330c3f3d2fa72e6c258ca03ccbdb0ec294d4b10bcb
confirmatory::Q05547	369890e1b4fdd3f4d633bc750ce4706bc6a1c2d11deb58e010bd3f44230852d0
confirmatory::Q05681	80188e9791182b3a7d2f79c0e2ed86136b48ed6a049411d036b36313dbd8bbd5
confirmatory::Q05769	eaccb7debaadc3ca12235f53d0889fe4d708ee20342c7afff2cd364bfff58c6f
confirmatory::Q05772	8f8da713303fc3e9da5300981fa592399dd69f945ee35063684c899fb1bc1d27
confirmatory::Q05816	34b41219611ac71b39f94001659d257ef301dc42fb86d0ab1b2396d000b25f11
confirmatory::Q05921	8a44bb51ec4eefdb9a75271fb68dc8961d0762b14bd07eab19ffabc446d14663
confirmatory::Q05924	35fb562852952c09ea18952cafc9064066586aa02b57befdd329c08c3ac2a0f2
confirmatory::Q05AK6	09a5c6daa4509edcd9a50cdcab8952c9c902cbc82772d0954acdce88324b4fe6
confirmatory::Q05AS3	9be8126a2dbfcd7513074efb8f97e42b52a270b713971328a72dcad11b7a1f84
confirmatory::Q06000	82e1c2f759ec8bf899994b4553b7d3cc20a8d7c5d625a051f6b6104ee4a7005f
confirmatory::Q06145	1266174c120eff8e5214e2b55ed12604c60139466c562171145fa9d0b0892018
confirmatory::Q06153	9b446bcf70c7a2a62ea0c4709acc86129f0edc80d3444e22acb186e3c15e6177
confirmatory::Q06186	e41d009e5cb7f58c790b0ca9602f9e786b86e33e1a576f001d4c24b1e5f1e2d5
confirmatory::Q06209	4b9e7bea9ce8ee8ae94698ef8499017333c8e1e95a44680dba3be60d8618dc01
confirmatory::Q06547	922c536314c57b8fad9957583decb99342da4d7a7fbcfbc74f1573e7ce15839c
confirmatory::Q06770	a5ebffc2e2dbb22bd5322e5b7f495ec0102e8dba67dfdb8b96b9aa84fa7da6f3
confirmatory::Q06K77	06b04081f38ec9ec550fefb73257890566c9b13ae79c26ee55aa6ed8bfd188e2
confirmatory::Q06VC5	256f8bc81e5f127a1aa39a394495cd832ff8d5cee83f939b0288bf6f2264716b
confirmatory::Q07098	369890e1b4fdd3f4d633bc750ce4706bc6a1c2d11deb58e010bd3f44230852d0
confirmatory::Q07099	369890e1b4fdd3f4d633bc750ce4706bc6a1c2d11deb58e010bd3f44230852d0
confirmatory::Q07100	369890e1b4fdd3f4d633bc750ce4706bc6a1c2d11deb58e010bd3f44230852d0
confirmatory::Q07108	d78d49674f37632ea0ae0056416cafb4fe0ca7fc10a007fbd7127ad0e6c90b4a
confirmatory::Q07397	ea060f244e352de2544b388f1abc1899258898681ff665dbf7303805cc505276
confirmatory::Q07399	ea060f244e352de2544b388f1abc1899258898681ff665dbf7303805cc505276
confirmatory::Q07444	ba638047c24605d7840baa21456a792eb87dea0d635a9d6b405f0050d0dcb588
confirmatory::Q07646	f57c6cf461f021788bb7f38d55fb443eb4f59d5c8171c8c0af30ab029f1bfb82
confirmatory::Q07730	fc1cd218af6bd9e46ce3551bc43f80f187a3cc6e34adc65cd63f7b24dee830fa
confirmatory::Q07DV3	fda4691ac7474afa1416f69875bb1ae70c656582bd0ae9c47990dadde158ccc4
confirmatory::Q07DX6	fda4691ac7474afa1416f69875bb1ae70c656582bd0ae9c47990dadde158ccc4
confirmatory::Q07DY6	fda4691ac7474afa1416f69875bb1ae70c656582bd0ae9c47990dadde158ccc4
confirmatory::Q07DZ7	fda4691ac7474afa1416f69875bb1ae70c656582bd0ae9c47990dadde158ccc4
confirmatory::Q07E17	fda4691ac7474afa1416f69875bb1ae70c656582bd0ae9c47990dadde158ccc4
confirmatory::Q07K70	ea060f244e352de2544b388f1abc1899258898681ff665dbf7303805cc505276
confirmatory::Q07K73	ea060f244e352de2544b388f1abc1899258898681ff665dbf7303805cc505276
confirmatory::Q08209	80188e9791182b3a7d2f79c0e2ed86136b48ed6a049411d036b36313dbd8bbd5
confirmatory::Q08279	22908ea1541a1b07146f2bd28daaa95ec311bcc862f3182fe7289c27fc0bc4d0
confirmatory::Q08431	67b28ba5e81d277aab432e8590ea0314688bb8591ebef3ca06a6935723ff3652
confirmatory::Q08519	d4b8fd03a3caaecd44d5b548daa02c315b9633db3506830623271b9a37653456
confirmatory::Q08535	2f6765a2a89871a6eb92d3007f7c1b382fd5307197640e9907ad0db6980fd8ae
confirmatory::Q08652	7e90cee412221196bcc5f07c4f195b89927144c6913a290671cfdac2f6ba7db5
confirmatory::Q08662	d1c6ab564afa4059f4195e330c3f3d2fa72e6c258ca03ccbdb0ec294d4b10bcb
confirmatory::Q08697	80265ba0cf707cc2b9ab56977abaa12643a893bd6a9a455337c6c3dedf45bd7a
confirmatory::Q08716	ea060f244e352de2544b388f1abc1899258898681ff665dbf7303805cc505276
confirmatory::Q08830	450882407bb31af420e3fb498b86045252de225bcb0bc544cb192820b36d6e90
confirmatory::Q08DW9	86a5c1bfc5908ede8123b1f6c7156fccf03d9d9b70f3f68acd76dfc146e5b158
confirmatory::Q09131	bb6ceea07e989d80c137788cdbdfd634ab9becd492e572919974a7e2ecc7bc23
confirmatory::Q09139	34b41219611ac71b39f94001659d257ef301dc42fb86d0ab1b2396d000b25f11
confirmatory::Q09169	9d2bb9c0ec111008855c185d034a9f835f297b67d775b83c19cacc5a83480fca
confirmatory::Q09175	0840af6d61e535996fdac85e4931f62ffc2b0d5e510092ed0bdf24addc0a25f9
confirmatory::Q09496	369890e1b4fdd3f4d633bc750ce4706bc6a1c2d11deb58e010bd3f44230852d0
confirmatory::Q09701	651b9e92e4ecdc30680b00e0468876c9c908e05f14b01e162f2fa49e6daa2c3c
confirmatory::Q09803	12099ebff3efead5c06a18a835e5239edabab4ca79c6c9ba0c916ef443726217
confirmatory::Q09843	694df2b5849b10ec08101ea2af6560538999a3c675f58d38bdfa8b4f58b573a3
confirmatory::Q09TK7	6b0ebc54dfc64f7e2c289708b3968aada03a867dbdba2a8bd6abfebd1ad576b8
confirmatory::Q09TK9	4dd182530990b6549f71b8bf81edf5846a3c0fdfd4cb11f7de9dd14c51877cba
confirmatory::Q09YH1	fda4691ac7474afa1416f69875bb1ae70c656582bd0ae9c47990dadde158ccc4
confirmatory::Q09YK6	fda4691ac7474afa1416f69875bb1ae70c656582bd0ae9c47990dadde158ccc4
confirmatory::Q0BHN3	ea060f244e352de2544b388f1abc1899258898681ff665dbf7303805cc505276
confirmatory::Q0BHN5	ea060f244e352de2544b388f1abc1899258898681ff665dbf7303805cc505276
confirmatory::Q0BQ42	ea060f244e352de2544b388f1abc1899258898681ff665dbf7303805cc505276
confirmatory::Q0DN94	9e66f92e3f626e738b94300e03df7a1a329731025f17ed2efddc46e081025f75
confirmatory::Q0E2S4	369890e1b4fdd3f4d633bc750ce4706bc6a1c2d11deb58e010bd3f44230852d0
confirmatory::Q0E587	4d74d15aa3e2d11db54a7e73cd34e515d68628198cbd4d2a4d5f565252515ccb
confirmatory::Q0E588	38e2f0eec7775cc2dd50604c78708b92566c8dd7c5c225fb2b2533265d59c07a
confirmatory::Q0E8C8	232e68042990aa2d6dfdf8f6484cf31b647eb80f7a23965c2942f14610d76bf2
confirmatory::Q0G819	80188e9791182b3a7d2f79c0e2ed86136b48ed6a049411d036b36313dbd8bbd5
confirmatory::Q0H8B9	e73c96ea43f7190ef92adf35894e2eb0a0c6332b069837b46e96d09e4da1989a
confirmatory::Q0I656	ea060f244e352de2544b388f1abc1899258898681ff665dbf7303805cc505276
confirmatory::Q0I658	ea060f244e352de2544b388f1abc1899258898681ff665dbf7303805cc505276
confirmatory::Q0IQK9	34efdb7da6465528647a3456cde08984bda0ce26aa0261df4c8efe316d3e0938
confirmatory::Q0J0A4	80a4a9f363a89d8ed82f93d5e47a0d470f2326e942d948577be7d51473425c16
confirmatory::Q0JJ01	0c8086f45593ce731d32d9faba840aad5c05b57a307b6bf8220176cb31e54e21
confirmatory::Q0KCP6	ea060f244e352de2544b388f1abc1899258898681ff665dbf7303805cc505276
confirmatory::Q0P4P2	450882407bb31af420e3fb498b86045252de225bcb0bc544cb192820b36d6e90
confirmatory::Q0RQR8	ea060f244e352de2544b388f1abc1899258898681ff665dbf7303805cc505276
confirmatory::Q0S4S7	ea060f244e352de2544b388f1abc1899258898681ff665dbf7303805cc505276
confirmatory::Q0S4S9	ea060f244e352de2544b388f1abc1899258898681ff665dbf7303805cc505276
confirmatory::Q0TC55	d52af3aeba16f166910db4a02e939c6bcf3e5ff1879d6147eae4d668380d76f5
confirmatory::Q0V8B6	c8bc632faaa2dd7e9e07420c2893908d6cabe65710e6f1a8676bef0b20dead16
confirmatory::Q0V9K2	0117c31c5e8a946d348c2967069bc984bdac99ef7914e687858f626281ab9502
confirmatory::Q0VC00	b039ccfd244270e65ee7ca7692ed51ef79a65b1b20862267a28d1dbe4cbb86af
confirmatory::Q0VD19	bd77a94d6f7bd336f5f75129f2f325ac5fb84bd5f6d30ac29dcd849ddde97e20
confirmatory::Q0VIL3	b5e03c01fa8ec788c62418b308c35377fee931c14cd5cf80a972b831ec1b8f8d
confirmatory::Q0VKX9	ea060f244e352de2544b388f1abc1899258898681ff665dbf7303805cc505276
confirmatory::Q0VKY1	ea060f244e352de2544b388f1abc1899258898681ff665dbf7303805cc505276
confirmatory::Q0WNE5	8856a301a53b40267674a10bd768cede15c5151a16a718cdb44895a97796ee69
confirmatory::Q10738	24063adf61b47696a5084aad279fba23bd2d452cb3a4e2a3d0222f5c61a60eb3
confirmatory::Q10739	24063adf61b47696a5084aad279fba23bd2d452cb3a4e2a3d0222f5c61a60eb3
confirmatory::Q10835	24063adf61b47696a5084aad279fba23bd2d452cb3a4e2a3d0222f5c61a60eb3
confirmatory::Q108U1	fda4691ac7474afa1416f69875bb1ae70c656582bd0ae9c47990dadde158ccc4
confirmatory::Q10916	bd77a94d6f7bd336f5f75129f2f325ac5fb84bd5f6d30ac29dcd849ddde97e20
confirmatory::Q10994	e18b4e5fbde76978c2080f2894717f1f991e2dfb87f46a80f37a5cab5ea38ab0
confirmatory::Q10ST8	6b111aaea1b14ddb814846a85c23e172f370297153b0c3e30d310f7fcbc01eb9
confirmatory::Q11005	24063adf61b47696a5084aad279fba23bd2d452cb3a4e2a3d0222f5c61a60eb3
confirmatory::Q11133	24063adf61b47696a5084aad279fba23bd2d452cb3a4e2a3d0222f5c61a60eb3
confirmatory::Q117Z3	ea060f244e352de2544b388f1abc1899258898681ff665dbf7303805cc505276
confirmatory::Q11VN3	ea060f244e352de2544b388f1abc1899258898681ff665dbf7303805cc505276
confirmatory::Q12385	98c5ad590271b1569d010cb76a6a792e17d2b93cd34ef8f21084c236959397d0
confirmatory::Q12546	1bf9d2a3ff76529af0bd4c5d86ae87dfaacba148a14660dee67f54fdb6608360
confirmatory::Q12918	8b82ebf287b833af4d036924547c8249a2374ba8620909e97c73d9f10372ee04
confirmatory::Q12DU1	ea060f244e352de2544b388f1abc1899258898681ff665dbf7303805cc505276
confirmatory::Q133L6	ea060f244e352de2544b388f1abc1899258898681ff665dbf7303805cc505276
confirmatory::Q13415	72cb9fee1f9973e32bfa12f20c8173839167e61b5269a4617fc576f7404699c4
confirmatory::Q13608	199e5e746f1a78658450a2ba041b79aef49bbb4feb4fdafedee11b7288c9ede8
confirmatory::Q14210	26711c766da1911f4bf596b105c186a2ff65f3225bc9762c87ffe5eb880b32c0
confirmatory::Q14314	450882407bb31af420e3fb498b86045252de225bcb0bc544cb192820b36d6e90
confirmatory::Q144E2	ea060f244e352de2544b388f1abc1899258898681ff665dbf7303805cc505276
confirmatory::Q148C3	26711c766da1911f4bf596b105c186a2ff65f3225bc9762c87ffe5eb880b32c0
confirmatory::Q15389	450882407bb31af420e3fb498b86045252de225bcb0bc544cb192820b36d6e90
confirmatory::Q15645	47075aafe6d2bac6e113584978b26f2f7857387210bec32ad7cf1bf1364b6c8c
confirmatory::Q15653	f5946217655b779cbdb7da1594ab1ee01d52642a7d2cf2070fa5df1454f6a452
confirmatory::Q15777	954b55641f50254b0d08cce06f30e91b60b69b65b83254277a852aac2b7ed08a
confirmatory::Q161S8	ea060f244e352de2544b388f1abc1899258898681ff665dbf7303805cc505276
confirmatory::Q161T2	ea060f244e352de2544b388f1abc1899258898681ff665dbf7303805cc505276
confirmatory::Q16553	412ebf19781844419f07c45188fde84b1712a4113a21c291d54300b8a26fc585
confirmatory::Q17017	34b41219611ac71b39f94001659d257ef301dc42fb86d0ab1b2396d000b25f11
confirmatory::Q17194	50208ba7185986fdc3fd1b52d79feeb7da9b4c04f65a5deb9f7cc3291aa67f87
confirmatory::Q17284	34b41219611ac71b39f94001659d257ef301dc42fb86d0ab1b2396d000b25f11
confirmatory::Q17QH6	87d425c65ac584d5e4c581986c739f7692b2578e446bf382551a86cc21557ecd
confirmatory::Q17QP1	d2d18a2bc9017c988a97041e7913c4a22389f8f47b279d83b86b94462d23e94f
confirmatory::Q17VS7	ea060f244e352de2544b388f1abc1899258898681ff665dbf7303805cc505276
confirmatory::Q18EB8	ea060f244e352de2544b388f1abc1899258898681ff665dbf7303805cc505276
confirmatory::Q18EB9	ea060f244e352de2544b388f1abc1899258898681ff665dbf7303805cc505276
confirmatory::Q19204	2f8416df2374c5b49b2cb1afe27cecde6deb2fa2b5dead7f830f4605c8f5b21b
confirmatory::Q1B870	ea060f244e352de2544b388f1abc1899258898681ff665dbf7303805cc505276
confirmatory::Q1B872	ea060f244e352de2544b388f1abc1899258898681ff665dbf7303805cc505276
confirmatory::Q1BYH0	ea060f244e352de2544b388f1abc1899258898681ff665dbf7303805cc505276
confirmatory::Q1BYH2	ea060f244e352de2544b388f1abc1899258898681ff665dbf7303805cc505276
confirmatory::Q1C5B3	ea060f244e352de2544b388f1abc1899258898681ff665dbf7303805cc505276
confirmatory::Q1C5B5	ea060f244e352de2544b388f1abc1899258898681ff665dbf7303805cc505276
confirmatory::Q1CKJ9	ea060f244e352de2544b388f1abc1899258898681ff665dbf7303805cc505276
confirmatory::Q1CKK1	ea060f244e352de2544b388f1abc1899258898681ff665dbf7303805cc505276
confirmatory::Q1CV81	ea060f244e352de2544b388f1abc1899258898681ff665dbf7303805cc505276
confirmatory::Q1CV82	ea060f244e352de2544b388f1abc1899258898681ff665dbf7303805cc505276
confirmatory::Q1DFT5	21b6803e980b4100cde10a1f99022cfd345351cf94516b3d0ca4cde64db2a7f4
confirmatory::Q1GJP6	ea060f244e352de2544b388f1abc1899258898681ff665dbf7303805cc505276
confirmatory::Q1GJP8	ea060f244e352de2544b388f1abc1899258898681ff665dbf7303805cc505276
confirmatory::Q1HLC0	710eb036024b5d50e6d748023a6368626bdf41af5f63874a6746cee0576a9a3d
confirmatory::Q1I8U1	37a68aca08cc4cd1d1af492be10b74e52a5948ea83cde728161ed478a544f236
confirmatory::Q1IBP0	ea060f244e352de2544b388f1abc1899258898681ff665dbf7303805cc505276
confirmatory::Q1IBP2	ea060f244e352de2544b388f1abc1899258898681ff665dbf7303805cc505276
confirmatory::Q1J115	dccb74d38eb5e7a9f23fe80d041bb156f74f05b1c460fdc8136e9dbd7d77d278
confirmatory::Q1JPD2	19e73a82bf4cb2521cfe2b344a15acf1f9bc96fc692b16e9e3b365f8c7af5ab6
confirmatory::Q1JPL7	d1141893a83fd0fa499a0d75ef899f4a1ab0167d70a29f2457ca64ebd1a2af28
confirmatory::Q1JU72	99f40f5f5deac002e1b3d68b6ea089ee9bc93d5873f98c72e3a3b22286c5e09d
confirmatory::Q1KN10	0035a6b36c85976691c35680e50e2e247b19db3df154628a849d5fc053110f15
confirmatory::Q1KN12	0035a6b36c85976691c35680e50e2e247b19db3df154628a849d5fc053110f15
confirmatory::Q1KN16	0035a6b36c85976691c35680e50e2e247b19db3df154628a849d5fc053110f15
confirmatory::Q1KN19	0035a6b36c85976691c35680e50e2e247b19db3df154628a849d5fc053110f15
confirmatory::Q1KN21	0035a6b36c85976691c35680e50e2e247b19db3df154628a849d5fc053110f15
confirmatory::Q1KN23	0035a6b36c85976691c35680e50e2e247b19db3df154628a849d5fc053110f15
confirmatory::Q1LPT2	ea060f244e352de2544b388f1abc1899258898681ff665dbf7303805cc505276
confirmatory::Q1LVW0	f3e5c6d5116f4118b1a63715527d0f706cb7812884928e45eed377db3936c19d
confirmatory::Q1LZ86	56c839bfe860f6cc35f76b3271a1727683ddb45a364c32cc9b290abb6e0b446c
confirmatory::Q1LZC5	c5e2be88b1228a5fe292dfa6bf01adfcb55983d3c6eccfb6b3c05b612e4a3de6
confirmatory::Q1LZH7	025fe66b9459a9368bbbc7e07ac2d8f2d812ba27ec9e250c1a574f49089748b0
confirmatory::Q1MCV5	ea060f244e352de2544b388f1abc1899258898681ff665dbf7303805cc505276
confirmatory::Q1MCV9	ea060f244e352de2544b388f1abc1899258898681ff665dbf7303805cc505276
confirmatory::Q1PBC5	87d425c65ac584d5e4c581986c739f7692b2578e446bf382551a86cc21557ecd
confirmatory::Q1PDW5	b587bef3e5d94148fb6edeb8462e56d2a1573d0e113db913c44f4bfefa67c9fa
confirmatory::Q1PDX5	0d9f327b1073890bfb36e5ee168a06ee2714bac452b116df3ae13f3e08179c5f
confirmatory::Q1QC34	ea060f244e352de2544b388f1abc1899258898681ff665dbf7303805cc505276
confirmatory::Q1QC36	ea060f244e352de2544b388f1abc1899258898681ff665dbf7303805cc505276
confirmatory::Q1QCE0	ea060f244e352de2544b388f1abc1899258898681ff665dbf7303805cc505276
confirmatory::Q1QCE2	ea060f244e352de2544b388f1abc1899258898681ff665dbf7303805cc505276
confirmatory::Q1QV51	ea060f244e352de2544b388f1abc1899258898681ff665dbf7303805cc505276
confirmatory::Q1R5M2	d52af3aeba16f166910db4a02e939c6bcf3e5ff1879d6147eae4d668380d76f5
confirmatory::Q1RHK6	623f3f0445ba3d68f7f0b01360d57379b68a4bd25c5f902822b41b66dfcdfc89
confirmatory::Q1RMI3	922c536314c57b8fad9957583decb99342da4d7a7fbcfbc74f1573e7ce15839c
confirmatory::Q1RMQ4	26711c766da1911f4bf596b105c186a2ff65f3225bc9762c87ffe5eb880b32c0
confirmatory::Q1RMR1	450882407bb31af420e3fb498b86045252de225bcb0bc544cb192820b36d6e90
confirmatory::Q1X6X8	0035a6b36c85976691c35680e50e2e247b19db3df154628a849d5fc053110f15
confirmatory::Q1X6X9	0035a6b36c85976691c35680e50e2e247b19db3df154628a849d5fc053110f15
confirmatory::Q1X6Y1	0035a6b36c85976691c35680e50e2e247b19db3df154628a849d5fc053110f15
confirmatory::Q1X6Y2	0035a6b36c85976691c35680e50e2e247b19db3df154628a849d5fc053110f15
confirmatory::Q1X6Y3	0035a6b36c85976691c35680e50e2e247b19db3df154628a849d5fc053110f15
confirmatory::Q1X6Y5	0035a6b36c85976691c35680e50e2e247b19db3df154628a849d5fc053110f15
confirmatory::Q1X6Y7	0035a6b36c85976691c35680e50e2e247b19db3df154628a849d5fc053110f15
confirmatory::Q1X6Y8	0035a6b36c85976691c35680e50e2e247b19db3df154628a849d5fc053110f15
confirmatory::Q1X6Y9	0035a6b36c85976691c35680e50e2e247b19db3df154628a849d5fc053110f15
confirmatory::Q1X6Z0	0035a6b36c85976691c35680e50e2e247b19db3df154628a849d5fc053110f15
confirmatory::Q1X6Z1	0035a6b36c85976691c35680e50e2e247b19db3df154628a849d5fc053110f15
confirmatory::Q1X6Z2	0035a6b36c85976691c35680e50e2e247b19db3df154628a849d5fc053110f15
confirmatory::Q1X6Z3	0035a6b36c85976691c35680e50e2e247b19db3df154628a849d5fc053110f15
confirmatory::Q1X6Z4	0035a6b36c85976691c35680e50e2e247b19db3df154628a849d5fc053110f15
confirmatory::Q1X700	51385e6e160d21dca4628f1419d83264658dadb6c8828093ced5feae2217388d
confirmatory::Q1X709	51385e6e160d21dca4628f1419d83264658dadb6c8828093ced5feae2217388d
confirmatory::Q1X711	51385e6e160d21dca4628f1419d83264658dadb6c8828093ced5feae2217388d
confirmatory::Q20748	c52fca3a03eb38cece5ffc98abc40e9586f2755a01b02879fa241a1fc7de0bcc
confirmatory::Q20YI1	dccb74d38eb5e7a9f23fe80d041bb156f74f05b1c460fdc8136e9dbd7d77d278
confirmatory::Q210F9	ea060f244e352de2544b388f1abc1899258898681ff665dbf7303805cc505276
confirmatory::Q21P94	ea060f244e352de2544b388f1abc1899258898681ff665dbf7303805cc505276
confirmatory::Q21P96	ea060f244e352de2544b388f1abc1899258898681ff665dbf7303805cc505276
confirmatory::Q21SZ2	ea060f244e352de2544b388f1abc1899258898681ff665dbf7303805cc505276
confirmatory::Q23255	ae06a79fb0a3df6b735edf0b452366dd6bef01d4d1be6595c830072b310a4059
confirmatory::Q23498	bd77a94d6f7bd336f5f75129f2f325ac5fb84bd5f6d30ac29dcd849ddde97e20
confirmatory::Q24093	09a5c6daa4509edcd9a50cdcab8952c9c902cbc82772d0954acdce88324b4fe6
confirmatory::Q24145	3c38353f49a4982b45d610f4bd0442568158f9113b22b8581ecb337801747aac
confirmatory::Q24K15	450882407bb31af420e3fb498b86045252de225bcb0bc544cb192820b36d6e90
confirmatory::Q26261	73fa1919a49ff134b802ab02c7f0fd660761157b5981d6e63e3ee559abd37fe5
confirmatory::Q26643	8a5a44f2e2e496be9e977eb7d5eeb2900aeae32a7a76e47038a2b59a653714f1
confirmatory::Q27497	369890e1b4fdd3f4d633bc750ce4706bc6a1c2d11deb58e010bd3f44230852d0
confirmatory::Q28133	f92a8e542977ec3d6dc95e8a0bde11a3a1290134ed49574133ebe628e0201670
confirmatory::Q28193	da1f730a80c0f0ed1f9303734404705fa18285380f99e8c78185dd847cf60b39
confirmatory::Q28369	c82f4a3ea808a94af9f0fd360da5430293718adb20211aa3407793363c52542d
confirmatory::Q28376	cd44ecfb0231fbe25976a913c1248001f954c4063e308617e008c4b65e1d218b
confirmatory::Q28388	ae072172ac565f240e9af5c41bfdfc0174476f5f1bc878f8c5aab26e7d89d267
confirmatory::Q28397	24063adf61b47696a5084aad279fba23bd2d452cb3a4e2a3d0222f5c61a60eb3
confirmatory::Q28640	bffd1ec0f8750a0121a99026594c8236758ed89a82bdd40d3ee8eded4358d09e
confirmatory::Q28679	fff12e77db30d8d5054c219a61e7eadca02694fd845a38e729300f128215237b
confirmatory::Q28768	d56efa2c4fa76222614d0864fe50657e6fc587cd0e1890c25a37bf138b4b5f1a
confirmatory::Q28933	22908ea1541a1b07146f2bd28daaa95ec311bcc862f3182fe7289c27fc0bc4d0
confirmatory::Q28986	e18b4e5fbde76978c2080f2894717f1f991e2dfb87f46a80f37a5cab5ea38ab0
confirmatory::Q28987	e18b4e5fbde76978c2080f2894717f1f991e2dfb87f46a80f37a5cab5ea38ab0
confirmatory::Q28988	e18b4e5fbde76978c2080f2894717f1f991e2dfb87f46a80f37a5cab5ea38ab0
confirmatory::Q28RK0	ea060f244e352de2544b388f1abc1899258898681ff665dbf7303805cc505276
confirmatory::Q29095	fff12e77db30d8d5054c219a61e7eadca02694fd845a38e729300f128215237b
confirmatory::Q29147	fb86bd7d30742f187ddd35c736c51e90b33bca62b631fa9d89bf7c07b4c846b4
confirmatory::Q29290	e18b4e5fbde76978c2080f2894717f1f991e2dfb87f46a80f37a5cab5ea38ab0
confirmatory::Q29487	fff12e77db30d8d5054c219a61e7eadca02694fd845a38e729300f128215237b
confirmatory::Q29524	82e1c2f759ec8bf899994b4553b7d3cc20a8d7c5d625a051f6b6104ee4a7005f
confirmatory::Q29562	fff12e77db30d8d5054c219a61e7eadca02694fd845a38e729300f128215237b
confirmatory::Q29614	7f8373716bb12737be8ec09b43b953fe2c4602353a222f10b3d8e035ef71d7b7
confirmatory::Q298L4	9be8126a2dbfcd7513074efb8f97e42b52a270b713971328a72dcad11b7a1f84
confirmatory::Q29RH0	2c14df6328ed08d651ce5cff3d704d82078c6ad2a943af69e7875773d0d905c0
confirmatory::Q29RQ1	ba4d2614b5e550635440f4c6525e8134022aee773ce7679090791bd84dd97e71
confirmatory::Q29RU4	ba4d2614b5e550635440f4c6525e8134022aee773ce7679090791bd84dd97e71
confirmatory::Q29RV0	8992e1d38e2126575c76a9ffff1f17206072df85161868ff3b28419336c5d6f5
confirmatory::Q29W19	9d2bb9c0ec111008855c185d034a9f835f297b67d775b83c19cacc5a83480fca
confirmatory::Q2FEK3	ea060f244e352de2544b388f1abc1899258898681ff665dbf7303805cc505276
confirmatory::Q2FEK5	ea060f244e352de2544b388f1abc1899258898681ff665dbf7303805cc505276
confirmatory::Q2FVW5	ea060f244e352de2544b388f1abc1899258898681ff665dbf7303805cc505276
confirmatory::Q2FWP1	2f75ebf2b098b01d4bce337aab70600ba43e57468d80f5d8cca2a3d11b651f20
confirmatory::Q2G2K5	ea060f244e352de2544b388f1abc1899258898681ff665dbf7303805cc505276
confirmatory::Q2HJM9	f57c6cf461f021788bb7f38d55fb443eb4f59d5c8171c8c0af30ab029f1bfb82
confirmatory::Q2IBE3	fda4691ac7474afa1416f69875bb1ae70c656582bd0ae9c47990dadde158ccc4
confirmatory::Q2IS70	dccb74d38eb5e7a9f23fe80d041bb156f74f05b1c460fdc8136e9dbd7d77d278
confirmatory::Q2IZ52	ea060f244e352de2544b388f1abc1899258898681ff665dbf7303805cc505276
confirmatory::Q2JES6	ea060f244e352de2544b388f1abc1899258898681ff665dbf7303805cc505276
confirmatory::Q2JJ72	ea060f244e352de2544b388f1abc1899258898681ff665dbf7303805cc505276
confirmatory::Q2JQ88	ea060f244e352de2544b388f1abc1899258898681ff665dbf7303805cc505276
confirmatory::Q2JWP0	ea060f244e352de2544b388f1abc1899258898681ff665dbf7303805cc505276
confirmatory::Q2K512	ea060f244e352de2544b388f1abc1899258898681ff665dbf7303805cc505276
confirmatory::Q2K517	ea060f244e352de2544b388f1abc1899258898681ff665dbf7303805cc505276
confirmatory::Q2KI79	26822ebf2b3507af7fb53435cea5d768468b83b70bf501472d1f151cd151feaf
confirmatory::Q2KJ15	2ce198fad98f14e4c4b8a256c59fcb869aedf9d88f10faac7815fcadcfa4fcaf
confirmatory::Q2KJ51	450882407bb31af420e3fb498b86045252de225bcb0bc544cb192820b36d6e90
confirmatory::Q2KJH6	24376931396657e10ac6c36105371df550b6e383ddce8078df34654d799ae7e7
confirmatory::Q2KJI7	583013e8e1e3f251647e55dd2b6aecaf7abf80b61775aa3433410c90a8c4b301
confirmatory::Q2LK94	87d425c65ac584d5e4c581986c739f7692b2578e446bf382551a86cc21557ecd
confirmatory::Q2NKZ5	2c14df6328ed08d651ce5cff3d704d82078c6ad2a943af69e7875773d0d905c0
confirmatory::Q2PUH2	cd44ecfb0231fbe25976a913c1248001f954c4063e308617e008c4b65e1d218b
confirmatory::Q2Q1P1	cd44ecfb0231fbe25976a913c1248001f954c4063e308617e008c4b65e1d218b
confirmatory::Q2Q1P2	cd44ecfb0231fbe25976a913c1248001f954c4063e308617e008c4b65e1d218b
confirmatory::Q2QLC6	fda4691ac7474afa1416f69875bb1ae70c656582bd0ae9c47990dadde158ccc4
confirmatory::Q2QLG0	fda4691ac7474afa1416f69875bb1ae70c656582bd0ae9c47990dadde158ccc4
confirmatory::Q2QYL2	34efdb7da6465528647a3456cde08984bda0ce26aa0261df4c8efe316d3e0938
confirmatory::Q2QYL3	34efdb7da6465528647a3456cde08984bda0ce26aa0261df4c8efe316d3e0938
confirmatory::Q2R8P2	75a4d4983b92c6f2d61f0da10de61a0b3695ceb2866193fa2677419ef8d5e03a
confirmatory::Q2SDQ1	ea060f244e352de2544b388f1abc1899258898681ff665dbf7303805cc505276
confirmatory::Q2SDQ3	ea060f244e352de2544b388f1abc1899258898681ff665dbf7303805cc505276
confirmatory::Q2SYF5	ea060f244e352de2544b388f1abc1899258898681ff665dbf7303805cc505276
confirmatory::Q2SYF7	ea060f244e352de2544b388f1abc1899258898681ff665dbf7303805cc505276
confirmatory::Q2TAP9	0117c31c5e8a946d348c2967069bc984bdac99ef7914e687858f626281ab9502
confirmatory::Q2TBM7	61b39f63f5f0f157c53fe0321d338a214666853888c56aa923f9a139aac84b72
confirmatory::Q2TNK5	450882407bb31af420e3fb498b86045252de225bcb0bc544cb192820b36d6e90
confirmatory::Q2V3C1	5041a1e1f60f70f4bccce3b8daeb631454e2f014bb557bfeaccf74d45d44c355
confirmatory::Q2XXN5	e762a34e2879fb89badf3aefde610ff9d5414dd0791ef2899f47f15931593ae4
confirmatory::Q2Y9M7	ea060f244e352de2544b388f1abc1899258898681ff665dbf7303805cc505276
confirmatory::Q2Y9M9	ea060f244e352de2544b388f1abc1899258898681ff665dbf7303805cc505276
confirmatory::Q2YQD8	ea060f244e352de2544b388f1abc1899258898681ff665dbf7303805cc505276
confirmatory::Q2YQE0	ea060f244e352de2544b388f1abc1899258898681ff665dbf7303805cc505276
confirmatory::Q2YYQ6	ea060f244e352de2544b388f1abc1899258898681ff665dbf7303805cc505276
confirmatory::Q2YYQ8	ea060f244e352de2544b388f1abc1899258898681ff665dbf7303805cc505276
confirmatory::Q31B49	ea060f244e352de2544b388f1abc1899258898681ff665dbf7303805cc505276
confirmatory::Q31B51	ea060f244e352de2544b388f1abc1899258898681ff665dbf7303805cc505276
confirmatory::Q32KQ9	2c14df6328ed08d651ce5cff3d704d82078c6ad2a943af69e7875773d0d905c0
confirmatory::Q32KY0	58c122487636dd7ab904effe42ca93539e9e10855a4715b26eb500f00a2e6c5b
confirmatory::Q32L79	e3d45e64298da494ce1729e091f7704f230fdab1891a1bae892fd5f81478f670
confirmatory::Q32PY2	c8fadbacef3136177f2b23b2baf3dcd95afd7d6b4bd2d228911c955e1a12428c
confirmatory::Q337A0	50b13f9d1d5f78552c7086ad34c3782cafa3867c15aa1c7bd0ccff2643d361a5
confirmatory::Q38924	bb6ceea07e989d80c137788cdbdfd634ab9becd492e572919974a7e2ecc7bc23
confirmatory::Q39102	b587bef3e5d94148fb6edeb8462e56d2a1573d0e113db913c44f4bfefa67c9fa
confirmatory::Q39547	0d9f327b1073890bfb36e5ee168a06ee2714bac452b116df3ae13f3e08179c5f
confirmatory::Q39649	8f20d0c6980ead1e360a848d002432fd7be75037bb37add933645c20185679c7
confirmatory::Q39785	4b9e7bea9ce8ee8ae94698ef8499017333c8e1e95a44680dba3be60d8618dc01
confirmatory::Q39794	86cc21bca61bd87e3a544b53de63d4a85a51acbb0d64b5ad6e6e2ba8aa8ab938
confirmatory::Q39799	4b9e7bea9ce8ee8ae94698ef8499017333c8e1e95a44680dba3be60d8618dc01
confirmatory::Q39950	86cc21bca61bd87e3a544b53de63d4a85a51acbb0d64b5ad6e6e2ba8aa8ab938
confirmatory::Q39IW3	ea060f244e352de2544b388f1abc1899258898681ff665dbf7303805cc505276
confirmatory::Q3AGD0	ea060f244e352de2544b388f1abc1899258898681ff665dbf7303805cc505276
confirmatory::Q3AGD2	ea060f244e352de2544b388f1abc1899258898681ff665dbf7303805cc505276
confirmatory::Q3AVR1	ea060f244e352de2544b388f1abc1899258898681ff665dbf7303805cc505276
confirmatory::Q3AVR3	ea060f244e352de2544b388f1abc1899258898681ff665dbf7303805cc505276
confirmatory::Q3E884	067ae74d42b596cec7582bf029fe09ab77e540f889181e76f7318d4806994969
confirmatory::Q3HRV4	cd44ecfb0231fbe25976a913c1248001f954c4063e308617e008c4b65e1d218b
confirmatory::Q3HXX9	4a583b1d987ac018009ad331f72c4c2efb093656c89109129d98854eff8f06b5
confirmatory::Q3IH68	ea060f244e352de2544b388f1abc1899258898681ff665dbf7303805cc505276
confirmatory::Q3IH70	ea060f244e352de2544b388f1abc1899258898681ff665dbf7303805cc505276
confirmatory::Q3IRZ4	ea060f244e352de2544b388f1abc1899258898681ff665dbf7303805cc505276
confirmatory::Q3IRZ5	ea060f244e352de2544b388f1abc1899258898681ff665dbf7303805cc505276
confirmatory::Q3J154	ea060f244e352de2544b388f1abc1899258898681ff665dbf7303805cc505276
confirmatory::Q3J768	ea060f244e352de2544b388f1abc1899258898681ff665dbf7303805cc505276
confirmatory::Q3J770	ea060f244e352de2544b388f1abc1899258898681ff665dbf7303805cc505276
confirmatory::Q3JPJ8	ea060f244e352de2544b388f1abc1899258898681ff665dbf7303805cc505276
confirmatory::Q3KIT2	ea060f244e352de2544b388f1abc1899258898681ff665dbf7303805cc505276
confirmatory::Q3KP44	84011a11088941117461c425d4e8dd9a44a07e3692d5447846af1af18245b5c1
confirmatory::Q3KRE0	c52fca3a03eb38cece5ffc98abc40e9586f2755a01b02879fa241a1fc7de0bcc
confirmatory::Q3LIE5	e1d839f381927b9a2033cd2376ea1dec270868532d82b0db04197ab80478009c
confirmatory::Q3M709	ea060f244e352de2544b388f1abc1899258898681ff665dbf7303805cc505276
confirmatory::Q3M712	ea060f244e352de2544b388f1abc1899258898681ff665dbf7303805cc505276
confirmatory::Q3MIB4	6575fe00f3ccdc3a9bcd22237c35b4067cd150571930ca1e7aa9a8e6117d5536
confirmatory::Q3S2X5	cd44ecfb0231fbe25976a913c1248001f954c4063e308617e008c4b65e1d218b
confirmatory::Q3SWW8	8f558a4eee23f79ecfac992febeb596d06db9acfae871d6a401f21d1c4f22bd5
confirmatory::Q3SWW9	369890e1b4fdd3f4d633bc750ce4706bc6a1c2d11deb58e010bd3f44230852d0
confirmatory::Q3SX23	6575fe00f3ccdc3a9bcd22237c35b4067cd150571930ca1e7aa9a8e6117d5536
confirmatory::Q3SX45	eafcdece930d9b2f899de45e12c2e75c2126969c2d21c3b4aaf532e256438a94
confirmatory::Q3SXB8	87d425c65ac584d5e4c581986c739f7692b2578e446bf382551a86cc21557ecd
confirmatory::Q3SY69	931ab9bceb3d00092439c252651cf7642dfe2c2e50cfc6cb076f40a5ad76ebfe
confirmatory::Q3SYW2	bc915c1c28ec405395a99c2ecfb7d27da28c273f79648ff3c9d1f724acfa6d1b
confirmatory::Q3SZ79	82e1c2f759ec8bf899994b4553b7d3cc20a8d7c5d625a051f6b6104ee4a7005f
confirmatory::Q3SZZ7	450882407bb31af420e3fb498b86045252de225bcb0bc544cb192820b36d6e90
confirmatory::Q3T0E7	369890e1b4fdd3f4d633bc750ce4706bc6a1c2d11deb58e010bd3f44230852d0
confirmatory::Q3T930	d1c6ab564afa4059f4195e330c3f3d2fa72e6c258ca03ccbdb0ec294d4b10bcb
confirmatory::Q3TYA6	af72b67fbe9fe6b8f2582e89597a5fb307db21cfc37054a13a40124e1d3abc58
confirmatory::Q3U4B4	d291e2f780ccae734f1044ab8a8bdd51fabac2c2899aa59af35fb22c772d8b01
confirmatory::Q3UA06	47075aafe6d2bac6e113584978b26f2f7857387210bec32ad7cf1bf1364b6c8c
confirmatory::Q3ULF4	b587bef3e5d94148fb6edeb8462e56d2a1573d0e113db913c44f4bfefa67c9fa
confirmatory::Q3UTS8	46f4f08db1dbb8c9c468eb04a58a333f42cde0524b2d76adf389b2542d1fbd1f
confirmatory::Q3UTY6	562e79a16f6ce227a3e89db3f4bb54b3e3c1b2ae222acba4917b6af32fdf6d0f
confirmatory::Q3V0J4	7bf560da17c31361f421d2a903ae1c5fc9c3720977138f32b830ed5b75c78d46
confirmatory::Q3ZBT1	199e5e746f1a78658450a2ba041b79aef49bbb4feb4fdafedee11b7288c9ede8
confirmatory::Q3ZC91	eac41909233ae38fd580365dacf70df8362ae19e8f8fb413aa0d59f0af65be98
confirmatory::Q40189	a25b331b3ae5d8f725a5ba6c92c410498c8abfb5cb9239c67b581cb3d64707f5
confirmatory::Q40190	8f8da713303fc3e9da5300981fa592399dd69f945ee35063684c899fb1bc1d27
confirmatory::Q40374	80265ba0cf707cc2b9ab56977abaa12643a893bd6a9a455337c6c3dedf45bd7a
confirmatory::Q41015	7cfc083fd4b244bc8c957330ce9e6b1720e1683808f7eaaa0da9e0bb5575cae7
confirmatory::Q41073	86cc21bca61bd87e3a544b53de63d4a85a51acbb0d64b5ad6e6e2ba8aa8ab938
confirmatory::Q41258	eaa3a74bcc59f4b6ddb9c56f7f768fdc2e126f313d90e71960e1c0f27a4bf819
confirmatory::Q41359	80265ba0cf707cc2b9ab56977abaa12643a893bd6a9a455337c6c3dedf45bd7a
confirmatory::Q41433	bf30e013f16aa81ae1fa35895609c363048eab7576368053fb0f2db1dc661092
confirmatory::Q41448	bf30e013f16aa81ae1fa35895609c363048eab7576368053fb0f2db1dc661092
confirmatory::Q41480	bf30e013f16aa81ae1fa35895609c363048eab7576368053fb0f2db1dc661092
confirmatory::Q41484	bf30e013f16aa81ae1fa35895609c363048eab7576368053fb0f2db1dc661092
confirmatory::Q41596	4b9e7bea9ce8ee8ae94698ef8499017333c8e1e95a44680dba3be60d8618dc01
confirmatory::Q42328	eb85637eb8a3dcfa0688f0ce39ddbef7c38775a667e3c17295d08b1fe44192ff
confirmatory::Q42589	86cc21bca61bd87e3a544b53de63d4a85a51acbb0d64b5ad6e6e2ba8aa8ab938
confirmatory::Q42614	86cc21bca61bd87e3a544b53de63d4a85a51acbb0d64b5ad6e6e2ba8aa8ab938
confirmatory::Q42615	86cc21bca61bd87e3a544b53de63d4a85a51acbb0d64b5ad6e6e2ba8aa8ab938
confirmatory::Q42616	86cc21bca61bd87e3a544b53de63d4a85a51acbb0d64b5ad6e6e2ba8aa8ab938
confirmatory::Q42641	86cc21bca61bd87e3a544b53de63d4a85a51acbb0d64b5ad6e6e2ba8aa8ab938
confirmatory::Q42642	86cc21bca61bd87e3a544b53de63d4a85a51acbb0d64b5ad6e6e2ba8aa8ab938
confirmatory::Q42762	86cc21bca61bd87e3a544b53de63d4a85a51acbb0d64b5ad6e6e2ba8aa8ab938
confirmatory::Q42842	34efdb7da6465528647a3456cde08984bda0ce26aa0261df4c8efe316d3e0938
confirmatory::Q42952	86cc21bca61bd87e3a544b53de63d4a85a51acbb0d64b5ad6e6e2ba8aa8ab938
confirmatory::Q42993	4b9e7bea9ce8ee8ae94698ef8499017333c8e1e95a44680dba3be60d8618dc01
confirmatory::Q43017	86cc21bca61bd87e3a544b53de63d4a85a51acbb0d64b5ad6e6e2ba8aa8ab938
confirmatory::Q43019	86cc21bca61bd87e3a544b53de63d4a85a51acbb0d64b5ad6e6e2ba8aa8ab938
confirmatory::Q43119	86cc21bca61bd87e3a544b53de63d4a85a51acbb0d64b5ad6e6e2ba8aa8ab938
confirmatory::Q43129	86cc21bca61bd87e3a544b53de63d4a85a51acbb0d64b5ad6e6e2ba8aa8ab938
confirmatory::Q43193	34efdb7da6465528647a3456cde08984bda0ce26aa0261df4c8efe316d3e0938
confirmatory::Q43194	34efdb7da6465528647a3456cde08984bda0ce26aa0261df4c8efe316d3e0938
confirmatory::Q43304	86cc21bca61bd87e3a544b53de63d4a85a51acbb0d64b5ad6e6e2ba8aa8ab938
confirmatory::Q43495	8f8da713303fc3e9da5300981fa592399dd69f945ee35063684c899fb1bc1d27
confirmatory::Q43533	8f8da713303fc3e9da5300981fa592399dd69f945ee35063684c899fb1bc1d27
confirmatory::Q43534	8f8da713303fc3e9da5300981fa592399dd69f945ee35063684c899fb1bc1d27
confirmatory::Q43645	bf30e013f16aa81ae1fa35895609c363048eab7576368053fb0f2db1dc661092
confirmatory::Q43646	bf30e013f16aa81ae1fa35895609c363048eab7576368053fb0f2db1dc661092
confirmatory::Q43681	6b111aaea1b14ddb814846a85c23e172f370297153b0c3e30d310f7fcbc01eb9
confirmatory::Q43691	f7a616fde5389141c0e4c34abab3803332ab61f9588c2aa0912a794e89fe69e4
confirmatory::Q43723	f7a616fde5389141c0e4c34abab3803332ab61f9588c2aa0912a794e89fe69e4
confirmatory::Q43748	34efdb7da6465528647a3456cde08984bda0ce26aa0261df4c8efe316d3e0938
confirmatory::Q43766	34efdb7da6465528647a3456cde08984bda0ce26aa0261df4c8efe316d3e0938
confirmatory::Q43871	34efdb7da6465528647a3456cde08984bda0ce26aa0261df4c8efe316d3e0938
confirmatory::Q43875	34efdb7da6465528647a3456cde08984bda0ce26aa0261df4c8efe316d3e0938
confirmatory::Q44066	eac1780ec505afb93bf2f72e3fdfe8ef4c2bf008afa83ecbec368281e06cd4c9
confirmatory::Q44078	623f3f0445ba3d68f7f0b01360d57379b68a4bd25c5f902822b41b66dfcdfc89
confirmatory::Q44184	73cf2d48a2f8c7e96c435c3cce7b83bbe910ca94b15604105d64a64642545787
confirmatory::Q44317	623f3f0445ba3d68f7f0b01360d57379b68a4bd25c5f902822b41b66dfcdfc89
confirmatory::Q44492	0f687ef291d0d4dfc3659ed1ef95ae61e3dd8c03d2840a583d3e0f0c06e7cc33
confirmatory::Q44493	0f687ef291d0d4dfc3659ed1ef95ae61e3dd8c03d2840a583d3e0f0c06e7cc33
confirmatory::Q44495	0f687ef291d0d4dfc3659ed1ef95ae61e3dd8c03d2840a583d3e0f0c06e7cc33
confirmatory::Q45100	623f3f0445ba3d68f7f0b01360d57379b68a4bd25c5f902822b41b66dfcdfc89
confirmatory::Q45670	b7ffa668b68d370a424e26161c1364936e4506a35d2cce0ecfd8180fd7dccd4d
confirmatory::Q45729	135a83153a2c6bdba71b1fc52fc9c52a352ed98fc02cb14b0c08ce808dce869a
confirmatory::Q45KJ4	623f3f0445ba3d68f7f0b01360d57379b68a4bd25c5f902822b41b66dfcdfc89
confirmatory::Q45KJ5	623f3f0445ba3d68f7f0b01360d57379b68a4bd25c5f902822b41b66dfcdfc89
confirmatory::Q45KJ6	623f3f0445ba3d68f7f0b01360d57379b68a4bd25c5f902822b41b66dfcdfc89
confirmatory::Q45KW7	34b41219611ac71b39f94001659d257ef301dc42fb86d0ab1b2396d000b25f11
confirmatory::Q46664	623f3f0445ba3d68f7f0b01360d57379b68a4bd25c5f902822b41b66dfcdfc89
confirmatory::Q46668	d83c962c5efde7867e5aad363dfbe913a3de1c1787fd3950cd2b6d92ac45286f
confirmatory::Q46IY3	ea060f244e352de2544b388f1abc1899258898681ff665dbf7303805cc505276
confirmatory::Q46IY5	ea060f244e352de2544b388f1abc1899258898681ff665dbf7303805cc505276
confirmatory::Q473R2	ea060f244e352de2544b388f1abc1899258898681ff665dbf7303805cc505276
confirmatory::Q47G53	ea060f244e352de2544b388f1abc1899258898681ff665dbf7303805cc505276
confirmatory::Q47G55	ea060f244e352de2544b388f1abc1899258898681ff665dbf7303805cc505276
confirmatory::Q47HL4	8762b4dd22780fe23714f203220cc300c681de14521ee5b1a75119c4bf2ce030
confirmatory::Q47M62	d1c6ab564afa4059f4195e330c3f3d2fa72e6c258ca03ccbdb0ec294d4b10bcb
confirmatory::Q48493	623f3f0445ba3d68f7f0b01360d57379b68a4bd25c5f902822b41b66dfcdfc89
confirmatory::Q48DE6	ea060f244e352de2544b388f1abc1899258898681ff665dbf7303805cc505276
confirmatory::Q48DF0	ea060f244e352de2544b388f1abc1899258898681ff665dbf7303805cc505276
confirmatory::Q48PA1	dccb74d38eb5e7a9f23fe80d041bb156f74f05b1c460fdc8136e9dbd7d77d278
confirmatory::Q48R29	223ed35c2922b39e4295a7c3a93fd480ae9975398952f6fe223b900a51c53d04
confirmatory::Q492E7	ea060f244e352de2544b388f1abc1899258898681ff665dbf7303805cc505276
confirmatory::Q492E9	ea060f244e352de2544b388f1abc1899258898681ff665dbf7303805cc505276
confirmatory::Q495B1	57632baf0179b7d6d6da2ff3e5dda6a4e028e9201718f4909efb39e8cd96db50
confirmatory::Q499S5	24063adf61b47696a5084aad279fba23bd2d452cb3a4e2a3d0222f5c61a60eb3
confirmatory::Q49KF8	8762b4dd22780fe23714f203220cc300c681de14521ee5b1a75119c4bf2ce030
confirmatory::Q4A0J3	ea060f244e352de2544b388f1abc1899258898681ff665dbf7303805cc505276
confirmatory::Q4A0J5	ea060f244e352de2544b388f1abc1899258898681ff665dbf7303805cc505276
confirmatory::Q4FE47	f8e37d19f25523ec43683dde16e6bc2d047a53804f0c2db7aa338029d3c6716c
confirmatory::Q4FP51	dccb74d38eb5e7a9f23fe80d041bb156f74f05b1c460fdc8136e9dbd7d77d278
confirmatory::Q4G1C9	8776c1732e39fbcb4314eff4f5a46741a26a7a94fb9c038b4a23f0335c6628e1
confirmatory::Q4JHE0	50b13f9d1d5f78552c7086ad34c3782cafa3867c15aa1c7bd0ccff2643d361a5
confirmatory::Q4KJ06	ea060f244e352de2544b388f1abc1899258898681ff665dbf7303805cc505276
confirmatory::Q4KJ10	ea060f244e352de2544b388f1abc1899258898681ff665dbf7303805cc505276
confirmatory::Q4MV79	3767c4bc5bd86c3c119c80f97edab09404d5472e0474c9cda1694584f5e2679b
confirmatory::Q4PMS3	8f809bce67f9226c38d7a04238a4b31a9e5e3987c24847c6fc0a91fe8c24ff92
confirmatory::Q4QN09	ea060f244e352de2544b388f1abc1899258898681ff665dbf7303805cc505276
confirmatory::Q4R128	fb3fc8c76cf70e729e9fbf91ff77267abfb7bc90aa466ea30ea1d05e447dc985
confirmatory::Q4R2Y9	09a5c6daa4509edcd9a50cdcab8952c9c902cbc82772d0954acdce88324b4fe6
confirmatory::Q4R407	794a155dc5d6a4333e7c3f64f71a96bc7d6cff28650fa8bcc5d70a3932053113
confirmatory::Q4R4S5	d291e2f780ccae734f1044ab8a8bdd51fabac2c2899aa59af35fb22c772d8b01
confirmatory::Q4R584	d2d18a2bc9017c988a97041e7913c4a22389f8f47b279d83b86b94462d23e94f
confirmatory::Q4R766	86a5c1bfc5908ede8123b1f6c7156fccf03d9d9b70f3f68acd76dfc146e5b158
confirmatory::Q4R8P0	19e73a82bf4cb2521cfe2b344a15acf1f9bc96fc692b16e9e3b365f8c7af5ab6
confirmatory::Q4TZH2	34b41219611ac71b39f94001659d257ef301dc42fb86d0ab1b2396d000b25f11
confirmatory::Q4UJ75	8992e1d38e2126575c76a9ffff1f17206072df85161868ff3b28419336c5d6f5
confirmatory::Q4UMU5	623f3f0445ba3d68f7f0b01360d57379b68a4bd25c5f902822b41b66dfcdfc89
confirmatory::Q4V890	985193d7f0646ab5a63192350c4470719b706bcc5f16b43f74211a4adfe4c1c1
confirmatory::Q4VBE4	68767325784b2424d10c6965c0aa59d40c7a925515b48a12df84fb6a033b254f
confirmatory::Q4WM22	369890e1b4fdd3f4d633bc750ce4706bc6a1c2d11deb58e010bd3f44230852d0
confirmatory::Q4WQU0	c8bc632faaa2dd7e9e07420c2893908d6cabe65710e6f1a8676bef0b20dead16
confirmatory::Q4WUR1	80188e9791182b3a7d2f79c0e2ed86136b48ed6a049411d036b36313dbd8bbd5
confirmatory::Q4ZN06	ea060f244e352de2544b388f1abc1899258898681ff665dbf7303805cc505276
confirmatory::Q4ZN10	ea060f244e352de2544b388f1abc1899258898681ff665dbf7303805cc505276
confirmatory::Q4ZUD1	ea060f244e352de2544b388f1abc1899258898681ff665dbf7303805cc505276
confirmatory::Q4ZUD2	ea060f244e352de2544b388f1abc1899258898681ff665dbf7303805cc505276
confirmatory::Q4ZZ78	dccb74d38eb5e7a9f23fe80d041bb156f74f05b1c460fdc8136e9dbd7d77d278
confirmatory::Q501P1	6445dcca8238b08f68d32f17ddbace56c39786de5b5e8e32ed59cd75f5a26c44
confirmatory::Q504P2	2e402d4b1ff69f6c099e03e4a45c2e34abb6e3b800e7f28ee665400721a9e216
confirmatory::Q505J9	9be8126a2dbfcd7513074efb8f97e42b52a270b713971328a72dcad11b7a1f84
confirmatory::Q51553	58f1f3364ec199711e098cfaf5cfaa81f98772e501503b21fdc7706ed6c3eea8
confirmatory::Q51559	58f1f3364ec199711e098cfaf5cfaa81f98772e501503b21fdc7706ed6c3eea8
confirmatory::Q52011	8762b4dd22780fe23714f203220cc300c681de14521ee5b1a75119c4bf2ce030
confirmatory::Q52287	623f3f0445ba3d68f7f0b01360d57379b68a4bd25c5f902822b41b66dfcdfc89
confirmatory::Q52400	29a79690eced4461016836ce36c14c380b0c4c5e3dcafb70f5238755407be04c
confirmatory::Q52532	8762b4dd22780fe23714f203220cc300c681de14521ee5b1a75119c4bf2ce030
confirmatory::Q52R90	cd44ecfb0231fbe25976a913c1248001f954c4063e308617e008c4b65e1d218b
confirmatory::Q53816	623f3f0445ba3d68f7f0b01360d57379b68a4bd25c5f902822b41b66dfcdfc89
confirmatory::Q53957	3a70f404391f9a3dee2df990b7e45f661db944db0acbe6bf36f6bd6847e7e1db
confirmatory::Q53984	623f3f0445ba3d68f7f0b01360d57379b68a4bd25c5f902822b41b66dfcdfc89
confirmatory::Q53F39	c95ef386e0d3ba468fdb2900eacedffdfe47c9718cfd81d7f547bcab79cd73cf
confirmatory::Q53H76	f65f268cda29366bb13f1b7087e9b249a64aeb6cb18e487923e1b256252c74c8
confirmatory::Q53RD9	6445dcca8238b08f68d32f17ddbace56c39786de5b5e8e32ed59cd75f5a26c44
confirmatory::Q54316	356e13d154b887afa9e89ec7ffb028316bccd02f6bac749a71e312579501bc0d
confirmatory::Q54318	de68f434ab5bbc9e613f84a9b8fd723328ec64c9a79cf3d20e2bea8d1ea27f38
confirmatory::Q54528	b0bc13ef9ff6cbb2e253d03ecc4f25666d572be65ddba9b4a0f19509b4a68b6c
confirmatory::Q54809	b0bc13ef9ff6cbb2e253d03ecc4f25666d572be65ddba9b4a0f19509b4a68b6c
confirmatory::Q54KQ7	9be8126a2dbfcd7513074efb8f97e42b52a270b713971328a72dcad11b7a1f84
confirmatory::Q54LF0	b0b2a48ad6fd6b1498c24a6b9c1d041815cceb80731708100d9f50278d8d1a6d
confirmatory::Q54ME1	05b025e5736121c78e7ddb68f6b7c385a220401fbeb02ba8e9bd16848a7bc451
confirmatory::Q54RD6	369890e1b4fdd3f4d633bc750ce4706bc6a1c2d11deb58e010bd3f44230852d0
confirmatory::Q54SR8	eac41909233ae38fd580365dacf70df8362ae19e8f8fb413aa0d59f0af65be98
confirmatory::Q55053	ea060f244e352de2544b388f1abc1899258898681ff665dbf7303805cc505276
confirmatory::Q55217	b0bc13ef9ff6cbb2e253d03ecc4f25666d572be65ddba9b4a0f19509b4a68b6c
confirmatory::Q554E7	6503f3c2ca0fb4e95390012ed69b1fb1d5d5f7a31af91d07fb8fe95a396b301c
confirmatory::Q55700	b587bef3e5d94148fb6edeb8462e56d2a1573d0e113db913c44f4bfefa67c9fa
confirmatory::Q55CT0	c8bc632faaa2dd7e9e07420c2893908d6cabe65710e6f1a8676bef0b20dead16
confirmatory::Q55GC7	4fb7c929a59fea6698226d060a9f1b5babd169a15b2e75213ef2985310314137
confirmatory::Q56178	623f3f0445ba3d68f7f0b01360d57379b68a4bd25c5f902822b41b66dfcdfc89
confirmatory::Q566C8	c5e2be88b1228a5fe292dfa6bf01adfcb55983d3c6eccfb6b3c05b612e4a3de6
confirmatory::Q566Y9	c95ef386e0d3ba468fdb2900eacedffdfe47c9718cfd81d7f547bcab79cd73cf
confirmatory::Q568T5	659f229917bf607febe947a3b86fd3e9acdb5483dee856f96c2d4a54ff5e8a70
confirmatory::Q56922	623f3f0445ba3d68f7f0b01360d57379b68a4bd25c5f902822b41b66dfcdfc89
confirmatory::Q56JX9	34b41219611ac71b39f94001659d257ef301dc42fb86d0ab1b2396d000b25f11
confirmatory::Q57CF0	ea060f244e352de2544b388f1abc1899258898681ff665dbf7303805cc505276
confirmatory::Q58576	e2b05054974b1971d2d1faf5c1b63250f10706449e8f9c15bd1f3e29934ed416
confirmatory::Q58CQ5	91c2894864d032b2893163dae4279c6a5eddbb3c7de724d55226dc3410728a9c
confirmatory::Q58D62	28ee663204ab31f06bda00313c901a495a49edfb3c6d5deedae5a5fe98c8fa7f
confirmatory::Q58T08	5fa57ddd6214726ab33b89d585752101833c823a17d22598572232302a52b8c6
confirmatory::Q59324	8762b4dd22780fe23714f203220cc300c681de14521ee5b1a75119c4bf2ce030
confirmatory::Q59DY5	6ed261b4ec4ada335c83bf26fdbc0345f957ed75ff2c1246d01113237b90ce47
confirmatory::Q59HJ6	6575fe00f3ccdc3a9bcd22237c35b4067cd150571930ca1e7aa9a8e6117d5536
confirmatory::Q59PV6	80265ba0cf707cc2b9ab56977abaa12643a893bd6a9a455337c6c3dedf45bd7a
confirmatory::Q59WG5	80265ba0cf707cc2b9ab56977abaa12643a893bd6a9a455337c6c3dedf45bd7a
confirmatory::Q59ZX3	80265ba0cf707cc2b9ab56977abaa12643a893bd6a9a455337c6c3dedf45bd7a
confirmatory::Q5A6B6	369890e1b4fdd3f4d633bc750ce4706bc6a1c2d11deb58e010bd3f44230852d0
confirmatory::Q5AB49	80265ba0cf707cc2b9ab56977abaa12643a893bd6a9a455337c6c3dedf45bd7a
confirmatory::Q5AG40	12099ebff3efead5c06a18a835e5239edabab4ca79c6c9ba0c916ef443726217
confirmatory::Q5AT15	dccb74d38eb5e7a9f23fe80d041bb156f74f05b1c460fdc8136e9dbd7d77d278
confirmatory::Q5BIR3	087f017c4fc6de6c13673ff96033f2de2d4d9db4cfbb560e850bc3a21a9dcde7
confirmatory::Q5BJ92	369890e1b4fdd3f4d633bc750ce4706bc6a1c2d11deb58e010bd3f44230852d0
confirmatory::Q5BKQ4	82e1c2f759ec8bf899994b4553b7d3cc20a8d7c5d625a051f6b6104ee4a7005f
confirmatory::Q5CZK3	82ba2784f1f8c5c50742e13d650c40e1693ecd41f5e2dbe7f1afccb645a66a72
confirmatory::Q5CZK5	f31157ce31d0ea78e44180490f60aee1f7d653cda777a6f9f25fd735279904c3
confirmatory::Q5DT37	c7ea8d68dac0b154d26ad3eb78f3747b940e34c759e2a9f821325e36850511bd
confirmatory::Q5DT39	c7ea8d68dac0b154d26ad3eb78f3747b940e34c759e2a9f821325e36850511bd
confirmatory::Q5E9F9	e2b05054974b1971d2d1faf5c1b63250f10706449e8f9c15bd1f3e29934ed416
confirmatory::Q5EA59	af3e8151ef08d08d21f26d1cce1ca2ed2dedc203bc8d13dcabd9823b27fc65d9
confirmatory::Q5EA66	450882407bb31af420e3fb498b86045252de225bcb0bc544cb192820b36d6e90
confirmatory::Q5EB47	623f3f0445ba3d68f7f0b01360d57379b68a4bd25c5f902822b41b66dfcdfc89
confirmatory::Q5ECE3	58c122487636dd7ab904effe42ca93539e9e10855a4715b26eb500f00a2e6c5b
confirmatory::Q5EE05	af3e8151ef08d08d21f26d1cce1ca2ed2dedc203bc8d13dcabd9823b27fc65d9
confirmatory::Q5EGE1	5fa57ddd6214726ab33b89d585752101833c823a17d22598572232302a52b8c6
confirmatory::Q5EPH2	15dfdd34883cb7e5a417e2a4552d6f13a118039e01bf3682e791a24f69ae4fae
confirmatory::Q5FB23	ea060f244e352de2544b388f1abc1899258898681ff665dbf7303805cc505276
confirmatory::Q5FB24	ea060f244e352de2544b388f1abc1899258898681ff665dbf7303805cc505276
confirmatory::Q5FUF4	dccb74d38eb5e7a9f23fe80d041bb156f74f05b1c460fdc8136e9dbd7d77d278
confirmatory::Q5HDR8	ea060f244e352de2544b388f1abc1899258898681ff665dbf7303805cc505276
confirmatory::Q5HDS0	ea060f244e352de2544b388f1abc1899258898681ff665dbf7303805cc505276
confirmatory::Q5HLW1	ea060f244e352de2544b388f1abc1899258898681ff665dbf7303805cc505276
confirmatory::Q5HLW3	ea060f244e352de2544b388f1abc1899258898681ff665dbf7303805cc505276
confirmatory::Q5HY92	725376337385731c27c04b3295d4b5d7c66d2e8cbf129aaea87ba3f5efc0a84e
confirmatory::Q5IS42	26711c766da1911f4bf596b105c186a2ff65f3225bc9762c87ffe5eb880b32c0
confirmatory::Q5IS74	c8bc632faaa2dd7e9e07420c2893908d6cabe65710e6f1a8676bef0b20dead16
confirmatory::Q5JQD4	55927c04e923f511084010cf0858f6d88c365ae75b99c08d7e94a4aea9cd3a91
confirmatory::Q5KQS1	4a60ed747214a9670137430d60efbead8fac61db33c998ac34d9dfa0cbcffd37
confirmatory::Q5KQS2	4a60ed747214a9670137430d60efbead8fac61db33c998ac34d9dfa0cbcffd37
confirmatory::Q5KQS3	4a60ed747214a9670137430d60efbead8fac61db33c998ac34d9dfa0cbcffd37
confirmatory::Q5KQS4	4a60ed747214a9670137430d60efbead8fac61db33c998ac34d9dfa0cbcffd37
confirmatory::Q5KQS5	4a60ed747214a9670137430d60efbead8fac61db33c998ac34d9dfa0cbcffd37
confirmatory::Q5KYL9	ea060f244e352de2544b388f1abc1899258898681ff665dbf7303805cc505276
confirmatory::Q5KYM1	ea060f244e352de2544b388f1abc1899258898681ff665dbf7303805cc505276
confirmatory::Q5LSQ2	ea060f244e352de2544b388f1abc1899258898681ff665dbf7303805cc505276
confirmatory::Q5LSQ4	ea060f244e352de2544b388f1abc1899258898681ff665dbf7303805cc505276
confirmatory::Q5M1G8	ea060f244e352de2544b388f1abc1899258898681ff665dbf7303805cc505276
confirmatory::Q5M607	ea060f244e352de2544b388f1abc1899258898681ff665dbf7303805cc505276
confirmatory::Q5M609	ea060f244e352de2544b388f1abc1899258898681ff665dbf7303805cc505276
confirmatory::Q5M886	e1d839f381927b9a2033cd2376ea1dec270868532d82b0db04197ab80478009c
confirmatory::Q5M8C6	450882407bb31af420e3fb498b86045252de225bcb0bc544cb192820b36d6e90
confirmatory::Q5MIZ0	4e99cd21ba42e7240013a52f651929458efdf8ceaae24127d3c489187c96eb87
confirmatory::Q5NKN2	8b82ebf287b833af4d036924547c8249a2374ba8620909e97c73d9f10372ee04
confirmatory::Q5NKN4	8b82ebf287b833af4d036924547c8249a2374ba8620909e97c73d9f10372ee04
confirmatory::Q5NZF6	d52af3aeba16f166910db4a02e939c6bcf3e5ff1879d6147eae4d668380d76f5
confirmatory::Q5PLY8	d52af3aeba16f166910db4a02e939c6bcf3e5ff1879d6147eae4d668380d76f5
confirmatory::Q5PPM0	65ee5a678e3df03b66915068a451d63c9cf38bf313f16c4cae674fd4276713a9
confirmatory::Q5PXY7	34b41219611ac71b39f94001659d257ef301dc42fb86d0ab1b2396d000b25f11
confirmatory::Q5QGZ9	2e402d4b1ff69f6c099e03e4a45c2e34abb6e3b800e7f28ee665400721a9e216
confirmatory::Q5R1U3	e18b4e5fbde76978c2080f2894717f1f991e2dfb87f46a80f37a5cab5ea38ab0
confirmatory::Q5R2J5	34b41219611ac71b39f94001659d257ef301dc42fb86d0ab1b2396d000b25f11
confirmatory::Q5R658	12099ebff3efead5c06a18a835e5239edabab4ca79c6c9ba0c916ef443726217
confirmatory::Q5R6S0	19e73a82bf4cb2521cfe2b344a15acf1f9bc96fc692b16e9e3b365f8c7af5ab6
confirmatory::Q5R740	369890e1b4fdd3f4d633bc750ce4706bc6a1c2d11deb58e010bd3f44230852d0
confirmatory::Q5R767	9f0d0cc0eeb47aec102bb846e184928d26abe3ecb8a62ebc0b78f49871b04459
confirmatory::Q5R7R7	087f017c4fc6de6c13673ff96033f2de2d4d9db4cfbb560e850bc3a21a9dcde7
confirmatory::Q5RA73	48fadceb80cfd90014d08e9e8740e497fa640f4924ca1fd8a785996abf5484db
confirmatory::Q5RAD0	ba4d2614b5e550635440f4c6525e8134022aee773ce7679090791bd84dd97e71
confirmatory::Q5RBI4	af3e8151ef08d08d21f26d1cce1ca2ed2dedc203bc8d13dcabd9823b27fc65d9
confirmatory::Q5RBM7	7e90cee412221196bcc5f07c4f195b89927144c6913a290671cfdac2f6ba7db5
confirmatory::Q5RBP8	044998ee53301f25e1da9826d8ad8a58142a4d54a3309f642f4808d2ffb2d10e
confirmatory::Q5RBQ5	f65f268cda29366bb13f1b7087e9b249a64aeb6cb18e487923e1b256252c74c8
confirmatory::Q5RBS3	24376931396657e10ac6c36105371df550b6e383ddce8078df34654d799ae7e7
confirmatory::Q5REC2	da1f730a80c0f0ed1f9303734404705fa18285380f99e8c78185dd847cf60b39
confirmatory::Q5RF15	0b485d24a77932509bf71e09abdcf7e581dadeda100054bf91d0e3d6a33b887d
confirmatory::Q5RFL1	c8bc632faaa2dd7e9e07420c2893908d6cabe65710e6f1a8676bef0b20dead16
confirmatory::Q5RII9	794a155dc5d6a4333e7c3f64f71a96bc7d6cff28650fa8bcc5d70a3932053113
confirmatory::Q5RK23	b039ccfd244270e65ee7ca7692ed51ef79a65b1b20862267a28d1dbe4cbb86af
confirmatory::Q5RLZ1	df5070cd63468908d7ff5dc25c50b27c1be33547707ff62e32f90f7ac877709f
confirmatory::Q5SI82	b587bef3e5d94148fb6edeb8462e56d2a1573d0e113db913c44f4bfefa67c9fa
confirmatory::Q5SMU7	6379a5db2b3216cec3ec507f7417dc6fc7ab5422e80a70b99c5b46a8764615b1
confirmatory::Q5U2S6	eafcdece930d9b2f899de45e12c2e75c2126969c2d21c3b4aaf532e256438a94
confirmatory::Q5U312	fd80707c34f29f25c56a8f1803d1fa5394ddc0f80884bf9428f4f4e83a05bb9a
confirmatory::Q5U3G1	87d425c65ac584d5e4c581986c739f7692b2578e446bf382551a86cc21557ecd
confirmatory::Q5U3S1	794a155dc5d6a4333e7c3f64f71a96bc7d6cff28650fa8bcc5d70a3932053113
confirmatory::Q5VFH6	ae072172ac565f240e9af5c41bfdfc0174476f5f1bc878f8c5aab26e7d89d267
confirmatory::Q5VJ73	1bb7a69c5ac8dff09d9743d7de36e3db00db59e8de64893c6df4fc99ac9601d3
confirmatory::Q5VJ76	1bb7a69c5ac8dff09d9743d7de36e3db00db59e8de64893c6df4fc99ac9601d3
confirmatory::Q5VXI9	d291e2f780ccae734f1044ab8a8bdd51fabac2c2899aa59af35fb22c772d8b01
confirmatory::Q5VXJ0	d291e2f780ccae734f1044ab8a8bdd51fabac2c2899aa59af35fb22c772d8b01
confirmatory::Q5VYY2	d291e2f780ccae734f1044ab8a8bdd51fabac2c2899aa59af35fb22c772d8b01
confirmatory::Q5W188	2c14df6328ed08d651ce5cff3d704d82078c6ad2a943af69e7875773d0d905c0
confirmatory::Q5W7F4	d2a58d1503639979e8af446731764acbc9855d3db5976dd5c85f11dc82849e02
confirmatory::Q5W7P8	9c42a4d7631974118801fa0fb65aef4231fc3b42e1affbced544cb057191d1c2
confirmatory::Q5WPS9	112549026d27c8c0b1f2feedd4c3dce0aa95a7c1eef5893ec6553e5b8b9fdc5f
confirmatory::Q5XF51	d017fd0721e73202cadd9ae3298bfac8bb3fb75187118a3bf8c61e4be5e4e8e8
confirmatory::Q5XHZ9	47075aafe6d2bac6e113584978b26f2f7857387210bec32ad7cf1bf1364b6c8c
confirmatory::Q5XIC4	13bf54fb73aab8d703b1025e0596f0e2e732d88bc62948135586368ddee44dd0
confirmatory::Q5XIK7	794a155dc5d6a4333e7c3f64f71a96bc7d6cff28650fa8bcc5d70a3932053113
confirmatory::Q5XJ13	1babc0f3672570a9ef69999590622bed0b820e178a50d0a1ed8144cd6b6a1e59
confirmatory::Q5XTQ4	d1c6ab564afa4059f4195e330c3f3d2fa72e6c258ca03ccbdb0ec294d4b10bcb
confirmatory::Q5YWR8	ea060f244e352de2544b388f1abc1899258898681ff665dbf7303805cc505276
confirmatory::Q5YWS0	ea060f244e352de2544b388f1abc1899258898681ff665dbf7303805cc505276
confirmatory::Q5ZIJ9	f70cb94582b2b5f26bd61c66750ab3d3e81aadb1d68c2adff83370008ebf6e1c
confirmatory::Q5ZIN0	86a5c1bfc5908ede8123b1f6c7156fccf03d9d9b70f3f68acd76dfc146e5b158
confirmatory::Q5ZK92	9be8126a2dbfcd7513074efb8f97e42b52a270b713971328a72dcad11b7a1f84
confirmatory::Q5ZM55	985193d7f0646ab5a63192350c4470719b706bcc5f16b43f74211a4adfe4c1c1
confirmatory::Q60549	f2b677e2fd5321ab024cef21588963d9a8417a4e14d4be31ef1166114f89d64f
confirmatory::Q60590	1a35ad91798a026bcdebde68ed0eb5d253ad56aad3ddf29531a071fb44d8d05e
confirmatory::Q60660	7d60fd5c92dfb8bcae8595a5e485074f20595c0030d55c37b8423232e0a10ed8
confirmatory::Q60676	8e22b1d2d0b6eb1e1e5fa4778be233170412d5e999828aaf14773086e528164b
confirmatory::Q60682	7d60fd5c92dfb8bcae8595a5e485074f20595c0030d55c37b8423232e0a10ed8
confirmatory::Q60687	cd44ecfb0231fbe25976a913c1248001f954c4063e308617e008c4b65e1d218b
confirmatory::Q60773	8992e1d38e2126575c76a9ffff1f17206072df85161868ff3b28419336c5d6f5
confirmatory::Q60778	f5946217655b779cbdb7da1594ab1ee01d52642a7d2cf2070fa5df1454f6a452
confirmatory::Q60FC1	450882407bb31af420e3fb498b86045252de225bcb0bc544cb192820b36d6e90
confirmatory::Q60HE4	892c88b018db1a24496c836ee738435b173efc2813bfbb043051751b949fe15d
confirmatory::Q60HE6	ae06a79fb0a3df6b735edf0b452366dd6bef01d4d1be6595c830072b310a4059
confirmatory::Q60HH1	c8bc632faaa2dd7e9e07420c2893908d6cabe65710e6f1a8676bef0b20dead16
confirmatory::Q61139	da1f730a80c0f0ed1f9303734404705fa18285380f99e8c78185dd847cf60b39
confirmatory::Q61483	24371bf2d6df09880740ab51a10a679536679e6846c484a18360798d6fe47647
confirmatory::Q61646	f31f934f123b8eb5e7b55919d21a17ee0061501c26e26a51565ecb85805bc123
confirmatory::Q61CX7	623f3f0445ba3d68f7f0b01360d57379b68a4bd25c5f902822b41b66dfcdfc89
confirmatory::Q62422	d1f62197ee0b94e1aa825c03b89bae92c969a18f42b790443643f132e5c7b952
confirmatory::Q62426	e18b4e5fbde76978c2080f2894717f1f991e2dfb87f46a80f37a5cab5ea38ab0
confirmatory::Q62471	5892961fd93913083308b146da1de4c67d025258b98b350e84083bba8418fbd1
confirmatory::Q62587	2ca3559869bf73bf1369b0778046227fe36990704ef03e92e809601ac40ebe65
confirmatory::Q62590	cd44ecfb0231fbe25976a913c1248001f954c4063e308617e008c4b65e1d218b
confirmatory::Q627N3	369890e1b4fdd3f4d633bc750ce4706bc6a1c2d11deb58e010bd3f44230852d0
confirmatory::Q62849	da1f730a80c0f0ed1f9303734404705fa18285380f99e8c78185dd847cf60b39
confirmatory::Q62HS0	ea060f244e352de2544b388f1abc1899258898681ff665dbf7303805cc505276
confirmatory::Q62HS2	ea060f244e352de2544b388f1abc1899258898681ff665dbf7303805cc505276
confirmatory::Q63341	24063adf61b47696a5084aad279fba23bd2d452cb3a4e2a3d0222f5c61a60eb3
confirmatory::Q63347	e2b05054974b1971d2d1faf5c1b63250f10706449e8f9c15bd1f3e29934ed416
confirmatory::Q63369	a57533e38099ea960ab1f9d4350d4e3eb6a919a313090b8648660eab8a5859d5
confirmatory::Q63415	da1f730a80c0f0ed1f9303734404705fa18285380f99e8c78185dd847cf60b39
confirmatory::Q63430	49e0bd839bb65df30e513a28e2c6701659e7b54bbf207886093864c59420f7a3
confirmatory::Q63570	23d5a3bd524d30d0ed03bfe373885d5527e4035c98c411d13a9667a063013c6e
confirmatory::Q63805	1a35ad91798a026bcdebde68ed0eb5d253ad56aad3ddf29531a071fb44d8d05e
confirmatory::Q63HQ2	68767325784b2424d10c6965c0aa59d40c7a925515b48a12df84fb6a033b254f
confirmatory::Q63RL3	ea060f244e352de2544b388f1abc1899258898681ff665dbf7303805cc505276
confirmatory::Q63RL5	ea060f244e352de2544b388f1abc1899258898681ff665dbf7303805cc505276
confirmatory::Q63ZY3	025fe66b9459a9368bbbc7e07ac2d8f2d812ba27ec9e250c1a574f49089748b0
confirmatory::Q640P2	450882407bb31af420e3fb498b86045252de225bcb0bc544cb192820b36d6e90
confirmatory::Q64171	780632a2b78e928a1a0233a9237a2deb499859d4cb703b9b85c05b6bf0ae4e2d
confirmatory::Q64181	044998ee53301f25e1da9826d8ad8a58142a4d54a3309f642f4808d2ffb2d10e
confirmatory::Q64194	d291e2f780ccae734f1044ab8a8bdd51fabac2c2899aa59af35fb22c772d8b01
confirmatory::Q641W4	694df2b5849b10ec08101ea2af6560538999a3c675f58d38bdfa8b4f58b573a3
confirmatory::Q641Z7	eac41909233ae38fd580365dacf70df8362ae19e8f8fb413aa0d59f0af65be98
confirmatory::Q64253	412ebf19781844419f07c45188fde84b1712a4113a21c291d54300b8a26fc585
confirmatory::Q64299	80411b172a57342a9e6ff35099764047f561bf1337df03f29cf013ee3a7b28d0
confirmatory::Q64329	7d60fd5c92dfb8bcae8595a5e485074f20595c0030d55c37b8423232e0a10ed8
confirmatory::Q64424	82e1c2f759ec8bf899994b4553b7d3cc20a8d7c5d625a051f6b6104ee4a7005f
confirmatory::Q64425	82e1c2f759ec8bf899994b4553b7d3cc20a8d7c5d625a051f6b6104ee4a7005f
confirmatory::Q647G9	15846e295d6f529cb1ea4423de7a6917f472ad0c4d75173697c456c27ec75481
confirmatory::Q64K33	1bb7a69c5ac8dff09d9743d7de36e3db00db59e8de64893c6df4fc99ac9601d3
confirmatory::Q64K34	afc28802fff11b2e2d1ded4ef2f20fb595c131fd12dc5efbd409170424be582b
confirmatory::Q64K36	afc28802fff11b2e2d1ded4ef2f20fb595c131fd12dc5efbd409170424be582b
confirmatory::Q65XV2	50b13f9d1d5f78552c7086ad34c3782cafa3867c15aa1c7bd0ccff2643d361a5
confirmatory::Q65YR7	e18b4e5fbde76978c2080f2894717f1f991e2dfb87f46a80f37a5cab5ea38ab0
confirmatory::Q65YR8	e18b4e5fbde76978c2080f2894717f1f991e2dfb87f46a80f37a5cab5ea38ab0
confirmatory::Q66H85	91c2894864d032b2893163dae4279c6a5eddbb3c7de724d55226dc3410728a9c
confirmatory::Q66RP5	34b41219611ac71b39f94001659d257ef301dc42fb86d0ab1b2396d000b25f11
confirmatory::Q66S21	27e6e2bb31bcb2671c5dcc113433c5816eabde69161bee463e2f8daf41bfd66c
confirmatory::Q66S50	87d425c65ac584d5e4c581986c739f7692b2578e446bf382551a86cc21557ecd
confirmatory::Q66S61	87d425c65ac584d5e4c581986c739f7692b2578e446bf382551a86cc21557ecd
confirmatory::Q66S62	87d425c65ac584d5e4c581986c739f7692b2578e446bf382551a86cc21557ecd
confirmatory::Q66S63	87d425c65ac584d5e4c581986c739f7692b2578e446bf382551a86cc21557ecd
confirmatory::Q67WJ2	b587bef3e5d94148fb6edeb8462e56d2a1573d0e113db913c44f4bfefa67c9fa
confirmatory::Q688M5	4b9e7bea9ce8ee8ae94698ef8499017333c8e1e95a44680dba3be60d8618dc01
confirmatory::Q68DC2	1babc0f3672570a9ef69999590622bed0b820e178a50d0a1ed8144cd6b6a1e59
confirmatory::Q68GV9	afc28802fff11b2e2d1ded4ef2f20fb595c131fd12dc5efbd409170424be582b
confirmatory::Q68KK0	8ee43b4e8ba5995b9aed1fca2d9b6dc963f47cc95170ae5d0cd5ee27879e4180
confirmatory::Q68W69	623f3f0445ba3d68f7f0b01360d57379b68a4bd25c5f902822b41b66dfcdfc89
confirmatory::Q69F56	afc28802fff11b2e2d1ded4ef2f20fb595c131fd12dc5efbd409170424be582b
confirmatory::Q69F58	afc28802fff11b2e2d1ded4ef2f20fb595c131fd12dc5efbd409170424be582b
confirmatory::Q69UZ3	6575fe00f3ccdc3a9bcd22237c35b4067cd150571930ca1e7aa9a8e6117d5536
confirmatory::Q69ZU8	55bd881647d7a449fc35b49ce52ba4f2dd86ad0d16680e9ef81cf2f148de50e6
confirmatory::Q6AU07	0979449cdc194fdff7dab96f55c2a10e5e5abd2d3843d67e604751e8e5fe90dd
confirmatory::Q6AWW0	65bb002a2d0220d261996f7b58f16462939548833c839b5a5858a003c2254c04
confirmatory::Q6AX44	450882407bb31af420e3fb498b86045252de225bcb0bc544cb192820b36d6e90
confirmatory::Q6AYT7	86a5c1bfc5908ede8123b1f6c7156fccf03d9d9b70f3f68acd76dfc146e5b158
confirmatory::Q6C520	e8f19abe601762091b366d25b70ea3fb93cb89ef883d201899904e677c86728a
confirmatory::Q6CLY8	ba1e0fac2515a9031daa16567997afddc289a2ecb8756ffc8f0e1753d392ede6
confirmatory::Q6DBU8	c8fadbacef3136177f2b23b2baf3dcd95afd7d6b4bd2d228911c955e1a12428c
confirmatory::Q6DCQ6	8224d870a4ad1d762e0cd8f430a9761d0b2a39c6b9877ac80d67fd6f690abc05
confirmatory::Q6DI48	24371bf2d6df09880740ab51a10a679536679e6846c484a18360798d6fe47647
confirmatory::Q6DRD9	0117c31c5e8a946d348c2967069bc984bdac99ef7914e687858f626281ab9502
confirmatory::Q6E0V2	794a155dc5d6a4333e7c3f64f71a96bc7d6cff28650fa8bcc5d70a3932053113
confirmatory::Q6EIG7	0abf7fc04094851e216e9a013b3897849df61ac3d763c6f6cd1c3c34b9d203dd
confirmatory::Q6EMK4	06f0d4fd639a6c34191fb3093385dc64c0099d172b7ef4ea43662e3435f35b54
confirmatory::Q6EV78	cd44ecfb0231fbe25976a913c1248001f954c4063e308617e008c4b65e1d218b
confirmatory::Q6EWX1	2403ae7bc8665f1e7b626feb95c0ff7f17c310b870feafcd82ae5317780d177e
confirmatory::Q6EZC2	cf086492ab026d02708e9be582df185c98b8b4f6c6492e10a2b684a6eeda7d53
confirmatory::Q6F3J0	a57533e38099ea960ab1f9d4350d4e3eb6a919a313090b8648660eab8a5859d5
confirmatory::Q6FD83	ea060f244e352de2544b388f1abc1899258898681ff665dbf7303805cc505276
confirmatory::Q6FD85	ea060f244e352de2544b388f1abc1899258898681ff665dbf7303805cc505276
confirmatory::Q6FEQ3	dccb74d38eb5e7a9f23fe80d041bb156f74f05b1c460fdc8136e9dbd7d77d278
confirmatory::Q6G734	ea060f244e352de2544b388f1abc1899258898681ff665dbf7303805cc505276
confirmatory::Q6GEE4	ea060f244e352de2544b388f1abc1899258898681ff665dbf7303805cc505276
confirmatory::Q6GEE6	ea060f244e352de2544b388f1abc1899258898681ff665dbf7303805cc505276
confirmatory::Q6GL04	199e5e746f1a78658450a2ba041b79aef49bbb4feb4fdafedee11b7288c9ede8
confirmatory::Q6GNY1	f70cb94582b2b5f26bd61c66750ab3d3e81aadb1d68c2adff83370008ebf6e1c
confirmatory::Q6GPE5	985193d7f0646ab5a63192350c4470719b706bcc5f16b43f74211a4adfe4c1c1
confirmatory::Q6GQL2	369890e1b4fdd3f4d633bc750ce4706bc6a1c2d11deb58e010bd3f44230852d0
confirmatory::Q6GQX6	1babc0f3672570a9ef69999590622bed0b820e178a50d0a1ed8144cd6b6a1e59
confirmatory::Q6GUL6	22908ea1541a1b07146f2bd28daaa95ec311bcc862f3182fe7289c27fc0bc4d0
confirmatory::Q6GX84	725376337385731c27c04b3295d4b5d7c66d2e8cbf129aaea87ba3f5efc0a84e
confirmatory::Q6H9L7	cb44a4f497064aed4649f5deb7fef3c4d84afeace4de66ba616b124b36f36034
confirmatory::Q6IE26	2eecc744c786b9108557788352fd5794355c754b0934c0f099e6c21ad6cf8672
confirmatory::Q6IE32	39977d7c8cb51a04363db1a900c2381799fac83607110b9c758bb1e0b32e3199
confirmatory::Q6IE46	494bb47a5b8c2bea3cad5f8a40f43589336270fb6d93bdf73592e38be6ebde1b
confirmatory::Q6IY73	cd44ecfb0231fbe25976a913c1248001f954c4063e308617e008c4b65e1d218b
confirmatory::Q6IY74	cd44ecfb0231fbe25976a913c1248001f954c4063e308617e008c4b65e1d218b
confirmatory::Q6JVE5	693191d81dad8633f117940437800dc383ce0e8e12178e775ecd55116c2bb03f
confirmatory::Q6JVE9	ae5ea8639589b79b276a0740af0e2a4bf3187ec339698d7063e881ce1e1a2a07
confirmatory::Q6JVL5	693191d81dad8633f117940437800dc383ce0e8e12178e775ecd55116c2bb03f
confirmatory::Q6K8R2	4b9e7bea9ce8ee8ae94698ef8499017333c8e1e95a44680dba3be60d8618dc01
confirmatory::Q6MG55	19e73a82bf4cb2521cfe2b344a15acf1f9bc96fc692b16e9e3b365f8c7af5ab6
confirmatory::Q6N1G8	dccb74d38eb5e7a9f23fe80d041bb156f74f05b1c460fdc8136e9dbd7d77d278
confirmatory::Q6N3N0	ea060f244e352de2544b388f1abc1899258898681ff665dbf7303805cc505276
confirmatory::Q6N3N3	ea060f244e352de2544b388f1abc1899258898681ff665dbf7303805cc505276
confirmatory::Q6NAM1	99f40f5f5deac002e1b3d68b6ea089ee9bc93d5873f98c72e3a3b22286c5e09d
confirmatory::Q6NLQ8	50b13f9d1d5f78552c7086ad34c3782cafa3867c15aa1c7bd0ccff2643d361a5
confirmatory::Q6NT52	cd44ecfb0231fbe25976a913c1248001f954c4063e308617e008c4b65e1d218b
confirmatory::Q6NVU2	369890e1b4fdd3f4d633bc750ce4706bc6a1c2d11deb58e010bd3f44230852d0
confirmatory::Q6NW58	9be8126a2dbfcd7513074efb8f97e42b52a270b713971328a72dcad11b7a1f84
confirmatory::Q6NXT1	c5e2be88b1228a5fe292dfa6bf01adfcb55983d3c6eccfb6b3c05b612e4a3de6
confirmatory::Q6P1H6	8b329edba81bc4bf77c0e6906a180e9e8756de0c47eaf4fa7419b66d30794d17
confirmatory::Q6P5P5	f57c6cf461f021788bb7f38d55fb443eb4f59d5c8171c8c0af30ab029f1bfb82
confirmatory::Q6P734	7c001592a0af53a0b7029cb604d3d173bb64ff8d0eddd85c023a777d81f9b85a
confirmatory::Q6PE15	79fb5f5aeea75b1180489919250ee5ca372dd41009fc99b7025dd9708a35177b
confirmatory::Q6PIW4	725376337385731c27c04b3295d4b5d7c66d2e8cbf129aaea87ba3f5efc0a84e
confirmatory::Q6PQK2	73e2773055c4aaed4b9016027f3b0aed172b44904b6c4889bf48e64ff56d6e0f
confirmatory::Q6Q2C2	2eecc744c786b9108557788352fd5794355c754b0934c0f099e6c21ad6cf8672
confirmatory::Q6Q3H0	b30b84a76b4877ee5f623b2fe1234ec407ce41971f778f80bf04b469852129d7
confirmatory::Q6Q7I7	2ce198fad98f14e4c4b8a256c59fcb869aedf9d88f10faac7815fcadcfa4fcaf
confirmatory::Q6QLQ4	55ddb3dd17da1cb3ae6ed5aa5ab62a50e2f5afdd8477f9c0f808349986102bb6
confirmatory::Q6RY98	5bb2900baf301969b961458b31bf85d5c1deee5dcae3cae285450b3f64031f30
confirmatory::Q6SI68	cd44ecfb0231fbe25976a913c1248001f954c4063e308617e008c4b65e1d218b
confirmatory::Q6T6T4	e762a34e2879fb89badf3aefde610ff9d5414dd0791ef2899f47f15931593ae4
confirmatory::Q6TMA8	450882407bb31af420e3fb498b86045252de225bcb0bc544cb192820b36d6e90
confirmatory::Q6TNA5	29a79690eced4461016836ce36c14c380b0c4c5e3dcafb70f5238755407be04c
confirmatory::Q6TNA6	35694f21d7d4db56351d18bdafcc1ae0e6fb7fafca960bd78ecc92fb5c4eca41
confirmatory::Q6TPH1	bb6ceea07e989d80c137788cdbdfd634ab9becd492e572919974a7e2ecc7bc23
confirmatory::Q6U830	cd44ecfb0231fbe25976a913c1248001f954c4063e308617e008c4b65e1d218b
confirmatory::Q6UR35	ea060f244e352de2544b388f1abc1899258898681ff665dbf7303805cc505276
confirmatory::Q6UR44	ea060f244e352de2544b388f1abc1899258898681ff665dbf7303805cc505276
confirmatory::Q6UR53	ea060f244e352de2544b388f1abc1899258898681ff665dbf7303805cc505276
confirmatory::Q6UR62	ea060f244e352de2544b388f1abc1899258898681ff665dbf7303805cc505276
confirmatory::Q6UR78	ea060f244e352de2544b388f1abc1899258898681ff665dbf7303805cc505276
confirmatory::Q6UR86	ea060f244e352de2544b388f1abc1899258898681ff665dbf7303805cc505276
confirmatory::Q6UVW9	e73c96ea43f7190ef92adf35894e2eb0a0c6332b069837b46e96d09e4da1989a
confirmatory::Q6UW60	da1f730a80c0f0ed1f9303734404705fa18285380f99e8c78185dd847cf60b39
confirmatory::Q6UWW0	fff12e77db30d8d5054c219a61e7eadca02694fd845a38e729300f128215237b
confirmatory::Q6UXR4	a5ebffc2e2dbb22bd5322e5b7f495ec0102e8dba67dfdb8b96b9aa84fa7da6f3
confirmatory::Q6UXZ4	e1b95bb5b2d98418af04cd6abcaee2221a616a7e7b69327abdac2b834eba6f74
confirmatory::Q6UY11	389ad42570c89a23dada5ba64aad3e0bd24cb5b88b1fc4a23e5d29f2508b4cfc
confirmatory::Q6V9H4	48fadceb80cfd90014d08e9e8740e497fa640f4924ca1fd8a785996abf5484db
confirmatory::Q6X7V3	82ba2784f1f8c5c50742e13d650c40e1693ecd41f5e2dbe7f1afccb645a66a72
confirmatory::Q6XBH1	35924e8f7b5834d086ff9e83412559b96bc83a137462bdc92264c5acb9e9f8ba
confirmatory::Q6XZB0	c8fadbacef3136177f2b23b2baf3dcd95afd7d6b4bd2d228911c955e1a12428c
confirmatory::Q6Y4Q5	24063adf61b47696a5084aad279fba23bd2d452cb3a4e2a3d0222f5c61a60eb3
confirmatory::Q6YK33	2ca3559869bf73bf1369b0778046227fe36990704ef03e92e809601ac40ebe65
confirmatory::Q6ZFW0	8f8da713303fc3e9da5300981fa592399dd69f945ee35063684c899fb1bc1d27
confirmatory::Q6ZMM2	bb40d15c016e35f42dcca513f66d9229afaef132e7dc1251b2a6b3dc0c5acfcd
confirmatory::Q6ZMP0	562e79a16f6ce227a3e89db3f4bb54b3e3c1b2ae222acba4917b6af32fdf6d0f
confirmatory::Q6ZMU1	13052596539332eba217bc31fcf0d6330ad67e104a067ad1973bff4349aab6c3
confirmatory::Q6ZN17	623f3f0445ba3d68f7f0b01360d57379b68a4bd25c5f902822b41b66dfcdfc89
confirmatory::Q6ZNF0	bb6ceea07e989d80c137788cdbdfd634ab9becd492e572919974a7e2ecc7bc23
confirmatory::Q6ZST4	893d42719c35fb87ed0fa74f6f99a943dd559899c72f9549eb41965b8b063f89
confirmatory::Q6ZT21	4f74dcb1b503ace41f74d5c063a5fa9c5498e32a006c0e7a8aebc0644cd0f288
confirmatory::Q700D5	0e4c38eb4f51a7eb91cc769f4711116524ea8b7fdc196854106f65a38ca035fd
confirmatory::Q704Y3	36dec6c60a72d94ff56ec694716245de514abc69b61f3fd1ef27385953643515
confirmatory::Q70DK5	a00384a0c9fb6ab048e78eb3d60db510d8d313ce9a15dfda96cf700e638435e3
confirmatory::Q70GH4	c8bc632faaa2dd7e9e07420c2893908d6cabe65710e6f1a8676bef0b20dead16
confirmatory::Q70J59	c8bc632faaa2dd7e9e07420c2893908d6cabe65710e6f1a8676bef0b20dead16
confirmatory::Q70UZ7	8224d870a4ad1d762e0cd8f430a9761d0b2a39c6b9877ac80d67fd6f690abc05
confirmatory::Q70X92	987aaa7b495bc5fd6b0fc9e57a89713660ed32dba42de9a4d8ba698c190be061
confirmatory::Q710E8	6379a5db2b3216cec3ec507f7417dc6fc7ab5422e80a70b99c5b46a8764615b1
confirmatory::Q719N1	9be8126a2dbfcd7513074efb8f97e42b52a270b713971328a72dcad11b7a1f84
confirmatory::Q71KU9	450882407bb31af420e3fb498b86045252de225bcb0bc544cb192820b36d6e90
confirmatory::Q71S21	eafcdece930d9b2f899de45e12c2e75c2126969c2d21c3b4aaf532e256438a94
confirmatory::Q71S22	eafcdece930d9b2f899de45e12c2e75c2126969c2d21c3b4aaf532e256438a94
confirmatory::Q72R95	dccb74d38eb5e7a9f23fe80d041bb156f74f05b1c460fdc8136e9dbd7d77d278
confirmatory::Q733J6	ea060f244e352de2544b388f1abc1899258898681ff665dbf7303805cc505276
confirmatory::Q73UB0	dccb74d38eb5e7a9f23fe80d041bb156f74f05b1c460fdc8136e9dbd7d77d278
confirmatory::Q75JI3	66982e869380038efc306798aae7ce2e1fae56c06d7dfce80d3e44d1d4b5c3dc
confirmatory::Q75WF2	7274beeb432608e4b4eeea85ab6cf11fcacee396cb776b09e2215684825a166f
confirmatory::Q75ZQ4	ea060f244e352de2544b388f1abc1899258898681ff665dbf7303805cc505276
confirmatory::Q75ZQ5	ea060f244e352de2544b388f1abc1899258898681ff665dbf7303805cc505276
confirmatory::Q761X5	e1b95bb5b2d98418af04cd6abcaee2221a616a7e7b69327abdac2b834eba6f74
confirmatory::Q76KX0	3f5913f7e3e5d5a0a685cebeb853633fcb01f74c67d49634fe5a5e33895c0619
confirmatory::Q76LA0	e18b4e5fbde76978c2080f2894717f1f991e2dfb87f46a80f37a5cab5ea38ab0
confirmatory::Q76U48	97931beddc207ba01cef248f2779df9b4c5518304c731e63e1a28810c83ae314
confirmatory::Q78EH2	da1f730a80c0f0ed1f9303734404705fa18285380f99e8c78185dd847cf60b39
confirmatory::Q793F9	12099ebff3efead5c06a18a835e5239edabab4ca79c6c9ba0c916ef443726217
confirmatory::Q79VJ3	ea060f244e352de2544b388f1abc1899258898681ff665dbf7303805cc505276
confirmatory::Q7DNA1	4b9e7bea9ce8ee8ae94698ef8499017333c8e1e95a44680dba3be60d8618dc01
confirmatory::Q7FK82	067ae74d42b596cec7582bf029fe09ab77e540f889181e76f7318d4806994969
confirmatory::Q7K5M0	b7bc7a1b22f24755fc3ef9a18c54714098fc8ff519f1234b4205f0b2c6a30739
confirmatory::Q7K740	9115b03cb3061d687b03fddc7be898a18890649d629080776e40a00b900bba11
confirmatory::Q7KN62	199e5e746f1a78658450a2ba041b79aef49bbb4feb4fdafedee11b7288c9ede8
confirmatory::Q7KUD5	2f9db5b8fc00d830c93f9b2ca68277e3c487d58252f4703b40bcbe4291ba46f3
confirmatory::Q7L211	67c02c2b2dac950c0572468b80c4cf3b39a6a28dc4a3e94b281e08f3b75adbb1
confirmatory::Q7M429	e762a34e2879fb89badf3aefde610ff9d5414dd0791ef2899f47f15931593ae4
confirmatory::Q7M4G0	34b41219611ac71b39f94001659d257ef301dc42fb86d0ab1b2396d000b25f11
confirmatory::Q7M4G1	34b41219611ac71b39f94001659d257ef301dc42fb86d0ab1b2396d000b25f11
confirmatory::Q7MPY0	d52af3aeba16f166910db4a02e939c6bcf3e5ff1879d6147eae4d668380d76f5
confirmatory::Q7N4Y9	ea060f244e352de2544b388f1abc1899258898681ff665dbf7303805cc505276
confirmatory::Q7N8B1	75c22060b44ebb972ae17635055b11849238e6fe69a2a1158e0a5a22c6abb094
confirmatory::Q7NPW5	d52af3aeba16f166910db4a02e939c6bcf3e5ff1879d6147eae4d668380d76f5
confirmatory::Q7Q3R9	84aa9ee5daecce1e23fbd5cc279ceef27b9ee42dc5584dade8b6e3e24edba661
confirmatory::Q7QIJ8	c02d190086ca7e74d1e2ea37b6b529e289daf9cf9477c5f45cf995e77fae69ce
confirmatory::Q7SHI0	45ad65a9a1f270cc6da46266725a1aad0303b98c53ca247033931cf8c67da178
confirmatory::Q7SY73	56c839bfe860f6cc35f76b3271a1727683ddb45a364c32cc9b290abb6e0b446c
confirmatory::Q7T291	e1d839f381927b9a2033cd2376ea1dec270868532d82b0db04197ab80478009c
confirmatory::Q7T2Z5	e1b95bb5b2d98418af04cd6abcaee2221a616a7e7b69327abdac2b834eba6f74
confirmatory::Q7T3E4	0979449cdc194fdff7dab96f55c2a10e5e5abd2d3843d67e604751e8e5fe90dd
confirmatory::Q7T6X8	057b3edc0fe8d2ae60665eefd3e06401ee7534504c8166be0b44751ef72be6a7
confirmatory::Q7TP65	8b329edba81bc4bf77c0e6906a180e9e8756de0c47eaf4fa7419b66d30794d17
confirmatory::Q7TPA5	a5ebffc2e2dbb22bd5322e5b7f495ec0102e8dba67dfdb8b96b9aa84fa7da6f3
confirmatory::Q7TQP6	0b485d24a77932509bf71e09abdcf7e581dadeda100054bf91d0e3d6a33b887d
confirmatory::Q7TSK7	e1f387a1bafc4579889c1855a136ccd2f8aa68f73ce7b8d64a5020e68515edc8
confirmatory::Q7TXK7	d92fada7feca4c1cde83ce94c6a8fa940bb876766efac09bff27ee9a256a0ac2
confirmatory::Q7U3I3	ea060f244e352de2544b388f1abc1899258898681ff665dbf7303805cc505276
confirmatory::Q7U3I5	ea060f244e352de2544b388f1abc1899258898681ff665dbf7303805cc505276
confirmatory::Q7UG04	dccb74d38eb5e7a9f23fe80d041bb156f74f05b1c460fdc8136e9dbd7d77d278
confirmatory::Q7V1B4	ea060f244e352de2544b388f1abc1899258898681ff665dbf7303805cc505276
confirmatory::Q7V1B6	ea060f244e352de2544b388f1abc1899258898681ff665dbf7303805cc505276
confirmatory::Q7VRS4	ea060f244e352de2544b388f1abc1899258898681ff665dbf7303805cc505276
confirmatory::Q7VUD0	ea060f244e352de2544b388f1abc1899258898681ff665dbf7303805cc505276
confirmatory::Q7VUD3	ea060f244e352de2544b388f1abc1899258898681ff665dbf7303805cc505276
confirmatory::Q7W417	ea060f244e352de2544b388f1abc1899258898681ff665dbf7303805cc505276
confirmatory::Q7WES8	dccb74d38eb5e7a9f23fe80d041bb156f74f05b1c460fdc8136e9dbd7d77d278
confirmatory::Q7X8H9	f7a616fde5389141c0e4c34abab3803332ab61f9588c2aa0912a794e89fe69e4
confirmatory::Q7XI08	f8e37d19f25523ec43683dde16e6bc2d047a53804f0c2db7aa338029d3c6716c
confirmatory::Q7XK25	47075aafe6d2bac6e113584978b26f2f7857387210bec32ad7cf1bf1364b6c8c
confirmatory::Q7XMK0	75a4d4983b92c6f2d61f0da10de61a0b3695ceb2866193fa2677419ef8d5e03a
confirmatory::Q7XMK1	75a4d4983b92c6f2d61f0da10de61a0b3695ceb2866193fa2677419ef8d5e03a
confirmatory::Q7XQR9	ae06a79fb0a3df6b735edf0b452366dd6bef01d4d1be6595c830072b310a4059
confirmatory::Q7XUN6	067ae74d42b596cec7582bf029fe09ab77e540f889181e76f7318d4806994969
confirmatory::Q7Y1Z0	0938a8862515dbebeaa25ebc523df426c8e59a1f2e258d73b025e80dfbf4d1dc
confirmatory::Q7YSW8	80188e9791182b3a7d2f79c0e2ed86136b48ed6a049411d036b36313dbd8bbd5
confirmatory::Q7YT37	118e446f0e497dcf4b52131c35b428bd1e3effda134fd2b75795f1ef6827d29c
confirmatory::Q7Z156	25545dadd80435581e74794c9216eeb66ace8228a86901b5932e62c7acee96bd
confirmatory::Q7Z3S9	2e15cb2fc2f0449dac82dac687f594e94ca3244b833b3121d2dcc58df8ed7387
confirmatory::Q7ZU99	199e5e746f1a78658450a2ba041b79aef49bbb4feb4fdafedee11b7288c9ede8
confirmatory::Q7ZZV4	cd44ecfb0231fbe25976a913c1248001f954c4063e308617e008c4b65e1d218b
confirmatory::Q802V6	09a5c6daa4509edcd9a50cdcab8952c9c902cbc82772d0954acdce88324b4fe6
confirmatory::Q803L0	623f3f0445ba3d68f7f0b01360d57379b68a4bd25c5f902822b41b66dfcdfc89
confirmatory::Q805D4	a0c3ddc016960caea03d37945f1c0eb2bf2912efea3e0306caa53534e5a7c121
confirmatory::Q805D7	08528be7fd341aa6992306d6cc2dcd129232b8b4cd83081db737fc35b1f465a3
confirmatory::Q805D8	08528be7fd341aa6992306d6cc2dcd129232b8b4cd83081db737fc35b1f465a3
confirmatory::Q80SY4	f70cb94582b2b5f26bd61c66750ab3d3e81aadb1d68c2adff83370008ebf6e1c
confirmatory::Q80UU1	91c2894864d032b2893163dae4279c6a5eddbb3c7de724d55226dc3410728a9c
confirmatory::Q80VM7	e4390a65d2b451a22ddc10e0472e54fd270c5699aa0c1fa810fd77b5259eea02
confirmatory::Q80W65	1bb7a69c5ac8dff09d9743d7de36e3db00db59e8de64893c6df4fc99ac9601d3
confirmatory::Q80XL7	c95ef386e0d3ba468fdb2900eacedffdfe47c9718cfd81d7f547bcab79cd73cf
confirmatory::Q80Y72	e762a34e2879fb89badf3aefde610ff9d5414dd0791ef2899f47f15931593ae4
confirmatory::Q80YU0	19e73a82bf4cb2521cfe2b344a15acf1f9bc96fc692b16e9e3b365f8c7af5ab6
confirmatory::Q80Z32	72cb9fee1f9973e32bfa12f20c8173839167e61b5269a4617fc576f7404699c4
confirmatory::Q80ZA0	65ee5a678e3df03b66915068a451d63c9cf38bf313f16c4cae674fd4276713a9
confirmatory::Q80ZC8	e24a691fb2448443c4d3fcbb41e94466d536bd9b8f81edea7365c9d57658611a
confirmatory::Q80ZN5	fd33bdbb28aba26af0cacd5382e9ee346d0f7091b73162b33ac4bd88361c17b1
confirmatory::Q810Z1	ba172a80ecf2aaaa97f93908c351e3dde0731394bbda0d8dbd7aa992cb790e0f
confirmatory::Q811M5	ba4d2614b5e550635440f4c6525e8134022aee773ce7679090791bd84dd97e71
confirmatory::Q812B2	4ae39a961aa8b655e076d2a3ace8a73a45304f12885c4a58fd5edc3af65754c5
confirmatory::Q826R9	ea060f244e352de2544b388f1abc1899258898681ff665dbf7303805cc505276
confirmatory::Q826S1	ea060f244e352de2544b388f1abc1899258898681ff665dbf7303805cc505276
confirmatory::Q82JN8	ea060f244e352de2544b388f1abc1899258898681ff665dbf7303805cc505276
confirmatory::Q82SL8	d52af3aeba16f166910db4a02e939c6bcf3e5ff1879d6147eae4d668380d76f5
confirmatory::Q83730	01f3a8b24f4b4460a56cfeb27f3ca3a4b08aa281613d575746b64434f616b987
confirmatory::Q838U8	589d234c7163da9c8a3042ac7bb2b8ef27df5391ceea7fbd9acbce813c590b23
confirmatory::Q83RI9	623f3f0445ba3d68f7f0b01360d57379b68a4bd25c5f902822b41b66dfcdfc89
confirmatory::Q83U21	ea060f244e352de2544b388f1abc1899258898681ff665dbf7303805cc505276
confirmatory::Q83WC8	4da363a0ba276eafe635d84d1b81e46c4bac3b404865716eba9e051acd5578f3
confirmatory::Q84C00	b50108bd06e279382f88116b4ac767ee52e992f299c68bd014bf1aba3d146df7
confirmatory::Q84K11	8e22b1d2d0b6eb1e1e5fa4778be233170412d5e999828aaf14773086e528164b
confirmatory::Q84LR6	35fb562852952c09ea18952cafc9064066586aa02b57befdd329c08c3ac2a0f2
confirmatory::Q84N29	34efdb7da6465528647a3456cde08984bda0ce26aa0261df4c8efe316d3e0938
confirmatory::Q84XU2	8e22b1d2d0b6eb1e1e5fa4778be233170412d5e999828aaf14773086e528164b
confirmatory::Q85339	d1c310bf0ba6d0096f9d7112c268048f8ec36ff308e6ee6aed1e927cb41d53a5
confirmatory::Q862Z5	e18b4e5fbde76978c2080f2894717f1f991e2dfb87f46a80f37a5cab5ea38ab0
confirmatory::Q863A0	bc915c1c28ec405395a99c2ecfb7d27da28c273f79648ff3c9d1f724acfa6d1b
confirmatory::Q864W0	bc915c1c28ec405395a99c2ecfb7d27da28c273f79648ff3c9d1f724acfa6d1b
confirmatory::Q867X2	d1c6ab564afa4059f4195e330c3f3d2fa72e6c258ca03ccbdb0ec294d4b10bcb
confirmatory::Q867X3	d1c6ab564afa4059f4195e330c3f3d2fa72e6c258ca03ccbdb0ec294d4b10bcb
confirmatory::Q86GC9	d1c6ab564afa4059f4195e330c3f3d2fa72e6c258ca03ccbdb0ec294d4b10bcb
confirmatory::Q86SG2	8992e1d38e2126575c76a9ffff1f17206072df85161868ff3b28419336c5d6f5
confirmatory::Q86TH1	e1f387a1bafc4579889c1855a136ccd2f8aa68f73ce7b8d64a5020e68515edc8
confirmatory::Q86WA8	6575fe00f3ccdc3a9bcd22237c35b4067cd150571930ca1e7aa9a8e6117d5536
confirmatory::Q86XH1	fb8b88e9d652a00587929c0bc64dfa3cbf394e363fd2a77b9c53d8d810513488
confirmatory::Q86XS5	450882407bb31af420e3fb498b86045252de225bcb0bc544cb192820b36d6e90
confirmatory::Q86YT6	f70cb94582b2b5f26bd61c66750ab3d3e81aadb1d68c2adff83370008ebf6e1c
confirmatory::Q86YW7	4ae39a961aa8b655e076d2a3ace8a73a45304f12885c4a58fd5edc3af65754c5
confirmatory::Q87BG9	dccb74d38eb5e7a9f23fe80d041bb156f74f05b1c460fdc8136e9dbd7d77d278
confirmatory::Q87VP0	ea060f244e352de2544b388f1abc1899258898681ff665dbf7303805cc505276
confirmatory::Q87VP4	ea060f244e352de2544b388f1abc1899258898681ff665dbf7303805cc505276
confirmatory::Q883F3	ea060f244e352de2544b388f1abc1899258898681ff665dbf7303805cc505276
confirmatory::Q88CT3	dccb74d38eb5e7a9f23fe80d041bb156f74f05b1c460fdc8136e9dbd7d77d278
confirmatory::Q88J04	ea060f244e352de2544b388f1abc1899258898681ff665dbf7303805cc505276
confirmatory::Q88J06	ea060f244e352de2544b388f1abc1899258898681ff665dbf7303805cc505276
confirmatory::Q89UG0	ea060f244e352de2544b388f1abc1899258898681ff665dbf7303805cc505276
confirmatory::Q89UG3	ea060f244e352de2544b388f1abc1899258898681ff665dbf7303805cc505276
confirmatory::Q8AVK2	623f3f0445ba3d68f7f0b01360d57379b68a4bd25c5f902822b41b66dfcdfc89
confirmatory::Q8AYA2	87d425c65ac584d5e4c581986c739f7692b2578e446bf382551a86cc21557ecd
confirmatory::Q8BFS3	f31157ce31d0ea78e44180490f60aee1f7d653cda777a6f9f25fd735279904c3
confirmatory::Q8BFS6	2effb38671bc2634c238898a79d72badc589944ae47dd3baa503aa88e04f6abf
confirmatory::Q8BH35	ba4d2614b5e550635440f4c6525e8134022aee773ce7679090791bd84dd97e71
confirmatory::Q8BIW9	bec95fdc3d8ce8d3ec70198b1318d6fa5a8e5c829db77431810c64580fcb3249
confirmatory::Q8BM14	d291e2f780ccae734f1044ab8a8bdd51fabac2c2899aa59af35fb22c772d8b01
confirmatory::Q8BMY7	3e16de24ba7ef3afc3657d7c3ad20a74aacd37216bdb9be6736376443b010e65
confirmatory::Q8BPY9	725376337385731c27c04b3295d4b5d7c66d2e8cbf129aaea87ba3f5efc0a84e
confirmatory::Q8BRU4	1685ecb71d61fd59201bf6df9b9d74f1b875d2b3c7ae7937a71e8e49c0ae4040
confirmatory::Q8BX02	025fe66b9459a9368bbbc7e07ac2d8f2d812ba27ec9e250c1a574f49089748b0
confirmatory::Q8BX37	bb6ceea07e989d80c137788cdbdfd634ab9becd492e572919974a7e2ecc7bc23
confirmatory::Q8C0T1	985193d7f0646ab5a63192350c4470719b706bcc5f16b43f74211a4adfe4c1c1
confirmatory::Q8C1T8	e73c96ea43f7190ef92adf35894e2eb0a0c6332b069837b46e96d09e4da1989a
confirmatory::Q8CEF1	985193d7f0646ab5a63192350c4470719b706bcc5f16b43f74211a4adfe4c1c1
confirmatory::Q8CEK3	6b0ebc54dfc64f7e2c289708b3968aada03a867dbdba2a8bd6abfebd1ad576b8
confirmatory::Q8CF98	87d425c65ac584d5e4c581986c739f7692b2578e446bf382551a86cc21557ecd
confirmatory::Q8CG07	eb784fe0c0bd1af88d8d8e4e799942cb5d28c2f372de6283f1a431286a50f6d1
confirmatory::Q8CG16	f31f934f123b8eb5e7b55919d21a17ee0061501c26e26a51565ecb85805bc123
confirmatory::Q8CGK3	6575fe00f3ccdc3a9bcd22237c35b4067cd150571930ca1e7aa9a8e6117d5536
confirmatory::Q8CI19	48fadceb80cfd90014d08e9e8740e497fa640f4924ca1fd8a785996abf5484db
confirmatory::Q8CIE0	a5ebffc2e2dbb22bd5322e5b7f495ec0102e8dba67dfdb8b96b9aa84fa7da6f3
confirmatory::Q8CIV3	c8fadbacef3136177f2b23b2baf3dcd95afd7d6b4bd2d228911c955e1a12428c
confirmatory::Q8CJC7	e24a691fb2448443c4d3fcbb41e94466d536bd9b8f81edea7365c9d57658611a
confirmatory::Q8CNC9	ea060f244e352de2544b388f1abc1899258898681ff665dbf7303805cc505276
confirmatory::Q8E8N6	d52af3aeba16f166910db4a02e939c6bcf3e5ff1879d6147eae4d668380d76f5
confirmatory::Q8FQX2	ea060f244e352de2544b388f1abc1899258898681ff665dbf7303805cc505276
confirmatory::Q8FRT0	dccb74d38eb5e7a9f23fe80d041bb156f74f05b1c460fdc8136e9dbd7d77d278
confirmatory::Q8FZW2	ea060f244e352de2544b388f1abc1899258898681ff665dbf7303805cc505276
confirmatory::Q8FZW4	ea060f244e352de2544b388f1abc1899258898681ff665dbf7303805cc505276
confirmatory::Q8G2P8	ea060f244e352de2544b388f1abc1899258898681ff665dbf7303805cc505276
confirmatory::Q8G2Q0	ea060f244e352de2544b388f1abc1899258898681ff665dbf7303805cc505276
confirmatory::Q8GB88	73a05a93bea8e2d37f0e210c5efe86121e1f152114b6f567634760ca5e6f5842
confirmatory::Q8GH98	ea060f244e352de2544b388f1abc1899258898681ff665dbf7303805cc505276
confirmatory::Q8GHL1	d52af3aeba16f166910db4a02e939c6bcf3e5ff1879d6147eae4d668380d76f5
confirmatory::Q8GUD7	4b9e7bea9ce8ee8ae94698ef8499017333c8e1e95a44680dba3be60d8618dc01
confirmatory::Q8GUK4	0d9f327b1073890bfb36e5ee168a06ee2714bac452b116df3ae13f3e08179c5f
confirmatory::Q8GWW6	d017fd0721e73202cadd9ae3298bfac8bb3fb75187118a3bf8c61e4be5e4e8e8
confirmatory::Q8GWX9	0d9f327b1073890bfb36e5ee168a06ee2714bac452b116df3ae13f3e08179c5f
confirmatory::Q8GYH5	caaa2c3ab855acefea9a62b0d41d80803b2b6ffd59d23735cc8d52eca9a86a52
confirmatory::Q8H129	9fcb35c35fea51a2a10d2b05454d0c6c3ffaa3abfa40e228e32ed2d281fd9381
confirmatory::Q8H1R2	b7682d2fa96fd4bc296ae4e4c223de1003e0422db7e6a0bfbec23a561e9d43a9
confirmatory::Q8H4L8	f7a616fde5389141c0e4c34abab3803332ab61f9588c2aa0912a794e89fe69e4
confirmatory::Q8H5F8	e1d839f381927b9a2033cd2376ea1dec270868532d82b0db04197ab80478009c
confirmatory::Q8HXV2	2ca3559869bf73bf1369b0778046227fe36990704ef03e92e809601ac40ebe65
confirmatory::Q8HY17	f31157ce31d0ea78e44180490f60aee1f7d653cda777a6f9f25fd735279904c3
confirmatory::Q8HY83	cd44ecfb0231fbe25976a913c1248001f954c4063e308617e008c4b65e1d218b
confirmatory::Q8HY84	cd44ecfb0231fbe25976a913c1248001f954c4063e308617e008c4b65e1d218b
confirmatory::Q8HZR9	cd44ecfb0231fbe25976a913c1248001f954c4063e308617e008c4b65e1d218b
confirmatory::Q8I030	e18b4e5fbde76978c2080f2894717f1f991e2dfb87f46a80f37a5cab5ea38ab0
confirmatory::Q8I0V0	8e5a796ba82885cd75cc418837f05303b492fb3ec6b59865c2d21255824472b0
confirmatory::Q8I2X3	3b99f0cf59f08b6a265a70fed99eda7eb585fc5001534da616b88d23be993d30
confirmatory::Q8I430	620efddef2a5a6a2b7b9e6df874cdd18e3b8c033a4df2440b6108ef0d537700e
confirmatory::Q8IUS5	2eecc744c786b9108557788352fd5794355c754b0934c0f099e6c21ad6cf8672
confirmatory::Q8IVF6	8992e1d38e2126575c76a9ffff1f17206072df85161868ff3b28419336c5d6f5
confirmatory::Q8IWL1	87d425c65ac584d5e4c581986c739f7692b2578e446bf382551a86cc21557ecd
confirmatory::Q8IX05	8bee7dc94cfa5f8719cc9b73651a6268cfd5276d4851cf1d4d37f8363db75bd0
confirmatory::Q8IYT4	23d5a3bd524d30d0ed03bfe373885d5527e4035c98c411d13a9667a063013c6e
confirmatory::Q8IZJ1	e1b95bb5b2d98418af04cd6abcaee2221a616a7e7b69327abdac2b834eba6f74
confirmatory::Q8J0D7	afc28802fff11b2e2d1ded4ef2f20fb595c131fd12dc5efbd409170424be582b
confirmatory::Q8J0D8	1bb7a69c5ac8dff09d9743d7de36e3db00db59e8de64893c6df4fc99ac9601d3
confirmatory::Q8JGT4	e1b95bb5b2d98418af04cd6abcaee2221a616a7e7b69327abdac2b834eba6f74
confirmatory::Q8JHE1	53478964ae31d34c45fc4692f8cade38feae54a2db88d8a24c05cf867cdc2682
confirmatory::Q8JZM4	fbf819187da9d392c0824c03a40165a05b2f212af89671b409a367f3118fcfd4
confirmatory::Q8JZQ2	583013e8e1e3f251647e55dd2b6aecaf7abf80b61775aa3433410c90a8c4b301
confirmatory::Q8K009	931ab9bceb3d00092439c252651cf7642dfe2c2e50cfc6cb076f40a5ad76ebfe
confirmatory::Q8K0E8	450882407bb31af420e3fb498b86045252de225bcb0bc544cb192820b36d6e90
confirmatory::Q8K0L0	eafcdece930d9b2f899de45e12c2e75c2126969c2d21c3b4aaf532e256438a94
confirmatory::Q8K0T4	794a155dc5d6a4333e7c3f64f71a96bc7d6cff28650fa8bcc5d70a3932053113
confirmatory::Q8K182	ba4d2614b5e550635440f4c6525e8134022aee773ce7679090791bd84dd97e71
confirmatory::Q8K1E3	389ad42570c89a23dada5ba64aad3e0bd24cb5b88b1fc4a23e5d29f2508b4cfc
confirmatory::Q8K1H9	5892961fd93913083308b146da1de4c67d025258b98b350e84083bba8418fbd1
confirmatory::Q8K1S2	e1b95bb5b2d98418af04cd6abcaee2221a616a7e7b69327abdac2b834eba6f74
confirmatory::Q8K1S3	e1b95bb5b2d98418af04cd6abcaee2221a616a7e7b69327abdac2b834eba6f74
confirmatory::Q8K2A6	d291e2f780ccae734f1044ab8a8bdd51fabac2c2899aa59af35fb22c772d8b01
confirmatory::Q8K3F2	d498470a61783f09b7f843ca3a7c66a02ba48e4ab1c44629ca47394b33753185
confirmatory::Q8K4F5	0117c31c5e8a946d348c2967069bc984bdac99ef7914e687858f626281ab9502
confirmatory::Q8K5A3	fd33bdbb28aba26af0cacd5382e9ee346d0f7091b73162b33ac4bd88361c17b1
confirmatory::Q8L774	17c5cdf854841c57627d4065c2fb1da25dd89f52db782170e8733ba229578524
confirmatory::Q8L7D2	0d9f327b1073890bfb36e5ee168a06ee2714bac452b116df3ae13f3e08179c5f
confirmatory::Q8L7I2	0d9f327b1073890bfb36e5ee168a06ee2714bac452b116df3ae13f3e08179c5f
confirmatory::Q8L7U5	369890e1b4fdd3f4d633bc750ce4706bc6a1c2d11deb58e010bd3f44230852d0
confirmatory::Q8LC76	59a7c73ad4f71325dc069b3b56a6706bf834b27f6842c0393bb71d87efb0b3c8
confirmatory::Q8LFX7	0e4c38eb4f51a7eb91cc769f4711116524ea8b7fdc196854106f65a38ca035fd
confirmatory::Q8LSN3	369890e1b4fdd3f4d633bc750ce4706bc6a1c2d11deb58e010bd3f44230852d0
confirmatory::Q8LW54	37f02d3111e59d804f9d69b99986ded5655f6d0ef5067b0464f5243695f15931
confirmatory::Q8MHY9	e24a691fb2448443c4d3fcbb41e94466d536bd9b8f81edea7365c9d57658611a
confirmatory::Q8MJ25	0e86e9e3943105f0c02e336cf49e66419fe7933b4a9c56997c7bb8035f3c7a0a
confirmatory::Q8MJ47	369890e1b4fdd3f4d633bc750ce4706bc6a1c2d11deb58e010bd3f44230852d0
confirmatory::Q8MNV0	9be8126a2dbfcd7513074efb8f97e42b52a270b713971328a72dcad11b7a1f84
confirmatory::Q8MTX1	14a9ac40eaceae70a4b71ad61b8db8469f7f9779dea3dab886c85d36418536ea
confirmatory::Q8MUC1	34b41219611ac71b39f94001659d257ef301dc42fb86d0ab1b2396d000b25f11
confirmatory::Q8MVB6	121c706e5f753d5a8d0d9bea281aff274d1814d3807067d9449e0c68886fc649
confirmatory::Q8MZS4	c8bc632faaa2dd7e9e07420c2893908d6cabe65710e6f1a8676bef0b20dead16
confirmatory::Q8N119	d498470a61783f09b7f843ca3a7c66a02ba48e4ab1c44629ca47394b33753185
confirmatory::Q8N2K0	86a5c1bfc5908ede8123b1f6c7156fccf03d9d9b70f3f68acd76dfc146e5b158
confirmatory::Q8N539	450882407bb31af420e3fb498b86045252de225bcb0bc544cb192820b36d6e90
confirmatory::Q8N6D5	eafcdece930d9b2f899de45e12c2e75c2126969c2d21c3b4aaf532e256438a94
confirmatory::Q8NB90	8a197d437b2ed3f57cde15631f22ea706290f01c5bf63619c8cfac5603ce0c5b
confirmatory::Q8NBP7	1bb7a69c5ac8dff09d9743d7de36e3db00db59e8de64893c6df4fc99ac9601d3
confirmatory::Q8NBU5	9be8126a2dbfcd7513074efb8f97e42b52a270b713971328a72dcad11b7a1f84
confirmatory::Q8NC01	5100135a2ea4cd6b7a1226eb53e0d5e29b1cae157b05dd88784eb1e24d12e028
confirmatory::Q8NER1	36dec6c60a72d94ff56ec694716245de514abc69b61f3fd1ef27385953643515
confirmatory::Q8NET8	36dec6c60a72d94ff56ec694716245de514abc69b61f3fd1ef27385953643515
confirmatory::Q8NFD2	e40e5a97f978e87eb31841d32a3b6a044996ab2648cd670c3a7ae8fd06c18b2a
confirmatory::Q8NFT8	fbf819187da9d392c0824c03a40165a05b2f212af89671b409a367f3118fcfd4
confirmatory::Q8NFV4	0117c31c5e8a946d348c2967069bc984bdac99ef7914e687858f626281ab9502
confirmatory::Q8NI99	450882407bb31af420e3fb498b86045252de225bcb0bc544cb192820b36d6e90
confirmatory::Q8NKB0	22ee75680ec597ef719d4a4b357195095a11165b38d50162b311687143b0223e
confirmatory::Q8NVK6	8b8bf1aa4e7614c9f44c85965291b70750fd2c1e61e643370dc305481d0d2dd7
confirmatory::Q8P6V8	f1c7e5fc0432474e02581c89634e817de0cafa3ab55ed92d2449843a80845f7d
confirmatory::Q8P8L2	dccb74d38eb5e7a9f23fe80d041bb156f74f05b1c460fdc8136e9dbd7d77d278
confirmatory::Q8PDF3	d52af3aeba16f166910db4a02e939c6bcf3e5ff1879d6147eae4d668380d76f5
confirmatory::Q8QN36	66c215f4c00ea1084b26825a9fb78d1bc6be6e590610d601da0e7e3faa29726f
confirmatory::Q8R0P8	d2d18a2bc9017c988a97041e7913c4a22389f8f47b279d83b86b94462d23e94f
confirmatory::Q8R0Z6	450882407bb31af420e3fb498b86045252de225bcb0bc544cb192820b36d6e90
confirmatory::Q8R164	5aac6e9a2d98a33fb0a4b7dee86a113c40d67c70baa22a63660492ead4781d35
confirmatory::Q8R1Q3	450882407bb31af420e3fb498b86045252de225bcb0bc544cb192820b36d6e90
confirmatory::Q8R2Y0	56c839bfe860f6cc35f76b3271a1727683ddb45a364c32cc9b290abb6e0b446c
confirmatory::Q8R516	f70cb94582b2b5f26bd61c66750ab3d3e81aadb1d68c2adff83370008ebf6e1c
confirmatory::Q8RPY7	ea060f244e352de2544b388f1abc1899258898681ff665dbf7303805cc505276
confirmatory::Q8RR56	73a05a93bea8e2d37f0e210c5efe86121e1f152114b6f567634760ca5e6f5842
confirmatory::Q8RY16	199e5e746f1a78658450a2ba041b79aef49bbb4feb4fdafedee11b7288c9ede8
confirmatory::Q8RYE7	eb85637eb8a3dcfa0688f0ce39ddbef7c38775a667e3c17295d08b1fe44192ff
confirmatory::Q8S341	9fcb35c35fea51a2a10d2b05454d0c6c3ffaa3abfa40e228e32ed2d281fd9381
confirmatory::Q8SQ74	bc915c1c28ec405395a99c2ecfb7d27da28c273f79648ff3c9d1f724acfa6d1b
confirmatory::Q8SQJ3	1bb7a69c5ac8dff09d9743d7de36e3db00db59e8de64893c6df4fc99ac9601d3
confirmatory::Q8SS86	7d6392b0ba8db31b20547d07b37d3bbf75536461d9193d47479402f143afcfc2
confirmatory::Q8T2Q0	6503f3c2ca0fb4e95390012ed69b1fb1d5d5f7a31af91d07fb8fe95a396b301c
confirmatory::Q8TB40	af3e8151ef08d08d21f26d1cce1ca2ed2dedc203bc8d13dcabd9823b27fc65d9
confirmatory::Q8U1N9	5b772c22701f0d076621b0826473cdb17006fa0a3ef22f74498598af4a911a3c
confirmatory::Q8UCS6	ea060f244e352de2544b388f1abc1899258898681ff665dbf7303805cc505276
confirmatory::Q8UVC1	eafcdece930d9b2f899de45e12c2e75c2126969c2d21c3b4aaf532e256438a94
confirmatory::Q8UWJ4	24371bf2d6df09880740ab51a10a679536679e6846c484a18360798d6fe47647
confirmatory::Q8V790	6e1c7fc2c53787dfc6ef24f1d7c4e6e16e39c250b699d5d114a6ad6022734e00
confirmatory::Q8VBX1	82e1c2f759ec8bf899994b4553b7d3cc20a8d7c5d625a051f6b6104ee4a7005f
confirmatory::Q8VCC9	ba85e063659590c5598badecc804b13408c0b5ad0ce54fdcaa07150c828d2cc2
confirmatory::Q8VCG4	fff12e77db30d8d5054c219a61e7eadca02694fd845a38e729300f128215237b
confirmatory::Q8VCM7	450882407bb31af420e3fb498b86045252de225bcb0bc544cb192820b36d6e90
confirmatory::Q8VD66	af3e8151ef08d08d21f26d1cce1ca2ed2dedc203bc8d13dcabd9823b27fc65d9
confirmatory::Q8VD98	8b82ebf287b833af4d036924547c8249a2374ba8620909e97c73d9f10372ee04
confirmatory::Q8VE42	261a6618de99ec52cce354ff1fb7ea9ac61d67dd443c77f10bddaf1854cedcbe
confirmatory::Q8VEJ9	12099ebff3efead5c06a18a835e5239edabab4ca79c6c9ba0c916ef443726217
confirmatory::Q8VHA6	c41d4630e15f544ec84135758669bfdc604402cb0e775eafe26b38f9a53a251e
confirmatory::Q8VHS6	eafcdece930d9b2f899de45e12c2e75c2126969c2d21c3b4aaf532e256438a94
confirmatory::Q8VI78	f65f268cda29366bb13f1b7087e9b249a64aeb6cb18e487923e1b256252c74c8
confirmatory::Q8VIH8	2c14df6328ed08d651ce5cff3d704d82078c6ad2a943af69e7875773d0d905c0
confirmatory::Q8VII2	2c14df6328ed08d651ce5cff3d704d82078c6ad2a943af69e7875773d0d905c0
confirmatory::Q8VII3	2c14df6328ed08d651ce5cff3d704d82078c6ad2a943af69e7875773d0d905c0
confirmatory::Q8VSL8	65f2ed0421b6bdbfa41a8121f9b4c5ebb49daa01ea75e8a2e9ae033efb32bad8
confirmatory::Q8VTT5	73cf2d48a2f8c7e96c435c3cce7b83bbe910ca94b15604105d64a64642545787
confirmatory::Q8VYU7	9fcb35c35fea51a2a10d2b05454d0c6c3ffaa3abfa40e228e32ed2d281fd9381
confirmatory::Q8VZG2	9d1ce9c34f18c4a991bffbd7874496abf9a31460a25d02efc7ac12f5dc25212e
confirmatory::Q8W585	b587bef3e5d94148fb6edeb8462e56d2a1573d0e113db913c44f4bfefa67c9fa
confirmatory::Q8WMH2	94eed5f9afee717f0451373fbe563f2f7e9a24ce9e27f65409c8993472bcd1f1
confirmatory::Q8WMS6	369890e1b4fdd3f4d633bc750ce4706bc6a1c2d11deb58e010bd3f44230852d0
confirmatory::Q8WMX7	fda4691ac7474afa1416f69875bb1ae70c656582bd0ae9c47990dadde158ccc4
confirmatory::Q8WN18	cd44ecfb0231fbe25976a913c1248001f954c4063e308617e008c4b65e1d218b
confirmatory::Q8WN19	cd44ecfb0231fbe25976a913c1248001f954c4063e308617e008c4b65e1d218b
confirmatory::Q8WNM0	fff12e77db30d8d5054c219a61e7eadca02694fd845a38e729300f128215237b
confirmatory::Q8WNM1	fff12e77db30d8d5054c219a61e7eadca02694fd845a38e729300f128215237b
confirmatory::Q8WNR9	e18b4e5fbde76978c2080f2894717f1f991e2dfb87f46a80f37a5cab5ea38ab0
confirmatory::Q8WTS1	af3e8151ef08d08d21f26d1cce1ca2ed2dedc203bc8d13dcabd9823b27fc65d9
confirmatory::Q8WTT0	0abf7fc04094851e216e9a013b3897849df61ac3d763c6f6cd1c3c34b9d203dd
confirmatory::Q8WU67	b039ccfd244270e65ee7ca7692ed51ef79a65b1b20862267a28d1dbe4cbb86af
confirmatory::Q8WVB6	bec95fdc3d8ce8d3ec70198b1318d6fa5a8e5c829db77431810c64580fcb3249
confirmatory::Q8WVL7	261a6618de99ec52cce354ff1fb7ea9ac61d67dd443c77f10bddaf1854cedcbe
confirmatory::Q8WWH4	fda4691ac7474afa1416f69875bb1ae70c656582bd0ae9c47990dadde158ccc4
confirmatory::Q8WX39	ae072172ac565f240e9af5c41bfdfc0174476f5f1bc878f8c5aab26e7d89d267
confirmatory::Q8WXF3	f31157ce31d0ea78e44180490f60aee1f7d653cda777a6f9f25fd735279904c3
confirmatory::Q8WXI3	c41d4630e15f544ec84135758669bfdc604402cb0e775eafe26b38f9a53a251e
confirmatory::Q8XAG0	ea060f244e352de2544b388f1abc1899258898681ff665dbf7303805cc505276
confirmatory::Q8XAG2	ea060f244e352de2544b388f1abc1899258898681ff665dbf7303805cc505276
confirmatory::Q8XXS8	ea060f244e352de2544b388f1abc1899258898681ff665dbf7303805cc505276
confirmatory::Q8YF71	ea060f244e352de2544b388f1abc1899258898681ff665dbf7303805cc505276
confirmatory::Q8YF72	ea060f244e352de2544b388f1abc1899258898681ff665dbf7303805cc505276
confirmatory::Q8YHZ6	ea060f244e352de2544b388f1abc1899258898681ff665dbf7303805cc505276
confirmatory::Q8YHZ8	ea060f244e352de2544b388f1abc1899258898681ff665dbf7303805cc505276
confirmatory::Q8YLG0	dc287d695ed8d78e73ff29b03dded50559195f37804eb713aaced2b0c00fe136
confirmatory::Q8YQZ0	ea060f244e352de2544b388f1abc1899258898681ff665dbf7303805cc505276
confirmatory::Q8Z6A7	2715b7b7f20cf87c0092eff986acaae85f9398094171941d8947f0ea13e4f898
confirmatory::Q8ZMH3	ba36d987f1fa0624cfa141a3e10fb029f7aa2efaad45e703221053b39919af2f
confirmatory::Q8ZNY9	ba36d987f1fa0624cfa141a3e10fb029f7aa2efaad45e703221053b39919af2f
confirmatory::Q90121	dd9d97fc934b30fa9fdc23b499c187008bc3e4ea7c0380c32a4bd5d4276cf228
confirmatory::Q90225	cd44ecfb0231fbe25976a913c1248001f954c4063e308617e008c4b65e1d218b
confirmatory::Q90325	22908ea1541a1b07146f2bd28daaa95ec311bcc862f3182fe7289c27fc0bc4d0
confirmatory::Q90611	16ea83094b8a9f3846228c14f4dc27f1b4aac291005aa1d8eb490657405beb3e
confirmatory::Q90986	412ebf19781844419f07c45188fde84b1712a4113a21c291d54300b8a26fc585
confirmatory::Q90WX8	2ca3559869bf73bf1369b0778046227fe36990704ef03e92e809601ac40ebe65
confirmatory::Q90YC2	d498470a61783f09b7f843ca3a7c66a02ba48e4ab1c44629ca47394b33753185
confirmatory::Q91120	cd44ecfb0231fbe25976a913c1248001f954c4063e308617e008c4b65e1d218b
confirmatory::Q91189	0e86e9e3943105f0c02e336cf49e66419fe7933b4a9c56997c7bb8035f3c7a0a
confirmatory::Q91775	34b41219611ac71b39f94001659d257ef301dc42fb86d0ab1b2396d000b25f11
confirmatory::Q91971	0e86e9e3943105f0c02e336cf49e66419fe7933b4a9c56997c7bb8035f3c7a0a
confirmatory::Q91974	7bff7c1c444b1a8d1fd9b2c8a658b73c4488a03960061ed5ce8e7acbd2ccf9a9
confirmatory::Q91V08	e73c96ea43f7190ef92adf35894e2eb0a0c6332b069837b46e96d09e4da1989a
confirmatory::Q91V98	20b843f15893a1dd09560b31e66a01e91c2507d4c789d50df305a05705637814
confirmatory::Q91W50	e9de1a2f7cb129c07a0f04ae08efba495b6b821d03abf1fa01ce52ae6c31c28f
confirmatory::Q91WK7	c5e2be88b1228a5fe292dfa6bf01adfcb55983d3c6eccfb6b3c05b612e4a3de6
confirmatory::Q91XU0	eb784fe0c0bd1af88d8d8e4e799942cb5d28c2f372de6283f1a431286a50f6d1
confirmatory::Q91YQ3	49e0bd839bb65df30e513a28e2c6701659e7b54bbf207886093864c59420f7a3
confirmatory::Q91ZH7	b039ccfd244270e65ee7ca7692ed51ef79a65b1b20862267a28d1dbe4cbb86af
confirmatory::Q91ZT8	987aaa7b495bc5fd6b0fc9e57a89713660ed32dba42de9a4d8ba698c190be061
confirmatory::Q92035	d1c6ab564afa4059f4195e330c3f3d2fa72e6c258ca03ccbdb0ec294d4b10bcb
confirmatory::Q920A7	583013e8e1e3f251647e55dd2b6aecaf7abf80b61775aa3433410c90a8c4b301
confirmatory::Q923B1	0979449cdc194fdff7dab96f55c2a10e5e5abd2d3843d67e604751e8e5fe90dd
confirmatory::Q92478	e73c96ea43f7190ef92adf35894e2eb0a0c6332b069837b46e96d09e4da1989a
confirmatory::Q92485	eac41909233ae38fd580365dacf70df8362ae19e8f8fb413aa0d59f0af65be98
confirmatory::Q924P3	ae5ea8639589b79b276a0740af0e2a4bf3187ec339698d7063e881ce1e1a2a07
confirmatory::Q925I1	c52fca3a03eb38cece5ffc98abc40e9586f2755a01b02879fa241a1fc7de0bcc
confirmatory::Q925I7	48fadceb80cfd90014d08e9e8740e497fa640f4924ca1fd8a785996abf5484db
confirmatory::Q925S8	6aabea4e103b9af36881174afb442574930392a3fae20d0fb888388c16d5e046
confirmatory::Q92GV1	623f3f0445ba3d68f7f0b01360d57379b68a4bd25c5f902822b41b66dfcdfc89
confirmatory::Q939S9	bddf7053d645d92fe07351bae1bbbc576fa5aa89a9ac69841c8a7b7d959959dc
confirmatory::Q939T0	0113492a23324373b2aa8f73421977cd7bef098c44441b3baefb4b5450e3562a
confirmatory::Q93LQ6	c184f7f724effde758e66cc646b9855ed42925df00c6ced5a6a35c8c1eb03a4c
confirmatory::Q93PJ4	ea060f244e352de2544b388f1abc1899258898681ff665dbf7303805cc505276
confirmatory::Q93PJ5	ea060f244e352de2544b388f1abc1899258898681ff665dbf7303805cc505276
confirmatory::Q93Q17	1aeb3254c89291b600666557ca3e947e68cda8d3d7371585294ff4cfcd1fe3b7
confirmatory::Q93RR6	64cc5ee1bb057b678af5679db51a97bb4cb16e07a07ce643b305d5cd2576778b
confirmatory::Q93ZX1	694df2b5849b10ec08101ea2af6560538999a3c675f58d38bdfa8b4f58b573a3
confirmatory::Q944L7	17c5cdf854841c57627d4065c2fb1da25dd89f52db782170e8733ba229578524
confirmatory::Q949H3	4b9e7bea9ce8ee8ae94698ef8499017333c8e1e95a44680dba3be60d8618dc01
confirmatory::Q949Y3	bb6ceea07e989d80c137788cdbdfd634ab9becd492e572919974a7e2ecc7bc23
confirmatory::Q94B55	50b13f9d1d5f78552c7086ad34c3782cafa3867c15aa1c7bd0ccff2643d361a5
confirmatory::Q94K01	0979449cdc194fdff7dab96f55c2a10e5e5abd2d3843d67e604751e8e5fe90dd
confirmatory::Q95000	d1c6ab564afa4059f4195e330c3f3d2fa72e6c258ca03ccbdb0ec294d4b10bcb
confirmatory::Q95001	d1c6ab564afa4059f4195e330c3f3d2fa72e6c258ca03ccbdb0ec294d4b10bcb
confirmatory::Q95114	67b28ba5e81d277aab432e8590ea0314688bb8591ebef3ca06a6935723ff3652
confirmatory::Q95121	b5e6d290d7f1c534d8b749ec539f54c2530b77a5f2454f1c3f7f171ebd6984f4
confirmatory::Q95182	ae072172ac565f240e9af5c41bfdfc0174476f5f1bc878f8c5aab26e7d89d267
confirmatory::Q95220	24063adf61b47696a5084aad279fba23bd2d452cb3a4e2a3d0222f5c61a60eb3
confirmatory::Q95229	2ce198fad98f14e4c4b8a256c59fcb869aedf9d88f10faac7815fcadcfa4fcaf
confirmatory::Q95235	d56efa2c4fa76222614d0864fe50657e6fc587cd0e1890c25a37bf138b4b5f1a
confirmatory::Q95237	d56efa2c4fa76222614d0864fe50657e6fc587cd0e1890c25a37bf138b4b5f1a
confirmatory::Q95J82	cd44ecfb0231fbe25976a913c1248001f954c4063e308617e008c4b65e1d218b
confirmatory::Q95J85	cd44ecfb0231fbe25976a913c1248001f954c4063e308617e008c4b65e1d218b
confirmatory::Q95J88	cd44ecfb0231fbe25976a913c1248001f954c4063e308617e008c4b65e1d218b
confirmatory::Q95LG1	d56efa2c4fa76222614d0864fe50657e6fc587cd0e1890c25a37bf138b4b5f1a
confirmatory::Q95LU3	450882407bb31af420e3fb498b86045252de225bcb0bc544cb192820b36d6e90
confirmatory::Q95MI4	ba638047c24605d7840baa21456a792eb87dea0d635a9d6b405f0050d0dcb588
confirmatory::Q95MI5	ba638047c24605d7840baa21456a792eb87dea0d635a9d6b405f0050d0dcb588
confirmatory::Q95P89	331dfde097c668e3fd87cf724d9acfaf3bc36c6c1295aa0549b46cfd89374afb
confirmatory::Q95X35	c95ef386e0d3ba468fdb2900eacedffdfe47c9718cfd81d7f547bcab79cd73cf
confirmatory::Q96285	067ae74d42b596cec7582bf029fe09ab77e540f889181e76f7318d4806994969
confirmatory::Q965W1	34b41219611ac71b39f94001659d257ef301dc42fb86d0ab1b2396d000b25f11
confirmatory::Q96AX9	f70cb94582b2b5f26bd61c66750ab3d3e81aadb1d68c2adff83370008ebf6e1c
confirmatory::Q96I13	d2d18a2bc9017c988a97041e7913c4a22389f8f47b279d83b86b94462d23e94f
confirmatory::Q96JP0	985193d7f0646ab5a63192350c4470719b706bcc5f16b43f74211a4adfe4c1c1
confirmatory::Q96NS5	d701a223eff2a0138ce5ce0abf7d63ad69ae5dd40a9ef04bdc6e43d8a469b8a0
confirmatory::Q96R05	7e90cee412221196bcc5f07c4f195b89927144c6913a290671cfdac2f6ba7db5
confirmatory::Q96S55	eb784fe0c0bd1af88d8d8e4e799942cb5d28c2f372de6283f1a431286a50f6d1
confirmatory::Q96SE0	b039ccfd244270e65ee7ca7692ed51ef79a65b1b20862267a28d1dbe4cbb86af
confirmatory::Q96TA2	6aabea4e103b9af36881174afb442574930392a3fae20d0fb888388c16d5e046
confirmatory::Q96VC9	d0e101e80ffbaad2d60c0d3eccd86c5bf01bfa189b44fe3696f98634bfcc9751
confirmatory::Q972V9	ea060f244e352de2544b388f1abc1899258898681ff665dbf7303805cc505276
confirmatory::Q972W0	ea060f244e352de2544b388f1abc1899258898681ff665dbf7303805cc505276
confirmatory::Q98849	cd44ecfb0231fbe25976a913c1248001f954c4063e308617e008c4b65e1d218b
confirmatory::Q988D4	dc7860e94783eea330dc3b3e6d367bf5308fdbc6b3c6b45bea095d155b81f85a
confirmatory::Q98CY9	ea060f244e352de2544b388f1abc1899258898681ff665dbf7303805cc505276
confirmatory::Q98TA4	87d425c65ac584d5e4c581986c739f7692b2578e446bf382551a86cc21557ecd
confirmatory::Q99156	17d290c100b127d8027f673b0dbcc6381804413fa0056a7e12a063285a73a055
confirmatory::Q99289	7f1065d466987d1e14c31fe631cc9eafff0bc7dd8524b200d67de09fcd865acd
confirmatory::Q99405	1bb7a69c5ac8dff09d9743d7de36e3db00db59e8de64893c6df4fc99ac9601d3
confirmatory::Q99542	24063adf61b47696a5084aad279fba23bd2d452cb3a4e2a3d0222f5c61a60eb3
confirmatory::Q99J62	694df2b5849b10ec08101ea2af6560538999a3c675f58d38bdfa8b4f58b573a3
confirmatory::Q99JB4	8b82ebf287b833af4d036924547c8249a2374ba8620909e97c73d9f10372ee04
confirmatory::Q99LC9	199e5e746f1a78658450a2ba041b79aef49bbb4feb4fdafedee11b7288c9ede8
confirmatory::Q99LR1	86a5c1bfc5908ede8123b1f6c7156fccf03d9d9b70f3f68acd76dfc146e5b158
confirmatory::Q99MG7	f92a8e542977ec3d6dc95e8a0bde11a3a1290134ed49574133ebe628e0201670
confirmatory::Q99P60	34b41219611ac71b39f94001659d257ef301dc42fb86d0ab1b2396d000b25f11
confirmatory::Q99P61	34b41219611ac71b39f94001659d257ef301dc42fb86d0ab1b2396d000b25f11
confirmatory::Q99PP0	80411b172a57342a9e6ff35099764047f561bf1337df03f29cf013ee3a7b28d0
confirmatory::Q99PW6	24063adf61b47696a5084aad279fba23bd2d452cb3a4e2a3d0222f5c61a60eb3
confirmatory::Q99Q01	d5e5f4ce6abeccecaaecb52c8484a0d36013e750e835713d551f21cca137336f
confirmatory::Q9AQM4	14483eafd435fe05748b0d9404a2be3e7a8c3f39f91cd3bdba7c9793ad38d1f6
confirmatory::Q9AQT6	ea060f244e352de2544b388f1abc1899258898681ff665dbf7303805cc505276
confirmatory::Q9ATH2	86cc21bca61bd87e3a544b53de63d4a85a51acbb0d64b5ad6e6e2ba8aa8ab938
confirmatory::Q9AVB0	fb3d9086710c22eb209777dc02506bc21ad102b35c0a2d4e54e73b021c9991f7
confirmatory::Q9AYP9	fb3d9086710c22eb209777dc02506bc21ad102b35c0a2d4e54e73b021c9991f7
confirmatory::Q9BDI9	cd44ecfb0231fbe25976a913c1248001f954c4063e308617e008c4b65e1d218b
confirmatory::Q9BDJ0	cd44ecfb0231fbe25976a913c1248001f954c4063e308617e008c4b65e1d218b
confirmatory::Q9BDY7	450882407bb31af420e3fb498b86045252de225bcb0bc544cb192820b36d6e90
confirmatory::Q9BDY8	450882407bb31af420e3fb498b86045252de225bcb0bc544cb192820b36d6e90
confirmatory::Q9BMK3	34b41219611ac71b39f94001659d257ef301dc42fb86d0ab1b2396d000b25f11
confirmatory::Q9BRF8	2effb38671bc2634c238898a79d72badc589944ae47dd3baa503aa88e04f6abf
confirmatory::Q9BSK4	985193d7f0646ab5a63192350c4470719b706bcc5f16b43f74211a4adfe4c1c1
confirmatory::Q9BV23	56c839bfe860f6cc35f76b3271a1727683ddb45a364c32cc9b290abb6e0b446c
confirmatory::Q9BVQ7	d8e8950e584547a3cfa7be839a4841964b10c9b394cc52fc1ce81bee4cdf9e59
confirmatory::Q9BW62	794a155dc5d6a4333e7c3f64f71a96bc7d6cff28650fa8bcc5d70a3932053113
confirmatory::Q9BWP8	87d425c65ac584d5e4c581986c739f7692b2578e446bf382551a86cc21557ecd
confirmatory::Q9BY76	450882407bb31af420e3fb498b86045252de225bcb0bc544cb192820b36d6e90
confirmatory::Q9C291	ae06a79fb0a3df6b735edf0b452366dd6bef01d4d1be6595c830072b310a4059
confirmatory::Q9C510	bb6ceea07e989d80c137788cdbdfd634ab9becd492e572919974a7e2ecc7bc23
confirmatory::Q9C587	59f534d535cbf0e6b4356635efdba10890d111828d268b13a376c2e52be63817
confirmatory::Q9C5U3	e2b05054974b1971d2d1faf5c1b63250f10706449e8f9c15bd1f3e29934ed416
confirmatory::Q9C7S6	6e8df84691fae849d865f02fa37f7a928d1eb518955d2c46abe7effa42a9ebf2
confirmatory::Q9C7U8	0d9f327b1073890bfb36e5ee168a06ee2714bac452b116df3ae13f3e08179c5f
confirmatory::Q9C927	bb6ceea07e989d80c137788cdbdfd634ab9becd492e572919974a7e2ecc7bc23
confirmatory::Q9CQ31	987aaa7b495bc5fd6b0fc9e57a89713660ed32dba42de9a4d8ba698c190be061
confirmatory::Q9CQ35	8776c1732e39fbcb4314eff4f5a46741a26a7a94fb9c038b4a23f0335c6628e1
confirmatory::Q9CQC8	13bf54fb73aab8d703b1025e0596f0e2e732d88bc62948135586368ddee44dd0
confirmatory::Q9CR86	49e0bd839bb65df30e513a28e2c6701659e7b54bbf207886093864c59420f7a3
confirmatory::Q9CXM0	659f229917bf607febe947a3b86fd3e9acdb5483dee856f96c2d4a54ff5e8a70
confirmatory::Q9CYL5	80265ba0cf707cc2b9ab56977abaa12643a893bd6a9a455337c6c3dedf45bd7a
confirmatory::Q9CZK6	c4b5c6b60026544a687d26ee3688f821a9ace39bd7c3b5171a79c0bdadb1bea0
confirmatory::Q9CZP5	c66d9b138209a0064eeedcb22bf43674ef45066b48a22d62213f5f8c58677ce4
confirmatory::Q9CZT5	06f0d4fd639a6c34191fb3093385dc64c0099d172b7ef4ea43662e3435f35b54
confirmatory::Q9D1H9	450882407bb31af420e3fb498b86045252de225bcb0bc544cb192820b36d6e90
confirmatory::Q9D267	ae072172ac565f240e9af5c41bfdfc0174476f5f1bc878f8c5aab26e7d89d267
confirmatory::Q9D3H2	f92a8e542977ec3d6dc95e8a0bde11a3a1290134ed49574133ebe628e0201670
confirmatory::Q9D3R6	23d5a3bd524d30d0ed03bfe373885d5527e4035c98c411d13a9667a063013c6e
confirmatory::Q9D5T0	9be8126a2dbfcd7513074efb8f97e42b52a270b713971328a72dcad11b7a1f84
confirmatory::Q9D676	e73c96ea43f7190ef92adf35894e2eb0a0c6332b069837b46e96d09e4da1989a
confirmatory::Q9DAA4	cc390b4293e5491153edade1a39808c8c1bd14634b7a519a3401f4e09f7141d9
confirmatory::Q9DAK4	34b41219611ac71b39f94001659d257ef301dc42fb86d0ab1b2396d000b25f11
confirmatory::Q9DAN8	2c14df6328ed08d651ce5cff3d704d82078c6ad2a943af69e7875773d0d905c0
confirmatory::Q9DBL9	af3e8151ef08d08d21f26d1cce1ca2ed2dedc203bc8d13dcabd9823b27fc65d9
confirmatory::Q9DBN5	6575fe00f3ccdc3a9bcd22237c35b4067cd150571930ca1e7aa9a8e6117d5536
confirmatory::Q9DCG2	8bee7dc94cfa5f8719cc9b73651a6268cfd5276d4851cf1d4d37f8363db75bd0
confirmatory::Q9DCQ7	a5ebffc2e2dbb22bd5322e5b7f495ec0102e8dba67dfdb8b96b9aa84fa7da6f3
confirmatory::Q9DD23	220de76dbf9957cd7765cab42dda7d8de8c165964ba2c496e622a8e2982d99fb
confirmatory::Q9DG80	cd44ecfb0231fbe25976a913c1248001f954c4063e308617e008c4b65e1d218b
confirmatory::Q9DG81	cd44ecfb0231fbe25976a913c1248001f954c4063e308617e008c4b65e1d218b
confirmatory::Q9DGI0	4a60ed747214a9670137430d60efbead8fac61db33c998ac34d9dfa0cbcffd37
confirmatory::Q9EP71	fd80707c34f29f25c56a8f1803d1fa5394ddc0f80884bf9428f4f4e83a05bb9a
confirmatory::Q9EPC5	7e90cee412221196bcc5f07c4f195b89927144c6913a290671cfdac2f6ba7db5
confirmatory::Q9EPL5	16ea83094b8a9f3846228c14f4dc27f1b4aac291005aa1d8eb490657405beb3e
confirmatory::Q9EQ09	55ddb3dd17da1cb3ae6ed5aa5ab62a50e2f5afdd8477f9c0f808349986102bb6
confirmatory::Q9EQT1	48fadceb80cfd90014d08e9e8740e497fa640f4924ca1fd8a785996abf5484db
confirmatory::Q9EQV6	c8bc632faaa2dd7e9e07420c2893908d6cabe65710e6f1a8676bef0b20dead16
confirmatory::Q9EQX6	48fadceb80cfd90014d08e9e8740e497fa640f4924ca1fd8a785996abf5484db
confirmatory::Q9ERZ8	36dec6c60a72d94ff56ec694716245de514abc69b61f3fd1ef27385953643515
confirmatory::Q9ESP7	b1423ee9b957bb86533c097a80d4fb634274a83d1747b602650345795525d6b6
confirmatory::Q9ET61	9c42a4d7631974118801fa0fb65aef4231fc3b42e1affbced544cb057191d1c2
confirmatory::Q9FAS7	ea060f244e352de2544b388f1abc1899258898681ff665dbf7303805cc505276
confirmatory::Q9FCD3	ea060f244e352de2544b388f1abc1899258898681ff665dbf7303805cc505276
confirmatory::Q9FGJ4	2d34c191f96e06a7bc12ce9575ac2c8102e6346bb70e7bd3354b76f5fbbbb97e
confirmatory::Q9FGM0	680707c63f2d0908a00fc3e6a2b0744b4e4e8af00160e670b7cb677f0fa3e661
confirmatory::Q9FGU3	0d9f327b1073890bfb36e5ee168a06ee2714bac452b116df3ae13f3e08179c5f
confirmatory::Q9FH02	b587bef3e5d94148fb6edeb8462e56d2a1573d0e113db913c44f4bfefa67c9fa
confirmatory::Q9FH31	8f20d0c6980ead1e360a848d002432fd7be75037bb37add933645c20185679c7
confirmatory::Q9FHA4	0d9f327b1073890bfb36e5ee168a06ee2714bac452b116df3ae13f3e08179c5f
confirmatory::Q9FI12	0d9f327b1073890bfb36e5ee168a06ee2714bac452b116df3ae13f3e08179c5f
confirmatory::Q9FIF0	067ae74d42b596cec7582bf029fe09ab77e540f889181e76f7318d4806994969
confirmatory::Q9FIF1	067ae74d42b596cec7582bf029fe09ab77e540f889181e76f7318d4806994969
confirmatory::Q9FIF8	0d9f327b1073890bfb36e5ee168a06ee2714bac452b116df3ae13f3e08179c5f
confirmatory::Q9FIG1	0d9f327b1073890bfb36e5ee168a06ee2714bac452b116df3ae13f3e08179c5f
confirmatory::Q9FIG2	0d9f327b1073890bfb36e5ee168a06ee2714bac452b116df3ae13f3e08179c5f
confirmatory::Q9FIM2	eeed110e5e12b1803a2885bb38e1f636025b2af8b8e06ffa32cdf1ee205914a6
confirmatory::Q9FIM5	0d9f327b1073890bfb36e5ee168a06ee2714bac452b116df3ae13f3e08179c5f
confirmatory::Q9FIM6	0d9f327b1073890bfb36e5ee168a06ee2714bac452b116df3ae13f3e08179c5f
confirmatory::Q9FJI4	067ae74d42b596cec7582bf029fe09ab77e540f889181e76f7318d4806994969
confirmatory::Q9FK76	0d9f327b1073890bfb36e5ee168a06ee2714bac452b116df3ae13f3e08179c5f
confirmatory::Q9FLD5	9d1ce9c34f18c4a991bffbd7874496abf9a31460a25d02efc7ac12f5dc25212e
confirmatory::Q9FLI4	0d9f327b1073890bfb36e5ee168a06ee2714bac452b116df3ae13f3e08179c5f
confirmatory::Q9FMK9	35fb562852952c09ea18952cafc9064066586aa02b57befdd329c08c3ac2a0f2
confirmatory::Q9FN02	8e22b1d2d0b6eb1e1e5fa4778be233170412d5e999828aaf14773086e528164b
confirmatory::Q9FNP4	6a4515fc3a3679383eee78d4f81fdf0f5c35e90cb44cb9966b36170de86deef1
confirmatory::Q9FRT9	c3dfd1a3ec6bbbc579f0e5a918351736afc647cc11aed7d6ae1b4ff9e5e6741d
confirmatory::Q9FZ33	a0724f02d14cb50211838fe07d6b90822a01732191cc347d59db3141c04171e9
confirmatory::Q9GLD0	08528be7fd341aa6992306d6cc2dcd129232b8b4cd83081db737fc35b1f465a3
confirmatory::Q9GLE4	24063adf61b47696a5084aad279fba23bd2d452cb3a4e2a3d0222f5c61a60eb3
confirmatory::Q9GLE5	16ea83094b8a9f3846228c14f4dc27f1b4aac291005aa1d8eb490657405beb3e
confirmatory::Q9GLF3	bfe939dcac89e9013c487384af9034bc569f2ba663fd74af25aedacd3131525b
confirmatory::Q9GLK4	08528be7fd341aa6992306d6cc2dcd129232b8b4cd83081db737fc35b1f465a3
confirmatory::Q9GLN8	34f3ebf727ba6962d09c497f53fa9a083064002a8920c85a4d004e89f0a534ef
confirmatory::Q9GLP6	34f3ebf727ba6962d09c497f53fa9a083064002a8920c85a4d004e89f0a534ef
confirmatory::Q9GLR0	da1f730a80c0f0ed1f9303734404705fa18285380f99e8c78185dd847cf60b39
confirmatory::Q9GLR1	da1f730a80c0f0ed1f9303734404705fa18285380f99e8c78185dd847cf60b39
confirmatory::Q9GLX9	ba85e063659590c5598badecc804b13408c0b5ad0ce54fdcaa07150c828d2cc2
confirmatory::Q9GME8	ba638047c24605d7840baa21456a792eb87dea0d635a9d6b405f0050d0dcb588
confirmatory::Q9GU69	87398da149152f23a95a2bf25aa3f1acd28b6056b677eb58230cfeb3b45f8f34
confirmatory::Q9GZP0	48fadceb80cfd90014d08e9e8740e497fa640f4924ca1fd8a785996abf5484db
confirmatory::Q9GZV1	7cf7b5baa311831b262d68c0fbe79534a53d29479860c878a838fd43eafbed72
confirmatory::Q9H112	fd33bdbb28aba26af0cacd5382e9ee346d0f7091b73162b33ac4bd88361c17b1
confirmatory::Q9H114	e762a34e2879fb89badf3aefde610ff9d5414dd0791ef2899f47f15931593ae4
confirmatory::Q9H1D0	b6c828210685b571c49763b95e997c81dc15610f6c60be89e331f85533706520
confirmatory::Q9H239	24063adf61b47696a5084aad279fba23bd2d452cb3a4e2a3d0222f5c61a60eb3
confirmatory::Q9H306	24063adf61b47696a5084aad279fba23bd2d452cb3a4e2a3d0222f5c61a60eb3
confirmatory::Q9H3Z7	19e73a82bf4cb2521cfe2b344a15acf1f9bc96fc692b16e9e3b365f8c7af5ab6
confirmatory::Q9H4G1	2c14df6328ed08d651ce5cff3d704d82078c6ad2a943af69e7875773d0d905c0
confirmatory::Q9H4G4	80265ba0cf707cc2b9ab56977abaa12643a893bd6a9a455337c6c3dedf45bd7a
confirmatory::Q9H6B9	2eecc744c786b9108557788352fd5794355c754b0934c0f099e6c21ad6cf8672
confirmatory::Q9H8Y5	91c2894864d032b2893163dae4279c6a5eddbb3c7de724d55226dc3410728a9c
confirmatory::Q9H9E1	26822ebf2b3507af7fb53435cea5d768468b83b70bf501472d1f151cd151feaf
confirmatory::Q9H9P2	659f229917bf607febe947a3b86fd3e9acdb5483dee856f96c2d4a54ff5e8a70
confirmatory::Q9H9Z2	623f3f0445ba3d68f7f0b01360d57379b68a4bd25c5f902822b41b66dfcdfc89
confirmatory::Q9HBA0	36dec6c60a72d94ff56ec694716245de514abc69b61f3fd1ef27385953643515
confirmatory::Q9HCB6	ba85e063659590c5598badecc804b13408c0b5ad0ce54fdcaa07150c828d2cc2
confirmatory::Q9HCU0	20b843f15893a1dd09560b31e66a01e91c2507d4c789d50df305a05705637814
confirmatory::Q9HDU9	99826a93eedea1a45a5d495eab9ed0a21ea0e15fafdc3d7f1f1eb517e091053e
confirmatory::Q9HRW4	4ec60039de59076bc5d8afd1f1d88dc96ccf44dd16c5eb759ecf94e82a598745
confirmatory::Q9HUU5	ea060f244e352de2544b388f1abc1899258898681ff665dbf7303805cc505276
confirmatory::Q9I2V0	778e72fa9440b0af889fe2329da5c5b9d1d682d319794d6d197d1d359109f2aa
confirmatory::Q9I946	48fadceb80cfd90014d08e9e8740e497fa640f4924ca1fd8a785996abf5484db
confirmatory::Q9I9P7	fff12e77db30d8d5054c219a61e7eadca02694fd845a38e729300f128215237b
confirmatory::Q9IAM7	ae06a79fb0a3df6b735edf0b452366dd6bef01d4d1be6595c830072b310a4059
confirmatory::Q9IAT6	24371bf2d6df09880740ab51a10a679536679e6846c484a18360798d6fe47647
confirmatory::Q9IBF7	b5e03c01fa8ec788c62418b308c35377fee931c14cd5cf80a972b831ec1b8f8d
confirmatory::Q9J531	08f84d3abde96f26f5d6f0e2b31eb66277f626206609ac52600db96b97f1cf38
confirmatory::Q9J5F9	231f6f42cecbe32b1ecf4da252552d07a0762f3cb5b433dccae2aec3ebd6f9c1
confirmatory::Q9J5G3	05e2eea85c3b2beb4ca06ed0e307507603a4d7e8c327bf8bcbfaa3324dddfdea
confirmatory::Q9J5J1	eb34ffc45a2e98c550c3aa8bafb7aa58e45c59581acabd0ca7785544a48d064b
confirmatory::Q9JHI0	24063adf61b47696a5084aad279fba23bd2d452cb3a4e2a3d0222f5c61a60eb3
confirmatory::Q9JIA3	f5946217655b779cbdb7da1594ab1ee01d52642a7d2cf2070fa5df1454f6a452
confirmatory::Q9JIM0	ae06a79fb0a3df6b735edf0b452366dd6bef01d4d1be6595c830072b310a4059
confirmatory::Q9JK69	cd44ecfb0231fbe25976a913c1248001f954c4063e308617e008c4b65e1d218b
confirmatory::Q9JL95	c9605184d2ac60712053781acb9550f62a513027605873cf8aac9c77211123de
confirmatory::Q9JM61	087f017c4fc6de6c13673ff96033f2de2d4d9db4cfbb560e850bc3a21a9dcde7
confirmatory::Q9JM84	e762a34e2879fb89badf3aefde610ff9d5414dd0791ef2899f47f15931593ae4
confirmatory::Q9JSN0	d52af3aeba16f166910db4a02e939c6bcf3e5ff1879d6147eae4d668380d76f5
confirmatory::Q9KG61	ea060f244e352de2544b388f1abc1899258898681ff665dbf7303805cc505276
confirmatory::Q9KN00	623f3f0445ba3d68f7f0b01360d57379b68a4bd25c5f902822b41b66dfcdfc89
confirmatory::Q9L5A4	4618d4b21d822ae674a95c6d1c6009226aad4b31ffaf8bcfccebe1104b8d4471
confirmatory::Q9LDB4	86cc21bca61bd87e3a544b53de63d4a85a51acbb0d64b5ad6e6e2ba8aa8ab938
confirmatory::Q9LEA3	067ae74d42b596cec7582bf029fe09ab77e540f889181e76f7318d4806994969
confirmatory::Q9LFT6	90ff7565068f7172c3892fc6b8eceb1af8c0eb8e8b45ac8a900b3f0fa9cffe92
confirmatory::Q9LHE7	369890e1b4fdd3f4d633bc750ce4706bc6a1c2d11deb58e010bd3f44230852d0
confirmatory::Q9LLL8	0d9f327b1073890bfb36e5ee168a06ee2714bac452b116df3ae13f3e08179c5f
confirmatory::Q9LLR6	86cc21bca61bd87e3a544b53de63d4a85a51acbb0d64b5ad6e6e2ba8aa8ab938
confirmatory::Q9LLR7	86cc21bca61bd87e3a544b53de63d4a85a51acbb0d64b5ad6e6e2ba8aa8ab938
confirmatory::Q9LMG7	bec39f0ed39914869f8e7ae016247870f61af67c8aeed37255140e2aec01810c
confirmatory::Q9LMX4	b7682d2fa96fd4bc296ae4e4c223de1003e0422db7e6a0bfbec23a561e9d43a9
confirmatory::Q9LNU1	0d9f327b1073890bfb36e5ee168a06ee2714bac452b116df3ae13f3e08179c5f
confirmatory::Q9LR78	369890e1b4fdd3f4d633bc750ce4706bc6a1c2d11deb58e010bd3f44230852d0
confirmatory::Q9LSR8	067ae74d42b596cec7582bf029fe09ab77e540f889181e76f7318d4806994969
confirmatory::Q9LSS0	067ae74d42b596cec7582bf029fe09ab77e540f889181e76f7318d4806994969
confirmatory::Q9LUM3	0d9f327b1073890bfb36e5ee168a06ee2714bac452b116df3ae13f3e08179c5f
confirmatory::Q9LVJ1	0d9f327b1073890bfb36e5ee168a06ee2714bac452b116df3ae13f3e08179c5f
confirmatory::Q9LX83	bb6ceea07e989d80c137788cdbdfd634ab9becd492e572919974a7e2ecc7bc23
confirmatory::Q9LXI7	bb6ceea07e989d80c137788cdbdfd634ab9becd492e572919974a7e2ecc7bc23
confirmatory::Q9LZF5	067ae74d42b596cec7582bf029fe09ab77e540f889181e76f7318d4806994969
confirmatory::Q9LZF6	199e5e746f1a78658450a2ba041b79aef49bbb4feb4fdafedee11b7288c9ede8
confirmatory::Q9LZV9	86cc21bca61bd87e3a544b53de63d4a85a51acbb0d64b5ad6e6e2ba8aa8ab938
confirmatory::Q9M020	067ae74d42b596cec7582bf029fe09ab77e540f889181e76f7318d4806994969
confirmatory::Q9M0Y8	66982e869380038efc306798aae7ce2e1fae56c06d7dfce80d3e44d1d4b5c3dc
confirmatory::Q9M1Z9	067ae74d42b596cec7582bf029fe09ab77e540f889181e76f7318d4806994969
confirmatory::Q9M2U5	4b9e7bea9ce8ee8ae94698ef8499017333c8e1e95a44680dba3be60d8618dc01
confirmatory::Q9M3D8	067ae74d42b596cec7582bf029fe09ab77e540f889181e76f7318d4806994969
confirmatory::Q9M3E5	067ae74d42b596cec7582bf029fe09ab77e540f889181e76f7318d4806994969
confirmatory::Q9M4E3	e45d0fe2ff27f7d2d8d0ffcc2d8df54566f74360a13794cc11520c3648d22e27
confirmatory::Q9M5X6	86cc21bca61bd87e3a544b53de63d4a85a51acbb0d64b5ad6e6e2ba8aa8ab938
confirmatory::Q9M5X7	86cc21bca61bd87e3a544b53de63d4a85a51acbb0d64b5ad6e6e2ba8aa8ab938
confirmatory::Q9M5X8	86cc21bca61bd87e3a544b53de63d4a85a51acbb0d64b5ad6e6e2ba8aa8ab938
confirmatory::Q9M895	00fdc13dbe6029bc86ec2f0814da86f3a5b3af5fe354dbf358aced2b1beb9782
confirmatory::Q9M8Y9	8856a301a53b40267674a10bd768cede15c5151a16a718cdb44895a97796ee69
confirmatory::Q9M9L7	6575fe00f3ccdc3a9bcd22237c35b4067cd150571930ca1e7aa9a8e6117d5536
confirmatory::Q9M9L8	6575fe00f3ccdc3a9bcd22237c35b4067cd150571930ca1e7aa9a8e6117d5536
confirmatory::Q9M9W3	369890e1b4fdd3f4d633bc750ce4706bc6a1c2d11deb58e010bd3f44230852d0
confirmatory::Q9MAK9	23d5a3bd524d30d0ed03bfe373885d5527e4035c98c411d13a9667a063013c6e
confirmatory::Q9MAP4	0d9f327b1073890bfb36e5ee168a06ee2714bac452b116df3ae13f3e08179c5f
confirmatory::Q9MAP5	0d9f327b1073890bfb36e5ee168a06ee2714bac452b116df3ae13f3e08179c5f
confirmatory::Q9MAP7	0d9f327b1073890bfb36e5ee168a06ee2714bac452b116df3ae13f3e08179c5f
confirmatory::Q9MYK8	780632a2b78e928a1a0233a9237a2deb499859d4cb703b9b85c05b6bf0ae4e2d
confirmatory::Q9MZJ3	ba638047c24605d7840baa21456a792eb87dea0d635a9d6b405f0050d0dcb588
confirmatory::Q9MZK6	ba638047c24605d7840baa21456a792eb87dea0d635a9d6b405f0050d0dcb588
confirmatory::Q9N2D0	8aca6cf56151161615270e0611bfb487352bac7e999974bcc690200b9c87952d
confirmatory::Q9N3T5	583013e8e1e3f251647e55dd2b6aecaf7abf80b61775aa3433410c90a8c4b301
confirmatory::Q9NAG4	c1b9018b50bdd4ae01273f868e6631b75fde8ae11e114d9234336cebdf6ab6c5
confirmatory::Q9NAS8	924d938b3685df88251586c4aa098d13e52b1b4f229b6c1977a45a340fd78df1
confirmatory::Q9NES8	8e22b1d2d0b6eb1e1e5fa4778be233170412d5e999828aaf14773086e528164b
confirmatory::Q9NPA2	24063adf61b47696a5084aad279fba23bd2d452cb3a4e2a3d0222f5c61a60eb3
confirmatory::Q9NPH6	5892961fd93913083308b146da1de4c67d025258b98b350e84083bba8418fbd1
confirmatory::Q9NQA5	b6c828210685b571c49763b95e997c81dc15610f6c60be89e331f85533706520
confirmatory::Q9NR61	24371bf2d6df09880740ab51a10a679536679e6846c484a18360798d6fe47647
confirmatory::Q9NRE1	24063adf61b47696a5084aad279fba23bd2d452cb3a4e2a3d0222f5c61a60eb3
confirmatory::Q9NS62	087f017c4fc6de6c13673ff96033f2de2d4d9db4cfbb560e850bc3a21a9dcde7
confirmatory::Q9NUJ1	79fb5f5aeea75b1180489919250ee5ca372dd41009fc99b7025dd9708a35177b
confirmatory::Q9NVI7	c52fca3a03eb38cece5ffc98abc40e9586f2755a01b02879fa241a1fc7de0bcc
confirmatory::Q9NXR5	8992e1d38e2126575c76a9ffff1f17206072df85161868ff3b28419336c5d6f5
confirmatory::Q9NY56	5892961fd93913083308b146da1de4c67d025258b98b350e84083bba8418fbd1
confirmatory::Q9NYJ7	24371bf2d6df09880740ab51a10a679536679e6846c484a18360798d6fe47647
confirmatory::Q9NZD8	13bf54fb73aab8d703b1025e0596f0e2e732d88bc62948135586368ddee44dd0
confirmatory::Q9P0K7	fd80707c34f29f25c56a8f1803d1fa5394ddc0f80884bf9428f4f4e83a05bb9a
confirmatory::Q9P8G3	1bb7a69c5ac8dff09d9743d7de36e3db00db59e8de64893c6df4fc99ac9601d3
confirmatory::Q9PRQ9	0e86e9e3943105f0c02e336cf49e66419fe7933b4a9c56997c7bb8035f3c7a0a
confirmatory::Q9PUR0	0e86e9e3943105f0c02e336cf49e66419fe7933b4a9c56997c7bb8035f3c7a0a
confirmatory::Q9PUR1	0e86e9e3943105f0c02e336cf49e66419fe7933b4a9c56997c7bb8035f3c7a0a
confirmatory::Q9PW98	cd44ecfb0231fbe25976a913c1248001f954c4063e308617e008c4b65e1d218b
confirmatory::Q9QUL6	66982e869380038efc306798aae7ce2e1fae56c06d7dfce80d3e44d1d4b5c3dc
confirmatory::Q9QUQ5	0fe83d4abf1ce610ad84586dd4d5c46c21bd9db4885afb3ef6d6ab2b95befab2
confirmatory::Q9QX29	0fe83d4abf1ce610ad84586dd4d5c46c21bd9db4885afb3ef6d6ab2b95befab2
confirmatory::Q9QX79	28ee663204ab31f06bda00313c901a495a49edfb3c6d5deedae5a5fe98c8fa7f
confirmatory::Q9QXC1	28ee663204ab31f06bda00313c901a495a49edfb3c6d5deedae5a5fe98c8fa7f
confirmatory::Q9QXM0	09a5c6daa4509edcd9a50cdcab8952c9c902cbc82772d0954acdce88324b4fe6
confirmatory::Q9QXU1	f92a8e542977ec3d6dc95e8a0bde11a3a1290134ed49574133ebe628e0201670
confirmatory::Q9QY05	e3d45e64298da494ce1729e091f7704f230fdab1891a1bae892fd5f81478f670
confirmatory::Q9QYA9	cd44ecfb0231fbe25976a913c1248001f954c4063e308617e008c4b65e1d218b
confirmatory::Q9QYY8	9be8126a2dbfcd7513074efb8f97e42b52a270b713971328a72dcad11b7a1f84
confirmatory::Q9QZC8	b039ccfd244270e65ee7ca7692ed51ef79a65b1b20862267a28d1dbe4cbb86af
confirmatory::Q9QZQ5	80411b172a57342a9e6ff35099764047f561bf1337df03f29cf013ee3a7b28d0
confirmatory::Q9R001	b1423ee9b957bb86533c097a80d4fb634274a83d1747b602650345795525d6b6
confirmatory::Q9R007	bfe939dcac89e9013c487384af9034bc569f2ba663fd74af25aedacd3131525b
confirmatory::Q9R045	450882407bb31af420e3fb498b86045252de225bcb0bc544cb192820b36d6e90
confirmatory::Q9R0S2	24063adf61b47696a5084aad279fba23bd2d452cb3a4e2a3d0222f5c61a60eb3
confirmatory::Q9R1E9	80411b172a57342a9e6ff35099764047f561bf1337df03f29cf013ee3a7b28d0
confirmatory::Q9RA51	dccb74d38eb5e7a9f23fe80d041bb156f74f05b1c460fdc8136e9dbd7d77d278
confirmatory::Q9RFY6	1d8d2dfc39e9199757e83543e0c8fc218b7dcef1f507c26508333acf38c1659c
confirmatory::Q9RYJ3	ea060f244e352de2544b388f1abc1899258898681ff665dbf7303805cc505276
confirmatory::Q9RYJ4	ea060f244e352de2544b388f1abc1899258898681ff665dbf7303805cc505276
confirmatory::Q9S747	b7762ce85918a621bc4bf4c4e7657779c885d02f6b53a465f4762637db65c059
confirmatory::Q9S7I3	86cc21bca61bd87e3a544b53de63d4a85a51acbb0d64b5ad6e6e2ba8aa8ab938
confirmatory::Q9S8I2	b7762ce85918a621bc4bf4c4e7657779c885d02f6b53a465f4762637db65c059
confirmatory::Q9S8M0	5aff5f6b60799ea14709753f4be27c926783f8cd824ccff0e1f9a54c40791183
confirmatory::Q9SA75	0d9f327b1073890bfb36e5ee168a06ee2714bac452b116df3ae13f3e08179c5f
confirmatory::Q9SAJ3	5e46553948d4f9b32cc79a53e11cfa6765c782a48a19d9fd9f43c019116d0292
confirmatory::Q9SAY3	4b9e7bea9ce8ee8ae94698ef8499017333c8e1e95a44680dba3be60d8618dc01
confirmatory::Q9SB68	e1d839f381927b9a2033cd2376ea1dec270868532d82b0db04197ab80478009c
confirmatory::Q9SCN8	199e5e746f1a78658450a2ba041b79aef49bbb4feb4fdafedee11b7288c9ede8
confirmatory::Q9SCX8	9fcb35c35fea51a2a10d2b05454d0c6c3ffaa3abfa40e228e32ed2d281fd9381
confirmatory::Q9SE00	bb6ceea07e989d80c137788cdbdfd634ab9becd492e572919974a7e2ecc7bc23
confirmatory::Q9SEI3	23d5a3bd524d30d0ed03bfe373885d5527e4035c98c411d13a9667a063013c6e
confirmatory::Q9SEX2	794a155dc5d6a4333e7c3f64f71a96bc7d6cff28650fa8bcc5d70a3932053113
confirmatory::Q9SHS7	369890e1b4fdd3f4d633bc750ce4706bc6a1c2d11deb58e010bd3f44230852d0
confirmatory::Q9SI18	bb6ceea07e989d80c137788cdbdfd634ab9becd492e572919974a7e2ecc7bc23
confirmatory::Q9SIV9	bb6ceea07e989d80c137788cdbdfd634ab9becd492e572919974a7e2ecc7bc23
confirmatory::Q9SJF0	369890e1b4fdd3f4d633bc750ce4706bc6a1c2d11deb58e010bd3f44230852d0
confirmatory::Q9SL67	23d5a3bd524d30d0ed03bfe373885d5527e4035c98c411d13a9667a063013c6e
confirmatory::Q9STF7	0d9f327b1073890bfb36e5ee168a06ee2714bac452b116df3ae13f3e08179c5f
confirmatory::Q9SU24	6379a5db2b3216cec3ec507f7417dc6fc7ab5422e80a70b99c5b46a8764615b1
confirmatory::Q9SUN6	0d9f327b1073890bfb36e5ee168a06ee2714bac452b116df3ae13f3e08179c5f
confirmatory::Q9SVT4	0d9f327b1073890bfb36e5ee168a06ee2714bac452b116df3ae13f3e08179c5f
confirmatory::Q9SW93	86cc21bca61bd87e3a544b53de63d4a85a51acbb0d64b5ad6e6e2ba8aa8ab938
confirmatory::Q9SX52	369890e1b4fdd3f4d633bc750ce4706bc6a1c2d11deb58e010bd3f44230852d0
confirmatory::Q9SZD4	23d5a3bd524d30d0ed03bfe373885d5527e4035c98c411d13a9667a063013c6e
confirmatory::Q9SZV5	0d9f327b1073890bfb36e5ee168a06ee2714bac452b116df3ae13f3e08179c5f
confirmatory::Q9SZY2	0d9f327b1073890bfb36e5ee168a06ee2714bac452b116df3ae13f3e08179c5f
confirmatory::Q9TQY7	2ca3559869bf73bf1369b0778046227fe36990704ef03e92e809601ac40ebe65
confirmatory::Q9TR93	55927c04e923f511084010cf0858f6d88c365ae75b99c08d7e94a4aea9cd3a91
confirmatory::Q9TRM8	780632a2b78e928a1a0233a9237a2deb499859d4cb703b9b85c05b6bf0ae4e2d
confirmatory::Q9TSZ0	34f3ebf727ba6962d09c497f53fa9a083064002a8920c85a4d004e89f0a534ef
confirmatory::Q9TT35	a5ebffc2e2dbb22bd5322e5b7f495ec0102e8dba67dfdb8b96b9aa84fa7da6f3
confirmatory::Q9TT36	a5ebffc2e2dbb22bd5322e5b7f495ec0102e8dba67dfdb8b96b9aa84fa7da6f3
confirmatory::Q9TT92	b1423ee9b957bb86533c097a80d4fb634274a83d1747b602650345795525d6b6
confirmatory::Q9TTK7	55ddb3dd17da1cb3ae6ed5aa5ab62a50e2f5afdd8477f9c0f808349986102bb6
confirmatory::Q9TUQ3	ba4d2614b5e550635440f4c6525e8134022aee773ce7679090791bd84dd97e71
confirmatory::Q9U1G6	34b41219611ac71b39f94001659d257ef301dc42fb86d0ab1b2396d000b25f11
confirmatory::Q9U5P1	34b41219611ac71b39f94001659d257ef301dc42fb86d0ab1b2396d000b25f11
confirmatory::Q9U8W7	450882407bb31af420e3fb498b86045252de225bcb0bc544cb192820b36d6e90
confirmatory::Q9U8W8	450882407bb31af420e3fb498b86045252de225bcb0bc544cb192820b36d6e90
confirmatory::Q9UAS2	34b41219611ac71b39f94001659d257ef301dc42fb86d0ab1b2396d000b25f11
confirmatory::Q9UAY4	bd77a94d6f7bd336f5f75129f2f325ac5fb84bd5f6d30ac29dcd849ddde97e20
confirmatory::Q9UBP0	9be8126a2dbfcd7513074efb8f97e42b52a270b713971328a72dcad11b7a1f84
confirmatory::Q9UGM5	28ee663204ab31f06bda00313c901a495a49edfb3c6d5deedae5a5fe98c8fa7f
confirmatory::Q9UI38	9c0bfed7396b8bfee705c398ac5c457437d5940f8711042967bd253553c525a7
confirmatory::Q9UK73	985193d7f0646ab5a63192350c4470719b706bcc5f16b43f74211a4adfe4c1c1
confirmatory::Q9UL62	0fe83d4abf1ce610ad84586dd4d5c46c21bd9db4885afb3ef6d6ab2b95befab2
confirmatory::Q9ULZ9	24063adf61b47696a5084aad279fba23bd2d452cb3a4e2a3d0222f5c61a60eb3
confirmatory::Q9UMR7	0abf7fc04094851e216e9a013b3897849df61ac3d763c6f6cd1c3c34b9d203dd
confirmatory::Q9UN37	12099ebff3efead5c06a18a835e5239edabab4ca79c6c9ba0c916ef443726217
confirmatory::Q9UNA0	b1423ee9b957bb86533c097a80d4fb634274a83d1747b602650345795525d6b6
confirmatory::Q9UP79	b1423ee9b957bb86533c097a80d4fb634274a83d1747b602650345795525d6b6
confirmatory::Q9UQ90	b587bef3e5d94148fb6edeb8462e56d2a1573d0e113db913c44f4bfefa67c9fa
confirmatory::Q9URR2	1bb7a69c5ac8dff09d9743d7de36e3db00db59e8de64893c6df4fc99ac9601d3
confirmatory::Q9US39	99826a93eedea1a45a5d495eab9ed0a21ea0e15fafdc3d7f1f1eb517e091053e
confirmatory::Q9UTS0	1bb7a69c5ac8dff09d9743d7de36e3db00db59e8de64893c6df4fc99ac9601d3
confirmatory::Q9UVN9	ae06a79fb0a3df6b735edf0b452366dd6bef01d4d1be6595c830072b310a4059
confirmatory::Q9VBC7	da1f730a80c0f0ed1f9303734404705fa18285380f99e8c78185dd847cf60b39
confirmatory::Q9VDC6	29a79690eced4461016836ce36c14c380b0c4c5e3dcafb70f5238755407be04c
confirmatory::Q9VER6	ed8472e7b66948f352b10e4fe5ee83175c8b16b12ad209c387c4052cf60aa0e4
confirmatory::Q9VFC2	d4b8fd03a3caaecd44d5b548daa02c315b9633db3506830623271b9a37653456
confirmatory::Q9VFD5	985193d7f0646ab5a63192350c4470719b706bcc5f16b43f74211a4adfe4c1c1
confirmatory::Q9VLR9	c95ef386e0d3ba468fdb2900eacedffdfe47c9718cfd81d7f547bcab79cd73cf
confirmatory::Q9VLU4	f330839f58fd73fe0783c152a7acffc5f1c2277fea26b8223decb4f40e4ad4d3
confirmatory::Q9VQN8	12099ebff3efead5c06a18a835e5239edabab4ca79c6c9ba0c916ef443726217
confirmatory::Q9VT50	82ba2784f1f8c5c50742e13d650c40e1693ecd41f5e2dbe7f1afccb645a66a72
confirmatory::Q9VT51	ca573413688f7f22f8384d8650e5a962f74f1df790e1fdb0e11b46e9a74790c4
confirmatory::Q9VT53	82ba2784f1f8c5c50742e13d650c40e1693ecd41f5e2dbe7f1afccb645a66a72
confirmatory::Q9VTZ5	b5e03c01fa8ec788c62418b308c35377fee931c14cd5cf80a972b831ec1b8f8d
confirmatory::Q9VUW9	e8f19abe601762091b366d25b70ea3fb93cb89ef883d201899904e677c86728a
confirmatory::Q9VVA0	965a28ce6794582deb557b301722618399b973a62483b6546d6e5463da70c130
confirmatory::Q9VVW1	c4a7ef96e697535ffb4e61c26017d3cee60794b0ad02ed495d068a1fb745b397
confirmatory::Q9VXF1	80188e9791182b3a7d2f79c0e2ed86136b48ed6a049411d036b36313dbd8bbd5
confirmatory::Q9W6K1	ae06a79fb0a3df6b735edf0b452366dd6bef01d4d1be6595c830072b310a4059
confirmatory::Q9W770	ba85e063659590c5598badecc804b13408c0b5ad0ce54fdcaa07150c828d2cc2
confirmatory::Q9W7C5	e41d009e5cb7f58c790b0ca9602f9e786b86e33e1a576f001d4c24b1e5f1e2d5
confirmatory::Q9W7R2	2ca3559869bf73bf1369b0778046227fe36990704ef03e92e809601ac40ebe65
confirmatory::Q9WTR0	24063adf61b47696a5084aad279fba23bd2d452cb3a4e2a3d0222f5c61a60eb3
confirmatory::Q9WUK0	82ba2784f1f8c5c50742e13d650c40e1693ecd41f5e2dbe7f1afccb645a66a72
confirmatory::Q9WUK4	694df2b5849b10ec08101ea2af6560538999a3c675f58d38bdfa8b4f58b573a3
confirmatory::Q9WV41	e3d45e64298da494ce1729e091f7704f230fdab1891a1bae892fd5f81478f670
confirmatory::Q9WV72	6e124a97994b630295fc8aac92534f1541b5be2cb0fc2e30fc59c29a8b865cfe
confirmatory::Q9WV74	272b4bd3eb71f451bf127018598903891a62c360637f8e23b1c0d381a22735c1
confirmatory::Q9WV86	794a155dc5d6a4333e7c3f64f71a96bc7d6cff28650fa8bcc5d70a3932053113
confirmatory::Q9WVG5	82e1c2f759ec8bf899994b4553b7d3cc20a8d7c5d625a051f6b6104ee4a7005f
confirmatory::Q9WVH6	450882407bb31af420e3fb498b86045252de225bcb0bc544cb192820b36d6e90
confirmatory::Q9WZ49	eeea9a44f3b92c0b64cfbc666ec4383718f1a51caad80d42dff39a6daf58eb04
confirmatory::Q9XFS7	86cc21bca61bd87e3a544b53de63d4a85a51acbb0d64b5ad6e6e2ba8aa8ab938
confirmatory::Q9XGM2	ae06a79fb0a3df6b735edf0b452366dd6bef01d4d1be6595c830072b310a4059
confirmatory::Q9XHP1	8f20d0c6980ead1e360a848d002432fd7be75037bb37add933645c20185679c7
confirmatory::Q9XS65	fff12e77db30d8d5054c219a61e7eadca02694fd845a38e729300f128215237b
confirmatory::Q9XSZ5	24063adf61b47696a5084aad279fba23bd2d452cb3a4e2a3d0222f5c61a60eb3
confirmatory::Q9XTA8	55ddb3dd17da1cb3ae6ed5aa5ab62a50e2f5afdd8477f9c0f808349986102bb6
confirmatory::Q9XTG1	fb474f48b675ad20dbfd46b462690d01732fc16290163fa8f762225aa7f992e4
confirmatory::Q9XW79	369890e1b4fdd3f4d633bc750ce4706bc6a1c2d11deb58e010bd3f44230852d0
confirmatory::Q9Y0B7	369890e1b4fdd3f4d633bc750ce4706bc6a1c2d11deb58e010bd3f44230852d0
confirmatory::Q9Y240	a134fb2184700f02c8a5ecc9f7c0b542e3a7daa6387f1fecb93ca9df5aabd420
confirmatory::Q9Y264	450882407bb31af420e3fb498b86045252de225bcb0bc544cb192820b36d6e90
confirmatory::Q9Y276	c66d9b138209a0064eeedcb22bf43674ef45066b48a22d62213f5f8c58677ce4
confirmatory::Q9Y2G4	55bd881647d7a449fc35b49ce52ba4f2dd86ad0d16680e9ef81cf2f148de50e6
confirmatory::Q9Y2V2	49e0bd839bb65df30e513a28e2c6701659e7b54bbf207886093864c59420f7a3
confirmatory::Q9Y2Y8	c9605184d2ac60712053781acb9550f62a513027605873cf8aac9c77211123de
confirmatory::Q9Y4W6	583013e8e1e3f251647e55dd2b6aecaf7abf80b61775aa3433410c90a8c4b301
confirmatory::Q9Y534	49e0bd839bb65df30e513a28e2c6701659e7b54bbf207886093864c59420f7a3
confirmatory::Q9Y575	6e124a97994b630295fc8aac92534f1541b5be2cb0fc2e30fc59c29a8b865cfe
confirmatory::Q9Y581	e3d45e64298da494ce1729e091f7704f230fdab1891a1bae892fd5f81478f670
confirmatory::Q9Y5Q6	f31157ce31d0ea78e44180490f60aee1f7d653cda777a6f9f25fd735279904c3
confirmatory::Q9Y5R2	24063adf61b47696a5084aad279fba23bd2d452cb3a4e2a3d0222f5c61a60eb3
confirmatory::Q9Y6Z7	87d425c65ac584d5e4c581986c739f7692b2578e446bf382551a86cc21557ecd
confirmatory::Q9Y749	1bb7a69c5ac8dff09d9743d7de36e3db00db59e8de64893c6df4fc99ac9601d3
confirmatory::Q9Y755	1bb7a69c5ac8dff09d9743d7de36e3db00db59e8de64893c6df4fc99ac9601d3
confirmatory::Q9Y778	1bb7a69c5ac8dff09d9743d7de36e3db00db59e8de64893c6df4fc99ac9601d3
confirmatory::Q9YGH2	cd44ecfb0231fbe25976a913c1248001f954c4063e308617e008c4b65e1d218b
confirmatory::Q9YGK3	cd44ecfb0231fbe25976a913c1248001f954c4063e308617e008c4b65e1d218b
confirmatory::Q9Z0H6	2c14df6328ed08d651ce5cff3d704d82078c6ad2a943af69e7875773d0d905c0
confirmatory::Q9Z0K7	220de76dbf9957cd7765cab42dda7d8de8c165964ba2c496e622a8e2982d99fb
confirmatory::Q9Z0M5	d291e2f780ccae734f1044ab8a8bdd51fabac2c2899aa59af35fb22c772d8b01
confirmatory::Q9Z132	ab597ae36a75a822accee80a7fb8c5a108627e8b04e82116dbb8e9763f8fcc1a
confirmatory::Q9Z1I7	f92a8e542977ec3d6dc95e8a0bde11a3a1290134ed49574133ebe628e0201670
confirmatory::Q9Z1N2	72cb9fee1f9973e32bfa12f20c8173839167e61b5269a4617fc576f7404699c4
confirmatory::Q9Z1P8	450882407bb31af420e3fb498b86045252de225bcb0bc544cb192820b36d6e90
confirmatory::Q9Z1Q2	19e73a82bf4cb2521cfe2b344a15acf1f9bc96fc692b16e9e3b365f8c7af5ab6
confirmatory::Q9Z1T2	8f558a4eee23f79ecfac992febeb596d06db9acfae871d6a401f21d1c4f22bd5
confirmatory::Q9Z205	a02247f20abea7bec5768325bf12ee1c76fa45207989f0178a55e6c2b53e8f3e
confirmatory::Q9Z2F6	f3f20b6381602f1fa9d38f08b644cca24a343b2bae0205e1726918da57ad14fe
confirmatory::Q9Z2G0	985193d7f0646ab5a63192350c4470719b706bcc5f16b43f74211a4adfe4c1c1
confirmatory::Q9Z2G1	985193d7f0646ab5a63192350c4470719b706bcc5f16b43f74211a4adfe4c1c1
confirmatory::Q9Z2X2	c41d4630e15f544ec84135758669bfdc604402cb0e775eafe26b38f9a53a251e
confirmatory::Q9Z2X3	c41d4630e15f544ec84135758669bfdc604402cb0e775eafe26b38f9a53a251e
confirmatory::Q9Z395	ea060f244e352de2544b388f1abc1899258898681ff665dbf7303805cc505276
confirmatory::Q9Z3Q2	2685ac5e9c3442645f03a65b92530e7060d9cfb234238234c495a0a95d5a3e40
confirmatory::Q9ZCP9	623f3f0445ba3d68f7f0b01360d57379b68a4bd25c5f902822b41b66dfcdfc89
confirmatory::Q9ZFH0	0f687ef291d0d4dfc3659ed1ef95ae61e3dd8c03d2840a583d3e0f0c06e7cc33
confirmatory::Q9ZNS4	80265ba0cf707cc2b9ab56977abaa12643a893bd6a9a455337c6c3dedf45bd7a
confirmatory::Q9ZNT0	12099ebff3efead5c06a18a835e5239edabab4ca79c6c9ba0c916ef443726217
confirmatory::Q9ZPW9	86cc21bca61bd87e3a544b53de63d4a85a51acbb0d64b5ad6e6e2ba8aa8ab938
confirmatory::Q9ZQR6	75a4d4983b92c6f2d61f0da10de61a0b3695ceb2866193fa2677419ef8d5e03a
confirmatory::Q9ZSB0	0d9f327b1073890bfb36e5ee168a06ee2714bac452b116df3ae13f3e08179c5f
confirmatory::Q9ZSB1	0d9f327b1073890bfb36e5ee168a06ee2714bac452b116df3ae13f3e08179c5f
confirmatory::Q9ZUF6	0d9f327b1073890bfb36e5ee168a06ee2714bac452b116df3ae13f3e08179c5f
confirmatory::Q9ZUJ5	d017fd0721e73202cadd9ae3298bfac8bb3fb75187118a3bf8c61e4be5e4e8e8
confirmatory::Q9ZUK6	34efdb7da6465528647a3456cde08984bda0ce26aa0261df4c8efe316d3e0938
confirmatory::Q9ZW09	067ae74d42b596cec7582bf029fe09ab77e540f889181e76f7318d4806994969
confirmatory::R4IR27	1bb7a69c5ac8dff09d9743d7de36e3db00db59e8de64893c6df4fc99ac9601d3
confirmatory::S0DPL8	0d3efe270b38b530a1b72e2e4e69ea9b829387d3d6778c12943eccd15f5b2def
confirmatory::S2L5R8	dccb74d38eb5e7a9f23fe80d041bb156f74f05b1c460fdc8136e9dbd7d77d278
confirmatory::S5ZYD3	f92a8e542977ec3d6dc95e8a0bde11a3a1290134ed49574133ebe628e0201670
confirmatory::U5L3M6	d46d6fbf41b0e72265c3353d263b9e5cf09d121ed28bedc72646a2b1f3f2b582
confirmatory::V5H924	121c706e5f753d5a8d0d9bea281aff274d1814d3807067d9449e0c68886fc649
confirmatory::W0IWL0	4b9e7bea9ce8ee8ae94698ef8499017333c8e1e95a44680dba3be60d8618dc01
confirmatory::W0T4A7	ba1e0fac2515a9031daa16567997afddc289a2ecb8756ffc8f0e1753d392ede6
confirmatory::W4VRX8	c27f5bf6c68711954b94a2be97ec72ba8cc36be02f73a0ca295afc21dc6d2b9d
confirmatory::W7K9M0	8e5a796ba82885cd75cc418837f05303b492fb3ec6b59865c2d21255824472b0
confirmatory::W7MSI0	3acb906c96b692236616cc3009c653767c3b556c5dfb67aabe445edfa7a5e8f5
discovery::A0A023VZR2	0caf9596d8ac1b19a371f2c433a34f57b95bc35c73b7e6d42455f94317609a69
discovery::A0A068B409	91ff76a5eec77671aa0c1eb01420bb6d7fc1cbc4efaf1fc8fb725f56d1aba439
discovery::A0A0A0VBR5	bd0c2a738f9bce102619e3980e61e739d4ff4ec8295dee7ef379368d8d0438cf
discovery::A0A1D0C0W1	6dbf81c2c7905fba761c1d7d845cadd94e98f98882aef6a4f5b8f879b0cd9fe7
discovery::A0A1L9X9H4	dcc8d66b4dbc9dd30577f23e4fa6ceacfbaec97b897e813b674d56cf102a7a9c
discovery::A0A1Q1NL17	be078d6bb67de68ab580d74466df53917954e9656f56bc339635e57980fdfb97
discovery::A0A1S4HE90	f5a599780ee1bc835084513d02379f8e2eb5304e31c0a5bf48f20949f5e99769
discovery::A0A224AHH8	121c706e5f753d5a8d0d9bea281aff274d1814d3807067d9449e0c68886fc649
discovery::A0A3G5BIC2	f671552211c4a1a30b53c23eff5a0d74cde221e3ce251ed50aab9248669c4600
discovery::A0A5C1ZXT8	d23dfe8be0ae6dc153de6162426b62f08dd4bb05cafe24657feeafcc1b731216
discovery::A0A6B9KZ90	4ae5899b95325c978845fe65f0620ea68319c1b60d8ce55805367ae3cc44f4bc
discovery::A0A6G9KHD3	7c5a134362d8f70898a3284d02acdc535be34471728a648ab9e75a669a83d21e
discovery::A0A6M3Z541	98db69827c60017d2f88b1a543a254059b965280885c9e082a4d201a4a39d011
discovery::A0A7G2A2Z3	86cc21bca61bd87e3a544b53de63d4a85a51acbb0d64b5ad6e6e2ba8aa8ab938
discovery::A0A834R821	d4b8fd03a3caaecd44d5b548daa02c315b9633db3506830623271b9a37653456
discovery::A0A835CKX4	d8a307ed5b373b45ff3c55de1d5470a6dd5068f2b308dac45bea5a9326962250
discovery::A0A8B6XDS4	d30fc8f015cdd68600d6a39f7d66e9fa1704f1a1ff9c83f6d3eca935c934f690
discovery::A0A976XK90	476fd2d0f824e3546d8ca16e7d6f7bb4f6d77ea939261cf5a0af278aa1f9fb7e
discovery::A0L6F0	ea060f244e352de2544b388f1abc1899258898681ff665dbf7303805cc505276
discovery::A1B1B9	ea060f244e352de2544b388f1abc1899258898681ff665dbf7303805cc505276
discovery::A1CWF3	1bb7a69c5ac8dff09d9743d7de36e3db00db59e8de64893c6df4fc99ac9601d3
discovery::A1XIH5	afc28802fff11b2e2d1ded4ef2f20fb595c131fd12dc5efbd409170424be582b
discovery::A2S877	dccb74d38eb5e7a9f23fe80d041bb156f74f05b1c460fdc8136e9dbd7d77d278
discovery::A5IV71	ea060f244e352de2544b388f1abc1899258898681ff665dbf7303805cc505276
discovery::A6TAC7	8762b4dd22780fe23714f203220cc300c681de14521ee5b1a75119c4bf2ce030
discovery::A7L036	30686edabc1240ff716533fdb4a42c70b680eb388c423c4a0a99d95586f14eb8
discovery::A7RJ12	6721e537abf48267b2fa9a318eb28ee3fe6e4fe20b623e9264b08804b3ecc90d
discovery::A7RMN1	98edbcfb3a656d6c9a2ca400961269a0a0ebd0a3417998ec6324cf068b0afb58
discovery::A7SXG9	2ef6966feea365292f9c83bedc30bb523b5c04d094243c3851abdd90a2216961
discovery::A8YPR6	15d62435fb62ea944d7055cee0cc979236fb2117243fc9b00f46256011c74480
discovery::B0X6Z1	418af114420e1a97eb3865dfb747b5288d504163cea4bee0daf7546459a1abe0
discovery::B1P1J4	cfb753d353440d3e0e4639207a4c95f2146aedbaf8ba52c459647356d56f64f0
discovery::B2CS62	82ed153c5dac2e3d2e5f490a022c10c20a870e1494873126cbe9fbae59913d8f
discovery::B3A0N1	4d7f7c51369c1752688e4483a99b6310b57d43aba918c0bf4831825e102dbe8c
discovery::B3A0N2	86cc21bca61bd87e3a544b53de63d4a85a51acbb0d64b5ad6e6e2ba8aa8ab938
discovery::B3EWU8	268490f9190a9289a1f93714a0118094d3bc18ddaf68808b6d3ae32d96c7c701
discovery::B5AJT2	75b221fc67c02f225897f246b293ddbba7873ece551edbc152de0a5e7c69fe59
discovery::B5U2W0	621361ab71637d9ce44d212dd2f774f89539ffd25037d2698199d13fad2bf501
discovery::B6DD38	864bb818aa4a28159eb9ab515d18807e4813e471149442bb7f773a67d0eb4c63
discovery::B9URJ1	25545dadd80435581e74794c9216eeb66ace8228a86901b5932e62c7acee96bd
discovery::C0HJI4	2ca3559869bf73bf1369b0778046227fe36990704ef03e92e809601ac40ebe65
discovery::C0HJJ3	0e86e9e3943105f0c02e336cf49e66419fe7933b4a9c56997c7bb8035f3c7a0a
discovery::C0HKS5	50208ba7185986fdc3fd1b52d79feeb7da9b4c04f65a5deb9f7cc3291aa67f87
discovery::C0HKY3	90d3924460dc8cbe5f251c8672b2a5f9d0574fa3fcf8298b1beebea3afb8f806
discovery::C0HLG2	5041a1e1f60f70f4bccce3b8daeb631454e2f014bb557bfeaccf74d45d44c355
discovery::C0HLG4	8fe1838b38106745b89caa2f928144af4c4ceb11bfa21aa0fe111beddf6a02ed
discovery::C0HLZ4	4f3f167b9e44fcbed671336ef3223561dcef151400ac6c729cd0a54d06bb4d4e
discovery::C0HMD5	74b3fb1e9a2de8494e2ef7adfe4b10fc5a03fc4c240315a019b771a373f342fa
discovery::C1IBY0	7fc1f7744e531034663fa4a62680dcf5838e6cc0b7855c64f83b9550d84337ba
discovery::C1IBY2	fb7eba6815f0de6d779fd1825fe1869a136a4f8948b5b9c5a89e459efe57ca1a
discovery::C5G168	1bb7a69c5ac8dff09d9743d7de36e3db00db59e8de64893c6df4fc99ac9601d3
discovery::C5H8E7	59e4328c161b5c3a9367ab1e8afd76a14a87e88d82ba2df7c8591ef0cd6cd30e
discovery::D1MWE7	c6277fa6c7cc270beaa5ba7394e84b7735591e261b539bb7661f4c93cffc8aa3
discovery::D2CFI7	5c668e3af5eae4d21c53992de7a56d487ea6abc7f15ac8572a65be75a37c3c0d
discovery::D2KKB4	224b6176a17fa9c3b980715fc1927850f85d613294cdd382a4ea11ddac802493
discovery::D2Y3T1	bca842d4ab48d4c49f5bca8e9d6e5833121c58ad57b7b822fa4c24850ab74be9
discovery::D3JWK2	4fb31d216687075bf12c4eecce532ea2b5b5c734cbfaa982149e3ae527c17b31
discovery::D4QD81	f79a0504b3caee2ab0cdad132b115de29a4076daf470b811b01757eb24f42f33
discovery::D6C4J8	a3f1124eee2caf932c261318ca5359cc144bd9dc9c05d50bcede952fb7a85ebb
discovery::D9U2B3	ae087cd3fbbb5cfe05aa9956b0cfe36b7a795805485ed3ecd05ae8ac7eee788b
discovery::E2E4F7	e4620fbee4e785aa4725f6a7f8139bad15f288297bd10186042ac6ad4a1c3c6d
discovery::E3PQQ8	6b77fcad694aa56247d1ad69d05ed8d6f6cb54fe07c9592ed8236909107d6081
discovery::F6KSY2	e1343dcd0d2695e0883ec60fdf6ad88e9ab3e374d9ec418fdc34141df5072547
discovery::G3CJS0	ba476a158ae7ef5dde6714b4484eda012b1aab8c6ff0ba78e4fc338b5b828549
discovery::G3V8T1	af72b67fbe9fe6b8f2582e89597a5fb307db21cfc37054a13a40124e1d3abc58
discovery::H2CYP1	52c747cd099e3f7b04937ca249ace4308b70ae731e99f1ebd89e246cc86aa430
discovery::I6S3A9	7cef8dca75e0b2a18ab85f2474dc00841f91135a72cccd9bf0408692f6de29c9
discovery::I6VXS1	8ef1ca87e71a73c5e2eaf81b3d727e7231fbcaa783adc65393ebc12f3ce7eaa4
discovery::M1JMQ7	da955a4bf566188be664f8dbe8a0fa3273c8b9037ed71f3270486b356d01673e
discovery::O16171	d1c6ab564afa4059f4195e330c3f3d2fa72e6c258ca03ccbdb0ec294d4b10bcb
discovery::O18424	8cbe4f38103db3a467029055538171f0cd12f624be53b45b8126ec476b79a397
discovery::O22841	0938a8862515dbebeaa25ebc523df426c8e59a1f2e258d73b025e80dfbf4d1dc
discovery::O35474	67b28ba5e81d277aab432e8590ea0314688bb8591ebef3ca06a6935723ff3652
discovery::O35608	450882407bb31af420e3fb498b86045252de225bcb0bc544cb192820b36d6e90
discovery::O87402	ea060f244e352de2544b388f1abc1899258898681ff665dbf7303805cc505276
discovery::O87906	4c18ffdc01cec0a1c6d5b3d4e3a0e081f6f392a42c62617b19805ef3b90ba233
discovery::P00591	82e1c2f759ec8bf899994b4553b7d3cc20a8d7c5d625a051f6b6104ee4a7005f
discovery::P00782	1bb7a69c5ac8dff09d9743d7de36e3db00db59e8de64893c6df4fc99ac9601d3
discovery::P01085	35d13a1cc289640836024acc83c845fde380e96b1cf0d8530255ece3e5c4db55
discovery::P01223	cd44ecfb0231fbe25976a913c1248001f954c4063e308617e008c4b65e1d218b
discovery::P01321	2ca3559869bf73bf1369b0778046227fe36990704ef03e92e809601ac40ebe65
discovery::P01336	2ca3559869bf73bf1369b0778046227fe36990704ef03e92e809601ac40ebe65
discovery::P01546	65061e8cc6d2846c8bb89f6832304ed6ca2d1581ba22738186344dd7d79af0f2
discovery::P01552	4f6e2d5d38535ba98612edbdea15adcfd657657ba582e7c9648dbf7e78d1b190
discovery::P02869	7d0ca3f9691895ca753b0995d472ba0ed4112ebe7744b483b0fdcc5d2cb019b3
discovery::P05637	17c8cd6bde704e4ea4bbc7d6e04adddd725e3de2910e0eb570884d15734c3d40
discovery::P06768	7e90cee412221196bcc5f07c4f195b89927144c6913a290671cfdac2f6ba7db5
discovery::P06884	55927c04e923f511084010cf0858f6d88c365ae75b99c08d7e94a4aea9cd3a91
discovery::P06886	5ba97d45d229190bcca8375e609d4d8b533073619cabe761f1cca8e5b40eeff0
discovery::P07440	7d0ca3f9691895ca753b0995d472ba0ed4112ebe7744b483b0fdcc5d2cb019b3
discovery::P07444	7d0ca3f9691895ca753b0995d472ba0ed4112ebe7744b483b0fdcc5d2cb019b3
discovery::P07597	86cc21bca61bd87e3a544b53de63d4a85a51acbb0d64b5ad6e6e2ba8aa8ab938
discovery::P09332	58000d28a42bf5ec8fc4287c354d0dd34fb18db405d28a3f1ff3a849f94dd65c
discovery::P09545	6dad4124af5919d4f3cf811f9c26a62ac82fda91d61611e2b9d64ad83e58ba21
discovery::P09807	e53a4f52e5fb4b02e0af2aa837ac4e66e1a626ec6824b361af66f9f3c8ea72c9
discovery::P0A1D9	623f3f0445ba3d68f7f0b01360d57379b68a4bd25c5f902822b41b66dfcdfc89
discovery::P0A984	623f3f0445ba3d68f7f0b01360d57379b68a4bd25c5f902822b41b66dfcdfc89
discovery::P0A9Y0	623f3f0445ba3d68f7f0b01360d57379b68a4bd25c5f902822b41b66dfcdfc89
discovery::P0A9Y1	623f3f0445ba3d68f7f0b01360d57379b68a4bd25c5f902822b41b66dfcdfc89
discovery::P0A9Y8	623f3f0445ba3d68f7f0b01360d57379b68a4bd25c5f902822b41b66dfcdfc89
discovery::P0C0T2	1babc0f3672570a9ef69999590622bed0b820e178a50d0a1ed8144cd6b6a1e59
discovery::P0C1T7	7d84cbdf54f08859c703ae83a6d2a4cfad5f03b82268b87115c653ef90921b4b
discovery::P0C1X4	1107ecc9e29c6f65773d2f985e26ee283ae8d7140d5592137caf5fd990bf2367
discovery::P0C255	4f3ac36005d24ae7de0f8b2bc1f1c11546751ebdafed2f2461b16b2fee7d67a9
discovery::P0C2K3	dd4af8bac0ef40a5c5947730da54720b05b6fc9262297a9b89ac4230fa0a6499
discovery::P0C832	d2365925724c39a59c8236badb04001dc8ee87a6fdbd814fcc527c8e5074a872
discovery::P0CH47	d69ac2c0902a9ac9e6a066c916be265343a311fdea4fbce37d74691f763630e8
discovery::P0DJ43	98e6d0ab433bf6861783891a87d33322afd3e2bc3d11d0b6a20cefd8f9185c02
discovery::P0DJC0	8c149241f259f50908f76905c0341f3036e63c93c3414832ad890743f368d44d
discovery::P0DJE4	21a6ba20d77e0c658d7c3fda45029334c4312de21dfaa64f7fdc36b7aa51ebf3
discovery::P0DKP3	25c9e44a692182579e2f0a4cf991eada1b6216a7a46fcab4b5e200677e14c9e4
discovery::P0DKQ8	f81c1dd257587c891ceee13c286346d65013d503b273d73fb658872f16814271
discovery::P0DL61	a014527464017bd307166316490259583d2ac33c48a85bf96de8bee877c83905
discovery::P0DM45	a3e7f0b87bc5cae2fb62d9d3caefa6fc656cf045ad23bd59602318af5eeecf62
discovery::P0DN65	5626be1d599d8e1454738b816a0e61ff13f594b28945aa120f3ced429720b9da
discovery::P0DPE6	7125b49f271ed3b0b9c2a1d4201d091d60d9b4787cccf2231c261a7c8a0e13d4
discovery::P0DPG6	bae401decc3fa8dd15d5f61506ab40ad87855744ab2a471e3e05fa7f69652912
discovery::P0DPW2	8f4492bb93be9b20ed89891534c8718061326387149ba011bdd46cb57a48c06e
discovery::P0DPY2	5b2df9046792e9cfea2474bdbe0f0781fcc5ceba6708a21921952d3f33a950fc
discovery::P0DPZ6	f425d91ed5acd5dea7f1917adeff0c0848f53d7503e2d02a72cdb557361bc1d4
discovery::P0DPZ8	317aaa117fe99727a544e1fa5b6cd8ed7cc6399822cc72750e35a4496144357b
discovery::P0DQA3	c37af50558db1a114c461e3963d710205dc4bf6e1b68cfef55f53fa84a8f57d4
discovery::P0DQB3	f7d113ee18e2d36c866d3ef168aa1580641fc80d7bb6055a648ec165b3d0f8bb
discovery::P0DQE7	f243c0dc914f3e4ecead7e259ba89272e2ed23822980084304de06cb5dcda659
discovery::P0DQF1	97e6a62d5ae152a8e04830c6a97b05fefe09d926d6a89101affdb2c3a160fa82
discovery::P0DQG1	ebd6af3b9fd6e3beb5b75be58e25e6ba7ebafb850e747e86794f253d17daa33f
discovery::P0DQG5	1d799171b6f45936ba9e4f12079fa441d1b043d5391fca9a0393a5a7b201ba40
discovery::P0DQI9	2b1602079a03b3d6a488f47ded2ac19413b156e7f960d90634271c47aa4b749a
discovery::P0DQZ0	7dd78ad3eabc520f7de6ff9659538f39e0ee795ce669e8954f809090ff641588
discovery::P0DSL3	5748edee841fb30376b215449ac582f83c8c42f266fc2afc03850c4734936f1a
discovery::P0DXX1	960d9b06be863ac9222659e8ce8e73f9c83a930b2f55026534fc12f8304849c0
discovery::P0DXZ4	c6a5f7e80d7dca252f7f73a3153044e73032f78e8eab7e3b93a82c31e9f6d780
discovery::P0DY41	6e3dd4c8d6bc8303ad32f2f840e29a7b13066e6bce2369e40466f73205a91a1c
discovery::P11218	4b9e7bea9ce8ee8ae94698ef8499017333c8e1e95a44680dba3be60d8618dc01
discovery::P11968	b7762ce85918a621bc4bf4c4e7657779c885d02f6b53a465f4762637db65c059
discovery::P12071	b7762ce85918a621bc4bf4c4e7657779c885d02f6b53a465f4762637db65c059
discovery::P12703	2ca3559869bf73bf1369b0778046227fe36990704ef03e92e809601ac40ebe65
discovery::P13083	55927c04e923f511084010cf0858f6d88c365ae75b99c08d7e94a4aea9cd3a91
discovery::P14369	eb34ffc45a2e98c550c3aa8bafb7aa58e45c59581acabd0ca7785544a48d064b
discovery::P14841	e762a34e2879fb89badf3aefde610ff9d5414dd0791ef2899f47f15931593ae4
discovery::P15427	55927c04e923f511084010cf0858f6d88c365ae75b99c08d7e94a4aea9cd3a91
discovery::P16218	e94dacc570456da10aa3b2ce453ed8bf2998fbc96c2bd27c92ae791686b52f44
discovery::P16519	da1f730a80c0f0ed1f9303734404705fa18285380f99e8c78185dd847cf60b39
discovery::P16850	f7a616fde5389141c0e4c34abab3803332ab61f9588c2aa0912a794e89fe69e4
discovery::P16948	0e8c1a39010d5fcaba92a2ad4d6e60bb855bd1453cb8daaec62150dbc2001cc5
discovery::P17405	bd77a94d6f7bd336f5f75129f2f325ac5fb84bd5f6d30ac29dcd849ddde97e20
discovery::P18108	0e86e9e3943105f0c02e336cf49e66419fe7933b4a9c56997c7bb8035f3c7a0a
discovery::P18427	cd44ecfb0231fbe25976a913c1248001f954c4063e308617e008c4b65e1d218b
discovery::P19247	e5adb94c43323134560160dc2b7d86f1d011958d9ba1a66019ccd8e722821e07
discovery::P21352	1a35ad91798a026bcdebde68ed0eb5d253ad56aad3ddf29531a071fb44d8d05e
discovery::P22244	c9d1b077ac15ee2ab94b1d06a6914be46b630f5a59d577826d8c7321657d2c42
discovery::P22935	34b41219611ac71b39f94001659d257ef301dc42fb86d0ab1b2396d000b25f11
discovery::P23806	6fccf452183346a0cbec854383b1394df372e08cd8cf2616e29b994bb1d0d1a1
discovery::P25417	e18b4e5fbde76978c2080f2894717f1f991e2dfb87f46a80f37a5cab5ea38ab0
discovery::P29121	da1f730a80c0f0ed1f9303734404705fa18285380f99e8c78185dd847cf60b39
discovery::P29206	55927c04e923f511084010cf0858f6d88c365ae75b99c08d7e94a4aea9cd3a91
discovery::P29794	0e86e9e3943105f0c02e336cf49e66419fe7933b4a9c56997c7bb8035f3c7a0a
discovery::P32751	d1c6ab564afa4059f4195e330c3f3d2fa72e6c258ca03ccbdb0ec294d4b10bcb
discovery::P33186	b4bc98b991abe410fc71eb5f72cf9c50bbfb35d9ac10dcc1a211da40f40a6e25
discovery::P34960	24063adf61b47696a5084aad279fba23bd2d452cb3a4e2a3d0222f5c61a60eb3
discovery::P35478	e18b4e5fbde76978c2080f2894717f1f991e2dfb87f46a80f37a5cab5ea38ab0
discovery::P35792	80265ba0cf707cc2b9ab56977abaa12643a893bd6a9a455337c6c3dedf45bd7a
discovery::P37999	55927c04e923f511084010cf0858f6d88c365ae75b99c08d7e94a4aea9cd3a91
discovery::P39690	f6958eea91b8bb96982fd522b21b6c93395cd198a195a5b14a2abd93c966b62a
discovery::P41336	55927c04e923f511084010cf0858f6d88c365ae75b99c08d7e94a4aea9cd3a91
discovery::P42992	eca2afaa73906340c0c0a9bd330726b01050947b6064cda69ae2b585f323140b
discovery::P46461	66982e869380038efc306798aae7ce2e1fae56c06d7dfce80d3e44d1d4b5c3dc
discovery::P50120	7e90cee412221196bcc5f07c4f195b89927144c6913a290671cfdac2f6ba7db5
discovery::P51480	48576c0bd8d82774f937467c5786b5f9c758f53a4de6f9aa81eb02b680e269f1
discovery::P51909	58c122487636dd7ab904effe42ca93539e9e10855a4715b26eb500f00a2e6c5b
discovery::P52278	3f5913f7e3e5d5a0a685cebeb853633fcb01f74c67d49634fe5a5e33895c0619
discovery::P53264	213fe1c42d9b8c1d8487bfb383057377e8725a0d7316cc861a6af9b83e1596c0
discovery::P54355	9e425203b94a4d82e95530d9a341b4f9813ab29c10bd29c77940b1532e8a0182
discovery::P55798	ba36d987f1fa0624cfa141a3e10fb029f7aa2efaad45e703221053b39919af2f
discovery::P68952	0e86e9e3943105f0c02e336cf49e66419fe7933b4a9c56997c7bb8035f3c7a0a
discovery::P68953	0e86e9e3943105f0c02e336cf49e66419fe7933b4a9c56997c7bb8035f3c7a0a
discovery::P69044	5e1537bef964e72445457226e224d8d631564b28a11a84ec258106e7eef8be2a
discovery::P69046	2ca3559869bf73bf1369b0778046227fe36990704ef03e92e809601ac40ebe65
discovery::P69842	5575e03cf9359743ec6fe3106ad93204989a5e36fd29e564b6d979f0b5fb09e7
discovery::P80071	cd44ecfb0231fbe25976a913c1248001f954c4063e308617e008c4b65e1d218b
discovery::P83298	80a2792f8b08540e0ceba40e8b4d47e8b3cb15c2a8ac52196d386810fcaab1d6
discovery::P83323	44938e76d295a9b6f96fc162472f2b22cbe0ebcca58219f16740e1226749214d
discovery::P83395	b7762ce85918a621bc4bf4c4e7657779c885d02f6b53a465f4762637db65c059
discovery::P83396	b7762ce85918a621bc4bf4c4e7657779c885d02f6b53a465f4762637db65c059
discovery::P84452	b7762ce85918a621bc4bf4c4e7657779c885d02f6b53a465f4762637db65c059
discovery::P84786	1a6ff7bec23c070847b267d4780b03647f4973f6e9cf54a47643622e52738cce
discovery::P85006	cc71d3aa39c06554dd48b15322cda338c903ffad52526c4da8dab262ab850660
discovery::P85101	c9064f6c9fdd3e143866b29083bfb184a7a9dc227733a3debe905a355ca2c6be
discovery::P86166	c8b7b7b7233a96014e38869edb0a70bbf90d18b06d8426d9c11f23e9adca36e5
discovery::P86942	88beedf8cc7348c2a9bf46285ee48ab35aa7dec6d27d73b313cdde737d0679bd
discovery::P94669	ea060f244e352de2544b388f1abc1899258898681ff665dbf7303805cc505276
discovery::P98089	cd8eccf462ee56cbf414122d2a36f44d8e177e67956787a44675e0a4bba866d3
discovery::P98105	d56efa2c4fa76222614d0864fe50657e6fc587cd0e1890c25a37bf138b4b5f1a
discovery::P98153	d845f4614da558aa09f4cb8097dd7c0f18155164fe8e907fe4c426cf12b0d6ad
discovery::Q00531	7aa6ab8b2ef95a84852f421ae5884e3efd7233a8361839eeb0bea59178ae7e9f
discovery::Q02157	82e1c2f759ec8bf899994b4553b7d3cc20a8d7c5d625a051f6b6104ee4a7005f
discovery::Q04669	f72ec8a4885e931633c91e9e85f8bf2bdb2778b97bcbfdc62373a67bb704605c
discovery::Q05968	80265ba0cf707cc2b9ab56977abaa12643a893bd6a9a455337c6c3dedf45bd7a
discovery::Q06B74	d4b8fd03a3caaecd44d5b548daa02c315b9633db3506830623271b9a37653456
discovery::Q07338	c47bfa555889927e87a1aa052a3fb2821cee0b7fed75152686979f89c784321f
discovery::Q09023	4b9e7bea9ce8ee8ae94698ef8499017333c8e1e95a44680dba3be60d8618dc01
discovery::Q0JF21	4b9e7bea9ce8ee8ae94698ef8499017333c8e1e95a44680dba3be60d8618dc01
discovery::Q0RQS0	ea060f244e352de2544b388f1abc1899258898681ff665dbf7303805cc505276
discovery::Q13QH4	8762b4dd22780fe23714f203220cc300c681de14521ee5b1a75119c4bf2ce030
discovery::Q17192	50208ba7185986fdc3fd1b52d79feeb7da9b4c04f65a5deb9f7cc3291aa67f87
discovery::Q1X703	51385e6e160d21dca4628f1419d83264658dadb6c8828093ced5feae2217388d
discovery::Q27884	369890e1b4fdd3f4d633bc750ce4706bc6a1c2d11deb58e010bd3f44230852d0
discovery::Q2G1X0	4cc04b265f94a9abccc73ae6a33aa98a17fffd3f2497826292ceb31ccc1944b2
discovery::Q2IBF5	fda4691ac7474afa1416f69875bb1ae70c656582bd0ae9c47990dadde158ccc4
discovery::Q2XXP1	99f6376373dc2f072739b87d9fcde8716b50d56491366aff2f26d09f72ed111f
discovery::Q3C255	2db198fb7cabf4f4e9309a1b37a281f8e74f1df4bbe346f89e9111c5b7247a27
discovery::Q3HRV3	cd44ecfb0231fbe25976a913c1248001f954c4063e308617e008c4b65e1d218b
discovery::Q3U435	24063adf61b47696a5084aad279fba23bd2d452cb3a4e2a3d0222f5c61a60eb3
discovery::Q3UMC0	8a197d437b2ed3f57cde15631f22ea706290f01c5bf63619c8cfac5603ce0c5b
discovery::Q45744	b9e91cac7880032c545e4da4e3944ded9fe64603b63569cf2d7278d03c6f6596
discovery::Q45755	2a3d41f79b378e058b0524b6036914fb3e0c20e4d0afee9bbc0d6cdb5234c743
discovery::Q45758	f9ebaaad72e2ca1d57217d2f6dd74b129584ea5ddd39aa0023fe726988a30e7c
discovery::Q45UF1	d10f28022f26e889d9fba35201726713aa2e9effe06f631b1c699a6115c6efae
discovery::Q46051	623f3f0445ba3d68f7f0b01360d57379b68a4bd25c5f902822b41b66dfcdfc89
discovery::Q4QXT9	b6413f90eeac4df8ef65e194c5f8759777c1adbf3b6cfd0f799553c95bfd4941
discovery::Q51929	623f3f0445ba3d68f7f0b01360d57379b68a4bd25c5f902822b41b66dfcdfc89
discovery::Q53I06	efeeeb4635b63e055b981b97b3bdd6d1560701fe14db5368359401f2c35fa915
discovery::Q5F1N4	523c00305fbcbf464f4d5a7cbf263c6ceea393955136217db34b9acc245bc18c
discovery::Q5MAU8	b7682d2fa96fd4bc296ae4e4c223de1003e0422db7e6a0bfbec23a561e9d43a9
discovery::Q5QGZ2	31162e27486bf47cda076524960829469184fc133c3b2d4ac65078a572b3f555
discovery::Q5WPU8	a9b56a442dbefdb4a2eeb86bbb7f13a759922cbc39c0b07f231c2ad65c478f31
discovery::Q5WPZ4	8a063eb6ae860ca6449adf2324559b58b42448ef449beb9833df12ac62ccca5b
discovery::Q5XI64	56c839bfe860f6cc35f76b3271a1727683ddb45a364c32cc9b290abb6e0b446c
discovery::Q5XK91	450882407bb31af420e3fb498b86045252de225bcb0bc544cb192820b36d6e90
discovery::Q5Z1C4	dccb74d38eb5e7a9f23fe80d041bb156f74f05b1c460fdc8136e9dbd7d77d278
discovery::Q60651	7d60fd5c92dfb8bcae8595a5e485074f20595c0030d55c37b8423232e0a10ed8
discovery::Q60652	7d60fd5c92dfb8bcae8595a5e485074f20595c0030d55c37b8423232e0a10ed8
discovery::Q61216	ae06a79fb0a3df6b735edf0b452366dd6bef01d4d1be6595c830072b310a4059
discovery::Q6AZT2	9be8126a2dbfcd7513074efb8f97e42b52a270b713971328a72dcad11b7a1f84
discovery::Q6GE13	f59d6042d02176937ac3dee7e349434db2baf047835e6cf04a005642fb32ff98
discovery::Q6RX08	36dec6c60a72d94ff56ec694716245de514abc69b61f3fd1ef27385953643515
discovery::Q6T499	34b41219611ac71b39f94001659d257ef301dc42fb86d0ab1b2396d000b25f11
discovery::Q6VPT6	d9c3b1a3965e1e89c2034dda6feb00d9efd8f53e4fd6d65c890107717de01ef3
discovery::Q70US9	ad6b038a2bcb7346ca6238ba57259b26c09b1768179fa45f0bcd89d245d6f74c
discovery::Q733J4	ea060f244e352de2544b388f1abc1899258898681ff665dbf7303805cc505276
discovery::Q76CA2	62f9a307db702cda2e389d64307144dee1ea01e1493d62959ab628ac30f6ea7e
discovery::Q7M3V4	b37f22dfa896dff041416cfbba61aa76ced40182f5ce37743fb2422e20328a13
discovery::Q7T3L1	f127efeb98cb410932433d97f2608580814ce71d25f1717938588f6c14962c39
discovery::Q7X7E6	f7a616fde5389141c0e4c34abab3803332ab61f9588c2aa0912a794e89fe69e4
discovery::Q805E8	08528be7fd341aa6992306d6cc2dcd129232b8b4cd83081db737fc35b1f465a3
discovery::Q813X6	281420401a95ecccbd55b88b684dab2b8705fb4497c3a7d2249a2b451e3baf4a
discovery::Q8F4I0	dccb74d38eb5e7a9f23fe80d041bb156f74f05b1c460fdc8136e9dbd7d77d278
discovery::Q8IV16	acf1cd44534c2b105dddb8262269347a34e8a9cd2fb2892aba8f74c4c4a360c9
discovery::Q8QFV1	5fa57ddd6214726ab33b89d585752101833c823a17d22598572232302a52b8c6
discovery::Q8WMX6	fda4691ac7474afa1416f69875bb1ae70c656582bd0ae9c47990dadde158ccc4
discovery::Q8XXT1	ea060f244e352de2544b388f1abc1899258898681ff665dbf7303805cc505276
discovery::Q91121	cd44ecfb0231fbe25976a913c1248001f954c4063e308617e008c4b65e1d218b
discovery::Q93T81	ea060f244e352de2544b388f1abc1899258898681ff665dbf7303805cc505276
discovery::Q93WP4	bb6ceea07e989d80c137788cdbdfd634ab9becd492e572919974a7e2ecc7bc23
discovery::Q962V9	eddb6c08b25c1ed7318b0ea26c111dbca737ea9dbfe0a436dbdcf143e7a36248
discovery::Q964Q0	19201c1f37fc5c9e99ff914314ff889c1cc1208ff86d8e20e5a3c2f22a651530
discovery::Q9DBY8	8a197d437b2ed3f57cde15631f22ea706290f01c5bf63619c8cfac5603ce0c5b
discovery::Q9EPB5	d012353b488000b63419c4b307394f28ffb33f7618f863c011f8e1d74dd0c7ee
discovery::Q9LNN2	067ae74d42b596cec7582bf029fe09ab77e540f889181e76f7318d4806994969
discovery::Q9LSR9	067ae74d42b596cec7582bf029fe09ab77e540f889181e76f7318d4806994969
discovery::Q9PW99	cd44ecfb0231fbe25976a913c1248001f954c4063e308617e008c4b65e1d218b
discovery::Q9RYL9	1233c5912cb8a1936a2b4f58ab3d522c04a395b093653d46760a49798d14c262
discovery::Q9S597	606e5b255adaa2181079d9f1f47effc74b93432b813a3c02f294fdde3f6d2b7f
discovery::Q9SCZ0	86cc21bca61bd87e3a544b53de63d4a85a51acbb0d64b5ad6e6e2ba8aa8ab938
discovery::Q9SEI2	23d5a3bd524d30d0ed03bfe373885d5527e4035c98c411d13a9667a063013c6e
discovery::Q9SZY3	0d9f327b1073890bfb36e5ee168a06ee2714bac452b116df3ae13f3e08179c5f
discovery::Q9UB30	d67c5708fdb03f6d855580024ab52cdd8ad28861927232e4e952ff199910a65c
discovery::Q9UBN4	0fe83d4abf1ce610ad84586dd4d5c46c21bd9db4885afb3ef6d6ab2b95befab2
discovery::Q9VT52	2f9db5b8fc00d830c93f9b2ca68277e3c487d58252f4703b40bcbe4291ba46f3
discovery::Q9WVF9	e73c96ea43f7190ef92adf35894e2eb0a0c6332b069837b46e96d09e4da1989a
discovery::Q9X5C7	016b21fcd9b1414a533e06eba7e8ac472b8454e1d206cfea43019a469303e4f8
discovery::Q9XSM3	b6c828210685b571c49763b95e997c81dc15610f6c60be89e331f85533706520
discovery::Q9XT90	24063adf61b47696a5084aad279fba23bd2d452cb3a4e2a3d0222f5c61a60eb3
discovery::Q9XZE5	369890e1b4fdd3f4d633bc750ce4706bc6a1c2d11deb58e010bd3f44230852d0
discovery::Q9Y0X6	6d4c06179de306ecd0d16e027c440fdf97815e45ef964b924518d3f166369d6f
discovery::Q9ZIU5	455e32a795f33a5c13d90ccc27204d6e431a773b374eedeb52dba1eed0c0c29c
discovery::T1PQV6	0fc7e185a0c3e614cf7296cbddf8a25f4dbf04367a8bea6441abca983ccb6195
discovery::U6BLN5	56c75230526052ae383610efa70798e9fb2a37c0d06b9547cabab4531b36f2bc
