latent_id	signed_mean_difference	absolute_mean_difference	sign	rank
4983	-0.18881773948669434	0.18881773948669434	-	1
9573	-0.18728044629096985	0.18728044629096985	-	2
2073	0.1863788366317749	0.1863788366317749	+	3
1679	-0.18288731575012207	0.18288731575012207	-	4
2221	-0.18202196061611176	0.18202196061611176	-	5
10176	-0.18057698011398315	0.18057698011398315	-	6
4471	-0.1783343255519867	0.1783343255519867	-	7
8405	0.17816230654716492	0.17816230654716492	+	8
1037	-0.17361533641815186	0.17361533641815186	-	9
7859	-0.1696735918521881	0.1696735918521881	-	10
2350	-0.16846875846385956	0.16846875846385956	-	11
431	0.1636352241039276	0.1636352241039276	+	12
777	-0.16295036673545837	0.16295036673545837	-	13
5544	0.16192324459552765	0.16192324459552765	+	14
9124	-0.1615549772977829	0.1615549772977829	-	15
1870	-0.16150110960006714	0.16150110960006714	-	16
3992	-0.16114425659179688	0.16114425659179688	-	17
9483	-0.16028107702732086	0.16028107702732086	-	18
6595	-0.1590573489665985	0.1590573489665985	-	19
6774	-0.1587032824754715	0.1587032824754715	-	20
8933	-0.156856507062912	0.156856507062912	-	21
10096	-0.15680362284183502	0.15680362284183502	-	22
5889	-0.1567070335149765	0.1567070335149765	-	23
9263	-0.15474726259708405	0.15474726259708405	-	24
6055	-0.15385085344314575	0.15385085344314575	-	25
6638	-0.15131406486034393	0.15131406486034393	-	26
3754	-0.1487501859664917	0.1487501859664917	-	27
3611	-0.14741386473178864	0.14741386473178864	-	28
982	0.14737588167190552	0.14737588167190552	+	29
8175	0.14612199366092682	0.14612199366092682	+	30
5142	-0.14602389931678772	0.14602389931678772	-	31
4069	-0.14582404494285583	0.14582404494285583	-	32
3996	-0.1454998254776001	0.1454998254776001	-	33
10008	-0.14495216310024261	0.14495216310024261	-	34
647	-0.14471697807312012	0.14471697807312012	-	35
2581	-0.14332976937294006	0.14332976937294006	-	36
5924	-0.14316923916339874	0.14316923916339874	-	37
9605	-0.14252223074436188	0.14252223074436188	-	38
2035	-0.1423371136188507	0.1423371136188507	-	39
7811	-0.1422809213399887	0.1422809213399887	-	40
2036	-0.14061136543750763	0.14061136543750763	-	41
2090	0.1393050253391266	0.1393050253391266	+	42
2619	-0.13921722769737244	0.13921722769737244	-	43
452	-0.13910304009914398	0.13910304009914398	-	44
4871	-0.13877178728580475	0.13877178728580475	-	45
8396	-0.13854855298995972	0.13854855298995972	-	46
2583	-0.13806845247745514	0.13806845247745514	-	47
2873	-0.13774526119232178	0.13774526119232178	-	48
9055	0.13755103945732117	0.13755103945732117	+	49
5852	-0.13568346202373505	0.13568346202373505	-	50
9743	0.13508707284927368	0.13508707284927368	+	51
3296	-0.13480356335639954	0.13480356335639954	-	52
2652	0.13475081324577332	0.13475081324577332	+	53
4116	-0.1346229463815689	0.1346229463815689	-	54
8381	-0.13404469192028046	0.13404469192028046	-	55
4876	-0.13398054242134094	0.13398054242134094	-	56
11	-0.13349121809005737	0.13349121809005737	-	57
7186	-0.13287869095802307	0.13287869095802307	-	58
9801	-0.13233135640621185	0.13233135640621185	-	59
3029	-0.13226674497127533	0.13226674497127533	-	60
69	-0.13176128268241882	0.13176128268241882	-	61
9267	-0.13084496557712555	0.13084496557712555	-	62
4510	-0.12926891446113586	0.12926891446113586	-	63
5930	-0.12907683849334717	0.12907683849334717	-	64
3953	-0.12825706601142883	0.12825706601142883	-	65
9283	-0.12784557044506073	0.12784557044506073	-	66
9533	-0.12755663692951202	0.12755663692951202	-	67
1395	-0.12654998898506165	0.12654998898506165	-	68
928	-0.12555986642837524	0.12555986642837524	-	69
4201	-0.12523801624774933	0.12523801624774933	-	70
183	-0.12516842782497406	0.12516842782497406	-	71
412	-0.12424847483634949	0.12424847483634949	-	72
3506	-0.12353548407554626	0.12353548407554626	-	73
1397	-0.12290796637535095	0.12290796637535095	-	74
6133	-0.12271656095981598	0.12271656095981598	-	75
5959	-0.12238554656505585	0.12238554656505585	-	76
1421	-0.12210191786289215	0.12210191786289215	-	77
4514	0.12135803699493408	0.12135803699493408	+	78
8101	-0.12082841992378235	0.12082841992378235	-	79
8074	-0.11941996216773987	0.11941996216773987	-	80
1542	-0.119280144572258	0.119280144572258	-	81
6130	0.11922761797904968	0.11922761797904968	+	82
2119	-0.11884673684835434	0.11884673684835434	-	83
583	-0.11881051957607269	0.11881051957607269	-	84
8407	-0.11862720549106598	0.11862720549106598	-	85
8225	-0.11822971701622009	0.11822971701622009	-	86
8298	-0.11809813231229782	0.11809813231229782	-	87
7733	0.11717673391103745	0.11717673391103745	+	88
694	-0.11714963614940643	0.11714963614940643	-	89
844	-0.11711961030960083	0.11711961030960083	-	90
123	-0.11709398031234741	0.11709398031234741	-	91
1806	-0.11593301594257355	0.11593301594257355	-	92
1345	0.1157904863357544	0.1157904863357544	+	93
9259	0.11525648832321167	0.11525648832321167	+	94
6862	-0.1144455149769783	0.1144455149769783	-	95
4288	-0.1141381561756134	0.1141381561756134	-	96
9555	-0.11390571296215057	0.11390571296215057	-	97
6245	-0.11371968686580658	0.11371968686580658	-	98
3018	-0.11346624791622162	0.11346624791622162	-	99
8982	-0.11337246745824814	0.11337246745824814	-	100
3591	-0.11323611438274384	0.11323611438274384	-	101
8011	-0.11319334805011749	0.11319334805011749	-	102
6150	-0.11287811398506165	0.11287811398506165	-	103
6079	-0.11257673799991608	0.11257673799991608	-	104
5097	0.11218078434467316	0.11218078434467316	+	105
946	-0.11179980635643005	0.11179980635643005	-	106
1977	-0.1103375181555748	0.1103375181555748	-	107
4960	-0.11031474173069	0.11031474173069	-	108
418	-0.11012224853038788	0.11012224853038788	-	109
6209	-0.11001473665237427	0.11001473665237427	-	110
244	-0.10972940921783447	0.10972940921783447	-	111
7155	-0.10929456353187561	0.10929456353187561	-	112
7349	-0.10907896608114243	0.10907896608114243	-	113
6039	-0.10900907963514328	0.10900907963514328	-	114
5479	-0.1089647114276886	0.1089647114276886	-	115
3192	-0.10885023325681686	0.10885023325681686	-	116
9006	-0.1087798997759819	0.1087798997759819	-	117
4763	-0.1086030900478363	0.1086030900478363	-	118
2921	-0.1084708645939827	0.1084708645939827	-	119
7504	-0.10835003852844238	0.10835003852844238	-	120
7701	-0.10834819078445435	0.10834819078445435	-	121
548	0.1082913726568222	0.1082913726568222	+	122
8339	-0.10809531062841415	0.10809531062841415	-	123
825	-0.10779203474521637	0.10779203474521637	-	124
9293	-0.10771122574806213	0.10771122574806213	-	125
1270	-0.10662128776311874	0.10662128776311874	-	126
2052	-0.10661303251981735	0.10661303251981735	-	127
3622	-0.10654888302087784	0.10654888302087784	-	128
9503	-0.10628949105739594	0.10628949105739594	-	129
9834	-0.1060863807797432	0.1060863807797432	-	130
3256	-0.10587742179632187	0.10587742179632187	-	131
1492	-0.10565594583749771	0.10565594583749771	-	132
2330	0.10526341199874878	0.10526341199874878	+	133
2183	-0.10515014827251434	0.10515014827251434	-	134
8008	-0.10490958392620087	0.10490958392620087	-	135
5499	-0.10431058704853058	0.10431058704853058	-	136
409	-0.10412218421697617	0.10412218421697617	-	137
4783	-0.10398843139410019	0.10398843139410019	-	138
8767	-0.10388634353876114	0.10388634353876114	-	139
10060	-0.10375574231147766	0.10375574231147766	-	140
4045	-0.10365688800811768	0.10365688800811768	-	141
2951	-0.10338655859231949	0.10338655859231949	-	142
2292	-0.10322856903076172	0.10322856903076172	-	143
505	-0.10283277183771133	0.10283277183771133	-	144
9623	-0.10267145931720734	0.10267145931720734	-	145
3527	-0.10248592495918274	0.10248592495918274	-	146
7777	-0.10245181620121002	0.10245181620121002	-	147
7058	0.10238687694072723	0.10238687694072723	+	148
3386	-0.10236620903015137	0.10236620903015137	-	149
847	0.10194143652915955	0.10194143652915955	+	150
7487	-0.10159452259540558	0.10159452259540558	-	151
8976	0.1014200747013092	0.1014200747013092	+	152
9265	-0.10129602253437042	0.10129602253437042	-	153
8260	-0.10127168893814087	0.10127168893814087	-	154
1726	-0.1006951630115509	0.1006951630115509	-	155
1861	-0.10058081150054932	0.10058081150054932	-	156
9899	-0.10052673518657684	0.10052673518657684	-	157
9613	-0.10037294030189514	0.10037294030189514	-	158
2707	-0.10028557479381561	0.10028557479381561	-	159
9375	-0.10024628043174744	0.10024628043174744	-	160
4886	-0.10022619366645813	0.10022619366645813	-	161
686	-0.10003669559955597	0.10003669559955597	-	162
3531	-0.09944756329059601	0.09944756329059601	-	163
7472	-0.09898731112480164	0.09898731112480164	-	164
6840	0.09891325235366821	0.09891325235366821	+	165
9032	-0.09869983792304993	0.09869983792304993	-	166
7281	0.09837237000465393	0.09837237000465393	+	167
7503	-0.09821778535842896	0.09821778535842896	-	168
1905	-0.09814128279685974	0.09814128279685974	-	169
6376	-0.09793247282505035	0.09793247282505035	-	170
1144	-0.09777794778347015	0.09777794778347015	-	171
4591	-0.09761512279510498	0.09761512279510498	-	172
7255	-0.09741721302270889	0.09741721302270889	-	173
9398	-0.09666978567838669	0.09666978567838669	-	174
7505	0.09654679149389267	0.09654679149389267	+	175
9352	0.09587498009204865	0.09587498009204865	+	176
5580	-0.09556451439857483	0.09556451439857483	-	177
522	0.09555374085903168	0.09555374085903168	+	178
953	-0.09540973603725433	0.09540973603725433	-	179
3686	-0.09538024663925171	0.09538024663925171	-	180
10069	-0.09527234733104706	0.09527234733104706	-	181
7057	-0.09518682211637497	0.09518682211637497	-	182
10167	-0.09517001360654831	0.09517001360654831	-	183
7216	-0.0950140655040741	0.0950140655040741	-	184
8759	-0.09490814805030823	0.09490814805030823	-	185
1461	-0.0947980135679245	0.0947980135679245	-	186
4164	-0.09477214515209198	0.09477214515209198	-	187
577	-0.09472766518592834	0.09472766518592834	-	188
1895	0.09450598061084747	0.09450598061084747	+	189
1982	-0.09435202181339264	0.09435202181339264	-	190
3144	-0.0939459353685379	0.0939459353685379	-	191
6281	-0.09385621547698975	0.09385621547698975	-	192
6640	-0.09363974630832672	0.09363974630832672	-	193
7646	0.093569815158844	0.093569815158844	+	194
2954	-0.09355317056179047	0.09355317056179047	-	195
8144	-0.09347748756408691	0.09347748756408691	-	196
542	-0.09339173138141632	0.09339173138141632	-	197
3881	-0.09326566010713577	0.09326566010713577	-	198
5961	-0.09317950904369354	0.09317950904369354	-	199
295	-0.09317007660865784	0.09317007660865784	-	200
9547	-0.09294220805168152	0.09294220805168152	-	201
4595	-0.09274674952030182	0.09274674952030182	-	202
4089	-0.09267273545265198	0.09267273545265198	-	203
1054	-0.09261595457792282	0.09261595457792282	-	204
5082	-0.092400461435318	0.092400461435318	-	205
8644	-0.09232539683580399	0.09232539683580399	-	206
9458	0.09229524433612823	0.09229524433612823	+	207
7061	-0.09212111681699753	0.09212111681699753	-	208
250	-0.09189920127391815	0.09189920127391815	-	209
5526	-0.09172595292329788	0.09172595292329788	-	210
2743	-0.0914715975522995	0.0914715975522995	-	211
5638	-0.0914636105298996	0.0914636105298996	-	212
7570	-0.09140720218420029	0.09140720218420029	-	213
5929	-0.09117840975522995	0.09117840975522995	-	214
9821	-0.09117404371500015	0.09117404371500015	-	215
6362	0.09115242213010788	0.09115242213010788	+	216
2563	-0.09101595729589462	0.09101595729589462	-	217
9488	-0.09088070690631866	0.09088070690631866	-	218
9844	-0.09047842025756836	0.09047842025756836	-	219
5890	-0.09021994471549988	0.09021994471549988	-	220
9177	-0.08995885401964188	0.08995885401964188	-	221
8648	-0.08978226780891418	0.08978226780891418	-	222
2048	-0.08960513770580292	0.08960513770580292	-	223
3557	-0.08951380848884583	0.08951380848884583	-	224
8241	0.0895070880651474	0.0895070880651474	+	225
4225	-0.08929900825023651	0.08929900825023651	-	226
7441	-0.08904969692230225	0.08904969692230225	-	227
3969	-0.08902139961719513	0.08902139961719513	-	228
3628	-0.08887537568807602	0.08887537568807602	-	229
980	-0.08886615931987762	0.08886615931987762	-	230
9292	-0.08877771347761154	0.08877771347761154	-	231
3938	0.0886375904083252	0.0886375904083252	+	232
793	-0.08850201964378357	0.08850201964378357	-	233
9182	0.08841807395219803	0.08841807395219803	+	234
1791	-0.08825056999921799	0.08825056999921799	-	235
6497	-0.0882287248969078	0.0882287248969078	-	236
7493	-0.08802737295627594	0.08802737295627594	-	237
7501	-0.08787146210670471	0.08787146210670471	-	238
6327	-0.08768819272518158	0.08768819272518158	-	239
8274	0.08766596764326096	0.08766596764326096	+	240
9440	0.08728393912315369	0.08728393912315369	+	241
7518	0.08725349605083466	0.08725349605083466	+	242
8770	-0.08718781918287277	0.08718781918287277	-	243
2150	-0.08702051639556885	0.08702051639556885	-	244
4244	-0.08669021725654602	0.08669021725654602	-	245
6982	-0.0864613950252533	0.0864613950252533	-	246
5761	-0.08636318147182465	0.08636318147182465	-	247
1508	0.08613291382789612	0.08613291382789612	+	248
5672	-0.08602568507194519	0.08602568507194519	-	249
6474	-0.0860050618648529	0.0860050618648529	-	250
4430	-0.08584775030612946	0.08584775030612946	-	251
3664	-0.08577282726764679	0.08577282726764679	-	252
10051	0.08576682955026627	0.08576682955026627	+	253
1964	-0.0857456624507904	0.0857456624507904	-	254
7757	-0.08538318425416946	0.08538318425416946	-	255
2171	-0.08538094162940979	0.08538094162940979	-	256
9366	-0.08532668650150299	0.08532668650150299	-	257
1071	-0.08522623032331467	0.08522623032331467	-	258
6962	-0.08509908616542816	0.08509908616542816	-	259
5279	-0.08501294255256653	0.08501294255256653	-	260
646	-0.08497215062379837	0.08497215062379837	-	261
9208	-0.08486063778400421	0.08486063778400421	-	262
8297	-0.08469845354557037	0.08469845354557037	-	263
925	-0.08468766510486603	0.08468766510486603	-	264
7434	-0.08453312516212463	0.08453312516212463	-	265
8791	-0.08433196693658829	0.08433196693658829	-	266
9450	-0.08432240039110184	0.08432240039110184	-	267
5090	-0.0841396301984787	0.0841396301984787	-	268
4097	-0.08412870019674301	0.08412870019674301	-	269
7348	-0.08410756289958954	0.08410756289958954	-	270
7183	-0.08404044061899185	0.08404044061899185	-	271
5380	-0.08400411903858185	0.08400411903858185	-	272
9242	-0.08368587493896484	0.08368587493896484	-	273
7708	-0.0836845338344574	0.0836845338344574	-	274
5328	-0.08367116749286652	0.08367116749286652	-	275
6667	-0.08359628915786743	0.08359628915786743	-	276
6022	-0.08353447914123535	0.08353447914123535	-	277
5691	-0.08353172242641449	0.08353172242641449	-	278
4261	-0.08330945670604706	0.08330945670604706	-	279
5830	-0.0828380286693573	0.0828380286693573	-	280
5516	-0.08283154666423798	0.08283154666423798	-	281
3668	-0.0827278271317482	0.0827278271317482	-	282
10219	-0.0826597735285759	0.0826597735285759	-	283
1213	0.08264447748661041	0.08264447748661041	+	284
3590	-0.08262252062559128	0.08262252062559128	-	285
5646	-0.08240331709384918	0.08240331709384918	-	286
6530	-0.08224232494831085	0.08224232494831085	-	287
1854	-0.08206839114427567	0.08206839114427567	-	288
1313	-0.08204936236143112	0.08204936236143112	-	289
8939	-0.08162986487150192	0.08162986487150192	-	290
4515	-0.08116036653518677	0.08116036653518677	-	291
2886	-0.0811525285243988	0.0811525285243988	-	292
996	-0.08092164993286133	0.08092164993286133	-	293
4134	-0.08091884851455688	0.08091884851455688	-	294
6906	-0.08065009117126465	0.08065009117126465	-	295
5905	-0.08049741387367249	0.08049741387367249	-	296
7289	-0.08016237616539001	0.08016237616539001	-	297
3415	-0.07984217256307602	0.07984217256307602	-	298
2367	-0.07947219908237457	0.07947219908237457	-	299
1455	-0.07942719012498856	0.07942719012498856	-	300
9943	-0.07939381897449493	0.07939381897449493	-	301
6557	-0.0793270617723465	0.0793270617723465	-	302
1327	-0.07896086573600769	0.07896086573600769	-	303
3469	-0.07891011238098145	0.07891011238098145	-	304
9319	-0.07886190712451935	0.07886190712451935	-	305
5083	-0.07874119281768799	0.07874119281768799	-	306
3462	-0.07861439138650894	0.07861439138650894	-	307
9907	-0.07858026027679443	0.07858026027679443	-	308
8423	0.07855229824781418	0.07855229824781418	+	309
3125	-0.07837697863578796	0.07837697863578796	-	310
1717	-0.0782550722360611	0.0782550722360611	-	311
15	0.07812625169754028	0.07812625169754028	+	312
450	0.07784406840801239	0.07784406840801239	+	313
8100	-0.07783511281013489	0.07783511281013489	-	314
5983	-0.07778199017047882	0.07778199017047882	-	315
3032	-0.07764121145009995	0.07764121145009995	-	316
4432	-0.07740658521652222	0.07740658521652222	-	317
4376	-0.0773807168006897	0.0773807168006897	-	318
1036	-0.07737628370523453	0.07737628370523453	-	319
6013	-0.07737088948488235	0.07737088948488235	-	320
7643	-0.07730281352996826	0.07730281352996826	-	321
2598	-0.077206090092659	0.077206090092659	-	322
2567	-0.0770740658044815	0.0770740658044815	-	323
7528	0.07706977427005768	0.07706977427005768	+	324
1682	-0.07693858444690704	0.07693858444690704	-	325
470	-0.07677172124385834	0.07677172124385834	-	326
7160	-0.07667512446641922	0.07667512446641922	-	327
1950	-0.07665526121854782	0.07665526121854782	-	328
1828	0.07664422690868378	0.07664422690868378	+	329
7220	-0.07661011815071106	0.07661011815071106	-	330
2239	-0.07655586302280426	0.07655586302280426	-	331
5618	-0.07645289599895477	0.07645289599895477	-	332
9890	-0.07644127309322357	0.07644127309322357	-	333
7096	0.07631106674671173	0.07631106674671173	+	334
718	-0.0763028934597969	0.0763028934597969	-	335
3854	-0.07615931332111359	0.07615931332111359	-	336
4660	-0.07603442668914795	0.07603442668914795	-	337
249	-0.07598958909511566	0.07598958909511566	-	338
7016	-0.07598484307527542	0.07598484307527542	-	339
8963	-0.07590724527835846	0.07590724527835846	-	340
9639	0.07577665150165558	0.07577665150165558	+	341
5063	-0.07574857026338577	0.07574857026338577	-	342
2491	0.0756264477968216	0.0756264477968216	+	343
8748	-0.07557854801416397	0.07557854801416397	-	344
1781	-0.07557621598243713	0.07557621598243713	-	345
5436	-0.0755661353468895	0.0755661353468895	-	346
9525	-0.07538816332817078	0.07538816332817078	-	347
1346	-0.07534209638834	0.07534209638834	-	348
8228	-0.07528584450483322	0.07528584450483322	-	349
3709	0.07525278627872467	0.07525278627872467	+	350
869	-0.0749739557504654	0.0749739557504654	-	351
3461	0.07489338517189026	0.07489338517189026	+	352
6629	-0.07485982775688171	0.07485982775688171	-	353
2959	0.07478819787502289	0.07478819787502289	+	354
1886	-0.07478156685829163	0.07478156685829163	-	355
8401	0.07476891577243805	0.07476891577243805	+	356
1773	-0.07463624328374863	0.07463624328374863	-	357
3727	-0.07458724081516266	0.07458724081516266	-	358
6977	0.07441722601652145	0.07441722601652145	+	359
7954	-0.07432842999696732	0.07432842999696732	-	360
7362	-0.07420441508293152	0.07420441508293152	-	361
1626	-0.07419929653406143	0.07419929653406143	-	362
7987	-0.07419893890619278	0.07419893890619278	-	363
6099	-0.0741414874792099	0.0741414874792099	-	364
6544	-0.07379473000764847	0.07379473000764847	-	365
6277	-0.07341339439153671	0.07341339439153671	-	366
5554	-0.07338027656078339	0.07338027656078339	-	367
2177	-0.07333943247795105	0.07333943247795105	-	368
4137	0.07333429157733917	0.07333429157733917	+	369
8326	-0.07331359386444092	0.07331359386444092	-	370
5844	-0.07329268753528595	0.07329268753528595	-	371
497	0.07327307015657425	0.07327307015657425	+	372
9257	-0.07319371402263641	0.07319371402263641	-	373
9951	-0.07290365546941757	0.07290365546941757	-	374
4317	-0.07289694249629974	0.07289694249629974	-	375
2902	-0.07284030318260193	0.07284030318260193	-	376
6188	-0.07278912514448166	0.07278912514448166	-	377
1892	0.07267168909311295	0.07267168909311295	+	378
2833	-0.07265258580446243	0.07265258580446243	-	379
1354	-0.07265231013298035	0.07265231013298035	-	380
9203	-0.07260023057460785	0.07260023057460785	-	381
8272	0.07259522378444672	0.07259522378444672	+	382
9266	0.0725850760936737	0.0725850760936737	+	383
8685	-0.07231423258781433	0.07231423258781433	-	384
4550	-0.07231174409389496	0.07231174409389496	-	385
8212	-0.0723058208823204	0.0723058208823204	-	386
1295	-0.07220163941383362	0.07220163941383362	-	387
2372	-0.07204604893922806	0.07204604893922806	-	388
1524	-0.07200535386800766	0.07200535386800766	-	389
2651	-0.07192011922597885	0.07192011922597885	-	390
9901	-0.07186123728752136	0.07186123728752136	-	391
3275	-0.07173679023981094	0.07173679023981094	-	392
1868	0.07169867306947708	0.07169867306947708	+	393
1170	-0.07166249305009842	0.07166249305009842	-	394
3127	0.07162632048130035	0.07162632048130035	+	395
7696	-0.07157867401838303	0.07157867401838303	-	396
6725	-0.07154177129268646	0.07154177129268646	-	397
9851	-0.07153606414794922	0.07153606414794922	-	398
4306	-0.07150962948799133	0.07150962948799133	-	399
1266	-0.07150834798812866	0.07150834798812866	-	400
352	0.0715053379535675	0.0715053379535675	+	401
1822	-0.07149602472782135	0.07149602472782135	-	402
9008	-0.07137218862771988	0.07137218862771988	-	403
6974	-0.07126080244779587	0.07126080244779587	-	404
2960	-0.0708727166056633	0.0708727166056633	-	405
5712	-0.07084179669618607	0.07084179669618607	-	406
7426	-0.07080105692148209	0.07080105692148209	-	407
7480	-0.0707317665219307	0.0707317665219307	-	408
3552	-0.07059168070554733	0.07059168070554733	-	409
1372	-0.07053320854902267	0.07053320854902267	-	410
773	-0.07047385722398758	0.07047385722398758	-	411
2851	-0.07019016891717911	0.07019016891717911	-	412
3438	-0.07017504423856735	0.07017504423856735	-	413
3013	0.07012602686882019	0.07012602686882019	+	414
1212	-0.07004961371421814	0.07004961371421814	-	415
9719	-0.06993444263935089	0.06993444263935089	-	416
9067	-0.06983492523431778	0.06983492523431778	-	417
7884	-0.06969025731086731	0.06969025731086731	-	418
1902	-0.06963859498500824	0.06963859498500824	-	419
2054	0.06961241364479065	0.06961241364479065	+	420
5257	0.06958381831645966	0.06958381831645966	+	421
4108	-0.06954967230558395	0.06954967230558395	-	422
2433	-0.06937315315008163	0.06937315315008163	-	423
1041	-0.0693621039390564	0.0693621039390564	-	424
4001	-0.06933984160423279	0.06933984160423279	-	425
2659	-0.0692947655916214	0.0692947655916214	-	426
2303	-0.06908190250396729	0.06908190250396729	-	427
2397	-0.06907296180725098	0.06907296180725098	-	428
9644	-0.06904183328151703	0.06904183328151703	-	429
7922	-0.06883741170167923	0.06883741170167923	-	430
5948	-0.06874670088291168	0.06874670088291168	-	431
8735	0.06871702522039413	0.06871702522039413	+	432
3647	-0.06864506006240845	0.06864506006240845	-	433
9774	0.06861291080713272	0.06861291080713272	+	434
3722	-0.06861008703708649	0.06861008703708649	-	435
2606	-0.06859348714351654	0.06859348714351654	-	436
2010	-0.06846955418586731	0.06846955418586731	-	437
6694	-0.06842991709709167	0.06842991709709167	-	438
3408	-0.0679306611418724	0.0679306611418724	-	439
7260	-0.06787074357271194	0.06787074357271194	-	440
8112	-0.06784430146217346	0.06784430146217346	-	441
5079	-0.06780662387609482	0.06780662387609482	-	442
857	-0.06770259141921997	0.06770259141921997	-	443
4813	0.06769601255655289	0.06769601255655289	+	444
9702	-0.0676843449473381	0.0676843449473381	-	445
3812	-0.06761880218982697	0.06761880218982697	-	446
1055	-0.06758125126361847	0.06758125126361847	-	447
1676	-0.06756971776485443	0.06756971776485443	-	448
7167	-0.06744006276130676	0.06744006276130676	-	449
7526	-0.06743068248033524	0.06743068248033524	-	450
3674	-0.06732098013162613	0.06732098013162613	-	451
5059	-0.06731463968753815	0.06731463968753815	-	452
4977	-0.06714853644371033	0.06714853644371033	-	453
4383	-0.06703402101993561	0.06703402101993561	-	454
6998	-0.06684759259223938	0.06684759259223938	-	455
877	-0.06678824126720428	0.06678824126720428	-	456
1435	0.06668952852487564	0.06668952852487564	+	457
785	-0.06661476194858551	0.06661476194858551	-	458
435	0.06660649180412292	0.06660649180412292	+	459
230	-0.06656754016876221	0.06656754016876221	-	460
3278	-0.06653258204460144	0.06653258204460144	-	461
2002	-0.06651392579078674	0.06651392579078674	-	462
5851	-0.06648359447717667	0.06648359447717667	-	463
2641	0.066439189016819	0.066439189016819	+	464
2666	-0.06624273210763931	0.06624273210763931	-	465
1079	-0.06618648022413254	0.06618648022413254	-	466
1012	-0.06618039309978485	0.06618039309978485	-	467
2733	-0.06618029624223709	0.06618029624223709	-	468
735	-0.06616731733083725	0.06616731733083725	-	469
8985	-0.06613956391811371	0.06613956391811371	-	470
6723	-0.06610697507858276	0.06610697507858276	-	471
6528	-0.06605393439531326	0.06605393439531326	-	472
792	0.06599476933479309	0.06599476933479309	+	473
3949	0.0657702088356018	0.0657702088356018	+	474
9286	-0.0657271146774292	0.0657271146774292	-	475
6890	-0.0655742809176445	0.0655742809176445	-	476
5558	-0.06555728614330292	0.06555728614330292	-	477
7068	-0.06550993025302887	0.06550993025302887	-	478
7273	-0.06530917435884476	0.06530917435884476	-	479
3620	-0.06527739018201828	0.06527739018201828	-	480
4545	-0.06522611528635025	0.06522611528635025	-	481
4023	-0.065194271504879	0.065194271504879	-	482
1826	-0.06515657901763916	0.06515657901763916	-	483
742	-0.06511664390563965	0.06511664390563965	-	484
3319	-0.06507106125354767	0.06507106125354767	-	485
5746	0.06503386795520782	0.06503386795520782	+	486
7238	-0.06503331661224365	0.06503331661224365	-	487
2337	-0.0649411603808403	0.0649411603808403	-	488
3818	0.06490827351808548	0.06490827351808548	+	489
3489	-0.06490813940763474	0.06490813940763474	-	490
5882	0.06481075286865234	0.06481075286865234	+	491
6156	-0.06464416533708572	0.06464416533708572	-	492
1592	-0.06449346244335175	0.06449346244335175	-	493
6227	-0.0644865334033966	0.0644865334033966	-	494
1653	-0.06448513269424438	0.06448513269424438	-	495
226	-0.06436695903539658	0.06436695903539658	-	496
8960	-0.06435927748680115	0.06435927748680115	-	497
9250	-0.06429947167634964	0.06429947167634964	-	498
6124	0.0642915591597557	0.0642915591597557	+	499
9868	-0.06425013393163681	0.06425013393163681	-	500
1042	-0.06413831561803818	0.06413831561803818	-	501
7566	-0.06408241391181946	0.06408241391181946	-	502
8196	-0.0640551745891571	0.0640551745891571	-	503
4648	0.06401859223842621	0.06401859223842621	+	504
2004	-0.06399350613355637	0.06399350613355637	-	505
420	-0.0639786347746849	0.0639786347746849	-	506
3851	-0.06394243985414505	0.06394243985414505	-	507
588	-0.06383734196424484	0.06383734196424484	-	508
4433	0.06371231377124786	0.06371231377124786	+	509
7988	0.06370247900485992	0.06370247900485992	+	510
5848	0.06368285417556763	0.06368285417556763	+	511
2888	-0.06362533569335938	0.06362533569335938	-	512
962	0.0635715126991272	0.0635715126991272	+	513
5001	-0.06350956112146378	0.06350956112146378	-	514
4604	-0.06342585384845734	0.06342585384845734	-	515
9918	-0.063389852643013	0.063389852643013	-	516
6382	-0.06334288418292999	0.06334288418292999	-	517
3716	-0.06332268565893173	0.06332268565893173	-	518
1953	-0.06330116093158722	0.06330116093158722	-	519
3681	-0.06323638558387756	0.06323638558387756	-	520
7077	-0.06317798793315887	0.06317798793315887	-	521
9735	-0.06297247111797333	0.06297247111797333	-	522
3891	-0.06276294589042664	0.06276294589042664	-	523
3783	-0.06269674003124237	0.06269674003124237	-	524
7080	0.0626487135887146	0.0626487135887146	+	525
9675	-0.06259289383888245	0.06259289383888245	-	526
6427	-0.06258699297904968	0.06258699297904968	-	527
5620	-0.06255128234624863	0.06255128234624863	-	528
9309	-0.06221836805343628	0.06221836805343628	-	529
9210	-0.062205225229263306	0.062205225229263306	-	530
9275	0.06219279766082764	0.06219279766082764	+	531
89	-0.06218085438013077	0.06218085438013077	-	532
7261	-0.06215813755989075	0.06215813755989075	-	533
6238	-0.062157049775123596	0.062157049775123596	-	534
3110	0.062137357890605927	0.062137357890605927	+	535
8998	-0.06209728121757507	0.06209728121757507	-	536
5369	-0.06204993277788162	0.06204993277788162	-	537
6059	0.061984993517398834	0.061984993517398834	+	538
4331	-0.061964258551597595	0.061964258551597595	-	539
884	-0.06193283945322037	0.06193283945322037	-	540
4323	-0.06190834939479828	0.06190834939479828	-	541
8654	0.06187976151704788	0.06187976151704788	+	542
9566	-0.061828263103961945	0.061828263103961945	-	543
9622	-0.061759598553180695	0.061759598553180695	-	544
8953	-0.06168833374977112	0.06168833374977112	-	545
9354	-0.061612192541360855	0.061612192541360855	-	546
5228	-0.0615684911608696	0.0615684911608696	-	547
125	-0.06156773865222931	0.06156773865222931	-	548
6358	0.061562538146972656	0.061562538146972656	+	549
1514	-0.06149083375930786	0.06149083375930786	-	550
3755	-0.06148123741149902	0.06148123741149902	-	551
8563	0.061470720916986465	0.061470720916986465	+	552
2285	-0.06142887473106384	0.06142887473106384	-	553
4948	-0.06141064688563347	0.06141064688563347	-	554
9842	-0.061353713274002075	0.061353713274002075	-	555
6669	-0.06131288409233093	0.06131288409233093	-	556
1081	0.06121636927127838	0.06121636927127838	+	557
9667	0.06118376553058624	0.06118376553058624	+	558
3383	-0.06114422529935837	0.06114422529935837	-	559
4531	-0.061097364872694016	0.061097364872694016	-	560
9240	-0.061066821217536926	0.061066821217536926	-	561
9261	-0.06100092828273773	0.06100092828273773	-	562
9044	-0.06092207133769989	0.06092207133769989	-	563
2539	0.06090312823653221	0.06090312823653221	+	564
2204	-0.06079043820500374	0.06079043820500374	-	565
6004	0.06078742444515228	0.06078742444515228	+	566
6419	-0.06075095385313034	0.06075095385313034	-	567
8749	-0.06073868274688721	0.06073868274688721	-	568
25	-0.06063024699687958	0.06063024699687958	-	569
3154	-0.06059028580784798	0.06059028580784798	-	570
3745	-0.06051395833492279	0.06051395833492279	-	571
5902	0.0604952797293663	0.0604952797293663	+	572
222	-0.060441724956035614	0.060441724956035614	-	573
2974	-0.060410890728235245	0.060410890728235245	-	574
2893	-0.06039939820766449	0.06039939820766449	-	575
3514	-0.060310013592243195	0.060310013592243195	-	576
5238	-0.06029029190540314	0.06029029190540314	-	577
10049	-0.06024716794490814	0.06024716794490814	-	578
5271	-0.06017383933067322	0.06017383933067322	-	579
9984	-0.05996641516685486	0.05996641516685486	-	580
6402	0.059818074107170105	0.059818074107170105	+	581
5631	-0.05980369448661804	0.05980369448661804	-	582
53	-0.05978609621524811	0.05978609621524811	-	583
5538	-0.059755146503448486	0.059755146503448486	-	584
10030	0.059753865003585815	0.059753865003585815	+	585
2075	-0.05972778797149658	0.05972778797149658	-	586
5931	-0.059662122279405594	0.059662122279405594	-	587
6444	-0.0595550537109375	0.0595550537109375	-	588
8895	0.05954015254974365	0.05954015254974365	+	589
4896	0.059421248733997345	0.059421248733997345	+	590
1716	0.059366531670093536	0.059366531670093536	+	591
8254	-0.05928465351462364	0.05928465351462364	-	592
4751	-0.05925159156322479	0.05925159156322479	-	593
9521	-0.05912718176841736	0.05912718176841736	-	594
2674	-0.05910779535770416	0.05910779535770416	-	595
10148	0.05909130349755287	0.05909130349755287	+	596
9777	0.059040822088718414	0.059040822088718414	+	597
4385	-0.05902865529060364	0.05902865529060364	-	598
8909	0.05900222063064575	0.05900222063064575	+	599
5346	-0.058970093727111816	0.058970093727111816	-	600
2677	-0.058963924646377563	0.058963924646377563	-	601
4091	-0.05892619490623474	0.05892619490623474	-	602
2987	-0.05892384052276611	0.05892384052276611	-	603
2488	-0.05887892097234726	0.05887892097234726	-	604
3807	0.05886523425579071	0.05886523425579071	+	605
1240	-0.058855168521404266	0.058855168521404266	-	606
6507	-0.0587945319712162	0.0587945319712162	-	607
3637	-0.05872902646660805	0.05872902646660805	-	608
4885	-0.0587148517370224	0.0587148517370224	-	609
1830	0.05871300399303436	0.05871300399303436	+	610
6623	-0.05867607891559601	0.05867607891559601	-	611
87	-0.05863736569881439	0.05863736569881439	-	612
1691	-0.0586242638528347	0.0586242638528347	-	613
7248	0.058612823486328125	0.058612823486328125	+	614
8366	-0.05859048292040825	0.05859048292040825	-	615
10001	0.05858913064002991	0.05858913064002991	+	616
4411	-0.058558475226163864	0.058558475226163864	-	617
8286	-0.05853775888681412	0.05853775888681412	-	618
1430	-0.05850047245621681	0.05850047245621681	-	619
10022	-0.058423079550266266	0.058423079550266266	-	620
2216	-0.05816560983657837	0.05816560983657837	-	621
2105	-0.05814952403306961	0.05814952403306961	-	622
4044	-0.058133356273174286	0.058133356273174286	-	623
1619	-0.058059241622686386	0.058059241622686386	-	624
7890	-0.05803905427455902	0.05803905427455902	-	625
9070	-0.05802258849143982	0.05802258849143982	-	626
6604	-0.05797865241765976	0.05797865241765976	-	627
8703	-0.057941094040870667	0.057941094040870667	-	628
3432	-0.05791643634438515	0.05791643634438515	-	629
1662	-0.05783836916089058	0.05783836916089058	-	630
6208	-0.05783814936876297	0.05783814936876297	-	631
2174	-0.05774109810590744	0.05774109810590744	-	632
55	-0.057653941214084625	0.057653941214084625	-	633
3458	-0.05758772790431976	0.05758772790431976	-	634
2622	-0.05756484344601631	0.05756484344601631	-	635
4217	-0.057555608451366425	0.057555608451366425	-	636
3026	-0.05755508318543434	0.05755508318543434	-	637
6584	-0.0575454980134964	0.0575454980134964	-	638
5995	0.05751053988933563	0.05751053988933563	+	639
5459	-0.05747351050376892	0.05747351050376892	-	640
5856	-0.05745255947113037	0.05745255947113037	-	641
10014	-0.05731148645281792	0.05731148645281792	-	642
8430	-0.0572681725025177	0.0572681725025177	-	643
5191	-0.05726085603237152	0.05726085603237152	-	644
3141	-0.05723021924495697	0.05723021924495697	-	645
1279	-0.05721396952867508	0.05721396952867508	-	646
5718	-0.057106368243694305	0.057106368243694305	-	647
290	-0.05710574984550476	0.05710574984550476	-	648
6034	-0.05709446966648102	0.05709446966648102	-	649
6837	-0.057011909782886505	0.057011909782886505	-	650
1068	-0.05700846016407013	0.05700846016407013	-	651
4509	-0.05689508095383644	0.05689508095383644	-	652
4361	-0.05685456097126007	0.05685456097126007	-	653
7264	-0.0567750483751297	0.0567750483751297	-	654
3669	-0.056770212948322296	0.056770212948322296	-	655
2265	0.05676358938217163	0.05676358938217163	+	656
3750	0.05671805143356323	0.05671805143356323	+	657
7249	-0.05667489022016525	0.05667489022016525	-	658
8292	-0.05661549046635628	0.05661549046635628	-	659
8114	-0.056606851518154144	0.056606851518154144	-	660
507	-0.056573156267404556	0.056573156267404556	-	661
3695	-0.056524768471717834	0.056524768471717834	-	662
6654	-0.05646688863635063	0.05646688863635063	-	663
2506	-0.056357283145189285	0.056357283145189285	-	664
6445	0.05627140402793884	0.05627140402793884	+	665
1659	0.056246399879455566	0.056246399879455566	+	666
7100	-0.05622991919517517	0.05622991919517517	-	667
3896	0.05620236694812775	0.05620236694812775	+	668
2964	-0.05602734535932541	0.05602734535932541	-	669
9193	-0.05601014941930771	0.05601014941930771	-	670
1657	-0.05598084628582001	0.05598084628582001	-	671
3477	-0.055972661823034286	0.055972661823034286	-	672
9737	0.05594758689403534	0.05594758689403534	+	673
7714	-0.05583438277244568	0.05583438277244568	-	674
1391	-0.05579787492752075	0.05579787492752075	-	675
3604	-0.055676497519016266	0.055676497519016266	-	676
7759	-0.055655911564826965	0.055655911564826965	-	677
8884	-0.05562068149447441	0.05562068149447441	-	678
7840	-0.0555720180273056	0.0555720180273056	-	679
9391	0.05555275082588196	0.05555275082588196	+	680
4121	-0.05540144443511963	0.05540144443511963	-	681
4577	-0.05539770424365997	0.05539770424365997	-	682
5297	-0.05534990131855011	0.05534990131855011	-	683
7170	-0.05531223118305206	0.05531223118305206	-	684
4314	0.055285170674324036	0.055285170674324036	+	685
1593	-0.0552668459713459	0.0552668459713459	-	686
5687	-0.055208880454301834	0.055208880454301834	-	687
4900	-0.05513396114110947	0.05513396114110947	-	688
5171	-0.05508003756403923	0.05508003756403923	-	689
1472	0.0550743043422699	0.0550743043422699	+	690
6392	-0.05504074692726135	0.05504074692726135	-	691
46	-0.05503454804420471	0.05503454804420471	-	692
3114	-0.054859790951013565	0.054859790951013565	-	693
9570	-0.05484037846326828	0.05484037846326828	-	694
590	-0.054817792028188705	0.054817792028188705	-	695
9935	-0.05475270748138428	0.05475270748138428	-	696
573	-0.05472438782453537	0.05472438782453537	-	697
1456	-0.05472337454557419	0.05472337454557419	-	698
4924	0.05470989644527435	0.05470989644527435	+	699
6824	-0.05470169335603714	0.05470169335603714	-	700
9672	-0.05457250773906708	0.05457250773906708	-	701
5806	-0.05450959503650665	0.05450959503650665	-	702
2595	-0.054481685161590576	0.054481685161590576	-	703
3763	-0.054440367966890335	0.054440367966890335	-	704
1978	-0.05429210141301155	0.05429210141301155	-	705
1522	-0.05423980578780174	0.05423980578780174	-	706
6107	-0.05419927462935448	0.05419927462935448	-	707
41	-0.05416519567370415	0.05416519567370415	-	708
3291	-0.054099343717098236	0.054099343717098236	-	709
9989	0.053994424641132355	0.053994424641132355	+	710
387	0.05394168198108673	0.05394168198108673	+	711
5519	-0.053820736706256866	0.053820736706256866	-	712
1452	-0.05377151817083359	0.05377151817083359	-	713
967	-0.05361951142549515	0.05361951142549515	-	714
1074	-0.05359458923339844	0.05359458923339844	-	715
4107	-0.05359143018722534	0.05359143018722534	-	716
2338	-0.05351788178086281	0.05351788178086281	-	717
245	-0.05343252047896385	0.05343252047896385	-	718
4105	-0.05331489071249962	0.05331489071249962	-	719
9876	0.053254544734954834	0.053254544734954834	+	720
526	-0.05317802354693413	0.05317802354693413	-	721
9350	-0.053156085312366486	0.053156085312366486	-	722
1148	-0.053132474422454834	0.053132474422454834	-	723
6720	-0.05312646925449371	0.05312646925449371	-	724
804	-0.053041011095047	0.053041011095047	-	725
1903	-0.0530351847410202	0.0530351847410202	-	726
3002	0.05293050408363342	0.05293050408363342	+	727
9896	-0.052846238017082214	0.052846238017082214	-	728
8335	-0.052836038172245026	0.052836038172245026	-	729
9835	-0.052814140915870667	0.052814140915870667	-	730
9436	0.052782442420721054	0.052782442420721054	+	731
8586	-0.05276370048522949	0.05276370048522949	-	732
8885	-0.05274447798728943	0.05274447798728943	-	733
31	-0.05272821709513664	0.05272821709513664	-	734
3050	-0.052709005773067474	0.052709005773067474	-	735
9936	-0.0526345893740654	0.0526345893740654	-	736
9509	-0.052633777260780334	0.052633777260780334	-	737
8530	-0.05255674198269844	0.05255674198269844	-	738
582	0.052485112100839615	0.052485112100839615	+	739
769	-0.052476219832897186	0.052476219832897186	-	740
481	-0.052390627562999725	0.052390627562999725	-	741
5348	0.05232921987771988	0.05232921987771988	+	742
9232	-0.052308596670627594	0.052308596670627594	-	743
8921	-0.05227707698941231	0.05227707698941231	-	744
1635	-0.05226277932524681	0.05226277932524681	-	745
5996	-0.052237655967473984	0.052237655967473984	-	746
5523	-0.05219429358839989	0.05219429358839989	-	747
4746	-0.052112799137830734	0.052112799137830734	-	748
5288	-0.052084945142269135	0.052084945142269135	-	749
2465	-0.05207902565598488	0.05207902565598488	-	750
1993	-0.05198416858911514	0.05198416858911514	-	751
4596	0.05198267102241516	0.05198267102241516	+	752
3117	-0.05190062150359154	0.05190062150359154	-	753
2820	-0.05179092288017273	0.05179092288017273	-	754
5136	-0.051720671355724335	0.051720671355724335	-	755
1499	-0.05147014558315277	0.05147014558315277	-	756
664	0.051444679498672485	0.051444679498672485	+	757
5737	-0.051387906074523926	0.051387906074523926	-	758
9463	-0.05134400725364685	0.05134400725364685	-	759
7626	-0.051338765770196915	0.051338765770196915	-	760
8370	-0.05132388696074486	0.05132388696074486	-	761
6881	-0.05130156874656677	0.05130156874656677	-	762
7808	-0.051251478493213654	0.051251478493213654	-	763
2037	-0.05118466541171074	0.05118466541171074	-	764
7108	-0.05115988850593567	0.05115988850593567	-	765
1503	-0.05115616321563721	0.05115616321563721	-	766
5637	-0.05115288868546486	0.05115288868546486	-	767
9975	-0.051149312406778336	0.051149312406778336	-	768
2574	-0.05109886825084686	0.05109886825084686	-	769
1961	-0.05106663331389427	0.05106663331389427	-	770
1378	-0.05102831870317459	0.05102831870317459	-	771
5703	0.051018696278333664	0.051018696278333664	+	772
6748	-0.0510152131319046	0.0510152131319046	-	773
1906	-0.05090721324086189	0.05090721324086189	-	774
2697	-0.05086546391248703	0.05086546391248703	-	775
7257	-0.050860971212387085	0.050860971212387085	-	776
1933	0.050849370658397675	0.050849370658397675	+	777
1220	-0.050836410373449326	0.050836410373449326	-	778
3137	-0.05083272233605385	0.05083272233605385	-	779
10027	-0.050802912563085556	0.050802912563085556	-	780
2402	-0.05074051022529602	0.05074051022529602	-	781
8595	0.05070173740386963	0.05070173740386963	+	782
218	-0.0506967157125473	0.0506967157125473	-	783
1224	-0.050677601248025894	0.050677601248025894	-	784
5596	-0.0506703183054924	0.0506703183054924	-	785
296	0.05065864324569702	0.05065864324569702	+	786
8221	0.05061584711074829	0.05061584711074829	+	787
4111	-0.050585877150297165	0.050585877150297165	-	788
1738	-0.050523869693279266	0.050523869693279266	-	789
7147	-0.0505133792757988	0.0505133792757988	-	790
7604	-0.05024092644453049	0.05024092644453049	-	791
2781	-0.05018634349107742	0.05018634349107742	-	792
7124	-0.05015243962407112	0.05015243962407112	-	793
4160	-0.0501469150185585	0.0501469150185585	-	794
4537	0.05014592409133911	0.05014592409133911	+	795
7896	-0.05014188587665558	0.05014188587665558	-	796
7546	-0.05003855749964714	0.05003855749964714	-	797
6512	0.050035297870635986	0.050035297870635986	+	798
7588	-0.0499718114733696	0.0499718114733696	-	799
1480	-0.049954719841480255	0.049954719841480255	-	800
1911	-0.049884337931871414	0.049884337931871414	-	801
8789	-0.04979270324110985	0.04979270324110985	-	802
7132	0.04978955537080765	0.04978955537080765	+	803
4974	0.049783408641815186	0.049783408641815186	+	804
8172	-0.04974786192178726	0.04974786192178726	-	805
4437	0.049743980169296265	0.049743980169296265	+	806
8551	-0.04971357434988022	0.04971357434988022	-	807
8061	-0.049709245562553406	0.049709245562553406	-	808
9786	-0.04963869974017143	0.04963869974017143	-	809
3538	-0.04963633418083191	0.04963633418083191	-	810
2926	-0.049630891531705856	0.049630891531705856	-	811
7807	-0.04958140850067139	0.04958140850067139	-	812
1176	-0.04953805357217789	0.04953805357217789	-	813
6158	-0.049502454698085785	0.049502454698085785	-	814
8824	-0.04942474141716957	0.04942474141716957	-	815
4965	-0.04940185695886612	0.04940185695886612	-	816
4277	-0.04934978485107422	0.04934978485107422	-	817
2986	-0.049290210008621216	0.049290210008621216	-	818
6135	-0.049182817339897156	0.049182817339897156	-	819
2121	-0.04917994141578674	0.04917994141578674	-	820
3989	0.049109820276498795	0.049109820276498795	+	821
65	-0.049081988632678986	0.049081988632678986	-	822
1277	-0.04903869330883026	0.04903869330883026	-	823
5491	-0.04902924597263336	0.04902924597263336	-	824
338	-0.0489313043653965	0.0489313043653965	-	825
1793	-0.04892152175307274	0.04892152175307274	-	826
8189	-0.04891255497932434	0.04891255497932434	-	827
7872	-0.048896923661231995	0.048896923661231995	-	828
3084	-0.04884938895702362	0.04884938895702362	-	829
9569	-0.04884427413344383	0.04884427413344383	-	830
1569	-0.04880745708942413	0.04880745708942413	-	831
4731	-0.04876318573951721	0.04876318573951721	-	832
6957	-0.048746779561042786	0.048746779561042786	-	833
234	-0.04872298240661621	0.04872298240661621	-	834
3305	-0.04871378839015961	0.04871378839015961	-	835
4589	-0.04857735335826874	0.04857735335826874	-	836
4709	-0.04851754754781723	0.04851754754781723	-	837
703	-0.04851742461323738	0.04851742461323738	-	838
2559	-0.04849737882614136	0.04849737882614136	-	839
4027	-0.04843372851610184	0.04843372851610184	-	840
22	-0.0483904704451561	0.0483904704451561	-	841
9949	-0.0483887605369091	0.0483887605369091	-	842
7591	-0.04837711900472641	0.04837711900472641	-	843
1297	-0.04837481677532196	0.04837481677532196	-	844
424	-0.04836370050907135	0.04836370050907135	-	845
6287	-0.04833584278821945	0.04833584278821945	-	846
1117	-0.04828421398997307	0.04828421398997307	-	847
5511	-0.048239566385746	0.048239566385746	-	848
9024	0.04823484271764755	0.04823484271764755	+	849
9994	-0.048181504011154175	0.048181504011154175	-	850
9340	-0.04815581440925598	0.04815581440925598	-	851
7702	-0.04807234928011894	0.04807234928011894	-	852
9282	-0.048066556453704834	0.048066556453704834	-	853
7943	-0.0480654276907444	0.0480654276907444	-	854
8283	0.04801446199417114	0.04801446199417114	+	855
7752	-0.047967374324798584	0.047967374324798584	-	856
1388	-0.04793872684240341	0.04793872684240341	-	857
3479	-0.04793773591518402	0.04793773591518402	-	858
696	-0.047852374613285065	0.047852374613285065	-	859
1235	-0.047822266817092896	0.047822266817092896	-	860
8706	-0.047804683446884155	0.047804683446884155	-	861
10118	-0.0477466881275177	0.0477466881275177	-	862
9673	-0.04774545133113861	0.04774545133113861	-	863
4005	-0.047744568437337875	0.047744568437337875	-	864
1913	-0.04773366078734398	0.04773366078734398	-	865
6178	-0.04772448539733887	0.04772448539733887	-	866
846	-0.047711171209812164	0.047711171209812164	-	867
7982	-0.04769730567932129	0.04769730567932129	-	868
8044	-0.04765331745147705	0.04765331745147705	-	869
8700	-0.0475110299885273	0.0475110299885273	-	870
4143	-0.047431111335754395	0.047431111335754395	-	871
216	-0.04740273952484131	0.04740273952484131	-	872
5076	0.047396741807460785	0.047396741807460785	+	873
2638	-0.047362733632326126	0.047362733632326126	-	874
3823	-0.04730852320790291	0.04730852320790291	-	875
5987	0.047302402555942535	0.047302402555942535	+	876
1642	-0.047301389276981354	0.047301389276981354	-	877
3886	-0.04725223779678345	0.04725223779678345	-	878
9327	-0.04724028706550598	0.04724028706550598	-	879
8404	-0.04723165184259415	0.04723165184259415	-	880
4003	0.04715188592672348	0.04715188592672348	+	881
9798	-0.04712607339024544	0.04712607339024544	-	882
1355	0.047103866934776306	0.047103866934776306	+	883
1724	-0.04708760976791382	0.04708760976791382	-	884
2556	-0.04705875739455223	0.04705875739455223	-	885
8028	-0.046976834535598755	0.046976834535598755	-	886
5396	-0.046973273158073425	0.046973273158073425	-	887
313	0.046941399574279785	0.046941399574279785	+	888
7516	-0.04694065824151039	0.04694065824151039	-	889
9999	-0.046857528388500214	0.046857528388500214	-	890
9732	-0.046807609498500824	0.046807609498500824	-	891
8421	-0.04679400473833084	0.04679400473833084	-	892
9599	-0.04679376631975174	0.04679376631975174	-	893
6012	-0.046780459582805634	0.046780459582805634	-	894
5900	-0.04674234613776207	0.04674234613776207	-	895
815	-0.04674224555492401	0.04674224555492401	-	896
2210	-0.046660445630550385	0.046660445630550385	-	897
6893	-0.04665105789899826	0.04665105789899826	-	898
8849	-0.04651206359267235	0.04651206359267235	-	899
9504	-0.04651199281215668	0.04651199281215668	-	900
1517	-0.04651050269603729	0.04651050269603729	-	901
3923	-0.046484481543302536	0.046484481543302536	-	902
8431	-0.04648200049996376	0.04648200049996376	-	903
8781	-0.04647897928953171	0.04647897928953171	-	904
8273	-0.04647521674633026	0.04647521674633026	-	905
2028	-0.04643433168530464	0.04643433168530464	-	906
2682	-0.04638426750898361	0.04638426750898361	-	907
4701	-0.046267203986644745	0.046267203986644745	-	908
3059	-0.04625649377703667	0.04625649377703667	-	909
9294	-0.04621756076812744	0.04621756076812744	-	910
4944	-0.04620272293686867	0.04620272293686867	-	911
5031	-0.046173639595508575	0.046173639595508575	-	912
9413	0.04614512622356415	0.04614512622356415	+	913
5480	-0.04613456875085831	0.04613456875085831	-	914
6700	-0.046125590801239014	0.046125590801239014	-	915
7700	-0.04612089693546295	0.04612089693546295	-	916
6956	-0.04611441493034363	0.04611441493034363	-	917
4733	-0.04603671655058861	0.04603671655058861	-	918
2103	-0.046036653220653534	0.046036653220653534	-	919
10174	-0.04600602388381958	0.04600602388381958	-	920
9864	-0.045954130589962006	0.045954130589962006	-	921
7860	-0.04591504856944084	0.04591504856944084	-	922
1762	0.04587385058403015	0.04587385058403015	+	923
8351	0.04581981897354126	0.04581981897354126	+	924
7805	-0.045793842524290085	0.045793842524290085	-	925
7614	-0.04578039050102234	0.04578039050102234	-	926
1658	-0.04574236273765564	0.04574236273765564	-	927
4769	-0.045691121369600296	0.045691121369600296	-	928
9633	-0.045680854469537735	0.045680854469537735	-	929
4235	-0.04566492885351181	0.04566492885351181	-	930
6114	-0.04537583142518997	0.04537583142518997	-	931
4854	-0.04527340084314346	0.04527340084314346	-	932
10163	-0.045270729809999466	0.045270729809999466	-	933
9923	-0.04526050388813019	0.04526050388813019	-	934
381	-0.045246828347444534	0.045246828347444534	-	935
8545	-0.04523172974586487	0.04523172974586487	-	936
3060	-0.0451950840651989	0.0451950840651989	-	937
5315	-0.04513015225529671	0.04513015225529671	-	938
7105	0.04512690752744675	0.04512690752744675	+	939
7414	-0.04510920122265816	0.04510920122265816	-	940
2764	0.04510762542486191	0.04510762542486191	+	941
6426	0.04508892446756363	0.04508892446756363	+	942
3439	-0.04503804072737694	0.04503804072737694	-	943
2376	-0.04496746510267258	0.04496746510267258	-	944
8155	-0.04494672268629074	0.04494672268629074	-	945
7083	-0.04485313966870308	0.04485313966870308	-	946
8623	-0.04484961926937103	0.04484961926937103	-	947
6655	0.04481460154056549	0.04481460154056549	+	948
7540	-0.04480808600783348	0.04480808600783348	-	949
2664	-0.044709738343954086	0.044709738343954086	-	950
7577	-0.04464997723698616	0.04464997723698616	-	951
9858	0.04459734633564949	0.04459734633564949	+	952
729	-0.044506512582302094	0.044506512582302094	-	953
2671	-0.044452965259552	0.044452965259552	-	954
8275	-0.04429114609956741	0.04429114609956741	-	955
1131	0.044261060655117035	0.044261060655117035	+	956
9357	-0.044190533459186554	0.044190533459186554	-	957
7419	-0.04414486885070801	0.04414486885070801	-	958
9797	-0.04412729665637016	0.04412729665637016	-	959
10092	-0.044118765741586685	0.044118765741586685	-	960
5901	-0.044087737798690796	0.044087737798690796	-	961
7575	0.04400664567947388	0.04400664567947388	+	962
5114	0.04397563636302948	0.04397563636302948	+	963
7372	-0.043885812163352966	0.043885812163352966	-	964
4940	-0.04385439679026604	0.04385439679026604	-	965
3203	0.04381270706653595	0.04381270706653595	+	966
1896	-0.04380783438682556	0.04380783438682556	-	967
697	0.04380517452955246	0.04380517452955246	+	968
4374	-0.04377167299389839	0.04377167299389839	-	969
8528	-0.043753281235694885	0.043753281235694885	-	970
2025	-0.04371502622961998	0.04371502622961998	-	971
6377	-0.04363764449954033	0.04363764449954033	-	972
7778	-0.04361255466938019	0.04361255466938019	-	973
7090	-0.04359934851527214	0.04359934851527214	-	974
8549	0.04355085641145706	0.04355085641145706	+	975
6775	-0.04353312775492668	0.04353312775492668	-	976
4780	-0.04351084679365158	0.04351084679365158	-	977
9549	-0.043463513255119324	0.043463513255119324	-	978
4787	-0.04343792796134949	0.04343792796134949	-	979
8067	0.043436676263809204	0.043436676263809204	+	980
879	-0.043390437960624695	0.043390437960624695	-	981
7006	0.04336515814065933	0.04336515814065933	+	982
2452	-0.04335062578320503	0.04335062578320503	-	983
9580	-0.04333532229065895	0.04333532229065895	-	984
634	-0.0433216355741024	0.0433216355741024	-	985
5292	0.04331086575984955	0.04331086575984955	+	986
5738	-0.04329841583967209	0.04329841583967209	-	987
2125	-0.0432375892996788	0.0432375892996788	-	988
1386	0.043141406029462814	0.043141406029462814	+	989
2304	-0.043136581778526306	0.043136581778526306	-	990
3345	0.04308660700917244	0.04308660700917244	+	991
3573	-0.04305850714445114	0.04305850714445114	-	992
9928	-0.04305357486009598	0.04305357486009598	-	993
4630	-0.043043456971645355	0.043043456971645355	-	994
4913	-0.0430377721786499	0.0430377721786499	-	995
4782	-0.0429578572511673	0.0429578572511673	-	996
106	-0.04292646795511246	0.04292646795511246	-	997
5342	-0.04289065673947334	0.04289065673947334	-	998
4833	-0.04287999868392944	0.04287999868392944	-	999
3267	-0.04279144108295441	0.04279144108295441	-	1000
1706	-0.04264773428440094	0.04264773428440094	-	1001
6625	-0.0425829216837883	0.0425829216837883	-	1002
6579	-0.04258250817656517	0.04258250817656517	-	1003
2992	-0.04249823838472366	0.04249823838472366	-	1004
2691	-0.04248984530568123	0.04248984530568123	-	1005
5952	-0.04248083382844925	0.04248083382844925	-	1006
9878	-0.0424632802605629	0.0424632802605629	-	1007
2968	-0.04244846850633621	0.04244846850633621	-	1008
9325	-0.04240935295820236	0.04240935295820236	-	1009
1474	-0.0423920601606369	0.0423920601606369	-	1010
1290	-0.04236821085214615	0.04236821085214615	-	1011
6691	-0.04231706261634827	0.04231706261634827	-	1012
3878	-0.042302533984184265	0.042302533984184265	-	1013
1572	-0.04218509420752525	0.04218509420752525	-	1014
8146	-0.042181357741355896	0.042181357741355896	-	1015
8615	-0.04210890829563141	0.04210890829563141	-	1016
8025	0.04210704565048218	0.04210704565048218	+	1017
2996	-0.04209500551223755	0.04209500551223755	-	1018
663	-0.04197581857442856	0.04197581857442856	-	1019
6319	-0.04194467514753342	0.04194467514753342	-	1020
9641	-0.04194345325231552	0.04194345325231552	-	1021
8218	-0.041936006397008896	0.041936006397008896	-	1022
4872	-0.04192303121089935	0.04192303121089935	-	1023
8643	-0.04191150888800621	0.04191150888800621	-	1024
384	0.04188816249370575	0.04188816249370575	+	1025
8336	-0.041886407881975174	0.041886407881975174	-	1026
6618	-0.041863813996315	0.041863813996315	-	1027
7946	-0.0418403185904026	0.0418403185904026	-	1028
6173	0.041833288967609406	0.041833288967609406	+	1029
9097	-0.04173795133829117	0.04173795133829117	-	1030
7445	-0.041618749499320984	0.041618749499320984	-	1031
948	-0.04161043465137482	0.04161043465137482	-	1032
6973	0.04157900810241699	0.04157900810241699	+	1033
8943	-0.041564811021089554	0.041564811021089554	-	1034
2341	-0.04151484742760658	0.04151484742760658	-	1035
7803	-0.041454121470451355	0.041454121470451355	-	1036
3261	-0.04145084321498871	0.04145084321498871	-	1037
92	-0.04143892228603363	0.04143892228603363	-	1038
529	-0.04143190383911133	0.04143190383911133	-	1039
1046	-0.04141447693109512	0.04141447693109512	-	1040
8695	0.041401371359825134	0.041401371359825134	+	1041
4844	0.04139355197548866	0.04139355197548866	+	1042
8455	0.04136484116315842	0.04136484116315842	+	1043
4734	0.04135139286518097	0.04135139286518097	+	1044
5493	-0.04133640602231026	0.04133640602231026	-	1045
8852	-0.04128532111644745	0.04128532111644745	-	1046
8538	0.041284918785095215	0.041284918785095215	+	1047
1787	-0.04124735668301582	0.04124735668301582	-	1048
3252	-0.04124642536044121	0.04124642536044121	-	1049
4402	-0.041243646293878555	0.041243646293878555	-	1050
8968	-0.04123998433351517	0.04123998433351517	-	1051
743	-0.041213613003492355	0.041213613003492355	-	1052
2012	-0.041208744049072266	0.041208744049072266	-	1053
3868	-0.041185930371284485	0.041185930371284485	-	1054
5984	0.041082531213760376	0.041082531213760376	+	1055
2463	-0.04106837511062622	0.04106837511062622	-	1056
3166	-0.041015006601810455	0.041015006601810455	-	1057
6605	-0.04100999981164932	0.04100999981164932	-	1058
9079	-0.04100044071674347	0.04100044071674347	-	1059
4565	-0.04099824279546738	0.04099824279546738	-	1060
7599	-0.04099138081073761	0.04099138081073761	-	1061
2985	-0.0409470796585083	0.0409470796585083	-	1062
1385	-0.04088406264781952	0.04088406264781952	-	1063
4988	0.04088223725557327	0.04088223725557327	+	1064
8662	-0.04082510620355606	0.04082510620355606	-	1065
9586	-0.04075746238231659	0.04075746238231659	-	1066
4644	-0.04075264185667038	0.04075264185667038	-	1067
5006	-0.0407489649951458	0.0407489649951458	-	1068
2015	-0.040741849690675735	0.040741849690675735	-	1069
3563	-0.04073938727378845	0.04073938727378845	-	1070
6046	0.04073420539498329	0.04073420539498329	+	1071
9531	-0.04070114716887474	0.04070114716887474	-	1072
8195	-0.040663737803697586	0.040663737803697586	-	1073
1269	-0.0406191311776638	0.0406191311776638	-	1074
1334	-0.04058506712317467	0.04058506712317467	-	1075
8017	-0.04053559899330139	0.04053559899330139	-	1076
9196	-0.040534451603889465	0.040534451603889465	-	1077
4901	-0.040481068193912506	0.040481068193912506	-	1078
8576	0.04046999663114548	0.04046999663114548	+	1079
637	-0.04045076295733452	0.04045076295733452	-	1080
8719	-0.04043758288025856	0.04043758288025856	-	1081
5471	-0.04033699631690979	0.04033699631690979	-	1082
9231	-0.04026840627193451	0.04026840627193451	-	1083
10112	0.04024425148963928	0.04024425148963928	+	1084
9919	-0.04019764065742493	0.04019764065742493	-	1085
854	-0.04012555629014969	0.04012555629014969	-	1086
1824	-0.04009561613202095	0.04009561613202095	-	1087
6577	-0.04008118063211441	0.04008118063211441	-	1088
2098	-0.0400114506483078	0.0400114506483078	-	1089
8900	-0.03998498618602753	0.03998498618602753	-	1090
8694	0.03979654610157013	0.03979654610157013	+	1091
568	-0.039791353046894073	0.039791353046894073	-	1092
9320	-0.03975404426455498	0.03975404426455498	-	1093
5382	0.039732277393341064	0.039732277393341064	+	1094
4135	-0.03967849910259247	0.03967849910259247	-	1095
4529	-0.039634257555007935	0.039634257555007935	-	1096
7353	-0.03962787240743637	0.03962787240743637	-	1097
3250	-0.03961644321680069	0.03961644321680069	-	1098
604	-0.039597198367118835	0.039597198367118835	-	1099
7966	-0.03955834358930588	0.03955834358930588	-	1100
63	-0.03954751044511795	0.03954751044511795	-	1101
214	-0.039530348032712936	0.039530348032712936	-	1102
9817	-0.039482004940509796	0.039482004940509796	-	1103
6799	-0.039460986852645874	0.039460986852645874	-	1104
5914	-0.03946015238761902	0.03946015238761902	-	1105
1366	-0.03940333425998688	0.03940333425998688	-	1106
5659	0.03934979438781738	0.03934979438781738	+	1107
9554	-0.039325159043073654	0.039325159043073654	-	1108
3457	-0.03932223469018936	0.03932223469018936	-	1109
632	0.03929756581783295	0.03929756581783295	+	1110
349	-0.03927686810493469	0.03927686810493469	-	1111
4962	-0.03923816978931427	0.03923816978931427	-	1112
9448	-0.03922790288925171	0.03922790288925171	-	1113
9721	-0.039219535887241364	0.039219535887241364	-	1114
4140	-0.03920033946633339	0.03920033946633339	-	1115
5715	-0.03916851803660393	0.03916851803660393	-	1116
1478	-0.03915704786777496	0.03915704786777496	-	1117
1166	-0.0389757975935936	0.0389757975935936	-	1118
3648	0.03885841369628906	0.03885841369628906	+	1119
10233	-0.038832712918519974	0.038832712918519974	-	1120
2429	0.03882084786891937	0.03882084786891937	+	1121
5177	-0.03878916800022125	0.03878916800022125	-	1122
2246	0.038773611187934875	0.038773611187934875	+	1123
3326	-0.03866108879446983	0.03866108879446983	-	1124
434	-0.03865132853388786	0.03865132853388786	-	1125
3355	0.03862570971250534	0.03862570971250534	+	1126
3659	-0.03862221539020538	0.03862221539020538	-	1127
2909	-0.03861931711435318	0.03861931711435318	-	1128
7970	-0.038561802357435226	0.038561802357435226	-	1129
8190	-0.0385177843272686	0.0385177843272686	-	1130
9333	-0.03850630670785904	0.03850630670785904	-	1131
478	0.03847824037075043	0.03847824037075043	+	1132
1827	-0.038470201194286346	0.038470201194286346	-	1133
829	-0.03843015432357788	0.03843015432357788	-	1134
4022	-0.038421787321567535	0.038421787321567535	-	1135
7145	-0.038418158888816833	0.038418158888816833	-	1136
2712	-0.03841400146484375	0.03841400146484375	-	1137
9767	-0.038373179733753204	0.038373179733753204	-	1138
1184	-0.03835809603333473	0.03835809603333473	-	1139
178	-0.03835512697696686	0.03835512697696686	-	1140
8033	-0.03832990303635597	0.03832990303635597	-	1141
4292	0.03832542896270752	0.03832542896270752	+	1142
5825	-0.038311667740345	0.038311667740345	-	1143
1149	-0.038306545466184616	0.038306545466184616	-	1144
6856	-0.0382845439016819	0.0382845439016819	-	1145
1122	0.03823278099298477	0.03823278099298477	+	1146
8106	-0.038206398487091064	0.038206398487091064	-	1147
9043	-0.03819959983229637	0.03819959983229637	-	1148
8801	-0.0381748229265213	0.0381748229265213	-	1149
1446	-0.038158513605594635	0.038158513605594635	-	1150
5402	-0.03803497552871704	0.03803497552871704	-	1151
2918	-0.03800190985202789	0.03800190985202789	-	1152
7489	-0.037998806685209274	0.037998806685209274	-	1153
886	-0.0379975251853466	0.0379975251853466	-	1154
5812	-0.03796064853668213	0.03796064853668213	-	1155
1521	-0.03794730454683304	0.03794730454683304	-	1156
9726	-0.0379360169172287	0.0379360169172287	-	1157
2391	-0.03792979568243027	0.03792979568243027	-	1158
7562	-0.037927865982055664	0.037927865982055664	-	1159
7113	-0.03789042681455612	0.03789042681455612	-	1160
10028	-0.037890397012233734	0.037890397012233734	-	1161
3078	-0.03787781298160553	0.03787781298160553	-	1162
9592	-0.037851836532354355	0.037851836532354355	-	1163
5906	-0.03783273696899414	0.03783273696899414	-	1164
2970	-0.03781604766845703	0.03781604766845703	-	1165
6732	-0.03781178593635559	0.03781178593635559	-	1166
9771	0.03780893236398697	0.03780893236398697	+	1167
5203	-0.037805430591106415	0.037805430591106415	-	1168
2783	0.03779423236846924	0.03779423236846924	+	1169
611	-0.03778171166777611	0.03778171166777611	-	1170
9574	-0.03776885196566582	0.03776885196566582	-	1171
10171	-0.037759020924568176	0.037759020924568176	-	1172
7812	-0.03770831227302551	0.03770831227302551	-	1173
2846	-0.03768256679177284	0.03768256679177284	-	1174
4062	-0.03766803443431854	0.03766803443431854	-	1175
2066	-0.03750722482800484	0.03750722482800484	-	1176
2042	-0.03749503940343857	0.03749503940343857	-	1177
5372	-0.03747517615556717	0.03747517615556717	-	1178
8569	0.03744214400649071	0.03744214400649071	+	1179
4867	-0.037436340004205704	0.037436340004205704	-	1180
3729	-0.03743454068899155	0.03743454068899155	-	1181
7461	-0.037429772317409515	0.037429772317409515	-	1182
2170	-0.037422001361846924	0.037422001361846924	-	1183
9	-0.0373053140938282	0.0373053140938282	-	1184
2568	-0.037302590906620026	0.037302590906620026	-	1185
7008	-0.0373004749417305	0.0373004749417305	-	1186
1985	-0.03725377097725868	0.03725377097725868	-	1187
828	-0.03722093254327774	0.03722093254327774	-	1188
7957	-0.03721972554922104	0.03721972554922104	-	1189
4570	-0.03721483424305916	0.03721483424305916	-	1190
10193	-0.03720426559448242	0.03720426559448242	-	1191
4329	-0.037096958607435226	0.037096958607435226	-	1192
4150	-0.0370553582906723	0.0370553582906723	-	1193
8546	-0.03704828768968582	0.03704828768968582	-	1194
8587	0.03702607750892639	0.03702607750892639	+	1195
8674	-0.037024036049842834	0.037024036049842834	-	1196
10159	-0.03695495426654816	0.03695495426654816	-	1197
9399	0.03694640100002289	0.03694640100002289	+	1198
3890	0.03694499284029007	0.03694499284029007	+	1199
6737	-0.03692943602800369	0.03692943602800369	-	1200
7847	0.03692585974931717	0.03692585974931717	+	1201
6275	-0.03690540790557861	0.03690540790557861	-	1202
635	-0.036863867193460464	0.036863867193460464	-	1203
4138	0.03685818612575531	0.03685818612575531	+	1204
8346	-0.036845866590738297	0.036845866590738297	-	1205
9416	-0.03682654723525047	0.03682654723525047	-	1206
3599	-0.03680175170302391	0.03680175170302391	-	1207
5717	-0.036781132221221924	0.036781132221221924	-	1208
2087	-0.0367651991546154	0.0367651991546154	-	1209
9785	0.03674454987049103	0.03674454987049103	+	1210
5405	-0.03671028092503548	0.03671028092503548	-	1211
3677	-0.036708056926727295	0.036708056926727295	-	1212
7983	0.036645546555519104	0.036645546555519104	+	1213
1205	-0.036639437079429626	0.036639437079429626	-	1214
6233	0.03663422912359238	0.03663422912359238	+	1215
4618	-0.03660896420478821	0.03660896420478821	-	1216
5571	0.03655989468097687	0.03655989468097687	+	1217
9365	-0.03654465824365616	0.03654465824365616	-	1218
1272	0.03653115779161453	0.03653115779161453	+	1219
2655	-0.036520399153232574	0.036520399153232574	-	1220
9030	-0.03650650009512901	0.03650650009512901	-	1221
7272	0.036505766212940216	0.036505766212940216	+	1222
6649	0.036500874906778336	0.036500874906778336	+	1223
1443	-0.03649130463600159	0.03649130463600159	-	1224
2188	-0.03648993372917175	0.03648993372917175	-	1225
4493	0.03648805618286133	0.03648805618286133	+	1226
7737	-0.036473214626312256	0.036473214626312256	-	1227
2734	-0.03644077479839325	0.03644077479839325	-	1228
4017	-0.03642968833446503	0.03642968833446503	-	1229
9642	-0.036407433450222015	0.036407433450222015	-	1230
4571	-0.036403607577085495	0.036403607577085495	-	1231
8236	-0.036399465054273605	0.036399465054273605	-	1232
332	-0.03637111559510231	0.03637111559510231	-	1233
5371	0.03636959567666054	0.03636959567666054	+	1234
2934	-0.036360785365104675	0.036360785365104675	-	1235
2585	-0.03633845970034599	0.03633845970034599	-	1236
1639	0.03631787374615669	0.03631787374615669	+	1237
7482	-0.03630694001913071	0.03630694001913071	-	1238
8800	0.0362548753619194	0.0362548753619194	+	1239
1252	-0.03623882681131363	0.03623882681131363	-	1240
117	0.036202818155288696	0.036202818155288696	+	1241
3070	-0.03619004040956497	0.03619004040956497	-	1242
8378	-0.03616122901439667	0.03616122901439667	-	1243
8961	0.03615226224064827	0.03615226224064827	+	1244
9645	-0.03612866252660751	0.03612866252660751	-	1245
4051	0.03612390160560608	0.03612390160560608	+	1246
3507	-0.03611110895872116	0.03611110895872116	-	1247
3224	-0.036110952496528625	0.036110952496528625	-	1248
2860	0.03610453009605408	0.03610453009605408	+	1249
1017	-0.036094456911087036	0.036094456911087036	-	1250
7338	0.036089688539505005	0.036089688539505005	+	1251
1549	0.036075666546821594	0.036075666546821594	+	1252
7340	-0.03603226691484451	0.03603226691484451	-	1253
5798	-0.03602157533168793	0.03602157533168793	-	1254
6847	-0.035996198654174805	0.035996198654174805	-	1255
5671	-0.03598147630691528	0.03598147630691528	-	1256
6889	-0.03594827651977539	0.03594827651977539	-	1257
7835	-0.03594042733311653	0.03594042733311653	-	1258
2675	-0.035935819149017334	0.035935819149017334	-	1259
7227	-0.03593181073665619	0.03593181073665619	-	1260
709	-0.03592938184738159	0.03592938184738159	-	1261
44	-0.035911135375499725	0.035911135375499725	-	1262
9027	-0.03589915484189987	0.03589915484189987	-	1263
8179	-0.035892054438591	0.035892054438591	-	1264
9212	-0.03586370125412941	0.03586370125412941	-	1265
5655	-0.0358545295894146	0.0358545295894146	-	1266
5267	-0.035838328301906586	0.035838328301906586	-	1267
272	-0.035823047161102295	0.035823047161102295	-	1268
8658	-0.03580698370933533	0.03580698370933533	-	1269
1418	-0.03579362481832504	0.03579362481832504	-	1270
437	-0.035753779113292694	0.035753779113292694	-	1271
3542	0.03572016954421997	0.03572016954421997	+	1272
5993	-0.035708267241716385	0.035708267241716385	-	1273
309	-0.035660892724990845	0.035660892724990845	-	1274
10134	0.03565394878387451	0.03565394878387451	+	1275
1104	-0.03561986982822418	0.03561986982822418	-	1276
7560	-0.03561877831816673	0.03561877831816673	-	1277
447	-0.03555271029472351	0.03555271029472351	-	1278
5768	0.035536929965019226	0.035536929965019226	+	1279
7619	-0.03552008420228958	0.03552008420228958	-	1280
10223	0.03550848364830017	0.03550848364830017	+	1281
5354	-0.035471782088279724	0.035471782088279724	-	1282
2141	-0.03541383147239685	0.03541383147239685	-	1283
1401	-0.03540562093257904	0.03540562093257904	-	1284
5435	-0.03539023548364639	0.03539023548364639	-	1285
1970	-0.03537670895457268	0.03537670895457268	-	1286
5188	-0.03536924719810486	0.03536924719810486	-	1287
699	-0.035357940942049026	0.035357940942049026	-	1288
10114	-0.0352976992726326	0.0352976992726326	-	1289
5950	-0.035282425582408905	0.035282425582408905	-	1290
7022	-0.0352807343006134	0.0352807343006134	-	1291
2143	-0.03526131063699722	0.03526131063699722	-	1292
2314	0.03524636849761009	0.03524636849761009	+	1293
7074	-0.035244353115558624	0.035244353115558624	-	1294
3640	0.0351865291595459	0.0351865291595459	+	1295
9519	-0.035182446241378784	0.035182446241378784	-	1296
7130	-0.035165514796972275	0.035165514796972275	-	1297
2142	0.03516113758087158	0.03516113758087158	+	1298
4021	-0.035157449543476105	0.035157449543476105	-	1299
2038	-0.035156846046447754	0.035156846046447754	-	1300
2323	-0.03515102341771126	0.03515102341771126	-	1301
969	0.03514678776264191	0.03514678776264191	+	1302
8501	-0.035112276673316956	0.035112276673316956	-	1303
1400	-0.03510541096329689	0.03510541096329689	-	1304
6088	0.03509543091058731	0.03509543091058731	+	1305
2061	-0.03508786857128143	0.03508786857128143	-	1306
4081	-0.035087451338768005	0.035087451338768005	-	1307
10222	-0.03504551202058792	0.03504551202058792	-	1308
9228	0.035019710659980774	0.035019710659980774	+	1309
1285	-0.035016730427742004	0.035016730427742004	-	1310
9926	-0.03499584645032883	0.03499584645032883	-	1311
1301	0.03498733043670654	0.03498733043670654	+	1312
4819	-0.0349559560418129	0.0349559560418129	-	1313
7610	-0.03495244309306145	0.03495244309306145	-	1314
10052	0.034950822591781616	0.034950822591781616	+	1315
4455	-0.034942977130413055	0.034942977130413055	-	1316
6696	-0.03494271636009216	0.03494271636009216	-	1317
3799	-0.03491537645459175	0.03491537645459175	-	1318
6042	-0.03490721434354782	0.03490721434354782	-	1319
8295	0.034847937524318695	0.034847937524318695	+	1320
7799	-0.03479662910103798	0.03479662910103798	-	1321
8007	-0.03479073941707611	0.03479073941707611	-	1322
5976	-0.03477460891008377	0.03477460891008377	-	1323
2085	-0.03476494178175926	0.03476494178175926	-	1324
2640	0.03475271165370941	0.03475271165370941	+	1325
7418	-0.034734055399894714	0.034734055399894714	-	1326
1043	-0.034724555909633636	0.034724555909633636	-	1327
7427	-0.03465218096971512	0.03465218096971512	-	1328
9189	-0.0346372164785862	0.0346372164785862	-	1329
6740	-0.03461900353431702	0.03461900353431702	-	1330
9039	-0.03461119160056114	0.03461119160056114	-	1331
7284	-0.03455856814980507	0.03455856814980507	-	1332
2547	0.0345572829246521	0.0345572829246521	+	1333
911	-0.03454805910587311	0.03454805910587311	-	1334
4249	-0.034502722322940826	0.034502722322940826	-	1335
7636	-0.034499529749155045	0.034499529749155045	-	1336
4519	-0.03447755426168442	0.03447755426168442	-	1337
79	-0.034474994987249374	0.034474994987249374	-	1338
4657	-0.034453362226486206	0.034453362226486206	-	1339
5441	-0.034442149102687836	0.034442149102687836	-	1340
3157	-0.03443678095936775	0.03443678095936775	-	1341
6566	-0.03442956507205963	0.03442956507205963	-	1342
3082	-0.03442247956991196	0.03442247956991196	-	1343
3362	-0.03437858819961548	0.03437858819961548	-	1344
1009	-0.034359171986579895	0.034359171986579895	-	1345
6192	-0.034349020570516586	0.034349020570516586	-	1346
3639	0.03431372344493866	0.03431372344493866	+	1347
3702	0.0343080535531044	0.0343080535531044	+	1348
5194	-0.034301917999982834	0.034301917999982834	-	1349
3632	-0.03426767885684967	0.03426767885684967	-	1350
5726	-0.03423468768596649	0.03423468768596649	-	1351
1093	0.03422185033559799	0.03422185033559799	+	1352
4312	0.03421475738286972	0.03421475738286972	+	1353
3184	-0.03420650213956833	0.03420650213956833	-	1354
936	-0.03420155867934227	0.03420155867934227	-	1355
6838	0.03418619930744171	0.03418619930744171	+	1356
3233	-0.03415575250983238	0.03415575250983238	-	1357
4095	-0.034149639308452606	0.034149639308452606	-	1358
1389	0.03413573279976845	0.03413573279976845	+	1359
6648	-0.03413322567939758	0.03413322567939758	-	1360
8758	0.034128423780202866	0.034128423780202866	+	1361
3186	-0.03412337601184845	0.03412337601184845	-	1362
8408	-0.034121349453926086	0.034121349453926086	-	1363
6867	-0.03410822153091431	0.03410822153091431	-	1364
496	-0.034096069633960724	0.034096069633960724	-	1365
7817	-0.034053459763526917	0.034053459763526917	-	1366
10018	-0.03402147442102432	0.03402147442102432	-	1367
2081	-0.034001849591732025	0.034001849591732025	-	1368
5003	-0.0339985266327858	0.0339985266327858	-	1369
5251	0.03398982435464859	0.03398982435464859	+	1370
9013	-0.033969856798648834	0.033969856798648834	-	1371
7786	-0.03395485877990723	0.03395485877990723	-	1372
6008	-0.03392837569117546	0.03392837569117546	-	1373
3909	-0.03390790894627571	0.03390790894627571	-	1374
6109	0.03390609845519066	0.03390609845519066	+	1375
3181	0.03390396386384964	0.03390396386384964	+	1376
4852	-0.03388294577598572	0.03388294577598572	-	1377
549	0.033868320286273956	0.033868320286273956	+	1378
6335	0.03385775536298752	0.03385775536298752	+	1379
5224	-0.03384757041931152	0.03384757041931152	-	1380
4712	-0.03381672874093056	0.03381672874093056	-	1381
6953	-0.033777907490730286	0.033777907490730286	-	1382
6375	-0.033774085342884064	0.033774085342884064	-	1383
9938	-0.03376619145274162	0.03376619145274162	-	1384
4308	-0.03376351669430733	0.03376351669430733	-	1385
9535	-0.033742502331733704	0.033742502331733704	-	1386
1825	-0.033741530030965805	0.033741530030965805	-	1387
8314	-0.033612288534641266	0.033612288534641266	-	1388
5797	-0.03359205275774002	0.03359205275774002	-	1389
6282	-0.03359052538871765	0.03359052538871765	-	1390
6189	-0.03354393690824509	0.03354393690824509	-	1391
197	0.03353862464427948	0.03353862464427948	+	1392
3306	0.033535465598106384	0.033535465598106384	+	1393
6767	-0.033504631370306015	0.033504631370306015	-	1394
8723	0.033469438552856445	0.033469438552856445	+	1395
2480	-0.03341439738869667	0.03341439738869667	-	1396
3601	0.033403217792510986	0.033403217792510986	+	1397
10123	-0.03339604660868645	0.03339604660868645	-	1398
2371	-0.03338164836168289	0.03338164836168289	-	1399
1586	-0.03336045891046524	0.03336045891046524	-	1400
6661	0.03335380554199219	0.03335380554199219	+	1401
305	-0.03333708643913269	0.03333708643913269	-	1402
4804	-0.033308129757642746	0.033308129757642746	-	1403
1891	-0.03317311033606529	0.03317311033606529	-	1404
3749	-0.03314047306776047	0.03314047306776047	-	1405
5765	-0.03313790261745453	0.03313790261745453	-	1406
2875	0.03312018886208534	0.03312018886208534	+	1407
6910	-0.03308770805597305	0.03308770805597305	-	1408
6931	0.03307162970304489	0.03307162970304489	+	1409
5835	-0.03305525705218315	0.03305525705218315	-	1410
9718	-0.0329786017537117	0.0329786017537117	-	1411
8839	-0.03296266496181488	0.03296266496181488	-	1412
6869	0.032959580421447754	0.032959580421447754	+	1413
4285	-0.032956674695014954	0.032956674695014954	-	1414
7685	-0.032942995429039	0.032942995429039	-	1415
6586	-0.032942984253168106	0.032942984253168106	-	1416
6897	0.03294173255562782	0.03294173255562782	+	1417
9840	-0.0329299122095108	0.0329299122095108	-	1418
2720	-0.03290669992566109	0.03290669992566109	-	1419
4343	-0.032889630645513535	0.032889630645513535	-	1420
6218	-0.0328705795109272	0.0328705795109272	-	1421
9572	-0.032868802547454834	0.032868802547454834	-	1422
9220	-0.032783932983875275	0.032783932983875275	-	1423
5960	-0.03276846557855606	0.03276846557855606	-	1424
6081	-0.032722871750593185	0.032722871750593185	-	1425
8343	0.03270692378282547	0.03270692378282547	+	1426
5625	0.03270263969898224	0.03270263969898224	+	1427
4856	-0.032659269869327545	0.032659269869327545	-	1428
8583	0.03260667249560356	0.03260667249560356	+	1429
1343	-0.032593969255685806	0.032593969255685806	-	1430
3503	-0.03258998319506645	0.03258998319506645	-	1431
5307	0.03255298733711243	0.03255298733711243	+	1432
4456	-0.03254895657300949	0.03254895657300949	-	1433
5137	0.032516393810510635	0.032516393810510635	+	1434
9911	0.03248259425163269	0.03248259425163269	+	1435
2532	-0.032417181879282	0.032417181879282	-	1436
9402	-0.03241606056690216	0.03241606056690216	-	1437
7148	-0.032412514090538025	0.032412514090538025	-	1438
411	0.03236192464828491	0.03236192464828491	+	1439
4434	-0.032359570264816284	0.032359570264816284	-	1440
3843	-0.03235217183828354	0.03235217183828354	-	1441
7760	0.03234919160604477	0.03234919160604477	+	1442
802	-0.03234151378273964	0.03234151378273964	-	1443
8099	-0.03229896351695061	0.03229896351695061	-	1444
8872	0.03229249268770218	0.03229249268770218	+	1445
7968	-0.032272819429636	0.032272819429636	-	1446
5817	-0.03226266801357269	0.03226266801357269	-	1447
446	-0.03224758803844452	0.03224758803844452	-	1448
5107	-0.03223872184753418	0.03223872184753418	-	1449
6476	-0.03217563033103943	0.03217563033103943	-	1450
7496	0.032169945538043976	0.032169945538043976	+	1451
9540	0.03199730068445206	0.03199730068445206	+	1452
9198	-0.03199726343154907	0.03199726343154907	-	1453
2971	0.03198757767677307	0.03198757767677307	+	1454
4914	-0.031982772052288055	0.031982772052288055	-	1455
9729	-0.03194573521614075	0.03194573521614075	-	1456
9230	-0.031936608254909515	0.031936608254909515	-	1457
9498	-0.03193318843841553	0.03193318843841553	-	1458
2001	-0.031925905495882034	0.031925905495882034	-	1459
9963	-0.03190089389681816	0.03190089389681816	-	1460
5557	-0.031898654997348785	0.031898654997348785	-	1461
3646	0.031860239803791046	0.031860239803791046	+	1462
4293	-0.031841132789850235	0.031841132789850235	-	1463
3880	0.03175877034664154	0.03175877034664154	+	1464
6792	0.03172224760055542	0.03172224760055542	+	1465
7715	-0.03172002360224724	0.03172002360224724	-	1466
1311	-0.031719550490379333	0.031719550490379333	-	1467
7578	0.03167508542537689	0.03167508542537689	+	1468
4543	-0.03166139870882034	0.03166139870882034	-	1469
4708	-0.03160325065255165	0.03160325065255165	-	1470
6318	0.03159460425376892	0.03159460425376892	+	1471
4465	-0.03158949315547943	0.03158949315547943	-	1472
10108	0.031583912670612335	0.031583912670612335	+	1473
2610	-0.03157036751508713	0.03157036751508713	-	1474
7722	-0.031545575708150864	0.031545575708150864	-	1475
1860	-0.031542111188173294	0.031542111188173294	-	1476
4547	-0.03153888136148453	0.03153888136148453	-	1477
714	-0.03152254968881607	0.03152254968881607	-	1478
3163	-0.03150457143783569	0.03150457143783569	-	1479
7659	-0.0314708948135376	0.0314708948135376	-	1480
3437	0.03146751970052719	0.03146751970052719	+	1481
3546	-0.03146504610776901	0.03146504610776901	-	1482
2033	-0.03144831210374832	0.03144831210374832	-	1483
7789	0.031426891684532166	0.031426891684532166	+	1484
6967	-0.03139256685972214	0.03139256685972214	-	1485
7601	-0.03138205036520958	0.03138205036520958	-	1486
8372	-0.03132208436727524	0.03132208436727524	-	1487
9244	0.03130873665213585	0.03130873665213585	+	1488
770	-0.03130169212818146	0.03130169212818146	-	1489
1865	0.03127879276871681	0.03127879276871681	+	1490
5472	-0.031237643212080002	0.031237643212080002	-	1491
9401	-0.03122420608997345	0.03122420608997345	-	1492
6989	-0.031200388446450233	0.031200388446450233	-	1493
3139	0.031174004077911377	0.031174004077911377	+	1494
3083	-0.031166166067123413	0.031166166067123413	-	1495
3118	-0.031148232519626617	0.031148232519626617	-	1496
6644	0.031132690608501434	0.031132690608501434	+	1497
6349	-0.03110499493777752	0.03110499493777752	-	1498
1515	0.031096890568733215	0.031096890568733215	+	1499
4492	-0.031057488173246384	0.031057488173246384	-	1500
615	-0.031046327203512192	0.031046327203512192	-	1501
8780	-0.031016571447253227	0.031016571447253227	-	1502
638	-0.0309903547167778	0.0309903547167778	-	1503
2956	-0.030905431136488914	0.030905431136488914	-	1504
774	-0.03090098313987255	0.03090098313987255	-	1505
6152	-0.0308837927877903	0.0308837927877903	-	1506
5258	0.030842650681734085	0.030842650681734085	+	1507
9331	-0.030728168785572052	0.030728168785572052	-	1508
9005	0.030716069042682648	0.030716069042682648	+	1509
4311	-0.030707189813256264	0.030707189813256264	-	1510
9181	-0.030705677345395088	0.030705677345395088	-	1511
7697	0.0306960791349411	0.0306960791349411	+	1512
3265	-0.03067971020936966	0.03067971020936966	-	1513
2897	0.03067653626203537	0.03067653626203537	+	1514
9996	0.030636824667453766	0.030636824667453766	+	1515
458	-0.030633151531219482	0.030633151531219482	-	1516
6179	-0.030629422515630722	0.030629422515630722	-	1517
8280	-0.03062722273170948	0.03062722273170948	-	1518
1510	0.030624069273471832	0.030624069273471832	+	1519
4283	0.030610796064138412	0.030610796064138412	+	1520
4403	-0.030550517141819	0.030550517141819	-	1521
3000	0.030528701841831207	0.030528701841831207	+	1522
9204	-0.030526207759976387	0.030526207759976387	-	1523
7802	0.03052559494972229	0.03052559494972229	+	1524
2769	-0.030516110360622406	0.030516110360622406	-	1525
7838	-0.030509186908602715	0.030509186908602715	-	1526
9435	-0.030502647161483765	0.030502647161483765	-	1527
2773	-0.030383801087737083	0.030383801087737083	-	1528
592	-0.03034934587776661	0.03034934587776661	-	1529
1746	0.030343621969223022	0.030343621969223022	+	1530
4838	-0.03029237687587738	0.03029237687587738	-	1531
6846	0.03023812174797058	0.03023812174797058	+	1532
6149	-0.030190270394086838	0.030190270394086838	-	1533
5706	0.030187755823135376	0.030187755823135376	+	1534
3095	-0.030166607350111008	0.030166607350111008	-	1535
3339	-0.030110634863376617	0.030110634863376617	-	1536
1432	-0.030090123414993286	0.030090123414993286	-	1537
9818	0.03008124977350235	0.03008124977350235	+	1538
5162	0.03005041368305683	0.03005041368305683	+	1539
3905	-0.03004758059978485	0.03004758059978485	-	1540
9029	-0.030046727508306503	0.030046727508306503	-	1541
3744	-0.030015315860509872	0.030015315860509872	-	1542
9560	-0.02998393028974533	0.02998393028974533	-	1543
4755	-0.02997945249080658	0.02997945249080658	-	1544
7824	-0.029963914304971695	0.029963914304971695	-	1545
3382	-0.029959402978420258	0.029959402978420258	-	1546
3642	-0.029945876449346542	0.029945876449346542	-	1547
10076	-0.029932010918855667	0.029932010918855667	-	1548
2431	-0.029919512569904327	0.029919512569904327	-	1549
4478	-0.029913559556007385	0.029913559556007385	-	1550
5879	-0.029902884736657143	0.029902884736657143	-	1551
8156	-0.029895484447479248	0.029895484447479248	-	1552
8210	0.02989327907562256	0.02989327907562256	+	1553
1761	-0.02988225594162941	0.02988225594162941	-	1554
4397	0.029849832877516747	0.029849832877516747	+	1555
9122	-0.029846644029021263	0.029846644029021263	-	1556
4096	-0.029839886352419853	0.029839886352419853	-	1557
9933	0.02982725203037262	0.02982725203037262	+	1558
2680	0.02977961301803589	0.02977961301803589	+	1559
3796	0.029738660901784897	0.029738660901784897	+	1560
990	-0.02972479537129402	0.02972479537129402	-	1561
2189	-0.029686613008379936	0.029686613008379936	-	1562
7045	-0.029681984335184097	0.029681984335184097	-	1563
3951	0.029661357402801514	0.029661357402801514	+	1564
4563	-0.029655462130904198	0.029655462130904198	-	1565
6235	-0.029628003016114235	0.029628003016114235	-	1566
192	0.029626905918121338	0.029626905918121338	+	1567
2708	-0.029578112065792084	0.029578112065792084	-	1568
7041	-0.02951836958527565	0.02951836958527565	-	1569
546	-0.029517322778701782	0.029517322778701782	-	1570
1529	0.02949731983244419	0.02949731983244419	+	1571
2892	-0.029490705579519272	0.029490705579519272	-	1572
9115	-0.029484298080205917	0.029484298080205917	-	1573
5447	0.02941489964723587	0.02941489964723587	+	1574
1973	0.029378138482570648	0.029378138482570648	+	1575
1494	0.029368840157985687	0.029368840157985687	+	1576
5537	-0.029358113184571266	0.029358113184571266	-	1577
1373	-0.029354656115174294	0.029354656115174294	-	1578
4829	-0.029294246807694435	0.029294246807694435	-	1579
9856	-0.02928861603140831	0.02928861603140831	-	1580
7716	-0.029276728630065918	0.029276728630065918	-	1581
7883	-0.029263459146022797	0.029263459146022797	-	1582
1838	0.029258698225021362	0.029258698225021362	+	1583
5834	-0.029240520671010017	0.029240520671010017	-	1584
7062	0.029237262904644012	0.029237262904644012	+	1585
9915	-0.029219716787338257	0.029219716787338257	-	1586
1963	-0.029219266027212143	0.029219266027212143	-	1587
8066	-0.029216131195425987	0.029216131195425987	-	1588
8037	-0.029194992035627365	0.029194992035627365	-	1589
6729	-0.02918618731200695	0.02918618731200695	-	1590
4682	-0.029172878712415695	0.029172878712415695	-	1591
4536	-0.029171569272875786	0.029171569272875786	-	1592
7818	-0.029170552268624306	0.029170552268624306	-	1593
3671	0.02916468121111393	0.02916468121111393	+	1594
2949	-0.029143456369638443	0.029143456369638443	-	1595
2571	-0.029141008853912354	0.029141008853912354	-	1596
1553	-0.029112190008163452	0.029112190008163452	-	1597
9334	-0.029106173664331436	0.029106173664331436	-	1598
7680	-0.029075123369693756	0.029075123369693756	-	1599
5151	-0.0290335975587368	0.0290335975587368	-	1600
578	-0.028997987508773804	0.028997987508773804	-	1601
247	-0.028996536508202553	0.028996536508202553	-	1602
7320	-0.02899080142378807	0.02899080142378807	-	1603
7412	-0.02897389605641365	0.02897389605641365	-	1604
1319	-0.0289298202842474	0.0289298202842474	-	1605
6069	-0.02892971783876419	0.02892971783876419	-	1606
3814	-0.028906168416142464	0.028906168416142464	-	1607
3213	-0.02886071428656578	0.02886071428656578	-	1608
3148	0.02886025607585907	0.02886025607585907	+	1609
984	-0.02885834313929081	0.02885834313929081	-	1610
8887	-0.02884034812450409	0.02884034812450409	-	1611
10009	-0.028837591409683228	0.028837591409683228	-	1612
1315	0.028822273015975952	0.028822273015975952	+	1613
3765	0.02881971001625061	0.02881971001625061	+	1614
7684	-0.02881491556763649	0.02881491556763649	-	1615
6417	-0.028811898082494736	0.028811898082494736	-	1616
9783	-0.028811439871788025	0.028811439871788025	-	1617
6168	-0.028775814920663834	0.028775814920663834	-	1618
3786	-0.028768157586455345	0.028768157586455345	-	1619
6758	-0.028762128204107285	0.028762128204107285	-	1620
225	-0.028756707906723022	0.028756707906723022	-	1621
8863	0.028745748102664948	0.028745748102664948	+	1622
4158	-0.028740648180246353	0.028740648180246353	-	1623
7360	-0.02873559296131134	0.02873559296131134	-	1624
7213	-0.028729785233736038	0.028729785233736038	-	1625
3805	-0.02871338464319706	0.02871338464319706	-	1626
7880	0.02870480716228485	0.02870480716228485	+	1627
708	0.02868729829788208	0.02868729829788208	+	1628
2646	-0.028678108006715775	0.028678108006715775	-	1629
5357	-0.028676461428403854	0.028676461428403854	-	1630
875	-0.028660591691732407	0.028660591691732407	-	1631
7367	-0.02864651009440422	0.02864651009440422	-	1632
10044	0.028629954904317856	0.028629954904317856	+	1633
8207	-0.028627078980207443	0.028627078980207443	-	1634
9113	-0.028602004051208496	0.028602004051208496	-	1635
731	-0.02858113870024681	0.02858113870024681	-	1636
1076	-0.028561724349856377	0.028561724349856377	-	1637
9632	0.028545677661895752	0.028545677661895752	+	1638
4609	-0.02853204868733883	0.02853204868733883	-	1639
9706	-0.028530271723866463	0.028530271723866463	-	1640
8147	-0.028521733358502388	0.028521733358502388	-	1641
7447	-0.028518959879875183	0.028518959879875183	-	1642
4925	0.028497368097305298	0.028497368097305298	+	1643
8483	-0.028496157377958298	0.028496157377958298	-	1644
9036	-0.028463538736104965	0.028463538736104965	-	1645
7359	-0.02844591625034809	0.02844591625034809	-	1646
6624	0.028441790491342545	0.028441790491342545	+	1647
3871	-0.028430813923478127	0.028430813923478127	-	1648
5108	-0.028414946049451828	0.028414946049451828	-	1649
3346	-0.02840505540370941	0.02840505540370941	-	1650
5640	-0.0284002423286438	0.0284002423286438	-	1651
98	-0.028383750468492508	0.028383750468492508	-	1652
3665	-0.02837207168340683	0.02837207168340683	-	1653
3286	-0.028351817280054092	0.028351817280054092	-	1654
3569	0.02833428978919983	0.02833428978919983	+	1655
8768	-0.028323620557785034	0.028323620557785034	-	1656
1100	-0.028292780742049217	0.028292780742049217	-	1657
3777	-0.028276683762669563	0.028276683762669563	-	1658
5214	-0.028233297169208527	0.028233297169208527	-	1659
10195	-0.028228212147951126	0.028228212147951126	-	1660
1940	-0.028224606066942215	0.028224606066942215	-	1661
973	-0.02821369282901287	0.02821369282901287	-	1662
9682	-0.028186626732349396	0.028186626732349396	-	1663
4353	-0.02810026705265045	0.02810026705265045	-	1664
459	-0.02809803932905197	0.02809803932905197	-	1665
8686	-0.02809089794754982	0.02809089794754982	-	1666
9041	-0.02808200567960739	0.02808200567960739	-	1667
2427	-0.028048411011695862	0.028048411011695862	-	1668
9753	-0.02803703024983406	0.02803703024983406	-	1669
8967	-0.028011450543999672	0.028011450543999672	-	1670
6312	-0.02800402045249939	0.02800402045249939	-	1671
3960	0.027996297925710678	0.027996297925710678	+	1672
6764	-0.027974089607596397	0.027974089607596397	-	1673
3368	-0.027947038412094116	0.027947038412094116	-	1674
9589	-0.027944723144173622	0.027944723144173622	-	1675
3338	-0.027910983189940453	0.027910983189940453	-	1676
553	0.027907323092222214	0.027907323092222214	+	1677
9608	-0.027883637696504593	0.027883637696504593	-	1678
1663	-0.027873694896697998	0.027873694896697998	-	1679
8051	-0.027858249843120575	0.027858249843120575	-	1680
9520	-0.027829214930534363	0.027829214930534363	-	1681
965	-0.027826419100165367	0.027826419100165367	-	1682
2257	-0.027823321521282196	0.027823321521282196	-	1683
6715	-0.02780277281999588	0.02780277281999588	-	1684
10139	0.027787864208221436	0.027787864208221436	+	1685
4011	-0.027759943157434464	0.027759943157434464	-	1686
4386	-0.027759894728660583	0.027759894728660583	-	1687
904	0.027747802436351776	0.027747802436351776	+	1688
1109	0.02774740383028984	0.02774740383028984	+	1689
28	-0.02773992344737053	0.02773992344737053	-	1690
7861	-0.027718018740415573	0.027718018740415573	-	1691
3240	0.027717450633645058	0.027717450633645058	+	1692
4908	0.02770969271659851	0.02770969271659851	+	1693
2947	-0.02770044282078743	0.02770044282078743	-	1694
108	-0.02767602913081646	0.02767602913081646	-	1695
6321	-0.027644172310829163	0.027644172310829163	-	1696
427	-0.027628250420093536	0.027628250420093536	-	1697
6067	-0.027606245130300522	0.027606245130300522	-	1698
903	0.027597779408097267	0.027597779408097267	+	1699
5028	-0.02758648805320263	0.02758648805320263	-	1700
6833	-0.027581820264458656	0.027581820264458656	-	1701
2507	-0.02757047861814499	0.02757047861814499	-	1702
5994	-0.02756984904408455	0.02756984904408455	-	1703
8202	-0.027563191950321198	0.027563191950321198	-	1704
8649	-0.027563171461224556	0.027563171461224556	-	1705
6122	-0.027556467801332474	0.027556467801332474	-	1706
1465	-0.02755054086446762	0.02755054086446762	-	1707
2132	-0.02754806913435459	0.02754806913435459	-	1708
8547	-0.027499474585056305	0.027499474585056305	-	1709
9408	-0.027489706873893738	0.027489706873893738	-	1710
8646	-0.027487043291330338	0.027487043291330338	-	1711
1231	-0.027485905215144157	0.027485905215144157	-	1712
6450	-0.027463261038064957	0.027463261038064957	-	1713
3602	-0.027449438348412514	0.027449438348412514	-	1714
10084	-0.02744445577263832	0.02744445577263832	-	1715
2728	-0.027432767674326897	0.027432767674326897	-	1716
639	-0.027408815920352936	0.027408815920352936	-	1717
595	0.027403831481933594	0.027403831481933594	+	1718
809	-0.027364950627088547	0.027364950627088547	-	1719
1883	-0.02735891006886959	0.02735891006886959	-	1720
927	0.027342263609170914	0.027342263609170914	+	1721
5010	-0.02733924426138401	0.02733924426138401	-	1722
3624	-0.027319472283124924	0.027319472283124924	-	1723
8942	-0.02731638215482235	0.02731638215482235	-	1724
1513	-0.02730834111571312	0.02730834111571312	-	1725
5440	-0.027287915349006653	0.027287915349006653	-	1726
2063	-0.02727295458316803	0.02727295458316803	-	1727
4603	0.027265839278697968	0.027265839278697968	+	1728
3932	0.027264047414064407	0.027264047414064407	+	1729
3584	-0.02724570408463478	0.02724570408463478	-	1730
3020	-0.027242690324783325	0.027242690324783325	-	1731
2324	-0.027242455631494522	0.027242455631494522	-	1732
6653	-0.027221642434597015	0.027221642434597015	-	1733
3413	-0.027215205132961273	0.027215205132961273	-	1734
7514	-0.027213817462325096	0.027213817462325096	-	1735
6692	-0.027201712131500244	0.027201712131500244	-	1736
227	-0.027199637144804	0.027199637144804	-	1737
491	0.027177805081009865	0.027177805081009865	+	1738
7837	-0.027171261608600616	0.027171261608600616	-	1739
1703	-0.027168650180101395	0.027168650180101395	-	1740
6853	-0.02712830901145935	0.02712830901145935	-	1741
2398	-0.027128297835588455	0.027128297835588455	-	1742
337	-0.027117010205984116	0.027117010205984116	-	1743
8536	-0.027114370837807655	0.027114370837807655	-	1744
2122	-0.027108313515782356	0.027108313515782356	-	1745
2230	-0.0270993672311306	0.0270993672311306	-	1746
5985	0.02708105742931366	0.02708105742931366	+	1747
7603	-0.02707076445221901	0.02707076445221901	-	1748
1625	-0.027033068239688873	0.027033068239688873	-	1749
2665	0.02702920138835907	0.02702920138835907	+	1750
2445	-0.026997867971658707	0.026997867971658707	-	1751
3075	0.026983942836523056	0.026983942836523056	+	1752
5078	-0.026962831616401672	0.026962831616401672	-	1753
3471	-0.0269242525100708	0.0269242525100708	-	1754
150	-0.02690427377820015	0.02690427377820015	-	1755
618	-0.026876728981733322	0.026876728981733322	-	1756
9021	-0.02687196061015129	0.02687196061015129	-	1757
4504	-0.02674764394760132	0.02674764394760132	-	1758
6952	0.02674168348312378	0.02674168348312378	+	1759
2576	-0.026719622313976288	0.026719622313976288	-	1760
8052	0.02668134868144989	0.02668134868144989	+	1761
8108	-0.026660313829779625	0.026660313829779625	-	1762
3971	0.026635127142071724	0.026635127142071724	+	1763
7654	-0.026628680527210236	0.026628680527210236	-	1764
5198	-0.026625551283359528	0.026625551283359528	-	1765
1121	-0.02662317268550396	0.02662317268550396	-	1766
5089	-0.02661718614399433	0.02661718614399433	-	1767
7687	-0.02660953439772129	0.02660953439772129	-	1768
6742	-0.026565872132778168	0.026565872132778168	-	1769
558	-0.026564672589302063	0.026564672589302063	-	1770
3576	-0.026539497077465057	0.026539497077465057	-	1771
8020	-0.0265225637704134	0.0265225637704134	-	1772
3652	-0.026505246758461	0.026505246758461	-	1773
5938	0.026470355689525604	0.026470355689525604	+	1774
5854	0.026467472314834595	0.026467472314834595	+	1775
1271	-0.026440218091011047	0.026440218091011047	-	1776
2618	0.02642541378736496	0.02642541378736496	+	1777
2537	-0.026420190930366516	0.026420190930366516	-	1778
5711	0.026417136192321777	0.026417136192321777	+	1779
7402	-0.026375923305749893	0.026375923305749893	-	1780
9451	-0.02632206119596958	0.02632206119596958	-	1781
7674	-0.026314321905374527	0.026314321905374527	-	1782
9976	-0.0262872613966465	0.0262872613966465	-	1783
1646	-0.02627657726407051	0.02627657726407051	-	1784
4328	-0.026260044425725937	0.026260044425725937	-	1785
1177	-0.026257261633872986	0.026257261633872986	-	1786
4518	-0.026239506900310516	0.026239506900310516	-	1787
6305	-0.026236843317747116	0.026236843317747116	-	1788
3835	-0.026234738528728485	0.026234738528728485	-	1789
5708	-0.026228182017803192	0.026228182017803192	-	1790
9948	0.026193834841251373	0.026193834841251373	+	1791
5237	-0.026191718876361847	0.026191718876361847	-	1792
5453	0.026171604171395302	0.026171604171395302	+	1793
488	-0.026159444823861122	0.026159444823861122	-	1794
9924	0.026144590228796005	0.026144590228796005	+	1795
7932	0.02610136568546295	0.02610136568546295	+	1796
6414	-0.026099227368831635	0.026099227368831635	-	1797
5423	-0.026096276938915253	0.026096276938915253	-	1798
2740	0.026072263717651367	0.026072263717651367	+	1799
6633	-0.026049908250570297	0.026049908250570297	-	1800
5663	0.026047587394714355	0.026047587394714355	+	1801
1585	-0.02603563293814659	0.02603563293814659	-	1802
8972	-0.026033170521259308	0.026033170521259308	-	1803
7209	0.02601025626063347	0.02601025626063347	+	1804
4899	-0.02600468322634697	0.02600468322634697	-	1805
6456	0.026000436395406723	0.026000436395406723	+	1806
5181	-0.025981517508625984	0.025981517508625984	-	1807
7023	-0.025971658527851105	0.025971658527851105	-	1808
5381	-0.025962291285395622	0.025962291285395622	-	1809
1718	-0.025960030034184456	0.025960030034184456	-	1810
2601	-0.025945568457245827	0.025945568457245827	-	1811
1673	-0.025934258475899696	0.025934258475899696	-	1812
308	-0.025924209505319595	0.025924209505319595	-	1813
3897	-0.025875823572278023	0.025875823572278023	-	1814
4952	0.025875654071569443	0.025875654071569443	+	1815
9170	-0.025870641693472862	0.025870641693472862	-	1816
7605	-0.02587047405540943	0.02587047405540943	-	1817
6498	-0.02585936337709427	0.02585936337709427	-	1818
2628	0.025854799896478653	0.025854799896478653	+	1819
6388	-0.025849569588899612	0.025849569588899612	-	1820
5040	-0.025849364697933197	0.025849364697933197	-	1821
7245	-0.025809571146965027	0.025809571146965027	-	1822
6380	-0.025786347687244415	0.025786347687244415	-	1823
4443	0.025785773992538452	0.025785773992538452	+	1824
9287	-0.025782672688364983	0.025782672688364983	-	1825
1600	-0.025780996307730675	0.025780996307730675	-	1826
2575	-0.02577662281692028	0.02577662281692028	-	1827
302	0.025759920477867126	0.025759920477867126	+	1828
1980	-0.02573719248175621	0.02573719248175621	-	1829
5186	0.025725986808538437	0.025725986808538437	+	1830
4209	-0.02571885474026203	0.02571885474026203	-	1831
1497	-0.025701558217406273	0.025701558217406273	-	1832
4727	-0.025701424106955528	0.025701424106955528	-	1833
9114	0.025694305077195168	0.025694305077195168	+	1834
7648	-0.025665177032351494	0.025665177032351494	-	1835
7193	-0.025655413046479225	0.025655413046479225	-	1836
3435	-0.025639817118644714	0.025639817118644714	-	1837
364	-0.025639604777097702	0.025639604777097702	-	1838
5210	-0.02561398223042488	0.02561398223042488	-	1839
10143	-0.025593848899006844	0.025593848899006844	-	1840
8667	-0.025585941970348358	0.025585941970348358	-	1841
8561	0.025567539036273956	0.025567539036273956	+	1842
1995	-0.025548815727233887	0.025548815727233887	-	1843
464	-0.025534596294164658	0.025534596294164658	-	1844
6828	-0.025524642318487167	0.025524642318487167	-	1845
1532	-0.025523386895656586	0.025523386895656586	-	1846
4802	0.025521744042634964	0.025521744042634964	+	1847
2181	-0.02551552653312683	0.02551552653312683	-	1848
9980	0.025512320920825005	0.025512320920825005	+	1849
9033	-0.0255086999386549	0.0255086999386549	-	1850
2458	0.02548801898956299	0.02548801898956299	+	1851
9317	-0.02548171579837799	0.02548171579837799	-	1852
6819	0.025464996695518494	0.025464996695518494	+	1853
5159	-0.025424495339393616	0.025424495339393616	-	1854
4826	-0.02542065642774105	0.02542065642774105	-	1855
2928	-0.02539718896150589	0.02539718896150589	-	1856
6050	-0.025369614362716675	0.025369614362716675	-	1857
8947	0.02535569667816162	0.02535569667816162	+	1858
7244	0.025348488241434097	0.025348488241434097	+	1859
3649	-0.025336870923638344	0.025336870923638344	-	1860
3010	-0.02532155066728592	0.02532155066728592	-	1861
1387	-0.025317657738924026	0.025317657738924026	-	1862
6947	-0.025282427668571472	0.025282427668571472	-	1863
8716	-0.02527383714914322	0.02527383714914322	-	1864
1765	-0.02527308464050293	0.02527308464050293	-	1865
5344	-0.025266006588935852	0.025266006588935852	-	1866
9893	-0.025252284482121468	0.025252284482121468	-	1867
3487	0.025242503732442856	0.025242503732442856	+	1868
9449	-0.025229334831237793	0.025229334831237793	-	1869
6621	0.025224387645721436	0.025224387645721436	+	1870
254	0.025217823684215546	0.025217823684215546	+	1871
6225	0.025205295532941818	0.025205295532941818	+	1872
5597	-0.025190187618136406	0.025190187618136406	-	1873
8060	0.025187090039253235	0.025187090039253235	+	1874
754	0.025186866521835327	0.025186866521835327	+	1875
160	-0.025186093524098396	0.025186093524098396	-	1876
8	-0.025166992098093033	0.025166992098093033	-	1877
4922	0.02511551044881344	0.02511551044881344	+	1878
9576	-0.025110937654972076	0.025110937654972076	-	1879
9884	-0.02507326379418373	0.02507326379418373	-	1880
1879	-0.025067057460546494	0.025067057460546494	-	1881
9056	-0.025062058120965958	0.025062058120965958	-	1882
989	-0.025060482323169708	0.025060482323169708	-	1883
1558	-0.02505158632993698	0.02505158632993698	-	1884
10140	-0.025046715512871742	0.025046715512871742	-	1885
8358	-0.025032222270965576	0.025032222270965576	-	1886
6210	0.02498759888112545	0.02498759888112545	+	1887
2113	-0.024974197149276733	0.024974197149276733	-	1888
3761	-0.02497202903032303	0.02497202903032303	-	1889
3913	0.024966061115264893	0.024966061115264893	+	1890
5577	-0.02496357262134552	0.02496357262134552	-	1891
1511	-0.024962149560451508	0.024962149560451508	-	1892
8975	-0.0249067060649395	0.0249067060649395	-	1893
1540	0.0249042809009552	0.0249042809009552	+	1894
8504	-0.024879630655050278	0.024879630655050278	-	1895
6987	-0.02482564002275467	0.02482564002275467	-	1896
5962	-0.02482523024082184	0.02482523024082184	-	1897
1989	-0.024813685566186905	0.024813685566186905	-	1898
5478	-0.02480945736169815	0.02480945736169815	-	1899
6587	0.024808630347251892	0.024808630347251892	+	1900
4037	0.024765104055404663	0.024765104055404663	+	1901
3995	-0.024764733389019966	0.024764733389019966	-	1902
1120	-0.02474142797291279	0.02474142797291279	-	1903
5489	-0.024716302752494812	0.024716302752494812	-	1904
6253	-0.024705201387405396	0.024705201387405396	-	1905
8882	-0.024699531495571136	0.024699531495571136	-	1906
9150	-0.02468630112707615	0.02468630112707615	-	1907
806	-0.024673864245414734	0.024673864245414734	-	1908
8022	0.0246724933385849	0.0246724933385849	+	1909
4943	-0.02466632053256035	0.02466632053256035	-	1910
1243	-0.024658311158418655	0.024658311158418655	-	1911
1686	0.024638311937451363	0.024638311937451363	+	1912
5675	0.02462220937013626	0.02462220937013626	+	1913
2807	-0.024618646129965782	0.024618646129965782	-	1914
1010	0.024618320167064667	0.024618320167064667	+	1915
1384	-0.024615364149212837	0.024615364149212837	-	1916
1797	-0.024608103558421135	0.024608103558421135	-	1917
2884	-0.024607254192233086	0.024607254192233086	-	1918
4499	-0.024596087634563446	0.024596087634563446	-	1919
7705	-0.024594515562057495	0.024594515562057495	-	1920
3520	0.024574633687734604	0.024574633687734604	+	1921
8306	-0.024567414075136185	0.024567414075136185	-	1922
439	-0.024554958567023277	0.024554958567023277	-	1923
3022	0.024541784077882767	0.024541784077882767	+	1924
9302	-0.024514146149158478	0.024514146149158478	-	1925
4	-0.024509333074092865	0.024509333074092865	-	1926
4263	-0.024493779987096786	0.024493779987096786	-	1927
8460	-0.024480946362018585	0.024480946362018585	-	1928
5575	-0.024470239877700806	0.024470239877700806	-	1929
7703	-0.024455811828374863	0.024455811828374863	-	1930
7907	-0.024450749158859253	0.024450749158859253	-	1931
2842	-0.02445059083402157	0.02445059083402157	-	1932
3121	-0.024445153772830963	0.024445153772830963	-	1933
576	0.024443000555038452	0.024443000555038452	+	1934
9102	0.024442078545689583	0.024442078545689583	+	1935
9045	-0.024438045918941498	0.024438045918941498	-	1936
3482	-0.024436816573143005	0.024436816573143005	-	1937
5132	-0.024408340454101562	0.024408340454101562	-	1938
5925	0.024402420967817307	0.024402420967817307	+	1939
5438	-0.024396205320954323	0.024396205320954323	-	1940
5969	-0.024396128952503204	0.024396128952503204	-	1941
3615	-0.02439531497657299	0.02439531497657299	-	1942
3434	-0.024392563849687576	0.024392563849687576	-	1943
2131	-0.024385077878832817	0.024385077878832817	-	1944
1525	0.024383727461099625	0.024383727461099625	+	1945
4777	-0.024368878453969955	0.024368878453969955	-	1946
5658	-0.024359315633773804	0.024359315633773804	-	1947
10006	0.02435559406876564	0.02435559406876564	+	1948
3353	-0.0243549644947052	0.0243549644947052	-	1949
6352	-0.024334609508514404	0.024334609508514404	-	1950
3226	-0.024334155023097992	0.024334155023097992	-	1951
5866	0.02432624250650406	0.02432624250650406	+	1952
6308	-0.024320971220731735	0.024320971220731735	-	1953
7215	0.024316638708114624	0.024316638708114624	+	1954
3454	-0.024305082857608795	0.024305082857608795	-	1955
6550	-0.02430359646677971	0.02430359646677971	-	1956
1755	-0.024298544973134995	0.024298544973134995	-	1957
1	-0.024292368441820145	0.024292368441820145	-	1958
4115	0.02425616979598999	0.02425616979598999	+	1959
1411	-0.02425052598118782	0.02425052598118782	-	1960
3706	-0.024243980646133423	0.024243980646133423	-	1961
8940	-0.02419792115688324	0.02419792115688324	-	1962
9819	-0.024178680032491684	0.024178680032491684	-	1963
8010	0.02414405345916748	0.02414405345916748	+	1964
5033	0.02412944659590721	0.02412944659590721	+	1965
1915	-0.02411673218011856	0.02411673218011856	-	1966
7620	-0.024086453020572662	0.024086453020572662	-	1967
650	-0.02407936565577984	0.02407936565577984	-	1968
4608	0.024058178067207336	0.024058178067207336	+	1969
7764	-0.024029463529586792	0.024029463529586792	-	1970
9527	-0.024010539054870605	0.024010539054870605	-	1971
3481	-0.023996293544769287	0.023996293544769287	-	1972
5353	-0.023980028927326202	0.023980028927326202	-	1973
8426	-0.02397282049059868	0.02397282049059868	-	1974
8785	0.023972537368535995	0.023972537368535995	+	1975
8153	-0.0239592045545578	0.0239592045545578	-	1976
1217	-0.023958101868629456	0.023958101868629456	-	1977
571	-0.02395164966583252	0.02395164966583252	-	1978
2062	-0.02395050972700119	0.02395050972700119	-	1979
6105	-0.023950425907969475	0.023950425907969475	-	1980
1256	-0.02394217625260353	0.02394217625260353	-	1981
8728	-0.023912344127893448	0.023912344127893448	-	1982
1862	-0.02389608509838581	0.02389608509838581	-	1983
7651	-0.023874711245298386	0.023874711245298386	-	1984
2648	-0.02387065440416336	0.02387065440416336	-	1985
6060	-0.023867648094892502	0.023867648094892502	-	1986
3280	-0.023861512541770935	0.023861512541770935	-	1987
2058	-0.02385249175131321	0.02385249175131321	-	1988
5778	-0.023840883746743202	0.023840883746743202	-	1989
6719	-0.02382839471101761	0.02382839471101761	-	1990
9847	-0.02382294274866581	0.02382294274866581	-	1991
2589	-0.023815540596842766	0.023815540596842766	-	1992
5861	-0.0237942673265934	0.0237942673265934	-	1993
4104	-0.02379116415977478	0.02379116415977478	-	1994
10149	-0.023789172992110252	0.023789172992110252	-	1995
1804	-0.023771237581968307	0.023771237581968307	-	1996
3643	-0.023768369108438492	0.023768369108438492	-	1997
7151	-0.023745451122522354	0.023745451122522354	-	1998
1889	-0.023740991950035095	0.023740991950035095	-	1999
1601	-0.023740530014038086	0.023740530014038086	-	2000
6481	-0.023735396564006805	0.023735396564006805	-	2001
715	-0.023734405636787415	0.023734405636787415	-	2002
5667	-0.02373352274298668	0.02373352274298668	-	2003
6511	-0.023720353841781616	0.023720353841781616	-	2004
6606	-0.02370871976017952	0.02370871976017952	-	2005
680	-0.023696495220065117	0.023696495220065117	-	2006
2280	0.023695118725299835	0.023695118725299835	+	2007
7374	0.023683687672019005	0.023683687672019005	+	2008
771	-0.023671776056289673	0.023671776056289673	-	2009
8056	0.023670800030231476	0.023670800030231476	+	2010
1897	0.023668695241212845	0.023668695241212845	+	2011
400	-0.023665864020586014	0.023665864020586014	-	2012
378	-0.0236543919891119	0.0236543919891119	-	2013
3460	-0.02365279570221901	0.02365279570221901	-	2014
1185	0.023652084171772003	0.023652084171772003	+	2015
6449	-0.02363770455121994	0.02363770455121994	-	2016
2401	-0.023632949218153954	0.023632949218153954	-	2017
1223	-0.023630382493138313	0.023630382493138313	-	2018
8059	0.023622244596481323	0.023622244596481323	+	2019
5416	-0.023613737896084785	0.023613737896084785	-	2020
7285	-0.023605497553944588	0.023605497553944588	-	2021
6248	0.023600034415721893	0.023600034415721893	+	2022
2938	0.023593612015247345	0.023593612015247345	+	2023
1161	0.02358555980026722	0.02358555980026722	+	2024
10078	-0.0235697403550148	0.0235697403550148	-	2025
4568	-0.02356334961950779	0.02356334961950779	-	2026
1333	-0.02351710945367813	0.02351710945367813	-	2027
10026	0.023516764864325523	0.023516764864325523	+	2028
5957	-0.023497750982642174	0.023497750982642174	-	2029
1344	-0.023483019322156906	0.023483019322156906	-	2030
5887	-0.023471644148230553	0.023471644148230553	-	2031
5272	0.02342265285551548	0.02342265285551548	+	2032
8578	-0.02341320924460888	0.02341320924460888	-	2033
5339	-0.02341008372604847	0.02341008372604847	-	2034
9575	0.023401837795972824	0.023401837795972824	+	2035
3629	-0.023387901484966278	0.023387901484966278	-	2036
10218	-0.023387446999549866	0.023387446999549866	-	2037
9180	0.023386508226394653	0.023386508226394653	+	2038
9252	-0.023386146873235703	0.023386146873235703	-	2039
3254	0.023375459015369415	0.023375459015369415	+	2040
6822	-0.023351596668362617	0.023351596668362617	-	2041
2858	-0.023341147229075432	0.023341147229075432	-	2042
10065	-0.023330705240368843	0.023330705240368843	-	2043
9707	-0.023329831659793854	0.023329831659793854	-	2044
6955	-0.023323656991124153	0.023323656991124153	-	2045
8039	0.023317376151680946	0.023317376151680946	+	2046
2611	-0.023297123610973358	0.023297123610973358	-	2047
7452	0.023283332586288452	0.023283332586288452	+	2048
99	-0.023258130997419357	0.023258130997419357	-	2049
5649	-0.02323368936777115	0.02323368936777115	-	2050
1821	-0.023212971165776253	0.023212971165776253	-	2051
1263	0.023203253746032715	0.023203253746032715	+	2052
4281	0.023194728419184685	0.023194728419184685	+	2053
7919	-0.023191293701529503	0.023191293701529503	-	2054
5081	-0.02316753938794136	0.02316753938794136	-	2055
557	-0.023157544434070587	0.023157544434070587	-	2056
7511	-0.02315659448504448	0.02315659448504448	-	2057
1967	-0.023155737668275833	0.023155737668275833	-	2058
6539	0.023142900317907333	0.023142900317907333	+	2059
7962	-0.023112008348107338	0.023112008348107338	-	2060
6447	-0.02310740202665329	0.02310740202665329	-	2061
2407	-0.023097578436136246	0.023097578436136246	-	2062
1568	-0.02308291383087635	0.02308291383087635	-	2063
7201	-0.023001931607723236	0.023001931607723236	-	2064
3882	-0.022982332855463028	0.022982332855463028	-	2065
8520	-0.022979360073804855	0.022979360073804855	-	2066
7325	-0.02297472395002842	0.02297472395002842	-	2067
2162	0.022929251194000244	0.022929251194000244	+	2068
8722	0.022884801030158997	0.022884801030158997	+	2069
4004	-0.022838205099105835	0.022838205099105835	-	2070
4684	-0.022832494229078293	0.022832494229078293	-	2071
6728	-0.022832315415143967	0.022832315415143967	-	2072
7404	-0.02279900759458542	0.02279900759458542	-	2073
10119	0.022793278098106384	0.022793278098106384	+	2074
7298	-0.022781681269407272	0.022781681269407272	-	2075
5896	-0.022773385047912598	0.022773385047912598	-	2076
9249	0.022755160927772522	0.022755160927772522	+	2077
8784	-0.022753406316041946	0.022753406316041946	-	2078
3012	-0.022745054215192795	0.022745054215192795	-	2079
9516	-0.02274276502430439	0.02274276502430439	-	2080
2328	-0.022734012454748154	0.022734012454748154	-	2081
3025	0.022728249430656433	0.022728249430656433	+	2082
2658	-0.022689931094646454	0.022689931094646454	-	2083
2485	-0.022682202979922295	0.022682202979922295	-	2084
6851	-0.022661859169602394	0.022661859169602394	-	2085
5240	-0.022646717727184296	0.022646717727184296	-	2086
3370	-0.022631628438830376	0.022631628438830376	-	2087
6003	-0.022618547081947327	0.022618547081947327	-	2088
6113	-0.02260645478963852	0.02260645478963852	-	2089
8750	-0.022597216069698334	0.022597216069698334	-	2090
5650	-0.022566011175513268	0.022566011175513268	-	2091
1799	0.02255338989198208	0.02255338989198208	+	2092
7627	-0.022547587752342224	0.022547587752342224	-	2093
5204	-0.022521939128637314	0.022521939128637314	-	2094
10205	-0.02251911722123623	0.02251911722123623	-	2095
7502	-0.022513505071401596	0.022513505071401596	-	2096
5304	-0.022494522854685783	0.022494522854685783	-	2097
5433	-0.022481221705675125	0.022481221705675125	-	2098
4937	-0.02247767522931099	0.02247767522931099	-	2099
1803	-0.022476809099316597	0.022476809099316597	-	2100
6072	0.022476300597190857	0.022476300597190857	+	2101
1436	-0.022470586001873016	0.022470586001873016	-	2102
365	-0.022452034056186676	0.022452034056186676	-	2103
4103	-0.02245156094431877	0.02245156094431877	-	2104
196	-0.02244468778371811	0.02244468778371811	-	2105
9077	-0.022444510832428932	0.022444510832428932	-	2106
4869	0.022436439990997314	0.022436439990997314	+	2107
1901	0.022433549165725708	0.022433549165725708	+	2108
811	-0.022432222962379456	0.022432222962379456	-	2109
9343	0.022430865094065666	0.022430865094065666	+	2110
7313	-0.02242547646164894	0.02242547646164894	-	2111
859	-0.02240683138370514	0.02240683138370514	-	2112
2633	-0.022406652569770813	0.022406652569770813	-	2113
5733	-0.022382311522960663	0.022382311522960663	-	2114
2976	-0.022365344688296318	0.022365344688296318	-	2115
9697	-0.022343099117279053	0.022343099117279053	-	2116
9953	-0.022317450493574142	0.022317450493574142	-	2117
3619	-0.022304169833660126	0.022304169833660126	-	2118
8300	-0.022302433848381042	0.022302433848381042	-	2119
9075	-0.022279005497694016	0.022279005497694016	-	2120
2558	-0.022260062396526337	0.022260062396526337	-	2121
10213	-0.022245053201913834	0.022245053201913834	-	2122
4413	-0.022240828722715378	0.022240828722715378	-	2123
9816	-0.022210799157619476	0.022210799157619476	-	2124
8828	-0.022192666307091713	0.022192666307091713	-	2125
934	-0.02218107506632805	0.02218107506632805	-	2126
7229	0.02217058464884758	0.02217058464884758	+	2127
3178	-0.022146964445710182	0.022146964445710182	-	2128
7640	-0.022133560851216316	0.022133560851216316	-	2129
5483	-0.022128744050860405	0.022128744050860405	-	2130
248	0.02211678773164749	0.02211678773164749	+	2131
5384	-0.022100795060396194	0.022100795060396194	-	2132
9664	-0.022100141271948814	0.022100141271948814	-	2133
4041	-0.022084198892116547	0.022084198892116547	-	2134
9912	-0.022073596715927124	0.022073596715927124	-	2135
148	-0.022065356373786926	0.022065356373786926	-	2136
9571	-0.02203337475657463	0.02203337475657463	-	2137
4761	-0.022032691165804863	0.022032691165804863	-	2138
8259	-0.02201695740222931	0.02201695740222931	-	2139
1802	0.02201239764690399	0.02201239764690399	+	2140
9687	-0.022012077271938324	0.022012077271938324	-	2141
628	0.021982461214065552	0.021982461214065552	+	2142
3899	-0.02195803076028824	0.02195803076028824	-	2143
3806	-0.02195027470588684	0.02195027470588684	-	2144
9414	-0.02194044180214405	0.02194044180214405	-	2145
520	0.02193288318812847	0.02193288318812847	+	2146
4622	0.02193167433142662	0.02193167433142662	+	2147
9740	-0.02192492038011551	0.02192492038011551	-	2148
6803	-0.021923013031482697	0.021923013031482697	-	2149
1574	-0.02189606800675392	0.02189606800675392	-	2150
2156	-0.021892383694648743	0.021892383694648743	-	2151
8391	-0.021884478628635406	0.021884478628635406	-	2152
9406	-0.021873779594898224	0.021873779594898224	-	2153
8124	-0.02186533808708191	0.02186533808708191	-	2154
6903	0.02186424285173416	0.02186424285173416	+	2155
1493	-0.021825119853019714	0.021825119853019714	-	2156
9306	-0.02181856334209442	0.02181856334209442	-	2157
3322	0.021807700395584106	0.021807700395584106	+	2158
4436	-0.021800357848405838	0.021800357848405838	-	2159
748	-0.021798502653837204	0.021798502653837204	-	2160
176	-0.021794963628053665	0.021794963628053665	-	2161
1934	-0.021784543991088867	0.021784543991088867	-	2162
7283	-0.021777555346488953	0.021777555346488953	-	2163
4253	-0.021760243922472	0.021760243922472	-	2164
7843	-0.021760081872344017	0.021760081872344017	-	2165
3115	-0.021749816834926605	0.021749816834926605	-	2166
3313	-0.021749233826994896	0.021749233826994896	-	2167
9012	-0.021737288683652878	0.021737288683652878	-	2168
10035	-0.02172829769551754	0.02172829769551754	-	2169
2247	-0.02172093279659748	0.02172093279659748	-	2170
7796	-0.021720856428146362	0.021720856428146362	-	2171
642	0.02171453833580017	0.02171453833580017	+	2172
359	-0.021692082285881042	0.021692082285881042	-	2173
6588	-0.021686093881726265	0.021686093881726265	-	2174
7139	-0.021681204438209534	0.021681204438209534	-	2175
7377	0.02168068289756775	0.02168068289756775	+	2176
7451	-0.02168043702840805	0.02168043702840805	-	2177
9129	-0.02165835350751877	0.02165835350751877	-	2178
6679	0.0216568261384964	0.0216568261384964	+	2179
5101	0.021642986685037613	0.021642986685037613	+	2180
1267	-0.021640226244926453	0.021640226244926453	-	2181
8875	-0.02162240445613861	0.02162240445613861	-	2182
2565	-0.021614305675029755	0.021614305675029755	-	2183
8338	-0.021612603217363358	0.021612603217363358	-	2184
3131	-0.02161029726266861	0.02161029726266861	-	2185
6647	0.021603211760520935	0.021603211760520935	+	2186
2579	-0.021586790680885315	0.021586790680885315	-	2187
7934	-0.021581126376986504	0.021581126376986504	-	2188
7622	-0.021561268717050552	0.021561268717050552	-	2189
9604	-0.021557893604040146	0.021557893604040146	-	2190
344	-0.021547317504882812	0.021547317504882812	-	2191
10199	-0.021531973034143448	0.021531973034143448	-	2192
5086	-0.02153051272034645	0.02153051272034645	-	2193
7049	0.02151598408818245	0.02151598408818245	+	2194
1660	-0.02151583321392536	0.02151583321392536	-	2195
9119	-0.021515551954507828	0.021515551954507828	-	2196
2625	-0.021502964198589325	0.021502964198589325	-	2197
284	-0.021498966962099075	0.021498966962099075	-	2198
6289	-0.021494634449481964	0.021494634449481964	-	2199
9362	-0.021486960351467133	0.021486960351467133	-	2200
4025	0.021479573100805283	0.021479573100805283	+	2201
3809	-0.021457664668560028	0.021457664668560028	-	2202
5	-0.021441496908664703	0.021441496908664703	-	2203
7936	0.02141691744327545	0.02141691744327545	+	2204
4629	0.021408330649137497	0.021408330649137497	+	2205
2994	0.021400190889835358	0.021400190889835358	+	2206
4234	0.021393876522779465	0.021393876522779465	+	2207
2643	-0.021361971274018288	0.021361971274018288	-	2208
4890	-0.021359547972679138	0.021359547972679138	-	2209
9296	-0.02135513722896576	0.02135513722896576	-	2210
1259	0.021347368136048317	0.021347368136048317	+	2211
6529	0.021333955228328705	0.021333955228328705	+	2212
5335	0.02132110297679901	0.02132110297679901	+	2213
7333	0.021308813244104385	0.021308813244104385	+	2214
8065	-0.021282607689499855	0.021282607689499855	-	2215
3645	0.021281076595187187	0.021281076595187187	+	2216
7230	-0.021278873085975647	0.021278873085975647	-	2217
8055	-0.021235227584838867	0.021235227584838867	-	2218
8973	-0.021203700453042984	0.021203700453042984	-	2219
5110	-0.021197345107793808	0.021197345107793808	-	2220
4942	0.021187134087085724	0.021187134087085724	+	2221
4707	0.021185511723160744	0.021185511723160744	+	2222
1280	-0.02117050066590309	0.02117050066590309	-	2223
3704	0.0211458969861269	0.0211458969861269	+	2224
7117	-0.02114245481789112	0.02114245481789112	-	2225
4700	-0.02112814411520958	0.02112814411520958	-	2226
5080	-0.021107768639922142	0.021107768639922142	-	2227
5721	-0.021106179803609848	0.021106179803609848	-	2228
139	-0.021097302436828613	0.021097302436828613	-	2229
8552	0.021095596253871918	0.021095596253871918	+	2230
9083	-0.0210943091660738	0.0210943091660738	-	2231
8724	-0.021083630621433258	0.021083630621433258	-	2232
3550	-0.021082963794469833	0.021082963794469833	-	2233
676	-0.02107759565114975	0.02107759565114975	-	2234
9452	-0.021070055663585663	0.021070055663585663	-	2235
692	0.021060556173324585	0.021060556173324585	+	2236
1469	0.021049439907073975	0.021049439907073975	+	2237
7944	0.02104421705007553	0.02104421705007553	+	2238
9601	-0.021039048209786415	0.021039048209786415	-	2239
1909	-0.02103663608431816	0.02103663608431816	-	2240
4678	0.02103477716445923	0.02103477716445923	+	2241
8880	-0.021022923290729523	0.021022923290729523	-	2242
9686	-0.021000657230615616	0.021000657230615616	-	2243
3153	-0.0209878571331501	0.0209878571331501	-	2244
7415	-0.02097860909998417	0.02097860909998417	-	2245
2307	-0.020958557724952698	0.020958557724952698	-	2246
6854	0.020958006381988525	0.020958006381988525	+	2247
1262	-0.020955011248588562	0.020955011248588562	-	2248
8373	-0.020953744649887085	0.020953744649887085	-	2249
4791	-0.02092931792140007	0.02092931792140007	-	2250
3798	0.020927779376506805	0.020927779376506805	+	2251
5052	-0.020914897322654724	0.020914897322654724	-	2252
5128	-0.020911119878292084	0.020911119878292084	-	2253
9862	-0.020902857184410095	0.020902857184410095	-	2254
5502	-0.02089722827076912	0.02089722827076912	-	2255
560	-0.020886637270450592	0.020886637270450592	-	2256
67	-0.020866915583610535	0.020866915583610535	-	2257
9800	0.020852170884609222	0.020852170884609222	+	2258
3893	-0.020830441266298294	0.020830441266298294	-	2259
8752	-0.020825719460844994	0.020825719460844994	-	2260
2876	-0.020825102925300598	0.020825102925300598	-	2261
358	0.020819321274757385	0.020819321274757385	+	2262
1015	0.02081535942852497	0.02081535942852497	+	2263
4527	-0.020811019465327263	0.020811019465327263	-	2264
4513	-0.020808890461921692	0.020808890461921692	-	2265
2952	0.02080243080854416	0.02080243080854416	+	2266
5807	-0.020779656246304512	0.020779656246304512	-	2267
7197	-0.020769892260432243	0.020769892260432243	-	2268
6797	-0.02076452597975731	0.02076452597975731	-	2269
9610	-0.02074609138071537	0.02074609138071537	-	2270
3299	-0.020743899047374725	0.020743899047374725	-	2271
1403	-0.02074161358177662	0.02074161358177662	-	2272
5998	-0.020738055929541588	0.020738055929541588	-	2273
2982	-0.020734649151563644	0.020734649151563644	-	2274
5133	-0.020719818770885468	0.020719818770885468	-	2275
4647	0.020692382007837296	0.020692382007837296	+	2276
4935	-0.020676298066973686	0.020676298066973686	-	2277
4077	-0.020669082179665565	0.020669082179665565	-	2278
9548	0.020650014281272888	0.020650014281272888	+	2279
5252	-0.02064327523112297	0.02064327523112297	-	2280
8989	-0.02063998579978943	0.02063998579978943	-	2281
1351	-0.02063736319541931	0.02063736319541931	-	2282
8131	-0.020632170140743256	0.020632170140743256	-	2283
2939	-0.020622173324227333	0.020622173324227333	-	2284
8096	-0.020613735541701317	0.020613735541701317	-	2285
5104	-0.020611615851521492	0.020611615851521492	-	2286
3323	-0.020601481199264526	0.020601481199264526	-	2287
4786	0.020590588450431824	0.020590588450431824	+	2288
3654	-0.02057843655347824	0.02057843655347824	-	2289
2828	-0.020575830712914467	0.020575830712914467	-	2290
2927	-0.02056165784597397	0.02056165784597397	-	2291
5696	0.020554274320602417	0.020554274320602417	+	2292
2266	-0.02054198831319809	0.02054198831319809	-	2293
1342	0.02053603157401085	0.02053603157401085	+	2294
3920	-0.020524708554148674	0.020524708554148674	-	2295
1848	-0.020512014627456665	0.020512014627456665	-	2296
2711	-0.020510699599981308	0.020510699599981308	-	2297
6453	0.020503491163253784	0.020503491163253784	+	2298
1359	-0.020493939518928528	0.020493939518928528	-	2299
6236	-0.02048897184431553	0.02048897184431553	-	2300
8105	-0.020479051396250725	0.020479051396250725	-	2301
8860	0.020474545657634735	0.020474545657634735	+	2302
6687	-0.020471427589654922	0.020471427589654922	-	2303
8281	-0.020468493923544884	0.020468493923544884	-	2304
9384	-0.020464690402150154	0.020464690402150154	-	2305
5232	-0.020458348095417023	0.020458348095417023	-	2306
8177	-0.020442605018615723	0.020442605018615723	-	2307
6894	-0.020441465079784393	0.020441465079784393	-	2308
9522	-0.020411839708685875	0.020411839708685875	-	2309
6628	-0.020406410098075867	0.020406410098075867	-	2310
2006	0.020394548773765564	0.020394548773765564	+	2311
1491	-0.02038954198360443	0.02038954198360443	-	2312
6596	-0.02038712054491043	0.02038712054491043	-	2313
9850	-0.020371198654174805	0.020371198654174805	-	2314
10110	-0.020368244498968124	0.020368244498968124	-	2315
1086	-0.02034890092909336	0.02034890092909336	-	2316
2911	0.020344212651252747	0.020344212651252747	+	2317
2572	-0.02031850814819336	0.02031850814819336	-	2318
10024	-0.020306752994656563	0.020306752994656563	-	2319
8796	-0.020306585356593132	0.020306585356593132	-	2320
9169	-0.02029716596007347	0.02029716596007347	-	2321
9313	-0.020287824794650078	0.020287824794650078	-	2322
3580	-0.02027980051934719	0.02027980051934719	-	2323
6985	-0.0202668197453022	0.0202668197453022	-	2324
3740	-0.020265713334083557	0.020265713334083557	-	2325
4127	-0.0202631875872612	0.0202631875872612	-	2326
1447	-0.020236201584339142	0.020236201584339142	-	2327
1936	-0.020233359187841415	0.020233359187841415	-	2328
90	-0.020219631493091583	0.020219631493091583	-	2329
2716	-0.020216714590787888	0.020216714590787888	-	2330
8701	0.020209331065416336	0.020209331065416336	+	2331
6944	-0.020207451656460762	0.020207451656460762	-	2332
3863	-0.020205819979310036	0.020205819979310036	-	2333
9739	-0.020202169194817543	0.020202169194817543	-	2334
3875	0.02019500359892845	0.02019500359892845	+	2335
8145	-0.02019495517015457	0.02019495517015457	-	2336
4989	-0.02019372768700123	0.02019372768700123	-	2337
2104	-0.020191257819533348	0.020191257819533348	-	2338
7056	-0.020182238891720772	0.020182238891720772	-	2339
2788	-0.020169084891676903	0.020169084891676903	-	2340
6260	-0.02014840766787529	0.02014840766787529	-	2341
5589	0.020147114992141724	0.020147114992141724	+	2342
7882	-0.02014271169900894	0.02014271169900894	-	2343
3626	-0.020131200551986694	0.020131200551986694	-	2344
4303	0.020125165581703186	0.020125165581703186	+	2345
8807	-0.0201166532933712	0.0201166532933712	-	2346
7085	0.020115502178668976	0.020115502178668976	+	2347
372	-0.020114246755838394	0.020114246755838394	-	2348
7549	-0.02008337900042534	0.02008337900042534	-	2349
9241	0.02007845789194107	0.02007845789194107	+	2350
7827	-0.020060822367668152	0.020060822367668152	-	2351
280	-0.02006031945347786	0.02006031945347786	-	2352
1463	-0.02005809359252453	0.02005809359252453	-	2353
8720	0.02005145698785782	0.02005145698785782	+	2354
654	-0.02003413438796997	0.02003413438796997	-	2355
4048	-0.020028389990329742	0.020028389990329742	-	2356
9002	-0.020026259124279022	0.020026259124279022	-	2357
4474	-0.020026206970214844	0.020026206970214844	-	2358
4951	0.020023107528686523	0.020023107528686523	+	2359
3846	-0.020016971975564957	0.020016971975564957	-	2360
4502	-0.02001315727829933	0.02001315727829933	-	2361
923	-0.020012836903333664	0.020012836903333664	-	2362
2660	-0.020011940971016884	0.020011940971016884	-	2363
8794	-0.020000189542770386	0.020000189542770386	-	2364
1699	-0.019991949200630188	0.019991949200630188	-	2365
9487	0.019977927207946777	0.019977927207946777	+	2366
5411	0.01995433121919632	0.01995433121919632	+	2367
10160	0.01994926482439041	0.01994926482439041	+	2368
7686	-0.019924063235521317	0.019924063235521317	-	2369
5424	-0.019919857382774353	0.019919857382774353	-	2370
2973	-0.01991865783929825	0.01991865783929825	-	2371
908	-0.019905149936676025	0.019905149936676025	-	2372
9655	-0.019904574379324913	0.019904574379324913	-	2373
6951	-0.019902607426047325	0.019902607426047325	-	2374
6743	-0.01987922191619873	0.01987922191619873	-	2375
8448	-0.01987043023109436	0.01987043023109436	-	2376
1118	0.01985258422791958	0.01985258422791958	+	2377
9421	-0.019846756011247635	0.019846756011247635	-	2378
2386	-0.019846688956022263	0.019846688956022263	-	2379
4019	0.019846521317958832	0.019846521317958832	+	2380
5759	-0.019815076142549515	0.019815076142549515	-	2381
4720	-0.01980261132121086	0.01980261132121086	-	2382
4257	-0.019777342677116394	0.019777342677116394	-	2383
8088	0.019761692732572556	0.019761692732572556	+	2384
3014	-0.019755758345127106	0.019755758345127106	-	2385
7407	-0.019751226529479027	0.019751226529479027	-	2386
4532	0.019734743982553482	0.019734743982553482	+	2387
10203	-0.0197112038731575	0.0197112038731575	-	2388
8521	-0.019670438021421432	0.019670438021421432	-	2389
1567	-0.01966710388660431	0.01966710388660431	-	2390
861	-0.019666146486997604	0.019666146486997604	-	2391
147	-0.019659768790006638	0.019659768790006638	-	2392
5243	-0.01965370588004589	0.01965370588004589	-	2393
1603	-0.019652966409921646	0.019652966409921646	-	2394
7410	-0.0196510162204504	0.0196510162204504	-	2395
5465	-0.019649289548397064	0.019649289548397064	-	2396
3102	-0.01964600756764412	0.01964600756764412	-	2397
2560	-0.019645636901259422	0.019645636901259422	-	2398
5226	-0.019640333950519562	0.019640333950519562	-	2399
2133	-0.019601158797740936	0.019601158797740936	-	2400
7649	0.019600003957748413	0.019600003957748413	+	2401
8487	-0.019566914066672325	0.019566914066672325	-	2402
762	-0.01954822614789009	0.01954822614789009	-	2403
3967	-0.019540969282388687	0.019540969282388687	-	2404
2041	-0.019531406462192535	0.019531406462192535	-	2405
1260	-0.01952684298157692	0.01952684298157692	-	2406
3309	-0.019518014043569565	0.019518014043569565	-	2407
232	0.019515439867973328	0.019515439867973328	+	2408
8589	-0.019508322700858116	0.019508322700858116	-	2409
4842	-0.019495125859975815	0.019495125859975815	-	2410
5958	-0.019492220133543015	0.019492220133543015	-	2411
5943	-0.019462119787931442	0.019462119787931442	-	2412
1107	0.019459910690784454	0.019459910690784454	+	2413
9066	-0.019456729292869568	0.019456729292869568	-	2414
8319	-0.01943057030439377	0.01943057030439377	-	2415
10090	-0.019414475187659264	0.019414475187659264	-	2416
4773	-0.019413458183407784	0.019413458183407784	-	2417
6791	-0.019411595538258553	0.019411595538258553	-	2418
9761	-0.019402798265218735	0.019402798265218735	-	2419
9551	0.019393250346183777	0.019393250346183777	+	2420
8618	-0.019368760287761688	0.019368760287761688	-	2421
2852	-0.01934998854994774	0.01934998854994774	-	2422
5885	-0.019349195063114166	0.019349195063114166	-	2423
1363	-0.01932758092880249	0.01932758092880249	-	2424
4592	-0.019319213926792145	0.019319213926792145	-	2425
5572	-0.019309107214212418	0.019309107214212418	-	2426
3945	-0.019291333854198456	0.019291333854198456	-	2427
2100	-0.01929083839058876	0.01929083839058876	-	2428
1467	-0.019274506717920303	0.019274506717920303	-	2429
8652	-0.01924274116754532	0.01924274116754532	-	2430
1598	-0.01923980563879013	0.01923980563879013	-	2431
157	-0.019237250089645386	0.019237250089645386	-	2432
1666	-0.019223740324378014	0.019223740324378014	-	2433
8764	-0.019223369657993317	0.019223369657993317	-	2434
7033	-0.019193941727280617	0.019193941727280617	-	2435
2046	-0.019188612699508667	0.019188612699508667	-	2436
5368	0.019188225269317627	0.019188225269317627	+	2437
7905	0.0191817507147789	0.0191817507147789	+	2438
7875	-0.01917642168700695	0.01917642168700695	-	2439
9457	-0.019167285412549973	0.019167285412549973	-	2440
10151	0.019167158752679825	0.019167158752679825	+	2441
1757	-0.019164010882377625	0.019164010882377625	-	2442
3143	-0.019156359136104584	0.019156359136104584	-	2443
5431	-0.019144415855407715	0.019144415855407715	-	2444
4611	-0.019130242988467216	0.019130242988467216	-	2445
3939	-0.01911979913711548	0.01911979913711548	-	2446
8886	-0.019105425104498863	0.019105425104498863	-	2447
10138	-0.019096747040748596	0.019096747040748596	-	2448
6749	-0.0190836563706398	0.0190836563706398	-	2449
4445	-0.019083328545093536	0.019083328545093536	-	2450
6826	-0.019076498225331306	0.019076498225331306	-	2451
2882	0.01907620206475258	0.01907620206475258	+	2452
4113	-0.01902957633137703	0.01902957633137703	-	2453
5868	-0.019013140350580215	0.019013140350580215	-	2454
8918	0.018997922539711	0.018997922539711	+	2455
6656	-0.018986709415912628	0.018986709415912628	-	2456
3318	-0.0189866591244936	0.0189866591244936	-	2457
574	-0.018985997885465622	0.018985997885465622	-	2458
4808	-0.018974758684635162	0.018974758684635162	-	2459
4495	-0.018954358994960785	0.018954358994960785	-	2460
4405	-0.018950235098600388	0.018950235098600388	-	2461
4726	0.018901338800787926	0.018901338800787926	+	2462
826	0.018897365778684616	0.018897365778684616	+	2463
9831	-0.018882106989622116	0.018882106989622116	-	2464
874	-0.018876463174819946	0.018876463174819946	-	2465
5242	-0.018871741369366646	0.018871741369366646	-	2466
5919	-0.018871720880270004	0.018871720880270004	-	2467
9381	-0.018862083554267883	0.018862083554267883	-	2468
3474	-0.018852323293685913	0.018852323293685913	-	2469
1425	0.018851488828659058	0.018851488828659058	+	2470
7084	-0.01883978396654129	0.01883978396654129	-	2471
29	0.018838610500097275	0.018838610500097275	+	2472
6713	-0.01882302574813366	0.01882302574813366	-	2473
5955	-0.01882084086537361	0.01882084086537361	-	2474
311	0.01881733536720276	0.01881733536720276	+	2475
7302	-0.018814006820321083	0.018814006820321083	-	2476
2819	-0.018801040947437286	0.018801040947437286	-	2477
240	0.018787264823913574	0.018787264823913574	+	2478
2864	-0.018746625632047653	0.018746625632047653	-	2479
454	-0.01874414272606373	0.01874414272606373	-	2480
5816	-0.01874363422393799	0.01874363422393799	-	2481
7002	0.01873481646180153	0.01873481646180153	+	2482
2322	-0.018716175109148026	0.018716175109148026	-	2483
9323	-0.01870887726545334	0.01870887726545334	-	2484
5037	0.018701761960983276	0.018701761960983276	+	2485
9662	-0.018699266016483307	0.018699266016483307	-	2486
2969	-0.018684029579162598	0.018684029579162598	-	2487
3877	-0.018668701872229576	0.018668701872229576	-	2488
8743	-0.01866035908460617	0.01866035908460617	-	2489
5566	-0.018639007583260536	0.018639007583260536	-	2490
3068	-0.01859511435031891	0.01859511435031891	-	2491
896	0.01858523115515709	0.01858523115515709	+	2492
5439	-0.018567148596048355	0.018567148596048355	-	2493
8544	-0.01856417953968048	0.01856417953968048	-	2494
2126	-0.018562518060207367	0.018562518060207367	-	2495
9415	-0.018536772578954697	0.018536772578954697	-	2496
3931	-0.018486788496375084	0.018486788496375084	-	2497
4219	0.018467208370566368	0.018467208370566368	+	2498
5894	-0.018455464392900467	0.018455464392900467	-	2499
3852	-0.018441369757056236	0.018441369757056236	-	2500
5847	-0.018426861613988876	0.018426861613988876	-	2501
1172	0.01842452585697174	0.01842452585697174	+	2502
3837	0.01840979978442192	0.01840979978442192	+	2503
9870	-0.018398327752947807	0.018398327752947807	-	2504
7616	-0.018393930047750473	0.018393930047750473	-	2505
7878	0.018388673663139343	0.018388673663139343	+	2506
8133	-0.01838221400976181	0.01838221400976181	-	2507
8810	-0.01838115230202675	0.01838115230202675	-	2508
59	0.018361389636993408	0.018361389636993408	+	2509
8477	-0.018338941037654877	0.018338941037654877	-	2510
5814	-0.018325645476579666	0.018325645476579666	-	2511
3975	-0.01832546293735504	0.01832546293735504	-	2512
5185	0.018322180956602097	0.018322180956602097	+	2513
6825	-0.01831929385662079	0.01831929385662079	-	2514
8553	-0.018306497484445572	0.018306497484445572	-	2515
5935	-0.018303729593753815	0.018303729593753815	-	2516
7868	-0.018296100199222565	0.018296100199222565	-	2517
432	0.018294617533683777	0.018294617533683777	+	2518
9789	-0.018287301063537598	0.018287301063537598	-	2519
363	0.018280088901519775	0.018280088901519775	+	2520
4711	-0.018273215740919113	0.018273215740919113	-	2521
1305	-0.018263185396790504	0.018263185396790504	-	2522
3398	0.01822216808795929	0.01822216808795929	+	2523
4210	-0.018218809738755226	0.018218809738755226	-	2524
5178	-0.01819131150841713	0.01819131150841713	-	2525
3532	-0.018182896077632904	0.018182896077632904	-	2526
938	-0.018174756318330765	0.018174756318330765	-	2527
693	-0.01815333217382431	0.01815333217382431	-	2528
7664	-0.018150851130485535	0.018150851130485535	-	2529
2663	0.018138080835342407	0.018138080835342407	+	2530
3564	-0.018080495297908783	0.018080495297908783	-	2531
7912	0.018063407391309738	0.018063407391309738	+	2532
3545	-0.018056994304060936	0.018056994304060936	-	2533
1794	-0.018047481775283813	0.018047481775283813	-	2534
5386	-0.018040411174297333	0.018040411174297333	-	2535
9794	0.018037376925349236	0.018037376925349236	+	2536
2339	-0.01803615689277649	0.01803615689277649	-	2537
2138	0.018032684922218323	0.018032684922218323	+	2538
8069	-0.018029607832431793	0.018029607832431793	-	2539
10177	-0.018020546063780785	0.018020546063780785	-	2540
6126	-0.018018871545791626	0.018018871545791626	-	2541
9467	0.018008798360824585	0.018008798360824585	+	2542
6927	-0.017988011240959167	0.017988011240959167	-	2543
6593	-0.017984602600336075	0.017984602600336075	-	2544
4806	-0.017984136939048767	0.017984136939048767	-	2545
6061	-0.017925942316651344	0.017925942316651344	-	2546
8883	0.017916906625032425	0.017916906625032425	+	2547
6144	-0.017911573871970177	0.017911573871970177	-	2548
4865	0.01790778338909149	0.01790778338909149	+	2549
5444	-0.017900636419653893	0.017900636419653893	-	2550
7039	-0.01787795126438141	0.01787795126438141	-	2551
7442	-0.01787077635526657	0.01787077635526657	-	2552
4991	-0.01786366105079651	0.01786366105079651	-	2553
4904	0.017859160900115967	0.017859160900115967	+	2554
5992	-0.017856571823358536	0.017856571823358536	-	2555
739	-0.017851321026682854	0.017851321026682854	-	2556
4232	0.017849892377853394	0.017849892377853394	+	2557
8950	-0.017841249704360962	0.017841249704360962	-	2558
4129	0.017837420105934143	0.017837420105934143	+	2559
9395	0.017831310629844666	0.017831310629844666	+	2560
6117	0.01782875508069992	0.01782875508069992	+	2561
3993	-0.01782473549246788	0.01782473549246788	-	2562
9000	-0.017805200070142746	0.017805200070142746	-	2563
187	-0.017805039882659912	0.017805039882659912	-	2564
1587	0.017794545739889145	0.017794545739889145	+	2565
9985	0.01778612658381462	0.01778612658381462	+	2566
3549	-0.01777447946369648	0.01777447946369648	-	2567
7026	0.017774373292922974	0.017774373292922974	+	2568
1690	-0.017772063612937927	0.017772063612937927	-	2569
5609	0.017749862745404243	0.017749862745404243	+	2570
6246	-0.01774800941348076	0.01774800941348076	-	2571
4151	0.017742380499839783	0.017742380499839783	+	2572
6872	-0.01773764379322529	0.01773764379322529	-	2573
8888	-0.017734721302986145	0.017734721302986145	-	2574
7895	-0.017733318731188774	0.017733318731188774	-	2575
6263	-0.01773149147629738	0.01773149147629738	-	2576
6684	-0.01772528700530529	0.01772528700530529	-	2577
2157	-0.017724275588989258	0.017724275588989258	-	2578
2604	0.01771572418510914	0.01771572418510914	+	2579
2779	-0.017710397019982338	0.017710397019982338	-	2580
3981	-0.017704367637634277	0.017704367637634277	-	2581
4744	-0.01769915781915188	0.01769915781915188	-	2582
760	-0.01769423857331276	0.01769423857331276	-	2583
4930	-0.01768510416150093	0.01768510416150093	-	2584
1437	-0.017682958394289017	0.017682958394289017	-	2585
6946	-0.017638027667999268	0.017638027667999268	-	2586
3682	-0.01763032004237175	0.01763032004237175	-	2587
2251	-0.0176045224070549	0.0176045224070549	-	2588
479	-0.017603453248739243	0.017603453248739243	-	2589
1530	0.017599105834960938	0.017599105834960938	+	2590
8463	0.017590999603271484	0.017590999603271484	+	2591
5989	0.017588019371032715	0.017588019371032715	+	2592
510	-0.01758366823196411	0.01758366823196411	-	2593
3579	-0.017582986503839493	0.017582986503839493	-	2594
8574	-0.017575807869434357	0.017575807869434357	-	2595
9796	-0.017572931945323944	0.017572931945323944	-	2596
2883	-0.017570307478308678	0.017570307478308678	-	2597
6049	-0.017567839473485947	0.017567839473485947	-	2598
6346	-0.017563091591000557	0.017563091591000557	-	2599
6806	0.01755811646580696	0.01755811646580696	+	2600
10046	-0.017551805824041367	0.017551805824041367	-	2601
5262	0.017529424279928207	0.017529424279928207	+	2602
5333	0.017522215843200684	0.017522215843200684	+	2603
4466	-0.017516369000077248	0.017516369000077248	-	2604
3242	-0.017511844635009766	0.017511844635009766	-	2605
8434	-0.017507068812847137	0.017507068812847137	-	2606
7135	-0.017497528344392776	0.017497528344392776	-	2607
798	-0.01748725213110447	0.01748725213110447	-	2608
2912	-0.0174858421087265	0.0174858421087265	-	2609
8689	0.017481649294495583	0.017481649294495583	+	2610
6198	-0.01747606322169304	0.01747606322169304	-	2611
6202	-0.017471129074692726	0.017471129074692726	-	2612
2863	-0.017454415559768677	0.017454415559768677	-	2613
2582	-0.01744396612048149	0.01744396612048149	-	2614
9775	0.017434602603316307	0.017434602603316307	+	2615
3232	0.0174330435693264	0.0174330435693264	+	2616
8344	-0.017425866797566414	0.017425866797566414	-	2617
8201	-0.017421120777726173	0.017421120777726173	-	2618
2801	-0.017406536266207695	0.017406536266207695	-	2619
5940	0.017385870218276978	0.017385870218276978	+	2620
3217	-0.017378168180584908	0.017378168180584908	-	2621
1959	-0.017364434897899628	0.017364434897899628	-	2622
10077	-0.017354825511574745	0.017354825511574745	-	2623
9482	-0.017346298322081566	0.017346298322081566	-	2624
8970	0.017341915518045425	0.017341915518045425	+	2625
5727	-0.017335237935185432	0.017335237935185432	-	2626
68	-0.01733466424047947	0.01733466424047947	-	2627
2208	-0.01733432710170746	0.01733432710170746	-	2628
2531	-0.017329905182123184	0.017329905182123184	-	2629
7766	-0.017298908904194832	0.017298908904194832	-	2630
7411	-0.017285145819187164	0.017285145819187164	-	2631
562	0.017278969287872314	0.017278969287872314	+	2632
3206	0.017275869846343994	0.017275869846343994	+	2633
6994	-0.017259273678064346	0.017259273678064346	-	2634
7266	-0.017252963036298752	0.017252963036298752	-	2635
301	-0.017252832651138306	0.017252832651138306	-	2636
405	-0.017234111204743385	0.017234111204743385	-	2637
1367	-0.01723388209939003	0.01723388209939003	-	2638
6677	-0.01721392758190632	0.01721392758190632	-	2639
1187	-0.01720336824655533	0.01720336824655533	-	2640
9158	-0.017190054059028625	0.017190054059028625	-	2641
6754	0.01716715842485428	0.01716715842485428	+	2642
3692	-0.01716388389468193	0.01716388389468193	-	2643
7171	-0.017147641628980637	0.017147641628980637	-	2644
10080	-0.017146486788988113	0.017146486788988113	-	2645
3276	0.017139989882707596	0.017139989882707596	+	2646
6675	0.017137940973043442	0.017137940973043442	+	2647
2642	0.01710154116153717	0.01710154116153717	+	2648
7263	-0.017093345522880554	0.017093345522880554	-	2649
6340	-0.01708730310201645	0.01708730310201645	-	2650
1813	-0.017079725861549377	0.017079725861549377	-	2651
2725	-0.017071573063731194	0.017071573063731194	-	2652
8554	0.01706566847860813	0.01706566847860813	+	2653
4350	-0.017052648589015007	0.017052648589015007	-	2654
6928	0.017051227390766144	0.017051227390766144	+	2655
6880	-0.01704050414264202	0.01704050414264202	-	2656
5147	-0.01703527569770813	0.01703527569770813	-	2657
5485	-0.01702718436717987	0.01702718436717987	-	2658
876	-0.017018184065818787	0.017018184065818787	-	2659
1614	0.01700650155544281	0.01700650155544281	+	2660
5729	0.016989022493362427	0.016989022493362427	+	2661
9724	-0.016977915540337563	0.016977915540337563	-	2662
7070	-0.016970466822385788	0.016970466822385788	-	2663
753	-0.016959618777036667	0.016959618777036667	-	2664
5570	-0.016949515789747238	0.016949515789747238	-	2665
4033	0.016930948942899704	0.016930948942899704	+	2666
6143	-0.016929209232330322	0.016929209232330322	-	2667
66	-0.016928866505622864	0.016928866505622864	-	2668
8160	-0.01692819595336914	0.01692819595336914	-	2669
9219	-0.016927193850278854	0.016927193850278854	-	2670
7524	-0.016922861337661743	0.016922861337661743	-	2671
1760	-0.016917839646339417	0.016917839646339417	-	2672
5427	-0.016914192587137222	0.016914192587137222	-	2673
5979	0.016913190484046936	0.016913190484046936	+	2674
5283	-0.016902700066566467	0.016902700066566467	-	2675
2382	0.016900647431612015	0.016900647431612015	+	2676
3849	0.016894057393074036	0.016894057393074036	+	2677
9822	-0.016889672726392746	0.016889672726392746	-	2678
1612	-0.016885370016098022	0.016885370016098022	-	2679
3431	-0.016881762072443962	0.016881762072443962	-	2680
339	-0.016880623996257782	0.016880623996257782	-	2681
6259	-0.016879994422197342	0.016879994422197342	-	2682
8411	0.016877084970474243	0.016877084970474243	+	2683
8409	-0.016875851899385452	0.016875851899385452	-	2684
6243	-0.016873272135853767	0.016873272135853767	-	2685
8653	-0.016871795058250427	0.016871795058250427	-	2686
1382	-0.016861632466316223	0.016861632466316223	-	2687
2566	-0.016861453652381897	0.016861453652381897	-	2688
462	-0.016857944428920746	0.016857944428920746	-	2689
6831	0.016855310648679733	0.016855310648679733	+	2690
4326	0.016853569075465202	0.016853569075465202	+	2691
6036	-0.0168378334492445	0.0168378334492445	-	2692
3873	-0.016836266964673996	0.016836266964673996	-	2693
1918	0.016830971464514732	0.016830971464514732	+	2694
9387	0.016830366104841232	0.016830366104841232	+	2695
8473	0.01682649552822113	0.01682649552822113	+	2696
8271	0.016825877130031586	0.016825877130031586	+	2697
2368	0.016819089651107788	0.016819089651107788	+	2698
2605	0.016817960888147354	0.016817960888147354	+	2699
2967	-0.016811663284897804	0.016811663284897804	-	2700
8029	0.01680094376206398	0.01680094376206398	+	2701
3140	-0.016795532777905464	0.016795532777905464	-	2702
8861	-0.01679309457540512	0.01679309457540512	-	2703
8645	-0.016790851950645447	0.016790851950645447	-	2704
10168	-0.016789348796010017	0.016789348796010017	-	2705
10185	-0.016770698130130768	0.016770698130130768	-	2706
6306	-0.016769688576459885	0.016769688576459885	-	2707
377	0.016764715313911438	0.016764715313911438	+	2708
2234	-0.016756705939769745	0.016756705939769745	-	2709
7003	-0.01673414185643196	0.01673414185643196	-	2710
7593	-0.016731128096580505	0.016731128096580505	-	2711
8276	-0.01672963798046112	0.01672963798046112	-	2712
3	-0.016725990921258926	0.016725990921258926	-	2713
9965	-0.016716985031962395	0.016716985031962395	-	2714
9139	0.016714654862880707	0.016714654862880707	+	2715
9563	-0.016708221286535263	0.016708221286535263	-	2716
1812	0.016707951202988625	0.016707951202988625	+	2717
3364	-0.01670745573937893	0.01670745573937893	-	2718
6247	-0.01670127362012863	0.01670127362012863	-	2719
7774	0.01670045405626297	0.01670045405626297	+	2720
4358	-0.01668594777584076	0.01668594777584076	-	2721
4020	0.016674954444169998	0.016674954444169998	+	2722
7928	-0.016665680333971977	0.016665680333971977	-	2723
1423	-0.01666545681655407	0.01666545681655407	-	2724
9411	-0.01666409522294998	0.01666409522294998	-	2725
8795	-0.016648568212985992	0.016648568212985992	-	2726
7985	-0.01664498820900917	0.01664498820900917	-	2727
6938	-0.0166366845369339	0.0166366845369339	-	2728
2202	0.016634725034236908	0.016634725034236908	+	2729
2417	-0.01661970093846321	0.01661970093846321	-	2730
5364	-0.016602063551545143	0.016602063551545143	-	2731
10157	-0.016600634902715683	0.016600634902715683	-	2732
5362	-0.016595475375652313	0.016595475375652313	-	2733
7256	0.01659277454018593	0.01659277454018593	+	2734
279	0.016589229926466942	0.016589229926466942	+	2735
2233	-0.01658535748720169	0.01658535748720169	-	2736
6477	-0.016575269401073456	0.016575269401073456	-	2737
7076	-0.016561955213546753	0.016561955213546753	-	2738
3736	0.016544781625270844	0.016544781625270844	+	2739
4354	-0.016536813229322433	0.016536813229322433	-	2740
8598	-0.016530819237232208	0.016530819237232208	-	2741
9434	-0.016515564173460007	0.016515564173460007	-	2742
1101	-0.016515467315912247	0.016515467315912247	-	2743
2362	-0.01651240885257721	0.01651240885257721	-	2744
4368	-0.016510164365172386	0.016510164365172386	-	2745
8548	-0.016497822478413582	0.016497822478413582	-	2746
2635	-0.016495637595653534	0.016495637595653534	-	2747
5642	-0.016495291143655777	0.016495291143655777	-	2748
10121	-0.016480671241879463	0.016480671241879463	-	2749
9094	-0.016450185328722	0.016450185328722	-	2750
9388	-0.016436725854873657	0.016436725854873657	-	2751
2077	-0.016422055661678314	0.016422055661678314	-	2752
9581	-0.016419626772403717	0.016419626772403717	-	2753
4985	-0.016417626291513443	0.016417626291513443	-	2754
1563	-0.016397200524806976	0.016397200524806976	-	2755
7054	-0.016393668949604034	0.016393668949604034	-	2756
3147	0.01639150083065033	0.01639150083065033	+	2757
6372	-0.016383927315473557	0.016383927315473557	-	2758
4482	-0.016369862481951714	0.016369862481951714	-	2759
1192	0.016353346407413483	0.016353346407413483	+	2760
7376	-0.016342710703611374	0.016342710703611374	-	2761
5084	0.01633603498339653	0.01633603498339653	+	2762
4071	-0.016333449631929398	0.016333449631929398	-	2763
2065	-0.016331657767295837	0.016331657767295837	-	2764
8951	0.016328126192092896	0.016328126192092896	+	2765
242	-0.016318103298544884	0.016318103298544884	-	2766
5719	-0.01630571112036705	0.01630571112036705	-	2767
3329	-0.01629927195608616	0.01629927195608616	-	2768
3707	-0.01628527231514454	0.01628527231514454	-	2769
4627	-0.01628510281443596	0.01628510281443596	-	2770
2561	-0.016272835433483124	0.016272835433483124	-	2771
9837	-0.016243401914834976	0.016243401914834976	-	2772
2007	0.016241438686847687	0.016241438686847687	+	2773
3011	-0.016240742057561874	0.016240742057561874	-	2774
9929	-0.016230201348662376	0.016230201348662376	-	2775
1900	-0.016228822991251945	0.016228822991251945	-	2776
7529	-0.01622508093714714	0.01622508093714714	-	2777
8594	-0.016204623505473137	0.016204623505473137	-	2778
6383	0.016202326864004135	0.016202326864004135	+	2779
2944	-0.01620006561279297	0.01620006561279297	-	2780
7468	-0.016190439462661743	0.016190439462661743	-	2781
3393	-0.01617840677499771	0.01617840677499771	-	2782
3351	-0.016170095652341843	0.016170095652341843	-	2783
1441	-0.01616765931248665	0.01616765931248665	-	2784
2228	-0.016161520034074783	0.016161520034074783	-	2785
6151	-0.016157813370227814	0.016157813370227814	-	2786
976	-0.016157783567905426	0.016157783567905426	-	2787
8820	0.01614999771118164	0.01614999771118164	+	2788
6479	-0.01614299789071083	0.01614299789071083	-	2789
3509	-0.016135141253471375	0.016135141253471375	-	2790
3077	-0.016131754964590073	0.016131754964590073	-	2791
9873	-0.01611887663602829	0.01611887663602829	-	2792
5487	-0.01611477881669998	0.01611477881669998	-	2793
2854	-0.01611146703362465	0.01611146703362465	-	2794
959	-0.01611045002937317	0.01611045002937317	-	2795
376	0.016096629202365875	0.016096629202365875	+	2796
6413	-0.016092265024781227	0.016092265024781227	-	2797
3310	0.01608724147081375	0.01608724147081375	+	2798
767	-0.016078758984804153	0.016078758984804153	-	2799
7287	-0.016074709594249725	0.016074709594249725	-	2800
7927	-0.01606100983917713	0.01606100983917713	-	2801
281	-0.01605556532740593	0.01605556532740593	-	2802
2814	-0.016039473935961723	0.016039473935961723	-	2803
2274	-0.01603103242814541	0.01603103242814541	-	2804
2408	-0.016028782352805138	0.016028782352805138	-	2805
8398	-0.01602131873369217	0.01602131873369217	-	2806
3961	-0.016014432534575462	0.016014432534575462	-	2807
6232	-0.016000498086214066	0.016000498086214066	-	2808
21	-0.015998363494873047	0.015998363494873047	-	2809
1402	-0.0159976314753294	0.0159976314753294	-	2810
175	0.01599607616662979	0.01599607616662979	+	2811
9832	-0.015982668846845627	0.015982668846845627	-	2812
6051	-0.0159674733877182	0.0159674733877182	-	2813
6408	0.015956182032823563	0.015956182032823563	+	2814
6635	-0.015950888395309448	0.015950888395309448	-	2815
5413	-0.015943966805934906	0.015943966805934906	-	2816
9961	-0.015937592834234238	0.015937592834234238	-	2817
4367	0.015912353992462158	0.015912353992462158	+	2818
10231	-0.015909750014543533	0.015909750014543533	-	2819
4832	-0.015903735533356667	0.015903735533356667	-	2820
8833	0.015901736915111542	0.015901736915111542	+	2821
4390	-0.015895266085863113	0.015895266085863113	-	2822
6568	-0.015878301113843918	0.015878301113843918	-	2823
7107	-0.015872327610850334	0.015872327610850334	-	2824
263	-0.015852931886911392	0.015852931886911392	-	2825
810	-0.015819504857063293	0.015819504857063293	-	2826
6960	-0.015808813273906708	0.015808813273906708	-	2827
9004	0.01580839790403843	0.01580839790403843	+	2828
661	-0.015801584348082542	0.015801584348082542	-	2829
288	-0.015801431611180305	0.015801431611180305	-	2830
7923	-0.015783682465553284	0.015783682465553284	-	2831
4653	0.01577875390648842	0.01577875390648842	+	2832
43	-0.01576748676598072	0.01576748676598072	-	2833
3662	0.01576121151447296	0.01576121151447296	+	2834
3833	-0.015758465975522995	0.015758465975522995	-	2835
6614	-0.015747155994176865	0.015747155994176865	-	2836
7424	-0.01573607698082924	0.01573607698082924	-	2837
205	0.015732426196336746	0.015732426196336746	+	2838
7613	-0.015727752819657326	0.015727752819657326	-	2839
1154	-0.015726516023278236	0.015726516023278236	-	2840
10238	-0.015704743564128876	0.015704743564128876	-	2841
8786	-0.015671884641051292	0.015671884641051292	-	2842
3839	-0.015665646642446518	0.015665646642446518	-	2843
5735	-0.01565743051469326	0.01565743051469326	-	2844
9455	0.015657275915145874	0.015657275915145874	+	2845
1361	-0.015656717121601105	0.015656717121601105	-	2846
3129	-0.01562141627073288	0.01562141627073288	-	2847
2421	-0.015610620379447937	0.015610620379447937	-	2848
6446	-0.015606913715600967	0.015606913715600967	-	2849
8783	0.015606105327606201	0.015606105327606201	+	2850
7735	-0.015606086701154709	0.015606086701154709	-	2851
1512	-0.015598028898239136	0.015598028898239136	-	2852
8134	-0.01559159904718399	0.01559159904718399	-	2853
10207	-0.0155799500644207	0.0155799500644207	-	2854
7073	-0.015554741956293583	0.015554741956293583	-	2855
1680	-0.015553989447653294	0.015553989447653294	-	2856
943	-0.015548691153526306	0.015548691153526306	-	2857
6608	-0.015546627342700958	0.015546627342700958	-	2858
547	-0.015516897663474083	0.015516897663474083	-	2859
2284	-0.01550920307636261	0.01550920307636261	-	2860
2817	-0.0155082568526268	0.0155082568526268	-	2861
9281	-0.015504385344684124	0.015504385344684124	-	2862
5592	-0.01548463013023138	0.01548463013023138	-	2863
4784	0.015477040782570839	0.015477040782570839	+	2864
9807	0.015457315370440483	0.015457315370440483	+	2865
3263	-0.015448378399014473	0.015448378399014473	-	2866
7195	-0.015448085032403469	0.015448085032403469	-	2867
219	-0.015433315187692642	0.015433315187692642	-	2868
9157	-0.015426993370056152	0.015426993370056152	-	2869
2551	-0.015423178672790527	0.015423178672790527	-	2870
1353	-0.015404969453811646	0.015404969453811646	-	2871
6563	-0.0154018709436059	0.0154018709436059	-	2872
5395	-0.015392153523862362	0.015392153523862362	-	2873
7916	-0.015388264320790768	0.015388264320790768	-	2874
1621	0.015381425619125366	0.015381425619125366	+	2875
3356	0.015380226075649261	0.015380226075649261	+	2876
2917	-0.015372970141470432	0.015372970141470432	-	2877
416	-0.015363479033112526	0.015363479033112526	-	2878
5740	-0.015330828726291656	0.015330828726291656	-	2879
3357	0.015327787026762962	0.015327787026762962	+	2880
8697	-0.015325278043746948	0.015325278043746948	-	2881
3504	-0.01532522402703762	0.01532522402703762	-	2882
7731	-0.015324490144848824	0.015324490144848824	-	2883
5311	-0.015314886346459389	0.015314886346459389	-	2884
6313	0.015308599919080734	0.015308599919080734	+	2885
8402	-0.015292007476091385	0.015292007476091385	-	2886
889	-0.015291486866772175	0.015291486866772175	-	2887
6689	-0.015284247696399689	0.015284247696399689	-	2888
6858	-0.015282860025763512	0.015282860025763512	-	2889
4969	-0.015278576873242855	0.015278576873242855	-	2890
10098	-0.015276908874511719	0.015276908874511719	-	2891
1137	-0.015272918157279491	0.015272918157279491	-	2892
472	-0.015269582159817219	0.015269582159817219	-	2893
3560	0.015259632840752602	0.015259632840752602	+	2894
808	-0.015258274972438812	0.015258274972438812	-	2895
6571	-0.015231054276227951	0.015231054276227951	-	2896
6970	-0.015205876901745796	0.015205876901745796	-	2897
10131	-0.01520143635571003	0.01520143635571003	-	2898
9345	0.015192629769444466	0.015192629769444466	+	2899
3541	0.015185060910880566	0.015185060910880566	+	2900
2375	-0.015183931216597557	0.015183931216597557	-	2901
7012	-0.015181660652160645	0.015181660652160645	-	2902
4112	-0.015176482498645782	0.015176482498645782	-	2903
7519	-0.015171830542385578	0.015171830542385578	-	2904
3244	-0.015170980244874954	0.015170980244874954	-	2905
4392	0.015163104981184006	0.015163104981184006	+	2906
8568	-0.01514178141951561	0.01514178141951561	-	2907
4525	-0.0151392612606287	0.0151392612606287	-	2908
7094	-0.015135517343878746	0.015135517343878746	-	2909
6959	0.015130178071558475	0.015130178071558475	+	2910
6913	-0.015123924240469933	0.015123924240469933	-	2911
9063	-0.015121234580874443	0.015121234580874443	-	2912
4224	-0.015116100199520588	0.015116100199520588	-	2913
6841	0.015096187591552734	0.015096187591552734	+	2914
5050	-0.015081774443387985	0.015081774443387985	-	2915
6385	-0.015075907111167908	0.015075907111167908	-	2916
4178	-0.015056285075843334	0.015056285075843334	-	2917
10214	0.015048230066895485	0.015048230066895485	+	2918
3751	-0.015038443729281425	0.015038443729281425	-	2919
50	-0.015027358196675777	0.015027358196675777	-	2920
8734	-0.015012592077255249	0.015012592077255249	-	2921
3327	-0.014996054582297802	0.014996054582297802	-	2922
9255	0.014987874776124954	0.014987874776124954	+	2923
5347	-0.014987122267484665	0.014987122267484665	-	2924
9478	-0.014964803121984005	0.014964803121984005	-	2925
3658	0.014953583478927612	0.014953583478927612	+	2926
4118	-0.014952970668673515	0.014952970668673515	-	2927
9663	-0.014934297651052475	0.014934297651052475	-	2928
5684	-0.014933914877474308	0.014933914877474308	-	2929
851	-0.014932570047676563	0.014932570047676563	-	2930
3463	-0.014918912202119827	0.014918912202119827	-	2931
6274	0.014907799661159515	0.014907799661159515	+	2932
6751	-0.014897672459483147	0.014897672459483147	-	2933
7558	0.014881908893585205	0.014881908893585205	+	2934
9379	-0.014881590381264687	0.014881590381264687	-	2935
3495	-0.014879289083182812	0.014879289083182812	-	2936
9480	-0.014871412888169289	0.014871412888169289	-	2937
5249	0.014865001663565636	0.014865001663565636	+	2938
6160	-0.014861375093460083	0.014861375093460083	-	2939
2331	-0.014858492650091648	0.014858492650091648	-	2940
6257	-0.014849955216050148	0.014849955216050148	-	2941
6643	-0.014845362864434719	0.014845362864434719	-	2942
8217	0.014842972159385681	0.014842972159385681	+	2943
1216	-0.014830539003014565	0.014830539003014565	-	2944
6975	0.014829886145889759	0.014829886145889759	+	2945
177	-0.014826232567429543	0.014826232567429543	-	2946
7780	-0.014809730462729931	0.014809730462729931	-	2947
8841	-0.014808261767029762	0.014808261767029762	-	2948
9756	-0.014796605333685875	0.014796605333685875	-	2949
1516	-0.014790287241339684	0.014790287241339684	-	2950
6800	-0.014786792919039726	0.014786792919039726	-	2951
233	-0.014768734574317932	0.014768734574317932	-	2952
2425	0.01475989818572998	0.01475989818572998	+	2953
4052	-0.014746556989848614	0.014746556989848614	-	2954
7809	-0.014744672924280167	0.014744672924280167	-	2955
9894	-0.014740879647433758	0.014740879647433758	-	2956
145	-0.014739720150828362	0.014739720150828362	-	2957
2940	-0.014738375321030617	0.014738375321030617	-	2958
7092	0.014734487980604172	0.014734487980604172	+	2959
9618	-0.01473409216850996	0.01473409216850996	-	2960
9588	-0.01472801435738802	0.01472801435738802	-	2961
9883	-0.01472216472029686	0.01472216472029686	-	2962
9612	-0.014713846147060394	0.014713846147060394	-	2963
9374	-0.014707732945680618	0.014707732945680618	-	2964
2224	0.014696277678012848	0.014696277678012848	+	2965
4607	-0.014683585613965988	0.014683585613965988	-	2966
3196	-0.014677481725811958	0.014677481725811958	-	2967
5365	-0.014671864919364452	0.014671864919364452	-	2968
3391	-0.014670846983790398	0.014670846983790398	-	2969
3772	0.014665737748146057	0.014665737748146057	+	2970
8721	-0.014664918184280396	0.014664918184280396	-	2971
2906	-0.014663435518741608	0.014663435518741608	-	2972
1939	-0.014642134308815002	0.014642134308815002	-	2973
8932	-0.014640241861343384	0.014640241861343384	-	2974
519	-0.014639180153608322	0.014639180153608322	-	2975
2735	-0.014638897031545639	0.014638897031545639	-	2976
8952	-0.014629763551056385	0.014629763551056385	-	2977
1026	0.014629410579800606	0.014629410579800606	+	2978
3676	-0.014627093449234962	0.014627093449234962	-	2979
7584	-0.014621153473854065	0.014621153473854065	-	2980
3911	0.014620676636695862	0.014620676636695862	+	2981
5883	0.014611363410949707	0.014611363410949707	+	2982
7158	-0.014610162004828453	0.014610162004828453	-	2983
8203	-0.014606602489948273	0.014606602489948273	-	2984
9474	-0.014595537446439266	0.014595537446439266	-	2985
1590	-0.014592931605875492	0.014592931605875492	-	2986
4393	-0.014590492472052574	0.014590492472052574	-	2987
2165	-0.014581531286239624	0.014581531286239624	-	2988
1468	-0.014572820626199245	0.014572820626199245	-	2989
5584	0.014565074816346169	0.014565074816346169	+	2990
8613	0.014561727643013	0.014561727643013	+	2991
6709	-0.014557892456650734	0.014557892456650734	-	2992
937	-0.014547391794621944	0.014547391794621944	-	2993
8279	-0.014534762129187584	0.014534762129187584	-	2994
6768	0.01453384943306446	0.01453384943306446	+	2995
7683	-0.014523901045322418	0.014523901045322418	-	2996
6470	-0.014521338976919651	0.014521338976919651	-	2997
5602	-0.01452038437128067	0.01452038437128067	-	2998
1643	0.014519032090902328	0.014519032090902328	+	2999
8180	-0.014517362229526043	0.014517362229526043	-	3000
2472	-0.014509106986224651	0.014509106986224651	-	3001
5223	-0.014503373764455318	0.014503373764455318	-	3002
2613	-0.014492690563201904	0.014492690563201904	-	3003
1922	-0.01448846235871315	0.01448846235871315	-	3004
2627	-0.014482904225587845	0.014482904225587845	-	3005
827	-0.014479822479188442	0.014479822479188442	-	3006
2291	-0.014479435980319977	0.014479435980319977	-	3007
1618	-0.014479112811386585	0.014479112811386585	-	3008
1364	-0.014476338401436806	0.014476338401436806	-	3009
5320	-0.014473412185907364	0.014473412185907364	-	3010
4305	-0.014455823227763176	0.014455823227763176	-	3011
9888	0.014452047646045685	0.014452047646045685	+	3012
6766	0.014452042058110237	0.014452042058110237	+	3013
9720	0.014451511204242706	0.014451511204242706	+	3014
6506	0.014449317008256912	0.014449317008256912	+	3015
656	-0.014448868110775948	0.014448868110775948	-	3016
2891	0.014446260407567024	0.014446260407567024	+	3017
1719	-0.014437578618526459	0.014437578618526459	-	3018
7311	-0.01440383680164814	0.01440383680164814	-	3019
6794	-0.01440342701971531	0.01440342701971531	-	3020
7277	-0.01438996009528637	0.01438996009528637	-	3021
4297	-0.01438988745212555	0.01438988745212555	-	3022
4496	-0.014389643445611	0.014389643445611	-	3023
2545	-0.014387166127562523	0.014387166127562523	-	3024
6611	0.014346230775117874	0.014346230775117874	+	3025
626	-0.014323433861136436	0.014323433861136436	-	3026
3728	-0.014322856441140175	0.014322856441140175	-	3027
4130	-0.01430714875459671	0.01430714875459671	-	3028
6415	0.014304188080132008	0.014304188080132008	+	3029
7440	-0.014296963810920715	0.014296963810920715	-	3030
4344	-0.014292011968791485	0.014292011968791485	-	3031
3048	-0.014287374913692474	0.014287374913692474	-	3032
6850	-0.014286741614341736	0.014286741614341736	-	3033
5192	-0.014265350997447968	0.014265350997447968	-	3034
10166	0.014263510704040527	0.014263510704040527	+	3035
9385	-0.014253392815589905	0.014253392815589905	-	3036
3204	-0.014243055135011673	0.014243055135011673	-	3037
8361	-0.014238480478525162	0.014238480478525162	-	3038
6407	0.014236226677894592	0.014236226677894592	+	3039
9684	-0.014236072078347206	0.014236072078347206	-	3040
2687	-0.014230603352189064	0.014230603352189064	-	3041
7342	-0.014218175783753395	0.014218175783753395	-	3042
6801	-0.014209946617484093	0.014209946617484093	-	3043
4662	0.01420886442065239	0.01420886442065239	+	3044
1415	-0.014185100793838501	0.014185100793838501	-	3045
6569	-0.014184821397066116	0.014184821397066116	-	3046
8515	-0.014180820435285568	0.014180820435285568	-	3047
5026	-0.014177325181663036	0.014177325181663036	-	3048
1807	-0.014176672324538231	0.014176672324538231	-	3049
4588	-0.014173898845911026	0.014173898845911026	-	3050
901	-0.014172718860208988	0.014172718860208988	-	3051
2763	0.01416955515742302	0.01416955515742302	+	3052
6037	-0.014169469475746155	0.014169469475746155	-	3053
6558	-0.01416714396327734	0.01416714396327734	-	3054
2877	-0.014157390221953392	0.014157390221953392	-	3055
7655	0.014154084958136082	0.014154084958136082	+	3056
3304	-0.01415285561233759	0.01415285561233759	-	3057
2719	-0.014136483892798424	0.014136483892798424	-	3058
9530	-0.014129430055618286	0.014129430055618286	-	3059
2340	-0.014122741296887398	0.014122741296887398	-	3060
6033	-0.014116048812866211	0.014116048812866211	-	3061
7955	-0.014115818776190281	0.014115818776190281	-	3062
6441	-0.014114852994680405	0.014114852994680405	-	3063
5112	0.014109060168266296	0.014109060168266296	+	3064
7478	-0.014107922092080116	0.014107922092080116	-	3065
6662	-0.014098592102527618	0.014098592102527618	-	3066
1138	-0.014095339924097061	0.014095339924097061	-	3067
438	-0.014095112681388855	0.014095112681388855	-	3068
2311	-0.014094145968556404	0.014094145968556404	-	3069
2624	-0.014090143144130707	0.014090143144130707	-	3070
5732	-0.01408366858959198	0.01408366858959198	-	3071
208	-0.014081267639994621	0.014081267639994621	-	3072
4605	-0.01407678984105587	0.01407678984105587	-	3073
6613	-0.014076140709221363	0.014076140709221363	-	3074
5306	-0.01407451182603836	0.01407451182603836	-	3075
1282	-0.014071870595216751	0.014071870595216751	-	3076
5397	-0.014068548567593098	0.014068548567593098	-	3077
5055	-0.01406503189355135	0.01406503189355135	-	3078
5067	-0.014063000679016113	0.014063000679016113	-	3079
4464	-0.014044072479009628	0.014044072479009628	-	3080
5956	-0.014042234048247337	0.014042234048247337	-	3081
9054	0.014041787944734097	0.014041787944734097	+	3082
8923	-0.014041297137737274	0.014041297137737274	-	3083
323	-0.014040102250874043	0.014040102250874043	-	3084
607	-0.014034761115908623	0.014034761115908623	-	3085
2471	-0.014033924788236618	0.014033924788236618	-	3086
4790	-0.014025373384356499	0.014025373384356499	-	3087
4454	-0.014020465314388275	0.014020465314388275	-	3088
4820	-0.014017082750797272	0.014017082750797272	-	3089
3195	-0.014017011970281601	0.014017011970281601	-	3090
4750	-0.014011837542057037	0.014011837542057037	-	3091
330	0.014007866382598877	0.014007866382598877	+	3092
9565	-0.014006707817316055	0.014006707817316055	-	3093
3699	-0.014002218842506409	0.014002218842506409	-	3094
1832	0.013996429741382599	0.013996429741382599	+	3095
4032	-0.013994935899972916	0.013994935899972916	-	3096
9813	-0.013994413428008556	0.013994413428008556	-	3097
878	-0.01398959569633007	0.01398959569633007	-	3098
4741	0.013981670141220093	0.013981670141220093	+	3099
6757	-0.013959541916847229	0.013959541916847229	-	3100
6657	0.013951354660093784	0.013951354660093784	+	3101
6612	-0.013947742991149426	0.013947742991149426	-	3102
9135	-0.013943672180175781	0.013943672180175781	-	3103
7444	0.0139431431889534	0.0139431431889534	+	3104
9567	-0.013931730762124062	0.013931730762124062	-	3105
1003	-0.013930188491940498	0.013930188491940498	-	3106
839	-0.013926655054092407	0.013926655054092407	-	3107
9344	-0.013921714387834072	0.013921714387834072	-	3108
3360	-0.013917254284024239	0.013917254284024239	-	3109
1536	0.013913018628954887	0.013913018628954887	+	3110
867	-0.013906175270676613	0.013906175270676613	-	3111
8450	-0.013901948928833008	0.013901948928833008	-	3112
7334	-0.013892916962504387	0.013892916962504387	-	3113
2091	-0.013883073814213276	0.013883073814213276	-	3114
5702	-0.01388033851981163	0.01388033851981163	-	3115
2881	-0.013879808597266674	0.013879808597266674	-	3116
7773	-0.013868004083633423	0.013868004083633423	-	3117
1721	0.013866814784705639	0.013866814784705639	+	3118
5543	-0.013860782608389854	0.013860782608389854	-	3119
8822	0.01384628564119339	0.01384628564119339	+	3120
9347	0.013837665319442749	0.013837665319442749	+	3121
3904	0.013833298347890377	0.013833298347890377	+	3122
5057	-0.013829437084496021	0.013829437084496021	-	3123
5789	0.013809189200401306	0.013809189200401306	+	3124
1169	-0.013807760551571846	0.013807760551571846	-	3125
1837	-0.013806760311126709	0.013806760311126709	-	3126
6592	0.013788547366857529	0.013788547366857529	+	3127
7042	-0.01375611312687397	0.01375611312687397	-	3128
8345	0.01374442595988512	0.01374442595988512	+	3129
1069	-0.013728845864534378	0.013728845864534378	-	3130
2352	-0.013725891709327698	0.013725891709327698	-	3131
353	-0.013716164045035839	0.013716164045035839	-	3132
1229	-0.01371316984295845	0.01371316984295845	-	3133
5639	0.013709498569369316	0.013709498569369316	+	3134
7055	0.013691242784261703	0.013691242784261703	+	3135
939	-0.013688938692212105	0.013688938692212105	-	3136
625	-0.013688751496374607	0.013688751496374607	-	3137
3297	-0.013686029240489006	0.013686029240489006	-	3138
7449	-0.0136728435754776	0.0136728435754776	-	3139
2794	-0.013669569045305252	0.013669569045305252	-	3140
10227	0.013667079620063305	0.013667079620063305	+	3141
8914	-0.013665716163814068	0.013665716163814068	-	3142
6505	-0.013665497303009033	0.013665497303009033	-	3143
3773	0.013660222291946411	0.013660222291946411	+	3144
3436	-0.013657066971063614	0.013657066971063614	-	3145
7554	-0.01365315169095993	0.01365315169095993	-	3146
8334	0.013652722351253033	0.013652722351253033	+	3147
8709	-0.013648884370923042	0.013648884370923042	-	3148
5531	-0.013644451275467873	0.013644451275467873	-	3149
788	-0.013642175123095512	0.013642175123095512	-	3150
2212	0.013638604432344437	0.013638604432344437	+	3151
8340	0.013630002737045288	0.013630002737045288	+	3152
723	-0.013628295622766018	0.013628295622766018	-	3153
8199	-0.013623055070638657	0.013623055070638657	-	3154
3096	0.013620518147945404	0.013620518147945404	+	3155
8705	-0.01362038217484951	0.01362038217484951	-	3156
6074	-0.013610728085041046	0.013610728085041046	-	3157
6101	-0.013610449619591236	0.013610449619591236	-	3158
5383	0.013584762811660767	0.013584762811660767	+	3159
2678	-0.0135794123634696	0.0135794123634696	-	3160
7422	-0.013561468571424484	0.013561468571424484	-	3161
1616	-0.013552181422710419	0.013552181422710419	-	3162
5268	-0.01355148945003748	0.01355148945003748	-	3163
4387	0.013548924587666988	0.013548924587666988	+	3164
2383	-0.013548571616411209	0.013548571616411209	-	3165
270	-0.013546604663133621	0.013546604663133621	-	3166
3099	-0.013545580208301544	0.013545580208301544	-	3167
265	-0.013544399291276932	0.013544399291276932	-	3168
5506	0.013541014865040779	0.013541014865040779	+	3169
5954	-0.01354053895920515	0.01354053895920515	-	3170
3760	-0.013536622747778893	0.013536622747778893	-	3171
6297	-0.013531185686588287	0.013531185686588287	-	3172
165	0.013524666428565979	0.013524666428565979	+	3173
4643	-0.013518495485186577	0.013518495485186577	-	3174
5785	-0.013515766710042953	0.013515766710042953	-	3175
6283	-0.013503896072506905	0.013503896072506905	-	3176
3916	-0.013502332381904125	0.013502332381904125	-	3177
7699	-0.013493458740413189	0.013493458740413189	-	3178
7978	0.013485543429851532	0.013485543429851532	+	3179
5095	-0.013485271483659744	0.013485271483659744	-	3180
3999	-0.013481741771101952	0.013481741771101952	-	3181
7282	-0.01347426138818264	0.01347426138818264	-	3182
8638	-0.013465282507240772	0.013465282507240772	-	3183
3636	-0.013462466187775135	0.013462466187775135	-	3184
3172	-0.01344988215714693	0.01344988215714693	-	3185
6020	-0.013446412049233913	0.013446412049233913	-	3186
9889	-0.013441299088299274	0.013441299088299274	-	3187
4154	0.0134385135024786	0.0134385135024786	+	3188
6478	0.013432307168841362	0.013432307168841362	+	3189
5569	-0.01341620646417141	0.01341620646417141	-	3190
6045	0.013390175998210907	0.013390175998210907	+	3191
9855	-0.013384103775024414	0.013384103775024414	-	3192
7929	0.013380728662014008	0.013380728662014008	+	3193
6810	-0.013360981829464436	0.013360981829464436	-	3194
7867	-0.013356329873204231	0.013356329873204231	-	3195
687	0.013337629847228527	0.013337629847228527	+	3196
2086	0.013321023434400558	0.013321023434400558	+	3197
5681	0.013320690020918846	0.013320690020918846	+	3198
8906	-0.01330663450062275	0.01330663450062275	-	3199
366	0.013298436999320984	0.013298436999320984	+	3200
4628	0.01329650729894638	0.01329650729894638	+	3201
10066	-0.013294603675603867	0.013294603675603867	-	3202
4174	-0.013294422067701817	0.013294422067701817	-	3203
6561	-0.01329033449292183	0.01329033449292183	-	3204
9900	-0.013289137743413448	0.013289137743413448	-	3205
1696	-0.013287066482007504	0.013287066482007504	-	3206
237	-0.013276619836688042	0.013276619836688042	-	3207
6673	-0.01327461563050747	0.01327461563050747	-	3208
5270	0.013272669166326523	0.013272669166326523	+	3209
1798	-0.013263068161904812	0.013263068161904812	-	3210
2615	-0.013262420892715454	0.013262420892715454	-	3211
4355	-0.013258717954158783	0.013258717954158783	-	3212
1038	-0.013256251811981201	0.013256251811981201	-	3213
334	0.013249849900603294	0.013249849900603294	+	3214
1881	0.01324281096458435	0.01324281096458435	+	3215
7573	-0.013236915692687035	0.013236915692687035	-	3216
746	-0.013231631368398666	0.013231631368398666	-	3217
3872	-0.013231069780886173	0.013231069780886173	-	3218
942	-0.01321970485150814	0.01321970485150814	-	3219
7134	-0.013215867802500725	0.013215867802500725	-	3220
2161	-0.013215765357017517	0.013215765357017517	-	3221
9017	-0.013208398595452309	0.013208398595452309	-	3222
5936	-0.013206413015723228	0.013206413015723228	-	3223
8522	0.013205859810113907	0.013205859810113907	+	3224
5111	-0.013193999417126179	0.013193999417126179	-	3225
3794	-0.013186080381274223	0.013186080381274223	-	3226
6338	-0.013168632984161377	0.013168632984161377	-	3227
4486	-0.013166934251785278	0.013166934251785278	-	3228
3941	-0.0131576769053936	0.0131576769053936	-	3229
8416	-0.013150058686733246	0.013150058686733246	-	3230
5999	-0.01313666719943285	0.01313666719943285	-	3231
4917	-0.013135944493114948	0.013135944493114948	-	3232
3936	0.013135064393281937	0.013135064393281937	+	3233
7258	0.013128694146871567	0.013128694146871567	+	3234
6761	0.013128206133842468	0.013128206133842468	+	3235
7381	-0.013125285506248474	0.013125285506248474	-	3236
4254	-0.013121571391820908	0.013121571391820908	-	3237
9945	-0.013103043660521507	0.013103043660521507	-	3238
6933	-0.01310177892446518	0.01310177892446518	-	3239
9368	-0.013098163530230522	0.013098163530230522	-	3240
2709	-0.013098137453198433	0.013098137453198433	-	3241
4512	0.013087723404169083	0.013087723404169083	+	3242
3688	0.013071294873952866	0.013071294873952866	+	3243
474	-0.013054639101028442	0.013054639101028442	-	3244
9495	-0.013053877279162407	0.013053877279162407	-	3245
4848	0.013052666559815407	0.013052666559815407	+	3246
887	-0.013046637177467346	0.013046637177467346	-	3247
8491	-0.013037719763815403	0.013037719763815403	-	3248
9200	-0.013036721386015415	0.013036721386015415	-	3249
4315	-0.013036251068115234	0.013036251068115234	-	3250
2236	-0.013035311363637447	0.013035311363637447	-	3251
5473	-0.01302339881658554	0.01302339881658554	-	3252
5532	-0.013013217598199844	0.013013217598199844	-	3253
1527	-0.01299842819571495	0.01299842819571495	-	3254
7583	0.012986267916858196	0.012986267916858196	+	3255
7682	-0.012980271130800247	0.012980271130800247	-	3256
1847	-0.01296762004494667	0.01296762004494667	-	3257
4501	-0.01296699047088623	0.01296699047088623	-	3258
38	0.012965772300958633	0.012965772300958633	+	3259
9838	-0.012964338064193726	0.012964338064193726	-	3260
2203	0.012962261214852333	0.012962261214852333	+	3261
9248	-0.01295761950314045	0.01295761950314045	-	3262
9447	-0.012944798916578293	0.012944798916578293	-	3263
2092	-0.012941268272697926	0.012941268272697926	-	3264
9453	0.012919789180159569	0.012919789180159569	+	3265
9243	-0.012910404242575169	0.012910404242575169	-	3266
8379	0.012903071939945221	0.012903071939945221	+	3267
2279	-0.0128970667719841	0.0128970667719841	-	3268
4850	-0.01288178563117981	0.01288178563117981	-	3269
7217	0.012859039008617401	0.012859039008617401	+	3270
10217	-0.012852126732468605	0.012852126732468605	-	3271
7669	-0.01284266822040081	0.01284266822040081	-	3272
97	-0.012832390144467354	0.012832390144467354	-	3273
5319	0.012831486761569977	0.012831486761569977	+	3274
5275	0.012830283492803574	0.012830283492803574	+	3275
8162	-0.012825117446482182	0.012825117446482182	-	3276
4889	-0.012809816747903824	0.012809816747903824	-	3277
5604	-0.012806493788957596	0.012806493788957596	-	3278
4211	-0.012788506224751472	0.012788506224751472	-	3279
6912	-0.012776277959346771	0.012776277959346771	-	3280
6490	0.012772992253303528	0.012772992253303528	+	3281
5410	-0.012761855497956276	0.012761855497956276	-	3282
9214	-0.012759484350681305	0.012759484350681305	-	3283
3237	-0.012756864540278912	0.012756864540278912	-	3284
521	-0.012747898697853088	0.012747898697853088	-	3285
3609	-0.012739128433167934	0.012739128433167934	-	3286
4522	-0.012734265066683292	0.012734265066683292	-	3287
3229	-0.012732742354273796	0.012732742354273796	-	3288
6839	-0.012707419693470001	0.012707419693470001	-	3289
1920	-0.01269864197820425	0.01269864197820425	-	3290
4480	-0.012697074562311172	0.012697074562311172	-	3291
7564	0.01269371435046196	0.01269371435046196	+	3292
1710	-0.012688416056334972	0.012688416056334972	-	3293
5542	-0.012686006724834442	0.012686006724834442	-	3294
467	0.012685108929872513	0.012685108929872513	+	3295
3381	-0.012681853957474232	0.012681853957474232	-	3296
7729	0.012681186199188232	0.012681186199188232	+	3297
8489	-0.01267753541469574	0.01267753541469574	-	3298
7165	-0.012652093544602394	0.012652093544602394	-	3299
4227	-0.012650914490222931	0.012650914490222931	-	3300
4575	-0.012632276862859726	0.012632276862859726	-	3301
7121	-0.012629576958715916	0.012629576958715916	-	3302
10013	0.012625332921743393	0.012625332921743393	+	3303
4978	-0.012614574283361435	0.012614574283361435	-	3304
7948	-0.012595117092132568	0.012595117092132568	-	3305
702	-0.012592480517923832	0.012592480517923832	-	3306
6015	-0.012582341209053993	0.012582341209053993	-	3307
7271	-0.012579753063619137	0.012579753063619137	-	3308
8456	-0.012579403817653656	0.012579403817653656	-	3309
174	-0.012570368126034737	0.012570368126034737	-	3310
732	0.012563973665237427	0.012563973665237427	+	3311
5636	0.012562100775539875	0.012562100775539875	+	3312
2297	-0.012555550783872604	0.012555550783872604	-	3313
9499	-0.012545431032776833	0.012545431032776833	-	3314
8328	-0.012543800286948681	0.012543800286948681	-	3315
675	-0.012541120871901512	0.012541120871901512	-	3316
5352	-0.01254101749509573	0.01254101749509573	-	3317
4090	-0.012533903121948242	0.012533903121948242	-	3318
5730	-0.012532692402601242	0.012532692402601242	-	3319
9348	-0.012532003223896027	0.012532003223896027	-	3320
6843	-0.012530706822872162	0.012530706822872162	-	3321
6000	0.012529644183814526	0.012529644183814526	+	3322
9874	-0.012524018995463848	0.012524018995463848	-	3323
3400	0.012523297220468521	0.012523297220468521	+	3324
7823	-0.012514044530689716	0.012514044530689716	-	3325
885	-0.012513794004917145	0.012513794004917145	-	3326
7765	-0.012504862621426582	0.012504862621426582	-	3327
620	-0.012502962723374367	0.012502962723374367	-	3328
855	-0.012500707060098648	0.012500707060098648	-	3329
6646	-0.012484615668654442	0.012484615668654442	-	3330
7194	-0.012470774352550507	0.012470774352550507	-	3331
7594	-0.012445764616131783	0.012445764616131783	-	3332
5880	-0.012439467944204807	0.012439467944204807	-	3333
9701	0.01243230514228344	0.01243230514228344	+	3334
5045	-0.012430515140295029	0.012430515140295029	-	3335
7279	-0.012425784021615982	0.012425784021615982	-	3336
7205	-0.01241606567054987	0.01241606567054987	-	3337
5562	-0.012414415366947651	0.012414415366947651	-	3338
2275	-0.012413659133017063	0.012413659133017063	-	3339
9486	-0.012412448413670063	0.012412448413670063	-	3340
8386	0.012411221861839294	0.012411221861839294	+	3341
7475	-0.012406572699546814	0.012406572699546814	-	3342
4716	-0.012395801022648811	0.012395801022648811	-	3343
9502	-0.012392416596412659	0.012392416596412659	-	3344
2758	-0.012386761605739594	0.012386761605739594	-	3345
6142	0.012385910376906395	0.012385910376906395	+	3346
4892	0.012385860085487366	0.012385860085487366	+	3347
6401	-0.012383360415697098	0.012383360415697098	-	3348
1887	-0.0123821459710598	0.0123821459710598	-	3349
184	-0.012379462830722332	0.012379462830722332	-	3350
4579	0.012371446937322617	0.012371446937322617	+	3351
4953	-0.012368269264698029	0.012368269264698029	-	3352
1098	-0.0123670669272542	0.0123670669272542	-	3353
3725	-0.012365112081170082	0.012365112081170082	-	3354
4274	-0.012363091111183167	0.012363091111183167	-	3355
7175	-0.012357333675026894	0.012357333675026894	-	3356
4799	-0.012350641191005707	0.012350641191005707	-	3357
6537	-0.012346941977739334	0.012346941977739334	-	3358
6353	-0.012344937771558762	0.012344937771558762	-	3359
360	0.012339040637016296	0.012339040637016296	+	3360
9960	-0.012338628992438316	0.012338628992438316	-	3361
6564	-0.012336306273937225	0.012336306273937225	-	3362
9476	-0.01233226340264082	0.01233226340264082	-	3363
4635	-0.012330559082329273	0.012330559082329273	-	3364
1544	-0.012317986227571964	0.012317986227571964	-	3365
2841	-0.012315750122070312	0.012315750122070312	-	3366
6367	0.01231202483177185	0.01231202483177185	+	3367
1022	-0.012308052740991116	0.012308052740991116	-	3368
758	-0.012304738163948059	0.012304738163948059	-	3369
8117	-0.012303783558309078	0.012303783558309078	-	3370
5653	-0.012301718816161156	0.012301718816161156	-	3371
10025	-0.012297356501221657	0.012297356501221657	-	3372
2761	-0.012289416044950485	0.012289416044950485	-	3373
2377	-0.012285158038139343	0.012285158038139343	-	3374
6609	-0.012277679517865181	0.012277679517865181	-	3375
6901	-0.012277266010642052	0.012277266010642052	-	3376
9336	-0.012274464592337608	0.012274464592337608	-	3377
5061	-0.01227222103625536	0.01227222103625536	-	3378
403	-0.012271616607904434	0.012271616607904434	-	3379
6968	-0.012261630967259407	0.012261630967259407	-	3380
5799	-0.012258823961019516	0.012258823961019516	-	3381
417	-0.012258166447281837	0.012258166447281837	-	3382
3187	-0.012253360822796822	0.012253360822796822	-	3383
5877	-0.012228305451571941	0.012228305451571941	-	3384
8035	-0.01221688836812973	0.01221688836812973	-	3385
8187	-0.012210879474878311	0.012210879474878311	-	3386
8873	-0.012210663408041	0.012210663408041	-	3387
2869	0.012200601398944855	0.012200601398944855	+	3388
1888	-0.01219541672617197	0.01219541672617197	-	3389
1125	-0.012189754284918308	0.012189754284918308	-	3390
8063	0.012188849970698357	0.012188849970698357	+	3391
162	-0.012181323021650314	0.012181323021650314	-	3392
1171	-0.012171604670584202	0.012171604670584202	-	3393
1475	-0.01216226164251566	0.01216226164251566	-	3394
9418	-0.012155415490269661	0.012155415490269661	-	3395
800	-0.012155342847108841	0.012155342847108841	-	3396
2840	-0.01215445064008236	0.01215445064008236	-	3397
688	-0.0121524753049016	0.0121524753049016	-	3398
5670	0.012139927595853806	0.012139927595853806	+	3399
4950	-0.0121390912681818	0.0121390912681818	-	3400
3957	-0.01213454082608223	0.01213454082608223	-	3401
2290	-0.012122005224227905	0.012122005224227905	-	3402
5153	-0.012110107578337193	0.012110107578337193	-	3403
7586	-0.012099912390112877	0.012099912390112877	-	3404
9568	-0.012098872102797031	0.012098872102797031	-	3405
7202	-0.01209813728928566	0.01209813728928566	-	3406
1921	-0.012090385891497135	0.012090385891497135	-	3407
7939	-0.012073066085577011	0.012073066085577011	-	3408
3023	-0.01206857617944479	0.01206857617944479	-	3409
4945	-0.01206802949309349	0.01206802949309349	-	3410
4863	-0.012067116796970367	0.012067116796970367	-	3411
3988	-0.012059909291565418	0.012059909291565418	-	3412
2502	-0.012059858068823814	0.012059858068823814	-	3413
8362	-0.012040883302688599	0.012040883302688599	-	3414
1951	-0.012037288397550583	0.012037288397550583	-	3415
5265	-0.01203133910894394	0.01203133910894394	-	3416
4269	-0.01202818751335144	0.01202818751335144	-	3417
5891	-0.012023638933897018	0.012023638933897018	-	3418
2686	-0.012022281996905804	0.012022281996905804	-	3419
4195	-0.012019517831504345	0.012019517831504345	-	3420
7142	0.01201881468296051	0.01201881468296051	+	3421
2656	-0.012002263218164444	0.012002263218164444	-	3422
5964	-0.011997902765870094	0.011997902765870094	-	3423
7187	-0.011995316483080387	0.011995316483080387	-	3424
9950	-0.0119906822219491	0.0119906822219491	-	3425
4736	-0.01198556274175644	0.01198556274175644	-	3426
3767	-0.01198241300880909	0.01198241300880909	-	3427
744	-0.011980914510786533	0.011980914510786533	-	3428
6409	-0.011979050934314728	0.011979050934314728	-	3429
5027	-0.0119757866486907	0.0119757866486907	-	3430
7891	-0.011966307647526264	0.011966307647526264	-	3431
9579	-0.011964308097958565	0.011964308097958565	-	3432
2770	0.011955536901950836	0.011955536901950836	+	3433
916	-0.01195511408150196	0.01195511408150196	-	3434
1330	-0.011948106810450554	0.011948106810450554	-	3435
1678	-0.011944014579057693	0.011944014579057693	-	3436
6752	-0.011941120028495789	0.011941120028495789	-	3437
3734	-0.011939454823732376	0.011939454823732376	-	3438
7635	0.01192252617329359	0.01192252617329359	+	3439
4228	-0.011919829063117504	0.011919829063117504	-	3440
1151	-0.01191350445151329	0.01191350445151329	-	3441
212	-0.011911533772945404	0.011911533772945404	-	3442
7720	-0.0119028240442276	0.0119028240442276	-	3443
4470	-0.011893248185515404	0.011893248185515404	-	3444
3212	-0.011890681460499763	0.011890681460499763	-	3445
5356	0.011886545456945896	0.011886545456945896	+	3446
7949	-0.01187901757657528	0.01187901757657528	-	3447
3998	-0.011871807277202606	0.011871807277202606	-	3448
4788	-0.011868814006447792	0.011868814006447792	-	3449
4723	0.011867158114910126	0.011867158114910126	+	3450
7027	0.011853761970996857	0.011853761970996857	+	3451
5163	-0.011851970106363297	0.011851970106363297	-	3452
4685	-0.011850573122501373	0.011850573122501373	-	3453
3194	-0.011847563087940216	0.011847563087940216	-	3454
682	-0.011838700622320175	0.011838700622320175	-	3455
8239	-0.011832673102617264	0.011832673102617264	-	3456
598	-0.011823775246739388	0.011823775246739388	-	3457
4222	-0.011823710054159164	0.011823710054159164	-	3458
8288	0.011823369190096855	0.011823369190096855	+	3459
191	0.011817503720521927	0.011817503720521927	+	3460
7527	0.011812638491392136	0.011812638491392136	+	3461
755	-0.011807933449745178	0.011807933449745178	-	3462
6619	-0.011807281523942947	0.011807281523942947	-	3463
2868	-0.011807277798652649	0.011807277798652649	-	3464
7530	-0.011799469590187073	0.011799469590187073	-	3465
1747	-0.011780471540987492	0.011780471540987492	-	3466
4461	-0.011779367923736572	0.011779367923736572	-	3467
8001	0.011766869574785233	0.011766869574785233	+	3468
6119	0.01176082156598568	0.01176082156598568	+	3469
4365	-0.011760132387280464	0.011760132387280464	-	3470
5818	0.011751619167625904	0.011751619167625904	+	3471
3982	-0.011746825650334358	0.011746825650334358	-	3472
5944	-0.011736942455172539	0.011736942455172539	-	3473
4559	0.011731315404176712	0.011731315404176712	+	3474
1599	0.011730140075087547	0.011730140075087547	+	3475
9494	-0.011724071577191353	0.011724071577191353	-	3476
9081	-0.011723225936293602	0.011723225936293602	-	3477
9782	-0.011719100177288055	0.011719100177288055	-	3478
8497	-0.011718565598130226	0.011718565598130226	-	3479
9303	-0.011718012392520905	0.011718012392520905	-	3480
597	-0.011717993766069412	0.011717993766069412	-	3481
2136	-0.011715885251760483	0.011715885251760483	-	3482
8924	-0.011712384410202503	0.011712384410202503	-	3483
7069	-0.01171230711042881	0.01171230711042881	-	3484
5048	-0.011710748076438904	0.011710748076438904	-	3485
5615	0.011710085906088352	0.011710085906088352	+	3486
3414	-0.011704834178090096	0.011704834178090096	-	3487
1727	0.011696373112499714	0.011696373112499714	+	3488
1744	-0.011677505448460579	0.011677505448460579	-	3489
5298	-0.01167217455804348	0.01167217455804348	-	3490
5918	-0.01166850421577692	0.01166850421577692	-	3491
4074	-0.011667583137750626	0.011667583137750626	-	3492
4380	-0.011657949537038803	0.011657949537038803	-	3493
2478	-0.011653924360871315	0.011653924360871315	-	3494
6496	-0.011651948094367981	0.011651948094367981	-	3495
7520	-0.011634502559900284	0.011634502559900284	-	3496
6573	0.011634357273578644	0.011634357273578644	+	3497
3781	-0.01162673719227314	0.01162673719227314	-	3498
9084	0.011626072227954865	0.011626072227954865	+	3499
5211	-0.011624867096543312	0.011624867096543312	-	3500
1460	0.011621631681919098	0.011621631681919098	+	3501
2195	-0.011618085205554962	0.011618085205554962	-	3502
7958	-0.011612207628786564	0.011612207628786564	-	3503
5152	-0.0116095757111907	0.0116095757111907	-	3504
5610	-0.011604361236095428	0.011604361236095428	-	3505
3934	-0.011604150757193565	0.011604150757193565	-	3506
6197	0.011602535843849182	0.011602535843849182	+	3507
2024	-0.011601634323596954	0.011601634323596954	-	3508
4941	-0.01159842498600483	0.01159842498600483	-	3509
4602	0.011595040559768677	0.011595040559768677	+	3510
9034	-0.011591915041208267	0.011591915041208267	-	3511
6966	-0.011578097008168697	0.011578097008168697	-	3512
3789	0.011573351919651031	0.011573351919651031	+	3513
3884	0.01156974770128727	0.01156974770128727	+	3514
569	0.011566787958145142	0.011566787958145142	+	3515
10089	0.01156561728566885	0.01156561728566885	+	3516
2874	-0.011563615873456001	0.011563615873456001	-	3517
9752	-0.011562456376850605	0.011562456376850605	-	3518
9541	-0.011552046984434128	0.011552046984434128	-	3519
7814	-0.01153646595776081	0.01153646595776081	-	3520
9125	0.011535514146089554	0.011535514146089554	+	3521
9990	-0.011531669646501541	0.011531669646501541	-	3522
8754	-0.011525645852088928	0.011525645852088928	-	3523
2031	-0.011509969830513	0.011509969830513	-	3524
5860	-0.011503196321427822	0.011503196321427822	-	3525
1645	-0.011502647772431374	0.011502647772431374	-	3526
6429	-0.011497262865304947	0.011497262865304947	-	3527
168	0.011496312916278839	0.011496312916278839	+	3528
2850	-0.011494890786707401	0.011494890786707401	-	3529
8665	-0.011491194367408752	0.011491194367408752	-	3530
5841	-0.011489823460578918	0.011489823460578918	-	3531
3912	-0.011489683762192726	0.011489683762192726	-	3532
8868	-0.011486968025565147	0.011486968025565147	-	3533
8111	-0.011473537422716618	0.011473537422716618	-	3534
8109	0.011473175138235092	0.011473175138235092	+	3535
9470	-0.011469131335616112	0.011469131335616112	-	3536
906	-0.011467497795820236	0.011467497795820236	-	3537
7109	0.011456191539764404	0.011456191539764404	+	3538
2313	-0.011453970335423946	0.011453970335423946	-	3539
9342	-0.011453697457909584	0.011453697457909584	-	3540
4128	-0.011448457837104797	0.011448457837104797	-	3541
4845	-0.011447276920080185	0.011447276920080185	-	3542
10056	-0.011442276649177074	0.011442276649177074	-	3543
3459	-0.01143579464405775	0.01143579464405775	-	3544
2211	-0.011435242369771004	0.011435242369771004	-	3545
4009	-0.011428616009652615	0.011428616009652615	-	3546
2856	-0.011421874165534973	0.011421874165534973	-	3547
5881	-0.011419454589486122	0.011419454589486122	-	3548
4026	-0.011412080377340317	0.011412080377340317	-	3549
7870	0.011409110389649868	0.011409110389649868	+	3550
1246	-0.011404534801840782	0.011404534801840782	-	3551
2353	-0.011400880292057991	0.011400880292057991	-	3552
2101	-0.01139960065484047	0.01139960065484047	-	3553
6642	0.0113925039768219	0.0113925039768219	+	3554
4938	-0.011391237378120422	0.011391237378120422	-	3555
5600	-0.011391098611056805	0.011391098611056805	-	3556
691	0.011388257145881653	0.011388257145881653	+	3557
6294	-0.011386513710021973	0.011386513710021973	-	3558
1453	0.011374233290553093	0.011374233290553093	+	3559
6773	-0.011373989284038544	0.011373989284038544	-	3560
7925	-0.011372423730790615	0.011372423730790615	-	3561
6252	-0.011369286105036736	0.011369286105036736	-	3562
9207	-0.011364907026290894	0.011364907026290894	-	3563
3864	0.011349331587553024	0.011349331587553024	+	3564
10202	-0.011343033984303474	0.011343033984303474	-	3565
1238	-0.011341623961925507	0.011341623961925507	-	3566
2268	-0.01134116854518652	0.01134116854518652	-	3567
2941	-0.011338725686073303	0.011338725686073303	-	3568
4377	-0.011334570124745369	0.011334570124745369	-	3569
6440	-0.011331364512443542	0.011331364512443542	-	3570
486	-0.011320032179355621	0.011320032179355621	-	3571
10152	-0.011317199096083641	0.011317199096083641	-	3572
9390	-0.011305080726742744	0.011305080726742744	-	3573
5160	-0.011304344981908798	0.011304344981908798	-	3574
9459	-0.01130058616399765	0.01130058616399765	-	3575
5309	-0.01128931064158678	0.01128931064158678	-	3576
9877	-0.011281397193670273	0.011281397193670273	-	3577
3409	-0.011278428137302399	0.011278428137302399	-	3578
8324	-0.011278022080659866	0.011278022080659866	-	3579
495	0.011277253739535809	0.011277253739535809	+	3580
8302	-0.011274491436779499	0.011274491436779499	-	3581
3090	0.011269792914390564	0.011269792914390564	+	3582
2344	-0.011265017092227936	0.011265017092227936	-	3583
5809	-0.011259527876973152	0.011259527876973152	-	3584
10042	-0.01125280186533928	0.01125280186533928	-	3585
9106	-0.011240568943321705	0.011240568943321705	-	3586
2076	-0.011238943785429	0.011238943785429	-	3587
5212	0.011238176375627518	0.011238176375627518	+	3588
8127	-0.011229262687265873	0.011229262687265873	-	3589
287	0.01122190710157156	0.01122190710157156	+	3590
3779	0.011221326887607574	0.011221326887607574	+	3591
47	-0.011218423955142498	0.011218423955142498	-	3592
790	-0.011215104721486568	0.011215104721486568	-	3593
6480	0.011208469048142433	0.011208469048142433	+	3594
4148	-0.011207670904695988	0.011207670904695988	-	3595
5606	-0.011204308830201626	0.011204308830201626	-	3596
1835	-0.01120152696967125	0.01120152696967125	-	3597
2317	0.011196549981832504	0.011196549981832504	+	3598
4934	-0.01119322795420885	0.01119322795420885	-	3599
9025	0.011193202808499336	0.011193202808499336	+	3600
8081	-0.01119212806224823	0.01119212806224823	-	3601
1487	-0.011189172975718975	0.011189172975718975	-	3602
9736	-0.01118894387036562	0.01118894387036562	-	3603
6547	0.011182092130184174	0.011182092130184174	+	3604
1946	-0.011175833642482758	0.011175833642482758	-	3605
3656	-0.011173955164849758	0.011173955164849758	-	3606
8141	-0.011157723143696785	0.011157723143696785	-	3607
6814	-0.011154328472912312	0.011154328472912312	-	3608
9914	-0.011148023419082165	0.011148023419082165	-	3609
4298	-0.011147603392601013	0.011147603392601013	-	3610
345	-0.011146221309900284	0.011146221309900284	-	3611
7401	-0.011137488298118114	0.011137488298118114	-	3612
5853	-0.011134195141494274	0.011134195141494274	-	3613
2786	-0.011130915954709053	0.011130915954709053	-	3614
9289	-0.01112271472811699	0.01112271472811699	-	3615
840	-0.01112264022231102	0.01112264022231102	-	3616
8322	-0.011122435331344604	0.011122435331344604	-	3617
9805	-0.0111213568598032	0.0111213568598032	-	3618
5683	-0.011119617149233818	0.011119617149233818	-	3619
7858	-0.01111834030598402	0.01111834030598402	-	3620
3088	-0.011107956990599632	0.011107956990599632	-	3621
3696	-0.011106593534350395	0.011106593534350395	-	3622
4772	-0.01109800674021244	0.01109800674021244	-	3623
8312	-0.011096963658928871	0.011096963658928871	-	3624
8073	-0.011092227883636951	0.011092227883636951	-	3625
5786	-0.011091494932770729	0.011091494932770729	-	3626
10100	-0.011090331710875034	0.011090331710875034	-	3627
4072	-0.01106783002614975	0.01106783002614975	-	3628
5115	-0.011064562015235424	0.011064562015235424	-	3629
7164	-0.011062731966376305	0.011062731966376305	-	3630
2935	-0.011061593890190125	0.011061593890190125	-	3631
7072	-0.01105198822915554	0.01105198822915554	-	3632
107	-0.011048313230276108	0.011048313230276108	-	3633
3167	-0.011039668694138527	0.011039668694138527	-	3634
4781	-0.011039379984140396	0.011039379984140396	-	3635
5193	-0.01103842630982399	0.01103842630982399	-	3636
1190	-0.011038205586373806	0.011038205586373806	-	3637
9020	-0.01103670708835125	0.01103670708835125	-	3638
2536	-0.011035144329071045	0.011035144329071045	-	3639
7984	-0.011018123477697372	0.011018123477697372	-	3640
1701	-0.011016037315130234	0.011016037315130234	-	3641
6701	-0.011011744849383831	0.011011744849383831	-	3642
1106	-0.011004065163433552	0.011004065163433552	-	3643
9513	-0.010999016463756561	0.010999016463756561	-	3644
7561	-0.010998140089213848	0.010998140089213848	-	3645
10239	-0.010998121462762356	0.010998121462762356	-	3646
4347	-0.010997104458510876	0.010997104458510876	-	3647
6868	-0.01099355798214674	0.01099355798214674	-	3648
994	-0.010991057381033897	0.010991057381033897	-	3649
9256	-0.010990411043167114	0.010990411043167114	-	3650
1073	0.01098912674933672	0.01098912674933672	+	3651
2831	-0.010982588864862919	0.010982588864862919	-	3652
3910	-0.010978210717439651	0.010978210717439651	-	3653
1202	-0.01097751036286354	0.01097751036286354	-	3654
2112	0.0109751857817173	0.0109751857817173	+	3655
2981	0.010967063717544079	0.010967063717544079	+	3656
7672	-0.01096314936876297	0.01096314936876297	-	3657
4601	-0.010960174724459648	0.010960174724459648	-	3658
9321	-0.010958891361951828	0.010958891361951828	-	3659
5654	-0.010957077145576477	0.010957077145576477	-	3660
2549	-0.010955346748232841	0.010955346748232841	-	3661
3039	-0.010950416326522827	0.010950416326522827	-	3662
3834	-0.010946611873805523	0.010946611873805523	-	3663
5601	-0.010941403917968273	0.010941403917968273	-	3664
9394	-0.0109413992613554	0.0109413992613554	-	3665
7368	-0.010937754064798355	0.010937754064798355	-	3666
8797	-0.010935208760201931	0.010935208760201931	-	3667
6730	-0.010935168713331223	0.010935168713331223	-	3668
5551	-0.010930083692073822	0.010930083692073822	-	3669
7182	-0.010926772840321064	0.010926772840321064	-	3670
6183	-0.01092156395316124	0.01092156395316124	-	3671
7392	-0.01091967336833477	0.01091967336833477	-	3672
169	-0.010917553678154945	0.010917553678154945	-	3673
6924	0.01091430988162756	0.01091430988162756	+	3674
6239	-0.01091393269598484	0.01091393269598484	-	3675
5754	-0.010913378559052944	0.010913378559052944	-	3676
4558	-0.010903468355536461	0.010903468355536461	-	3677
379	-0.010903185233473778	0.010903185233473778	-	3678
4906	-0.010902345180511475	0.010902345180511475	-	3679
5165	-0.010901418514549732	0.010901418514549732	-	3680
7250	-0.01088858675211668	0.01088858675211668	-	3681
8760	-0.01088371966034174	0.01088371966034174	-	3682
8293	-0.010879500769078732	0.010879500769078732	-	3683
7607	-0.010876603424549103	0.010876603424549103	-	3684
6032	-0.01084732823073864	0.01084732823073864	-	3685
1754	-0.010820810683071613	0.010820810683071613	-	3686
4136	0.010816257447004318	0.010816257447004318	+	3687
8596	-0.010816022753715515	0.010816022753715515	-	3688
1575	-0.010784739628434181	0.010784739628434181	-	3689
6925	-0.010781511664390564	0.010781511664390564	-	3690
5546	0.010780715383589268	0.010780715383589268	+	3691
7341	-0.010772470384836197	0.010772470384836197	-	3692
1108	0.01077166199684143	0.01077166199684143	+	3693
5245	-0.010764995589852333	0.010764995589852333	-	3694
6366	-0.010763902217149734	0.010763902217149734	-	3695
8496	-0.01075984537601471	0.01075984537601471	-	3696
9454	-0.0107588991522789	0.0107588991522789	-	3697
361	-0.01075829192996025	0.01075829192996025	-	3698
5665	-0.010756337083876133	0.010756337083876133	-	3699
7903	0.01075198594480753	0.01075198594480753	+	3700
8424	-0.010747935622930527	0.010747935622930527	-	3701
7031	-0.010745084844529629	0.010745084844529629	-	3702
1268	0.010744661092758179	0.010744661092758179	+	3703
2071	-0.01074234303086996	0.01074234303086996	-	3704
3103	-0.01072974968701601	0.01072974968701601	-	3705
5398	-0.010729672387242317	0.010729672387242317	-	3706
4079	-0.010727202519774437	0.010727202519774437	-	3707
6398	-0.010726435109972954	0.010726435109972954	-	3708
6201	-0.010706833563745022	0.010706833563745022	-	3709
2093	-0.010701900348067284	0.010701900348067284	-	3710
7917	0.010699845850467682	0.010699845850467682	+	3711
3091	-0.010693482123315334	0.010693482123315334	-	3712
1664	-0.010689642280340195	0.010689642280340195	-	3713
2510	-0.010686005465686321	0.010686005465686321	-	3714
9037	-0.010682397522032261	0.010682397522032261	-	3715
3009	-0.010678999125957489	0.010678999125957489	-	3716
5363	-0.01067491713911295	0.01067491713911295	-	3717
6736	-0.010674291290342808	0.010674291290342808	-	3718
6393	0.010673535987734795	0.010673535987734795	+	3719
3053	0.010673176497220993	0.010673176497220993	+	3720
5522	0.010668402537703514	0.010668402537703514	+	3721
3173	0.01066826656460762	0.01066826656460762	+	3722
4271	0.010667301714420319	0.010667301714420319	+	3723
8629	-0.010664399713277817	0.010664399713277817	-	3724
2896	-0.010660180822014809	0.010660180822014809	-	3725
9879	-0.010651800781488419	0.010651800781488419	-	3726
3350	-0.010650157928466797	0.010650157928466797	-	3727
8352	-0.010650024749338627	0.010650024749338627	-	3728
4597	-0.010649170726537704	0.010649170726537704	-	3729
6261	-0.01064319722354412	0.01064319722354412	-	3730
6455	-0.010642287321388721	0.010642287321388721	-	3731
7772	-0.010636135935783386	0.010636135935783386	-	3732
1594	-0.010632775723934174	0.010632775723934174	-	3733
4036	-0.01062607392668724	0.01062607392668724	-	3734
4223	-0.010623833164572716	0.010623833164572716	-	3735
3526	-0.010620824992656708	0.010620824992656708	-	3736
2466	-0.010620755143463612	0.010620755143463612	-	3737
9332	-0.010615915060043335	0.010615915060043335	-	3738
2650	-0.010615749284625053	0.010615749284625053	-	3739
3150	-0.010604222305119038	0.010604222305119038	-	3740
3473	-0.010599035769701004	0.010599035769701004	-	3741
4169	-0.010597523301839828	0.010597523301839828	-	3742
4375	-0.01059751957654953	0.01059751957654953	-	3743
4258	-0.010585438460111618	0.010585438460111618	-	3744
1281	-0.010585086420178413	0.010585086420178413	-	3745
8958	-0.01057225652039051	0.01057225652039051	-	3746
6909	-0.010558009147644043	0.010558009147644043	-	3747
3142	-0.010556940920650959	0.010556940920650959	-	3748
544	-0.01055055670440197	0.01055055670440197	-	3749
1325	0.010550171136856079	0.010550171136856079	+	3750
5047	-0.010548739694058895	0.010548739694058895	-	3751
678	-0.010547520592808723	0.010547520592808723	-	3752
7262	-0.010546734556555748	0.010546734556555748	-	3753
5025	-0.01053776778280735	0.01053776778280735	-	3754
701	0.01053590513765812	0.01053590513765812	+	3755
4256	-0.010535607114434242	0.010535607114434242	-	3756
4928	-0.010530796833336353	0.010530796833336353	-	3757
1751	-0.010521100834012032	0.010521100834012032	-	3758
5530	-0.01051606796681881	0.01051606796681881	-	3759
9625	-0.010512223467230797	0.010512223467230797	-	3760
3165	-0.010504869744181633	0.010504869744181633	-	3761
9747	-0.010504646226763725	0.010504646226763725	-	3762
5202	-0.010496220551431179	0.010496220551431179	-	3763
5974	0.010492037050426006	0.010492037050426006	+	3764
1711	-0.010491587221622467	0.010491587221622467	-	3765
5187	-0.010486232116818428	0.010486232116818428	-	3766
8922	-0.010482797399163246	0.010482797399163246	-	3767
1877	-0.010481297969818115	0.010481297969818115	-	3768
9247	-0.01047763042151928	0.01047763042151928	-	3769
7199	-0.010472558438777924	0.010472558438777924	-	3770
1554	-0.010465576313436031	0.010465576313436031	-	3771
9304	-0.010462748818099499	0.010462748818099499	-	3772
8437	0.01046222448348999	0.01046222448348999	+	3773
7991	0.01046106405556202	0.01046106405556202	+	3774
0	0.010460354387760162	0.010460354387760162	+	3775
4199	-0.010458817705512047	0.010458817705512047	-	3776
10102	-0.01045755110681057	0.01045755110681057	-	3777
7064	-0.010453581809997559	0.010453581809997559	-	3778
4835	-0.010450930334627628	0.010450930334627628	-	3779
2812	-0.010449869558215141	0.010449869558215141	-	3780
9116	0.010444825515151024	0.010444825515151024	+	3781
4851	-0.010442950762808323	0.010442950762808323	-	3782
1509	0.010441534221172333	0.010441534221172333	+	3783
8377	-0.010435506701469421	0.010435506701469421	-	3784
10197	-0.01042826846241951	0.01042826846241951	-	3785
1533	0.010423339903354645	0.010423339903354645	+	3786
3733	-0.010423330590128899	0.010423330590128899	-	3787
4569	-0.010418836027383804	0.010418836027383804	-	3788
3190	-0.010410022921860218	0.010410022921860218	-	3789
4099	-0.01040586456656456	0.01040586456656456	-	3790
1335	-0.010402699932456017	0.010402699932456017	-	3791
1596	-0.010401222854852676	0.010401222854852676	-	3792
2348	0.010393522679805756	0.010393522679805756	+	3793
7497	-0.010391544550657272	0.010391544550657272	-	3794
10127	-0.010389127768576145	0.010389127768576145	-	3795
7347	-0.01038023829460144	0.01038023829460144	-	3796
76	-0.010378746315836906	0.010378746315836906	-	3797
2593	0.010362610220909119	0.010362610220909119	+	3798
7477	-0.010358864441514015	0.010358864441514015	-	3799
3858	0.010354295372962952	0.010354295372962952	+	3800
9671	-0.010351095348596573	0.010351095348596573	-	3801
585	-0.010329648852348328	0.010329648852348328	-	3802
130	0.010329175740480423	0.010329175740480423	+	3803
8465	0.01032496988773346	0.01032496988773346	+	3804
3352	-0.010322540998458862	0.010322540998458862	-	3805
3424	-0.010321920737624168	0.010321920737624168	-	3806
9826	-0.01031981036067009	0.01031981036067009	-	3807
6763	0.010316262021660805	0.010316262021660805	+	3808
5535	-0.01031625084578991	0.01031625084578991	-	3809
5236	0.01031065359711647	0.01031065359711647	+	3810
6310	-0.010300688445568085	0.010300688445568085	-	3811
2862	0.010299832560122013	0.010299832560122013	+	3812
2847	0.010296333581209183	0.010296333581209183	+	3813
3231	-0.010286849923431873	0.010286849923431873	-	3814
4207	-0.010282030329108238	0.010282030329108238	-	3815
4584	0.010281253606081009	0.010281253606081009	+	3816
9510	-0.010278917849063873	0.010278917849063873	-	3817
408	-0.010275693610310555	0.010275693610310555	-	3818
6303	-0.010270651429891586	0.010270651429891586	-	3819
5068	0.010262303054332733	0.010262303054332733	+	3820
10124	-0.010256233625113964	0.010256233625113964	-	3821
1063	-0.010245026089251041	0.010245026089251041	-	3822
2140	0.010236977599561214	0.010236977599561214	+	3823
2014	-0.010235566645860672	0.010235566645860672	-	3824
4574	-0.01023528166115284	0.01023528166115284	-	3825
6053	-0.010234050452709198	0.010234050452709198	-	3826
7371	-0.010233061388134956	0.010233061388134956	-	3827
8197	-0.010222101584076881	0.010222101584076881	-	3828
9751	-0.010220030322670937	0.010220030322670937	-	3829
7865	-0.010219762101769447	0.010219762101769447	-	3830
1152	-0.01021951250731945	0.01021951250731945	-	3831
2885	0.010218702256679535	0.010218702256679535	+	3832
6707	-0.010216531343758106	0.010216531343758106	-	3833
6922	0.010210876353085041	0.010210876353085041	+	3834
2286	-0.010205641388893127	0.010205641388893127	-	3835
4730	-0.010204791091382504	0.010204791091382504	-	3836
6598	0.010192669928073883	0.010192669928073883	+	3837
979	-0.010190710425376892	0.010190710425376892	-	3838
3064	-0.010187068954110146	0.010187068954110146	-	3839
9910	-0.010172843001782894	0.010172843001782894	-	3840
9500	-0.010169796645641327	0.010169796645641327	-	3841
8879	-0.010166797786951065	0.010166797786951065	-	3842
6845	-0.010161954909563065	0.010161954909563065	-	3843
2166	-0.010161815211176872	0.010161815211176872	-	3844
8632	-0.010161726735532284	0.010161726735532284	-	3845
2392	-0.010149482637643814	0.010149482637643814	-	3846
5533	-0.010136784054338932	0.010136784054338932	-	3847
1146	-0.010134950280189514	0.010134950280189514	-	3848
4956	-0.010126730427145958	0.010126730427145958	-	3849
3107	0.010121624916791916	0.010121624916791916	+	3850
1580	-0.010119054466485977	0.010119054466485977	-	3851
5002	-0.010105499997735023	0.010105499997735023	-	3852
999	-0.010103657841682434	0.010103657841682434	-	3853
8737	-0.010102321393787861	0.010102321393787861	-	3854
8525	0.010092584416270256	0.010092584416270256	+	3855
6100	-0.010092420503497124	0.010092420503497124	-	3856
6499	-0.010091148316860199	0.010091148316860199	-	3857
6711	-0.010088607668876648	0.010088607668876648	-	3858
566	-0.010087866336107254	0.010087866336107254	-	3859
6834	0.01008096057921648	0.01008096057921648	+	3860
1652	-0.010080242529511452	0.010080242529511452	-	3861
2548	-0.010070621967315674	0.010070621967315674	-	3862
2513	-0.010067526251077652	0.010067526251077652	-	3863
1024	-0.01005180086940527	0.01005180086940527	-	3864
918	0.01005169004201889	0.01005169004201889	+	3865
4450	-0.010051075369119644	0.010051075369119644	-	3866
9239	-0.010049914941191673	0.010049914941191673	-	3867
3797	-0.010046236217021942	0.010046236217021942	-	3868
6468	-0.010045837610960007	0.010045837610960007	-	3869
7551	-0.010035403072834015	0.010035403072834015	-	3870
4973	-0.010028903372585773	0.010028903372585773	-	3871
1273	-0.010026662610471249	0.010026662610471249	-	3872
10165	-0.010026171803474426	0.010026171803474426	-	3873
7399	-0.010024512186646461	0.010024512186646461	-	3874
2083	-0.010019810870289803	0.010019810870289803	-	3875
5669	-0.010016722604632378	0.010016722604632378	-	3876
2351	-0.010016469284892082	0.010016469284892082	-	3877
7188	-0.010008634068071842	0.010008634068071842	-	3878
9920	-0.010001718066632748	0.010001718066632748	-	3879
2347	-0.009998156689107418	0.009998156689107418	-	3880
3548	0.009997909888625145	0.009997909888625145	+	3881
8651	-0.009996742010116577	0.009996742010116577	-	3882
4739	-0.00999661348760128	0.00999661348760128	-	3883
9937	-0.009992362931370735	0.009992362931370735	-	3884
7356	-0.009990452788770199	0.009990452788770199	-	3885
9205	0.009989317506551743	0.009989317506551743	+	3886
6345	-0.009988132864236832	0.009988132864236832	-	3887
1477	-0.009986065328121185	0.009986065328121185	-	3888
4703	-0.009982243180274963	0.009982243180274963	-	3889
7825	-0.009981567040085793	0.009981567040085793	-	3890
3962	-0.009977368637919426	0.009977368637919426	-	3891
4082	-0.009961538016796112	0.009961538016796112	-	3892
2607	-0.009957291185855865	0.009957291185855865	-	3893
8850	-0.009953465312719345	0.009953465312719345	-	3894
4843	-0.009949815459549427	0.009949815459549427	-	3895
1183	-0.009948733262717724	0.009948733262717724	-	3896
6918	-0.009944954887032509	0.009944954887032509	-	3897
3380	-0.009940249845385551	0.009940249845385551	-	3898
2528	-0.009929764084517956	0.009929764084517956	-	3899
6902	0.00992557406425476	0.00992557406425476	+	3900
3262	-0.009922764264047146	0.009922764264047146	-	3901
461	-0.009921809658408165	0.009921809658408165	-	3902
1628	0.009907708503305912	0.009907708503305912	+	3903
4114	-0.00990685448050499	0.00990685448050499	-	3904
7270	-0.009902190417051315	0.009902190417051315	-	3905
5218	-0.009899970144033432	0.009899970144033432	-	3906
6258	-0.009891885332763195	0.009891885332763195	-	3907
2124	-0.009891333989799023	0.009891333989799023	-	3908
7191	-0.009867756627500057	0.009867756627500057	-	3909
9026	-0.009865760803222656	0.009865760803222656	-	3910
7821	-0.009861975908279419	0.009861975908279419	-	3911
1694	0.009853541851043701	0.009853541851043701	+	3912
2325	-0.009844285435974598	0.009844285435974598	-	3913
2148	0.00984426774084568	0.00984426774084568	+	3914
8050	-0.009842710569500923	0.009842710569500923	-	3915
5734	-0.00983437430113554	0.00983437430113554	-	3916
3330	-0.009830762632191181	0.009830762632191181	-	3917
3972	-0.009828252717852592	0.009828252717852592	-	3918
2609	-0.009815358556807041	0.009815358556807041	-	3919
9584	0.009811390191316605	0.009811390191316605	+	3920
140	-0.009808540344238281	0.009808540344238281	-	3921
4971	-0.009795943275094032	0.009795943275094032	-	3922
6348	-0.009793865494430065	0.009793865494430065	-	3923
1685	-0.009790519252419472	0.009790519252419472	-	3924
9318	-0.009789787232875824	0.009789787232875824	-	3925
1000	-0.009778065606951714	0.009778065606951714	-	3926
154	-0.009776823222637177	0.009776823222637177	-	3927
2253	-0.009772377088665962	0.009772377088665962	-	3928
1697	0.009756702929735184	0.009756702929735184	+	3929
1777	-0.009751583449542522	0.009751583449542522	-	3930
6405	0.00974915362894535	0.00974915362894535	+	3931
410	-0.009748069569468498	0.009748069569468498	-	3932
8316	-0.009745868854224682	0.009745868854224682	-	3933
2744	-0.009744912385940552	0.009744912385940552	-	3934
9280	-0.009739929810166359	0.009739929810166359	-	3935
1110	-0.00973929837346077	0.00973929837346077	-	3936
3324	0.009737243875861168	0.009737243875861168	+	3937
9823	-0.009735319763422012	0.009735319763422012	-	3938
2762	-0.009732186794281006	0.009732186794281006	-	3939
734	-0.009719446301460266	0.009719446301460266	-	3940
10067	0.009718119166791439	0.009718119166791439	+	3941
4325	-0.009717799723148346	0.009717799723148346	-	3942
2685	0.009717117063701153	0.009717117063701153	+	3943
5763	-0.00971662811934948	0.00971662811934948	-	3944
5087	-0.009714674204587936	0.009714674204587936	-	3945
3283	-0.009704218246042728	0.009704218246042728	-	3946
6196	-0.00970027782022953	0.00970027782022953	-	3947
3827	-0.00969778560101986	0.00969778560101986	-	3948
7698	-0.009679525159299374	0.009679525159299374	-	3949
3028	-0.00967842061072588	0.00967842061072588	-	3950
8230	-0.009675446897745132	0.009675446897745132	-	3951
3484	-0.009670170955359936	0.009670170955359936	-	3952
8593	-0.009664006531238556	0.009664006531238556	-	3953
1115	-0.009661928750574589	0.009661928750574589	-	3954
8094	-0.009657561779022217	0.009657561779022217	-	3955
8959	-0.00965600460767746	0.00965600460767746	-	3956
6811	-0.009655105881392956	0.009655105881392956	-	3957
4273	-0.009653975255787373	0.009653975255787373	-	3958
9142	-0.009652555920183659	0.009652555920183659	-	3959
1058	0.009650181978940964	0.009650181978940964	+	3960
4073	-0.009647350758314133	0.009647350758314133	-	3961
8092	-0.009644875302910805	0.009644875302910805	-	3962
3062	-0.009642200544476509	0.009642200544476509	-	3963
6508	-0.009642163291573524	0.009642163291573524	-	3964
6361	-0.009629198350012302	0.009629198350012302	-	3965
9857	-0.009625880047678947	0.009625880047678947	-	3966
2616	-0.009624341502785683	0.009624341502785683	-	3967
10156	-0.009622722864151001	0.009622722864151001	-	3968
9048	-0.009622323326766491	0.009622323326766491	-	3969
2111	-0.009618312120437622	0.009618312120437622	-	3970
6597	-0.00961760152131319	0.00961760152131319	-	3971
6364	0.009607222862541676	0.009607222862541676	+	3972
2227	-0.009604438208043575	0.009604438208043575	-	3973
5477	-0.009603144600987434	0.009603144600987434	-	3974
3929	-0.009602434933185577	0.009602434933185577	-	3975
2597	-0.009601395577192307	0.009601395577192307	-	3976
8284	-0.009597213938832283	0.009597213938832283	-	3977
5857	-0.009596338495612144	0.009596338495612144	-	3978
5548	-0.009594222530722618	0.009594222530722618	-	3979
8584	-0.00958576425909996	0.00958576425909996	-	3980
7161	-0.009579671546816826	0.009579671546816826	-	3981
10020	-0.0095774345099926	0.0095774345099926	-	3982
4610	-0.00956838671118021	0.00956838671118021	-	3983
5145	-0.00956745445728302	0.00956745445728302	-	3984
2440	-0.00956676434725523	0.00956676434725523	-	3985
7830	-0.00956583209335804	0.00956583209335804	-	3986
3708	-0.00956434104591608	0.00956434104591608	-	3987
9442	-0.009553743526339531	0.009553743526339531	-	3988
7909	-0.009550349786877632	0.009550349786877632	-	3989
9123	-0.009548032656311989	0.009548032656311989	-	3990
9346	-0.00954439491033554	0.00954439491033554	-	3991
2293	-0.009541496634483337	0.009541496634483337	-	3992
818	-0.009539438411593437	0.009539438411593437	-	3993
9107	-0.009536875411868095	0.009536875411868095	-	3994
9941	-0.009536011144518852	0.009536011144518852	-	3995
9506	-0.009535552933812141	0.009535552933812141	-	3996
3466	-0.009535085409879684	0.009535085409879684	-	3997
4798	-0.009532719850540161	0.009532719850540161	-	3998
3241	-0.009531394578516483	0.009531394578516483	-	3999
2467	-0.009519173763692379	0.009519173763692379	-	4000
10	-0.009515998885035515	0.009515998885035515	-	4001
8231	0.009508572518825531	0.009508572518825531	+	4002
5909	-0.009502921253442764	0.009502921253442764	-	4003
1253	0.009501006454229355	0.009501006454229355	+	4004
5205	-0.00949527882039547	0.00949527882039547	-	4005
5988	0.009491242468357086	0.009491242468357086	+	4006
6670	-0.009485330432653427	0.009485330432653427	-	4007
8633	-0.009484623558819294	0.009484623558819294	-	4008
3585	-0.009484446607530117	0.009484446607530117	-	4009
2128	-0.009473615325987339	0.009473615325987339	-	4010
7889	-0.009464510716497898	0.009464510716497898	-	4011
8121	0.009460411965847015	0.009460411965847015	+	4012
8079	-0.009446063078939915	0.009446063078939915	-	4013
5747	0.009440571069717407	0.009440571069717407	+	4014
4675	-0.00943777896463871	0.00943777896463871	-	4015
1609	-0.009424719028174877	0.009424719028174877	-	4016
7309	-0.0094158248975873	0.0094158248975873	-	4017
4505	0.009408935904502869	0.009408935904502869	+	4018
2273	-0.009399686940014362	0.009399686940014362	-	4019
4498	-0.009398862719535828	0.009398862719535828	-	4020
6454	0.009377151727676392	0.009377151727676392	+	4021
5769	-0.009374907240271568	0.009374907240271568	-	4022
7328	-0.009373128414154053	0.009373128414154053	-	4023
9564	-0.009367277845740318	0.009367277845740318	-	4024
180	-0.009358308278024197	0.009358308278024197	-	4025
7078	-0.009357656352221966	0.009357656352221966	-	4026
5359	-0.009355876594781876	0.009355876594781876	-	4027
3093	-0.009343640878796577	0.009343640878796577	-	4028
6279	-0.009341387078166008	0.009341387078166008	-	4029
5775	-0.00933347549289465	0.00933347549289465	-	4030
4117	-0.009330607950687408	0.009330607950687408	-	4031
2135	-0.009323522448539734	0.009323522448539734	-	4032
1720	-0.00932129193097353	0.00932129193097353	-	4033
8403	-0.009321117773652077	0.009321117773652077	-	4034
6137	0.009319078177213669	0.009319078177213669	+	4035
5209	-0.009308557957410812	0.009308557957410812	-	4036
132	-0.009306650608778	0.009306650608778	-	4037
161	-0.009304139763116837	0.009304139763116837	-	4038
852	-0.009292304515838623	0.009292304515838623	-	4039
1045	0.009288839995861053	0.009288839995861053	+	4040
9009	-0.009287404827773571	0.009287404827773571	-	4041
3416	-0.009284937754273415	0.009284937754273415	-	4042
2855	-0.009283351711928844	0.009283351711928844	-	4043
2159	-0.009282315149903297	0.009282315149903297	-	4044
3086	-0.009279439225792885	0.009279439225792885	-	4045
5345	0.009276820346713066	0.009276820346713066	+	4046
1303	-0.009273683652281761	0.009273683652281761	-	4047
9501	-0.009265821427106857	0.009265821427106857	-	4048
7740	-0.00926215946674347	0.00926215946674347	-	4049
9299	0.009259898215532303	0.009259898215532303	+	4050
3522	-0.009255483746528625	0.009255483746528625	-	4051
4094	0.00925293006002903	0.00925293006002903	+	4052
775	-0.009245716966688633	0.009245716966688633	-	4053
4487	-0.009243727661669254	0.009243727661669254	-	4054
8161	-0.00923857744783163	0.00923857744783163	-	4055
8510	-0.009234781377017498	0.009234781377017498	-	4056
7029	-0.009233442135155201	0.009233442135155201	-	4057
1408	0.009229063987731934	0.009229063987731934	+	4058
3855	-0.009227813221514225	0.009227813221514225	-	4059
5770	-0.009221214801073074	0.009221214801073074	-	4060
8232	-0.009219329804182053	0.009219329804182053	-	4061
3442	-0.009219173341989517	0.009219173341989517	-	4062
9276	-0.009216566570103168	0.009216566570103168	-	4063
1374	-0.009216081351041794	0.009216081351041794	-	4064
2853	-0.009214095771312714	0.009214095771312714	-	4065
4093	-0.009208365343511105	0.009208365343511105	-	4066
7831	-0.009200550615787506	0.009200550615787506	-	4067
3279	-0.009190728887915611	0.009190728887915611	-	4068
8714	0.00918714702129364	0.00918714702129364	+	4069
7233	-0.00918336771428585	0.00918336771428585	-	4070
9444	-0.009167641401290894	0.009167641401290894	-	4071
1365	-0.0091636274009943	0.0091636274009943	-	4072
8603	-0.0091631431132555	0.0091631431132555	-	4073
6778	-0.009155932813882828	0.009155932813882828	-	4074
4810	-0.009142408147454262	0.009142408147454262	-	4075
7956	-0.009139664471149445	0.009139664471149445	-	4076
1811	-0.00913928635418415	0.00913928635418415	-	4077
7409	-0.009138185530900955	0.009138185530900955	-	4078
1025	0.009135305881500244	0.009135305881500244	+	4079
9680	-0.0091248769313097	0.0091248769313097	-	4080
469	-0.009123582392930984	0.009123582392930984	-	4081
9972	-0.009122665971517563	0.009122665971517563	-	4082
4542	-0.009118514135479927	0.009118514135479927	-	4083
10034	0.0091170072555542	0.0091170072555542	+	4084
6721	0.009108263999223709	0.009108263999223709	+	4085
5325	-0.009107351303100586	0.009107351303100586	-	4086
5941	-0.00910566933453083	0.00910566933453083	-	4087
7864	-0.009100019000470638	0.009100019000470638	-	4088
9523	-0.009099636226892471	0.009099636226892471	-	4089
155	-0.009097746573388577	0.009097746573388577	-	4090
3170	-0.009095847606658936	0.009095847606658936	-	4091
3152	-0.009085515514016151	0.009085515514016151	-	4092
2281	-0.009082764387130737	0.009082764387130737	-	4093
7144	0.00908149778842926	0.00908149778842926	+	4094
7174	-0.009077906608581543	0.009077906608581543	-	4095
3879	-0.00907723419368267	0.00907723419368267	-	4096
3697	0.009075628593564034	0.009075628593564034	+	4097
2301	-0.009075360372662544	0.009075360372662544	-	4098
9396	-0.009066709317266941	0.009066709317266941	-	4099
9860	0.009064972400665283	0.009064972400665283	+	4100
8954	-0.009062433615326881	0.009062433615326881	-	4101
217	-0.00905876699835062	0.00905876699835062	-	4102
4302	-0.009053000248968601	0.009053000248968601	-	4103
4016	0.009047282859683037	0.009047282859683037	+	4104
6548	-0.009046986699104309	0.009046986699104309	-	4105
8356	-0.009037937968969345	0.009037937968969345	-	4106
1956	-0.009036596864461899	0.009036596864461899	-	4107
7319	-0.009035032242536545	0.009035032242536545	-	4108
5349	-0.009032677859067917	0.009032677859067917	-	4109
8890	0.009030766785144806	0.009030766785144806	+	4110
1340	-0.009030471555888653	0.009030471555888653	-	4111
3670	0.009029097855091095	0.009029097855091095	+	4112
5705	-0.009027259424328804	0.009027259424328804	-	4113
7579	0.009024903178215027	0.009024903178215027	+	4114
2830	-0.009024476632475853	0.009024476632475853	-	4115
1481	0.009021297097206116	0.009021297097206116	+	4116
7632	-0.009015955030918121	0.009015955030918121	-	4117
6627	-0.009012294001877308	0.009012294001877308	-	4118
8673	0.009010907262563705	0.009010907262563705	+	4119
8844	-0.009008051827549934	0.009008051827549934	-	4120
1112	0.009006191045045853	0.009006191045045853	+	4121
6685	0.008991088718175888	0.008991088718175888	+	4122
7358	-0.008990539237856865	0.008990539237856865	-	4123
2919	0.008980540558695793	0.008980540558695793	+	4124
3358	-0.008978045545518398	0.008978045545518398	-	4125
421	-0.00897782202810049	0.00897782202810049	-	4126
1288	-0.008975030854344368	0.008975030854344368	-	4127
1622	-0.00897224247455597	0.00897224247455597	-	4128
5023	0.008971123956143856	0.008971123956143856	+	4129
2933	-0.008970938622951508	0.008970938622951508	-	4130
5666	-0.008970269933342934	0.008970269933342934	-	4131
8019	-0.008969957008957863	0.008969957008957863	-	4132
1139	-0.008966676890850067	0.008966676890850067	-	4133
3554	-0.008963711559772491	0.008963711559772491	-	4134
2318	-0.008961452171206474	0.008961452171206474	-	4135
8449	-0.008958302438259125	0.008958302438259125	-	4136
5836	-0.008957825601100922	0.008957825601100922	-	4137
3845	0.008957439102232456	0.008957439102232456	+	4138
1702	-0.008956349454820156	0.008956349454820156	-	4139
3634	-0.008954240009188652	0.008954240009188652	-	4140
6162	-0.00895323883742094	0.00895323883742094	-	4141
3612	-0.008952212519943714	0.008952212519943714	-	4142
4664	-0.008950343355536461	0.008950343355536461	-	4143
9164	0.008945509791374207	0.008945509791374207	+	4144
2088	-0.008942811749875546	0.008942811749875546	-	4145
2511	-0.008939122781157494	0.008939122781157494	-	4146
6368	-0.008938883431255817	0.008938883431255817	-	4147
8042	-0.008930347859859467	0.008930347859859467	-	4148
8634	-0.008927570655941963	0.008927570655941963	-	4149
487	-0.008926250040531158	0.008926250040531158	-	4150
587	-0.008925070986151695	0.008925070986151695	-	4151
2541	0.008923642337322235	0.008923642337322235	+	4152
2232	0.008921682834625244	0.008921682834625244	+	4153
2194	-0.008921489119529724	0.008921489119529724	-	4154
8287	-0.00891092885285616	0.00891092885285616	-	4155
3800	-0.008909296244382858	0.008909296244382858	-	4156
32	-0.008909221738576889	0.008909221738576889	-	4157
6875	-0.00890377163887024	0.00890377163887024	-	4158
658	-0.008902165107429028	0.008902165107429028	-	4159
1427	-0.008900867775082588	0.008900867775082588	-	4160
3080	-0.008899537846446037	0.008899537846446037	-	4161
1929	-0.008897645398974419	0.008897645398974419	-	4162
133	0.008888974785804749	0.008888974785804749	+	4163
5787	0.00888553261756897	0.00888553261756897	+	4164
4028	-0.008884334936738014	0.008884334936738014	-	4165
7126	-0.008883634582161903	0.008883634582161903	-	4166
5422	-0.008878394030034542	0.008878394030034542	-	4167
3189	-0.008873777464032173	0.008873777464032173	-	4168
7547	0.008869368582963943	0.008869368582963943	+	4169
4875	-0.00886539462953806	0.00886539462953806	-	4170
8858	-0.008857270702719688	0.008857270702719688	-	4171
9298	-0.008855398744344711	0.008855398744344711	-	4172
1482	0.008852921426296234	0.008852921426296234	+	4173
531	-0.00885038822889328	0.00885038822889328	-	4174
2356	-0.008849541656672955	0.008849541656672955	-	4175
3524	-0.00884600356221199	0.00884600356221199	-	4176
4853	-0.008844595402479172	0.008844595402479172	-	4177
6995	0.008841113187372684	0.008841113187372684	+	4178
9209	0.008840234018862247	0.008840234018862247	+	4179
4123	-0.008836541324853897	0.008836541324853897	-	4180
6250	-0.008829490281641483	0.008829490281641483	-	4181
4438	-0.008825686760246754	0.008825686760246754	-	4182
9770	0.008822618052363396	0.008822618052363396	+	4183
5862	0.008819935843348503	0.008819935843348503	+	4184
7776	-0.008817522786557674	0.008817522786557674	-	4185
6813	0.008813939057290554	0.008813939057290554	+	4186
1834	-0.00881329644471407	0.00881329644471407	-	4187
7940	0.008808545768260956	0.008808545768260956	+	4188
7600	-0.008805578574538231	0.008805578574538231	-	4189
1584	-0.008794846944510937	0.008794846944510937	-	4190
8769	-0.00878349132835865	0.00878349132835865	-	4191
733	-0.008776620030403137	0.008776620030403137	-	4192
2205	-0.008775930851697922	0.008775930851697922	-	4193
2732	-0.008767539635300636	0.008767539635300636	-	4194
8058	-0.008763104677200317	0.008763104677200317	-	4195
3411	-0.00875826459378004	0.00875826459378004	-	4196
7462	0.008756401017308235	0.008756401017308235	+	4197
10117	-0.008756257593631744	0.008756257593631744	-	4198
1255	-0.008753661066293716	0.008753661066293716	-	4199
4395	-0.00875258818268776	0.00875258818268776	-	4200
5481	-0.008751388639211655	0.008751388639211655	-	4201
7443	-0.008747652173042297	0.008747652173042297	-	4202
7436	0.008738003671169281	0.008738003671169281	+	4203
9152	-0.008733324706554413	0.008733324706554413	-	4204
4029	-0.008730292320251465	0.008730292320251465	-	4205
2644	-0.008728819899260998	0.008728819899260998	-	4206
1027	0.008722007274627686	0.008722007274627686	+	4207
444	-0.008722001686692238	0.008722001686692238	-	4208
4304	0.008715540170669556	0.008715540170669556	+	4209
4582	-0.008713466115295887	0.008713466115295887	-	4210
3847	0.008709137327969074	0.008709137327969074	+	4211
6205	-0.008706385269761086	0.008706385269761086	-	4212
4469	-0.008706171065568924	0.008706171065568924	-	4213
868	-0.008698512800037861	0.008698512800037861	-	4214
10115	-0.008696939796209335	0.008696939796209335	-	4215
10017	-0.008696682751178741	0.008696682751178741	-	4216
1917	-0.008690106682479382	0.008690106682479382	-	4217
1158	-0.008688092231750488	0.008688092231750488	-	4218
4382	-0.008678418584167957	0.008678418584167957	-	4219
103	-0.008678259328007698	0.008678259328007698	-	4220
8984	-0.008663579821586609	0.008663579821586609	-	4221
10033	-0.008658762089908123	0.008658762089908123	-	4222
9820	0.008655816316604614	0.008655816316604614	+	4223
3112	-0.008653070777654648	0.008653070777654648	-	4224
2453	0.00865198578685522	0.00865198578685522	+	4225
3403	-0.008651293814182281	0.008651293814182281	-	4226
7343	0.008649559691548347	0.008649559691548347	+	4227
6996	-0.008648982271552086	0.008648982271552086	-	4228
7265	-0.00863419659435749	0.00863419659435749	-	4229
1923	0.008631285279989243	0.008631285279989243	+	4230
10145	-0.008631073869764805	0.008631073869764805	-	4231
4145	0.008630424737930298	0.008630424737930298	+	4232
10129	-0.008626510389149189	0.008626510389149189	-	4233
860	-0.008625159971415997	0.008625159971415997	-	4234
2258	-0.00862162932753563	0.00862162932753563	-	4235
8517	-0.008614085614681244	0.008614085614681244	-	4236
7739	-0.008606362156569958	0.008606362156569958	-	4237
6636	0.008597107604146004	0.008597107604146004	+	4238
3743	-0.008595786988735199	0.008595786988735199	-	4239
985	-0.008591320365667343	0.008591320365667343	-	4240
7274	-0.008590349927544594	0.008590349927544594	-	4241
6391	-0.008584490977227688	0.008584490977227688	-	4242
6521	-0.008576391264796257	0.008576391264796257	-	4243
880	-0.00857569370418787	0.00857569370418787	-	4244
3249	-0.008569572120904922	0.008569572120904922	-	4245
7899	-0.008568568155169487	0.008568568155169487	-	4246
1654	-0.008567595854401588	0.008567595854401588	-	4247
5432	-0.008567439392209053	0.008567439392209053	-	4248
1247	-0.008567077107727528	0.008567077107727528	-	4249
9609	-0.008564438670873642	0.008564438670873642	-	4250
5657	-0.008562524802982807	0.008562524802982807	-	4251
5012	-0.008554124273359776	0.008554124273359776	-	4252
596	-0.008551337756216526	0.008551337756216526	-	4253
2806	-0.008547136560082436	0.008547136560082436	-	4254
5144	-0.00854542851448059	0.00854542851448059	-	4255
9699	-0.00854248646646738	0.00854248646646738	-	4256
8480	-0.008541923016309738	0.008541923016309738	-	4257
9704	-0.008534587919712067	0.008534587919712067	-	4258
137	-0.008533362299203873	0.008533362299203873	-	4259
3792	-0.008529003709554672	0.008529003709554672	-	4260
7788	-0.008528772741556168	0.008528772741556168	-	4261
977	0.008527843281626701	0.008527843281626701	+	4262
5870	-0.008523810654878616	0.008523810654878616	-	4263
1994	-0.008521327748894691	0.008521327748894691	-	4264
4873	-0.008521215058863163	0.008521215058863163	-	4265
3822	-0.008519542403519154	0.008519542403519154	-	4266
10007	-0.008516266942024231	0.008516266942024231	-	4267
8142	-0.00851268507540226	0.00851268507540226	-	4268
5966	0.008509287610650063	0.008509287610650063	+	4269
7329	-0.008507097139954567	0.008507097139954567	-	4270
9497	-0.008506722748279572	0.008506722748279572	-	4271
7942	-0.008506371639668941	0.008506371639668941	-	4272
2223	-0.008504158817231655	0.008504158817231655	-	4273
5246	-0.008502442389726639	0.008502442389726639	-	4274
1610	0.008499115705490112	0.008499115705490112	+	4275
7393	0.008498646318912506	0.008498646318912506	+	4276
2137	-0.008498184382915497	0.008498184382915497	-	4277
9561	-0.00849640741944313	0.00849640741944313	-	4278
3447	-0.008495954796671867	0.008495954796671867	-	4279
5697	-0.008489206433296204	0.008489206433296204	-	4280
4920	-0.008488167077302933	0.008488167077302933	-	4281
4626	-0.008488002233207226	0.008488002233207226	-	4282
5829	-0.008487988263368607	0.008487988263368607	-	4283
9074	-0.008481903932988644	0.008481903932988644	-	4284
9443	-0.008479968644678593	0.008479968644678593	-	4285
3558	-0.00847976841032505	0.00847976841032505	-	4286
1092	-0.008469322696328163	0.008469322696328163	-	4287
3983	-0.008468671701848507	0.008468671701848507	-	4288
3735	-0.008464669808745384	0.008464669808745384	-	4289
9964	-0.00846156943589449	0.00846156943589449	-	4290
5305	0.008452579379081726	0.008452579379081726	+	4291
6182	-0.008452494628727436	0.008452494628727436	-	4292
7552	0.008450529538094997	0.008450529538094997	+	4293
9815	0.0084502212703228	0.0084502212703228	+	4294
2715	-0.008448791690170765	0.008448791690170765	-	4295
9669	-0.008441786281764507	0.008441786281764507	-	4296
1274	-0.008435999043285847	0.008435999043285847	-	4297
5828	-0.0084352046251297	0.0084352046251297	-	4298
3499	-0.008432535454630852	0.008432535454630852	-	4299
2546	-0.008427982218563557	0.008427982218563557	-	4300
7770	-0.008424699306488037	0.008424699306488037	-	4301
4809	-0.008424602448940277	0.008424602448940277	-	4302
5475	-0.008422649465501308	0.008422649465501308	-	4303
1784	-0.008420541882514954	0.008420541882514954	-	4304
7723	-0.008419005200266838	0.008419005200266838	-	4305
6267	-0.008418782614171505	0.008418782614171505	-	4306
9733	-0.008414396084845066	0.008414396084845066	-	4307
8095	0.008413594216108322	0.008413594216108322	+	4308
6632	-0.008412657305598259	0.008412657305598259	-	4309
5977	-0.008412444964051247	0.008412444964051247	-	4310
8514	-0.008411047980189323	0.008411047980189323	-	4311
9062	0.008409552276134491	0.008409552276134491	+	4312
3598	-0.00840831734240055	0.00840831734240055	-	4313
3027	0.008405578322708607	0.008405578322708607	+	4314
8198	-0.008403470739722252	0.008403470739722252	-	4315
9300	-0.008402006700634956	0.008402006700634956	-	4316
4696	0.008401352912187576	0.008401352912187576	+	4317
7011	-0.008395343087613583	0.008395343087613583	-	4318
5388	-0.008395163342356682	0.008395163342356682	-	4319
9380	-0.00839373841881752	0.00839373841881752	-	4320
4883	-0.008392445743083954	0.008392445743083954	-	4321
2657	-0.008388360030949116	0.008388360030949116	-	4322
4651	-0.008381453342735767	0.008381453342735767	-	4323
9668	-0.008375544100999832	0.008375544100999832	-	4324
6309	-0.008367168717086315	0.008367168717086315	-	4325
5795	-0.008366921916604042	0.008366921916604042	-	4326
4939	-0.008366561494767666	0.008366561494767666	-	4327
6892	-0.008366084657609463	0.008366084657609463	-	4328
9316	-0.008357957005500793	0.008357957005500793	-	4329
9213	0.008351437747478485	0.008351437747478485	+	4330
8282	-0.00834781676530838	0.00834781676530838	-	4331
6645	-0.008340496569871902	0.008340496569871902	-	4332
6848	-0.008337602019309998	0.008337602019309998	-	4333
738	0.008332459256052971	0.008332459256052971	+	4334
6599	-0.008330278098583221	0.008330278098583221	-	4335
7969	-0.00833024550229311	0.00833024550229311	-	4336
5791	-0.008325686678290367	0.008325686678290367	-	4337
1178	0.008321478962898254	0.008321478962898254	+	4338
540	-0.008320437744259834	0.008320437744259834	-	4339
6988	0.00832018256187439	0.00832018256187439	+	4340
7783	-0.008316797204315662	0.008316797204315662	-	4341
5867	-0.00831632036715746	0.00831632036715746	-	4342
6855	-0.008310968056321144	0.008310968056321144	-	4343
1299	-0.008309981785714626	0.008309981785714626	-	4344
5515	-0.008304692804813385	0.008304692804813385	-	4345
2684	-0.008302014321088791	0.008302014321088791	-	4346
2914	-0.008301468566060066	0.008301468566060066	-	4347
7693	0.008288919925689697	0.008288919925689697	+	4348
2074	0.008288703858852386	0.008288703858852386	+	4349
10071	-0.00828612968325615	0.00828612968325615	-	4350
8354	-0.008281964808702469	0.008281964808702469	-	4351
91	0.008279386907815933	0.008279386907815933	+	4352
6054	-0.008277582004666328	0.008277582004666328	-	4353
1164	-0.00827217847108841	0.00827217847108841	-	4354
8526	-0.00827173050493002	0.00827173050493002	-	4355
6616	-0.008263594470918179	0.008263594470918179	-	4356
7086	-0.008254357613623142	0.008254357613623142	-	4357
7779	0.008252263069152832	0.008252263069152832	+	4358
1750	0.00824890285730362	0.00824890285730362	+	4359
5509	-0.008245991542935371	0.008245991542935371	-	4360
2799	-0.008240049704909325	0.008240049704909325	-	4361
5117	0.008237050846219063	0.008237050846219063	+	4362
8305	0.008236121386289597	0.008236121386289597	+	4363
3660	-0.008234060369431973	0.008234060369431973	-	4364
8015	-0.008228582330048084	0.008228582330048084	-	4365
5020	-0.008226619102060795	0.008226619102060795	-	4366
7421	-0.0082262447103858	0.0082262447103858	-	4367
4066	-0.008225849829614162	0.008225849829614162	-	4368
2455	-0.008224723860621452	0.008224723860621452	-	4369
1140	0.008219309151172638	0.008219309151172638	+	4370
5800	-0.00821705162525177	0.00821705162525177	-	4371
905	0.008210428059101105	0.008210428059101105	+	4372
10144	-0.008207441307604313	0.008207441307604313	-	4373
7403	-0.008206987753510475	0.008206987753510475	-	4374
8466	-0.008201198652386665	0.008201198652386665	-	4375
9132	-0.008192110806703568	0.008192110806703568	-	4376
6522	-0.008186198770999908	0.008186198770999908	-	4377
1986	-0.008181598968803883	0.008181598968803883	-	4378
2308	-0.00818132795393467	0.00818132795393467	-	4379
3316	-0.00818064995110035	0.00818064995110035	-	4380
224	-0.00817666482180357	0.00817666482180357	-	4381
7456	-0.008175946772098541	0.008175946772098541	-	4382
3553	-0.008171267807483673	0.008171267807483673	-	4383
6355	-0.008170672692358494	0.008170672692358494	-	4384
6560	-0.00817065592855215	0.00817065592855215	-	4385
3149	-0.008168631233274937	0.008168631233274937	-	4386
7986	-0.00815973524004221	0.00815973524004221	-	4387
8244	-0.008152768015861511	0.008152768015861511	-	4388
42	-0.00815112330019474	0.00815112330019474	-	4389
7111	-0.008150658570230007	0.008150658570230007	-	4390
4241	0.008146622218191624	0.008146622218191624	+	4391
1298	-0.008143981918692589	0.008143981918692589	-	4392
1287	0.008143619634211063	0.008143619634211063	+	4393
7797	-0.008139497600495815	0.008139497600495815	-	4394
8493	0.008139286190271378	0.008139286190271378	+	4395
8827	-0.0081360824406147	0.0081360824406147	-	4396
6905	-0.0081358402967453	0.0081358402967453	-	4397
4447	-0.008135087788105011	0.008135087788105011	-	4398
9683	-0.008130675181746483	0.008130675181746483	-	4399
8173	-0.008125312626361847	0.008125312626361847	-	4400
6322	0.008125200867652893	0.008125200867652893	+	4401
9828	-0.008112864568829536	0.008112864568829536	-	4402
1869	-0.008110718801617622	0.008110718801617622	-	4403
8026	0.008110685274004936	0.008110685274004936	+	4404
870	-0.008110382594168186	0.008110382594168186	-	4405
9725	0.008108651265501976	0.008108651265501976	+	4406
7481	-0.008108435198664665	0.008108435198664665	-	4407
6516	-0.00810554251074791	0.00810554251074791	-	4408
9465	-0.008104057051241398	0.008104057051241398	-	4409
9186	-0.008101153187453747	0.008101153187453747	-	4410
2747	-0.00809929147362709	0.00809929147362709	-	4411
1562	-0.008096552453935146	0.008096552453935146	-	4412
5350	0.008095860481262207	0.008095860481262207	+	4413
7097	-0.008095420897006989	0.008095420897006989	-	4414
456	0.00809541717171669	0.00809541717171669	+	4415
9681	-0.008095130324363708	0.008095130324363708	-	4416
8125	-0.008091345429420471	0.008091345429420471	-	4417
18	-0.008090844377875328	0.008090844377875328	-	4418
633	-0.008089540526270866	0.008089540526270866	-	4419
1991	-0.008086325600743294	0.008086325600743294	-	4420
4544	-0.008079789578914642	0.008079789578914642	-	4421
3866	-0.00807932484894991	0.00807932484894991	-	4422
717	-0.00807426031678915	0.00807426031678915	-	4423
3130	-0.008071191608905792	0.008071191608905792	-	4424
7040	-0.008070442825555801	0.008070442825555801	-	4425
759	-0.008059244602918625	0.008059244602918625	-	4426
58	0.008056621998548508	0.008056621998548508	+	4427
7675	0.008055316284298897	0.008055316284298897	+	4428
8641	-0.008052359335124493	0.008052359335124493	-	4429
4063	-0.008042984642088413	0.008042984642088413	-	4430
619	-0.00804201327264309	0.00804201327264309	-	4431
5863	-0.008041521534323692	0.008041521534323692	-	4432
4087	-0.008036498911678791	0.008036498911678791	-	4433
4384	-0.00802921038120985	0.00802921038120985	-	4434
4157	-0.008027404546737671	0.008027404546737671	-	4435
2789	-0.008024316281080246	0.008024316281080246	-	4436
7920	-0.008023988455533981	0.008023988455533981	-	4437
1528	-0.008023690432310104	0.008023690432310104	-	4438
5296	-0.008022804744541645	0.008022804744541645	-	4439
5802	-0.008021361194550991	0.008021361194550991	-	4440
4658	-0.008020725101232529	0.008020725101232529	-	4441
7432	-0.008016695268452168	0.008016695268452168	-	4442
9836	-0.008014596067368984	0.008014596067368984	-	4443
8666	-0.008013946935534477	0.008013946935534477	-	4444
9224	-0.008012928068637848	0.008012928068637848	-	4445
9485	-0.008008995093405247	0.008008995093405247	-	4446
3950	0.008006520569324493	0.008006520569324493	+	4447
5255	-0.008004623465240002	0.008004623465240002	-	4448
945	-0.00800270028412342	0.00800270028412342	-	4449
9100	-0.008000621572136879	0.008000621572136879	-	4450
4887	-0.007987435907125473	0.007987435907125473	-	4451
2880	-0.007985875010490417	0.007985875010490417	-	4452
6411	-0.00798551645129919	0.00798551645129919	-	4453
4770	-0.007980838418006897	0.007980838418006897	-	4454
2147	-0.007979368790984154	0.007979368790984154	-	4455
9556	-0.007969209924340248	0.007969209924340248	-	4456
8848	-0.007965159602463245	0.007965159602463245	-	4457
603	-0.007962079718708992	0.007962079718708992	-	4458
7225	0.007957227528095245	0.007957227528095245	+	4459
5247	-0.007956082001328468	0.007956082001328468	-	4460
6877	-0.007951745763421059	0.007951745763421059	-	4461
4416	-0.007951636798679829	0.007951636798679829	-	4462
4897	-0.007944845594465733	0.007944845594465733	-	4463
9875	-0.007943443953990936	0.007943443953990936	-	4464
5484	-0.007935462519526482	0.007935462519526482	-	4465
9712	-0.007932393811643124	0.007932393811643124	-	4466
3260	-0.007931887172162533	0.007931887172162533	-	4467
7306	-0.007926191203296185	0.007926191203296185	-	4468
4898	-0.007925987243652344	0.007925987243652344	-	4469
7106	-0.007924570702016354	0.007924570702016354	-	4470
4994	-0.007924530655145645	0.007924530655145645	-	4471
9367	-0.00791860930621624	0.00791860930621624	-	4472
866	-0.007916794158518314	0.007916794158518314	-	4473
4064	0.007910864427685738	0.007910864427685738	+	4474
2631	-0.007909505628049374	0.007909505628049374	-	4475
6370	-0.007906612008810043	0.007906612008810043	-	4476
4038	-0.007902423851191998	0.007902423851191998	-	4477
1095	0.00790090300142765	0.00790090300142765	+	4478
3223	-0.00790080614387989	0.00790080614387989	-	4479
5032	-0.00789585616439581	0.00789585616439581	-	4480
10146	-0.007894881069660187	0.007894881069660187	-	4481
9730	0.007892614230513573	0.007892614230513573	+	4482
2095	-0.007888123393058777	0.007888123393058777	-	4483
4691	-0.007885470986366272	0.007885470986366272	-	4484
3667	-0.007883621379733086	0.007883621379733086	-	4485
6011	0.00788186676800251	0.00788186676800251	+	4486
6278	-0.00787895917892456	0.00787895917892456	-	4487
7303	-0.007877138443291187	0.007877138443291187	-	4488
6009	-0.007874801754951477	0.007874801754951477	-	4489
5415	-0.007874086499214172	0.007874086499214172	-	4490
124	0.007867158390581608	0.007867158390581608	+	4491
5457	0.007865771651268005	0.007865771651268005	+	4492
9236	-0.00786159373819828	0.00786159373819828	-	4493
7115	-0.007860962301492691	0.007860962301492691	-	4494
7798	-0.007860500365495682	0.007860500365495682	-	4495
10170	-0.007859583012759686	0.007859583012759686	-	4496
3132	-0.007858715951442719	0.007858715951442719	-	4497
9891	-0.007858609780669212	0.007858609780669212	-	4498
5029	-0.007855810225009918	0.007855810225009918	-	4499
7020	-0.007850798778235912	0.007850798778235912	-	4500
4163	-0.007848193868994713	0.007848193868994713	-	4501
2442	-0.007845682092010975	0.007845682092010975	-	4502
3492	0.007839590311050415	0.007839590311050415	+	4503
740	-0.007838583551347256	0.007838583551347256	-	4504
1605	-0.007838057354092598	0.007838057354092598	-	4505
9861	-0.007828643545508385	0.007828643545508385	-	4506
6631	-0.007827173918485641	0.007827173918485641	-	4507
2144	-0.007814817130565643	0.007814817130565643	-	4508
7950	-0.007814005948603153	0.007814005948603153	-	4509
10050	-0.007812111638486385	0.007812111638486385	-	4510
299	-0.007806085515767336	0.007806085515767336	-	4511
5991	-0.007801599334925413	0.007801599334925413	-	4512
9285	-0.007801304571330547	0.007801304571330547	-	4513
2737	-0.0078006647527217865	0.0078006647527217865	-	4514
8014	-0.007800154387950897	0.007800154387950897	-	4515
7018	-0.007799317594617605	0.007799317594617605	-	4516
8790	-0.007798302918672562	0.007798302918672562	-	4517
6663	-0.00779515178874135	0.00779515178874135	-	4518
1792	0.007793000433593988	0.007793000433593988	+	4519
8315	-0.007784247398376465	0.007784247398376465	-	4520
6556	-0.007780641783028841	0.007780641783028841	-	4521
7240	0.00777474045753479	0.00777474045753479	+	4522
1851	0.007772071287035942	0.007772071287035942	+	4523
3551	-0.007771180476993322	0.007771180476993322	-	4524
8777	0.007766803726553917	0.007766803726553917	+	4525
5456	-0.0077658724039793015	0.0077658724039793015	-	4526
4749	-0.007763847708702087	0.007763847708702087	-	4527
8047	-0.007760633714497089	0.007760633714497089	-	4528
4641	-0.007752907462418079	0.007752907462418079	-	4529
1207	-0.007742982357740402	0.007742982357740402	-	4530
7785	-0.007728761062026024	0.007728761062026024	-	4531
7234	-0.007728639058768749	0.007728639058768749	-	4532
3589	0.007728047668933868	0.007728047668933868	+	4533
9885	0.007727591786533594	0.007727591786533594	+	4534
6128	-0.00772549444809556	0.00772549444809556	-	4535
8419	0.00772494450211525	0.00772494450211525	+	4536
6433	-0.0077228667214512825	0.0077228667214512825	-	4537
5141	-0.00771744130179286	0.00771744130179286	-	4538
4812	-0.007714573293924332	0.007714573293924332	-	4539
4877	-0.007711953017860651	0.007711953017860651	-	4540
401	-0.007707491051405668	0.007707491051405668	-	4541
9425	-0.007707202807068825	0.007707202807068825	-	4542
2060	-0.0077033862471580505	0.0077033862471580505	-	4543
2809	-0.00770315807312727	0.00770315807312727	-	4544
7937	-0.007702826522290707	0.007702826522290707	-	4545
5504	0.007701948285102844	0.007701948285102844	+	4546
2370	-0.007698956876993179	0.007698956876993179	-	4547
5965	-0.007697914727032185	0.007697914727032185	-	4548
8893	-0.007697569206357002	0.007697569206357002	-	4549
1278	0.007694993168115616	0.007694993168115616	+	4550
7981	-0.0076949503272771835	0.0076949503272771835	-	4551
4669	-0.007691432721912861	0.007691432721912861	-	4552
7013	-0.007689217105507851	0.007689217105507851	-	4553
4458	-0.007688804063946009	0.007688804063946009	-	4554
6304	-0.007684833370149136	0.007684833370149136	-	4555
6171	-0.007677704095840454	0.007677704095840454	-	4556
1134	-0.007676583714783192	0.007676583714783192	-	4557
3094	-0.007671730127185583	0.007671730127185583	-	4558
259	-0.0076712872833013535	0.0076712872833013535	-	4559
3003	-0.007670938037335873	0.007670938037335873	-	4560
1445	0.007670816034078598	0.007670816034078598	+	4561
7826	-0.007665572687983513	0.007665572687983513	-	4562
8484	-0.007664792239665985	0.007664792239665985	-	4563
10187	-0.007664766162633896	0.007664766162633896	-	4564
9908	-0.007663745433092117	0.007663745433092117	-	4565
7866	-0.007659183349460363	0.007659183349460363	-	4566
1864	-0.007654916029423475	0.007654916029423475	-	4567
3804	-0.00765480101108551	0.00765480101108551	-	4568
7846	-0.007653986569494009	0.007653986569494009	-	4569
7305	-0.007651966530829668	0.007651966530829668	-	4570
8616	-0.00764997536316514	0.00764997536316514	-	4571
7750	0.007646258920431137	0.007646258920431137	+	4572
9931	-0.007644072640687227	0.007644072640687227	-	4573
5470	-0.007643993943929672	0.007643993943929672	-	4574
6186	0.007642865180969238	0.007642865180969238	+	4575
8915	-0.007639036513864994	0.007639036513864994	-	4576
2056	-0.007638408802449703	0.007638408802449703	-	4577
5662	-0.007638259325176477	0.007638259325176477	-	4578
4208	-0.007634743582457304	0.007634743582457304	-	4579
5790	0.007633227854967117	0.007633227854967117	+	4580
6559	0.007626502774655819	0.007626502774655819	+	4581
3441	-0.007622933015227318	0.007622933015227318	-	4582
1942	-0.007620626129209995	0.007620626129209995	-	4583
4205	0.007617499679327011	0.007617499679327011	+	4584
6134	-0.007616744842380285	0.007616744842380285	-	4585
8799	0.007613927125930786	0.007613927125930786	+	4586
711	-0.007611403241753578	0.007611403241753578	-	4587
594	-0.007609635591506958	0.007609635591506958	-	4588
665	-0.007608015555888414	0.007608015555888414	-	4589
5322	-0.007601997349411249	0.007601997349411249	-	4590
9218	-0.007601175457239151	0.007601175457239151	-	4591
5053	-0.007597309537231922	0.007597309537231922	-	4592
7971	-0.0075884368270635605	0.0075884368270635605	-	4593
7806	-0.007586592808365822	0.007586592808365822	-	4594
1440	-0.007573203183710575	0.007573203183710575	-	4595
8772	-0.007572956383228302	0.007572956383228302	-	4596
8164	-0.007566170301288366	0.007566170301288366	-	4597
8681	0.007565107196569443	0.007565107196569443	+	4598
6161	-0.007559091784060001	0.007559091784060001	-	4599
440	-0.007550115697085857	0.007550115697085857	-	4600
9636	-0.007548259571194649	0.007548259571194649	-	4601
9217	-0.00754396291449666	0.00754396291449666	-	4602
1971	0.007541356608271599	0.007541356608271599	+	4603
4674	0.007537366822361946	0.007537366822361946	+	4604
1392	-0.0075368983671069145	0.0075368983671069145	-	4605
9015	-0.00753311812877655	0.00753311812877655	-	4606
8490	-0.007532939314842224	0.007532939314842224	-	4607
6714	-0.007529831491410732	0.007529831491410732	-	4608
1324	0.007528180256485939	0.007528180256485939	+	4609
1987	-0.0075261276215314865	0.0075261276215314865	-	4610
6514	-0.007525565568357706	0.007525565568357706	-	4611
10142	-0.007520657032728195	0.007520657032728195	-	4612
6886	-0.00751838693395257	0.00751838693395257	-	4613
752	-0.007514560129493475	0.007514560129493475	-	4614
2389	0.007507475558668375	0.007507475558668375	+	4615
4410	-0.007501641754060984	0.007501641754060984	-	4616
8470	0.007495041936635971	0.007495041936635971	+	4617
220	0.007492229342460632	0.007492229342460632	+	4618
3724	-0.0074867429211735725	0.0074867429211735725	-	4619
1348	-0.0074776168912649155	0.0074776168912649155	-	4620
1795	-0.007477172650396824	0.007477172650396824	-	4621
1713	0.007472492754459381	0.007472492754459381	+	4622
6343	-0.007464577443897724	0.007464577443897724	-	4623
9629	-0.007461513392627239	0.007461513392627239	-	4624
2414	0.0074609555304050446	0.0074609555304050446	+	4625
2487	-0.007457431871443987	0.007457431871443987	-	4626
6710	0.0074561480432748795	0.0074561480432748795	+	4627
5206	-0.007452859077602625	0.007452859077602625	-	4628
8636	0.007451832294464111	0.007451832294464111	+	4629
9952	-0.007451049983501434	0.007451049983501434	-	4630
1404	-0.0074498578906059265	0.0074498578906059265	-	4631
1531	-0.007447545882314444	0.007447545882314444	-	4632
1539	-0.0074464138597249985	0.0074464138597249985	-	4633
9769	0.007445052266120911	0.007445052266120911	+	4634
10135	0.0074449945241212845	0.0074449945241212845	+	4635
7673	-0.007443278096616268	0.007443278096616268	-	4636
34	-0.00744235422462225	0.00744235422462225	-	4637
3721	0.0074419304728507996	0.0074419304728507996	+	4638
1321	-0.007441697642207146	0.007441697642207146	-	4639
9490	-0.0074369534850120544	0.0074369534850120544	-	4640
7801	-0.007433551363646984	0.007433551363646984	-	4641
8143	-0.007432411424815655	0.007432411424815655	-	4642
5253	-0.007432068698108196	0.007432068698108196	-	4643
9670	0.0074320510029792786	0.0074320510029792786	+	4644
5722	-0.007431485690176487	0.007431485690176487	-	4645
4012	0.007428562268614769	0.007428562268614769	+	4646
7252	0.007421411573886871	0.007421411573886871	+	4647
7587	-0.0074169691652059555	0.0074169691652059555	-	4648
3712	-0.007416840177029371	0.007416840177029371	-	4649
4351	-0.007414286956191063	0.007414286956191063	-	4650
1048	-0.007413844112306833	0.007413844112306833	-	4651
7125	-0.0074075679294764996	0.0074075679294764996	-	4652
3731	-0.007404907140880823	0.007404907140880823	-	4653
293	-0.007399986498057842	0.007399986498057842	-	4654
10062	-0.007387120276689529	0.007387120276689529	-	4655
2163	-0.007384948432445526	0.007384948432445526	-	4656
9131	-0.007384847849607468	0.007384847849607468	-	4657
7681	-0.007378514390438795	0.007378514390438795	-	4658
8739	0.007377740927040577	0.007377740927040577	+	4659
7542	-0.0073774149641394615	0.0073774149641394615	-	4660
9542	0.0073770564049482346	0.0073770564049482346	+	4661
525	-0.00737656420096755	0.00737656420096755	-	4662
7065	0.007374332286417484	0.007374332286417484	+	4663
6747	-0.0073729008436203	0.0073729008436203	-	4664
8250	-0.007370783481746912	0.007370783481746912	-	4665
6676	-0.007370306178927422	0.007370306178927422	-	4666
1428	-0.007369987200945616	0.007369987200945616	-	4667
5875	-0.007362816482782364	0.007362816482782364	-	4668
1165	0.007357185706496239	0.007357185706496239	+	4669
8163	-0.007351423613727093	0.007351423613727093	-	4670
4555	-0.007351217791438103	0.007351217791438103	-	4671
8168	-0.007345110177993774	0.007345110177993774	-	4672
4661	-0.0073413304053246975	0.0073413304053246975	-	4673
1949	-0.00734062260016799	0.00734062260016799	-	4674
5714	-0.007333085406571627	0.007333085406571627	-	4675
778	-0.0073284003883600235	0.0073284003883600235	-	4676
895	-0.007325620856136084	0.007325620856136084	-	4677
5590	-0.007317587733268738	0.007317587733268738	-	4678
2805	-0.007315941620618105	0.007315941620618105	-	4679
8499	-0.007313559763133526	0.007313559763133526	-	4680
2044	-0.007309067528694868	0.007309067528694868	-	4681
8355	-0.007305367384105921	0.007305367384105921	-	4682
143	0.007304015103727579	0.007304015103727579	+	4683
3336	-0.007298261858522892	0.007298261858522892	-	4684
9987	-0.007296726107597351	0.007296726107597351	-	4685
3019	-0.007291784510016441	0.007291784510016441	-	4686
8261	-0.0072912294417619705	0.0072912294417619705	-	4687
7725	-0.007284259423613548	0.007284259423613548	-	4688
4955	-0.007281403988599777	0.007281403988599777	-	4689
8269	0.007274076342582703	0.007274076342582703	+	4690
1651	-0.0072717852890491486	0.0072717852890491486	-	4691
4485	-0.007269860245287418	0.007269860245287418	-	4692
4735	-0.007268508430570364	0.007268508430570364	-	4693
7642	-0.007265482563525438	0.007265482563525438	-	4694
8318	-0.0072643570601940155	0.0072643570601940155	-	4695
404	-0.007263153791427612	0.007263153791427612	-	4696
6016	-0.0072617302648723125	0.0072617302648723125	-	4697
2249	-0.007260124199092388	0.007260124199092388	-	4698
3901	-0.0072598643600940704	0.0072598643600940704	-	4699
5582	-0.007259252015501261	0.007259252015501261	-	4700
271	-0.00725414976477623	0.00725414976477623	-	4701
9536	-0.007253771647810936	0.007253771647810936	-	4702
6317	-0.007252741605043411	0.007252741605043411	-	4703
9143	-0.007251981645822525	0.007251981645822525	-	4704
138	-0.007251191418617964	0.007251191418617964	-	4705
8876	-0.007246152963489294	0.007246152963489294	-	4706
3302	-0.007243789732456207	0.007243789732456207	-	4707
8527	-0.007242507766932249	0.007242507766932249	-	4708
5585	-0.007241188548505306	0.007241188548505306	-	4709
6043	-0.007239342201501131	0.007239342201501131	-	4710
930	0.00723932683467865	0.00723932683467865	+	4711
8668	-0.007239111699163914	0.007239111699163914	-	4712
430	-0.0072350893169641495	0.0072350893169641495	-	4713
4309	-0.0072278818115592	0.0072278818115592	-	4714
2965	0.007227539084851742	0.007227539084851742	+	4715
6157	0.007220212370157242	0.007220212370157242	+	4716
5892	-0.007219664752483368	0.007219664752483368	-	4717
6883	-0.0072184968739748	0.0072184968739748	-	4718
8996	-0.007216520607471466	0.007216520607471466	-	4719
1871	-0.00721527636051178	0.00721527636051178	-	4720
7179	-0.007211988791823387	0.007211988791823387	-	4721
2978	-0.007192282471805811	0.007192282471805811	-	4722
2053	-0.007190862204879522	0.007190862204879522	-	4723
2991	-0.007190781645476818	0.007190781645476818	-	4724
7894	-0.00719028152525425	0.00719028152525425	-	4725
307	0.007189817726612091	0.007189817726612091	+	4726
9295	-0.0071865287609398365	0.0071865287609398365	-	4727
8826	-0.0071824053302407265	0.0071824053302407265	-	4728
3544	-0.007182223256677389	0.007182223256677389	-	4729
5973	-0.007180838845670223	0.007180838845670223	-	4730
1019	-0.007177302613854408	0.007177302613854408	-	4731
4578	-0.0071763829328119755	0.0071763829328119755	-	4732
221	-0.0071748532354831696	0.0071748532354831696	-	4733
8505	0.007173060905188322	0.007173060905188322	+	4734
9760	-0.0071701654233038425	0.0071701654233038425	-	4735
2263	-0.0071681165136396885	0.0071681165136396885	-	4736
2069	-0.0071664834395051	0.0071664834395051	-	4737
9441	0.00716621708124876	0.00716621708124876	+	4738
5286	-0.007165402173995972	0.007165402173995972	-	4739
1405	-0.007164130453020334	0.007164130453020334	-	4740
10133	-0.007158692926168442	0.007158692926168442	-	4741
7361	-0.007155441213399172	0.007155441213399172	-	4742
5156	-0.0071493168361485004	0.0071493168361485004	-	4743
7363	-0.007147662341594696	0.007147662341594696	-	4744
6092	-0.007147138938307762	0.007147138938307762	-	4745
8080	-0.00714082783088088	0.00714082783088088	-	4746
6802	-0.007137257605791092	0.007137257605791092	-	4747
2695	-0.007136717438697815	0.007136717438697815	-	4748
8831	-0.007134033367037773	0.007134033367037773	-	4749
2923	-0.007126098498702049	0.007126098498702049	-	4750
8736	0.007123962044715881	0.007123962044715881	+	4751
115	-0.007121238857507706	0.007121238857507706	-	4752
2479	0.007117747329175472	0.007117747329175472	+	4753
7163	-0.00711445277556777	0.00711445277556777	-	4754
9802	0.007114291191101074	0.007114291191101074	+	4755
4680	-0.00711311399936676	0.00711311399936676	-	4756
1053	-0.0070994142442941666	0.0070994142442941666	-	4757
6567	-0.007093513384461403	0.007093513384461403	-	4758
4435	-0.007092436775565147	0.007092436775565147	-	4759
100	-0.007091771345585585	0.007091771345585585	-	4760
2936	-0.007091285660862923	0.007091285660862923	-	4761
6493	-0.007088847924023867	0.007088847924023867	-	4762
9268	-0.007087284699082375	0.007087284699082375	-	4763
9364	0.0070833624340593815	0.0070833624340593815	+	4764
3811	-0.007083234377205372	0.007083234377205372	-	4765
5897	-0.007082700729370117	0.007082700729370117	-	4766
9403	-0.00707286735996604	0.00707286735996604	-	4767
6874	-0.0070671155117452145	0.0070671155117452145	-	4768
10132	-0.0070634763687849045	0.0070634763687849045	-	4769
5819	-0.007063145749270916	0.007063145749270916	-	4770
9245	-0.007061815820634365	0.007061815820634365	-	4771
4307	-0.007057739421725273	0.007057739421725273	-	4772
3521	0.007057023234665394	0.007057023234665394	+	4773
3035	-0.007053934969007969	0.007053934969007969	-	4774
9693	-0.007053783163428307	0.007053783163428307	-	4775
4895	-0.007051216438412666	0.007051216438412666	-	4776
6073	-0.0070500425063073635	0.0070500425063073635	-	4777
7046	-0.007043910212814808	0.007043910212814808	-	4778
6190	-0.007042658515274525	0.007042658515274525	-	4779
10011	-0.007040258496999741	0.007040258496999741	-	4780
8478	-0.007037678267806768	0.007037678267806768	-	4781
3151	-0.007037045434117317	0.007037045434117317	-	4782
4015	-0.0070363678969442844	0.0070363678969442844	-	4783
5220	-0.007035745773464441	0.007035745773464441	-	4784
3861	-0.007033303380012512	0.007033303380012512	-	4785
3451	-0.007031559944152832	0.007031559944152832	-	4786
3057	-0.007029763888567686	0.007029763888567686	-	4787
5034	-0.0070288581773638725	0.0070288581773638725	-	4788
5784	-0.007027298677712679	0.007027298677712679	-	4789
6908	-0.007025915198028088	0.007025915198028088	-	4790
7386	-0.007025837432593107	0.007025837432593107	-	4791
9846	0.0070254262536764145	0.0070254262536764145	+	4792
1855	-0.007019841577857733	0.007019841577857733	-	4793
2791	0.00701811071485281	0.00701811071485281	+	4794
730	-0.007015480659902096	0.007015480659902096	-	4795
1244	-0.007010898552834988	0.007010898552834988	-	4796
1431	-0.007010853383690119	0.007010853383690119	-	4797
4346	-0.007010552100837231	0.007010552100837231	-	4798
3836	-0.007005780935287476	0.007005780935287476	-	4799
10192	-0.007002886850386858	0.007002886850386858	-	4800
9456	-0.006997756659984589	0.006997756659984589	-	4801
2068	-0.006997264456003904	0.006997264456003904	-	4802
4762	-0.006992669776082039	0.006992669776082039	-	4803
2097	-0.0069892085157334805	0.0069892085157334805	-	4804
1633	-0.006982588674873114	0.006982588674873114	-	4805
7470	-0.006978491321206093	0.006978491321206093	-	4806
4613	0.006978316232562065	0.006978316232562065	+	4807
6326	-0.0069742631167173386	0.0069742631167173386	-	4808
7885	0.006974078714847565	0.006974078714847565	+	4809
6693	-0.006969905924052	0.006969905924052	-	4810
7102	-0.0069666653871536255	0.0069666653871536255	-	4811
2998	-0.006965854205191135	0.006965854205191135	-	4812
9059	-0.006958294194191694	0.006958294194191694	-	4813
9661	-0.00694664940237999	0.00694664940237999	-	4814
7832	-0.006943166255950928	0.006943166255950928	-	4815
3498	0.006942078471183777	0.006942078471183777	+	4816
7088	-0.006941657513380051	0.006941657513380051	-	4817
5842	-0.006940879393368959	0.006940879393368959	-	4818
3164	-0.006939742714166641	0.006939742714166641	-	4819
5421	-0.006939643528312445	0.006939643528312445	-	4820
8116	-0.006938191130757332	0.006938191130757332	-	4821
5771	-0.006937685422599316	0.006937685422599316	-	4822
4677	-0.006932559423148632	0.006932559423148632	-	4823
1916	-0.006927743554115295	0.006927743554115295	-	4824
4068	0.0069275544956326485	0.0069275544956326485	+	4825
5403	-0.006902216002345085	0.006902216002345085	-	4826
3180	-0.006901800632476807	0.006901800632476807	-	4827
7555	-0.00689978851005435	0.00689978851005435	-	4828
6086	-0.006899094209074974	0.006899094209074974	-	4829
1931	-0.006898183375597	0.006898183375597	-	4830
3730	-0.006896833889186382	0.006896833889186382	-	4831
5578	-0.006893894635140896	0.006893894635140896	-	4832
1597	-0.0068910857662558556	0.0068910857662558556	-	4833
4173	-0.006891040131449699	0.006891040131449699	-	4834
7035	-0.006887082010507584	0.006887082010507584	-	4835
5497	-0.00688684917986393	0.00688684917986393	-	4836
751	-0.006885685492306948	0.006885685492306948	-	4837
7973	-0.006885583512485027	0.006885583512485027	-	4838
3892	-0.006882860325276852	0.006882860325276852	-	4839
2413	-0.006882013287395239	0.006882013287395239	-	4840
3054	0.006880738772451878	0.006880738772451878	+	4841
7639	-0.006880607455968857	0.006880607455968857	-	4842
4054	-0.006880331318825483	0.006880331318825483	-	4843
7953	-0.006879474967718124	0.006879474967718124	-	4844
10211	-0.006878719665110111	0.006878719665110111	-	4845
4484	-0.006871703080832958	0.006871703080832958	-	4846
1867	-0.006869976408779621	0.006869976408779621	-	4847
6328	-0.006868522614240646	0.006868522614240646	-	4848
4000	-0.006867734249681234	0.006867734249681234	-	4849
6873	0.006866017356514931	0.006866017356514931	+	4850
4126	-0.006861718371510506	0.006861718371510506	-	4851
3944	-0.006861632689833641	0.006861632689833641	-	4852
1060	-0.0068595558404922485	0.0068595558404922485	-	4853
7385	-0.006856699474155903	0.006856699474155903	-	4854
5139	-0.0068564941175282	0.0068564941175282	-	4855
3757	-0.006850830279290676	0.006850830279290676	-	4856
4745	-0.006843584589660168	0.006843584589660168	-	4857
5975	-0.00684227654710412	0.00684227654710412	-	4858
2117	-0.006841965019702911	0.006841965019702911	-	4859
1649	-0.006841754540801048	0.006841754540801048	-	4860
2419	-0.006841576192528009	0.006841576192528009	-	4861
9433	0.006837166380137205	0.006837166380137205	+	4862
6759	0.006834950298070908	0.006834950298070908	+	4863
1801	0.006834694184362888	0.006834694184362888	+	4864
5450	-0.006834216415882111	0.006834216415882111	-	4865
4663	-0.006833421997725964	0.006833421997725964	-	4866
9028	-0.006830165162682533	0.006830165162682533	-	4867
10116	0.006819773931056261	0.006819773931056261	+	4868
5234	-0.006813709158450365	0.006813709158450365	-	4869
9674	-0.0068132528103888035	0.0068132528103888035	-	4870
3113	-0.00681320670992136	0.00681320670992136	-	4871
5805	-0.006805209442973137	0.006805209442973137	-	4872
7671	-0.006803532596677542	0.006803532596677542	-	4873
8252	-0.006803527474403381	0.006803527474403381	-	4874
968	-0.0068017966113984585	0.0068017966113984585	-	4875
8715	-0.0068009765818715096	0.0068009765818715096	-	4876
1083	-0.006800353527069092	0.006800353527069092	-	4877
1588	-0.006799498572945595	0.006799498572945595	-	4878
2870	-0.006791647523641586	0.006791647523641586	-	4879
7938	0.006788376718759537	0.006788376718759537	+	4880
8805	0.0067822872661054134	0.0067822872661054134	+	4881
4878	-0.006777539849281311	0.006777539849281311	-	4882
1583	0.006766866892576218	0.006766866892576218	+	4883
153	-0.0067660571075975895	0.0067660571075975895	-	4884
4189	-0.006763508543372154	0.006763508543372154	-	4885
509	-0.0067623211070895195	0.0067623211070895195	-	4886
6031	-0.00675937719643116	0.00675937719643116	-	4887
3446	0.006758422125130892	0.006758422125130892	+	4888
3698	-0.006757257506251335	0.006757257506251335	-	4889
7678	-0.006755636539310217	0.006755636539310217	-	4890
4193	-0.006755338981747627	0.006755338981747627	-	4891
7397	-0.006754375994205475	0.006754375994205475	-	4892
9762	-0.006751700770109892	0.006751700770109892	-	4893
7149	-0.006751627195626497	0.006751627195626497	-	4894
5981	0.00675104558467865	0.00675104558467865	+	4895
6170	-0.0067495787516236305	0.0067495787516236305	-	4896
1103	-0.006746946834027767	0.006746946834027767	-	4897
9916	-0.006746852770447731	0.006746852770447731	-	4898
6071	0.006744334474205971	0.006744334474205971	+	4899
8267	-0.006743438541889191	0.006743438541889191	-	4900
9376	-0.006741787772625685	0.006741787772625685	-	4901
6857	-0.0067411065101623535	0.0067411065101623535	-	4902
894	-0.006736334413290024	0.006736334413290024	-	4903
6323	-0.006731467321515083	0.006731467321515083	-	4904
7119	-0.006731098517775536	0.006731098517775536	-	4905
3547	0.00672695878893137	0.00672695878893137	+	4906
6580	-0.006724032573401928	0.006724032573401928	-	4907
5744	-0.006723698228597641	0.006723698228597641	-	4908
5355	-0.006722446531057358	0.006722446531057358	-	4909
9269	-0.006717149168252945	0.006717149168252945	-	4910
4634	-0.006715214811265469	0.006715214811265469	-	4911
9606	-0.006714282091706991	0.006714282091706991	-	4912
6058	-0.0067133596166968346	0.0067133596166968346	-	4913
7053	-0.006711090914905071	0.006711090914905071	-	4914
9882	-0.0067093526013195515	0.0067093526013195515	-	4915
6354	-0.006708137691020966	0.006708137691020966	-	4916
3284	-0.006706712767481804	0.006706712767481804	-	4917
8290	-0.006704553030431271	0.006704553030431271	-	4918
7513	-0.006703849881887436	0.006703849881887436	-	4919
4379	-0.00670367619022727	0.00670367619022727	-	4920
6518	0.006702307611703873	0.006702307611703873	+	4921
7508	-0.006701371166855097	0.006701371166855097	-	4922
8949	-0.006699826568365097	0.006699826568365097	-	4923
9118	-0.006696538999676704	0.006696538999676704	-	4924
2354	-0.006696315016597509	0.006696315016597509	-	4925
4060	-0.006695340853184462	0.006695340853184462	-	4926
6755	-0.006695241667330265	0.006695241667330265	-	4927
5310	-0.0066948081366717815	0.0066948081366717815	-	4928
1849	-0.0066924202255904675	0.0066924202255904675	-	4929
6591	-0.0066922008991241455	0.0066922008991241455	-	4930
3119	-0.006673675030469894	0.006673675030469894	-	4931
4448	-0.00667224358767271	0.00667224358767271	-	4932
3040	-0.006672073155641556	0.006672073155641556	-	4933
3770	-0.006668710149824619	0.006668710149824619	-	4934
1175	-0.00666780723258853	0.00666780723258853	-	4935
7871	-0.006666121073067188	0.006666121073067188	-	4936
5195	-0.0066603440791368484	0.0066603440791368484	-	4937
1258	-0.006659478880465031	0.006659478880465031	-	4938
6422	-0.0066590397618710995	0.0066590397618710995	-	4939
5455	0.006656007841229439	0.006656007841229439	+	4940
3043	0.006652438081800938	0.006652438081800938	+	4941
9515	-0.006651954725384712	0.006651954725384712	-	4942
5752	0.0066475290805101395	0.0066475290805101395	+	4943
4055	0.006647102534770966	0.006647102534770966	+	4944
3711	-0.006644026376307011	0.006644026376307011	-	4945
741	-0.006641584448516369	0.006641584448516369	-	4946
3363	-0.006640915758907795	0.006640915758907795	-	4947
6320	-0.006637259386479855	0.006637259386479855	-	4948
2603	-0.006631610915064812	0.006631610915064812	-	4949
659	-0.0066257803700864315	0.0066257803700864315	-	4950
7652	0.006625216454267502	0.006625216454267502	+	4951
4795	-0.006617346312850714	0.006617346312850714	-	4952
2084	-0.006613439880311489	0.006613439880311489	-	4953
3453	-0.006613083183765411	0.006613083183765411	-	4954
8120	-0.006612165831029415	0.006612165831029415	-	4955
1208	-0.006611930206418037	0.006611930206418037	-	4956
1439	-0.006610284559428692	0.006610284559428692	-	4957
653	-0.0066069429740309715	0.0066069429740309715	-	4958
2029	-0.006606773007661104	0.006606773007661104	-	4959
3081	0.006605472415685654	0.006605472415685654	+	4960
7965	-0.006598798558115959	0.006598798558115959	-	4961
5183	-0.006590740755200386	0.006590740755200386	-	4962
8881	-0.006587733048945665	0.006587733048945665	-	4963
8270	-0.006586485076695681	0.006586485076695681	-	4964
6782	-0.006586404051631689	0.006586404051631689	-	4965
336	-0.006583584472537041	0.006583584472537041	-	4966
5505	-0.0065826475620269775	0.0065826475620269775	-	4967
5098	-0.006578915286809206	0.006578915286809206	-	4968
8422	-0.006577730178833008	0.006577730178833008	-	4969
3038	-0.006576726213097572	0.006576726213097572	-	4970
3455	0.006568240001797676	0.006568240001797676	+	4971
9105	0.006567642092704773	0.006567642092704773	+	4972
1647	-0.006562483962625265	0.006562483962625265	-	4973
4409	-0.006556053180247545	0.006556053180247545	-	4974
7030	-0.0065516093745827675	0.0065516093745827675	-	4975
9814	-0.006549646146595478	0.006549646146595478	-	4976
2930	-0.0065494729205966	0.0065494729205966	-	4977
5492	-0.00654771039262414	0.00654771039262414	-	4978
4182	-0.006544818170368671	0.006544818170368671	-	4979
3673	-0.006543501280248165	0.006543501280248165	-	4980
1466	-0.006542864255607128	0.006542864255607128	-	4981
2810	-0.006538582034409046	0.006538582034409046	-	4982
6783	-0.006536129862070084	0.006536129862070084	-	4983
5256	-0.0065313419327139854	0.0065313419327139854	-	4984
2437	-0.006527450401335955	0.006527450401335955	-	4985
231	-0.006516449153423309	0.006516449153423309	-	4986
7975	-0.0065160589292645454	0.0065160589292645454	-	4987
2599	0.006514672189950943	0.006514672189950943	+	4988
4670	-0.006512903608381748	0.006512903608381748	-	4989
3853	-0.006512242369353771	0.006512242369353771	-	4990
4927	0.0065111806616187096	0.0065111806616187096	+	4991
10012	-0.0065074702724814415	0.0065074702724814415	-	4992
5394	0.006502568256109953	0.006502568256109953	+	4993
8294	-0.006496846210211515	0.006496846210211515	-	4994
10120	-0.006493347696959972	0.006493347696959972	-	4995
4457	-0.0064925760962069035	0.0064925760962069035	-	4996
3485	0.0064900824800133705	0.0064900824800133705	+	4997
8814	-0.006488814949989319	0.006488814949989319	-	4998
9508	-0.006480902899056673	0.006480902899056673	-	4999
3295	-0.006477042101323605	0.006477042101323605	-	5000
2333	-0.00647627841681242	0.00647627841681242	-	5001
3719	-0.006475144997239113	0.006475144997239113	-	5002
320	-0.006474871188402176	0.006474871188402176	-	5003
5070	-0.006469570100307465	0.006469570100307465	-	5004
8869	-0.006461284589022398	0.006461284589022398	-	5005
4106	-0.006458469666540623	0.006458469666540623	-	5006
61	-0.00645806360989809	0.00645806360989809	-	5007
8606	0.006456797011196613	0.006456797011196613	+	5008
5710	0.0064543201588094234	0.0064543201588094234	+	5009
7267	-0.006448930595070124	0.006448930595070124	-	5010
6871	0.006448780652135611	0.006448780652135611	+	5011
8657	-0.006448015570640564	0.006448015570640564	-	5012
2192	-0.00644550658762455	0.00644550658762455	-	5013
7032	-0.006444758269935846	0.006444758269935846	-	5014
6697	-0.006442469544708729	0.006442469544708729	-	5015
5869	-0.006442167796194553	0.006442167796194553	-	5016
6242	-0.0064405580051243305	0.0064405580051243305	-	5017
8262	-0.006440313532948494	0.006440313532948494	-	5018
9109	-0.006426557898521423	0.006426557898521423	-	5019
8565	-0.006424133665859699	0.006424133665859699	-	5020
2632	0.006424102932214737	0.006424102932214737	+	5021
8630	0.0064239054918289185	0.0064239054918289185	+	5022
1656	-0.0064206551760435104	0.0064206551760435104	-	5023
4642	-0.006420135498046875	0.006420135498046875	-	5024
737	-0.0064120665192604065	0.0064120665192604065	-	5025
8761	-0.006411464884877205	0.006411464884877205	-	5026
9619	0.006407730281352997	0.006407730281352997	+	5027
2175	-0.006402052938938141	0.006402052938938141	-	5028
8664	-0.006399346981197596	0.006399346981197596	-	5029
1444	-0.006397653371095657	0.006397653371095657	-	5030
2953	-0.0063953278586268425	0.0063953278586268425	-	5031
6434	-0.006390300113707781	0.006390300113707781	-	5032
5728	-0.006389942020177841	0.006389942020177841	-	5033
6129	0.006386901717633009	0.006386901717633009	+	5034
5367	-0.006381472572684288	0.006381472572684288	-	5035
6295	0.006381024606525898	0.006381024606525898	+	5036
9128	-0.00637881550937891	0.00637881550937891	-	5037
9353	-0.006376940757036209	0.006376940757036209	-	5038
7437	-0.006373890209943056	0.006373890209943056	-	5039
8635	-0.00637231208384037	0.00637231208384037	-	5040
5982	-0.006371892523020506	0.006371892523020506	-	5041
3618	-0.006370213348418474	0.006370213348418474	-	5042
10162	-0.006369058974087238	0.006369058974087238	-	5043
7457	-0.0063616083934903145	0.0063616083934903145	-	5044
2879	-0.006357252132147551	0.006357252132147551	-	5045
6523	-0.006356418132781982	0.006356418132781982	-	5046
7694	-0.006355166435241699	0.006355166435241699	-	5047
9412	-0.006351254880428314	0.006351254880428314	-	5048
7590	-0.00634998083114624	0.00634998083114624	-	5049
8889	-0.006346044596284628	0.006346044596284628	-	5050
2256	-0.00634285993874073	0.00634285993874073	-	5051
4301	0.006340302061289549	0.006340302061289549	+	5052
2865	-0.0063318428583443165	0.0063318428583443165	-	5053
6531	-0.006330609321594238	0.006330609321594238	-	5054
7658	0.006329666823148727	0.006329666823148727	+	5055
10097	-0.006320573389530182	0.006320573389530182	-	5056
6271	0.006311584264039993	0.006311584264039993	+	5057
3762	-0.006307832431048155	0.006307832431048155	-	5058
6266	-0.00630725733935833	0.00630725733935833	-	5059
2416	-0.006303791888058186	0.006303791888058186	-	5060
8027	-0.006300861015915871	0.006300861015915871	-	5061
652	-0.006300135515630245	0.006300135515630245	-	5062
6519	0.0062979720532894135	0.0062979720532894135	+	5063
6337	-0.006297159008681774	0.006297159008681774	-	5064
1044	-0.006292557343840599	0.006292557343840599	-	5065
7538	-0.006282469257712364	0.006282469257712364	-	5066
171	-0.006281914189457893	0.006281914189457893	-	5067
5323	-0.006278347223997116	0.006278347223997116	-	5068
8696	-0.006276952568441629	0.006276952568441629	-	5069
6329	-0.006274625658988953	0.006274625658988953	-	5070
2535	-0.006271507125347853	0.006271507125347853	-	5071
8003	-0.006269471254199743	0.006269471254199743	-	5072
6381	-0.006268271245062351	0.006268271245062351	-	5073
9781	0.006255649030208588	0.006255649030208588	+	5074
347	-0.006254476960748434	0.006254476960748434	-	5075
7463	-0.006251598708331585	0.006251598708331585	-	5076
6487	-0.006247960962355137	0.006247960962355137	-	5077
2910	-0.0062469374388456345	0.0062469374388456345	-	5078
3860	-0.0062461853958666325	0.0062461853958666325	-	5079
3771	-0.006243723910301924	0.006243723910301924	-	5080
7517	-0.00624247919768095	0.00624247919768095	-	5081
9308	-0.006239874288439751	0.006239874288439751	-	5082
5138	-0.0062378570437431335	0.0062378570437431335	-	5083
8842	-0.006236477755010128	0.006236477755010128	-	5084
7769	-0.0062349350191652775	0.0062349350191652775	-	5085
7488	-0.0062337759882211685	0.0062337759882211685	-	5086
3443	-0.0062326728366315365	0.0062326728366315365	-	5087
4857	-0.0062321750447154045	0.0062321750447154045	-	5088
981	-0.006229609251022339	0.006229609251022339	-	5089
3672	-0.006226156838238239	0.006226156838238239	-	5090
5704	-0.006223476491868496	0.006223476491868496	-	5091
2489	-0.006222891621291637	0.006222891621291637	-	5092
9587	-0.006222647614777088	0.006222647614777088	-	5093
1617	-0.006222618278115988	0.006222618278115988	-	5094
2355	0.0062224045395851135	0.0062224045395851135	+	5095
2474	-0.0062187956646084785	0.0062187956646084785	-	5096
757	-0.006217021495103836	0.006217021495103836	-	5097
3976	-0.006212479900568724	0.006212479900568724	-	5098
3830	0.006212305277585983	0.006212305277585983	+	5099
7200	-0.006212134845554829	0.006212134845554829	-	5100
5379	-0.006209142506122589	0.006209142506122589	-	5101
6816	-0.006209118291735649	0.006209118291735649	-	5102
5281	-0.006205847021192312	0.006205847021192312	-	5103
2296	-0.006203902885317802	0.006203902885317802	-	5104
10224	-0.006199938710778952	0.006199938710778952	-	5105
3575	-0.006197473965585232	0.006197473965585232	-	5106
8607	-0.006197151727974415	0.006197151727974415	-	5107
7346	-0.006196312606334686	0.006196312606334686	-	5108
9108	0.006193254142999649	0.006193254142999649	+	5109
4594	-0.006192185916006565	0.006192185916006565	-	5110
518	-0.006191539578139782	0.006191539578139782	-	5111
8071	-0.0061906687915325165	0.0061906687915325165	-	5112
7931	-0.006187940016388893	0.006187940016388893	-	5113
1495	-0.006186225451529026	0.006186225451529026	-	5114
8385	0.0061858901754021645	0.0061858901754021645	+	5115
1707	-0.006184245925396681	0.006184245925396681	-	5116
4528	-0.0061823162250220776	0.0061823162250220776	-	5117
7300	-0.00617660116404295	0.00617660116404295	-	5118
6760	-0.006173944100737572	0.006173944100737572	-	5119
3874	-0.006171524524688721	0.006171524524688721	-	5120
1735	-0.006168358959257603	0.006168358959257603	-	5121
5069	-0.006167628336697817	0.006167628336697817	-	5122
9944	-0.006166425533592701	0.006166425533592701	-	5123
7120	-0.006165129132568836	0.006165129132568836	-	5124
9727	-0.006162604317069054	0.006162604317069054	-	5125
8519	-0.006158097181469202	0.006158097181469202	-	5126
7661	-0.006155630573630333	0.006155630573630333	-	5127
9709	-0.00615357281640172	0.00615357281640172	-	5128
3419	-0.0061523886397480965	0.0061523886397480965	-	5129
6041	-0.0061498465947806835	0.0061498465947806835	-	5130
2043	0.006147690117359161	0.006147690117359161	+	5131
1974	-0.006142674945294857	0.006142674945294857	-	5132
581	-0.006138755939900875	0.006138755939900875	-	5133
8181	-0.006132060196250677	0.006132060196250677	-	5134
3700	-0.006131695117801428	0.006131695117801428	-	5135
2082	0.006125481799244881	0.006125481799244881	+	5136
8021	-0.0061215744353830814	0.0061215744353830814	-	5137
2327	0.006118427962064743	0.006118427962064743	+	5138
5464	-0.006110379938036203	0.006110379938036203	-	5139
9745	-0.00610449630767107	0.00610449630767107	-	5140
6286	-0.00610330468043685	0.00610330468043685	-	5141
10126	-0.00610300712287426	0.00610300712287426	-	5142
3533	-0.006097451318055391	0.006097451318055391	-	5143
484	-0.0060972413048148155	0.0060972413048148155	-	5144
10047	-0.006093993782997131	0.006093993782997131	-	5145
8524	0.00609262241050601	0.00609262241050601	+	5146
4176	-0.006090999115258455	0.006090999115258455	-	5147
370	-0.006089050322771072	0.006089050322771072	-	5148
7133	-0.006089046597480774	0.006089046597480774	-	5149
6112	-0.0060883257538080215	0.0060883257538080215	-	5150
2336	-0.006086914334446192	0.006086914334446192	-	5151
1604	-0.0060863131657242775	0.0060863131657242775	-	5152
5838	-0.006082495208829641	0.006082495208829641	-	5153
7822	-0.0060819280333817005	0.0060819280333817005	-	5154
5724	-0.006077911704778671	0.006077911704778671	-	5155
6299	-0.006075073033571243	0.006075073033571243	-	5156
1383	-0.0060745179653167725	0.0060745179653167725	-	5157
5167	-0.006071772426366806	0.006071772426366806	-	5158
9897	-0.0060660201124846935	0.0060660201124846935	-	5159
2900	-0.006063465960323811	0.006063465960323811	-	5160
7712	-0.006062508560717106	0.006062508560717106	-	5161
623	-0.0060604047030210495	0.0060604047030210495	-	5162
8591	-0.006055392324924469	0.006055392324924469	-	5163
6798	-0.006052264478057623	0.006052264478057623	-	5164
7691	0.0060519203543663025	0.0060519203543663025	+	5165
6683	0.006049338728189468	0.006049338728189468	+	5166
1808	-0.006047888658940792	0.006047888658940792	-	5167
6132	-0.0060409922152757645	0.0060409922152757645	-	5168
9201	0.006039422936737537	0.006039422936737537	+	5169
3160	0.0060369037091732025	0.0060369037091732025	+	5170
7137	0.0060304999351501465	0.0060304999351501465	+	5171
5406	0.006030291318893433	0.006030291318893433	+	5172
1142	-0.006024934351444244	0.006024934351444244	-	5173
7380	-0.006024880800396204	0.006024880800396204	-	5174
7638	-0.006023690104484558	0.006023690104484558	-	5175
888	-0.006021987646818161	0.006021987646818161	-	5176
7852	0.006019480060786009	0.006019480060786009	+	5177
105	-0.006017480045557022	0.006017480045557022	-	5178
6475	-0.006017451174557209	0.006017451174557209	-	5179
1264	-0.0060144346207380295	0.0060144346207380295	-	5180
8057	0.006009520962834358	0.006009520962834358	+	5181
9206	-0.0060088797472417355	0.0060088797472417355	-	5182
2637	-0.006006896495819092	0.006006896495819092	-	5183
9627	-0.006002352572977543	0.006002352572977543	-	5184
8647	-0.006002234760671854	0.006002234760671854	-	5185
5518	-0.006001030094921589	0.006001030094921589	-	5186
3758	-0.005998996552079916	0.005998996552079916	-	5187
5849	-0.005998501554131508	0.005998501554131508	-	5188
10010	-0.005996919237077236	0.005996919237077236	-	5189
8660	-0.005996692925691605	0.005996692925691605	-	5190
3690	-0.005987863056361675	0.005987863056361675	-	5191
317	0.005987595766782761	0.005987595766782761	+	5192
6213	-0.005984296556562185	0.005984296556562185	-	5193
3512	-0.005982779897749424	0.005982779897749424	-	5194
5327	-0.005979994777590036	0.005979994777590036	-	5195
1203	-0.005978400353342295	0.005978400353342295	-	5196
4494	-0.005977404769510031	0.005977404769510031	-	5197
2454	-0.005974149331450462	0.005974149331450462	-	5198
5044	-0.005967525765299797	0.005967525765299797	-	5199
9869	-0.005965425167232752	0.005965425167232752	-	5200
8034	-0.00596034899353981	0.00596034899353981	-	5201
7629	-0.005959745496511459	0.005959745496511459	-	5202
7888	-0.0059592402540147305	0.0059592402540147305	-	5203
961	0.0059590027667582035	0.0059590027667582035	+	5204
8792	-0.005953505635261536	0.005953505635261536	-	5205
9691	-0.0059501901268959045	0.0059501901268959045	-	5206
1471	-0.005947677418589592	0.005947677418589592	-	5207
4388	-0.00594702921807766	0.00594702921807766	-	5208
6	-0.0059468927793204784	0.0059468927793204784	-	5209
9728	0.005946040153503418	0.005946040153503418	+	5210
9016	0.005942101590335369	0.005942101590335369	+	5211
6148	-0.0059411535039544106	0.0059411535039544106	-	5212
2381	-0.005940223578363657	0.005940223578363657	-	5213
7704	-0.005937591195106506	0.005937591195106506	-	5214
4834	-0.005937247071415186	0.005937247071415186	-	5215
780	-0.005935389548540115	0.005935389548540115	-	5216
4270	0.0059323981404304504	0.0059323981404304504	+	5217
7236	-0.005931014195084572	0.005931014195084572	-	5218
8307	0.005931011866778135	0.005931011866778135	+	5219
2393	-0.005929388105869293	0.005929388105869293	-	5220
5980	-0.00592929869890213	0.00592929869890213	-	5221
8729	-0.005925487726926804	0.005925487726926804	-	5222
1705	-0.005923311226069927	0.005923311226069927	-	5223
7459	-0.005919984541833401	0.005919984541833401	-	5224
9065	-0.005918726325035095	0.005918726325035095	-	5225
6063	-0.0059174345806241035	0.0059174345806241035	-	5226
5832	-0.005913914181292057	0.005913914181292057	-	5227
7996	0.005913179367780685	0.005913179367780685	+	5228
4132	0.005913086235523224	0.005913086235523224	+	5229
9310	-0.005906732752919197	0.005906732752919197	-	5230
9134	-0.00590601796284318	0.00590601796284318	-	5231
6332	-0.0059053958393633366	0.0059053958393633366	-	5232
9188	0.005905020982027054	0.005905020982027054	+	5233
4414	-0.005899088457226753	0.005899088457226753	-	5234
1943	-0.005898966919630766	0.005898966919630766	-	5235
9014	-0.005898489151149988	0.005898489151149988	-	5236
4243	0.005892460234463215	0.005892460234463215	+	5237
198	-0.0058924234472215176	0.0058924234472215176	-	5238
2776	0.005892300978302956	0.005892300978302956	+	5239
9974	-0.00589190237224102	0.00589190237224102	-	5240
853	-0.005891651380807161	0.005891651380807161	-	5241
3290	-0.005890063475817442	0.005890063475817442	-	5242
10054	-0.0058859833516180515	0.0058859833516180515	-	5243
3210	-0.005884401500225067	0.005884401500225067	-	5244
6103	-0.0058831884525716305	0.0058831884525716305	-	5245
636	-0.005882278084754944	0.005882278084754944	-	5246
2457	-0.005881398916244507	0.005881398916244507	-	5247
5520	-0.005869437009096146	0.005869437009096146	-	5248
304	-0.0058668795973062515	0.0058668795973062515	-	5249
399	-0.005862295161932707	0.005862295161932707	-	5250
5334	0.005858318414539099	0.005858318414539099	+	5251
4229	-0.005857359617948532	0.005857359617948532	-	5252
5693	-0.005851817317306995	0.005851817317306995	-	5253
4197	-0.0058474731631577015	0.0058474731631577015	-	5254
3030	0.00584174320101738	0.00584174320101738	+	5255
9001	-0.00583919882774353	0.00583919882774353	-	5256
2011	-0.00583786703646183	0.00583786703646183	-	5257
1966	-0.0058346763253211975	0.0058346763253211975	-	5258
4213	-0.005828864872455597	0.005828864872455597	-	5259
4665	-0.00582721084356308	0.00582721084356308	-	5260
1958	-0.005824975669384003	0.005824975669384003	-	5261
5463	-0.005814715754240751	0.005814715754240751	-	5262
2359	-0.005810528062283993	0.005810528062283993	-	5263
919	0.00581051129847765	0.00581051129847765	+	5264
3490	-0.005808925721794367	0.005808925721794367	-	5265
1414	-0.0058051105588674545	0.0058051105588674545	-	5266
2226	-0.005801723338663578	0.005801723338663578	-	5267
1031	0.005801109597086906	0.005801109597086906	+	5268
1434	0.005795528646558523	0.005795528646558523	+	5269
9047	-0.005793573334813118	0.005793573334813118	-	5270
7602	-0.005792243871837854	0.005792243871837854	-	5271
9053	-0.005790642462670803	0.005790642462670803	-	5272
6057	-0.005784998182207346	0.005784998182207346	-	5273
2596	-0.005783796310424805	0.005783796310424805	-	5274
6120	-0.005777931772172451	0.005777931772172451	-	5275
561	-0.00577683188021183	0.00577683188021183	-	5276
3287	-0.005775580182671547	0.005775580182671547	-	5277
8433	-0.00577178318053484	0.00577178318053484	-	5278
8682	-0.005769436247646809	0.005769436247646809	-	5279
2229	-0.005766334477812052	0.005766334477812052	-	5280
4088	-0.005765125155448914	0.005765125155448914	-	5281
8896	-0.005759215448051691	0.005759215448051691	-	5282
3689	-0.005757599137723446	0.005757599137723446	-	5283
4722	-0.0057529560290277	0.0057529560290277	-	5284
5583	-0.005751155316829681	0.005751155316829681	-	5285
8492	-0.005750299897044897	0.005750299897044897	-	5286
8206	-0.005750186275690794	0.005750186275690794	-	5287
3651	-0.005746979266405106	0.005746979266405106	-	5288
6351	-0.005746830720454454	0.005746830720454454	-	5289
5888	-0.005746329203248024	0.005746329203248024	-	5290
285	-0.005744963884353638	0.005744963884353638	-	5291
3518	-0.005742520559579134	0.005742520559579134	-	5292
5361	-0.005737475119531155	0.005737475119531155	-	5293
3475	-0.0057373191229999065	0.0057373191229999065	-	5294
3525	-0.005736184306442738	0.005736184306442738	-	5295
1715	-0.005732821300625801	0.005732821300625801	-	5296
3606	-0.005731555633246899	0.005731555633246899	-	5297
8899	-0.005727612413465977	0.005727612413465977	-	5298
3198	-0.005726240575313568	0.005726240575313568	-	5299
9977	-0.005726223811507225	0.005726223811507225	-	5300
6356	-0.005725983530282974	0.005725983530282974	-	5301
4300	-0.005723308306187391	0.005723308306187391	-	5302
5690	-0.005721772089600563	0.005721772089600563	-	5303
7471	-0.00572027126327157	0.00572027126327157	-	5304
10122	-0.005714035592973232	0.005714035592973232	-	5305
6583	0.0057139210402965546	0.0057139210402965546	+	5306
5164	-0.005713673774152994	0.005713673774152994	-	5307
5105	-0.005710012745112181	0.005710012745112181	-	5308
1119	-0.005707885604351759	0.005707885604351759	-	5309
8482	-0.00570398336276412	0.00570398336276412	-	5310
4333	-0.005698682740330696	0.005698682740330696	-	5311
9998	-0.005697932094335556	0.005697932094335556	-	5312
4010	-0.005696829408407211	0.005696829408407211	-	5313
3281	-0.0056909602135419846	0.0056909602135419846	-	5314
1332	-0.0056909434497356415	0.0056909434497356415	-	5315
8747	-0.005687232129275799	0.005687232129275799	-	5316
433	-0.005685191601514816	0.005685191601514816	-	5317
6876	-0.005684934556484222	0.005684934556484222	-	5318
6964	-0.005681284703314304	0.005681284703314304	-	5319
5149	-0.005675748456269503	0.005675748456269503	-	5320
4964	-0.005672816652804613	0.005672816652804613	-	5321
8289	0.005672750994563103	0.005672750994563103	+	5322
4758	-0.005672239698469639	0.005672239698469639	-	5323
5377	-0.005672055296599865	0.005672055296599865	-	5324
2690	-0.005671728402376175	0.005671728402376175	-	5325
1222	-0.0056696985848248005	0.0056696985848248005	-	5326
2193	0.005668452475219965	0.005668452475219965	+	5327
8113	-0.005667481571435928	0.005667481571435928	-	5328
5274	-0.005663310643285513	0.005663310643285513	-	5329
1128	-0.005662839859724045	0.005662839859724045	-	5330
3208	0.005662106908857822	0.005662106908857822	+	5331
8727	-0.005661034025251865	0.005661034025251865	-	5332
9383	-0.005657547153532505	0.005657547153532505	-	5333
814	-0.005657196044921875	0.005657196044921875	-	5334
9839	-0.005651069339364767	0.005651069339364767	-	5335
10070	0.005645628087222576	0.005645628087222576	+	5336
3787	-0.0056445421651005745	0.0056445421651005745	-	5337
9640	0.005643673241138458	0.005643673241138458	+	5338
4625	-0.005640853196382523	0.005640853196382523	-	5339
2692	-0.005634643603116274	0.005634643603116274	-	5340
947	-0.005634254775941372	0.005634254775941372	-	5341
7315	0.00563424127176404	0.00563424127176404	+	5342
6256	-0.005632925778627396	0.005632925778627396	-	5343
5822	-0.005632828455418348	0.005632828455418348	-	5344
1841	-0.0056318617425858974	0.0056318617425858974	-	5345
2399	-0.005623753182590008	0.005623753182590008	-	5346
1764	-0.005622591357678175	0.005622591357678175	-	5347
2360	-0.005620836280286312	0.005620836280286312	-	5348
6904	-0.005620759911835194	0.005620759911835194	-	5349
3433	0.005620207637548447	0.005620207637548447	+	5350
629	-0.005613536108285189	0.005613536108285189	-	5351
8864	-0.005612531676888466	0.005612531676888466	-	5352
5092	-0.00561234075576067	0.00561234075576067	-	5353
951	-0.00561111606657505	0.00561111606657505	-	5354
2428	-0.005610202439129353	0.005610202439129353	-	5355
2262	-0.005609958898276091	0.005609958898276091	-	5356
8205	0.005599832162261009	0.005599832162261009	+	5357
8679	0.005596453323960304	0.005596453323960304	+	5358
3562	-0.00559622049331665	0.00559622049331665	-	5359
3320	-0.005595101043581963	0.005595101043581963	-	5360
9423	-0.00559184281155467	0.00559184281155467	-	5361
7318	-0.005590642336755991	0.005590642336755991	-	5362
725	-0.005589746870100498	0.005589746870100498	-	5363
5239	-0.005588842555880547	0.005588842555880547	-	5364
9660	-0.005587322171777487	0.005587322171777487	-	5365
8809	-0.005584328435361385	0.005584328435361385	-	5366
4146	-0.0055839489214122295	0.0055839489214122295	-	5367
4538	-0.005577489733695984	0.005577489733695984	-	5368
8913	-0.0055733295157551765	0.0055733295157551765	-	5369
2988	-0.005571371875703335	0.005571371875703335	-	5370
1880	-0.005566983949393034	0.005566983949393034	-	5371
6821	-0.005563842132687569	0.005563842132687569	-	5372
4477	-0.005561144091188908	0.005561144091188908	-	5373
4636	-0.005558999255299568	0.005558999255299568	-	5374
448	0.005558301694691181	0.005558301694691181	+	5375
2760	0.0055581266060471535	0.0055581266060471535	+	5376
7787	-0.0055557130835950375	0.0055557130835950375	-	5377
8439	-0.005552757065743208	0.005552757065743208	-	5378
7189	-0.005551492795348167	0.005551492795348167	-	5379
6887	-0.005546731874346733	0.005546731874346733	-	5380
4993	-0.005545679945498705	0.005545679945498705	-	5381
3578	0.005544195882976055	0.005544195882976055	+	5382
3764	-0.005543667823076248	0.005543667823076248	-	5383
3808	-0.0055391788482666016	0.0055391788482666016	-	5384
9484	-0.0055365483276546	0.0055365483276546	-	5385
3617	-0.005536546930670738	0.005536546930670738	-	5386
5230	-0.005535019561648369	0.005535019561648369	-	5387
3680	-0.005532895214855671	0.005532895214855671	-	5388
321	-0.0055323499254882336	0.0055323499254882336	-	5389
6025	-0.005531852133572102	0.005531852133572102	-	5390
8931	-0.005529152229428291	0.005529152229428291	-	5391
8507	-0.005528268404304981	0.005528268404304981	-	5392
3566	-0.005523613188415766	0.005523613188415766	-	5393
1062	0.005517829209566116	0.005517829209566116	+	5394
6026	-0.00551518052816391	0.00551518052816391	-	5395
4855	-0.005507434718310833	0.005507434718310833	-	5396
5619	-0.005506575107574463	0.005506575107574463	-	5397
567	-0.005505232140421867	0.005505232140421867	-	5398
8741	-0.005504854489117861	0.005504854489117861	-	5399
1417	-0.00550481490790844	0.00550481490790844	-	5400
5290	-0.005503707565367222	0.005503707565367222	-	5401
891	-0.005503347143530846	0.005503347143530846	-	5402
9050	-0.005499854683876038	0.005499854683876038	-	5403
477	-0.005498471669852734	0.005498471669852734	-	5404
1736	0.005498416721820831	0.005498416721820831	+	5405
622	0.005495920777320862	0.005495920777320862	+	5406
8226	-0.0054947747848927975	0.0054947747848927975	-	5407
3817	-0.005490364506840706	0.005490364506840706	-	5408
543	-0.00548971863463521	0.00548971863463521	-	5409
9631	-0.005485834553837776	0.005485834553837776	-	5410
8291	-0.005478896200656891	0.005478896200656891	-	5411
3965	0.005478313192725182	0.005478313192725182	+	5412
8005	-0.005477173253893852	0.005477173253893852	-	5413
4724	-0.005476524122059345	0.005476524122059345	-	5414
6462	-0.005467399954795837	0.005467399954795837	-	5415
9991	-0.005465286783874035	0.005465286783874035	-	5416
7304	-0.005464060232043266	0.005464060232043266	-	5417
423	0.00546242855489254	0.00546242855489254	+	5418
5865	-0.005458981730043888	0.005458981730043888	-	5419
5501	-0.005455335136502981	0.005455335136502981	-	5420
10058	-0.005452494602650404	0.005452494602650404	-	5421
3445	-0.005451836623251438	0.005451836623251438	-	5422
4992	0.0054441592656075954	0.0054441592656075954	+	5423
3174	-0.0054437220096588135	0.0054437220096588135	-	5424
2569	0.005441316403448582	0.005441316403448582	+	5425
673	0.005440797656774521	0.005440797656774521	+	5426
10104	-0.005440589040517807	0.005440589040517807	-	5427
2586	-0.005439738743007183	0.005439738743007183	-	5428
7914	-0.0054382686503231525	0.0054382686503231525	-	5429
8169	-0.005438084714114666	0.005438084714114666	-	5430
1737	-0.005437900312244892	0.005437900312244892	-	5431
2219	-0.005437329411506653	0.005437329411506653	-	5432
2630	-0.005435122177004814	0.005435122177004814	-	5433
3017	0.005432573612779379	0.005432573612779379	+	5434
10109	-0.005430140532553196	0.005430140532553196	-	5435
7545	-0.00542488181963563	0.00542488181963563	-	5436
796	-0.005422615446150303	0.005422615446150303	-	5437
10169	-0.0054224710911512375	0.0054224710911512375	-	5438
3072	-0.005422037094831467	0.005422037094831467	-	5439
4725	-0.0054214149713516235	0.0054214149713516235	-	5440
8341	-0.005419449880719185	0.005419449880719185	-	5441
2172	-0.005417766980826855	0.005417766980826855	-	5442
8928	-0.005414505954831839	0.005414505954831839	-	5443
9526	0.005412404891103506	0.005412404891103506	+	5444
830	-0.005411871708929539	0.005411871708929539	-	5445
5579	-0.005411472171545029	0.005411472171545029	-	5446
5756	-0.005405716598033905	0.005405716598033905	-	5447
7525	-0.00539995776489377	0.00539995776489377	-	5448
6217	-0.005399871617555618	0.005399871617555618	-	5449
9703	-0.005387801211327314	0.005387801211327314	-	5450
8637	-0.0053840745240449905	0.0053840745240449905	-	5451
2490	0.005383176729083061	0.005383176729083061	+	5452
2957	0.00538027286529541	0.00538027286529541	+	5453
6386	-0.005378437228500843	0.005378437228500843	-	5454
8614	-0.0053742993623018265	0.0053742993623018265	-	5455
3529	-0.005371274426579475	0.005371274426579475	-	5456
1047	-0.005371239501982927	0.005371239501982927	-	5457
1644	0.005368538200855255	0.005368538200855255	+	5458
4655	0.005366644822061062	0.005366644822061062	+	5459
5072	-0.0053662704303860664	0.0053662704303860664	-	5460
4431	-0.005362804047763348	0.005362804047763348	-	5461
2614	-0.005360888782888651	0.005360888782888651	-	5462
7483	-0.005359908565878868	0.005359908565878868	-	5463
1007	-0.005357507616281509	0.005357507616281509	-	5464
2443	-0.005357037764042616	0.005357037764042616	-	5465
8601	-0.005356465931981802	0.005356465931981802	-	5466
7736	-0.0053534782491624355	0.0053534782491624355	-	5467
3567	-0.005352552514523268	0.005352552514523268	-	5468
6077	-0.0053513916209340096	0.0053513916209340096	-	5469
4659	-0.005347944796085358	0.005347944796085358	-	5470
3428	-0.005347497295588255	0.005347497295588255	-	5471
2922	-0.005346288904547691	0.005346288904547691	-	5472
7665	-0.005345234647393227	0.005345234647393227	-	5473
7276	0.005344968289136887	0.005344968289136887	+	5474
7532	-0.005342709831893444	0.005342709831893444	-	5475
9371	-0.005337669514119625	0.005337669514119625	-	5476
471	-0.005335122346878052	0.005335122346878052	-	5477
5810	-0.005332979839295149	0.005332979839295149	-	5478
9274	-0.005331357009708881	0.005331357009708881	-	5479
8579	-0.005330150481313467	0.005330150481313467	-	5480
539	-0.005329560488462448	0.005329560488462448	-	5481
5467	-0.005327541381120682	0.005327541381120682	-	5482
7339	0.005323099438101053	0.005323099438101053	+	5483
3031	-0.005321839824318886	0.005321839824318886	-	5484
7060	-0.005315057933330536	0.005315057933330536	-	5485
158	-0.005310427397489548	0.005310427397489548	-	5486
9121	-0.005309993401169777	0.005309993401169777	-	5487
4262	-0.005309990607202053	0.005309990607202053	-	5488
8523	-0.005308261141180992	0.005308261141180992	-	5489
9372	-0.005301142577081919	0.005301142577081919	-	5490
4961	-0.005298064090311527	0.005298064090311527	-	5491
5534	-0.0052915774285793304	0.0052915774285793304	-	5492
9995	0.005289219319820404	0.005289219319820404	+	5493
2026	-0.005287138745188713	0.005287138745188713	-	5494
4272	-0.005279760807752609	0.005279760807752609	-	5495
6888	-0.00527483643963933	0.00527483643963933	-	5496
2435	-0.0052727991715073586	0.0052727991715073586	-	5497
6949	-0.005271928384900093	0.005271928384900093	-	5498
7425	-0.005267873406410217	0.005267873406410217	-	5499
9585	-0.0052664014510810375	0.0052664014510810375	-	5500
4933	-0.0052657900378108025	0.0052657900378108025	-	5501
6195	-0.005265300627797842	0.005265300627797842	-	5502
1938	-0.00526282237842679	0.00526282237842679	-	5503
9162	-0.005261870566755533	0.005261870566755533	-	5504
8268	-0.005259581375867128	0.005259581375867128	-	5505
2904	-0.0052584633231163025	0.0052584633231163025	-	5506
1314	-0.005252685863524675	0.005252685863524675	-	5507
8310	-0.005252061411738396	0.005252061411738396	-	5508
8126	-0.005251529160887003	0.005251529160887003	-	5509
551	-0.005247542634606361	0.005247542634606361	-	5510
8016	-0.00524365808814764	0.00524365808814764	-	5511
1248	0.005243297666311264	0.005243297666311264	+	5512
3136	-0.005240858532488346	0.005240858532488346	-	5513
7995	-0.0052403658628463745	0.0052403658628463745	-	5514
6671	-0.0052399784326553345	0.0052399784326553345	-	5515
9665	0.005239959806203842	0.005239959806203842	+	5516
8469	-0.005232250317931175	0.005232250317931175	-	5517
4428	-0.005232179071754217	0.005232179071754217	-	5518
9173	-0.005231366027146578	0.005231366027146578	-	5519
2288	-0.005228366702795029	0.005228366702795029	-	5520
6226	-0.005224482621997595	0.005224482621997595	-	5521
9962	-0.005223012529313564	0.005223012529313564	-	5522
2123	-0.005222536623477936	0.005222536623477936	-	5523
5553	0.0052211713045835495	0.0052211713045835495	+	5524
134	-0.005218841135501862	0.005218841135501862	-	5525
4190	-0.005216831341385841	0.005216831341385841	-	5526
1219	-0.005216658115386963	0.005216658115386963	-	5527
1775	-0.005210250616073608	0.005210250616073608	-	5528
9163	-0.005207674112170935	0.005207674112170935	-	5529
7749	-0.005206408444792032	0.005206408444792032	-	5530
5254	-0.005205357447266579	0.005205357447266579	-	5531
5514	-0.005204418208450079	0.005204418208450079	-	5532
2688	-0.0051994118839502335	0.0051994118839502335	-	5533
4815	-0.0051983739249408245	0.0051983739249408245	-	5534
5652	-0.005195689853280783	0.005195689853280783	-	5535
4870	-0.0051924497820436954	0.0051924497820436954	-	5536
8333	0.005190672352910042	0.005190672352910042	+	5537
199	-0.005189886782318354	0.005189886782318354	-	5538
5201	-0.0051866620779037476	0.0051866620779037476	-	5539
4233	-0.005184209905564785	0.005184209905564785	-	5540
667	-0.005183598957955837	0.005183598957955837	-	5541
5811	-0.005179401487112045	0.005179401487112045	-	5542
8819	-0.0051765600219368935	0.0051765600219368935	-	5543
7323	-0.005174916237592697	0.005174916237592697	-	5544
7756	0.005173925310373306	0.005173925310373306	+	5545
2899	-0.005171126686036587	0.005171126686036587	-	5546
750	-0.005166087299585342	0.005166087299585342	-	5547
3841	-0.005164857022464275	0.005164857022464275	-	5548
724	-0.005164726637303829	0.005164726637303829	-	5549
2925	-0.00515912938863039	0.00515912938863039	-	5550
312	-0.005154833197593689	0.005154833197593689	-	5551
2217	0.005154110491275787	0.005154110491275787	+	5552
3333	-0.005149191245436668	0.005149191245436668	-	5553
480	-0.005147883202880621	0.005147883202880621	-	5554
390	-0.00514767412096262	0.00514767412096262	-	5555
5634	0.005143739283084869	0.005143739283084869	+	5556
10204	-0.0051419902592897415	0.0051419902592897415	-	5557
8999	-0.005138603504747152	0.005138603504747152	-	5558
3371	-0.005138504318892956	0.005138504318892956	-	5559
2017	-0.005135522224009037	0.005135522224009037	-	5560
1894	-0.005133835133165121	0.005133835133165121	-	5561
1227	0.005132632330060005	0.005132632330060005	+	5562
1689	-0.005132149439305067	0.005132149439305067	-	5563
838	-0.005128761753439903	0.005128761753439903	-	5564
2388	-0.0051281931810081005	0.0051281931810081005	-	5565
1486	-0.005128182470798492	0.005128182470798492	-	5566
2027	-0.005128178279846907	0.005128178279846907	-	5567
4014	-0.005126649048179388	0.005126649048179388	-	5568
1591	-0.005124678835272789	0.005124678835272789	-	5569
6699	-0.005123182199895382	0.005123182199895382	-	5570
2822	0.0051216622814536095	0.0051216622814536095	+	5571
836	-0.005121451802551746	0.005121451802551746	-	5572
713	-0.005119863897562027	0.005119863897562027	-	5573
2924	-0.0051196664571762085	0.0051196664571762085	-	5574
10164	-0.0051186950877308846	0.0051186950877308846	-	5575
5850	-0.00511670857667923	0.00511670857667923	-	5576
8425	-0.00511585408821702	0.00511585408821702	-	5577
7521	-0.005115829408168793	0.005115829408168793	-	5578
8104	-0.005113373976200819	0.005113373976200819	-	5579
5946	-0.005111465696245432	0.005111465696245432	-	5580
7224	-0.0051039461977779865	0.0051039461977779865	-	5581
3655	-0.005103126168251038	0.005103126168251038	-	5582
8779	0.0051015932112932205	0.0051015932112932205	+	5583
10201	-0.005098314955830574	0.005098314955830574	-	5584
7544	-0.005097403656691313	0.005097403656691313	-	5585
2287	-0.005097375251352787	0.005097375251352787	-	5586
319	-0.005093941930681467	0.005093941930681467	-	5587
9773	0.005093900021165609	0.005093900021165609	+	5588
6681	0.005093585699796677	0.005093585699796677	+	5589
3464	-0.005092469509691	0.005092469509691	-	5590
554	-0.0050908038392663	0.0050908038392663	-	5591
4310	-0.005089550744742155	0.005089550744742155	-	5592
5496	-0.005088185891509056	0.005088185891509056	-	5593
6739	-0.00508812814950943	0.00508812814950943	-	5594
94	-0.005087223835289478	0.005087223835289478	-	5595
2484	-0.005083640106022358	0.005083640106022358	-	5596
4479	-0.005082316696643829	0.005082316696643829	-	5597
5077	-0.005081973038613796	0.005081973038613796	-	5598
1035	-0.0050805662758648396	0.0050805662758648396	-	5599
3106	-0.0050792149268090725	0.0050792149268090725	-	5600
3052	-0.005078480578958988	0.005078480578958988	-	5601
8389	0.005074847489595413	0.005074847489595413	+	5602
392	0.00507451593875885	0.00507451593875885	+	5603
4221	-0.005070033483207226	0.005070033483207226	-	5604
2878	0.005069957114756107	0.005069957114756107	+	5605
8258	-0.00506740715354681	0.00506740715354681	-	5606
9939	-0.005066406913101673	0.005066406913101673	-	5607
3924	-0.005065461620688438	0.005065461620688438	-	5608
8518	0.005064215511083603	0.005064215511083603	+	5609
2901	-0.005063326563686132	0.005063326563686132	-	5610
36	0.0050620585680007935	0.0050620585680007935	+	5611
9638	-0.005061765667051077	0.005061765667051077	-	5612
8119	-0.005059197545051575	0.005059197545051575	-	5613
7667	-0.005052604246884584	0.005052604246884584	-	5614
6703	0.005050912499427795	0.005050912499427795	+	5615
2158	-0.0050506433472037315	0.0050506433472037315	-	5616
4987	-0.005048318766057491	0.005048318766057491	-	5617
6536	-0.005048084072768688	0.005048084072768688	-	5618
1578	-0.005045333411544561	0.005045333411544561	-	5619
564	0.005045272875577211	0.005045272875577211	+	5620
4110	-0.005045035853981972	0.005045035853981972	-	5621
7143	-0.005044930148869753	0.005044930148869753	-	5622
2823	0.005044829100370407	0.005044829100370407	+	5623
10107	-0.005043845623731613	0.005043845623731613	-	5624
8152	-0.005042966455221176	0.005042966455221176	-	5625
2222	-0.005042549222707748	0.005042549222707748	-	5626
5217	-0.005041015800088644	0.005041015800088644	-	5627
6884	0.00503957737237215	0.00503957737237215	+	5628
3366	-0.0050344448536634445	0.0050344448536634445	-	5629
7038	-0.0050333100371062756	0.0050333100371062756	-	5630
805	-0.005032445304095745	0.005032445304095745	-	5631
1627	-0.005031749606132507	0.005031749606132507	-	5632
10016	-0.005029551684856415	0.005029551684856415	-	5633
5166	-0.005028947722166777	0.005028947722166777	-	5634
6471	-0.005028422921895981	0.005028422921895981	-	5635
4752	0.005026113707572222	0.005026113707572222	+	5636
2602	-0.005025366321206093	0.005025366321206093	-	5637
457	-0.005025356076657772	0.005025356076657772	-	5638
4687	-0.005024994723498821	0.005024994723498821	-	5639
7212	-0.005023682024329901	0.005023682024329901	-	5640
677	-0.005023225210607052	0.005023225210607052	-	5641
820	-0.0050222319550812244	0.0050222319550812244	-	5642
2798	-0.00501665286719799	0.00501665286719799	-	5643
3829	-0.005015707574784756	0.005015707574784756	-	5644
1780	-0.005015053786337376	0.005015053786337376	-	5645
9543	-0.0050118546932935715	0.0050118546932935715	-	5646
5445	-0.005006966181099415	0.005006966181099415	-	5647
8813	-0.005005368962883949	0.005005368962883949	-	5648
862	0.005005050450563431	0.005005050450563431	+	5649
1221	-0.005004835780709982	0.005004835780709982	-	5650
2109	-0.0050040846690535545	0.0050040846690535545	-	5651
3034	-0.005002422258257866	0.005002422258257866	-	5652
1670	-0.005002080462872982	0.005002080462872982	-	5653
7641	-0.005001944489777088	0.005001944489777088	-	5654
1341	-0.005000486969947815	0.005000486969947815	-	5655
7162	-0.0049981409683823586	0.0049981409683823586	-	5656
389	-0.004997800569981337	0.004997800569981337	-	5657
9880	-0.004997784271836281	0.004997784271836281	-	5658
7146	-0.00499774981290102	0.00499774981290102	-	5659
369	-0.004997562151402235	0.004997562151402235	-	5660
3917	-0.004997368901968002	0.004997368901968002	-	5661
3016	-0.004996097646653652	0.004996097646653652	-	5662
8803	-0.004989182576537132	0.004989182576537132	-	5663
7941	0.004987830296158791	0.004987830296158791	+	5664
1634	-0.004981540143489838	0.004981540143489838	-	5665
419	-0.004981319420039654	0.004981319420039654	-	5666
8503	0.004979096353054047	0.004979096353054047	+	5667
8713	-0.00497776223346591	0.00497776223346591	-	5668
4013	-0.004973846487700939	0.004973846487700939	-	5669
3405	-0.004973363131284714	0.004973363131284714	-	5670
3359	-0.004972726106643677	0.004972726106643677	-	5671
1535	-0.004971201065927744	0.004971201065927744	-	5672
6502	0.004969123750925064	0.004969123750925064	+	5673
5559	-0.00496896356344223	0.00496896356344223	-	5674
7251	-0.004968727007508278	0.004968727007508278	-	5675
7014	-0.004959000740200281	0.004959000740200281	-	5676
7435	-0.004957064986228943	0.004957064986228943	-	5677
8170	-0.004957059398293495	0.004957059398293495	-	5678
3387	-0.004956548102200031	0.004956548102200031	-	5679
3701	-0.004955591168254614	0.004955591168254614	-	5680
9978	-0.004953905940055847	0.004953905940055847	-	5681
2444	-0.004953609313815832	0.004953609313815832	-	5682
3986	-0.004950773436576128	0.004950773436576128	-	5683
2405	-0.0049495152197778225	0.0049495152197778225	-	5684
7231	-0.004948965273797512	0.004948965273797512	-	5685
1632	-0.0049469368532299995	0.0049469368532299995	-	5686
9144	-0.004943610168993473	0.004943610168993473	-	5687
2102	-0.004942836705595255	0.004942836705595255	-	5688
127	0.00494280643761158	0.00494280643761158	+	5689
9172	-0.004941327031701803	0.004941327031701803	-	5690
4715	-0.004935357719659805	0.004935357719659805	-	5691
6397	0.004934873431921005	0.004934873431921005	+	5692
8776	-0.004925611894577742	0.004925611894577742	-	5693
8746	-0.004925515502691269	0.004925515502691269	-	5694
1912	-0.004922962747514248	0.004922962747514248	-	5695
2019	-0.004922900348901749	0.004922900348901749	-	5696
5911	-0.004920783918350935	0.004920783918350935	-	5697
425	-0.004919556900858879	0.004919556900858879	-	5698
3627	0.004918627440929413	0.004918627440929413	+	5699
1283	0.004917662590742111	0.004917662590742111	+	5700
3423	-0.004916762001812458	0.004916762001812458	-	5701
2380	-0.004912447649985552	0.004912447649985552	-	5702
5009	-0.004911997355520725	0.004911997355520725	-	5703
1191	-0.004911139607429504	0.004911139607429504	-	5704
1174	-0.004910648800432682	0.004910648800432682	-	5705
9741	-0.004907811991870403	0.004907811991870403	-	5706
3516	-0.004905953537672758	0.004905953537672758	-	5707
5494	-0.004905899055302143	0.004905899055302143	-	5708
872	-0.004903470166027546	0.004903470166027546	-	5709
2693	0.0049033816903829575	0.0049033816903829575	+	5710
1996	-0.004903227090835571	0.004903227090835571	-	5711
3348	-0.0049009197391569614	0.0049009197391569614	-	5712
8222	-0.004900526721030474	0.004900526721030474	-	5713
3869	-0.0048992568626999855	0.0048992568626999855	-	5714
1476	-0.004899149294942617	0.004899149294942617	-	5715
5387	-0.004898416344076395	0.004898416344076395	-	5716
367	-0.0048974184319376945	0.0048974184319376945	-	5717
5903	-0.004895718768239021	0.004895718768239021	-	5718
5591	-0.004893464036285877	0.004893464036285877	-	5719
2160	0.004890423268079758	0.004890423268079758	+	5720
4667	-0.004888342227786779	0.004888342227786779	-	5721
9763	-0.0048875873908400536	0.0048875873908400536	-	5722
9614	-0.0048867687582969666	0.0048867687582969666	-	5723
9156	-0.004885593894869089	0.004885593894869089	-	5724
7466	-0.004883669316768646	0.004883669316768646	-	5725
4018	-0.0048820022493600845	0.0048820022493600845	-	5726
7131	-0.004881375003606081	0.004881375003606081	-	5727
8669	-0.004880845546722412	0.004880845546722412	-	5728
8159	0.00487944483757019	0.00487944483757019	+	5729
2503	-0.004879264160990715	0.004879264160990715	-	5730
8249	-0.004877006635069847	0.004877006635069847	-	5731
2064	0.004875821992754936	0.004875821992754936	+	5732
3918	0.004873673431575298	0.004873673431575298	+	5733
8926	-0.004872042685747147	0.004872042685747147	-	5734
10188	-0.004870153963565826	0.004870153963565826	-	5735
10045	-0.004869882483035326	0.004869882483035326	-	5736
2167	-0.0048681823536753654	0.0048681823536753654	-	5737
7810	-0.004867258947342634	0.004867258947342634	-	5738
6472	-0.004867041017860174	0.004867041017860174	-	5739
8349	-0.004866889677941799	0.004866889677941799	-	5740
1556	-0.004866854287683964	0.004866854287683964	-	5741
8511	-0.004864741116762161	0.004864741116762161	-	5742
9534	-0.004860505927354097	0.004860505927354097	-	5743
1234	-0.004859405104070902	0.004859405104070902	-	5744
4649	-0.004856680054217577	0.004856680054217577	-	5745
3069	0.004855522885918617	0.004855522885918617	+	5746
5374	-0.004853166174143553	0.004853166174143553	-	5747
9166	-0.0048474776558578014	0.0048474776558578014	-	5748
5227	-0.00484660966321826	0.00484660966321826	-	5749
3100	0.004843689501285553	0.004843689501285553	+	5750
8130	-0.004841741640120745	0.004841741640120745	-	5751
7098	-0.004840360954403877	0.004840360954403877	-	5752
8072	-0.004838598892092705	0.004838598892092705	-	5753
2966	-0.004838232416659594	0.004838232416659594	-	5754
3505	-0.00483810156583786	0.00483810156583786	-	5755
9254	-0.0048340619541704655	0.0048340619541704655	-	5756
10048	-0.004832956939935684	0.004832956939935684	-	5757
4362	-0.004830378573387861	0.004830378573387861	-	5758
2424	-0.004827896133065224	0.004827896133065224	-	5759
7396	-0.0048275478184223175	0.0048275478184223175	-	5760
5360	-0.004827089607715607	0.004827089607715607	-	5761
2730	-0.004826775752007961	0.004826775752007961	-	5762
371	-0.00482411403208971	0.00482411403208971	-	5763
476	0.0048223515041172504	0.0048223515041172504	+	5764
9147	0.004819801077246666	0.004819801077246666	+	5765
2591	0.0048177847638726234	0.0048177847638726234	+	5766
1157	-0.004813604988157749	0.004813604988157749	-	5767
7321	-0.00480995699763298	0.00480995699763298	-	5768
8902	-0.004809580277651548	0.004809580277651548	-	5769
7926	-0.004808567464351654	0.004808567464351654	-	5770
2252	-0.004803275689482689	0.004803275689482689	-	5771
111	-0.004802892915904522	0.004802892915904522	-	5772
9593	-0.004801763221621513	0.004801763221621513	-	5773
8631	-0.004801072180271149	0.004801072180271149	-	5774
7901	-0.004799536429345608	0.004799536429345608	-	5775
2505	-0.004799297079443932	0.004799297079443932	-	5776
4181	-0.004793847445398569	0.004793847445398569	-	5777
2564	-0.004792826250195503	0.004792826250195503	-	5778
6842	-0.004792158026248217	0.004792158026248217	-	5779
6769	-0.00479188933968544	0.00479188933968544	-	5780
7242	0.004787309095263481	0.004787309095263481	+	5781
3033	-0.004786710254848003	0.004786710254848003	-	5782
7278	-0.00478613656014204	0.00478613656014204	-	5783
9611	-0.004784806165844202	0.004784806165844202	-	5784
2647	0.0047844164073467255	0.0047844164073467255	+	5785
8432	-0.004781496711075306	0.004781496711075306	-	5786
8573	-0.004781435709446669	0.004781435709446669	-	5787
398	-0.004779469221830368	0.004779469221830368	-	5788
865	-0.004775010049343109	0.004775010049343109	-	5789
6180	-0.004772035405039787	0.004772035405039787	-	5790
4075	-0.004769919440150261	0.004769919440150261	-	5791
6459	-0.004767647013068199	0.004767647013068199	-	5792
6284	-0.0047667124308645725	0.0047667124308645725	-	5793
8137	-0.004766611382365227	0.004766611382365227	-	5794
2149	-0.004765265621244907	0.004765265621244907	-	5795
7842	-0.004758735187351704	0.004758735187351704	-	5796
7429	-0.004758491180837154	0.004758491180837154	-	5797
5660	-0.004756423644721508	0.004756423644721508	-	5798
5318	-0.004756022710353136	0.004756022710353136	-	5799
978	-0.004755991976708174	0.004755991976708174	-	5800
2617	-0.004752057604491711	0.004752057604491711	-	5801
9472	-0.004751242697238922	0.004751242697238922	-	5802
8077	-0.004749888554215431	0.004749888554215431	-	5803
5552	-0.004741624929010868	0.004741624929010868	-	5804
2289	-0.0047406041994690895	0.0047406041994690895	-	5805
2470	-0.0047383797354996204	0.0047383797354996204	-	5806
8397	-0.004736178554594517	0.004736178554594517	-	5807
765	-0.004734300076961517	0.004734300076961517	-	5808
3984	0.004730595275759697	0.004730595275759697	+	5809
8224	-0.004729959182441235	0.004729959182441235	-	5810
8097	-0.004729765467345715	0.004729765467345715	-	5811
185	-0.004728879779577255	0.004728879779577255	-	5812
9809	0.004728032276034355	0.004728032276034355	+	5813
7469	-0.0047266073524951935	0.0047266073524951935	-	5814
6406	-0.00472636753693223	0.00472636753693223	-	5815
6941	-0.004725438542664051	0.004725438542664051	-	5816
5054	-0.004720398224890232	0.004720398224890232	-	5817
1573	0.004718611016869545	0.004718611016869545	+	5818
56	-0.004718346521258354	0.004718346521258354	-	5819
4747	-0.004717811942100525	0.004717811942100525	-	5820
1147	-0.004715755581855774	0.004715755581855774	-	5821
8140	-0.004713330417871475	0.004713330417871475	-	5822
5013	-0.0047112503089010715	0.0047112503089010715	-	5823
8711	-0.004709426313638687	0.004709426313638687	-	5824
1200	0.00470917671918869	0.00470917671918869	+	5825
1409	-0.004708696622401476	0.004708696622401476	-	5826
2040	-0.0047086733393371105	0.0047086733393371105	-	5827
39	-0.004708076361566782	0.004708076361566782	-	5828
3816	-0.00470777228474617	0.00470777228474617	-	5829
5628	-0.004707451444119215	0.004707451444119215	-	5830
6255	-0.004706466570496559	0.004706466570496559	-	5831
3047	-0.004703935235738754	0.004703935235738754	-	5832
9635	-0.004701315425336361	0.004701315425336361	-	5833
7571	-0.004699950106441975	0.004699950106441975	-	5834
1065	-0.004698478151112795	0.004698478151112795	-	5835
5407	-0.004695947747677565	0.004695947747677565	-	5836
4567	-0.004694059491157532	0.004694059491157532	-	5837
7815	-0.00469138054177165	0.00469138054177165	-	5838
264	-0.00469052093103528	0.00469052093103528	-	5839
7455	-0.004689707420766354	0.004689707420766354	-	5840
833	-0.004684031009674072	0.004684031009674072	-	5841
2020	-0.004679585807025433	0.004679585807025433	-	5842
873	-0.004677432589232922	0.004677432589232922	-	5843
3255	-0.0046753352507948875	0.0046753352507948875	-	5844
2636	-0.0046748085878789425	0.0046748085878789425	-	5845
3168	-0.00467159878462553	0.00467159878462553	-	5846
988	-0.00467108516022563	0.00467108516022563	-	5847
2512	-0.0046704672276973724	0.0046704672276973724	-	5848
3422	-0.004668448120355606	0.004668448120355606	-	5849
2843	-0.004664118867367506	0.004664118867367506	-	5850
260	-0.004664070904254913	0.004664070904254913	-	5851
1318	0.004663791507482529	0.004663791507482529	+	5852
9003	-0.004659705795347691	0.004659705795347691	-	5853
5692	0.004659183323383331	0.004659183323383331	+	5854
20	-0.004658193327486515	0.004658193327486515	-	5855
4370	-0.004655429627746344	0.004655429627746344	-	5856
4688	-0.004654398187994957	0.004654398187994957	-	5857
1370	-0.004653056152164936	0.004653056152164936	-	5858
7081	0.004652704112231731	0.004652704112231731	+	5859
9788	-0.004651272669434547	0.004651272669434547	-	5860
1732	-0.0046508642844855785	0.0046508642844855785	-	5861
4581	-0.004650159738957882	0.004650159738957882	-	5862
4149	-0.004646611865609884	0.004646611865609884	-	5863
2859	-0.004646573215723038	0.004646573215723038	-	5864
7856	0.004641758278012276	0.004641758278012276	+	5865
8698	-0.0046386499889194965	0.0046386499889194965	-	5866
4031	0.00463608093559742	0.00463608093559742	+	5867
7379	0.004635348916053772	0.004635348916053772	+	5868
651	-0.00463477335870266	0.00463477335870266	-	5869
8995	-0.004634665325284004	0.004634665325284004	-	5870
7563	0.004631335847079754	0.004631335847079754	+	5871
6494	0.004630476236343384	0.004630476236343384	+	5872
6019	0.00462912954390049	0.00462912954390049	+	5873
4279	-0.0046274419873952866	0.0046274419873952866	-	5874
4828	-0.00462726503610611	0.00462726503610611	-	5875
624	0.004623189568519592	0.004623189568519592	+	5876
5340	0.004615822806954384	0.004615822806954384	+	5877
9799	-0.004615752957761288	0.004615752957761288	-	5878
8138	-0.004614353179931641	0.004614353179931641	-	5879
8459	0.004613078199326992	0.004613078199326992	+	5880
9356	-0.004612909164279699	0.004612909164279699	-	5881
1284	-0.004612451884895563	0.004612451884895563	-	5882
6484	-0.004607527982443571	0.004607527982443571	-	5883
241	-0.004607044160366058	0.004607044160366058	-	5884
5385	-0.004605235066264868	0.004605235066264868	-	5885
291	-0.004601019434630871	0.004601019434630871	-	5886
6672	-0.004596382845193148	0.004596382845193148	-	5887
485	-0.0045961542055010796	0.0045961542055010796	-	5888
9898	-0.004593459889292717	0.004593459889292717	-	5889
8818	-0.004593035206198692	0.004593035206198692	-	5890
9151	-0.004591485485434532	0.004591485485434532	-	5891
3257	-0.004591295495629311	0.004591295495629311	-	5892
3778	0.00459076464176178	0.00459076464176178	+	5893
102	-0.004590524360537529	0.004590524360537529	-	5894
3175	0.004588762763887644	0.004588762763887644	+	5895
1893	-0.004587276838719845	0.004587276838719845	-	5896
9428	-0.0045848567970097065	0.0045848567970097065	-	5897
8115	-0.004582129884511232	0.004582129884511232	-	5898
1061	-0.0045734490267932415	0.0045734490267932415	-	5899
33	-0.004571864381432533	0.004571864381432533	-	5900
6131	-0.004569138400256634	0.004569138400256634	-	5901
3182	0.004562980029731989	0.004562980029731989	+	5902
9432	0.004561951383948326	0.004561951383948326	+	5903
5635	-0.004561407491564751	0.004561407491564751	-	5904
789	-0.00456028338521719	0.00456028338521719	-	5905
4620	-0.004558647982776165	0.004558647982776165	-	5906
931	-0.004557907581329346	0.004557907581329346	-	5907
5376	-0.004557065665721893	0.004557065665721893	-	5908
3221	-0.004554048180580139	0.004554048180580139	-	5909
9187	-0.004553325939923525	0.004553325939923525	-	5910
6835	0.004553016275167465	0.004553016275167465	+	5911
4932	0.004551202058792114	0.004551202058792114	+	5912
2316	-0.00455112662166357	0.00455112662166357	-	5913
5813	-0.004549279343336821	0.004549279343336821	-	5914
9140	0.0045492202043533325	0.0045492202043533325	+	5915
9922	-0.004548820201307535	0.004548820201307535	-	5916
6269	-0.004548367578536272	0.004548367578536272	-	5917
1153	-0.004546999465674162	0.004546999465674162	-	5918
2515	-0.004546958953142166	0.004546958953142166	-	5919
8823	-0.004542641807347536	0.004542641807347536	-	5920
1360	0.004540041089057922	0.004540041089057922	+	5921
1195	-0.004537925124168396	0.004537925124168396	-	5922
5321	-0.004536758176982403	0.004536758176982403	-	5923
960	-0.004534576088190079	0.004534576088190079	-	5924
9197	-0.004533490631729364	0.004533490631729364	-	5925
3726	-0.004533219151198864	0.004533219151198864	-	5926
7994	-0.004532393999397755	0.004532393999397755	-	5927
2438	0.004530994221568108	0.004530994221568108	+	5928
2766	-0.004526431672275066	0.004526431672275066	-	5929
81	-0.004523141775280237	0.004523141775280237	-	5930
4442	-0.004520446062088013	0.004520446062088013	-	5931
113	-0.004520115442574024	0.004520115442574024	-	5932
4775	-0.004519879352301359	0.004519879352301359	-	5933
7140	-0.004519481211900711	0.004519481211900711	-	5934
9764	-0.004517046734690666	0.004517046734690666	-	5935
5035	-0.004515457898378372	0.004515457898378372	-	5936
8845	-0.004515284672379494	0.004515284672379494	-	5937
4275	-0.004515198990702629	0.004515198990702629	-	5938
8188	-0.004514929372817278	0.004514929372817278	-	5939
2608	0.004511721432209015	0.004511721432209015	+	5940
3399	0.004510041326284409	0.004510041326284409	+	5941
9437	-0.004507303237915039	0.004507303237915039	-	5942
8847	-0.004506648983806372	0.004506648983806372	-	5943
3063	0.0045051295310258865	0.0045051295310258865	+	5944
1239	-0.0045043956488370895	0.0045043956488370895	-	5945
4617	-0.004503252450376749	0.004503252450376749	-	5946
4238	-0.004502234980463982	0.004502234980463982	-	5947
4086	0.0044975318014621735	0.0044975318014621735	+	5948
1163	-0.004495099186897278	0.004495099186897278	-	5949
9146	0.004494167864322662	0.004494167864322662	+	5950
10061	-0.004491296596825123	0.004491296596825123	-	5951
3635	-0.004491293802857399	0.004491293802857399	-	5952
9046	-0.004487431142479181	0.004487431142479181	-	5953
8436	-0.004487034399062395	0.004487034399062395	-	5954
2420	-0.004481486976146698	0.004481486976146698	-	5955
3220	-0.004478117451071739	0.004478117451071739	-	5956
6581	0.004476447589695454	0.004476447589695454	+	5957
8399	0.004474771209061146	0.004474771209061146	+	5958
3176	-0.0044738128781318665	0.0044738128781318665	-	5959
7190	-0.004471151158213615	0.004471151158213615	-	5960
1571	-0.00447086663916707	0.00447086663916707	-	5961
6489	-0.004468466155230999	0.004468466155230999	-	5962
6916	0.004463016055524349	0.004463016055524349	+	5963
6027	-0.0044626775197684765	0.0044626775197684765	-	5964
9360	-0.0044572618789970875	0.0044572618789970875	-	5965
3388	-0.004455236718058586	0.004455236718058586	-	5966
3603	0.004455141723155975	0.004455141723155975	+	5967
17	-0.004453261382877827	0.004453261382877827	-	5968
8878	-0.004453158937394619	0.004453158937394619	-	5969
3694	-0.004450684413313866	0.004450684413313866	-	5970
5221	-0.004447664134204388	0.004447664134204388	-	5971
54	-0.004446294158697128	0.004446294158697128	-	5972
10178	0.00444532185792923	0.00444532185792923	+	5973
5190	-0.00444417679682374	0.00444417679682374	-	5974
3685	-0.004443064332008362	0.004443064332008362	-	5975
9171	-0.004441630095243454	0.004441630095243454	-	5976
7851	-0.004440390970557928	0.004440390970557928	-	5977
7308	-0.004438930191099644	0.004438930191099644	-	5978
7606	-0.004438046831637621	0.004438046831637621	-	5979
2673	-0.004436824936419725	0.004436824936419725	-	5980
5846	-0.004434778820723295	0.004434778820723295	-	5981
7795	-0.004433912690728903	0.004433912690728903	-	5982
7268	0.00443231500685215	0.00443231500685215	+	5983
8692	-0.004432301968336105	0.004432301968336105	-	5984
5216	-0.00443198811262846	0.00443198811262846	-	5985
2022	-0.004431642591953278	0.004431642591953278	-	5986
2220	-0.0044277021661400795	0.0044277021661400795	-	5987
1398	-0.004424049984663725	0.004424049984663725	-	5988
5843	-0.004420517012476921	0.004420517012476921	-	5989
1541	0.0044196657836437225	0.0044196657836437225	+	5990
8394	-0.004417838528752327	0.004417838528752327	-	5991
4490	-0.004417657386511564	0.004417657386511564	-	5992
1708	-0.004417466931045055	0.004417466931045055	-	5993
8427	-0.00441744364798069	0.00441744364798069	-	5994
9617	-0.0044173370115458965	0.0044173370115458965	-	5995
7746	-0.0044168271124362946	0.0044168271124362946	-	5996
9988	-0.0044167498126626015	0.0044167498126626015	-	5997
4541	-0.004416327923536301	0.004416327923536301	-	5998
101	-0.004412802867591381	0.004412802867591381	-	5999
7816	0.0044115083292126656	0.0044115083292126656	+	6000
8966	-0.004410295747220516	0.004410295747220516	-	6001
4100	-0.004408625420182943	0.004408625420182943	-	6002
5595	-0.004408417269587517	0.004408417269587517	-	6003
3583	0.004408393055200577	0.004408393055200577	+	6004
5932	-0.004407923202961683	0.004407923202961683	-	6005
8762	-0.004404929932206869	0.004404929932206869	-	6006
2634	0.004404446110129356	0.004404446110129356	+	6007
4076	0.0044024549424648285	0.0044024549424648285	+	6008
6273	-0.0044004954397678375	0.0044004954397678375	-	6009
4202	-0.004399022087454796	0.004399022087454796	-	6010
9322	-0.0043981014750897884	0.0043981014750897884	-	6011
2394	-0.0043916585855185986	0.0043916585855185986	-	6012
2771	-0.004391328897327185	0.004391328897327185	-	6013
8332	-0.004388664849102497	0.004388664849102497	-	6014
2808	-0.004387848079204559	0.004387848079204559	-	6015
8154	-0.0043861884623765945	0.0043861884623765945	-	6016
6937	-0.00438526039943099	0.00438526039943099	-	6017
10230	-0.0043846117332577705	0.0043846117332577705	-	6018
2594	0.0043846070766448975	0.0043846070766448975	+	6019
2099	-0.00438344944268465	0.00438344944268465	-	6020
3592	-0.004383418709039688	0.004383418709039688	-	6021
8992	-0.004379674792289734	0.004379674792289734	-	6022
9429	-0.0043784938752651215	0.0043784938752651215	-	6023
6574	-0.0043780989944934845	0.0043780989944934845	-	6024
9676	-0.004375315736979246	0.004375315736979246	-	6025
3041	-0.004374959971755743	0.004374959971755743	-	6026
1979	-0.004374771378934383	0.004374771378934383	-	6027
9981	0.004365783184766769	0.004365783184766769	+	6028
8233	-0.004364684224128723	0.004364684224128723	-	6029
1181	-0.004364233464002609	0.004364233464002609	-	6030
9262	-0.004361944273114204	0.004361944273114204	-	6031
4349	-0.004360368009656668	0.004360368009656668	-	6032
4593	0.004359737038612366	0.004359737038612366	+	6033
8993	-0.004358820151537657	0.004358820151537657	-	6034
2681	-0.004358082078397274	0.004358082078397274	-	6035
8454	0.00435703806579113	0.00435703806579113	+	6036
13	-0.004356260411441326	0.004356260411441326	-	6037
514	-0.004355389159172773	0.004355389159172773	-	6038
7395	-0.004354954697191715	0.004354954697191715	-	6039
8400	-0.004354099743068218	0.004354099743068218	-	6040
6971	-0.00435301149263978	0.00435301149263978	-	6041
2446	-0.004351484589278698	0.004351484589278698	-	6042
1127	-0.004351099953055382	0.004351099953055382	-	6043
8084	0.004350358620285988	0.004350358620285988	+	6044
5588	-0.004348693415522575	0.004348693415522575	-	6045
7007	0.004347240552306175	0.004347240552306175	+	6046
9359	-0.0043471576645970345	0.0043471576645970345	-	6047
7623	-0.004337117075920105	0.004337117075920105	-	6048
7572	-0.004331613890826702	0.004331613890826702	-	6049
7365	0.004330642521381378	0.004330642521381378	+	6050
3831	-0.004330486990511417	0.004330486990511417	-	6051
131	-0.004330220632255077	0.004330220632255077	-	6052
5277	-0.0043278709053993225	0.0043278709053993225	-	6053
991	-0.004324187524616718	0.004324187524616718	-	6054
9715	-0.0043206228874623775	0.0043206228874623775	-	6055
3271	-0.004319942090660334	0.004319942090660334	-	6056
6412	-0.0043199374340474606	0.0043199374340474606	-	6057
5773	-0.004318695515394211	0.004318695515394211	-	6058
1173	-0.004318123683333397	0.004318123683333397	-	6059
6602	-0.004316927399486303	0.004316927399486303	-	6060
3478	-0.004314606077969074	0.004314606077969074	-	6061
9811	-0.004313867539167404	0.004313867539167404	-	6062
2829	0.004310548305511475	0.004310548305511475	+	6063
6686	-0.004305809736251831	0.004305809736251831	-	6064
1937	-0.004304221365600824	0.004304221365600824	-	6065
9270	-0.00429749209433794	0.00429749209433794	-	6066
1189	0.00429316982626915	0.00429316982626915	+	6067
4970	-0.004293008241802454	0.004293008241802454	-	6068
5161	-0.004292499274015427	0.004292499274015427	-	6069
4034	-0.004291273653507233	0.004291273653507233	-	6070
4840	-0.004287376534193754	0.004287376534193754	-	6071
8862	-0.004286416806280613	0.004286416806280613	-	6072
8955	-0.004282524809241295	0.004282524809241295	-	6073
9246	-0.004281855653971434	0.004281855653971434	-	6074
8471	-0.004281709901988506	0.004281709901988506	-	6075
6435	-0.004281402565538883	0.004281402565538883	-	6076
9049	-0.004278951790183783	0.004278951790183783	-	6077
7910	-0.004278391599655151	0.004278391599655151	-	6078
3440	-0.004273914732038975	0.004273914732038975	-	6079
8798	-0.004273026250302792	0.004273026250302792	-	6080
3332	-0.004271059762686491	0.004271059762686491	-	6081
3679	0.0042688846588134766	0.0042688846588134766	+	6082
4200	-0.0042657372541725636	0.0042657372541725636	-	6083
9279	-0.004263130947947502	0.004263130947947502	-	6084
173	-0.004262841306626797	0.004262841306626797	-	6085
6930	-0.004262239206582308	0.004262239206582308	-	6086
6735	0.004262030124664307	0.004262030124664307	+	6087
8718	-0.004261963535100222	0.004261963535100222	-	6088
1695	-0.004259005188941956	0.004259005188941956	-	6089
7828	-0.004258684813976288	0.004258684813976288	-	6090
679	-0.004258470609784126	0.004258470609784126	-	6091
2508	0.004258225671947002	0.004258225671947002	+	6092
2385	0.004253263585269451	0.004253263585269451	+	6093
7051	-0.004252564162015915	0.004252564162015915	-	6094
4171	0.004250369966030121	0.004250369966030121	+	6095
6795	-0.0042492300271987915	0.0042492300271987915	-	6096
3401	0.004246310330927372	0.004246310330927372	+	6097
9369	-0.004243385978043079	0.004243385978043079	-	6098
772	-0.004240740556269884	0.004240740556269884	-	6099
530	-0.004236976616084576	0.004236976616084576	-	6100
8537	-0.004235830157995224	0.004235830157995224	-	6101
3367	-0.004229342564940453	0.004229342564940453	-	6102
7992	-0.004228346049785614	0.004228346049785614	-	6103
5503	-0.004228138364851475	0.004228138364851475	-	6104
9438	-0.004227020777761936	0.004227020777761936	-	6105
1683	-0.00422332901507616	0.00422332901507616	-	6106
5155	0.0042224242351949215	0.0042224242351949215	+	6107
5699	0.00422216672450304	0.00422216672450304	+	6108
8296	-0.004221794195473194	0.004221794195473194	-	6109
4633	0.004218623042106628	0.004218623042106628	+	6110
842	-0.004217600449919701	0.004217600449919701	-	6111
2114	-0.004217080771923065	0.004217080771923065	-	6112
9582	-0.004216871224343777	0.004216871224343777	-	6113
6047	0.004216030240058899	0.004216030240058899	+	6114
8036	-0.004214562475681305	0.004214562475681305	-	6115
3906	-0.004212511237710714	0.004212511237710714	-	6116
6116	-0.004212254658341408	0.004212254658341408	-	6117
2972	0.004210284911096096	0.004210284911096096	+	6118
7330	-0.004207145422697067	0.004207145422697067	-	6119
3915	-0.004206609912216663	0.004206609912216663	-	6120
813	0.004197940230369568	0.004197940230369568	+	6121
2146	-0.004193679429590702	0.004193679429590702	-	6122
9968	-0.0041920337826013565	0.0041920337826013565	-	6123
9090	0.00419008731842041	0.00419008731842041	+	6124
6276	-0.004188057500869036	0.004188057500869036	-	6125
8313	-0.0041837734170258045	0.0041837734170258045	-	6126
9578	-0.004180740099400282	0.004180740099400282	-	6127
37	-0.004179549869149923	0.004179549869149923	-	6128
2461	0.004176044836640358	0.004176044836640358	+	6129
3737	-0.00417586462572217	0.00417586462572217	-	6130
707	-0.004171311855316162	0.004171311855316162	-	6131
4768	-0.004159744828939438	0.004159744828939438	-	6132
4491	-0.004158724565058947	0.004158724565058947	-	6133
9098	0.004157548770308495	0.004157548770308495	+	6134
2710	-0.004154681693762541	0.004154681693762541	-	6135
1251	-0.0041513266041874886	0.0041513266041874886	-	6136
4109	-0.004150169435888529	0.004150169435888529	-	6137
1085	-0.004149476066231728	0.004149476066231728	-	6138
7192	-0.004149322398006916	0.004149322398006916	-	6139
4517	-0.004146783147007227	0.004146783147007227	-	6140
1358	0.004143655300140381	0.004143655300140381	+	6141
3928	0.004142973572015762	0.004142973572015762	+	6142
7574	-0.0041426303796470165	0.0041426303796470165	-	6143
1873	-0.004141807556152344	0.004141807556152344	-	6144
4319	-0.004141421988606453	0.004141421988606453	-	6145
2013	-0.0041369968093931675	0.0041369968093931675	-	6146
2055	0.004135402850806713	0.004135402850806713	+	6147
6641	-0.004135357216000557	0.004135357216000557	-	6148
3234	-0.004130378365516663	0.004130378365516663	-	6149
7679	0.004129997454583645	0.004129997454583645	+	6150
5808	-0.004129675682634115	0.004129675682634115	-	6151
9790	-0.0041288333013653755	0.0041288333013653755	-	6152
4652	0.004128217697143555	0.004128217697143555	+	6153
8802	-0.004127930849790573	0.004127930849790573	-	6154
7585	-0.00412677600979805	0.00412677600979805	-	6155
1850	-0.004125152714550495	0.004125152714550495	-	6156
9235	0.004124796018004417	0.004124796018004417	+	6157
9410	-0.004124531522393227	0.004124531522393227	-	6158
3470	-0.004122628364712	0.004122628364712	-	6159
5762	-0.004121801815927029	0.004121801815927029	-	6160
4363	-0.004120989702641964	0.004120989702641964	-	6161
223	-0.004118720069527626	0.004118720069527626	-	6162
5482	-0.0041182925924658775	0.0041182925924658775	-	6163
2653	-0.004116469528526068	0.004116469528526068	-	6164
1965	0.004112362861633301	0.004112362861633301	+	6165
3055	-0.0041108280420303345	0.0041108280420303345	-	6166
929	-0.004108930006623268	0.004108930006623268	-	6167
2626	-0.004099447280168533	0.004099447280168533	-	6168
712	-0.004093490075320005	0.004093490075320005	-	6169
1356	-0.004092457238584757	0.004092457238584757	-	6170
6136	-0.004086673259735107	0.004086673259735107	-	6171
5248	-0.004083978943526745	0.004083978943526745	-	6172
6572	-0.00408321525901556	0.00408321525901556	-	6173
2705	-0.004082688130438328	0.004082688130438328	-	6174
3630	-0.004082365892827511	0.004082365892827511	-	6175
3954	0.004082350991666317	0.004082350991666317	+	6176
9778	0.004077986814081669	0.004077986814081669	+	6177
3456	-0.004077082499861717	0.004077082499861717	-	6178
5468	-0.004076874814927578	0.004076874814927578	-	6179
186	-0.004076182842254639	0.004076182842254639	-	6180
3925	-0.004075962118804455	0.004075962118804455	-	6181
8946	0.004075959324836731	0.004075959324836731	+	6182
2857	-0.004072831477969885	0.004072831477969885	-	6183
3004	-0.004070926923304796	0.004070926923304796	-	6184
8870	-0.00407048873603344	0.00407048873603344	-	6185
3207	0.004064752254635096	0.004064752254635096	+	6186
6882	-0.0040635354816913605	0.0040635354816913605	-	6187
7178	-0.0040612611919641495	0.0040612611919641495	-	6188
9678	-0.004060994368046522	0.004060994368046522	-	6189
2702	-0.004060457926243544	0.004060457926243544	-	6190
6357	-0.004057754762470722	0.004057754762470722	-	6191
2787	-0.0040554385632276535	0.0040554385632276535	-	6192
6617	-0.004052193835377693	0.004052193835377693	-	6193
6064	-0.004051152616739273	0.004051152616739273	-	6194
7677	-0.004050473216921091	0.004050473216921091	-	6195
8393	-0.004048929549753666	0.004048929549753666	-	6196
3124	-0.0040486473590135574	0.0040486473590135574	-	6197
6438	-0.004046051762998104	0.004046051762998104	-	6198
314	-0.004043193534016609	0.004043193534016609	-	6199
9138	-0.0040373834781348705	0.0040373834781348705	-	6200
1498	-0.004036249127238989	0.004036249127238989	-	6201
1088	-0.004035420715808868	0.004035420715808868	-	6202
9647	-0.004033437464386225	0.004033437464386225	-	6203
1772	-0.00403168797492981	0.00403168797492981	-	6204
8675	-0.004031466785818338	0.004031466785818338	-	6205
3294	-0.004031461663544178	0.004031461663544178	-	6206
7184	0.004030538722872734	0.004030538722872734	+	6207
6466	-0.004029400646686554	0.004029400646686554	-	6208
835	-0.004027148708701134	0.004027148708701134	-	6209
3653	-0.004025636240839958	0.004025636240839958	-	6210
3259	-0.004024656489491463	0.004024656489491463	-	6211
6280	0.004024310503154993	0.004024310503154993	+	6212
10180	-0.004023343324661255	0.004023343324661255	-	6213
8174	-0.0040227267891168594	0.0040227267891168594	-	6214
7152	-0.0040207551792263985	0.0040207551792263985	-	6215
9073	-0.004019177984446287	0.004019177984446287	-	6216
7028	-0.0040151504799723625	0.0040151504799723625	-	6217
3720	0.004014861304312944	0.004014861304312944	+	6218
6262	-0.004014663398265839	0.004014663398265839	-	6219
1944	-0.004014082718640566	0.004014082718640566	-	6220
8730	-0.004012652672827244	0.004012652672827244	-	6221
848	-0.004012341611087322	0.004012341611087322	-	6222
698	0.004010764881968498	0.004010764881968498	+	6223
2245	-0.004006773699074984	0.004006773699074984	-	6224
8927	-0.0040046959184110165	0.0040046959184110165	-	6225
2430	-0.004003678448498249	0.004003678448498249	-	6226
6504	-0.004000591579824686	0.004000591579824686	-	6227
2260	0.0039999112486839294	0.0039999112486839294	+	6228
761	-0.003999806009232998	0.003999806009232998	-	6229
7498	-0.003999126609414816	0.003999126609414816	-	6230
8040	-0.003998785745352507	0.003998785745352507	-	6231
9562	-0.0039985449984669685	0.0039985449984669685	-	6232
4554	-0.003997765015810728	0.003997765015810728	-	6233
1464	0.003996457904577255	0.003996457904577255	+	6234
1928	0.003995191305875778	0.003995191305875778	+	6235
3354	0.003994503058493137	0.003994503058493137	+	6236
8415	0.003991353325545788	0.003991353325545788	+	6237
3494	-0.003989714197814465	0.003989714197814465	-	6238
9616	-0.003985418938100338	0.003985418938100338	-	6239
4284	-0.0039850324392318726	0.0039850324392318726	-	6240
1030	-0.0039800130762159824	0.0039800130762159824	-	6241
8948	-0.003976928535848856	0.003976928535848856	-	6242
8357	-0.0039758761413395405	0.0039758761413395405	-	6243
7280	-0.0039729587733745575	0.0039729587733745575	-	6244
8348	-0.003972732927650213	0.003972732927650213	-	6245
958	-0.003970482852309942	0.003970482852309942	-	6246
9378	-0.003968221601098776	0.003968221601098776	-	6247
4338	-0.003967357333749533	0.003967357333749533	-	6248
794	-0.003966969903558493	0.003966969903558493	-	6249
4858	-0.0039624180644750595	0.0039624180644750595	-	6250
9211	0.003962142392992973	0.003962142392992973	+	6251
502	-0.003961724229156971	0.003961724229156971	-	6252
4364	-0.003961486741900444	0.003961486741900444	-	6253
7559	-0.003955802880227566	0.003955802880227566	-	6254
1123	-0.003952717408537865	0.003952717408537865	-	6255
7855	0.003952294588088989	0.003952294588088989	+	6256
5745	-0.003950741142034531	0.003950741142034531	-	6257
8384	-0.003950033336877823	0.003950033336877823	-	6258
9145	0.003946199081838131	0.003946199081838131	+	6259
1424	-0.003945766016840935	0.003945766016840935	-	6260
2412	-0.003943590447306633	0.003943590447306633	-	6261
3832	0.003943141549825668	0.003943141549825668	+	6262
2913	-0.003942959941923618	0.003942959941923618	-	6263
2861	-0.003941838629543781	0.003941838629543781	-	6264
9871	-0.003941642586141825	0.003941642586141825	-	6265
1577	-0.003939087502658367	0.003939087502658367	-	6266
4767	-0.00393888633698225	0.00393888633698225	-	6267
7066	-0.00393621064722538	0.00393621064722538	-	6268
834	-0.0039360797964036465	0.0039360797964036465	-	6269
1884	-0.003935540094971657	0.003935540094971657	-	6270
1232	-0.0039354171603918076	0.0039354171603918076	-	6271
2768	-0.003935018554329872	0.003935018554329872	-	6272
4042	-0.003933022730052471	0.003933022730052471	-	6273
8680	-0.003932314924895763	0.003932314924895763	-	6274
335	0.003929962869733572	0.003929962869733572	+	6275
1947	-0.003929313737899065	0.003929313737899065	-	6276
4564	0.00392801221460104	0.00392801221460104	+	6277
9906	-0.0039273472502827644	0.0039273472502827644	-	6278
9469	-0.003926978912204504	0.003926978912204504	-	6279
1380	-0.003925895784050226	0.003925895784050226	-	6280
4866	-0.003920983523130417	0.003920983523130417	-	6281
8360	-0.0039176372811198235	0.0039176372811198235	-	6282
4520	0.003915239125490189	0.003915239125490189	+	6283
4713	-0.003914648666977882	0.003914648666977882	-	6284
2270	-0.0039105722680687904	0.0039105722680687904	-	6285
2310	-0.003909407649189234	0.003909407649189234	-	6286
80	0.003909057006239891	0.003909057006239891	+	6287
3597	-0.00390453590080142	0.00390453590080142	-	6288
2374	-0.0039044960867613554	0.0039044960867613554	-	6289
6680	-0.003902459517121315	0.003902459517121315	-	6290
8986	-0.003902388270944357	0.003902388270944357	-	6291
2751	-0.0039017703384160995	0.0039017703384160995	-	6292
6665	-0.0038991053588688374	0.0038991053588688374	-	6293
2718	-0.0038977614603936672	0.0038977614603936672	-	6294
7893	0.0038963952101767063	0.0038963952101767063	+	6295
3104	-0.003893330693244934	0.003893330693244934	-	6296
8245	-0.003892142791301012	0.003892142791301012	-	6297
893	-0.0038917686324566603	0.0038917686324566603	-	6298
2080	-0.0038913835305720568	0.0038913835305720568	-	6299
7206	-0.0038893772289156914	0.0038893772289156914	-	6300
3225	-0.003888969775289297	0.003888969775289297	-	6301
515	-0.0038888384588062763	0.0038888384588062763	-	6302
1114	0.0038885921239852905	0.0038885921239852905	+	6303
8062	-0.003888110863044858	0.003888110863044858	-	6304
1304	-0.003887871978804469	0.003887871978804469	-	6305
5978	-0.0038861557841300964	0.0038861557841300964	-	6306
4639	-0.0038852132856845856	0.0038852132856845856	-	6307
1322	-0.0038766316138207912	0.0038766316138207912	-	6308
6360	-0.003876302158460021	0.003876302158460021	-	6309
4615	-0.0038746995851397514	0.0038746995851397514	-	6310
6984	-0.003873828798532486	0.003873828798532486	-	6311
283	0.0038738250732421875	0.0038738250732421875	+	6312
9420	-0.0038715365808457136	0.0038715365808457136	-	6313
7391	-0.003871378256008029	0.003871378256008029	-	6314
6316	-0.0038696066476404667	0.0038696066476404667	-	6315
533	-0.003869297681376338	0.003869297681376338	-	6316
2498	-0.0038678725250065327	0.0038678725250065327	-	6317
9694	-0.003867429681122303	0.003867429681122303	-	6318
4586	-0.0038663437590003014	0.0038663437590003014	-	6319
6997	-0.0038654347881674767	0.0038654347881674767	-	6320
9867	0.0038648713380098343	0.0038648713380098343	+	6321
4533	-0.003860554890707135	0.003860554890707135	-	6322
917	-0.003859104821458459	0.003859104821458459	-	6323
3097	-0.0038589835166931152	0.0038589835166931152	-	6324
1863	0.003858836367726326	0.003858836367726326	+	6325
4122	-0.003857041010633111	0.003857041010633111	-	6326
6920	-0.003853972302749753	0.003853972302749753	-	6327
6017	-0.003851057030260563	0.003851057030260563	-	6328
3085	0.003849901258945465	0.003849901258945465	+	6329
2501	-0.0038487259298563004	0.0038487259298563004	-	6330
7336	-0.0038478709757328033	0.0038478709757328033	-	6331
3268	-0.0038477410562336445	0.0038477410562336445	-	6332
2590	-0.0038473191671073437	0.0038473191671073437	-	6333
9692	-0.00384586863219738	0.00384586863219738	-	6334
3218	-0.003845380386337638	0.003845380386337638	-	6335
4766	-0.0038450434803962708	0.0038450434803962708	-	6336
8467	-0.003837650641798973	0.003837650641798973	-	6337
2358	-0.003837115131318569	0.003837115131318569	-	6338
7592	-0.003837069496512413	0.003837069496512413	-	6339
719	-0.0038344087079167366	0.0038344087079167366	-	6340
8299	-0.003833360970020294	0.003833360970020294	-	6341
1551	-0.003832345362752676	0.003832345362752676	-	6342
8808	0.00383190531283617	0.00383190531283617	+	6343
5150	-0.003831410314887762	0.003831410314887762	-	6344
4451	-0.0038310186937451363	0.0038310186937451363	-	6345
7417	-0.003827180713415146	0.003827180713415146	-	6346
4401	-0.00382590526714921	0.00382590526714921	-	6347
1671	-0.003825277090072632	0.003825277090072632	-	6348
4995	-0.003824337152764201	0.003824337152764201	-	6349
610	-0.0038189422339200974	0.0038189422339200974	-	6350
333	-0.0038172188214957714	0.0038172188214957714	-	6351
9621	-0.0038141561672091484	0.0038141561672091484	-	6352
2499	0.0038123996928334236	0.0038123996928334236	+	6353
2139	0.003809366375207901	0.003809366375207901	+	6354
3289	-0.0038091710302978754	0.0038091710302978754	-	6355
1393	-0.0038082986138761044	0.0038082986138761044	-	6356
7099	-0.003804299980401993	0.003804299980401993	-	6357
913	0.003803785890340805	0.003803785890340805	+	6358
4728	0.003803551197052002	0.003803551197052002	+	6359
8753	-0.0038026361726224422	0.0038026361726224422	-	6360
5414	0.0038023218512535095	0.0038023218512535095	+	6361
2361	-0.0037981581408530474	0.0037981581408530474	-	6362
6509	0.003796074539422989	0.003796074539422989	+	6363
3663	-0.003792101051658392	0.003792101051658392	-	6364
7295	-0.003791025374084711	0.003791025374084711	-	6365
215	-0.0037903394550085068	0.0037903394550085068	-	6366
6722	-0.003786733839660883	0.003786733839660883	-	6367
1988	-0.0037843757309019566	0.0037843757309019566	-	6368
6347	0.003783490974456072	0.003783490974456072	+	6369
3536	-0.0037825230974704027	0.0037825230974704027	-	6370
5373	-0.0037823235616087914	0.0037823235616087914	-	6371
445	-0.0037814173847436905	0.0037814173847436905	-	6372
4422	-0.0037810280919075012	0.0037810280919075012	-	6373
2931	0.0037804925814270973	0.0037804925814270973	+	6374
6491	-0.003780171275138855	0.003780171275138855	-	6375
1399	-0.003779858583584428	0.003779858583584428	-	6376
8193	-0.0037790904752910137	0.0037790904752910137	-	6377
871	-0.0037760664708912373	0.0037760664708912373	-	6378
4698	-0.00377470999956131	0.00377470999956131	-	6379
7608	-0.0037745987065136433	0.0037745987065136433	-	6380
2309	-0.0037745286244899035	0.0037745286244899035	-	6381
4880	0.0037709511816501617	0.0037709511816501617	+	6382
705	-0.0037690005265176296	0.0037690005265176296	-	6383
257	-0.003768566995859146	0.003768566995859146	-	6384
983	-0.00376785546541214	0.00376785546541214	-	6385
4979	-0.003767321351915598	0.003767321351915598	-	6386
5626	0.0037648454308509827	0.0037648454308509827	+	6387
3390	-0.003763966029509902	0.003763966029509902	-	6388
2168	0.0037616994231939316	0.0037616994231939316	+	6389
8453	-0.0037596202455461025	0.0037596202455461025	-	6390
8990	-0.003757556900382042	0.003757556900382042	-	6391
3511	-0.003756369464099407	0.003756369464099407	-	6392
6770	0.0037551410496234894	0.0037551410496234894	+	6393
4980	0.0037543242797255516	0.0037543242797255516	+	6394
4771	0.0037532022688537836	0.0037532022688537836	+	6395
4085	-0.003752567106857896	0.003752567106857896	-	6396
1669	-0.0037522842176258564	0.0037522842176258564	-	6397
7771	-0.003746850648894906	0.003746850648894906	-	6398
10099	-0.003746539354324341	0.003746539354324341	-	6399
3067	-0.003743227571249008	0.003743227571249008	-	6400
3862	-0.0037387851625680923	0.0037387851625680923	-	6401
964	-0.0037381835281848907	0.0037381835281848907	-	6402
6200	-0.003737887367606163	0.003737887367606163	-	6403
2920	-0.0037361467257142067	0.0037361467257142067	-	6404
2173	0.003734602127224207	0.003734602127224207	+	6405
5074	-0.0037327781319618225	0.0037327781319618225	-	6406
6214	-0.0037303101271390915	0.0037303101271390915	-	6407
559	0.0037289950996637344	0.0037289950996637344	+	6408
7834	-0.0037286325823515654	0.0037286325823515654	-	6409
9284	-0.0037254421040415764	0.0037254421040415764	-	6410
6432	-0.0037251475732773542	0.0037251475732773542	-	6411
5180	-0.003724045818671584	0.003724045818671584	-	6412
1034	-0.0037236306816339493	0.0037236306816339493	-	6413
373	-0.0037235342897474766	0.0037235342897474766	-	6414
4673	0.003723433241248131	0.003723433241248131	+	6415
3215	-0.0037224339321255684	0.0037224339321255684	-	6416
1766	0.0037201186642050743	0.0037201186642050743	+	6417
926	-0.0037190704606473446	0.0037190704606473446	-	6418
3071	-0.0037186648696660995	0.0037186648696660995	-	6419
9957	0.003716801293194294	0.003716801293194294	+	6420
1674	0.0037155067548155785	0.0037155067548155785	+	6421
9328	-0.0037149174604564905	0.0037149174604564905	-	6422
4668	-0.0037140604108572006	0.0037140604108572006	-	6423
4006	0.0037139509804546833	0.0037139509804546833	+	6424
3885	0.0037132464349269867	0.0037132464349269867	+	6425
4266	-0.0037106480449438095	0.0037106480449438095	-	6426
3449	-0.003710611257702112	0.003710611257702112	-	6427
5280	-0.003709483426064253	0.003709483426064253	-	6428
60	0.003709386568516493	0.003709386568516493	+	6429
6863	-0.0037084452342242002	0.0037084452342242002	-	6430
9216	-0.003707560710608959	0.003707560710608959	-	6431
3365	-0.0037061315961182117	0.0037061315961182117	-	6432
8575	0.0037056896835565567	0.0037056896835565567	+	6433
2945	0.0037040160968899727	0.0037040160968899727	+	6434
10036	0.003691511694341898	0.003691511694341898	+	6435
5617	-0.003689774079248309	0.003689774079248309	-	6436
394	0.003689414821565151	0.003689414821565151	+	6437
7172	-0.0036840997636318207	0.0036840997636318207	-	6438
1490	-0.0036840245593339205	0.0036840245593339205	-	6439
2030	-0.003683167975395918	0.003683167975395918	-	6440
5651	-0.003681496251374483	0.003681496251374483	-	6441
8329	-0.003681051079183817	0.003681051079183817	-	6442
3977	-0.003678340930491686	0.003678340930491686	-	6443
5294	-0.003674122504889965	0.003674122504889965	-	6444
7768	0.003674000035971403	0.003674000035971403	+	6445
5837	-0.0036715506576001644	0.0036715506576001644	-	6446
8656	-0.003665193449705839	0.003665193449705839	-	6447
2932	-0.0036650083493441343	0.0036650083493441343	-	6448
8006	0.0036637848243117332	0.0036637848243117332	+	6449
7647	-0.003663711016997695	0.003663711016997695	-	6450
8925	-0.003662112634629011	0.003662112634629011	-	6451
3079	-0.0036611557006835938	0.0036611557006835938	-	6452
274	-0.003661112394183874	0.003661112394183874	-	6453
9895	-0.0036603412590920925	0.0036603412590920925	-	6454
6705	0.003659379668533802	0.003659379668533802	+	6455
9191	-0.0036573619581758976	0.0036573619581758976	-	6456
251	-0.0036553589161485434	0.0036553589161485434	-	6457
1459	-0.003653827356174588	0.003653827356174588	-	6458
267	-0.0036508822813630104	0.0036508822813630104	-	6459
4862	-0.0036485677119344473	0.0036485677119344473	-	6460
5801	-0.0036420493852347136	0.0036420493852347136	-	6461
8929	-0.0036415376234799623	0.0036415376234799623	-	6462
6562	-0.00364003237336874	0.00364003237336874	-	6463
6986	-0.0036394279450178146	0.0036394279450178146	-	6464
2259	-0.0036370023153722286	0.0036370023153722286	-	6465
7721	-0.003636434208601713	0.003636434208601713	-	6466
644	-0.0036356071941554546	0.0036356071941554546	-	6467
7819	-0.0036341773811727762	0.0036341773811727762	-	6468
1859	0.00363199133425951	0.00363199133425951	+	6469
3588	-0.0036301398649811745	0.0036301398649811745	-	6470
7557	-0.0036300960928201675	0.0036300960928201675	-	6471
8877	-0.0036295363679528236	0.0036295363679528236	-	6472
1526	0.0036288509145379066	0.0036288509145379066	+	6473
4778	0.0036270609125494957	0.0036270609125494957	+	6474
4452	-0.0036245733499526978	0.0036245733499526978	-	6475
7232	-0.0036236681044101715	0.0036236681044101715	-	6476
1684	-0.003623171476647258	0.003623171476647258	-	6477
4264	-0.0036215363070368767	0.0036215363070368767	-	6478
4905	-0.0036211677361279726	0.0036211677361279726	-	6479
9404	-0.0036201211623847485	0.0036201211623847485	-	6480
3613	-0.003619883209466934	0.003619883209466934	-	6481
4800	0.0036197900772094727	0.0036197900772094727	+	6482
4868	-0.0036185700446367264	0.0036185700446367264	-	6483
8650	-0.003617994487285614	0.003617994487285614	-	6484
9409	-0.0036176200956106186	0.0036176200956106186	-	6485
898	-0.003616676665842533	0.003616676665842533	-	6486
2050	-0.003614470362663269	0.003614470362663269	-	6487
2811	0.003614353481680155	0.003614353481680155	+	6488
9190	-0.003613437293097377	0.003613437293097377	-	6489
537	-0.003609665669500828	0.003609665669500828	-	6490
6765	0.0036083722952753305	0.0036083722952753305	+	6491
2872	0.0036073217634111643	0.0036073217634111643	+	6492
146	-0.0036060609854757786	0.0036060609854757786	-	6493
8468	-0.0036049960181117058	0.0036049960181117058	-	6494
1856	-0.00360320508480072	0.00360320508480072	-	6495
3594	-0.0036028288304805756	0.0036028288304805756	-	6496
5443	-0.003599656280130148	0.003599656280130148	-	6497
4483	-0.003598754294216633	0.003598754294216633	-	6498
4600	-0.0035986287984997034	0.0035986287984997034	-	6499
16	-0.0035982150584459305	0.0035982150584459305	-	6500
5682	-0.003597813192754984	0.003597813192754984	-	6501
5997	0.0035965514834970236	0.0035965514834970236	+	6502
8382	-0.0035941144451498985	0.0035941144451498985	-	6503
6546	0.0035931244492530823	0.0035931244492530823	+	6504
82	-0.003592852968722582	0.003592852968722582	-	6505
2815	-0.0035925237461924553	0.0035925237461924553	-	6506
4046	-0.0035919700749218464	0.0035919700749218464	-	6507
1023	-0.003589024767279625	0.003589024767279625	-	6508
6437	-0.0035871975123882294	0.0035871975123882294	-	6509
3307	-0.003586364444345236	0.003586364444345236	-	6510
7253	-0.003586354199796915	0.003586354199796915	-	6511
351	-0.0035856389440596104	0.0035856389440596104	-	6512
8567	-0.0035847043618559837	0.0035847043618559837	-	6513
4580	0.0035846345126628876	0.0035846345126628876	+	6514
7762	0.0035825995728373528	0.0035825995728373528	+	6515
8604	-0.0035809949040412903	0.0035809949040412903	-	6516
72	-0.003579337615519762	0.003579337615519762	-	6517
5284	-0.0035781459882855415	0.0035781459882855415	-	6518
9126	0.00357799232006073	0.00357799232006073	+	6519
9545	-0.0035779569298028946	0.0035779569298028946	-	6520
8128	-0.003577137365937233	0.003577137365937233	-	6521
1739	-0.0035769278183579445	0.0035769278183579445	-	6522
8194	-0.0035762879997491837	0.0035762879997491837	-	6523
6082	-0.003574830014258623	0.003574830014258623	-	6524
4590	-0.003574814647436142	0.003574814647436142	-	6525
8000	0.0035743960179388523	0.0035743960179388523	+	6526
6823	-0.003574356436729431	0.003574356436729431	-	6527
4488	0.0035738609731197357	0.0035738609731197357	+	6528
5326	-0.0035660816356539726	0.0035660816356539726	-	6529
75	-0.0035658138804137707	0.0035658138804137707	-	6530
1249	0.003565708175301552	0.003565708175301552	+	6531
7820	-0.0035645579919219017	0.0035645579919219017	-	6532
5678	-0.0035634045489132404	0.0035634045489132404	-	6533
4497	0.003563119564205408	0.003563119564205408	+	6534
5466	-0.003559765638783574	0.003559765638783574	-	6535
126	-0.003556516719982028	0.003556516719982028	-	6536
8053	-0.003556247800588608	0.003556247800588608	-	6537
5312	-0.0035542650148272514	0.0035542650148272514	-	6538
1818	-0.003553991671651602	0.003553991671651602	-	6539
812	-0.0035514971241354942	0.0035514971241354942	-	6540
7977	-0.0035502100363373756	0.0035502100363373756	-	6541
6098	-0.0035490342415869236	0.0035490342415869236	-	6542
2540	-0.0035481895320117474	0.0035481895320117474	-	6543
8903	-0.0035472367890179157	0.0035472367890179157	-	6544
5779	-0.0035460975486785173	0.0035460975486785173	-	6545
2752	0.0035438607446849346	0.0035438607446849346	+	6546
7611	-0.003543721977621317	0.003543721977621317	-	6547
382	-0.0035423599183559418	0.0035423599183559418	-	6548
8110	-0.0035406965762376785	0.0035406965762376785	-	6549
6674	-0.0035385070368647575	0.0035385070368647575	-	6550
7067	-0.003538450226187706	0.003538450226187706	-	6551
2790	-0.0035375822335481644	0.0035375822335481644	-	6552
8082	-0.0035366234369575977	0.0035366234369575977	-	6553
5378	-0.003534552874043584	0.003534552874043584	-	6554
6991	-0.003533471142873168	0.003533471142873168	-	6555
6300	0.0035332590341567993	0.0035332590341567993	+	6556
9748	-0.003532124450430274	0.003532124450430274	-	6557
8542	-0.0035317768342792988	0.0035317768342792988	-	6558
2070	0.003530493937432766	0.003530493937432766	+	6559
6314	-0.003529180074110627	0.003529180074110627	-	6560
1099	0.0035264294128865004	0.0035264294128865004	+	6561
3795	0.0035244151949882507	0.0035244151949882507	+	6562
9195	-0.0035243171732872725	0.0035243171732872725	-	6563
7373	-0.003522498533129692	0.003522498533129692	-	6564
2369	0.0035222910810261965	0.0035222910810261965	+	6565
8417	0.003522248938679695	0.003522248938679695	+	6566
1293	-0.003522193292155862	0.003522193292155862	-	6567
7904	-0.003521217964589596	0.003521217964589596	-	6568
7005	-0.0035208624321967363	0.0035208624321967363	-	6569
2441	-0.0035204587038606405	0.0035204587038606405	-	6570
9744	-0.0035199737176299095	0.0035199737176299095	-	6571
3963	-0.003516031662002206	0.003516031662002206	-	6572
4623	-0.0035157203674316406	0.0035157203674316406	-	6573
1547	-0.003513127798214555	0.003513127798214555	-	6574
8227	-0.0035130504984408617	0.0035130504984408617	-	6575
9532	-0.003512637224048376	0.003512637224048376	-	6576
3565	-0.0035089573357254267	0.0035089573357254267	-	6577
5951	-0.0035072672180831432	0.0035072672180831432	-	6578
8002	-0.0035062385722994804	0.0035062385722994804	-	6579
3308	-0.003504048567265272	0.003504048567265272	-	6580
5066	-0.0035037174820899963	0.0035037174820899963	-	6581
3497	-0.003503512591123581	0.003503512591123581	-	6582
4958	-0.0035026520490646362	0.0035026520490646362	-	6583
924	0.0035006701946258545	0.0035006701946258545	+	6584
8937	-0.0035005658864974976	0.0035005658864974976	-	6585
1329	-0.0034990785643458366	0.0034990785643458366	-	6586
4098	-0.0034978785552084446	0.0034978785552084446	-	6587
2269	-0.003495831973850727	0.003495831973850727	-	6588
4247	-0.003495248034596443	0.003495248034596443	-	6589
8301	-0.0034949255641549826	0.0034949255641549826	-	6590
672	-0.003493678756058216	0.003493678756058216	-	6591
1162	0.003493301570415497	0.003493301570415497	+	6592
8712	-0.003489578142762184	0.003489578142762184	-	6593
2745	0.0034894344862550497	0.0034894344862550497	+	6594
5329	0.003485085442662239	0.003485085442662239	+	6595
3732	-0.003484891727566719	0.003484891727566719	-	6596
1442	-0.003484124783426523	0.003484124783426523	-	6597
386	-0.0034834276884794235	0.0034834276884794235	-	6598
10064	0.0034820064902305603	0.0034820064902305603	+	6599
3122	-0.003478836268186569	0.003478836268186569	-	6600
3105	-0.0034778621047735214	0.0034778621047735214	-	6601
1326	-0.003477482357993722	0.003477482357993722	-	6602
545	-0.00347718084231019	0.00347718084231019	-	6603
1067	-0.0034761205315589905	0.0034761205315589905	-	6604
7537	-0.003475791309028864	0.003475791309028864	-	6605
2587	-0.003474801778793335	0.003474801778793335	-	6606
9755	-0.0034746909514069557	0.0034746909514069557	-	6607
2456	-0.0034741954877972603	0.0034741954877972603	-	6608
3987	-0.003473985940217972	0.003473985940217972	-	6609
5018	-0.0034715868532657623	0.0034715868532657623	-	6610
49	0.003470802679657936	0.003470802679657936	+	6611
7500	-0.003470061346888542	0.003470061346888542	-	6612
5437	-0.003466692753136158	0.003466692753136158	-	6613
7095	-0.0034653320908546448	0.0034653320908546448	-	6614
9690	-0.0034636976197361946	0.0034636976197361946	-	6615
4391	-0.00345978862605989	0.00345978862605989	-	6616
7767	-0.0034594195894896984	0.0034594195894896984	-	6617
6865	0.003458714112639427	0.003458714112639427	+	6618
4212	-0.0034572198055684566	0.0034572198055684566	-	6619
10101	-0.003455600468441844	0.003455600468441844	-	6620
6420	0.003454684279859066	0.003454684279859066	+	6621
4919	-0.0034536488819867373	0.0034536488819867373	-	6622
7509	0.0034521734341979027	0.0034521734341979027	+	6623
7993	-0.0034500104375183582	0.0034500104375183582	-	6624
6576	-0.0034492649137973785	0.0034492649137973785	-	6625
783	0.003445910755544901	0.003445910755544901	+	6626
340	-0.003444537054747343	0.003444537054747343	-	6627
524	0.00344240409322083	0.00344240409322083	+	6628
4774	-0.003438867861405015	0.003438867861405015	-	6629
4975	-0.0034383346792310476	0.0034383346792310476	-	6630
2621	-0.0034356224350631237	0.0034356224350631237	-	6631
3293	-0.003431906457990408	0.003431906457990408	-	6632
8837	-0.00343061750754714	0.00343061750754714	-	6633
5196	-0.0034303180873394012	0.0034303180873394012	-	6634
7663	-0.003429903881624341	0.003429903881624341	-	6635
9714	-0.0034280656836926937	0.0034280656836926937	-	6636
7344	-0.0034274905920028687	0.0034274905920028687	-	6637
8766	0.003424876369535923	0.003424876369535923	+	6638
3005	-0.0034215981140732765	0.0034215981140732765	-	6639
9071	-0.003421151079237461	0.003421151079237461	-	6640
5916	0.0034192651510238647	0.0034192651510238647	+	6641
7211	0.0034179389476776123	0.0034179389476776123	+	6642
5173	0.003416387364268303	0.003416387364268303	+	6643
1579	-0.003415793878957629	0.003415793878957629	-	6644
5621	-0.003415226936340332	0.003415226936340332	-	6645
1194	-0.003415060695260763	0.003415060695260763	-	6646
9742	0.003413289785385132	0.003413289785385132	+	6647
9986	-0.0034097153693437576	0.0034097153693437576	-	6648
4339	-0.0034091584384441376	0.0034091584384441376	-	6649
7886	-0.0034085665829479694	0.0034085665829479694	-	6650
4966	-0.00340501731261611	0.00340501731261611	-	6651
8846	-0.0034040044993162155	0.0034040044993162155	-	6652
9559	-0.0034031185787171125	0.0034031185787171125	-	6653
1615	-0.0034027337096631527	0.0034027337096631527	-	6654
5174	-0.0034020552411675453	0.0034020552411675453	-	6655
7829	-0.0034001218155026436	0.0034001218155026436	-	6656
2023	-0.003399625886231661	0.003399625886231661	-	6657
5840	-0.0033949334174394608	0.0033949334174394608	-	6658
4345	-0.003394403960555792	0.003394403960555792	-	6659
6070	-0.003392689861357212	0.003392689861357212	-	6660
7492	-0.003391179721802473	0.003391179721802473	-	6661
10029	-0.003389993915334344	0.003389993915334344	-	6662
8978	-0.003389191348105669	0.003389191348105669	-	6663
5222	-0.0033837012015283108	0.0033837012015283108	-	6664
7660	-0.003383477684110403	0.003383477684110403	-	6665
51	-0.0033832562621682882	0.0033832562621682882	-	6666
6999	0.0033823889680206776	0.0033823889680206776	+	6667
3378	-0.0033822311088442802	0.0033822311088442802	-	6668
606	-0.003380492329597473	0.003380492329597473	-	6669
6404	-0.0033781060483306646	0.0033781060483306646	-	6670
83	-0.0033767952118068933	0.0033767952118068933	-	6671
2496	-0.003374663647264242	0.003374663647264242	-	6672
555	0.0033735008910298347	0.0033735008910298347	+	6673
3821	-0.0033734801691025496	0.0033734801691025496	-	6674
6153	-0.003373140702024102	0.003373140702024102	-	6675
2948	-0.00337220449000597	0.00337220449000597	-	6676
9624	0.003368730191141367	0.003368730191141367	+	6677
9199	-0.0033685220405459404	0.0033685220405459404	-	6678
4694	-0.003368506208062172	0.003368506208062172	-	6679
9464	-0.003367271274328232	0.003367271274328232	-	6680
9153	-0.0033671024721115828	0.0033671024721115828	-	6681
2654	-0.003367061959579587	0.003367061959579587	-	6682
2329	-0.003366955555975437	0.003366955555975437	-	6683
6878	-0.0033651331905275583	0.0033651331905275583	-	6684
8495	-0.003364764153957367	0.003364764153957367	-	6685
3037	-0.00336403027176857	0.00336403027176857	-	6686
7446	-0.0033630989491939545	0.0033630989491939545	-	6687
9072	-0.0033623185008764267	0.0033623185008764267	-	6688
8765	0.0033611501567065716	0.0033611501567065716	+	6689
5462	0.0033600255846977234	0.0033600255846977234	+	6690
8064	0.003359020221978426	0.003359020221978426	+	6691
9167	-0.0033581783063709736	0.0033581783063709736	-	6692
2736	-0.0033581419847905636	0.0033581419847905636	-	6693
114	-0.0033576551359146833	0.0033576551359146833	-	6694
9291	0.003357128705829382	0.003357128705829382	+	6695
4679	-0.003356307279318571	0.003356307279318571	-	6696
2302	-0.003356056986376643	0.003356056986376643	-	6697
7275	-0.0033532679080963135	0.0033532679080963135	-	6698
695	-0.0033521559089422226	0.0033521559089422226	-	6699
1422	-0.0033516893163323402	0.0033516893163323402	-	6700
2898	-0.0033493051305413246	0.0033493051305413246	-	6701
7075	-0.0033492641523480415	0.0033492641523480415	-	6702
6167	-0.003348555415868759	0.003348555415868759	-	6703
9886	-0.0033484110608696938	0.0033484110608696938	-	6704
6915	-0.0033477384131401777	0.0033477384131401777	-	6705
5426	0.0033466238528490067	0.0033466238528490067	+	6706
7666	-0.00334502337500453	0.00334502337500453	-	6707
8342	-0.0033449046313762665	0.0033449046313762665	-	6708
9076	-0.0033442548010498285	0.0033442548010498285	-	6709
2534	-0.003343640360981226	0.003343640360981226	-	6710
2775	-0.003341475734487176	0.003341475734487176	-	6711
6359	-0.003341380972415209	0.003341380972415209	-	6712
3666	-0.003339161165058613	0.003339161165058613	-	6713
6229	-0.0033381441608071327	0.0033381441608071327	-	6714
4860	-0.0033358207438141108	0.0033358207438141108	-	6715
1636	-0.003333127126097679	0.003333127126097679	-	6716
4923	-0.0033329997677356005	0.0033329997677356005	-	6717
616	-0.0033328107092529535	0.0033328107092529535	-	6718
4816	-0.0033284854143857956	0.0033284854143857956	-	6719
3258	-0.003327912651002407	0.003327912651002407	-	6720
9854	-0.003327911254018545	0.003327911254018545	-	6721
7813	-0.003327379934489727	0.003327379934489727	-	6722
5291	0.0033262409269809723	0.0033262409269809723	+	6723
2241	-0.0033228667452931404	0.0033228667452931404	-	6724
4986	0.0033210974652320147	0.0033210974652320147	+	6725
3803	-0.003318267408758402	0.003318267408758402	-	6726
10074	-0.00331676984205842	0.00331676984205842	-	6727
1111	-0.003316408023238182	0.003316408023238182	-	6728
5871	0.0033142641186714172	0.0033142641186714172	+	6729
2538	-0.003313993103802204	0.003313993103802204	-	6730
7004	-0.0033135972917079926	0.0033135972917079926	-	6731
2795	-0.0033131905365735292	0.0033131905365735292	-	6732
6718	-0.0033112233504652977	0.0033112233504652977	-	6733
8920	-0.0033106307964771986	0.0033106307964771986	-	6734
5796	-0.003308626124635339	0.003308626124635339	-	6735
6553	-0.0033076913096010685	0.0033076913096010685	-	6736
3815	0.003299417905509472	0.003299417905509472	+	6737
2278	-0.003299234202131629	0.003299234202131629	-	6738
9903	-0.0032977170776575804	0.0032977170776575804	-	6739
10039	-0.0032933447510004044	0.0032933447510004044	-	6740
193	-0.0032927358988672495	0.0032927358988672495	-	6741
1451	-0.003291696310043335	0.003291696310043335	-	6742
9011	-0.0032914327457547188	0.0032914327457547188	-	6743
5912	-0.0032888329587876797	0.0032888329587876797	-	6744
4167	-0.003288638312369585	0.003288638312369585	-	6745
3269	-0.0032870564609766006	0.0032870564609766006	-	6746
7476	-0.0032870261929929256	0.0032870261929929256	-	6747
8364	-0.0032866536639630795	0.0032866536639630795	-	6748
19	-0.003286330495029688	0.003286330495029688	-	6749
5168	0.003285630140453577	0.003285630140453577	+	6750
5049	-0.0032791849225759506	0.0032791849225759506	-	6751
593	-0.0032782258931547403	0.0032782258931547403	-	6752
8451	-0.0032769562676548958	0.0032769562676548958	-	6753
9539	-0.0032756831496953964	0.0032756831496953964	-	6754
7235	-0.0032755285501480103	0.0032755285501480103	-	6755
1779	-0.003273677546530962	0.003273677546530962	-	6756
2782	-0.0032719653099775314	0.0032719653099775314	-	6757
4179	-0.003271733410656452	0.003271733410656452	-	6758
5231	-0.0032710586674511433	0.0032710586674511433	-	6759
2197	-0.003269452601671219	0.003269452601671219	-	6760
9982	-0.0032690095249563456	0.0032690095249563456	-	6761
7857	-0.003268330590799451	0.003268330590799451	-	6762
5469	0.003268301486968994	0.003268301486968994	+	6763
2005	-0.0032676495611667633	0.0032676495611667633	-	6764
6753	-0.0032670870423316956	0.0032670870423316956	-	6765
2334	0.0032669699285179377	0.0032669699285179377	+	6766
1789	0.003265206702053547	0.003265206702053547	+	6767
6193	-0.0032642465084791183	0.0032642465084791183	-	6768
4562	-0.0032634378876537085	0.0032634378876537085	-	6769
3197	-0.0032571498304605484	0.0032571498304605484	-	6770
6430	-0.0032570427283644676	0.0032570427283644676	-	6771
10087	-0.0032536545768380165	0.0032536545768380165	-	6772
3407	-0.003252821508795023	0.003252821508795023	-	6773
3608	-0.003252556547522545	0.003252556547522545	-	6774
4765	-0.00325242942199111	0.00325242942199111	-	6775
7556	-0.0032501444220542908	0.0032501444220542908	-	6776
6634	-0.003249155357480049	0.003249155357480049	-	6777
1241	0.003248419612646103	0.003248419612646103	+	6778
1842	0.0032470151782035828	0.0032470151782035828	+	6779
6234	-0.003246115520596504	0.003246115520596504	-	6780
7751	-0.003244078252464533	0.003244078252464533	-	6781
9154	-0.003243960440158844	0.003243960440158844	-	6782
3586	-0.0032436209730803967	0.0032436209730803967	-	6783
6935	-0.0032408135011792183	0.0032408135011792183	-	6784
5295	-0.0032401923090219498	0.0032401923090219498	-	6785
3098	-0.003239376936107874	0.003239376936107874	-	6786
1672	-0.0032388896215707064	0.0032388896215707064	-	6787
3303	-0.003237293101847172	0.003237293101847172	-	6788
8853	-0.0032361489720642567	0.0032361489720642567	-	6789
3922	-0.003235739655792713	0.003235739655792713	-	6790
5341	-0.0032318681478500366	0.0032318681478500366	-	6791
3199	-0.003228389658033848	0.003228389658033848	-	6792
5176	-0.0032280120067298412	0.0032280120067298412	-	6793
4240	-0.003226855304092169	0.003226855304092169	-	6794
5113	-0.0032254185061901808	0.0032254185061901808	-	6795
6292	-0.0032252364326268435	0.0032252364326268435	-	6796
2321	-0.003219194710254669	0.003219194710254669	-	6797
1438	-0.003219147212803364	0.003219147212803364	-	6798
7063	0.0032188519835472107	0.0032188519835472107	+	6799
8418	-0.003217969322577119	0.003217969322577119	-	6800
8771	-0.003217708319425583	0.003217708319425583	-	6801
9439	-0.0032175309024751186	0.0032175309024751186	-	6802
5474	-0.0032173488289117813	0.0032173488289117813	-	6803
12	-0.003216423559933901	0.003216423559933901	-	6804
5289	-0.003216198179870844	0.003216198179870844	-	6805
9112	-0.0032158121466636658	0.0032158121466636658	-	6806
1347	0.0032152310013771057	0.0032152310013771057	+	6807
4425	-0.0032148815225809813	0.0032148815225809813	-	6808
2517	-0.0032132852356880903	0.0032132852356880903	-	6809
9852	-0.003212308045476675	0.003212308045476675	-	6810
203	-0.0032120058313012123	0.0032120058313012123	-	6811
9165	-0.003210485680028796	0.003210485680028796	-	6812
9225	-0.0032102707773447037	0.0032102707773447037	-	6813
5331	-0.0032101694960147142	0.0032101694960147142	-	6814
1523	-0.003209717571735382	0.003209717571735382	-	6815
8934	-0.003209538757801056	0.003209538757801056	-	6816
4902	0.003207392990589142	0.003207392990589142	+	6817
5874	-0.0032043824903666973	0.0032043824903666973	-	6818
8445	-0.00320433359593153	0.00320433359593153	-	6819
3321	-0.003202814608812332	0.003202814608812332	-	6820
1924	-0.0032004844397306442	0.0032004844397306442	-	6821
3219	0.0032001137733459473	0.0032001137733459473	+	6822
6578	-0.0031985449604690075	0.0031985449604690075	-	6823
1233	-0.003198462538421154	0.003198462538421154	-	6824
2422	-0.0031976979225873947	0.0031976979225873947	-	6825
2905	-0.003194183809682727	0.003194183809682727	-	6826
7104	-0.0031938860192894936	0.0031938860192894936	-	6827
9088	-0.0031917383894324303	0.0031917383894324303	-	6828
8030	-0.0031898075249046087	0.0031898075249046087	-	6829
7930	-0.00318921753205359	0.00318921753205359	-	6830
7597	-0.003186264541000128	0.003186264541000128	-	6831
2215	-0.00318271410651505	0.00318271410651505	-	6832
2522	0.003182545304298401	0.003182545304298401	+	6833
5056	-0.0031819515861570835	0.0031819515861570835	-	6834
7337	-0.00318067311309278	0.00318067311309278	-	6835
6265	-0.0031806430779397488	0.0031806430779397488	-	6836
8508	0.0031800810247659683	0.0031800810247659683	+	6837
726	-0.0031777499243617058	0.0031777499243617058	-	6838
9264	0.003176111727952957	0.003176111727952957	+	6839
2979	-0.0031704825814813375	0.0031704825814813375	-	6840
8556	0.00316813588142395	0.00316813588142395	+	6841
1429	-0.0031679607927799225	0.0031679607927799225	-	6842
4556	-0.0031662434339523315	0.0031662434339523315	-	6843
4418	-0.0031644818373024464	0.0031644818373024464	-	6844
5088	-0.0031644452828913927	0.0031644452828913927	-	6845
9754	0.0031609833240509033	0.0031609833240509033	+	6846
9120	-0.0031597958877682686	0.0031597958877682686	-	6847
5587	-0.0031588629353791475	0.0031588629353791475	-	6848
1357	-0.003158513456583023	0.003158513456583023	-	6849
5039	0.0031574531458318233	0.0031574531458318233	+	6850
8907	-0.003157274331897497	0.003157274331897497	-	6851
7589	-0.003155813552439213	0.003155813552439213	-	6852
5780	-0.003154265694320202	0.003154265694320202	-	6853
6836	-0.0031539597548544407	0.0031539597548544407	-	6854
5743	-0.003151018638163805	0.003151018638163805	-	6855
3315	-0.0031509483233094215	0.0031509483233094215	-	6856
6344	-0.0031506982631981373	0.0031506982631981373	-	6857
5972	0.0031502689234912395	0.0031502689234912395	+	6858
1096	-0.003149135038256645	0.003149135038256645	-	6859
9648	-0.0031481068581342697	0.0031481068581342697	-	6860
6121	-0.003147812094539404	0.003147812094539404	-	6861
8600	-0.0031466148793697357	0.0031466148793697357	-	6862
6241	0.00314473919570446	0.00314473919570446	+	6863
6184	-0.003144454210996628	0.003144454210996628	-	6864
7416	-0.0031441892497241497	0.0031441892497241497	-	6865
1681	-0.0031440025195479393	0.0031440025195479393	-	6866
10125	-0.003142623696476221	0.003142623696476221	-	6867
4476	-0.0031423226464539766	0.0031423226464539766	-	6868
5815	-0.003141561755910516	0.003141561755910516	-	6869
4672	-0.0031378990970551968	0.0031378990970551968	-	6870
5767	-0.0031315437518060207	0.0031315437518060207	-	6871
7804	-0.003130517201498151	0.003130517201498151	-	6872
2555	-0.0031258142553269863	0.0031258142553269863	-	6873
4836	-0.003123711561784148	0.003123711561784148	-	6874
6399	-0.0031218212097883224	0.0031218212097883224	-	6875
7902	0.003121755551546812	0.003121755551546812	+	6876
5751	-0.0031210570596158504	0.0031210570596158504	-	6877
7176	0.0031180083751678467	0.0031180083751678467	+	6878
8237	-0.003116772510111332	0.003116772510111332	-	6879
7087	-0.0031129568815231323	0.0031129568815231323	-	6880
3239	0.00311272032558918	0.00311272032558918	+	6881
2493	-0.0031112334690988064	0.0031112334690988064	-	6882
9426	-0.003111116122454405	0.003111116122454405	-	6883
6147	-0.0031087808310985565	0.0031087808310985565	-	6884
2238	-0.0031079151667654514	0.0031079151667654514	-	6885
1874	-0.0031071826815605164	0.0031071826815605164	-	6886
7717	-0.0031068692915141582	0.0031068692915141582	-	6887
2107	-0.003106366842985153	0.003106366842985153	-	6888
3373	-0.0031060141045600176	0.0031060141045600176	-	6889
1815	-0.0031057382002472878	0.0031057382002472878	-	6890
6237	-0.003105723764747381	0.003105723764747381	-	6891
6111	0.0031037782318890095	0.0031037782318890095	+	6892
3335	0.003101374488323927	0.003101374488323927	+	6893
6637	-0.003101244568824768	0.003101244568824768	-	6894
84	-0.003101042006164789	0.003101042006164789	-	6895
4921	-0.0030981088057160378	0.0030981088057160378	-	6896
2962	0.003096630796790123	0.003096630796790123	+	6897
749	0.0030946885235607624	0.0030946885235607624	+	6898
1504	-0.0030918288975954056	0.0030918288975954056	-	6899
3614	-0.003090865910053253	0.003090865910053253	-	6900
8509	-0.0030900666024535894	0.0030900666024535894	-	6901
1308	-0.0030883278232067823	0.0030883278232067823	-	6902
4332	-0.003088110126554966	0.003088110126554966	-	6903
1141	-0.003087356686592102	0.003087356686592102	-	6904
5624	0.0030859156977385283	0.0030859156977385283	+	6905
7494	-0.0030790530145168304	0.0030790530145168304	-	6906
6939	-0.0030773149337619543	0.0030773149337619543	-	6907
8688	-0.0030767074786126614	0.0030767074786126614	-	6908
7355	-0.0030744746327400208	0.0030744746327400208	-	6909
8068	-0.0030742711387574673	0.0030742711387574673	-	6910
4847	-0.0030731530860066414	0.0030731530860066414	-	6911
6110	-0.0030728105921298265	0.0030728105921298265	-	6912
1948	0.0030721721705049276	0.0030721721705049276	+	6913
163	-0.0030715432949364185	0.0030715432949364185	-	6914
6423	-0.003066935343667865	0.003066935343667865	-	6915
9061	-0.0030651609413325787	0.0030651609413325787	-	6916
1878	-0.0030639776960015297	0.0030639776960015297	-	6917
2432	-0.0030625772196799517	0.0030625772196799517	-	6918
1767	-0.0030596815049648285	0.0030596815049648285	-	6919
8428	-0.0030578672885894775	0.0030578672885894775	-	6920
864	0.0030576884746551514	0.0030576884746551514	+	6921
6091	-0.0030559594742953777	0.0030559594742953777	-	6922
2620	-0.0030558696016669273	0.0030558696016669273	-	6923
4982	-0.003054771339520812	0.003054771339520812	-	6924
8605	0.003054195549339056	0.003054195549339056	+	6925
2946	-0.0030514998361468315	0.0030514998361468315	-	6926
4399	-0.0030497200787067413	0.0030497200787067413	-	6927
6899	0.0030493363738059998	0.0030493363738059998	+	6928
3741	-0.003048498183488846	0.003048498183488846	-	6929
6776	-0.0030452595092356205	0.0030452595092356205	-	6930
10057	-0.0030427477322518826	0.0030427477322518826	-	6931
1013	-0.00304246274754405	0.00304246274754405	-	6932
5685	-0.003042345866560936	0.003042345866560936	-	6933
8123	-0.003039770061150193	0.003039770061150193	-	6934
4291	-0.0030372254550457	0.0030372254550457	-	6935
4721	-0.0030370554886758327	0.0030370554886758327	-	6936
4242	-0.0030368980951607227	0.0030368980951607227	-	6937
6534	-0.0030359504744410515	0.0030359504744410515	-	6938
8132	-0.0030337627977132797	0.0030337627977132797	-	6939
5200	-0.0030336605850607157	0.0030336605850607157	-	6940
1814	-0.0030331399757415056	0.0030331399757415056	-	6941
721	-0.0030322489328682423	0.0030322489328682423	-	6942
645	-0.0030315639451146126	0.0030315639451146126	-	6943
7291	-0.003031426575034857	0.003031426575034857	-	6944
6600	-0.0030304058454930782	0.0030304058454930782	-	6945
1520	-0.0030253143049776554	0.0030253143049776554	-	6946
9507	-0.00302334688603878	0.00302334688603878	-	6947
4997	-0.003022870048880577	0.003022870048880577	-	6948
4621	-0.0030227389652282	0.0030227389652282	-	6949
3216	-0.003022440243512392	0.003022440243512392	-	6950
6030	-0.0030222483910620213	0.0030222483910620213	-	6951
8599	-0.0030214106664061546	0.0030214106664061546	-	6952
2426	-0.003020837903022766	0.003020837903022766	-	6953
4637	0.0030199687462300062	0.0030199687462300062	+	6954
483	-0.0030198239255696535	0.0030198239255696535	-	6955
3593	-0.003019047435373068	0.003019047435373068	-	6956
2963	0.003017641603946686	0.003017641603946686	+	6957
6396	-0.003017405979335308	0.003017405979335308	-	6958
463	0.003017324022948742	0.003017324022948742	+	6959
9051	-0.003017251379787922	0.003017251379787922	-	6960
4801	-0.0030155873391777277	0.0030155873391777277	-	6961
1519	-0.0030150178354233503	0.0030150178354233503	-	6962
9979	0.003014247864484787	0.003014247864484787	+	6963
8733	-0.0030108275823295116	0.0030108275823295116	-	6964
2282	-0.0030091051012277603	0.0030091051012277603	-	6965
6744	-0.003007771447300911	0.003007771447300911	-	6966
3717	0.003007255494594574	0.003007255494594574	+	6967
2544	0.003006463870406151	0.003006463870406151	+	6968
6228	-0.003004586324095726	0.003004586324095726	-	6969
3766	0.0030035413801670074	0.0030035413801670074	+	6970
181	-0.003002833342179656	0.003002833342179656	-	6971
6084	-0.0030024710576981306	0.0030024710576981306	-	6972
3183	-0.0030023786239326	0.0030023786239326	-	6973
4321	-0.0030000521801412106	0.0030000521801412106	-	6974
565	-0.0029969289898872375	0.0029969289898872375	-	6975
7314	0.0029960491228848696	0.0029960491228848696	+	6976
6652	0.0029953308403491974	0.0029953308403491974	+	6977
710	0.002994435839354992	0.002994435839354992	+	6978
4894	-0.002992933616042137	0.002992933616042137	-	6979
4276	-0.002991202985867858	0.002991202985867858	-	6980
2059	-0.0029878169298171997	0.0029878169298171997	-	6981
8830	-0.002987814834341407	0.002987814834341407	-	6982
7979	-0.002987530082464218	0.002987530082464218	-	6983
1021	-0.0029874485917389393	0.0029874485917389393	-	6984
8070	0.002986152656376362	0.002986152656376362	+	6985
6373	-0.0029851668514311314	0.0029851668514311314	-	6986
3270	0.0029795803129673004	0.0029795803129673004	+	6987
6007	0.0029737623408436775	0.0029737623408436775	+	6988
3930	0.0029726484790444374	0.0029726484790444374	+	6989
2553	-0.002971536945551634	0.002971536945551634	-	6990
6165	-0.0029713136609643698	0.0029713136609643698	-	6991
4916	0.0029696738347411156	0.0029696738347411156	+	6992
1809	-0.0029695541597902775	0.0029695541597902775	-	6993
747	-0.002969410503283143	0.002969410503283143	-	6994
3238	-0.002969256602227688	0.002969256602227688	-	6995
1302	-0.002968016779050231	0.002968016779050231	-	6996
6963	-0.0029675825498998165	0.0029675825498998165	-	6997
4612	-0.00296407425776124	0.00296407425776124	-	6998
6532	0.00296059250831604	0.00296059250831604	+	6999
1945	-0.002960327547043562	0.002960327547043562	-	7000
9477	-0.0029588863253593445	0.0029588863253593445	-	7001
9700	0.002958320314064622	0.002958320314064622	+	7002
3539	-0.002957334276288748	0.002957334276288748	-	7003
6270	-0.0029572327621281147	0.0029572327621281147	-	7004
5392	0.002953963354229927	0.002953963354229927	+	7005
674	0.002953536808490753	0.002953536808490753	+	7006
3483	-0.0029525745194405317	0.0029525745194405317	-	7007
8962	-0.002951711416244507	0.002951711416244507	-	7008
116	-0.0029514404013752937	0.0029514404013752937	-	7009
3825	0.002951036673039198	0.002951036673039198	+	7010
9791	-0.0029505384154617786	0.0029505384154617786	-	7011
9600	-0.0029480811208486557	0.0029480811208486557	-	7012
3517	-0.0029461756348609924	0.0029461756348609924	-	7013
9787	0.0029459053184837103	0.0029459053184837103	+	7014
5556	-0.0029444536194205284	0.0029444536194205284	-	7015
1050	-0.0029442082159221172	0.0029442082159221172	-	7016
1840	-0.002943775150924921	0.002943775150924921	-	7017
9958	-0.002943033818155527	0.002943033818155527	-	7018
8406	-0.002942582592368126	0.002942582592368126	-	7019
2261	-0.002938539255410433	0.002938539255410433	-	7020
2738	0.00293827336281538	0.00293827336281538	+	7021
129	0.0029378216713666916	0.0029378216713666916	+	7022
7010	-0.0029357702005654573	0.0029357702005654573	-	7023
7297	0.002935144118964672	0.002935144118964672	+	7024
7580	-0.002933062147349119	0.002933062147349119	-	7025
142	-0.0029308449011296034	0.0029308449011296034	-	7026
5820	-0.0029298244044184685	0.0029298244044184685	-	7027
4760	0.0029290802776813507	0.0029290802776813507	+	7028
3480	-0.0029276798013597727	0.0029276798013597727	-	7029
4462	0.0029268041253089905	0.0029268041253089905	+	7030
10055	-0.0029257526621222496	0.0029257526621222496	-	7031
5565	-0.0029254984110593796	0.0029254984110593796	-	7032
1890	0.002925463020801544	0.002925463020801544	+	7033
7246	-0.002924614353105426	0.002924614353105426	-	7034
3452	0.002921720966696739	0.002921720966696739	+	7035
7499	-0.0029179868288338184	0.0029179868288338184	-	7036
6097	-0.002917429432272911	0.002917429432272911	-	7037
7743	-0.0029167309403419495	0.0029167309403419495	-	7038
2600	-0.0029145514126867056	0.0029145514126867056	-	7039
716	0.0029142177663743496	0.0029142177663743496	+	7040
104	-0.0029130687471479177	0.0029130687471479177	-	7041
7428	0.002911071293056011	0.002911071293056011	+	7042
6028	-0.00291025685146451	0.00291025685146451	-	7043
7486	0.00291002681478858	0.00291002681478858	+	7044
9824	0.0029092528857290745	0.0029092528857290745	+	7045
536	-0.002908567897975445	0.002908567897975445	-	7046
1576	-0.0029080212116241455	0.0029080212116241455	-	7047
8851	-0.0029031746089458466	0.0029031746089458466	-	7048
2475	0.002901693806052208	0.002901693806052208	+	7049
9194	-0.0029016328044235706	0.0029016328044235706	-	7050
4260	-0.002900307532399893	0.002900307532399893	-	7051
4481	-0.0028994411695748568	0.0028994411695748568	-	7052
3715	-0.002898070029914379	0.002898070029914379	-	7053
756	-0.002896656282246113	0.002896656282246113	-	7054
2552	0.0028962790966033936	0.0028962790966033936	+	7055
801	-0.002896158955991268	0.002896158955991268	-	7056
8371	-0.0028949137777090073	0.0028949137777090073	-	7057
5872	0.002894340083003044	0.002894340083003044	+	7058
8102	-0.002894333563745022	0.002894333563745022	-	7059
9093	-0.002894001081585884	0.002894001081585884	-	7060
4175	0.0028932085260748863	0.0028932085260748863	+	7061
9393	-0.002892926102504134	0.002892926102504134	-	7062
2894	-0.0028920057229697704	0.0028920057229697704	-	7063
9940	-0.002890617586672306	0.002890617586672306	-	7064
30	-0.002889620140194893	0.002889620140194893	-	7065
4759	-0.002888238988816738	0.002888238988816738	-	7066
9491	-0.0028882212936878204	0.0028882212936878204	-	7067
7794	0.002887527458369732	0.002887527458369732	+	7068
3159	-0.0028856440912932158	0.0028856440912932158	-	7069
2588	-0.002884950488805771	0.002884950488805771	-	7070
8588	-0.0028812061063945293	0.0028812061063945293	-	7071
8087	-0.0028808261267840862	0.0028808261267840862	-	7072
2294	-0.0028804142493754625	0.0028804142493754625	-	7073
7050	-0.0028797201812267303	0.0028797201812267303	-	7074
670	-0.002879133215174079	0.002879133215174079	-	7075
8209	-0.0028790817596018314	0.0028790817596018314	-	7076
1133	-0.0028774337843060493	0.0028774337843060493	-	7077
975	-0.0028741953428834677	0.0028741953428834677	-	7078
482	-0.002873030724003911	0.002873030724003911	-	7079
3865	0.002872573211789131	0.002872573211789131	+	7080
4757	-0.002871351782232523	0.002871351782232523	-	7081
8204	-0.0028687696903944016	0.0028687696903944016	-	7082
6469	-0.002863178960978985	0.002863178960978985	-	7083
7719	-0.002862166613340378	0.002862166613340378	-	7084
7841	-0.002860975917428732	0.002860975917428732	-	7085
7169	-0.002860956359654665	0.002860956359654665	-	7086
26	-0.0028606257401406765	0.0028606257401406765	-	7087
6650	-0.002857466693967581	0.002857466693967581	-	7088
8571	-0.0028542212676256895	0.0028542212676256895	-	7089
2753	-0.0028541143983602524	0.0028541143983602524	-	7090
9397	-0.002853585407137871	0.002853585407137871	-	7091
3900	-0.0028530913405120373	0.0028530913405120373	-	7092
8211	-0.0028519248589873314	0.0028519248589873314	-	7093
9872	-0.0028503648936748505	0.0028503648936748505	-	7094
4226	-0.002850176766514778	0.002850176766514778	-	7095
4463	0.0028494675643742085	0.0028494675643742085	+	7096
6750	-0.002849363721907139	0.002849363721907139	-	7097
8046	-0.0028492510318756104	0.0028492510318756104	-	7098
10158	-0.002848604694008827	0.002848604694008827	-	7099
589	0.0028456710278987885	0.0028456710278987885	+	7100
550	-0.0028449147939682007	0.0028449147939682007	-	7101
2118	0.0028441310860216618	0.0028441310860216618	+	7102
7709	0.0028438549488782883	0.0028438549488782883	+	7103
5266	-0.0028435878921300173	0.0028435878921300173	-	7104
6695	-0.0028432363178581	0.0028432363178581	-	7105
4007	0.0028429096564650536	0.0028429096564650536	+	7106
4030	-0.002842544112354517	0.002842544112354517	-	7107
5219	-0.002840020228177309	0.002840020228177309	-	7108
2448	-0.00283957552164793	0.00283957552164793	-	7109
1857	0.0028386267367750406	0.0028386267367750406	+	7110
8621	0.002838276792317629	0.002838276792317629	+	7111
7219	-0.0028377471026033163	0.0028377471026033163	-	7112
4874	-0.0028346367180347443	0.0028346367180347443	-	7113
7324	-0.0028321254067122936	0.0028321254067122936	-	7114
2343	-0.002830788027495146	0.002830788027495146	-	7115
1962	0.0028299218975007534	0.0028299218975007534	+	7116
7617	-0.0028286557644605637	0.0028286557644605637	-	7117
57	-0.0028274990618228912	0.0028274990618228912	-	7118
3785	-0.002827294636517763	0.002827294636517763	-	7119
6330	-0.0028271295595914125	0.0028271295595914125	-	7120
7742	-0.0028258750680834055	0.0028258750680834055	-	7121
7853	0.0028213225305080414	0.0028213225305080414	+	7122
4101	-0.0028204889968037605	0.0028204889968037605	-	7123
128	-0.0028202813118696213	0.0028202813118696213	-	7124
6829	-0.002819544170051813	0.002819544170051813	-	7125
1420	-0.002819094341248274	0.002819094341248274	-	7126
3347	-0.002818664535880089	0.002818664535880089	-	7127
8755	-0.002817173721268773	0.002817173721268773	-	7128
10068	-0.002812705934047699	0.002812705934047699	-	7129
7357	-0.0028100230265408754	0.0028100230265408754	-	7130
1196	-0.0028073391877114773	0.0028073391877114773	-	7131
1237	-0.002806589473038912	0.002806589473038912	-	7132
8874	-0.002805102150887251	0.002805102150887251	-	7133
745	-0.0028050539549440145	0.0028050539549440145	-	7134
5154	-0.00280501926317811	0.00280501926317811	-	7135
1976	-0.002804814837872982	0.002804814837872982	-	7136
684	-0.002799504902213812	0.002799504902213812	-	7137
850	0.00279884971678257	0.00279884971678257	+	7138
1090	-0.0027952136006206274	0.0027952136006206274	-	7139
10196	-0.0027939160354435444	0.0027939160354435444	-	7140
6914	0.002788645215332508	0.002788645215332508	+	7141
9848	-0.0027881572023034096	0.0027881572023034096	-	7142
5599	-0.0027875839732587337	0.0027875839732587337	-	7143
4821	-0.0027854079380631447	0.0027854079380631447	-	7144
5119	-0.0027843406423926353	0.0027843406423926353	-	7145
1291	-0.0027839269023388624	0.0027839269023388624	-	7146
2312	-0.0027839099057018757	0.0027839099057018757	-	7147
3222	-0.00278385984711349	0.00278385984711349	-	7148
7181	-0.002781474497169256	0.002781474497169256	-	7149
8347	-0.002780463546514511	0.002780463546514511	-	7150
3044	-0.0027789417654275894	0.0027789417654275894	-	7151
8835	-0.002777288667857647	0.002777288667857647	-	7152
6451	0.002777267247438431	0.002777267247438431	+	7153
4239	-0.002775335218757391	0.002775335218757391	-	7154
821	-0.002775202039629221	0.002775202039629221	-	7155
8215	-0.0027726320549845695	0.0027726320549845695	-	7156
1225	-0.002772257663309574	0.002772257663309574	-	7157
2937	-0.0027715936303138733	0.0027715936303138733	-	7158
1952	-0.0027708965353667736	0.0027708965353667736	-	7159
7127	-0.002770600840449333	0.002770600840449333	-	7160
7952	0.002764218021184206	0.002764218021184206	+	7161
3264	-0.0027640042826533318	0.0027640042826533318	-	7162
8704	-0.0027625644579529762	0.0027625644579529762	-	7163
1914	0.002761009382084012	0.002761009382084012	+	7164
8213	-0.002761002629995346	0.002761002629995346	-	7165
10200	-0.0027588605880737305	0.0027588605880737305	-	7166
8186	-0.0027569993399083614	0.0027569993399083614	-	7167
764	-0.0027558603323996067	0.0027558603323996067	-	7168
6219	-0.0027557420544326305	0.0027557420544326305	-	7169
4566	-0.0027556121349334717	0.0027556121349334717	-	7170
3883	-0.002754931803792715	0.002754931803792715	-	7171
10189	0.002754238434135914	0.002754238434135914	+	7172
668	0.0027523059397935867	0.0027523059397935867	+	7173
9620	-0.002750059589743614	0.002750059589743614	-	7174
599	-0.0027495860122144222	0.0027495860122144222	-	7175
4467	-0.00274930102750659	0.00274930102750659	-	7176
315	-0.002748667262494564	0.002748667262494564	-	7177
4831	-0.002748438622802496	0.002748438622802496	-	7178
586	-0.0027464907616376877	0.0027464907616376877	-	7179
3927	0.0027448947075754404	0.0027448947075754404	+	7180
5140	-0.0027421442791819572	0.0027421442791819572	-	7181
10059	0.0027419496327638626	0.0027419496327638626	+	7182
4394	-0.002741857198998332	0.002741857198998332	-	7183
7998	-0.0027416099328547716	0.0027416099328547716	-	7184
1725	-0.0027415049262344837	0.0027415049262344837	-	7185
662	-0.00274087255820632	0.00274087255820632	-	7186
2462	-0.002740143798291683	0.002740143798291683	-	7187
5613	0.002739154500886798	0.002739154500886798	+	7188
5648	-0.002738293493166566	0.002738293493166566	-	7189
7218	-0.002735499758273363	0.002735499758273363	-	7190
9091	-0.0027325463015586138	0.0027325463015586138	-	7191
7531	0.0027320832014083862	0.0027320832014083862	+	7192
8744	-0.0027315281331539154	0.0027315281331539154	-	7193
9528	-0.0027298852801322937	0.0027298852801322937	-	7194
6181	-0.0027295206673443317	0.0027295206673443317	-	7195
8572	-0.0027279802598059177	0.0027279802598059177	-	7196
4155	-0.002727816579863429	0.002727816579863429	-	7197
6517	-0.002726104110479355	0.002726104110479355	-	7198
5755	-0.0027260633651167154	0.0027260633651167154	-	7199
3444	-0.0027221813797950745	0.0027221813797950745	-	7200
8353	-0.00272044213488698	0.00272044213488698	-	7201
8564	-0.00271973991766572	0.00271973991766572	-	7202
3349	-0.0027194321155548096	0.0027194321155548096	-	7203
3051	-0.0027192654088139534	0.0027192654088139534	-	7204
1350	-0.0027157492004334927	0.0027157492004334927	-	7205
7833	-0.0027152346447110176	0.0027152346447110176	-	7206
5263	0.0027121249586343765	0.0027121249586343765	+	7207
1752	-0.0027101703453809023	0.0027101703453809023	-	7208
1413	-0.002710002940148115	0.002710002940148115	-	7209
10094	-0.002708747982978821	0.002708747982978821	-	7210
4692	0.002708327490836382	0.002708327490836382	+	7211
5608	-0.002708297222852707	0.002708297222852707	-	7212
1712	-0.0027062704320997	0.0027062704320997	-	7213
3468	-0.002702704630792141	0.002702704630792141	-	7214
8997	-0.0027015446685254574	0.0027015446685254574	-	7215
1390	-0.002701086224988103	0.002701086224988103	-	7216
6777	-0.002701015677303076	0.002701015677303076	-	7217
4440	0.0027002368588000536	0.0027002368588000536	+	7218
9064	-0.0026996429078280926	0.0026996429078280926	-	7219
5036	0.0026994645595550537	0.0026994645595550537	+	7220
252	0.00269884429872036	0.00269884429872036	+	7221
8742	-0.002696868497878313	0.002696868497878313	-	7222
7207	0.0026959264650940895	0.0026959264650940895	+	7223
298	0.00269338209182024	0.00269338209182024	+	7224
9137	-0.00269243773072958	0.00269243773072958	-	7225
5736	0.00269215926527977	0.00269215926527977	+	7226
579	-0.0026906984858214855	0.0026906984858214855	-	7227
8726	-0.002689832355827093	0.002689832355827093	-	7228
9185	-0.0026885587722063065	0.0026885587722063065	-	7229
4265	-0.002687232568860054	0.002687232568860054	-	7230
2778	-0.0026848402339965105	0.0026848402339965105	-	7231
8098	-0.0026828604750335217	0.0026828604750335217	-	7232
3341	-0.002681638114154339	0.002681638114154339	-	7233
7122	-0.0026812285650521517	0.0026812285650521517	-	7234
7869	-0.0026811030693352222	0.0026811030693352222	-	7235
8167	-0.00267679151147604	0.00267679151147604	-	7236
1810	-0.0026762206107378006	0.0026762206107378006	-	7237
7352	-0.002676212228834629	0.002676212228834629	-	7238
3768	-0.0026751405093818903	0.0026751405093818903	-	7239
8558	-0.0026730303652584553	0.0026730303652584553	-	7240
6585	0.0026730140671133995	0.0026730140671133995	+	7241
7467	-0.002670466899871826	0.002670466899871826	-	7242
3274	0.0026702394243329763	0.0026702394243329763	+	7243
8429	0.002670162357389927	0.002670162357389927	+	7244
8708	-0.0026683220639824867	0.0026683220639824867	-	7245
1143	-0.002665551844984293	0.002665551844984293	-	7246
1168	-0.0026652980595827103	0.0026652980595827103	-	7247
4910	-0.002662248909473419	0.002662248909473419	-	7248
8757	-0.002660463098436594	0.002660463098436594	-	7249
9688	0.0026587392203509808	0.0026587392203509808	+	7250
348	-0.00265644583851099	0.00265644583851099	-	7251
9966	-0.002656258177012205	0.002656258177012205	-	7252
5448	-0.0026554889045655727	0.0026554889045655727	-	7253
8235	0.0026546481531113386	0.0026546481531113386	+	7254
6325	-0.002654231619089842	0.002654231619089842	-	7255
95	-0.002651812508702278	0.002651812508702278	-	7256
1199	-0.0026514343917369843	0.0026514343917369843	-	7257
2214	0.0026511605829000473	0.0026511605829000473	+	7258
3523	-0.0026507126167416573	0.0026507126167416573	-	7259
375	0.002649843692779541	0.002649843692779541	+	7260
538	-0.0026488257572054863	0.0026488257572054863	-	7261
327	0.0026477891951799393	0.0026477891951799393	+	7262
8608	-0.0026475428603589535	0.0026475428603589535	-	7263
5454	0.0026475104968994856	0.0026475104968994856	+	7264
8624	-0.002646462060511112	0.002646462060511112	-	7265
201	-0.0026448946446180344	0.0026448946446180344	-	7266
493	-0.002643398940563202	0.002643398940563202	-	7267
6495	-0.0026389509439468384	0.0026389509439468384	-	7268
7793	-0.00263874395750463	0.00263874395750463	-	7269
6726	-0.002637843368574977	0.002637843368574977	-	7270
10198	0.002637544646859169	0.002637544646859169	+	7271
883	0.0026348428800702095	0.0026348428800702095	+	7272
4706	-0.002634633332490921	0.002634633332490921	-	7273
256	-0.002633764874190092	0.002633764874190092	-	7274
8580	0.002632914576679468	0.002632914576679468	+	7275
837	-0.00263258907943964	0.00263258907943964	-	7276
3337	-0.0026321043260395527	0.0026321043260395527	-	7277
8083	0.0026317674200981855	0.0026317674200981855	+	7278
10004	-0.002630269154906273	0.002630269154906273	-	7279
1677	-0.002629311056807637	0.002629311056807637	-	7280
5498	0.0026288307271897793	0.0026288307271897793	+	7281
4737	-0.002628488000482321	0.002628488000482321	-	7282
1483	-0.002627916634082794	0.002627916634082794	-	7283
1630	-0.0026271557435393333	0.0026271557435393333	-	7284
3678	-0.002626568078994751	0.002626568078994751	-	7285
1407	-0.002623949898406863	0.002623949898406863	-	7286
1570	-0.0026239382568746805	0.0026239382568746805	-	7287
10085	0.0026230094954371452	0.0026230094954371452	+	7288
5563	0.002622082829475403	0.002622082829475403	+	7289
5927	-0.002620197832584381	0.002620197832584381	-	7290
5301	-0.002614968689158559	0.002614968689158559	-	7291
2713	-0.0026136119849979877	0.0026136119849979877	-	7292
5908	-0.002613386372104287	0.002613386372104287	-	7293
3769	-0.00261284364387393	0.00261284364387393	-	7294
5547	-0.002611769363284111	0.002611769363284111	-	7295
9696	-0.0026102575939148664	0.0026102575939148664	-	7296
5549	-0.002609643153846264	0.002609643153846264	-	7297
9577	-0.0026092808693647385	0.0026092808693647385	-	7298
5540	-0.002609066665172577	0.002609066665172577	-	7299
3007	-0.002608340000733733	0.002608340000733733	-	7300
3340	0.002607258502393961	0.002607258502393961	+	7301
2342	-0.002607018919661641	0.002607018919661641	-	7302
5689	-0.0026056133210659027	0.0026056133210659027	-	7303
24	0.0026055779308080673	0.0026055779308080673	+	7304
3810	-0.0026014531031250954	0.0026014531031250954	-	7305
5970	-0.002601279877126217	0.002601279877126217	-	7306
4764	-0.0025992002338171005	0.0025992002338171005	-	7307
7947	-0.0025991066358983517	0.0025991066358983517	-	7308
2990	-0.002597658894956112	0.002597658894956112	-	7309
1228	-0.0025967673864215612	0.0025967673864215612	-	7310
1496	-0.002594234887510538	0.002594234887510538	-	7311
5093	-0.002592470496892929	0.002592470496892929	-	7312
1018	-0.0025915149599313736	0.0025915149599313736	-	7313
10040	0.002591105177998543	0.002591105177998543	+	7314
48	-0.002589093055576086	0.002589093055576086	-	7315
8911	-0.00258870841935277	0.00258870841935277	-	7316
9711	0.0025881975889205933	0.0025881975889205933	+	7317
4846	-0.002587952883914113	0.002587952883914113	-	7318
9337	0.002587457187473774	0.002587457187473774	+	7319
4296	-0.002586868591606617	0.002586868591606617	-	7320
3162	-0.0025867647491395473	0.0025867647491395473	-	7321
6615	-0.0025857584550976753	0.0025857584550976753	-	7322
2477	-0.002581060864031315	0.002581060864031315	-	7323
428	-0.0025800045114010572	0.0025800045114010572	-	7324
4186	-0.0025791493244469166	0.0025791493244469166	-	7325
9971	-0.002577927429229021	0.002577927429229021	-	7326
2152	-0.002574459183961153	0.002574459183961153	-	7327
5250	-0.002573199337348342	0.002573199337348342	-	7328
4191	-0.0025706151500344276	0.0025706151500344276	-	7329
10141	-0.00256989523768425	0.00256989523768425	-	7330
7724	0.00256945937871933	0.00256945937871933	+	7331
9111	-0.0025664344429969788	0.0025664344429969788	-	7332
7453	-0.0025661331601440907	0.0025661331601440907	-	7333
1113	-0.0025629806332290173	0.0025629806332290173	-	7334
2866	-0.002561767352744937	0.002561767352744937	-	7335
2363	-0.0025600590743124485	0.0025600590743124485	-	7336
8375	-0.002558699809014797	0.002558699809014797	-	7337
1377	0.002557634375989437	0.002557634375989437	+	7338
7203	0.0025555305182933807	0.0025555305182933807	+	7339
4180	-0.0025552096776664257	0.0025552096776664257	-	7340
6830	-0.002555025741457939	0.002555025741457939	-	7341
2349	-0.0025544408708810806	0.0025544408708810806	-	7342
10216	-0.0025533377192914486	0.0025533377192914486	-	7343
1292	0.0025522056967020035	0.0025522056967020035	+	7344
282	-0.0025520622730255127	0.0025520622730255127	-	7345
6418	-0.00255086412653327	0.00255086412653327	-	7346
6023	-0.002549736760556698	0.002549736760556698	-	7347
6374	-0.002549601485952735	0.002549601485952735	-	7348
4287	-0.002547887619584799	0.002547887619584799	-	7349
1613	-0.0025465963408350945	0.0025465963408350945	-	7350
2916	-0.002545778639614582	0.002545778639614582	-	7351
4078	-0.0025399976875633	0.0025399976875633	-	7352
1518	-0.002539992332458496	0.002539992332458496	-	7353
1479	-0.002539535518735647	0.002539535518735647	-	7354
1323	-0.0025394007097929716	0.0025394007097929716	-	7355
2977	-0.002537297550588846	0.002537297550588846	-	7356
7400	-0.002536267973482609	0.002536267973482609	-	7357
2765	-0.0025351529475301504	0.0025351529475301504	-	7358
5129	-0.0025349706411361694	0.0025349706411361694	-	7359
2000	0.0025336998514831066	0.0025336998514831066	+	7360
2950	-0.0025332956574857235	0.0025332956574857235	-	7361
9329	-0.002532623242586851	0.002532623242586851	-	7362
9772	0.0025312048383057117	0.0025312048383057117	+	7363
10236	0.002530781552195549	0.002530781552195549	+	7364
6159	-0.0025300420820713043	0.0025300420820713043	-	7365
4162	-0.0025292118079960346	0.0025292118079960346	-	7366
10105	0.002528601326048374	0.002528601326048374	+	7367
6965	0.0025251805782318115	0.0025251805782318115	+	7368
1032	-0.0025246762670576572	0.0025246762670576572	-	7369
6336	0.0025199009105563164	0.0025199009105563164	+	7370
9222	0.002519880887120962	0.002519880887120962	+	7371
5525	-0.0025172443129122257	0.0025172443129122257	-	7372
3914	-0.0025131439324468374	0.0025131439324468374	-	7373
2907	-0.0025128195993602276	0.0025128195993602276	-	7374
9845	-0.0025127495173364878	0.0025127495173364878	-	7375
5673	-0.002512502484023571	0.002512502484023571	-	7376
7523	0.0025116982869803905	0.0025116982869803905	+	7377
8622	-0.002510563237592578	0.002510563237592578	-	7378
1882	-0.0025097737088799477	0.0025097737088799477	-	7379
8597	0.0025083571672439575	0.0025083571672439575	+	7380
1312	-0.0025078468024730682	0.0025078468024730682	-	7381
8265	-0.0025024395436048508	0.0025024395436048508	-	7382
1668	-0.0025002162437886	0.0025002162437886	-	7383
1543	0.0024971608072519302	0.0024971608072519302	+	7384
2186	-0.0024943440221250057	0.0024943440221250057	-	7385
4336	-0.002493092091754079	0.002493092091754079	-	7386
6712	-0.0024922683369368315	0.0024922683369368315	-	7387
1858	-0.0024919372517615557	0.0024919372517615557	-	7388
8892	-0.0024917209520936012	0.0024917209520936012	-	7389
2942	-0.0024913835804909468	0.0024913835804909468	-	7390
671	-0.002491365885362029	0.002491365885362029	-	7391
3285	0.002491265069693327	0.002491265069693327	+	7392
3713	-0.002489403821527958	0.002489403821527958	-	7393
8871	-0.002487082965672016	0.002487082965672016	-	7394
9677	-0.0024861283600330353	0.0024861283600330353	-	7395
2423	-0.002485915319994092	0.002485915319994092	-	7396
5707	-0.0024851267226040363	0.0024851267226040363	-	7397
6187	-0.0024836095981299877	0.0024836095981299877	-	7398
7800	-0.0024834012147039175	0.0024834012147039175	-	7399
2721	-0.002483257558196783	0.002483257558196783	-	7400
6065	-0.0024814452044665813	0.0024814452044665813	-	7401
2887	-0.002479391638189554	0.002479391638189554	-	7402
9552	-0.002474432112649083	0.002474432112649083	-	7403
8806	0.002474169246852398	0.002474169246852398	+	7404
7394	0.0024738707579672337	0.0024738707579672337	+	7405
6704	0.0024737012572586536	0.0024737012572586536	+	7406
70	-0.0024721119552850723	0.0024721119552850723	-	7407
4065	-0.0024712197482585907	0.0024712197482585907	-	7408
5630	0.002469125436618924	0.002469125436618924	+	7409
5071	-0.002468195278197527	0.002468195278197527	-	7410
8369	-0.0024679943453520536	0.0024679943453520536	-	7411
9069	-0.002464886289089918	0.002464886289089918	-	7412
413	-0.0024638869799673557	0.0024638869799673557	-	7413
2482	-0.0024629030376672745	0.0024629030376672745	-	7414
2755	-0.0024620071053504944	0.0024620071053504944	-	7415
1758	-0.002460342599079013	0.002460342599079013	-	7416
9335	-0.0024587572552263737	0.0024587572552263737	-	7417
5823	-0.002458379603922367	0.002458379603922367	-	7418
6244	0.0024570422247052193	0.0024570422247052193	+	7419
4753	-0.0024567972868680954	0.0024567972868680954	-	7420
1778	-0.0024555877316743135	0.0024555877316743135	-	7421
4803	-0.0024541341699659824	0.0024541341699659824	-	7422
4280	-0.002453539054840803	0.002453539054840803	-	7423
4250	-0.002453472465276718	0.002453472465276718	-	7424
4546	-0.002451994689181447	0.002451994689181447	-	7425
45	-0.0024497881531715393	0.0024497881531715393	-	7426
8707	-0.002447852399200201	0.002447852399200201	-	7427
9866	-0.0024455261882394552	0.0024455261882394552	-	7428
799	-0.002445437014102936	0.002445437014102936	-	7429
5229	0.0024437187239527702	0.0024437187239527702	+	7430
512	-0.0024415203370153904	0.0024415203370153904	-	7431
570	-0.0024414765648543835	0.0024414765648543835	-	7432
6220	-0.00244095828384161	0.00244095828384161	-	7433
3116	-0.0024406996089965105	0.0024406996089965105	-	7434
2459	-0.0024405128788203	0.0024405128788203	-	7435
9685	-0.0024391203187406063	0.0024391203187406063	-	7436
4119	-0.002438714262098074	0.002438714262098074	-	7437
6510	-0.0024365847930312157	0.0024365847930312157	-	7438
1704	-0.0024361908435821533	0.0024361908435821533	-	7439
7150	0.0024339985102415085	0.0024339985102415085	+	7440
5917	-0.0024317577481269836	0.0024317577481269836	-	7441
6950	-0.002426096238195896	0.002426096238195896	-	7442
6465	-0.0024259749334305525	0.0024259749334305525	-	7443
8981	-0.002423456171527505	0.002423456171527505	-	7444
4427	-0.002421178389340639	0.002421178389340639	-	7445
9637	-0.0024205141235142946	0.0024205141235142946	-	7446
9473	-0.00242028571665287	0.00242028571665287	-	7447
2562	-0.0024196384474635124	0.0024196384474635124	-	7448
10093	0.002419549971818924	0.002419549971818924	+	7449
4549	-0.0024194037541747093	0.0024194037541747093	-	7450
3921	-0.002419393276795745	0.002419393276795745	-	7451
4526	0.002418908290565014	0.002418908290565014	+	7452
2178	-0.00241605332121253	0.00241605332121253	-	7453
275	-0.0024149517994374037	0.0024149517994374037	-	7454
9595	-0.0024115608539432287	0.0024115608539432287	-	7455
374	0.0024113990366458893	0.0024113990366458893	+	7456
3572	-0.002411178546026349	0.002411178546026349	-	7457
1286	-0.002410709857940674	0.002410709857940674	-	7458
4915	-0.002410352462902665	0.002410352462902665	-	7459
1155	0.002409891225397587	0.002409891225397587	+	7460
7536	-0.002409493550658226	0.002409493550658226	-	7461
4640	-0.0024087256751954556	0.0024087256751954556	-	7462
4695	-0.0024076346307992935	0.0024076346307992935	-	7463
7755	-0.0024075363762676716	0.0024075363762676716	-	7464
4646	-0.00240725907497108	0.00240725907497108	-	7465
71	-0.0024063976015895605	0.0024063976015895605	-	7466
5060	-0.0024052527733147144	0.0024052527733147144	-	7467
2436	-0.0024038259871304035	0.0024038259871304035	-	7468
6379	0.0024034790694713593	0.0024034790694713593	+	7469
354	-0.0024033556692302227	0.0024033556692302227	-	7470
6230	-0.00240327138453722	0.00240327138453722	-	7471
4421	-0.002402166137471795	0.002402166137471795	-	7472
3417	-0.0023998531978577375	0.0023998531978577375	-	7473
6224	-0.0023997630923986435	0.0023997630923986435	-	7474
7044	-0.002399688120931387	0.002399688120931387	-	7475
7019	-0.0023985058069229126	0.0023985058069229126	-	7476
7849	-0.002398459706455469	0.002398459706455469	-	7477
7976	-0.0023947805166244507	0.0023947805166244507	-	7478
2772	0.002393558621406555	0.002393558621406555	+	7479
2116	-0.002392612397670746	0.002392612397670746	-	7480
9278	-0.0023924941197037697	0.0023924941197037697	-	7481
9301	-0.002391359768807888	0.002391359768807888	-	7482
4818	-0.0023903530091047287	0.0023903530091047287	-	7483
6185	-0.0023901937529444695	0.0023901937529444695	-	7484
8717	-0.0023893520701676607	0.0023893520701676607	-	7485
3089	0.0023878738284111023	0.0023878738284111023	+	7486
5030	-0.002387185115367174	0.002387185115367174	-	7487
1756	-0.002387166954576969	0.002387166954576969	-	7488
8581	-0.0023846125695854425	0.0023846125695854425	-	7489
5766	-0.002384488470852375	0.002384488470852375	-	7490
1582	-0.0023821075446903706	0.0023821075446903706	-	7491
1899	-0.0023786083329468966	0.0023786083329468966	-	7492
4070	-0.0023782774806022644	0.0023782774806022644	-	7493
1126	-0.0023773792199790478	0.0023773792199790478	-	7494
1790	-0.0023763917852193117	0.0023763917852193117	-	7495
5336	-0.002375365234911442	0.002375365234911442	-	7496
8414	-0.0023714033886790276	0.0023714033886790276	-	7497
2784	0.0023708324879407883	0.0023708324879407883	+	7498
6926	-0.0023674946278333664	0.0023674946278333664	-	7499
966	-0.00236657727509737	0.00236657727509737	-	7500
5091	-0.0023658592253923416	0.0023658592253923416	-	7501
1289	-0.0023655928671360016	0.0023655928671360016	-	7502
7015	0.002364563988521695	0.002364563988521695	+	7503
7718	-0.002363741397857666	0.002363741397857666	-	7504
6864	-0.0023598503321409225	0.0023598503321409225	-	7505
2844	-0.002357673831284046	0.002357673831284046	-	7506
10161	-0.002356715500354767	0.002356715500354767	-	7507
7210	0.002356504090130329	0.002356504090130329	+	7508
6664	-0.0023563727736473083	0.0023563727736473083	-	7509
4259	0.0023540924303233624	0.0023540924303233624	+	7510
5750	-0.002352825365960598	0.002352825365960598	-	7511
8139	0.0023525222204625607	0.0023525222204625607	+	7512
8684	-0.00235242978669703	0.00235242978669703	-	7513
5005	-0.002351478673517704	0.002351478673517704	-	7514
172	-0.0023493152111768723	0.0023493152111768723	-	7515
9537	-0.0023454921320080757	0.0023454921320080757	-	7516
110	-0.002344381995499134	0.002344381995499134	-	7517
1197	-0.00234425812959671	0.00234425812959671	-	7518
7565	-0.0023440755903720856	0.0023440755903720856	-	7519
144	-0.0023433563765138388	0.0023433563765138388	-	7520
8610	0.0023430660367012024	0.0023430660367012024	+	7521
5261	0.0023412841837853193	0.0023412841837853193	+	7522
5004	-0.0023402711376547813	0.0023402711376547813	-	7523
2468	-0.002338911173865199	0.002338911173865199	-	7524
3935	-0.002336171455681324	0.002336171455681324	-	7525
7876	-0.0023350082337856293	0.0023350082337856293	-	7526
2364	-0.0023325805086642504	0.0023325805086642504	-	7527
1039	0.0023297490552067757	0.0023297490552067757	+	7528
2984	-0.0023295769933611155	0.0023295769933611155	-	7529
7331	-0.00232911529019475	0.00232911529019475	-	7530
5418	-0.0023290137760341167	0.0023290137760341167	-	7531
5314	-0.002328942995518446	0.002328942995518446	-	7532
6296	-0.002327796071767807	0.002327796071767807	-	7533
269	-0.0023263711482286453	0.0023263711482286453	-	7534
4683	-0.002325762063264847	0.002325762063264847	-	7535
5594	-0.0023255450651049614	0.0023255450651049614	-	7536
6492	-0.0023252153769135475	0.0023252153769135475	-	7537
4415	0.002324354834854603	0.002324354834854603	+	7538
1089	-0.0023215441033244133	0.0023215441033244133	-	7539
3006	0.0023209075443446636	0.0023209075443446636	+	7540
8103	-0.0023200460709631443	0.0023200460709631443	-	7541
6302	-0.0023181173019111156	0.0023181173019111156	-	7542
2826	0.002316294703632593	0.002316294703632593	+	7543
1560	-0.0023158437106758356	0.0023158437106758356	-	7544
9954	-0.002315415069460869	0.002315415069460869	-	7545
4748	-0.0023142527788877487	0.0023142527788877487	-	7546
6062	0.0023140711709856987	0.0023140711709856987	+	7547
2169	0.002314033918082714	0.002314033918082714	+	7548
3979	0.0023075230419635773	0.0023075230419635773	+	7549
768	-0.0023069255985319614	0.0023069255985319614	-	7550
8671	-0.002303021727129817	0.002303021727129817	-	7551
8676	-0.0023029139265418053	0.0023029139265418053	-	7552
3625	-0.002302654320374131	0.002302654320374131	-	7553
8811	-0.0023023593239486217	0.0023023593239486217	-	7554
1624	-0.0023003644309937954	0.0023003644309937954	-	7555
3848	-0.0022998834028840065	0.0022998834028840065	-	7556
8974	-0.0022973802406340837	0.0022973802406340837	-	7557
8085	0.0022971555590629578	0.0022971555590629578	+	7558
8257	0.0022963108494877815	0.0022963108494877815	+	7559
7676	0.002295995829626918	0.002295995829626918	+	7560
8038	0.0022951257415115833	0.0022951257415115833	+	7561
1770	-0.0022942395880818367	0.0022942395880818367	-	7562
4360	-0.002291611162945628	0.002291611162945628	-	7563
9679	-0.0022881419863551855	0.0022881419863551855	-	7564
7354	-0.0022862236946821213	0.0022862236946821213	-	7565
612	-0.0022824082989245653	0.0022824082989245653	-	7566
7345	-0.0022822872269898653	0.0022822872269898653	-	7567
356	-0.0022815836127847433	0.0022815836127847433	-	7568
5143	0.002280235756188631	0.002280235756188631	+	7569
5945	-0.002278295811265707	0.002278295811265707	-	7570
5338	-0.0022774143144488335	0.0022774143144488335	-	7571
6425	-0.0022766622714698315	0.0022766622714698315	-	7572
9460	-0.0022759856656193733	0.0022759856656193733	-	7573
7897	0.0022724932059645653	0.0022724932059645653	+	7574
5276	-0.0022715863306075335	0.0022715863306075335	-	7575
1416	-0.0022714422084391117	0.0022714422084391117	-	7576
8539	-0.0022695139050483704	0.0022695139050483704	-	7577
3049	-0.0022686305455863476	0.0022686305455863476	-	7578
3292	-0.0022683367133140564	0.0022683367133140564	-	7579
10043	-0.00226605380885303	0.00226605380885303	-	7580
6820	0.0022658342495560646	0.0022658342495560646	+	7581
5225	-0.002264600247144699	0.002264600247144699	-	7582
6106	-0.0022638728842139244	0.0022638728842139244	-	7583
8778	-0.00226378720253706	0.00226378720253706	-	7584
6891	-0.0022631215397268534	0.0022631215397268534	-	7585
1320	-0.0022620903328061104	0.0022620903328061104	-	7586
3392	-0.0022614039480686188	0.0022614039480686188	-	7587
2451	-0.002261348068714142	0.002261348068714142	-	7588
9496	-0.0022608668077737093	0.0022608668077737093	-	7589
1180	-0.0022607441060245037	0.0022607441060245037	-	7590
2032	-0.002260388806462288	0.002260388806462288	-	7591
8897	0.00225948728621006	0.00225948728621006	+	7592
4540	0.0022568712010979652	0.0022568712010979652	+	7593
3956	-0.002256728708744049	0.002256728708744049	-	7594
2683	-0.0022555729374289513	0.0022555729374289513	-	7595
4299	0.002254096558317542	0.002254096558317542	+	7596
10032	-0.0022527563851326704	0.0022527563851326704	-	7597
1557	-0.002251549856737256	0.002251549856737256	-	7598
6788	-0.002250775694847107	0.002250775694847107	-	7599
4057	-0.002250729128718376	0.002250729128718376	-	7600
5774	0.0022475486621260643	0.0022475486621260643	+	7601
6254	0.0022471435368061066	0.0022471435368061066	+	7602
6895	-0.002246697898954153	0.002246697898954153	-	7603
9765	0.0022466788068413734	0.0022466788068413734	+	7604
120	-0.0022450583055615425	0.0022450583055615425	-	7605
1907	-0.0022433833219110966	0.0022433833219110966	-	7606
7269	-0.0022432059049606323	0.0022432059049606323	-	7607
6339	-0.002239905297756195	0.002239905297756195	-	7608
5096	-0.0022373413667082787	0.0022373413667082787	-	7609
2151	-0.0022370191290974617	0.0022370191290974617	-	7610
1930	-0.0022368133068084717	0.0022368133068084717	-	7611
3898	0.0022350121289491653	0.0022350121289491653	+	7612
9023	-0.0022346368059515953	0.0022346368059515953	-	7613
5725	-0.002232935279607773	0.002232935279607773	-	7614
2410	-0.002232716418802738	0.002232716418802738	-	7615
7438	-0.0022322218865156174	0.0022322218865156174	-	7616
10228	-0.0022312328219413757	0.0022312328219413757	-	7617
2500	-0.002230263315141201	0.002230263315141201	-	7618
8585	0.0022301122080534697	0.0022301122080534697	+	7619
9646	-0.0022292276844382286	0.0022292276844382286	-	7620
3128	-0.002228920813649893	0.002228920813649893	-	7621
9382	-0.002224871888756752	0.002224871888756752	-	7622
2127	0.0022243745625019073	0.0022243745625019073	+	7623
2198	-0.002223455812782049	0.002223455812782049	-	7624
3513	-0.002222847193479538	0.002222847193479538	-	7625
4268	-0.0022226963192224503	0.0022226963192224503	-	7626
3123	0.0022221552208065987	0.0022221552208065987	+	7627
4511	-0.0022212304174900055	0.0022212304174900055	-	7628
9087	-0.002220215741544962	0.002220215741544962	-	7629
9307	-0.0022197633516043425	0.0022197633516043425	-	7630
1538	0.002219511428847909	0.002219511428847909	+	7631
1785	-0.0022193416953086853	0.0022193416953086853	-	7632
7091	-0.0022182008251547813	0.0022182008251547813	-	7633
2825	0.002217672299593687	0.002217672299593687	+	7634
10225	-0.002217452507466078	0.002217452507466078	-	7635
3638	-0.0022159218788146973	0.0022159218788146973	-	7636
3429	0.002215406158939004	0.002215406158939004	+	7637
6436	0.002214936539530754	0.002214936539530754	+	7638
1749	-0.0022134529426693916	0.0022134529426693916	-	7639
4475	-0.0022126203402876854	0.0022126203402876854	-	7640
8867	-0.002210622653365135	0.002210622653365135	-	7641
4560	-0.002210346283391118	0.002210346283391118	-	7642
7439	-0.0022100063506513834	0.0022100063506513834	-	7643
8908	-0.0022092049475759268	0.0022092049475759268	-	7644
1607	-0.0022074130829423666	0.0022074130829423666	-	7645
380	-0.0022073588334023952	0.0022073588334023952	-	7646
7001	-0.00220460444688797	0.00220460444688797	-	7647
10147	-0.0022038109600543976	0.0022038109600543976	-	7648
817	-0.0022031418047845364	0.0022031418047845364	-	7649
1078	-0.002202806528657675	0.002202806528657675	-	7650
3948	-0.002199986018240452	0.002199986018240452	-	7651
9841	0.0021998435258865356	0.0021998435258865356	+	7652
3942	-0.0021991627290844917	0.0021991627290844917	-	7653
1983	-0.0021991198882460594	0.0021991198882460594	-	7654
1505	-0.00219583953730762	0.00219583953730762	-	7655
5287	-0.0021940513979643583	0.0021940513979643583	-	7656
6620	0.0021932325325906277	0.0021932325325906277	+	7657
429	-0.002192816697061062	0.002192816697061062	-	7658
7116	-0.0021906564943492413	0.0021906564943492413	-	7659
3703	-0.002188881393522024	0.002188881393522024	-	7660
954	0.0021862643770873547	0.0021862643770873547	+	7661
3344	-0.0021853111684322357	0.0021853111684322357	-	7662
1805	0.002184748649597168	0.002184748649597168	+	7663
1769	-0.0021827949676662683	0.0021827949676662683	-	7664
3908	-0.0021823099814355373	0.0021823099814355373	-	7665
4147	0.002178104594349861	0.002178104594349861	+	7666
6859	-0.0021773045882582664	0.0021773045882582664	-	7667
3448	0.002176268259063363	0.002176268259063363	+	7668
1620	-0.00217617629095912	0.00217617629095912	-	7669
2668	-0.002176093403249979	0.002176093403249979	-	7670
1548	-0.002174285240471363	0.002174285240471363	-	7671
4929	-0.0021718188654631376	0.0021718188654631376	-	7672
2190	-0.002171614672988653	0.002171614672988653	-	7673
706	0.002170226536691189	0.002170226536691189	+	7674
40	-0.0021694048773497343	0.0021694048773497343	-	7675
9475	-0.0021688605193048716	0.0021688605193048716	-	7676
7980	-0.002168834675103426	0.002168834675103426	-	7677
4183	-0.002167867496609688	0.002167867496609688	-	7678
1776	-0.0021631871350109577	0.0021631871350109577	-	7679
2746	-0.002162819728255272	0.002162819728255272	-	7680
9060	-0.0021620914340019226	0.0021620914340019226	-	7681
6311	-0.0021597351878881454	0.0021597351878881454	-	7682
8234	-0.00215886440128088	0.00215886440128088	-	7683
2277	-0.002157811541110277	0.002157811541110277	-	7684
7327	-0.0021556681022047997	0.0021556681022047997	-	7685
3790	-0.002155046910047531	0.002155046910047531	-	7686
5015	-0.0021540457382798195	0.0021540457382798195	-	7687
2835	-0.002153795910999179	0.002153795910999179	-	7688
4139	-0.0021533591207116842	0.0021533591207116842	-	7689
1130	-0.0021531314123421907	0.0021531314123421907	-	7690
9913	-0.002151655964553356	0.002151655964553356	-	7691
64	-0.0021509332582354546	0.0021509332582354546	-	7692
9865	-0.002148826140910387	0.002148826140910387	-	7693
3530	0.0021482310257852077	0.0021482310257852077	+	7694
4797	-0.002146572805941105	0.002146572805941105	-	7695
6443	-0.002145908772945404	0.002145908772945404	-	7696
935	-0.0021456556860357523	0.0021456556860357523	-	7697
7000	-0.002143832389265299	0.002143832389265299	-	7698
8834	-0.0021433322690427303	0.0021433322690427303	-	7699
6172	0.0021417199168354273	0.0021417199168354273	+	7700
2849	-0.0021397783420979977	0.0021397783420979977	-	7701
3376	-0.002137766219675541	0.002137766219675541	-	7702
7963	-0.0021368111483752728	0.0021368111483752728	-	7703
2200	-0.002136716851964593	0.002136716851964593	-	7704
6207	-0.0021362188272178173	0.0021362188272178173	-	7705
2836	0.0021356679499149323	0.0021356679499149323	+	7706
5831	-0.002134317299351096	0.002134317299351096	-	7707
1955	-0.0021342486143112183	0.0021342486143112183	-	7708
4631	-0.002132789231836796	0.002132789231836796	-	7709
1450	-0.0021321545355021954	0.0021321545355021954	-	7710
4909	-0.0021319864317774773	0.0021319864317774773	-	7711
4340	0.002130828332155943	0.002130828332155943	+	7712
9272	-0.0021273833699524403	0.0021273833699524403	-	7713
5550	0.002126600593328476	0.002126600593328476	+	7714
601	-0.0021247658878564835	0.0021247658878564835	-	7715
5075	-0.002124253660440445	0.002124253660440445	-	7716
7448	-0.002123350277543068	0.002123350277543068	-	7717
2415	-0.0021222559735178947	0.0021222559735178947	-	7718
5000	-0.0021217316389083862	0.0021217316389083862	-	7719
9373	-0.0021205006632953882	0.0021205006632953882	-	7720
5017	-0.0021187986712902784	0.0021187986712902784	-	7721
238	-0.002118644304573536	0.002118644304573536	-	7722
501	-0.002118585165590048	0.002118585165590048	-	7723
6108	-0.0021174494177103043	0.0021174494177103043	-	7724
262	0.0021166703663766384	0.0021166703663766384	+	7725
5939	-0.0021166587248444557	0.0021166587248444557	-	7726
602	-0.002116624964401126	0.002116624964401126	-	7727
10019	-0.0021159977186471224	0.0021159977186471224	-	7728
4998	-0.0021141106262803078	0.0021141106262803078	-	7729
5157	-0.002109688241034746	0.002109688241034746	-	7730
5593	-0.0021088109351694584	0.0021088109351694584	-	7731
2694	-0.002108427695930004	0.002108427695930004	-	7732
449	-0.0021083434112370014	0.0021083434112370014	-	7733
10031	-0.0021033824887126684	0.0021033824887126684	-	7734
5375	-0.002102547325193882	0.002102547325193882	-	7735
541	0.002102290280163288	0.002102290280163288	+	7736
9096	-0.0021015878301113844	0.0021015878301113844	-	7737
4407	-0.0021005356684327126	0.0021005356684327126	-	7738
1640	0.002100118435919285	0.002100118435919285	+	7739
9311	-0.0020993645302951336	0.0020993645302951336	-	7740
4255	-0.0020991163328289986	0.0020991163328289986	-	7741
3684	-0.002098008757457137	0.002098008757457137	-	7742
932	-0.002095657866448164	0.002095657866448164	-	7743
10184	-0.0020938466768711805	0.0020938466768711805	-	7744
3582	-0.002092755865305662	0.002092755865305662	-	7745
2332	-0.00209252443164587	0.00209252443164587	-	7746
4084	0.0020920932292938232	0.0020920932292938232	+	7747
957	-0.0020908417645841837	0.0020908417645841837	-	7748
8836	-0.0020906138233840466	0.0020906138233840466	-	7749
2727	-0.0020903628319501877	0.0020903628319501877	-	7750
9007	-0.002088753739371896	0.002088753739371896	-	7751
236	-0.00208855327218771	0.00208855327218771	-	7752
3788	-0.002088014967739582	0.002088014967739582	-	7753
8309	-0.002083107829093933	0.002083107829093933	-	7754
3001	-0.0020827744156122208	0.0020827744156122208	-	7755
3073	-0.0020825848914682865	0.0020825848914682865	-	7756
8387	0.0020825807005167007	0.0020825807005167007	+	7757
1608	0.0020813848823308945	0.0020813848823308945	+	7758
5169	0.0020813113078475	0.0020813113078475	+	7759
4446	-0.002080921083688736	0.002080921083688736	-	7760
6745	-0.0020802579820156097	0.0020802579820156097	-	7761
8442	-0.0020785511005669832	0.0020785511005669832	-	7762
7118	-0.0020780805498361588	0.0020780805498361588	-	7763
2390	-0.0020752744749188423	0.0020752744749188423	-	7764
4035	-0.0020751911215484142	0.0020751911215484142	-	7765
5022	0.0020731687545776367	0.0020731687545776367	+	7766
1546	0.002069505862891674	0.002069505862891674	+	7767
4424	-0.002068945672363043	0.002068945672363043	-	7768
6535	-0.0020685456693172455	0.0020685456693172455	-	7769
5668	-0.0020656033884733915	0.0020656033884733915	-	7770
1975	0.0020647437777370214	0.0020647437777370214	+	7771
5317	-0.002063186839222908	0.002063186839222908	-	7772
7159	0.002061823382973671	0.002061823382973671	+	7773
6006	-0.0020585404708981514	0.0020585404708981514	-	7774
6992	0.0020584315061569214	0.0020584315061569214	+	7775
2908	0.0020564692094922066	0.0020564692094922066	+	7776
1426	-0.00205375743098557	0.00205375743098557	-	7777
4972	-0.002050610724836588	0.002050610724836588	-	7778
1072	-0.00205051782540977	0.00205051782540977	-	7779
14	0.002047259360551834	0.002047259360551834	+	7780
1381	-0.0020465815905481577	0.0020465815905481577	-	7781
956	-0.0020436239428818226	0.0020436239428818226	-	7782
8751	-0.0020425994880497456	0.0020425994880497456	-	7783
85	-0.0020421850495040417	0.0020421850495040417	-	7784
6288	0.0020412204321473837	0.0020412204321473837	+	7785
4710	0.0020410644356161356	0.0020410644356161356	+	7786
4893	-0.0020407182164490223	0.0020407182164490223	-	7787
451	0.0020401012152433395	0.0020401012152433395	+	7788
4793	0.00203848909586668	0.00203848909586668	+	7789
858	-0.0020366115495562553	0.0020366115495562553	-	7790
795	0.0020354175940155983	0.0020354175940155983	+	7791
10111	0.00203491747379303	0.00203491747379303	+	7792
273	-0.0020346534438431263	0.0020346534438431263	-	7793
27	-0.0020341831259429455	0.0020341831259429455	-	7794
7510	-0.002034141682088375	0.002034141682088375	-	7795
5099	0.002033911645412445	0.002033911645412445	+	7796
8395	-0.002032146556302905	0.002032146556302905	-	7797
4290	-0.0020276177674531937	0.0020276177674531937	-	7798
2115	-0.0020270731765776873	0.0020270731765776873	-	7799
2895	0.0020262273028492928	0.0020262273028492928	+	7800
7390	0.002026197500526905	0.002026197500526905	+	7801
10106	0.0020237420685589314	0.0020237420685589314	+	7802
6746	-0.0020224619656801224	0.0020224619656801224	-	7803
6324	-0.0020204815082252026	0.0020204815082252026	-	7804
1992	-0.002018907805904746	0.002018907805904746	-	7805
1972	-0.002017261926084757	0.002017261926084757	-	7806
1788	-0.0020167420152574778	0.0020167420152574778	-	7807
2271	-0.00201617949642241	0.00201617949642241	-	7808
278	-0.0020154789090156555	0.0020154789090156555	-	7809
6095	0.002014585305005312	0.002014585305005312	+	7810
10083	0.0020135119557380676	0.0020135119557380676	+	7811
3430	-0.00201344839297235	0.00201344839297235	-	7812
2276	-0.0020129717886447906	0.0020129717886447906	-	7813
4606	0.002012485172599554	0.002012485172599554	+	7814
9018	-0.0020102718845009804	0.0020102718845009804	-	7815
7128	-0.0020100607071071863	0.0020100607071071863	-	7816
2679	-0.0020094341598451138	0.0020094341598451138	-	7817
5804	-0.0020091806072741747	0.0020091806072741747	-	7818
2267	-0.0020087179727852345	0.0020087179727852345	-	7819
7790	-0.0020060380920767784	0.0020060380920767784	-	7820
2554	0.0020038490183651447	0.0020038490183651447	+	7821
8337	0.002003389410674572	0.002003389410674572	+	7822
7921	0.0020033454056829214	0.0020033454056829214	+	7823
1261	-0.002003111643716693	0.002003111643716693	-	7824
4931	-0.0020016543567180634	0.0020016543567180634	-	7825
7609	0.002001289976760745	0.002001289976760745	+	7826
1831	-0.002001058543100953	0.002001058543100953	-	7827
3111	0.0019999779760837555	0.0019999779760837555	+	7828
2703	-0.0019983300007879734	0.0019983300007879734	-	7829
1489	-0.001997613813728094	0.001997613813728094	-	7830
10208	-0.001994624501094222	0.001994624501094222	-	7831
6594	-0.0019942563958466053	0.0019942563958466053	-	7832
7945	-0.0019939658232033253	0.0019939658232033253	-	7833
4552	-0.001992105972021818	0.001992105972021818	-	7834
9594	0.0019904691725969315	0.0019904691725969315	+	7835
2958	-0.001990306656807661	0.001990306656807661	-	7836
10079	-0.0019900533370673656	0.0019900533370673656	-	7837
9746	-0.001988508738577366	0.001988508738577366	-	7838
8118	-0.001988456817343831	0.001988456817343831	-	7839
1454	-0.001987930154427886	0.001987930154427886	-	7840
2180	-0.0019872679840773344	0.0019872679840773344	-	7841
200	-0.001982809277251363	0.001982809277251363	-	7842
1276	-0.0019824178889393806	0.0019824178889393806	-	7843
4142	-0.0019815941341221333	0.0019815941341221333	-	7844
6068	-0.0019804169423878193	0.0019804169423878193	-	7845
3397	-0.0019803831819444895	0.0019803831819444895	-	7846
5928	0.0019803056493401527	0.0019803056493401527	+	7847
3179	-0.0019796977285295725	0.0019796977285295725	-	7848
3994	-0.0019780555739998817	0.0019780555739998817	-	7849
7408	-0.0019762488082051277	0.0019762488082051277	-	7850
6390	-0.00197615590877831	0.00197615590877831	-	7851
189	-0.0019761137664318085	0.0019761137664318085	-	7852
6945	-0.0019745859317481518	0.0019745859317481518	-	7853
9010	-0.0019732131622731686	0.0019732131622731686	-	7854
552	0.001973123289644718	0.001973123289644718	+	7855
3467	-0.0019727307371795177	0.0019727307371795177	-	7856
1641	0.0019721388816833496	0.0019721388816833496	+	7857
630	-0.001971619436517358	0.001971619436517358	-	7858
1075	-0.001971273683011532	0.001971273683011532	-	7859
5899	0.0019690473563969135	0.0019690473563969135	+	7860
9179	0.0019677896052598953	0.0019677896052598953	+	7861
4120	-0.00196722149848938	0.00196722149848938	-	7862
9843	-0.0019665127620100975	0.0019665127620100975	-	7863
7093	-0.0019659711979329586	0.0019659711979329586	-	7864
7850	0.001965820789337158	0.001965820789337158	+	7865
9887	0.001965771894901991	0.001965771894901991	+	7866
9058	0.0019650738686323166	0.0019650738686323166	+	7867
10053	-0.001964602153748274	0.001964602153748274	-	7868
6551	-0.0019644584972411394	0.0019644584972411394	-	7869
5058	-0.0019642377737909555	0.0019642377737909555	-	7870
643	-0.001963045448064804	0.001963045448064804	-	7871
3748	-0.00196185358799994	0.00196185358799994	-	7872
1070	-0.0019613432232290506	0.0019613432232290506	-	7873
6123	-0.0019609779119491577	0.0019609779119491577	-	7874
7924	-0.001960592810064554	0.001960592810064554	-	7875
1700	-0.001957964152097702	0.001957964152097702	-	7876
7226	0.001956184394657612	0.001956184394657612	+	7877
7479	-0.001955829095095396	0.001955829095095396	-	7878
9596	-0.0019479787442833185	0.0019479787442833185	-	7879
556	-0.0019475424196571112	0.0019475424196571112	-	7880
4825	0.0019464141223579645	0.0019464141223579645	+	7881
5698	-0.0019464083015918732	0.0019464083015918732	-	7882
4957	-0.0019454441498965025	0.0019454441498965025	-	7883
9238	-0.0019428522791713476	0.0019428522791713476	-	7884
9659	0.0019407598301768303	0.0019407598301768303	+	7885
7223	0.001940559595823288	0.001940559595823288	+	7886
7322	0.001937156543135643	0.001937156543135643	+	7887
7534	-0.0019362965831533074	0.0019362965831533074	-	7888
3046	0.0019351108931005	0.0019351108931005	+	7889
9407	0.0019338964484632015	0.0019338964484632015	+	7890
8855	-0.0019331315997987986	0.0019331315997987986	-	7891
3705	-0.0019325576722621918	0.0019325576722621918	-	7892
10075	-0.001929644262418151	0.001929644262418151	-	7893
5391	0.0019288677722215652	0.0019288677722215652	+	7894
3372	-0.0019287329632788897	0.0019287329632788897	-	7895
2016	0.0019261827692389488	0.0019261827692389488	+	7896
10179	-0.0019248845055699348	0.0019248845055699348	-	7897
5886	0.001924358308315277	0.001924358308315277	+	7898
5213	-0.0019235822837799788	0.0019235822837799788	-	7899
6524	-0.001923497999086976	0.001923497999086976	-	7900
2295	-0.0019234756473451853	0.0019234756473451853	-	7901
2706	-0.0019222261616960168	0.0019222261616960168	-	7902
6421	-0.0019187326543033123	0.0019187326543033123	-	7903
9226	-0.0019176974892616272	0.0019176974892616272	-	7904
6543	-0.001917560352012515	0.001917560352012515	-	7905
8368	-0.001916765235364437	0.001916765235364437	-	7906
4699	0.0019167251884937286	0.0019167251884937286	+	7907
6969	0.001915730070322752	0.001915730070322752	+	7908
465	0.0019153598695993423	0.0019153598695993423	+	7909
4572	0.0019133376190438867	0.0019133376190438867	+	7910
7292	-0.0019131498411297798	0.0019131498411297798	-	7911
10235	-0.0019128865096718073	0.0019128865096718073	-	7912
666	-0.0019127961713820696	0.0019127961713820696	-	7913
383	-0.0019124593818560243	0.0019124593818560243	-	7914
3191	-0.001911681960336864	0.001911681960336864	-	7915
2754	-0.0019109146669507027	0.0019109146669507027	-	7916
2051	-0.001906873658299446	0.001906873658299446	-	7917
3577	-0.001906528603285551	0.001906528603285551	-	7918
6394	-0.0019030834082514048	0.0019030834082514048	-	7919
2495	0.0019024647772312164	0.0019024647772312164	+	7920
3236	0.0019022914348170161	0.0019022914348170161	+	7921
10081	-0.00190046988427639	0.00190046988427639	-	7922
1817	-0.0019000956090167165	0.0019000956090167165	-	7923
1581	-0.0019000800093635917	0.0019000800093635917	-	7924
96	-0.0018996887374669313	0.0018996887374669313	-	7925
4320	-0.0018994114361703396	0.0018994114361703396	-	7926
4585	-0.0018991748802363873	0.0018991748802363873	-	7927
2649	-0.0018990400712937117	0.0018990400712937117	-	7928
722	0.0018988284282386303	0.0018988284282386303	+	7929
4817	-0.0018981843022629619	0.0018981843022629619	-	7930
8941	-0.0018976946594193578	0.0018976946594193578	-	7931
6369	0.0018963292241096497	0.0018963292241096497	+	7932
8350	-0.0018952027894556522	0.0018952027894556522	-	7933
4246	0.0018917596898972988	0.0018917596898972988	+	7934
466	-0.0018914233660325408	0.0018914233660325408	-	7935
3714	-0.0018912359373643994	0.0018912359373643994	-	7936
640	-0.00189108494669199	0.00189108494669199	-	7937
6541	-0.00189057900570333	0.00189057900570333	-	7938
3402	-0.0018890060018748045	0.0018890060018748045	-	7939
7887	-0.0018877817783504725	0.0018877817783504725	-	7940
6787	0.0018858280964195728	0.0018858280964195728	+	7941
4369	-0.0018831782508641481	0.0018831782508641481	-	7942
2315	-0.0018808008171617985	0.0018808008171617985	-	7943
3587	-0.0018799930112436414	0.0018799930112436414	-	7944
8374	0.0018787067383527756	0.0018787067383527756	+	7945
5172	-0.0018771414179354906	0.0018771414179354906	-	7946
5529	-0.0018769901944324374	0.0018769901944324374	-	7947
7960	-0.0018753018230199814	0.0018753018230199814	-	7948
4092	-0.0018723728135228157	0.0018723728135228157	-	7949
2818	-0.0018707630224525928	0.0018707630224525928	-	7950
7	-0.001870227511972189	0.001870227511972189	-	7951
3555	-0.0018698724452406168	0.0018698724452406168	-	7952
4417	0.0018694228492677212	0.0018694228492677212	+	7953
8266	-0.001868892228230834	0.001868892228230834	-	7954
9400	0.0018686591647565365	0.0018686591647565365	+	7955
9607	-0.0018647792749106884	0.0018647792749106884	-	7956
2578	0.0018644311930984259	0.0018644311930984259	+	7957
10181	-0.0018622113857418299	0.0018622113857418299	-	7958
5695	-0.0018592020496726036	0.0018592020496726036	-	7959
6607	-0.0018591510597616434	0.0018591510597616434	-	7960
4444	-0.0018581910990178585	0.0018581910990178585	-	7961
8866	-0.001856967806816101	0.001856967806816101	-	7962
6921	-0.0018561070319265127	0.0018561070319265127	-	7963
9493	-0.0018552620895206928	0.0018552620895206928	-	7964
8977	0.0018548588268458843	0.0018548588268458843	+	7965
8612	-0.0018529142253100872	0.0018529142253100872	-	7966
3631	-0.0018528142245486379	0.0018528142245486379	-	7967
7228	0.0018520676530897617	0.0018520676530897617	+	7968
900	-0.0018512154929339886	0.0018512154929339886	-	7969
6389	-0.0018507628701627254	0.0018507628701627254	-	7970
5827	-0.0018492285162210464	0.0018492285162210464	-	7971
6231	0.001847753650508821	0.001847753650508821	+	7972
6771	0.0018476838013157248	0.0018476838013157248	+	7973
5586	0.0018469532951712608	0.0018469532951712608	+	7974
2929	-0.001846127212047577	0.001846127212047577	-	7975
5461	-0.001845741644501686	0.001845741644501686	-	7976
4220	-0.001845415448769927	0.001845415448769927	-	7977
9386	-0.00184407620690763	0.00184407620690763	-	7978
3109	-0.0018439566483721137	0.0018439566483721137	-	7979
182	0.0018439198611304164	0.0018439198611304164	+	7980
8936	-0.0018437281250953674	0.0018437281250953674	-	7981
10226	-0.0018407219322398305	0.0018407219322398305	-	7982
7791	-0.0018404118018224835	0.0018404118018224835	-	7983
10154	-0.0018399037653580308	0.0018399037653580308	-	7984
3840	-0.0018375478684902191	0.0018375478684902191	-	7985
4040	-0.001836167648434639	0.001836167648434639	-	7986
9650	-0.001835723640397191	0.001835723640397191	-	7987
10173	-0.0018322118557989597	0.0018322118557989597	-	7988
8500	-0.0018321749521419406	0.0018321749521419406	-	7989
3571	-0.0018311331514269114	0.0018311331514269114	-	7990
681	-0.0018300339579582214	0.0018300339579582214	-	7991
6048	-0.0018274381291121244	0.0018274381291121244	-	7992
7972	-0.0018273722380399704	0.0018273722380399704	-	7993
952	-0.0018238462507724762	0.0018238462507724762	-	7994
7383	0.0018213335424661636	0.0018213335424661636	+	7995
727	-0.0018210045527666807	0.0018210045527666807	-	7996
62	-0.0018209060654044151	0.0018209060654044151	-	7997
728	-0.0018203554209321737	0.0018203554209321737	-	7998
2108	0.0018194743897765875	0.0018194743897765875	+	7999
6808	-0.0018185912631452084	0.0018185912631452084	-	8000
6395	-0.0018185775261372328	0.0018185775261372328	-	8001
166	0.0018180410843342543	0.0018180410843342543	+	8002
9992	-0.001817796379327774	0.001817796379327774	-	8003
7710	-0.001817205105908215	0.001817205105908215	-	8004
2800	-0.0018171325791627169	0.0018171325791627169	-	8005
2804	-0.00181653443723917	0.00181653443723917	-	8006
3496	-0.0018162860069423914	0.0018162860069423914	-	8007
5720	0.001815497875213623	0.001815497875213623	+	8008
8988	-0.0018137742299586535	0.0018137742299586535	-	8009
9757	0.0018134955316781998	0.0018134955316781998	+	8010
7059	-0.0018124068155884743	0.0018124068155884743	-	8011
436	0.0018120557069778442	0.0018120557069778442	+	8012
5011	-0.0018107707146555185	0.0018107707146555185	-	8013
3596	0.0018103895708918571	0.0018103895708918571	+	8014
8303	0.0018093353137373924	0.0018093353137373924	+	8015
535	0.001809210516512394	0.001809210516512394	+	8016
8502	-0.0018074922263622284	0.0018074922263622284	-	8017
6706	-0.0018073066603392363	0.0018073066603392363	-	8018
9492	-0.0018072975799441338	0.0018072975799441338	-	8019
3801	-0.0018067588098347187	0.0018067588098347187	-	8020
6464	-0.0018056482076644897	0.0018056482076644897	-	8021
5510	-0.0018041094299405813	0.0018041094299405813	-	8022
4059	-0.0018019205890595913	0.0018019205890595913	-	8023
9462	-0.0018007811158895493	0.0018007811158895493	-	8024
1057	0.0018005315214395523	0.0018005315214395523	+	8025
3990	-0.001798376441001892	0.001798376441001892	-	8026
5953	-0.0017970805056393147	0.0017970805056393147	-	8027
1559	-0.0017944590654224157	0.0017944590654224157	-	8028
3746	-0.0017916366923600435	0.0017916366923600435	-	8029
10103	-0.0017915605567395687	0.0017915605567395687	-	8030
1448	0.0017912924522534013	0.0017912924522534013	+	8031
7711	0.0017910159658640623	0.0017910159658640623	+	8032
7369	-0.0017900113016366959	0.0017900113016366959	-	8033
9825	-0.0017888534348458052	0.0017888534348458052	-	8034
3568	-0.0017886748537421227	0.0017886748537421227	-	8035
2176	-0.0017874231562018394	0.0017874231562018394	-	8036
902	-0.00178715237416327	0.00178715237416327	-	8037
5611	-0.0017867812421172857	0.0017867812421172857	-	8038
2777	-0.0017857840284705162	0.0017857840284705162	-	8039
9314	-0.0017846031114459038	0.0017846031114459038	-	8040
2497	-0.0017841807566583157	0.0017841807566583157	-	8041
1545	-0.0017839581705629826	0.0017839581705629826	-	8042
306	0.0017839372158050537	0.0017839372158050537	+	8043
2639	0.0017832433804869652	0.0017832433804869652	+	8044
7405	0.0017810259014368057	0.0017810259014368057	+	8045
9793	-0.0017802566289901733	0.0017802566289901733	-	8046
7989	-0.0017800794448703527	0.0017800794448703527	-	8047
10072	-0.0017800596542656422	0.0017800596542656422	-	8048
7634	-0.0017795450985431671	0.0017795450985431671	-	8049
899	-0.0017792470753192902	0.0017792470753192902	-	8050
7877	0.0017782393842935562	0.0017782393842935562	+	8051
5199	-0.001776503399014473	0.001776503399014473	-	8052
1124	-0.0017763327341526747	0.0017763327341526747	-	8053
7254	-0.0017748959362506866	0.0017748959362506866	-	8054
4002	-0.0017741620540618896	0.0017741620540618896	-	8055
489	-0.0017719762399792671	0.0017719762399792671	-	8056
3519	-0.0017716926522552967	0.0017716926522552967	-	8057
6727	-0.0017703846096992493	0.0017703846096992493	-	8058
1049	-0.0017696283757686615	0.0017696283757686615	-	8059
1786	-0.0017678665462881327	0.0017678665462881327	-	8060
7618	-0.0017638187855482101	0.0017638187855482101	-	8061
6035	-0.0017635133117437363	0.0017635133117437363	-	8062
6403	-0.0017634120304137468	0.0017634120304137468	-	8063
9042	-0.0017633294919505715	0.0017633294919505715	-	8064
3493	-0.0017625628970563412	0.0017625628970563412	-	8065
1349	-0.00176219642162323	0.00176219642162323	-	8066
4822	0.0017621549777686596	0.0017621549777686596	+	8067
7595	0.0017612474039196968	0.0017612474039196968	+	8068
5741	-0.0017606206238269806	0.0017606206238269806	-	8069
5446	0.0017592310905456543	0.0017592310905456543	+	8070
7543	-0.0017567171016708016	0.0017567171016708016	-	8071
2396	-0.0017566177994012833	0.0017566177994012833	-	8072
2476	-0.0017551393248140812	0.0017551393248140812	-	8073
5574	-0.0017549139447510242	0.0017549139447510242	-	8074
7103	-0.0017531327903270721	0.0017531327903270721	-	8075
2406	0.0017511001788079739	0.0017511001788079739	+	8076
720	-0.0017502919072285295	0.0017502919072285295	-	8077
1537	-0.0017501148395240307	0.0017501148395240307	-	8078
3246	-0.0017499859677627683	0.0017499859677627683	-	8079
5417	-0.001749780960381031	0.001749780960381031	-	8080
5612	-0.0017494071507826447	0.0017494071507826447	-	8081
159	-0.0017455772031098604	0.0017455772031098604	-	8082
5189	-0.0017443988472223282	0.0017443988472223282	-	8083
1206	-0.0017443201504647732	0.0017443201504647732	-	8084
7951	-0.0017426972044631839	0.0017426972044631839	-	8085
9038	-0.0017422046512365341	0.0017422046512365341	-	8086
10113	0.0017414565663784742	0.0017414565663784742	+	8087
5701	0.001740829087793827	0.001740829087793827	+	8088
2049	-0.0017405599355697632	0.0017405599355697632	-	8089
7533	0.0017394975293427706	0.0017394975293427706	+	8090
8476	-0.0017392821609973907	0.0017392821609973907	-	8091
922	-0.0017381097422912717	0.0017381097422912717	-	8092
4553	-0.0017371047288179398	0.0017371047288179398	-	8093
4206	-0.0017363913357257843	0.0017363913357257843	-	8094
689	0.0017355484887957573	0.0017355484887957573	+	8095
7398	0.0017336327582597733	0.0017336327582597733	+	8096
1193	-0.0017323228530585766	0.0017323228530585766	-	8097
253	-0.0017318995669484138	0.0017318995669484138	-	8098
8472	-0.001730961725115776	0.001730961725115776	-	8099
5713	-0.0017307132948189974	0.0017307132948189974	-	8100
5042	-0.001729987096041441	0.001729987096041441	-	8101
6458	-0.0017293705604970455	0.0017293705604970455	-	8102
2191	-0.0017288736999034882	0.0017288736999034882	-	8103
10206	-0.0017281865002587438	0.0017281865002587438	-	8104
9738	-0.001727422932162881	0.001727422932162881	-	8105
3543	-0.0017256137216463685	0.0017256137216463685	-	8106
3245	-0.00172524806112051	0.00172524806112051	-	8107
8832	-0.0017240133602172136	0.0017240133602172136	-	8108
3379	-0.0017231475794687867	0.0017231475794687867	-	8109
9643	-0.0017229978693649173	0.0017229978693649173	-	8110
4237	-0.0017182378796860576	0.0017182378796860576	-	8111
2299	-0.0017161541618406773	0.0017161541618406773	-	8112
3065	-0.0017155732493847609	0.0017155732493847609	-	8113
4168	-0.0017148545011878014	0.0017148545011878014	-	8114
4530	-0.0017144889570772648	0.0017144889570772648	-	8115
4357	-0.001714252633973956	0.001714252633973956	-	8116
1309	-0.0017117036040872335	0.0017117036040872335	-	8117
8076	0.0017115697264671326	0.0017115697264671326	+	8118
10128	-0.0017115245573222637	0.0017115245573222637	-	8119
6365	-0.0017112407367676497	0.0017112407367676497	-	8120
5207	-0.0017108859028667212	0.0017108859028667212	-	8121
2242	-0.0017086314037442207	0.0017086314037442207	-	8122
1433	-0.0017077256925404072	0.0017077256925404072	-	8123
8412	-0.0017063755076378584	0.0017063755076378584	-	8124
1876	-0.0017044143751263618	0.0017044143751263618	-	8125
4981	-0.001703829038888216	0.001703829038888216	-	8126
243	-0.0017024839762598276	0.0017024839762598276	-	8127
5644	-0.0016999654471874237	0.0016999654471874237	-	8128
2961	-0.0016992094460874796	0.0016992094460874796	-	8129
5521	-0.0016981542576104403	0.0016981542576104403	-	8130
2943	0.0016957670450210571	0.0016957670450210571	+	8131
9708	-0.0016954540042206645	0.0016954540042206645	-	8132
4827	-0.0016951917205005884	0.0016951917205005884	-	8133
9233	-0.0016945111565291882	0.0016945111565291882	-	8134
7259	-0.0016944754170253873	0.0016944754170253873	-	8135
3230	-0.001693791477009654	0.001693791477009654	-	8136
8264	-0.001692234887741506	0.001692234887741506	-	8137
5661	-0.0016920423367992043	0.0016920423367992043	-	8138
1731	-0.0016918980982154608	0.0016918980982154608	-	8139
5904	-0.001691792975179851	0.001691792975179851	-	8140
2400	-0.0016905097290873528	0.0016905097290873528	-	8141
7730	-0.0016903954092413187	0.0016903954092413187	-	8142
415	-0.001690373057499528	0.001690373057499528	-	8143
7177	-0.001688282354734838	0.001688282354734838	-	8144
4805	-0.0016881823539733887	0.0016881823539733887	-	8145
1473	-0.0016879327595233917	0.0016879327595233917	-	8146
7781	-0.0016866517253220081	0.0016866517253220081	-	8147
4849	-0.0016859173774719238	0.0016859173774719238	-	8148
1201	-0.0016846787184476852	0.0016846787184476852	-	8149
843	-0.0016839965246617794	0.0016839965246617794	-	8150
3776	-0.00168361805845052	0.00168361805845052	-	8151
2722	-0.001682664267718792	0.001682664267718792	-	8152
2524	0.0016819965094327927	0.0016819965094327927	+	8153
1379	-0.0016802027821540833	0.0016802027821540833	-	8154
3687	-0.001679772511124611	0.001679772511124611	-	8155
5792	-0.0016791466623544693	0.0016791466623544693	-	8156
498	-0.001678831409662962	0.001678831409662962	-	8157
204	0.0016760508297011256	0.0016760508297011256	+	8158
10137	-0.0016752658411860466	0.0016752658411860466	-	8159
5460	0.0016738809645175934	0.0016738809645175934	+	8160
460	-0.001669853227213025	0.001669853227213025	-	8161
8672	-0.0016688257455825806	0.0016688257455825806	-	8162
2672	-0.0016683356370776892	0.0016683356370776892	-	8163
7728	-0.0016643921844661236	0.0016643921844661236	-	8164
5282	-0.0016614287160336971	0.0016614287160336971	-	8165
8013	0.0016611528117209673	0.0016611528117209673	+	8166
2516	-0.0016595664201304317	0.0016595664201304317	-	8167
1564	-0.0016589146107435226	0.0016589146107435226	-	8168
940	-0.0016580470837652683	0.0016580470837652683	-	8169
9361	0.0016570799052715302	0.0016570799052715302	+	8170
5926	0.0016568570863455534	0.0016568570863455534	+	8171
8240	-0.0016564480029046535	0.0016564480029046535	-	8172
6164	-0.001655218773521483	0.001655218773521483	-	8173
2699	-0.0016539471689611673	0.0016539471689611673	-	8174
3889	0.0016525834798812866	0.0016525834798812866	+	8175
1077	0.0016523910453543067	0.0016523910453543067	+	8176
8582	-0.001651813741773367	0.001651813741773367	-	8177
1853	-0.001650733407586813	0.001650733407586813	-	8178
527	-0.0016488812398165464	0.0016488812398165464	-	8179
5967	-0.0016447489615529776	0.0016447489615529776	-	8180
8308	-0.0016445617657154799	0.0016445617657154799	-	8181
9529	-0.0016443441854789853	0.0016443441854789853	-	8182
9909	-0.0016436302103102207	0.0016436302103102207	-	8183
7153	-0.0016434438293799758	0.0016434438293799758	-	8184
6264	-0.0016424902714788914	0.0016424902714788914	-	8185
4697	-0.0016416676808148623	0.0016416676808148623	-	8186
1910	-0.0016413596458733082	0.0016413596458733082	-	8187
6331	-0.0016394725535064936	0.0016394725535064936	-	8188
9731	0.0016384022310376167	0.0016384022310376167	+	8189
7732	-0.0016376732382923365	0.0016376732382923365	-	8190
8577	-0.0016371241072192788	0.0016371241072192788	-	8191
5539	-0.001636304659768939	0.001636304659768939	-	8192
9419	0.0016347570344805717	0.0016347570344805717	+	8193
881	-0.0016344990581274033	0.0016344990581274033	-	8194
6940	-0.0016343742609024048	0.0016343742609024048	-	8195
395	-0.0016341069713234901	0.0016341069713234901	-	8196
7695	-0.0016316709807142615	0.0016316709807142615	-	8197
6431	-0.0016309451311826706	0.0016309451311826706	-	8198
4230	-0.001629986334592104	0.001629986334592104	-	8199
1102	-0.0016299588605761528	0.0016299588605761528	-	8200
4248	-0.0016282778233289719	0.0016282778233289719	-	8201
4083	-0.0016278093680739403	0.0016278093680739403	-	8202
9689	-0.001627312391065061	0.001627312391065061	-	8203
5643	-0.0016264580190181732	0.0016264580190181732	-	8204
2300	-0.0016248072497546673	0.0016248072497546673	-	8205
9934	-0.0016233199276030064	0.0016233199276030064	-	8206
1331	0.0016219373792409897	0.0016219373792409897	+	8207
2774	-0.0016213094349950552	0.0016213094349950552	-	8208
6570	0.001619792077690363	0.001619792077690363	+	8209
7154	-0.0016182875260710716	0.0016182875260710716	-	8210
341	-0.0016168891452252865	0.0016168891452252865	-	8211
9768	-0.0016151797026395798	0.0016151797026395798	-	8212
4650	0.0016149100847542286	0.0016149100847542286	+	8213
6076	0.0016141803935170174	0.0016141803935170174	+	8214
7454	0.001611536368727684	0.001611536368727684	+	8215
6832	-0.0016112123848870397	0.0016112123848870397	-	8216
2645	0.001610955921933055	0.001610955921933055	+	8217
7129	-0.0016071479767560959	0.0016071479767560959	-	8218
93	-0.0016070171259343624	0.0016070171259343624	-	8219
2021	-0.001605175668373704	0.001605175668373704	-	8220
10041	-0.00160214863717556	0.00160214863717556	-	8221
5674	-0.0016015386208891869	0.0016015386208891869	-	8222
8200	-0.0016007309313863516	0.0016007309313863516	-	8223
7307	-0.0016001248732209206	0.0016001248732209206	-	8224
8677	-0.001599172130227089	0.001599172130227089	-	8225
6145	0.001597309485077858	0.001597309485077858	+	8226
8670	-0.0015938114374876022	0.0015938114374876022	-	8227
9040	-0.0015926905907690525	0.0015926905907690525	-	8228
3036	-0.0015922326128929853	0.0015922326128929853	-	8229
7747	-0.001591873588040471	0.001591873588040471	-	8230
4959	-0.0015914662508293986	0.0015914662508293986	-	8231
346	-0.001590590924024582	0.001590590924024582	-	8232
268	-0.0015892696101218462	0.0015892696101218462	-	8233
6575	-0.0015877961413934827	0.0015877961413934827	-	8234
2557	-0.0015877691330388188	0.0015877691330388188	-	8235
5990	-0.001587371458299458	0.001587371458299458	-	8236
4792	-0.0015870629576966166	0.0015870629576966166	-	8237
2838	-0.001586048281751573	0.001586048281751573	-	8238
3838	0.0015855524688959122	0.0015855524688959122	+	8239
4203	-0.0015835859812796116	0.0015835859812796116	-	8240
6251	-0.0015822601271793246	0.0015822601271793246	-	8241
2696	-0.0015817582607269287	0.0015817582607269287	-	8242
8566	0.0015814334619790316	0.0015814334619790316	+	8243
9082	-0.001581275020726025	0.001581275020726025	-	8244
6860	-0.0015799440443515778	0.0015799440443515778	-	8245
3859	-0.001579832285642624	0.001579832285642624	-	8246
2739	-0.0015787562588229775	0.0015787562588229775	-	8247
2767	-0.0015782504342496395	0.0015782504342496395	-	8248
8043	-0.0015753457555547357	0.0015753457555547357	-	8249
8089	-0.0015751328319311142	0.0015751328319311142	-	8250
10015	0.0015673635061830282	0.0015673635061830282	+	8251
7141	-0.0015659704804420471	0.0015659704804420471	-	8252
7185	-0.0015657481271773577	0.0015657481271773577	-	8253
9068	0.0015656203031539917	0.0015656203031539917	+	8254
950	-0.0015650596469640732	0.0015650596469640732	-	8255
9628	0.0015649263514205813	0.0015649263514205813	+	8256
8965	-0.001563225407153368	0.001563225407153368	-	8257
3895	-0.0015631411224603653	0.0015631411224603653	-	8258
9904	0.0015605837106704712	0.0015605837106704712	+	8259
909	-0.001559038762934506	0.001559038762934506	-	8260
1743	0.0015584737993776798	0.0015584737993776798	+	8261
6879	-0.0015583329368382692	0.0015583329368382692	-	8262
3298	-0.0015567084774374962	0.0015567084774374962	-	8263
6191	-0.0015566013753414154	0.0015566013753414154	-	8264
5316	-0.0015563454944640398	0.0015563454944640398	-	8265
8774	-0.0015562972985208035	0.0015562972985208035	-	8266
3266	-0.0015550784301012754	0.0015550784301012754	-	8267
2320	-0.0015549769159406424	0.0015549769159406424	-	8268
4984	-0.001551564782857895	0.001551564782857895	-	8269
4654	-0.0015509433578699827	0.0015509433578699827	-	8270
3396	0.0015502078458666801	0.0015502078458666801	+	8271
4187	0.0015489887446165085	0.0015489887446165085	+	8272
1507	0.0015485677868127823	0.0015485677868127823	+	8273
6809	-0.0015480604488402605	0.0015480604488402605	-	8274
52	0.001548046711832285	0.001548046711832285	+	8275
4743	-0.0015478143468499184	0.0015478143468499184	-	8276
7335	-0.0015474307583644986	0.0015474307583644986	-	8277
3605	-0.0015461265575140715	0.0015461265575140715	-	8278
7204	0.00154606974683702	0.00154606974683702	+	8279
343	-0.0015447977930307388	0.0015447977930307388	-	8280
1296	-0.0015446357429027557	0.0015446357429027557	-	8281
5700	-0.001543259248137474	0.001543259248137474	-	8282
9602	-0.0015431451611220837	0.0015431451611220837	-	8283
8388	-0.0015427269972860813	0.0015427269972860813	-	8284
649	-0.0015420932322740555	0.0015420932322740555	-	8285
3958	0.0015402156859636307	0.0015402156859636307	+	8286
3155	-0.0015394657384604216	0.0015394657384604216	-	8287
8325	-0.001538967713713646	0.001538967713713646	-	8288
6457	-0.00153818866237998	0.00153818866237998	-	8289
3188	0.001535654067993164	0.001535654067993164	+	8290
9215	-0.0015356196090579033	0.0015356196090579033	-	8291
5420	0.0015347651205956936	0.0015347651205956936	+	8292
9489	0.0015340950340032578	0.0015340950340032578	+	8293
5679	-0.001533422153443098	0.001533422153443098	-	8294
6460	-0.0015319096855819225	0.0015319096855819225	-	8295
8446	0.0015297108329832554	0.0015297108329832554	+	8296
6094	-0.0015292461030185223	0.0015292461030185223	-	8297
5184	-0.001527995802462101	0.001527995802462101	-	8298
2749	-0.0015260276850312948	0.0015260276850312948	-	8299
841	-0.0015242589870467782	0.0015242589870467782	-	8300
8655	0.001523860963061452	0.001523860963061452	+	8301
9630	-0.0015225872630253434	0.0015225872630253434	-	8302
7541	-0.0015216930769383907	0.0015216930769383907	-	8303
8817	-0.0015215931925922632	0.0015215931925922632	-	8304
1984	-0.0015205079689621925	0.0015205079689621925	-	8305
1820	-0.0015204595401883125	0.0015204595401883125	-	8306
1059	-0.001520228572189808	0.001520228572189808	-	8307
8693	-0.0015193483559414744	0.0015193483559414744	-	8308
7024	-0.0015189582481980324	0.0015189582481980324	-	8309
2237	-0.0015178218018263578	0.0015178218018263578	-	8310
5884	-0.0015173729043453932	0.0015173729043453932	-	8311
791	-0.0015169845428317785	0.0015169845428317785	-	8312
8365	-0.0015162420459091663	0.0015162420459091663	-	8313
7997	-0.001516103744506836	0.001516103744506836	-	8314
6333	0.0015160217881202698	0.0015160217881202698	+	8315
7550	0.0015156525187194347	0.0015156525187194347	+	8316
3427	-0.001515313284471631	0.001515313284471631	-	8317
7688	-0.0015149455284699798	0.0015149455284699798	-	8318
357	-0.0015143903438001871	0.0015143903438001871	-	8319
7915	-0.00151411397382617	0.00151411397382617	-	8320
2185	-0.0015132620465010405	0.0015132620465010405	-	8321
362	-0.0015125877689570189	0.0015125877689570189	-	8322
6102	-0.0015111748361960053	0.0015111748361960053	-	8323
6093	-0.0015099144075065851	0.0015099144075065851	-	8324
10003	0.0015098603907972574	0.0015098603907972574	+	8325
3420	-0.0015087773790583014	0.0015087773790583014	-	8326
4693	-0.0015087123028934002	0.0015087123028934002	-	8327
1768	-0.0015078317373991013	0.0015078317373991013	-	8328
8220	0.0015076850540935993	0.0015076850540935993	+	8329
7089	-0.0015065496554598212	0.0015065496554598212	-	8330
4324	-0.0015036363620311022	0.0015036363620311022	-	8331
614	-0.001500611542724073	0.001500611542724073	-	8332
4423	-0.0014995491364970803	0.0014995491364970803	-	8333
6818	-0.0014982032589614391	0.0014982032589614391	-	8334
9341	-0.001497715711593628	0.001497715711593628	-	8335
9481	-0.001497349701821804	0.001497349701821804	-	8336
9338	-0.0014964044094085693	0.0014964044094085693	-	8337
8732	-0.0014960032422095537	0.0014960032422095537	-	8338
572	0.0014945603907108307	0.0014945603907108307	+	8339
10175	0.0014941885601729155	0.0014941885601729155	+	8340
9955	-0.0014939741231501102	0.0014939741231501102	-	8341
3465	-0.0014938239473849535	0.0014938239473849535	-	8342
7406	-0.0014919772511348128	0.0014919772511348128	-	8343
4794	-0.0014913039049133658	0.0014913039049133658	-	8344
8158	0.0014907668810337782	0.0014907668810337782	+	8345
1339	0.0014907482545822859	0.0014907482545822859	+	8346
8479	-0.001489410875365138	0.001489410875365138	-	8347
1904	-0.0014889350859448314	0.0014889350859448314	-	8348
6979	-0.0014880028320476413	0.0014880028320476413	-	8349
580	0.0014877161011099815	0.0014877161011099815	+	8350
190	-0.0014874734915792942	0.0014874734915792942	-	8351
5664	-0.0014866278506815434	0.0014866278506815434	-	8352
4453	-0.00148458790499717	0.00148458790499717	-	8353
5409	-0.0014845294645056129	0.0014845294645056129	-	8354
7136	-0.001483048195950687	0.001483048195950687	-	8355
3595	0.001481004524976015	0.001481004524976015	+	8356
2096	0.0014805905520915985	0.0014805905520915985	+	8357
1001	-0.001480254577472806	0.001480254577472806	-	8358
683	-0.0014796201139688492	0.0014796201139688492	-	8359
8815	-0.0014792638830840588	0.0014792638830840588	-	8360
5130	-0.0014771082205697894	0.0014771082205697894	-	8361
5488	-0.0014755191514268517	0.0014755191514268517	-	8362
882	0.0014748484827578068	0.0014748484827578068	+	8363
2802	-0.0014746785163879395	0.0014746785163879395	-	8364
8534	0.001474006101489067	0.001474006101489067	+	8365
8555	0.0014730887487530708	0.0014730887487530708	+	8366
1328	-0.0014728233218193054	0.0014728233218193054	-	8367
1919	-0.0014723754720762372	0.0014723754720762372	-	8368
3171	0.0014721229672431946	0.0014721229672431946	+	8369
2199	-0.001471158815547824	0.001471158815547824	-	8370
5603	-0.0014699312159791589	0.0014699312159791589	-	8371
4918	-0.0014692512340843678	0.0014692512340843678	-	8372
1080	-0.001468803733587265	0.001468803733587265	-	8373
5131	-0.0014680391177535057	0.0014680391177535057	-	8374
2983	0.0014673150144517422	0.0014673150144517422	+	8375
7388	-0.0014670309610664845	0.0014670309610664845	-	8376
4879	-0.0014660730957984924	0.0014660730957984924	-	8377
8054	0.0014657392166554928	0.0014657392166554928	+	8378
1182	-0.001465535257011652	0.001465535257011652	-	8379
528	0.0014653904363512993	0.0014653904363512993	+	8380
7009	-0.001464503351598978	0.001464503351598978	-	8381
1097	-0.0014622362796217203	0.0014622362796217203	-	8382
8045	-0.0014618346467614174	0.0014618346467614174	-	8383
6115	-0.0014588176272809505	0.0014588176272809505	-	8384
6285	-0.0014564096927642822	0.0014564096927642822	-	8385
7615	-0.0014562061987817287	0.0014562061987817287	-	8386
1611	0.001455303281545639	0.001455303281545639	+	8387
9511	-0.001454661600291729	0.001454661600291729	-	8388
5555	0.0014535244554281235	0.0014535244554281235	+	8389
5688	0.0014516860246658325	0.0014516860246658325	+	8390
6589	-0.001451528281904757	0.001451528281904757	-	8391
4796	-0.0014510934706777334	0.0014510934706777334	-	8392
5826	-0.0014498436357825994	0.0014498436357825994	-	8393
657	0.001447996124625206	0.001447996124625206	+	8394
5893	-0.0014465621206909418	0.0014465621206909418	-	8395
7389	0.0014463458210229874	0.0014463458210229874	+	8396
1002	-0.0014462948311120272	0.0014462948311120272	-	8397
6817	-0.0014438785146921873	0.0014438785146921873	-	8398
4468	-0.0014434503391385078	0.0014434503391385078	-	8399
6482	0.0014431243762373924	0.0014431243762373924	+	8400
9779	-0.0014429019065573812	0.0014429019065573812	-	8401
2039	-0.0014425842091441154	0.0014425842091441154	-	8402
2008	-0.0014421381056308746	0.0014421381056308746	-	8403
9117	0.0014418954961001873	0.0014418954961001873	+	8404
5064	0.0014408004935830832	0.0014408004935830832	+	8405
9363	0.0014397231861948967	0.0014397231861948967	+	8406
4047	0.0014391171280294657	0.0014391171280294657	+	8407
1836	-0.0014377962797880173	0.0014377962797880173	-	8408
3856	-0.0014375003520399332	0.0014375003520399332	-	8409
6206	0.0014370828866958618	0.0014370828866958618	+	8410
8458	-0.0014369486598297954	0.0014369486598297954	-	8411
944	-0.0014368565753102303	0.0014368565753102303	-	8412
2250	-0.0014336947351694107	0.0014336947351694107	-	8413
3500	-0.0014335981104522943	0.0014335981104522943	-	8414
627	-0.001432752120308578	0.001432752120308578	-	8415
4318	0.0014326046220958233	0.0014326046220958233	+	8416
1501	-0.0014320220798254013	0.0014320220798254013	-	8417
998	-0.0014318724861368537	0.0014318724861368537	-	8418
8171	-0.0014302302151918411	0.0014302302151918411	-	8419
8447	-0.0014292083214968443	0.0014292083214968443	-	8420
9092	-0.0014262867625802755	0.0014262867625802755	-	8421
7515	-0.0014251958345994353	0.0014251958345994353	-	8422
7034	0.001424490474164486	0.001424490474164486	+	8423
1927	-0.0014235679991543293	0.0014235679991543293	-	8424
1410	-0.001423257403075695	0.001423257403075695	-	8425
971	0.0014230776578187943	0.0014230776578187943	+	8426
297	-0.0014210008084774017	0.0014210008084774017	-	8427
2824	-0.0014203068567439914	0.0014203068567439914	-	8428
3369	0.0014202259480953217	0.0014202259480953217	+	8429
9271	-0.001420163782313466	0.001420163782313466	-	8430
2057	-0.0014200157020241022	0.0014200157020241022	-	8431
2612	-0.0014186222106218338	0.0014186222106218338	-	8432
5833	-0.0014172806404531002	0.0014172806404531002	-	8433
9446	-0.0014154370874166489	0.0014154370874166489	-	8434
5560	-0.0014144942397251725	0.0014144942397251725	-	8435
2207	0.0014142964500933886	0.0014142964500933886	+	8436
523	-0.0014142317231744528	0.0014142317231744528	-	8437
9288	-0.0014118689578026533	0.0014118689578026533	-	8438
3824	0.0014116503298282623	0.0014116503298282623	+	8439
3066	0.0014109676703810692	0.0014109676703810692	+	8440
6896	0.0014106007292866707	0.0014106007292866707	+	8441
4884	-0.0014100130647420883	0.0014100130647420883	-	8442
141	-0.00140576739795506	0.00140576739795506	-	8443
1064	-0.0014056786894798279	0.0014056786894798279	-	8444
1371	0.001405366463586688	0.001405366463586688	+	8445
4251	-0.0014050924219191074	0.0014050924219191074	-	8446
506	-0.0014048982411623001	0.0014048982411623001	-	8447
4245	-0.0014046686701476574	0.0014046686701476574	-	8448
8531	-0.001403015572577715	0.001403015572577715	-	8449
2521	0.0014021089300513268	0.0014021089300513268	+	8450
8441	0.001401994377374649	0.001401994377374649	+	8451
3742	-0.0014016765635460615	0.0014016765635460615	-	8452
700	-0.00140147446654737	0.00140147446654737	-	8453
8620	-0.0014002354582771659	0.0014002354582771659	-	8454
6911	-0.0014001259114593267	0.0014001259114593267	-	8455
9947	-0.0014001205563545227	0.0014001205563545227	-	8456
3991	0.001397799700498581	0.001397799700498581	+	8457
933	-0.0013958511408418417	0.0013958511408418417	-	8458
1094	0.0013942671939730644	0.0013942671939730644	+	8459
7485	0.001393777783960104	0.001393777783960104	+	8460
277	-0.0013909561093896627	0.0013909561093896627	-	8461
9654	-0.001390916295349598	0.001390916295349598	-	8462
5120	-0.0013908331748098135	0.0013908331748098135	-	8463
3738	-0.0013891842681914568	0.0013891842681914568	-	8464
2120	-0.00138898566365242	0.00138898566365242	-	8465
6932	-0.0013889456167817116	0.0013889456167817116	-	8466
7670	-0.0013885595835745335	0.0013885595835745335	-	8467
5451	-0.0013880860060453415	0.0013880860060453415	-	8468
8983	-0.0013868745882064104	0.0013868745882064104	-	8469
7621	-0.0013863146305084229	0.0013863146305084229	-	8470
2989	-0.0013857624726369977	0.0013857624726369977	-	8471
5146	-0.001384751871228218	0.001384751871228218	-	8472
504	-0.0013843318447470665	0.0013843318447470665	-	8473
4573	-0.0013820184394717216	0.0013820184394717216	-	8474
8420	-0.0013814914273098111	0.0013814914273098111	-	8475
3042	-0.0013804943300783634	0.0013804943300783634	-	8476
3691	-0.0013804403133690357	0.0013804403133690357	-	8477
517	0.0013784021139144897	0.0013784021139144897	+	8478
8023	0.0013742940500378609	0.0013742940500378609	+	8479
4420	0.001373471226543188	0.001373471226543188	+	8480
2827	0.001366104930639267	0.001366104930639267	+	8481
1362	-0.0013656406663358212	0.0013656406663358212	-	8482
845	-0.0013654727954417467	0.0013654727954417467	-	8483
4441	-0.001363100716844201	0.001363100716844201	-	8484
2504	-0.0013628413435071707	0.0013628413435071707	-	8485
3243	-0.001362641341984272	0.001362641341984272	-	8486
255	-0.0013623787090182304	0.0013623787090182304	-	8487
4963	0.0013621840626001358	0.0013621840626001358	+	8488
4316	0.0013606194406747818	0.0013606194406747818	+	8489
5014	0.0013599256053566933	0.0013599256053566933	+	8490
9749	-0.0013575743651017547	0.0013575743651017547	-	8491
4429	0.001356868539005518	0.001356868539005518	+	8492
511	-0.0013564033433794975	0.0013564033433794975	-	8493
5507	0.0013560149818658829	0.0013560149818658829	+	8494
3328	-0.0013554078759625554	0.0013554078759625554	-	8495
907	-0.0013541257940232754	0.0013541257940232754	-	8496
6384	0.0013535022735595703	0.0013535022735595703	+	8497
8380	-0.0013510219287127256	0.0013510219287127256	-	8498
1006	-0.0013492442667484283	0.0013492442667484283	-	8499
4404	-0.0013491036370396614	0.0013491036370396614	-	8500
6603	0.0013480475172400475	0.0013480475172400475	+	8501
4911	-0.0013474163133651018	0.0013474163133651018	-	8502
641	-0.0013471718411892653	0.0013471718411892653	-	8503
4583	-0.0013468821998685598	0.0013468821998685598	-	8504
4334	-0.0013452046550810337	0.0013452046550810337	-	8505
3747	0.0013448175741359591	0.0013448175741359591	+	8506
5428	-0.0013447180390357971	0.0013447180390357971	-	8507
6582	0.0013419818133115768	0.0013419818133115768	+	8508
3528	-0.0013409293023869395	0.0013409293023869395	-	8509
35	0.0013401778414845467	0.0013401778414845467	+	8510
3535	-0.0013401599135249853	0.0013401599135249853	-	8511
4946	-0.0013398771407082677	0.0013398771407082677	-	8512
3842	-0.0013381699100136757	0.0013381699100136757	-	8513
5264	-0.001336401328444481	0.001336401328444481	-	8514
6849	-0.0013354949187487364	0.0013354949187487364	-	8515
8166	-0.0013336206320673227	0.0013336206320673227	-	8516
6762	-0.0013323789462447166	0.0013323789462447166	-	8517
8773	-0.0013321839505806565	0.0013321839505806565	-	8518
2003	-0.0013321097940206528	0.0013321097940206528	-	8519
8243	0.0013320818543434143	0.0013320818543434143	+	8520
5126	-0.0013313151430338621	0.0013313151430338621	-	8521
1245	-0.0013289130292832851	0.0013289130292832851	-	8522
2395	0.0013277593534439802	0.0013277593534439802	+	8523
1565	-0.0013272762298583984	0.0013272762298583984	-	8524
4717	-0.0013251875061541796	0.0013251875061541796	-	8525
6690	-0.001325111137703061	0.001325111137703061	-	8526
3288	-0.0013248666655272245	0.0013248666655272245	-	8527
6738	-0.0013243327848613262	0.0013243327848613262	-	8528
9424	-0.0013207567390054464	0.0013207567390054464	-	8529
7433	-0.0013204265851527452	0.0013204265851527452	-	8530
5399	0.0013202221598476171	0.0013202221598476171	+	8531
2187	-0.0013199299573898315	0.0013199299573898315	-	8532
5124	-0.0013189446181058884	0.0013189446181058884	-	8533
7017	-0.0013181549729779363	0.0013181549729779363	-	8534
5971	0.0013177432119846344	0.0013177432119846344	+	8535
5895	-0.001314403722062707	0.001314403722062707	-	8536
9776	0.0013140104711055756	0.0013140104711055756	+	8537
8550	-0.0013122898526489735	0.0013122898526489735	-	8538
6038	-0.0013105068355798721	0.0013105068355798721	-	8539
6467	-0.0013095294125378132	0.0013095294125378132	-	8540
324	-0.001307071652263403	0.001307071652263403	-	8541
2813	-0.001306779682636261	0.001306779682636261	-	8542
9149	-0.0013060957426205277	0.0013060957426205277	-	8543
1502	-0.0013058960903435946	0.0013058960903435946	-	8544
9705	-0.0013039534678682685	0.0013039534678682685	-	8545
5486	0.001303248107433319	0.001303248107433319	+	8546
7775	0.0013029128313064575	0.0013029128313064575	+	8547
300	0.0013026148080825806	0.0013026148080825806	+	8548
7491	-0.0013019831385463476	0.0013019831385463476	-	8549
5299	0.0012998264282941818	0.0012998264282941818	+	8550
513	-0.0012988594826310873	0.0012988594826310873	-	8551
9080	-0.0012975791469216347	0.0012975791469216347	-	8552
5351	-0.0012970962561666965	0.0012970962561666965	-	8553
119	0.0012955175479874015	0.0012955175479874015	+	8554
4949	0.0012939060106873512	0.0012939060106873512	+	8555
3185	-0.0012925226474180818	0.0012925226474180818	-	8556
1885	0.0012915795668959618	0.0012915795668959618	+	8557
648	-0.0012892475351691246	0.0012892475351691246	-	8558
5182	0.0012891984079033136	0.0012891984079033136	+	8559
3780	-0.0012884134193882346	0.0012884134193882346	-	8560
3826	0.001286802813410759	0.001286802813410759	+	8561
2577	-0.0012864111922681332	0.0012864111922681332	-	8562
3211	0.001286366954445839	0.001286366954445839	+	8563
1819	-0.0012860409915447235	0.0012860409915447235	-	8564
7913	0.0012851617066189647	0.0012851617066189647	+	8565
3657	-0.0012848405167460442	0.0012848405167460442	-	8566
422	-0.0012844447046518326	0.0012844447046518326	-	8567
8812	-0.0012840069830417633	0.0012840069830417633	-	8568
1566	-0.0012839633272960782	0.0012839633272960782	-	8569
8994	0.0012839362025260925	0.0012839362025260925	+	8570
6702	0.0012827068567276	0.0012827068567276	+	8571
4352	-0.0012826211750507355	0.0012826211750507355	-	8572
3966	-0.0012821103446185589	0.0012821103446185589	-	8573
9339	-0.00128072127699852	0.00128072127699852	-	8574
2701	-0.0012806144077330828	0.0012806144077330828	-	8575
6812	-0.0012804182479158044	0.0012804182479158044	-	8576
1215	0.0012803561985492706	0.0012803561985492706	+	8577
8506	-0.0012790036853402853	0.0012790036853402853	-	8578
9057	0.0012773405760526657	0.0012773405760526657	+	8579
2483	0.0012760534882545471	0.0012760534882545471	+	8580
8663	-0.0012760143727064133	0.0012760143727064133	-	8581
3570	-0.001273391186259687	0.001273391186259687	-	8582
10186	-0.001272848341614008	0.001272848341614008	-	8583
2756	-0.001272762194275856	0.001272762194275856	-	8584
2243	0.0012725894339382648	0.0012725894339382648	+	8585
5278	0.001272156834602356	0.001272156834602356	+	8586
8229	-0.001271907240152359	0.001271907240152359	-	8587
9829	-0.001271769404411316	0.001271769404411316	-	8588
8191	-0.0012707766145467758	0.0012707766145467758	-	8589
5677	-0.0012677207123488188	0.0012677207123488188	-	8590
4624	-0.0012667663395404816	0.0012667663395404816	-	8591
4061	-0.0012656468898057938	0.0012656468898057938	-	8592
2848	-0.0012654298916459084	0.0012654298916459084	-	8593
3867	-0.0012653054436668754	0.0012653054436668754	-	8594
8690	-0.0012651870492845774	0.0012651870492845774	-	8595
5536	0.0012651672586798668	0.0012651672586798668	+	8596
88	-0.001264616847038269	0.001264616847038269	-	8597
2335	0.0012644454836845398	0.0012644454836845398	+	8598
10234	-0.0012640615459531546	0.0012640615459531546	-	8599
3385	-0.0012636799365282059	0.0012636799365282059	-	8600
8091	-0.001263258745893836	0.001263258745893836	-	8601
6954	-0.0012631101999431849	0.0012631101999431849	-	8602
9479	-0.0012627089163288474	0.0012627089163288474	-	8603
3791	-0.0012617588508874178	0.0012617588508874178	-	8604
9052	0.0012615472078323364	0.0012615472078323364	+	8605
2525	0.0012611988931894302	0.0012611988931894302	+	8606
10172	-0.0012598716421052814	0.0012598716421052814	-	8607
3418	-0.0012593523133546114	0.0012593523133546114	-	8608
6203	-0.0012593287974596024	0.0012593287974596024	-	8609
1376	-0.0012588975951075554	0.0012588975951075554	-	8610
1552	-0.001258375123143196	0.001258375123143196	-	8611
8905	-0.0012570098042488098	0.0012570098042488098	-	8612
4204	0.0012561584590002894	0.0012561584590002894	+	8613
3710	0.0012551365653052926	0.0012551365653052926	+	8614
2890	-0.001254791161045432	0.001254791161045432	-	8615
10091	-0.0012545762583613396	0.0012545762583613396	-	8616
328	-0.0012543161865323782	0.0012543161865323782	-	8617
2523	-0.0012539844028651714	0.0012539844028651714	-	8618
9905	-0.0012535136193037033	0.0012535136193037033	-	8619
7854	-0.001252870075404644	0.001252870075404644	-	8620
167	-0.0012514330446720123	0.0012514330446720123	-	8621
4954	-0.0012493564281612635	0.0012493564281612635	-	8622
7310	-0.001249341294169426	0.001249341294169426	-	8623
4912	0.001248112297616899	0.001248112297616899	+	8624
7110	0.0012480935547500849	0.0012480935547500849	+	8625
4359	-0.0012474209070205688	0.0012474209070205688	-	8626
3277	-0.001246521482244134	0.001246521482244134	-	8627
974	-0.0012457147240638733	0.0012457147240638733	-	8628
7631	-0.0012455862015485764	0.0012455862015485764	-	8629
4523	-0.0012449726928025484	0.0012449726928025484	-	8630
4599	-0.0012443086598068476	0.0012443086598068476	-	8631
6350	-0.001243938342668116	0.001243938342668116	-	8632
7582	-0.0012430709321051836	0.0012430709321051836	-	8633
5500	0.0012426264584064484	0.0012426264584064484	+	8634
8223	0.0012425621971488	0.0012425621971488	+	8635
151	0.0012424904853105545	0.0012424904853105545	+	8636
9019	-0.0012404648587107658	0.0012404648587107658	-	8637
1210	-0.00124025484547019	0.00124025484547019	-	8638
1156	0.0012400103732943535	0.0012400103732943535	+	8639
5821	0.0012398496037349105	0.0012398496037349105	+	8640
7961	0.0012382734566926956	0.0012382734566926956	+	8641
10220	0.001237594522535801	0.001237594522535801	+	8642
1218	-0.0012371903285384178	0.0012371903285384178	-	8643
4144	-0.0012367628514766693	0.0012367628514766693	-	8644
122	-0.0012366205919533968	0.0012366205919533968	-	8645
831	0.001236355397850275	0.001236355397850275	+	8646
8331	0.0012349794851616025	0.0012349794851616025	+	8647
8122	-0.0012349516618996859	0.0012349516618996859	-	8648
9734	-0.001234535127878189	0.001234535127878189	-	8649
4704	-0.0012341209221631289	0.0012341209221631289	-	8650
4656	-0.001233303570188582	0.001233303570188582	-	8651
7382	-0.00123294023796916	0.00123294023796916	-	8652
3943	0.0012321858666837215	0.0012321858666837215	+	8653
5476	0.0012317262589931488	0.0012317262589931488	+	8654
776	-0.0012315156636759639	0.0012315156636759639	-	8655
9716	0.0012301178649067879	0.0012301178649067879	+	8656
4043	-0.00122897420078516	0.00122897420078516	-	8657
4406	-0.0012285765260457993	0.0012285765260457993	-	8658
2306	-0.0012267942074686289	0.0012267942074686289	-	8659
3158	-0.0012265830300748348	0.0012265830300748348	-	8660
1771	-0.001226308522745967	0.001226308522745967	-	8661
7384	-0.001225381507538259	0.001225381507538259	-	8662
3501	-0.001225330401211977	0.001225330401211977	-	8663
1265	-0.001224994077347219	0.001224994077347219	-	8664
6052	-0.0012248470447957516	0.0012248470447957516	-	8665
303	0.0012243366800248623	0.0012243366800248623	+	8666
3955	-0.0012220516800880432	0.0012220516800880432	-	8667
8462	-0.001220459584146738	0.001220459584146738	-	8668
8513	0.0012203478254377842	0.0012203478254377842	+	8669
7625	-0.0012178858742117882	0.0012178858742117882	-	8670
6175	-0.0012176799355074763	0.0012176799355074763	-	8671
6724	-0.0012171464040875435	0.0012171464040875435	-	8672
7157	-0.0012163911014795303	0.0012163911014795303	-	8673
3334	-0.0012163002975285053	0.0012163002975285053	-	8674
7656	-0.001216227188706398	0.001216227188706398	-	8675
5758	0.0012153424322605133	0.0012153424322605133	+	8676
5293	0.0012148615205660462	0.0012148615205660462	+	8677
1458	-0.0012136409059166908	0.0012136409059166908	-	8678
8782	-0.0012136084260419011	0.0012136084260419011	-	8679
7222	-0.0012133962009102106	0.0012133962009102106	-	8680
5753	0.0012132497504353523	0.0012132497504353523	+	8681
4236	-0.001211957773193717	0.001211957773193717	-	8682
3775	-0.0012113467091694474	0.0012113467091694474	-	8683
6501	-0.0012110932730138302	0.0012110932730138302	-	8684
4676	-0.001210313756018877	0.001210313756018877	-	8685
2045	-0.0012102100299671292	0.0012102100299671292	-	8686
1844	-0.001209806650876999	0.001209806650876999	-	8687
7370	-0.0012095924466848373	0.0012095924466848373	-	8688
2915	-0.001209263689815998	0.001209263689815998	-	8689
4689	-0.001207258552312851	0.001207258552312851	-	8690
10021	-0.0012071930104866624	0.0012071930104866624	-	8691
6554	-0.0012068585492670536	0.0012068585492670536	-	8692
5567	0.00120581965893507	0.00120581965893507	+	8693
4990	0.0012057721614837646	0.0012057721614837646	+	8694
3968	-0.0012056194245815277	0.0012056194245815277	-	8695
5561	-0.0012039467692375183	0.0012039467692375183	-	8696
7208	0.0012037847191095352	0.0012037847191095352	+	8697
7782	0.0012022443115711212	0.0012022443115711212	+	8698
3978	-0.0012022301089018583	0.0012022301089018583	-	8699
782	0.0012018503621220589	0.0012018503621220589	+	8700
9221	-0.0011995130917057395	0.0011995130917057395	-	8701
4067	-0.0011980958515778184	0.0011980958515778184	-	8702
7138	-0.0011965110898017883	0.0011965110898017883	-	8703
2464	0.001196060562506318	0.001196060562506318	+	8704
6513	-0.0011954773217439651	0.0011954773217439651	-	8705
8323	-0.001194989075884223	0.001194989075884223	-	8706
9553	-0.0011939050164073706	0.0011939050164073706	-	8707
1606	0.001193653792142868	0.001193653792142868	+	8708
1105	0.0011929795145988464	0.0011929795145988464	+	8709
3661	-0.0011924561113119125	0.0011924561113119125	-	8710
1631	-0.0011913799680769444	0.0011913799680769444	-	8711
2231	-0.001191172283142805	0.001191172283142805	-	8712
2447	-0.0011911580804735422	0.0011911580804735422	-	8713
3985	-0.001191137358546257	0.001191137358546257	-	8714
5772	-0.0011911052279174328	0.0011911052279174328	-	8715
3870	0.0011901003308594227	0.0011901003308594227	+	8716
8639	-0.0011888655135408044	0.0011888655135408044	-	8717
9653	-0.0011878462973982096	0.0011878462973982096	-	8718
8898	-0.0011876397766172886	0.0011876397766172886	-	8719
8242	-0.0011855028569698334	0.0011855028569698334	-	8720
2235	0.0011844541877508163	0.0011844541877508163	+	8721
2796	0.0011828795541077852	0.0011828795541077852	+	8722
6272	-0.0011819340288639069	0.0011819340288639069	-	8723
4779	-0.0011817626655101776	0.0011817626655101776	-	8724
1709	0.0011815528851002455	0.0011815528851002455	+	8725
7726	-0.0011807710397988558	0.0011807710397988558	-	8726
10136	-0.0011794189922511578	0.0011794189922511578	-	8727
8609	-0.0011756671592593193	0.0011756671592593193	-	8728
4472	-0.0011747060343623161	0.0011747060343623161	-	8729
2821	-0.001173294149339199	0.001173294149339199	-	8730
9583	0.0011732499115169048	0.0011732499115169048	+	8731
2550	-0.001173247816041112	0.001173247816041112	-	8732
8964	-0.0011720454785972834	0.0011720454785972834	-	8733
6659	0.0011679606977850199	0.0011679606977850199	+	8734
3997	0.0011673877015709877	0.0011673877015709877	+	8735
2889	-0.0011666807113215327	0.0011666807113215327	-	8736
1561	-0.001165325753390789	0.001165325753390789	-	8737
1300	-0.0011631627567112446	0.0011631627567112446	-	8738
8277	-0.001162748783826828	0.001162748783826828	-	8739
4551	-0.0011624614708125591	0.0011624614708125591	-	8740
1484	0.0011615826515480876	0.0011615826515480876	+	8741
4124	-0.0011609261855483055	0.0011609261855483055	-	8742
1029	0.0011608544737100601	0.0011608544737100601	+	8743
4141	0.001160352723672986	0.001160352723672986	+	8744
9942	-0.0011601077858358622	0.0011601077858358622	-	8745
8916	-0.001159090781584382	0.001159090781584382	-	8746
7548	-0.001158625353127718	0.001158625353127718	-	8747
6861	-0.0011585839092731476	0.0011585839092731476	-	8748
10190	-0.0011566653847694397	0.0011566653847694397	-	8749
8843	-0.0011563205625861883	0.0011563205625861883	-	8750
4131	-0.001155136153101921	0.001155136153101921	-	8751
9812	0.0011549056507647038	0.0011549056507647038	+	8752
6942	-0.0011548111215233803	0.0011548111215233803	-	8753
5390	-0.0011547260219231248	0.0011547260219231248	-	8754
1159	-0.0011532725766301155	0.0011532725766301155	-	8755
669	-0.0011500464752316475	0.0011500464752316475	-	8756
1872	-0.001149487216025591	0.001149487216025591	-	8757
4426	-0.0011472078040242195	0.0011472078040242195	-	8758
2704	0.001147091155871749	0.001147091155871749	+	8759
3718	-0.0011470761382952332	0.0011470761382952332	-	8760
2248	-0.0011466897558420897	0.0011466897558420897	-	8761
9615	-0.00114607869181782	0.00114607869181782	-	8762
7784	-0.001145046204328537	0.001145046204328537	-	8763
6555	-0.0011431879829615355	0.0011431879829615355	-	8764
5103	-0.0011425390839576721	0.0011425390839576721	-	8765
6334	-0.0011393274180591106	0.0011393274180591106	-	8766
3374	-0.0011382290394976735	0.0011382290394976735	-	8767
3074	0.0011378070339560509	0.0011378070339560509	+	8768
9505	-0.0011362123768776655	0.0011362123768776655	-	8769
4278	-0.0011355478782206774	0.0011355478782206774	-	8770
9330	0.0011345595121383667	0.0011345595121383667	+	8771
6486	-0.0011344333179295063	0.0011344333179295063	-	8772
8894	-0.0011327333049848676	0.0011327333049848676	-	8773
6844	-0.0011325678788125515	0.0011325678788125515	-	8774
6044	-0.0011321594938635826	0.0011321594938635826	-	8775
6658	-0.00113175087608397	0.00113175087608397	-	8776
9780	-0.001130119664594531	0.001130119664594531	-	8777
8317	-0.0011284018401056528	0.0011284018401056528	-	8778
7484	0.0011283745989203453	0.0011283745989203453	+	8779
6734	0.0011281251208856702	0.0011281251208856702	+	8780
5656	-0.0011278623715043068	0.0011278623715043068	-	8781
3888	0.001127297873608768	0.001127297873608768	+	8782
9598	-0.0011268416419625282	0.0011268416419625282	-	8783
986	-0.00112669519148767	0.00112669519148767	-	8784
4396	0.0011251689866185188	0.0011251689866185188	+	8785
7598	-0.0011241575703024864	0.0011241575703024864	-	8786
10002	0.0011232057586312294	0.0011232057586312294	+	8787
2980	-0.0011227186769247055	0.0011227186769247055	-	8788
5109	0.0011208467185497284	0.0011208467185497284	+	8789
7387	-0.0011199386790394783	0.0011199386790394783	-	8790
8461	-0.0011195694096386433	0.0011195694096386433	-	8791
5910	-0.0011194006074219942	0.0011194006074219942	-	8792
9130	-0.0011190398363396525	0.0011190398363396525	-	8793
2179	0.0011176522821187973	0.0011176522821187973	+	8794
9766	-0.0011173607781529427	0.0011173607781529427	-	8795
5241	-0.0011153576197102666	0.0011153576197102666	-	8796
74	0.0011150649515911937	0.0011150649515911937	+	8797
2201	-0.0011143311858177185	0.0011143311858177185	-	8798
7198	0.0011139437556266785	0.0011139437556266785	+	8799
1782	-0.0011131679639220238	0.0011131679639220238	-	8800
1310	-0.0011121458373963833	0.0011121458373963833	-	8801
4823	-0.0011114515364170074	0.0011114515364170074	-	8802
9392	0.0011110344203189015	0.0011110344203189015	+	8803
9997	0.0011087022721767426	0.0011087022721767426	+	8804
3802	-0.0011085907462984324	0.0011085907462984324	-	8805
6520	0.0011057173833251	0.0011057173833251	+	8806
7458	0.0011054589413106441	0.0011054589413106441	+	8807
2724	-0.001105281407944858	0.001105281407944858	-	8808
5337	-0.0011049116728827357	0.0011049116728827357	-	8809
1925	-0.0011048709275200963	0.0011048709275200963	-	8810
849	0.0011018551886081696	0.0011018551886081696	+	8811
6929	0.0011018412187695503	0.0011018412187695503	+	8812
5598	-0.001101214438676834	0.001101214438676834	-	8813
9237	-0.0011010601883754134	0.0011010601883754134	-	8814
8107	0.0011003892868757248	0.0011003892868757248	+	8815
5094	-0.0010985746048390865	0.0010985746048390865	-	8816
8971	-0.001098322682082653	0.001098322682082653	-	8817
9110	0.0010979901999235153	0.0010979901999235153	+	8818
7048	-0.0010971451411023736	0.0010971451411023736	-	8819
23	-0.001095200190320611	0.001095200190320611	-	8820
503	-0.0010947060072794557	0.0010947060072794557	-	8821
7862	-0.0010945787653326988	0.0010945787653326988	-	8822
6442	-0.0010939305648207664	0.0010939305648207664	-	8823
397	-0.0010922201909124851	0.0010922201909124851	-	8824
2748	0.0010918192565441132	0.0010918192565441132	+	8825
10038	0.0010898384498432279	0.0010898384498432279	+	8826
2871	0.001089319121092558	0.001089319121092558	+	8827
2837	-0.0010881656780838966	0.0010881656780838966	-	8828
8032	-0.001087862066924572	0.001087862066924572	-	8829
5215	0.0010874811559915543	0.0010874811559915543	+	8830
7959	-0.0010869753314182162	0.0010869753314182162	-	8831
8710	-0.0010868569370359182	0.0010868569370359182	-	8832
995	-0.0010867315577343106	0.0010867315577343106	-	8833
385	0.0010847952216863632	0.0010847952216863632	+	8834
2240	-0.0010845214128494263	0.0010845214128494263	-	8835
8041	0.0010841784533113241	0.0010841784533113241	+	8836
8640	0.001083611510694027	0.001083611510694027	+	8837
3404	0.0010825833305716515	0.0010825833305716515	+	8838
6731	-0.0010824501514434814	0.0010824501514434814	-	8839
631	-0.0010800979798659682	0.0010800979798659682	-	8840
8246	0.001078968751244247	0.001078968751244247	+	8841
7754	0.0010766624473035336	0.0010766624473035336	+	8842
5041	-0.001075394218787551	0.001075394218787551	-	8843
7553	-0.0010752677917480469	0.0010752677917480469	-	8844
2184	0.0010747015476226807	0.0010747015476226807	+	8845
5923	-0.0010744152823463082	0.0010744152823463082	-	8846
6542	-0.0010739578865468502	0.0010739578865468502	-	8847
4500	0.0010718777775764465	0.0010718777775764465	+	8848
3169	-0.0010707320179790258	0.0010707320179790258	-	8849
9902	0.0010707294568419456	0.0010707294568419456	+	8850
8012	-0.0010677652899175882	0.0010677652899175882	-	8851
6923	0.0010663748253136873	0.0010663748253136873	+	8852
5776	-0.0010660113766789436	0.0010660113766789436	-	8853
4460	-0.0010657046223059297	0.0010657046223059297	-	8854
2346	-0.0010653967037796974	0.0010653967037796974	-	8855
972	-0.0010650367476046085	0.0010650367476046085	-	8856
1638	-0.0010642621200531721	0.0010642621200531721	-	8857
9959	-0.0010638526873663068	0.0010638526873663068	-	8858
77	-0.001063663512468338	0.001063663512468338	-	8859
3759	0.0010631904006004333	0.0010631904006004333	+	8860
3205	0.0010609179735183716	0.0010609179735183716	+	8861
9183	-0.0010605547577142715	0.0010605547577142715	-	8862
6565	0.0010596825741231441	0.0010596825741231441	+	8863
8183	-0.0010594052728265524	0.0010594052728265524	-	8864
7792	0.0010586576536297798	0.0010586576536297798	+	8865
8969	0.0010584350675344467	0.0010584350675344467	+	8866
1629	-0.0010576618369668722	0.0010576618369668722	-	8867
8611	0.001057213987223804	0.001057213987223804	+	8868
6779	0.0010571908205747604	0.0010571908205747604	+	8869
1406	-0.0010569567093625665	0.0010569567093625665	-	8870
9657	-0.0010567045537754893	0.0010567045537754893	-	8871
5783	-0.001054822583682835	0.001054822583682835	-	8872
4666	-0.0010547521524131298	0.0010547521524131298	-	8873
6290	0.001053222338669002	0.001053222338669002	+	8874
3973	-0.0010526968399062753	0.0010526968399062753	-	8875
4936	-0.0010526226833462715	0.0010526226833462715	-	8876
7974	-0.0010520373471081257	0.0010520373471081257	-	8877
4218	-0.0010519089410081506	0.0010519089410081506	-	8878
9808	-0.0010503381490707397	0.0010503381490707397	-	8879
5300	-0.001047599595040083	0.001047599595040083	-	8880
6936	-0.0010473725851625204	0.0010473725851625204	-	8881
4859	0.0010463804937899113	0.0010463804937899113	+	8882
3253	-0.001046051736921072	0.001046051736921072	-	8883
5085	-0.0010459823533892632	0.0010459823533892632	-	8884
2797	-0.0010459366021677852	0.0010459366021677852	-	8885
1135	-0.001045455690473318	0.001045455690473318	-	8886
4348	0.0010447464883327484	0.0010447464883327484	+	8887
9758	-0.0010439809411764145	0.0010439809411764145	-	8888
9160	0.0010435594012960792	0.0010435594012960792	+	8889
1555	-0.0010423576459288597	0.0010423576459288597	-	8890
8330	-0.00104208430275321	0.00104208430275321	-	8891
8821	-0.001040816307067871	0.001040816307067871	-	8892
3610	-0.0010404582135379314	0.0010404582135379314	-	8893
5400	-0.0010396139696240425	0.0010396139696240425	-	8894
8216	-0.0010388856753706932	0.0010388856753706932	-	8895
5366	0.0010386211797595024	0.0010386211797595024	+	8896
9104	-0.0010378106962889433	0.0010378106962889433	-	8897
5614	-0.0010376356076449156	0.0010376356076449156	-	8898
5495	-0.0010370329255238175	0.0010370329255238175	-	8899
9810	-0.0010363627225160599	0.0010363627225160599	-	8900
6090	-0.0010338705033063889	0.0010338705033063889	-	8901
8214	0.0010336614213883877	0.0010336614213883877	+	8902
6958	-0.0010319373104721308	0.0010319373104721308	-	8903
1338	-0.001031738705933094	0.001031738705933094	-	8904
4729	0.0010316073894500732	0.0010316073894500732	+	8905
8816	-0.0010312465019524097	0.0010312465019524097	-	8906
2689	-0.0010311270598322153	0.0010311270598322153	-	8907
9969	0.0010303817689418793	0.0010303817689418793	+	8908
9234	-0.0010290957288816571	0.0010290957288816571	-	8909
1783	0.0010280904825776815	0.0010280904825776815	+	8910
2153	-0.0010255035012960434	0.0010255035012960434	-	8911
6066	-0.0010249977931380272	0.0010249977931380272	-	8912
3491	-0.001023598830215633	0.001023598830215633	-	8913
5008	-0.0010234876535832882	0.0010234876535832882	-	8914
7168	-0.0010227295570075512	0.0010227295570075512	-	8915
3227	-0.0010227290913462639	0.0010227290913462639	-	8916
910	0.0010213181376457214	0.0010213181376457214	+	8917
9658	0.0010206876322627068	0.0010206876322627068	+	8918
9538	0.0010197522351518273	0.0010197522351518273	+	8919
195	-0.001018863869830966	0.001018863869830966	-	8920
4811	-0.0010186713188886642	0.0010186713188886642	-	8921
5864	0.0010186447761952877	0.0010186447761952877	+	8922
5855	-0.0010179767850786448	0.0010179767850786448	-	8923
4864	-0.0010179632809013128	0.0010179632809013128	-	8924
8278	-0.0010179029777646065	0.0010179029777646065	-	8925
5106	-0.0010165665298700333	0.0010165665298700333	-	8926
8024	-0.0010162536054849625	0.0010162536054849625	-	8927
7569	-0.001016246504150331	0.001016246504150331	-	8928
6780	-0.001014061039313674	0.001014061039313674	-	8929
2670	0.0010133632458746433	0.0010133632458746433	+	8930
2305	-0.0010129759320989251	0.0010129759320989251	-	8931
453	-0.0010129190050065517	0.0010129190050065517	-	8932
5134	0.0010117525234818459	0.0010117525234818459	+	8933
3644	-0.001010875217616558	0.001010875217616558	-	8934
1866	0.001010803272947669	0.001010803272947669	+	8935
3361	-0.0010096125770360231	0.0010096125770360231	-	8936
10212	-0.0010090648429468274	0.0010090648429468274	-	8937
3964	0.0010081925429403782	0.0010081925429403782	+	8938
1650	-0.0010076574981212616	0.0010076574981212616	-	8939
5434	-0.0010069493437185884	0.0010069493437185884	-	8940
1698	0.0010066460818052292	0.0010066460818052292	+	8941
6139	0.0010065094102174044	0.0010065094102174044	+	8942
9175	-0.0010048659751191735	0.0010048659751191735	-	8943
9603	-0.0010039986809715629	0.0010039986809715629	-	8944
3574	-0.0010037384927272797	0.0010037384927272797	-	8945
4214	0.0010035376762971282	0.0010035376762971282	+	8946
4161	-0.0010028964607045054	0.0010028964607045054	-	8947
1226	-0.0010022250935435295	0.0010022250935435295	-	8948
78	-0.0010006281081587076	0.0010006281081587076	-	8949
6194	-0.0010003652423620224	0.0010003652423620224	-	8950
7047	-0.0009978041052818298	0.0009978041052818298	-	8951
8856	0.000997696304693818	0.000997696304693818	+	8952
1550	-0.0009941176977008581	0.0009941176977008581	-	8953
6610	0.000993705471046269	0.000993705471046269	+	8954
7037	-0.0009934916161000729	0.0009934916161000729	-	8955
331	-0.0009926962666213512	0.0009926962666213512	-	8956
7568	0.0009907553903758526	0.0009907553903758526	+	8957
2434	-0.0009897074196487665	0.0009897074196487665	-	8958
8383	0.0009885334875434637	0.0009885334875434637	+	8959
766	-0.0009854587260633707	0.0009854587260633707	-	8960
6005	-0.00098512158729136	0.00098512158729136	-	8961
4172	-0.000984851736575365	0.000984851736575365	-	8962
4056	-0.000983943697065115	0.000983943697065115	-	8963
6630	0.0009836112149059772	0.0009836112149059772	+	8964
1198	0.0009829453192651272	0.0009829453192651272	+	8965
2839	-0.0009826341411098838	0.0009826341411098838	-	8966
9089	0.0009824491571635008	0.0009824491571635008	+	8967
7243	-0.0009815860539674759	0.0009815860539674759	-	8968
3828	0.0009811725467443466	0.0009811725467443466	+	8969
9133	-0.0009806016460061073	0.0009806016460061073	-	8970
7522	0.000980487558990717	0.000980487558990717	+	8971
6307	-0.0009803068824112415	0.0009803068824112415	-	8972
803	0.0009785555303096771	0.0009785555303096771	+	8973
1846	-0.0009780635591596365	0.0009780635591596365	-	8974
4598	-0.000977356918156147	0.000977356918156147	-	8975
6948	-0.0009760628454387188	0.0009760628454387188	-	8976
9405	-0.0009760059183463454	0.0009760059183463454	-	8977
7657	-0.000975949689745903	0.000975949689745903	-	8978
5942	-0.0009758711094036698	0.0009758711094036698	-	8979
8661	-0.0009752698242664337	0.0009752698242664337	-	8980
2067	-0.0009749382734298706	0.0009749382734298706	-	8981
9927	-0.0009746253490447998	0.0009746253490447998	-	8982
4215	0.000974070280790329	0.000974070280790329	+	8983
7576	-0.0009740357054397464	0.0009740357054397464	-	8984
2570	-0.0009738407097756863	0.0009738407097756863	-	8985
9698	0.000973452115431428	0.000973452115431428	+	8986
4645	0.0009725913405418396	0.0009725913405418396	+	8987
9967	-0.0009719404624775052	0.0009719404624775052	-	8988
4398	-0.0009719333611428738	0.0009719333611428738	-	8989
9795	-0.0009712149039842188	0.0009712149039842188	-	8990
1005	-0.0009711151942610741	0.0009711151942610741	-	8991
5845	0.0009703263640403748	0.0009703263640403748	+	8992
188	-0.0009681377559900284	0.0009681377559900284	-	8993
3488	0.0009673340246081352	0.0009673340246081352	+	8994
8438	0.000967041589319706	0.000967041589319706	+	8995
9377	-0.0009667500853538513	0.0009667500853538513	-	8996
3502	0.0009651617147028446	0.0009651617147028446	+	8997
4080	-0.0009648523991927505	0.0009648523991927505	-	8998
8543	0.0009633894078433514	0.0009633894078433514	+	8999
3974	-0.0009614112786948681	0.0009614112786948681	-	9000
9445	-0.0009613084839656949	0.0009613084839656949	-	9001
210	-0.0009596638265065849	0.0009596638265065849	-	9002
3946	0.0009594392031431198	0.0009594392031431198	+	9003
7745	-0.0009566252119839191	0.0009566252119839191	-	9004
7196	-0.0009551100665703416	0.0009551100665703416	-	9005
2254	-0.0009539873572066426	0.0009539873572066426	-	9006
4194	0.0009526703506708145	0.0009526703506708145	+	9007
7214	-0.0009516656864434481	0.0009516656864434481	-	9008
575	-0.0009513667318969965	0.0009513667318969965	-	9009
8859	-0.0009511420503258705	0.0009511420503258705	-	9010
4521	-0.0009498164290562272	0.0009498164290562272	-	9011
6298	-0.0009496489074081182	0.0009496489074081182	-	9012
7761	-0.0009496251586824656	0.0009496251586824656	-	9013
3947	0.0009493224788457155	0.0009493224788457155	+	9014
2995	-0.000948819681070745	0.000948819681070745	-	9015
8683	-0.000948653556406498	0.000948653556406498	-	9016
10063	-0.0009441287256777287	0.0009441287256777287	-	9017
6639	-0.0009419581037946045	0.0009419581037946045	-	9018
2209	-0.0009396241512149572	0.0009396241512149572	-	9019
9784	0.0009383046999573708	0.0009383046999573708	+	9020
6784	-0.0009374825749546289	0.0009374825749546289	-	9021
8129	-0.0009366218000650406	0.0009366218000650406	-	9022
9993	0.0009356439113616943	0.0009356439113616943	+	9023
5324	0.0009352518245577812	0.0009352518245577812	+	9024
1028	0.0009331454057246447	0.0009331454057246447	+	9025
6249	-0.0009323614649474621	0.0009323614649474621	-	9026
6866	0.00093049556016922	0.00093049556016922	+	9027
8788	-0.0009290915913879871	0.0009290915913879871	-	9028
5038	-0.000928710971493274	0.000928710971493274	-	9029
3056	-0.0009279176592826843	0.0009279176592826843	-	9030
7241	0.0009274573531001806	0.0009274573531001806	+	9031
6972	0.0009273581672459841	0.0009273581672459841	+	9032
3623	-0.0009273531031794846	0.0009273531031794846	-	9033
8541	-0.0009254170581698418	0.0009254170581698418	-	9034
4166	-0.0009248371934518218	0.0009248371934518218	-	9035
9468	0.0009246505796909332	0.0009246505796909332	+	9036
1242	-0.0009244303219020367	0.0009244303219020367	-	9037
1132	-0.0009240416111424565	0.0009240416111424565	-	9038
1745	-0.0009230190189555287	0.0009230190189555287	-	9039
2584	0.0009217379265464842	0.0009217379265464842	+	9040
8150	-0.000917179393582046	0.000917179393582046	-	9041
8619	-0.0009156790329143405	0.0009156790329143405	-	9042
1753	-0.0009153373539447784	0.0009153373539447784	-	9043
9930	-0.0009152981219813228	0.0009152981219813228	-	9044
6001	0.0009141378104686737	0.0009141378104686737	+	9045
1637	-0.0009127124212682247	0.0009127124212682247	-	9046
4322	-0.0009127079974859953	0.0009127079974859953	-	9047
3251	0.0009121221955865622	0.0009121221955865622	+	9048
1957	-0.0009115647990256548	0.0009115647990256548	-	9049
8090	-0.0009099357994273305	0.0009099357994273305	-	9050
8602	-0.0009083651821129024	0.0009083651821129024	-	9051
4459	-0.0009081284515559673	0.0009081284515559673	-	9052
6363	0.0009069540537893772	0.0009069540537893772	+	9053
3472	-0.0009065570775419474	0.0009065570775419474	-	9054
1960	0.0009058943833224475	0.0009058943833224475	+	9055
5429	-0.0009048416977748275	0.0009048416977748275	-	9056
8512	0.0009048405336216092	0.0009048405336216092	+	9057
342	-0.0009039159049279988	0.0009039159049279988	-	9058
9349	-0.0009038452990353107	0.0009038452990353107	-	9059
2542	-0.0009035476250573993	0.0009035476250573993	-	9060
5358	0.000903470441699028	0.000903470441699028	+	9061
1740	-0.0009022607118822634	0.0009022607118822634	-	9062
310	-0.0009007556363940239	0.0009007556363940239	-	9063
1941	-0.0009000892750918865	0.0009000892750918865	-	9064
5512	0.0008996169199235737	0.0008996169199235737	+	9065
4891	-0.0008995506213977933	0.0008995506213977933	-	9066
8359	-0.0008987369947135448	0.0008987369947135448	-	9067
1056	-0.0008981433347798884	0.0008981433347798884	-	9068
8238	-0.0008968824404291809	0.0008968824404291809	-	9069
9324	-0.000895379576832056	0.000895379576832056	-	9070
3201	-0.000893105287104845	0.000893105287104845	-	9071
5313	0.000891772797331214	0.000891772797331214	+	9072
5686	-0.000891081290319562	0.000891081290319562	-	9073
5016	-0.0008908845484256744	0.0008908845484256744	-	9074
4534	0.0008897576481103897	0.0008897576481103897	+	9075
2757	-0.0008869097800925374	0.0008869097800925374	-	9076
4366	0.000886418973095715	0.000886418973095715	+	9077
2403	0.0008843010291457176	0.0008843010291457176	+	9078
5121	0.000884222739841789	0.000884222739841789	+	9079
9750	-0.0008801892399787903	0.0008801892399787903	-	9080
8745	-0.0008797831833362579	0.0008797831833362579	-	9081
1968	-0.0008778928313404322	0.0008778928313404322	-	9082
8444	-0.0008777829934842885	0.0008777829934842885	-	9083
5118	-0.0008775517344474792	0.0008775517344474792	-	9084
5878	-0.0008763077203184366	0.0008763077203184366	-	9085
5607	-0.0008757487521506846	0.0008757487521506846	-	9086
1375	-0.000873959856107831	0.000873959856107831	-	9087
7473	0.0008735880255699158	0.0008735880255699158	+	9088
2834	0.000873280456289649	0.000873280456289649	+	9089
6666	-0.0008729876717552543	0.0008729876717552543	-	9090
7892	-0.0008717700839042664	0.0008717700839042664	-	9091
4170	-0.0008713435381650925	0.0008713435381650925	-	9092
4548	-0.0008682978805154562	0.0008682978805154562	-	9093
5764	-0.0008680109749548137	0.0008680109749548137	-	9094
170	-0.0008644872577860951	0.0008644872577860951	-	9095
7506	-0.0008640344021841884	0.0008640344021841884	-	9096
1823	-0.0008636638522148132	0.0008636638522148132	-	9097
3248	-0.0008627590723335743	0.0008627590723335743	-	9098
4198	-0.0008611695375293493	0.0008611695375293493	-	9099
5873	-0.0008605660405009985	0.0008605660405009985	-	9100
3384	-0.0008601597510278225	0.0008601597510278225	-	9101
8135	-0.0008600791916251183	0.0008600791916251183	-	9102
4903	-0.0008599547436460853	0.0008599547436460853	-	9103
3650	0.000859257357660681	0.000859257357660681	+	9104
5148	-0.0008586698677390814	0.0008586698677390814	-	9105
7237	0.0008580628782510757	0.0008580628782510757	+	9106
492	-0.0008569578640162945	0.0008569578640162945	-	9107
9471	0.0008566547185182571	0.0008566547185182571	+	9108
8560	0.0008559073321521282	0.0008559073321521282	+	9109
9518	-0.0008550144266337156	0.0008550144266337156	-	9110
1997	0.0008548349142074585	0.0008548349142074585	+	9111
6040	0.0008540796115994453	0.0008540796115994453	+	9112
2592	-0.0008539965492673218	0.0008539965492673218	-	9113
1506	0.0008529834449291229	0.0008529834449291229	+	9114
329	0.0008506159065291286	0.0008506159065291286	+	9115
2387	-0.0008499132236465812	0.0008499132236465812	-	9116
8474	-0.0008478759555146098	0.0008478759555146098	-	9117
7630	0.0008477554656565189	0.0008477554656565189	+	9118
3515	-0.000846007140353322	0.000846007140353322	-	9119
3247	0.0008455472998321056	0.0008455472998321056	+	9120
9722	0.0008453507907688618	0.0008453507907688618	+	9121
1136	-0.0008452786132693291	0.0008452786132693291	-	9122
2106	-0.0008420153171755373	0.0008420153171755373	-	9123
4177	-0.00084179628174752	0.00084179628174752	-	9124
2623	-0.0008403792744502425	0.0008403792744502425	-	9125
5442	-0.0008399803191423416	0.0008399803191423416	-	9126
5757	-0.0008375000907108188	0.0008375000907108188	-	9127
5389	-0.000836515158880502	0.000836515158880502	-	9128
784	-0.000836370512843132	0.000836370512843132	-	9129
4313	-0.000835880171507597	0.000835880171507597	-	9130
7624	0.0008351863361895084	0.0008351863361895084	+	9131
2409	0.0008349055424332619	0.0008349055424332619	+	9132
8533	-0.0008348911069333553	0.0008348911069333553	-	9133
4690	-0.0008347894763574004	0.0008347894763574004	-	9134
1728	-0.0008347232360392809	0.0008347232360392809	-	9135
7021	-0.0008342522196471691	0.0008342522196471691	-	9136
7413	0.0008331420831382275	0.0008331420831382275	+	9137
4400	0.0008327513933181763	0.0008327513933181763	+	9138
970	0.0008319424232468009	0.0008319424232468009	+	9139
3412	0.0008316980674862862	0.0008316980674862862	+	9140
9946	-0.0008303727954626083	0.0008303727954626083	-	9141
6805	0.0008287085220217705	0.0008287085220217705	+	9142
7839	-0.0008286064839921892	0.0008286064839921892	-	9143
5513	0.0008276905864477158	0.0008276905864477158	+	9144
73	-0.0008257109439000487	0.0008257109439000487	-	9145
6096	-0.0008252725820057094	0.0008252725820057094	-	9146
584	-0.0008237296715378761	0.0008237296715378761	-	9147
8367	-0.0008224935736507177	0.0008224935736507177	-	9148
8498	-0.0008219584124162793	0.0008219584124162793	-	9149
1932	-0.0008200929150916636	0.0008200929150916636	-	9150
5332	0.0008199275471270084	0.0008199275471270084	+	9151
609	-0.0008188881911337376	0.0008188881911337376	-	9152
8048	-0.0008182363817468286	0.0008182363817468286	-	9153
179	-0.0008182257879525423	0.0008182257879525423	-	9154
3342	-0.0008168909698724747	0.0008168909698724747	-	9155
6140	-0.0008154911920428276	0.0008154911920428276	-	9156
368	-0.0008143181912600994	0.0008143181912600994	-	9157
3235	-0.000814290251582861	0.000814290251582861	-	9158
3410	-0.0008140821009874344	0.0008140821009874344	-	9159
5425	-0.0008134990930557251	0.0008134990930557251	-	9160
7293	-0.0008122791768983006	0.0008122791768983006	-	9161
8825	0.0008120760321617126	0.0008120760321617126	+	9162
8935	0.000811568577773869	0.000811568577773869	+	9163
6400	-0.0008110995404422283	0.0008110995404422283	-	9164
3756	-0.0008109351620078087	0.0008109351620078087	-	9165
4188	0.0008108499459922314	0.0008108499459922314	+	9166
3021	-0.0008097030222415924	0.0008097030222415924	-	9167
8184	0.000808573910035193	0.000808573910035193	+	9168
3301	-0.0008077970705926418	0.0008077970705926418	-	9169
8247	-0.0008075849036686122	0.0008075849036686122	-	9170
6240	-0.0008059910614974797	0.0008059910614974797	-	9171
5073	-0.0008054336067289114	0.0008054336067289114	-	9172
3537	0.0008050627075135708	0.0008050627075135708	+	9173
5568	-0.0008044987916946411	0.0008044987916946411	-	9174
202	-0.0008039053063839674	0.0008039053063839674	-	9175
7933	-0.0008031870238482952	0.0008031870238482952	-	9176
2145	0.0008024771232157946	0.0008024771232157946	+	9177
6089	-0.000798503402620554	0.000798503402620554	-	9178
1845	-0.0007968390127643943	0.0007968390127643943	-	9179
3902	-0.0007958249188959599	0.0007958249188959599	-	9180
7464	0.0007940544746816158	0.0007940544746816158	+	9181
7848	0.0007936307229101658	0.0007936307229101658	+	9182
7707	-0.0007915548048913479	0.0007915548048913479	-	9183
3421	-0.0007913636509329081	0.0007913636509329081	-	9184
1648	-0.0007912117289379239	0.0007912117289379239	-	9185
5632	0.0007910882122814655	0.0007910882122814655	+	9186
4371	0.0007907275576144457	0.0007907275576144457	+	9187
6983	-0.0007891515269875526	0.0007891515269875526	-	9188
993	-0.000788465142250061	0.000788465142250061	-	9189
1250	-0.0007871828274801373	0.0007871828274801373	-	9190
2832	-0.000786184798926115	0.000786184798926115	-	9191
6078	-0.0007857616292312741	0.0007857616292312741	-	9192
2742	-0.0007838457822799683	0.0007838457822799683	-	9193
6087	0.0007833023555576801	0.0007833023555576801	+	9194
5641	-0.0007830976974219084	0.0007830976974219084	-	9195
9792	0.0007827244699001312	0.0007827244699001312	+	9196
5676	-0.0007819989696145058	0.0007819989696145058	-	9197
8304	-0.0007811139803379774	0.0007811139803379774	-	9198
2411	-0.0007798621663823724	0.0007798621663823724	-	9199
9713	-0.0007787786889821291	0.0007787786889821291	-	9200
1145	0.0007784143090248108	0.0007784143090248108	+	9201
4976	-0.0007778839208185673	0.0007778839208185673	-	9202
9101	0.0007756839040666819	0.0007756839040666819	+	9203
6083	-0.0007735148537904024	0.0007735148537904024	-	9204
3395	0.0007716334075666964	0.0007716334075666964	+	9205
5330	-0.0007705416064709425	0.0007705416064709425	-	9206
3209	0.0007692305371165276	0.0007692305371165276	+	9207
5269	0.0007675038650631905	0.0007675038650631905	+	9208
1186	0.0007673207437619567	0.0007673207437619567	+	9209
8311	0.0007653777138330042	0.0007653777138330042	+	9210
3202	0.0007650628685951233	0.0007650628685951233	+	9211
8659	0.000762060284614563	0.000762060284614563	+	9212
1999	0.0007619980024173856	0.0007619980024173856	+	9213
3723	0.0007619704119861126	0.0007619704119861126	+	9214
2662	-0.0007606783765368164	0.0007606783765368164	-	9215
5876	-0.0007602287805639207	0.0007602287805639207	-	9216
5545	0.0007592970505356789	0.0007592970505356789	+	9217
9422	0.0007591871544718742	0.0007591871544718742	+	9218
1052	-0.0007591632893308997	0.0007591632893308997	-	9219
5158	-0.00075899763032794	0.00075899763032794	-	9220
5858	0.0007576299831271172	0.0007576299831271172	+	9221
6660	-0.0007574077462777495	0.0007574077462777495	-	9222
1254	-0.0007569931331090629	0.0007569931331090629	-	9223
6056	0.0007559207733720541	0.0007559207733720541	+	9224
3450	-0.0007546818815171719	0.0007546818815171719	-	9225
8987	-0.0007535628974437714	0.0007535628974437714	-	9226
8093	-0.0007527600391767919	0.0007527600391767919	-	9227
6315	-0.0007496671751141548	0.0007496671751141548	-	9228
4289	-0.0007492275326512754	0.0007492275326512754	-	9229
3937	-0.0007481970824301243	0.0007481970824301243	-	9230
3556	-0.0007469004485756159	0.0007469004485756159	-	9231
7071	-0.0007465127855539322	0.0007465127855539322	-	9232
1394	-0.0007463234942406416	0.0007463234942406416	-	9233
5777	0.0007460387423634529	0.0007460387423634529	+	9234
9355	0.0007454324513673782	0.0007454324513673782	+	9235
194	0.000742876436561346	0.000742876436561346	+	9236
2319	0.0007423724746331573	0.0007423724746331573	+	9237
4814	0.0007422973867505789	0.0007422973867505789	+	9238
5709	0.0007420852198265493	0.0007420852198265493	+	9239
5581	0.0007413265993818641	0.0007413265993818641	+	9240
3952	0.00074024498462677	0.00074024498462677	+	9241
8148	-0.0007399710011668503	0.0007399710011668503	-	9242
563	0.0007392761763185263	0.0007392761763185263	+	9243
6852	-0.0007384596392512321	0.0007384596392512321	-	9244
7990	-0.000738347414880991	0.000738347414880991	-	9245
5921	-0.0007383420597761869	0.0007383420597761869	-	9246
6943	0.0007381818722933531	0.0007381818722933531	+	9247
4539	0.0007365138735622168	0.0007365138735622168	+	9248
10088	0.0007356998976320028	0.0007356998976320028	+	9249
4524	-0.0007349092047661543	0.0007349092047661543	-	9250
6898	-0.0007338976720348	0.0007338976720348	-	9251
9695	-0.0007330522639676929	0.0007330522639676929	-	9252
3752	-0.0007329120999202132	0.0007329120999202132	-	9253
3561	-0.0007328502833843231	0.0007328502833843231	-	9254
5859	-0.0007320967852137983	0.0007320967852137983	-	9255
8840	-0.000731932814233005	0.000731932814233005	-	9256
4294	0.0007318607531487942	0.0007318607531487942	+	9257
2993	-0.0007295003160834312	0.0007295003160834312	-	9258
5920	-0.0007287273183465004	0.0007287273183465004	-	9259
5197	0.0007270309142768383	0.0007270309142768383	+	9260
3621	-0.0007269009947776794	0.0007269009947776794	-	9261
156	-0.0007262578001245856	0.0007262578001245856	-	9262
407	-0.0007254625670611858	0.0007254625670611858	-	9263
406	-0.0007230551564134657	0.0007230551564134657	-	9264
4419	-0.000720880925655365	0.000720880925655365	-	9265
9253	0.0007206201553344727	0.0007206201553344727	+	9266
3540	-0.0007194915087893605	0.0007194915087893605	-	9267
660	-0.0007194820791482925	0.0007194820791482925	-	9268
4503	-0.0007179388776421547	0.0007179388776421547	-	9269
1665	-0.0007176520302891731	0.0007176520302891731	-	9270
2529	-0.0007175635546445847	0.0007175635546445847	-	9271
499	0.0007170282769948244	0.0007170282769948244	+	9272
4616	0.0007154718041419983	0.0007154718041419983	+	9273
2676	0.0007131005986593664	0.0007131005986593664	+	9274
1655	-0.0007130256853997707	0.0007130256853997707	-	9275
4378	-0.0007122608949430287	0.0007122608949430287	-	9276
7301	-0.0007120934315025806	0.0007120934315025806	-	9277
4008	0.0007119770161807537	0.0007119770161807537	+	9278
8256	-0.0007117046043276787	0.0007117046043276787	-	9279
9277	-0.0007113579194992781	0.0007113579194992781	-	9280
8891	0.0007108517456799746	0.0007108517456799746	+	9281
5576	-0.000710674561560154	0.000710674561560154	-	9282
9155	-0.0007099274080246687	0.0007099274080246687	-	9283
2326	-0.0007098829373717308	0.0007098829373717308	-	9284
6215	0.0007095672190189362	0.0007095672190189362	+	9285
7364	-0.0007093579042702913	0.0007093579042702913	-	9286
7596	-0.0007074460154399276	0.0007074460154399276	-	9287
8910	0.0007071890286169946	0.0007071890286169946	+	9288
9312	0.0007070039282552898	0.0007070039282552898	+	9289
9830	-0.0007063442608341575	0.0007063442608341575	-	9290
6452	-0.0007063210941851139	0.0007063210941851139	-	9291
6668	0.000706017017364502	0.000706017017364502	+	9292
6138	-0.0007058664923533797	0.0007058664923533797	-	9293
152	-0.0007041185162961483	0.0007041185162961483	-	9294
209	-0.0007037651957944036	0.0007037651957944036	-	9295
1875	-0.0007023324724286795	0.0007023324724286795	-	9296
9597	0.0007021925412118435	0.0007021925412118435	+	9297
9127	-0.0007001424091868103	0.0007001424091868103	-	9298
6885	-0.0007000470068305731	0.0007000470068305731	-	9299
8738	0.0006980942562222481	0.0006980942562222481	+	9300
426	-0.0006975808064453304	0.0006975808064453304	-	9301
8756	0.0006957654841244221	0.0006957654841244221	+	9302
2509	-0.0006942879408597946	0.0006942879408597946	-	9303
5739	0.0006942600011825562	0.0006942600011825562	+	9304
322	0.0006932193646207452	0.0006932193646207452	+	9305
7738	-0.0006927978247404099	0.0006927978247404099	-	9306
9892	0.0006920695304870605	0.0006920695304870605	+	9307
2519	-0.0006911521777510643	0.0006911521777510643	-	9308
1082	0.0006900334265083075	0.0006900334265083075	+	9309
1759	0.000689924112521112	0.000689924112521112	+	9310
5788	-0.0006898791179992259	0.0006898791179992259	-	9311
6716	0.0006892597302794456	0.0006892597302794456	+	9312
1730	0.0006890031509101391	0.0006890031509101391	+	9313
3887	-0.0006859053391963243	0.0006859053391963243	-	9314
10215	-0.0006813211366534233	0.0006813211366534233	-	9315
6827	0.0006798203103244305	0.0006798203103244305	+	9316
3200	-0.0006780587136745453	0.0006780587136745453	-	9317
2	-0.0006780056282877922	0.0006780056282877922	-	9318
5937	-0.0006776896771043539	0.0006776896771043539	-	9319
7741	0.0006770379841327667	0.0006770379841327667	+	9320
9176	-0.0006748515879735351	0.0006748515879735351	-	9321
2723	-0.0006741792894899845	0.0006741792894899845	-	9322
7873	-0.0006731752073392272	0.0006731752073392272	-	9323
2492	0.0006730817258358002	0.0006730817258358002	+	9324
1595	-0.0006729074520990252	0.0006729074520990252	-	9325
10209	0.0006726004648953676	0.0006726004648953676	+	9326
3919	-0.0006725452840328217	0.0006725452840328217	-	9327
4632	0.0006720349192619324	0.0006720349192619324	+	9328
3133	-0.0006693367613479495	0.0006693367613479495	-	9329
9550	-0.0006690099253319204	0.0006690099253319204	-	9330
5793	-0.000668924767524004	0.000668924767524004	-	9331
9652	-0.0006684436229988933	0.0006684436229988933	-	9332
10086	0.0006674034520983696	0.0006674034520983696	+	9333
3282	-0.0006668200367130339	0.0006668200367130339	-	9334
6002	-0.0006660467479377985	0.0006660467479377985	-	9335
2469	-0.0006654408643953502	0.0006654408643953502	-	9336
8625	-0.0006650426075793803	0.0006650426075793803	-	9337
7450	-0.0006640643696300685	0.0006640643696300685	-	9338
617	-0.0006636744365096092	0.0006636744365096092	-	9339
3015	0.0006633116863667965	0.0006633116863667965	+	9340
4282	-0.000661877915263176	0.000661877915263176	-	9341
7628	-0.0006615743041038513	0.0006615743041038513	-	9342
8980	0.000660947582218796	0.000660947582218796	+	9343
1167	-0.0006604806985706091	0.0006604806985706091	-	9344
2404	-0.0006596059538424015	0.0006596059538424015	-	9345
9315	0.0006572376005351543	0.0006572376005351543	+	9346
941	-0.0006565710064023733	0.0006565710064023733	-	9347
2366	-0.0006550241960212588	0.0006550241960212588	-	9348
1116	-0.0006547062075696886	0.0006547062075696886	-	9349
2154	-0.0006541301845572889	0.0006541301845572889	-	9350
6199	-0.0006534270942211151	0.0006534270942211151	-	9351
4156	0.000653335708193481	0.000653335708193481	+	9352
4489	-0.0006533097475767136	0.0006533097475767136	-	9353
3476	0.0006515965797007084	0.0006515965797007084	+	9354
109	0.0006505631608888507	0.0006505631608888507	+	9355
1419	0.0006480980664491653	0.0006480980664491653	+	9356
8804	0.0006479294970631599	0.0006479294970631599	+	9357
8529	-0.0006465462502092123	0.0006465462502092123	-	9358
4576	-0.0006464701145887375	0.0006464701145887375	-	9359
4327	-0.0006460209842771292	0.0006460209842771292	-	9360
10191	0.0006458552088588476	0.0006458552088588476	+	9361
4102	0.000645806547254324	0.000645806547254324	+	9362
4882	0.000645054504275322	0.000645054504275322	+	9363
4999	0.0006446847692131996	0.0006446847692131996	+	9364
3024	-0.0006443560123443604	0.0006443560123443604	-	9365
5824	-0.0006438898271881044	0.0006438898271881044	-	9366
2272	-0.0006438344717025757	0.0006438344717025757	-	9367
1734	0.0006413622759282589	0.0006413622759282589	+	9368
6204	0.0006405090680345893	0.0006405090680345893	+	9369
7326	0.0006390057969838381	0.0006390057969838381	+	9370
7874	-0.000638146186247468	0.000638146186247468	-	9371
4506	-0.0006366932648234069	0.0006366932648234069	-	9372
9148	-0.0006366455927491188	0.0006366455927491188	-	9373
10182	-0.0006360894767567515	0.0006360894767567515	-	9374
6155	0.000636022537946701	0.000636022537946701	+	9375
5782	-0.0006349850445985794	0.0006349850445985794	-	9376
9078	0.0006347503513097763	0.0006347503513097763	+	9377
9136	0.0006347144953906536	0.0006347144953906536	+	9378
890	-0.0006342774722725153	0.0006342774722725153	-	9379
8570	-0.0006325882859528065	0.0006325882859528065	-	9380
7286	-0.0006315317004919052	0.0006315317004919052	-	9381
6371	-0.000630979600828141	0.000630979600828141	-	9382
6485	0.0006307568401098251	0.0006307568401098251	+	9383
4024	0.0006307503208518028	0.0006307503208518028	+	9384
2667	-0.0006298939697444439	0.0006298939697444439	-	9385
8009	-0.0006297577638179064	0.0006297577638179064	-	9386
6163	-0.0006288511212915182	0.0006288511212915182	-	9387
6177	0.0006272420287132263	0.0006272420287132263	+	9388
6533	0.0006272218306548893	0.0006272218306548893	+	9389
4192	-0.0006249604048207402	0.0006249604048207402	-	9390
5303	-0.0006245989352464676	0.0006245989352464676	-	9391
9022	-0.0006233397871255875	0.0006233397871255875	-	9392
819	-0.000623317901045084	0.000623317901045084	-	9393
4789	-0.0006228627753444016	0.0006228627753444016	-	9394
4165	-0.0006227556150406599	0.0006227556150406599	-	9395
8031	-0.0006223530508577824	0.0006223530508577824	-	9396
3970	-0.0006218180060386658	0.0006218180060386658	-	9397
10232	-0.0006212262087501585	0.0006212262087501585	-	9398
276	0.0006210058927536011	0.0006210058927536011	+	9399
1839	-0.0006201728247106075	0.0006201728247106075	-	9400
6024	-0.0006191832944750786	0.0006191832944750786	-	9401
6590	-0.0006186666432768106	0.0006186666432768106	-	9402
7906	0.0006184055237099528	0.0006184055237099528	+	9403
136	0.0006173071451485157	0.0006173071451485157	+	9404
7689	0.0006173066794872284	0.0006173066794872284	+	9405
4907	0.0006171585991978645	0.0006171585991978645	+	9406
4841	-0.0006169836269691586	0.0006169836269691586	-	9407
2047	-0.0006156368181109428	0.0006156368181109428	-	9408
2164	-0.000615299679338932	0.000615299679338932	-	9409
7114	-0.0006141902413219213	0.0006141902413219213	-	9410
112	-0.0006132035050541162	0.0006132035050541162	-	9411
6993	-0.0006127779488451779	0.0006127779488451779	-	9412
8176	0.0006123040802776814	0.0006123040802776814	+	9413
135	0.0006115187425166368	0.0006115187425166368	+	9414
7166	-0.0006113811396062374	0.0006113811396062374	-	9415
9184	-0.0006104924250394106	0.0006104924250394106	-	9416
5233	0.0006099228048697114	0.0006099228048697114	+	9417
235	-0.0006094519048929214	0.0006094519048929214	-	9418
7836	0.000607659574598074	0.000607659574598074	+	9419
1352	-0.0006071727257221937	0.0006071727257221937	-	9420
5062	0.0006057714344933629	0.0006057714344933629	+	9421
8178	-0.0006055161356925964	0.0006055161356925964	-	9422
4587	-0.000603334279730916	0.000603334279730916	-	9423
8149	-0.0006032239180058241	0.0006032239180058241	-	9424
6990	-0.0006025941693224013	0.0006025941693224013	-	9425
2418	-0.0006024856120347977	0.0006024856120347977	-	9426
3092	0.0005991368088871241	0.0005991368088871241	+	9427
10005	0.0005990623030811548	0.0005990623030811548	+	9428
8854	-0.0005988453631289303	0.0005988453631289303	-	9429
763	0.0005976012907922268	0.0005976012907922268	+	9430
7290	-0.000596991740167141	0.000596991740167141	-	9431
4714	-0.0005965110613033175	0.0005965110613033175	-	9432
2816	0.0005961088463664055	0.0005961088463664055	+	9433
6786	-0.0005960068665444851	0.0005960068665444851	-	9434
2729	-0.000595790334045887	0.000595790334045887	-	9435
4638	-0.0005944992881268263	0.0005944992881268263	-	9436
2450	0.0005938031245023012	0.0005938031245023012	+	9437
246	-0.0005937481764703989	0.0005937481764703989	-	9438
4159	0.0005933292559348047	0.0005933292559348047	+	9439
9853	0.0005927439779043198	0.0005927439779043198	+	9440
6125	0.0005911467596888542	0.0005911467596888542	+	9441
2780	0.000589471310377121	0.000589471310377121	+	9442
8185	-0.0005894265486858785	0.0005894265486858785	-	9443
2955	-0.0005885034915991127	0.0005885034915991127	-	9444
6934	-0.0005877218209207058	0.0005877218209207058	-	9445
8678	-0.0005875867791473866	0.0005875867791473866	-	9446
9417	-0.0005871464964002371	0.0005871464964002371	-	9447
1688	-0.0005863209953531623	0.0005863209953531623	-	9448
8642	0.0005861488170921803	0.0005861488170921803	+	9449
8944	-0.0005860091187059879	0.0005860091187059879	-	9450
4231	-0.0005857177311554551	0.0005857177311554551	-	9451
6483	-0.0005851543974131346	0.0005851543974131346	-	9452
2129	0.0005844803526997566	0.0005844803526997566	+	9453
6804	0.0005812648450955749	0.0005812648450955749	+	9454
9370	-0.0005810386501252651	0.0005810386501252651	-	9455
2134	0.0005801349179819226	0.0005801349179819226	+	9456
1800	-0.0005792593583464622	0.0005792593583464622	-	9457
5175	-0.0005789804272353649	0.0005789804272353649	-	9458
8494	-0.0005762428045272827	0.0005762428045272827	-	9459
5308	-0.0005760560743510723	0.0005760560743510723	-	9460
8991	-0.000575988320633769	0.000575988320633769	-	9461
1488	-0.0005754119483754039	0.0005754119483754039	-	9462
8485	-0.0005749491974711418	0.0005749491974711418	-	9463
7644	-0.0005744959926232696	0.0005744959926232696	-	9464
9804	0.0005721093621104956	0.0005721093621104956	+	9465
9925	0.0005710958503186703	0.0005710958503186703	+	9466
6678	-0.0005707540549337864	0.0005707540549337864	-	9467
4681	0.0005707396194338799	0.0005707396194338799	+	9468
1829	0.0005706101655960083	0.0005706101655960083	+	9469
6796	-0.0005694606807082891	0.0005694606807082891	-	9470
9229	-0.0005690158577635884	0.0005690158577635884	-	9471
856	-0.0005684993229806423	0.0005684993229806423	-	9472
7247	-0.0005676578730344772	0.0005676578730344772	-	9473
6104	-0.0005662013427354395	0.0005662013427354395	-	9474
7612	-0.0005650478415191174	0.0005650478415191174	-	9475
7645	-0.0005645116907544434	0.0005645116907544434	-	9476
4039	-0.0005643994081765413	0.0005643994081765413	-	9477
8392	-0.0005637946887873113	0.0005637946887873113	-	9478
8829	-0.0005627747159451246	0.0005627747159451246	-	9479
6341	-0.0005619311123155057	0.0005619311123155057	-	9480
5043	0.000560954213142395	0.000560954213142395	+	9481
1692	0.0005580373108386993	0.0005580373108386993	+	9482
9557	-0.0005571477231569588	0.0005571477231569588	-	9483
2999	-0.0005555198295041919	0.0005555198295041919	-	9484
7763	-0.0005550524219870567	0.0005550524219870567	-	9485
490	0.0005550500936806202	0.0005550500936806202	+	9486
8626	0.0005540756974369287	0.0005540756974369287	+	9487
6538	-0.0005540020647458732	0.0005540020647458732	-	9488
1485	0.0005531900096684694	0.0005531900096684694	+	9489
443	0.0005522517603822052	0.0005522517603822052	+	9490
6688	0.0005518039688467979	0.0005518039688467979	+	9491
8457	0.0005515897646546364	0.0005515897646546364	+	9492
9258	-0.0005511255003511906	0.0005511255003511906	-	9493
6503	0.0005509615875780582	0.0005509615875780582	+	9494
5564	-0.0005508745089173317	0.0005508745089173317	-	9495
325	0.0005508214235305786	0.0005508214235305786	+	9496
8945	-0.0005503125139512122	0.0005503125139512122	-	9497
9202	-0.0005496437661349773	0.0005496437661349773	-	9498
8285	0.0005493485368788242	0.0005493485368788242	+	9499
1693	0.0005487326998263597	0.0005487326998263597	+	9500
4473	0.0005477090599015355	0.0005477090599015355	+	9501
9514	-0.0005464395508170128	0.0005464395508170128	-	9502
1236	-0.0005453284829854965	0.0005453284829854965	-	9503
6545	0.0005441367393359542	0.0005441367393359542	+	9504
8192	-0.0005418849177658558	0.0005418849177658558	-	9505
6526	0.0005411722231656313	0.0005411722231656313	+	9506
9970	0.0005397299537435174	0.0005397299537435174	+	9507
6756	-0.0005379980430006981	0.0005379980430006981	-	9508
8363	0.0005377007182687521	0.0005377007182687521	+	9509
3844	0.0005376692861318588	0.0005376692861318588	+	9510
4408	0.0005364029202610254	0.0005364029202610254	+	9511
736	-0.0005357738118618727	0.0005357738118618727	-	9512
9932	-0.0005348622798919678	0.0005348622798919678	-	9513
6785	-0.0005343803204596043	0.0005343803204596043	-	9514
5285	0.0005342891090549529	0.0005342891090549529	+	9515
2661	0.0005334401503205299	0.0005334401503205299	+	9516
4756	-0.0005301265046000481	0.0005301265046000481	-	9517
5046	-0.0005298340693116188	0.0005298340693116188	-	9518
7844	0.0005287211388349533	0.0005287211388349533	+	9519
4785	-0.0005285805091261864	0.0005285805091261864	-	9520
3819	0.0005283461650833488	0.0005283461650833488	+	9521
7535	-0.0005275665316730738	0.0005275665316730738	-	9522
1748	-0.0005273760762065649	0.0005273760762065649	-	9523
441	-0.0005263821221888065	0.0005263821221888065	-	9524
605	-0.0005257120355963707	0.0005257120355963707	-	9525
3325	-0.0005251877009868622	0.0005251877009868622	-	9526
1014	0.0005235876888036728	0.0005235876888036728	+	9527
6870	-0.0005228547379374504	0.0005228547379374504	-	9528
915	0.0005226216744631529	0.0005226216744631529	+	9529
992	-0.0005218249280005693	0.0005218249280005693	-	9530
2573	-0.0005211271345615387	0.0005211271345615387	-	9531
5393	-0.0005180170992389321	0.0005180170992389321	-	9532
9427	-0.0005169673822820187	0.0005169673822820187	-	9533
2255	-0.0005161979934200644	0.0005161979934200644	-	9534
7692	0.000514741986989975	0.000514741986989975	+	9535
5449	0.0005137594416737556	0.0005137594416737556	+	9536
6222	-0.0005124823655933142	0.0005124823655933142	-	9537
229	-0.0005124168819747865	0.0005124168819747865	-	9538
3894	-0.0005112001672387123	0.0005112001672387123	-	9539
5458	-0.0005106462631374598	0.0005106462631374598	-	9540
1204	-0.000509379431605339	0.000509379431605339	-	9541
4412	0.0005091023631393909	0.0005091023631393909	+	9542
6976	0.0005085421726107597	0.0005085421726107597	+	9543
2741	-0.0005084516014903784	0.0005084516014903784	-	9544
4330	0.0005073512438684702	0.0005073512438684702	+	9545
5645	0.000507172429934144	0.000507172429934144	+	9546
7375	0.0005071071209385991	0.0005071071209385991	+	9547
3311	0.000506505137309432	0.000506505137309432	+	9548
532	0.0005053929053246975	0.0005053929053246975	+	9549
7918	-0.0005011414177715778	0.0005011414177715778	-	9550
8413	-0.0005009728483855724	0.0005009728483855724	-	9551
3134	-0.0005005177808925509	0.0005005177808925509	-	9552
6980	-0.0004970268346369267	0.0004970268346369267	-	9553
685	0.0004966305568814278	0.0004966305568814278	+	9554
2196	-0.0004951086593791842	0.0004951086593791842	-	9555
6448	0.0004936775658279657	0.0004936775658279657	+	9556
8410	-0.0004934307653456926	0.0004934307653456926	-	9557
5343	-0.00049201725050807	0.00049201725050807	-	9558
8136	-0.0004912517033517361	0.0004912517033517361	-	9559
863	-0.0004902223590761423	0.0004902223590761423	-	9560
9431	-0.000489846570417285	0.000489846570417285	-	9561
5680	-0.0004891026183031499	0.0004891026183031499	-	9562
8740	-0.0004872772842645645	0.0004872772842645645	-	9563
206	0.0004862486384809017	0.0004862486384809017	+	9564
3394	0.000486243050545454	0.000486243050545454	+	9565
3375	-0.00048516702372580767	0.00048516702372580767	-	9566
7637	-0.0004851408302783966	0.0004851408302783966	-	9567
5541	-0.0004837857559323311	0.0004837857559323311	-	9568
786	-0.000483752170111984	0.000483752170111984	-	9569
1774	-0.0004828929086215794	0.0004828929086215794	-	9570
9881	0.00048226863145828247	0.00048226863145828247	+	9571
4508	-0.00048104312736541033	0.00048104312736541033	-	9572
7431	-0.0004777814610861242	0.0004777814610861242	-	9573
6717	0.0004767756909132004	0.0004767756909132004	+	9574
289	-0.0004756953567266464	0.0004756953567266464	-	9575
2218	-0.00047444947995245457	0.00047444947995245457	-	9576
6021	-0.00047428940888494253	0.00047428940888494253	-	9577
955	0.0004736392293125391	0.0004736392293125391	+	9578
388	-0.00047204422298818827	0.00047204422298818827	-	9579
7999	0.0004703337326645851	0.0004703337326645851	+	9580
3272	0.00046911928802728653	0.00046911928802728653	+	9581
787	0.00046862661838531494	0.00046862661838531494	+	9582
121	-0.00046727864537388086	0.00046727864537388086	-	9583
6622	-0.00046718824887648225	0.00046718824887648225	-	9584
2079	-0.00046708015725016594	0.00046708015725016594	-	9585
5748	-0.0004665590822696686	0.0004665590822696686	-	9586
4686	-0.0004659593105316162	0.0004659593105316162	-	9587
5629	-0.0004652974894270301	0.0004652974894270301	-	9588
3377	0.000465253833681345	0.000465253833681345	+	9589
7881	0.0004647243767976761	0.0004647243767976761	+	9590
494	-0.0004645987646654248	0.0004645987646654248	-	9591
9512	-0.00046424887841567397	0.00046424887841567397	-	9592
4058	0.00046388781629502773	0.00046388781629502773	+	9593
8440	-0.0004632766358554363	0.0004632766358554363	-	9594
1926	-0.00045944424346089363	0.00045944424346089363	-	9595
1004	0.0004574451595544815	0.0004574451595544815	+	9596
1336	-0.0004554116167128086	0.0004554116167128086	-	9597
5527	0.00045505305752158165	0.00045505305752158165	+	9598
6515	-0.0004540085792541504	0.0004540085792541504	-	9599
7668	-0.0004522278904914856	0.0004522278904914856	-	9600
9389	0.00045105163007974625	0.00045105163007974625	+	9601
6461	-0.00045086489990353584	0.00045086489990353584	-	9602
2520	-0.0004498305497691035	0.0004498305497691035	-	9603
6223	-0.000449688290245831	0.000449688290245831	-	9604
2793	0.00044936686754226685	0.00044936686754226685	+	9605
8787	-0.0004491452709771693	0.0004491452709771693	-	9606
4267	0.00044857425382360816	0.00044857425382360816	+	9607
8702	0.00044834893196821213	0.00044834893196821213	+	9608
294	-0.000448269653134048	0.000448269653134048	-	9609
6741	0.000448077917098999	0.000448077917098999	+	9610
6169	-0.0004461575299501419	0.0004461575299501419	-	9611
920	0.0004461026401259005	0.0004461026401259005	+	9612
4754	-0.00044430443085730076	0.00044430443085730076	-	9613
914	0.00044170714681968093	0.00044170714681968093	+	9614
1051	-0.00044153258204460144	0.00044153258204460144	-	9615
4295	-0.0004415250150486827	0.0004415250150486827	-	9616
3850	0.0004409942775964737	0.0004409942775964737	+	9617
213	0.00044004229130223393	0.00044004229130223393	+	9618
9273	-0.0004398813471198082	0.0004398813471198082	-	9619
3161	0.0004390168469399214	0.0004390168469399214	+	9620
7690	-0.00043731986079365015	0.00043731986079365015	-	9621
2975	-0.00043699052184820175	0.00043699052184820175	-	9622
2543	0.0004368597874417901	0.0004368597874417901	+	9623
4053	-0.0004365991335362196	0.0004365991335362196	-	9624
8475	0.0004363791085779667	0.0004363791085779667	+	9625
6342	0.0004361197352409363	0.0004361197352409363	+	9626
396	-0.0004359576851129532	0.0004359576851129532	-	9627
3076	-0.00043526667286641896	0.00043526667286641896	-	9628
9626	0.0004350985400378704	0.0004350985400378704	+	9629
6387	0.0004338836297392845	0.0004338836297392845	+	9630
1733	0.0004313590470701456	0.0004313590470701456	+	9631
8979	0.00043131550773978233	0.00043131550773978233	+	9632
5949	0.00042942818254232407	0.00042942818254232407	+	9633
4185	-0.0004279554123058915	0.0004279554123058915	-	9634
4373	-0.0004266430623829365	0.0004266430623829365	-	9635
4881	-0.0004265985335223377	0.0004265985335223377	-	9636
797	-0.00042636203579604626	0.00042636203579604626	-	9637
2283	0.00042445864528417587	0.00042445864528417587	+	9638
4861	0.0004237131215631962	0.0004237131215631962	+	9639
9178	-0.00042315764585509896	0.00042315764585509896	-	9640
1188	0.000422443263232708	0.000422443263232708	+	9641
508	-0.00042141787707805634	0.00042141787707805634	-	9642
7423	-0.00041999295353889465	0.00041999295353889465	-	9643
7460	-0.0004197533708065748	0.0004197533708065748	-	9644
1150	-0.0004189955070614815	0.0004189955070614815	-	9645
8901	-0.0004189165774732828	0.0004189165774732828	-	9646
5633	-0.00041870601125992835	0.00041870601125992835	-	9647
7900	-0.0004178823437541723	0.0004178823437541723	-	9648
1008	0.0004162173718214035	0.0004162173718214035	+	9649
5517	-0.00041590211912989616	0.00041590211912989616	-	9650
3683	-0.00041564181447029114	0.00041564181447029114	-	9651
86	-0.0004155447240918875	0.0004155447240918875	-	9652
8320	0.0004144725389778614	0.0004144725389778614	+	9653
3108	-0.00041419430635869503	0.00041419430635869503	-	9654
9524	0.0004141107201576233	0.0004141107201576233	+	9655
8486	0.00041365367360413074	0.00041365367360413074	+	9656
4776	-0.00041247718036174774	0.00041247718036174774	-	9657
2527	-0.000412002787925303	0.000412002787925303	-	9658
7935	-0.00041135819628834724	0.00041135819628834724	-	9659
3959	0.00040834397077560425	0.00040834397077560425	+	9660
4738	0.00040801079012453556	0.00040801079012453556	+	9661
8481	0.00040788576006889343	0.00040788576006889343	+	9662
7239	-0.0004077244084328413	0.0004077244084328413	-	9663
3331	-0.0004073807504028082	0.0004073807504028082	-	9664
4742	-0.00040704081766307354	0.00040704081766307354	-	9665
3177	-0.00040692021138966084	0.00040692021138966084	-	9666
3940	-0.0004046016838401556	0.0004046016838401556	-	9667
8627	0.00040246063144877553	0.00040246063144877553	+	9668
2726	-0.0004017538158223033	0.0004017538158223033	-	9669
1337	-0.0004016980528831482	0.0004016980528831482	-	9670
690	-0.00039889407344162464	0.00039889407344162464	-	9671
4507	-0.00039799342630431056	0.00039799342630431056	-	9672
473	0.0003966493532061577	0.0003966493532061577	+	9673
3406	0.00039596855640411377	0.00039596855640411377	+	9674
6439	-0.000395867507904768	0.000395867507904768	-	9675
8251	-0.0003950220998376608	0.0003950220998376608	-	9676
2155	-0.00039499413105659187	0.00039499413105659187	-	9677
7539	-0.0003942862676922232	0.0003942862676922232	-	9678
5430	-0.00039161089807748795	0.00039161089807748795	-	9679
2094	0.00039139518048614264	0.00039139518048614264	+	9680
3058	0.0003907738719135523	0.0003907738719135523	+	9681
118	0.00038906279951334	0.00038906279951334	+	9682
7173	-0.0003886932972818613	0.0003886932972818613	-	9683
8691	-0.00038819474866613746	0.00038819474866613746	-	9684
1954	-0.00038736872375011444	0.00038736872375011444	-	9685
5627	-0.00038629770278930664	0.00038629770278930664	-	9686
5208	-0.0003843237063847482	0.0003843237063847482	-	9687
4389	0.00038297008723020554	0.00038297008723020554	+	9688
1723	0.00038293376564979553	0.00038293376564979553	+	9689
4356	0.0003820683341473341	0.0003820683341473341	+	9690
2018	-0.0003795168304350227	0.0003795168304350227	-	9691
6651	-0.00037927133962512016	0.00037927133962512016	-	9692
6708	-0.0003764564171433449	0.0003764564171433449	-	9693
4719	-0.0003764248685911298	0.0003764248685911298	-	9694
7180	0.00037638796493411064	0.00037638796493411064	+	9695
4381	0.0003724460839293897	0.0003724460839293897	+	9696
1307	0.0003714757040143013	0.0003714757040143013	+	9697
2731	-0.00037147337570786476	0.00037147337570786476	-	9698
4337	0.0003711748868227005	0.0003711748868227005	+	9699
2365	0.0003701800014823675	0.0003701800014823675	+	9700
987	-0.0003680037334561348	0.0003680037334561348	-	9701
2449	0.00036751292645931244	0.00036751292645931244	+	9702
6268	0.0003674353938549757	0.0003674353938549757	+	9703
3273	0.0003672158345580101	0.0003672158345580101	+	9704
6118	0.00036698998883366585	0.00036698998883366585	+	9705
3641	-0.0003657276974990964	0.0003657276974990964	-	9706
9251	-0.0003653849707916379	0.0003653849707916379	-	9707
6378	0.00036496762186288834	0.00036496762186288834	+	9708
8917	0.0003642831579782069	0.0003642831579782069	+	9709
6080	-0.0003640113864094019	0.0003640113864094019	-	9710
6085	0.00036300718784332275	0.00036300718784332275	+	9711
3045	-0.00036283303052186966	0.00036283303052186966	-	9712
9159	-0.0003626653924584389	0.0003626653924584389	-	9713
897	-0.00036236486630514264	0.00036236486630514264	-	9714
5408	-0.00036234085564501584	0.00036234085564501584	-	9715
6212	0.00036213407292962074	0.00036213407292962074	+	9716
3559	-0.00036135362461209297	0.00036135362461209297	-	9717
963	0.000361091922968626	0.000361091922968626	+	9718
3135	0.00035953917540609837	0.00035953917540609837	+	9719
6211	-0.0003585286031011492	0.0003585286031011492	-	9720
2460	-0.00035778898745775223	0.00035778898745775223	-	9721
4807	-0.00035738665610551834	0.00035738665610551834	-	9722
9849	-0.00035733310505747795	0.00035733310505747795	-	9723
5731	-0.00035726861096918583	0.00035726861096918583	-	9724
2009	0.0003559787292033434	0.0003559787292033434	+	9725
8731	-0.0003559514880180359	0.0003559514880180359	-	9726
5170	0.0003555383300408721	0.0003555383300408721	+	9727
3633	-0.0003542238555382937	0.0003542238555382937	-	9728
3486	-0.0003528248053044081	0.0003528248053044081	-	9729
5968	-0.0003516636788845062	0.0003516636788845062	-	9730
1796	0.00035154473152942955	0.00035154473152942955	+	9731
2481	0.0003507882356643677	0.0003507882356643677	+	9732
6793	0.00035016494803130627	0.00035016494803130627	+	9733
9099	0.0003496897406876087	0.0003496897406876087	+	9734
704	0.0003490230883471668	0.0003490230883471668	+	9735
6488	0.00034724920988082886	0.00034724920988082886	+	9736
286	0.00034672184847295284	0.00034672184847295284	+	9737
3138	-0.000346277782227844	0.000346277782227844	-	9738
5760	-0.00034545164089649916	0.00034545164089649916	-	9739
8219	-0.0003454289399087429	0.0003454289399087429	-	9740
5524	0.00034398725256323814	0.00034398725256323814	+	9741
9917	-0.0003433423116803169	0.0003433423116803169	-	9742
6789	0.00034274545032531023	0.00034274545032531023	+	9743
2629	0.0003420403227210045	0.0003420403227210045	+	9744
6961	0.0003416994586586952	0.0003416994586586952	+	9745
7052	-0.0003415489918552339	0.0003415489918552339	-	9746
4619	0.00033887382596731186	0.00033887382596731186	+	9747
4702	0.00033803615951910615	0.00033803615951910615	+	9748
824	0.00033789651934057474	0.00033789651934057474	+	9749
7633	0.0003350113984197378	0.0003350113984197378	+	9750
2717	-0.0003346583107486367	0.0003346583107486367	-	9751
8535	0.00033179810270667076	0.00033179810270667076	+	9752
7495	0.0003292724140919745	0.0003292724140919745	+	9753
9863	-0.0003292432811576873	0.0003292432811576873	-	9754
9326	0.00032900040969252586	0.00032900040969252586	+	9755
3980	0.0003275005437899381	0.0003275005437899381	+	9756
1589	-0.00032714009284973145	0.00032714009284973145	-	9757
1257	0.00032617291435599327	0.00032617291435599327	+	9758
2759	-0.00032575469231233	0.00032575469231233	-	9759
4372	-0.00032536062644794583	0.00032536062644794583	-	9760
2206	0.0003246748819947243	0.0003246748819947243	+	9761
2089	-0.0003242169041186571	0.0003242169041186571	-	9762
1908	0.0003231177106499672	0.0003231177106499672	+	9763
6141	-0.00032256031408905983	0.00032256031408905983	-	9764
6807	-0.0003213572781533003	0.0003213572781533003	-	9765
7332	-0.0003213266609236598	0.0003213266609236598	-	9766
949	0.00032091280445456505	0.00032091280445456505	+	9767
5452	-0.0003208541311323643	0.0003208541311323643	-	9768
1998	-0.00032060407102108	0.00032060407102108	-	9769
8956	0.0003203796222805977	0.0003203796222805977	+	9770
2785	0.0003190762363374233	0.0003190762363374233	+	9771
1412	0.00031800020951777697	0.00031800020951777697	+	9772
4050	-0.0003176027676090598	0.0003176027676090598	-	9773
823	-0.00031734356889501214	0.00031734356889501214	-	9774
4561	-0.0003171803546138108	0.0003171803546138108	-	9775
5490	0.0003168035764247179	0.0003168035764247179	+	9776
239	0.0003167111426591873	0.0003167111426591873	+	9777
9290	-0.00031663989648222923	0.00031663989648222923	-	9778
5934	0.0003162119537591934	0.0003162119537591934	+	9779
6917	-0.00031446851789951324	0.00031446851789951324	-	9780
316	-0.00031417442369274795	0.00031417442369274795	-	9781
4824	-0.0003137197345495224	0.0003137197345495224	-	9782
1209	0.00031324964947998524	0.00031324964947998524	+	9783
4740	0.0003131371922791004	0.0003131371922791004	+	9784
8590	-0.00031192664755508304	0.00031192664755508304	-	9785
9192	0.00031103030778467655	0.00031103030778467655	+	9786
3739	-0.0003088993253186345	0.0003088993253186345	-	9787
8327	-0.00030862540006637573	0.00030862540006637573	-	9788
1898	-0.0003080880269408226	0.0003080880269408226	-	9789
2357	-0.00030798977240920067	0.00030798977240920067	-	9790
8540	-0.00030771829187870026	0.00030771829187870026	-	9791
591	0.00030744727700948715	0.00030744727700948715	+	9792
7079	0.0003071457613259554	0.0003071457613259554	+	9793
3813	0.0003061896422877908	0.0003061896422877908	+	9794
5024	0.00030566449277102947	0.00030566449277102947	+	9795
3857	-0.0003053369000554085	0.0003053369000554085	-	9796
5898	-0.00030483337468467653	0.00030483337468467653	-	9797
8390	0.00030428310856223106	0.00030428310856223106	+	9798
1230	-0.00030252058058977127	0.00030252058058977127	-	9799
4837	0.0003013354726135731	0.0003013354726135731	+	9800
4153	0.00029981648549437523	0.00029981648549437523	+	9801
8248	-0.0002996802795678377	0.0002996802795678377	-	9802
832	-0.00029862194787710905	0.00029862194787710905	-	9803
600	-0.0002983783488161862	0.0002983783488161862	-	9804
3581	0.00029826583340764046	0.00029826583340764046	+	9805
3693	-0.0002974573289975524	0.0002974573289975524	-	9806
9723	0.000296988757327199	0.000296988757327199	+	9807
8562	0.00029486778657883406	0.00029486778657883406	+	9808
7650	0.0002936276141554117	0.0002936276141554117	+	9809
1969	-0.00029171572532504797	0.00029171572532504797	-	9810
6166	-0.000291636330075562	0.000291636330075562	-	9811
6698	0.0002913437783718109	0.0002913437783718109	+	9812
9351	-0.0002895897487178445	0.0002895897487178445	-	9813
7351	-0.0002890456235036254	0.0002890456235036254	-	9814
10155	0.0002887328155338764	0.0002887328155338764	+	9815
9759	0.00028826831839978695	0.00028826831839978695	+	9816
3343	-0.0002875654026865959	0.0002875654026865959	-	9817
3426	0.00028751790523529053	0.00028751790523529053	+	9818
4671	-0.0002867043949663639	0.0002867043949663639	-	9819
5913	0.000285513699054718	0.000285513699054718	+	9820
9649	-0.00028511683922261	0.00028511683922261	-	9821
2373	-0.00028496794402599335	0.00028496794402599335	-	9822
6410	0.000283127068541944	0.000283127068541944	+	9823
2110	-0.0002827469725161791	0.0002827469725161791	-	9824
8452	-0.00028109713457524776	0.00028109713457524776	-	9825
4342	0.0002791639417409897	0.0002791639417409897	+	9826
1179	0.00027888722252100706	0.00027888722252100706	+	9827
6790	-0.0002779975184239447	0.0002779975184239447	-	9828
5244	0.00027797918301075697	0.00027797918301075697	+	9829
9656	0.00027791736647486687	0.00027791736647486687	+	9830
10073	-0.0002768919803202152	0.0002768919803202152	-	9831
7512	-0.0002768444246612489	0.0002768444246612489	-	9832
9666	-0.00027654398581944406	0.00027654398581944406	-	9833
2078	0.00027642399072647095	0.00027642399072647095	+	9834
1833	-0.00027602858608588576	0.00027602858608588576	-	9835
2072	-0.0002740054624155164	0.0002740054624155164	-	9836
6981	0.0002739528426900506	0.0002739528426900506	+	9837
7350	0.0002734474837779999	0.0002734474837779999	+	9838
1714	0.0002728475956246257	0.0002728475956246257	+	9839
2378	-0.0002713179273996502	0.0002713179273996502	-	9840
7465	0.0002708269748836756	0.0002708269748836756	+	9841
6146	0.0002707219682633877	0.0002707219682633877	+	9842
7898	-0.00027027702890336514	0.00027027702890336514	-	9843
8151	-0.00026736967265605927	0.00026736967265605927	-	9844
6473	-0.00026572844944894314	0.00026572844944894314	-	9845
207	0.0002639289014041424	0.0002639289014041424	+	9846
8157	-0.0002634870179463178	0.0002634870179463178	-	9847
6029	-0.0002623095642775297	0.0002623095642775297	-	9848
3782	0.00026196823455393314	0.00026196823455393314	+	9849
1741	-0.0002606653142720461	0.0002606653142720461	-	9850
4216	-0.00025753630325198174	0.00025753630325198174	-	9851
997	0.00025750292115844786	0.00025750292115844786	+	9852
9973	-0.00025747844483703375	0.00025747844483703375	-	9853
2845	-0.00025663874112069607	0.00025663874112069607	-	9854
2792	0.0002563775051385164	0.0002563775051385164	+	9855
455	0.00025549810379743576	0.00025549810379743576	+	9856
1981	0.00025544140953570604	0.00025544140953570604	+	9857
5907	-0.0002552688820287585	0.0002552688820287585	-	9858
4705	-0.00025500234914943576	0.00025500234914943576	-	9859
318	0.0002549304626882076	0.0002549304626882076	+	9860
1214	-0.0002544644521549344	0.0002544644521549344	-	9861
8004	-0.00025355859543196857	0.00025355859543196857	-	9862
1091	-0.0002526300959289074	0.0002526300959289074	-	9863
6552	0.00025241076946258545	0.00025241076946258545	+	9864
6601	0.00025021290639415383	0.00025021290639415383	+	9865
7221	-0.0002472716150805354	0.0002472716150805354	-	9866
1470	0.00024602562189102173	0.00024602562189102173	+	9867
5412	0.00024490023497492075	0.00024490023497492075	+	9868
1066	0.00024418742395937443	0.00024418742395937443	+	9869
1306	-0.00024326331913471222	0.00024326331913471222	-	9870
6900	0.00024178577587008476	0.00024178577587008476	+	9871
8075	-0.00024100113660097122	0.00024100113660097122	-	9872
9430	0.0002393790055066347	0.0002393790055066347	+	9873
4888	-0.00023915444035083055	0.00023915444035083055	-	9874
2803	-0.00023893173784017563	0.00023893173784017563	-	9875
5127	-0.0002384869148954749	0.0002384869148954749	-	9876
9031	-0.00023671425879001617	0.00023671425879001617	-	9877
3820	0.0002361498773097992	0.0002361498773097992	+	9878
6301	0.00023580866400152445	0.00023580866400152445	+	9879
3926	-0.00023482460528612137	0.00023482460528612137	-	9880
10150	-0.0002343138912692666	0.0002343138912692666	-	9881
1317	0.00023373414296656847	0.00023373414296656847	+	9882
5616	-0.00023311094264499843	0.00023311094264499843	-	9883
4184	-0.00023257825523614883	0.00023257825523614883	-	9884
9305	0.00023257557768374681	0.00023257557768374681	+	9885
8793	0.00023110635811462998	0.00023110635811462998	+	9886
2244	-0.00023025274276733398	0.00023025274276733398	-	9887
7744	-0.00023002922534942627	0.00023002922534942627	-	9888
5123	-0.00023001455701887608	0.00023001455701887608	-	9889
3317	0.00022983190137892962	0.00022983190137892962	+	9890
1742	-0.00022931396961212158	0.00022931396961212158	-	9891
3214	0.0002291687997058034	0.0002291687997058034	+	9892
1667	-0.00022659753449261189	0.00022659753449261189	-	9893
8376	-0.000225416588364169	0.000225416588364169	-	9894
621	0.00022515113232657313	0.00022515113232657313	+	9895
9035	-0.0002246997319161892	0.0002246997319161892	-	9896
2130	-0.00022439211898017675	0.00022439211898017675	-	9897
4614	0.00022231671027839184	0.00022231671027839184	+	9898
6978	-0.0002206333156209439	0.0002206333156209439	-	9899
534	0.00022061978233978152	0.00022061978233978152	+	9900
2518	0.00022055930458009243	0.00022055930458009243	+	9901
2213	0.00021999096497893333	0.00021999096497893333	+	9902
7299	0.00021691806614398956	0.00021691806614398956	+	9903
4830	0.00021641887724399567	0.00021641887724399567	+	9904
7567	-0.00021440116688609123	0.00021440116688609123	-	9905
5986	-0.00021429499611258507	0.00021429499611258507	-	9906
7082	-0.00021217577159404755	0.00021217577159404755	-	9907
4196	0.00021166913211345673	0.00021166913211345673	+	9908
1623	0.0002113543450832367	0.0002113543450832367	+	9909
10194	-0.00021092654787935317	0.00021092654787935317	-	9910
9956	-0.00021057797130197287	0.00021057797130197287	-	9911
8857	-0.0002103524748235941	0.0002103524748235941	-	9912
9634	-0.00021010893397033215	0.00021010893397033215	-	9913
211	-0.00020992662757635117	0.00020992662757635117	-	9914
3784	0.00020839026547037065	0.00020839026547037065	+	9915
2298	0.00020830740686506033	0.00020830740686506033	+	9916
10221	-0.00020772498100996017	0.00020772498100996017	-	9917
912	-0.00020750128896906972	0.00020750128896906972	-	9918
1462	-0.00020719622261822224	0.00020719622261822224	-	9919
8165	0.0002069268375635147	0.0002069268375635147	+	9920
9544	0.0002062218263745308	0.0002062218263745308	+	9921
5102	0.00020500161917880177	0.00020500161917880177	+	9922
5259	0.00020467489957809448	0.00020467489957809448	+	9923
2486	-0.0002043536223936826	0.0002043536223936826	-	9924
7366	-0.0002043373679043725	0.0002043373679043725	-	9925
9297	-0.00020396325271576643	0.00020396325271576643	-	9926
6527	-0.0002033701166510582	0.0002033701166510582	-	9927
3300	-0.0002031850308412686	0.0002031850308412686	-	9928
9086	-0.00020115473307669163	0.00020115473307669163	-	9929
1843	0.00020051700994372368	0.00020051700994372368	+	9930
7662	0.00019974028691649437	0.00019974028691649437	+	9931
8838	-0.00019949511624872684	0.00019949511624872684	-	9932
414	-0.00019948463886976242	0.00019948463886976242	-	9933
3193	-0.00019815866835415363	0.00019815866835415363	-	9934
2379	0.00019772537052631378	0.00019772537052631378	+	9935
4341	0.000196918030269444	0.000196918030269444	+	9936
8763	-0.00019679318938869983	0.00019679318938869983	-	9937
8617	-0.0001966860145330429	0.0001966860145330429	-	9938
4049	-0.00019572838209569454	0.00019572838209569454	-	9939
8049	-0.00019551278091967106	0.00019551278091967106	-	9940
5302	0.00019424129277467728	0.00019424129277467728	+	9941
9161	-0.000193385174497962	0.000193385174497962	-	9942
8904	0.00019315257668495178	0.00019315257668495178	+	9943
6293	-0.00019308505579829216	0.00019308505579829216	-	9944
8687	0.0001915046595968306	0.0001915046595968306	+	9945
7727	-0.00019064731895923615	0.00019064731895923615	-	9946
9590	0.00019061565399169922	0.00019061565399169922	+	9947
5963	-0.00019060098566114902	0.00019060098566114902	-	9948
6781	-0.00019017374143004417	0.00019017374143004417	-	9949
1020	-0.00018849922344088554	0.00018849922344088554	-	9950
1534	-0.00018815143266692758	0.00018815143266692758	-	9951
9223	-0.00018401595298200846	0.00018401595298200846	-	9952
2714	0.00018370803445577621	0.00018370803445577621	+	9953
10082	-0.00018369406461715698	0.00018369406461715698	-	9954
2225	-0.00018344400450587273	0.00018344400450587273	-	9955
4152	-0.00017852568998932838	0.00017852568998932838	-	9956
7879	0.00017795688472688198	0.00017795688472688198	+	9957
5749	-0.00017772364662960172	0.00017772364662960172	-	9958
3389	0.00017640029545873404	0.00017640029545873404	+	9959
5947	0.00017454044427722692	0.00017454044427722692	+	9960
2750	0.00017441809177398682	0.00017441809177398682	+	9961
3508	-0.00017379966448061168	0.00017379966448061168	-	9962
1763	-0.0001721635926514864	0.0001721635926514864	-	9963
2264	0.00017212043167091906	0.00017212043167091906	+	9964
2473	-0.0001720231375657022	0.0001720231375657022	-	9965
5694	-0.00017060525715351105	0.00017060525715351105	-	9966
5122	-0.0001705156173557043	0.0001705156173557043	-	9967
4125	-0.00016983709065243602	0.00016983709065243602	-	9968
7908	0.00016919313929975033	0.00016919313929975033	+	9969
5116	-0.00016913958825170994	0.00016913958825170994	-	9970
8208	0.00016803236212581396	0.00016803236212581396	+	9971
9803	-0.0001663642469793558	0.0001663642469793558	-	9972
4252	-0.00016576872440055013	0.00016576872440055013	-	9973
261	0.00016553839668631554	0.00016553839668631554	+	9974
3228	0.0001644417643547058	0.0001644417643547058	+	9975
9358	-0.00016398727893829346	0.00016398727893829346	-	9976
9103	0.0001630469341762364	0.0001630469341762364	+	9977
258	-0.00016254233196377754	0.00016254233196377754	-	9978
6500	-0.0001620231196284294	0.0001620231196284294	-	9979
921	-0.0001618324313312769	0.0001618324313312769	-	9980
6772	-0.00016167480498552322	0.00016167480498552322	-	9981
8516	-0.0001612701453268528	0.0001612701453268528	-	9982
10210	-0.00016024615615606308	0.00016024615615606308	-	9983
5573	-0.0001596040092408657	0.0001596040092408657	-	9984
4535	-0.00015887594781816006	0.00015887594781816006	-	9985
228	0.00015866541070863605	0.00015866541070863605	+	9986
3061	0.00015834392979741096	0.00015834392979741096	+	9987
10037	-0.00015819392865523696	0.00015819392865523696	-	9988
8443	0.0001581063843332231	0.0001581063843332231	+	9989
9517	0.00015723425894975662	0.00015723425894975662	+	9990
4996	0.00015719840303063393	0.00015719840303063393	+	9991
9806	-0.00015600136248394847	0.00015600136248394847	-	9992
1368	-0.0001552788307890296	0.0001552788307890296	-	9993
8253	0.00015423295553773642	0.00015423295553773642	+	9994
7581	0.000154052278958261	0.000154052278958261	+	9995
4718	-0.0001537371426820755	0.0001537371426820755	-	9996
1675	0.0001535019837319851	0.0001535019837319851	+	9997
9461	-0.00015311315655708313	0.00015311315655708313	-	9998
2669	0.00015307776629924774	0.00015307776629924774	+	9999
5716	0.00015052338130772114	0.00015052338130772114	+	10000
442	0.00014852086314931512	0.00014852086314931512	+	10001
3145	-0.00014682672917842865	0.00014682672917842865	-	10002
8263	0.0001464933156967163	0.0001464933156967163	+	10003
1990	-0.00014583527809008956	0.00014583527809008956	-	10004
1449	-0.00014569665654562414	0.00014569665654562414	-	10005
7378	-0.00014526303857564926	0.00014526303857564926	-	10006
4516	-0.00014284555800259113	0.00014284555800259113	-	10007
6907	0.00014262537297327071	0.00014262537297327071	+	10008
3876	-0.0001417742168996483	0.0001417742168996483	-	10009
10229	0.00014058174565434456	0.00014058174565434456	+	10010
6549	-0.0001405179500579834	0.0001405179500579834	-	10011
3126	0.00014029708108864725	0.00014029708108864725	+	10012
5019	0.0001402893103659153	0.0001402893103659153	+	10013
1084	0.00013972981832921505	0.00013972981832921505	+	10014
4449	0.0001380397006869316	0.0001380397006869316	+	10015
1687	-0.00013745948672294617	0.00013745948672294617	-	10016
350	-0.00013583700638264418	0.00013583700638264418	-	10017
6216	-0.00013558845967054367	0.00013558845967054367	-	10018
1011	-0.00013391478569246829	0.00013391478569246829	-	10019
5605	-0.0001334361732006073	0.0001334361732006073	-	10020
9168	-0.00013318052515387535	0.00013318052515387535	-	10021
6174	0.0001328340731561184	0.0001328340731561184	+	10022
779	-0.00013179238885641098	0.00013179238885641098	-	10023
1129	-0.00013076048344373703	0.00013076048344373703	-	10024
5915	-0.000130617234390229	0.000130617234390229	-	10025
7706	0.00013056490570306778	0.00013056490570306778	+	10026
9085	0.00013040564954280853	0.00013040564954280853	+	10027
9921	-0.00012985419016331434	0.00012985419016331434	-	10028
9141	-0.00012928713113069534	0.00012928713113069534	-	10029
3903	0.00012853136286139488	0.00012853136286139488	+	10030
1087	0.00012695975601673126	0.00012695975601673126	+	10031
8592	-0.00012646382674574852	0.00012646382674574852	-	10032
3933	-0.00012644508387893438	0.00012644508387893438	-	10033
1457	0.0001260993303731084	0.0001260993303731084	+	10034
7043	0.00012568151578307152	0.00012568151578307152	+	10035
9546	-0.00012566655641421676	0.00012566655641421676	-	10036
822	0.00012545008212327957	0.00012545008212327957	+	10037
2034	-0.0001244954764842987	0.0001244954764842987	-	10038
7123	-0.00012235745089128613	0.00012235745089128613	-	10039
5051	0.00012201240315334871	0.00012201240315334871	+	10040
3600	0.00012192456051707268	0.00012192456051707268	+	10041
613	-0.0001213865471072495	0.0001213865471072495	-	10042
8725	0.00012091873213648796	0.00012091873213648796	+	10043
6014	0.00011993093357887119	0.00011993093357887119	+	10044
5135	0.00011989893391728401	0.00011989893391728401	+	10045
655	-0.00011938880197703838	0.00011938880197703838	-	10046
5179	-0.00011800864012911916	0.00011800864012911916	-	10047
7317	-0.00011799554340541363	0.00011799554340541363	-	10048
7296	0.00011778343468904495	0.00011778343468904495	+	10049
3087	-0.00011549564078450203	0.00011549564078450203	-	10050
5742	0.00011440855450928211	0.00011440855450928211	+	10051
8775	-0.00011329201515763998	0.00011329201515763998	-	10052
6291	0.00011169983190484345	0.00011169983190484345	+	10053
3156	0.00011165987234562635	0.00011165987234562635	+	10054
1211	0.00011120396084152162	0.00011120396084152162	+	10055
6127	-0.00011096056550741196	0.00011096056550741196	-	10056
1160	-0.00011032819747924805	0.00011032819747924805	-	10057
6682	0.00010881386697292328	0.00010881386697292328	+	10058
6525	0.00010875333100557327	0.00010875333100557327	+	10059
2384	-0.00010867300443351269	0.00010867300443351269	-	10060
475	0.00010764936450868845	0.00010764936450868845	+	10061
6463	-0.00010712258517742157	0.00010712258517742157	-	10062
10095	0.0001065223477780819	0.0001065223477780819	+	10063
3314	0.00010637019295245409	0.00010637019295245409	+	10064
7101	-0.0001049520360538736	0.0001049520360538736	-	10065
6540	0.0001040557399392128	0.0001040557399392128	+	10066
9717	-0.00010383731569163501	0.00010383731569163501	-	10067
9651	0.00010357837891206145	0.00010357837891206145	+	10068
5528	-0.00010301824659109116	0.00010301824659109116	-	10069
9833	0.0001029064878821373	0.0001029064878821373	+	10070
6018	0.00010234257206320763	0.00010234257206320763	+	10071
6416	-0.00010197481606155634	0.00010197481606155634	-	10072
7112	0.00010176468640565872	0.00010176468640565872	+	10073
4967	-0.00010159681551158428	0.00010159681551158428	-	10074
9591	0.00010115653276443481	0.00010115653276443481	+	10075
393	-0.00010039028711616993	0.00010039028711616993	-	10076
1602	9.84689686447382e-05	9.84689686447382e-05	+	10077
9260	9.837234392762184e-05	9.837234392762184e-05	+	10078
7863	-9.813066571950912e-05	9.813066571950912e-05	-	10079
816	-9.699696965981275e-05	9.699696965981275e-05	-	10080
6815	-9.692972525954247e-05	9.692972525954247e-05	-	10081
5100	9.609753033146262e-05	9.609753033146262e-05	+	10082
4926	9.593699360266328e-05	9.593699360266328e-05	+	10083
5007	9.380164556205273e-05	9.380164556205273e-05	+	10084
5723	-9.373738430440426e-05	9.373738430440426e-05	-	10085
1661	-9.258449426852167e-05	9.258449426852167e-05	-	10086
516	-9.210097778122872e-05	9.210097778122872e-05	-	10087
3425	9.044958278536797e-05	9.044958278536797e-05	+	10088
355	-8.894107304513454e-05	8.894107304513454e-05	-	10089
7474	8.809856080915779e-05	8.809856080915779e-05	+	10090
3008	8.780974894762039e-05	8.780974894762039e-05	+	10091
266	-8.511636406183243e-05	8.511636406183243e-05	-	10092
1729	-8.2179787568748e-05	8.2179787568748e-05	-	10093
9859	8.204975165426731e-05	8.204975165426731e-05	+	10094
3607	8.162111043930054e-05	8.162111043930054e-05	+	10095
6075	-8.08339100331068e-05	8.08339100331068e-05	-	10096
8919	8.012878242880106e-05	8.012878242880106e-05	+	10097
7294	-8.009572047740221e-05	8.009572047740221e-05	-	10098
2903	-7.970433216542006e-05	7.970433216542006e-05	-	10099
7845	-7.882656063884497e-05	7.882656063884497e-05	-	10100
4133	7.84061849117279e-05	7.84061849117279e-05	+	10101
5933	7.777055725455284e-05	7.777055725455284e-05	+	10102
1816	-7.685215678066015e-05	7.685215678066015e-05	-	10103
5273	7.636009831912816e-05	7.636009831912816e-05	+	10104
468	7.61465635150671e-05	7.61465635150671e-05	+	10105
1852	7.593724876642227e-05	7.593724876642227e-05	+	10106
1040	-7.573096081614494e-05	7.573096081614494e-05	-	10107
2514	-7.566460408270359e-05	7.566460408270359e-05	-	10108
3101	7.503457163693383e-05	7.503457163693383e-05	+	10109
1500	-7.446302333846688e-05	7.446302333846688e-05	-	10110
5622	-7.3436793172732e-05	7.3436793172732e-05	-	10111
8078	7.205200381577015e-05	7.205200381577015e-05	+	10112
7964	-7.202732376754284e-05	7.202732376754284e-05	-	10113
7430	-7.166799332480878e-05	7.166799332480878e-05	-	10114
9095	7.118284702301025e-05	7.118284702301025e-05	+	10115
500	-7.113791070878506e-05	7.113791070878506e-05	-	10116
5021	-6.940867751836777e-05	6.940867751836777e-05	-	10117
1935	6.908783689141273e-05	6.908783689141273e-05	+	10118
8699	-6.850535282865167e-05	6.850535282865167e-05	-	10119
10000	-6.695231422781944e-05	6.695231422781944e-05	-	10120
7316	6.633810698986053e-05	6.633810698986053e-05	+	10121
2700	-6.544834468513727e-05	6.544834468513727e-05	-	10122
4839	6.328895688056946e-05	6.328895688056946e-05	+	10123
8018	6.262212991714478e-05	6.262212991714478e-05	+	10124
7734	-6.234715692698956e-05	6.234715692698956e-05	-	10125
3793	6.06299436185509e-05	6.06299436185509e-05	+	10126
5419	-6.0264021158218384e-05	6.0264021158218384e-05	-	10127
4947	5.97834587097168e-05	5.97834587097168e-05	+	10128
292	-5.846098065376282e-05	5.846098065376282e-05	-	10129
5647	5.7291239500045776e-05	5.7291239500045776e-05	+	10130
5922	-5.7044439017772675e-05	5.7044439017772675e-05	-	10131
9983	-5.6774355471134186e-05	5.6774355471134186e-05	-	10132
2580	5.6086661061272025e-05	5.6086661061272025e-05	+	10133
2867	5.5631622672080994e-05	5.5631622672080994e-05	+	10134
3312	-5.274196882965043e-05	5.274196882965043e-05	-	10135
9227	5.229818634688854e-05	5.229818634688854e-05	+	10136
7036	5.109893390908837e-05	5.109893390908837e-05	+	10137
5260	5.091921775601804e-05	5.091921775601804e-05	+	10138
5401	-5.0491129513829947e-05	5.0491129513829947e-05	-	10139
2526	5.038036033511162e-05	5.038036033511162e-05	+	10140
5404	-4.978175275027752e-05	4.978175275027752e-05	-	10141
3675	4.9486756324768066e-05	4.9486756324768066e-05	+	10142
6919	4.875008016824722e-05	4.875008016824722e-05	+	10143
1294	4.843296483159065e-05	4.843296483159065e-05	+	10144
8557	-4.833121784031391e-05	4.833121784031391e-05	-	10145
1396	-4.8149959184229374e-05	4.8149959184229374e-05	-	10146
5125	-4.775554407387972e-05	4.775554407387972e-05	-	10147
9827	4.6808039769530296e-05	4.6808039769530296e-05	+	10148
6424	4.614674253389239e-05	4.614674253389239e-05	+	10149
6626	-4.60110604763031e-05	4.60110604763031e-05	-	10150
8086	-4.5963097363710403e-05	4.5963097363710403e-05	-	10151
4557	-4.4914351747138426e-05	4.4914351747138426e-05	-	10152
3753	-4.462373908609152e-05	4.462373908609152e-05	-	10153
5839	4.416902083903551e-05	4.416902083903551e-05	+	10154
1033	4.3120002374053e-05	4.3120002374053e-05	+	10155
3120	-4.152266774326563e-05	4.152266774326563e-05	-	10156
10130	4.093162715435028e-05	4.093162715435028e-05	+	10157
2494	-4.054419696331024e-05	4.054419696331024e-05	-	10158
1369	3.953929990530014e-05	3.953929990530014e-05	+	10159
2182	-3.947550430893898e-05	3.947550430893898e-05	-	10160
2439	3.914137778338045e-05	3.914137778338045e-05	+	10161
8182	-3.904610639438033e-05	3.904610639438033e-05	-	10162
10153	3.897806163877249e-05	3.897806163877249e-05	+	10163
10023	-3.88571061193943e-05	3.88571061193943e-05	-	10164
8930	-3.884872421622276e-05	3.884872421622276e-05	-	10165
8865	3.864310565404594e-05	3.864310565404594e-05	+	10166
5794	-3.8201105780899525e-05	3.8201105780899525e-05	-	10167
7025	-3.740680404007435e-05	3.740680404007435e-05	-	10168
6428	-3.725220449268818e-05	3.725220449268818e-05	-	10169
7507	-3.690458834171295e-05	3.690458834171295e-05	-	10170
3146	-3.664474934339523e-05	3.664474934339523e-05	-	10171
6733	-3.627152182161808e-05	3.627152182161808e-05	-	10172
8321	3.5359407775104046e-05	3.5359407775104046e-05	+	10173
8435	3.438227577134967e-05	3.438227577134967e-05	+	10174
5065	-3.417627885937691e-05	3.417627885937691e-05	-	10175
326	-2.9086426366120577e-05	2.9086426366120577e-05	-	10176
7288	-2.8803478926420212e-05	2.8803478926420212e-05	-	10177
3534	2.8726557502523065e-05	2.8726557502523065e-05	+	10178
6154	-2.7731992304325104e-05	2.7731992304325104e-05	-	10179
9558	-2.73887999355793e-05	2.73887999355793e-05	-	10180
2533	-2.6400317437946796e-05	2.6400317437946796e-05	-	10181
10237	-2.520583257137332e-05	2.520583257137332e-05	-	10182
6221	2.5006011128425598e-05	2.5006011128425598e-05	+	10183
5781	-2.457946538925171e-05	2.457946538925171e-05	-	10184
4335	2.401880919933319e-05	2.401880919933319e-05	+	10185
1722	2.3976434022188187e-05	2.3976434022188187e-05	+	10186
9466	2.2564083337783813e-05	2.2564083337783813e-05	+	10187
9710	-2.2475607693195343e-05	2.2475607693195343e-05	-	10188
4968	2.2264030121732503e-05	2.2264030121732503e-05	+	10189
3510	-2.2211112082004547e-05	2.2211112082004547e-05	-	10190
807	2.162158489227295e-05	2.162158489227295e-05	+	10191
8957	-2.12937593460083e-05	2.12937593460083e-05	-	10192
7420	1.9696075469255447e-05	1.9696075469255447e-05	+	10193
7758	1.8874012312153354e-05	1.8874012312153354e-05	+	10194
402	-1.796637661755085e-05	1.796637661755085e-05	-	10195
7490	1.7930753529071808e-05	1.7930753529071808e-05	+	10196
391	1.719419378787279e-05	1.719419378787279e-05	+	10197
3907	-1.7018988728523254e-05	1.7018988728523254e-05	-	10198
8938	-1.6085803508758545e-05	1.6085803508758545e-05	-	10199
10183	-1.5650875866413116e-05	1.5650875866413116e-05	-	10200
5370	-1.5138240996748209e-05	1.5138240996748209e-05	-	10201
164	-1.4958903193473816e-05	1.4958903193473816e-05	-	10202
4286	-1.4521385310217738e-05	1.4521385310217738e-05	-	10203
781	1.3181357644498348e-05	1.3181357644498348e-05	+	10204
6010	1.2814998626708984e-05	1.2814998626708984e-05	+	10205
608	1.2440723367035389e-05	1.2440723367035389e-05	+	10206
8912	-1.2140721082687378e-05	1.2140721082687378e-05	-	10207
8628	-1.2118369340896606e-05	1.2118369340896606e-05	-	10208
9174	1.076841726899147e-05	1.076841726899147e-05	+	10209
7967	9.952578693628311e-06	9.952578693628311e-06	+	10210
3774	-9.857816621661186e-06	9.857816621661186e-06	-	10211
8464	-9.01985913515091e-06	9.01985913515091e-06	-	10212
7748	7.224734872579575e-06	7.224734872579575e-06	+	10213
7911	-6.645452231168747e-06	6.645452231168747e-06	-	10214
8255	-4.671979695558548e-06	4.671979695558548e-06	-	10215
5623	-4.184083081781864e-06	4.184083081781864e-06	-	10216
892	3.200024366378784e-06	3.200024366378784e-06	+	10217
1016	3.0759256333112717e-06	3.0759256333112717e-06	+	10218
1275	-1.7168931663036346e-06	1.7168931663036346e-06	-	10219
5235	1.280568540096283e-06	1.280568540096283e-06	+	10220
149	-8.615897968411446e-07	8.615897968411446e-07	-	10221
7156	3.3924152376130223e-07	3.3924152376130223e-07	+	10222
2530	3.079185262322426e-07	3.079185262322426e-07	+	10223
7312	1.7974525690078735e-07	1.7974525690078735e-07	+	10224
1316	0.0	0.0	+	10225
2345	0.0	0.0	+	10226
2698	0.0	0.0	+	10227
2997	0.0	0.0	+	10228
3616	0.0	0.0	+	10229
4439	0.0	0.0	+	10230
4732	0.0	0.0	+	10231
5508	0.0	0.0	+	10232
5803	0.0	0.0	+	10233
6176	0.0	0.0	+	10234
7653	0.0	0.0	+	10235
7713	0.0	0.0	+	10236
7753	0.0	0.0	+	10237
8488	0.0	0.0	+	10238
8532	0.0	0.0	+	10239
8559	0.0	0.0	+	10240
