confirmatory::C0HJJ4	confirmatory::C0HJJ4
confirmatory::C0HJJ4	confirmatory::O42143
confirmatory::C0HJJ4	confirmatory::O12956
confirmatory::C0HJJ4	confirmatory::O42144
confirmatory::C0HJJ4	confirmatory::P01272
confirmatory::C0HJJ4	confirmatory::P01273
confirmatory::C0HJJ4	confirmatory::P01274
confirmatory::C0HJJ4	confirmatory::P01275
confirmatory::C0HJJ4	confirmatory::P04092
confirmatory::C0HJJ4	confirmatory::P04093
confirmatory::C0HJJ4	confirmatory::P06883
confirmatory::C0HJJ4	confirmatory::P09566
confirmatory::C0HJJ4	confirmatory::P09686
confirmatory::C0HJJ4	confirmatory::P0C235
confirmatory::C0HJJ4	confirmatory::P15438
confirmatory::C0HJJ4	confirmatory::P33528
confirmatory::C0HJJ4	confirmatory::P55095
confirmatory::C0HJJ4	confirmatory::P68260
confirmatory::C0HJJ4	confirmatory::P68273
confirmatory::C0HJJ4	confirmatory::P68274
confirmatory::C0HJJ4	confirmatory::P68275
confirmatory::C0HJJ4	confirmatory::P68954
confirmatory::C0HJJ4	confirmatory::P68955
confirmatory::C0HJJ4	confirmatory::P68956
confirmatory::C0HJJ4	confirmatory::P68957
confirmatory::C0HJJ4	confirmatory::Q8MJ25
confirmatory::C0HJJ4	discovery::P18108
confirmatory::C0HJJ4	discovery::P29794
confirmatory::C0HJJ4	discovery::P68952
confirmatory::C0HJJ4	discovery::P68953
confirmatory::C0HJJ4	confirmatory::P01278
confirmatory::C0HJJ4	confirmatory::C0HJJ2
confirmatory::C0HJJ4	confirmatory::C0HJJ5
confirmatory::C0HJJ4	confirmatory::C0HJJ6
confirmatory::C0HJJ4	confirmatory::P07449
confirmatory::C0HJJ4	confirmatory::P81026
confirmatory::C0HJJ4	confirmatory::P81880
confirmatory::C0HJJ4	discovery::C0HJJ3
confirmatory::C0HJJ4	confirmatory::P09687
confirmatory::C0HJJ4	confirmatory::P09682
confirmatory::C0HJJ4	confirmatory::P22890
confirmatory::C0HJJ4	confirmatory::P05110
confirmatory::C0HJJ4	confirmatory::P31297
confirmatory::C0HJJ4	confirmatory::P09567
confirmatory::C0HJJ4	confirmatory::P13189
confirmatory::C0HJJ4	confirmatory::Q9PRQ9
confirmatory::C0HJJ4	confirmatory::Q91971
confirmatory::C0HJJ4	confirmatory::Q91189
confirmatory::C0HJJ4	confirmatory::Q9PUR0
confirmatory::C0HJJ4	confirmatory::Q9PUR1
confirmatory::C0HL51	confirmatory::C0HL51
confirmatory::C0HLB8	confirmatory::C0HLB8
confirmatory::C0HLT8	confirmatory::C0HLT8
confirmatory::C0HLT8	confirmatory::P26986
confirmatory::C0HLT8	confirmatory::A0A0K3AVY3
confirmatory::C0HMC3	confirmatory::C0HMC3
confirmatory::C0K3N1	confirmatory::C0K3N1
confirmatory::C4M1P9	confirmatory::C4M1P9
confirmatory::C7B178	confirmatory::C7B178
confirmatory::C9D7R2	confirmatory::C9D7R2
confirmatory::D0EM77	confirmatory::D0EM77
confirmatory::D0Z6T1	confirmatory::D0Z6T1
confirmatory::D1FQ14	confirmatory::D1FQ14
confirmatory::D2X5W3	confirmatory::D2X5W3
confirmatory::D3Z5L9	confirmatory::D3Z5L9
confirmatory::D3Z5L9	confirmatory::P51609
confirmatory::D3Z5L9	confirmatory::A5A6L1
confirmatory::D3Z5L9	confirmatory::O19113
confirmatory::D3Z5L9	confirmatory::O95388
confirmatory::D3Z5L9	confirmatory::O95389
confirmatory::D3Z5L9	confirmatory::P18406
confirmatory::D3Z5L9	confirmatory::P19336
confirmatory::D3Z5L9	confirmatory::P29279
confirmatory::D3Z5L9	confirmatory::Q99PP0
confirmatory::D3Z5L9	confirmatory::Q9R1E9
confirmatory::D3Z5L9	confirmatory::P48745
confirmatory::D3Z5L9	confirmatory::Q64299
confirmatory::D3Z5L9	confirmatory::Q9QZQ5
confirmatory::D4AQG0	confirmatory::D4AQG0
confirmatory::D4AQG0	confirmatory::D4AKU9
confirmatory::D4AQG0	confirmatory::B6VA84
confirmatory::D4AQG0	confirmatory::B6VA86
confirmatory::D4AQG0	confirmatory::B8XGQ6
confirmatory::D4AQG0	confirmatory::C5FMY5
confirmatory::D4AQG0	confirmatory::C5P6L5
confirmatory::D4AQG0	confirmatory::D4DIW9
confirmatory::D4AQG0	confirmatory::P06873
confirmatory::D4AQG0	confirmatory::Q64K34
confirmatory::D4AQG0	confirmatory::Q69F56
confirmatory::D4AQG0	confirmatory::Q69F58
confirmatory::D4AQG0	confirmatory::Q8J0D7
confirmatory::D4AQG0	confirmatory::D4CZ60
confirmatory::D4AQG0	confirmatory::C5FZ39
confirmatory::D4AQG0	confirmatory::D4APE3
confirmatory::D4AQG0	confirmatory::E4UY04
confirmatory::D4AQG0	confirmatory::D4CZQ4
confirmatory::D4AQG0	confirmatory::D4B194
confirmatory::D4AQG0	confirmatory::E4V4J8
confirmatory::D4AQG0	confirmatory::Q64K36
confirmatory::D4AQG0	confirmatory::Q68GV9
confirmatory::D4AQG0	discovery::A1XIH5
confirmatory::D4AQG0	confirmatory::C5FX37
confirmatory::D4AQG0	confirmatory::C5P6D1
confirmatory::D4AQG0	confirmatory::D4B5N1
confirmatory::D4AQG0	confirmatory::D4D674
confirmatory::D4B327	confirmatory::D4B327
confirmatory::D4GUK0	confirmatory::D4GUK0
confirmatory::D4GUK0	confirmatory::Q9HRW4
confirmatory::D4P095	confirmatory::D4P095
confirmatory::D4P095	confirmatory::P0AEW4
confirmatory::D4P095	confirmatory::Q8YLG0
confirmatory::E0TU96	confirmatory::E0TU96
confirmatory::O43915	confirmatory::O43915
confirmatory::O43915	confirmatory::P49767
confirmatory::O44836	confirmatory::O44836
confirmatory::O45824	confirmatory::O45824
confirmatory::O46197	confirmatory::O46197
confirmatory::O51632	confirmatory::O51632
confirmatory::O52866	confirmatory::O52866
confirmatory::O55761	confirmatory::O55761
confirmatory::O60182	confirmatory::O60182
confirmatory::O60182	confirmatory::P35600
confirmatory::O60182	confirmatory::P38630
confirmatory::O60182	confirmatory::Q9C587
confirmatory::O60733	confirmatory::O60733
confirmatory::O61142	confirmatory::O61142
confirmatory::O61142	confirmatory::A0A509AM03
confirmatory::O61142	confirmatory::E6Y8B9
confirmatory::O61142	confirmatory::Q8I0V0
confirmatory::O61142	confirmatory::W7K9M0
confirmatory::O62247	confirmatory::O62247
confirmatory::O62247	confirmatory::D3GGZ8
confirmatory::O62589	confirmatory::O62589
confirmatory::O65888	confirmatory::O65888
confirmatory::O84467	confirmatory::O84467
confirmatory::O84616	confirmatory::O84616
confirmatory::O88200	confirmatory::O88200
confirmatory::O88200	confirmatory::Q9Y240
confirmatory::O88713	confirmatory::O88713
confirmatory::O97862	confirmatory::O97862
confirmatory::O97862	confirmatory::O19092
confirmatory::O97862	confirmatory::O19093
confirmatory::O97862	confirmatory::P01034
confirmatory::O97862	confirmatory::P21460
confirmatory::O97862	confirmatory::P28325
confirmatory::O97862	discovery::P14841
confirmatory::O97862	confirmatory::P09228
confirmatory::O97862	confirmatory::P01036
confirmatory::O97862	confirmatory::P01037
confirmatory::O97862	confirmatory::O76096
confirmatory::O97862	confirmatory::O89098
confirmatory::O97862	confirmatory::P01038
confirmatory::O97862	confirmatory::P81061
confirmatory::O97862	confirmatory::P19313
confirmatory::O97862	confirmatory::P32766
confirmatory::O97862	confirmatory::O60676
confirmatory::O97862	confirmatory::O88969
confirmatory::O97862	confirmatory::Q9JM84
confirmatory::O97862	confirmatory::B2Z450
confirmatory::O97862	confirmatory::E3P6N9
confirmatory::O97862	confirmatory::J3RYX9
confirmatory::O97862	confirmatory::P08935
confirmatory::O97862	confirmatory::P81714
confirmatory::O97862	confirmatory::Q6T6T4
confirmatory::O97862	confirmatory::P35481
confirmatory::O97862	confirmatory::Q2XXN5
confirmatory::O97862	confirmatory::Q7M429
confirmatory::O97862	confirmatory::Q9H114
confirmatory::O97862	confirmatory::Q80Y72
confirmatory::P07493	confirmatory::P07493
confirmatory::P08072	confirmatory::P08072
confirmatory::P08331	confirmatory::P08331
confirmatory::P08676	confirmatory::P08676
confirmatory::P08676	confirmatory::P08674
confirmatory::P08676	confirmatory::P02894
confirmatory::P08676	confirmatory::P04922
confirmatory::P08676	confirmatory::P08672
confirmatory::P08676	confirmatory::P08673
confirmatory::P08676	confirmatory::P08675
confirmatory::P08676	confirmatory::P08677
confirmatory::P08676	confirmatory::P13826
confirmatory::P08676	confirmatory::Q03110
confirmatory::P08676	confirmatory::P08307
confirmatory::P08676	confirmatory::P02893
confirmatory::P08676	confirmatory::P13814
confirmatory::P08676	confirmatory::P19597
confirmatory::P08676	confirmatory::P26694
confirmatory::P08676	confirmatory::Q7K740
confirmatory::P08676	confirmatory::P14593
confirmatory::P08676	confirmatory::P13815
confirmatory::P09167	confirmatory::P09167
confirmatory::P09230	confirmatory::P09230
confirmatory::P09681	confirmatory::P09681
confirmatory::P09681	confirmatory::Q06145
confirmatory::P09681	confirmatory::P01281
confirmatory::P09681	confirmatory::P09680
confirmatory::P09681	confirmatory::P48756
confirmatory::P09889	confirmatory::P09889
confirmatory::P09889	confirmatory::P13686
confirmatory::P09889	confirmatory::P29288
confirmatory::P09889	confirmatory::Q05117
confirmatory::P09959	confirmatory::P09959
confirmatory::P09959	confirmatory::P40418
confirmatory::P0A3R5	confirmatory::P0A3R5
confirmatory::P0A4M4	confirmatory::P0A4M4
confirmatory::P0A6H5	confirmatory::P0A6H5
confirmatory::P0ADI4	confirmatory::P0ADI4
confirmatory::P0AG76	confirmatory::P0AG76
confirmatory::P0C088	confirmatory::P0C088
confirmatory::P0C088	confirmatory::E6Y8S8
confirmatory::P0C088	confirmatory::Q9LZV9
confirmatory::P0C088	confirmatory::Q9LDB4
confirmatory::P0C088	confirmatory::A0A158V755
confirmatory::P0C088	confirmatory::A0A158V976
confirmatory::P0C088	confirmatory::A0AT29
confirmatory::P0C088	confirmatory::A0AT30
confirmatory::P0C088	confirmatory::A0AT31
confirmatory::P0C088	confirmatory::A0AT32
confirmatory::P0C088	confirmatory::A0AT33
confirmatory::P0C088	confirmatory::O23758
confirmatory::P0C088	confirmatory::P80273
confirmatory::P0C088	confirmatory::P81402
confirmatory::P0C088	confirmatory::P83434
confirmatory::P0C088	confirmatory::P85894
confirmatory::P0C088	confirmatory::Q42589
confirmatory::P0C088	confirmatory::Q9LLR6
confirmatory::P0C088	confirmatory::Q9LLR7
confirmatory::P0C088	confirmatory::Q9M5X6
confirmatory::P0C088	confirmatory::Q9M5X7
confirmatory::P0C088	confirmatory::Q9M5X8
confirmatory::P0C088	confirmatory::Q9S7I3
confirmatory::P0C088	confirmatory::Q9SW93
confirmatory::P0C088	confirmatory::O24418
confirmatory::P0C088	confirmatory::Q43019
confirmatory::P0C088	confirmatory::A0A0B4JDK1
confirmatory::P0C088	confirmatory::A0A2J6KL39
confirmatory::P0C088	confirmatory::O24037
confirmatory::P0C088	confirmatory::O24038
confirmatory::P0C088	confirmatory::P27056
confirmatory::P0C088	confirmatory::P27631
confirmatory::P0C088	confirmatory::P85105
confirmatory::P0C088	confirmatory::P93224
confirmatory::P0C088	confirmatory::Q03461
confirmatory::P0C088	confirmatory::Q39950
confirmatory::P0C088	confirmatory::Q42762
confirmatory::P0C088	confirmatory::Q42952
confirmatory::P0C088	confirmatory::Q43129
confirmatory::P0C088	confirmatory::Q9ATH2
confirmatory::P0C088	discovery::B3A0N2
confirmatory::P0C088	confirmatory::O04004
confirmatory::P0C088	confirmatory::Q41073
confirmatory::P0C088	confirmatory::Q43119
confirmatory::P0C088	confirmatory::P10975
confirmatory::P0C088	confirmatory::Q9XFS7
confirmatory::P0C088	confirmatory::Q42641
confirmatory::P0C088	confirmatory::P29420
confirmatory::P0C088	confirmatory::Q42614
confirmatory::P0C088	confirmatory::Q42615
confirmatory::P0C088	confirmatory::Q42616
confirmatory::P0C088	confirmatory::Q42642
confirmatory::P0C088	confirmatory::Q43304
confirmatory::P0C088	discovery::P07597
confirmatory::P0C088	confirmatory::P24296
confirmatory::P0C088	discovery::A0A7G2A2Z3
confirmatory::P0C088	confirmatory::A0AT28
confirmatory::P0C088	confirmatory::Q39794
confirmatory::P0C088	confirmatory::Q43017
confirmatory::P0C088	discovery::Q9SCZ0
confirmatory::P0C088	confirmatory::Q9ZPW9
confirmatory::P0C1W9	confirmatory::P0C1W9
confirmatory::P0C2S1	confirmatory::P0C2S1
confirmatory::P0C2S1	confirmatory::A3DCH1
confirmatory::P12964	confirmatory::P12964
confirmatory::P13205	confirmatory::P13205
confirmatory::P13698	confirmatory::P13698
confirmatory::P13698	confirmatory::P04085
confirmatory::P13698	confirmatory::P20033
confirmatory::P13698	confirmatory::P28576
confirmatory::P13698	confirmatory::P34007
confirmatory::P13698	confirmatory::Q2KJ15
confirmatory::P13698	confirmatory::P12919
confirmatory::P13698	confirmatory::P01128
confirmatory::P13698	confirmatory::P31240
confirmatory::P13698	confirmatory::Q6Q7I7
confirmatory::P13698	confirmatory::Q95229
confirmatory::P13812	confirmatory::P13812
confirmatory::P14356	confirmatory::P14356
confirmatory::P14608	confirmatory::P14608
confirmatory::P14715	confirmatory::P14715
confirmatory::P14715	confirmatory::P10965
confirmatory::P14715	confirmatory::P80691
confirmatory::P14715	confirmatory::P07596
confirmatory::P14715	confirmatory::P16347
confirmatory::P15329	confirmatory::P15329
confirmatory::P15329	confirmatory::Q05332
confirmatory::P15329	confirmatory::P04956
confirmatory::P15465	confirmatory::P15465
confirmatory::P15728	confirmatory::P15728
confirmatory::P15917	confirmatory::P15917
confirmatory::P16109	confirmatory::P16109
confirmatory::P16109	confirmatory::P42201
confirmatory::P16109	confirmatory::P98106
confirmatory::P16109	confirmatory::P98109
confirmatory::P16109	confirmatory::Q01102
confirmatory::P16109	confirmatory::Q00690
confirmatory::P16109	confirmatory::P27113
confirmatory::P16109	confirmatory::P33730
confirmatory::P16109	confirmatory::Q95LG1
confirmatory::P16109	discovery::P98105
confirmatory::P16109	confirmatory::P16581
confirmatory::P16109	confirmatory::Q95237
confirmatory::P16109	confirmatory::P18337
confirmatory::P16109	confirmatory::P98131
confirmatory::P16109	confirmatory::Q28768
confirmatory::P16109	confirmatory::Q95235
confirmatory::P16335	confirmatory::P16335
confirmatory::P16339	confirmatory::P16339
confirmatory::P16396	confirmatory::P16396
confirmatory::P17684	confirmatory::P17684
confirmatory::P17892	confirmatory::P17892
confirmatory::P17892	confirmatory::O88354
confirmatory::P17892	confirmatory::P29183
confirmatory::P17892	confirmatory::P50903
confirmatory::P17892	confirmatory::P54316
confirmatory::P17892	confirmatory::P54317
confirmatory::P17892	confirmatory::P54318
confirmatory::P17892	confirmatory::P81139
confirmatory::P17892	confirmatory::Q5BKQ4
confirmatory::P17892	confirmatory::Q64424
confirmatory::P17892	discovery::P00591
confirmatory::P17892	discovery::Q02157
confirmatory::P17892	confirmatory::P54315
confirmatory::P17892	confirmatory::P06857
confirmatory::P17892	confirmatory::Q64425
confirmatory::P17892	confirmatory::Q3SZ79
confirmatory::P17892	confirmatory::J3RZ81
confirmatory::P17892	confirmatory::O46559
confirmatory::P17892	confirmatory::O46647
confirmatory::P17892	confirmatory::P07867
confirmatory::P17892	confirmatory::P11150
confirmatory::P17892	confirmatory::P11151
confirmatory::P17892	confirmatory::P11152
confirmatory::P17892	confirmatory::P11153
confirmatory::P17892	confirmatory::P11602
confirmatory::P17892	confirmatory::P49060
confirmatory::P17892	confirmatory::P49923
confirmatory::P17892	confirmatory::P55031
confirmatory::P17892	confirmatory::Q06000
confirmatory::P17892	confirmatory::Q29524
confirmatory::P17892	confirmatory::Q8VBX1
confirmatory::P17892	confirmatory::Q9WVG5
confirmatory::P18759	confirmatory::P18759
confirmatory::P18759	confirmatory::P18708
confirmatory::P18759	confirmatory::P46459
confirmatory::P18759	confirmatory::P46460
confirmatory::P18759	confirmatory::P54351
confirmatory::P18759	confirmatory::Q9QUL6
confirmatory::P18759	discovery::P46461
confirmatory::P18759	confirmatory::Q9M0Y8
confirmatory::P18759	confirmatory::Q75JI3
confirmatory::P38126	confirmatory::P38126
confirmatory::P38139	confirmatory::P38139
confirmatory::P38441	confirmatory::P38441
confirmatory::P38442	confirmatory::P38442
confirmatory::P38565	confirmatory::P38565
confirmatory::P38796	confirmatory::P38796
confirmatory::P39410	confirmatory::P39410
confirmatory::P39678	confirmatory::P39678
confirmatory::P39678	confirmatory::P39679
confirmatory::P40151	confirmatory::P40151
confirmatory::P40152	confirmatory::P40152
confirmatory::P40986	confirmatory::P40986
confirmatory::P41018	confirmatory::P41018
confirmatory::P41018	confirmatory::P0A968
confirmatory::P41018	confirmatory::P95459
confirmatory::P41018	confirmatory::P0C0F0
confirmatory::P41018	confirmatory::P72191
confirmatory::P41018	confirmatory::Q53984
confirmatory::P41018	confirmatory::O67327
confirmatory::P41018	confirmatory::P41824
confirmatory::P41018	confirmatory::P55390
confirmatory::P41018	confirmatory::P81622
confirmatory::P41018	confirmatory::Q9KN00
confirmatory::P41018	confirmatory::Q52287
confirmatory::P41018	discovery::Q51929
confirmatory::P41018	confirmatory::P0A9X9
confirmatory::P41018	confirmatory::E0J500
confirmatory::P41018	confirmatory::P0A9Y2
confirmatory::P41018	confirmatory::P0A9Y3
confirmatory::P41018	confirmatory::P0A9Y4
confirmatory::P41018	confirmatory::P0A9Y5
confirmatory::P41018	confirmatory::P0A9Y6
confirmatory::P41018	confirmatory::P0A9Y7
confirmatory::P41018	confirmatory::P0A9Y9
confirmatory::P41018	confirmatory::P0A9Z0
confirmatory::P41018	confirmatory::P57407
confirmatory::P41018	confirmatory::Q44078
confirmatory::P41018	confirmatory::Q44317
confirmatory::P41018	confirmatory::Q45100
confirmatory::P41018	confirmatory::Q46664
confirmatory::P41018	confirmatory::Q48493
confirmatory::P41018	confirmatory::Q53816
confirmatory::P41018	confirmatory::Q56178
confirmatory::P41018	confirmatory::Q56922
confirmatory::P41018	confirmatory::Q83RI9
confirmatory::P41018	discovery::P0A9Y0
confirmatory::P41018	discovery::P0A9Y1
confirmatory::P41018	discovery::P0A9Y8
confirmatory::P41018	discovery::Q46051
confirmatory::P41018	confirmatory::Q9ZCP9
confirmatory::P41018	confirmatory::Q1RHK6
confirmatory::P41018	confirmatory::Q4UMU5
confirmatory::P41018	confirmatory::Q68W69
confirmatory::P41018	confirmatory::Q92GV1
confirmatory::P41018	confirmatory::Q61CX7
confirmatory::P41018	confirmatory::Q8AVK2
confirmatory::P41018	confirmatory::Q45KJ4
confirmatory::P41018	confirmatory::Q45KJ5
confirmatory::P41018	confirmatory::Q45KJ6
confirmatory::P41018	confirmatory::Q5EB47
confirmatory::P41018	confirmatory::Q6ZN17
confirmatory::P41018	confirmatory::Q803L0
confirmatory::P41018	confirmatory::Q9H9Z2
confirmatory::P41018	discovery::P0A984
confirmatory::P41018	confirmatory::P0A1E0
confirmatory::P41018	confirmatory::P0A976
confirmatory::P41018	confirmatory::P0A977
confirmatory::P41018	confirmatory::P0A982
confirmatory::P41018	confirmatory::P0A983
confirmatory::P41018	confirmatory::P0A985
confirmatory::P41018	discovery::P0A1D9
confirmatory::P41411	confirmatory::P41411
confirmatory::P41773	confirmatory::P41773
confirmatory::P41773	confirmatory::P26504
confirmatory::P41967	confirmatory::P41967
confirmatory::P42296	confirmatory::P42296
confirmatory::P42779	confirmatory::P42779
confirmatory::P42779	confirmatory::P58502
confirmatory::P42779	confirmatory::P11018
confirmatory::P42779	discovery::P00782
confirmatory::P42779	confirmatory::P35835
confirmatory::P42779	confirmatory::P00781
confirmatory::P42779	confirmatory::P04189
confirmatory::P42779	confirmatory::P29142
confirmatory::P42779	confirmatory::P29599
confirmatory::P42779	confirmatory::P29600
confirmatory::P42779	confirmatory::P41363
confirmatory::P42779	confirmatory::Q99405
confirmatory::P42779	confirmatory::P80146
confirmatory::P42779	confirmatory::A1CIA7
confirmatory::P42779	confirmatory::B0Y708
confirmatory::P42779	confirmatory::L8FSM5
confirmatory::P42779	confirmatory::P28296
confirmatory::P42779	confirmatory::Q03420
confirmatory::P42779	confirmatory::R4IR27
confirmatory::P42779	discovery::A1CWF3
confirmatory::P42779	confirmatory::P09232
confirmatory::P42779	confirmatory::P23653
confirmatory::P42779	confirmatory::P25036
confirmatory::P42779	confirmatory::P58371
confirmatory::P42779	confirmatory::P9WEW3
confirmatory::P42779	confirmatory::Q9URR2
confirmatory::P42779	confirmatory::Q9Y749
confirmatory::P42779	confirmatory::Q64K33
confirmatory::P42779	confirmatory::E4UWA4
confirmatory::P42779	confirmatory::Q8SQJ3
confirmatory::P42779	confirmatory::Q9UTS0
confirmatory::P42779	confirmatory::P33295
confirmatory::P42779	confirmatory::B0Y473
confirmatory::P42779	confirmatory::C5FII2
confirmatory::P42779	confirmatory::C5P4Z8
confirmatory::P42779	confirmatory::P40903
confirmatory::P42779	confirmatory::P87184
confirmatory::P42779	confirmatory::P9WEW5
confirmatory::P42779	confirmatory::Q9P8G3
confirmatory::P42779	confirmatory::Q9Y755
confirmatory::P42779	confirmatory::G3FNQ9
confirmatory::P42779	confirmatory::B6VA85
confirmatory::P42779	confirmatory::B6VA87
confirmatory::P42779	confirmatory::B8N106
confirmatory::P42779	confirmatory::D4D0F5
confirmatory::P42779	confirmatory::D4DLI5
confirmatory::P42779	confirmatory::L8GD75
confirmatory::P42779	confirmatory::P12547
confirmatory::P42779	confirmatory::Q5VJ73
confirmatory::P42779	confirmatory::Q5VJ76
confirmatory::P42779	confirmatory::Q8J0D8
confirmatory::P42779	confirmatory::Q9Y778
confirmatory::P42779	discovery::C5G168
confirmatory::P42779	confirmatory::Q80W65
confirmatory::P42779	confirmatory::A8T644
confirmatory::P42779	confirmatory::A8T662
confirmatory::P42779	confirmatory::A8T666
confirmatory::P42779	confirmatory::A8T677
confirmatory::P42779	confirmatory::A8T682
confirmatory::P42779	confirmatory::A8T688
confirmatory::P42779	confirmatory::A8T6A1
confirmatory::P42779	confirmatory::A8T6A6
confirmatory::P42779	confirmatory::P59996
confirmatory::P42779	confirmatory::Q8NBP7
confirmatory::P42790	confirmatory::P42790
confirmatory::P42993	confirmatory::P42993
confirmatory::P42999	confirmatory::P42999
confirmatory::P43025	confirmatory::P43025
confirmatory::P43025	confirmatory::P05452
confirmatory::P44046	confirmatory::P44046
confirmatory::P44046	confirmatory::Q9I2V0
confirmatory::P44569	confirmatory::P44569
confirmatory::P45442	confirmatory::P45442
confirmatory::P46541	confirmatory::P46541
confirmatory::P46541	confirmatory::P46544
confirmatory::P46541	discovery::P52278
confirmatory::P46541	confirmatory::Q76KX0
confirmatory::P48144	confirmatory::P48144
confirmatory::P48144	confirmatory::O70176
confirmatory::P48144	confirmatory::P16613
confirmatory::P48144	confirmatory::P18509
confirmatory::P48144	confirmatory::P41534
confirmatory::P48144	confirmatory::P41535
confirmatory::P48144	confirmatory::P41585
confirmatory::P48144	confirmatory::P81039
confirmatory::P48144	confirmatory::Q09169
confirmatory::P48144	confirmatory::Q29W19
confirmatory::P48144	confirmatory::P01284
confirmatory::P48144	confirmatory::P04566
confirmatory::P48144	confirmatory::P09684
confirmatory::P48144	confirmatory::P09685
confirmatory::P48144	confirmatory::P0DJ95
confirmatory::P48144	confirmatory::P32649
confirmatory::P48144	confirmatory::P48142
confirmatory::P48144	confirmatory::P63289
confirmatory::P48144	confirmatory::P63290
confirmatory::P48144	confirmatory::P63291
confirmatory::P48144	confirmatory::P81016
confirmatory::P48144	confirmatory::P84488
confirmatory::P48144	confirmatory::P84771
confirmatory::P48144	confirmatory::P84772
confirmatory::P48144	confirmatory::P39089
confirmatory::P48144	confirmatory::P42692
confirmatory::P9WF06	confirmatory::P9WF06
confirmatory::P9WHR3	confirmatory::P9WHR3
confirmatory::P9WHR3	confirmatory::P9WHR2
confirmatory::P9WP65	confirmatory::P9WP65
confirmatory::P9WP65	confirmatory::P9WP64
confirmatory::P9WPH9	confirmatory::P9WPH9
confirmatory::P9WQN3	confirmatory::P9WQN3
confirmatory::P9WQN3	confirmatory::Q9WZ49
confirmatory::P9WQN5	confirmatory::P9WQN5
confirmatory::P9WQN5	confirmatory::O50202
confirmatory::Q00724	confirmatory::Q00724
confirmatory::Q00724	confirmatory::M5AXY1
confirmatory::Q00724	confirmatory::P02753
confirmatory::Q00724	confirmatory::P04916
confirmatory::Q00724	confirmatory::P06172
confirmatory::Q00724	confirmatory::P06912
confirmatory::Q00724	confirmatory::P18902
confirmatory::Q00724	confirmatory::P24774
confirmatory::Q00724	confirmatory::P24775
confirmatory::Q00724	confirmatory::P27485
confirmatory::Q00724	confirmatory::Q28369
confirmatory::Q01443	confirmatory::Q01443
confirmatory::Q01443	confirmatory::A0A509AST0
confirmatory::Q01443	confirmatory::P16893
confirmatory::Q01866	confirmatory::Q01866
confirmatory::Q02297	confirmatory::Q02297
confirmatory::Q03017	confirmatory::Q03017
confirmatory::Q03196	confirmatory::Q03196
confirmatory::Q03196	confirmatory::Q8LC76
confirmatory::Q03196	confirmatory::P25973
confirmatory::Q03383	confirmatory::Q03383
confirmatory::Q03649	confirmatory::Q03649
confirmatory::Q03649	confirmatory::Q02891
confirmatory::Q03649	confirmatory::P38295
confirmatory::Q04119	confirmatory::Q04119
confirmatory::Q04749	confirmatory::Q04749
confirmatory::Q05769	confirmatory::Q05769
confirmatory::Q05769	confirmatory::O19183
confirmatory::Q05769	confirmatory::O62725
confirmatory::Q05769	confirmatory::P35355
confirmatory::Q05769	confirmatory::P70682
confirmatory::Q05921	confirmatory::Q05921
confirmatory::Q06153	confirmatory::Q06153
confirmatory::Q06186	confirmatory::Q06186
confirmatory::Q06186	confirmatory::Q9W7C5
confirmatory::Q06770	confirmatory::Q06770
confirmatory::Q06770	confirmatory::P31211
confirmatory::Q06770	confirmatory::Q6UXR4
confirmatory::Q06770	confirmatory::Q8CIE0
confirmatory::Q06770	confirmatory::Q7TPA5
confirmatory::Q06770	confirmatory::P09005
confirmatory::Q06770	confirmatory::P35577
confirmatory::Q06770	confirmatory::P05543
confirmatory::Q06770	confirmatory::P50450
confirmatory::Q06770	confirmatory::P61640
confirmatory::Q06770	confirmatory::P61939
confirmatory::Q06770	confirmatory::Q9TT35
confirmatory::Q06770	confirmatory::Q9TT36
confirmatory::Q06770	confirmatory::Q9DCQ7
confirmatory::Q06K77	confirmatory::Q06K77
confirmatory::Q06VC5	confirmatory::Q06VC5
confirmatory::Q07108	confirmatory::Q07108
confirmatory::Q07730	confirmatory::Q07730
confirmatory::B3A0N5	confirmatory::B3A0N5
confirmatory::B3A0P8	confirmatory::B3A0P8
confirmatory::B3A0P8	confirmatory::B3A0P7
confirmatory::B3EWQ0	confirmatory::B3EWQ0
confirmatory::B6DDZ5	confirmatory::B6DDZ5
confirmatory::B8BNY7	confirmatory::B8BNY7
confirmatory::C0HJA4	confirmatory::C0HJA4
confirmatory::O07015	confirmatory::O07015
confirmatory::O07015	confirmatory::P0DXI6
confirmatory::O07732	confirmatory::O07732
confirmatory::O08677	confirmatory::O08677
confirmatory::O08677	confirmatory::P01042
confirmatory::O08677	confirmatory::P01048
confirmatory::O08677	confirmatory::P08932
confirmatory::O08677	confirmatory::P01044
confirmatory::O08677	confirmatory::P01045
confirmatory::O08677	confirmatory::P08934
confirmatory::O13359	confirmatory::O13359
confirmatory::O13359	confirmatory::P13134
confirmatory::O13359	confirmatory::P09231
confirmatory::O13359	confirmatory::Q09175
confirmatory::O13359	confirmatory::P42781
confirmatory::O15442	confirmatory::O15442
confirmatory::O15442	confirmatory::B1WBP0
confirmatory::O15442	confirmatory::Q15777
confirmatory::O16810	confirmatory::O16810
confirmatory::O22975	confirmatory::O22975
confirmatory::O22975	confirmatory::Q0J0A4
confirmatory::O22977	confirmatory::O22977
confirmatory::O22977	confirmatory::Q8LFX7
confirmatory::O22977	confirmatory::Q700D5
confirmatory::O31398	confirmatory::O31398
confirmatory::O31614	confirmatory::O31614
confirmatory::O31788	confirmatory::O31788
confirmatory::O32322	confirmatory::O32322
confirmatory::O34163	confirmatory::O34163
confirmatory::O34330	confirmatory::O34330
confirmatory::O34344	confirmatory::O34344
confirmatory::O34870	confirmatory::O34870
confirmatory::O35385	confirmatory::O35385
confirmatory::O35385	confirmatory::O14830
confirmatory::O35385	confirmatory::P40421
confirmatory::O35385	confirmatory::G5EBX9
confirmatory::O43086	confirmatory::O43086
confirmatory::P02748	confirmatory::P02748
confirmatory::P02748	confirmatory::P06683
confirmatory::P02748	confirmatory::P48747
confirmatory::P02844	confirmatory::P02844
confirmatory::P02844	confirmatory::P02843
confirmatory::P02844	confirmatory::P06607
confirmatory::P02844	confirmatory::P27587
confirmatory::P02844	confirmatory::P27878
confirmatory::P04122	confirmatory::P04122
confirmatory::P04122	confirmatory::P05088
confirmatory::P04122	confirmatory::P56625
confirmatory::P04204	confirmatory::P04204
confirmatory::P04726	confirmatory::P04726
confirmatory::P04977	confirmatory::P04977
confirmatory::P04979	confirmatory::P04979
confirmatory::P04981	confirmatory::P04981
confirmatory::P06200	confirmatory::P06200
confirmatory::P06910	confirmatory::P06910
confirmatory::P06914	confirmatory::P06914
confirmatory::P06914	confirmatory::P06915
confirmatory::P06914	confirmatory::P23093
confirmatory::P07099	confirmatory::P07099
confirmatory::P07374	confirmatory::P07374
confirmatory::P07374	confirmatory::A9GP84
confirmatory::P07374	confirmatory::P26929
confirmatory::P07374	confirmatory::P50045
confirmatory::P07374	confirmatory::A4WEJ3
confirmatory::P07374	confirmatory::B5XU29
confirmatory::P07374	confirmatory::B5YUX1
confirmatory::P07374	confirmatory::P16124
confirmatory::P07374	confirmatory::P17088
confirmatory::P07374	confirmatory::P18316
confirmatory::P07374	confirmatory::Q02943
confirmatory::P07374	confirmatory::Q3AVR3
confirmatory::P07374	confirmatory::Q492E7
confirmatory::P07374	confirmatory::Q8XAG2
confirmatory::P07374	confirmatory::B1AJ73
confirmatory::P07374	confirmatory::A4XMA9
confirmatory::P07374	confirmatory::A8ESZ8
confirmatory::P07374	confirmatory::B5ZBS9
confirmatory::P07374	confirmatory::P0C7K7
confirmatory::P07374	confirmatory::P0CB00
confirmatory::P07374	confirmatory::Q11VN3
confirmatory::P07374	confirmatory::Q2JWP0
confirmatory::P07374	confirmatory::Q79VJ3
confirmatory::P07374	confirmatory::Q93PJ4
confirmatory::P07374	confirmatory::B1MB85
confirmatory::P07374	confirmatory::A1UGT5
confirmatory::P07374	confirmatory::A3Q0D5
confirmatory::P07374	confirmatory::B5YUX3
confirmatory::P07374	confirmatory::Q8XAG0
confirmatory::P07374	confirmatory::B1ZP06
confirmatory::P07374	confirmatory::A0QYE0
confirmatory::P07374	confirmatory::A1KJR2
confirmatory::P07374	confirmatory::A1T9N4
confirmatory::P07374	confirmatory::A3DGF8
confirmatory::P07374	confirmatory::A3N2R4
confirmatory::P07374	confirmatory::A4TL32
confirmatory::P07374	confirmatory::A5U3L7
confirmatory::P07374	confirmatory::A5U9V6
confirmatory::P07374	confirmatory::A5UH45
confirmatory::P07374	confirmatory::A7FFN2
confirmatory::P07374	confirmatory::A7Z9N4
confirmatory::P07374	confirmatory::A9R3V0
confirmatory::P07374	confirmatory::B0BRU2
confirmatory::P07374	confirmatory::B1JR71
confirmatory::P07374	confirmatory::B2HSZ2
confirmatory::P07374	confirmatory::B2KAA4
confirmatory::P07374	confirmatory::B3H2L3
confirmatory::P07374	confirmatory::C1AXZ2
confirmatory::P07374	confirmatory::C5BBR6
confirmatory::P07374	confirmatory::O54420
confirmatory::P07374	confirmatory::P16122
confirmatory::P07374	confirmatory::P41020
confirmatory::P07374	confirmatory::P44391
confirmatory::P07374	confirmatory::P52313
confirmatory::P07374	confirmatory::P77837
confirmatory::P07374	confirmatory::P9WFF0
confirmatory::P07374	confirmatory::P9WFF1
confirmatory::P07374	confirmatory::Q0S4S7
confirmatory::P07374	confirmatory::Q1C5B3
confirmatory::P07374	confirmatory::Q1CKJ9
confirmatory::P07374	confirmatory::Q4QN09
confirmatory::P07374	confirmatory::Q5FB23
confirmatory::P07374	confirmatory::Q5YWR8
confirmatory::P07374	confirmatory::Q826R9
confirmatory::P07374	confirmatory::Q9FCD3
confirmatory::P07374	confirmatory::B7K906
confirmatory::P07374	confirmatory::A0K578
confirmatory::P07374	confirmatory::A1JKD7
confirmatory::P07374	confirmatory::A1U500
confirmatory::P07374	confirmatory::A2S998
confirmatory::P07374	confirmatory::A3MMV0
confirmatory::P07374	confirmatory::A3N2R6
confirmatory::P07374	confirmatory::A3NCL5
confirmatory::P07374	confirmatory::A3NYC7
confirmatory::P07374	confirmatory::A4JC44
confirmatory::P07374	confirmatory::A4TL34
confirmatory::P07374	confirmatory::A5UH46
confirmatory::P07374	confirmatory::A7FFN0
confirmatory::P07374	confirmatory::A9AF70
confirmatory::P07374	confirmatory::B0BRU4
confirmatory::P07374	confirmatory::B0C791
confirmatory::P07374	confirmatory::B0JTP1
confirmatory::P07374	confirmatory::B1JR69
confirmatory::P07374	confirmatory::B1JX31
confirmatory::P07374	confirmatory::B1YUG1
confirmatory::P07374	confirmatory::B2IT64
confirmatory::P07374	confirmatory::B2JF65
confirmatory::P07374	confirmatory::B2KAA6
confirmatory::P07374	confirmatory::B2T0P7
confirmatory::P07374	confirmatory::B2U7N4
confirmatory::P07374	confirmatory::B3H2L5
confirmatory::P07374	confirmatory::B4ECC5
confirmatory::P07374	confirmatory::C4LIA9
confirmatory::P07374	confirmatory::O54418
confirmatory::P07374	confirmatory::P31496
confirmatory::P07374	confirmatory::P44393
confirmatory::P07374	confirmatory::P69994
confirmatory::P07374	confirmatory::P69995
confirmatory::P07374	confirmatory::P94667
confirmatory::P07374	confirmatory::Q0BHN3
confirmatory::P07374	confirmatory::Q144E2
confirmatory::P07374	confirmatory::Q161T2
confirmatory::P07374	confirmatory::Q18EB8
confirmatory::P07374	confirmatory::Q1BYH0
confirmatory::P07374	confirmatory::Q1C5B5
confirmatory::P07374	confirmatory::Q1CKK1
confirmatory::P07374	confirmatory::Q1QCE2
confirmatory::P07374	confirmatory::Q2JJ72
confirmatory::P07374	confirmatory::Q2SYF5
confirmatory::P07374	confirmatory::Q2Y9M9
confirmatory::P07374	confirmatory::Q3IH70
confirmatory::P07374	confirmatory::Q3IRZ4
confirmatory::P07374	confirmatory::Q3J768
confirmatory::P07374	confirmatory::Q3JPJ8
confirmatory::P07374	confirmatory::Q3M709
confirmatory::P07374	confirmatory::Q5LSQ4
confirmatory::P07374	confirmatory::Q62HS2
confirmatory::P07374	confirmatory::Q63RL5
confirmatory::P07374	confirmatory::Q6UR35
confirmatory::P07374	confirmatory::Q6UR44
confirmatory::P07374	confirmatory::Q6UR53
confirmatory::P07374	confirmatory::Q6UR62
confirmatory::P07374	confirmatory::Q6UR78
confirmatory::P07374	confirmatory::Q6UR86
confirmatory::P07374	confirmatory::Q9Z395
confirmatory::P07374	confirmatory::Q1QC36
confirmatory::P07374	confirmatory::A0JRH4
confirmatory::P07374	confirmatory::A0K576
confirmatory::P07374	confirmatory::A0L6F2
confirmatory::P07374	confirmatory::A1KBB4
confirmatory::P07374	confirmatory::A1R1C5
confirmatory::P07374	confirmatory::A1SYY1
confirmatory::P07374	confirmatory::A1TSZ6
confirmatory::P07374	confirmatory::A1U4Z8
confirmatory::P07374	confirmatory::A1V1G6
confirmatory::P07374	confirmatory::A1VKW3
confirmatory::P07374	confirmatory::A1WIM3
confirmatory::P07374	confirmatory::A2BQW8
confirmatory::P07374	confirmatory::A2C4S2
confirmatory::P07374	confirmatory::A2S996
confirmatory::P07374	confirmatory::A2SDJ0
confirmatory::P07374	confirmatory::A3MMV2
confirmatory::P07374	confirmatory::A3NCL7
confirmatory::P07374	confirmatory::A3PCP1
confirmatory::P07374	confirmatory::A3PL38
confirmatory::P07374	confirmatory::A4SY44
confirmatory::P07374	confirmatory::A4WEJ5
confirmatory::P07374	confirmatory::A4WR75
confirmatory::P07374	confirmatory::A5FAD1
confirmatory::P07374	confirmatory::A5GWV7
confirmatory::P07374	confirmatory::A5W4B6
confirmatory::P07374	confirmatory::A6SZ07
confirmatory::P07374	confirmatory::A6U414
confirmatory::P07374	confirmatory::A6UC35
confirmatory::P07374	confirmatory::A6VTV8
confirmatory::P07374	confirmatory::A7HHN1
confirmatory::P07374	confirmatory::A8APV0
confirmatory::P07374	confirmatory::A8G4K9
confirmatory::P07374	confirmatory::A8LRS0
confirmatory::P07374	confirmatory::A8Z387
confirmatory::P07374	confirmatory::A9AF72
confirmatory::P07374	confirmatory::A9AZE6
confirmatory::P07374	confirmatory::A9BUC4
confirmatory::P07374	confirmatory::A9KJR9
confirmatory::P07374	confirmatory::B0KUZ7
confirmatory::P07374	confirmatory::B0TT71
confirmatory::P07374	confirmatory::B1J815
confirmatory::P07374	confirmatory::B1JX29
confirmatory::P07374	confirmatory::B1Y3V1
confirmatory::P07374	confirmatory::B1YUF9
confirmatory::P07374	confirmatory::B2IIJ1
confirmatory::P07374	confirmatory::B2IT66
confirmatory::P07374	confirmatory::B3PXB3
confirmatory::P07374	confirmatory::B3QGK1
confirmatory::P07374	confirmatory::B4ECC7
confirmatory::P07374	confirmatory::B4RSX9
confirmatory::P07374	confirmatory::B4UFU2
confirmatory::P07374	confirmatory::B5FBC6
confirmatory::P07374	confirmatory::B5XU27
confirmatory::P07374	confirmatory::B5Z674
confirmatory::P07374	confirmatory::B5ZMP0
confirmatory::P07374	confirmatory::B6JPH5
confirmatory::P07374	confirmatory::B6YQL8
confirmatory::P07374	confirmatory::B7K912
confirmatory::P07374	confirmatory::B8EPU9
confirmatory::P07374	confirmatory::B8HA07
confirmatory::P07374	confirmatory::B8HW50
confirmatory::P07374	confirmatory::B9DLY0
confirmatory::P07374	confirmatory::B9J8M3
confirmatory::P07374	confirmatory::B9JR81
confirmatory::P07374	confirmatory::B9KK46
confirmatory::P07374	confirmatory::C1D5Z8
confirmatory::P07374	confirmatory::C3MGI5
confirmatory::P07374	confirmatory::C4LF63
confirmatory::P07374	confirmatory::C5BUN9
confirmatory::P07374	confirmatory::C5CY00
confirmatory::P07374	confirmatory::O08400
confirmatory::P07374	confirmatory::P17086
confirmatory::P07374	confirmatory::P18314
confirmatory::P07374	confirmatory::P42823
confirmatory::P07374	confirmatory::P42873
confirmatory::P07374	confirmatory::P42885
confirmatory::P07374	confirmatory::P50047
confirmatory::P07374	confirmatory::P67403
confirmatory::P07374	confirmatory::P67404
confirmatory::P07374	confirmatory::P67405
confirmatory::P07374	confirmatory::P69996
confirmatory::P07374	confirmatory::P69997
confirmatory::P07374	confirmatory::P73061
confirmatory::P07374	confirmatory::Q03ME3
confirmatory::P07374	confirmatory::Q07397
confirmatory::P07374	confirmatory::Q07K73
confirmatory::P07374	confirmatory::Q08716
confirmatory::P07374	confirmatory::Q0BHN5
confirmatory::P07374	confirmatory::Q0I656
confirmatory::P07374	confirmatory::Q0KCP6
confirmatory::P07374	confirmatory::Q0VKY1
confirmatory::P07374	confirmatory::Q117Z3
confirmatory::P07374	confirmatory::Q133L6
confirmatory::P07374	confirmatory::Q161S8
confirmatory::P07374	confirmatory::Q1BYH2
confirmatory::P07374	confirmatory::Q1CV82
confirmatory::P07374	confirmatory::Q1GJP8
confirmatory::P07374	confirmatory::Q1IBP0
confirmatory::P07374	confirmatory::Q1MCV9
confirmatory::P07374	confirmatory::Q1QCE0
confirmatory::P07374	confirmatory::Q210F9
confirmatory::P07374	confirmatory::Q21P94
confirmatory::P07374	confirmatory::Q21SZ2
confirmatory::P07374	confirmatory::Q2FEK3
confirmatory::P07374	confirmatory::Q2G2K5
confirmatory::P07374	confirmatory::Q2JQ88
confirmatory::P07374	confirmatory::Q2K517
confirmatory::P07374	confirmatory::Q2SDQ1
confirmatory::P07374	confirmatory::Q2SYF7
confirmatory::P07374	confirmatory::Q2Y9M7
confirmatory::P07374	confirmatory::Q2YQD8
confirmatory::P07374	confirmatory::Q2YYQ6
confirmatory::P07374	confirmatory::Q31B49
confirmatory::P07374	confirmatory::Q39IW3
confirmatory::P07374	confirmatory::Q3AGD0
confirmatory::P07374	confirmatory::Q3AVR1
confirmatory::P07374	confirmatory::Q3IH68
confirmatory::P07374	confirmatory::Q3J154
confirmatory::P07374	confirmatory::Q3J770
confirmatory::P07374	confirmatory::Q3KIT2
confirmatory::P07374	confirmatory::Q3M712
confirmatory::P07374	confirmatory::Q46IY3
confirmatory::P07374	confirmatory::Q47G55
confirmatory::P07374	confirmatory::Q48DE6
confirmatory::P07374	confirmatory::Q492E9
confirmatory::P07374	confirmatory::Q4A0J5
confirmatory::P07374	confirmatory::Q4KJ10
confirmatory::P07374	confirmatory::Q4ZN06
confirmatory::P07374	confirmatory::Q5HDR8
confirmatory::P07374	confirmatory::Q5HLW1
confirmatory::P07374	confirmatory::Q5KYM1
confirmatory::P07374	confirmatory::Q5LSQ2
confirmatory::P07374	confirmatory::Q5M607
confirmatory::P07374	confirmatory::Q62HS0
confirmatory::P07374	confirmatory::Q63RL3
confirmatory::P07374	confirmatory::Q6FD83
confirmatory::P07374	confirmatory::Q6GEE4
confirmatory::P07374	confirmatory::Q6N3N3
confirmatory::P07374	confirmatory::Q733J6
confirmatory::P07374	confirmatory::Q7U3I3
confirmatory::P07374	confirmatory::Q7V1B6
confirmatory::P07374	confirmatory::Q7VUD3
confirmatory::P07374	confirmatory::Q7W417
confirmatory::P07374	confirmatory::Q87VP0
confirmatory::P07374	confirmatory::Q88J04
confirmatory::P07374	confirmatory::Q89UG0
confirmatory::P07374	confirmatory::Q8CNC9
confirmatory::P07374	confirmatory::Q8FQX2
confirmatory::P07374	confirmatory::Q8FZW2
confirmatory::P07374	confirmatory::Q8G2P8
confirmatory::P07374	confirmatory::Q8YF72
confirmatory::P07374	confirmatory::Q8YHZ8
confirmatory::P07374	confirmatory::Q8YQZ0
confirmatory::P07374	confirmatory::Q972W0
confirmatory::P07374	confirmatory::Q98CY9
confirmatory::P07374	confirmatory::Q9HUU5
confirmatory::P07374	confirmatory::Q9RYJ4
confirmatory::P07374	discovery::A1B1B9
confirmatory::P07374	discovery::A5IV71
confirmatory::P07374	discovery::O87402
confirmatory::P07374	discovery::P94669
confirmatory::P07374	discovery::Q8XXT1
confirmatory::P07374	discovery::Q93T81
confirmatory::P07374	confirmatory::Q4ZUD2
confirmatory::P07374	discovery::Q0RQS0
confirmatory::P07374	confirmatory::A8L7B0
confirmatory::P07374	confirmatory::O86508
confirmatory::P07374	confirmatory::Q18EB9
confirmatory::P07374	confirmatory::Q1B872
confirmatory::P07374	confirmatory::Q2JES6
confirmatory::P07374	confirmatory::Q3IRZ5
confirmatory::P07374	confirmatory::Q75ZQ5
confirmatory::P07374	confirmatory::P50046
confirmatory::P07374	confirmatory::Q1CV81
confirmatory::P07374	confirmatory::B6JPH6
confirmatory::P07374	confirmatory::P14916
confirmatory::P07374	confirmatory::P42822
confirmatory::P07374	confirmatory::Q17VS7
confirmatory::P07374	confirmatory::Q4ZUD1
confirmatory::P07374	confirmatory::Q883F3
confirmatory::P07374	confirmatory::Q8GH98
confirmatory::P07374	confirmatory::Q82JN8
confirmatory::P07374	confirmatory::O86507
confirmatory::P07374	confirmatory::Q03284
confirmatory::P07374	confirmatory::Q9KG61
confirmatory::P07374	confirmatory::C5BDC2
confirmatory::P07374	confirmatory::Q7N4Y9
confirmatory::P07374	confirmatory::Q75ZQ4
confirmatory::P07374	confirmatory::Q9RYJ3
confirmatory::P07374	confirmatory::A1B1C2
confirmatory::P07374	confirmatory::A2C4S0
confirmatory::P07374	confirmatory::A2CDZ9
confirmatory::P07374	confirmatory::A3PL42
confirmatory::P07374	confirmatory::A4WR72
confirmatory::P07374	confirmatory::A5GWV5
confirmatory::P07374	confirmatory::A8LRS4
confirmatory::P07374	confirmatory::B9KK51
confirmatory::P07374	confirmatory::P50044
confirmatory::P07374	confirmatory::P75030
confirmatory::P07374	confirmatory::Q03ME5
confirmatory::P07374	confirmatory::Q0I658
confirmatory::P07374	confirmatory::Q28RK0
confirmatory::P07374	confirmatory::Q2YQE0
confirmatory::P07374	confirmatory::Q46IY5
confirmatory::P07374	confirmatory::Q55053
confirmatory::P07374	confirmatory::Q57CF0
confirmatory::P07374	confirmatory::Q5FB24
confirmatory::P07374	confirmatory::Q5M1G8
confirmatory::P07374	confirmatory::Q5M609
confirmatory::P07374	confirmatory::Q83U21
confirmatory::P07374	confirmatory::Q8FZW4
confirmatory::P07374	confirmatory::Q8YHZ6
confirmatory::P07374	confirmatory::Q93PJ5
confirmatory::P07374	confirmatory::Q972V9
confirmatory::P07374	confirmatory::P0CB02
confirmatory::P07374	confirmatory::B5ZBT1
confirmatory::P07374	confirmatory::P0C7K9
confirmatory::P07374	confirmatory::Q5KYL9
confirmatory::P07374	confirmatory::A0JRH2
confirmatory::P07374	confirmatory::A0PSG4
confirmatory::P07374	confirmatory::A0QYE2
confirmatory::P07374	confirmatory::A1KBB7
confirmatory::P07374	confirmatory::A1R1C3
confirmatory::P07374	confirmatory::A1SYX9
confirmatory::P07374	confirmatory::A1T9N6
confirmatory::P07374	confirmatory::A1TSZ3
confirmatory::P07374	confirmatory::A1UGT7
confirmatory::P07374	confirmatory::A1VKW6
confirmatory::P07374	confirmatory::A1WIM6
confirmatory::P07374	confirmatory::A2BQW6
confirmatory::P07374	confirmatory::A2SDJ2
confirmatory::P07374	confirmatory::A3DGG0
confirmatory::P07374	confirmatory::A3M3F0
confirmatory::P07374	confirmatory::A3PCN9
confirmatory::P07374	confirmatory::A3Q0D7
confirmatory::P07374	confirmatory::A4QA21
confirmatory::P07374	confirmatory::A4SY47
confirmatory::P07374	confirmatory::A4TAD3
confirmatory::P07374	confirmatory::A4VQU9
confirmatory::P07374	confirmatory::A4XQ47
confirmatory::P07374	confirmatory::A5FAD3
confirmatory::P07374	confirmatory::A5U3L5
confirmatory::P07374	confirmatory::A5W4B8
confirmatory::P07374	confirmatory::A6QJC8
confirmatory::P07374	confirmatory::A6U412
confirmatory::P07374	confirmatory::A6VCX2
confirmatory::P07374	confirmatory::A6VTV6
confirmatory::P07374	confirmatory::A8Z385
confirmatory::P07374	confirmatory::A9AZE8
confirmatory::P07374	confirmatory::A9BUC7
confirmatory::P07374	confirmatory::A9KJS1
confirmatory::P07374	confirmatory::B0KUZ9
confirmatory::P07374	confirmatory::B0TT69
confirmatory::P07374	confirmatory::B0V9P7
confirmatory::P07374	confirmatory::B0VSC2
confirmatory::P07374	confirmatory::B1HZE2
confirmatory::P07374	confirmatory::B1J813
confirmatory::P07374	confirmatory::B1MB83
confirmatory::P07374	confirmatory::B1VHT0
confirmatory::P07374	confirmatory::B1W5G7
confirmatory::P07374	confirmatory::B1Y3V4
confirmatory::P07374	confirmatory::B1ZP08
confirmatory::P07374	confirmatory::B2GI08
confirmatory::P07374	confirmatory::B3PXB8
confirmatory::P07374	confirmatory::B3QGK4
confirmatory::P07374	confirmatory::B3R3Z9
confirmatory::P07374	confirmatory::B4RSX7
confirmatory::P07374	confirmatory::B5FBC8
confirmatory::P07374	confirmatory::B5ZMP5
confirmatory::P07374	confirmatory::B7GXU5
confirmatory::P07374	confirmatory::B7V1S8
confirmatory::P07374	confirmatory::B8EPV1
confirmatory::P07374	confirmatory::B8GQ24
confirmatory::P07374	confirmatory::B8HA05
confirmatory::P07374	confirmatory::B8HW52
confirmatory::P07374	confirmatory::B9DLX8
confirmatory::P07374	confirmatory::B9J8M6
confirmatory::P07374	confirmatory::C1APC5
confirmatory::P07374	confirmatory::C1AXZ0
confirmatory::P07374	confirmatory::C1D5Z6
confirmatory::P07374	confirmatory::C1DNK6
confirmatory::P07374	confirmatory::C3K5A5
confirmatory::P07374	confirmatory::C3MGX6
confirmatory::P07374	confirmatory::C4LF65
confirmatory::P07374	confirmatory::C5C8U1
confirmatory::P07374	confirmatory::C5CXZ7
confirmatory::P07374	confirmatory::O30334
confirmatory::P07374	confirmatory::O87400
confirmatory::P07374	confirmatory::P0A4U0
confirmatory::P07374	confirmatory::P0A4U1
confirmatory::P07374	confirmatory::P0A677
confirmatory::P07374	confirmatory::P0C121
confirmatory::P07374	confirmatory::P42887
confirmatory::P07374	confirmatory::P67718
confirmatory::P07374	confirmatory::P67719
confirmatory::P07374	confirmatory::P67720
confirmatory::P07374	confirmatory::P73796
confirmatory::P07374	confirmatory::P9WFE6
confirmatory::P07374	confirmatory::Q02FF4
confirmatory::P07374	confirmatory::Q03282
confirmatory::P07374	confirmatory::Q07399
confirmatory::P07374	confirmatory::Q07K70
confirmatory::P07374	confirmatory::Q0BQ42
confirmatory::P07374	confirmatory::Q0RQR8
confirmatory::P07374	confirmatory::Q0S4S9
confirmatory::P07374	confirmatory::Q0VKX9
confirmatory::P07374	confirmatory::Q12DU1
confirmatory::P07374	confirmatory::Q1B870
confirmatory::P07374	confirmatory::Q1GJP6
confirmatory::P07374	confirmatory::Q1IBP2
confirmatory::P07374	confirmatory::Q1LPT2
confirmatory::P07374	confirmatory::Q1MCV5
confirmatory::P07374	confirmatory::Q1QC34
confirmatory::P07374	confirmatory::Q1QV51
confirmatory::P07374	confirmatory::Q21P96
confirmatory::P07374	confirmatory::Q2FEK5
confirmatory::P07374	confirmatory::Q2FVW5
confirmatory::P07374	confirmatory::Q2IZ52
confirmatory::P07374	confirmatory::Q2K512
confirmatory::P07374	confirmatory::Q2SDQ3
confirmatory::P07374	confirmatory::Q2YYQ8
confirmatory::P07374	confirmatory::Q31B51
confirmatory::P07374	confirmatory::Q3AGD2
confirmatory::P07374	confirmatory::Q473R2
confirmatory::P07374	confirmatory::Q48DF0
confirmatory::P07374	confirmatory::Q4A0J3
confirmatory::P07374	confirmatory::Q4KJ06
confirmatory::P07374	confirmatory::Q4ZN10
confirmatory::P07374	confirmatory::Q5HDS0
confirmatory::P07374	confirmatory::Q5HLW3
confirmatory::P07374	confirmatory::Q5YWS0
confirmatory::P07374	confirmatory::Q6FD85
confirmatory::P07374	confirmatory::Q6G734
confirmatory::P07374	confirmatory::Q6GEE6
confirmatory::P07374	confirmatory::Q6N3N0
confirmatory::P07374	confirmatory::Q7U3I5
confirmatory::P07374	confirmatory::Q7V1B4
confirmatory::P07374	confirmatory::Q7VRS4
confirmatory::P07374	confirmatory::Q7VUD0
confirmatory::P07374	confirmatory::Q826S1
confirmatory::P07374	confirmatory::Q87VP4
confirmatory::P07374	confirmatory::Q88J06
confirmatory::P07374	confirmatory::Q89UG3
confirmatory::P07374	confirmatory::Q8G2Q0
confirmatory::P07374	confirmatory::Q8RPY7
confirmatory::P07374	confirmatory::Q8UCS6
confirmatory::P07374	confirmatory::Q8XXS8
confirmatory::P07374	confirmatory::Q8YF71
confirmatory::P07374	confirmatory::Q9FAS7
confirmatory::P07374	discovery::A0L6F0
confirmatory::P07374	discovery::Q733J4
confirmatory::P07374	confirmatory::Q9AQT6
confirmatory::P07374	confirmatory::Q47G53
confirmatory::P07383	confirmatory::P07383
confirmatory::P07435	confirmatory::P07435
confirmatory::P07435	confirmatory::P81245
confirmatory::P31608	confirmatory::P31608
confirmatory::P31608	confirmatory::P07479
confirmatory::P32733	confirmatory::P32733
confirmatory::P32733	confirmatory::P83036
confirmatory::P32733	confirmatory::P09941
confirmatory::P32733	confirmatory::P86451
confirmatory::P32733	confirmatory::P83594
confirmatory::P32733	confirmatory::P81365
confirmatory::P32733	confirmatory::P09943
confirmatory::P32733	confirmatory::P10821
confirmatory::P32733	confirmatory::P32877
confirmatory::P32733	confirmatory::P68171
confirmatory::P32733	confirmatory::P81366
confirmatory::P32733	confirmatory::P01070
confirmatory::P32733	confirmatory::P01071
confirmatory::P32733	confirmatory::P25272
confirmatory::P32733	confirmatory::P25273
confirmatory::P32733	confirmatory::P25700
confirmatory::P32733	confirmatory::P34952
confirmatory::P32733	confirmatory::P84882
confirmatory::P32733	confirmatory::P83051
confirmatory::P32733	confirmatory::P83052
confirmatory::P32795	confirmatory::P32795
confirmatory::P32795	confirmatory::O80983
confirmatory::P32839	confirmatory::P32839
confirmatory::P32839	confirmatory::Q9CZP5
confirmatory::P32839	confirmatory::Q9Y276
confirmatory::P33416	confirmatory::P33416
confirmatory::P33416	confirmatory::Q54316
confirmatory::P33912	confirmatory::P33912
confirmatory::P33912	confirmatory::P22862
confirmatory::P33912	confirmatory::P25026
confirmatory::P33912	confirmatory::P49323
confirmatory::P33912	confirmatory::Q83WC8
confirmatory::P33912	confirmatory::P29715
confirmatory::P35247	confirmatory::P35247
confirmatory::P35247	confirmatory::P23805
confirmatory::P35247	confirmatory::P50404
confirmatory::P35247	confirmatory::Q1PBC5
confirmatory::P35247	confirmatory::P35246
confirmatory::P35247	confirmatory::O02659
confirmatory::P35247	confirmatory::P11226
confirmatory::P35247	confirmatory::P41317
confirmatory::P35247	confirmatory::Q66S50
confirmatory::P35247	confirmatory::Q66S61
confirmatory::P35247	confirmatory::Q66S62
confirmatory::P35247	confirmatory::Q66S63
confirmatory::P35247	confirmatory::P08661
confirmatory::P35247	confirmatory::P39039
confirmatory::P35247	confirmatory::Q3SXB8
confirmatory::P35247	confirmatory::Q17QH6
confirmatory::P35247	confirmatory::Q2LK94
confirmatory::P35247	confirmatory::Q5U3G1
confirmatory::P35247	confirmatory::Q9BWP8
confirmatory::P35247	confirmatory::Q9Y6Z7
confirmatory::P35247	confirmatory::Q8CF98
confirmatory::P35247	confirmatory::Q8AYA2
confirmatory::P35247	confirmatory::P21755
confirmatory::P35247	confirmatory::Q8IWL1
confirmatory::P35247	confirmatory::P06908
confirmatory::P35247	confirmatory::P08427
confirmatory::P35247	confirmatory::P12842
confirmatory::P35247	confirmatory::P35242
confirmatory::P35247	confirmatory::P50403
confirmatory::P35247	confirmatory::Q98TA4
confirmatory::P35250	confirmatory::P35250
confirmatory::P35250	confirmatory::Q641W4
confirmatory::P35250	confirmatory::Q9WUK4
confirmatory::P35250	confirmatory::Q99J62
confirmatory::P35250	confirmatory::P35249
confirmatory::P35250	confirmatory::P40348
confirmatory::P35250	confirmatory::O14003
confirmatory::P35250	confirmatory::O94449
confirmatory::P35250	confirmatory::P38629
confirmatory::P35250	confirmatory::P53034
confirmatory::P35250	confirmatory::Q09843
confirmatory::P35250	confirmatory::Q93ZX1
confirmatory::P35578	confirmatory::P35578
confirmatory::P35998	confirmatory::P35998
confirmatory::P35998	confirmatory::P46471
confirmatory::P35998	confirmatory::P62194
confirmatory::P35998	confirmatory::P62196
confirmatory::P35998	confirmatory::P62198
confirmatory::P35998	confirmatory::Q5E9F9
confirmatory::P35998	confirmatory::Q63347
confirmatory::P35998	confirmatory::Q9C5U3
confirmatory::P35998	confirmatory::Q58576
confirmatory::A0A075TXZ3	confirmatory::A0A075TXZ3
confirmatory::A0A0A2JH00	confirmatory::A0A0A2JH00
confirmatory::A0A0A2JH00	confirmatory::A0A0A2JT36
confirmatory::A0A0D2H023	confirmatory::A0A0D2H023
confirmatory::A0A0D2H023	confirmatory::Q8NKB0
confirmatory::A0A0F7YZI5	confirmatory::A0A0F7YZI5
confirmatory::A0A0K0IP23	confirmatory::A0A0K0IP23
confirmatory::A0A0K1YW63	confirmatory::A0A0K1YW63
confirmatory::A0A126P745	confirmatory::A0A126P745
confirmatory::A0A1E5RIW9	confirmatory::A0A1E5RIW9
confirmatory::A0A1E5RIW9	confirmatory::K0KPV8
confirmatory::A0A1E5RIW9	confirmatory::A0A1E3P8S6
confirmatory::A0A1E5RIW9	confirmatory::Q6CLY8
confirmatory::A0A1E5RIW9	confirmatory::W0T4A7
confirmatory::A0A1E5RIW9	confirmatory::A0A061B0Q2
confirmatory::A0A1E5RIW9	confirmatory::A0A1E4S2P1
confirmatory::A0A1E5RIW9	confirmatory::A0A1E5RUL9
confirmatory::A0A1S3PBB7	confirmatory::A0A1S3PBB7
confirmatory::A0A1S4F1Z7	confirmatory::A0A1S4F1Z7
confirmatory::A0A1S4GMJ4	confirmatory::A0A1S4GMJ4
confirmatory::A0A1S4HE51	confirmatory::A0A1S4HE51
confirmatory::A0A242M8J4	confirmatory::A0A242M8J4
confirmatory::A0A242M8J4	confirmatory::P0DO69
confirmatory::A0A242M8J4	confirmatory::P0DO68
confirmatory::A0A336U965	confirmatory::A0A336U965
confirmatory::A0A3Z7J6R4	confirmatory::A0A3Z7J6R4
confirmatory::A0A423VWI2	confirmatory::A0A423VWI2
confirmatory::A0A482AQK7	confirmatory::A0A482AQK7
confirmatory::A0A482ARP7	confirmatory::A0A482ARP7
confirmatory::A0A509AQU3	confirmatory::A0A509AQU3
confirmatory::A0A6B9KZ52	confirmatory::A0A6B9KZ52
confirmatory::A0A6B9KZ52	confirmatory::A0A6B9L8T7
confirmatory::A0A6B9KZ52	confirmatory::P31727
confirmatory::A0A6F8RQ06	confirmatory::A0A6F8RQ06
confirmatory::A0A6F8RQ06	confirmatory::A0A0U5CNN8
confirmatory::A0A7H0DN13	confirmatory::A0A7H0DN13
confirmatory::A0A7H0DN13	confirmatory::P18384
confirmatory::A0A7H0DN13	confirmatory::P20532
confirmatory::A0A7H0DN13	confirmatory::P33831
confirmatory::A0A7H0DN13	confirmatory::Q85339
confirmatory::A0A976SLN7	confirmatory::A0A976SLN7
confirmatory::A0QLI5	confirmatory::A0QLI5
confirmatory::A0ZSK3	confirmatory::A0ZSK3
confirmatory::A7YSY2	confirmatory::A7YSY2
confirmatory::A7YSY2	confirmatory::A0A7N9VSG0
confirmatory::A7YSY2	confirmatory::D4A2B7
confirmatory::A7YSY2	confirmatory::Q9BVQ7
confirmatory::A8MPR5	confirmatory::A8MPR5
confirmatory::A8MXQ7	confirmatory::A8MXQ7
confirmatory::A8X481	confirmatory::A8X481
confirmatory::B0KTG9	confirmatory::B0KTG9
confirmatory::B1AKI9	confirmatory::B1AKI9
confirmatory::B1AKI9	confirmatory::A2ATD1
confirmatory::B1AKI9	confirmatory::Q58T08
confirmatory::B1AKI9	confirmatory::Q5EGE1
confirmatory::B1AKI9	discovery::Q8QFV1
confirmatory::B1MFK2	confirmatory::B1MFK2
confirmatory::B1MFK2	confirmatory::O31266
confirmatory::B2AFA8	confirmatory::B2AFA8
confirmatory::B2KG20	confirmatory::B2KG20
confirmatory::B2KG20	confirmatory::Q5DT37
confirmatory::B2KG20	confirmatory::Q5DT39
confirmatory::P00588	confirmatory::P00588
confirmatory::P01050	confirmatory::P01050
confirmatory::P01088	confirmatory::P01088
confirmatory::P01088	confirmatory::P01087
confirmatory::P01088	confirmatory::Q43691
confirmatory::P01088	confirmatory::Q43723
confirmatory::P01088	confirmatory::P01086
confirmatory::P01088	confirmatory::P11643
confirmatory::P01088	confirmatory::P16159
confirmatory::P01088	confirmatory::P17314
confirmatory::P01088	confirmatory::P32936
confirmatory::P01088	confirmatory::P81367
confirmatory::P01088	confirmatory::P81368
confirmatory::P01088	discovery::P16850
confirmatory::P01088	confirmatory::P16851
confirmatory::P01088	confirmatory::P28041
confirmatory::P01088	confirmatory::P83207
confirmatory::P01088	confirmatory::Q7X8H9
confirmatory::P01088	confirmatory::P16969
confirmatory::P01088	discovery::Q7X7E6
confirmatory::P01088	confirmatory::Q01882
confirmatory::P01088	confirmatory::Q01881
confirmatory::P01088	confirmatory::Q01883
confirmatory::P01088	confirmatory::Q8H4L8
confirmatory::P01089	confirmatory::P01089
confirmatory::P01280	confirmatory::P01280
confirmatory::P01280	confirmatory::P63298
confirmatory::P01280	confirmatory::P09683
confirmatory::P01280	confirmatory::P09910
confirmatory::P01280	confirmatory::P31299
confirmatory::P01280	confirmatory::P63296
confirmatory::P01280	confirmatory::P63297
confirmatory::P01280	confirmatory::P32647
confirmatory::P01280	confirmatory::Q08535
confirmatory::P01286	confirmatory::P01286
confirmatory::P01286	confirmatory::Q60549
confirmatory::P01286	confirmatory::P01287
confirmatory::P01286	confirmatory::P07217
confirmatory::P01286	confirmatory::P09916
confirmatory::P01286	confirmatory::P63292
confirmatory::P01286	confirmatory::P63293
confirmatory::P01330	confirmatory::P01330
confirmatory::P01330	confirmatory::P01331
confirmatory::P01330	confirmatory::P22334
confirmatory::P01330	confirmatory::Q9W7R2
confirmatory::P01330	confirmatory::C0HJI1
confirmatory::P01330	confirmatory::C0HJI3
confirmatory::P01330	confirmatory::C0HJI6
confirmatory::P01330	confirmatory::C0HJI7
confirmatory::P01330	confirmatory::C0HJI8
confirmatory::P01330	confirmatory::C0HJT9
confirmatory::P01330	confirmatory::C0HJU0
confirmatory::P01330	confirmatory::P01308
confirmatory::P01330	confirmatory::P01310
confirmatory::P01330	confirmatory::P01311
confirmatory::P01330	confirmatory::P01313
confirmatory::P01330	confirmatory::P01314
confirmatory::P01330	confirmatory::P01315
confirmatory::P01330	confirmatory::P01316
confirmatory::P01330	confirmatory::P01317
confirmatory::P01330	confirmatory::P01319
confirmatory::P01330	confirmatory::P01320
confirmatory::P01330	confirmatory::P01322
confirmatory::P01330	confirmatory::P01323
confirmatory::P01330	confirmatory::P01324
confirmatory::P01330	confirmatory::P01325
confirmatory::P01330	confirmatory::P01326
confirmatory::P01330	confirmatory::P01333
confirmatory::P01330	confirmatory::P01334
confirmatory::P01330	confirmatory::P01339
confirmatory::P01330	confirmatory::P04667
confirmatory::P01330	confirmatory::P06306
confirmatory::P01330	confirmatory::P09477
confirmatory::P01330	confirmatory::P12708
confirmatory::P01330	confirmatory::P13190
confirmatory::P01330	confirmatory::P18109
confirmatory::P01330	confirmatory::P30406
confirmatory::P01330	confirmatory::P30407
confirmatory::P01330	confirmatory::P30410
confirmatory::P01330	confirmatory::P41522
confirmatory::P01330	confirmatory::P67968
confirmatory::P01330	confirmatory::P67969
confirmatory::P01330	confirmatory::P67970
confirmatory::P01330	confirmatory::P67971
confirmatory::P01330	confirmatory::P67972
confirmatory::P01330	confirmatory::P67974
confirmatory::P01330	confirmatory::P68243
confirmatory::P01330	confirmatory::P68245
confirmatory::P01330	confirmatory::P68989
confirmatory::P01330	confirmatory::P68990
confirmatory::P01330	confirmatory::P68991
confirmatory::P01330	confirmatory::P68992
confirmatory::P01330	confirmatory::P69048
confirmatory::P01330	confirmatory::P81423
confirmatory::P01330	confirmatory::Q62587
confirmatory::P01330	confirmatory::Q6YK33
confirmatory::P01330	confirmatory::Q8HXV2
confirmatory::P01330	discovery::C0HJI4
confirmatory::P01330	discovery::P01336
confirmatory::P01330	discovery::P12703
confirmatory::P01330	discovery::P69046
confirmatory::P01330	confirmatory::P01342
confirmatory::P01330	confirmatory::P68987
confirmatory::P01330	confirmatory::P12705
confirmatory::P01330	confirmatory::P12704
confirmatory::P01330	discovery::P01321
confirmatory::P01330	confirmatory::P01329
confirmatory::P01330	confirmatory::P17715
confirmatory::P01330	confirmatory::P12706
confirmatory::P01330	confirmatory::P01318
confirmatory::P01330	confirmatory::P01327
confirmatory::P01330	confirmatory::P01338
confirmatory::P01330	confirmatory::P07453
confirmatory::P01330	confirmatory::P29335
confirmatory::P01330	confirmatory::C0HJI2
confirmatory::P01330	confirmatory::C0HJI5
confirmatory::P01330	confirmatory::P01340
confirmatory::P01330	confirmatory::P09476
confirmatory::P01330	confirmatory::P0C236
confirmatory::P01330	confirmatory::P42633
confirmatory::P01330	confirmatory::Q9TQY7
confirmatory::P01330	confirmatory::Q90WX8
confirmatory::P01526	confirmatory::P01526
confirmatory::P01558	confirmatory::P01558
confirmatory::P18908	confirmatory::P18908
confirmatory::P18908	confirmatory::Q9GLK4
confirmatory::P18908	discovery::Q805E8
confirmatory::P18908	confirmatory::Q805D7
confirmatory::P18908	confirmatory::P83962
confirmatory::P18908	confirmatory::P83964
confirmatory::P18908	confirmatory::Q805D8
confirmatory::P18908	confirmatory::Q9GLD0
confirmatory::P18908	confirmatory::P01160
confirmatory::P18908	confirmatory::P01161
confirmatory::P18908	confirmatory::P07499
confirmatory::P18908	confirmatory::P07500
confirmatory::P18908	confirmatory::P07501
confirmatory::P18908	confirmatory::P24259
confirmatory::P19884	confirmatory::P19884
confirmatory::P19884	confirmatory::P01347
confirmatory::P19884	confirmatory::P04090
confirmatory::P19884	confirmatory::P04808
confirmatory::P19884	confirmatory::P47932
confirmatory::P19884	confirmatory::P51454
confirmatory::P19884	confirmatory::P51455
confirmatory::P19884	confirmatory::Q64171
confirmatory::P19884	confirmatory::P22969
confirmatory::P19884	confirmatory::P01348
confirmatory::P19884	confirmatory::Q9MYK8
confirmatory::P19884	confirmatory::Q9TRM8
confirmatory::P20462	confirmatory::P20462
confirmatory::P20749	confirmatory::P20749
confirmatory::P20749	confirmatory::Q9Z2F6
confirmatory::P20841	confirmatory::P20841
confirmatory::P20842	confirmatory::P20842
confirmatory::P20842	confirmatory::P70124
confirmatory::P20842	confirmatory::P36952
confirmatory::P20842	confirmatory::Q08519
confirmatory::P20842	discovery::A0A834R821
confirmatory::P20842	discovery::Q06B74
confirmatory::P20842	confirmatory::A8MV23
confirmatory::P20842	confirmatory::Q9VFC2
confirmatory::P21227	confirmatory::P21227
confirmatory::P21227	confirmatory::A7XQ02
confirmatory::P21227	discovery::P11218
confirmatory::P21227	confirmatory::P16061
confirmatory::P21227	confirmatory::P43082
confirmatory::P21227	confirmatory::P02877
confirmatory::P21227	confirmatory::P09761
confirmatory::P21227	confirmatory::P80359
confirmatory::P21227	confirmatory::P81591
confirmatory::P21227	confirmatory::P85966
confirmatory::P21227	confirmatory::P86521
confirmatory::P21227	confirmatory::W0IWL0
confirmatory::P21227	confirmatory::P05315
confirmatory::P21227	confirmatory::P06215
confirmatory::P21227	confirmatory::P11955
confirmatory::P21227	confirmatory::P16579
confirmatory::P21227	confirmatory::P24091
confirmatory::P21227	confirmatory::P24626
confirmatory::P21227	confirmatory::P25765
confirmatory::P21227	confirmatory::P29031
confirmatory::P21227	confirmatory::P29032
confirmatory::P21227	confirmatory::P36361
confirmatory::P21227	confirmatory::P36907
confirmatory::P21227	confirmatory::P51613
confirmatory::P21227	confirmatory::P52403
confirmatory::P21227	confirmatory::P52404
confirmatory::P21227	confirmatory::P52405
confirmatory::P21227	confirmatory::P52406
confirmatory::P21227	confirmatory::P86473
confirmatory::P21227	confirmatory::P93680
confirmatory::P21227	confirmatory::Q39785
confirmatory::P21227	confirmatory::Q39799
confirmatory::P21227	confirmatory::Q41596
confirmatory::P21227	confirmatory::Q42993
confirmatory::P21227	confirmatory::Q688M5
confirmatory::P21227	confirmatory::Q7DNA1
confirmatory::P21227	confirmatory::Q8GUD7
confirmatory::P21227	confirmatory::Q949H3
confirmatory::P21227	discovery::Q09023
confirmatory::P21227	confirmatory::Q9M2U5
confirmatory::P21227	confirmatory::O24598
confirmatory::P21227	confirmatory::O24658
confirmatory::P21227	confirmatory::P27054
confirmatory::P21227	confirmatory::Q06209
confirmatory::P21227	confirmatory::Q6K8R2
confirmatory::P21227	confirmatory::Q9SAY3
confirmatory::P21227	discovery::Q0JF21
confirmatory::P21227	confirmatory::P02876
confirmatory::P21227	confirmatory::P10968
confirmatory::P21227	confirmatory::P15312
confirmatory::P21227	confirmatory::Q01MB6
confirmatory::P21227	confirmatory::A0A1S6EK91
confirmatory::P21227	confirmatory::A0A1S6EK92
confirmatory::P21227	confirmatory::C0HLN3
confirmatory::P21227	confirmatory::C0HLV3
confirmatory::P21227	confirmatory::C0HLV4
confirmatory::P21227	confirmatory::C0HLV5
confirmatory::P21814	confirmatory::P21814
confirmatory::P21814	confirmatory::P46202
confirmatory::P21814	confirmatory::P16708
confirmatory::P21814	confirmatory::P46201
confirmatory::P21854	confirmatory::P21854
confirmatory::P21956	confirmatory::P21956
confirmatory::P21956	confirmatory::Q95114
confirmatory::P21956	confirmatory::P79385
confirmatory::P21956	confirmatory::Q08431
confirmatory::P21956	discovery::O35474
confirmatory::P21956	confirmatory::O43854
confirmatory::P22074	confirmatory::P22074
confirmatory::P22542	confirmatory::P22542
confirmatory::P22848	confirmatory::P22848
confirmatory::P22848	confirmatory::P07024
confirmatory::P22848	confirmatory::A9BJC1
confirmatory::P23694	confirmatory::P23694
confirmatory::P23916	confirmatory::P23916
confirmatory::P23974	confirmatory::P23974
confirmatory::P24419	confirmatory::P24419
confirmatory::P25227	confirmatory::P25227
confirmatory::P25227	confirmatory::P19652
confirmatory::P25227	confirmatory::P02763
confirmatory::P25227	confirmatory::Q60590
confirmatory::P25227	confirmatory::P02764
confirmatory::P25227	confirmatory::P07361
confirmatory::P25227	confirmatory::P21350
confirmatory::P25227	confirmatory::Q63805
confirmatory::P25227	discovery::P21352
confirmatory::P25307	confirmatory::P25307
confirmatory::P25381	confirmatory::P25381
confirmatory::P25436	confirmatory::P25436
confirmatory::P25436	confirmatory::Q1X709
confirmatory::P25436	confirmatory::P25430
confirmatory::P25436	confirmatory::P25431
confirmatory::P25436	confirmatory::Q1X700
confirmatory::P25436	confirmatory::Q1X711
confirmatory::P25436	discovery::Q1X703
confirmatory::P69034	confirmatory::P69034
confirmatory::P69036	confirmatory::P69036
confirmatory::P69129	confirmatory::P69129
confirmatory::P69129	confirmatory::P69128
confirmatory::P69502	confirmatory::P69502
confirmatory::P70663	confirmatory::P70663
confirmatory::P70663	confirmatory::P24054
confirmatory::P70663	confirmatory::P23499
confirmatory::P70663	confirmatory::Q5R767
confirmatory::P70663	confirmatory::O93390
confirmatory::P70663	confirmatory::P07214
confirmatory::P70663	confirmatory::P13213
confirmatory::P70663	confirmatory::P16975
confirmatory::P70663	confirmatory::P20112
confirmatory::P70663	confirmatory::P36233
confirmatory::P70663	confirmatory::P36377
confirmatory::P70663	confirmatory::P36378
confirmatory::P73390	confirmatory::P73390
confirmatory::P73390	confirmatory::P45370
confirmatory::P73390	confirmatory::I3R9Z4
confirmatory::P73390	confirmatory::G0HQZ6
confirmatory::P74977	confirmatory::P74977
confirmatory::P75409	confirmatory::P75409
confirmatory::P75895	confirmatory::P75895
confirmatory::P78380	confirmatory::P78380
confirmatory::P78380	confirmatory::O70156
confirmatory::P78380	confirmatory::P79391
confirmatory::P78380	confirmatory::Q9EQ09
confirmatory::P78380	confirmatory::Q9TTK7
confirmatory::P78380	confirmatory::Q9XTA8
confirmatory::P78380	confirmatory::Q6QLQ4
confirmatory::P79100	confirmatory::P79100
confirmatory::P79100	confirmatory::O35119
confirmatory::P79100	confirmatory::Q9QUQ5
confirmatory::P79100	confirmatory::Q9QX29
confirmatory::P79100	confirmatory::Q9UL62
confirmatory::P79100	discovery::Q9UBN4
confirmatory::P80007	confirmatory::P80007
confirmatory::P80007	confirmatory::P80029
confirmatory::P80007	confirmatory::P58989
confirmatory::P80015	confirmatory::P80015
confirmatory::P80172	confirmatory::P80172
confirmatory::P80424	confirmatory::P80424
confirmatory::P80424	confirmatory::P09865
confirmatory::P80424	confirmatory::P86987
confirmatory::P81069	confirmatory::P81069
confirmatory::P81069	confirmatory::Q06547
confirmatory::P81069	confirmatory::Q1RMI3
confirmatory::P81191	confirmatory::P81191
confirmatory::Q09701	confirmatory::Q09701
confirmatory::Q09TK9	confirmatory::Q09TK9
confirmatory::Q0DN94	confirmatory::Q0DN94
confirmatory::Q0DN94	confirmatory::A2XMB2
confirmatory::Q0E587	confirmatory::Q0E587
confirmatory::Q0E588	confirmatory::Q0E588
confirmatory::Q0E8C8	confirmatory::Q0E8C8
confirmatory::Q0JJ01	confirmatory::Q0JJ01
confirmatory::Q0V9K2	confirmatory::Q0V9K2
confirmatory::Q0V9K2	confirmatory::Q2TAP9
confirmatory::Q0V9K2	confirmatory::Q6DRD9
confirmatory::Q0V9K2	confirmatory::Q8K4F5
confirmatory::Q0V9K2	confirmatory::Q8NFV4
confirmatory::Q0V9K2	confirmatory::P53219
confirmatory::Q0WNE5	confirmatory::Q0WNE5
confirmatory::Q0WNE5	confirmatory::Q9M8Y9
confirmatory::Q12385	confirmatory::Q12385
confirmatory::Q12385	confirmatory::Q04623
confirmatory::Q12546	confirmatory::Q12546
confirmatory::Q13415	confirmatory::Q13415
confirmatory::Q13415	confirmatory::Q80Z32
confirmatory::Q13415	confirmatory::Q9Z1N2
confirmatory::Q16553	confirmatory::Q16553
confirmatory::Q16553	confirmatory::Q90986
confirmatory::Q16553	confirmatory::Q64253
confirmatory::Q19204	confirmatory::Q19204
confirmatory::Q1DFT5	confirmatory::Q1DFT5
confirmatory::Q1HLC0	confirmatory::Q1HLC0
confirmatory::Q2KJH6	confirmatory::Q2KJH6
confirmatory::Q2KJH6	confirmatory::P13731
confirmatory::Q2KJH6	confirmatory::P19324
confirmatory::Q2KJH6	confirmatory::P29457
confirmatory::Q2KJH6	confirmatory::P50454
confirmatory::Q2KJH6	confirmatory::Q5RBS3
confirmatory::Q2KJI7	confirmatory::Q2KJI7
confirmatory::Q2KJI7	confirmatory::Q8JZQ2
confirmatory::Q2KJI7	confirmatory::Q920A7
confirmatory::Q2KJI7	confirmatory::Q9N3T5
confirmatory::Q2KJI7	confirmatory::Q9Y4W6
confirmatory::Q2QLG0	confirmatory::Q2QLG0
confirmatory::Q2QLG0	confirmatory::A4D7T3
confirmatory::Q2QLG0	confirmatory::Q07DV3
confirmatory::Q2QLG0	confirmatory::Q07DX6
confirmatory::Q2QLG0	confirmatory::Q07DY6
confirmatory::Q2QLG0	confirmatory::Q07DZ7
confirmatory::Q2QLG0	confirmatory::Q07E17
confirmatory::Q2QLG0	confirmatory::Q09YH1
confirmatory::Q2QLG0	confirmatory::Q09YK6
confirmatory::Q2QLG0	confirmatory::Q108U1
confirmatory::Q2QLG0	confirmatory::Q2IBE3
confirmatory::Q2QLG0	confirmatory::Q2QLC6
confirmatory::Q2QLG0	confirmatory::Q8WMX7
confirmatory::Q2QLG0	confirmatory::Q8WWH4
confirmatory::Q2QLG0	discovery::Q2IBF5
confirmatory::Q2QLG0	discovery::Q8WMX6
confirmatory::Q2R8P2	confirmatory::Q2R8P2
confirmatory::Q2R8P2	confirmatory::O04582
confirmatory::Q2R8P2	confirmatory::Q9ZQR6
confirmatory::Q2R8P2	confirmatory::Q7XMK1
confirmatory::Q2R8P2	confirmatory::Q7XMK0
confirmatory::Q2TBM7	confirmatory::Q2TBM7
confirmatory::Q2TBM7	confirmatory::O75900
confirmatory::Q2TBM7	confirmatory::O88676
confirmatory::Q3HXX9	confirmatory::Q3HXX9
confirmatory::Q3KP44	confirmatory::Q3KP44
confirmatory::Q3TYA6	confirmatory::Q3TYA6
confirmatory::Q3TYA6	discovery::G3V8T1
confirmatory::Q3UTS8	confirmatory::Q3UTS8
confirmatory::Q3UTS8	confirmatory::D3ZVP0
confirmatory::Q3V0J4	confirmatory::Q3V0J4
confirmatory::Q40189	confirmatory::Q40189
confirmatory::Q5R1U3	confirmatory::Q5R1U3
confirmatory::Q5R1U3	confirmatory::Q62426
confirmatory::Q5R1U3	confirmatory::P35479
confirmatory::Q5R1U3	confirmatory::B2Z449
confirmatory::Q5R1U3	confirmatory::J7FQE8
confirmatory::Q5R1U3	confirmatory::P04080
confirmatory::Q5R1U3	confirmatory::P60575
confirmatory::Q5R1U3	confirmatory::P60576
confirmatory::Q5R1U3	confirmatory::P80416
confirmatory::Q5R1U3	confirmatory::Q10994
confirmatory::Q5R1U3	confirmatory::Q28986
confirmatory::Q5R1U3	confirmatory::Q28987
confirmatory::Q5R1U3	confirmatory::Q28988
confirmatory::Q5R1U3	confirmatory::Q76LA0
confirmatory::Q5R1U3	confirmatory::Q862Z5
confirmatory::Q5R1U3	confirmatory::Q8I030
confirmatory::Q5R1U3	discovery::P25417
confirmatory::Q5R1U3	discovery::P35478
confirmatory::Q5R1U3	confirmatory::P35174
confirmatory::Q5R1U3	confirmatory::P01039
confirmatory::Q5R1U3	confirmatory::P35173
confirmatory::Q5R1U3	confirmatory::P56567
confirmatory::Q5R1U3	confirmatory::P80736
confirmatory::Q5R1U3	confirmatory::P35175
confirmatory::Q5R1U3	confirmatory::Q29290
confirmatory::Q5R1U3	confirmatory::Q65YR8
confirmatory::Q5R1U3	confirmatory::Q8WNR9
confirmatory::Q5R1U3	confirmatory::Q65YR7
confirmatory::Q5R7R7	confirmatory::Q5R7R7
confirmatory::Q5R7R7	confirmatory::Q5BIR3
confirmatory::Q5R7R7	confirmatory::Q9JM61
confirmatory::Q5R7R7	confirmatory::Q9NS62
confirmatory::Q5RFL1	confirmatory::Q5RFL1
confirmatory::Q5RFL1	confirmatory::F8W2M8
confirmatory::Q5RFL1	confirmatory::O14773
confirmatory::Q5RFL1	confirmatory::O89023
confirmatory::Q5RFL1	confirmatory::Q0V8B6
confirmatory::Q5RFL1	confirmatory::Q5IS74
confirmatory::Q5RFL1	confirmatory::Q60HH1
confirmatory::Q5RFL1	confirmatory::Q9EQV6
confirmatory::Q5RFL1	confirmatory::Q55CT0
confirmatory::Q5RFL1	confirmatory::Q70J59
confirmatory::Q5RFL1	confirmatory::Q4WQU0
confirmatory::Q5RFL1	confirmatory::C5FRX4
confirmatory::Q5RFL1	confirmatory::D4AIK6
confirmatory::Q5RFL1	confirmatory::D4D9U2
confirmatory::Q5RFL1	confirmatory::D4DBH6
confirmatory::Q5RFL1	confirmatory::Q70GH4
confirmatory::Q5RFL1	confirmatory::C5FTQ5
confirmatory::Q5RFL1	confirmatory::Q8MZS4
confirmatory::Q5RLZ1	confirmatory::Q5RLZ1
confirmatory::Q5RLZ1	confirmatory::I3R794
confirmatory::Q5RLZ1	confirmatory::P29143
confirmatory::Q5SMU7	confirmatory::Q5SMU7
confirmatory::Q5SMU7	confirmatory::Q710E8
confirmatory::Q5SMU7	confirmatory::Q9SU24
confirmatory::Q5VYY2	confirmatory::Q5VYY2
confirmatory::Q5VYY2	confirmatory::P07098
confirmatory::Q5VYY2	confirmatory::P38571
confirmatory::Q5VYY2	confirmatory::P80035
confirmatory::Q5VYY2	confirmatory::Q3U4B4
confirmatory::Q5VYY2	confirmatory::Q4R4S5
confirmatory::Q5VYY2	confirmatory::Q5VXI9
confirmatory::Q5VYY2	confirmatory::Q64194
confirmatory::Q5VYY2	confirmatory::Q8K2A6
confirmatory::Q5VYY2	confirmatory::Q9Z0M5
confirmatory::Q5VYY2	confirmatory::Q5VXJ0
confirmatory::Q5VYY2	confirmatory::Q8BM14
confirmatory::Q5VYY2	confirmatory::O74430
confirmatory::Q5VYY2	confirmatory::P34163
confirmatory::Q5W7F4	confirmatory::Q5W7F4
confirmatory::Q5W7P8	confirmatory::Q5W7P8
confirmatory::Q5W7P8	confirmatory::P07204
confirmatory::Q5W7P8	confirmatory::O89103
confirmatory::Q5W7P8	confirmatory::Q9ET61
confirmatory::Q5WPS9	confirmatory::Q5WPS9
confirmatory::Q60773	confirmatory::Q60773
confirmatory::Q60773	confirmatory::Q29RV0
confirmatory::Q60773	confirmatory::Q86SG2
confirmatory::Q60773	confirmatory::Q8IVF6
confirmatory::Q60773	confirmatory::Q4UJ75
confirmatory::Q60773	confirmatory::Q9NXR5
confirmatory::Q60HE4	confirmatory::Q60HE4
confirmatory::Q62422	confirmatory::Q62422
confirmatory::Q63369	confirmatory::Q63369
confirmatory::Q63369	confirmatory::P25799
confirmatory::Q63369	confirmatory::Q6F3J0
confirmatory::Q63369	confirmatory::O73630
confirmatory::Q63369	confirmatory::Q00653
confirmatory::Q63HQ2	confirmatory::Q63HQ2
confirmatory::Q63HQ2	confirmatory::B4F785
confirmatory::Q63HQ2	confirmatory::Q4VBE4
confirmatory::Q64181	confirmatory::Q64181
confirmatory::Q64181	confirmatory::P27918
confirmatory::Q64181	confirmatory::Q5RBP8
confirmatory::Q647G9	confirmatory::Q647G9
confirmatory::Q647G9	confirmatory::F5B8X0
confirmatory::Q8IUS5	confirmatory::Q8IUS5
confirmatory::Q8IUS5	confirmatory::Q6IE26
confirmatory::Q8IUS5	confirmatory::Q9H6B9
confirmatory::Q8IUS5	confirmatory::G5EDL5
confirmatory::Q8IUS5	confirmatory::Q6Q2C2
confirmatory::Q8IUS5	confirmatory::P34914
confirmatory::Q8IUS5	confirmatory::P80299
confirmatory::Q8IX05	confirmatory::Q8IX05
confirmatory::Q8IX05	confirmatory::Q9DCG2
confirmatory::Q8JHE1	confirmatory::Q8JHE1
confirmatory::Q8K009	confirmatory::Q8K009
confirmatory::Q8K009	confirmatory::O75891
confirmatory::Q8K009	confirmatory::Q3SY69
confirmatory::Q8K1H9	confirmatory::Q8K1H9
confirmatory::Q8K1H9	confirmatory::Q9NPH6
confirmatory::Q8K1H9	confirmatory::Q9NY56
confirmatory::Q8K1H9	confirmatory::P53715
confirmatory::Q8K1H9	confirmatory::O18873
confirmatory::Q8K1H9	confirmatory::P41244
confirmatory::Q8K1H9	confirmatory::P20289
confirmatory::Q8K1H9	confirmatory::P31025
confirmatory::Q8K1H9	confirmatory::Q62471
confirmatory::Q8K1S2	confirmatory::Q8K1S2
confirmatory::Q8K1S2	confirmatory::F1LW30
confirmatory::Q8K1S2	confirmatory::Q6UXZ4
confirmatory::Q8K1S2	confirmatory::O08721
confirmatory::Q8K1S2	confirmatory::Q7T2Z5
confirmatory::Q8K1S2	confirmatory::Q8K1S3
confirmatory::Q8K1S2	confirmatory::C5IAW9
confirmatory::Q8K1S2	confirmatory::O08722
confirmatory::Q8K1S2	confirmatory::O08747
confirmatory::Q8K1S2	confirmatory::O95185
confirmatory::Q8K1S2	confirmatory::Q761X5
confirmatory::Q8K1S2	confirmatory::Q8IZJ1
confirmatory::Q8K1S2	confirmatory::Q8JGT4
confirmatory::Q8K5A3	confirmatory::Q8K5A3
confirmatory::Q8K5A3	confirmatory::Q80ZN5
confirmatory::Q8K5A3	confirmatory::Q9H112
confirmatory::Q8LW54	confirmatory::Q8LW54
confirmatory::Q8MHY9	confirmatory::Q8MHY9
confirmatory::Q8MHY9	confirmatory::Q8CJC7
confirmatory::Q8MHY9	confirmatory::Q80ZC8
confirmatory::Q8MNV0	confirmatory::Q8MNV0
confirmatory::Q8MNV0	confirmatory::O16299
confirmatory::Q8MNV0	confirmatory::O43078
confirmatory::Q8MNV0	confirmatory::P28737
confirmatory::Q8MNV0	confirmatory::Q9D5T0
confirmatory::Q8MNV0	confirmatory::Q505J9
confirmatory::Q8MNV0	confirmatory::Q8NBU5
confirmatory::Q8MNV0	confirmatory::P39955
confirmatory::Q8MNV0	confirmatory::Q298L4
confirmatory::Q8MNV0	confirmatory::A2VDN5
confirmatory::Q8MNV0	confirmatory::B2RYN7
confirmatory::Q8MNV0	confirmatory::B3M301
confirmatory::Q8MNV0	confirmatory::B3P8A3
confirmatory::Q8MNV0	confirmatory::B4HGG6
confirmatory::Q8MNV0	confirmatory::B4JII0
confirmatory::Q8MNV0	confirmatory::B4K799
confirmatory::Q8MNV0	confirmatory::B4M0H8
confirmatory::Q8MNV0	confirmatory::B4NBP4
confirmatory::Q8MNV0	confirmatory::B4PL32
confirmatory::Q8MNV0	confirmatory::B4QSF0
confirmatory::Q8MNV0	confirmatory::Q05AS3
confirmatory::Q8MNV0	confirmatory::Q5ZK92
confirmatory::Q8MNV0	confirmatory::Q6NW58
confirmatory::Q8MNV0	confirmatory::Q719N1
confirmatory::Q8MNV0	confirmatory::Q9QYY8
confirmatory::Q8MNV0	confirmatory::Q9UBP0
confirmatory::Q8MNV0	discovery::Q6AZT2
confirmatory::Q8MNV0	confirmatory::Q54KQ7
confirmatory::Q8MTX1	confirmatory::Q8MTX1
confirmatory::Q8N6D5	confirmatory::Q8N6D5
confirmatory::Q8N6D5	confirmatory::Q8UVC1
confirmatory::Q8N6D5	confirmatory::Q71S22
confirmatory::Q8N6D5	confirmatory::Q71S21
confirmatory::Q8N6D5	confirmatory::Q8VHS6
confirmatory::Q8N6D5	confirmatory::Q8K0L0
confirmatory::Q8N6D5	confirmatory::Q3SX45
confirmatory::Q8N6D5	confirmatory::Q5U2S6
confirmatory::Q8NC01	confirmatory::Q8NC01
confirmatory::Q8NFD2	confirmatory::Q8NFD2
confirmatory::Q8NFT8	confirmatory::Q8NFT8
confirmatory::Q8NFT8	confirmatory::Q8JZM4
confirmatory::Q8NVK6	confirmatory::Q8NVK6
confirmatory::Q8P6V8	confirmatory::Q8P6V8
confirmatory::Q8QN36	confirmatory::Q8QN36
confirmatory::Q8R164	confirmatory::Q8R164
confirmatory::Q8R516	confirmatory::Q8R516
confirmatory::Q8R516	confirmatory::Q5ZIJ9
confirmatory::Q8R516	confirmatory::Q96AX9
confirmatory::Q8R516	confirmatory::Q6GNY1
confirmatory::Q8R516	confirmatory::Q80SY4
confirmatory::Q8R516	confirmatory::Q86YT6
confirmatory::Q8SQ74	confirmatory::Q8SQ74
confirmatory::Q8SQ74	confirmatory::P06681
confirmatory::Q8SQ74	confirmatory::Q3SYW2
confirmatory::Q8SQ74	confirmatory::Q863A0
confirmatory::Q8SQ74	confirmatory::Q864W0
confirmatory::Q8SQ74	confirmatory::P00751
confirmatory::Q8SQ74	confirmatory::P04186
confirmatory::Q8SQ74	confirmatory::P81187
confirmatory::Q8SS86	confirmatory::Q8SS86
confirmatory::Q8U1N9	confirmatory::Q8U1N9
confirmatory::Q8V790	confirmatory::Q8V790
confirmatory::Q8VD98	confirmatory::Q8VD98
confirmatory::Q8VD98	confirmatory::A4KWA1
confirmatory::Q8VD98	confirmatory::Q5NKN2
confirmatory::Q8VD98	confirmatory::Q5NKN4
confirmatory::Q8VD98	confirmatory::Q99JB4
confirmatory::Q8VD98	confirmatory::P27814
confirmatory::Q8VD98	confirmatory::Q12918
confirmatory::Q8VI78	confirmatory::Q8VI78
confirmatory::Q8VI78	confirmatory::P97535
confirmatory::Q8VI78	confirmatory::Q53H76
confirmatory::Q8VI78	confirmatory::Q5RBQ5
confirmatory::Q8VII3	confirmatory::Q8VII3
confirmatory::Q8VII3	confirmatory::Q8VIH8
confirmatory::Q8VII3	confirmatory::Q2NKZ5
confirmatory::Q8VII3	confirmatory::Q32KQ9
confirmatory::Q8VII3	confirmatory::Q9H4G1
confirmatory::Q8VII3	confirmatory::Q5W188
confirmatory::Q8VII3	confirmatory::Q29RH0
confirmatory::Q8VII3	confirmatory::Q9DAN8
confirmatory::Q8VII3	confirmatory::Q8VII2
confirmatory::Q8VII3	confirmatory::Q9Z0H6
confirmatory::Q8VSL8	confirmatory::Q8VSL8
confirmatory::Q8VTT5	confirmatory::Q8VTT5
confirmatory::Q8VTT5	confirmatory::Q44184
confirmatory::Q8VZG2	confirmatory::Q8VZG2
confirmatory::Q8VZG2	confirmatory::Q9FLD5
confirmatory::Q9FN02	confirmatory::Q9FN02
confirmatory::Q9FN02	confirmatory::P53043
confirmatory::Q9FN02	confirmatory::Q84K11
confirmatory::Q9FN02	confirmatory::P53041
confirmatory::Q9FN02	confirmatory::P53042
confirmatory::Q9FN02	confirmatory::Q60676
confirmatory::Q9FN02	confirmatory::Q84XU2
confirmatory::Q9FN02	confirmatory::Q9NES8
confirmatory::Q9FNP4	confirmatory::Q9FNP4
confirmatory::Q9FRT9	confirmatory::Q9FRT9
confirmatory::Q9FZ33	confirmatory::Q9FZ33
confirmatory::Q9GU69	confirmatory::Q9GU69
confirmatory::Q9GZV1	confirmatory::Q9GZV1
confirmatory::Q9H1D0	confirmatory::Q9H1D0
confirmatory::Q9H1D0	confirmatory::Q9NQA5
confirmatory::Q9H1D0	discovery::Q9XSM3
confirmatory::Q9H4G4	confirmatory::Q9H4G4
confirmatory::Q9H4G4	confirmatory::Q9CYL5
confirmatory::Q9H4G4	confirmatory::B3EWZ8
confirmatory::Q9H4G4	confirmatory::G2XGR1
confirmatory::Q9H4G4	confirmatory::P47033
confirmatory::Q9H4G4	confirmatory::Q59WG5
confirmatory::Q9H4G4	confirmatory::Q59ZX3
confirmatory::Q9H4G4	confirmatory::P36110
confirmatory::Q9H4G4	confirmatory::Q5AB49
confirmatory::Q9H4G4	confirmatory::P47032
confirmatory::Q9H4G4	confirmatory::Q40374
confirmatory::Q9H4G4	confirmatory::P11670
confirmatory::Q9H4G4	confirmatory::Q08697
confirmatory::Q9H4G4	confirmatory::P08299
confirmatory::Q9H4G4	confirmatory::Q41359
confirmatory::Q9H4G4	confirmatory::P35793
confirmatory::Q9H4G4	confirmatory::Q00008
confirmatory::Q9H4G4	confirmatory::Q9ZNS4
confirmatory::Q9H4G4	discovery::P35792
confirmatory::Q9H4G4	discovery::Q05968
confirmatory::Q9H4G4	confirmatory::P35794
confirmatory::Q9H4G4	confirmatory::Q59PV6
confirmatory::Q9H9E1	confirmatory::Q9H9E1
confirmatory::Q9H9E1	confirmatory::Q2KI79
confirmatory::Q9HBA0	confirmatory::Q9HBA0
confirmatory::Q9HBA0	confirmatory::A0A1D5PXA5
confirmatory::Q9HBA0	confirmatory::Q9ERZ8
confirmatory::Q9HBA0	confirmatory::Q8NET8
confirmatory::Q9HBA0	discovery::Q6RX08
confirmatory::Q9HBA0	confirmatory::O35433
confirmatory::Q9HBA0	confirmatory::Q704Y3
confirmatory::Q9HBA0	confirmatory::Q8NER1
confirmatory::Q9HCB6	confirmatory::Q9HCB6
confirmatory::Q9HCB6	confirmatory::P35447
confirmatory::Q9HCB6	confirmatory::Q8VCC9
confirmatory::Q9HCB6	confirmatory::Q9GLX9
confirmatory::Q9HCB6	confirmatory::Q9W770
confirmatory::Q9J531	confirmatory::Q9J531
confirmatory::Q9J5F9	confirmatory::Q9J5F9
confirmatory::Q9J5G3	confirmatory::Q9J5G3
confirmatory::Q9J5J1	confirmatory::Q9J5J1
confirmatory::Q9J5J1	discovery::P14369
confirmatory::Q9JHI0	confirmatory::Q9JHI0
confirmatory::Q9JHI0	confirmatory::Q99542
confirmatory::Q9JHI0	confirmatory::P51511
confirmatory::Q9JHI0	confirmatory::O54732
confirmatory::Q9JHI0	confirmatory::P53690
confirmatory::Q9JHI0	confirmatory::Q10739
confirmatory::Q9JHI0	confirmatory::Q95220
confirmatory::Q9JHI0	confirmatory::Q99PW6
confirmatory::Q9JHI0	confirmatory::Q9GLE4
confirmatory::Q9JHI0	confirmatory::Q9R0S2
confirmatory::Q9JHI0	confirmatory::Q9Y5R2
confirmatory::Q9JHI0	discovery::P34960
confirmatory::Q9JHI0	discovery::Q9XT90
confirmatory::Q9JHI0	confirmatory::Q9WTR0
confirmatory::Q9JHI0	confirmatory::O35548
confirmatory::Q9JHI0	confirmatory::P51512
confirmatory::Q9JHI0	confirmatory::P39900
confirmatory::Q9JHI0	confirmatory::P50280
confirmatory::Q9JHI0	confirmatory::P09237
confirmatory::Q9JHI0	confirmatory::Q10738
confirmatory::Q9JHI0	confirmatory::Q02853
confirmatory::Q9JHI0	confirmatory::P24347
confirmatory::Q9JHI0	confirmatory::Q11005
confirmatory::Q9JHI0	confirmatory::Q499S5
confirmatory::Q9JHI0	confirmatory::Q6Y4Q5
confirmatory::Q9JHI0	confirmatory::O55123
confirmatory::Q9JHI0	confirmatory::P03957
confirmatory::Q9JHI0	confirmatory::P07152
confirmatory::Q9JHI0	confirmatory::P08254
confirmatory::Q9JHI0	confirmatory::P09238
confirmatory::Q9JHI0	confirmatory::P28862
confirmatory::Q9JHI0	confirmatory::Q28397
confirmatory::Q9JHI0	confirmatory::Q63341
confirmatory::Q9JHI0	confirmatory::P21692
confirmatory::Q9JHI0	confirmatory::P03956
confirmatory::Q9JHI0	confirmatory::P13943
confirmatory::Q9JHI0	confirmatory::Q11133
confirmatory::Q9JHI0	confirmatory::Q9H306
confirmatory::Q9JHI0	confirmatory::P79227
confirmatory::Q9JHI0	confirmatory::Q10835
confirmatory::Q9JHI0	confirmatory::P28863
confirmatory::Q9JHI0	confirmatory::P57748
confirmatory::Q9JHI0	confirmatory::Q9NRE1
confirmatory::Q9JHI0	confirmatory::Q9ULZ9
confirmatory::Q9JHI0	discovery::Q3U435
confirmatory::Q9JHI0	confirmatory::Q9NPA2
confirmatory::Q9JHI0	confirmatory::P91953
confirmatory::Q9JHI0	confirmatory::P22757
confirmatory::Q9JHI0	confirmatory::O18767
confirmatory::Q9JHI0	confirmatory::O60882
confirmatory::Q9JHI0	confirmatory::O70138
confirmatory::Q9JHI0	confirmatory::O88766
confirmatory::Q9JHI0	confirmatory::P22894
confirmatory::Q9JHI0	confirmatory::P28053
confirmatory::Q9JHI0	confirmatory::P79287
confirmatory::Q9JHI0	confirmatory::Q9XSZ5
confirmatory::Q9JHI0	confirmatory::Q9H239
confirmatory::Q9JIA3	confirmatory::Q9JIA3
confirmatory::Q9JIA3	confirmatory::Q15653
confirmatory::Q9JIA3	confirmatory::Q60778
confirmatory::Q9JL95	confirmatory::Q9JL95
confirmatory::Q9JL95	confirmatory::P13727
confirmatory::Q9JL95	confirmatory::Q9Y2Y8
confirmatory::Q9L5A4	confirmatory::Q9L5A4
confirmatory::Q9L5A4	confirmatory::P31339
confirmatory::Q9LMG7	confirmatory::Q9LMG7
confirmatory::Q9LR78	confirmatory::Q9LR78
confirmatory::Q9LR78	confirmatory::Q9SJF0
confirmatory::Q9LR78	confirmatory::Q8L7U5
confirmatory::Q9LR78	confirmatory::Q9SHS7
confirmatory::Q9LR78	confirmatory::Q4WM22
confirmatory::Q9LR78	confirmatory::A3C4N5
confirmatory::Q9LR78	confirmatory::A6H772
confirmatory::Q9LR78	confirmatory::A8XE00
confirmatory::Q9LR78	confirmatory::A9JRC7
confirmatory::Q9LR78	confirmatory::G5EGK8
confirmatory::Q9LR78	confirmatory::O00743
confirmatory::Q9LR78	confirmatory::O04951
confirmatory::Q9LR78	confirmatory::O74789
confirmatory::Q9LR78	confirmatory::O76932
confirmatory::Q9LR78	confirmatory::P11084
confirmatory::Q9LR78	confirmatory::P11493
confirmatory::Q9LR78	confirmatory::P11611
confirmatory::Q9LR78	confirmatory::P20604
confirmatory::Q9LR78	confirmatory::P23594
confirmatory::Q9LR78	confirmatory::P23635
confirmatory::Q9LR78	confirmatory::P23636
confirmatory::Q9LR78	confirmatory::P23696
confirmatory::Q9LR78	confirmatory::P36614
confirmatory::Q9LR78	confirmatory::P48463
confirmatory::Q9LR78	confirmatory::P48528
confirmatory::Q9LR78	confirmatory::P48529
confirmatory::Q9LR78	confirmatory::P48578
confirmatory::Q9LR78	confirmatory::P60510
confirmatory::Q9LR78	confirmatory::P62714
confirmatory::Q9LR78	confirmatory::P62715
confirmatory::Q9LR78	confirmatory::P63330
confirmatory::Q9LR78	confirmatory::P63331
confirmatory::Q9LR78	confirmatory::P67774
confirmatory::Q9LR78	confirmatory::P67775
confirmatory::Q9LR78	confirmatory::P67776
confirmatory::Q9LR78	confirmatory::P67777
confirmatory::Q9LR78	confirmatory::P97470
confirmatory::Q9LR78	confirmatory::Q07098
confirmatory::Q9LR78	confirmatory::Q07099
confirmatory::Q9LR78	confirmatory::Q07100
confirmatory::Q9LR78	confirmatory::Q0E2S4
confirmatory::Q9LR78	confirmatory::Q54RD6
confirmatory::Q9LR78	confirmatory::Q5BJ92
confirmatory::Q9LR78	confirmatory::Q9XW79
confirmatory::Q9LR78	confirmatory::Q9Y0B7
confirmatory::Q9LR78	discovery::Q27884
confirmatory::Q9LR78	discovery::Q9XZE5
confirmatory::Q9LR78	confirmatory::P32838
confirmatory::Q9LR78	confirmatory::P48727
confirmatory::Q9LR78	confirmatory::O15757
confirmatory::Q9LR78	confirmatory::O82733
confirmatory::Q9LR78	confirmatory::O82734
confirmatory::Q9LR78	confirmatory::P12982
confirmatory::Q9LR78	confirmatory::P13681
confirmatory::Q9LR78	confirmatory::P20654
confirmatory::Q9LR78	confirmatory::P23880
confirmatory::Q9LR78	confirmatory::P32598
confirmatory::Q9LR78	confirmatory::P36873
confirmatory::Q9LR78	confirmatory::P36874
confirmatory::Q9LR78	confirmatory::P48461
confirmatory::Q9LR78	confirmatory::P48462
confirmatory::Q9LR78	confirmatory::P48482
confirmatory::Q9LR78	confirmatory::P48483
confirmatory::Q9LR78	confirmatory::P48484
confirmatory::Q9LR78	confirmatory::P48485
confirmatory::Q9LR78	confirmatory::P48486
confirmatory::Q9LR78	confirmatory::P61287
confirmatory::Q9LR78	confirmatory::P61292
confirmatory::Q9LR78	confirmatory::P62136
confirmatory::Q9LR78	confirmatory::P62137
confirmatory::Q9LR78	confirmatory::P62138
confirmatory::Q9LR78	confirmatory::P62139
confirmatory::Q9LR78	confirmatory::P62140
confirmatory::Q9LR78	confirmatory::P62142
confirmatory::Q9LR78	confirmatory::P62143
confirmatory::Q9LR78	confirmatory::P63088
confirmatory::Q9LR78	confirmatory::P91420
confirmatory::Q9LR78	confirmatory::Q05547
confirmatory::Q9LR78	confirmatory::Q27497
confirmatory::Q9LR78	confirmatory::Q3SWW9
confirmatory::Q9LR78	confirmatory::Q3T0E7
confirmatory::Q9LR78	confirmatory::Q5R740
confirmatory::Q9LR78	confirmatory::Q627N3
confirmatory::Q9LR78	confirmatory::Q6GQL2
confirmatory::Q9LR78	confirmatory::Q6NVU2
confirmatory::Q9LR78	confirmatory::Q8MJ47
confirmatory::Q9LR78	confirmatory::Q8WMS6
confirmatory::Q9LR78	confirmatory::Q9M9W3
confirmatory::Q9LR78	confirmatory::Q09496
confirmatory::Q9LR78	confirmatory::B0XUR7
confirmatory::Q9LR78	confirmatory::P11612
confirmatory::Q9LR78	confirmatory::P78968
confirmatory::Q9LR78	confirmatory::O42773
confirmatory::Q9LR78	confirmatory::P23595
confirmatory::Q9LR78	confirmatory::P26570
confirmatory::Q9LR78	confirmatory::O02658
confirmatory::Q9LR78	confirmatory::P32945
confirmatory::Q9LR78	confirmatory::Q5A6B6
confirmatory::Q9LR78	confirmatory::Q8LSN3
confirmatory::Q9LR78	confirmatory::Q9LHE7
confirmatory::Q9LR78	confirmatory::Q9SX52
confirmatory::Q9M4E3	confirmatory::Q9M4E3
confirmatory::Q9M895	confirmatory::Q9M895
confirmatory::W7MSI0	confirmatory::W7MSI0
confirmatory::W7MSI0	confirmatory::O94493
discovery::A0A023VZR2	discovery::A0A023VZR2
discovery::A0A068B409	discovery::A0A068B409
discovery::A0A0A0VBR5	discovery::A0A0A0VBR5
discovery::A0A1D0C0W1	discovery::A0A1D0C0W1
discovery::A0A1L9X9H4	discovery::A0A1L9X9H4
discovery::A0A1Q1NL17	discovery::A0A1Q1NL17
discovery::A0A1S4HE90	discovery::A0A1S4HE90
discovery::A0A224AHH8	discovery::A0A224AHH8
discovery::A0A224AHH8	confirmatory::A0A5C1J0Z8
discovery::A0A224AHH8	confirmatory::B7PKZ1
discovery::A0A224AHH8	confirmatory::B7PKZ2
discovery::A0A224AHH8	confirmatory::Q8MVB6
discovery::A0A224AHH8	confirmatory::V5H924
discovery::A0A224AHH8	confirmatory::A0A3S6I186
discovery::A0A3G5BIC2	discovery::A0A3G5BIC2
discovery::A0A5C1ZXT8	discovery::A0A5C1ZXT8
discovery::A0A6B9KZ90	discovery::A0A6B9KZ90
discovery::A0A6G9KHD3	discovery::A0A6G9KHD3
discovery::A0A6M3Z541	discovery::A0A6M3Z541
discovery::A0A835CKX4	discovery::A0A835CKX4
discovery::A0A8B6XDS4	discovery::A0A8B6XDS4
discovery::A0A976XK90	discovery::A0A976XK90
discovery::A7L036	discovery::A7L036
discovery::A7RJ12	discovery::A7RJ12
discovery::A7RMN1	discovery::A7RMN1
discovery::A7SXG9	discovery::A7SXG9
discovery::A8YPR6	discovery::A8YPR6
discovery::B0X6Z1	discovery::B0X6Z1
discovery::B1P1J4	discovery::B1P1J4
discovery::B2CS62	discovery::B2CS62
discovery::B3A0N1	discovery::B3A0N1
discovery::B3EWU8	discovery::B3EWU8
discovery::B5AJT2	discovery::B5AJT2
discovery::B5U2W0	discovery::B5U2W0
discovery::B6DD38	discovery::B6DD38
discovery::B9URJ1	discovery::B9URJ1
discovery::B9URJ1	confirmatory::P0DSI3
discovery::B9URJ1	confirmatory::P0DMB9
discovery::B9URJ1	confirmatory::P35760
discovery::B9URJ1	confirmatory::C0ITL3
discovery::B9URJ1	confirmatory::D4P2Y4
discovery::B9URJ1	confirmatory::P35780
discovery::B9URJ1	confirmatory::P35781
discovery::B9URJ1	confirmatory::P35782
discovery::B9URJ1	confirmatory::P35783
discovery::B9URJ1	confirmatory::P35784
discovery::B9URJ1	confirmatory::P35785
discovery::B9URJ1	confirmatory::P35786
discovery::B9URJ1	confirmatory::P35787
discovery::B9URJ1	confirmatory::P81656
discovery::B9URJ1	confirmatory::P81657
discovery::B9URJ1	confirmatory::Q05110
discovery::B9URJ1	confirmatory::Q7Z156
discovery::C0HKY3	discovery::C0HKY3
discovery::C0HLG2	discovery::C0HLG2
discovery::C0HLG2	confirmatory::C0HLP9
discovery::C0HLG2	confirmatory::Q2V3C1
discovery::C0HLG2	confirmatory::P10973
discovery::C0HLG2	confirmatory::C0HM61
discovery::C0HLG2	confirmatory::P82007
discovery::C0HLG4	discovery::C0HLG4
discovery::C0HLZ4	discovery::C0HLZ4
discovery::C0HMD5	discovery::C0HMD5
discovery::C1IBY0	discovery::C1IBY0
discovery::C1IBY2	discovery::C1IBY2
discovery::C5H8E7	discovery::C5H8E7
discovery::D1MWE7	discovery::D1MWE7
discovery::D2CFI7	discovery::D2CFI7
discovery::D2KKB4	discovery::D2KKB4
discovery::D2Y3T1	discovery::D2Y3T1
discovery::D3JWK2	discovery::D3JWK2
discovery::D4QD81	discovery::D4QD81
discovery::D6C4J8	discovery::D6C4J8
discovery::D9U2B3	discovery::D9U2B3
discovery::E2E4F7	discovery::E2E4F7
discovery::E3PQQ8	discovery::E3PQQ8
discovery::F6KSY2	discovery::F6KSY2
discovery::G3CJS0	discovery::G3CJS0
discovery::H2CYP1	discovery::H2CYP1
discovery::I6S3A9	discovery::I6S3A9
discovery::I6VXS1	discovery::I6VXS1
discovery::M1JMQ7	discovery::M1JMQ7
discovery::O18424	discovery::O18424
discovery::O22841	discovery::O22841
discovery::O22841	confirmatory::O22842
discovery::O22841	confirmatory::O24603
discovery::O22841	confirmatory::Q7Y1Z0
discovery::O22841	confirmatory::O04138
discovery::O87906	discovery::O87906
discovery::P01085	discovery::P01085
discovery::P01085	confirmatory::P01084
discovery::P01085	confirmatory::P13691
discovery::P01546	discovery::P01546
discovery::P01552	discovery::P01552
discovery::P05637	discovery::P05637
discovery::P06886	discovery::P06886
discovery::P09332	discovery::P09332
discovery::P09545	discovery::P09545
discovery::P09807	discovery::P09807
confirmatory::E2E4E4	confirmatory::E2E4E4
confirmatory::E9NX73	confirmatory::E9NX73
confirmatory::F3YDF1	confirmatory::F3YDF1
confirmatory::F4JEX5	confirmatory::F4JEX5
confirmatory::F4KEL0	confirmatory::F4KEL0
confirmatory::F4KEL0	confirmatory::Q9FIG1
confirmatory::F4KEL0	confirmatory::A9JQS7
confirmatory::F4KEL0	confirmatory::Q9FK76
confirmatory::F4KEL0	confirmatory::F4HSQ2
confirmatory::F4KEL0	confirmatory::F4JA91
confirmatory::F4KEL0	confirmatory::F4JXC5
confirmatory::F4KEL0	confirmatory::F4KGD4
confirmatory::F4KEL0	confirmatory::O23357
confirmatory::F4KEL0	confirmatory::O49607
confirmatory::F4KEL0	confirmatory::O64495
confirmatory::F4KEL0	confirmatory::O65351
confirmatory::F4KEL0	confirmatory::Q8L7D2
confirmatory::F4KEL0	confirmatory::Q9FGU3
confirmatory::F4KEL0	confirmatory::Q9FIF8
confirmatory::F4KEL0	confirmatory::Q9FIG2
confirmatory::F4KEL0	confirmatory::Q9FIM5
confirmatory::F4KEL0	confirmatory::Q9FLI4
confirmatory::F4KEL0	confirmatory::Q9LLL8
confirmatory::F4KEL0	confirmatory::Q9LUM3
confirmatory::F4KEL0	confirmatory::Q9LVJ1
confirmatory::F4KEL0	confirmatory::Q9STF7
confirmatory::F4KEL0	confirmatory::Q9ZUF6
confirmatory::F4KEL0	confirmatory::F4IG09
confirmatory::F4KEL0	confirmatory::I1N462
confirmatory::F4KEL0	confirmatory::O82777
confirmatory::F4KEL0	confirmatory::Q8L7I2
confirmatory::F4KEL0	confirmatory::F4JJH5
confirmatory::F4KEL0	confirmatory::Q8GWX9
confirmatory::F4KEL0	confirmatory::Q9C7U8
confirmatory::F4KEL0	confirmatory::Q9LNU1
confirmatory::F4KEL0	confirmatory::A0A0M3R8G2
confirmatory::F4KEL0	confirmatory::A9QY38
confirmatory::F4KEL0	confirmatory::A9QY39
confirmatory::F4KEL0	confirmatory::A9QY40
confirmatory::F4KEL0	confirmatory::G7KEU7
confirmatory::F4KEL0	confirmatory::Q9FHA4
confirmatory::F4KEL0	confirmatory::Q9FIM6
confirmatory::F4KEL0	confirmatory::Q9SZY2
confirmatory::F4KEL0	confirmatory::F4HPF1
confirmatory::F4KEL0	confirmatory::F4JJH4
confirmatory::F4KEL0	confirmatory::Q1PDX5
confirmatory::F4KEL0	confirmatory::Q39547
confirmatory::F4KEL0	confirmatory::Q8GUK4
confirmatory::F4KEL0	confirmatory::Q9MAP4
confirmatory::F4KEL0	confirmatory::Q9MAP5
confirmatory::F4KEL0	confirmatory::Q9MAP7
confirmatory::F4KEL0	confirmatory::Q9SVT4
confirmatory::F4KEL0	confirmatory::Q9ZSB0
confirmatory::F4KEL0	confirmatory::Q9ZSB1
confirmatory::F4KEL0	discovery::Q9SZY3
confirmatory::F4KEL0	confirmatory::Q9SUN6
confirmatory::F4KEL0	confirmatory::Q9FI12
confirmatory::F4KEL0	confirmatory::Q9SA75
confirmatory::F4KEL0	confirmatory::Q9SZV5
confirmatory::F4KEL0	confirmatory::O64481
confirmatory::F4KF14	confirmatory::F4KF14
confirmatory::F4QV02	confirmatory::F4QV02
confirmatory::F8S101	confirmatory::F8S101
confirmatory::F8WCM5	confirmatory::F8WCM5
confirmatory::F8WCM5	confirmatory::P83770
confirmatory::G1FC92	confirmatory::G1FC92
confirmatory::G2WWV4	confirmatory::G2WWV4
confirmatory::G4N4E9	confirmatory::G4N4E9
confirmatory::G4N4E9	confirmatory::G2WZP5
confirmatory::G5EBU3	confirmatory::G5EBU3
confirmatory::G5ECN9	confirmatory::G5ECN9
confirmatory::G5ECN9	confirmatory::Q9GLR0
confirmatory::G5ECN9	confirmatory::P29122
confirmatory::G5ECN9	confirmatory::P09958
confirmatory::G5ECN9	confirmatory::P23188
confirmatory::G5ECN9	confirmatory::P23377
confirmatory::G5ECN9	confirmatory::P29119
confirmatory::G5ECN9	confirmatory::Q28193
confirmatory::G5ECN9	confirmatory::Q63415
confirmatory::G5ECN9	confirmatory::P51559
confirmatory::G5ECN9	confirmatory::P91863
confirmatory::G5ECN9	confirmatory::Q6UW60
confirmatory::G5ECN9	confirmatory::Q78EH2
confirmatory::G5ECN9	discovery::P29121
confirmatory::G5ECN9	confirmatory::P63240
confirmatory::G5ECN9	confirmatory::A0A044RE18
confirmatory::G5ECN9	confirmatory::O17798
confirmatory::G5ECN9	confirmatory::P21661
confirmatory::G5ECN9	confirmatory::P28840
confirmatory::G5ECN9	confirmatory::P28841
confirmatory::G5ECN9	confirmatory::P29120
confirmatory::G5ECN9	confirmatory::P63239
confirmatory::G5ECN9	confirmatory::Q03333
confirmatory::G5ECN9	confirmatory::Q5REC2
confirmatory::G5ECN9	confirmatory::Q9GLR1
confirmatory::G5ECN9	confirmatory::Q9VBC7
confirmatory::G5ECN9	discovery::P16519
confirmatory::G5ECN9	confirmatory::P29145
confirmatory::G5ECN9	confirmatory::Q62849
confirmatory::G5ECN9	confirmatory::Q61139
confirmatory::G5EDZ9	confirmatory::G5EDZ9
confirmatory::G5EDZ9	confirmatory::G5ECM9
confirmatory::G5EGM1	confirmatory::G5EGM1
confirmatory::G7LCV1	confirmatory::G7LCV1
confirmatory::G7LCV1	confirmatory::A0A072TH68
confirmatory::G7LCV1	confirmatory::G7LCV7
confirmatory::G7LCV1	confirmatory::P35812
confirmatory::I1RHF8	confirmatory::I1RHF8
confirmatory::I1S2J4	confirmatory::I1S2J4
confirmatory::I1VC85	confirmatory::I1VC85
confirmatory::I6YC58	confirmatory::I6YC58
confirmatory::I6YC58	confirmatory::A0QNL1
confirmatory::I6YC58	confirmatory::O05461
confirmatory::I6YC58	confirmatory::O53945
confirmatory::J3SEZ3	confirmatory::J3SEZ3
confirmatory::J4KNE4	confirmatory::J4KNE4
confirmatory::J4KNE4	confirmatory::A0A437AFK1
confirmatory::J4KNE4	confirmatory::P01129
confirmatory::J9VDC2	confirmatory::J9VDC2
confirmatory::J9VG42	confirmatory::J9VG42
confirmatory::J9VG42	confirmatory::J4UQC2
confirmatory::J9VG42	confirmatory::P41412
confirmatory::J9VG42	confirmatory::P33520
confirmatory::J9VIY8	confirmatory::J9VIY8
confirmatory::J9VIY8	confirmatory::O60062
confirmatory::O02218	confirmatory::O02218
confirmatory::O02218	confirmatory::H2KZ86
confirmatory::O02218	confirmatory::Q9DBL9
confirmatory::O02218	confirmatory::Q5EA59
confirmatory::O02218	confirmatory::Q5EE05
confirmatory::O02218	confirmatory::Q5RBI4
confirmatory::O02218	confirmatory::Q8TB40
confirmatory::O02218	confirmatory::Q8VD66
confirmatory::O02218	confirmatory::Q8WTS1
confirmatory::O04404	confirmatory::O04404
confirmatory::O04404	confirmatory::P43217
confirmatory::O04404	confirmatory::P55958
confirmatory::O04404	confirmatory::O04403
confirmatory::O04404	confirmatory::P26913
confirmatory::O04404	confirmatory::P83167
confirmatory::O04404	confirmatory::P80450
confirmatory::O04404	confirmatory::P86527
confirmatory::O04404	confirmatory::Q84N29
confirmatory::O04404	confirmatory::P85204
confirmatory::O04404	confirmatory::C0HJH5
confirmatory::O04404	confirmatory::P85206
confirmatory::O04404	confirmatory::P86137
confirmatory::O04404	confirmatory::Q43194
confirmatory::O04404	confirmatory::A2ZAT0
confirmatory::O04404	confirmatory::P10976
confirmatory::O04404	confirmatory::P19656
confirmatory::O04404	confirmatory::P23802
confirmatory::O04404	confirmatory::Q0IQK9
confirmatory::O04404	confirmatory::Q2QYL2
confirmatory::O04404	confirmatory::Q2QYL3
confirmatory::O04404	confirmatory::Q43193
confirmatory::O04404	confirmatory::Q43871
confirmatory::O04404	confirmatory::Q43766
confirmatory::O04404	confirmatory::Q42842
confirmatory::O04404	confirmatory::Q43875
confirmatory::O04404	confirmatory::Q43748
confirmatory::O04404	confirmatory::Q9ZUK6
confirmatory::O05442	confirmatory::O05442
confirmatory::O06522	confirmatory::O06522
confirmatory::O06695	confirmatory::O06695
confirmatory::P0C2S5	confirmatory::P0C2S5
confirmatory::P0C2S5	confirmatory::A3DH67
confirmatory::P0C2S5	confirmatory::P37698
confirmatory::P0C8E2	confirmatory::P0C8E2
confirmatory::P0CJ22	confirmatory::P0CJ22
confirmatory::P0DJE5	confirmatory::P0DJE5
confirmatory::P0DP56	confirmatory::P0DP56
confirmatory::P0DP62	confirmatory::P0DP62
confirmatory::P0DP62	confirmatory::P0DP58
confirmatory::P0DP62	confirmatory::P0DP60
confirmatory::P0DP62	confirmatory::Q1RMQ4
confirmatory::P0DP62	confirmatory::Q5IS42
confirmatory::P0DP62	confirmatory::Q148C3
confirmatory::P0DP62	confirmatory::Q14210
confirmatory::P0DPU3	confirmatory::P0DPU3
confirmatory::P0DQF3	confirmatory::P0DQF3
confirmatory::P0DQF6	confirmatory::P0DQF6
confirmatory::P0DQJ0	confirmatory::P0DQJ0
confirmatory::P0DQO9	confirmatory::P0DQO9
confirmatory::P0DRA7	confirmatory::P0DRA7
confirmatory::P0DRI0	confirmatory::P0DRI0
confirmatory::P0DRI2	confirmatory::P0DRI2
confirmatory::P0DRJ1	confirmatory::P0DRJ1
confirmatory::P0DSI8	confirmatory::P0DSI8
confirmatory::P0DUJ6	confirmatory::P0DUJ6
confirmatory::P0DUJ8	confirmatory::P0DUJ8
confirmatory::P0DV90	confirmatory::P0DV90
confirmatory::P0DW09	confirmatory::P0DW09
confirmatory::P0DXX0	confirmatory::P0DXX0
confirmatory::P0DXX9	confirmatory::P0DXX9
confirmatory::P0DY36	confirmatory::P0DY36
confirmatory::P10041	confirmatory::P10041
confirmatory::P10041	confirmatory::P0DPK3
confirmatory::P10041	confirmatory::A0A096LNW5
confirmatory::P10041	confirmatory::Q7Z3S9
confirmatory::P10293	confirmatory::P10293
confirmatory::P10293	confirmatory::P01074
confirmatory::P10293	confirmatory::P07853
confirmatory::P10293	confirmatory::P10295
confirmatory::P10293	confirmatory::P10296
confirmatory::P10293	confirmatory::P11969
confirmatory::P10293	confirmatory::P17680
confirmatory::P10293	confirmatory::P25849
confirmatory::P10293	confirmatory::P25850
confirmatory::P10293	confirmatory::P35628
confirmatory::P10293	confirmatory::P83394
confirmatory::P10293	confirmatory::P83398
confirmatory::P10293	confirmatory::Q9S8I2
confirmatory::P10293	discovery::P83395
confirmatory::P10293	discovery::P83396
confirmatory::P10293	confirmatory::P26771
confirmatory::P10293	confirmatory::P30709
confirmatory::P10293	confirmatory::P34950
confirmatory::P10293	confirmatory::P84451
confirmatory::P10293	confirmatory::P10291
confirmatory::P10293	confirmatory::P10292
confirmatory::P10293	discovery::P12071
confirmatory::P10293	confirmatory::P32041
confirmatory::P10293	discovery::P11968
confirmatory::P10293	confirmatory::Q9S747
confirmatory::P10293	confirmatory::C0HLN1
confirmatory::P10293	confirmatory::P10294
confirmatory::P10293	confirmatory::P82410
confirmatory::P10293	confirmatory::P82409
confirmatory::P10293	confirmatory::P82408
confirmatory::P10293	discovery::P84452
confirmatory::P10410	confirmatory::P10410
confirmatory::P10477	confirmatory::P10477
confirmatory::P10477	confirmatory::P17901
confirmatory::P10478	confirmatory::P10478
confirmatory::P10896	confirmatory::P10896
confirmatory::P10896	confirmatory::P93431
confirmatory::P11672	confirmatory::P11672
confirmatory::P11672	confirmatory::P30152
confirmatory::P11672	confirmatory::P80188
confirmatory::P11672	confirmatory::Q6JVL5
confirmatory::P11672	confirmatory::B3EY83
confirmatory::P11672	confirmatory::Q6JVE5
confirmatory::P11859	confirmatory::P11859
confirmatory::P11859	confirmatory::P01015
confirmatory::P11859	confirmatory::P01017
confirmatory::P11859	confirmatory::P01019
confirmatory::P11859	confirmatory::P20757
confirmatory::P11859	confirmatory::Q9GLN8
confirmatory::P11859	confirmatory::Q9GLP6
confirmatory::P11859	confirmatory::Q9TSZ0
confirmatory::P12308	confirmatory::P12308
confirmatory::P12308	confirmatory::P02868
confirmatory::P12308	confirmatory::P07441
confirmatory::P12308	confirmatory::P07442
confirmatory::P12308	confirmatory::P07443
confirmatory::P12308	confirmatory::P12306
confirmatory::P12308	confirmatory::P12307
confirmatory::P12308	confirmatory::P16350
confirmatory::P12308	discovery::P02869
confirmatory::P12308	discovery::P07440
confirmatory::P12308	discovery::P07444
confirmatory::P12308	confirmatory::P55915
confirmatory::P12393	confirmatory::P12393
confirmatory::P25694	confirmatory::P25694
confirmatory::P25694	confirmatory::P03974
confirmatory::P25694	confirmatory::P54609
confirmatory::P25694	confirmatory::P54811
confirmatory::P25694	confirmatory::P54812
confirmatory::P25694	confirmatory::Q01853
confirmatory::P25694	confirmatory::Q3ZBT1
confirmatory::P25694	confirmatory::Q6GL04
confirmatory::P25694	confirmatory::Q7KN62
confirmatory::P25694	confirmatory::Q7ZU99
confirmatory::P25694	confirmatory::Q9LZF6
confirmatory::P25694	confirmatory::Q9SCN8
confirmatory::P25694	confirmatory::Q99LC9
confirmatory::P25694	confirmatory::P54777
confirmatory::P25694	confirmatory::Q13608
confirmatory::P25694	confirmatory::Q8RY16
confirmatory::P26224	confirmatory::P26224
confirmatory::P26224	confirmatory::P37700
confirmatory::P26735	confirmatory::P26735
confirmatory::P26735	confirmatory::O09209
confirmatory::P26735	confirmatory::P33721
confirmatory::P26735	confirmatory::P33722
confirmatory::P26735	confirmatory::P21808
confirmatory::P26735	confirmatory::P33719
confirmatory::P26735	confirmatory::P33718
confirmatory::P26735	confirmatory::P33720
confirmatory::P26735	confirmatory::P91896
confirmatory::P26735	confirmatory::O09210
confirmatory::P26735	confirmatory::P26736
confirmatory::P26735	confirmatory::P29519
confirmatory::P26735	confirmatory::P26733
confirmatory::P26735	confirmatory::P26734
confirmatory::P26735	confirmatory::P26737
confirmatory::P26735	confirmatory::P26738
confirmatory::P26735	confirmatory::P26739
confirmatory::P26735	confirmatory::P26740
confirmatory::P26735	confirmatory::P26741
confirmatory::P26735	confirmatory::P26743
confirmatory::P26735	confirmatory::Q17194
confirmatory::P26735	discovery::Q17192
confirmatory::P26735	confirmatory::P15411
confirmatory::P26735	confirmatory::P26726
confirmatory::P26735	confirmatory::P26727
confirmatory::P26735	confirmatory::P26728
confirmatory::P26735	confirmatory::P26729
confirmatory::P26735	confirmatory::P26730
confirmatory::P26735	confirmatory::C0HKS4
confirmatory::P26735	discovery::C0HKS5
confirmatory::P26735	confirmatory::C0HKS3
confirmatory::P26780	confirmatory::P26780
confirmatory::P26780	confirmatory::O22866
confirmatory::P26780	confirmatory::P80301
confirmatory::P26780	confirmatory::Q42328
confirmatory::P26780	confirmatory::Q8RYE7
confirmatory::P26877	confirmatory::P26877
confirmatory::P26877	confirmatory::P22088
confirmatory::P26877	confirmatory::P0DUB8
confirmatory::P26877	confirmatory::P08658
confirmatory::P26877	confirmatory::P0DUB9
confirmatory::P26877	confirmatory::P15493
confirmatory::P27275	confirmatory::P27275
confirmatory::P28031	confirmatory::P28031
confirmatory::P29141	confirmatory::P29141
confirmatory::P48456	confirmatory::P48456
confirmatory::P48456	confirmatory::Q7YSW8
confirmatory::P48456	confirmatory::A0AB36VXQ9
confirmatory::P48456	confirmatory::P14747
confirmatory::P48456	confirmatory::P16298
confirmatory::P48456	confirmatory::P20651
confirmatory::P48456	confirmatory::P23287
confirmatory::P48456	confirmatory::P48452
confirmatory::P48456	confirmatory::P48453
confirmatory::P48456	confirmatory::P48454
confirmatory::P48456	confirmatory::P48455
confirmatory::P48456	confirmatory::P48457
confirmatory::P48456	confirmatory::P63328
confirmatory::P48456	confirmatory::P63329
confirmatory::P48456	confirmatory::Q05681
confirmatory::P48456	confirmatory::Q08209
confirmatory::P48456	confirmatory::Q0G819
confirmatory::P48456	confirmatory::Q4WUR1
confirmatory::P48456	confirmatory::Q9VXF1
confirmatory::P48460	confirmatory::P48460
confirmatory::P49013	confirmatory::P49013
confirmatory::P49344	confirmatory::P49344
confirmatory::P49744	confirmatory::P49744
confirmatory::P49744	confirmatory::P35443
confirmatory::P49744	confirmatory::Q3SWW8
confirmatory::P49744	confirmatory::Q9Z1T2
confirmatory::P49956	confirmatory::P49956
confirmatory::P50086	confirmatory::P50086
confirmatory::P50448	confirmatory::P50448
confirmatory::P50448	confirmatory::Q6P734
confirmatory::P50448	confirmatory::P05155
confirmatory::P50448	confirmatory::P97290
confirmatory::P52704	confirmatory::P52704
confirmatory::P52704	confirmatory::Q9LFT6
confirmatory::P53208	confirmatory::P53208
confirmatory::P53813	confirmatory::P53813
confirmatory::P53813	confirmatory::P07224
confirmatory::P53813	confirmatory::P98118
confirmatory::P54423	confirmatory::P54423
confirmatory::P54423	confirmatory::Q45670
confirmatory::P54423	confirmatory::P04072
confirmatory::P54784	confirmatory::P54784
confirmatory::P54789	confirmatory::P54789
confirmatory::P55816	confirmatory::P55816
confirmatory::P56587	confirmatory::P56587
confirmatory::P56957	confirmatory::P56957
confirmatory::P58806	confirmatory::P58806
confirmatory::P58849	confirmatory::P58849
confirmatory::P58911	confirmatory::P58911
confirmatory::P58923	confirmatory::P58923
confirmatory::P58930	confirmatory::P58930
confirmatory::P59026	confirmatory::P59026
confirmatory::P59336	confirmatory::P59336
confirmatory::P59336	confirmatory::P0A3G2
confirmatory::P59336	confirmatory::D4Z2G1
confirmatory::P59336	confirmatory::Q6Q3H0
confirmatory::P62502	confirmatory::P62502
confirmatory::P64454	confirmatory::P64454
confirmatory::Q1I8U1	confirmatory::Q1I8U1
confirmatory::Q1JPL7	confirmatory::Q1JPL7
confirmatory::Q1LVW0	confirmatory::Q1LVW0
confirmatory::Q1LVW0	confirmatory::O08764
confirmatory::Q1LZH7	confirmatory::Q1LZH7
confirmatory::Q1LZH7	confirmatory::Q63ZY3
confirmatory::Q1LZH7	confirmatory::Q8BX02
confirmatory::Q1X6Y5	confirmatory::Q1X6Y5
confirmatory::Q1X6Y5	confirmatory::Q1KN10
confirmatory::Q1X6Y5	confirmatory::Q1KN12
confirmatory::Q1X6Y5	confirmatory::Q1KN16
confirmatory::Q1X6Y5	confirmatory::Q1KN19
confirmatory::Q1X6Y5	confirmatory::Q1KN21
confirmatory::Q1X6Y5	confirmatory::Q1KN23
confirmatory::Q1X6Y5	confirmatory::Q1X6X8
confirmatory::Q1X6Y5	confirmatory::Q1X6X9
confirmatory::Q1X6Y5	confirmatory::Q1X6Y1
confirmatory::Q1X6Y5	confirmatory::Q1X6Y2
confirmatory::Q1X6Y5	confirmatory::Q1X6Y3
confirmatory::Q1X6Y5	confirmatory::Q1X6Y7
confirmatory::Q1X6Y5	confirmatory::Q1X6Y8
confirmatory::Q1X6Y5	confirmatory::Q1X6Y9
confirmatory::Q1X6Y5	confirmatory::Q1X6Z0
confirmatory::Q1X6Y5	confirmatory::Q1X6Z1
confirmatory::Q1X6Y5	confirmatory::Q1X6Z2
confirmatory::Q1X6Y5	confirmatory::Q1X6Z3
confirmatory::Q1X6Y5	confirmatory::Q1X6Z4
confirmatory::Q20748	confirmatory::Q20748
confirmatory::Q20748	confirmatory::Q3KRE0
confirmatory::Q20748	confirmatory::Q925I1
confirmatory::Q20748	confirmatory::Q9NVI7
confirmatory::Q24145	confirmatory::Q24145
confirmatory::Q26261	confirmatory::Q26261
confirmatory::Q26643	confirmatory::Q26643
confirmatory::Q26643	confirmatory::P22297
confirmatory::Q28640	confirmatory::Q28640
confirmatory::Q28640	confirmatory::P04196
confirmatory::Q29147	confirmatory::Q29147
confirmatory::Q29147	confirmatory::O18874
confirmatory::Q29614	confirmatory::Q29614
confirmatory::Q29614	confirmatory::P11944
confirmatory::Q29614	confirmatory::P04119
confirmatory::Q29614	confirmatory::P33688
confirmatory::Q29614	confirmatory::P07380
confirmatory::Q29614	confirmatory::P02758
confirmatory::Q29614	confirmatory::P02754
confirmatory::Q29614	confirmatory::P02755
confirmatory::Q29614	confirmatory::P02756
confirmatory::Q29614	confirmatory::P09466
confirmatory::Q29614	confirmatory::P13613
confirmatory::Q29614	confirmatory::P19647
confirmatory::Q29614	confirmatory::P21664
confirmatory::Q29614	confirmatory::P33685
confirmatory::Q29614	confirmatory::P33687
confirmatory::Q29614	confirmatory::P67975
confirmatory::Q29614	confirmatory::P67976
confirmatory::Q2FWP1	confirmatory::Q2FWP1
confirmatory::Q41258	confirmatory::Q41258
confirmatory::Q41480	confirmatory::Q41480
confirmatory::Q41480	confirmatory::P16348
confirmatory::Q41480	confirmatory::P17979
confirmatory::Q41480	confirmatory::P30941
confirmatory::Q41480	confirmatory::P58514
confirmatory::Q41480	confirmatory::P58515
confirmatory::Q41480	confirmatory::P58520
confirmatory::Q41480	confirmatory::P58521
confirmatory::Q41480	confirmatory::Q03197
confirmatory::Q41480	confirmatory::Q41433
confirmatory::Q41480	confirmatory::Q41448
confirmatory::Q41480	confirmatory::Q41484
confirmatory::Q41480	confirmatory::Q43645
confirmatory::Q41480	confirmatory::Q43646
confirmatory::Q41480	confirmatory::Q00652
confirmatory::Q41480	confirmatory::O24383
confirmatory::Q41480	confirmatory::O24384
confirmatory::Q41480	confirmatory::O24385
confirmatory::Q41480	confirmatory::O24386
confirmatory::Q41480	confirmatory::O24387
confirmatory::Q41480	confirmatory::P20347
confirmatory::Q43534	confirmatory::Q43534
confirmatory::Q43534	confirmatory::Q40190
confirmatory::Q43534	confirmatory::Q43533
confirmatory::Q43534	confirmatory::O23810
confirmatory::Q43534	confirmatory::Q6ZFW0
confirmatory::Q43534	confirmatory::O24356
confirmatory::Q43534	confirmatory::Q05772
confirmatory::Q43534	confirmatory::Q43495
confirmatory::Q44066	confirmatory::Q44066
confirmatory::Q44492	confirmatory::Q44492
confirmatory::Q44492	confirmatory::Q44493
confirmatory::Q44492	confirmatory::Q44495
confirmatory::Q44492	confirmatory::Q9ZFH0
confirmatory::Q45729	confirmatory::Q45729
confirmatory::Q46668	confirmatory::Q46668
confirmatory::Q47HL4	confirmatory::Q47HL4
confirmatory::Q47HL4	confirmatory::A1VUV0
confirmatory::Q47HL4	confirmatory::B2JQW2
confirmatory::Q47HL4	confirmatory::B7NK06
confirmatory::Q47HL4	confirmatory::P47229
confirmatory::Q47HL4	confirmatory::P77044
confirmatory::Q47HL4	confirmatory::Q49KF8
confirmatory::Q47HL4	confirmatory::Q52011
confirmatory::Q47HL4	confirmatory::Q52532
confirmatory::Q47HL4	discovery::A6TAC7
confirmatory::Q47HL4	discovery::Q13QH4
confirmatory::Q47HL4	confirmatory::P9WNH5
confirmatory::Q47HL4	confirmatory::P9WNH4
confirmatory::Q47HL4	confirmatory::Q59324
confirmatory::Q48R29	confirmatory::Q48R29
confirmatory::Q495B1	confirmatory::Q495B1
confirmatory::Q4G1C9	confirmatory::Q4G1C9
confirmatory::Q4G1C9	confirmatory::Q9CQ35
confirmatory::Q4JHE0	confirmatory::Q4JHE0
confirmatory::Q4JHE0	confirmatory::Q337A0
confirmatory::Q4JHE0	confirmatory::Q6NLQ8
confirmatory::Q4JHE0	confirmatory::Q94B55
confirmatory::Q4JHE0	confirmatory::Q65XV2
confirmatory::Q4MV79	confirmatory::Q4MV79
confirmatory::Q4PMS3	confirmatory::Q4PMS3
confirmatory::Q4R128	confirmatory::Q4R128
confirmatory::Q4R584	confirmatory::Q4R584
confirmatory::Q4R584	confirmatory::Q17QP1
confirmatory::Q4R584	confirmatory::Q8R0P8
confirmatory::Q4R584	confirmatory::Q96I13
confirmatory::Q6X7V3	confirmatory::Q6X7V3
confirmatory::Q6X7V3	confirmatory::O97937
confirmatory::Q6X7V3	confirmatory::P51460
confirmatory::Q6X7V3	confirmatory::Q5CZK3
confirmatory::Q6X7V3	confirmatory::Q9WUK0
confirmatory::Q6X7V3	confirmatory::Q9VT53
confirmatory::Q6X7V3	confirmatory::Q9VT50
confirmatory::Q6XBH1	confirmatory::Q6XBH1
confirmatory::Q6ZMM2	confirmatory::Q6ZMM2
confirmatory::Q6ZMP0	confirmatory::Q6ZMP0
confirmatory::Q6ZMP0	confirmatory::Q3UTY6
confirmatory::Q6ZMU1	confirmatory::Q6ZMU1
confirmatory::Q6ZST4	confirmatory::Q6ZST4
confirmatory::Q6ZT21	confirmatory::Q6ZT21
confirmatory::Q70DK5	confirmatory::Q70DK5
confirmatory::Q70DK5	confirmatory::A3DFA0
confirmatory::Q70UZ7	confirmatory::Q70UZ7
confirmatory::Q70UZ7	confirmatory::Q6DCQ6
confirmatory::Q75WF2	confirmatory::Q75WF2
confirmatory::Q76U48	confirmatory::Q76U48
confirmatory::Q7K5M0	confirmatory::Q7K5M0
confirmatory::Q7KUD5	confirmatory::Q7KUD5
confirmatory::Q7KUD5	confirmatory::P15131
confirmatory::Q7KUD5	discovery::Q9VT52
confirmatory::Q7L211	confirmatory::Q7L211
confirmatory::Q7N8B1	confirmatory::Q7N8B1
confirmatory::Q7Q3R9	confirmatory::Q7Q3R9
confirmatory::Q7QIJ8	confirmatory::Q7QIJ8
confirmatory::Q7SHI0	confirmatory::Q7SHI0
confirmatory::Q7T291	confirmatory::Q7T291
confirmatory::Q7T291	confirmatory::Q3LIE5
confirmatory::Q7T291	confirmatory::A7YY53
confirmatory::Q7T291	confirmatory::Q5M886
confirmatory::Q7T291	confirmatory::Q8H5F8
confirmatory::Q7T291	confirmatory::Q9SB68
confirmatory::Q7T3E4	confirmatory::Q7T3E4
confirmatory::Q7T3E4	confirmatory::Q6AU07
confirmatory::Q7T3E4	confirmatory::Q923B1
confirmatory::Q7T3E4	confirmatory::Q94K01
confirmatory::Q7T3E4	confirmatory::O13765
confirmatory::Q7T3E4	confirmatory::P24309
confirmatory::Q7T6X8	confirmatory::Q7T6X8
confirmatory::Q7T6X8	confirmatory::P01013
confirmatory::Q7TP65	confirmatory::Q7TP65
confirmatory::Q7TP65	confirmatory::Q6P1H6
confirmatory::Q7TQP6	confirmatory::Q7TQP6
confirmatory::Q7TQP6	confirmatory::Q5RF15
confirmatory::Q7TSK7	confirmatory::Q7TSK7
confirmatory::Q7TSK7	confirmatory::Q86TH1
confirmatory::Q7TXK7	confirmatory::Q7TXK7
confirmatory::Q7TXK7	confirmatory::B2HIL6
confirmatory::Q7TXK7	confirmatory::P9WQ61
confirmatory::Q7XI08	confirmatory::Q7XI08
confirmatory::Q7XI08	confirmatory::Q4FE47
confirmatory::Q7XK25	confirmatory::Q7XK25
confirmatory::Q7XK25	confirmatory::Q15645
confirmatory::Q7XK25	confirmatory::Q3UA06
confirmatory::Q7XK25	confirmatory::Q5XHZ9
confirmatory::Q7YT37	confirmatory::Q7YT37
confirmatory::Q802V6	confirmatory::Q802V6
confirmatory::Q802V6	confirmatory::P08910
confirmatory::Q802V6	confirmatory::Q05AK6
confirmatory::Q802V6	confirmatory::Q4R2Y9
confirmatory::Q802V6	confirmatory::Q9QXM0
confirmatory::Q802V6	confirmatory::Q24093
confirmatory::Q805D4	confirmatory::Q805D4
confirmatory::Q80UU1	confirmatory::Q80UU1
confirmatory::Q80UU1	confirmatory::Q58CQ5
confirmatory::Q80UU1	confirmatory::Q66H85
confirmatory::Q80UU1	confirmatory::Q9H8Y5
confirmatory::Q80VM7	confirmatory::Q80VM7
confirmatory::Q9N2D0	confirmatory::Q9N2D0
confirmatory::Q9N2D0	confirmatory::O70159
confirmatory::Q9N2D0	confirmatory::P02765
confirmatory::Q9N2D0	confirmatory::P12763
confirmatory::Q9N2D0	confirmatory::P24090
confirmatory::Q9N2D0	confirmatory::P29699
confirmatory::Q9N2D0	confirmatory::P29700
confirmatory::Q9N2D0	confirmatory::P29701
confirmatory::Q9N2D0	confirmatory::P97515
confirmatory::Q9N2D0	confirmatory::P80191
confirmatory::Q9NAG4	confirmatory::Q9NAG4
confirmatory::Q9NAS8	confirmatory::Q9NAS8
confirmatory::Q9NUJ1	confirmatory::Q9NUJ1
confirmatory::Q9NUJ1	confirmatory::Q6PE15
confirmatory::Q9NZD8	confirmatory::Q9NZD8
confirmatory::Q9NZD8	confirmatory::Q5XIC4
confirmatory::Q9NZD8	confirmatory::Q9CQC8
confirmatory::Q9P0K7	confirmatory::Q9P0K7
confirmatory::Q9P0K7	confirmatory::Q5U312
confirmatory::Q9P0K7	confirmatory::Q9EP71
confirmatory::Q9QXC1	confirmatory::Q9QXC1
confirmatory::Q9QXC1	confirmatory::Q58D62
confirmatory::Q9QXC1	confirmatory::Q9QX79
confirmatory::Q9QXC1	confirmatory::Q9UGM5
confirmatory::Q9QZC8	confirmatory::Q9QZC8
confirmatory::Q9QZC8	confirmatory::Q5RK23
confirmatory::Q9QZC8	confirmatory::Q96SE0
confirmatory::Q9QZC8	confirmatory::Q91ZH7
confirmatory::Q9QZC8	confirmatory::Q0VC00
confirmatory::Q9QZC8	confirmatory::Q8WU67
confirmatory::Q9R007	confirmatory::Q9R007
confirmatory::Q9R007	confirmatory::Q9GLF3
confirmatory::Q9RFY6	confirmatory::Q9RFY6
confirmatory::Q9S8M0	confirmatory::Q9S8M0
confirmatory::Q9SAJ3	confirmatory::Q9SAJ3
confirmatory::Q9SEX2	confirmatory::Q9SEX2
confirmatory::Q9SEX2	confirmatory::O61577
confirmatory::Q9SEX2	confirmatory::O75449
confirmatory::Q9SEX2	confirmatory::Q4R407
confirmatory::Q9SEX2	confirmatory::Q5RII9
confirmatory::Q9SEX2	confirmatory::Q5U3S1
confirmatory::Q9SEX2	confirmatory::Q5XIK7
confirmatory::Q9SEX2	confirmatory::Q6E0V2
confirmatory::Q9SEX2	confirmatory::Q8K0T4
confirmatory::Q9SEX2	confirmatory::Q9BW62
confirmatory::Q9SEX2	confirmatory::Q9WV86
confirmatory::Q9SEX2	confirmatory::P34808
confirmatory::Q9UAY4	confirmatory::Q9UAY4
confirmatory::Q9UAY4	confirmatory::Q10916
confirmatory::Q9UAY4	confirmatory::Q23498
confirmatory::Q9UAY4	discovery::P17405
confirmatory::Q9UAY4	confirmatory::Q04519
confirmatory::Q9UAY4	confirmatory::Q0VD19
confirmatory::Q9UI38	confirmatory::Q9UI38
confirmatory::Q9UNA0	confirmatory::Q9UNA0
confirmatory::Q9UNA0	confirmatory::Q9R001
confirmatory::Q9UNA0	confirmatory::Q9TT92
confirmatory::Q9UNA0	confirmatory::Q9ESP7
confirmatory::Q9UNA0	confirmatory::Q9UP79
discovery::Q07338	discovery::Q07338
discovery::Q2G1X0	discovery::Q2G1X0
discovery::Q2XXP1	discovery::Q2XXP1
discovery::Q3C255	discovery::Q3C255
discovery::Q3UMC0	discovery::Q3UMC0
discovery::Q3UMC0	confirmatory::O15381
discovery::Q3UMC0	confirmatory::Q8NB90
discovery::Q3UMC0	discovery::Q9DBY8
discovery::Q45744	discovery::Q45744
discovery::Q45755	discovery::Q45755
discovery::Q45758	discovery::Q45758
discovery::Q45UF1	discovery::Q45UF1
discovery::Q4QXT9	discovery::Q4QXT9
discovery::Q53I06	discovery::Q53I06
discovery::Q5F1N4	discovery::Q5F1N4
discovery::Q5QGZ2	discovery::Q5QGZ2
discovery::Q5WPU8	discovery::Q5WPU8
discovery::Q5WPZ4	discovery::Q5WPZ4
discovery::Q5XI64	discovery::Q5XI64
discovery::Q5XI64	confirmatory::Q1LZ86
discovery::Q5XI64	confirmatory::Q7SY73
discovery::Q5XI64	confirmatory::Q8R2Y0
discovery::Q5XI64	confirmatory::Q9BV23
discovery::Q60652	discovery::Q60652
discovery::Q60652	confirmatory::P20937
discovery::Q60652	confirmatory::Q60682
discovery::Q60652	confirmatory::Q64329
discovery::Q60652	confirmatory::Q60660
discovery::Q60652	discovery::Q60651
discovery::Q6GE13	discovery::Q6GE13
discovery::Q6VPT6	discovery::Q6VPT6
discovery::Q70US9	discovery::Q70US9
discovery::Q76CA2	discovery::Q76CA2
discovery::Q7M3V4	discovery::Q7M3V4
discovery::Q7T3L1	discovery::Q7T3L1
discovery::Q813X6	discovery::Q813X6
discovery::Q8IV16	discovery::Q8IV16
discovery::Q962V9	discovery::Q962V9
discovery::Q964Q0	discovery::Q964Q0
discovery::Q9EPB5	discovery::Q9EPB5
discovery::Q9EPB5	confirmatory::O18391
discovery::Q9RYL9	discovery::Q9RYL9
discovery::Q9S597	discovery::Q9S597
discovery::Q9UB30	discovery::Q9UB30
discovery::Q9X5C7	discovery::Q9X5C7
discovery::Q9Y0X6	discovery::Q9Y0X6
discovery::Q9ZIU5	discovery::Q9ZIU5
discovery::T1PQV6	discovery::T1PQV6
discovery::U6BLN5	discovery::U6BLN5
confirmatory::P81429	confirmatory::P81429
confirmatory::P81429	confirmatory::D6WMZ8
confirmatory::P81429	confirmatory::A7YN26
confirmatory::P81429	confirmatory::Q867X2
confirmatory::P81429	confirmatory::Q867X3
confirmatory::P81429	confirmatory::Q86GC9
confirmatory::P81429	confirmatory::I1RIF1
confirmatory::P81429	confirmatory::O16168
confirmatory::P81429	confirmatory::O16169
confirmatory::P81429	confirmatory::O16170
confirmatory::P81429	confirmatory::O16172
confirmatory::P81429	confirmatory::O16173
confirmatory::P81429	confirmatory::P18167
confirmatory::P81429	confirmatory::P25725
confirmatory::P81429	confirmatory::P25726
confirmatory::P81429	confirmatory::P25727
confirmatory::P81429	confirmatory::P47982
confirmatory::P81429	confirmatory::Q05487
confirmatory::P81429	confirmatory::Q08662
confirmatory::P81429	discovery::O16171
confirmatory::P81429	confirmatory::P12992
confirmatory::P81429	confirmatory::P22394
confirmatory::P81429	confirmatory::P17573
confirmatory::P81429	confirmatory::Q5XTQ4
confirmatory::P81429	confirmatory::D4B1N9
confirmatory::P81429	confirmatory::P32949
confirmatory::P81429	confirmatory::P20261
confirmatory::P81429	confirmatory::P32946
confirmatory::P81429	confirmatory::P32947
confirmatory::P81429	confirmatory::Q04457
confirmatory::P81429	confirmatory::Q04456
confirmatory::P81429	confirmatory::Q47M62
confirmatory::P81429	confirmatory::A0A0E4AET8
confirmatory::P81429	confirmatory::P86325
confirmatory::P81429	confirmatory::Q01470
confirmatory::P81429	confirmatory::D2D3B6
confirmatory::P81429	confirmatory::P21837
confirmatory::P81429	confirmatory::Q92035
confirmatory::P81429	confirmatory::P32750
confirmatory::P81429	confirmatory::P32752
confirmatory::P81429	confirmatory::P32753
confirmatory::P81429	discovery::P32751
confirmatory::P81429	confirmatory::Q3T930
confirmatory::P81429	confirmatory::Q95000
confirmatory::P81429	confirmatory::Q95001
confirmatory::P81429	confirmatory::A0A443HK52
confirmatory::P81429	confirmatory::D4ASH1
confirmatory::P81429	confirmatory::P16854
confirmatory::P81429	confirmatory::P21370
confirmatory::P81702	confirmatory::P81702
confirmatory::P81859	confirmatory::P81859
confirmatory::P81859	confirmatory::P0DKH7
confirmatory::P81859	confirmatory::P0DKH8
confirmatory::P81859	confirmatory::A0A1L3THR9
confirmatory::P81859	confirmatory::E1UYT9
confirmatory::P81859	confirmatory::E1UYU0
confirmatory::P81859	confirmatory::Q9AVB0
confirmatory::P81859	confirmatory::Q9AYP9
confirmatory::P81859	confirmatory::P83790
confirmatory::P81862	confirmatory::P81862
confirmatory::P82140	confirmatory::P82140
confirmatory::P83506	confirmatory::P83506
confirmatory::P83506	confirmatory::P20145
confirmatory::P83506	confirmatory::P82900
confirmatory::P83506	confirmatory::A2XBN5
confirmatory::P83506	confirmatory::P82901
confirmatory::P83506	confirmatory::Q10ST8
confirmatory::P83506	confirmatory::Q43681
confirmatory::P83506	confirmatory::P82353
confirmatory::P83506	confirmatory::P86809
confirmatory::P84018	confirmatory::P84018
confirmatory::P84282	confirmatory::P84282
confirmatory::P84775	confirmatory::P84775
confirmatory::P84775	confirmatory::P17085
confirmatory::P84775	confirmatory::P05017
confirmatory::P84775	confirmatory::P16501
confirmatory::P84775	confirmatory::P22618
confirmatory::P84775	confirmatory::Q02815
confirmatory::P84775	confirmatory::Q6GUL6
confirmatory::P84775	confirmatory::Q90325
confirmatory::P84775	confirmatory::P33717
confirmatory::P84775	confirmatory::P01344
confirmatory::P84775	confirmatory::P01346
confirmatory::P84775	confirmatory::P07456
confirmatory::P84775	confirmatory::P09535
confirmatory::P84775	confirmatory::P17647
confirmatory::P84775	confirmatory::P41694
confirmatory::P84775	confirmatory::P51459
confirmatory::P84775	confirmatory::Q08279
confirmatory::P84775	confirmatory::Q28933
confirmatory::P84881	confirmatory::P84881
confirmatory::P84881	confirmatory::P83667
confirmatory::P84881	confirmatory::Q41015
confirmatory::P84881	confirmatory::O82711
confirmatory::P84881	confirmatory::P81726
confirmatory::P84900	confirmatory::P84900
confirmatory::P85224	confirmatory::P85224
confirmatory::P86193	confirmatory::P86193
confirmatory::P90698	confirmatory::P90698
confirmatory::P91797	confirmatory::P91797
confirmatory::P93198	confirmatory::P93198
confirmatory::P93198	confirmatory::P0C8Y8
confirmatory::P93198	confirmatory::P04403
confirmatory::P93198	confirmatory::Q39649
confirmatory::P93198	confirmatory::Q9XHP1
confirmatory::P93198	confirmatory::P09893
confirmatory::P93198	confirmatory::P01090
confirmatory::P93198	confirmatory::P15322
confirmatory::P93198	confirmatory::P27740
confirmatory::P93198	confirmatory::P15458
confirmatory::P93198	confirmatory::P01091
confirmatory::P93198	confirmatory::P15459
confirmatory::P93198	confirmatory::P15460
confirmatory::P93198	confirmatory::P24565
confirmatory::P93198	confirmatory::P38057
confirmatory::P93198	confirmatory::P80208
confirmatory::P93198	confirmatory::Q9FH31
confirmatory::P93198	confirmatory::P30233
confirmatory::P93198	confirmatory::P80351
confirmatory::P93198	confirmatory::P80352
confirmatory::P93198	confirmatory::P80353
confirmatory::P93198	confirmatory::P15461
confirmatory::P93198	confirmatory::P23110
confirmatory::P93732	confirmatory::P93732
confirmatory::P93732	confirmatory::O32449
confirmatory::P93732	confirmatory::P52279
confirmatory::P96723	confirmatory::P96723
confirmatory::Q501P1	confirmatory::Q501P1
confirmatory::Q501P1	confirmatory::Q53RD9
confirmatory::Q504P2	confirmatory::Q504P2
confirmatory::Q504P2	confirmatory::Q5QGZ9
confirmatory::Q51553	confirmatory::Q51553
confirmatory::Q51553	confirmatory::Q51559
confirmatory::Q52400	confirmatory::Q52400
confirmatory::Q52400	confirmatory::C0LTL9
confirmatory::Q52400	confirmatory::J3KAS2
confirmatory::Q52400	confirmatory::Q6TNA5
confirmatory::Q52400	confirmatory::Q9VDC6
confirmatory::Q53957	confirmatory::Q53957
confirmatory::Q54318	confirmatory::Q54318
confirmatory::Q54LF0	confirmatory::Q54LF0
confirmatory::Q54ME1	confirmatory::Q54ME1
confirmatory::Q54SR8	confirmatory::Q54SR8
confirmatory::Q54SR8	confirmatory::Q3ZC91
confirmatory::Q54SR8	confirmatory::P70158
confirmatory::Q54SR8	confirmatory::Q641Z7
confirmatory::Q54SR8	confirmatory::P58242
confirmatory::Q54SR8	confirmatory::Q92485
confirmatory::Q55217	confirmatory::Q55217
confirmatory::Q55217	confirmatory::Q54809
confirmatory::Q55217	confirmatory::Q54528
confirmatory::Q554E7	confirmatory::Q554E7
confirmatory::Q554E7	confirmatory::Q8T2Q0
confirmatory::Q55GC7	confirmatory::Q55GC7
confirmatory::Q568T5	confirmatory::Q568T5
confirmatory::Q568T5	confirmatory::Q9CXM0
confirmatory::Q568T5	confirmatory::Q9H9P2
confirmatory::Q59DY5	confirmatory::Q59DY5
confirmatory::Q5EPH2	confirmatory::Q5EPH2
confirmatory::Q5HY92	confirmatory::Q5HY92
confirmatory::Q5HY92	confirmatory::E9QEA3
confirmatory::Q5HY92	confirmatory::Q8BPY9
confirmatory::Q5HY92	confirmatory::Q6GX84
confirmatory::Q5HY92	confirmatory::Q6PIW4
confirmatory::Q5HY92	confirmatory::A6NMB9
confirmatory::Q5HY92	confirmatory::A0A8I6AGW3
confirmatory::Q5HY92	confirmatory::J3QK54
confirmatory::Q5KQS2	confirmatory::Q5KQS2
confirmatory::Q5KQS2	confirmatory::P29695
confirmatory::Q5KQS2	confirmatory::Q5KQS1
confirmatory::Q5KQS2	confirmatory::Q5KQS3
confirmatory::Q5KQS2	confirmatory::Q5KQS4
confirmatory::Q5KQS2	confirmatory::Q5KQS5
confirmatory::Q5KQS2	confirmatory::Q9DGI0
confirmatory::Q5MIZ0	confirmatory::Q5MIZ0
confirmatory::Q5NZF6	confirmatory::Q5NZF6
confirmatory::Q5NZF6	confirmatory::B3PI89
confirmatory::Q5NZF6	confirmatory::Q82SL8
confirmatory::Q5NZF6	confirmatory::B2I9H6
confirmatory::Q5NZF6	confirmatory::Q8PDF3
confirmatory::Q5NZF6	confirmatory::Q7NPW5
confirmatory::Q5NZF6	confirmatory::Q8E8N6
confirmatory::Q5NZF6	confirmatory::A0KF11
confirmatory::Q5NZF6	confirmatory::A1AGT6
confirmatory::Q5NZF6	confirmatory::B4SVL3
confirmatory::Q5NZF6	confirmatory::B4TKT6
confirmatory::Q5NZF6	confirmatory::B5BHG7
confirmatory::Q5NZF6	confirmatory::B5F8M6
confirmatory::Q5NZF6	confirmatory::B5FFE9
confirmatory::Q5NZF6	confirmatory::B5FJT1
confirmatory::Q5NZF6	confirmatory::P13001
confirmatory::Q5NZF6	confirmatory::Q0TC55
confirmatory::Q5NZF6	confirmatory::Q1R5M2
confirmatory::Q5NZF6	confirmatory::Q5PLY8
confirmatory::Q5NZF6	confirmatory::Q7MPY0
confirmatory::Q5NZF6	confirmatory::Q8GHL1
confirmatory::Q5NZF6	confirmatory::Q9JSN0
confirmatory::Q5PPM0	confirmatory::Q5PPM0
confirmatory::Q5PPM0	confirmatory::Q80ZA0
confirmatory::Q5PPM0	confirmatory::O88310
confirmatory::Q80YU0	confirmatory::Q80YU0
confirmatory::Q80YU0	confirmatory::Q9H3Z7
confirmatory::Q80YU0	confirmatory::Q9Z1Q2
confirmatory::Q80YU0	confirmatory::Q1JPD2
confirmatory::Q80YU0	confirmatory::Q4R8P0
confirmatory::Q80YU0	confirmatory::Q5R6S0
confirmatory::Q80YU0	confirmatory::Q6MG55
confirmatory::Q810Z1	confirmatory::Q810Z1
confirmatory::Q811M5	confirmatory::Q811M5
confirmatory::Q811M5	confirmatory::E9Q6D8
confirmatory::Q811M5	confirmatory::P13671
confirmatory::Q811M5	confirmatory::P61134
confirmatory::Q811M5	confirmatory::Q29RU4
confirmatory::Q811M5	confirmatory::D3YXF5
confirmatory::Q811M5	confirmatory::P10643
confirmatory::Q811M5	confirmatory::Q29RQ1
confirmatory::Q811M5	confirmatory::Q5RAD0
confirmatory::Q811M5	confirmatory::Q9TUQ3
confirmatory::Q811M5	confirmatory::P07358
confirmatory::Q811M5	confirmatory::P55314
confirmatory::Q811M5	confirmatory::P98137
confirmatory::Q811M5	confirmatory::Q8BH35
confirmatory::Q811M5	confirmatory::Q8K182
confirmatory::Q811M5	confirmatory::P07357
confirmatory::Q83730	confirmatory::Q83730
confirmatory::Q838U8	confirmatory::Q838U8
confirmatory::Q84C00	confirmatory::Q84C00
confirmatory::Q84C00	confirmatory::A3DBX3
confirmatory::Q84LR6	confirmatory::Q84LR6
confirmatory::Q84LR6	confirmatory::Q9FMK9
confirmatory::Q84LR6	confirmatory::Q05924
confirmatory::Q86XH1	confirmatory::Q86XH1
confirmatory::Q86YW7	confirmatory::Q86YW7
confirmatory::Q86YW7	confirmatory::Q812B2
confirmatory::Q87BG9	confirmatory::Q87BG9
confirmatory::Q87BG9	confirmatory::A0A0I9RJ56
confirmatory::Q87BG9	confirmatory::B2I700
confirmatory::Q87BG9	confirmatory::H8L374
confirmatory::Q87BG9	confirmatory::A0A2Z4HPY5
confirmatory::Q87BG9	confirmatory::Q5AT15
confirmatory::Q87BG9	confirmatory::B1VF43
confirmatory::Q87BG9	confirmatory::Q8FRT0
confirmatory::Q87BG9	confirmatory::O68640
confirmatory::Q87BG9	confirmatory::Q1J115
confirmatory::Q87BG9	confirmatory::Q73UB0
confirmatory::Q87BG9	confirmatory::A1KP32
confirmatory::Q87BG9	confirmatory::A5U815
confirmatory::Q87BG9	confirmatory::B2HDS6
confirmatory::Q87BG9	discovery::Q5Z1C4
confirmatory::Q87BG9	confirmatory::Q9RA51
confirmatory::Q87BG9	confirmatory::Q7UG04
confirmatory::Q87BG9	confirmatory::Q7WES8
confirmatory::Q87BG9	confirmatory::B7X2B6
confirmatory::Q87BG9	confirmatory::D0L1T6
confirmatory::Q87BG9	confirmatory::Q6FEQ3
confirmatory::Q87BG9	confirmatory::B3QM89
confirmatory::Q87BG9	confirmatory::Q6N1G8
confirmatory::Q87BG9	confirmatory::A0A0I9QGZ7
confirmatory::Q87BG9	confirmatory::A1TY14
confirmatory::Q87BG9	confirmatory::A4JIS1
confirmatory::Q87BG9	confirmatory::B0SHJ0
confirmatory::Q87BG9	confirmatory::B2JJW9
confirmatory::Q87BG9	confirmatory::B7J437
confirmatory::Q87BG9	confirmatory::B8GZZ0
confirmatory::Q87BG9	confirmatory::C4XNQ9
confirmatory::Q87BG9	confirmatory::D2Z028
confirmatory::Q87BG9	confirmatory::P57714
confirmatory::Q87BG9	confirmatory::Q20YI1
confirmatory::Q87BG9	confirmatory::Q2IS70
confirmatory::Q87BG9	confirmatory::Q48PA1
confirmatory::Q87BG9	confirmatory::Q4FP51
confirmatory::Q87BG9	confirmatory::Q4ZZ78
confirmatory::Q87BG9	confirmatory::Q5FUF4
confirmatory::Q87BG9	confirmatory::Q72R95
confirmatory::Q87BG9	confirmatory::Q88CT3
confirmatory::Q87BG9	confirmatory::Q8P8L2
confirmatory::Q87BG9	confirmatory::S2L5R8
confirmatory::Q87BG9	discovery::A2S877
confirmatory::Q87BG9	discovery::Q8F4I0
confirmatory::Q87BG9	confirmatory::B9LTF0
confirmatory::Q87BG9	confirmatory::M0GNC6
confirmatory::Q87BG9	confirmatory::M0HG00
confirmatory::Q8BMY7	confirmatory::Q8BMY7
confirmatory::Q8BMY7	confirmatory::O35679
confirmatory::Q8BRU4	confirmatory::Q8BRU4
confirmatory::Q8CEK3	confirmatory::Q8CEK3
confirmatory::Q8CEK3	confirmatory::Q09TK7
confirmatory::Q8CG16	confirmatory::Q8CG16
confirmatory::Q8CG16	confirmatory::P00739
confirmatory::Q8CG16	confirmatory::P06866
confirmatory::Q8CG16	confirmatory::Q61646
confirmatory::Q8GB88	confirmatory::Q8GB88
confirmatory::Q8GB88	confirmatory::Q8RR56
confirmatory::Q8GYH5	confirmatory::Q8GYH5
confirmatory::Q8H129	confirmatory::Q8H129
confirmatory::Q8H129	confirmatory::Q9SCX8
confirmatory::Q8H129	confirmatory::Q8S341
confirmatory::Q8H129	confirmatory::Q8VYU7
confirmatory::Q8H1R2	confirmatory::Q8H1R2
confirmatory::Q8H1R2	confirmatory::Q9LMX4
confirmatory::Q8H1R2	discovery::Q5MAU8
confirmatory::Q8I2X3	confirmatory::Q8I2X3
confirmatory::Q8I430	confirmatory::Q8I430
confirmatory::Q8WMH2	confirmatory::Q8WMH2
confirmatory::Q8WVB6	confirmatory::Q8WVB6
confirmatory::Q8WVB6	confirmatory::Q8BIW9
confirmatory::Q8WVL7	confirmatory::Q8WVL7
confirmatory::Q8WVL7	confirmatory::Q8VE42
confirmatory::Q8WX39	confirmatory::Q8WX39
confirmatory::Q8WX39	confirmatory::Q9D267
confirmatory::Q8WX39	confirmatory::H2B3G5
confirmatory::Q8WX39	confirmatory::Q5VFH6
confirmatory::Q8WX39	confirmatory::Q95182
confirmatory::Q8WX39	confirmatory::P02761
confirmatory::Q8WX39	confirmatory::A2BIM8
confirmatory::Q8WX39	confirmatory::B5X0G2
confirmatory::Q8WX39	confirmatory::P02762
confirmatory::Q8WX39	confirmatory::P11589
confirmatory::Q8WX39	confirmatory::P11590
confirmatory::Q8WX39	confirmatory::P04939
confirmatory::Q8WX39	confirmatory::P81608
confirmatory::Q8WX39	confirmatory::Q28388
confirmatory::Q8WXI3	confirmatory::Q8WXI3
confirmatory::Q8WXI3	confirmatory::Q8VHA6
confirmatory::Q8WXI3	confirmatory::Q9Z2X3
confirmatory::Q8WXI3	confirmatory::O75832
confirmatory::Q8WXI3	confirmatory::Q9Z2X2
confirmatory::Q8Z6A7	confirmatory::Q8Z6A7
confirmatory::Q90121	confirmatory::Q90121
confirmatory::Q90611	confirmatory::Q90611
confirmatory::Q90611	confirmatory::O13065
confirmatory::Q90611	confirmatory::O18927
confirmatory::Q90611	confirmatory::O62806
confirmatory::Q90611	confirmatory::O77656
confirmatory::Q90611	confirmatory::P08253
confirmatory::Q90611	confirmatory::P33434
confirmatory::Q90611	confirmatory::P33436
confirmatory::Q90611	confirmatory::P45452
confirmatory::Q90611	confirmatory::P50757
confirmatory::Q90611	confirmatory::Q9EPL5
confirmatory::Q90611	confirmatory::Q9GLE5
confirmatory::Q90611	confirmatory::P41245
confirmatory::Q90611	confirmatory::O18733
confirmatory::Q90611	confirmatory::P14780
confirmatory::Q90611	confirmatory::P50282
confirmatory::Q90611	confirmatory::P52176
confirmatory::Q90YC2	confirmatory::Q90YC2
confirmatory::Q90YC2	confirmatory::O93470
confirmatory::Q90YC2	confirmatory::Q8K3F2
confirmatory::Q90YC2	confirmatory::Q8N119
confirmatory::Q90YC2	confirmatory::A0A0N9E2K8
confirmatory::Q91974	confirmatory::Q91974
confirmatory::Q91V98	confirmatory::Q91V98
confirmatory::Q91V98	confirmatory::Q9HCU0
confirmatory::Q91W50	confirmatory::Q91W50
confirmatory::Q91W50	confirmatory::O75534
confirmatory::Q91W50	confirmatory::P18395
confirmatory::Q91W50	confirmatory::P29174
confirmatory::Q91YQ3	confirmatory::Q91YQ3
confirmatory::Q91YQ3	confirmatory::Q63430
confirmatory::Q91YQ3	confirmatory::Q9CR86
confirmatory::Q91YQ3	confirmatory::Q9Y2V2
confirmatory::Q91YQ3	confirmatory::Q9Y534
confirmatory::Q91ZT8	confirmatory::Q91ZT8
confirmatory::Q91ZT8	confirmatory::Q70X92
confirmatory::Q91ZT8	confirmatory::Q9CQ31
confirmatory::Q92478	confirmatory::Q92478
confirmatory::Q92478	confirmatory::Q6UVW9
confirmatory::Q92478	confirmatory::Q9D676
confirmatory::Q92478	confirmatory::Q0H8B9
confirmatory::Q92478	confirmatory::Q8C1T8
confirmatory::Q92478	confirmatory::Q91V08
confirmatory::Q92478	discovery::Q9WVF9
confirmatory::Q924P3	confirmatory::Q924P3
confirmatory::Q924P3	confirmatory::Q6JVE9
confirmatory::Q925I7	confirmatory::Q925I7
confirmatory::Q925I7	confirmatory::A8WCC4
confirmatory::Q925I7	confirmatory::Q5RA73
confirmatory::Q925I7	confirmatory::Q6V9H4
confirmatory::Q925I7	confirmatory::Q8CI19
confirmatory::Q925I7	confirmatory::Q9EQT1
confirmatory::Q925I7	confirmatory::Q9EQX6
confirmatory::Q925I7	confirmatory::Q9GZP0
confirmatory::Q925I7	confirmatory::Q9I946
confirmatory::Q939S9	confirmatory::Q939S9
confirmatory::Q939T0	confirmatory::Q939T0
confirmatory::Q93LQ6	confirmatory::Q93LQ6
confirmatory::Q93Q17	confirmatory::Q93Q17
confirmatory::Q93RR6	confirmatory::Q93RR6
confirmatory::Q944L7	confirmatory::Q944L7
confirmatory::Q944L7	confirmatory::Q8L774
confirmatory::Q95121	confirmatory::Q95121
confirmatory::Q95MI4	confirmatory::Q95MI4
confirmatory::Q95MI4	confirmatory::P26717
confirmatory::Q95MI4	confirmatory::Q07444
confirmatory::Q95MI4	confirmatory::Q95MI5
confirmatory::Q95MI4	confirmatory::Q9GME8
confirmatory::Q95MI4	confirmatory::Q9MZJ3
confirmatory::Q95MI4	confirmatory::Q9MZK6
confirmatory::Q95P89	confirmatory::Q95P89
confirmatory::Q96NS5	confirmatory::Q96NS5
confirmatory::Q96S55	confirmatory::Q96S55
confirmatory::Q96S55	confirmatory::P0AAZ4
confirmatory::Q96S55	confirmatory::Q8CG07
confirmatory::Q96S55	confirmatory::Q91XU0
confirmatory::A2AJB7	confirmatory::A2AJB7
confirmatory::A2AJB7	confirmatory::P06911
confirmatory::A3DC29	confirmatory::A3DC29
confirmatory::A3DC29	confirmatory::P37699
confirmatory::A3DC29	confirmatory::P37701
confirmatory::A3DD66	confirmatory::A3DD66
confirmatory::A3DDN1	confirmatory::A3DDN1
confirmatory::A3DDN1	confirmatory::P0C2S4
confirmatory::A3UNN4	confirmatory::A3UNN4
confirmatory::A4KX75	confirmatory::A4KX75
confirmatory::A5D6U8	confirmatory::A5D6U8
confirmatory::A5D6U8	confirmatory::Q6ZNF0
confirmatory::A5D6U8	confirmatory::Q8BX37
confirmatory::A5D6U8	confirmatory::Q9LXI7
confirmatory::A5D6U8	confirmatory::O48840
confirmatory::A5D6U8	confirmatory::Q949Y3
confirmatory::A5D6U8	confirmatory::O23244
confirmatory::A5D6U8	confirmatory::Q09131
confirmatory::A5D6U8	confirmatory::Q38924
confirmatory::A5D6U8	confirmatory::Q6TPH1
confirmatory::A5D6U8	confirmatory::Q9C510
confirmatory::A5D6U8	confirmatory::Q9C927
confirmatory::A5D6U8	confirmatory::Q9LX83
confirmatory::A5D6U8	confirmatory::Q9SE00
confirmatory::A5D6U8	confirmatory::Q9SI18
confirmatory::A5D6U8	confirmatory::Q9SIV9
confirmatory::A5D6U8	discovery::Q93WP4
confirmatory::A5FIF5	confirmatory::A5FIF5
confirmatory::A7E2S9	confirmatory::A7E2S9
confirmatory::Q66RP5	confirmatory::Q66RP5
confirmatory::Q66RP5	confirmatory::O76821
confirmatory::Q66RP5	confirmatory::Q17284
confirmatory::Q66RP5	confirmatory::Q9U5P1
confirmatory::Q66RP5	confirmatory::Q9UAS2
confirmatory::Q66RP5	confirmatory::Q7M4G0
confirmatory::Q66RP5	confirmatory::Q7M4G1
confirmatory::Q66RP5	confirmatory::A6NFH5
confirmatory::Q66RP5	confirmatory::B7SUM8
confirmatory::Q66RP5	confirmatory::Q9DAK4
confirmatory::Q66RP5	confirmatory::O45035
confirmatory::Q66RP5	confirmatory::P41509
confirmatory::Q66RP5	confirmatory::P51673
confirmatory::Q66RP5	confirmatory::O42386
confirmatory::Q66RP5	confirmatory::P29373
confirmatory::Q66RP5	confirmatory::P29762
confirmatory::Q66RP5	confirmatory::P40220
confirmatory::Q66RP5	confirmatory::P50568
confirmatory::Q66RP5	confirmatory::P62964
confirmatory::Q66RP5	confirmatory::P62965
confirmatory::Q66RP5	confirmatory::Q5PXY7
confirmatory::Q66RP5	confirmatory::Q5R2J5
confirmatory::Q66RP5	discovery::P22935
confirmatory::Q66RP5	discovery::Q6T499
confirmatory::Q66RP5	confirmatory::P80049
confirmatory::Q66RP5	confirmatory::P0DM59
confirmatory::Q66RP5	confirmatory::O13008
confirmatory::Q66RP5	confirmatory::A6YLM6
confirmatory::Q66RP5	confirmatory::O08716
confirmatory::Q66RP5	confirmatory::O15540
confirmatory::Q66RP5	confirmatory::O97788
confirmatory::Q66RP5	confirmatory::P02689
confirmatory::Q66RP5	confirmatory::P02690
confirmatory::Q66RP5	confirmatory::P02691
confirmatory::Q66RP5	confirmatory::P07483
confirmatory::Q66RP5	confirmatory::P0C6G6
confirmatory::Q66RP5	confirmatory::P11404
confirmatory::Q66RP5	confirmatory::P15090
confirmatory::Q66RP5	confirmatory::P24526
confirmatory::Q66RP5	confirmatory::P55051
confirmatory::Q66RP5	confirmatory::P55054
confirmatory::Q66RP5	confirmatory::P70623
confirmatory::Q66RP5	confirmatory::P86412
confirmatory::Q66RP5	confirmatory::Q09139
confirmatory::Q66RP5	confirmatory::Q4TZH2
confirmatory::Q66RP5	confirmatory::Q99P60
confirmatory::Q66RP5	confirmatory::Q99P61
confirmatory::Q66RP5	confirmatory::P05413
confirmatory::Q66RP5	confirmatory::O02772
confirmatory::Q66RP5	confirmatory::Q9BMK3
confirmatory::Q66RP5	confirmatory::Q17017
confirmatory::Q66RP5	confirmatory::C4N147
confirmatory::Q66RP5	confirmatory::Q45KW7
confirmatory::Q66RP5	confirmatory::P02693
confirmatory::Q66RP5	confirmatory::P12104
confirmatory::Q66RP5	confirmatory::P55050
confirmatory::Q66RP5	confirmatory::Q56JX9
confirmatory::Q66RP5	confirmatory::Q91775
confirmatory::Q66RP5	confirmatory::Q9U1G6
confirmatory::Q66RP5	confirmatory::Q965W1
confirmatory::Q66RP5	confirmatory::O02323
confirmatory::Q66RP5	confirmatory::O01814
confirmatory::Q66RP5	confirmatory::Q8MUC1
confirmatory::Q66RP5	confirmatory::P55053
confirmatory::Q66RP5	confirmatory::A8MUU1
confirmatory::Q66RP5	confirmatory::P55052
confirmatory::Q66RP5	confirmatory::P82188
confirmatory::Q66RP5	confirmatory::Q01469
confirmatory::Q66RP5	confirmatory::Q05816
confirmatory::Q66S21	confirmatory::Q66S21
confirmatory::Q68KK0	confirmatory::Q68KK0
confirmatory::Q69UZ3	confirmatory::Q69UZ3
confirmatory::Q69UZ3	confirmatory::P93655
confirmatory::Q69UZ3	confirmatory::O44952
confirmatory::Q69UZ3	confirmatory::Q59HJ6
confirmatory::Q69UZ3	confirmatory::Q8CGK3
confirmatory::Q69UZ3	confirmatory::Q9M9L7
confirmatory::Q69UZ3	confirmatory::Q9M9L8
confirmatory::Q69UZ3	confirmatory::O64948
confirmatory::Q69UZ3	confirmatory::P37945
confirmatory::Q69UZ3	confirmatory::Q3MIB4
confirmatory::Q69UZ3	confirmatory::Q3SX23
confirmatory::Q69UZ3	confirmatory::Q86WA8
confirmatory::Q69UZ3	confirmatory::Q9DBN5
confirmatory::Q69UZ3	confirmatory::P0A9M0
confirmatory::Q69UZ3	confirmatory::O31147
confirmatory::Q6AWW0	confirmatory::Q6AWW0
confirmatory::Q6DBU8	confirmatory::Q6DBU8
confirmatory::Q6DBU8	confirmatory::Q6XZB0
confirmatory::Q6DBU8	confirmatory::Q32PY2
confirmatory::Q6DBU8	confirmatory::Q8CIV3
confirmatory::Q6DI48	confirmatory::Q6DI48
confirmatory::Q6DI48	confirmatory::O00548
confirmatory::Q6DI48	confirmatory::P97677
confirmatory::Q6DI48	confirmatory::Q61483
confirmatory::Q6DI48	confirmatory::Q8UWJ4
confirmatory::Q6DI48	confirmatory::Q9IAT6
confirmatory::Q6DI48	confirmatory::O57409
confirmatory::Q6DI48	confirmatory::Q9NR61
confirmatory::Q6DI48	confirmatory::Q9NYJ7
confirmatory::Q6DI48	confirmatory::O88516
confirmatory::Q6DI48	confirmatory::O88671
confirmatory::Q6EIG7	confirmatory::Q6EIG7
confirmatory::Q6EIG7	confirmatory::D3ZWT9
confirmatory::Q6EIG7	confirmatory::Q9UMR7
confirmatory::Q6EIG7	confirmatory::Q8WTT0
confirmatory::Q6EWX1	confirmatory::Q6EWX1
confirmatory::Q6EZC2	confirmatory::Q6EZC2
confirmatory::Q6GPE5	confirmatory::Q6GPE5
confirmatory::Q6GPE5	confirmatory::Q5ZM55
confirmatory::Q6GPE5	confirmatory::Q9UK73
confirmatory::Q6GPE5	confirmatory::Q9Z2G0
confirmatory::Q6GPE5	confirmatory::Q9BSK4
confirmatory::Q6GPE5	confirmatory::A7MB89
confirmatory::Q6GPE5	confirmatory::Q4V890
confirmatory::Q6GPE5	confirmatory::Q8C0T1
confirmatory::Q6GPE5	confirmatory::Q8CEF1
confirmatory::Q6GPE5	confirmatory::Q96JP0
confirmatory::Q6GPE5	confirmatory::Q9Z2G1
confirmatory::Q6GPE5	confirmatory::Q9VFD5
confirmatory::Q6H9L7	confirmatory::Q6H9L7
confirmatory::Q6IE32	confirmatory::Q6IE32
confirmatory::Q6IE46	confirmatory::Q6IE46
confirmatory::Q6NAM1	confirmatory::Q6NAM1
confirmatory::Q6NAM1	confirmatory::Q1JU72
confirmatory::Q6NXT1	confirmatory::Q6NXT1
confirmatory::Q6NXT1	confirmatory::Q1LZC5
confirmatory::Q6NXT1	confirmatory::Q566C8
confirmatory::Q6NXT1	confirmatory::Q91WK7
confirmatory::Q6P5P5	confirmatory::Q6P5P5
confirmatory::Q6P5P5	confirmatory::Q07646
confirmatory::Q6P5P5	confirmatory::Q2HJM9
confirmatory::Q6PQK2	confirmatory::Q6PQK2
confirmatory::Q6RY98	confirmatory::Q6RY98
confirmatory::Q6TNA6	confirmatory::Q6TNA6
confirmatory::Q6UWW0	confirmatory::Q6UWW0
confirmatory::Q6UWW0	confirmatory::O97921
confirmatory::Q6UWW0	confirmatory::O02853
confirmatory::Q6UWW0	confirmatory::O09114
confirmatory::Q6UWW0	confirmatory::P22057
confirmatory::Q6UWW0	confirmatory::Q29095
confirmatory::Q6UWW0	confirmatory::Q29487
confirmatory::Q6UWW0	confirmatory::Q29562
confirmatory::Q6UWW0	confirmatory::Q8WNM0
confirmatory::Q6UWW0	confirmatory::Q8WNM1
confirmatory::Q6UWW0	confirmatory::Q9XS65
confirmatory::Q6UWW0	confirmatory::Q01584
confirmatory::Q6UWW0	confirmatory::Q8VCG4
confirmatory::Q6UWW0	confirmatory::Q28679
confirmatory::Q6UWW0	confirmatory::Q9I9P7
confirmatory::Q6UWW0	confirmatory::P21760
confirmatory::Q6UY11	confirmatory::Q6UY11
confirmatory::Q6UY11	confirmatory::A4FV93
confirmatory::Q6UY11	confirmatory::B2LW77
confirmatory::Q6UY11	confirmatory::D3ZUK3
confirmatory::Q6UY11	confirmatory::Q8K1E3
confirmatory::Q6UY11	confirmatory::P80370
confirmatory::Q96TA2	confirmatory::Q96TA2
confirmatory::Q96TA2	confirmatory::O88967
confirmatory::Q96TA2	confirmatory::Q925S8
confirmatory::Q96VC9	confirmatory::Q96VC9
confirmatory::Q988D4	confirmatory::Q988D4
confirmatory::Q99156	confirmatory::Q99156
confirmatory::Q99289	confirmatory::Q99289
confirmatory::Q99LR1	confirmatory::Q99LR1
confirmatory::Q99LR1	confirmatory::B4F753
confirmatory::Q99LR1	confirmatory::Q08DW9
confirmatory::Q99LR1	confirmatory::Q4R766
confirmatory::Q99LR1	confirmatory::Q5ZIN0
confirmatory::Q99LR1	confirmatory::Q6AYT7
confirmatory::Q99LR1	confirmatory::Q8N2K0
confirmatory::Q99Q01	confirmatory::Q99Q01
confirmatory::Q9AQM4	confirmatory::Q9AQM4
confirmatory::Q9BRF8	confirmatory::Q9BRF8
confirmatory::Q9BRF8	confirmatory::Q8BFS6
confirmatory::Q9C291	confirmatory::Q9C291
confirmatory::Q9C291	confirmatory::G0RYR3
confirmatory::Q9C291	confirmatory::Q9UVN9
confirmatory::Q9C291	confirmatory::P32829
confirmatory::Q9C291	confirmatory::Q23255
confirmatory::Q9C291	confirmatory::P49959
confirmatory::Q9C291	confirmatory::Q60HE6
confirmatory::Q9C291	confirmatory::Q9IAM7
confirmatory::Q9C291	confirmatory::Q9JIM0
confirmatory::Q9C291	confirmatory::Q9W6K1
confirmatory::Q9C291	discovery::Q61216
confirmatory::Q9C291	confirmatory::Q9XGM2
confirmatory::Q9C291	confirmatory::Q7XQR9
confirmatory::Q9C7S6	confirmatory::Q9C7S6
confirmatory::Q9CZK6	confirmatory::Q9CZK6
confirmatory::Q9CZT5	confirmatory::Q9CZT5
confirmatory::Q9CZT5	confirmatory::Q6EMK4
confirmatory::Q9D1H9	confirmatory::Q9D1H9
confirmatory::Q9D1H9	confirmatory::P55083
confirmatory::Q9D1H9	confirmatory::P55918
confirmatory::Q9D1H9	confirmatory::D8VNS9
confirmatory::Q9D1H9	confirmatory::O43827
confirmatory::Q9D1H9	confirmatory::Q5EA66
confirmatory::Q9D1H9	confirmatory::Q8R1Q3
confirmatory::Q9D1H9	confirmatory::Q14314
confirmatory::Q9D1H9	confirmatory::P12804
confirmatory::Q9D1H9	confirmatory::Q5M8C6
confirmatory::Q9D1H9	confirmatory::P85031
confirmatory::Q9D1H9	confirmatory::P86239
confirmatory::Q9D1H9	confirmatory::Q08830
confirmatory::Q9D1H9	confirmatory::Q3SZZ7
confirmatory::Q9D1H9	confirmatory::Q71KU9
confirmatory::Q9D1H9	confirmatory::Q8N539
confirmatory::Q9D1H9	confirmatory::A2AV25
confirmatory::Q9D1H9	confirmatory::Q0P4P2
confirmatory::Q9D1H9	confirmatory::Q6AX44
confirmatory::Q9D1H9	confirmatory::Q8R0Z6
confirmatory::Q9D1H9	confirmatory::Q95LU3
confirmatory::Q9D1H9	discovery::Q5XK91
confirmatory::Q9D1H9	confirmatory::Q9R045
confirmatory::Q9D1H9	confirmatory::O95841
confirmatory::Q9D1H9	confirmatory::Q1RMR1
confirmatory::Q9D1H9	confirmatory::Q640P2
confirmatory::Q9D1H9	confirmatory::Q8NI99
confirmatory::Q9D1H9	confirmatory::Q9U8W7
confirmatory::Q9D1H9	confirmatory::Q9U8W8
confirmatory::Q9D1H9	confirmatory::Q9WVH6
confirmatory::Q9D1H9	confirmatory::A0A8J8
confirmatory::Q9D1H9	confirmatory::O08538
confirmatory::Q9D1H9	confirmatory::O15123
confirmatory::Q9D1H9	confirmatory::O18920
confirmatory::Q9D1H9	confirmatory::O35460
confirmatory::Q9D1H9	confirmatory::O35462
confirmatory::Q9D1H9	confirmatory::O77802
confirmatory::Q9D1H9	confirmatory::Q15389
confirmatory::Q9D1H9	confirmatory::Q60FC1
confirmatory::Q9D1H9	confirmatory::Q9BDY7
confirmatory::Q9D1H9	confirmatory::Q9BDY8
confirmatory::Q9D1H9	discovery::O35608
confirmatory::Q9D1H9	confirmatory::Q24K15
confirmatory::Q9D1H9	confirmatory::Q9Y264
confirmatory::Q9D1H9	confirmatory::P02679
confirmatory::Q9D1H9	confirmatory::P04115
confirmatory::Q9D1H9	confirmatory::P12799
confirmatory::Q9D1H9	confirmatory::P17634
confirmatory::Q9D1H9	confirmatory::Q8VCM7
confirmatory::Q9D1H9	confirmatory::Q8K0E8
confirmatory::Q9D1H9	confirmatory::P14480
confirmatory::Q9D1H9	confirmatory::P02676
confirmatory::Q9D1H9	confirmatory::P02678
confirmatory::Q9D1H9	confirmatory::Q02020
confirmatory::Q9D1H9	confirmatory::P14448
confirmatory::Q9D1H9	confirmatory::P33573
confirmatory::Q9D1H9	confirmatory::P02671
confirmatory::Q9D1H9	confirmatory::E9PV24
confirmatory::Q9D1H9	confirmatory::P06399
confirmatory::Q9D1H9	confirmatory::P19477
confirmatory::Q9D1H9	confirmatory::P21520
confirmatory::Q9D1H9	confirmatory::Q2TNK5
confirmatory::Q9D1H9	confirmatory::Q2KJ51
confirmatory::Q9D1H9	confirmatory::Q6TMA8
confirmatory::Q9D1H9	confirmatory::Q9BY76
confirmatory::Q9D1H9	confirmatory::Q9Z1P8
confirmatory::Q9D1H9	confirmatory::Q86XS5
confirmatory::Q9D3R6	confirmatory::Q9D3R6
confirmatory::Q9D3R6	confirmatory::Q8IYT4
confirmatory::Q9D3R6	confirmatory::Q9SZD4
confirmatory::Q9D3R6	confirmatory::D4GUJ7
confirmatory::Q9D3R6	confirmatory::O17071
confirmatory::Q9D3R6	confirmatory::O18413
confirmatory::Q9D3R6	confirmatory::P33298
confirmatory::Q9D3R6	confirmatory::P43686
confirmatory::Q9D3R6	confirmatory::P53549
confirmatory::Q9D3R6	confirmatory::P54775
confirmatory::Q9D3R6	confirmatory::P62191
confirmatory::Q9D3R6	confirmatory::P62192
confirmatory::Q9D3R6	confirmatory::P62193
confirmatory::Q9D3R6	confirmatory::P62333
confirmatory::Q9D3R6	confirmatory::P62334
confirmatory::Q9D3R6	confirmatory::Q01939
confirmatory::Q9D3R6	confirmatory::Q63570
confirmatory::Q9D3R6	confirmatory::Q9MAK9
confirmatory::Q9D3R6	confirmatory::Q9SEI3
confirmatory::Q9D3R6	confirmatory::Q9SL67
confirmatory::Q9D3R6	confirmatory::O88685
confirmatory::Q9D3R6	confirmatory::O04019
confirmatory::Q9D3R6	confirmatory::P17980
confirmatory::Q9D3R6	confirmatory::P33297
confirmatory::Q9D3R6	discovery::Q9SEI2
confirmatory::Q9DAA4	confirmatory::Q9DAA4
confirmatory::Q9DG81	confirmatory::Q9DG81
confirmatory::Q9DG81	confirmatory::O13050
confirmatory::Q9DG81	confirmatory::Q9YGK3
confirmatory::Q9DG81	confirmatory::P45657
confirmatory::Q9DG81	confirmatory::P45646
confirmatory::Q9DG81	confirmatory::P80664
confirmatory::Q9DG81	confirmatory::A6NKQ9
confirmatory::Q9DG81	confirmatory::P01229
confirmatory::Q9DG81	confirmatory::P0DN86
confirmatory::Q9DG81	confirmatory::P0DN87
confirmatory::Q9DG81	confirmatory::Q6NT52
confirmatory::Q9DG81	confirmatory::O46641
confirmatory::Q9DG81	confirmatory::O46482
confirmatory::Q9DG81	confirmatory::O46483
confirmatory::Q9DG81	confirmatory::O77805
confirmatory::Q9DG81	confirmatory::O77835
confirmatory::Q9DG81	confirmatory::P01230
confirmatory::Q9DG81	confirmatory::P01231
confirmatory::Q9DG81	confirmatory::P01232
confirmatory::Q9DG81	confirmatory::P04651
confirmatory::Q9DG81	confirmatory::P18842
confirmatory::Q9DG81	confirmatory::P19794
confirmatory::Q9DG81	confirmatory::P25330
confirmatory::Q9DG81	confirmatory::P33088
confirmatory::Q9DG81	confirmatory::P37206
confirmatory::Q9DG81	confirmatory::P51500
confirmatory::Q9DG81	confirmatory::Q2Q1P1
confirmatory::Q9DG81	confirmatory::Q3S2X5
confirmatory::Q9DG81	confirmatory::Q6EV78
confirmatory::Q9DG81	confirmatory::Q6IY74
confirmatory::Q9DG81	confirmatory::Q8HZR9
confirmatory::Q9DG81	confirmatory::Q8WN18
confirmatory::Q9DG81	confirmatory::Q95J85
confirmatory::Q9DG81	confirmatory::Q9BDI9
confirmatory::Q9DG81	confirmatory::Q9PW98
confirmatory::Q9DG81	confirmatory::Q9QYA9
confirmatory::Q9DG81	discovery::P80071
confirmatory::Q9DG81	discovery::Q3HRV3
confirmatory::Q9DG81	confirmatory::P30984
confirmatory::Q9DG81	confirmatory::P01235
confirmatory::Q9DG81	confirmatory::P07732
confirmatory::Q9DG81	confirmatory::P10256
confirmatory::Q9DG81	confirmatory::P27767
confirmatory::Q9DG81	confirmatory::P48253
confirmatory::Q9DG81	confirmatory::P53543
confirmatory::Q9DG81	confirmatory::Q2Q1P2
confirmatory::Q9DG81	confirmatory::Q98849
confirmatory::Q9DG81	confirmatory::Q9DG80
confirmatory::Q9DG81	discovery::Q91121
confirmatory::Q9DG81	confirmatory::Q90225
confirmatory::Q9DG81	confirmatory::Q9YGH2
confirmatory::Q9DG81	confirmatory::P48252
confirmatory::Q9DG81	confirmatory::P10257
confirmatory::Q9DG81	confirmatory::Q60687
confirmatory::Q9DG81	confirmatory::A1BN60
confirmatory::Q9DG81	confirmatory::A1BN61
confirmatory::Q9DG81	confirmatory::P01225
confirmatory::Q9DG81	confirmatory::P01226
confirmatory::Q9DG81	confirmatory::P01227
confirmatory::Q9DG81	confirmatory::P01228
confirmatory::Q9DG81	confirmatory::P80663
confirmatory::Q9DG81	confirmatory::Q2PUH2
confirmatory::Q9DG81	confirmatory::Q3HRV4
confirmatory::Q9DG81	confirmatory::Q6IY73
confirmatory::Q9DG81	confirmatory::Q6SI68
confirmatory::Q9DG81	confirmatory::Q6U830
confirmatory::Q9DG81	confirmatory::Q8HY83
confirmatory::Q9DG81	confirmatory::Q8HY84
confirmatory::Q9DG81	confirmatory::Q8WN19
confirmatory::Q9DG81	confirmatory::Q95J82
confirmatory::Q9DG81	confirmatory::Q9BDJ0
confirmatory::Q9DG81	confirmatory::Q9JK69
confirmatory::Q9DG81	discovery::P18427
confirmatory::Q9DG81	confirmatory::Q7ZZV4
confirmatory::Q9DG81	confirmatory::P37240
confirmatory::Q9DG81	confirmatory::O73824
confirmatory::Q9DG81	discovery::P01223
confirmatory::Q9DG81	confirmatory::O57340
confirmatory::Q9DG81	confirmatory::P01222
confirmatory::Q9DG81	confirmatory::P01224
confirmatory::Q9DG81	confirmatory::P04652
confirmatory::Q9DG81	confirmatory::P12656
confirmatory::Q9DG81	confirmatory::P54828
confirmatory::Q9DG81	confirmatory::P79357
confirmatory::Q9DG81	confirmatory::Q28376
confirmatory::Q9DG81	confirmatory::Q52R90
confirmatory::Q9DG81	confirmatory::Q62590
confirmatory::Q9DG81	confirmatory::Q95J88
confirmatory::Q9DG81	confirmatory::Q91120
confirmatory::Q9DG81	discovery::Q9PW99
confirmatory::Q9DG81	confirmatory::P30971
confirmatory::Q9FGJ4	confirmatory::Q9FGJ4
confirmatory::Q9FGM0	confirmatory::Q9FGM0
confirmatory::Q9FGM0	confirmatory::A2ZVG7
confirmatory::Q9FIF0	confirmatory::Q9FIF0
confirmatory::Q9FIF0	confirmatory::Q7XUN6
confirmatory::Q9FIF0	confirmatory::Q9FIF1
confirmatory::Q9FIF0	confirmatory::Q9LZF5
confirmatory::Q9FIF0	discovery::Q9LNN2
confirmatory::Q9FIF0	confirmatory::Q9LSR8
confirmatory::Q9FIF0	confirmatory::A0A0P0VIP0
confirmatory::Q9FIF0	confirmatory::Q9M3E5
confirmatory::Q9FIF0	confirmatory::Q3E884
confirmatory::Q9FIF0	confirmatory::Q7FK82
confirmatory::Q9FIF0	confirmatory::Q96285
confirmatory::Q9FIF0	confirmatory::Q9FJI4
confirmatory::Q9FIF0	confirmatory::Q9LEA3
confirmatory::Q9FIF0	confirmatory::Q9LSS0
confirmatory::Q9FIF0	confirmatory::Q9M1Z9
confirmatory::Q9FIF0	confirmatory::Q9M3D8
confirmatory::Q9FIF0	discovery::Q9LSR9
confirmatory::Q9FIF0	confirmatory::Q9M020
confirmatory::Q9FIF0	confirmatory::O22833
confirmatory::Q9FIF0	confirmatory::O22834
confirmatory::Q9FIF0	confirmatory::Q9ZW09
confirmatory::Q9FIM2	confirmatory::Q9FIM2
confirmatory::Q9UQ90	confirmatory::Q9UQ90
confirmatory::Q9UQ90	confirmatory::Q3ULF4
confirmatory::Q9UQ90	confirmatory::P40341
confirmatory::Q9UQ90	confirmatory::Q39102
confirmatory::Q9UQ90	confirmatory::Q9FH02
confirmatory::Q9UQ90	confirmatory::O80860
confirmatory::Q9UQ90	confirmatory::P37476
confirmatory::Q9UQ90	confirmatory::Q1PDW5
confirmatory::Q9UQ90	confirmatory::Q55700
confirmatory::Q9UQ90	confirmatory::Q5SI82
confirmatory::Q9UQ90	confirmatory::Q67WJ2
confirmatory::Q9UQ90	confirmatory::Q8W585
confirmatory::Q9UQ90	confirmatory::P0AAI3
confirmatory::Q9US39	confirmatory::Q9US39
confirmatory::Q9US39	confirmatory::Q9HDU9
confirmatory::Q9VER6	confirmatory::Q9VER6
confirmatory::Q9VLR9	confirmatory::Q9VLR9
confirmatory::Q9VLR9	confirmatory::Q80XL7
confirmatory::Q9VLR9	confirmatory::C7G3A0
confirmatory::Q9VLR9	confirmatory::Q53F39
confirmatory::Q9VLR9	confirmatory::Q566Y9
confirmatory::Q9VLR9	confirmatory::Q95X35
confirmatory::Q9VLU4	confirmatory::Q9VLU4
confirmatory::Q9VQN8	confirmatory::Q9VQN8
confirmatory::Q9VQN8	confirmatory::Q5R658
confirmatory::Q9VQN8	confirmatory::D0FH76
confirmatory::Q9VQN8	confirmatory::O75351
confirmatory::Q9VQN8	confirmatory::P46467
confirmatory::Q9VQN8	confirmatory::P52917
confirmatory::Q9VQN8	confirmatory::Q09803
confirmatory::Q9VQN8	confirmatory::Q5AG40
confirmatory::Q9VQN8	confirmatory::Q793F9
confirmatory::Q9VQN8	confirmatory::Q8VEJ9
confirmatory::Q9VQN8	confirmatory::Q9UN37
confirmatory::Q9VQN8	confirmatory::Q9ZNT0
confirmatory::Q9VT51	confirmatory::Q9VT51
confirmatory::Q9VTZ5	confirmatory::Q9VTZ5
confirmatory::Q9VTZ5	confirmatory::Q0VIL3
confirmatory::Q9VTZ5	confirmatory::Q9IBF7
confirmatory::Q9VUW9	confirmatory::Q9VUW9
confirmatory::Q9VUW9	confirmatory::E9PTT0
confirmatory::Q9VUW9	confirmatory::Q6C520
confirmatory::Q9VVA0	confirmatory::Q9VVA0
confirmatory::Q9VVW1	confirmatory::Q9VVW1
confirmatory::Q9WV72	confirmatory::Q9WV72
confirmatory::Q9WV72	confirmatory::Q9Y575
confirmatory::Q9WV74	confirmatory::Q9WV74
confirmatory::Q9XTG1	confirmatory::Q9XTG1
confirmatory::Q9Y2G4	confirmatory::Q9Y2G4
confirmatory::Q9Y2G4	confirmatory::Q69ZU8
confirmatory::Q9Y581	confirmatory::Q9Y581
confirmatory::Q9Y581	confirmatory::Q32L79
confirmatory::Q9Y581	confirmatory::Q9QY05
confirmatory::Q9Y581	confirmatory::Q9WV41
confirmatory::Q9Y5Q6	confirmatory::Q9Y5Q6
confirmatory::Q9Y5Q6	confirmatory::Q5CZK5
confirmatory::Q9Y5Q6	confirmatory::Q8WXF3
confirmatory::Q9Y5Q6	confirmatory::Q8BFS3
confirmatory::Q9Y5Q6	confirmatory::Q8HY17
confirmatory::Q9Z0K7	confirmatory::Q9Z0K7
confirmatory::Q9Z0K7	confirmatory::Q9DD23
confirmatory::Q9Z132	confirmatory::Q9Z132
confirmatory::Q9Z1I7	confirmatory::Q9Z1I7
confirmatory::Q9Z1I7	confirmatory::P15399
confirmatory::Q9Z1I7	confirmatory::O08976
confirmatory::Q9Z1I7	confirmatory::A2AEP0
confirmatory::Q9Z1I7	confirmatory::Q9D3H2
confirmatory::Q9Z1I7	confirmatory::S5ZYD3
confirmatory::Q9Z1I7	confirmatory::P83508
confirmatory::Q9Z1I7	confirmatory::Q9QXU1
confirmatory::Q9Z1I7	confirmatory::Q99MG7
confirmatory::Q9Z1I7	confirmatory::P08937
confirmatory::Q9Z1I7	confirmatory::F0UZ12
confirmatory::Q9Z1I7	confirmatory::Q28133
confirmatory::Q9Z205	confirmatory::Q9Z205
confirmatory::Q9Z205	confirmatory::O14593
confirmatory::Q9Z3Q2	confirmatory::Q9Z3Q2
confirmatory::Q9Z3Q2	confirmatory::O33680
confirmatory::Q9ZUJ5	confirmatory::Q9ZUJ5
confirmatory::Q9ZUJ5	confirmatory::P29136
confirmatory::Q9ZUJ5	confirmatory::O23507
confirmatory::Q9ZUJ5	confirmatory::Q8GWW6
confirmatory::Q9ZUJ5	confirmatory::Q5XF51
confirmatory::Q9ZUJ5	confirmatory::O04529
confirmatory::S0DPL8	confirmatory::S0DPL8
confirmatory::S0DPL8	confirmatory::O74205
confirmatory::U5L3M6	confirmatory::U5L3M6
confirmatory::W4VRX8	confirmatory::W4VRX8
discovery::P0C0T2	discovery::P0C0T2
discovery::P0C0T2	confirmatory::Q68DC2
discovery::P0C0T2	confirmatory::Q6GQX6
discovery::P0C0T2	confirmatory::Q5XJ13
discovery::P0C1T7	discovery::P0C1T7
discovery::P0C1X4	discovery::P0C1X4
discovery::P0C255	discovery::P0C255
discovery::P0C2K3	discovery::P0C2K3
discovery::P0C832	discovery::P0C832
discovery::P0CH47	discovery::P0CH47
discovery::P0DJ43	discovery::P0DJ43
discovery::P0DJC0	discovery::P0DJC0
discovery::P0DJE4	discovery::P0DJE4
discovery::P0DKP3	discovery::P0DKP3
discovery::P0DKQ8	discovery::P0DKQ8
discovery::P0DL61	discovery::P0DL61
discovery::P0DM45	discovery::P0DM45
discovery::P0DN65	discovery::P0DN65
discovery::P0DPE6	discovery::P0DPE6
discovery::P0DPG6	discovery::P0DPG6
discovery::P0DPW2	discovery::P0DPW2
discovery::P0DPY2	discovery::P0DPY2
discovery::P0DPZ6	discovery::P0DPZ6
discovery::P0DPZ8	discovery::P0DPZ8
discovery::P0DQA3	discovery::P0DQA3
discovery::P0DQB3	discovery::P0DQB3
discovery::P0DQE7	discovery::P0DQE7
discovery::P0DQF1	discovery::P0DQF1
discovery::P0DQG1	discovery::P0DQG1
discovery::P0DQG5	discovery::P0DQG5
discovery::P0DQI9	discovery::P0DQI9
discovery::P0DQZ0	discovery::P0DQZ0
discovery::P0DSL3	discovery::P0DSL3
discovery::P0DXX1	discovery::P0DXX1
discovery::P0DXZ4	discovery::P0DXZ4
discovery::P0DY41	discovery::P0DY41
discovery::P16218	discovery::P16218
discovery::P16218	confirmatory::P25472
discovery::P16948	discovery::P16948
discovery::P19247	discovery::P19247
discovery::P22244	discovery::P22244
discovery::P23806	discovery::P23806
discovery::P29206	discovery::P29206
discovery::P29206	confirmatory::P09641
discovery::P29206	confirmatory::P18107
discovery::P29206	confirmatory::P29071
discovery::P29206	confirmatory::P29204
discovery::P29206	confirmatory::P29205
discovery::P29206	confirmatory::P33684
discovery::P29206	confirmatory::P39659
discovery::P29206	confirmatory::P41335
discovery::P29206	confirmatory::P41519
discovery::P29206	confirmatory::P68004
discovery::P29206	confirmatory::P68005
discovery::P29206	confirmatory::P68006
discovery::P29206	confirmatory::P68007
discovery::P29206	confirmatory::P68008
discovery::P29206	confirmatory::P68009
discovery::P29206	confirmatory::P68010
discovery::P29206	confirmatory::P69092
discovery::P29206	confirmatory::P69093
discovery::P29206	confirmatory::P69094
discovery::P29206	confirmatory::P69095
discovery::P29206	confirmatory::P69096
discovery::P29206	confirmatory::P69101
discovery::P29206	confirmatory::P69102
discovery::P29206	confirmatory::P80024
discovery::P29206	confirmatory::P80167
discovery::P29206	confirmatory::P80952
discovery::P29206	confirmatory::P81028
discovery::P29206	discovery::P37999
discovery::P29206	discovery::P41336
discovery::P29206	confirmatory::Q9TR93
discovery::P29206	confirmatory::P48097
discovery::P29206	confirmatory::E2E4L2
discovery::P29206	confirmatory::P01304
discovery::P29206	confirmatory::P29203
discovery::P29206	confirmatory::P01302
discovery::P29206	confirmatory::P01298
discovery::P29206	confirmatory::P01299
discovery::P29206	confirmatory::P01300
discovery::P29206	confirmatory::P01301
discovery::P29206	discovery::P06884
discovery::P29206	discovery::P13083
discovery::P29206	confirmatory::P10601
discovery::P29206	confirmatory::P06303
discovery::P29206	confirmatory::P68249
discovery::P29206	confirmatory::P06305
discovery::P29206	confirmatory::P11967
discovery::P29206	confirmatory::P41337
discovery::P29206	confirmatory::Q5JQD4
discovery::P29206	discovery::P15427
discovery::P29206	confirmatory::P31229
discovery::P33186	discovery::P33186
discovery::P39690	discovery::P39690
discovery::P42992	discovery::P42992
discovery::P42992	confirmatory::A0A4Y5X186
discovery::P50120	discovery::P50120
discovery::P50120	confirmatory::Q08652
discovery::P50120	discovery::P06768
discovery::P50120	confirmatory::Q00915
discovery::P50120	confirmatory::P02694
discovery::P50120	confirmatory::P02696
discovery::P50120	confirmatory::P09455
discovery::P50120	confirmatory::Q5RBM7
discovery::P50120	confirmatory::P82708
discovery::P50120	confirmatory::Q9EPC5
discovery::P50120	confirmatory::Q96R05
discovery::P51480	discovery::P51480
discovery::P51480	confirmatory::P55272
discovery::P51909	discovery::P51909
discovery::P51909	confirmatory::P37153
discovery::P51909	confirmatory::Q32KY0
discovery::P51909	confirmatory::Q5ECE3
discovery::P53264	discovery::P53264
discovery::P54355	discovery::P54355
discovery::P55798	discovery::P55798
discovery::P55798	confirmatory::Q8ZMH3
discovery::P55798	confirmatory::Q8ZNY9
discovery::P55798	confirmatory::P55799
discovery::P69044	discovery::P69044
discovery::P69044	confirmatory::P69043
discovery::P69044	confirmatory::P69056
discovery::P69044	confirmatory::P69057
discovery::P69044	confirmatory::P69058
discovery::P69842	discovery::P69842
discovery::P83298	discovery::P83298
discovery::P83323	discovery::P83323
discovery::P84786	discovery::P84786
discovery::P85006	discovery::P85006
discovery::P85101	discovery::P85101
discovery::P86166	discovery::P86166
discovery::P86942	discovery::P86942
discovery::P98089	discovery::P98089
discovery::P98153	discovery::P98153
discovery::P98153	confirmatory::P98154
discovery::Q00531	discovery::Q00531
discovery::Q04669	discovery::Q04669
