pfam_identifier	protein_id
CL0001	confirmatory::A0A096LNW5
CL0001	confirmatory::A4FV93
CL0001	confirmatory::A8X481
CL0001	confirmatory::B2LW77
CL0001	confirmatory::B4F785
CL0001	confirmatory::D3YXF5
CL0001	confirmatory::D3ZUK3
CL0001	confirmatory::E9Q6D8
CL0001	confirmatory::O00548
CL0001	confirmatory::O19183
CL0001	confirmatory::O43854
CL0001	confirmatory::O57409
CL0001	confirmatory::O62725
CL0001	confirmatory::O88516
CL0001	confirmatory::O88671
CL0001	confirmatory::O89103
CL0001	confirmatory::O93390
CL0001	confirmatory::P00751
CL0001	confirmatory::P04186
CL0001	confirmatory::P06681
CL0001	confirmatory::P07204
CL0001	confirmatory::P07214
CL0001	confirmatory::P07224
CL0001	confirmatory::P07357
CL0001	confirmatory::P07358
CL0001	confirmatory::P08072
CL0001	confirmatory::P0DPK3
CL0001	confirmatory::P10041
CL0001	confirmatory::P10643
CL0001	confirmatory::P13213
CL0001	confirmatory::P13671
CL0001	confirmatory::P16109
CL0001	confirmatory::P16581
CL0001	confirmatory::P16975
CL0001	confirmatory::P18337
CL0001	confirmatory::P20112
CL0001	confirmatory::P21956
CL0001	confirmatory::P23499
CL0001	confirmatory::P24054
CL0001	confirmatory::P27113
CL0001	confirmatory::P33730
CL0001	confirmatory::P35355
CL0001	confirmatory::P35443
CL0001	confirmatory::P36233
CL0001	confirmatory::P36377
CL0001	confirmatory::P36378
CL0001	confirmatory::P42201
CL0001	confirmatory::P45442
CL0001	confirmatory::P49013
CL0001	confirmatory::P49744
CL0001	confirmatory::P53813
CL0001	confirmatory::P55314
CL0001	confirmatory::P61134
CL0001	confirmatory::P70663
CL0001	confirmatory::P70682
CL0001	confirmatory::P79385
CL0001	confirmatory::P80370
CL0001	confirmatory::P81187
CL0001	confirmatory::P97677
CL0001	confirmatory::P98106
CL0001	confirmatory::P98109
CL0001	confirmatory::P98118
CL0001	confirmatory::P98131
CL0001	confirmatory::P98137
CL0001	confirmatory::Q00690
CL0001	confirmatory::Q01102
CL0001	confirmatory::Q02297
CL0001	confirmatory::Q05769
CL0001	confirmatory::Q06186
CL0001	confirmatory::Q08431
CL0001	confirmatory::Q28768
CL0001	confirmatory::Q29RQ1
CL0001	confirmatory::Q29RU4
CL0001	confirmatory::Q3SWW8
CL0001	confirmatory::Q3SYW2
CL0001	confirmatory::Q4VBE4
CL0001	confirmatory::Q501P1
CL0001	confirmatory::Q53RD9
CL0001	confirmatory::Q5R767
CL0001	confirmatory::Q5RAD0
CL0001	confirmatory::Q5W7P8
CL0001	confirmatory::Q61483
CL0001	confirmatory::Q63HQ2
CL0001	confirmatory::Q6DCQ6
CL0001	confirmatory::Q6DI48
CL0001	confirmatory::Q6EMK4
CL0001	confirmatory::Q6UY11
CL0001	confirmatory::Q70UZ7
CL0001	confirmatory::Q7Z3S9
CL0001	confirmatory::Q811M5
CL0001	confirmatory::Q863A0
CL0001	confirmatory::Q864W0
CL0001	confirmatory::Q8BH35
CL0001	confirmatory::Q8CG16
CL0001	confirmatory::Q8JZM4
CL0001	confirmatory::Q8K182
CL0001	confirmatory::Q8K1E3
CL0001	confirmatory::Q8NFT8
CL0001	confirmatory::Q8SQ74
CL0001	confirmatory::Q8UWJ4
CL0001	confirmatory::Q91V98
CL0001	confirmatory::Q95114
CL0001	confirmatory::Q95235
CL0001	confirmatory::Q95237
CL0001	confirmatory::Q95LG1
CL0001	confirmatory::Q9CZT5
CL0001	confirmatory::Q9ET61
CL0001	confirmatory::Q9GU69
CL0001	confirmatory::Q9HCU0
CL0001	confirmatory::Q9IAT6
CL0001	confirmatory::Q9NR61
CL0001	confirmatory::Q9NYJ7
CL0001	confirmatory::Q9TUQ3
CL0001	confirmatory::Q9VER6
CL0001	confirmatory::Q9W7C5
CL0001	confirmatory::Q9Z1T2
CL0001	discovery::O35474
CL0001	discovery::P98105
CL0001	discovery::Q4QXT9
CL0003	confirmatory::A4D7T3
CL0003	confirmatory::Q07DV3
CL0003	confirmatory::Q07DX6
CL0003	confirmatory::Q07DY6
CL0003	confirmatory::Q07DZ7
CL0003	confirmatory::Q07E17
CL0003	confirmatory::Q09YH1
CL0003	confirmatory::Q09YK6
CL0003	confirmatory::Q108U1
CL0003	confirmatory::Q2IBE3
CL0003	confirmatory::Q2QLC6
CL0003	confirmatory::Q2QLG0
CL0003	confirmatory::Q5XJ13
CL0003	confirmatory::Q68DC2
CL0003	confirmatory::Q6GQX6
CL0003	confirmatory::Q8WMX7
CL0003	confirmatory::Q8WWH4
CL0003	confirmatory::Q9CZK6
CL0003	discovery::P0C0T2
CL0003	discovery::Q2IBF5
CL0003	discovery::Q8WMX6
CL0004	confirmatory::A0A0P0VIP0
CL0004	confirmatory::A0ZSK3
CL0004	confirmatory::A3DBX3
CL0004	confirmatory::B4F785
CL0004	confirmatory::O22833
CL0004	confirmatory::O22834
CL0004	confirmatory::O33680
CL0004	confirmatory::P02868
CL0004	confirmatory::P04122
CL0004	confirmatory::P05088
CL0004	confirmatory::P07224
CL0004	confirmatory::P07441
CL0004	confirmatory::P07442
CL0004	confirmatory::P07443
CL0004	confirmatory::P12306
CL0004	confirmatory::P12307
CL0004	confirmatory::P12308
CL0004	confirmatory::P16350
CL0004	confirmatory::P35443
CL0004	confirmatory::P49744
CL0004	confirmatory::P53813
CL0004	confirmatory::P55915
CL0004	confirmatory::P56625
CL0004	confirmatory::P56957
CL0004	confirmatory::P98118
CL0004	confirmatory::Q3E884
CL0004	confirmatory::Q3SWW8
CL0004	confirmatory::Q4VBE4
CL0004	confirmatory::Q63HQ2
CL0004	confirmatory::Q7FK82
CL0004	confirmatory::Q7XUN6
CL0004	confirmatory::Q84C00
CL0004	confirmatory::Q96285
CL0004	confirmatory::Q9FIF0
CL0004	confirmatory::Q9FIF1
CL0004	confirmatory::Q9FJI4
CL0004	confirmatory::Q9LEA3
CL0004	confirmatory::Q9LSR8
CL0004	confirmatory::Q9LSS0
CL0004	confirmatory::Q9LZF5
CL0004	confirmatory::Q9M020
CL0004	confirmatory::Q9M1Z9
CL0004	confirmatory::Q9M3D8
CL0004	confirmatory::Q9M3E5
CL0004	confirmatory::Q9Z1T2
CL0004	confirmatory::Q9Z3Q2
CL0004	confirmatory::Q9ZW09
CL0004	discovery::P02869
CL0004	discovery::P07440
CL0004	discovery::P07444
CL0004	discovery::Q9LNN2
CL0004	discovery::Q9LSR9
CL0005	confirmatory::C0HL51
CL0005	confirmatory::D3YXF5
CL0005	confirmatory::D3ZVP0
CL0005	confirmatory::E9Q6D8
CL0005	confirmatory::O35679
CL0005	confirmatory::O93390
CL0005	confirmatory::P07214
CL0005	confirmatory::P09865
CL0005	confirmatory::P10643
CL0005	confirmatory::P13213
CL0005	confirmatory::P13671
CL0005	confirmatory::P16975
CL0005	confirmatory::P20112
CL0005	confirmatory::P22074
CL0005	confirmatory::P23499
CL0005	confirmatory::P24054
CL0005	confirmatory::P36233
CL0005	confirmatory::P36377
CL0005	confirmatory::P36378
CL0005	confirmatory::P61134
CL0005	confirmatory::P70663
CL0005	confirmatory::P80424
CL0005	confirmatory::P86987
CL0005	confirmatory::Q09TK7
CL0005	confirmatory::Q09TK9
CL0005	confirmatory::Q29RQ1
CL0005	confirmatory::Q29RU4
CL0005	confirmatory::Q3UTS8
CL0005	confirmatory::Q5R767
CL0005	confirmatory::Q5RAD0
CL0005	confirmatory::Q6IE32
CL0005	confirmatory::Q6IE46
CL0005	confirmatory::Q811M5
CL0005	confirmatory::Q8BMY7
CL0005	confirmatory::Q8CEK3
CL0005	confirmatory::Q9TUQ3
CL0010	confirmatory::O16810
CL0010	confirmatory::P54784
CL0010	confirmatory::P54789
CL0010	confirmatory::Q13415
CL0010	confirmatory::Q3TYA6
CL0010	confirmatory::Q5SMU7
CL0010	confirmatory::Q5ZIJ9
CL0010	confirmatory::Q62422
CL0010	confirmatory::Q6GNY1
CL0010	confirmatory::Q710E8
CL0010	confirmatory::Q80SY4
CL0010	confirmatory::Q80Z32
CL0010	confirmatory::Q86YT6
CL0010	confirmatory::Q8R516
CL0010	confirmatory::Q96AX9
CL0010	confirmatory::Q9SU24
CL0010	confirmatory::Q9Z1N2
CL0010	discovery::G3V8T1
CL0016	confirmatory::A0A0P0VIP0
CL0016	confirmatory::O22833
CL0016	confirmatory::O22834
CL0016	confirmatory::P39410
CL0016	confirmatory::Q05921
CL0016	confirmatory::Q24145
CL0016	confirmatory::Q3E884
CL0016	confirmatory::Q5RF15
CL0016	confirmatory::Q7FK82
CL0016	confirmatory::Q7TQP6
CL0016	confirmatory::Q7XUN6
CL0016	confirmatory::Q8NFD2
CL0016	confirmatory::Q96285
CL0016	confirmatory::Q9FIF0
CL0016	confirmatory::Q9FIF1
CL0016	confirmatory::Q9FJI4
CL0016	confirmatory::Q9LEA3
CL0016	confirmatory::Q9LSR8
CL0016	confirmatory::Q9LSS0
CL0016	confirmatory::Q9M020
CL0016	confirmatory::Q9M1Z9
CL0016	confirmatory::Q9M3D8
CL0016	confirmatory::Q9M3E5
CL0016	confirmatory::Q9ZW09
CL0016	discovery::Q9LSR9
CL0020	confirmatory::G5EBX9
CL0020	confirmatory::O14830
CL0020	confirmatory::O35385
CL0020	confirmatory::P32795
CL0020	confirmatory::P53041
CL0020	confirmatory::P53042
CL0020	confirmatory::P53043
CL0020	confirmatory::P9WPH9
CL0020	confirmatory::Q60676
CL0020	confirmatory::Q84K11
CL0020	confirmatory::Q84XU2
CL0020	confirmatory::Q9NES8
CL0021	confirmatory::E0J500
CL0021	confirmatory::O04019
CL0021	confirmatory::O17071
CL0021	confirmatory::O18413
CL0021	confirmatory::O50202
CL0021	confirmatory::O67327
CL0021	confirmatory::O75534
CL0021	confirmatory::O88685
CL0021	confirmatory::P0A1E0
CL0021	confirmatory::P0A968
CL0021	confirmatory::P0A976
CL0021	confirmatory::P0A977
CL0021	confirmatory::P0A982
CL0021	confirmatory::P0A983
CL0021	confirmatory::P0A985
CL0021	confirmatory::P0A9X9
CL0021	confirmatory::P0A9Y2
CL0021	confirmatory::P0A9Y3
CL0021	confirmatory::P0A9Y4
CL0021	confirmatory::P0A9Y5
CL0021	confirmatory::P0A9Y6
CL0021	confirmatory::P0A9Y7
CL0021	confirmatory::P0A9Y9
CL0021	confirmatory::P0A9Z0
CL0021	confirmatory::P0C0F0
CL0021	confirmatory::P0DV90
CL0021	confirmatory::P17980
CL0021	confirmatory::P18395
CL0021	confirmatory::P29174
CL0021	confirmatory::P33297
CL0021	confirmatory::P33298
CL0021	confirmatory::P35998
CL0021	confirmatory::P41018
CL0021	confirmatory::P41824
CL0021	confirmatory::P43686
CL0021	confirmatory::P46471
CL0021	confirmatory::P53549
CL0021	confirmatory::P54775
CL0021	confirmatory::P55390
CL0021	confirmatory::P57407
CL0021	confirmatory::P62191
CL0021	confirmatory::P62192
CL0021	confirmatory::P62193
CL0021	confirmatory::P62194
CL0021	confirmatory::P62196
CL0021	confirmatory::P62198
CL0021	confirmatory::P62333
CL0021	confirmatory::P62334
CL0021	confirmatory::P72191
CL0021	confirmatory::P81622
CL0021	confirmatory::P95459
CL0021	confirmatory::P9WQN5
CL0021	confirmatory::Q01939
CL0021	confirmatory::Q1RHK6
CL0021	confirmatory::Q44078
CL0021	confirmatory::Q44317
CL0021	confirmatory::Q45100
CL0021	confirmatory::Q45KJ4
CL0021	confirmatory::Q45KJ5
CL0021	confirmatory::Q45KJ6
CL0021	confirmatory::Q46664
CL0021	confirmatory::Q48493
CL0021	confirmatory::Q4UMU5
CL0021	confirmatory::Q52287
CL0021	confirmatory::Q53816
CL0021	confirmatory::Q53984
CL0021	confirmatory::Q56178
CL0021	confirmatory::Q56922
CL0021	confirmatory::Q58576
CL0021	confirmatory::Q5E9F9
CL0021	confirmatory::Q5EB47
CL0021	confirmatory::Q61CX7
CL0021	confirmatory::Q63347
CL0021	confirmatory::Q63430
CL0021	confirmatory::Q63570
CL0021	confirmatory::Q68W69
CL0021	confirmatory::Q6ZN17
CL0021	confirmatory::Q803L0
CL0021	confirmatory::Q83RI9
CL0021	confirmatory::Q8AVK2
CL0021	confirmatory::Q91W50
CL0021	confirmatory::Q91YQ3
CL0021	confirmatory::Q92GV1
CL0021	confirmatory::Q9C5U3
CL0021	confirmatory::Q9CR86
CL0021	confirmatory::Q9H9Z2
CL0021	confirmatory::Q9KN00
CL0021	confirmatory::Q9MAK9
CL0021	confirmatory::Q9SEI3
CL0021	confirmatory::Q9SL67
CL0021	confirmatory::Q9SZD4
CL0021	confirmatory::Q9VVA0
CL0021	confirmatory::Q9Y2V2
CL0021	confirmatory::Q9Y534
CL0021	confirmatory::Q9ZCP9
CL0021	discovery::P0A1D9
CL0021	discovery::P0A984
CL0021	discovery::P0A9Y0
CL0021	discovery::P0A9Y1
CL0021	discovery::P0A9Y8
CL0021	discovery::Q46051
CL0021	discovery::Q51929
CL0021	discovery::Q9SEI2
CL0022	confirmatory::Q6EMK4
CL0022	confirmatory::Q9CZT5
CL0023	confirmatory::A0A7N9VSG0
CL0023	confirmatory::A0A8I6AGW3
CL0023	confirmatory::A2VDN5
CL0023	confirmatory::A2ZVG7
CL0023	confirmatory::A6NMB9
CL0023	confirmatory::A7YSY2
CL0023	confirmatory::A8MPR5
CL0023	confirmatory::B2RYN7
CL0023	confirmatory::B3M301
CL0023	confirmatory::B3P8A3
CL0023	confirmatory::B4HGG6
CL0023	confirmatory::B4JII0
CL0023	confirmatory::B4K799
CL0023	confirmatory::B4M0H8
CL0023	confirmatory::B4NBP4
CL0023	confirmatory::B4PL32
CL0023	confirmatory::B4QSF0
CL0023	confirmatory::D0FH76
CL0023	confirmatory::D4A2B7
CL0023	confirmatory::D4GUJ7
CL0023	confirmatory::E9QEA3
CL0023	confirmatory::F3YDF1
CL0023	confirmatory::F4JEX5
CL0023	confirmatory::F4KF14
CL0023	confirmatory::J3QK54
CL0023	confirmatory::O04019
CL0023	confirmatory::O14003
CL0023	confirmatory::O15381
CL0023	confirmatory::O16299
CL0023	confirmatory::O16810
CL0023	confirmatory::O17071
CL0023	confirmatory::O18413
CL0023	confirmatory::O31147
CL0023	confirmatory::O43078
CL0023	confirmatory::O43086
CL0023	confirmatory::O44952
CL0023	confirmatory::O50202
CL0023	confirmatory::O60182
CL0023	confirmatory::O61577
CL0023	confirmatory::O64948
CL0023	confirmatory::O75351
CL0023	confirmatory::O75449
CL0023	confirmatory::O80860
CL0023	confirmatory::O80983
CL0023	confirmatory::O88685
CL0023	confirmatory::O88967
CL0023	confirmatory::O94449
CL0023	confirmatory::P03974
CL0023	confirmatory::P0A6H5
CL0023	confirmatory::P0A9M0
CL0023	confirmatory::P0AAI3
CL0023	confirmatory::P0AAZ4
CL0023	confirmatory::P10896
CL0023	confirmatory::P17980
CL0023	confirmatory::P18708
CL0023	confirmatory::P18759
CL0023	confirmatory::P25694
CL0023	confirmatory::P28737
CL0023	confirmatory::P32795
CL0023	confirmatory::P32839
CL0023	confirmatory::P33297
CL0023	confirmatory::P33298
CL0023	confirmatory::P33416
CL0023	confirmatory::P34808
CL0023	confirmatory::P35249
CL0023	confirmatory::P35250
CL0023	confirmatory::P35600
CL0023	confirmatory::P35998
CL0023	confirmatory::P37476
CL0023	confirmatory::P37945
CL0023	confirmatory::P38126
CL0023	confirmatory::P38442
CL0023	confirmatory::P38629
CL0023	confirmatory::P38630
CL0023	confirmatory::P39955
CL0023	confirmatory::P40151
CL0023	confirmatory::P40341
CL0023	confirmatory::P40348
CL0023	confirmatory::P41411
CL0023	confirmatory::P43686
CL0023	confirmatory::P46459
CL0023	confirmatory::P46460
CL0023	confirmatory::P46467
CL0023	confirmatory::P46471
CL0023	confirmatory::P49956
CL0023	confirmatory::P52917
CL0023	confirmatory::P53034
CL0023	confirmatory::P53549
CL0023	confirmatory::P54351
CL0023	confirmatory::P54609
CL0023	confirmatory::P54775
CL0023	confirmatory::P54777
CL0023	confirmatory::P54784
CL0023	confirmatory::P54789
CL0023	confirmatory::P54811
CL0023	confirmatory::P54812
CL0023	confirmatory::P62191
CL0023	confirmatory::P62192
CL0023	confirmatory::P62193
CL0023	confirmatory::P62194
CL0023	confirmatory::P62196
CL0023	confirmatory::P62198
CL0023	confirmatory::P62333
CL0023	confirmatory::P62334
CL0023	confirmatory::P93431
CL0023	confirmatory::P93655
CL0023	confirmatory::P9WPH9
CL0023	confirmatory::P9WQN3
CL0023	confirmatory::P9WQN5
CL0023	confirmatory::Q01853
CL0023	confirmatory::Q01939
CL0023	confirmatory::Q05AS3
CL0023	confirmatory::Q09803
CL0023	confirmatory::Q09843
CL0023	confirmatory::Q13415
CL0023	confirmatory::Q13608
CL0023	confirmatory::Q15645
CL0023	confirmatory::Q1PDW5
CL0023	confirmatory::Q20748
CL0023	confirmatory::Q298L4
CL0023	confirmatory::Q2KJI7
CL0023	confirmatory::Q39102
CL0023	confirmatory::Q3KRE0
CL0023	confirmatory::Q3MIB4
CL0023	confirmatory::Q3SX23
CL0023	confirmatory::Q3UA06
CL0023	confirmatory::Q3ULF4
CL0023	confirmatory::Q3ZBT1
CL0023	confirmatory::Q4R407
CL0023	confirmatory::Q505J9
CL0023	confirmatory::Q54316
CL0023	confirmatory::Q54KQ7
CL0023	confirmatory::Q55700
CL0023	confirmatory::Q58576
CL0023	confirmatory::Q59HJ6
CL0023	confirmatory::Q5AG40
CL0023	confirmatory::Q5E9F9
CL0023	confirmatory::Q5HY92
CL0023	confirmatory::Q5R658
CL0023	confirmatory::Q5RII9
CL0023	confirmatory::Q5SI82
CL0023	confirmatory::Q5SMU7
CL0023	confirmatory::Q5U3S1
CL0023	confirmatory::Q5XHZ9
CL0023	confirmatory::Q5XIK7
CL0023	confirmatory::Q5ZK92
CL0023	confirmatory::Q63347
CL0023	confirmatory::Q63570
CL0023	confirmatory::Q641W4
CL0023	confirmatory::Q67WJ2
CL0023	confirmatory::Q69UZ3
CL0023	confirmatory::Q6E0V2
CL0023	confirmatory::Q6EWX1
CL0023	confirmatory::Q6GL04
CL0023	confirmatory::Q6GX84
CL0023	confirmatory::Q6NW58
CL0023	confirmatory::Q6PIW4
CL0023	confirmatory::Q710E8
CL0023	confirmatory::Q719N1
CL0023	confirmatory::Q75JI3
CL0023	confirmatory::Q793F9
CL0023	confirmatory::Q7KN62
CL0023	confirmatory::Q7XK25
CL0023	confirmatory::Q7ZU99
CL0023	confirmatory::Q80Z32
CL0023	confirmatory::Q86WA8
CL0023	confirmatory::Q86XH1
CL0023	confirmatory::Q8BIW9
CL0023	confirmatory::Q8BPY9
CL0023	confirmatory::Q8CG07
CL0023	confirmatory::Q8CGK3
CL0023	confirmatory::Q8IYT4
CL0023	confirmatory::Q8JZQ2
CL0023	confirmatory::Q8K0T4
CL0023	confirmatory::Q8MNV0
CL0023	confirmatory::Q8NB90
CL0023	confirmatory::Q8NBU5
CL0023	confirmatory::Q8RY16
CL0023	confirmatory::Q8VEJ9
CL0023	confirmatory::Q8VZG2
CL0023	confirmatory::Q8W585
CL0023	confirmatory::Q8WVB6
CL0023	confirmatory::Q91XU0
CL0023	confirmatory::Q920A7
CL0023	confirmatory::Q925I1
CL0023	confirmatory::Q925S8
CL0023	confirmatory::Q93ZX1
CL0023	confirmatory::Q96S55
CL0023	confirmatory::Q96TA2
CL0023	confirmatory::Q99J62
CL0023	confirmatory::Q99LC9
CL0023	confirmatory::Q9BVQ7
CL0023	confirmatory::Q9BW62
CL0023	confirmatory::Q9C587
CL0023	confirmatory::Q9C5U3
CL0023	confirmatory::Q9CZP5
CL0023	confirmatory::Q9D3R6
CL0023	confirmatory::Q9D5T0
CL0023	confirmatory::Q9DBN5
CL0023	confirmatory::Q9FGM0
CL0023	confirmatory::Q9FH02
CL0023	confirmatory::Q9FIM2
CL0023	confirmatory::Q9FLD5
CL0023	confirmatory::Q9LZF6
CL0023	confirmatory::Q9M0Y8
CL0023	confirmatory::Q9M895
CL0023	confirmatory::Q9M9L7
CL0023	confirmatory::Q9M9L8
CL0023	confirmatory::Q9MAK9
CL0023	confirmatory::Q9N3T5
CL0023	confirmatory::Q9NAG4
CL0023	confirmatory::Q9NVI7
CL0023	confirmatory::Q9QUL6
CL0023	confirmatory::Q9QYY8
CL0023	confirmatory::Q9SAJ3
CL0023	confirmatory::Q9SCN8
CL0023	confirmatory::Q9SEI3
CL0023	confirmatory::Q9SEX2
CL0023	confirmatory::Q9SL67
CL0023	confirmatory::Q9SU24
CL0023	confirmatory::Q9SZD4
CL0023	confirmatory::Q9UBP0
CL0023	confirmatory::Q9UN37
CL0023	confirmatory::Q9UQ90
CL0023	confirmatory::Q9VQN8
CL0023	confirmatory::Q9WUK4
CL0023	confirmatory::Q9WV86
CL0023	confirmatory::Q9WZ49
CL0023	confirmatory::Q9Y276
CL0023	confirmatory::Q9Y4W6
CL0023	confirmatory::Q9Z1N2
CL0023	confirmatory::Q9ZNT0
CL0023	discovery::P46461
CL0023	discovery::Q3UMC0
CL0023	discovery::Q6AZT2
CL0023	discovery::Q9DBY8
CL0023	discovery::Q9SEI2
CL0028	confirmatory::A0A061B0Q2
CL0028	confirmatory::A0A075TXZ3
CL0028	confirmatory::A0A0D2H023
CL0028	confirmatory::A0A0E4AET8
CL0028	confirmatory::A0A0I9QGZ7
CL0028	confirmatory::A0A0I9RJ56
CL0028	confirmatory::A0A0U5CNN8
CL0028	confirmatory::A0A126P745
CL0028	confirmatory::A0A1E3P8S6
CL0028	confirmatory::A0A1E4S2P1
CL0028	confirmatory::A0A1E5RIW9
CL0028	confirmatory::A0A1E5RUL9
CL0028	confirmatory::A0A242M8J4
CL0028	confirmatory::A0A2Z4HPY5
CL0028	confirmatory::A0A336U965
CL0028	confirmatory::A0A443HK52
CL0028	confirmatory::A0A6F8RQ06
CL0028	confirmatory::A0KF11
CL0028	confirmatory::A1AGT6
CL0028	confirmatory::A1KP32
CL0028	confirmatory::A1TY14
CL0028	confirmatory::A1VUV0
CL0028	confirmatory::A4JIS1
CL0028	confirmatory::A5FIF5
CL0028	confirmatory::A5U815
CL0028	confirmatory::A7YN26
CL0028	confirmatory::B0SHJ0
CL0028	confirmatory::B1MFK2
CL0028	confirmatory::B1VF43
CL0028	confirmatory::B2HDS6
CL0028	confirmatory::B2I700
CL0028	confirmatory::B2I9H6
CL0028	confirmatory::B2JJW9
CL0028	confirmatory::B2JQW2
CL0028	confirmatory::B3PI89
CL0028	confirmatory::B3QM89
CL0028	confirmatory::B4F753
CL0028	confirmatory::B4SVL3
CL0028	confirmatory::B4TKT6
CL0028	confirmatory::B5BHG7
CL0028	confirmatory::B5F8M6
CL0028	confirmatory::B5FFE9
CL0028	confirmatory::B5FJT1
CL0028	confirmatory::B7J437
CL0028	confirmatory::B7NK06
CL0028	confirmatory::B7X2B6
CL0028	confirmatory::B8GZZ0
CL0028	confirmatory::B9LTF0
CL0028	confirmatory::C4XNQ9
CL0028	confirmatory::D0L1T6
CL0028	confirmatory::D2D3B6
CL0028	confirmatory::D2Z028
CL0028	confirmatory::D4ASH1
CL0028	confirmatory::D4B1N9
CL0028	confirmatory::D4Z2G1
CL0028	confirmatory::D6WMZ8
CL0028	confirmatory::F4QV02
CL0028	confirmatory::G0HQZ6
CL0028	confirmatory::G5EDL5
CL0028	confirmatory::H2KZ86
CL0028	confirmatory::H8L374
CL0028	confirmatory::I1RHF8
CL0028	confirmatory::I1RIF1
CL0028	confirmatory::I3R9Z4
CL0028	confirmatory::J3RZ81
CL0028	confirmatory::J9VIY8
CL0028	confirmatory::K0KPV8
CL0028	confirmatory::M0GNC6
CL0028	confirmatory::M0HG00
CL0028	confirmatory::O02218
CL0028	confirmatory::O07015
CL0028	confirmatory::O07732
CL0028	confirmatory::O16168
CL0028	confirmatory::O16169
CL0028	confirmatory::O16170
CL0028	confirmatory::O16172
CL0028	confirmatory::O16173
CL0028	confirmatory::O18391
CL0028	confirmatory::O22975
CL0028	confirmatory::O22977
CL0028	confirmatory::O31266
CL0028	confirmatory::O32449
CL0028	confirmatory::O46559
CL0028	confirmatory::O46647
CL0028	confirmatory::O52866
CL0028	confirmatory::O60062
CL0028	confirmatory::O68640
CL0028	confirmatory::O74430
CL0028	confirmatory::O88354
CL0028	confirmatory::O94493
CL0028	confirmatory::P02843
CL0028	confirmatory::P02844
CL0028	confirmatory::P06607
CL0028	confirmatory::P06857
CL0028	confirmatory::P07098
CL0028	confirmatory::P07099
CL0028	confirmatory::P07383
CL0028	confirmatory::P07867
CL0028	confirmatory::P08658
CL0028	confirmatory::P08910
CL0028	confirmatory::P0A3G2
CL0028	confirmatory::P0DO68
CL0028	confirmatory::P0DO69
CL0028	confirmatory::P0DUB8
CL0028	confirmatory::P0DUB9
CL0028	confirmatory::P0DXI6
CL0028	confirmatory::P10478
CL0028	confirmatory::P11150
CL0028	confirmatory::P11151
CL0028	confirmatory::P11152
CL0028	confirmatory::P11153
CL0028	confirmatory::P11602
CL0028	confirmatory::P12992
CL0028	confirmatory::P13001
CL0028	confirmatory::P15493
CL0028	confirmatory::P16854
CL0028	confirmatory::P17573
CL0028	confirmatory::P17892
CL0028	confirmatory::P18167
CL0028	confirmatory::P20261
CL0028	confirmatory::P21370
CL0028	confirmatory::P21837
CL0028	confirmatory::P22088
CL0028	confirmatory::P22394
CL0028	confirmatory::P22862
CL0028	confirmatory::P23974
CL0028	confirmatory::P25026
CL0028	confirmatory::P25725
CL0028	confirmatory::P25726
CL0028	confirmatory::P25727
CL0028	confirmatory::P26877
CL0028	confirmatory::P27587
CL0028	confirmatory::P27878
CL0028	confirmatory::P29183
CL0028	confirmatory::P29715
CL0028	confirmatory::P32750
CL0028	confirmatory::P32752
CL0028	confirmatory::P32753
CL0028	confirmatory::P32946
CL0028	confirmatory::P32947
CL0028	confirmatory::P32949
CL0028	confirmatory::P33912
CL0028	confirmatory::P34163
CL0028	confirmatory::P34914
CL0028	confirmatory::P38139
CL0028	confirmatory::P38295
CL0028	confirmatory::P38571
CL0028	confirmatory::P38796
CL0028	confirmatory::P45370
CL0028	confirmatory::P46541
CL0028	confirmatory::P46544
CL0028	confirmatory::P47229
CL0028	confirmatory::P47982
CL0028	confirmatory::P49060
CL0028	confirmatory::P49323
CL0028	confirmatory::P49923
CL0028	confirmatory::P50903
CL0028	confirmatory::P52279
CL0028	confirmatory::P52704
CL0028	confirmatory::P53208
CL0028	confirmatory::P53219
CL0028	confirmatory::P54315
CL0028	confirmatory::P54316
CL0028	confirmatory::P54317
CL0028	confirmatory::P54318
CL0028	confirmatory::P55031
CL0028	confirmatory::P57714
CL0028	confirmatory::P59336
CL0028	confirmatory::P73390
CL0028	confirmatory::P75895
CL0028	confirmatory::P77044
CL0028	confirmatory::P80035
CL0028	confirmatory::P80299
CL0028	confirmatory::P81139
CL0028	confirmatory::P81429
CL0028	confirmatory::P86325
CL0028	confirmatory::P93732
CL0028	confirmatory::P97535
CL0028	confirmatory::P9WHR2
CL0028	confirmatory::P9WHR3
CL0028	confirmatory::P9WNH4
CL0028	confirmatory::P9WNH5
CL0028	confirmatory::Q01470
CL0028	confirmatory::Q02891
CL0028	confirmatory::Q03649
CL0028	confirmatory::Q04456
CL0028	confirmatory::Q04457
CL0028	confirmatory::Q04623
CL0028	confirmatory::Q05487
CL0028	confirmatory::Q05AK6
CL0028	confirmatory::Q06000
CL0028	confirmatory::Q07646
CL0028	confirmatory::Q08662
CL0028	confirmatory::Q08DW9
CL0028	confirmatory::Q0E588
CL0028	confirmatory::Q0J0A4
CL0028	confirmatory::Q0TC55
CL0028	confirmatory::Q0V9K2
CL0028	confirmatory::Q0VC00
CL0028	confirmatory::Q12385
CL0028	confirmatory::Q17QP1
CL0028	confirmatory::Q1J115
CL0028	confirmatory::Q1JPD2
CL0028	confirmatory::Q1JU72
CL0028	confirmatory::Q1LZ86
CL0028	confirmatory::Q1R5M2
CL0028	confirmatory::Q20YI1
CL0028	confirmatory::Q24093
CL0028	confirmatory::Q29524
CL0028	confirmatory::Q2HJM9
CL0028	confirmatory::Q2IS70
CL0028	confirmatory::Q2TAP9
CL0028	confirmatory::Q32PY2
CL0028	confirmatory::Q3SZ79
CL0028	confirmatory::Q3T930
CL0028	confirmatory::Q3U4B4
CL0028	confirmatory::Q47HL4
CL0028	confirmatory::Q47M62
CL0028	confirmatory::Q48PA1
CL0028	confirmatory::Q49KF8
CL0028	confirmatory::Q4FP51
CL0028	confirmatory::Q4R2Y9
CL0028	confirmatory::Q4R4S5
CL0028	confirmatory::Q4R584
CL0028	confirmatory::Q4R766
CL0028	confirmatory::Q4R8P0
CL0028	confirmatory::Q4ZZ78
CL0028	confirmatory::Q51553
CL0028	confirmatory::Q51559
CL0028	confirmatory::Q52011
CL0028	confirmatory::Q52532
CL0028	confirmatory::Q53H76
CL0028	confirmatory::Q54528
CL0028	confirmatory::Q54809
CL0028	confirmatory::Q55217
CL0028	confirmatory::Q59324
CL0028	confirmatory::Q5AT15
CL0028	confirmatory::Q5BKQ4
CL0028	confirmatory::Q5EA59
CL0028	confirmatory::Q5EE05
CL0028	confirmatory::Q5FUF4
CL0028	confirmatory::Q5NZF6
CL0028	confirmatory::Q5PLY8
CL0028	confirmatory::Q5R6S0
CL0028	confirmatory::Q5RBI4
CL0028	confirmatory::Q5RBQ5
CL0028	confirmatory::Q5RK23
CL0028	confirmatory::Q5VXI9
CL0028	confirmatory::Q5VXJ0
CL0028	confirmatory::Q5VYY2
CL0028	confirmatory::Q5XIC4
CL0028	confirmatory::Q5XTQ4
CL0028	confirmatory::Q5ZIN0
CL0028	confirmatory::Q64194
CL0028	confirmatory::Q64424
CL0028	confirmatory::Q64425
CL0028	confirmatory::Q68KK0
CL0028	confirmatory::Q6AYT7
CL0028	confirmatory::Q6CLY8
CL0028	confirmatory::Q6DBU8
CL0028	confirmatory::Q6DRD9
CL0028	confirmatory::Q6FEQ3
CL0028	confirmatory::Q6IE26
CL0028	confirmatory::Q6MG55
CL0028	confirmatory::Q6N1G8
CL0028	confirmatory::Q6NAM1
CL0028	confirmatory::Q6P5P5
CL0028	confirmatory::Q6PE15
CL0028	confirmatory::Q6Q2C2
CL0028	confirmatory::Q6Q3H0
CL0028	confirmatory::Q6TNA6
CL0028	confirmatory::Q6XZB0
CL0028	confirmatory::Q700D5
CL0028	confirmatory::Q72R95
CL0028	confirmatory::Q73UB0
CL0028	confirmatory::Q76KX0
CL0028	confirmatory::Q7L211
CL0028	confirmatory::Q7MPY0
CL0028	confirmatory::Q7NPW5
CL0028	confirmatory::Q7SHI0
CL0028	confirmatory::Q7SY73
CL0028	confirmatory::Q7UG04
CL0028	confirmatory::Q7WES8
CL0028	confirmatory::Q802V6
CL0028	confirmatory::Q80YU0
CL0028	confirmatory::Q82SL8
CL0028	confirmatory::Q83WC8
CL0028	confirmatory::Q867X2
CL0028	confirmatory::Q867X3
CL0028	confirmatory::Q86GC9
CL0028	confirmatory::Q87BG9
CL0028	confirmatory::Q88CT3
CL0028	confirmatory::Q8BM14
CL0028	confirmatory::Q8CIV3
CL0028	confirmatory::Q8E8N6
CL0028	confirmatory::Q8FRT0
CL0028	confirmatory::Q8GHL1
CL0028	confirmatory::Q8IUS5
CL0028	confirmatory::Q8K2A6
CL0028	confirmatory::Q8K4F5
CL0028	confirmatory::Q8LFX7
CL0028	confirmatory::Q8N2K0
CL0028	confirmatory::Q8NFV4
CL0028	confirmatory::Q8NKB0
CL0028	confirmatory::Q8P6V8
CL0028	confirmatory::Q8P8L2
CL0028	confirmatory::Q8PDF3
CL0028	confirmatory::Q8R0P8
CL0028	confirmatory::Q8R164
CL0028	confirmatory::Q8R2Y0
CL0028	confirmatory::Q8TB40
CL0028	confirmatory::Q8VBX1
CL0028	confirmatory::Q8VD66
CL0028	confirmatory::Q8VI78
CL0028	confirmatory::Q8WMH2
CL0028	confirmatory::Q8WTS1
CL0028	confirmatory::Q8WU67
CL0028	confirmatory::Q91ZH7
CL0028	confirmatory::Q92035
CL0028	confirmatory::Q95000
CL0028	confirmatory::Q95001
CL0028	confirmatory::Q96I13
CL0028	confirmatory::Q96SE0
CL0028	confirmatory::Q96VC9
CL0028	confirmatory::Q988D4
CL0028	confirmatory::Q99156
CL0028	confirmatory::Q99LR1
CL0028	confirmatory::Q9AQM4
CL0028	confirmatory::Q9BV23
CL0028	confirmatory::Q9CQC8
CL0028	confirmatory::Q9DBL9
CL0028	confirmatory::Q9FZ33
CL0028	confirmatory::Q9H3Z7
CL0028	confirmatory::Q9H6B9
CL0028	confirmatory::Q9JSN0
CL0028	confirmatory::Q9LFT6
CL0028	confirmatory::Q9NUJ1
CL0028	confirmatory::Q9NZD8
CL0028	confirmatory::Q9QXM0
CL0028	confirmatory::Q9QZC8
CL0028	confirmatory::Q9RA51
CL0028	confirmatory::Q9WVG5
CL0028	confirmatory::Q9XTG1
CL0028	confirmatory::Q9Z0M5
CL0028	confirmatory::Q9Z1Q2
CL0028	confirmatory::S2L5R8
CL0028	confirmatory::W0T4A7
CL0028	confirmatory::W7MSI0
CL0028	discovery::A0A1L9X9H4
CL0028	discovery::A2S877
CL0028	discovery::A6TAC7
CL0028	discovery::O16171
CL0028	discovery::P00591
CL0028	discovery::P0CH47
CL0028	discovery::P32751
CL0028	discovery::P52278
CL0028	discovery::P53264
CL0028	discovery::Q02157
CL0028	discovery::Q13QH4
CL0028	discovery::Q5XI64
CL0028	discovery::Q5Z1C4
CL0028	discovery::Q8F4I0
CL0028	discovery::Q9EPB5
CL0030	confirmatory::A0A1D5PXA5
CL0030	confirmatory::O35119
CL0030	confirmatory::O35433
CL0030	confirmatory::P79100
CL0030	confirmatory::Q704Y3
CL0030	confirmatory::Q8NER1
CL0030	confirmatory::Q8NET8
CL0030	confirmatory::Q9ERZ8
CL0030	confirmatory::Q9H1D0
CL0030	confirmatory::Q9HBA0
CL0030	confirmatory::Q9NQA5
CL0030	confirmatory::Q9QUQ5
CL0030	confirmatory::Q9QX29
CL0030	confirmatory::Q9UL62
CL0030	discovery::Q6RX08
CL0030	discovery::Q9UBN4
CL0030	discovery::Q9XSM3
CL0033	confirmatory::O08764
CL0033	confirmatory::Q1LVW0
CL0036	confirmatory::A0JRH4
CL0036	confirmatory::A0K576
CL0036	confirmatory::A0L6F2
CL0036	confirmatory::A0QYE0
CL0036	confirmatory::A1KBB4
CL0036	confirmatory::A1KJR2
CL0036	confirmatory::A1R1C5
CL0036	confirmatory::A1SYY1
CL0036	confirmatory::A1T9N4
CL0036	confirmatory::A1TSZ6
CL0036	confirmatory::A1U4Z8
CL0036	confirmatory::A1UGT5
CL0036	confirmatory::A1V1G6
CL0036	confirmatory::A1VKW3
CL0036	confirmatory::A1WIM3
CL0036	confirmatory::A2BQW8
CL0036	confirmatory::A2C4S2
CL0036	confirmatory::A2S996
CL0036	confirmatory::A2SDJ0
CL0036	confirmatory::A3DGF8
CL0036	confirmatory::A3MMV2
CL0036	confirmatory::A3N2R4
CL0036	confirmatory::A3NCL7
CL0036	confirmatory::A3PCP1
CL0036	confirmatory::A3PL38
CL0036	confirmatory::A3Q0D5
CL0036	confirmatory::A4SY44
CL0036	confirmatory::A4TL32
CL0036	confirmatory::A4WEJ5
CL0036	confirmatory::A4WR75
CL0036	confirmatory::A4XMA9
CL0036	confirmatory::A5FAD1
CL0036	confirmatory::A5GWV7
CL0036	confirmatory::A5U3L7
CL0036	confirmatory::A5U9V6
CL0036	confirmatory::A5UH45
CL0036	confirmatory::A5W4B6
CL0036	confirmatory::A6SZ07
CL0036	confirmatory::A6U414
CL0036	confirmatory::A6UC35
CL0036	confirmatory::A6VTV8
CL0036	confirmatory::A7FFN2
CL0036	confirmatory::A7HHN1
CL0036	confirmatory::A7Z9N4
CL0036	confirmatory::A8APV0
CL0036	confirmatory::A8ESZ8
CL0036	confirmatory::A8G4K9
CL0036	confirmatory::A8L7B0
CL0036	confirmatory::A8LRS0
CL0036	confirmatory::A8Z387
CL0036	confirmatory::A9AF72
CL0036	confirmatory::A9AZE6
CL0036	confirmatory::A9BUC4
CL0036	confirmatory::A9GP84
CL0036	confirmatory::A9KJR9
CL0036	confirmatory::A9R3V0
CL0036	confirmatory::B0BRU2
CL0036	confirmatory::B0KUZ7
CL0036	confirmatory::B0TT71
CL0036	confirmatory::B1AJ73
CL0036	confirmatory::B1J815
CL0036	confirmatory::B1JR71
CL0036	confirmatory::B1JX29
CL0036	confirmatory::B1MB85
CL0036	confirmatory::B1Y3V1
CL0036	confirmatory::B1YUF9
CL0036	confirmatory::B1ZP06
CL0036	confirmatory::B2HSZ2
CL0036	confirmatory::B2IIJ1
CL0036	confirmatory::B2IT66
CL0036	confirmatory::B2KAA4
CL0036	confirmatory::B3H2L3
CL0036	confirmatory::B3PXB3
CL0036	confirmatory::B3QGK1
CL0036	confirmatory::B4ECC7
CL0036	confirmatory::B4RSX9
CL0036	confirmatory::B4UFU2
CL0036	confirmatory::B5FBC6
CL0036	confirmatory::B5XU27
CL0036	confirmatory::B5YUX3
CL0036	confirmatory::B5Z674
CL0036	confirmatory::B5ZBS9
CL0036	confirmatory::B5ZMP0
CL0036	confirmatory::B6JPH5
CL0036	confirmatory::B6YQL8
CL0036	confirmatory::B7K912
CL0036	confirmatory::B8EPU9
CL0036	confirmatory::B8HA07
CL0036	confirmatory::B8HW50
CL0036	confirmatory::B9DLY0
CL0036	confirmatory::B9J8M3
CL0036	confirmatory::B9JR81
CL0036	confirmatory::B9KK46
CL0036	confirmatory::C1AXZ2
CL0036	confirmatory::C1D5Z8
CL0036	confirmatory::C3MGI5
CL0036	confirmatory::C4LF63
CL0036	confirmatory::C5BBR6
CL0036	confirmatory::C5BUN9
CL0036	confirmatory::C5CY00
CL0036	confirmatory::O08400
CL0036	confirmatory::O54420
CL0036	confirmatory::O86508
CL0036	confirmatory::P04956
CL0036	confirmatory::P07374
CL0036	confirmatory::P0C7K7
CL0036	confirmatory::P0CB00
CL0036	confirmatory::P10477
CL0036	confirmatory::P10478
CL0036	confirmatory::P16122
CL0036	confirmatory::P17086
CL0036	confirmatory::P17901
CL0036	confirmatory::P18314
CL0036	confirmatory::P25472
CL0036	confirmatory::P26929
CL0036	confirmatory::P41020
CL0036	confirmatory::P42823
CL0036	confirmatory::P42873
CL0036	confirmatory::P42885
CL0036	confirmatory::P44391
CL0036	confirmatory::P50045
CL0036	confirmatory::P50046
CL0036	confirmatory::P50047
CL0036	confirmatory::P52313
CL0036	confirmatory::P67403
CL0036	confirmatory::P67404
CL0036	confirmatory::P67405
CL0036	confirmatory::P69996
CL0036	confirmatory::P69997
CL0036	confirmatory::P73061
CL0036	confirmatory::P77837
CL0036	confirmatory::P9WFF0
CL0036	confirmatory::P9WFF1
CL0036	confirmatory::Q03284
CL0036	confirmatory::Q03ME3
CL0036	confirmatory::Q05332
CL0036	confirmatory::Q07397
CL0036	confirmatory::Q07K73
CL0036	confirmatory::Q08716
CL0036	confirmatory::Q0BHN5
CL0036	confirmatory::Q0I656
CL0036	confirmatory::Q0KCP6
CL0036	confirmatory::Q0S4S7
CL0036	confirmatory::Q0VKY1
CL0036	confirmatory::Q117Z3
CL0036	confirmatory::Q11VN3
CL0036	confirmatory::Q133L6
CL0036	confirmatory::Q161S8
CL0036	confirmatory::Q18EB9
CL0036	confirmatory::Q1B872
CL0036	confirmatory::Q1BYH2
CL0036	confirmatory::Q1C5B3
CL0036	confirmatory::Q1CKJ9
CL0036	confirmatory::Q1CV82
CL0036	confirmatory::Q1GJP8
CL0036	confirmatory::Q1IBP0
CL0036	confirmatory::Q1MCV9
CL0036	confirmatory::Q1QC36
CL0036	confirmatory::Q1QCE0
CL0036	confirmatory::Q210F9
CL0036	confirmatory::Q21P94
CL0036	confirmatory::Q21SZ2
CL0036	confirmatory::Q2FEK3
CL0036	confirmatory::Q2G2K5
CL0036	confirmatory::Q2JES6
CL0036	confirmatory::Q2JQ88
CL0036	confirmatory::Q2JWP0
CL0036	confirmatory::Q2K517
CL0036	confirmatory::Q2SDQ1
CL0036	confirmatory::Q2SYF7
CL0036	confirmatory::Q2Y9M7
CL0036	confirmatory::Q2YQD8
CL0036	confirmatory::Q2YYQ6
CL0036	confirmatory::Q31B49
CL0036	confirmatory::Q39IW3
CL0036	confirmatory::Q3AGD0
CL0036	confirmatory::Q3AVR1
CL0036	confirmatory::Q3IH68
CL0036	confirmatory::Q3IRZ5
CL0036	confirmatory::Q3J154
CL0036	confirmatory::Q3J770
CL0036	confirmatory::Q3KIT2
CL0036	confirmatory::Q3M712
CL0036	confirmatory::Q44184
CL0036	confirmatory::Q46IY3
CL0036	confirmatory::Q47G55
CL0036	confirmatory::Q48DE6
CL0036	confirmatory::Q492E9
CL0036	confirmatory::Q4A0J5
CL0036	confirmatory::Q4KJ10
CL0036	confirmatory::Q4QN09
CL0036	confirmatory::Q4ZN06
CL0036	confirmatory::Q4ZUD2
CL0036	confirmatory::Q5FB23
CL0036	confirmatory::Q5HDR8
CL0036	confirmatory::Q5HLW1
CL0036	confirmatory::Q5KYM1
CL0036	confirmatory::Q5LSQ2
CL0036	confirmatory::Q5M607
CL0036	confirmatory::Q5YWR8
CL0036	confirmatory::Q62HS0
CL0036	confirmatory::Q63RL3
CL0036	confirmatory::Q6FD83
CL0036	confirmatory::Q6GEE4
CL0036	confirmatory::Q6N3N3
CL0036	confirmatory::Q733J6
CL0036	confirmatory::Q75ZQ5
CL0036	confirmatory::Q79VJ3
CL0036	confirmatory::Q7U3I3
CL0036	confirmatory::Q7V1B6
CL0036	confirmatory::Q7VUD3
CL0036	confirmatory::Q7W417
CL0036	confirmatory::Q826R9
CL0036	confirmatory::Q87VP0
CL0036	confirmatory::Q88J04
CL0036	confirmatory::Q89UG0
CL0036	confirmatory::Q8CNC9
CL0036	confirmatory::Q8FQX2
CL0036	confirmatory::Q8FZW2
CL0036	confirmatory::Q8G2P8
CL0036	confirmatory::Q8VTT5
CL0036	confirmatory::Q8XAG0
CL0036	confirmatory::Q8YF72
CL0036	confirmatory::Q8YHZ8
CL0036	confirmatory::Q8YQZ0
CL0036	confirmatory::Q93PJ4
CL0036	confirmatory::Q972W0
CL0036	confirmatory::Q98CY9
CL0036	confirmatory::Q9FCD3
CL0036	confirmatory::Q9HUU5
CL0036	confirmatory::Q9RYJ4
CL0036	discovery::A1B1B9
CL0036	discovery::A5IV71
CL0036	discovery::O87402
CL0036	discovery::P16218
CL0036	discovery::P94669
CL0036	discovery::Q0RQS0
CL0036	discovery::Q8XXT1
CL0036	discovery::Q93T81
CL0037	confirmatory::A7XQ02
CL0037	confirmatory::O04138
CL0037	confirmatory::O22842
CL0037	confirmatory::O24598
CL0037	confirmatory::O24603
CL0037	confirmatory::O24658
CL0037	confirmatory::P05315
CL0037	confirmatory::P06215
CL0037	confirmatory::P11955
CL0037	confirmatory::P16061
CL0037	confirmatory::P16579
CL0037	confirmatory::P24091
CL0037	confirmatory::P24626
CL0037	confirmatory::P25765
CL0037	confirmatory::P27054
CL0037	confirmatory::P29031
CL0037	confirmatory::P29032
CL0037	confirmatory::P36361
CL0037	confirmatory::P36907
CL0037	confirmatory::P51613
CL0037	confirmatory::P52403
CL0037	confirmatory::P52404
CL0037	confirmatory::P52405
CL0037	confirmatory::P52406
CL0037	confirmatory::P86473
CL0037	confirmatory::P93680
CL0037	confirmatory::Q06209
CL0037	confirmatory::Q39785
CL0037	confirmatory::Q39799
CL0037	confirmatory::Q41596
CL0037	confirmatory::Q42993
CL0037	confirmatory::Q688M5
CL0037	confirmatory::Q6K8R2
CL0037	confirmatory::Q7DNA1
CL0037	confirmatory::Q7Y1Z0
CL0037	confirmatory::Q8GUD7
CL0037	confirmatory::Q949H3
CL0037	confirmatory::Q9M2U5
CL0037	confirmatory::Q9SAY3
CL0037	confirmatory::W0IWL0
CL0037	discovery::O22841
CL0037	discovery::P11218
CL0037	discovery::Q09023
CL0041	confirmatory::C5IAW9
CL0041	confirmatory::F1LW30
CL0041	confirmatory::O08721
CL0041	confirmatory::O08722
CL0041	confirmatory::O08747
CL0041	confirmatory::O73630
CL0041	confirmatory::O95185
CL0041	confirmatory::P25799
CL0041	confirmatory::Q00653
CL0041	confirmatory::Q26261
CL0041	confirmatory::Q63369
CL0041	confirmatory::Q6F3J0
CL0041	confirmatory::Q6UXZ4
CL0041	confirmatory::Q761X5
CL0041	confirmatory::Q7T2Z5
CL0041	confirmatory::Q8IZJ1
CL0041	confirmatory::Q8JGT4
CL0041	confirmatory::Q8K1S2
CL0041	confirmatory::Q8K1S3
CL0052	confirmatory::F8S101
CL0052	confirmatory::P0DPU3
CL0054	confirmatory::O22866
CL0054	confirmatory::P26780
CL0054	confirmatory::P80301
CL0054	confirmatory::Q42328
CL0054	confirmatory::Q8RYE7
CL0054	confirmatory::Q95P89
CL0054	discovery::Q53I06
CL0056	confirmatory::A0A1S4F1Z7
CL0056	confirmatory::A4KWA1
CL0056	confirmatory::B2KG20
CL0056	confirmatory::D3ZWT9
CL0056	confirmatory::O02659
CL0056	confirmatory::O45824
CL0056	confirmatory::O46197
CL0056	confirmatory::O70156
CL0056	confirmatory::O88200
CL0056	confirmatory::O88713
CL0056	confirmatory::O89103
CL0056	confirmatory::P04979
CL0056	confirmatory::P05452
CL0056	confirmatory::P06908
CL0056	confirmatory::P07204
CL0056	confirmatory::P08427
CL0056	confirmatory::P08661
CL0056	confirmatory::P09167
CL0056	confirmatory::P11226
CL0056	confirmatory::P12842
CL0056	confirmatory::P13727
CL0056	confirmatory::P16109
CL0056	confirmatory::P16581
CL0056	confirmatory::P18337
CL0056	confirmatory::P20937
CL0056	confirmatory::P21755
CL0056	confirmatory::P21854
CL0056	confirmatory::P23805
CL0056	confirmatory::P26717
CL0056	confirmatory::P27113
CL0056	confirmatory::P27814
CL0056	confirmatory::P33730
CL0056	confirmatory::P35242
CL0056	confirmatory::P35246
CL0056	confirmatory::P35247
CL0056	confirmatory::P39039
CL0056	confirmatory::P41317
CL0056	confirmatory::P42201
CL0056	confirmatory::P43025
CL0056	confirmatory::P50403
CL0056	confirmatory::P50404
CL0056	confirmatory::P78380
CL0056	confirmatory::P79391
CL0056	confirmatory::P98106
CL0056	confirmatory::P98109
CL0056	confirmatory::P98131
CL0056	confirmatory::P98154
CL0056	confirmatory::Q00690
CL0056	confirmatory::Q01102
CL0056	confirmatory::Q07108
CL0056	confirmatory::Q07444
CL0056	confirmatory::Q0H8B9
CL0056	confirmatory::Q12918
CL0056	confirmatory::Q17QH6
CL0056	confirmatory::Q1PBC5
CL0056	confirmatory::Q28768
CL0056	confirmatory::Q2LK94
CL0056	confirmatory::Q3SXB8
CL0056	confirmatory::Q504P2
CL0056	confirmatory::Q568T5
CL0056	confirmatory::Q59DY5
CL0056	confirmatory::Q5DT37
CL0056	confirmatory::Q5DT39
CL0056	confirmatory::Q5MIZ0
CL0056	confirmatory::Q5NKN2
CL0056	confirmatory::Q5NKN4
CL0056	confirmatory::Q5QGZ9
CL0056	confirmatory::Q5U3G1
CL0056	confirmatory::Q5W7P8
CL0056	confirmatory::Q60660
CL0056	confirmatory::Q60682
CL0056	confirmatory::Q64329
CL0056	confirmatory::Q66S50
CL0056	confirmatory::Q66S61
CL0056	confirmatory::Q66S62
CL0056	confirmatory::Q66S63
CL0056	confirmatory::Q6EIG7
CL0056	confirmatory::Q6QLQ4
CL0056	confirmatory::Q6UVW9
CL0056	confirmatory::Q80ZC8
CL0056	confirmatory::Q8AYA2
CL0056	confirmatory::Q8BRU4
CL0056	confirmatory::Q8C1T8
CL0056	confirmatory::Q8CF98
CL0056	confirmatory::Q8CJC7
CL0056	confirmatory::Q8IWL1
CL0056	confirmatory::Q8IX05
CL0056	confirmatory::Q8MHY9
CL0056	confirmatory::Q8NC01
CL0056	confirmatory::Q8VD98
CL0056	confirmatory::Q8WTT0
CL0056	confirmatory::Q91V08
CL0056	confirmatory::Q91V98
CL0056	confirmatory::Q92478
CL0056	confirmatory::Q95235
CL0056	confirmatory::Q95237
CL0056	confirmatory::Q95LG1
CL0056	confirmatory::Q95MI4
CL0056	confirmatory::Q95MI5
CL0056	confirmatory::Q98TA4
CL0056	confirmatory::Q99JB4
CL0056	confirmatory::Q9BWP8
CL0056	confirmatory::Q9CXM0
CL0056	confirmatory::Q9D676
CL0056	confirmatory::Q9DCG2
CL0056	confirmatory::Q9EQ09
CL0056	confirmatory::Q9ET61
CL0056	confirmatory::Q9GLF3
CL0056	confirmatory::Q9GME8
CL0056	confirmatory::Q9H9P2
CL0056	confirmatory::Q9HCU0
CL0056	confirmatory::Q9JL95
CL0056	confirmatory::Q9MZJ3
CL0056	confirmatory::Q9MZK6
CL0056	confirmatory::Q9R007
CL0056	confirmatory::Q9TTK7
CL0056	confirmatory::Q9UMR7
CL0056	confirmatory::Q9XTA8
CL0056	confirmatory::Q9Y240
CL0056	confirmatory::Q9Y2Y8
CL0056	confirmatory::Q9Y6Z7
CL0056	discovery::P23806
CL0056	discovery::P98105
CL0056	discovery::P98153
CL0056	discovery::Q60651
CL0056	discovery::Q60652
CL0056	discovery::Q9WVF9
CL0059	confirmatory::A3DC29
CL0059	confirmatory::A3DCH1
CL0059	confirmatory::A3DD66
CL0059	confirmatory::A3DDN1
CL0059	confirmatory::A3DH67
CL0059	confirmatory::P0C2S1
CL0059	confirmatory::P0C2S4
CL0059	confirmatory::P0C2S5
CL0059	confirmatory::P26224
CL0059	confirmatory::P37698
CL0059	confirmatory::P37699
CL0059	confirmatory::P37700
CL0059	confirmatory::P37701
CL0059	confirmatory::Q6ZMU1
CL0063	confirmatory::B3PI89
CL0063	confirmatory::Q54LF0
CL0063	confirmatory::Q7UG04
CL0066	confirmatory::A0A072TH68
CL0066	confirmatory::C0HJA4
CL0066	confirmatory::G7LCV1
CL0066	confirmatory::G7LCV7
CL0066	confirmatory::O06522
CL0066	confirmatory::O24383
CL0066	confirmatory::O24384
CL0066	confirmatory::O24385
CL0066	confirmatory::O24386
CL0066	confirmatory::O24387
CL0066	confirmatory::O82711
CL0066	confirmatory::P01070
CL0066	confirmatory::P01071
CL0066	confirmatory::P07479
CL0066	confirmatory::P07596
CL0066	confirmatory::P09941
CL0066	confirmatory::P09943
CL0066	confirmatory::P10821
CL0066	confirmatory::P10965
CL0066	confirmatory::P14715
CL0066	confirmatory::P15465
CL0066	confirmatory::P16335
CL0066	confirmatory::P16347
CL0066	confirmatory::P16348
CL0066	confirmatory::P17979
CL0066	confirmatory::P20347
CL0066	confirmatory::P25272
CL0066	confirmatory::P25273
CL0066	confirmatory::P25700
CL0066	confirmatory::P30941
CL0066	confirmatory::P31608
CL0066	confirmatory::P32733
CL0066	confirmatory::P32877
CL0066	confirmatory::P34952
CL0066	confirmatory::P35812
CL0066	confirmatory::P58514
CL0066	confirmatory::P58515
CL0066	confirmatory::P58520
CL0066	confirmatory::P58521
CL0066	confirmatory::P68171
CL0066	confirmatory::P75409
CL0066	confirmatory::P80691
CL0066	confirmatory::P81365
CL0066	confirmatory::P81366
CL0066	confirmatory::P81726
CL0066	confirmatory::P83036
CL0066	confirmatory::P83051
CL0066	confirmatory::P83052
CL0066	confirmatory::P83594
CL0066	confirmatory::P83667
CL0066	confirmatory::P84881
CL0066	confirmatory::P84882
CL0066	confirmatory::P86451
CL0066	confirmatory::Q00652
CL0066	confirmatory::Q03197
CL0066	confirmatory::Q0WNE5
CL0066	confirmatory::Q41015
CL0066	confirmatory::Q41433
CL0066	confirmatory::Q41448
CL0066	confirmatory::Q41480
CL0066	confirmatory::Q41484
CL0066	confirmatory::Q43645
CL0066	confirmatory::Q43646
CL0066	confirmatory::Q46668
CL0066	confirmatory::Q9C7S6
CL0066	confirmatory::Q9M8Y9
CL0066	confirmatory::Q9RFY6
CL0066	discovery::P19247
CL0066	discovery::Q70US9
CL0072	discovery::P01552
CL0072	discovery::P06886
CL0072	discovery::Q9X5C7
CL0073	confirmatory::O73630
CL0073	confirmatory::P25799
CL0073	confirmatory::Q00653
CL0073	confirmatory::Q63369
CL0073	confirmatory::Q6F3J0
CL0075	confirmatory::D2X5W3
CL0075	confirmatory::P82140
CL0075	confirmatory::P86193
CL0075	confirmatory::Q5EPH2
CL0079	confirmatory::A0A0F7YZI5
CL0079	confirmatory::A1BN60
CL0079	confirmatory::A1BN61
CL0079	confirmatory::A5A6L1
CL0079	confirmatory::A6NKQ9
CL0079	confirmatory::A8WCC4
CL0079	confirmatory::C0K3N1
CL0079	confirmatory::D3Z5L9
CL0079	confirmatory::O13050
CL0079	confirmatory::O19113
CL0079	confirmatory::O43915
CL0079	confirmatory::O46482
CL0079	confirmatory::O46483
CL0079	confirmatory::O46641
CL0079	confirmatory::O57340
CL0079	confirmatory::O73824
CL0079	confirmatory::O77805
CL0079	confirmatory::O77835
CL0079	confirmatory::O95388
CL0079	confirmatory::O95389
CL0079	confirmatory::P01128
CL0079	confirmatory::P01222
CL0079	confirmatory::P01224
CL0079	confirmatory::P01225
CL0079	confirmatory::P01226
CL0079	confirmatory::P01227
CL0079	confirmatory::P01228
CL0079	confirmatory::P01229
CL0079	confirmatory::P01230
CL0079	confirmatory::P01231
CL0079	confirmatory::P01232
CL0079	confirmatory::P01235
CL0079	confirmatory::P04085
CL0079	confirmatory::P04651
CL0079	confirmatory::P04652
CL0079	confirmatory::P07732
CL0079	confirmatory::P0DN86
CL0079	confirmatory::P0DN87
CL0079	confirmatory::P10256
CL0079	confirmatory::P10257
CL0079	confirmatory::P12656
CL0079	confirmatory::P12919
CL0079	confirmatory::P13698
CL0079	confirmatory::P18406
CL0079	confirmatory::P18842
CL0079	confirmatory::P19336
CL0079	confirmatory::P19794
CL0079	confirmatory::P20033
CL0079	confirmatory::P25330
CL0079	confirmatory::P25430
CL0079	confirmatory::P25431
CL0079	confirmatory::P25436
CL0079	confirmatory::P27767
CL0079	confirmatory::P28576
CL0079	confirmatory::P29279
CL0079	confirmatory::P30971
CL0079	confirmatory::P30984
CL0079	confirmatory::P31240
CL0079	confirmatory::P33088
CL0079	confirmatory::P34007
CL0079	confirmatory::P37206
CL0079	confirmatory::P37240
CL0079	confirmatory::P38565
CL0079	confirmatory::P45646
CL0079	confirmatory::P45657
CL0079	confirmatory::P48252
CL0079	confirmatory::P48253
CL0079	confirmatory::P48745
CL0079	confirmatory::P49767
CL0079	confirmatory::P51500
CL0079	confirmatory::P51609
CL0079	confirmatory::P53543
CL0079	confirmatory::P54828
CL0079	confirmatory::P55816
CL0079	confirmatory::P79357
CL0079	confirmatory::P80663
CL0079	confirmatory::P80664
CL0079	confirmatory::Q1KN10
CL0079	confirmatory::Q1KN12
CL0079	confirmatory::Q1KN16
CL0079	confirmatory::Q1KN19
CL0079	confirmatory::Q1KN21
CL0079	confirmatory::Q1KN23
CL0079	confirmatory::Q1X6X8
CL0079	confirmatory::Q1X6X9
CL0079	confirmatory::Q1X6Y1
CL0079	confirmatory::Q1X6Y2
CL0079	confirmatory::Q1X6Y3
CL0079	confirmatory::Q1X6Y5
CL0079	confirmatory::Q1X6Y7
CL0079	confirmatory::Q1X6Y8
CL0079	confirmatory::Q1X6Y9
CL0079	confirmatory::Q1X6Z0
CL0079	confirmatory::Q1X6Z1
CL0079	confirmatory::Q1X6Z2
CL0079	confirmatory::Q1X6Z3
CL0079	confirmatory::Q1X6Z4
CL0079	confirmatory::Q1X700
CL0079	confirmatory::Q1X709
CL0079	confirmatory::Q1X711
CL0079	confirmatory::Q28376
CL0079	confirmatory::Q2KJ15
CL0079	confirmatory::Q2PUH2
CL0079	confirmatory::Q2Q1P1
CL0079	confirmatory::Q2Q1P2
CL0079	confirmatory::Q3HRV4
CL0079	confirmatory::Q3HXX9
CL0079	confirmatory::Q3S2X5
CL0079	confirmatory::Q52R90
CL0079	confirmatory::Q5RA73
CL0079	confirmatory::Q60687
CL0079	confirmatory::Q60HE4
CL0079	confirmatory::Q62590
CL0079	confirmatory::Q64299
CL0079	confirmatory::Q6EV78
CL0079	confirmatory::Q6IY73
CL0079	confirmatory::Q6IY74
CL0079	confirmatory::Q6NT52
CL0079	confirmatory::Q6Q7I7
CL0079	confirmatory::Q6SI68
CL0079	confirmatory::Q6U830
CL0079	confirmatory::Q6V9H4
CL0079	confirmatory::Q7ZZV4
CL0079	confirmatory::Q812B2
CL0079	confirmatory::Q86YW7
CL0079	confirmatory::Q8CI19
CL0079	confirmatory::Q8HY83
CL0079	confirmatory::Q8HY84
CL0079	confirmatory::Q8HZR9
CL0079	confirmatory::Q8WN18
CL0079	confirmatory::Q8WN19
CL0079	confirmatory::Q90225
CL0079	confirmatory::Q91120
CL0079	confirmatory::Q925I7
CL0079	confirmatory::Q95229
CL0079	confirmatory::Q95J82
CL0079	confirmatory::Q95J85
CL0079	confirmatory::Q95J88
CL0079	confirmatory::Q98849
CL0079	confirmatory::Q99PP0
CL0079	confirmatory::Q9BDI9
CL0079	confirmatory::Q9BDJ0
CL0079	confirmatory::Q9DG80
CL0079	confirmatory::Q9DG81
CL0079	confirmatory::Q9EQT1
CL0079	confirmatory::Q9EQX6
CL0079	confirmatory::Q9GZP0
CL0079	confirmatory::Q9I946
CL0079	confirmatory::Q9JK69
CL0079	confirmatory::Q9PW98
CL0079	confirmatory::Q9QYA9
CL0079	confirmatory::Q9QZQ5
CL0079	confirmatory::Q9R1E9
CL0079	confirmatory::Q9YGH2
CL0079	confirmatory::Q9YGK3
CL0079	confirmatory::W4VRX8
CL0079	discovery::P01223
CL0079	discovery::P18427
CL0079	discovery::P80071
CL0079	discovery::P98089
CL0079	discovery::Q1X703
CL0079	discovery::Q3HRV3
CL0079	discovery::Q91121
CL0079	discovery::Q9PW99
CL0083	confirmatory::B3EWQ0
CL0083	confirmatory::P0DUJ6
CL0083	confirmatory::P58923
CL0083	confirmatory::Q9FRT9
CL0084	confirmatory::A0QLI5
CL0084	confirmatory::A3UNN4
CL0084	confirmatory::B0KTG9
CL0084	confirmatory::O05442
CL0084	confirmatory::P00588
CL0084	confirmatory::P04977
CL0084	confirmatory::P15917
CL0084	confirmatory::P24419
CL0084	confirmatory::P75409
CL0084	confirmatory::Q4MV79
CL0084	confirmatory::Q7N8B1
CL0084	confirmatory::Q838U8
CL0084	confirmatory::Q93Q17
CL0088	confirmatory::J3SEZ3
CL0088	confirmatory::P06200
CL0096	confirmatory::C0HLN1
CL0096	confirmatory::P01074
CL0096	confirmatory::P07853
CL0096	confirmatory::P10291
CL0096	confirmatory::P10292
CL0096	confirmatory::P10293
CL0096	confirmatory::P10294
CL0096	confirmatory::P10295
CL0096	confirmatory::P10296
CL0096	confirmatory::P11969
CL0096	confirmatory::P17680
CL0096	confirmatory::P25849
CL0096	confirmatory::P25850
CL0096	confirmatory::P26771
CL0096	confirmatory::P30709
CL0096	confirmatory::P32041
CL0096	confirmatory::P34950
CL0096	confirmatory::P35628
CL0096	confirmatory::P82408
CL0096	confirmatory::P82409
CL0096	confirmatory::P82410
CL0096	confirmatory::P83394
CL0096	confirmatory::P83398
CL0096	confirmatory::P84451
CL0096	confirmatory::Q9S747
CL0096	confirmatory::Q9S8I2
CL0096	discovery::P11968
CL0096	discovery::P12071
CL0096	discovery::P83395
CL0096	discovery::P83396
CL0096	discovery::P84452
CL0099	confirmatory::O75891
CL0099	confirmatory::Q3SY69
CL0099	confirmatory::Q8K009
CL0104	confirmatory::O06695
CL0116	confirmatory::A2AEP0
CL0116	confirmatory::A2AJB7
CL0116	confirmatory::A2BIM8
CL0116	confirmatory::A6NFH5
CL0116	confirmatory::A6YLM6
CL0116	confirmatory::A8MUU1
CL0116	confirmatory::B3EY83
CL0116	confirmatory::B5X0G2
CL0116	confirmatory::B7SUM8
CL0116	confirmatory::C4N147
CL0116	confirmatory::F0UZ12
CL0116	confirmatory::H2B3G5
CL0116	confirmatory::M5AXY1
CL0116	confirmatory::O01814
CL0116	confirmatory::O02323
CL0116	confirmatory::O02772
CL0116	confirmatory::O02853
CL0116	confirmatory::O08716
CL0116	confirmatory::O08976
CL0116	confirmatory::O09114
CL0116	confirmatory::O13008
CL0116	confirmatory::O15540
CL0116	confirmatory::O18873
CL0116	confirmatory::O18874
CL0116	confirmatory::O42386
CL0116	confirmatory::O45035
CL0116	confirmatory::O76821
CL0116	confirmatory::O97788
CL0116	confirmatory::O97921
CL0116	confirmatory::P02689
CL0116	confirmatory::P02690
CL0116	confirmatory::P02691
CL0116	confirmatory::P02693
CL0116	confirmatory::P02694
CL0116	confirmatory::P02696
CL0116	confirmatory::P02753
CL0116	confirmatory::P02754
CL0116	confirmatory::P02755
CL0116	confirmatory::P02756
CL0116	confirmatory::P02758
CL0116	confirmatory::P02761
CL0116	confirmatory::P02762
CL0116	confirmatory::P02763
CL0116	confirmatory::P02764
CL0116	confirmatory::P04119
CL0116	confirmatory::P04916
CL0116	confirmatory::P04939
CL0116	confirmatory::P05413
CL0116	confirmatory::P06172
CL0116	confirmatory::P06910
CL0116	confirmatory::P06911
CL0116	confirmatory::P06912
CL0116	confirmatory::P07361
CL0116	confirmatory::P07380
CL0116	confirmatory::P07435
CL0116	confirmatory::P07483
CL0116	confirmatory::P08937
CL0116	confirmatory::P09455
CL0116	confirmatory::P09466
CL0116	confirmatory::P0C6G6
CL0116	confirmatory::P0DM59
CL0116	confirmatory::P11404
CL0116	confirmatory::P11589
CL0116	confirmatory::P11590
CL0116	confirmatory::P11672
CL0116	confirmatory::P11944
CL0116	confirmatory::P12104
CL0116	confirmatory::P13613
CL0116	confirmatory::P15090
CL0116	confirmatory::P15399
CL0116	confirmatory::P18902
CL0116	confirmatory::P19647
CL0116	confirmatory::P19652
CL0116	confirmatory::P20289
CL0116	confirmatory::P20462
CL0116	confirmatory::P21350
CL0116	confirmatory::P21664
CL0116	confirmatory::P21760
CL0116	confirmatory::P22057
CL0116	confirmatory::P24526
CL0116	confirmatory::P24774
CL0116	confirmatory::P24775
CL0116	confirmatory::P25227
CL0116	confirmatory::P27485
CL0116	confirmatory::P29373
CL0116	confirmatory::P29762
CL0116	confirmatory::P30152
CL0116	confirmatory::P31025
CL0116	confirmatory::P33685
CL0116	confirmatory::P33687
CL0116	confirmatory::P33688
CL0116	confirmatory::P35578
CL0116	confirmatory::P37153
CL0116	confirmatory::P40220
CL0116	confirmatory::P41244
CL0116	confirmatory::P41509
CL0116	confirmatory::P50568
CL0116	confirmatory::P51673
CL0116	confirmatory::P53715
CL0116	confirmatory::P55050
CL0116	confirmatory::P55051
CL0116	confirmatory::P55052
CL0116	confirmatory::P55053
CL0116	confirmatory::P55054
CL0116	confirmatory::P58989
CL0116	confirmatory::P62502
CL0116	confirmatory::P62964
CL0116	confirmatory::P62965
CL0116	confirmatory::P67975
CL0116	confirmatory::P67976
CL0116	confirmatory::P70623
CL0116	confirmatory::P80007
CL0116	confirmatory::P80029
CL0116	confirmatory::P80049
CL0116	confirmatory::P80188
CL0116	confirmatory::P81245
CL0116	confirmatory::P81608
CL0116	confirmatory::P82188
CL0116	confirmatory::P82708
CL0116	confirmatory::P83508
CL0116	confirmatory::P86412
CL0116	confirmatory::Q00724
CL0116	confirmatory::Q00915
CL0116	confirmatory::Q01469
CL0116	confirmatory::Q01584
CL0116	confirmatory::Q05816
CL0116	confirmatory::Q08652
CL0116	confirmatory::Q09139
CL0116	confirmatory::Q17017
CL0116	confirmatory::Q17284
CL0116	confirmatory::Q28133
CL0116	confirmatory::Q28369
CL0116	confirmatory::Q28388
CL0116	confirmatory::Q28679
CL0116	confirmatory::Q29095
CL0116	confirmatory::Q29147
CL0116	confirmatory::Q29487
CL0116	confirmatory::Q29562
CL0116	confirmatory::Q29614
CL0116	confirmatory::Q32KY0
CL0116	confirmatory::Q45KW7
CL0116	confirmatory::Q4TZH2
CL0116	confirmatory::Q56JX9
CL0116	confirmatory::Q5ECE3
CL0116	confirmatory::Q5PXY7
CL0116	confirmatory::Q5R2J5
CL0116	confirmatory::Q5RBM7
CL0116	confirmatory::Q5VFH6
CL0116	confirmatory::Q60590
CL0116	confirmatory::Q62471
CL0116	confirmatory::Q63805
CL0116	confirmatory::Q66RP5
CL0116	confirmatory::Q6JVE5
CL0116	confirmatory::Q6JVE9
CL0116	confirmatory::Q6JVL5
CL0116	confirmatory::Q6PQK2
CL0116	confirmatory::Q6UWW0
CL0116	confirmatory::Q6ZST4
CL0116	confirmatory::Q7M4G0
CL0116	confirmatory::Q7M4G1
CL0116	confirmatory::Q810Z1
CL0116	confirmatory::Q8K1H9
CL0116	confirmatory::Q8MUC1
CL0116	confirmatory::Q8VCG4
CL0116	confirmatory::Q8WNM0
CL0116	confirmatory::Q8WNM1
CL0116	confirmatory::Q8WX39
CL0116	confirmatory::Q91775
CL0116	confirmatory::Q924P3
CL0116	confirmatory::Q95182
CL0116	confirmatory::Q965W1
CL0116	confirmatory::Q96R05
CL0116	confirmatory::Q99MG7
CL0116	confirmatory::Q99P60
CL0116	confirmatory::Q99P61
CL0116	confirmatory::Q9BMK3
CL0116	confirmatory::Q9D267
CL0116	confirmatory::Q9D3H2
CL0116	confirmatory::Q9DAK4
CL0116	confirmatory::Q9EPC5
CL0116	confirmatory::Q9I9P7
CL0116	confirmatory::Q9NPH6
CL0116	confirmatory::Q9NY56
CL0116	confirmatory::Q9QXU1
CL0116	confirmatory::Q9U1G6
CL0116	confirmatory::Q9U5P1
CL0116	confirmatory::Q9UAS2
CL0116	confirmatory::Q9XS65
CL0116	confirmatory::Q9Z1I7
CL0116	confirmatory::S5ZYD3
CL0116	discovery::D1MWE7
CL0116	discovery::G3CJS0
CL0116	discovery::P06768
CL0116	discovery::P21352
CL0116	discovery::P22935
CL0116	discovery::P50120
CL0116	discovery::P51909
CL0116	discovery::Q6T499
CL0117	confirmatory::P0DP58
CL0117	confirmatory::P0DP60
CL0117	confirmatory::P0DP62
CL0117	confirmatory::Q14210
CL0117	confirmatory::Q148C3
CL0117	confirmatory::Q16553
CL0117	confirmatory::Q1RMQ4
CL0117	confirmatory::Q5IS42
CL0117	confirmatory::Q64253
CL0117	confirmatory::Q90986
CL0117	confirmatory::Q9DD23
CL0117	confirmatory::Q9Z0K7
CL0117	discovery::Q8IV16
CL0123	confirmatory::A0A437AFK1
CL0123	confirmatory::J4KNE4
CL0123	confirmatory::J4UQC2
CL0123	confirmatory::J9VG42
CL0123	confirmatory::O16810
CL0123	confirmatory::P01129
CL0123	confirmatory::P09959
CL0123	confirmatory::P33520
CL0123	confirmatory::P39678
CL0123	confirmatory::P39679
CL0123	confirmatory::P40418
CL0123	confirmatory::P41411
CL0123	confirmatory::P41412
CL0123	confirmatory::P54784
CL0123	confirmatory::Q13415
CL0123	confirmatory::Q5SMU7
CL0123	confirmatory::Q710E8
CL0123	confirmatory::Q80Z32
CL0123	confirmatory::Q9SU24
CL0123	confirmatory::Q9Z1N2
CL0124	confirmatory::A0A1S4GMJ4
CL0124	confirmatory::A0A1S4HE51
CL0124	confirmatory::O62589
CL0124	confirmatory::P00739
CL0124	confirmatory::P00751
CL0124	confirmatory::P04186
CL0124	confirmatory::P06681
CL0124	confirmatory::P06866
CL0124	confirmatory::P80015
CL0124	confirmatory::P81187
CL0124	confirmatory::Q3SYW2
CL0124	confirmatory::Q61646
CL0124	confirmatory::Q7K5M0
CL0124	confirmatory::Q863A0
CL0124	confirmatory::Q864W0
CL0124	confirmatory::Q8CG16
CL0124	confirmatory::Q8SQ74
CL0124	confirmatory::Q9DAA4
CL0124	confirmatory::Q9NAS8
CL0124	confirmatory::Q9UI38
CL0124	confirmatory::Q9VER6
CL0124	discovery::B5U2W0
CL0124	discovery::C1IBY0
CL0124	discovery::P09332
CL0124	discovery::P83298
CL0124	discovery::Q4QXT9
CL0124	discovery::Q6VPT6
CL0125	confirmatory::P0DXX9
CL0125	confirmatory::Q48R29
CL0125	confirmatory::Q54ME1
CL0126	confirmatory::A0A0N9E2K8
CL0126	confirmatory::A2ZVG7
CL0126	confirmatory::A4KX75
CL0126	confirmatory::A8MPR5
CL0126	confirmatory::C9D7R2
CL0126	confirmatory::D0EM77
CL0126	confirmatory::F3YDF1
CL0126	confirmatory::G5EBU3
CL0126	confirmatory::G5EGM1
CL0126	confirmatory::O04529
CL0126	confirmatory::O13065
CL0126	confirmatory::O18733
CL0126	confirmatory::O18767
CL0126	confirmatory::O18927
CL0126	confirmatory::O23507
CL0126	confirmatory::O35548
CL0126	confirmatory::O44836
CL0126	confirmatory::O54732
CL0126	confirmatory::O55123
CL0126	confirmatory::O55761
CL0126	confirmatory::O60882
CL0126	confirmatory::O62806
CL0126	confirmatory::O70138
CL0126	confirmatory::O75900
CL0126	confirmatory::O77656
CL0126	confirmatory::O80860
CL0126	confirmatory::O80983
CL0126	confirmatory::O88676
CL0126	confirmatory::O88766
CL0126	confirmatory::O88967
CL0126	confirmatory::O93470
CL0126	confirmatory::P03956
CL0126	confirmatory::P03957
CL0126	confirmatory::P07152
CL0126	confirmatory::P08253
CL0126	confirmatory::P08254
CL0126	confirmatory::P09237
CL0126	confirmatory::P09238
CL0126	confirmatory::P0AAI3
CL0126	confirmatory::P13943
CL0126	confirmatory::P14780
CL0126	confirmatory::P15917
CL0126	confirmatory::P21692
CL0126	confirmatory::P22757
CL0126	confirmatory::P22894
CL0126	confirmatory::P23694
CL0126	confirmatory::P24347
CL0126	confirmatory::P28053
CL0126	confirmatory::P28862
CL0126	confirmatory::P28863
CL0126	confirmatory::P29136
CL0126	confirmatory::P32795
CL0126	confirmatory::P33434
CL0126	confirmatory::P33436
CL0126	confirmatory::P37476
CL0126	confirmatory::P39900
CL0126	confirmatory::P40341
CL0126	confirmatory::P41245
CL0126	confirmatory::P45452
CL0126	confirmatory::P50280
CL0126	confirmatory::P50282
CL0126	confirmatory::P50757
CL0126	confirmatory::P51511
CL0126	confirmatory::P51512
CL0126	confirmatory::P52176
CL0126	confirmatory::P53690
CL0126	confirmatory::P57748
CL0126	confirmatory::P79227
CL0126	confirmatory::P79287
CL0126	confirmatory::P91953
CL0126	confirmatory::P9WQN3
CL0126	confirmatory::Q02853
CL0126	confirmatory::Q06VC5
CL0126	confirmatory::Q0E587
CL0126	confirmatory::Q10738
CL0126	confirmatory::Q10739
CL0126	confirmatory::Q10835
CL0126	confirmatory::Q11005
CL0126	confirmatory::Q11133
CL0126	confirmatory::Q19204
CL0126	confirmatory::Q1PDW5
CL0126	confirmatory::Q28397
CL0126	confirmatory::Q2KJI7
CL0126	confirmatory::Q2TBM7
CL0126	confirmatory::Q39102
CL0126	confirmatory::Q3ULF4
CL0126	confirmatory::Q499S5
CL0126	confirmatory::Q4MV79
CL0126	confirmatory::Q55700
CL0126	confirmatory::Q5SI82
CL0126	confirmatory::Q5W7F4
CL0126	confirmatory::Q5XF51
CL0126	confirmatory::Q63341
CL0126	confirmatory::Q67WJ2
CL0126	confirmatory::Q6Y4Q5
CL0126	confirmatory::Q8GWW6
CL0126	confirmatory::Q8JZQ2
CL0126	confirmatory::Q8K3F2
CL0126	confirmatory::Q8N119
CL0126	confirmatory::Q8W585
CL0126	confirmatory::Q90611
CL0126	confirmatory::Q90YC2
CL0126	confirmatory::Q920A7
CL0126	confirmatory::Q925S8
CL0126	confirmatory::Q95220
CL0126	confirmatory::Q96TA2
CL0126	confirmatory::Q99542
CL0126	confirmatory::Q99PW6
CL0126	confirmatory::Q9EPL5
CL0126	confirmatory::Q9ESP7
CL0126	confirmatory::Q9FGM0
CL0126	confirmatory::Q9FH02
CL0126	confirmatory::Q9FIM2
CL0126	confirmatory::Q9GLE4
CL0126	confirmatory::Q9GLE5
CL0126	confirmatory::Q9H239
CL0126	confirmatory::Q9H306
CL0126	confirmatory::Q9JHI0
CL0126	confirmatory::Q9N3T5
CL0126	confirmatory::Q9NPA2
CL0126	confirmatory::Q9NRE1
CL0126	confirmatory::Q9R001
CL0126	confirmatory::Q9R0S2
CL0126	confirmatory::Q9SAJ3
CL0126	confirmatory::Q9TT92
CL0126	confirmatory::Q9ULZ9
CL0126	confirmatory::Q9UNA0
CL0126	confirmatory::Q9UP79
CL0126	confirmatory::Q9UQ90
CL0126	confirmatory::Q9WTR0
CL0126	confirmatory::Q9WZ49
CL0126	confirmatory::Q9XSZ5
CL0126	confirmatory::Q9Y4W6
CL0126	confirmatory::Q9Y5R2
CL0126	confirmatory::Q9ZUJ5
CL0126	discovery::B5AJT2
CL0126	discovery::P34960
CL0126	discovery::P54355
CL0126	discovery::Q3U435
CL0126	discovery::Q9XT90
CL0126	discovery::U6BLN5
CL0128	confirmatory::A0A509AST0
CL0128	confirmatory::P00751
CL0128	confirmatory::P04186
CL0128	confirmatory::P06681
CL0128	confirmatory::P16893
CL0128	confirmatory::P81187
CL0128	confirmatory::Q01443
CL0128	confirmatory::Q3SYW2
CL0128	confirmatory::Q6DCQ6
CL0128	confirmatory::Q70UZ7
CL0128	confirmatory::Q863A0
CL0128	confirmatory::Q864W0
CL0128	confirmatory::Q8SQ74
CL0137	confirmatory::P34914
CL0137	confirmatory::P80299
CL0137	confirmatory::Q6Q2C2
CL0143	confirmatory::Q06K77
CL0154	confirmatory::O00548
CL0154	confirmatory::O57409
CL0154	confirmatory::O88516
CL0154	confirmatory::O88671
CL0154	confirmatory::P10041
CL0154	confirmatory::P35447
CL0154	confirmatory::P97677
CL0154	confirmatory::Q61483
CL0154	confirmatory::Q6DI48
CL0154	confirmatory::Q8UWJ4
CL0154	confirmatory::Q8VCC9
CL0154	confirmatory::Q9GLX9
CL0154	confirmatory::Q9HCB6
CL0154	confirmatory::Q9IAT6
CL0154	confirmatory::Q9NR61
CL0154	confirmatory::Q9NYJ7
CL0154	confirmatory::Q9W770
CL0158	confirmatory::A0A1L3THR9
CL0159	confirmatory::A0A0M3R8G2
CL0159	confirmatory::A3DCH1
CL0159	confirmatory::A3DDN1
CL0159	confirmatory::A5D6U8
CL0159	confirmatory::A9JQS7
CL0159	confirmatory::A9QY38
CL0159	confirmatory::A9QY39
CL0159	confirmatory::A9QY40
CL0159	confirmatory::B4F785
CL0159	confirmatory::C5IAW9
CL0159	confirmatory::C7B178
CL0159	confirmatory::D0EM77
CL0159	confirmatory::F1LW30
CL0159	confirmatory::F4HPF1
CL0159	confirmatory::F4HSQ2
CL0159	confirmatory::F4IG09
CL0159	confirmatory::F4JA91
CL0159	confirmatory::F4JJH4
CL0159	confirmatory::F4JJH5
CL0159	confirmatory::F4JXC5
CL0159	confirmatory::F4KEL0
CL0159	confirmatory::F4KGD4
CL0159	confirmatory::G7KEU7
CL0159	confirmatory::I1N462
CL0159	confirmatory::J9VDC2
CL0159	confirmatory::O08721
CL0159	confirmatory::O08722
CL0159	confirmatory::O08747
CL0159	confirmatory::O23244
CL0159	confirmatory::O23357
CL0159	confirmatory::O48840
CL0159	confirmatory::O49607
CL0159	confirmatory::O64481
CL0159	confirmatory::O64495
CL0159	confirmatory::O65351
CL0159	confirmatory::O73630
CL0159	confirmatory::O82777
CL0159	confirmatory::O95185
CL0159	confirmatory::P0C2S1
CL0159	confirmatory::P0C2S4
CL0159	confirmatory::P25799
CL0159	confirmatory::P29141
CL0159	confirmatory::P35447
CL0159	confirmatory::P54423
CL0159	confirmatory::P56957
CL0159	confirmatory::Q00653
CL0159	confirmatory::Q02297
CL0159	confirmatory::Q09131
CL0159	confirmatory::Q12546
CL0159	confirmatory::Q1HLC0
CL0159	confirmatory::Q1PDX5
CL0159	confirmatory::Q26261
CL0159	confirmatory::Q38924
CL0159	confirmatory::Q39547
CL0159	confirmatory::Q4VBE4
CL0159	confirmatory::Q501P1
CL0159	confirmatory::Q53RD9
CL0159	confirmatory::Q63369
CL0159	confirmatory::Q63HQ2
CL0159	confirmatory::Q6F3J0
CL0159	confirmatory::Q6TPH1
CL0159	confirmatory::Q6UXZ4
CL0159	confirmatory::Q6ZMU1
CL0159	confirmatory::Q6ZNF0
CL0159	confirmatory::Q761X5
CL0159	confirmatory::Q7T2Z5
CL0159	confirmatory::Q8BX37
CL0159	confirmatory::Q8GUK4
CL0159	confirmatory::Q8GWX9
CL0159	confirmatory::Q8H1R2
CL0159	confirmatory::Q8IZJ1
CL0159	confirmatory::Q8JGT4
CL0159	confirmatory::Q8K1S2
CL0159	confirmatory::Q8K1S3
CL0159	confirmatory::Q8L7D2
CL0159	confirmatory::Q8L7I2
CL0159	confirmatory::Q8VCC9
CL0159	confirmatory::Q949Y3
CL0159	confirmatory::Q9C510
CL0159	confirmatory::Q9C7U8
CL0159	confirmatory::Q9C927
CL0159	confirmatory::Q9FGU3
CL0159	confirmatory::Q9FHA4
CL0159	confirmatory::Q9FI12
CL0159	confirmatory::Q9FIF8
CL0159	confirmatory::Q9FIG1
CL0159	confirmatory::Q9FIG2
CL0159	confirmatory::Q9FIM5
CL0159	confirmatory::Q9FIM6
CL0159	confirmatory::Q9FK76
CL0159	confirmatory::Q9FLI4
CL0159	confirmatory::Q9GLX9
CL0159	confirmatory::Q9HCB6
CL0159	confirmatory::Q9LLL8
CL0159	confirmatory::Q9LMG7
CL0159	confirmatory::Q9LMX4
CL0159	confirmatory::Q9LNU1
CL0159	confirmatory::Q9LUM3
CL0159	confirmatory::Q9LVJ1
CL0159	confirmatory::Q9LX83
CL0159	confirmatory::Q9LXI7
CL0159	confirmatory::Q9MAP4
CL0159	confirmatory::Q9MAP5
CL0159	confirmatory::Q9MAP7
CL0159	confirmatory::Q9SA75
CL0159	confirmatory::Q9SE00
CL0159	confirmatory::Q9SI18
CL0159	confirmatory::Q9SIV9
CL0159	confirmatory::Q9STF7
CL0159	confirmatory::Q9SUN6
CL0159	confirmatory::Q9SVT4
CL0159	confirmatory::Q9SZV5
CL0159	confirmatory::Q9SZY2
CL0159	confirmatory::Q9W770
CL0159	confirmatory::Q9ZSB0
CL0159	confirmatory::Q9ZSB1
CL0159	confirmatory::Q9ZUF6
CL0159	discovery::Q5MAU8
CL0159	discovery::Q93WP4
CL0159	discovery::Q9RYL9
CL0159	discovery::Q9SZY3
CL0163	confirmatory::A0A509AQU3
CL0163	confirmatory::A0AB36VXQ9
CL0163	confirmatory::A3C4N5
CL0163	confirmatory::A5D6U8
CL0163	confirmatory::A6H772
CL0163	confirmatory::A7YY53
CL0163	confirmatory::A8XE00
CL0163	confirmatory::A9BJC1
CL0163	confirmatory::A9JRC7
CL0163	confirmatory::B0XUR7
CL0163	confirmatory::B1WBP0
CL0163	confirmatory::B3A0N5
CL0163	confirmatory::C4M1P9
CL0163	confirmatory::C7G3A0
CL0163	confirmatory::D4GUK0
CL0163	confirmatory::D4P095
CL0163	confirmatory::G0RYR3
CL0163	confirmatory::G5EBX9
CL0163	confirmatory::G5EGK8
CL0163	confirmatory::O00743
CL0163	confirmatory::O02658
CL0163	confirmatory::O04951
CL0163	confirmatory::O13765
CL0163	confirmatory::O14830
CL0163	confirmatory::O15442
CL0163	confirmatory::O15757
CL0163	confirmatory::O23244
CL0163	confirmatory::O31614
CL0163	confirmatory::O34870
CL0163	confirmatory::O35385
CL0163	confirmatory::O42773
CL0163	confirmatory::O48840
CL0163	confirmatory::O74789
CL0163	confirmatory::O76932
CL0163	confirmatory::O82733
CL0163	confirmatory::O82734
CL0163	confirmatory::O84467
CL0163	confirmatory::P07024
CL0163	confirmatory::P08331
CL0163	confirmatory::P09889
CL0163	confirmatory::P0AEW4
CL0163	confirmatory::P0AG76
CL0163	confirmatory::P11084
CL0163	confirmatory::P11493
CL0163	confirmatory::P11611
CL0163	confirmatory::P11612
CL0163	confirmatory::P12982
CL0163	confirmatory::P13681
CL0163	confirmatory::P13686
CL0163	confirmatory::P14747
CL0163	confirmatory::P16298
CL0163	confirmatory::P20604
CL0163	confirmatory::P20651
CL0163	confirmatory::P20654
CL0163	confirmatory::P22848
CL0163	confirmatory::P23287
CL0163	confirmatory::P23594
CL0163	confirmatory::P23595
CL0163	confirmatory::P23635
CL0163	confirmatory::P23636
CL0163	confirmatory::P23696
CL0163	confirmatory::P23880
CL0163	confirmatory::P24309
CL0163	confirmatory::P26570
CL0163	confirmatory::P29288
CL0163	confirmatory::P32598
CL0163	confirmatory::P32829
CL0163	confirmatory::P32838
CL0163	confirmatory::P32945
CL0163	confirmatory::P36614
CL0163	confirmatory::P36873
CL0163	confirmatory::P36874
CL0163	confirmatory::P40152
CL0163	confirmatory::P40421
CL0163	confirmatory::P40986
CL0163	confirmatory::P44046
CL0163	confirmatory::P44569
CL0163	confirmatory::P48452
CL0163	confirmatory::P48453
CL0163	confirmatory::P48454
CL0163	confirmatory::P48455
CL0163	confirmatory::P48456
CL0163	confirmatory::P48457
CL0163	confirmatory::P48460
CL0163	confirmatory::P48461
CL0163	confirmatory::P48462
CL0163	confirmatory::P48463
CL0163	confirmatory::P48482
CL0163	confirmatory::P48483
CL0163	confirmatory::P48484
CL0163	confirmatory::P48485
CL0163	confirmatory::P48486
CL0163	confirmatory::P48528
CL0163	confirmatory::P48529
CL0163	confirmatory::P48578
CL0163	confirmatory::P48727
CL0163	confirmatory::P49959
CL0163	confirmatory::P53041
CL0163	confirmatory::P53042
CL0163	confirmatory::P53043
CL0163	confirmatory::P55799
CL0163	confirmatory::P58242
CL0163	confirmatory::P60510
CL0163	confirmatory::P61287
CL0163	confirmatory::P61292
CL0163	confirmatory::P62136
CL0163	confirmatory::P62137
CL0163	confirmatory::P62138
CL0163	confirmatory::P62139
CL0163	confirmatory::P62140
CL0163	confirmatory::P62142
CL0163	confirmatory::P62143
CL0163	confirmatory::P62714
CL0163	confirmatory::P62715
CL0163	confirmatory::P63088
CL0163	confirmatory::P63328
CL0163	confirmatory::P63329
CL0163	confirmatory::P63330
CL0163	confirmatory::P63331
CL0163	confirmatory::P67774
CL0163	confirmatory::P67775
CL0163	confirmatory::P67776
CL0163	confirmatory::P67777
CL0163	confirmatory::P70158
CL0163	confirmatory::P78968
CL0163	confirmatory::P91420
CL0163	confirmatory::P97470
CL0163	confirmatory::P9WP64
CL0163	confirmatory::P9WP65
CL0163	confirmatory::Q04119
CL0163	confirmatory::Q04519
CL0163	confirmatory::Q05117
CL0163	confirmatory::Q05547
CL0163	confirmatory::Q05681
CL0163	confirmatory::Q05924
CL0163	confirmatory::Q07098
CL0163	confirmatory::Q07099
CL0163	confirmatory::Q07100
CL0163	confirmatory::Q08209
CL0163	confirmatory::Q09131
CL0163	confirmatory::Q09496
CL0163	confirmatory::Q0E2S4
CL0163	confirmatory::Q0G819
CL0163	confirmatory::Q0VD19
CL0163	confirmatory::Q10916
CL0163	confirmatory::Q12546
CL0163	confirmatory::Q15777
CL0163	confirmatory::Q23255
CL0163	confirmatory::Q23498
CL0163	confirmatory::Q27497
CL0163	confirmatory::Q38924
CL0163	confirmatory::Q3LIE5
CL0163	confirmatory::Q3SWW9
CL0163	confirmatory::Q3T0E7
CL0163	confirmatory::Q3ZC91
CL0163	confirmatory::Q4WM22
CL0163	confirmatory::Q4WUR1
CL0163	confirmatory::Q53F39
CL0163	confirmatory::Q54RD6
CL0163	confirmatory::Q54SR8
CL0163	confirmatory::Q55GC7
CL0163	confirmatory::Q566Y9
CL0163	confirmatory::Q5A6B6
CL0163	confirmatory::Q5BJ92
CL0163	confirmatory::Q5M886
CL0163	confirmatory::Q5R740
CL0163	confirmatory::Q60676
CL0163	confirmatory::Q60HE6
CL0163	confirmatory::Q627N3
CL0163	confirmatory::Q641Z7
CL0163	confirmatory::Q6AU07
CL0163	confirmatory::Q6GQL2
CL0163	confirmatory::Q6NVU2
CL0163	confirmatory::Q6TPH1
CL0163	confirmatory::Q6XBH1
CL0163	confirmatory::Q6ZNF0
CL0163	confirmatory::Q6ZT21
CL0163	confirmatory::Q7T291
CL0163	confirmatory::Q7T3E4
CL0163	confirmatory::Q7XQR9
CL0163	confirmatory::Q7YSW8
CL0163	confirmatory::Q80XL7
CL0163	confirmatory::Q84K11
CL0163	confirmatory::Q84LR6
CL0163	confirmatory::Q84XU2
CL0163	confirmatory::Q8BFS6
CL0163	confirmatory::Q8BX37
CL0163	confirmatory::Q8H129
CL0163	confirmatory::Q8H1R2
CL0163	confirmatory::Q8H5F8
CL0163	confirmatory::Q8I2X3
CL0163	confirmatory::Q8L774
CL0163	confirmatory::Q8L7U5
CL0163	confirmatory::Q8LSN3
CL0163	confirmatory::Q8MJ47
CL0163	confirmatory::Q8S341
CL0163	confirmatory::Q8U1N9
CL0163	confirmatory::Q8VYU7
CL0163	confirmatory::Q8WMS6
CL0163	confirmatory::Q8YLG0
CL0163	confirmatory::Q8ZMH3
CL0163	confirmatory::Q8ZNY9
CL0163	confirmatory::Q923B1
CL0163	confirmatory::Q92485
CL0163	confirmatory::Q944L7
CL0163	confirmatory::Q949Y3
CL0163	confirmatory::Q94K01
CL0163	confirmatory::Q95X35
CL0163	confirmatory::Q9BRF8
CL0163	confirmatory::Q9C291
CL0163	confirmatory::Q9C510
CL0163	confirmatory::Q9C927
CL0163	confirmatory::Q9FMK9
CL0163	confirmatory::Q9FN02
CL0163	confirmatory::Q9HDU9
CL0163	confirmatory::Q9HRW4
CL0163	confirmatory::Q9I2V0
CL0163	confirmatory::Q9IAM7
CL0163	confirmatory::Q9JIM0
CL0163	confirmatory::Q9LHE7
CL0163	confirmatory::Q9LMG7
CL0163	confirmatory::Q9LMX4
CL0163	confirmatory::Q9LR78
CL0163	confirmatory::Q9LX83
CL0163	confirmatory::Q9LXI7
CL0163	confirmatory::Q9M9W3
CL0163	confirmatory::Q9NES8
CL0163	confirmatory::Q9SB68
CL0163	confirmatory::Q9SCX8
CL0163	confirmatory::Q9SE00
CL0163	confirmatory::Q9SHS7
CL0163	confirmatory::Q9SI18
CL0163	confirmatory::Q9SIV9
CL0163	confirmatory::Q9SJF0
CL0163	confirmatory::Q9SX52
CL0163	confirmatory::Q9UAY4
CL0163	confirmatory::Q9US39
CL0163	confirmatory::Q9UVN9
CL0163	confirmatory::Q9VLR9
CL0163	confirmatory::Q9VXF1
CL0163	confirmatory::Q9W6K1
CL0163	confirmatory::Q9XGM2
CL0163	confirmatory::Q9XW79
CL0163	confirmatory::Q9Y0B7
CL0163	discovery::P05637
CL0163	discovery::P17405
CL0163	discovery::P55798
CL0163	discovery::Q27884
CL0163	discovery::Q5MAU8
CL0163	discovery::Q61216
CL0163	discovery::Q93WP4
CL0163	discovery::Q9XZE5
CL0164	confirmatory::A8WCC4
CL0164	confirmatory::P49013
CL0164	confirmatory::Q5RA73
CL0164	confirmatory::Q6V9H4
CL0164	confirmatory::Q8CG16
CL0164	confirmatory::Q8CI19
CL0164	confirmatory::Q925I7
CL0164	confirmatory::Q9EQT1
CL0164	confirmatory::Q9EQX6
CL0164	confirmatory::Q9GZP0
CL0164	confirmatory::Q9I946
CL0172	confirmatory::A0ZSK3
CL0177	confirmatory::P22297
CL0177	confirmatory::Q0VIL3
CL0177	confirmatory::Q26643
CL0177	confirmatory::Q9IBF7
CL0177	confirmatory::Q9VTZ5
CL0178	confirmatory::O31147
CL0178	confirmatory::O44952
CL0178	confirmatory::O64948
CL0178	confirmatory::P0A9M0
CL0178	confirmatory::P37945
CL0178	confirmatory::P93655
CL0178	confirmatory::Q3MIB4
CL0178	confirmatory::Q3SX23
CL0178	confirmatory::Q59HJ6
CL0178	confirmatory::Q69UZ3
CL0178	confirmatory::Q86WA8
CL0178	confirmatory::Q8CGK3
CL0178	confirmatory::Q9DBN5
CL0178	confirmatory::Q9M9L7
CL0178	confirmatory::Q9M9L8
CL0186	confirmatory::P9WF06
CL0186	confirmatory::Q8L7U5
CL0186	confirmatory::Q9LR78
CL0186	confirmatory::Q9SHS7
CL0186	confirmatory::Q9SJF0
CL0187	confirmatory::A0A0A2JH00
CL0187	confirmatory::A0A0A2JT36
CL0198	confirmatory::G0HQZ6
CL0198	confirmatory::I3R9Z4
CL0199	confirmatory::P02877
CL0199	confirmatory::P03974
CL0199	confirmatory::P09761
CL0199	confirmatory::P18708
CL0199	confirmatory::P25694
CL0199	confirmatory::P43082
CL0199	confirmatory::P46459
CL0199	confirmatory::P46460
CL0199	confirmatory::P54351
CL0199	confirmatory::P54609
CL0199	confirmatory::P54811
CL0199	confirmatory::P54812
CL0199	confirmatory::P81702
CL0199	confirmatory::Q01853
CL0199	confirmatory::Q3ZBT1
CL0199	confirmatory::Q6GL04
CL0199	confirmatory::Q7KN62
CL0199	confirmatory::Q7ZU99
CL0199	confirmatory::Q9LZF6
CL0199	confirmatory::Q9QUL6
CL0199	confirmatory::Q9SCN8
CL0199	discovery::P46461
CL0202	confirmatory::A0A044RE18
CL0202	confirmatory::A3DCH1
CL0202	confirmatory::G5ECN9
CL0202	confirmatory::I3R794
CL0202	confirmatory::O13359
CL0202	confirmatory::O17798
CL0202	confirmatory::O43854
CL0202	confirmatory::P01558
CL0202	confirmatory::P09231
CL0202	confirmatory::P09958
CL0202	confirmatory::P0C2S1
CL0202	confirmatory::P10477
CL0202	confirmatory::P10478
CL0202	confirmatory::P13134
CL0202	confirmatory::P21661
CL0202	confirmatory::P21956
CL0202	confirmatory::P23188
CL0202	confirmatory::P23377
CL0202	confirmatory::P23916
CL0202	confirmatory::P25472
CL0202	confirmatory::P28840
CL0202	confirmatory::P28841
CL0202	confirmatory::P29119
CL0202	confirmatory::P29120
CL0202	confirmatory::P29122
CL0202	confirmatory::P29145
CL0202	confirmatory::P31339
CL0202	confirmatory::P42779
CL0202	confirmatory::P42781
CL0202	confirmatory::P51559
CL0202	confirmatory::P63239
CL0202	confirmatory::P63240
CL0202	confirmatory::P79385
CL0202	confirmatory::P91863
CL0202	confirmatory::Q03333
CL0202	confirmatory::Q08431
CL0202	confirmatory::Q09175
CL0202	confirmatory::Q28193
CL0202	confirmatory::Q5REC2
CL0202	confirmatory::Q61139
CL0202	confirmatory::Q62849
CL0202	confirmatory::Q63415
CL0202	confirmatory::Q6UW60
CL0202	confirmatory::Q78EH2
CL0202	confirmatory::Q95114
CL0202	confirmatory::Q9GLR0
CL0202	confirmatory::Q9GLR1
CL0202	confirmatory::Q9L5A4
CL0202	confirmatory::Q9VBC7
CL0202	discovery::O35474
CL0202	discovery::O87906
CL0202	discovery::P16218
CL0202	discovery::P16519
CL0202	discovery::P29121
CL0202	discovery::Q45744
CL0202	discovery::Q45755
CL0202	discovery::Q9S597
CL0203	confirmatory::P26224
CL0203	confirmatory::P37700
CL0203	confirmatory::Q01866
CL0213	confirmatory::O75900
CL0213	confirmatory::O88676
CL0213	confirmatory::Q2TBM7
CL0213	discovery::A7SXG9
CL0213	discovery::P0DY41
CL0213	discovery::Q2XXP1
CL0219	confirmatory::B8BNY7
CL0220	confirmatory::A3DBX3
CL0220	confirmatory::A3DC29
CL0220	confirmatory::A3DCH1
CL0220	confirmatory::A3DD66
CL0220	confirmatory::A3DDN1
CL0220	confirmatory::A3DFA0
CL0220	confirmatory::A3DH67
CL0220	confirmatory::G5EBX9
CL0220	confirmatory::O14830
CL0220	confirmatory::O35385
CL0220	confirmatory::O93390
CL0220	confirmatory::P04956
CL0220	confirmatory::P07214
CL0220	confirmatory::P0C2S1
CL0220	confirmatory::P0C2S4
CL0220	confirmatory::P0C2S5
CL0220	confirmatory::P10477
CL0220	confirmatory::P10478
CL0220	confirmatory::P13213
CL0220	confirmatory::P15329
CL0220	confirmatory::P16975
CL0220	confirmatory::P17901
CL0220	confirmatory::P20112
CL0220	confirmatory::P23499
CL0220	confirmatory::P24054
CL0220	confirmatory::P25472
CL0220	confirmatory::P26224
CL0220	confirmatory::P36233
CL0220	confirmatory::P36377
CL0220	confirmatory::P36378
CL0220	confirmatory::P37698
CL0220	confirmatory::P37699
CL0220	confirmatory::P37700
CL0220	confirmatory::P37701
CL0220	confirmatory::P40421
CL0220	confirmatory::P70663
CL0220	confirmatory::P9WF06
CL0220	confirmatory::Q01866
CL0220	confirmatory::Q05332
CL0220	confirmatory::Q5R767
CL0220	confirmatory::Q70DK5
CL0220	confirmatory::Q71S21
CL0220	confirmatory::Q71S22
CL0220	confirmatory::Q84C00
CL0220	discovery::P16218
CL0229	confirmatory::Q4FE47
CL0229	confirmatory::Q58CQ5
CL0229	confirmatory::Q5SMU7
CL0229	confirmatory::Q5ZIJ9
CL0229	confirmatory::Q66H85
CL0229	confirmatory::Q6GNY1
CL0229	confirmatory::Q710E8
CL0229	confirmatory::Q7XI08
CL0229	confirmatory::Q80SY4
CL0229	confirmatory::Q80UU1
CL0229	confirmatory::Q86YT6
CL0229	confirmatory::Q8R516
CL0229	confirmatory::Q96AX9
CL0229	confirmatory::Q9H8Y5
CL0229	confirmatory::Q9SU24
CL0230	confirmatory::O84616
CL0239	confirmatory::C0HJI1
CL0239	confirmatory::C0HJI2
CL0239	confirmatory::C0HJI3
CL0239	confirmatory::C0HJI5
CL0239	confirmatory::C0HJI6
CL0239	confirmatory::C0HJI7
CL0239	confirmatory::C0HJI8
CL0239	confirmatory::C0HJT9
CL0239	confirmatory::C0HJU0
CL0239	confirmatory::C0HKS3
CL0239	confirmatory::C0HKS4
CL0239	confirmatory::F8WCM5
CL0239	confirmatory::O09209
CL0239	confirmatory::O09210
CL0239	confirmatory::O97937
CL0239	confirmatory::P01308
CL0239	confirmatory::P01310
CL0239	confirmatory::P01311
CL0239	confirmatory::P01313
CL0239	confirmatory::P01314
CL0239	confirmatory::P01315
CL0239	confirmatory::P01316
CL0239	confirmatory::P01317
CL0239	confirmatory::P01318
CL0239	confirmatory::P01319
CL0239	confirmatory::P01320
CL0239	confirmatory::P01322
CL0239	confirmatory::P01323
CL0239	confirmatory::P01324
CL0239	confirmatory::P01325
CL0239	confirmatory::P01326
CL0239	confirmatory::P01327
CL0239	confirmatory::P01329
CL0239	confirmatory::P01330
CL0239	confirmatory::P01331
CL0239	confirmatory::P01333
CL0239	confirmatory::P01334
CL0239	confirmatory::P01338
CL0239	confirmatory::P01339
CL0239	confirmatory::P01340
CL0239	confirmatory::P01342
CL0239	confirmatory::P01344
CL0239	confirmatory::P01346
CL0239	confirmatory::P01347
CL0239	confirmatory::P01348
CL0239	confirmatory::P04090
CL0239	confirmatory::P04667
CL0239	confirmatory::P04808
CL0239	confirmatory::P05017
CL0239	confirmatory::P06306
CL0239	confirmatory::P07453
CL0239	confirmatory::P07456
CL0239	confirmatory::P09476
CL0239	confirmatory::P09477
CL0239	confirmatory::P09535
CL0239	confirmatory::P0C236
CL0239	confirmatory::P0DRI0
CL0239	confirmatory::P0DRI2
CL0239	confirmatory::P12704
CL0239	confirmatory::P12705
CL0239	confirmatory::P12706
CL0239	confirmatory::P12708
CL0239	confirmatory::P13190
CL0239	confirmatory::P15131
CL0239	confirmatory::P15411
CL0239	confirmatory::P16501
CL0239	confirmatory::P17085
CL0239	confirmatory::P17647
CL0239	confirmatory::P17715
CL0239	confirmatory::P18109
CL0239	confirmatory::P19884
CL0239	confirmatory::P21808
CL0239	confirmatory::P22334
CL0239	confirmatory::P22618
CL0239	confirmatory::P22969
CL0239	confirmatory::P26726
CL0239	confirmatory::P26727
CL0239	confirmatory::P26728
CL0239	confirmatory::P26729
CL0239	confirmatory::P26730
CL0239	confirmatory::P26733
CL0239	confirmatory::P26734
CL0239	confirmatory::P26735
CL0239	confirmatory::P26736
CL0239	confirmatory::P26737
CL0239	confirmatory::P26738
CL0239	confirmatory::P26739
CL0239	confirmatory::P26740
CL0239	confirmatory::P26741
CL0239	confirmatory::P26743
CL0239	confirmatory::P29335
CL0239	confirmatory::P29519
CL0239	confirmatory::P30406
CL0239	confirmatory::P30407
CL0239	confirmatory::P30410
CL0239	confirmatory::P33717
CL0239	confirmatory::P33718
CL0239	confirmatory::P33719
CL0239	confirmatory::P33720
CL0239	confirmatory::P33721
CL0239	confirmatory::P33722
CL0239	confirmatory::P41522
CL0239	confirmatory::P41694
CL0239	confirmatory::P42633
CL0239	confirmatory::P47932
CL0239	confirmatory::P51454
CL0239	confirmatory::P51455
CL0239	confirmatory::P51459
CL0239	confirmatory::P51460
CL0239	confirmatory::P67968
CL0239	confirmatory::P67969
CL0239	confirmatory::P67970
CL0239	confirmatory::P67971
CL0239	confirmatory::P67972
CL0239	confirmatory::P67974
CL0239	confirmatory::P68243
CL0239	confirmatory::P68245
CL0239	confirmatory::P68987
CL0239	confirmatory::P68989
CL0239	confirmatory::P68990
CL0239	confirmatory::P68991
CL0239	confirmatory::P68992
CL0239	confirmatory::P69048
CL0239	confirmatory::P81191
CL0239	confirmatory::P81423
CL0239	confirmatory::P83770
CL0239	confirmatory::P84775
CL0239	confirmatory::P91797
CL0239	confirmatory::P91896
CL0239	confirmatory::Q02815
CL0239	confirmatory::Q08279
CL0239	confirmatory::Q17194
CL0239	confirmatory::Q28933
CL0239	confirmatory::Q32L79
CL0239	confirmatory::Q5CZK3
CL0239	confirmatory::Q5CZK5
CL0239	confirmatory::Q62587
CL0239	confirmatory::Q64171
CL0239	confirmatory::Q6GUL6
CL0239	confirmatory::Q6X7V3
CL0239	confirmatory::Q6YK33
CL0239	confirmatory::Q7KUD5
CL0239	confirmatory::Q8BFS3
CL0239	confirmatory::Q8HXV2
CL0239	confirmatory::Q8HY17
CL0239	confirmatory::Q8WXF3
CL0239	confirmatory::Q90325
CL0239	confirmatory::Q90WX8
CL0239	confirmatory::Q9MYK8
CL0239	confirmatory::Q9QY05
CL0239	confirmatory::Q9TQY7
CL0239	confirmatory::Q9TRM8
CL0239	confirmatory::Q9VT50
CL0239	confirmatory::Q9VT51
CL0239	confirmatory::Q9VT53
CL0239	confirmatory::Q9W7R2
CL0239	confirmatory::Q9WUK0
CL0239	confirmatory::Q9WV41
CL0239	confirmatory::Q9Y581
CL0239	confirmatory::Q9Y5Q6
CL0239	discovery::C0HJI4
CL0239	discovery::C0HKS5
CL0239	discovery::P01321
CL0239	discovery::P01336
CL0239	discovery::P12703
CL0239	discovery::P69046
CL0239	discovery::Q17192
CL0239	discovery::Q9VT52
CL0244	confirmatory::A0A0N9E2K8
CL0244	confirmatory::G5EGM1
CL0244	confirmatory::O04529
CL0244	confirmatory::O13065
CL0244	confirmatory::O18767
CL0244	confirmatory::O18927
CL0244	confirmatory::O23507
CL0244	confirmatory::O35548
CL0244	confirmatory::O54732
CL0244	confirmatory::O55123
CL0244	confirmatory::O60882
CL0244	confirmatory::O62806
CL0244	confirmatory::O70138
CL0244	confirmatory::O77656
CL0244	confirmatory::O88766
CL0244	confirmatory::O93470
CL0244	confirmatory::P03956
CL0244	confirmatory::P03957
CL0244	confirmatory::P07152
CL0244	confirmatory::P08254
CL0244	confirmatory::P09237
CL0244	confirmatory::P09238
CL0244	confirmatory::P13943
CL0244	confirmatory::P21692
CL0244	confirmatory::P22757
CL0244	confirmatory::P22894
CL0244	confirmatory::P28053
CL0244	confirmatory::P28862
CL0244	confirmatory::P28863
CL0244	confirmatory::P29136
CL0244	confirmatory::P39900
CL0244	confirmatory::P45452
CL0244	confirmatory::P50280
CL0244	confirmatory::P50757
CL0244	confirmatory::P51511
CL0244	confirmatory::P51512
CL0244	confirmatory::P52176
CL0244	confirmatory::P53690
CL0244	confirmatory::P57748
CL0244	confirmatory::P79227
CL0244	confirmatory::P79287
CL0244	confirmatory::P91953
CL0244	confirmatory::Q10738
CL0244	confirmatory::Q10739
CL0244	confirmatory::Q10835
CL0244	confirmatory::Q28397
CL0244	confirmatory::Q5XF51
CL0244	confirmatory::Q63341
CL0244	confirmatory::Q6Y4Q5
CL0244	confirmatory::Q8GWW6
CL0244	confirmatory::Q8K3F2
CL0244	confirmatory::Q8N119
CL0244	confirmatory::Q90611
CL0244	confirmatory::Q90YC2
CL0244	confirmatory::Q95220
CL0244	confirmatory::Q99542
CL0244	confirmatory::Q99PW6
CL0244	confirmatory::Q9EPL5
CL0244	confirmatory::Q9GLE4
CL0244	confirmatory::Q9GLE5
CL0244	confirmatory::Q9H239
CL0244	confirmatory::Q9H306
CL0244	confirmatory::Q9JHI0
CL0244	confirmatory::Q9NPA2
CL0244	confirmatory::Q9R0S2
CL0244	confirmatory::Q9ULZ9
CL0244	confirmatory::Q9WTR0
CL0244	confirmatory::Q9XSZ5
CL0244	confirmatory::Q9Y5R2
CL0244	confirmatory::Q9ZUJ5
CL0244	discovery::P34960
CL0244	discovery::Q3U435
CL0244	discovery::Q9XT90
CL0251	confirmatory::P96723
CL0263	confirmatory::E0TU96
CL0263	confirmatory::J3SEZ3
CL0263	confirmatory::O34330
CL0263	confirmatory::Q5WPS9
CL0264	confirmatory::P10477
CL0264	confirmatory::P15329
CL0264	confirmatory::Q99289
CL0267	confirmatory::Q58CQ5
CL0267	confirmatory::Q66H85
CL0267	confirmatory::Q80UU1
CL0267	confirmatory::Q9H8Y5
CL0268	confirmatory::Q1JPL7
CL0268	confirmatory::Q44492
CL0268	confirmatory::Q44493
CL0268	confirmatory::Q44495
CL0268	confirmatory::Q9ZFH0
CL0271	confirmatory::Q83730
CL0271	confirmatory::Q8QN36
CL0276	confirmatory::O07732
CL0293	confirmatory::D3YXF5
CL0293	confirmatory::E9Q6D8
CL0293	confirmatory::P02748
CL0293	confirmatory::P06683
CL0293	confirmatory::P07357
CL0293	confirmatory::P07358
CL0293	confirmatory::P0DQO9
CL0293	confirmatory::P10643
CL0293	confirmatory::P13671
CL0293	confirmatory::P28031
CL0293	confirmatory::P48747
CL0293	confirmatory::P55314
CL0293	confirmatory::P58911
CL0293	confirmatory::P61134
CL0293	confirmatory::P98137
CL0293	confirmatory::Q29RQ1
CL0293	confirmatory::Q29RU4
CL0293	confirmatory::Q53957
CL0293	confirmatory::Q5RAD0
CL0293	confirmatory::Q811M5
CL0293	confirmatory::Q8BH35
CL0293	confirmatory::Q8K182
CL0293	confirmatory::Q939T0
CL0293	confirmatory::Q9TUQ3
CL0293	discovery::A0A8B6XDS4
CL0306	confirmatory::Q6P1H6
CL0306	confirmatory::Q7TP65
CL0314	confirmatory::A0A336U965
CL0314	confirmatory::B2HIL6
CL0314	confirmatory::C0LTL9
CL0314	confirmatory::I1S2J4
CL0314	confirmatory::J3KAS2
CL0314	confirmatory::O34163
CL0314	confirmatory::O75891
CL0314	confirmatory::P0ADI4
CL0314	confirmatory::P0DY36
CL0314	confirmatory::P9WQ61
CL0314	confirmatory::Q3SY69
CL0314	confirmatory::Q52400
CL0314	confirmatory::Q6TNA5
CL0314	confirmatory::Q7TXK7
CL0314	confirmatory::Q8K009
CL0314	confirmatory::Q9FGJ4
CL0314	confirmatory::Q9VDC6
CL0320	confirmatory::A0A0K0IP23
CL0320	confirmatory::A0A1S3PBB7
CL0320	confirmatory::A0A3S6I186
CL0320	confirmatory::A0A5C1J0Z8
CL0320	confirmatory::A0A6B9KZ52
CL0320	confirmatory::A0A6B9L8T7
CL0320	confirmatory::B2Z449
CL0320	confirmatory::B2Z450
CL0320	confirmatory::B7PKZ1
CL0320	confirmatory::B7PKZ2
CL0320	confirmatory::E3P6N9
CL0320	confirmatory::G5ECM9
CL0320	confirmatory::G5EDZ9
CL0320	confirmatory::J3RYX9
CL0320	confirmatory::J7FQE8
CL0320	confirmatory::O08677
CL0320	confirmatory::O19092
CL0320	confirmatory::O19093
CL0320	confirmatory::O60676
CL0320	confirmatory::O70159
CL0320	confirmatory::O76096
CL0320	confirmatory::O88969
CL0320	confirmatory::O89098
CL0320	confirmatory::O97862
CL0320	confirmatory::P01034
CL0320	confirmatory::P01036
CL0320	confirmatory::P01037
CL0320	confirmatory::P01038
CL0320	confirmatory::P01039
CL0320	confirmatory::P01042
CL0320	confirmatory::P01044
CL0320	confirmatory::P01045
CL0320	confirmatory::P01048
CL0320	confirmatory::P02765
CL0320	confirmatory::P04080
CL0320	confirmatory::P04196
CL0320	confirmatory::P08932
CL0320	confirmatory::P08934
CL0320	confirmatory::P08935
CL0320	confirmatory::P09228
CL0320	confirmatory::P12763
CL0320	confirmatory::P19313
CL0320	confirmatory::P21460
CL0320	confirmatory::P24090
CL0320	confirmatory::P25973
CL0320	confirmatory::P28325
CL0320	confirmatory::P29695
CL0320	confirmatory::P29699
CL0320	confirmatory::P29700
CL0320	confirmatory::P29701
CL0320	confirmatory::P31727
CL0320	confirmatory::P32766
CL0320	confirmatory::P35173
CL0320	confirmatory::P35174
CL0320	confirmatory::P35175
CL0320	confirmatory::P35479
CL0320	confirmatory::P35481
CL0320	confirmatory::P56567
CL0320	confirmatory::P60575
CL0320	confirmatory::P60576
CL0320	confirmatory::P80191
CL0320	confirmatory::P80416
CL0320	confirmatory::P80736
CL0320	confirmatory::P81061
CL0320	confirmatory::P81714
CL0320	confirmatory::P90698
CL0320	confirmatory::P97515
CL0320	confirmatory::Q03196
CL0320	confirmatory::Q10994
CL0320	confirmatory::Q28640
CL0320	confirmatory::Q28986
CL0320	confirmatory::Q28987
CL0320	confirmatory::Q28988
CL0320	confirmatory::Q29290
CL0320	confirmatory::Q29RH0
CL0320	confirmatory::Q2NKZ5
CL0320	confirmatory::Q2XXN5
CL0320	confirmatory::Q32KQ9
CL0320	confirmatory::Q58D62
CL0320	confirmatory::Q5KQS1
CL0320	confirmatory::Q5KQS2
CL0320	confirmatory::Q5KQS3
CL0320	confirmatory::Q5KQS4
CL0320	confirmatory::Q5KQS5
CL0320	confirmatory::Q5R1U3
CL0320	confirmatory::Q5W188
CL0320	confirmatory::Q62426
CL0320	confirmatory::Q65YR7
CL0320	confirmatory::Q65YR8
CL0320	confirmatory::Q6T6T4
CL0320	confirmatory::Q76LA0
CL0320	confirmatory::Q7M429
CL0320	confirmatory::Q80Y72
CL0320	confirmatory::Q80ZN5
CL0320	confirmatory::Q862Z5
CL0320	confirmatory::Q8I030
CL0320	confirmatory::Q8K5A3
CL0320	confirmatory::Q8LC76
CL0320	confirmatory::Q8MVB6
CL0320	confirmatory::Q8VIH8
CL0320	confirmatory::Q8VII2
CL0320	confirmatory::Q8VII3
CL0320	confirmatory::Q8WNR9
CL0320	confirmatory::Q9DAN8
CL0320	confirmatory::Q9DGI0
CL0320	confirmatory::Q9H112
CL0320	confirmatory::Q9H114
CL0320	confirmatory::Q9H4G1
CL0320	confirmatory::Q9JM84
CL0320	confirmatory::Q9N2D0
CL0320	confirmatory::Q9QX79
CL0320	confirmatory::Q9QXC1
CL0320	confirmatory::Q9UGM5
CL0320	confirmatory::Q9Z0H6
CL0320	confirmatory::V5H924
CL0320	discovery::A0A224AHH8
CL0320	discovery::P14841
CL0320	discovery::P25417
CL0320	discovery::P35478
CL0321	confirmatory::J3RZ81
CL0321	confirmatory::O46559
CL0321	confirmatory::O46647
CL0321	confirmatory::O88354
CL0321	confirmatory::P06857
CL0321	confirmatory::P07867
CL0321	confirmatory::P11150
CL0321	confirmatory::P11151
CL0321	confirmatory::P11152
CL0321	confirmatory::P11153
CL0321	confirmatory::P11602
CL0321	confirmatory::P17892
CL0321	confirmatory::P29183
CL0321	confirmatory::P49060
CL0321	confirmatory::P49923
CL0321	confirmatory::P50903
CL0321	confirmatory::P54315
CL0321	confirmatory::P54316
CL0321	confirmatory::P54317
CL0321	confirmatory::P54318
CL0321	confirmatory::P55031
CL0321	confirmatory::P59026
CL0321	confirmatory::P81139
CL0321	confirmatory::Q06000
CL0321	confirmatory::Q29524
CL0321	confirmatory::Q3SZ79
CL0321	confirmatory::Q5BKQ4
CL0321	confirmatory::Q64424
CL0321	confirmatory::Q64425
CL0321	confirmatory::Q8VBX1
CL0321	confirmatory::Q93LQ6
CL0321	confirmatory::Q9WVG5
CL0321	discovery::P00591
CL0321	discovery::Q02157
CL0323	confirmatory::O60733
CL0329	confirmatory::O31147
CL0329	confirmatory::O44952
CL0329	confirmatory::O64948
CL0329	confirmatory::P0A9M0
CL0329	confirmatory::P37945
CL0329	confirmatory::P93655
CL0329	confirmatory::Q3MIB4
CL0329	confirmatory::Q3SX23
CL0329	confirmatory::Q59HJ6
CL0329	confirmatory::Q69UZ3
CL0329	confirmatory::Q86WA8
CL0329	confirmatory::Q8CGK3
CL0329	confirmatory::Q9DBN5
CL0329	confirmatory::Q9M9L7
CL0329	confirmatory::Q9M9L8
CL0333	confirmatory::P10410
CL0345	confirmatory::P09167
CL0345	confirmatory::P14608
CL0345	confirmatory::Q1I8U1
CL0345	confirmatory::Q45729
CL0352	confirmatory::E0TU96
CL0352	confirmatory::O34330
CL0352	confirmatory::P42296
CL0352	discovery::Q813X6
CL0353	confirmatory::Q6ZMM2
CL0361	confirmatory::Q8CG07
CL0361	confirmatory::Q91XU0
CL0361	confirmatory::Q96S55
CL0364	confirmatory::A0A0M3R8G2
CL0364	confirmatory::A9JQS7
CL0364	confirmatory::A9QY38
CL0364	confirmatory::A9QY39
CL0364	confirmatory::A9QY40
CL0364	confirmatory::F4HPF1
CL0364	confirmatory::F4JA91
CL0364	confirmatory::F4JXC5
CL0364	confirmatory::F4KEL0
CL0364	confirmatory::G7KEU7
CL0364	confirmatory::I1N462
CL0364	confirmatory::J9VDC2
CL0364	confirmatory::O49607
CL0364	confirmatory::O64481
CL0364	confirmatory::O64495
CL0364	confirmatory::O65351
CL0364	confirmatory::P29141
CL0364	confirmatory::Q9FK76
CL0364	confirmatory::Q9FLI4
CL0364	confirmatory::Q9LUM3
CL0364	confirmatory::Q9LVJ1
CL0364	confirmatory::Q9MAP7
CL0364	confirmatory::Q9STF7
CL0364	confirmatory::Q9ZUF6
CL0364	discovery::Q9SZY3
CL0368	confirmatory::P59026
CL0378	confirmatory::A0A336U965
CL0378	confirmatory::B2HIL6
CL0378	confirmatory::C0LTL9
CL0378	confirmatory::I1S2J4
CL0378	confirmatory::J3KAS2
CL0378	confirmatory::P9WQ61
CL0378	confirmatory::Q52400
CL0378	confirmatory::Q6TNA5
CL0378	confirmatory::Q7TXK7
CL0378	confirmatory::Q9VDC6
CL0402	confirmatory::P03974
CL0402	confirmatory::P18708
CL0402	confirmatory::P18759
CL0402	confirmatory::P25694
CL0402	confirmatory::P46459
CL0402	confirmatory::P46460
CL0402	confirmatory::P54351
CL0402	confirmatory::P54609
CL0402	confirmatory::P54811
CL0402	confirmatory::P54812
CL0402	confirmatory::Q01853
CL0402	confirmatory::Q3ZBT1
CL0402	confirmatory::Q6GL04
CL0402	confirmatory::Q75JI3
CL0402	confirmatory::Q7KN62
CL0402	confirmatory::Q7ZU99
CL0402	confirmatory::Q9LZF6
CL0402	confirmatory::Q9M0Y8
CL0402	confirmatory::Q9QUL6
CL0402	confirmatory::Q9SCN8
CL0422	confirmatory::A0A8J8
CL0422	confirmatory::A2AV25
CL0422	confirmatory::D8VNS9
CL0422	confirmatory::E9PV24
CL0422	confirmatory::O08538
CL0422	confirmatory::O15123
CL0422	confirmatory::O18920
CL0422	confirmatory::O35460
CL0422	confirmatory::O35462
CL0422	confirmatory::O43827
CL0422	confirmatory::O77802
CL0422	confirmatory::O88310
CL0422	confirmatory::O95841
CL0422	confirmatory::P02671
CL0422	confirmatory::P02676
CL0422	confirmatory::P02678
CL0422	confirmatory::P02679
CL0422	confirmatory::P04115
CL0422	confirmatory::P06399
CL0422	confirmatory::P12799
CL0422	confirmatory::P12804
CL0422	confirmatory::P14448
CL0422	confirmatory::P14480
CL0422	confirmatory::P17634
CL0422	confirmatory::P19477
CL0422	confirmatory::P21520
CL0422	confirmatory::P33573
CL0422	confirmatory::P55083
CL0422	confirmatory::P55918
CL0422	confirmatory::P85031
CL0422	confirmatory::P86239
CL0422	confirmatory::Q02020
CL0422	confirmatory::Q08830
CL0422	confirmatory::Q0P4P2
CL0422	confirmatory::Q14314
CL0422	confirmatory::Q15389
CL0422	confirmatory::Q1RMR1
CL0422	confirmatory::Q24K15
CL0422	confirmatory::Q2KJ51
CL0422	confirmatory::Q2TNK5
CL0422	confirmatory::Q3SZZ7
CL0422	confirmatory::Q5EA66
CL0422	confirmatory::Q5M8C6
CL0422	confirmatory::Q5PPM0
CL0422	confirmatory::Q60FC1
CL0422	confirmatory::Q640P2
CL0422	confirmatory::Q6AX44
CL0422	confirmatory::Q6TMA8
CL0422	confirmatory::Q71KU9
CL0422	confirmatory::Q80ZA0
CL0422	confirmatory::Q86XS5
CL0422	confirmatory::Q8K0E8
CL0422	confirmatory::Q8N539
CL0422	confirmatory::Q8NI99
CL0422	confirmatory::Q8R0Z6
CL0422	confirmatory::Q8R1Q3
CL0422	confirmatory::Q8VCM7
CL0422	confirmatory::Q95LU3
CL0422	confirmatory::Q9BDY7
CL0422	confirmatory::Q9BDY8
CL0422	confirmatory::Q9BY76
CL0422	confirmatory::Q9D1H9
CL0422	confirmatory::Q9R045
CL0422	confirmatory::Q9U8W7
CL0422	confirmatory::Q9U8W8
CL0422	confirmatory::Q9WVH6
CL0422	confirmatory::Q9Y264
CL0422	confirmatory::Q9Z1P8
CL0422	discovery::O35608
CL0422	discovery::Q5XK91
CL0451	confirmatory::A5A6L1
CL0451	confirmatory::O19113
CL0451	confirmatory::O95388
CL0451	confirmatory::P18406
CL0451	confirmatory::P19336
CL0451	confirmatory::P29279
CL0451	confirmatory::P48745
CL0451	confirmatory::P51609
CL0451	confirmatory::Q64299
CL0451	confirmatory::Q99PP0
CL0451	confirmatory::Q9QZQ5
CL0451	confirmatory::Q9R1E9
CL0459	confirmatory::O60182
CL0459	confirmatory::P35600
CL0459	confirmatory::P38630
CL0459	confirmatory::Q9C587
CL0465	confirmatory::A0A1D5PXA5
CL0465	confirmatory::A0A437AFK1
CL0465	confirmatory::A4D7T3
CL0465	confirmatory::A7E2S9
CL0465	confirmatory::A7MB89
CL0465	confirmatory::A8MXQ7
CL0465	confirmatory::C7B178
CL0465	confirmatory::E9PTT0
CL0465	confirmatory::J4KNE4
CL0465	confirmatory::J4UQC2
CL0465	confirmatory::J9VG42
CL0465	confirmatory::O08764
CL0465	confirmatory::O14593
CL0465	confirmatory::O35119
CL0465	confirmatory::O35433
CL0465	confirmatory::O60733
CL0465	confirmatory::O73630
CL0465	confirmatory::O74205
CL0465	confirmatory::O75832
CL0465	confirmatory::P01129
CL0465	confirmatory::P09959
CL0465	confirmatory::P0DJE5
CL0465	confirmatory::P14356
CL0465	confirmatory::P20749
CL0465	confirmatory::P25799
CL0465	confirmatory::P33520
CL0465	confirmatory::P39678
CL0465	confirmatory::P39679
CL0465	confirmatory::P40418
CL0465	confirmatory::P41412
CL0465	confirmatory::P50086
CL0465	confirmatory::P55272
CL0465	confirmatory::P79100
CL0465	confirmatory::P81069
CL0465	confirmatory::Q00653
CL0465	confirmatory::Q03017
CL0465	confirmatory::Q04749
CL0465	confirmatory::Q05921
CL0465	confirmatory::Q06547
CL0465	confirmatory::Q07DV3
CL0465	confirmatory::Q07DX6
CL0465	confirmatory::Q07DY6
CL0465	confirmatory::Q07DZ7
CL0465	confirmatory::Q07E17
CL0465	confirmatory::Q09701
CL0465	confirmatory::Q09YH1
CL0465	confirmatory::Q09YK6
CL0465	confirmatory::Q0JJ01
CL0465	confirmatory::Q108U1
CL0465	confirmatory::Q15653
CL0465	confirmatory::Q1LVW0
CL0465	confirmatory::Q1LZC5
CL0465	confirmatory::Q1LZH7
CL0465	confirmatory::Q1RMI3
CL0465	confirmatory::Q24145
CL0465	confirmatory::Q29RV0
CL0465	confirmatory::Q2IBE3
CL0465	confirmatory::Q2KI79
CL0465	confirmatory::Q2QLC6
CL0465	confirmatory::Q2QLG0
CL0465	confirmatory::Q337A0
CL0465	confirmatory::Q3KP44
CL0465	confirmatory::Q3SX45
CL0465	confirmatory::Q3TYA6
CL0465	confirmatory::Q3V0J4
CL0465	confirmatory::Q495B1
CL0465	confirmatory::Q4FE47
CL0465	confirmatory::Q4JHE0
CL0465	confirmatory::Q4UJ75
CL0465	confirmatory::Q4V890
CL0465	confirmatory::Q54LF0
CL0465	confirmatory::Q554E7
CL0465	confirmatory::Q566C8
CL0465	confirmatory::Q58CQ5
CL0465	confirmatory::Q5RF15
CL0465	confirmatory::Q5U2S6
CL0465	confirmatory::Q5U312
CL0465	confirmatory::Q5XJ13
CL0465	confirmatory::Q5ZIJ9
CL0465	confirmatory::Q5ZM55
CL0465	confirmatory::Q60773
CL0465	confirmatory::Q60778
CL0465	confirmatory::Q62422
CL0465	confirmatory::Q63369
CL0465	confirmatory::Q63ZY3
CL0465	confirmatory::Q65XV2
CL0465	confirmatory::Q66H85
CL0465	confirmatory::Q68DC2
CL0465	confirmatory::Q69ZU8
CL0465	confirmatory::Q6C520
CL0465	confirmatory::Q6F3J0
CL0465	confirmatory::Q6GNY1
CL0465	confirmatory::Q6GPE5
CL0465	confirmatory::Q6GQX6
CL0465	confirmatory::Q6NLQ8
CL0465	confirmatory::Q6NXT1
CL0465	confirmatory::Q6P1H6
CL0465	confirmatory::Q704Y3
CL0465	confirmatory::Q70X92
CL0465	confirmatory::Q71S21
CL0465	confirmatory::Q71S22
CL0465	confirmatory::Q76U48
CL0465	confirmatory::Q7TP65
CL0465	confirmatory::Q7TQP6
CL0465	confirmatory::Q7XI08
CL0465	confirmatory::Q80SY4
CL0465	confirmatory::Q80UU1
CL0465	confirmatory::Q80VM7
CL0465	confirmatory::Q83730
CL0465	confirmatory::Q86SG2
CL0465	confirmatory::Q86YT6
CL0465	confirmatory::Q8BX02
CL0465	confirmatory::Q8C0T1
CL0465	confirmatory::Q8CEF1
CL0465	confirmatory::Q8GYH5
CL0465	confirmatory::Q8IVF6
CL0465	confirmatory::Q8K0L0
CL0465	confirmatory::Q8N6D5
CL0465	confirmatory::Q8NER1
CL0465	confirmatory::Q8NET8
CL0465	confirmatory::Q8NFD2
CL0465	confirmatory::Q8QN36
CL0465	confirmatory::Q8R516
CL0465	confirmatory::Q8T2Q0
CL0465	confirmatory::Q8UVC1
CL0465	confirmatory::Q8VE42
CL0465	confirmatory::Q8VHA6
CL0465	confirmatory::Q8VHS6
CL0465	confirmatory::Q8WMX7
CL0465	confirmatory::Q8WVL7
CL0465	confirmatory::Q8WWH4
CL0465	confirmatory::Q8WXI3
CL0465	confirmatory::Q91974
CL0465	confirmatory::Q91WK7
CL0465	confirmatory::Q91ZT8
CL0465	confirmatory::Q94B55
CL0465	confirmatory::Q96AX9
CL0465	confirmatory::Q96JP0
CL0465	confirmatory::Q96NS5
CL0465	confirmatory::Q9BSK4
CL0465	confirmatory::Q9CQ31
CL0465	confirmatory::Q9CZK6
CL0465	confirmatory::Q9EP71
CL0465	confirmatory::Q9ERZ8
CL0465	confirmatory::Q9FNP4
CL0465	confirmatory::Q9GZV1
CL0465	confirmatory::Q9H1D0
CL0465	confirmatory::Q9H8Y5
CL0465	confirmatory::Q9H9E1
CL0465	confirmatory::Q9HBA0
CL0465	confirmatory::Q9JIA3
CL0465	confirmatory::Q9NQA5
CL0465	confirmatory::Q9NXR5
CL0465	confirmatory::Q9P0K7
CL0465	confirmatory::Q9QUQ5
CL0465	confirmatory::Q9QX29
CL0465	confirmatory::Q9UK73
CL0465	confirmatory::Q9UL62
CL0465	confirmatory::Q9VFD5
CL0465	confirmatory::Q9VUW9
CL0465	confirmatory::Q9WV72
CL0465	confirmatory::Q9WV74
CL0465	confirmatory::Q9Y2G4
CL0465	confirmatory::Q9Y575
CL0465	confirmatory::Q9Z205
CL0465	confirmatory::Q9Z2F6
CL0465	confirmatory::Q9Z2G0
CL0465	confirmatory::Q9Z2G1
CL0465	confirmatory::Q9Z2X2
CL0465	confirmatory::Q9Z2X3
CL0465	confirmatory::S0DPL8
CL0465	discovery::G3V8T1
CL0465	discovery::P0C0T2
CL0465	discovery::P51480
CL0465	discovery::Q2IBF5
CL0465	discovery::Q6RX08
CL0465	discovery::Q8WMX6
CL0465	discovery::Q9UBN4
CL0465	discovery::Q9XSM3
CL0479	confirmatory::Q75WF2
CL0482	confirmatory::A0A0B4JDK1
CL0482	confirmatory::A0A0K3AVY3
CL0482	confirmatory::A0A158V755
CL0482	confirmatory::A0A158V976
CL0482	confirmatory::A0A2J6KL39
CL0482	confirmatory::A0AT28
CL0482	confirmatory::A0AT29
CL0482	confirmatory::A0AT30
CL0482	confirmatory::A0AT31
CL0482	confirmatory::A0AT32
CL0482	confirmatory::A0AT33
CL0482	confirmatory::A2XBN5
CL0482	confirmatory::A2XMB2
CL0482	confirmatory::A2ZAT0
CL0482	confirmatory::C0HJH5
CL0482	confirmatory::C0HLP9
CL0482	confirmatory::C0HLT8
CL0482	confirmatory::C0HM61
CL0482	confirmatory::E6Y8S8
CL0482	confirmatory::E9NX73
CL0482	confirmatory::F5B8X0
CL0482	confirmatory::O04004
CL0482	confirmatory::O04403
CL0482	confirmatory::O04404
CL0482	confirmatory::O23758
CL0482	confirmatory::O23810
CL0482	confirmatory::O24037
CL0482	confirmatory::O24038
CL0482	confirmatory::O24356
CL0482	confirmatory::O24418
CL0482	confirmatory::O65888
CL0482	confirmatory::P01084
CL0482	confirmatory::P01086
CL0482	confirmatory::P01087
CL0482	confirmatory::P01088
CL0482	confirmatory::P01089
CL0482	confirmatory::P01090
CL0482	confirmatory::P01091
CL0482	confirmatory::P04403
CL0482	confirmatory::P04726
CL0482	confirmatory::P09893
CL0482	confirmatory::P0C088
CL0482	confirmatory::P0C8Y8
CL0482	confirmatory::P10973
CL0482	confirmatory::P10975
CL0482	confirmatory::P10976
CL0482	confirmatory::P11643
CL0482	confirmatory::P13691
CL0482	confirmatory::P15322
CL0482	confirmatory::P15458
CL0482	confirmatory::P15459
CL0482	confirmatory::P15460
CL0482	confirmatory::P15461
CL0482	confirmatory::P16159
CL0482	confirmatory::P16851
CL0482	confirmatory::P16969
CL0482	confirmatory::P17314
CL0482	confirmatory::P19656
CL0482	confirmatory::P20145
CL0482	confirmatory::P23110
CL0482	confirmatory::P23802
CL0482	confirmatory::P24296
CL0482	confirmatory::P24565
CL0482	confirmatory::P25307
CL0482	confirmatory::P26913
CL0482	confirmatory::P26986
CL0482	confirmatory::P27056
CL0482	confirmatory::P27631
CL0482	confirmatory::P27740
CL0482	confirmatory::P28041
CL0482	confirmatory::P29420
CL0482	confirmatory::P30233
CL0482	confirmatory::P32936
CL0482	confirmatory::P38057
CL0482	confirmatory::P43217
CL0482	confirmatory::P55958
CL0482	confirmatory::P80208
CL0482	confirmatory::P80273
CL0482	confirmatory::P80351
CL0482	confirmatory::P80352
CL0482	confirmatory::P80353
CL0482	confirmatory::P80450
CL0482	confirmatory::P81367
CL0482	confirmatory::P81368
CL0482	confirmatory::P81402
CL0482	confirmatory::P82007
CL0482	confirmatory::P82353
CL0482	confirmatory::P82900
CL0482	confirmatory::P82901
CL0482	confirmatory::P83167
CL0482	confirmatory::P83207
CL0482	confirmatory::P83434
CL0482	confirmatory::P83506
CL0482	confirmatory::P85105
CL0482	confirmatory::P85204
CL0482	confirmatory::P85206
CL0482	confirmatory::P85894
CL0482	confirmatory::P86137
CL0482	confirmatory::P86527
CL0482	confirmatory::P86809
CL0482	confirmatory::P93198
CL0482	confirmatory::P93224
CL0482	confirmatory::Q01881
CL0482	confirmatory::Q01882
CL0482	confirmatory::Q01883
CL0482	confirmatory::Q03461
CL0482	confirmatory::Q05772
CL0482	confirmatory::Q0DN94
CL0482	confirmatory::Q0IQK9
CL0482	confirmatory::Q10ST8
CL0482	confirmatory::Q2QYL2
CL0482	confirmatory::Q2QYL3
CL0482	confirmatory::Q2V3C1
CL0482	confirmatory::Q39649
CL0482	confirmatory::Q39794
CL0482	confirmatory::Q39950
CL0482	confirmatory::Q40189
CL0482	confirmatory::Q40190
CL0482	confirmatory::Q41073
CL0482	confirmatory::Q41258
CL0482	confirmatory::Q42589
CL0482	confirmatory::Q42614
CL0482	confirmatory::Q42615
CL0482	confirmatory::Q42616
CL0482	confirmatory::Q42641
CL0482	confirmatory::Q42642
CL0482	confirmatory::Q42762
CL0482	confirmatory::Q42842
CL0482	confirmatory::Q42952
CL0482	confirmatory::Q43017
CL0482	confirmatory::Q43019
CL0482	confirmatory::Q43119
CL0482	confirmatory::Q43129
CL0482	confirmatory::Q43193
CL0482	confirmatory::Q43194
CL0482	confirmatory::Q43304
CL0482	confirmatory::Q43495
CL0482	confirmatory::Q43533
CL0482	confirmatory::Q43534
CL0482	confirmatory::Q43681
CL0482	confirmatory::Q43691
CL0482	confirmatory::Q43723
CL0482	confirmatory::Q43748
CL0482	confirmatory::Q43766
CL0482	confirmatory::Q43871
CL0482	confirmatory::Q43875
CL0482	confirmatory::Q647G9
CL0482	confirmatory::Q6AWW0
CL0482	confirmatory::Q6ZFW0
CL0482	confirmatory::Q7X8H9
CL0482	confirmatory::Q84N29
CL0482	confirmatory::Q8H4L8
CL0482	confirmatory::Q9ATH2
CL0482	confirmatory::Q9FH31
CL0482	confirmatory::Q9LDB4
CL0482	confirmatory::Q9LLR6
CL0482	confirmatory::Q9LLR7
CL0482	confirmatory::Q9LZV9
CL0482	confirmatory::Q9M4E3
CL0482	confirmatory::Q9M5X6
CL0482	confirmatory::Q9M5X7
CL0482	confirmatory::Q9M5X8
CL0482	confirmatory::Q9S7I3
CL0482	confirmatory::Q9SW93
CL0482	confirmatory::Q9XFS7
CL0482	confirmatory::Q9XHP1
CL0482	confirmatory::Q9ZPW9
CL0482	confirmatory::Q9ZUK6
CL0482	discovery::A0A7G2A2Z3
CL0482	discovery::B3A0N2
CL0482	discovery::C0HLG2
CL0482	discovery::P01085
CL0482	discovery::P07597
CL0482	discovery::P16850
CL0482	discovery::Q7X7E6
CL0482	discovery::Q9SCZ0
CL0500	confirmatory::B0KTG9
CL0511	confirmatory::Q45KJ4
CL0511	confirmatory::Q45KJ5
CL0511	confirmatory::Q45KJ6
CL0511	confirmatory::Q5EB47
CL0511	confirmatory::Q61CX7
CL0511	confirmatory::Q6ZN17
CL0511	confirmatory::Q803L0
CL0511	confirmatory::Q8AVK2
CL0511	confirmatory::Q9H9Z2
CL0530	confirmatory::Q2FWP1
CL0530	confirmatory::Q8Z6A7
CL0531	confirmatory::B2HIL6
CL0531	confirmatory::P9WQ61
CL0531	confirmatory::Q52400
CL0531	confirmatory::Q6TNA5
CL0531	confirmatory::Q7TXK7
CL0541	confirmatory::Q24145
CL0547	confirmatory::A5A6L1
CL0547	confirmatory::D3Z5L9
CL0547	confirmatory::O19113
CL0547	confirmatory::O95388
CL0547	confirmatory::O95389
CL0547	confirmatory::P18406
CL0547	confirmatory::P19336
CL0547	confirmatory::P29122
CL0547	confirmatory::P29279
CL0547	confirmatory::P48745
CL0547	confirmatory::P51609
CL0547	confirmatory::Q63415
CL0547	confirmatory::Q64299
CL0547	confirmatory::Q99PP0
CL0547	confirmatory::Q9QZQ5
CL0547	confirmatory::Q9R1E9
CL0547	confirmatory::Q9Z132
CL0561	confirmatory::Q8IYT4
CL0561	confirmatory::Q9D3R6
CL0568	discovery::O87906
CL0568	discovery::P09545
CL0568	discovery::Q45744
CL0568	discovery::Q45755
CL0568	discovery::Q9S597
CL0570	confirmatory::A0A044RE18
CL0570	confirmatory::A0A0M3R8G2
CL0570	confirmatory::A1CIA7
CL0570	confirmatory::A8T644
CL0570	confirmatory::A8T662
CL0570	confirmatory::A8T666
CL0570	confirmatory::A8T677
CL0570	confirmatory::A8T682
CL0570	confirmatory::A8T688
CL0570	confirmatory::A8T6A1
CL0570	confirmatory::A8T6A6
CL0570	confirmatory::A9JQS7
CL0570	confirmatory::A9QY38
CL0570	confirmatory::A9QY39
CL0570	confirmatory::A9QY40
CL0570	confirmatory::B0Y473
CL0570	confirmatory::B0Y708
CL0570	confirmatory::B6VA84
CL0570	confirmatory::B6VA85
CL0570	confirmatory::B6VA86
CL0570	confirmatory::B6VA87
CL0570	confirmatory::B8N106
CL0570	confirmatory::B8XGQ6
CL0570	confirmatory::C5FII2
CL0570	confirmatory::C5FMY5
CL0570	confirmatory::C5FRX4
CL0570	confirmatory::C5FTQ5
CL0570	confirmatory::C5FX37
CL0570	confirmatory::C5FZ39
CL0570	confirmatory::C5P4Z8
CL0570	confirmatory::C5P6D1
CL0570	confirmatory::C5P6L5
CL0570	confirmatory::D4AIK6
CL0570	confirmatory::D4AKU9
CL0570	confirmatory::D4APE3
CL0570	confirmatory::D4AQG0
CL0570	confirmatory::D4B194
CL0570	confirmatory::D4B5N1
CL0570	confirmatory::D4CZ60
CL0570	confirmatory::D4CZQ4
CL0570	confirmatory::D4D0F5
CL0570	confirmatory::D4D674
CL0570	confirmatory::D4D9U2
CL0570	confirmatory::D4DBH6
CL0570	confirmatory::D4DIW9
CL0570	confirmatory::D4DLI5
CL0570	confirmatory::E4UWA4
CL0570	confirmatory::E4UY04
CL0570	confirmatory::E4V4J8
CL0570	confirmatory::F4HPF1
CL0570	confirmatory::F4HSQ2
CL0570	confirmatory::F4IG09
CL0570	confirmatory::F4JA91
CL0570	confirmatory::F4JJH4
CL0570	confirmatory::F4JJH5
CL0570	confirmatory::F4JXC5
CL0570	confirmatory::F4KEL0
CL0570	confirmatory::F4KGD4
CL0570	confirmatory::F8W2M8
CL0570	confirmatory::G3FNQ9
CL0570	confirmatory::G5ECN9
CL0570	confirmatory::G7KEU7
CL0570	confirmatory::I1N462
CL0570	confirmatory::L8FSM5
CL0570	confirmatory::L8GD75
CL0570	confirmatory::O14773
CL0570	confirmatory::O17798
CL0570	confirmatory::O23357
CL0570	confirmatory::O49607
CL0570	confirmatory::O64481
CL0570	confirmatory::O64495
CL0570	confirmatory::O65351
CL0570	confirmatory::O82777
CL0570	confirmatory::O89023
CL0570	confirmatory::P04189
CL0570	confirmatory::P06873
CL0570	confirmatory::P09230
CL0570	confirmatory::P09232
CL0570	confirmatory::P09958
CL0570	confirmatory::P12547
CL0570	confirmatory::P21661
CL0570	confirmatory::P23188
CL0570	confirmatory::P23377
CL0570	confirmatory::P23653
CL0570	confirmatory::P25036
CL0570	confirmatory::P28296
CL0570	confirmatory::P28840
CL0570	confirmatory::P28841
CL0570	confirmatory::P29119
CL0570	confirmatory::P29120
CL0570	confirmatory::P29122
CL0570	confirmatory::P29141
CL0570	confirmatory::P29142
CL0570	confirmatory::P29145
CL0570	confirmatory::P33295
CL0570	confirmatory::P35835
CL0570	confirmatory::P40903
CL0570	confirmatory::P41363
CL0570	confirmatory::P42790
CL0570	confirmatory::P51559
CL0570	confirmatory::P58371
CL0570	confirmatory::P59996
CL0570	confirmatory::P63239
CL0570	confirmatory::P63240
CL0570	confirmatory::P80146
CL0570	confirmatory::P87184
CL0570	confirmatory::P9WEW3
CL0570	confirmatory::P9WEW5
CL0570	confirmatory::Q03333
CL0570	confirmatory::Q03420
CL0570	confirmatory::Q0V8B6
CL0570	confirmatory::Q1PDX5
CL0570	confirmatory::Q28193
CL0570	confirmatory::Q39547
CL0570	confirmatory::Q45670
CL0570	confirmatory::Q4WQU0
CL0570	confirmatory::Q55CT0
CL0570	confirmatory::Q5IS74
CL0570	confirmatory::Q5REC2
CL0570	confirmatory::Q5RFL1
CL0570	confirmatory::Q5VJ73
CL0570	confirmatory::Q5VJ76
CL0570	confirmatory::Q60HH1
CL0570	confirmatory::Q61139
CL0570	confirmatory::Q62849
CL0570	confirmatory::Q63415
CL0570	confirmatory::Q64K33
CL0570	confirmatory::Q64K34
CL0570	confirmatory::Q64K36
CL0570	confirmatory::Q68GV9
CL0570	confirmatory::Q69F56
CL0570	confirmatory::Q69F58
CL0570	confirmatory::Q6UW60
CL0570	confirmatory::Q70GH4
CL0570	confirmatory::Q70J59
CL0570	confirmatory::Q78EH2
CL0570	confirmatory::Q80W65
CL0570	confirmatory::Q8GB88
CL0570	confirmatory::Q8GUK4
CL0570	confirmatory::Q8GWX9
CL0570	confirmatory::Q8J0D7
CL0570	confirmatory::Q8J0D8
CL0570	confirmatory::Q8L7D2
CL0570	confirmatory::Q8L7I2
CL0570	confirmatory::Q8MZS4
CL0570	confirmatory::Q8NBP7
CL0570	confirmatory::Q8RR56
CL0570	confirmatory::Q8SQJ3
CL0570	confirmatory::Q93LQ6
CL0570	confirmatory::Q99405
CL0570	confirmatory::Q9C7U8
CL0570	confirmatory::Q9EQV6
CL0570	confirmatory::Q9FGU3
CL0570	confirmatory::Q9FHA4
CL0570	confirmatory::Q9FI12
CL0570	confirmatory::Q9FIF8
CL0570	confirmatory::Q9FIG1
CL0570	confirmatory::Q9FIG2
CL0570	confirmatory::Q9FIM5
CL0570	confirmatory::Q9FIM6
CL0570	confirmatory::Q9FK76
CL0570	confirmatory::Q9FLI4
CL0570	confirmatory::Q9GLR0
CL0570	confirmatory::Q9GLR1
CL0570	confirmatory::Q9LLL8
CL0570	confirmatory::Q9LNU1
CL0570	confirmatory::Q9LUM3
CL0570	confirmatory::Q9LVJ1
CL0570	confirmatory::Q9MAP5
CL0570	confirmatory::Q9MAP7
CL0570	confirmatory::Q9P8G3
CL0570	confirmatory::Q9SA75
CL0570	confirmatory::Q9STF7
CL0570	confirmatory::Q9SUN6
CL0570	confirmatory::Q9SVT4
CL0570	confirmatory::Q9SZV5
CL0570	confirmatory::Q9SZY2
CL0570	confirmatory::Q9URR2
CL0570	confirmatory::Q9UTS0
CL0570	confirmatory::Q9VBC7
CL0570	confirmatory::Q9Y749
CL0570	confirmatory::Q9Y755
CL0570	confirmatory::Q9Y778
CL0570	confirmatory::Q9ZSB0
CL0570	confirmatory::Q9ZSB1
CL0570	confirmatory::Q9ZUF6
CL0570	confirmatory::R4IR27
CL0570	discovery::A1CWF3
CL0570	discovery::A1XIH5
CL0570	discovery::C5G168
CL0570	discovery::P00782
CL0570	discovery::P16519
CL0570	discovery::P29121
CL0570	discovery::Q9SZY3
CL0592	confirmatory::O33680
CL0592	confirmatory::P15728
CL0592	confirmatory::P23694
CL0592	confirmatory::P26504
CL0592	confirmatory::P41773
CL0592	confirmatory::Q44492
CL0592	confirmatory::Q44493
CL0592	confirmatory::Q44495
CL0592	confirmatory::Q9Z3Q2
CL0592	confirmatory::Q9ZFH0
CL0598	confirmatory::P16396
CL0602	confirmatory::O18733
CL0602	confirmatory::P08253
CL0602	confirmatory::P14780
CL0602	confirmatory::P33434
CL0602	confirmatory::P33436
CL0602	confirmatory::P41245
CL0602	confirmatory::P50282
CL0602	confirmatory::P50757
CL0602	confirmatory::P52176
CL0602	confirmatory::Q90611
CL0602	confirmatory::Q9GLE5
CL0604	confirmatory::O14003
CL0604	confirmatory::O94449
CL0604	confirmatory::P0AAZ4
CL0604	confirmatory::P35249
CL0604	confirmatory::P35250
CL0604	confirmatory::P38629
CL0604	confirmatory::P40151
CL0604	confirmatory::P40348
CL0604	confirmatory::P53034
CL0604	confirmatory::Q09843
CL0604	confirmatory::Q641W4
CL0604	confirmatory::Q8CG07
CL0604	confirmatory::Q91XU0
CL0604	confirmatory::Q93ZX1
CL0604	confirmatory::Q96S55
CL0604	confirmatory::Q99J62
CL0604	confirmatory::Q9WUK4
CL0617	confirmatory::O19183
CL0617	confirmatory::O62725
CL0617	confirmatory::P35355
CL0617	confirmatory::P70682
CL0617	confirmatory::Q05769
CL0620	confirmatory::P01050
CL0629	confirmatory::C0HLB8
CL0636	discovery::P09545
CL0636	discovery::P19247
CL0636	discovery::Q2G1X0
CL0636	discovery::Q6GE13
CL0642	confirmatory::Q3SX45
CL0642	confirmatory::Q5U2S6
CL0642	confirmatory::Q70X92
CL0642	confirmatory::Q8K0L0
CL0642	confirmatory::Q8VHA6
CL0642	confirmatory::Q8VHS6
CL0642	confirmatory::Q8WXI3
CL0642	confirmatory::Q91ZT8
CL0642	confirmatory::Q96NS5
CL0642	confirmatory::Q9CQ31
CL0642	confirmatory::Q9WV72
CL0642	confirmatory::Q9WV74
CL0642	confirmatory::Q9Y575
CL0658	confirmatory::D0Z6T1
CL0658	confirmatory::P04979
CL0658	confirmatory::P04981
CL0658	confirmatory::P0A3R5
CL0658	confirmatory::P13812
CL0658	discovery::P01552
CL0658	discovery::Q9X5C7
CL0659	confirmatory::A0A423VWI2
CL0659	confirmatory::B3A0P7
CL0659	confirmatory::B3A0P8
CL0659	confirmatory::B3EWZ8
CL0659	confirmatory::C0ITL3
CL0659	confirmatory::D4B327
CL0659	confirmatory::D4P2Y4
CL0659	confirmatory::G2WWV4
CL0659	confirmatory::G2WZP5
CL0659	confirmatory::G2XGR1
CL0659	confirmatory::G4N4E9
CL0659	confirmatory::O31398
CL0659	confirmatory::O51632
CL0659	confirmatory::P08299
CL0659	confirmatory::P0DMB9
CL0659	confirmatory::P0DSI3
CL0659	confirmatory::P11670
CL0659	confirmatory::P35760
CL0659	confirmatory::P35780
CL0659	confirmatory::P35781
CL0659	confirmatory::P35782
CL0659	confirmatory::P35783
CL0659	confirmatory::P35784
CL0659	confirmatory::P35785
CL0659	confirmatory::P35786
CL0659	confirmatory::P35787
CL0659	confirmatory::P35793
CL0659	confirmatory::P35794
CL0659	confirmatory::P36110
CL0659	confirmatory::P47032
CL0659	confirmatory::P47033
CL0659	confirmatory::P81656
CL0659	confirmatory::P81657
CL0659	confirmatory::Q00008
CL0659	confirmatory::Q05110
CL0659	confirmatory::Q08697
CL0659	confirmatory::Q40374
CL0659	confirmatory::Q41359
CL0659	confirmatory::Q4G1C9
CL0659	confirmatory::Q54ME1
CL0659	confirmatory::Q59PV6
CL0659	confirmatory::Q59WG5
CL0659	confirmatory::Q59ZX3
CL0659	confirmatory::Q5AB49
CL0659	confirmatory::Q7Z156
CL0659	confirmatory::Q9CQ35
CL0659	confirmatory::Q9CYL5
CL0659	confirmatory::Q9H4G4
CL0659	confirmatory::Q9ZNS4
CL0659	discovery::B9URJ1
CL0659	discovery::C1IBY2
CL0659	discovery::P35792
CL0659	discovery::Q05968
CL0659	discovery::Q2XXP1
CL0659	discovery::Q962V9
CL0661	confirmatory::C5IAW9
CL0661	confirmatory::F1LW30
CL0661	confirmatory::O08721
CL0661	confirmatory::O08722
CL0661	confirmatory::O08747
CL0661	confirmatory::O95185
CL0661	confirmatory::Q26261
CL0661	confirmatory::Q6UXZ4
CL0661	confirmatory::Q761X5
CL0661	confirmatory::Q7T2Z5
CL0661	confirmatory::Q8IZJ1
CL0661	confirmatory::Q8JGT4
CL0661	confirmatory::Q8K1S2
CL0661	confirmatory::Q8K1S3
CL0671	confirmatory::A0A7N9VSG0
CL0671	confirmatory::A2VDN5
CL0671	confirmatory::A2ZVG7
CL0671	confirmatory::A7YSY2
CL0671	confirmatory::A8MPR5
CL0671	confirmatory::B2RYN7
CL0671	confirmatory::B3M301
CL0671	confirmatory::B3P8A3
CL0671	confirmatory::B4HGG6
CL0671	confirmatory::B4JII0
CL0671	confirmatory::B4K799
CL0671	confirmatory::B4M0H8
CL0671	confirmatory::B4NBP4
CL0671	confirmatory::B4PL32
CL0671	confirmatory::B4QSF0
CL0671	confirmatory::D0FH76
CL0671	confirmatory::D4A2B7
CL0671	confirmatory::D4GUJ7
CL0671	confirmatory::F3YDF1
CL0671	confirmatory::F4JEX5
CL0671	confirmatory::F4KF14
CL0671	confirmatory::O04019
CL0671	confirmatory::O15381
CL0671	confirmatory::O16299
CL0671	confirmatory::O16810
CL0671	confirmatory::O17071
CL0671	confirmatory::O18413
CL0671	confirmatory::O31147
CL0671	confirmatory::O43078
CL0671	confirmatory::O44952
CL0671	confirmatory::O61577
CL0671	confirmatory::O64948
CL0671	confirmatory::O75351
CL0671	confirmatory::O75449
CL0671	confirmatory::O80860
CL0671	confirmatory::O80983
CL0671	confirmatory::O88685
CL0671	confirmatory::O88967
CL0671	confirmatory::P03974
CL0671	confirmatory::P0A9M0
CL0671	confirmatory::P0AAI3
CL0671	confirmatory::P0AAZ4
CL0671	confirmatory::P17980
CL0671	confirmatory::P18708
CL0671	confirmatory::P18759
CL0671	confirmatory::P25694
CL0671	confirmatory::P28737
CL0671	confirmatory::P32795
CL0671	confirmatory::P33297
CL0671	confirmatory::P33416
CL0671	confirmatory::P34808
CL0671	confirmatory::P35249
CL0671	confirmatory::P35998
CL0671	confirmatory::P37476
CL0671	confirmatory::P37945
CL0671	confirmatory::P39955
CL0671	confirmatory::P40151
CL0671	confirmatory::P40341
CL0671	confirmatory::P40348
CL0671	confirmatory::P41411
CL0671	confirmatory::P43686
CL0671	confirmatory::P46459
CL0671	confirmatory::P46460
CL0671	confirmatory::P46467
CL0671	confirmatory::P46471
CL0671	confirmatory::P52917
CL0671	confirmatory::P53549
CL0671	confirmatory::P54351
CL0671	confirmatory::P54609
CL0671	confirmatory::P54775
CL0671	confirmatory::P54784
CL0671	confirmatory::P54789
CL0671	confirmatory::P54811
CL0671	confirmatory::P54812
CL0671	confirmatory::P62191
CL0671	confirmatory::P62192
CL0671	confirmatory::P62193
CL0671	confirmatory::P62194
CL0671	confirmatory::P62196
CL0671	confirmatory::P62198
CL0671	confirmatory::P62333
CL0671	confirmatory::P62334
CL0671	confirmatory::P93655
CL0671	confirmatory::P9WPH9
CL0671	confirmatory::P9WQN3
CL0671	confirmatory::Q01853
CL0671	confirmatory::Q01939
CL0671	confirmatory::Q05AS3
CL0671	confirmatory::Q09803
CL0671	confirmatory::Q13415
CL0671	confirmatory::Q1PDW5
CL0671	confirmatory::Q298L4
CL0671	confirmatory::Q2KJI7
CL0671	confirmatory::Q39102
CL0671	confirmatory::Q3MIB4
CL0671	confirmatory::Q3SX23
CL0671	confirmatory::Q3ULF4
CL0671	confirmatory::Q3ZBT1
CL0671	confirmatory::Q4R407
CL0671	confirmatory::Q505J9
CL0671	confirmatory::Q54316
CL0671	confirmatory::Q54KQ7
CL0671	confirmatory::Q55700
CL0671	confirmatory::Q58576
CL0671	confirmatory::Q59HJ6
CL0671	confirmatory::Q5AG40
CL0671	confirmatory::Q5E9F9
CL0671	confirmatory::Q5HY92
CL0671	confirmatory::Q5R658
CL0671	confirmatory::Q5RII9
CL0671	confirmatory::Q5SI82
CL0671	confirmatory::Q5SMU7
CL0671	confirmatory::Q5U3S1
CL0671	confirmatory::Q5XIK7
CL0671	confirmatory::Q5ZK92
CL0671	confirmatory::Q63347
CL0671	confirmatory::Q63570
CL0671	confirmatory::Q67WJ2
CL0671	confirmatory::Q69UZ3
CL0671	confirmatory::Q6E0V2
CL0671	confirmatory::Q6EWX1
CL0671	confirmatory::Q6GL04
CL0671	confirmatory::Q6GX84
CL0671	confirmatory::Q6NW58
CL0671	confirmatory::Q6PIW4
CL0671	confirmatory::Q710E8
CL0671	confirmatory::Q719N1
CL0671	confirmatory::Q75JI3
CL0671	confirmatory::Q793F9
CL0671	confirmatory::Q7KN62
CL0671	confirmatory::Q7ZU99
CL0671	confirmatory::Q80Z32
CL0671	confirmatory::Q86WA8
CL0671	confirmatory::Q8BPY9
CL0671	confirmatory::Q8CG07
CL0671	confirmatory::Q8CGK3
CL0671	confirmatory::Q8IYT4
CL0671	confirmatory::Q8JZQ2
CL0671	confirmatory::Q8K0T4
CL0671	confirmatory::Q8MNV0
CL0671	confirmatory::Q8NB90
CL0671	confirmatory::Q8NBU5
CL0671	confirmatory::Q8VEJ9
CL0671	confirmatory::Q8W585
CL0671	confirmatory::Q91XU0
CL0671	confirmatory::Q920A7
CL0671	confirmatory::Q925S8
CL0671	confirmatory::Q93ZX1
CL0671	confirmatory::Q96S55
CL0671	confirmatory::Q96TA2
CL0671	confirmatory::Q99J62
CL0671	confirmatory::Q9BVQ7
CL0671	confirmatory::Q9BW62
CL0671	confirmatory::Q9C5U3
CL0671	confirmatory::Q9D3R6
CL0671	confirmatory::Q9D5T0
CL0671	confirmatory::Q9DBN5
CL0671	confirmatory::Q9FGM0
CL0671	confirmatory::Q9FH02
CL0671	confirmatory::Q9FIM2
CL0671	confirmatory::Q9LZF6
CL0671	confirmatory::Q9M0Y8
CL0671	confirmatory::Q9M895
CL0671	confirmatory::Q9M9L7
CL0671	confirmatory::Q9M9L8
CL0671	confirmatory::Q9MAK9
CL0671	confirmatory::Q9N3T5
CL0671	confirmatory::Q9NAG4
CL0671	confirmatory::Q9QUL6
CL0671	confirmatory::Q9QYY8
CL0671	confirmatory::Q9SAJ3
CL0671	confirmatory::Q9SCN8
CL0671	confirmatory::Q9SEI3
CL0671	confirmatory::Q9SEX2
CL0671	confirmatory::Q9SL67
CL0671	confirmatory::Q9SU24
CL0671	confirmatory::Q9SZD4
CL0671	confirmatory::Q9UBP0
CL0671	confirmatory::Q9UN37
CL0671	confirmatory::Q9UQ90
CL0671	confirmatory::Q9VQN8
CL0671	confirmatory::Q9WV86
CL0671	confirmatory::Q9WZ49
CL0671	confirmatory::Q9Y4W6
CL0671	confirmatory::Q9Z1N2
CL0671	confirmatory::Q9ZNT0
CL0671	discovery::P46461
CL0671	discovery::Q3UMC0
CL0671	discovery::Q6AZT2
CL0671	discovery::Q9DBY8
CL0671	discovery::Q9SEI2
CL0678	confirmatory::A0A1S4HE51
CL0678	confirmatory::Q7K5M0
CL0678	confirmatory::Q9NAS8
CL0678	discovery::B5U2W0
CL0689	confirmatory::P35443
CL0689	confirmatory::P49744
CL0689	confirmatory::Q3SWW8
CL0689	confirmatory::Q9Z1T2
CL0692	confirmatory::A0A509AST0
CL0692	confirmatory::A2ATD1
CL0692	confirmatory::A5A6L1
CL0692	confirmatory::B1AKI9
CL0692	confirmatory::B3EWZ8
CL0692	confirmatory::C5IAW9
CL0692	confirmatory::D3YXF5
CL0692	confirmatory::D3Z5L9
CL0692	confirmatory::E9Q6D8
CL0692	confirmatory::F1LW30
CL0692	confirmatory::G1FC92
CL0692	confirmatory::O08721
CL0692	confirmatory::O08722
CL0692	confirmatory::O08747
CL0692	confirmatory::O19113
CL0692	confirmatory::O95185
CL0692	confirmatory::O95388
CL0692	confirmatory::O95389
CL0692	confirmatory::P02748
CL0692	confirmatory::P02893
CL0692	confirmatory::P02894
CL0692	confirmatory::P04922
CL0692	confirmatory::P06683
CL0692	confirmatory::P06914
CL0692	confirmatory::P06915
CL0692	confirmatory::P07357
CL0692	confirmatory::P07358
CL0692	confirmatory::P08307
CL0692	confirmatory::P08672
CL0692	confirmatory::P08673
CL0692	confirmatory::P08674
CL0692	confirmatory::P08675
CL0692	confirmatory::P08676
CL0692	confirmatory::P08677
CL0692	confirmatory::P10643
CL0692	confirmatory::P13671
CL0692	confirmatory::P13814
CL0692	confirmatory::P13815
CL0692	confirmatory::P13826
CL0692	confirmatory::P14593
CL0692	confirmatory::P16893
CL0692	confirmatory::P18406
CL0692	confirmatory::P19336
CL0692	confirmatory::P19597
CL0692	confirmatory::P23093
CL0692	confirmatory::P26694
CL0692	confirmatory::P27918
CL0692	confirmatory::P29279
CL0692	confirmatory::P35447
CL0692	confirmatory::P48745
CL0692	confirmatory::P48747
CL0692	confirmatory::P51609
CL0692	confirmatory::P55314
CL0692	confirmatory::P61134
CL0692	confirmatory::P98137
CL0692	confirmatory::Q01443
CL0692	confirmatory::Q03110
CL0692	confirmatory::Q19204
CL0692	confirmatory::Q26261
CL0692	confirmatory::Q29RQ1
CL0692	confirmatory::Q29RU4
CL0692	confirmatory::Q3UTY6
CL0692	confirmatory::Q58T08
CL0692	confirmatory::Q5BIR3
CL0692	confirmatory::Q5EGE1
CL0692	confirmatory::Q5R7R7
CL0692	confirmatory::Q5RAD0
CL0692	confirmatory::Q5RBP8
CL0692	confirmatory::Q5W7F4
CL0692	confirmatory::Q64181
CL0692	confirmatory::Q64299
CL0692	confirmatory::Q6H9L7
CL0692	confirmatory::Q6UXZ4
CL0692	confirmatory::Q6ZMM2
CL0692	confirmatory::Q6ZMP0
CL0692	confirmatory::Q761X5
CL0692	confirmatory::Q7K740
CL0692	confirmatory::Q7T2Z5
CL0692	confirmatory::Q7TSK7
CL0692	confirmatory::Q811M5
CL0692	confirmatory::Q86TH1
CL0692	confirmatory::Q8BH35
CL0692	confirmatory::Q8IZJ1
CL0692	confirmatory::Q8JGT4
CL0692	confirmatory::Q8K182
CL0692	confirmatory::Q8K1S2
CL0692	confirmatory::Q8K1S3
CL0692	confirmatory::Q8VCC9
CL0692	confirmatory::Q99PP0
CL0692	confirmatory::Q9ESP7
CL0692	confirmatory::Q9GLX9
CL0692	confirmatory::Q9HCB6
CL0692	confirmatory::Q9JM61
CL0692	confirmatory::Q9NS62
CL0692	confirmatory::Q9QZQ5
CL0692	confirmatory::Q9R001
CL0692	confirmatory::Q9R1E9
CL0692	confirmatory::Q9TT92
CL0692	confirmatory::Q9TUQ3
CL0692	confirmatory::Q9UNA0
CL0692	confirmatory::Q9UP79
CL0692	confirmatory::Q9W770
CL0692	confirmatory::Q9Z132
CL0692	discovery::Q8QFV1
CL0695	discovery::Q813X6
CL0707	confirmatory::Q23498
CL0726	confirmatory::A8T644
CL0726	confirmatory::A8T662
CL0726	confirmatory::A8T666
CL0726	confirmatory::A8T677
CL0726	confirmatory::A8T682
CL0726	confirmatory::A8T688
CL0726	confirmatory::A8T6A1
CL0726	confirmatory::A8T6A6
CL0726	confirmatory::P59996
CL0726	confirmatory::Q80W65
CL0726	confirmatory::Q8NBP7
CL0741	discovery::P98089
CL0745	confirmatory::D0FH76
CL0745	confirmatory::O61577
CL0745	confirmatory::O75351
CL0745	confirmatory::O75449
CL0745	confirmatory::P46467
CL0745	confirmatory::P52917
CL0745	confirmatory::Q09803
CL0745	confirmatory::Q4R407
CL0745	confirmatory::Q54KQ7
CL0745	confirmatory::Q5AG40
CL0745	confirmatory::Q5R658
CL0745	confirmatory::Q5RII9
CL0745	confirmatory::Q5U3S1
CL0745	confirmatory::Q5XIK7
CL0745	confirmatory::Q6E0V2
CL0745	confirmatory::Q793F9
CL0745	confirmatory::Q8K0T4
CL0745	confirmatory::Q8VEJ9
CL0745	confirmatory::Q9BW62
CL0745	confirmatory::Q9SEX2
CL0745	confirmatory::Q9UN37
CL0745	confirmatory::Q9WV86
CL0745	confirmatory::Q9ZNT0
CL0750	confirmatory::Q19204
CL0750	confirmatory::Q3UTY6
CL0750	confirmatory::Q5W7F4
CL0750	confirmatory::Q6ZMM2
CL0750	confirmatory::Q6ZMP0
CL0750	confirmatory::Q7TSK7
CL0750	confirmatory::Q86TH1
CL0750	confirmatory::Q9ESP7
CL0750	confirmatory::Q9R001
CL0750	confirmatory::Q9TT92
CL0750	confirmatory::Q9UNA0
CL0750	confirmatory::Q9UP79
CL0781	confirmatory::A9BJC1
CL0781	confirmatory::B3A0N5
CL0781	confirmatory::P07024
CL0781	confirmatory::P08331
CL0781	confirmatory::P22848
CL0781	confirmatory::P44569
CL0781	confirmatory::Q9HDU9
CL0781	confirmatory::Q9US39
CL0803	discovery::A0A1S4HE90
CL0803	discovery::B0X6Z1
CL0803	discovery::M1JMQ7
CL0803	discovery::Q9UB30
CL0812	confirmatory::Q90121
CL0819	confirmatory::P0DRJ1
PF00014	confirmatory::D3GGZ8
PF00014	confirmatory::O62247
PF00014	discovery::A0A1Q1NL17
PF00014	discovery::I6VXS1
PF00014	discovery::Q964Q0
PF00045	confirmatory::A0A0N9E2K8
PF00045	confirmatory::O13065
PF00045	confirmatory::O18733
PF00045	confirmatory::O18767
PF00045	confirmatory::O18927
PF00045	confirmatory::O35548
PF00045	confirmatory::O54732
PF00045	confirmatory::O55123
PF00045	confirmatory::O60882
PF00045	confirmatory::O62806
PF00045	confirmatory::O70138
PF00045	confirmatory::O77656
PF00045	confirmatory::O88766
PF00045	confirmatory::O93470
PF00045	confirmatory::P03956
PF00045	confirmatory::P03957
PF00045	confirmatory::P07152
PF00045	confirmatory::P08253
PF00045	confirmatory::P08254
PF00045	confirmatory::P09238
PF00045	confirmatory::P13943
PF00045	confirmatory::P14780
PF00045	confirmatory::P21692
PF00045	confirmatory::P22757
PF00045	confirmatory::P22894
PF00045	confirmatory::P24347
PF00045	confirmatory::P28053
PF00045	confirmatory::P28862
PF00045	confirmatory::P28863
PF00045	confirmatory::P33434
PF00045	confirmatory::P33436
PF00045	confirmatory::P39900
PF00045	confirmatory::P41245
PF00045	confirmatory::P45452
PF00045	confirmatory::P50282
PF00045	confirmatory::P50757
PF00045	confirmatory::P51511
PF00045	confirmatory::P51512
PF00045	confirmatory::P52176
PF00045	confirmatory::P53690
PF00045	confirmatory::P57748
PF00045	confirmatory::P79227
PF00045	confirmatory::P79287
PF00045	confirmatory::P91953
PF00045	confirmatory::Q02853
PF00045	confirmatory::Q06VC5
PF00045	confirmatory::Q10739
PF00045	confirmatory::Q10835
PF00045	confirmatory::Q11005
PF00045	confirmatory::Q11133
PF00045	confirmatory::Q28397
PF00045	confirmatory::Q499S5
PF00045	confirmatory::Q63341
PF00045	confirmatory::Q6Y4Q5
PF00045	confirmatory::Q8K3F2
PF00045	confirmatory::Q8N119
PF00045	confirmatory::Q90611
PF00045	confirmatory::Q90YC2
PF00045	confirmatory::Q95220
PF00045	confirmatory::Q99542
PF00045	confirmatory::Q99PW6
PF00045	confirmatory::Q9EPL5
PF00045	confirmatory::Q9GLE4
PF00045	confirmatory::Q9GLE5
PF00045	confirmatory::Q9H239
PF00045	confirmatory::Q9H306
PF00045	confirmatory::Q9JHI0
PF00045	confirmatory::Q9NPA2
PF00045	confirmatory::Q9R0S2
PF00045	confirmatory::Q9ULZ9
PF00045	confirmatory::Q9WTR0
PF00045	confirmatory::Q9XSZ5
PF00045	confirmatory::Q9Y5R2
PF00045	discovery::P34960
PF00045	discovery::Q3U435
PF00045	discovery::Q9XT90
PF00057	confirmatory::D3YXF5
PF00057	confirmatory::E9Q6D8
PF00057	confirmatory::P02748
PF00057	confirmatory::P06683
PF00057	confirmatory::P07357
PF00057	confirmatory::P07358
PF00057	confirmatory::P10643
PF00057	confirmatory::P13671
PF00057	confirmatory::P48747
PF00057	confirmatory::P55314
PF00057	confirmatory::P61134
PF00057	confirmatory::P98137
PF00057	confirmatory::P98154
PF00057	confirmatory::Q29RQ1
PF00057	confirmatory::Q29RU4
PF00057	confirmatory::Q5RAD0
PF00057	confirmatory::Q811M5
PF00057	confirmatory::Q8BH35
PF00057	confirmatory::Q8K182
PF00057	confirmatory::Q9TUQ3
PF00057	confirmatory::Q9VER6
PF00057	discovery::P98153
PF00079	confirmatory::A0A7H0DN13
PF00079	confirmatory::A8MV23
PF00079	confirmatory::O04582
PF00079	confirmatory::P01013
PF00079	confirmatory::P01015
PF00079	confirmatory::P01017
PF00079	confirmatory::P01019
PF00079	confirmatory::P05155
PF00079	confirmatory::P05543
PF00079	confirmatory::P09005
PF00079	confirmatory::P11859
PF00079	confirmatory::P12393
PF00079	confirmatory::P13731
PF00079	confirmatory::P16708
PF00079	confirmatory::P18384
PF00079	confirmatory::P19324
PF00079	confirmatory::P20532
PF00079	confirmatory::P20757
PF00079	confirmatory::P20841
PF00079	confirmatory::P20842
PF00079	confirmatory::P21814
PF00079	confirmatory::P29457
PF00079	confirmatory::P31211
PF00079	confirmatory::P33831
PF00079	confirmatory::P35577
PF00079	confirmatory::P36952
PF00079	confirmatory::P46201
PF00079	confirmatory::P46202
PF00079	confirmatory::P50448
PF00079	confirmatory::P50450
PF00079	confirmatory::P50454
PF00079	confirmatory::P61640
PF00079	confirmatory::P61939
PF00079	confirmatory::P70124
PF00079	confirmatory::P97290
PF00079	confirmatory::Q03383
PF00079	confirmatory::Q06770
PF00079	confirmatory::Q08519
PF00079	confirmatory::Q0E8C8
PF00079	confirmatory::Q2KJH6
PF00079	confirmatory::Q2R8P2
PF00079	confirmatory::Q5RBS3
PF00079	confirmatory::Q6P734
PF00079	confirmatory::Q6UXR4
PF00079	confirmatory::Q7QIJ8
PF00079	confirmatory::Q7T6X8
PF00079	confirmatory::Q7TPA5
PF00079	confirmatory::Q7XMK0
PF00079	confirmatory::Q7XMK1
PF00079	confirmatory::Q85339
PF00079	confirmatory::Q8CIE0
PF00079	confirmatory::Q95121
PF00079	confirmatory::Q9DCQ7
PF00079	confirmatory::Q9GLN8
PF00079	confirmatory::Q9GLP6
PF00079	confirmatory::Q9J531
PF00079	confirmatory::Q9J5F9
PF00079	confirmatory::Q9J5G3
PF00079	confirmatory::Q9J5J1
PF00079	confirmatory::Q9TSZ0
PF00079	confirmatory::Q9TT35
PF00079	confirmatory::Q9TT36
PF00079	confirmatory::Q9VFC2
PF00079	confirmatory::Q9VLU4
PF00079	confirmatory::Q9VVW1
PF00079	confirmatory::Q9ZQR6
PF00079	discovery::A0A834R821
PF00079	discovery::P14369
PF00079	discovery::Q06B74
PF00082	confirmatory::A0A044RE18
PF00082	confirmatory::A0A0M3R8G2
PF00082	confirmatory::A0A509AM03
PF00082	confirmatory::A0QNL1
PF00082	confirmatory::A1CIA7
PF00082	confirmatory::A8T644
PF00082	confirmatory::A8T662
PF00082	confirmatory::A8T666
PF00082	confirmatory::A8T677
PF00082	confirmatory::A8T682
PF00082	confirmatory::A8T688
PF00082	confirmatory::A8T6A1
PF00082	confirmatory::A8T6A6
PF00082	confirmatory::A9JQS7
PF00082	confirmatory::A9QY38
PF00082	confirmatory::A9QY39
PF00082	confirmatory::A9QY40
PF00082	confirmatory::B0Y473
PF00082	confirmatory::B0Y708
PF00082	confirmatory::B6VA84
PF00082	confirmatory::B6VA85
PF00082	confirmatory::B6VA86
PF00082	confirmatory::B6VA87
PF00082	confirmatory::B8N106
PF00082	confirmatory::B8XGQ6
PF00082	confirmatory::C5FII2
PF00082	confirmatory::C5FMY5
PF00082	confirmatory::C5FRX4
PF00082	confirmatory::C5FTQ5
PF00082	confirmatory::C5FX37
PF00082	confirmatory::C5FZ39
PF00082	confirmatory::C5P4Z8
PF00082	confirmatory::C5P6D1
PF00082	confirmatory::C5P6L5
PF00082	confirmatory::D4AIK6
PF00082	confirmatory::D4AKU9
PF00082	confirmatory::D4APE3
PF00082	confirmatory::D4AQG0
PF00082	confirmatory::D4B194
PF00082	confirmatory::D4B5N1
PF00082	confirmatory::D4CZ60
PF00082	confirmatory::D4CZQ4
PF00082	confirmatory::D4D0F5
PF00082	confirmatory::D4D674
PF00082	confirmatory::D4D9U2
PF00082	confirmatory::D4DBH6
PF00082	confirmatory::D4DIW9
PF00082	confirmatory::D4DLI5
PF00082	confirmatory::E4UWA4
PF00082	confirmatory::E4UY04
PF00082	confirmatory::E4V4J8
PF00082	confirmatory::E6Y8B9
PF00082	confirmatory::F4HPF1
PF00082	confirmatory::F4HSQ2
PF00082	confirmatory::F4IG09
PF00082	confirmatory::F4JA91
PF00082	confirmatory::F4JJH4
PF00082	confirmatory::F4JJH5
PF00082	confirmatory::F4JXC5
PF00082	confirmatory::F4KEL0
PF00082	confirmatory::F4KGD4
PF00082	confirmatory::F8W2M8
PF00082	confirmatory::G3FNQ9
PF00082	confirmatory::G5ECN9
PF00082	confirmatory::G7KEU7
PF00082	confirmatory::I1N462
PF00082	confirmatory::I3R794
PF00082	confirmatory::I6YC58
PF00082	confirmatory::J9VDC2
PF00082	confirmatory::L8FSM5
PF00082	confirmatory::L8GD75
PF00082	confirmatory::O05461
PF00082	confirmatory::O13359
PF00082	confirmatory::O14773
PF00082	confirmatory::O17798
PF00082	confirmatory::O23357
PF00082	confirmatory::O31788
PF00082	confirmatory::O49607
PF00082	confirmatory::O53945
PF00082	confirmatory::O61142
PF00082	confirmatory::O64481
PF00082	confirmatory::O64495
PF00082	confirmatory::O65351
PF00082	confirmatory::O82777
PF00082	confirmatory::O89023
PF00082	confirmatory::P00781
PF00082	confirmatory::P04072
PF00082	confirmatory::P04189
PF00082	confirmatory::P06873
PF00082	confirmatory::P09230
PF00082	confirmatory::P09231
PF00082	confirmatory::P09232
PF00082	confirmatory::P09958
PF00082	confirmatory::P0DW09
PF00082	confirmatory::P11018
PF00082	confirmatory::P12547
PF00082	confirmatory::P13134
PF00082	confirmatory::P16396
PF00082	confirmatory::P21661
PF00082	confirmatory::P23188
PF00082	confirmatory::P23377
PF00082	confirmatory::P23653
PF00082	confirmatory::P23916
PF00082	confirmatory::P25036
PF00082	confirmatory::P25381
PF00082	confirmatory::P28296
PF00082	confirmatory::P28840
PF00082	confirmatory::P28841
PF00082	confirmatory::P29119
PF00082	confirmatory::P29120
PF00082	confirmatory::P29122
PF00082	confirmatory::P29141
PF00082	confirmatory::P29142
PF00082	confirmatory::P29143
PF00082	confirmatory::P29145
PF00082	confirmatory::P29599
PF00082	confirmatory::P29600
PF00082	confirmatory::P31339
PF00082	confirmatory::P33295
PF00082	confirmatory::P35835
PF00082	confirmatory::P40903
PF00082	confirmatory::P41363
PF00082	confirmatory::P42779
PF00082	confirmatory::P42781
PF00082	confirmatory::P42790
PF00082	confirmatory::P51559
PF00082	confirmatory::P54423
PF00082	confirmatory::P58371
PF00082	confirmatory::P58502
PF00082	confirmatory::P59996
PF00082	confirmatory::P63239
PF00082	confirmatory::P63240
PF00082	confirmatory::P80146
PF00082	confirmatory::P87184
PF00082	confirmatory::P91863
PF00082	confirmatory::P9WEW3
PF00082	confirmatory::P9WEW5
PF00082	confirmatory::Q03333
PF00082	confirmatory::Q03420
PF00082	confirmatory::Q09175
PF00082	confirmatory::Q0V8B6
PF00082	confirmatory::Q1DFT5
PF00082	confirmatory::Q1PDX5
PF00082	confirmatory::Q28193
PF00082	confirmatory::Q39547
PF00082	confirmatory::Q45670
PF00082	confirmatory::Q4WQU0
PF00082	confirmatory::Q55CT0
PF00082	confirmatory::Q5IS74
PF00082	confirmatory::Q5REC2
PF00082	confirmatory::Q5RFL1
PF00082	confirmatory::Q5RLZ1
PF00082	confirmatory::Q5VJ73
PF00082	confirmatory::Q5VJ76
PF00082	confirmatory::Q60HH1
PF00082	confirmatory::Q61139
PF00082	confirmatory::Q62849
PF00082	confirmatory::Q63415
PF00082	confirmatory::Q64K33
PF00082	confirmatory::Q64K34
PF00082	confirmatory::Q64K36
PF00082	confirmatory::Q68GV9
PF00082	confirmatory::Q69F56
PF00082	confirmatory::Q69F58
PF00082	confirmatory::Q6EZC2
PF00082	confirmatory::Q6UW60
PF00082	confirmatory::Q70GH4
PF00082	confirmatory::Q70J59
PF00082	confirmatory::Q78EH2
PF00082	confirmatory::Q80W65
PF00082	confirmatory::Q8GB88
PF00082	confirmatory::Q8GUK4
PF00082	confirmatory::Q8GWX9
PF00082	confirmatory::Q8I0V0
PF00082	confirmatory::Q8I430
PF00082	confirmatory::Q8J0D7
PF00082	confirmatory::Q8J0D8
PF00082	confirmatory::Q8L7D2
PF00082	confirmatory::Q8L7I2
PF00082	confirmatory::Q8MZS4
PF00082	confirmatory::Q8NBP7
PF00082	confirmatory::Q8RR56
PF00082	confirmatory::Q8SQJ3
PF00082	confirmatory::Q8SS86
PF00082	confirmatory::Q93LQ6
PF00082	confirmatory::Q99405
PF00082	confirmatory::Q9C7U8
PF00082	confirmatory::Q9EQV6
PF00082	confirmatory::Q9FGU3
PF00082	confirmatory::Q9FHA4
PF00082	confirmatory::Q9FI12
PF00082	confirmatory::Q9FIF8
PF00082	confirmatory::Q9FIG1
PF00082	confirmatory::Q9FIG2
PF00082	confirmatory::Q9FIM5
PF00082	confirmatory::Q9FIM6
PF00082	confirmatory::Q9FK76
PF00082	confirmatory::Q9FLI4
PF00082	confirmatory::Q9GLR0
PF00082	confirmatory::Q9GLR1
PF00082	confirmatory::Q9L5A4
PF00082	confirmatory::Q9LLL8
PF00082	confirmatory::Q9LNU1
PF00082	confirmatory::Q9LUM3
PF00082	confirmatory::Q9LVJ1
PF00082	confirmatory::Q9MAP4
PF00082	confirmatory::Q9MAP5
PF00082	confirmatory::Q9MAP7
PF00082	confirmatory::Q9P8G3
PF00082	confirmatory::Q9SA75
PF00082	confirmatory::Q9STF7
PF00082	confirmatory::Q9SUN6
PF00082	confirmatory::Q9SVT4
PF00082	confirmatory::Q9SZV5
PF00082	confirmatory::Q9SZY2
PF00082	confirmatory::Q9URR2
PF00082	confirmatory::Q9UTS0
PF00082	confirmatory::Q9VBC7
PF00082	confirmatory::Q9Y749
PF00082	confirmatory::Q9Y755
PF00082	confirmatory::Q9Y778
PF00082	confirmatory::Q9ZSB0
PF00082	confirmatory::Q9ZSB1
PF00082	confirmatory::Q9ZUF6
PF00082	confirmatory::R4IR27
PF00082	confirmatory::W7K9M0
PF00082	discovery::A1CWF3
PF00082	discovery::A1XIH5
PF00082	discovery::C5G168
PF00082	discovery::P00782
PF00082	discovery::P16519
PF00082	discovery::P29121
PF00082	discovery::Q9SZY3
PF00123	confirmatory::C0HJJ2
PF00123	confirmatory::C0HJJ4
PF00123	confirmatory::C0HJJ5
PF00123	confirmatory::C0HJJ6
PF00123	confirmatory::O12956
PF00123	confirmatory::O42143
PF00123	confirmatory::O42144
PF00123	confirmatory::O70176
PF00123	confirmatory::P01272
PF00123	confirmatory::P01273
PF00123	confirmatory::P01274
PF00123	confirmatory::P01275
PF00123	confirmatory::P01278
PF00123	confirmatory::P01280
PF00123	confirmatory::P01281
PF00123	confirmatory::P01284
PF00123	confirmatory::P01286
PF00123	confirmatory::P01287
PF00123	confirmatory::P04092
PF00123	confirmatory::P04093
PF00123	confirmatory::P04204
PF00123	confirmatory::P04566
PF00123	confirmatory::P05110
PF00123	confirmatory::P06883
PF00123	confirmatory::P07217
PF00123	confirmatory::P07449
PF00123	confirmatory::P09566
PF00123	confirmatory::P09567
PF00123	confirmatory::P09680
PF00123	confirmatory::P09681
PF00123	confirmatory::P09682
PF00123	confirmatory::P09683
PF00123	confirmatory::P09684
PF00123	confirmatory::P09685
PF00123	confirmatory::P09686
PF00123	confirmatory::P09687
PF00123	confirmatory::P09910
PF00123	confirmatory::P09916
PF00123	confirmatory::P0C235
PF00123	confirmatory::P0DJ95
PF00123	confirmatory::P13189
PF00123	confirmatory::P15438
PF00123	confirmatory::P16613
PF00123	confirmatory::P18509
PF00123	confirmatory::P22890
PF00123	confirmatory::P31297
PF00123	confirmatory::P31299
PF00123	confirmatory::P32647
PF00123	confirmatory::P32649
PF00123	confirmatory::P33528
PF00123	confirmatory::P39089
PF00123	confirmatory::P41534
PF00123	confirmatory::P41535
PF00123	confirmatory::P41585
PF00123	confirmatory::P42692
PF00123	confirmatory::P48142
PF00123	confirmatory::P48144
PF00123	confirmatory::P48756
PF00123	confirmatory::P55095
PF00123	confirmatory::P63289
PF00123	confirmatory::P63290
PF00123	confirmatory::P63291
PF00123	confirmatory::P63292
PF00123	confirmatory::P63293
PF00123	confirmatory::P63296
PF00123	confirmatory::P63297
PF00123	confirmatory::P63298
PF00123	confirmatory::P68260
PF00123	confirmatory::P68273
PF00123	confirmatory::P68274
PF00123	confirmatory::P68275
PF00123	confirmatory::P68954
PF00123	confirmatory::P68955
PF00123	confirmatory::P68956
PF00123	confirmatory::P68957
PF00123	confirmatory::P81016
PF00123	confirmatory::P81026
PF00123	confirmatory::P81039
PF00123	confirmatory::P81880
PF00123	confirmatory::P84488
PF00123	confirmatory::P84771
PF00123	confirmatory::P84772
PF00123	confirmatory::Q06145
PF00123	confirmatory::Q09169
PF00123	confirmatory::Q29W19
PF00123	confirmatory::Q60549
PF00123	confirmatory::Q8MJ25
PF00123	confirmatory::Q91189
PF00123	confirmatory::Q91971
PF00123	confirmatory::Q9PRQ9
PF00123	confirmatory::Q9PUR0
PF00123	confirmatory::Q9PUR1
PF00123	discovery::C0HJJ3
PF00123	discovery::P18108
PF00123	discovery::P29794
PF00123	discovery::P68952
PF00123	discovery::P68953
PF00159	confirmatory::E2E4L2
PF00159	confirmatory::P01298
PF00159	confirmatory::P01299
PF00159	confirmatory::P01300
PF00159	confirmatory::P01301
PF00159	confirmatory::P01302
PF00159	confirmatory::P01304
PF00159	confirmatory::P06303
PF00159	confirmatory::P06305
PF00159	confirmatory::P09641
PF00159	confirmatory::P0CJ22
PF00159	confirmatory::P10601
PF00159	confirmatory::P11967
PF00159	confirmatory::P18107
PF00159	confirmatory::P29071
PF00159	confirmatory::P29203
PF00159	confirmatory::P29204
PF00159	confirmatory::P29205
PF00159	confirmatory::P31229
PF00159	confirmatory::P33684
PF00159	confirmatory::P39659
PF00159	confirmatory::P41335
PF00159	confirmatory::P41337
PF00159	confirmatory::P41519
PF00159	confirmatory::P41967
PF00159	confirmatory::P48097
PF00159	confirmatory::P68004
PF00159	confirmatory::P68005
PF00159	confirmatory::P68006
PF00159	confirmatory::P68007
PF00159	confirmatory::P68008
PF00159	confirmatory::P68009
PF00159	confirmatory::P68010
PF00159	confirmatory::P68249
PF00159	confirmatory::P69092
PF00159	confirmatory::P69093
PF00159	confirmatory::P69094
PF00159	confirmatory::P69095
PF00159	confirmatory::P69096
PF00159	confirmatory::P69101
PF00159	confirmatory::P69102
PF00159	confirmatory::P80024
PF00159	confirmatory::P80167
PF00159	confirmatory::P80952
PF00159	confirmatory::P81028
PF00159	confirmatory::Q5JQD4
PF00159	confirmatory::Q9TR93
PF00159	discovery::P06884
PF00159	discovery::P13083
PF00159	discovery::P15427
PF00159	discovery::P29206
PF00159	discovery::P37999
PF00159	discovery::P41336
PF00161	discovery::P22244
PF00161	discovery::P33186
PF00161	discovery::P84786
PF00161	discovery::P85101
PF00161	discovery::Q00531
PF00161	discovery::Q70US9
PF00184	confirmatory::A0A4Y5X186
PF00184	confirmatory::Q4R128
PF00187	confirmatory::A0A0A2JH00
PF00187	confirmatory::A0A1L3THR9
PF00187	confirmatory::A0A1S6EK91
PF00187	confirmatory::A0A1S6EK92
PF00187	confirmatory::A7XQ02
PF00187	confirmatory::C0HLN3
PF00187	confirmatory::C0HLV3
PF00187	confirmatory::C0HLV4
PF00187	confirmatory::C0HLV5
PF00187	confirmatory::E1UYT9
PF00187	confirmatory::E1UYU0
PF00187	confirmatory::O04138
PF00187	confirmatory::O22842
PF00187	confirmatory::O24598
PF00187	confirmatory::O24603
PF00187	confirmatory::O24658
PF00187	confirmatory::P02876
PF00187	confirmatory::P02877
PF00187	confirmatory::P05315
PF00187	confirmatory::P06215
PF00187	confirmatory::P09761
PF00187	confirmatory::P0DKH7
PF00187	confirmatory::P0DKH8
PF00187	confirmatory::P10968
PF00187	confirmatory::P11955
PF00187	confirmatory::P15312
PF00187	confirmatory::P16061
PF00187	confirmatory::P16579
PF00187	confirmatory::P21227
PF00187	confirmatory::P24091
PF00187	confirmatory::P24626
PF00187	confirmatory::P25765
PF00187	confirmatory::P27054
PF00187	confirmatory::P27275
PF00187	confirmatory::P29031
PF00187	confirmatory::P29032
PF00187	confirmatory::P36361
PF00187	confirmatory::P36907
PF00187	confirmatory::P43082
PF00187	confirmatory::P51613
PF00187	confirmatory::P52403
PF00187	confirmatory::P52404
PF00187	confirmatory::P52405
PF00187	confirmatory::P52406
PF00187	confirmatory::P80359
PF00187	confirmatory::P81591
PF00187	confirmatory::P81859
PF00187	confirmatory::P83790
PF00187	confirmatory::P84282
PF00187	confirmatory::P85966
PF00187	confirmatory::P86473
PF00187	confirmatory::P86521
PF00187	confirmatory::P93680
PF00187	confirmatory::Q01MB6
PF00187	confirmatory::Q06209
PF00187	confirmatory::Q39785
PF00187	confirmatory::Q39799
PF00187	confirmatory::Q41596
PF00187	confirmatory::Q42993
PF00187	confirmatory::Q688M5
PF00187	confirmatory::Q6K8R2
PF00187	confirmatory::Q7DNA1
PF00187	confirmatory::Q7Y1Z0
PF00187	confirmatory::Q8GUD7
PF00187	confirmatory::Q949H3
PF00187	confirmatory::Q9AVB0
PF00187	confirmatory::Q9AYP9
PF00187	confirmatory::Q9M2U5
PF00187	confirmatory::Q9S8M0
PF00187	confirmatory::Q9SAY3
PF00187	confirmatory::W0IWL0
PF00187	discovery::O22841
PF00187	discovery::P11218
PF00187	discovery::Q09023
PF00187	discovery::Q0JF21
PF00212	confirmatory::P01160
PF00212	confirmatory::P01161
PF00212	confirmatory::P07499
PF00212	confirmatory::P07500
PF00212	confirmatory::P07501
PF00212	confirmatory::P13205
PF00212	confirmatory::P18908
PF00212	confirmatory::P24259
PF00212	confirmatory::P83962
PF00212	confirmatory::P83964
PF00212	confirmatory::Q805D4
PF00212	confirmatory::Q805D7
PF00212	confirmatory::Q805D8
PF00212	confirmatory::Q9GLD0
PF00212	confirmatory::Q9GLK4
PF00212	discovery::A8YPR6
PF00212	discovery::Q805E8
PF00220	confirmatory::P16339
PF00220	confirmatory::P42993
PF00220	confirmatory::P42999
PF00220	confirmatory::P69043
PF00220	confirmatory::P69056
PF00220	confirmatory::P69057
PF00220	confirmatory::P69058
PF00220	confirmatory::P69128
PF00220	confirmatory::P69129
PF00220	discovery::P42992
PF00220	discovery::P69044
PF00321	confirmatory::A0A976SLN7
PF00322	confirmatory::Q6RY98
PF00547	confirmatory::A0JRH2
PF00547	confirmatory::A0K578
PF00547	confirmatory::A0PSG4
PF00547	confirmatory::A0QYE2
PF00547	confirmatory::A1B1C2
PF00547	confirmatory::A1JKD7
PF00547	confirmatory::A1KBB7
PF00547	confirmatory::A1R1C3
PF00547	confirmatory::A1SYX9
PF00547	confirmatory::A1T9N6
PF00547	confirmatory::A1TSZ3
PF00547	confirmatory::A1U500
PF00547	confirmatory::A1UGT7
PF00547	confirmatory::A1VKW6
PF00547	confirmatory::A1WIM6
PF00547	confirmatory::A2BQW6
PF00547	confirmatory::A2C4S0
PF00547	confirmatory::A2CDZ9
PF00547	confirmatory::A2S998
PF00547	confirmatory::A2SDJ2
PF00547	confirmatory::A3DGG0
PF00547	confirmatory::A3M3F0
PF00547	confirmatory::A3MMV0
PF00547	confirmatory::A3N2R6
PF00547	confirmatory::A3NCL5
PF00547	confirmatory::A3NYC7
PF00547	confirmatory::A3PCN9
PF00547	confirmatory::A3PL42
PF00547	confirmatory::A3Q0D7
PF00547	confirmatory::A4JC44
PF00547	confirmatory::A4QA21
PF00547	confirmatory::A4SY47
PF00547	confirmatory::A4TAD3
PF00547	confirmatory::A4TL34
PF00547	confirmatory::A4VQU9
PF00547	confirmatory::A4WEJ3
PF00547	confirmatory::A4WR72
PF00547	confirmatory::A4XQ47
PF00547	confirmatory::A5FAD3
PF00547	confirmatory::A5GWV5
PF00547	confirmatory::A5U3L5
PF00547	confirmatory::A5UH46
PF00547	confirmatory::A5W4B8
PF00547	confirmatory::A6QJC8
PF00547	confirmatory::A6U412
PF00547	confirmatory::A6VCX2
PF00547	confirmatory::A6VTV6
PF00547	confirmatory::A7FFN0
PF00547	confirmatory::A8LRS4
PF00547	confirmatory::A8Z385
PF00547	confirmatory::A9AF70
PF00547	confirmatory::A9AZE8
PF00547	confirmatory::A9BUC7
PF00547	confirmatory::A9KJS1
PF00547	confirmatory::B0BRU4
PF00547	confirmatory::B0C791
PF00547	confirmatory::B0JTP1
PF00547	confirmatory::B0KUZ9
PF00547	confirmatory::B0TT69
PF00547	confirmatory::B0V9P7
PF00547	confirmatory::B0VSC2
PF00547	confirmatory::B1HZE2
PF00547	confirmatory::B1J813
PF00547	confirmatory::B1JR69
PF00547	confirmatory::B1JX31
PF00547	confirmatory::B1MB83
PF00547	confirmatory::B1VHT0
PF00547	confirmatory::B1W5G7
PF00547	confirmatory::B1Y3V4
PF00547	confirmatory::B1YUG1
PF00547	confirmatory::B1ZP08
PF00547	confirmatory::B2GI08
PF00547	confirmatory::B2IT64
PF00547	confirmatory::B2JF65
PF00547	confirmatory::B2KAA6
PF00547	confirmatory::B2T0P7
PF00547	confirmatory::B2U7N4
PF00547	confirmatory::B3H2L5
PF00547	confirmatory::B3PXB8
PF00547	confirmatory::B3QGK4
PF00547	confirmatory::B3R3Z9
PF00547	confirmatory::B4ECC5
PF00547	confirmatory::B4RSX7
PF00547	confirmatory::B5FBC8
PF00547	confirmatory::B5XU29
PF00547	confirmatory::B5YUX1
PF00547	confirmatory::B5ZBT1
PF00547	confirmatory::B5ZMP5
PF00547	confirmatory::B6JPH6
PF00547	confirmatory::B7GXU5
PF00547	confirmatory::B7K906
PF00547	confirmatory::B7V1S8
PF00547	confirmatory::B8EPV1
PF00547	confirmatory::B8GQ24
PF00547	confirmatory::B8HA05
PF00547	confirmatory::B8HW52
PF00547	confirmatory::B9DLX8
PF00547	confirmatory::B9J8M6
PF00547	confirmatory::B9KK51
PF00547	confirmatory::C1APC5
PF00547	confirmatory::C1AXZ0
PF00547	confirmatory::C1D5Z6
PF00547	confirmatory::C1DNK6
PF00547	confirmatory::C3K5A5
PF00547	confirmatory::C3MGX6
PF00547	confirmatory::C4LF65
PF00547	confirmatory::C4LIA9
PF00547	confirmatory::C5BDC2
PF00547	confirmatory::C5C8U1
PF00547	confirmatory::C5CXZ7
PF00547	confirmatory::O30334
PF00547	confirmatory::O54418
PF00547	confirmatory::O86507
PF00547	confirmatory::O87400
PF00547	confirmatory::P07374
PF00547	confirmatory::P0A4U0
PF00547	confirmatory::P0A4U1
PF00547	confirmatory::P0A677
PF00547	confirmatory::P0C121
PF00547	confirmatory::P0C7K9
PF00547	confirmatory::P0CB02
PF00547	confirmatory::P14916
PF00547	confirmatory::P16124
PF00547	confirmatory::P17088
PF00547	confirmatory::P18316
PF00547	confirmatory::P31496
PF00547	confirmatory::P42822
PF00547	confirmatory::P42887
PF00547	confirmatory::P44393
PF00547	confirmatory::P50044
PF00547	confirmatory::P67718
PF00547	confirmatory::P67719
PF00547	confirmatory::P67720
PF00547	confirmatory::P69994
PF00547	confirmatory::P69995
PF00547	confirmatory::P73796
PF00547	confirmatory::P75030
PF00547	confirmatory::P94667
PF00547	confirmatory::P9WFE6
PF00547	confirmatory::Q02943
PF00547	confirmatory::Q02FF4
PF00547	confirmatory::Q03282
PF00547	confirmatory::Q03ME5
PF00547	confirmatory::Q07399
PF00547	confirmatory::Q07K70
PF00547	confirmatory::Q0BHN3
PF00547	confirmatory::Q0BQ42
PF00547	confirmatory::Q0I658
PF00547	confirmatory::Q0RQR8
PF00547	confirmatory::Q0S4S9
PF00547	confirmatory::Q0VKX9
PF00547	confirmatory::Q12DU1
PF00547	confirmatory::Q144E2
PF00547	confirmatory::Q161T2
PF00547	confirmatory::Q17VS7
PF00547	confirmatory::Q18EB8
PF00547	confirmatory::Q1B870
PF00547	confirmatory::Q1BYH0
PF00547	confirmatory::Q1C5B5
PF00547	confirmatory::Q1CKK1
PF00547	confirmatory::Q1CV81
PF00547	confirmatory::Q1GJP6
PF00547	confirmatory::Q1IBP2
PF00547	confirmatory::Q1LPT2
PF00547	confirmatory::Q1MCV5
PF00547	confirmatory::Q1QC34
PF00547	confirmatory::Q1QCE2
PF00547	confirmatory::Q1QV51
PF00547	confirmatory::Q21P96
PF00547	confirmatory::Q28RK0
PF00547	confirmatory::Q2FEK5
PF00547	confirmatory::Q2FVW5
PF00547	confirmatory::Q2IZ52
PF00547	confirmatory::Q2JJ72
PF00547	confirmatory::Q2K512
PF00547	confirmatory::Q2SDQ3
PF00547	confirmatory::Q2SYF5
PF00547	confirmatory::Q2Y9M9
PF00547	confirmatory::Q2YQE0
PF00547	confirmatory::Q2YYQ8
PF00547	confirmatory::Q31B51
PF00547	confirmatory::Q3AGD2
PF00547	confirmatory::Q3AVR3
PF00547	confirmatory::Q3IH70
PF00547	confirmatory::Q3IRZ4
PF00547	confirmatory::Q3J768
PF00547	confirmatory::Q3JPJ8
PF00547	confirmatory::Q3M709
PF00547	confirmatory::Q46IY5
PF00547	confirmatory::Q473R2
PF00547	confirmatory::Q47G53
PF00547	confirmatory::Q48DF0
PF00547	confirmatory::Q492E7
PF00547	confirmatory::Q4A0J3
PF00547	confirmatory::Q4KJ06
PF00547	confirmatory::Q4ZN10
PF00547	confirmatory::Q4ZUD1
PF00547	confirmatory::Q55053
PF00547	confirmatory::Q57CF0
PF00547	confirmatory::Q5FB24
PF00547	confirmatory::Q5HDS0
PF00547	confirmatory::Q5HLW3
PF00547	confirmatory::Q5KYL9
PF00547	confirmatory::Q5LSQ4
PF00547	confirmatory::Q5M1G8
PF00547	confirmatory::Q5M609
PF00547	confirmatory::Q5YWS0
PF00547	confirmatory::Q62HS2
PF00547	confirmatory::Q63RL5
PF00547	confirmatory::Q6FD85
PF00547	confirmatory::Q6G734
PF00547	confirmatory::Q6GEE6
PF00547	confirmatory::Q6N3N0
PF00547	confirmatory::Q6UR35
PF00547	confirmatory::Q6UR44
PF00547	confirmatory::Q6UR53
PF00547	confirmatory::Q6UR62
PF00547	confirmatory::Q6UR78
PF00547	confirmatory::Q6UR86
PF00547	confirmatory::Q75ZQ4
PF00547	confirmatory::Q7N4Y9
PF00547	confirmatory::Q7U3I5
PF00547	confirmatory::Q7V1B4
PF00547	confirmatory::Q7VRS4
PF00547	confirmatory::Q7VUD0
PF00547	confirmatory::Q826S1
PF00547	confirmatory::Q82JN8
PF00547	confirmatory::Q83U21
PF00547	confirmatory::Q87VP4
PF00547	confirmatory::Q883F3
PF00547	confirmatory::Q88J06
PF00547	confirmatory::Q89UG3
PF00547	confirmatory::Q8FZW4
PF00547	confirmatory::Q8G2Q0
PF00547	confirmatory::Q8GH98
PF00547	confirmatory::Q8RPY7
PF00547	confirmatory::Q8UCS6
PF00547	confirmatory::Q8XAG2
PF00547	confirmatory::Q8XXS8
PF00547	confirmatory::Q8YF71
PF00547	confirmatory::Q8YHZ6
PF00547	confirmatory::Q93PJ5
PF00547	confirmatory::Q972V9
PF00547	confirmatory::Q9AQT6
PF00547	confirmatory::Q9FAS7
PF00547	confirmatory::Q9KG61
PF00547	confirmatory::Q9RYJ3
PF00547	confirmatory::Q9Z395
PF00547	discovery::A0L6F0
PF00547	discovery::Q733J4
PF00551	confirmatory::O75891
PF00551	confirmatory::Q3SY69
PF00551	confirmatory::Q8K009
PF00571	confirmatory::Q54318
PF00699	confirmatory::B6JPH6
PF00699	confirmatory::O86507
PF00699	confirmatory::P07374
PF00699	confirmatory::P14916
PF00699	confirmatory::P42822
PF00699	confirmatory::P50044
PF00699	confirmatory::Q17VS7
PF00699	confirmatory::Q1CV81
PF00699	confirmatory::Q4ZUD1
PF00699	confirmatory::Q5FB24
PF00699	confirmatory::Q82JN8
PF00699	confirmatory::Q883F3
PF00699	confirmatory::Q8GH98
PF00699	confirmatory::Q93PJ5
PF00699	confirmatory::Q972V9
PF00699	confirmatory::Q9RYJ3
PF00857	confirmatory::P0ADI4
PF00918	confirmatory::E2E4E4
PF01033	confirmatory::J3SEZ3
PF01160	confirmatory::P0DP56
PF01324	confirmatory::P00588
PF01338	confirmatory::O32322
PF01372	confirmatory::Q8LW54
PF01382	confirmatory::P49013
PF01391	confirmatory::D8VNS9
PF01391	confirmatory::O02659
PF01391	confirmatory::P08661
PF01391	confirmatory::P11226
PF01391	confirmatory::P23805
PF01391	confirmatory::P35246
PF01391	confirmatory::P35247
PF01391	confirmatory::P39039
PF01391	confirmatory::P41317
PF01391	confirmatory::P50404
PF01391	confirmatory::Q17QH6
PF01391	confirmatory::Q1PBC5
PF01391	confirmatory::Q2LK94
PF01391	confirmatory::Q3SXB8
PF01391	confirmatory::Q5U3G1
PF01391	confirmatory::Q66S50
PF01391	confirmatory::Q66S61
PF01391	confirmatory::Q66S62
PF01391	confirmatory::Q66S63
PF01391	confirmatory::Q8CF98
PF01391	confirmatory::Q98TA4
PF01391	confirmatory::Q9BWP8
PF01391	confirmatory::Q9Y6Z7
PF01452	confirmatory::Q8V790
PF01529	confirmatory::E9PTT0
PF01529	confirmatory::Q09701
PF01529	confirmatory::Q554E7
PF01529	confirmatory::Q6C520
PF01529	confirmatory::Q8T2Q0
PF01529	confirmatory::Q9VUW9
PF01562	confirmatory::Q9UP79
PF01809	confirmatory::Q44066
PF02048	confirmatory::P0A4M4
PF02048	confirmatory::P74977
PF02158	confirmatory::Q02297
PF02764	confirmatory::P00588
PF02861	confirmatory::Q54316
PF02911	confirmatory::O75891
PF02911	confirmatory::Q3SY69
PF02911	confirmatory::Q8K009
PF03032	confirmatory::P84900
PF03128	confirmatory::O43915
PF03128	confirmatory::P49767
PF03303	confirmatory::A0A482AQK7
PF03303	confirmatory::A0A482ARP7
PF03471	confirmatory::Q54318
PF03534	confirmatory::P24419
PF03545	confirmatory::Q93Q17
PF03782	confirmatory::A2ATD1
PF03782	confirmatory::B1AKI9
PF03782	confirmatory::Q58T08
PF03782	confirmatory::Q5EGE1
PF03782	confirmatory::Q6H9L7
PF03782	discovery::Q8QFV1
PF03945	discovery::O87906
PF03945	discovery::Q45744
PF03945	discovery::Q45755
PF03945	discovery::Q9S597
PF03945	discovery::Q9ZIU5
PF04043	confirmatory::Q1JPL7
PF04152	confirmatory::G0RYR3
PF04152	confirmatory::P32829
PF04152	confirmatory::P49959
PF04152	confirmatory::Q23255
PF04152	confirmatory::Q60HE6
PF04152	confirmatory::Q7XQR9
PF04152	confirmatory::Q9C291
PF04152	confirmatory::Q9IAM7
PF04152	confirmatory::Q9JIM0
PF04152	confirmatory::Q9UVN9
PF04152	confirmatory::Q9W6K1
PF04152	confirmatory::Q9XGM2
PF04152	discovery::Q61216
PF04233	confirmatory::Q838U8
PF04692	confirmatory::P01128
PF04692	confirmatory::P04085
PF04692	confirmatory::P12919
PF04692	confirmatory::P13698
PF04692	confirmatory::P20033
PF04692	confirmatory::P28576
PF04692	confirmatory::P31240
PF04692	confirmatory::P34007
PF04692	confirmatory::Q2KJ15
PF04692	confirmatory::Q6Q7I7
PF04692	confirmatory::Q95229
PF04886	confirmatory::O18733
PF04886	confirmatory::P41245
PF04886	confirmatory::P50282
PF04886	confirmatory::P52176
PF05011	confirmatory::O13765
PF05011	confirmatory::P24309
PF05011	confirmatory::Q6AU07
PF05011	confirmatory::Q7T3E4
PF05011	confirmatory::Q923B1
PF05011	confirmatory::Q94K01
PF05298	confirmatory::Q8JHE1
PF05372	confirmatory::Q8NVK6
PF05431	confirmatory::Q939S9
PF05480	confirmatory::P85224
PF05506	confirmatory::P06200
PF05791	confirmatory::P80172
PF05986	confirmatory::Q3UTY6
PF05986	confirmatory::Q6ZMM2
PF05986	confirmatory::Q6ZMP0
PF05986	confirmatory::Q7TSK7
PF05986	confirmatory::Q86TH1
PF05986	confirmatory::Q9ESP7
PF05986	confirmatory::Q9R001
PF05986	confirmatory::Q9UNA0
PF05986	confirmatory::Q9UP79
PF06109	confirmatory::Q93RR6
PF06128	confirmatory::Q8VSL8
PF06377	confirmatory::P0DQF6
PF06457	confirmatory::P49344
PF06479	confirmatory::Q05921
PF06480	confirmatory::O80860
PF06480	confirmatory::P0AAI3
PF06480	confirmatory::P37476
PF06480	confirmatory::P40341
PF06480	confirmatory::P9WQN3
PF06480	confirmatory::Q1PDW5
PF06480	confirmatory::Q2KJI7
PF06480	confirmatory::Q3ULF4
PF06480	confirmatory::Q55700
PF06480	confirmatory::Q5SI82
PF06480	confirmatory::Q67WJ2
PF06480	confirmatory::Q8JZQ2
PF06480	confirmatory::Q8W585
PF06480	confirmatory::Q920A7
PF06480	confirmatory::Q9M895
PF06480	confirmatory::Q9N3T5
PF06480	confirmatory::Q9UQ90
PF06480	confirmatory::Q9WZ49
PF06480	confirmatory::Q9Y4W6
PF06753	discovery::Q7T3L1
PF06766	confirmatory::Q06153
PF07365	discovery::A0A068B409
PF07425	confirmatory::P81862
PF07442	confirmatory::P0DSI8
PF07771	confirmatory::C0HMC3
PF07771	confirmatory::Q4PMS3
PF07822	confirmatory::P01526
PF07906	confirmatory::Q99Q01
PF08036	confirmatory::P0DQJ0
PF08096	confirmatory::P07493
PF08097	confirmatory::P58849
PF08116	confirmatory::P84018
PF08121	confirmatory::P58930
PF08251	confirmatory::P0DRA7
PF08251	confirmatory::P69034
PF08251	confirmatory::P69036
PF08344	confirmatory::O35119
PF08344	confirmatory::P79100
PF08344	confirmatory::Q9QUQ5
PF08344	confirmatory::Q9QX29
PF08344	confirmatory::Q9UL62
PF08344	discovery::Q9UBN4
PF08365	confirmatory::P01344
PF08365	confirmatory::P01346
PF08365	confirmatory::P07456
PF08365	confirmatory::P09535
PF08365	confirmatory::P33717
PF08365	confirmatory::P51459
PF08519	confirmatory::O60182
PF08519	confirmatory::P35600
PF08519	confirmatory::P38630
PF08519	confirmatory::Q9C587
PF08674	confirmatory::Q92035
PF08686	confirmatory::Q3UTY6
PF08686	confirmatory::Q6ZMP0
PF08686	confirmatory::Q7TSK7
PF08686	confirmatory::Q86TH1
PF08702	confirmatory::E9PV24
PF08702	confirmatory::P02671
PF08702	confirmatory::P02676
PF08702	confirmatory::P02678
PF08702	confirmatory::P02679
PF08702	confirmatory::P04115
PF08702	confirmatory::P06399
PF08702	confirmatory::P12799
PF08702	confirmatory::P14448
PF08702	confirmatory::P14480
PF08702	confirmatory::P17634
PF08702	confirmatory::P33573
PF08702	confirmatory::Q02020
PF08702	confirmatory::Q8K0E8
PF08702	confirmatory::Q8VCM7
PF08740	confirmatory::P32839
PF08740	confirmatory::Q9CZP5
PF08740	confirmatory::Q9Y276
PF08742	discovery::P98089
PF09006	confirmatory::P23805
PF09006	confirmatory::P35246
PF09006	confirmatory::P35247
PF09006	confirmatory::P50404
PF09006	confirmatory::Q1PBC5
PF09075	confirmatory::P22542
PF10550	confirmatory::P0C8E2
PF10550	confirmatory::P17684
PF10731	confirmatory::Q7Q3R9
PF10734	confirmatory::P38441
PF10753	confirmatory::P64454
PF11598	confirmatory::P35443
PF11598	confirmatory::P49744
PF11598	confirmatory::Q3SWW8
PF11598	confirmatory::Q9Z1T2
PF11857	confirmatory::O35548
PF11857	confirmatory::O54732
PF11857	confirmatory::P51511
PF11857	confirmatory::P51512
PF11857	confirmatory::P53690
PF11857	confirmatory::Q10739
PF11857	confirmatory::Q95220
PF11857	confirmatory::Q99PW6
PF11857	confirmatory::Q9GLE4
PF11857	confirmatory::Q9R0S2
PF11857	confirmatory::Q9WTR0
PF11857	confirmatory::Q9Y5R2
PF11857	discovery::Q9XT90
PF11901	confirmatory::Q66S21
PF12001	confirmatory::Q8IVF6
PF12037	confirmatory::Q20748
PF12037	confirmatory::Q3KRE0
PF12037	confirmatory::Q925I1
PF12037	confirmatory::Q9NVI7
PF12075	confirmatory::Q1LZH7
PF12075	confirmatory::Q63ZY3
PF12075	confirmatory::Q8BX02
PF12160	confirmatory::E9PV24
PF12160	confirmatory::P02671
PF12160	confirmatory::P06399
PF12160	confirmatory::P14448
PF12177	confirmatory::P28840
PF12177	confirmatory::P29120
PF12177	confirmatory::P63239
PF12177	confirmatory::P63240
PF12177	confirmatory::Q9GLR1
PF12313	confirmatory::Q0JJ01
PF12320	confirmatory::P0AG76
PF12901	confirmatory::O75534
PF12901	confirmatory::P18395
PF12901	confirmatory::P29174
PF12901	confirmatory::Q91W50
PF13665	confirmatory::P0DXX9
PF13734	confirmatory::Q48R29
PF14008	confirmatory::A5D6U8
PF14008	confirmatory::O23244
PF14008	confirmatory::O48840
PF14008	confirmatory::Q09131
PF14008	confirmatory::Q12546
PF14008	confirmatory::Q38924
PF14008	confirmatory::Q6ZNF0
PF14008	confirmatory::Q8BX37
PF14008	confirmatory::Q8H1R2
PF14008	confirmatory::Q949Y3
PF14008	confirmatory::Q9C510
PF14008	confirmatory::Q9C927
PF14008	confirmatory::Q9LMG7
PF14008	confirmatory::Q9LMX4
PF14008	confirmatory::Q9LX83
PF14008	confirmatory::Q9LXI7
PF14008	confirmatory::Q9SE00
PF14008	confirmatory::Q9SI18
PF14008	confirmatory::Q9SIV9
PF14008	discovery::Q5MAU8
PF14008	discovery::Q93WP4
PF14363	confirmatory::Q8VZG2
PF14363	confirmatory::Q9FLD5
PF14449	confirmatory::P42296
PF14625	confirmatory::O62247
PF14915	confirmatory::Q4UJ75
PF14915	confirmatory::Q8IVF6
PF15430	discovery::D2CFI7
PF15430	discovery::H2CYP1
PF15430	discovery::P0DQG5
PF16030	confirmatory::O62589
PF16376	discovery::P54355
PF16725	confirmatory::O15381
PF16725	confirmatory::Q9NAG4
PF16725	discovery::Q9DBY8
PF16891	confirmatory::B0XUR7
PF16891	confirmatory::O02658
PF16891	confirmatory::O15757
PF16891	confirmatory::O82733
PF16891	confirmatory::O82734
PF16891	confirmatory::P12982
PF16891	confirmatory::P13681
PF16891	confirmatory::P20654
PF16891	confirmatory::P23880
PF16891	confirmatory::P26570
PF16891	confirmatory::P32598
PF16891	confirmatory::P32945
PF16891	confirmatory::P36873
PF16891	confirmatory::P36874
PF16891	confirmatory::P48461
PF16891	confirmatory::P48462
PF16891	confirmatory::P48482
PF16891	confirmatory::P48483
PF16891	confirmatory::P48484
PF16891	confirmatory::P48485
PF16891	confirmatory::P48486
PF16891	confirmatory::P48727
PF16891	confirmatory::P61287
PF16891	confirmatory::P61292
PF16891	confirmatory::P62136
PF16891	confirmatory::P62137
PF16891	confirmatory::P62138
PF16891	confirmatory::P62139
PF16891	confirmatory::P62140
PF16891	confirmatory::P62142
PF16891	confirmatory::P62143
PF16891	confirmatory::P63088
PF16891	confirmatory::P78968
PF16891	confirmatory::P91420
PF16891	confirmatory::Q05547
PF16891	confirmatory::Q27497
PF16891	confirmatory::Q3SWW9
PF16891	confirmatory::Q3T0E7
PF16891	confirmatory::Q5R740
PF16891	confirmatory::Q627N3
PF16891	confirmatory::Q6GQL2
PF16891	confirmatory::Q6NVU2
PF16891	confirmatory::Q8MJ47
PF16891	confirmatory::Q8WMS6
PF16891	confirmatory::Q9LR78
PF16891	confirmatory::Q9M9W3
PF17217	confirmatory::C5IAW9
PF17217	confirmatory::F1LW30
PF17217	confirmatory::O08721
PF17217	confirmatory::O08722
PF17217	confirmatory::O08747
PF17217	confirmatory::O95185
PF17217	confirmatory::Q26261
PF17217	confirmatory::Q6UXZ4
PF17217	confirmatory::Q761X5
PF17217	confirmatory::Q7T2Z5
PF17217	confirmatory::Q8IZJ1
PF17217	confirmatory::Q8JGT4
PF17217	confirmatory::Q8K1S2
PF17217	confirmatory::Q8K1S3
PF17440	confirmatory::Q53957
PF17521	confirmatory::A0A0K1YW63
PF17521	confirmatory::I1VC85
PF17556	confirmatory::Q8MTX1
PF17557	discovery::P0C255
PF18213	confirmatory::A0A509AM03
PF18213	confirmatory::E6Y8B9
PF18213	confirmatory::O61142
PF18213	confirmatory::Q8I0V0
PF18213	confirmatory::W7K9M0
PF18473	confirmatory::P07374
PF18487	confirmatory::P27918
PF18487	confirmatory::Q5RBP8
PF18487	confirmatory::Q64181
PF19272	confirmatory::P58242
PF19272	confirmatory::P70158
PF19272	confirmatory::Q04519
PF19272	confirmatory::Q0VD19
PF19272	confirmatory::Q10916
PF19272	confirmatory::Q23498
PF19272	confirmatory::Q3ZC91
PF19272	confirmatory::Q54SR8
PF19272	confirmatory::Q55GC7
PF19272	confirmatory::Q641Z7
PF19272	confirmatory::Q92485
PF19272	discovery::P17405
PF19330	confirmatory::Q8JZM4
PF19330	confirmatory::Q8NFT8
PF19338	confirmatory::Q1KN10
PF19338	confirmatory::Q1KN12
PF19338	confirmatory::Q1KN16
PF19338	confirmatory::Q1KN19
PF19338	confirmatory::Q1KN21
PF19338	confirmatory::Q1KN23
PF19338	confirmatory::Q1X6X8
PF19338	confirmatory::Q1X6X9
PF19338	confirmatory::Q1X6Y1
PF19338	confirmatory::Q1X6Y2
PF19338	confirmatory::Q1X6Y3
PF19338	confirmatory::Q1X6Y5
PF19338	confirmatory::Q1X6Y7
PF19338	confirmatory::Q1X6Y8
PF19338	confirmatory::Q1X6Y9
PF19338	confirmatory::Q1X6Z0
PF19338	confirmatory::Q1X6Z1
PF19338	confirmatory::Q1X6Z2
PF19338	confirmatory::Q1X6Z3
PF19338	confirmatory::Q1X6Z4
PF20241	discovery::Q00531
PF20798	confirmatory::A0A3Z7J6R4
PF20890	confirmatory::C4M1P9
PF21109	confirmatory::A0ZSK3
PF21201	confirmatory::P56587
PF22411	confirmatory::Q8U1N9
PF22990	confirmatory::Q1JPD2
PF22990	confirmatory::Q4R8P0
PF22990	confirmatory::Q5R6S0
PF22990	confirmatory::Q6MG55
PF22990	confirmatory::Q9Z1Q2
