scenario,scenario_id,diagnostic_seed,target_n,tau,tau_index,rho,rho_index,selected_C_R2,K_t_full,K_t_stab,stability_support_indices_json,stability_signed_support_json,stability_positive_membership_json,stability_negative_membership_json,stability_membership_sha256,stability_n_per_class,stage_A_final_fit_seed,stage_B_fit_seed,stability_subsample_seed_identity_json,stability_fit_seed,dataset_seed,planted_sign_instability_idx_json,planted_coordinate_signs_json
S7,7,930001,139,2.23606797749979,6,,0,0.1,62,39,"[0,1,2,3,4,14,69,72,84,101,221,238,284,341,400,429,435,445,458,604,619,660,693,762,828,831,843,898,916,945,951,970,1015,1092,1122,1175,1198,1235,1238]","[[0,1],[1,1],[2,-1],[3,1],[4,-1],[14,-1],[69,-1],[72,-1],[84,-1],[101,1],[221,-1],[238,-1],[284,-1],[341,-1],[400,1],[429,-1],[435,1],[445,-1],[458,-1],[604,1],[619,1],[660,1],[693,1],[762,-1],[828,-1],[831,1],[843,1],[898,-1],[916,-1],[945,1],[951,1],[970,1],[1015,1],[1092,1],[1122,1],[1175,1],[1198,1],[1235,-1],[1238,1]]","[40,52,125,97,71,55,28,136,87,124,23,51,86,63,15,103,81,83,113,27,98,84,134,18,61,65,0,60,48,46,131,5,21,106,138,127,53,100,82,99,19,68,120,132,116,75,112,108,93,7,133,89,12,70,49,20,109,33,37,102,62,128,11,9,80,10,119,110,123,47,14,118,1,79,104,85,107,74,38,43,76,56,91,95,50,31,67,29,45,96,54,78,25,2,126,137,34,35,59,105,117,44,4,22,36,122,114,58,17,13,16]","[245,223,176,257,174,191,226,139,217,273,185,167,199,253,164,202,249,175,267,211,156,182,194,244,206,140,166,154,241,178,157,173,218,235,204,158,250,151,272,183,198,197,246,152,275,261,234,256,193,143,192,165,208,224,239,243,237,180,260,179,254,270,264,255,177,221,189,188,259,266,225,172,161,236,213,163,232,170,274,238,248,227,277,230,168,251,216,142,233,171,144,231,219,195,190,252,150,207,160,265,271,276,145,209,269,184,200,247,229,214,263]",4925a10c843ea752a59ada3a3921a74213d7e532ec7fc6c2cb08efdec83eafbe,111,2206935515,3635190021,"[930001,7,6,0,139,200,26]",3499823530,2366898654,[5],"{""5"":0}"
S7,7,930002,139,2.23606797749979,6,,0,0.1,62,44,"[0,1,2,3,4,5,44,84,134,205,221,230,231,239,415,423,433,435,532,569,581,604,619,660,769,797,831,898,905,916,917,934,951,989,1015,1035,1040,1137,1163,1182,1198,1222,1233,1248]","[[0,1],[1,1],[2,-1],[3,1],[4,-1],[5,1],[44,1],[84,-1],[134,-1],[205,1],[221,-1],[230,1],[231,-1],[239,1],[415,1],[423,-1],[433,1],[435,1],[532,-1],[569,-1],[581,-1],[604,1],[619,1],[660,1],[769,1],[797,1],[831,1],[898,-1],[905,1],[916,-1],[917,-1],[934,1],[951,1],[989,1],[1015,1],[1035,-1],[1040,-1],[1137,1],[1163,1],[1182,1],[1198,1],[1222,1],[1233,1],[1248,-1]]","[7,12,119,135,54,95,131,43,76,24,67,17,130,92,10,53,70,78,97,72,32,107,29,80,8,57,85,52,124,14,94,21,23,48,45,129,68,20,74,102,11,33,59,62,103,28,106,111,81,26,39,134,110,4,112,2,114,65,104,71,101,133,86,63,41,136,77,15,108,75,132,90,35,123,61,91,118,1,42,66,88,87,82,127,22,84,105,16,122,5,137,9,64,49,0,50,40,37,89,128,120,31,38,79,19,125,115,6,116,69,44]","[158,146,260,274,205,156,218,173,177,262,227,168,275,199,217,147,232,159,234,180,248,215,145,167,179,256,264,140,191,258,251,259,192,222,211,270,186,143,272,202,253,160,266,169,206,252,141,148,238,254,149,176,261,219,276,257,174,164,231,233,268,240,197,255,182,244,150,271,224,207,277,265,210,245,142,225,226,263,243,139,237,212,209,204,178,172,185,247,242,246,181,151,157,249,187,267,193,183,184,208,229,196,214,153,198,165,200,269,235,213,241]",20318008a7c5ca9951142707912f9055f2b354012b3fbfe7197da059189bdcbe,111,4137156501,3697196004,"[930002,7,6,0,139,200,26]",1357092792,2366898654,[5],"{""5"":1}"
S7,7,930003,139,2.23606797749979,6,,0,0.1,62,48,"[0,1,2,3,4,5,43,44,79,84,134,205,221,231,301,341,411,415,423,429,433,435,510,521,604,619,637,693,762,795,811,828,898,945,951,970,979,983,1033,1040,1089,1137,1163,1182,1238,1249,1265,1267]","[[0,1],[1,1],[2,-1],[3,1],[4,-1],[5,1],[43,1],[44,1],[79,-1],[84,-1],[134,-1],[205,1],[221,-1],[231,-1],[301,1],[341,-1],[411,-1],[415,1],[423,-1],[429,-1],[433,1],[435,1],[510,-1],[521,1],[604,1],[619,1],[637,1],[693,1],[762,-1],[795,-1],[811,-1],[828,-1],[898,-1],[945,1],[951,1],[970,1],[979,1],[983,1],[1033,1],[1040,-1],[1089,1],[1137,1],[1163,1],[1182,1],[1238,1],[1249,-1],[1265,-1],[1267,-1]]","[112,23,92,77,135,26,54,71,41,56,35,47,6,93,45,20,70,25,44,27,120,57,106,125,83,131,32,122,65,66,40,118,80,116,87,19,132,85,4,13,76,21,138,82,11,50,100,136,123,117,1,104,69,75,42,36,102,113,34,9,60,58,81,0,12,107,101,126,134,72,94,97,55,39,5,84,2,133,30,103,15,67,124,28,108,38,8,127,22,88,7,16,128,46,74,18,119,63,95,24,105,10,17,61,89,78,53,31,73,137,91]","[140,248,177,275,144,213,184,217,192,152,219,269,171,189,244,163,207,225,235,185,164,210,160,258,229,196,158,178,181,237,271,201,236,268,218,240,252,199,264,186,172,253,257,154,231,182,209,266,206,243,221,208,142,193,276,197,147,176,262,265,263,277,259,170,230,274,254,226,273,227,198,149,174,146,205,143,175,228,224,187,270,153,202,156,161,272,260,267,165,222,180,155,173,256,247,139,215,211,179,169,261,195,204,250,148,242,168,167,223,232,159]",d036fde761021fdff76ea629daf3226fa5e3be1ea707739335d0140486ffd0aa,111,1782756839,1958932895,"[930003,7,6,0,139,200,26]",1890403993,2366898654,[5],"{""5"":1}"
S7,7,930004,139,2.23606797749979,6,,0,0.1,62,53,"[0,1,2,3,4,18,44,79,84,87,176,205,217,221,231,238,284,320,341,402,411,423,441,444,445,446,604,619,625,663,664,693,721,762,811,831,862,878,898,930,936,942,951,958,970,979,1015,1049,1175,1182,1235,1236,1242]","[[0,1],[1,1],[2,-1],[3,1],[4,-1],[18,-1],[44,1],[79,-1],[84,-1],[87,1],[176,1],[205,1],[217,1],[221,-1],[231,-1],[238,-1],[284,-1],[320,-1],[341,-1],[402,-1],[411,-1],[423,-1],[441,-1],[444,-1],[445,-1],[446,1],[604,1],[619,1],[625,1],[663,-1],[664,1],[693,1],[721,1],[762,-1],[811,-1],[831,1],[862,1],[878,-1],[898,-1],[930,1],[936,1],[942,-1],[951,1],[958,1],[970,1],[979,1],[1015,1],[1049,-1],[1175,1],[1182,1],[1235,-1],[1236,1],[1242,1]]","[41,12,130,101,44,127,121,104,39,105,56,84,24,42,74,21,61,17,28,47,69,23,81,8,102,57,14,40,55,86,124,95,20,99,89,71,6,78,11,31,9,70,54,100,65,106,137,114,82,131,10,73,0,117,120,118,110,80,79,27,111,88,68,52,125,122,35,135,63,97,60,91,19,22,115,90,77,87,138,93,25,29,30,134,16,107,133,98,113,18,83,34,129,58,36,4,66,132,94,45,75,109,96,53,5,37,15,116,26,103,46]","[204,173,215,192,166,227,169,206,168,141,244,250,235,266,171,224,151,182,209,177,260,229,247,193,184,258,186,195,202,211,226,271,273,146,185,245,238,167,225,176,239,252,268,188,155,272,269,143,234,179,207,174,232,157,189,219,221,213,201,158,198,261,147,191,217,255,162,236,187,216,161,163,242,237,165,205,264,203,180,200,153,259,178,231,170,152,274,220,257,254,241,175,233,156,159,270,223,251,262,149,249,199,150,142,214,275,265,243,230,164,160]",043bd42d664f09d3278165ee57497253176d20dacbac1410e5dc1f4f123fd04a,111,3950765086,1307983290,"[930004,7,6,0,139,200,26]",2975533799,2366898654,[5],"{""5"":0}"
S7,7,930005,139,2.23606797749979,6,,0,0.1,62,44,"[0,1,2,3,4,44,72,84,87,97,134,176,221,231,247,341,411,435,441,444,446,467,604,619,660,693,795,806,831,843,866,878,898,905,951,958,1034,1042,1058,1160,1163,1235,1242,1248]","[[0,1],[1,1],[2,-1],[3,1],[4,-1],[44,1],[72,-1],[84,-1],[87,1],[97,-1],[134,-1],[176,1],[221,-1],[231,-1],[247,1],[341,-1],[411,-1],[435,1],[441,-1],[444,-1],[446,1],[467,1],[604,1],[619,1],[660,1],[693,1],[795,-1],[806,1],[831,1],[843,1],[866,1],[878,-1],[898,-1],[905,1],[951,1],[958,1],[1034,-1],[1042,1],[1058,-1],[1160,1],[1163,1],[1235,-1],[1242,1],[1248,-1]]","[84,117,60,33,21,15,39,108,55,28,47,27,93,7,31,9,18,128,68,113,115,34,23,78,111,71,101,29,40,124,91,92,83,3,0,13,36,125,95,80,105,2,86,116,126,121,129,22,107,127,82,74,37,48,77,99,56,90,35,70,51,130,46,112,19,11,66,49,118,50,38,16,131,88,41,57,24,132,75,30,5,25,123,97,6,69,45,32,87,76,106,44,61,120,20,8,54,85,62,17,96,138,98,52,67,109,72,135,136,104,10]","[240,237,246,194,249,234,239,253,258,180,184,172,232,198,161,139,254,176,142,247,214,206,211,227,175,154,203,174,217,208,252,167,166,179,245,204,192,152,270,273,169,263,233,173,264,250,185,265,251,256,238,141,277,195,168,159,182,190,202,148,267,241,155,212,144,189,274,191,220,157,145,276,149,150,197,243,225,143,156,215,226,229,187,183,218,255,163,268,262,158,223,140,196,228,222,257,200,162,146,186,236,259,178,188,271,260,230,269,275,201,242]",3dbeb152abb73072774f0d15ef6be53ec7e347226db97153d7738b5352fa4a8b,111,435403550,1595620648,"[930005,7,6,0,139,200,26]",4106275403,2366898654,[5],"{""5"":0}"
S7,7,930006,139,2.23606797749979,6,,0,0.1,62,44,"[0,1,2,3,4,5,84,187,188,213,221,238,247,284,301,327,341,400,435,445,491,604,619,656,660,693,811,828,831,843,862,878,898,927,979,1015,1057,1160,1175,1182,1198,1216,1235,1242]","[[0,1],[1,1],[2,-1],[3,1],[4,-1],[5,-1],[84,-1],[187,1],[188,1],[213,1],[221,-1],[238,-1],[247,1],[284,-1],[301,1],[327,1],[341,-1],[400,1],[435,1],[445,-1],[491,1],[604,1],[619,1],[656,-1],[660,1],[693,1],[811,-1],[828,-1],[831,1],[843,1],[862,1],[878,-1],[898,-1],[927,-1],[979,1],[1015,1],[1057,1],[1160,1],[1175,1],[1182,1],[1198,1],[1216,1],[1235,-1],[1242,1]]","[105,65,52,119,98,30,124,49,4,99,64,62,113,18,125,35,89,8,47,135,66,25,61,130,2,29,83,120,101,28,56,114,107,17,67,13,129,20,122,138,110,45,74,15,50,16,59,70,109,137,116,117,85,23,84,100,31,121,91,72,43,33,10,44,127,90,14,76,95,7,12,37,54,103,111,132,60,92,69,19,55,63,126,128,36,78,123,41,131,3,26,1,136,97,77,80,118,86,75,51,93,94,71,27,32,108,112,40,68,115,96]","[223,149,217,230,246,144,218,214,172,197,170,232,264,146,153,215,179,245,191,211,175,171,250,242,185,237,228,260,186,263,162,234,205,277,233,244,151,204,187,141,174,258,184,207,160,201,199,249,182,212,210,274,193,188,251,240,206,270,269,196,168,194,208,163,192,229,183,262,180,239,236,235,255,166,161,190,178,241,150,159,268,167,252,139,164,227,254,209,221,140,261,198,154,203,202,195,265,169,165,219,273,158,266,148,143,145,157,147,156,238,142]",4bbd467e36cd27220c998bd2490308059f7269712046661f60eef21d42065831,111,2257905351,2048637703,"[930006,7,6,0,139,200,26]",3867634379,2366898654,[5],"{""5"":-1}"
S7,7,930007,139,2.23606797749979,6,,0,0.1,62,49,"[0,1,2,3,4,10,18,44,84,87,101,115,134,211,221,231,263,284,293,301,370,400,435,459,517,569,604,619,637,652,664,693,710,831,843,898,945,951,959,975,1042,1049,1050,1156,1175,1182,1198,1216,1238]","[[0,1],[1,1],[2,-1],[3,1],[4,-1],[10,1],[18,-1],[44,1],[84,-1],[87,1],[101,1],[115,1],[134,-1],[211,1],[221,-1],[231,-1],[263,-1],[284,-1],[293,1],[301,1],[370,-1],[400,1],[435,1],[459,-1],[517,-1],[569,-1],[604,1],[619,1],[637,1],[652,1],[664,1],[693,1],[710,-1],[831,1],[843,1],[898,-1],[945,1],[951,1],[959,1],[975,1],[1042,1],[1049,-1],[1050,-1],[1156,-1],[1175,1],[1182,1],[1198,1],[1216,1],[1238,1]]","[72,6,124,87,129,131,67,8,77,65,117,44,42,26,59,104,71,118,33,92,0,11,17,10,3,32,64,125,54,51,83,73,84,61,95,86,130,40,113,7,12,80,91,85,62,102,96,107,89,55,111,82,120,66,103,41,134,106,116,101,58,23,4,119,127,99,16,110,128,39,15,5,9,27,133,135,37,75,22,122,25,49,1,50,138,78,126,52,21,14,43,47,94,98,28,60,34,57,18,20,81,114,35,63,121,48,19,45,74,31,29]","[253,190,147,211,264,208,272,175,195,241,229,186,232,265,165,176,185,142,180,184,210,198,196,236,250,162,237,171,243,274,181,166,167,259,150,224,218,260,262,215,220,242,188,247,217,249,268,156,204,154,140,191,177,159,228,234,230,164,222,205,183,221,254,193,231,157,139,143,276,161,168,270,169,182,173,266,163,263,219,151,189,178,158,146,160,144,194,209,214,257,174,233,256,225,172,275,192,255,149,227,201,239,226,179,251,202,258,170,235,223,199]",b0d8da0960b72abaa1f0899e3955744b438ce355e4f75a4c603a2e4a568cb94b,111,95019076,1009193897,"[930007,7,6,0,139,200,26]",1532782873,2366898654,[5],"{""5"":0}"
S7,7,930008,139,2.23606797749979,6,,0,0.1,62,49,"[0,1,2,3,4,5,10,45,84,87,134,211,221,231,238,242,251,263,280,284,327,341,423,435,441,444,459,491,521,544,566,569,589,604,619,660,693,795,831,853,878,892,898,934,951,999,1050,1057,1141]","[[0,1],[1,1],[2,-1],[3,1],[4,-1],[5,1],[10,1],[45,1],[84,-1],[87,1],[134,-1],[211,1],[221,-1],[231,-1],[238,-1],[242,-1],[251,-1],[263,-1],[280,-1],[284,-1],[327,1],[341,-1],[423,-1],[435,1],[441,-1],[444,-1],[459,-1],[491,1],[521,1],[544,-1],[566,-1],[569,-1],[589,-1],[604,1],[619,1],[660,1],[693,1],[795,-1],[831,1],[853,1],[878,-1],[892,1],[898,-1],[934,1],[951,1],[999,1],[1050,-1],[1057,1],[1141,1]]","[26,106,119,3,19,131,83,95,46,78,54,62,74,28,56,128,109,23,108,77,24,63,70,124,53,27,107,132,85,67,86,88,68,61,103,47,64,99,82,112,123,81,66,14,41,80,138,34,42,36,115,104,37,11,58,2,98,113,129,52,6,44,94,133,18,45,127,13,22,8,49,50,7,126,89,20,43,136,1,5,100,15,16,65,101,116,125,60,32,91,17,51,12,105,33,48,130,0,90,39,38,137,117,121,134,31,79,40,10,92,59]","[240,197,172,188,209,249,252,148,219,246,228,232,276,258,152,248,181,235,141,150,169,200,254,243,211,255,162,146,166,175,206,192,177,227,147,204,182,242,142,226,145,143,264,191,268,153,190,210,217,225,195,223,158,269,183,267,189,163,270,199,208,234,229,212,196,139,144,214,272,220,253,157,184,245,167,224,187,205,274,155,193,178,194,179,185,259,154,201,233,174,273,265,168,230,207,161,165,251,218,277,222,186,164,160,159,202,176,237,275,263,239]",f81ef9f9b564db4e1ec661728b8da24ae43f9e98c71acf1f106f82115b81af14,111,3852254682,1235787767,"[930008,7,6,0,139,200,26]",1449236030,2366898654,[5],"{""5"":1}"
S7,7,930009,139,2.23606797749979,6,,0,0.1,62,44,"[0,1,2,3,4,44,45,79,84,115,176,192,221,231,237,238,301,327,341,435,441,444,604,619,625,731,762,828,837,898,916,970,1034,1049,1137,1141,1160,1175,1182,1198,1216,1233,1242,1243]","[[0,1],[1,1],[2,-1],[3,1],[4,-1],[44,1],[45,1],[79,-1],[84,-1],[115,1],[176,1],[192,-1],[221,-1],[231,-1],[237,-1],[238,-1],[301,1],[327,1],[341,-1],[435,1],[441,-1],[444,-1],[604,1],[619,1],[625,1],[731,1],[762,-1],[828,-1],[837,-1],[898,-1],[916,-1],[970,1],[1034,-1],[1049,-1],[1137,1],[1141,1],[1160,1],[1175,1],[1182,1],[1198,1],[1216,1],[1233,1],[1242,1],[1243,-1]]","[59,89,76,50,80,90,130,63,84,39,71,121,22,69,102,28,82,92,125,2,98,60,105,116,115,7,72,55,81,133,64,128,107,23,58,37,103,44,42,74,135,112,21,14,101,48,0,27,94,43,118,30,53,129,120,67,56,11,31,40,122,12,110,123,3,41,119,49,75,70,78,52,18,100,1,29,47,96,97,5,45,15,26,16,66,9,86,32,65,113,77,73,134,68,36,35,24,4,137,17,95,6,38,108,104,132,124,57,13,136,25]","[209,255,232,241,208,267,247,187,248,237,275,159,207,167,236,212,140,200,157,204,170,240,176,160,185,143,172,193,152,192,257,258,213,252,150,254,164,242,225,171,234,265,271,146,270,179,188,206,163,269,216,189,250,224,274,201,194,169,151,153,162,228,219,178,256,220,243,260,166,156,264,181,223,191,149,199,262,174,268,230,249,238,205,273,211,251,263,195,182,276,277,272,218,145,144,180,229,239,154,245,165,203,214,210,222,148,246,184,231,177,155]",c0a0b0adf999cf104eb73c3d7b13292533b1a3973836eea5b73b59bbece71ec0,111,2231050292,3718640204,"[930009,7,6,0,139,200,26]",2135467833,2366898654,[5],"{""5"":0}"
S7,7,930010,139,2.23606797749979,6,,0,0.1,62,47,"[0,1,2,3,4,44,79,84,87,101,176,221,231,237,239,251,282,284,365,435,444,445,469,475,556,578,581,604,619,652,660,663,665,693,762,811,843,892,898,945,1023,1057,1125,1137,1189,1198,1237]","[[0,1],[1,1],[2,-1],[3,1],[4,-1],[44,1],[79,-1],[84,-1],[87,1],[101,1],[176,1],[221,-1],[231,-1],[237,-1],[239,1],[251,-1],[282,-1],[284,-1],[365,-1],[435,1],[444,-1],[445,-1],[469,-1],[475,1],[556,1],[578,-1],[581,-1],[604,1],[619,1],[652,1],[660,1],[663,-1],[665,-1],[693,1],[762,-1],[811,-1],[843,1],[892,1],[898,-1],[945,1],[1023,-1],[1057,1],[1125,-1],[1137,1],[1189,-1],[1198,1],[1237,-1]]","[6,97,88,61,126,98,69,109,56,45,92,87,80,94,60,66,31,104,58,22,128,118,20,57,81,17,74,32,85,72,28,86,33,84,99,100,132,15,77,55,40,68,47,41,36,111,2,1,37,16,59,122,131,50,96,110,79,21,54,105,95,18,73,70,78,11,7,30,63,90,130,108,52,53,121,138,133,46,51,23,35,49,25,102,117,44,113,67,107,116,9,89,13,12,48,91,62,14,65,123,101,26,125,38,127,4,34,42,120,136,135]","[265,252,143,206,271,169,150,264,166,199,153,173,181,178,145,256,203,237,207,233,197,227,214,218,195,192,221,148,165,151,193,261,154,140,191,244,216,231,156,245,262,158,167,213,259,232,248,249,161,155,255,168,269,268,223,242,204,205,177,202,229,170,215,157,253,250,190,176,188,184,194,160,217,224,171,212,238,187,260,272,266,180,208,267,240,225,234,144,174,175,239,139,185,226,276,146,251,201,246,149,186,162,198,211,277,263,220,142,228,274,183]",5402b82567e93c92f5ec2b2b941229b7036858d1cbed01f77d9c0e72ac5fd2b5,111,3953972886,1992074844,"[930010,7,6,0,139,200,26]",2078571331,2366898654,[5],"{""5"":0}"
S7,7,930011,139,2.23606797749979,6,,0,0.1,62,48,"[0,1,2,3,4,72,84,87,134,168,211,231,238,251,284,293,341,398,423,435,441,444,445,475,484,543,604,619,660,664,693,778,813,828,831,843,898,945,951,958,1137,1141,1163,1175,1182,1198,1222,1226]","[[0,1],[1,1],[2,-1],[3,1],[4,-1],[72,-1],[84,-1],[87,1],[134,-1],[168,-1],[211,1],[231,-1],[238,-1],[251,-1],[284,-1],[293,1],[341,-1],[398,1],[423,-1],[435,1],[441,-1],[444,-1],[445,-1],[475,1],[484,-1],[543,1],[604,1],[619,1],[660,1],[664,1],[693,1],[778,-1],[813,-1],[828,-1],[831,1],[843,1],[898,-1],[945,1],[951,1],[958,1],[1137,1],[1141,1],[1163,1],[1175,1],[1182,1],[1198,1],[1222,1],[1226,-1]]","[63,56,30,76,24,9,130,27,22,89,26,81,138,51,103,125,114,25,48,3,135,5,87,49,16,41,128,131,123,69,108,121,64,111,71,36,106,117,112,1,115,59,79,35,78,20,94,47,38,86,102,46,101,68,82,28,84,11,88,80,119,7,91,66,113,96,92,90,75,67,61,54,50,23,105,126,14,65,60,109,8,120,10,53,52,13,124,122,0,85,97,58,136,42,77,45,40,116,99,73,74,32,95,127,39,134,100,137,21,44,31]","[171,277,261,260,164,198,269,158,193,254,231,211,228,213,186,163,236,142,219,229,183,234,203,247,172,153,187,182,204,273,170,258,246,226,149,209,185,214,210,208,262,192,179,195,174,143,272,235,177,264,253,180,237,151,161,218,157,148,259,270,265,276,169,238,159,206,146,175,191,141,162,239,223,167,154,215,144,160,267,221,245,168,222,268,188,190,139,150,252,255,225,189,257,230,173,194,145,233,227,220,166,140,216,241,178,240,200,251,196,224,176]",19a053dc10f0305831bce37cb57e2e30570712d57282c912f7278d3520914206,111,3693835101,2929493626,"[930011,7,6,0,139,200,26]",1796878357,2366898654,[5],"{""5"":0}"
S7,7,930012,139,2.23606797749979,6,,0,0.1,62,48,"[0,1,2,3,4,10,18,84,85,87,101,134,192,211,221,231,235,239,242,247,271,284,341,423,435,444,445,604,619,637,660,693,731,747,828,831,839,864,892,945,951,1015,1042,1113,1125,1137,1238,1248]","[[0,1],[1,1],[2,-1],[3,1],[4,-1],[10,1],[18,-1],[84,-1],[85,1],[87,1],[101,1],[134,-1],[192,-1],[211,1],[221,-1],[231,-1],[235,-1],[239,1],[242,-1],[247,1],[271,1],[284,-1],[341,-1],[423,-1],[435,1],[444,-1],[445,-1],[604,1],[619,1],[637,1],[660,1],[693,1],[731,1],[747,-1],[828,-1],[831,1],[839,1],[864,1],[892,1],[945,1],[951,1],[1015,1],[1042,1],[1113,-1],[1125,-1],[1137,1],[1238,1],[1248,-1]]","[39,114,71,119,25,48,36,82,28,116,111,100,51,102,92,34,73,86,87,131,38,95,32,56,138,12,118,89,45,66,126,13,85,49,40,84,16,83,17,64,23,18,61,97,35,81,99,52,4,133,129,37,75,74,46,109,80,91,96,20,68,15,27,60,120,8,135,33,110,98,0,54,22,88,47,128,77,50,3,30,72,57,62,41,9,76,134,42,14,63,21,19,59,44,1,31,107,137,106,104,122,90,136,2,10,113,67,7,123,26,112]","[164,215,156,203,275,175,225,147,166,235,248,219,211,193,238,192,250,167,259,236,242,234,249,230,229,172,177,264,149,139,221,226,257,209,245,142,269,157,241,190,161,148,153,181,244,151,265,204,266,252,182,150,239,277,258,173,207,140,155,160,262,200,143,187,206,231,146,268,274,256,260,272,195,197,276,199,223,186,171,233,176,198,261,144,243,271,205,163,188,178,232,168,185,184,267,165,183,224,202,273,251,237,159,227,253,189,162,240,191,194,141]",b3f68d51807f9a10dbb48306778097a38c31cb6250365aa78063350828397415,111,254359014,4096014690,"[930012,7,6,0,139,200,26]",3310210107,2366898654,[5],"{""5"":0}"
S7,7,930013,139,2.23606797749979,6,,0,0.1,62,45,"[0,1,2,3,4,44,84,101,142,205,231,247,251,257,301,341,402,407,423,435,444,445,569,578,588,604,619,664,693,776,797,811,831,898,930,934,945,1015,1034,1049,1101,1141,1212,1235,1236]","[[0,1],[1,1],[2,-1],[3,1],[4,-1],[44,1],[84,-1],[101,1],[142,-1],[205,1],[231,-1],[247,1],[251,-1],[257,-1],[301,1],[341,-1],[402,-1],[407,-1],[423,-1],[435,1],[444,-1],[445,-1],[569,-1],[578,-1],[588,1],[604,1],[619,1],[664,1],[693,1],[776,1],[797,1],[811,-1],[831,1],[898,-1],[930,1],[934,1],[945,1],[1015,1],[1034,-1],[1049,-1],[1101,-1],[1141,1],[1212,-1],[1235,-1],[1236,1]]","[26,116,6,24,105,57,112,38,71,125,73,29,115,48,4,28,76,41,67,88,32,66,5,35,34,7,96,98,136,103,97,122,33,61,90,121,87,104,36,77,133,109,130,91,123,10,106,31,45,56,9,13,85,16,101,58,23,107,22,59,8,132,82,49,1,46,20,113,129,0,42,138,39,25,120,100,80,70,128,14,124,126,79,99,69,108,134,51,52,12,110,43,50,37,63,62,84,83,94,114,119,118,27,55,53,127,44,17,81,54,11]","[256,212,153,226,160,166,206,154,217,197,172,232,190,156,248,254,179,191,169,261,157,238,258,274,214,271,199,235,194,185,198,165,228,204,218,178,216,229,167,251,240,155,263,260,223,147,164,205,236,207,219,215,159,259,173,273,168,257,252,148,239,225,245,234,264,183,222,247,209,193,265,267,176,270,143,255,171,275,249,227,180,182,210,224,142,140,158,163,220,243,196,233,213,242,146,184,170,250,141,192,149,145,139,231,208,203,266,150,241,246,202]",048b1668b25e0576f1e7c4e3d11b4a353defceb398f2d3e186dd08d40627f1d1,111,1341996532,308697244,"[930013,7,6,0,139,200,26]",3846875041,2366898654,[5],"{""5"":0}"
S7,7,930014,139,2.23606797749979,6,,0,0.1,62,48,"[0,1,2,3,4,44,84,101,115,142,176,217,221,230,231,247,294,327,341,400,411,433,435,445,532,556,604,619,693,795,811,828,862,898,983,999,1035,1049,1057,1118,1125,1137,1141,1163,1182,1235,1242,1266]","[[0,1],[1,1],[2,-1],[3,1],[4,-1],[44,1],[84,-1],[101,1],[115,1],[142,-1],[176,1],[217,1],[221,-1],[230,1],[231,-1],[247,1],[294,1],[327,1],[341,-1],[400,1],[411,-1],[433,1],[435,1],[445,-1],[532,-1],[556,1],[604,1],[619,1],[693,1],[795,-1],[811,-1],[828,-1],[862,1],[898,-1],[983,1],[999,1],[1035,-1],[1049,-1],[1057,1],[1118,1],[1125,-1],[1137,1],[1141,1],[1163,1],[1182,1],[1235,-1],[1242,1],[1266,1]]","[8,48,82,97,103,58,118,94,129,39,1,117,2,127,116,47,69,115,59,107,77,64,124,92,51,76,122,9,112,98,17,60,121,57,99,88,108,138,44,111,38,10,6,31,45,137,80,131,19,110,40,67,12,7,37,0,114,63,135,20,29,27,73,4,101,87,134,70,65,130,85,89,35,42,84,11,49,105,15,72,120,136,56,52,86,55,53,5,81,102,119,109,126,14,33,34,125,3,26,43,95,18,83,90,71,123,68,74,46,54,128]","[183,216,256,252,266,271,143,217,215,153,254,191,160,164,261,262,208,275,167,273,145,198,147,203,188,229,189,169,199,201,204,151,241,276,187,202,212,277,210,179,222,190,214,148,162,177,263,171,264,209,240,231,242,244,205,154,182,186,259,193,232,197,163,223,270,274,268,249,180,142,221,181,139,146,178,238,144,269,200,219,192,174,184,225,159,239,272,247,226,213,207,196,245,176,255,172,224,170,158,233,156,246,228,211,267,236,157,140,206,220,251]",b6cbe8c2290b3f8405e44c83d9b5efc4a913bd288825848c30ea38d8f1abc3c7,111,324602196,193915330,"[930014,7,6,0,139,200,26]",2496613299,2366898654,[5],"{""5"":0}"
S7,7,930015,139,2.23606797749979,6,,0,0.1,62,47,"[0,1,2,3,4,10,72,79,84,134,193,221,225,231,251,284,411,423,435,445,475,478,505,604,619,656,660,731,744,831,839,844,878,892,898,934,979,983,1007,1034,1042,1050,1156,1160,1182,1242,1248]","[[0,1],[1,1],[2,-1],[3,1],[4,-1],[10,1],[72,-1],[79,-1],[84,-1],[134,-1],[193,-1],[221,-1],[225,-1],[231,-1],[251,-1],[284,-1],[411,-1],[423,-1],[435,1],[445,-1],[475,1],[478,1],[505,1],[604,1],[619,1],[656,-1],[660,1],[731,1],[744,-1],[831,1],[839,1],[844,-1],[878,-1],[892,1],[898,-1],[934,1],[979,1],[983,1],[1007,-1],[1034,-1],[1042,1],[1050,-1],[1156,-1],[1160,1],[1182,1],[1242,1],[1248,-1]]","[123,78,93,23,131,6,1,65,80,70,29,74,17,2,57,132,104,40,76,28,52,31,0,59,38,82,27,85,14,130,11,90,42,119,34,122,81,103,39,16,62,107,127,96,26,99,21,32,86,75,79,35,136,49,113,69,138,15,77,100,87,135,36,118,126,92,95,3,97,51,116,67,106,64,18,115,129,108,10,134,55,7,121,41,114,101,19,25,89,68,54,37,72,61,56,50,73,58,45,110,94,109,13,5,22,88,117,30,66,63,84]","[249,197,219,142,145,204,179,269,149,160,215,271,151,245,272,252,198,273,172,264,167,213,155,185,229,174,178,277,267,152,210,253,230,224,250,176,161,150,268,165,140,207,259,187,199,233,251,246,221,266,168,186,223,144,175,238,153,184,209,164,141,241,211,218,260,256,239,242,183,261,231,257,263,181,189,163,262,162,194,237,240,236,157,255,270,191,173,139,216,203,195,206,225,214,217,244,177,226,235,212,192,275,170,227,147,182,188,169,228,234,154]",c268c89ee682f76f6bda6f9d4e0fb56386f375c2121e8196cf6fa8ff59b2de2f,111,140958737,2635566566,"[930015,7,6,0,139,200,26]",3708463443,2366898654,[5],"{""5"":0}"
S7,7,930016,139,2.23606797749979,6,,0,0.1,62,45,"[0,1,2,3,4,5,45,84,134,221,231,238,284,341,400,402,435,444,445,483,532,569,604,619,633,639,660,664,693,710,778,831,864,878,898,945,1015,1057,1069,1125,1160,1212,1238,1242,1248]","[[0,1],[1,1],[2,-1],[3,1],[4,-1],[5,1],[45,1],[84,-1],[134,-1],[221,-1],[231,-1],[238,-1],[284,-1],[341,-1],[400,1],[402,-1],[435,1],[444,-1],[445,-1],[483,-1],[532,-1],[569,-1],[604,1],[619,1],[633,1],[639,1],[660,1],[664,1],[693,1],[710,-1],[778,-1],[831,1],[864,1],[878,-1],[898,-1],[945,1],[1015,1],[1057,1],[1069,1],[1125,-1],[1160,1],[1212,-1],[1238,1],[1242,1],[1248,-1]]","[94,13,89,43,101,60,28,63,71,35,50,31,5,65,16,137,100,47,73,3,134,123,37,113,130,55,92,4,40,106,85,76,108,22,135,131,46,133,109,88,77,119,15,136,128,48,96,124,10,110,54,83,79,41,7,70,72,23,114,125,1,12,14,103,138,116,62,97,105,82,0,36,122,20,132,81,27,9,57,17,120,69,129,56,30,29,33,49,24,11,117,78,126,98,66,95,45,21,52,87,32,107,127,59,18,80,26,34,104,39,68]","[266,234,233,153,239,238,198,188,227,240,221,174,215,177,243,173,241,141,175,178,219,229,199,158,140,150,250,145,245,248,148,257,263,254,205,259,197,218,222,180,184,139,187,214,230,235,164,172,246,169,232,163,276,166,202,242,277,171,267,203,195,170,183,224,165,159,253,152,269,247,179,225,154,162,156,192,191,220,249,168,255,181,142,217,189,186,251,160,265,212,262,244,167,211,155,256,228,176,194,226,190,210,213,185,201,204,231,252,193,261,208]",dcbbb541a7c4e85f94ffdb481792b288a39a707ad74b3612c85fc66c13349e2d,111,2316901688,2757345024,"[930016,7,6,0,139,200,26]",3734937567,2366898654,[5],"{""5"":1}"
S7,7,930017,139,2.23606797749979,6,,0,0.1,62,55,"[0,1,2,3,4,44,79,84,87,144,221,225,230,231,239,251,284,311,341,423,435,445,521,532,569,581,604,619,660,762,778,811,828,831,843,862,898,916,927,936,944,961,970,1014,1015,1125,1137,1156,1182,1225,1233,1235,1238,1242,1265]","[[0,1],[1,1],[2,-1],[3,1],[4,-1],[44,1],[79,-1],[84,-1],[87,1],[144,1],[221,-1],[225,-1],[230,1],[231,-1],[239,1],[251,-1],[284,-1],[311,1],[341,-1],[423,-1],[435,1],[445,-1],[521,1],[532,-1],[569,-1],[581,-1],[604,1],[619,1],[660,1],[762,-1],[778,-1],[811,-1],[828,-1],[831,1],[843,1],[862,1],[898,-1],[916,-1],[927,-1],[936,1],[944,-1],[961,1],[970,1],[1014,1],[1015,1],[1125,-1],[1137,1],[1156,-1],[1182,1],[1225,1],[1233,1],[1235,-1],[1238,1],[1242,1],[1265,-1]]","[94,48,8,12,95,1,107,25,15,121,24,133,102,122,51,138,75,108,66,18,60,46,116,64,73,117,115,76,9,67,0,71,87,52,65,111,29,109,27,119,43,80,2,112,105,28,135,40,131,123,13,50,104,89,20,127,41,99,37,22,100,81,84,110,96,63,72,124,62,69,10,120,106,85,86,44,56,31,137,74,88,47,58,79,16,113,70,129,130,57,45,118,68,33,39,4,17,53,90,6,103,125,26,93,132,30,98,19,49,35,91]","[199,219,235,153,233,184,252,177,189,268,253,232,158,244,156,214,179,182,274,263,212,271,260,176,226,165,237,175,205,277,210,227,245,275,151,211,265,180,168,270,149,170,155,144,152,238,208,259,143,229,194,264,198,145,218,183,231,146,204,178,190,164,181,148,273,139,256,203,241,258,217,172,272,209,160,240,196,192,220,224,234,225,141,269,191,267,221,163,223,173,242,213,157,162,249,147,247,201,248,154,254,215,197,262,187,243,261,195,140,228,150]",60a5970374b15a51d84b8832573bfa5cb5e7f82de9fb03ba7c98c95dfffee552,111,1658100072,2660974904,"[930017,7,6,0,139,200,26]",684784987,2366898654,[5],"{""5"":0}"
S7,7,930018,139,2.23606797749979,6,,0,0.1,62,49,"[0,1,2,3,4,5,15,18,44,72,84,85,127,144,176,185,203,217,221,231,238,247,251,400,435,444,445,569,604,619,660,664,773,813,831,878,892,898,1058,1137,1175,1182,1198,1212,1233,1238,1248,1266,1267]","[[0,1],[1,1],[2,-1],[3,1],[4,-1],[5,1],[15,1],[18,-1],[44,1],[72,-1],[84,-1],[85,1],[127,-1],[144,1],[176,1],[185,1],[203,1],[217,1],[221,-1],[231,-1],[238,-1],[247,1],[251,-1],[400,1],[435,1],[444,-1],[445,-1],[569,-1],[604,1],[619,1],[660,1],[664,1],[773,1],[813,-1],[831,1],[878,-1],[892,1],[898,-1],[1058,-1],[1137,1],[1175,1],[1182,1],[1198,1],[1212,-1],[1233,1],[1238,1],[1248,-1],[1266,1],[1267,-1]]","[97,52,5,33,99,94,111,6,2,9,67,64,80,24,26,20,103,100,71,47,132,35,112,108,42,75,66,60,45,130,72,34,138,19,57,105,36,10,133,50,76,121,79,27,38,8,65,11,123,114,13,110,25,116,54,59,44,119,28,23,134,124,21,93,81,120,1,82,84,18,55,125,74,127,107,137,109,135,22,68,117,85,89,128,32,4,136,92,126,88,122,131,46,63,95,51,113,90,87,61,115,102,98,37,29,14,73,58,56,70,48]","[258,152,158,193,198,238,196,181,170,243,155,140,166,191,233,151,236,209,242,231,197,144,269,179,160,150,245,203,202,141,172,156,235,154,173,225,165,159,185,183,190,220,259,221,271,143,241,174,276,244,277,226,253,273,267,145,234,204,192,263,180,264,219,168,262,229,247,182,216,228,157,218,187,224,175,211,199,169,146,167,217,194,227,139,249,153,186,205,171,261,195,206,189,252,254,161,214,163,149,257,162,178,212,275,164,260,272,208,147,188,210]",319243eee8db918e2b5dac4fcde4ad210b5f51f122616d3d497f53df9f705e5a,111,3509046206,1642787484,"[930018,7,6,0,139,200,26]",3328903629,2366898654,[5],"{""5"":1}"
S7,7,930019,139,2.23606797749979,6,,0,0.1,62,44,"[0,1,2,3,4,18,44,84,205,221,231,247,251,341,358,400,423,429,433,435,467,469,532,551,581,604,619,660,693,774,828,845,898,951,1015,1050,1058,1101,1162,1181,1182,1198,1217,1242]","[[0,1],[1,1],[2,-1],[3,1],[4,-1],[18,-1],[44,1],[84,-1],[205,1],[221,-1],[231,-1],[247,1],[251,-1],[341,-1],[358,-1],[400,1],[423,-1],[429,-1],[433,1],[435,1],[467,1],[469,-1],[532,-1],[551,1],[581,-1],[604,1],[619,1],[660,1],[693,1],[774,-1],[828,-1],[845,-1],[898,-1],[951,1],[1015,1],[1050,-1],[1058,-1],[1101,-1],[1162,1],[1181,-1],[1182,1],[1198,1],[1217,1],[1242,1]]","[85,72,101,1,136,137,3,59,111,132,120,11,39,8,56,5,0,126,125,61,18,36,12,106,58,118,6,134,115,102,86,47,135,60,131,29,68,114,87,127,128,117,65,93,108,91,34,42,104,57,105,124,94,62,33,32,31,63,4,119,84,7,24,107,13,138,48,97,130,67,77,15,121,43,22,69,54,109,133,16,110,99,129,19,28,96,79,64,82,27,20,49,76,17,92,41,45,71,122,95,35,44,23,9,75,38,116,81,112,89,83]","[230,240,263,235,243,217,257,276,163,245,189,183,150,266,215,186,250,172,223,254,252,142,203,204,198,209,160,180,271,144,171,201,193,145,270,206,236,181,196,185,216,221,177,168,208,229,228,224,159,227,255,259,253,149,169,222,218,174,182,260,199,197,225,153,167,143,202,165,272,205,275,210,162,273,161,251,173,158,154,155,192,200,246,264,211,178,212,234,267,190,191,256,184,151,248,226,268,237,214,233,220,242,231,175,148,232,258,262,274,277,157]",71322c6c58e56eb43610683540d6e4eb771097bb6ef636fecb2b23477b576415,111,2211315213,2938964807,"[930019,7,6,0,139,200,26]",3760664350,2366898654,[5],"{""5"":0}"
S7,7,930020,139,2.23606797749979,6,,0,0.1,62,41,"[0,1,2,3,4,5,44,84,87,185,192,205,213,231,238,239,251,341,402,435,441,444,445,569,604,619,637,660,693,709,710,776,808,828,839,843,898,961,999,1182,1238]","[[0,1],[1,1],[2,-1],[3,1],[4,-1],[5,1],[44,1],[84,-1],[87,1],[185,1],[192,-1],[205,1],[213,1],[231,-1],[238,-1],[239,1],[251,-1],[341,-1],[402,-1],[435,1],[441,-1],[444,-1],[445,-1],[569,-1],[604,1],[619,1],[637,1],[660,1],[693,1],[709,1],[710,-1],[776,1],[808,1],[828,-1],[839,1],[843,1],[898,-1],[961,1],[999,1],[1182,1],[1238,1]]","[97,15,27,127,54,12,30,76,74,3,125,14,21,2,7,102,115,33,49,77,52,92,55,16,56,35,90,135,38,131,39,75,80,65,70,29,79,13,96,53,98,138,114,106,45,51,34,0,129,137,134,107,6,22,10,69,124,100,50,89,128,119,66,112,103,46,9,19,26,36,57,87,94,58,37,84,48,25,99,43,41,83,60,126,120,40,105,31,63,61,109,11,73,95,8,71,108,68,101,104,82,81,17,122,59,4,44,88,67,62,23]","[237,248,251,257,199,201,273,240,265,172,250,255,205,234,189,176,168,162,254,145,263,146,158,264,159,225,182,215,150,194,179,246,259,203,239,197,208,252,227,221,166,233,241,183,210,260,224,171,160,153,213,216,185,229,217,202,272,211,230,169,173,154,243,276,156,165,175,155,223,238,144,275,184,198,181,152,214,163,188,167,192,174,220,226,187,157,140,149,277,271,190,178,177,228,200,266,147,151,206,212,270,204,261,141,258,274,161,186,235,245,242]",d18b081a63af055c0491280e9c4331fe7a66d00e64ef976476e91883cbc58362,111,1664136641,2543098444,"[930020,7,6,0,139,200,26]",1884004162,2366898654,[5],"{""5"":1}"
S7,7,930021,139,2.23606797749979,6,,0,0.1,62,53,"[0,1,2,3,4,10,15,44,45,84,87,101,115,192,221,225,231,239,247,284,358,367,398,400,415,435,444,445,551,569,604,619,637,660,661,663,718,728,811,816,843,844,898,905,930,951,970,979,1015,1058,1182,1198,1235]","[[0,1],[1,1],[2,-1],[3,1],[4,-1],[10,1],[15,1],[44,1],[45,1],[84,-1],[87,1],[101,1],[115,1],[192,-1],[221,-1],[225,-1],[231,-1],[239,1],[247,1],[284,-1],[358,-1],[367,-1],[398,1],[400,1],[415,1],[435,1],[444,-1],[445,-1],[551,1],[569,-1],[604,1],[619,1],[637,1],[660,1],[661,1],[663,-1],[718,-1],[728,1],[811,-1],[816,1],[843,1],[844,-1],[898,-1],[905,1],[930,1],[951,1],[970,1],[979,1],[1015,1],[1058,-1],[1182,1],[1198,1],[1235,-1]]","[106,102,88,60,97,115,19,14,119,116,122,134,108,66,112,96,65,33,24,27,75,77,118,81,138,124,67,72,74,29,82,25,30,93,34,32,3,55,78,79,9,46,10,22,5,83,31,92,121,91,103,44,58,127,40,104,57,11,87,71,120,43,21,131,107,13,36,136,41,12,61,28,50,63,85,135,2,47,133,68,90,100,49,8,38,69,26,114,64,37,18,42,45,17,0,110,99,53,125,6,98,1,113,51,101,86,35,95,4,129,23]","[240,234,247,221,148,157,236,249,156,218,188,259,162,230,257,191,167,271,168,200,223,170,205,233,277,212,251,185,171,231,208,256,159,262,184,163,268,155,252,141,227,239,276,215,250,144,210,245,217,202,153,194,145,209,275,265,226,246,207,216,183,238,211,254,198,269,263,176,152,225,172,274,160,258,165,264,190,187,255,229,237,232,193,213,174,164,146,173,224,181,270,186,177,248,214,151,203,150,201,273,149,244,158,242,192,222,182,175,267,199,140]",798a6efc8da4d3b685f386403a948a4410c2898464c63c90e47c52dfa95ed9ec,111,2055481468,2534077985,"[930021,7,6,0,139,200,26]",2097903363,2366898654,[5],"{""5"":0}"
S7,7,930022,139,2.23606797749979,6,,0,0.1,62,41,"[0,1,2,3,4,5,84,87,101,124,142,211,221,231,238,247,435,444,445,604,619,664,693,733,744,762,859,878,898,970,981,983,1015,1049,1137,1187,1198,1235,1238,1242,1248]","[[0,1],[1,1],[2,-1],[3,1],[4,-1],[5,1],[84,-1],[87,1],[101,1],[124,-1],[142,-1],[211,1],[221,-1],[231,-1],[238,-1],[247,1],[435,1],[444,-1],[445,-1],[604,1],[619,1],[664,1],[693,1],[733,1],[744,-1],[762,-1],[859,1],[878,-1],[898,-1],[970,1],[981,-1],[983,1],[1015,1],[1049,-1],[1137,1],[1187,-1],[1198,1],[1235,-1],[1238,1],[1242,1],[1248,-1]]","[22,63,48,7,95,41,56,10,66,67,128,74,99,23,118,110,53,122,1,71,101,129,126,61,133,14,9,123,107,59,4,86,46,37,134,83,97,105,80,26,6,111,5,96,16,120,35,0,17,87,54,127,29,13,113,62,121,100,34,3,44,124,131,132,27,39,138,114,73,47,98,137,117,24,36,19,11,43,84,12,30,81,89,94,109,51,79,136,52,32,55,91,70,50,135,68,85,76,93,60,18,45,42,125,57,112,40,78,58,72,33]","[172,167,199,261,264,212,201,165,239,236,248,211,276,229,198,221,275,259,182,178,260,192,226,158,149,170,162,254,142,144,147,240,247,139,222,244,202,183,243,196,232,234,184,191,209,273,262,218,224,155,213,216,250,151,263,157,255,220,187,193,146,258,227,169,177,143,238,188,166,270,272,179,141,217,154,152,252,175,195,223,176,237,249,180,173,257,277,200,225,150,269,163,156,189,148,171,181,267,205,251,207,203,210,228,230,266,197,235,233,219,214]",daae0ac3205a28651d2a71d0bd49220dfd6dfdbf543c2abd15d01019e4655f91,111,487823385,4022475365,"[930022,7,6,0,139,200,26]",2536840578,2366898654,[5],"{""5"":1}"
S7,7,930023,139,2.23606797749979,6,,0,0.1,62,38,"[0,1,2,3,4,10,44,84,101,134,176,221,230,251,400,433,435,444,591,601,604,619,660,693,813,828,831,898,936,945,1014,1015,1034,1058,1122,1182,1198,1212]","[[0,1],[1,1],[2,-1],[3,1],[4,-1],[10,1],[44,1],[84,-1],[101,1],[134,-1],[176,1],[221,-1],[230,1],[251,-1],[400,1],[433,1],[435,1],[444,-1],[591,1],[601,-1],[604,1],[619,1],[660,1],[693,1],[813,-1],[828,-1],[831,1],[898,-1],[936,1],[945,1],[1014,1],[1015,1],[1034,-1],[1058,-1],[1122,1],[1182,1],[1198,1],[1212,-1]]","[56,14,127,6,92,137,80,7,24,21,58,89,18,72,45,64,44,125,77,103,136,79,114,110,84,47,10,76,126,16,105,36,12,131,74,93,129,68,86,123,37,112,49,46,133,28,17,128,88,138,15,97,75,11,96,102,25,99,117,48,124,67,94,38,52,33,9,113,98,39,116,82,5,63,65,57,26,42,106,101,50,43,83,4,59,85,130,95,135,71,31,32,66,122,108,107,19,61,3,111,78,69,23,27,73,40,132,119,2,118,53]","[241,261,178,213,180,271,170,226,191,211,202,223,173,158,234,221,175,270,246,182,160,140,266,275,153,146,197,186,248,201,243,188,245,162,260,263,157,209,183,152,217,216,192,141,235,179,148,277,145,232,254,249,224,251,225,227,164,247,199,210,174,231,273,220,272,189,218,169,252,154,149,265,229,208,259,196,214,151,184,165,233,244,203,159,255,144,171,198,276,167,139,253,200,237,257,185,222,163,155,228,215,156,268,193,242,143,172,194,258,150,274]",c2033135deb31944677a1a3c01ed623e40737e64bfa03c5a0789f3a1241d2b4a,111,4066327587,2117252,"[930023,7,6,0,139,200,26]",2690512752,2366898654,[5],"{""5"":0}"
S7,7,930024,139,2.23606797749979,6,,0,0.1,62,41,"[0,1,2,3,4,47,54,84,101,205,221,230,231,247,341,398,400,435,444,445,449,467,551,604,619,828,898,916,944,945,951,1015,1034,1042,1057,1128,1163,1175,1212,1235,1238]","[[0,1],[1,1],[2,-1],[3,1],[4,-1],[47,-1],[54,-1],[84,-1],[101,1],[205,1],[221,-1],[230,1],[231,-1],[247,1],[341,-1],[398,1],[400,1],[435,1],[444,-1],[445,-1],[449,-1],[467,1],[551,1],[604,1],[619,1],[828,-1],[898,-1],[916,-1],[944,-1],[945,1],[951,1],[1015,1],[1034,-1],[1042,1],[1057,1],[1128,1],[1163,1],[1175,1],[1212,-1],[1235,-1],[1238,1]]","[49,0,55,65,81,89,66,114,138,86,20,117,3,106,119,15,27,8,95,37,122,19,87,98,121,54,39,12,107,30,96,59,84,126,85,101,136,103,115,5,43,9,112,74,77,29,44,16,124,46,128,48,71,23,13,6,33,17,50,108,137,134,111,113,83,110,42,91,26,61,76,25,56,45,72,38,133,127,118,28,1,18,130,90,10,135,70,132,82,58,67,73,97,125,99,80,104,34,105,21,32,11,75,57,4,36,123,2,120,47,35]","[211,217,248,210,198,268,216,207,270,251,176,239,177,189,205,196,154,161,229,153,249,226,184,151,269,255,252,243,180,170,204,203,167,200,237,224,190,234,209,218,232,187,172,202,195,160,148,152,142,240,178,277,175,208,246,247,250,145,157,191,241,158,149,173,212,233,231,185,194,183,164,139,214,206,197,264,262,256,227,140,219,263,258,150,143,215,181,193,274,223,261,254,275,271,188,276,155,257,265,162,273,253,146,266,236,230,159,168,199,244,174]",4663b1191b4f307611ce743958e6182e6dd00115a1b76b011c9b0ab396f691f9,111,3218981019,2829558004,"[930024,7,6,0,139,200,26]",1999245761,2366898654,[5],"{""5"":0}"
S7,7,930025,139,2.23606797749979,6,,0,0.1,62,49,"[0,1,2,3,4,15,72,79,84,85,101,192,213,231,238,251,284,358,384,400,423,429,435,445,475,544,588,604,619,630,637,693,828,831,844,866,892,898,916,930,934,983,1058,1125,1163,1175,1182,1198,1238]","[[0,1],[1,1],[2,-1],[3,1],[4,-1],[15,1],[72,-1],[79,-1],[84,-1],[85,1],[101,1],[192,-1],[213,1],[231,-1],[238,-1],[251,-1],[284,-1],[358,-1],[384,1],[400,1],[423,-1],[429,-1],[435,1],[445,-1],[475,1],[544,-1],[588,1],[604,1],[619,1],[630,-1],[637,1],[693,1],[828,-1],[831,1],[844,-1],[866,1],[892,1],[898,-1],[916,-1],[930,1],[934,1],[983,1],[1058,-1],[1125,-1],[1163,1],[1175,1],[1182,1],[1198,1],[1238,1]]","[98,0,84,131,33,35,89,83,86,44,41,87,135,64,104,72,78,105,39,137,48,129,124,85,138,88,111,22,95,11,23,113,122,128,37,74,58,67,51,18,43,5,12,53,13,109,82,70,9,34,136,56,59,17,31,50,102,1,25,68,96,125,108,121,112,40,20,61,7,73,19,107,47,15,21,4,57,101,32,24,119,99,14,77,69,80,26,62,127,66,81,46,71,110,52,130,116,103,134,117,132,79,65,133,55,38,100,115,106,91,60]","[270,198,244,176,139,202,155,231,144,164,233,167,268,224,249,266,265,243,259,195,216,205,170,241,161,218,273,215,226,140,177,223,159,206,149,203,242,252,193,153,274,211,160,180,145,229,210,162,261,217,152,277,174,208,254,237,235,173,250,228,239,276,196,166,172,178,258,247,267,272,240,171,232,157,262,143,158,184,253,269,188,219,275,183,200,238,225,256,142,151,148,197,141,175,192,260,271,234,201,147,204,230,150,189,207,222,227,236,199,181,185]",6a5b2215d0359ff33655bdbc4dd700fc3de053a0f00c886a3948610847b35ca0,111,4047887568,1842462087,"[930025,7,6,0,139,200,26]",1559016881,2366898654,[5],"{""5"":0}"
S7,7,930026,139,2.23606797749979,6,,0,0.1,62,46,"[0,1,2,3,4,44,45,72,79,84,115,168,213,221,231,238,284,341,400,435,441,444,445,584,604,619,652,693,731,762,795,828,831,843,880,892,898,979,1007,1135,1137,1160,1163,1198,1233,1242]","[[0,1],[1,1],[2,-1],[3,1],[4,-1],[44,1],[45,1],[72,-1],[79,-1],[84,-1],[115,1],[168,-1],[213,1],[221,-1],[231,-1],[238,-1],[284,-1],[341,-1],[400,1],[435,1],[441,-1],[444,-1],[445,-1],[584,-1],[604,1],[619,1],[652,1],[693,1],[731,1],[762,-1],[795,-1],[828,-1],[831,1],[843,1],[880,1],[892,1],[898,-1],[979,1],[1007,-1],[1135,1],[1137,1],[1160,1],[1163,1],[1198,1],[1233,1],[1242,1]]","[72,113,49,105,15,93,2,132,33,34,69,80,37,89,65,134,61,133,101,84,59,50,136,126,102,94,135,63,116,73,86,17,25,62,130,95,48,108,66,77,0,30,115,117,28,79,31,58,46,70,92,12,110,104,24,106,16,87,14,103,125,76,6,47,85,7,91,99,19,123,109,45,71,20,5,107,42,21,127,57,75,98,1,9,26,100,90,119,11,35,138,60,74,8,124,38,122,82,29,112,78,121,67,111,55,129,18,81,32,54,137]","[235,167,190,265,243,168,181,171,187,257,227,141,195,180,191,222,252,143,169,271,179,253,183,264,152,246,273,172,266,236,206,176,154,240,182,175,263,245,170,209,184,226,228,166,173,208,199,270,232,210,201,254,156,233,248,151,174,220,207,193,178,192,196,237,186,216,221,258,153,194,241,144,219,256,272,177,197,234,255,161,268,259,249,188,164,148,140,213,162,238,276,204,155,212,211,225,229,275,146,242,261,200,185,250,214,223,217,230,277,218,260]",08cefc65892699fff737dd8571325f04a0d3eef68f4e3c085d906c48bb02ee5f,111,4287763616,1495997873,"[930026,7,6,0,139,200,26]",472236135,2366898654,[5],"{""5"":0}"
S7,7,930027,139,2.23606797749979,6,,0,0.1,62,44,"[0,1,2,3,4,44,45,50,84,127,176,192,221,231,295,388,402,423,435,441,444,445,510,604,619,660,663,664,693,795,797,866,898,983,999,1049,1163,1182,1195,1235,1242,1248,1265,1267]","[[0,1],[1,1],[2,-1],[3,1],[4,-1],[44,1],[45,1],[50,1],[84,-1],[127,-1],[176,1],[192,-1],[221,-1],[231,-1],[295,-1],[388,-1],[402,-1],[423,-1],[435,1],[441,-1],[444,-1],[445,-1],[510,-1],[604,1],[619,1],[660,1],[663,-1],[664,1],[693,1],[795,-1],[797,1],[866,1],[898,-1],[983,1],[999,1],[1049,-1],[1163,1],[1182,1],[1195,-1],[1235,-1],[1242,1],[1248,-1],[1265,-1],[1267,-1]]","[41,83,17,56,86,110,25,48,5,60,50,6,136,125,1,12,122,32,91,13,80,98,15,115,82,119,62,101,114,138,135,104,61,4,0,3,94,92,100,19,124,2,53,7,51,75,22,117,127,120,81,108,89,109,47,24,99,132,70,10,37,18,14,105,123,34,112,116,118,58,23,93,42,131,76,59,20,57,69,102,30,96,38,113,67,129,126,66,52,77,133,21,72,137,88,26,106,63,33,11,90,65,27,74,85,45,103,35,39,134,107]","[154,265,171,225,276,160,260,199,170,172,139,179,243,186,204,230,153,149,263,163,221,140,215,246,229,180,253,273,239,141,245,212,259,272,211,183,264,266,147,248,164,194,184,275,203,168,274,251,238,236,241,228,244,191,178,142,158,247,152,151,182,233,252,267,258,214,166,167,271,202,185,277,262,173,220,206,188,232,207,231,190,270,201,161,222,187,192,157,217,155,200,159,250,193,269,249,209,195,143,174,146,165,254,242,224,196,162,240,145,205,227]",8c7a2844b26551c9d3ea4a695d8c0bbd2e402895825f84872bc52453e80c87fe,111,3222065809,2376544322,"[930027,7,6,0,139,200,26]",3661290310,2366898654,[5],"{""5"":0}"
S7,7,930028,139,2.23606797749979,6,,0,0.1,62,40,"[0,1,2,3,4,44,45,84,134,221,231,238,247,341,411,423,435,444,445,470,604,619,660,661,795,813,831,898,928,945,979,983,1015,1037,1141,1160,1163,1182,1242,1279]","[[0,1],[1,1],[2,-1],[3,1],[4,-1],[44,1],[45,1],[84,-1],[134,-1],[221,-1],[231,-1],[238,-1],[247,1],[341,-1],[411,-1],[423,-1],[435,1],[444,-1],[445,-1],[470,-1],[604,1],[619,1],[660,1],[661,1],[795,-1],[813,-1],[831,1],[898,-1],[928,-1],[945,1],[979,1],[983,1],[1015,1],[1037,1],[1141,1],[1160,1],[1163,1],[1182,1],[1242,1],[1279,-1]]","[132,16,64,76,3,91,115,109,39,137,55,131,99,21,86,117,73,7,90,25,8,102,134,37,63,95,6,96,116,41,82,56,28,136,57,94,92,62,100,85,53,29,31,49,111,128,52,119,74,87,12,70,98,101,61,19,118,1,45,113,43,123,77,80,68,79,20,110,112,26,78,120,71,22,69,23,121,27,15,36,51,11,9,17,35,0,54,47,67,65,83,13,42,97,66,103,129,46,30,127,14,33,24,88,138,2,10,124,126,107,72]","[149,193,252,148,165,226,185,227,275,205,259,271,152,140,203,247,261,221,265,250,198,182,208,241,196,223,218,158,236,209,173,235,176,206,213,242,232,153,201,233,174,166,245,169,146,142,211,255,154,230,264,204,164,187,212,197,243,161,237,249,263,147,192,270,262,257,139,141,210,276,167,251,215,267,273,191,180,200,195,240,258,155,277,143,183,163,179,216,256,184,190,151,266,170,253,162,207,219,225,202,244,238,150,231,217,175,160,178,229,228,254]",d4b4fbfb8428cd07b543ba2148054feb52e408e7ae3db91600345e6559c94ef2,111,1271919561,1172539332,"[930028,7,6,0,139,200,26]",2540815270,2366898654,[5],"{""5"":0}"
S7,7,930029,139,2.23606797749979,6,,0,0.1,62,48,"[0,1,2,3,4,10,15,18,44,78,84,87,134,144,221,238,251,341,400,423,435,441,445,491,604,619,660,664,693,762,831,898,916,936,979,983,1014,1050,1058,1092,1160,1182,1189,1198,1238,1242,1248,1279]","[[0,1],[1,1],[2,-1],[3,1],[4,-1],[10,1],[15,1],[18,-1],[44,1],[78,1],[84,-1],[87,1],[134,-1],[144,1],[221,-1],[238,-1],[251,-1],[341,-1],[400,1],[423,-1],[435,1],[441,-1],[445,-1],[491,1],[604,1],[619,1],[660,1],[664,1],[693,1],[762,-1],[831,1],[898,-1],[916,-1],[936,1],[979,1],[983,1],[1014,1],[1050,-1],[1058,-1],[1092,1],[1160,1],[1182,1],[1189,-1],[1198,1],[1238,1],[1242,1],[1248,-1],[1279,-1]]","[114,10,113,40,43,109,124,93,13,70,50,123,68,36,4,1,6,71,24,47,63,14,86,8,56,118,91,20,136,21,44,67,3,92,129,16,96,72,138,133,28,19,108,48,60,107,23,135,84,80,37,125,122,30,101,81,25,65,74,103,26,117,102,22,90,112,31,78,104,38,27,134,0,32,55,115,57,7,106,94,34,64,100,12,42,18,11,119,45,39,2,116,132,95,88,85,121,130,52,9,82,131,33,51,128,89,59,75,79,120,77]","[142,155,234,235,185,153,208,230,143,238,207,199,265,211,161,196,200,158,274,149,171,245,253,194,157,201,215,169,224,251,174,202,160,170,257,167,263,269,172,168,182,166,154,175,277,163,227,204,218,181,140,255,219,237,220,162,144,209,192,236,267,222,271,259,177,260,180,179,261,276,187,233,212,214,232,252,198,203,146,268,213,239,244,221,151,197,195,231,243,150,216,226,275,190,193,229,148,184,217,189,141,152,210,241,164,156,258,159,165,191,264]",35d58937a71c950e11943d9fba2d1b128ef371f070e4de645f3755441100e9d7,111,1437292412,2609336502,"[930029,7,6,0,139,200,26]",2975918841,2366898654,[5],"{""5"":0}"
S7,7,930030,139,2.23606797749979,6,,0,0.1,62,40,"[0,1,2,3,4,45,84,192,221,231,251,284,327,423,441,569,585,586,591,604,619,664,747,828,831,843,862,898,917,934,942,958,1015,1160,1175,1182,1235,1238,1242,1279]","[[0,1],[1,1],[2,-1],[3,1],[4,-1],[45,1],[84,-1],[192,-1],[221,-1],[231,-1],[251,-1],[284,-1],[327,1],[423,-1],[441,-1],[569,-1],[585,1],[586,-1],[591,1],[604,1],[619,1],[664,1],[747,-1],[828,-1],[831,1],[843,1],[862,1],[898,-1],[917,-1],[934,1],[942,-1],[958,1],[1015,1],[1160,1],[1175,1],[1182,1],[1235,-1],[1238,1],[1242,1],[1279,-1]]","[85,102,75,32,5,131,29,50,83,81,22,39,101,69,95,117,36,17,134,60,48,100,64,122,58,129,16,114,138,42,125,26,116,59,8,2,52,107,104,53,86,41,25,31,47,57,72,137,91,15,76,103,130,1,7,93,49,109,84,6,79,65,56,94,27,14,54,0,11,132,77,46,63,19,10,98,99,113,70,66,73,4,120,37,71,124,45,23,92,24,96,82,28,44,55,127,80,43,67,128,89,97,61,51,133,118,135,3,40,74,123]","[228,170,248,201,154,234,258,215,156,225,257,266,277,242,247,172,180,263,213,146,142,152,227,273,267,178,171,147,193,259,222,148,254,216,209,160,238,235,232,211,173,141,207,268,194,253,192,198,252,182,176,149,219,181,195,164,218,265,153,274,251,256,150,155,229,157,184,214,187,246,255,210,250,179,140,245,175,275,186,226,185,261,204,221,144,224,231,249,270,223,191,237,159,166,161,269,243,151,165,206,217,240,203,174,260,241,177,262,168,202,230]",8603e6ce58a727a6fb9033ee67425847c90cb86baee8164ef5db191711763b46,111,3448320249,805090892,"[930030,7,6,0,139,200,26]",2599024584,2366898654,[5],"{""5"":0}"
S7,7,930031,139,2.23606797749979,6,,0,0.1,62,45,"[0,1,2,3,4,5,10,21,44,45,84,87,97,165,213,221,231,238,247,341,423,435,441,445,483,604,661,664,811,898,905,951,983,1013,1015,1058,1096,1125,1137,1160,1182,1235,1236,1242,1279]","[[0,1],[1,1],[2,-1],[3,1],[4,-1],[5,1],[10,1],[21,1],[44,1],[45,1],[84,-1],[87,1],[97,-1],[165,1],[213,1],[221,-1],[231,-1],[238,-1],[247,1],[341,-1],[423,-1],[435,1],[441,-1],[445,-1],[483,-1],[604,1],[661,1],[664,1],[811,-1],[898,-1],[905,1],[951,1],[983,1],[1013,-1],[1015,1],[1058,-1],[1096,-1],[1125,-1],[1137,1],[1160,1],[1182,1],[1235,-1],[1236,1],[1242,1],[1279,-1]]","[44,68,2,86,123,120,94,124,16,99,126,35,49,130,32,31,75,69,72,26,29,127,73,36,102,6,78,129,18,74,23,113,19,46,76,12,96,10,136,60,105,93,64,117,80,107,14,61,133,100,101,114,43,115,88,62,122,79,5,83,132,108,24,55,15,13,134,85,65,118,95,137,34,27,87,91,98,119,128,56,0,11,8,47,71,112,90,33,57,17,3,138,104,1,103,116,22,20,4,82,67,41,131,58,135,45,50,63,110,92,42]","[243,161,233,265,185,238,152,259,227,193,194,231,242,169,206,245,246,143,157,226,148,277,155,158,171,149,211,214,196,147,267,257,142,139,213,180,256,271,150,262,276,223,219,212,166,163,174,263,203,247,165,182,207,176,221,159,209,268,235,145,179,199,202,177,264,192,181,210,175,167,261,266,184,140,204,269,188,230,201,241,183,170,156,215,251,258,162,146,198,218,200,141,224,191,197,205,248,164,187,254,252,236,178,173,274,225,222,220,237,255,234]",9ff70c735feb2103977e0f4475dada1c228695342f1239a370e97d4fae672b95,111,2139628553,905677803,"[930031,7,6,0,139,200,26]",3927576365,2366898654,[5],"{""5"":1}"
S7,7,930032,139,2.23606797749979,6,,0,0.1,62,41,"[0,1,2,3,4,5,44,84,87,221,231,247,284,384,402,423,433,435,444,445,581,604,619,660,710,758,825,831,843,878,898,930,951,958,999,1015,1125,1137,1235,1238,1242]","[[0,1],[1,1],[2,-1],[3,1],[4,-1],[5,1],[44,1],[84,-1],[87,1],[221,-1],[231,-1],[247,1],[284,-1],[384,1],[402,-1],[423,-1],[433,1],[435,1],[444,-1],[445,-1],[581,-1],[604,1],[619,1],[660,1],[710,-1],[758,1],[825,1],[831,1],[843,1],[878,-1],[898,-1],[930,1],[951,1],[958,1],[999,1],[1015,1],[1125,-1],[1137,1],[1235,-1],[1238,1],[1242,1]]","[120,45,105,125,66,10,116,17,60,114,102,83,29,100,137,55,41,93,37,112,2,119,107,36,76,103,3,86,24,88,96,61,44,43,127,8,95,89,47,94,34,109,6,26,67,84,98,92,104,97,5,25,110,69,63,135,124,33,106,128,136,79,72,81,12,65,82,111,40,0,42,49,87,130,121,48,78,133,11,50,59,16,7,53,54,20,129,131,80,31,134,51,56,46,85,68,32,71,122,57,58,23,91,38,64,19,22,118,90,39,15]","[223,227,143,195,163,277,219,167,230,250,203,197,190,275,271,205,232,238,236,149,212,211,144,256,151,165,192,140,179,248,185,166,180,206,254,181,240,182,141,191,220,147,199,218,222,178,154,257,186,243,213,202,237,162,175,217,176,252,168,155,231,174,224,239,233,258,196,221,267,188,260,216,225,142,264,160,270,215,229,159,214,273,187,276,184,171,146,265,251,244,139,198,207,209,245,208,234,262,153,158,150,235,210,247,173,201,157,249,255,148,274]",64dbb213118e38a358946f1a45696b19792ccf3171a70f436cb34fd748d75534,111,1798540844,3663210061,"[930032,7,6,0,139,200,26]",3128115766,2366898654,[5],"{""5"":1}"
S7,7,930033,139,2.23606797749979,6,,0,0.1,62,51,"[0,1,2,3,4,45,84,134,176,192,221,231,237,247,263,284,341,350,358,400,433,435,444,469,569,604,619,693,740,811,831,843,866,878,892,898,928,944,979,1034,1035,1125,1137,1156,1175,1182,1198,1235,1238,1242,1264]","[[0,1],[1,1],[2,-1],[3,1],[4,-1],[45,1],[84,-1],[134,-1],[176,1],[192,-1],[221,-1],[231,-1],[237,-1],[247,1],[263,-1],[284,-1],[341,-1],[350,1],[358,-1],[400,1],[433,1],[435,1],[444,-1],[469,-1],[569,-1],[604,1],[619,1],[693,1],[740,-1],[811,-1],[831,1],[843,1],[866,1],[878,-1],[892,1],[898,-1],[928,-1],[944,-1],[979,1],[1034,-1],[1035,-1],[1125,-1],[1137,1],[1156,-1],[1175,1],[1182,1],[1198,1],[1235,-1],[1238,1],[1242,1],[1264,1]]","[129,85,42,135,132,39,105,121,64,109,45,81,29,118,71,17,137,136,7,14,30,80,60,113,99,95,41,21,8,89,32,37,123,57,67,116,4,68,70,128,110,84,9,98,38,33,111,53,91,59,107,78,36,101,69,77,100,106,127,46,97,73,6,43,40,19,24,47,52,114,11,112,25,122,88,62,87,61,131,2,20,1,126,26,117,86,74,50,93,104,124,48,55,72,51,49,31,82,76,3,75,120,54,66,134,12,13,15,103,130,28]","[194,184,187,240,233,276,248,230,244,243,220,162,158,237,205,268,190,221,256,168,207,231,258,151,253,210,235,216,206,213,174,198,214,266,252,277,232,228,222,249,196,191,159,247,172,265,164,160,274,219,173,223,167,144,261,178,143,181,201,199,234,189,183,229,142,272,203,193,208,175,157,212,153,163,270,238,262,246,224,236,176,192,165,169,239,152,227,250,245,180,161,197,263,251,264,255,269,195,242,146,145,218,170,273,179,186,141,139,267,188,254]",f764208d0d808e8acdfe6bc44ab564fe6c384881bfb75d77b4fe2091eb3ee746,111,896158349,1968120196,"[930033,7,6,0,139,200,26]",441959229,2366898654,[5],"{""5"":0}"
S7,7,930034,139,2.23606797749979,6,,0,0.1,62,47,"[0,1,2,3,4,5,44,84,134,176,221,231,238,239,247,251,301,341,423,433,435,441,474,569,591,604,619,660,693,710,762,811,831,843,865,898,983,989,1015,1034,1137,1175,1182,1200,1238,1242,1248]","[[0,1],[1,1],[2,-1],[3,1],[4,-1],[5,1],[44,1],[84,-1],[134,-1],[176,1],[221,-1],[231,-1],[238,-1],[239,1],[247,1],[251,-1],[301,1],[341,-1],[423,-1],[433,1],[435,1],[441,-1],[474,1],[569,-1],[591,1],[604,1],[619,1],[660,1],[693,1],[710,-1],[762,-1],[811,-1],[831,1],[843,1],[865,-1],[898,-1],[983,1],[989,1],[1015,1],[1034,-1],[1137,1],[1175,1],[1182,1],[1200,-1],[1238,1],[1242,1],[1248,-1]]","[28,135,78,131,86,45,87,104,44,1,34,128,26,114,58,116,127,97,130,38,96,53,47,7,124,51,89,16,55,5,49,133,33,98,43,74,126,65,108,63,85,54,117,61,73,107,64,42,25,23,106,39,3,80,8,2,92,9,125,4,129,121,110,79,14,119,68,118,15,29,102,10,11,60,113,41,52,72,82,22,95,56,123,132,111,24,21,91,66,57,17,88,19,46,40,12,83,115,36,81,75,27,70,59,134,13,90,137,93,77,67]","[193,204,265,252,157,160,272,245,140,218,184,238,257,196,163,246,235,211,256,214,271,261,222,208,174,243,190,145,180,206,171,175,254,162,231,274,210,192,258,267,253,209,164,249,276,173,234,264,198,241,266,179,161,205,153,148,219,149,212,259,203,176,170,236,150,216,151,189,225,194,230,187,223,142,221,202,199,154,158,167,247,182,213,156,228,250,181,144,141,186,201,147,143,242,139,159,166,237,227,220,200,248,215,168,195,217,260,263,207,152,185]",92a3a6edd797acce94a902ffe74c86639662a604b92d1655ac8dc079b78cba7b,111,4204566748,3068713692,"[930034,7,6,0,139,200,26]",2082512612,2366898654,[5],"{""5"":1}"
S7,7,930035,139,2.23606797749979,6,,0,0.1,62,49,"[0,1,2,3,4,5,9,44,79,84,97,101,149,192,205,231,237,238,239,251,284,365,402,423,435,445,569,604,619,660,665,693,762,812,828,844,859,878,898,1009,1113,1122,1125,1175,1233,1235,1236,1246,1248]","[[0,1],[1,1],[2,-1],[3,1],[4,-1],[5,1],[9,1],[44,1],[79,-1],[84,-1],[97,-1],[101,1],[149,1],[192,-1],[205,1],[231,-1],[237,-1],[238,-1],[239,1],[251,-1],[284,-1],[365,-1],[402,-1],[423,-1],[435,1],[445,-1],[569,-1],[604,1],[619,1],[660,1],[665,-1],[693,1],[762,-1],[812,-1],[828,-1],[844,-1],[859,1],[878,-1],[898,-1],[1009,1],[1113,-1],[1122,1],[1125,-1],[1175,1],[1233,1],[1235,-1],[1236,1],[1246,-1],[1248,-1]]","[13,52,99,133,92,46,78,6,89,7,37,57,63,124,135,87,111,102,85,71,123,43,48,42,1,19,138,113,112,18,127,60,5,17,96,77,100,132,120,66,61,136,39,128,98,34,90,109,14,94,88,35,56,59,126,110,40,31,36,16,29,47,119,20,137,80,26,50,9,72,108,131,32,93,38,30,54,81,22,11,95,129,10,103,51,69,58,27,76,121,41,70,67,15,28,62,24,104,55,25,114,8,0,65,101,73,107,2,4,97,12]","[277,273,181,260,202,188,164,232,269,257,256,154,229,206,197,160,144,174,194,253,255,185,191,252,214,235,175,258,220,248,272,222,265,205,210,173,266,183,243,170,259,267,249,198,145,212,192,179,239,263,168,230,200,216,159,234,147,207,225,196,149,193,158,141,186,264,203,190,140,153,237,245,187,208,241,184,176,156,246,227,171,262,204,254,152,274,180,209,271,221,217,155,218,162,167,165,233,226,211,275,213,166,199,268,215,223,161,270,224,189,240]",d6e0b948b46aa6fdce6a4f24d2958ef6f5f18e46bf00f2bc0e3b6c52cddab1f3,111,2784708912,1232826485,"[930035,7,6,0,139,200,26]",1665628697,2366898654,[5],"{""5"":1}"
S7,7,930036,139,2.23606797749979,6,,0,0.1,62,51,"[0,1,2,3,4,18,44,72,79,84,134,176,192,221,238,247,284,341,400,423,435,441,444,445,475,483,521,569,604,619,660,797,831,843,878,898,916,927,999,1007,1035,1050,1125,1137,1175,1182,1195,1198,1238,1248,1265]","[[0,1],[1,1],[2,-1],[3,1],[4,-1],[18,-1],[44,1],[72,-1],[79,-1],[84,-1],[134,-1],[176,1],[192,-1],[221,-1],[238,-1],[247,1],[284,-1],[341,-1],[400,1],[423,-1],[435,1],[441,-1],[444,-1],[445,-1],[475,1],[483,-1],[521,1],[569,-1],[604,1],[619,1],[660,1],[797,1],[831,1],[843,1],[878,-1],[898,-1],[916,-1],[927,-1],[999,1],[1007,-1],[1035,-1],[1050,-1],[1125,-1],[1137,1],[1175,1],[1182,1],[1195,-1],[1198,1],[1238,1],[1248,-1],[1265,-1]]","[39,14,70,42,93,97,3,111,122,50,103,113,85,104,89,108,88,63,1,80,100,98,127,30,87,76,69,74,83,9,8,61,46,43,59,15,53,115,75,2,57,107,132,78,66,131,16,86,38,49,54,94,125,29,25,105,60,7,116,52,120,67,123,68,58,119,117,82,21,101,77,47,51,72,64,84,128,13,27,37,73,134,5,19,6,91,0,95,32,23,24,35,81,138,45,109,137,62,99,96,65,20,12,17,40,112,10,28,56,36,22]","[262,229,232,196,159,160,265,258,250,206,164,220,239,209,238,156,205,148,276,215,152,253,140,275,243,231,187,249,204,151,180,225,247,199,147,202,168,228,198,271,194,235,248,185,268,193,192,172,222,216,178,157,171,269,255,256,212,214,217,141,242,149,175,186,170,210,161,246,261,195,155,273,153,272,167,254,270,236,200,277,163,169,165,158,274,191,226,207,260,179,203,190,143,139,257,233,181,267,224,227,245,183,241,234,144,162,145,244,201,184,230]",6cba45bfec59758508faaa1f776411cfb5849ad000884afa4fcc34868f4eb468,111,1076603654,4110634027,"[930036,7,6,0,139,200,26]",3567825960,2366898654,[5],"{""5"":0}"
S7,7,930037,139,2.23606797749979,6,,0,0.1,62,49,"[0,1,2,3,4,79,84,87,221,231,238,251,284,287,341,370,402,423,435,444,445,527,569,604,619,625,637,660,693,762,795,843,898,916,934,951,970,979,1015,1122,1129,1137,1182,1198,1235,1237,1238,1242,1248]","[[0,1],[1,1],[2,-1],[3,1],[4,-1],[79,-1],[84,-1],[87,1],[221,-1],[231,-1],[238,-1],[251,-1],[284,-1],[287,1],[341,-1],[370,-1],[402,-1],[423,-1],[435,1],[444,-1],[445,-1],[527,-1],[569,-1],[604,1],[619,1],[625,1],[637,1],[660,1],[693,1],[762,-1],[795,-1],[843,1],[898,-1],[916,-1],[934,1],[951,1],[970,1],[979,1],[1015,1],[1122,1],[1129,-1],[1137,1],[1182,1],[1198,1],[1235,-1],[1237,-1],[1238,1],[1242,1],[1248,-1]]","[65,35,135,73,127,106,95,78,26,126,37,30,49,110,44,134,117,125,90,31,56,43,83,74,111,51,97,33,34,23,66,41,77,1,100,112,129,130,36,3,28,132,52,124,57,120,64,69,6,113,137,94,48,131,25,79,128,81,40,88,76,15,85,91,68,84,63,19,118,16,24,107,39,47,17,59,27,7,75,133,20,138,122,4,53,67,80,21,104,108,136,115,96,109,9,0,114,8,58,29,102,60,121,5,62,82,72,116,61,89,45]","[234,195,139,213,192,230,275,164,222,262,167,144,150,203,227,245,168,170,209,210,239,249,165,271,250,142,166,253,182,145,254,200,221,158,207,201,193,197,251,199,236,217,260,186,219,189,157,231,156,272,141,174,261,206,178,194,183,224,177,198,173,211,172,228,184,202,190,256,265,154,266,218,240,162,263,181,169,233,152,155,258,252,187,247,242,208,149,159,223,205,235,270,238,220,191,267,151,146,248,140,229,244,179,257,204,176,226,153,214,216,237]",a7f4fe77cbd71b37e5b886d5309f057af7235d10ef1142a84ae6bd377616ef95,111,1754926412,3596348556,"[930037,7,6,0,139,200,26]",318864390,2366898654,[5],"{""5"":0}"
S7,7,930038,139,2.23606797749979,6,,0,0.1,62,36,"[0,1,2,3,4,5,10,79,84,87,176,221,231,238,284,358,435,444,445,616,619,660,795,843,878,898,928,945,979,981,983,1163,1175,1182,1242,1248]","[[0,1],[1,1],[2,-1],[3,1],[4,-1],[5,1],[10,1],[79,-1],[84,-1],[87,1],[176,1],[221,-1],[231,-1],[238,-1],[284,-1],[358,-1],[435,1],[444,-1],[445,-1],[616,1],[619,1],[660,1],[795,-1],[843,1],[878,-1],[898,-1],[928,-1],[945,1],[979,1],[981,-1],[983,1],[1163,1],[1175,1],[1182,1],[1242,1],[1248,-1]]","[137,120,115,100,138,55,126,5,68,36,87,47,61,37,91,85,72,39,31,78,35,73,106,93,89,97,14,134,23,80,11,132,18,8,27,131,119,99,40,64,103,59,96,7,38,2,98,70,42,57,16,104,107,121,86,51,10,25,44,94,46,3,111,95,67,92,102,26,32,75,83,12,123,127,128,19,133,122,1,110,58,136,125,90,82,113,28,20,63,101,17,54,53,21,60,48,30,114,112,50,135,130,88,6,77,41,109,81,15,66,117]","[181,217,235,255,194,139,245,179,192,222,142,162,210,220,221,167,157,273,241,153,161,258,208,151,154,225,198,178,277,251,231,166,203,148,259,264,211,147,209,190,169,275,269,175,247,170,243,224,249,223,183,253,230,202,150,185,158,195,186,257,171,188,239,156,252,261,196,144,218,238,177,229,262,234,254,267,199,184,226,197,168,173,236,219,266,248,193,272,140,276,263,215,206,214,205,213,256,180,270,155,141,228,164,176,187,207,232,174,240,250,152]",3826da7905fcdc23b2e14183c5a959bb601d90031ae0b82fc1a4fef405709f57,111,919411788,2213494585,"[930038,7,6,0,139,200,26]",3088986145,2366898654,[5],"{""5"":1}"
S7,7,930039,139,2.23606797749979,6,,0,0.1,62,44,"[0,1,2,3,4,10,44,84,87,120,124,134,176,192,221,238,247,341,400,402,435,445,459,569,604,616,619,660,663,693,762,828,859,898,934,945,951,983,1122,1125,1133,1182,1235,1236]","[[0,1],[1,1],[2,-1],[3,1],[4,-1],[10,1],[44,1],[84,-1],[87,1],[120,1],[124,-1],[134,-1],[176,1],[192,-1],[221,-1],[238,-1],[247,1],[341,-1],[400,1],[402,-1],[435,1],[445,-1],[459,-1],[569,-1],[604,1],[616,1],[619,1],[660,1],[663,-1],[693,1],[762,-1],[828,-1],[859,1],[898,-1],[934,1],[945,1],[951,1],[983,1],[1122,1],[1125,-1],[1133,1],[1182,1],[1235,-1],[1236,1]]","[60,80,57,74,135,20,18,39,131,81,129,14,101,94,110,77,52,86,115,126,47,1,25,91,51,104,44,15,0,121,29,108,99,107,40,16,118,98,88,67,120,136,122,93,49,13,79,84,123,11,46,61,36,125,66,27,124,23,58,7,68,5,96,87,72,71,92,134,32,128,63,114,73,3,102,130,103,89,37,33,112,4,78,8,109,26,95,17,138,83,65,42,75,43,35,31,45,48,19,28,82,117,70,90,10,137,12,2,111,6,113]","[250,259,153,258,213,251,230,270,162,217,151,198,179,208,200,221,254,174,272,266,246,180,245,199,210,154,253,265,139,209,167,255,164,237,160,232,175,229,163,203,170,257,193,252,216,220,150,142,249,152,206,225,218,205,157,144,147,233,181,177,223,161,236,268,275,240,260,191,215,231,273,267,269,212,187,184,207,239,156,158,211,224,241,145,148,197,165,143,204,166,262,277,234,194,235,201,173,182,140,276,183,186,185,159,149,171,243,188,168,248,189]",695c0b34f0c625a2e68ee6ebe424cdc84d2ef2abdb386b1876dc650797c77936,111,823540636,3170172871,"[930039,7,6,0,139,200,26]",4014063194,2366898654,[5],"{""5"":0}"
S7,7,930040,139,2.23606797749979,6,,0,0.1,62,41,"[0,1,2,3,4,79,87,134,176,221,231,238,239,251,284,402,411,415,423,435,445,446,483,521,532,569,604,660,693,709,747,839,878,898,936,981,1009,1125,1171,1175,1182]","[[0,1],[1,1],[2,-1],[3,1],[4,-1],[79,-1],[87,1],[134,-1],[176,1],[221,-1],[231,-1],[238,-1],[239,1],[251,-1],[284,-1],[402,-1],[411,-1],[415,1],[423,-1],[435,1],[445,-1],[446,1],[483,-1],[521,1],[532,-1],[569,-1],[604,1],[660,1],[693,1],[709,1],[747,-1],[839,1],[878,-1],[898,-1],[936,1],[981,-1],[1009,1],[1125,-1],[1171,-1],[1175,1],[1182,1]]","[123,86,136,126,47,59,10,66,35,53,106,83,137,71,16,114,68,19,85,40,37,51,70,124,28,88,76,39,80,93,56,87,81,34,26,57,98,131,20,92,134,25,102,54,79,95,132,46,61,67,21,75,49,110,58,121,99,108,48,22,74,89,129,118,12,69,8,32,13,0,45,111,78,77,24,84,52,112,62,94,97,135,133,130,113,7,138,127,116,14,117,2,50,9,4,63,17,73,119,101,27,90,125,36,103,38,60,5,1,82,6]","[151,210,184,215,250,255,233,234,212,225,242,230,253,228,222,261,277,189,227,249,266,183,142,256,223,205,194,262,169,147,204,268,226,232,264,213,175,188,182,167,200,265,248,239,190,163,219,144,231,187,206,247,209,240,211,178,192,186,207,252,181,271,267,157,185,140,203,214,158,171,197,139,170,152,166,237,235,244,193,273,159,191,177,221,217,148,199,245,173,155,143,270,241,164,165,156,208,251,246,220,179,162,260,176,141,272,254,259,154,224,153]",a0063e651bf16b291ab5f38b3be3ee2924dc6e8e8b22bf9db276ac188fca921c,111,2980445261,4035492269,"[930040,7,6,0,139,200,26]",2580606906,2366898654,[5],"{""5"":0}"
S7,7,930041,139,2.23606797749979,6,,0,0.1,62,51,"[0,1,2,3,4,10,45,70,78,84,101,221,231,247,251,284,301,341,362,433,435,441,444,445,479,569,604,664,693,709,729,762,831,898,934,951,970,981,994,999,1101,1122,1137,1160,1171,1175,1198,1235,1238,1242,1248]","[[0,1],[1,1],[2,-1],[3,1],[4,-1],[10,1],[45,1],[70,-1],[78,1],[84,-1],[101,1],[221,-1],[231,-1],[247,1],[251,-1],[284,-1],[301,1],[341,-1],[362,-1],[433,1],[435,1],[441,-1],[444,-1],[445,-1],[479,1],[569,-1],[604,1],[664,1],[693,1],[709,1],[729,-1],[762,-1],[831,1],[898,-1],[934,1],[951,1],[970,1],[981,-1],[994,-1],[999,1],[1101,-1],[1122,1],[1137,1],[1160,1],[1171,-1],[1175,1],[1198,1],[1235,-1],[1238,1],[1242,1],[1248,-1]]","[11,55,122,92,74,126,4,28,29,106,40,82,51,89,76,78,16,14,84,3,24,85,10,107,69,12,138,128,44,56,108,15,2,102,54,135,18,119,43,37,88,39,61,7,22,124,129,99,79,13,8,73,137,103,132,68,38,36,48,110,59,26,63,21,118,133,30,45,60,136,0,114,23,57,53,35,100,90,65,19,33,72,105,75,1,83,58,71,70,113,127,93,91,34,67,77,17,31,109,32,81,116,6,117,66,41,115,62,130,50,112]","[151,167,183,224,170,227,246,260,178,267,258,199,187,143,247,243,264,182,157,270,262,154,214,216,176,232,158,196,172,241,194,205,153,222,189,274,174,171,256,155,245,271,166,213,212,234,269,185,202,228,244,210,209,149,161,162,193,168,253,240,230,257,217,220,252,159,203,261,231,173,181,225,235,188,164,277,229,186,233,211,146,236,147,223,190,191,139,177,207,195,250,219,192,237,273,265,251,239,238,152,150,215,266,169,249,145,218,254,156,263,142]",7f95031fa56498123db5fe7eccfa7877070d79df8b83422d1b611e3e989c2854,111,1381529641,3449394453,"[930041,7,6,0,139,200,26]",647018167,2366898654,[5],"{""5"":0}"
S7,7,930042,139,2.23606797749979,6,,0,0.1,62,43,"[0,1,2,3,4,44,84,134,176,192,211,221,231,251,282,284,341,423,433,435,444,445,604,619,693,762,778,795,811,828,831,843,878,898,981,1015,1058,1122,1125,1137,1182,1198,1238]","[[0,1],[1,1],[2,-1],[3,1],[4,-1],[44,1],[84,-1],[134,-1],[176,1],[192,-1],[211,1],[221,-1],[231,-1],[251,-1],[282,-1],[284,-1],[341,-1],[423,-1],[433,1],[435,1],[444,-1],[445,-1],[604,1],[619,1],[693,1],[762,-1],[778,-1],[795,-1],[811,-1],[828,-1],[831,1],[843,1],[878,-1],[898,-1],[981,-1],[1015,1],[1058,-1],[1122,1],[1125,-1],[1137,1],[1182,1],[1198,1],[1238,1]]","[43,5,82,100,39,56,79,93,12,109,6,113,48,136,16,108,91,126,83,127,102,46,40,137,112,11,61,50,49,30,119,33,89,107,75,118,106,86,120,10,62,84,130,23,37,42,9,24,115,63,15,104,1,44,81,80,60,57,99,21,131,103,25,41,68,28,90,13,110,20,38,53,8,128,52,35,97,105,2,47,76,129,77,101,66,31,92,121,51,72,55,73,71,95,123,14,111,134,7,117,122,22,26,3,18,27,58,54,87,94,69]","[146,241,237,257,150,220,188,185,154,158,194,170,199,272,227,197,230,206,190,219,228,207,246,195,211,267,171,212,180,229,147,247,139,270,233,143,274,177,268,223,173,225,166,205,216,159,163,265,256,255,187,167,232,198,260,169,251,259,234,254,271,210,175,148,273,221,258,214,149,144,224,240,208,182,164,261,249,153,181,226,245,222,215,192,200,152,189,235,157,275,142,178,145,217,184,253,151,264,156,162,201,186,252,161,244,248,172,263,203,269,236]",45461944e9a09d9029f5cd25b5bdbf8c0e707bab8fb915d4a56daa27e40482ba,111,765365766,3975781845,"[930042,7,6,0,139,200,26]",1870624284,2366898654,[5],"{""5"":0}"
S7,7,930043,139,2.23606797749979,6,,0,0.1,62,30,"[0,1,2,3,4,79,84,217,221,423,435,444,445,459,469,483,604,619,663,693,898,934,979,981,1125,1137,1141,1182,1235,1248]","[[0,1],[1,1],[2,-1],[3,1],[4,-1],[79,-1],[84,-1],[217,1],[221,-1],[423,-1],[435,1],[444,-1],[445,-1],[459,-1],[469,-1],[483,-1],[604,1],[619,1],[663,-1],[693,1],[898,-1],[934,1],[979,1],[981,-1],[1125,-1],[1137,1],[1141,1],[1182,1],[1235,-1],[1248,-1]]","[111,130,92,122,26,132,32,11,80,5,88,133,118,108,8,37,101,70,126,77,60,2,120,7,43,29,78,57,15,113,115,50,33,63,3,28,128,61,30,62,20,35,89,54,99,38,85,31,95,129,114,75,72,66,22,76,125,51,96,69,109,48,9,46,34,79,98,71,25,68,4,27,134,84,16,121,87,138,17,104,6,21,107,124,116,44,123,112,18,36,82,24,41,91,137,14,67,103,0,94,53,47,58,45,10,86,65,59,12,39,100]","[243,244,143,259,277,180,275,216,165,253,270,264,188,242,144,251,233,142,200,179,211,218,214,189,224,273,261,150,223,176,207,225,163,252,256,185,196,162,198,217,250,202,183,166,170,230,212,257,159,186,222,229,221,156,175,158,276,184,194,155,232,139,204,254,255,248,178,167,247,168,246,169,206,265,181,205,241,236,147,268,235,190,154,220,152,161,219,199,157,141,209,148,182,238,149,215,201,269,208,237,164,272,249,172,146,234,267,203,262,213,193]",ac6f95ba4080021a55d4557a34eae6281c3d69d7e37e9a3f8ae692884e2e05a8,111,1189052479,618969995,"[930043,7,6,0,139,200,26]",1775802599,2366898654,[5],"{""5"":0}"
S7,7,930044,139,2.23606797749979,6,,0,0.1,62,42,"[0,1,2,3,4,15,79,84,101,192,231,238,247,251,272,284,400,411,435,478,604,619,634,664,778,831,843,898,927,945,983,1034,1049,1125,1137,1175,1195,1212,1233,1243,1246,1248]","[[0,1],[1,1],[2,-1],[3,1],[4,-1],[15,1],[79,-1],[84,-1],[101,1],[192,-1],[231,-1],[238,-1],[247,1],[251,-1],[272,1],[284,-1],[400,1],[411,-1],[435,1],[478,1],[604,1],[619,1],[634,-1],[664,1],[778,-1],[831,1],[843,1],[898,-1],[927,-1],[945,1],[983,1],[1034,-1],[1049,-1],[1125,-1],[1137,1],[1175,1],[1195,-1],[1212,-1],[1233,1],[1243,-1],[1246,-1],[1248,-1]]","[15,16,74,80,4,117,101,35,105,77,14,72,128,40,85,24,81,115,131,10,107,70,109,62,67,103,136,108,25,28,125,20,76,19,27,102,118,69,22,89,38,124,0,87,75,36,119,61,123,114,45,66,120,59,110,104,90,94,29,12,13,48,30,78,56,42,46,126,31,100,92,51,84,17,111,23,52,11,49,91,130,26,6,134,21,53,41,18,135,55,63,82,116,1,32,88,96,44,97,57,2,99,95,127,58,54,50,79,93,98,37]","[192,188,273,225,263,172,238,226,254,256,271,183,194,231,269,178,274,228,200,198,174,202,219,165,234,203,162,197,262,249,268,272,266,204,173,235,191,277,170,270,146,180,223,143,218,193,184,147,253,229,181,182,243,211,209,168,236,217,196,222,259,151,210,205,206,199,240,252,239,261,195,150,189,216,176,185,159,207,155,245,158,164,142,139,244,227,163,149,260,171,167,141,186,169,161,152,145,153,251,144,175,265,224,215,232,177,275,257,258,221,156]",d3c18fa6076e86b427a5eb90a96092b7602f90307f44c93d797d0197532a8656,111,4232514028,1796364141,"[930044,7,6,0,139,200,26]",4080006032,2366898654,[5],"{""5"":0}"
S7,7,930045,139,2.23606797749979,6,,0,0.1,62,36,"[0,1,2,3,4,44,78,84,87,88,144,231,237,247,280,400,412,435,444,445,459,604,619,660,693,898,934,981,983,1024,1034,1163,1182,1233,1235,1242]","[[0,1],[1,1],[2,-1],[3,1],[4,-1],[44,1],[78,1],[84,-1],[87,1],[88,1],[144,1],[231,-1],[237,-1],[247,1],[280,-1],[400,1],[412,1],[435,1],[444,-1],[445,-1],[459,-1],[604,1],[619,1],[660,1],[693,1],[898,-1],[934,1],[981,-1],[983,1],[1024,-1],[1034,-1],[1163,1],[1182,1],[1233,1],[1235,-1],[1242,1]]","[117,138,30,31,44,53,22,104,70,24,78,26,67,56,17,119,20,120,77,92,8,50,72,19,7,81,23,48,73,130,98,45,2,1,133,94,127,42,123,63,89,108,69,76,84,97,47,41,4,68,21,107,124,6,60,132,134,90,102,3,131,62,83,105,58,115,71,101,96,136,65,36,54,25,28,0,135,126,87,110,111,88,122,38,12,52,29,112,40,85,14,57,15,125,121,27,99,103,46,114,55,113,75,32,13,10,33,61,37,43,51]","[210,217,257,199,201,227,154,218,198,152,189,194,160,163,261,174,191,277,149,250,264,229,181,255,144,237,266,271,148,240,155,258,208,151,158,211,186,179,228,246,147,169,165,142,207,162,269,141,274,167,235,263,242,230,168,170,159,177,150,161,176,185,175,244,221,275,231,205,259,219,270,232,166,234,273,238,200,254,212,241,222,215,183,256,268,202,223,249,139,220,214,252,146,187,262,272,260,224,276,248,236,193,203,216,192,182,188,180,184,209,265]",46abb304e723616910bc4c17aff0315e3e38aaaca80c44586e503b3f59d73f96,111,2216715849,2231738894,"[930045,7,6,0,139,200,26]",1459854192,2366898654,[5],"{""5"":0}"
S7,7,930046,139,2.23606797749979,6,,0,0.1,62,45,"[0,1,2,3,4,21,44,45,84,87,115,134,218,221,238,239,242,341,423,441,444,527,604,619,664,693,762,773,811,827,831,853,898,945,979,983,996,1041,1053,1160,1182,1235,1238,1265,1267]","[[0,1],[1,1],[2,-1],[3,1],[4,-1],[21,1],[44,1],[45,1],[84,-1],[87,1],[115,1],[134,-1],[218,1],[221,-1],[238,-1],[239,1],[242,-1],[341,-1],[423,-1],[441,-1],[444,-1],[527,-1],[604,1],[619,1],[664,1],[693,1],[762,-1],[773,1],[811,-1],[827,-1],[831,1],[853,1],[898,-1],[945,1],[979,1],[983,1],[996,-1],[1041,-1],[1053,1],[1160,1],[1182,1],[1235,-1],[1238,1],[1265,-1],[1267,-1]]","[127,82,19,126,53,6,114,41,7,2,37,83,10,56,58,47,27,15,102,128,85,63,135,25,106,129,100,5,136,132,16,60,74,45,134,91,0,30,124,17,116,40,88,43,36,55,59,38,66,78,12,86,8,71,90,61,64,46,67,51,31,99,20,130,105,18,14,120,118,115,23,112,24,9,110,11,137,98,93,95,22,48,1,92,79,28,133,21,111,94,97,57,113,29,70,107,89,13,62,33,109,72,122,4,26,42,117,3,76,81,75]","[256,230,151,209,261,262,147,177,192,220,210,251,238,193,272,154,265,172,197,199,232,213,196,250,216,141,275,270,244,161,236,253,228,140,245,165,186,212,159,162,206,263,184,241,243,170,163,185,142,246,242,160,188,205,235,223,173,215,277,146,175,258,276,254,187,174,218,240,224,149,176,268,152,182,271,194,164,153,156,144,166,203,237,239,269,204,191,255,257,225,155,195,189,201,211,190,202,217,181,227,248,249,178,200,179,267,208,259,214,247,169]",11e5cd23f7c7c4a59e04a3041d07d684ddb68ae80715e6046458b7cd19cad6ee,111,572460256,4214446289,"[930046,7,6,0,139,200,26]",3818924001,2366898654,[5],"{""5"":0}"
S7,7,930047,139,2.23606797749979,6,,0,0.1,62,46,"[0,1,2,3,4,5,44,84,115,205,211,230,231,251,301,358,370,402,415,433,435,441,445,524,576,604,637,660,663,664,693,710,811,831,843,878,898,951,959,1034,1137,1160,1163,1182,1235,1242]","[[0,1],[1,1],[2,-1],[3,1],[4,-1],[5,1],[44,1],[84,-1],[115,1],[205,1],[211,1],[230,1],[231,-1],[251,-1],[301,1],[358,-1],[370,-1],[402,-1],[415,1],[433,1],[435,1],[441,-1],[445,-1],[524,1],[576,-1],[604,1],[637,1],[660,1],[663,-1],[664,1],[693,1],[710,-1],[811,-1],[831,1],[843,1],[878,-1],[898,-1],[951,1],[959,1],[1034,-1],[1137,1],[1160,1],[1163,1],[1182,1],[1235,-1],[1242,1]]","[51,95,81,60,41,87,48,33,121,0,90,88,13,133,104,24,138,67,115,59,122,73,39,80,131,132,74,78,116,25,44,125,66,72,127,61,52,10,124,101,18,92,27,112,5,84,123,71,108,114,102,128,29,35,79,28,40,23,31,93,3,62,14,42,134,1,106,105,45,69,2,11,129,65,85,4,136,46,20,83,86,43,6,21,117,64,109,91,36,57,58,49,54,68,63,113,53,94,32,55,135,89,9,82,76,96,26,16,75,15,38]","[250,276,262,241,163,155,161,235,209,220,150,219,190,217,204,272,173,159,252,174,156,261,242,253,185,169,238,236,237,201,143,275,142,184,153,182,221,266,268,210,216,178,206,247,149,226,240,180,255,211,166,191,214,198,265,245,273,224,160,223,147,271,148,202,259,196,207,189,270,203,243,251,215,199,145,269,139,257,230,244,140,168,213,239,256,146,176,154,187,165,158,233,171,183,152,172,249,186,192,208,197,229,167,205,177,264,248,144,274,157,263]",363499188c275579dd329d34d6cff9487be6688d9f55f73708412d19c469e6a2,111,464791896,2337668347,"[930047,7,6,0,139,200,26]",2418159740,2366898654,[5],"{""5"":1}"
S7,7,930048,139,2.23606797749979,6,,0,0.1,62,44,"[0,1,2,3,4,45,84,86,87,176,221,231,271,284,341,415,423,433,441,444,445,604,619,652,660,693,812,843,866,898,917,936,970,981,1125,1156,1160,1175,1182,1217,1235,1237,1242,1252]","[[0,1],[1,1],[2,-1],[3,1],[4,-1],[45,1],[84,-1],[86,1],[87,1],[176,1],[221,-1],[231,-1],[271,1],[284,-1],[341,-1],[415,1],[423,-1],[433,1],[441,-1],[444,-1],[445,-1],[604,1],[619,1],[652,1],[660,1],[693,1],[812,-1],[843,1],[866,1],[898,-1],[917,-1],[936,1],[970,1],[981,-1],[1125,-1],[1156,-1],[1160,1],[1175,1],[1182,1],[1217,1],[1235,-1],[1237,-1],[1242,1],[1252,-1]]","[124,134,86,12,24,16,128,62,47,58,63,116,50,57,69,103,37,20,35,108,13,32,112,67,77,136,56,14,94,106,1,31,104,33,100,75,76,87,97,92,129,131,28,60,111,34,43,46,2,119,66,113,15,22,52,133,95,11,54,61,91,78,4,88,10,122,53,82,138,99,64,98,8,130,17,70,121,7,6,48,114,38,118,55,30,65,68,0,83,109,96,107,115,21,23,135,120,79,51,101,5,71,137,40,127,74,80,102,45,72,84]","[248,273,247,213,254,242,158,185,157,188,246,233,192,176,182,274,200,139,209,225,142,262,253,163,252,212,249,255,228,258,223,148,152,150,143,204,251,159,240,149,215,169,241,202,186,146,162,275,147,244,191,187,230,257,140,183,190,199,266,179,198,268,165,151,174,220,259,207,205,267,154,164,189,206,156,232,263,177,196,238,214,222,160,270,145,197,256,250,155,193,217,203,173,234,277,231,170,144,269,227,265,260,245,180,201,208,194,272,239,175,219]",622cf5693edc8869ec4bfc316f811232558fcfeef4d79efcaa98aadd3c1509c4,111,4275441307,564752744,"[930048,7,6,0,139,200,26]",3394556986,2366898654,[5],"{""5"":0}"
S7,7,930049,139,2.23606797749979,6,,0,0.1,62,48,"[0,1,2,3,4,18,84,122,134,190,205,213,221,230,251,254,263,270,282,341,400,433,435,441,444,551,569,604,619,660,664,693,811,828,831,898,916,951,970,983,1035,1049,1101,1125,1182,1198,1235,1242]","[[0,1],[1,1],[2,-1],[3,1],[4,-1],[18,-1],[84,-1],[122,1],[134,-1],[190,-1],[205,1],[213,1],[221,-1],[230,1],[251,-1],[254,1],[263,-1],[270,1],[282,-1],[341,-1],[400,1],[433,1],[435,1],[441,-1],[444,-1],[551,1],[569,-1],[604,1],[619,1],[660,1],[664,1],[693,1],[811,-1],[828,-1],[831,1],[898,-1],[916,-1],[951,1],[970,1],[983,1],[1035,-1],[1049,-1],[1101,-1],[1125,-1],[1182,1],[1198,1],[1235,-1],[1242,1]]","[83,73,101,128,96,93,44,1,41,90,81,29,89,7,113,105,104,43,62,69,112,57,134,38,9,60,50,20,32,125,45,123,19,120,4,106,14,51,6,42,76,117,135,12,138,8,3,31,64,133,132,18,79,82,54,25,58,121,110,49,88,46,78,40,108,39,16,10,115,68,116,0,59,130,36,47,65,94,26,85,124,35,34,28,11,98,114,70,127,86,15,80,102,122,30,107,13,136,72,33,27,84,52,111,129,92,74,21,23,22,67]","[275,202,170,158,191,160,195,232,150,169,178,233,185,213,228,223,224,249,201,274,203,244,239,190,174,212,269,235,221,205,272,227,206,230,146,168,171,157,251,197,163,194,252,142,229,143,240,167,179,236,257,270,164,254,237,276,255,162,211,177,151,245,238,215,222,261,267,172,188,184,165,153,156,141,210,155,268,250,218,241,209,220,242,264,204,145,266,180,173,234,226,193,265,271,196,231,262,189,258,182,181,247,161,207,154,248,200,225,217,219,147]",e03d778e439cec64361e0fde95b149ec291dd9d917725bdfc36ab1928da0f5e1,111,3733204452,1267716599,"[930049,7,6,0,139,200,26]",2432999924,2366898654,[5],"{""5"":0}"
S7,7,930050,139,2.23606797749979,6,,0,0.1,62,45,"[0,1,2,3,4,44,65,84,85,134,176,192,221,231,247,251,358,367,435,569,604,619,637,660,664,693,747,808,811,828,831,878,892,898,934,983,1019,1034,1058,1173,1182,1237,1238,1248,1265]","[[0,1],[1,1],[2,-1],[3,1],[4,-1],[44,1],[65,1],[84,-1],[85,1],[134,-1],[176,1],[192,-1],[221,-1],[231,-1],[247,1],[251,-1],[358,-1],[367,-1],[435,1],[569,-1],[604,1],[619,1],[637,1],[660,1],[664,1],[693,1],[747,-1],[808,1],[811,-1],[828,-1],[831,1],[878,-1],[892,1],[898,-1],[934,1],[983,1],[1019,-1],[1034,-1],[1058,-1],[1173,1],[1182,1],[1237,-1],[1238,1],[1248,-1],[1265,-1]]","[92,21,81,87,130,48,84,105,58,98,19,8,85,106,56,6,31,89,49,93,88,7,122,46,47,22,120,30,95,45,40,112,63,104,38,82,138,73,91,70,102,2,55,101,109,1,39,60,86,79,0,118,103,80,90,41,59,67,137,75,44,128,52,26,100,78,57,35,64,99,23,20,12,34,66,108,115,62,51,50,107,4,74,71,25,29,134,43,119,114,72,27,83,61,136,15,13,127,68,123,76,126,42,17,77,113,5,129,36,11,135]","[190,234,231,160,261,233,172,151,226,181,213,179,202,273,149,139,205,157,268,199,225,275,219,140,255,171,238,264,193,144,223,269,267,221,224,210,166,263,175,167,189,197,169,245,236,201,170,194,180,227,256,163,206,148,246,191,239,185,145,228,272,216,168,154,258,277,276,209,274,211,182,244,187,240,155,222,262,192,162,253,159,250,178,214,217,200,152,266,232,270,248,237,150,208,251,218,207,257,252,153,161,242,229,249,212,243,259,254,142,196,141]",636f7c1fad5da3904a83c1f90480ca722c35018cf17c72502195d59b99c40b26,111,474909743,2181222421,"[930050,7,6,0,139,200,26]",450684804,2366898654,[5],"{""5"":0}"
S7,7,930051,139,2.23606797749979,6,,0,0.1,62,45,"[0,1,2,3,4,5,18,44,84,87,101,134,205,213,221,231,238,301,423,435,444,445,551,569,581,604,619,762,793,828,831,843,878,898,951,959,979,984,1007,1022,1125,1160,1182,1238,1242]","[[0,1],[1,1],[2,-1],[3,1],[4,-1],[5,1],[18,-1],[44,1],[84,-1],[87,1],[101,1],[134,-1],[205,1],[213,1],[221,-1],[231,-1],[238,-1],[301,1],[423,-1],[435,1],[444,-1],[445,-1],[551,1],[569,-1],[581,-1],[604,1],[619,1],[762,-1],[793,1],[828,-1],[831,1],[843,1],[878,-1],[898,-1],[951,1],[959,1],[979,1],[984,-1],[1007,-1],[1022,1],[1125,-1],[1160,1],[1182,1],[1238,1],[1242,1]]","[83,32,17,73,21,48,15,126,35,62,65,30,131,22,92,26,3,63,127,88,27,47,45,10,18,134,99,106,31,64,42,75,82,89,72,29,81,74,93,37,11,12,123,49,94,130,113,51,59,77,115,2,61,23,110,19,55,121,20,137,118,69,95,71,56,86,67,76,0,122,28,5,60,116,112,124,117,128,44,111,52,103,91,119,14,43,68,101,133,129,54,6,8,46,135,108,36,104,70,39,53,79,114,85,58,40,120,16,57,105,132]","[207,229,256,187,252,203,153,265,205,241,158,248,235,193,217,250,152,151,169,264,201,206,276,142,139,247,266,269,155,143,171,157,253,172,216,211,177,225,258,202,263,260,154,195,243,166,212,141,226,197,213,196,219,198,227,147,200,176,218,261,144,190,184,156,194,173,224,175,271,160,220,259,242,239,251,186,192,257,165,237,180,262,255,268,240,150,238,159,222,170,244,140,277,181,221,161,208,204,228,267,209,246,146,189,148,249,167,149,199,236,168]",37672a97130f311f49966c83f5ea757679d6e2c4ee162eea9878cdba5e04f271,111,2302167703,1128441306,"[930051,7,6,0,139,200,26]",4199756995,2366898654,[5],"{""5"":1}"
S7,7,930052,139,2.23606797749979,6,,0,0.1,62,41,"[0,1,2,3,4,44,72,79,84,87,146,221,231,238,251,257,284,365,402,429,433,435,491,604,619,652,660,664,693,736,778,813,898,917,945,951,981,1019,1034,1141,1182]","[[0,1],[1,1],[2,-1],[3,1],[4,-1],[44,1],[72,-1],[79,-1],[84,-1],[87,1],[146,-1],[221,-1],[231,-1],[238,-1],[251,-1],[257,-1],[284,-1],[365,-1],[402,-1],[429,-1],[433,1],[435,1],[491,1],[604,1],[619,1],[652,1],[660,1],[664,1],[693,1],[736,1],[778,-1],[813,-1],[898,-1],[917,-1],[945,1],[951,1],[981,-1],[1019,-1],[1034,-1],[1141,1],[1182,1]]","[6,38,75,21,24,136,65,15,23,112,48,45,28,117,89,27,129,124,8,20,69,2,131,9,111,104,115,93,68,135,0,22,110,49,92,61,83,18,132,34,71,46,57,94,105,30,101,107,116,4,108,50,106,37,52,119,98,137,5,67,123,55,39,1,41,32,13,14,10,99,33,80,54,35,62,19,127,26,56,103,78,60,36,120,16,31,114,138,59,109,88,51,70,125,102,63,73,128,40,121,90,76,95,64,91,100,113,85,126,134,74]","[233,156,141,260,167,157,146,176,210,182,264,268,198,232,230,257,204,248,247,225,165,173,223,275,231,162,152,189,237,241,273,188,160,236,148,246,184,164,196,194,174,217,254,159,206,193,243,151,227,179,215,263,235,192,213,212,202,207,244,221,211,253,277,270,255,251,216,161,139,201,200,142,183,186,208,209,191,220,256,261,265,145,166,274,238,228,170,168,163,149,222,249,229,154,140,226,180,224,155,266,258,190,252,259,181,199,147,240,178,262,276]",2b1a22122384fd0ac1ec73602bc15f61c85b73d9b53a91e2befbac9483471cc0,111,4148092108,140883211,"[930052,7,6,0,139,200,26]",3850197571,2366898654,[5],"{""5"":0}"
S7,7,930053,139,2.23606797749979,6,,0,0.1,62,46,"[0,1,2,3,4,5,72,84,87,95,101,149,192,221,230,231,238,284,341,402,435,445,469,569,604,619,663,664,831,843,878,892,898,951,979,983,1007,1015,1160,1162,1163,1182,1242,1248,1265,1266]","[[0,1],[1,1],[2,-1],[3,1],[4,-1],[5,1],[72,-1],[84,-1],[87,1],[95,1],[101,1],[149,1],[192,-1],[221,-1],[230,1],[231,-1],[238,-1],[284,-1],[341,-1],[402,-1],[435,1],[445,-1],[469,-1],[569,-1],[604,1],[619,1],[663,-1],[664,1],[831,1],[843,1],[878,-1],[892,1],[898,-1],[951,1],[979,1],[983,1],[1007,-1],[1015,1],[1160,1],[1162,1],[1163,1],[1182,1],[1242,1],[1248,-1],[1265,-1],[1266,1]]","[58,83,9,101,78,65,64,16,54,61,50,1,38,34,85,114,67,12,105,36,30,35,102,10,13,70,124,116,136,91,59,126,80,125,23,60,44,134,118,121,55,27,96,8,82,99,79,26,112,75,42,113,110,117,41,87,3,2,89,46,84,76,20,32,6,103,104,21,57,28,111,53,132,86,135,17,5,133,94,69,77,119,66,100,74,81,120,15,0,106,63,88,93,72,127,122,14,29,128,129,92,11,115,137,107,39,68,130,31,25,98]","[249,238,194,171,140,145,275,277,181,233,197,219,207,185,200,267,224,210,141,186,251,218,272,173,268,270,149,202,139,222,261,150,143,180,161,235,209,146,230,227,253,170,162,198,266,165,205,151,250,211,169,229,191,228,276,216,213,176,164,193,204,183,192,258,172,242,274,156,147,245,199,166,208,264,206,148,174,184,212,152,144,256,214,220,142,179,262,240,234,167,259,252,225,237,273,239,187,188,221,243,244,153,158,203,163,226,160,260,269,263,195]",4b652b5f34842d253b3ba02b10648bc59d1a403d46421d635949a90254c3a4e7,111,3890293108,1736227107,"[930053,7,6,0,139,200,26]",1645168283,2366898654,[5],"{""5"":1}"
S7,7,930054,139,2.23606797749979,6,,0,0.1,62,39,"[0,1,2,3,4,44,79,84,87,101,221,224,251,274,341,400,423,435,445,469,556,604,619,660,762,795,828,843,878,898,951,1007,1009,1018,1019,1125,1137,1182,1242]","[[0,1],[1,1],[2,-1],[3,1],[4,-1],[44,1],[79,-1],[84,-1],[87,1],[101,1],[221,-1],[224,-1],[251,-1],[274,1],[341,-1],[400,1],[423,-1],[435,1],[445,-1],[469,-1],[556,1],[604,1],[619,1],[660,1],[762,-1],[795,-1],[828,-1],[843,1],[878,-1],[898,-1],[951,1],[1007,-1],[1009,1],[1018,-1],[1019,-1],[1125,-1],[1137,1],[1182,1],[1242,1]]","[93,45,10,36,85,18,77,66,27,112,102,122,129,1,22,127,43,92,31,26,133,8,17,6,104,94,115,132,126,119,78,100,53,3,79,23,95,80,61,34,97,105,101,103,73,109,82,130,90,44,30,29,24,75,9,136,134,111,51,107,59,125,86,118,96,110,121,120,87,84,108,106,41,64,56,14,123,69,137,72,38,2,13,19,5,67,25,68,138,21,12,54,57,116,89,32,7,49,46,113,58,63,0,91,74,62,28,52,131,11,60]","[172,257,228,247,268,205,240,226,273,192,142,168,245,196,176,199,276,269,229,198,221,186,187,167,202,248,250,185,274,200,203,264,188,267,261,177,175,216,244,182,147,237,194,143,252,242,213,193,158,272,266,178,211,141,208,151,173,227,164,150,234,255,153,207,223,235,166,232,148,160,215,259,146,220,156,181,246,270,263,154,251,139,155,231,157,149,159,265,241,170,262,239,197,189,190,210,144,162,165,275,233,219,169,204,277,236,253,260,184,271,225]",cec99fb8c46d8148140e3af938d9959b4982104e00c82025bfb12401e6ba1c3f,111,2250173608,1588669130,"[930054,7,6,0,139,200,26]",1386784128,2366898654,[5],"{""5"":0}"
S7,7,930055,139,2.23606797749979,6,,0,0.1,62,42,"[0,1,2,3,4,84,115,134,217,221,224,231,238,341,400,423,435,445,459,604,619,626,660,664,693,728,762,811,831,843,864,892,898,944,979,1092,1122,1137,1175,1182,1238,1242]","[[0,1],[1,1],[2,-1],[3,1],[4,-1],[84,-1],[115,1],[134,-1],[217,1],[221,-1],[224,-1],[231,-1],[238,-1],[341,-1],[400,1],[423,-1],[435,1],[445,-1],[459,-1],[604,1],[619,1],[626,-1],[660,1],[664,1],[693,1],[728,1],[762,-1],[811,-1],[831,1],[843,1],[864,1],[892,1],[898,-1],[944,-1],[979,1],[1092,1],[1122,1],[1137,1],[1175,1],[1182,1],[1238,1],[1242,1]]","[116,42,130,126,17,89,83,20,7,114,98,51,18,102,27,106,128,21,19,68,74,46,100,117,36,39,78,44,49,34,86,93,95,80,87,25,14,76,11,47,48,3,41,65,71,43,132,70,138,84,79,125,22,105,31,97,122,110,129,104,111,90,69,10,124,28,127,82,61,52,137,134,131,67,133,58,94,136,55,60,35,66,50,12,45,57,77,92,91,63,24,62,1,72,75,40,119,8,2,0,113,5,9,118,103,37,15,32,54,29,30]","[175,163,241,220,161,144,172,179,182,208,257,171,221,187,233,198,230,154,225,200,206,244,236,268,242,165,173,145,246,267,215,269,160,195,234,170,245,149,192,253,277,223,194,151,275,263,232,248,177,142,237,266,272,190,186,210,262,140,273,250,184,227,167,256,191,168,259,150,252,264,178,217,216,157,159,176,229,260,166,143,213,258,202,247,204,169,147,224,189,153,205,265,249,196,162,218,276,207,251,255,211,156,180,214,261,188,193,146,231,199,164]",e78ee513373210cf8a660cba988b0febfd24cea9a2d3a6a9f248e18279d59f08,111,3076263651,3038118967,"[930055,7,6,0,139,200,26]",4240973806,2366898654,[5],"{""5"":0}"
S7,7,930056,139,2.23606797749979,6,,0,0.1,62,35,"[0,1,2,3,4,44,79,84,85,87,101,176,221,230,247,284,445,551,604,619,663,693,778,795,809,898,951,1007,1015,1125,1137,1175,1182,1235,1248]","[[0,1],[1,1],[2,-1],[3,1],[4,-1],[44,1],[79,-1],[84,-1],[85,1],[87,1],[101,1],[176,1],[221,-1],[230,1],[247,1],[284,-1],[445,-1],[551,1],[604,1],[619,1],[663,-1],[693,1],[778,-1],[795,-1],[809,1],[898,-1],[951,1],[1007,-1],[1015,1],[1125,-1],[1137,1],[1175,1],[1182,1],[1235,-1],[1248,-1]]","[112,102,119,136,79,48,0,5,13,113,14,115,23,41,75,133,116,100,60,134,1,73,8,31,16,56,87,123,24,127,38,58,80,103,111,22,19,93,70,36,76,78,91,129,47,131,11,90,69,107,61,27,43,101,52,92,3,37,68,40,18,82,34,62,105,106,89,99,46,72,125,135,12,138,21,126,55,63,98,121,59,50,83,66,117,97,64,33,71,109,122,88,65,130,128,35,137,120,84,81,17,15,49,29,2,10,25,110,124,94,54]","[221,266,158,206,220,141,258,159,191,222,212,237,257,157,185,229,238,231,246,243,194,214,224,232,218,200,223,260,226,209,211,197,167,255,170,217,250,187,205,162,178,140,168,244,199,146,182,180,251,145,236,171,152,174,233,148,269,177,201,271,277,272,268,262,164,179,254,259,210,176,193,245,161,240,274,219,213,204,169,248,202,186,273,143,276,153,139,144,207,265,235,198,196,225,151,149,154,203,263,275,208,184,261,183,216,165,241,142,267,172,249]",8db8978b25f2d0af34635839c4fd57e4f1e5f1072703368926a7b7744bcde1c8,111,573795742,3646245285,"[930056,7,6,0,139,200,26]",4253164465,2366898654,[5],"{""5"":0}"
S7,7,930057,139,2.23606797749979,6,,0,0.1,62,47,"[0,1,2,3,4,44,79,84,115,134,213,231,238,247,251,284,318,341,400,421,423,435,469,484,569,578,604,619,660,664,693,747,762,795,811,831,866,898,945,1049,1092,1122,1125,1175,1182,1198,1235]","[[0,1],[1,1],[2,-1],[3,1],[4,-1],[44,1],[79,-1],[84,-1],[115,1],[134,-1],[213,1],[231,-1],[238,-1],[247,1],[251,-1],[284,-1],[318,1],[341,-1],[400,1],[421,1],[423,-1],[435,1],[469,-1],[484,-1],[569,-1],[578,-1],[604,1],[619,1],[660,1],[664,1],[693,1],[747,-1],[762,-1],[795,-1],[811,-1],[831,1],[866,1],[898,-1],[945,1],[1049,-1],[1092,1],[1122,1],[1125,-1],[1175,1],[1182,1],[1198,1],[1235,-1]]","[21,49,100,117,120,46,135,89,29,6,5,103,116,1,28,33,98,77,123,110,101,42,138,26,134,71,102,51,92,59,31,108,32,9,15,25,58,81,55,4,96,82,61,76,16,70,60,115,68,52,10,69,75,50,37,38,45,0,48,41,53,79,128,35,124,95,97,136,73,66,64,130,127,86,109,56,36,63,126,54,13,40,62,112,93,90,104,20,19,129,105,12,44,83,72,8,114,2,91,78,27,7,39,106,11,74,43,88,121,111,85]","[215,238,172,188,217,198,193,225,220,141,239,209,164,151,243,145,189,150,227,231,199,210,204,249,156,265,180,267,154,159,177,222,171,212,245,236,242,208,228,184,276,219,185,270,244,140,224,237,261,248,274,266,196,146,200,268,201,226,173,139,191,255,144,153,247,213,152,203,158,260,262,195,178,250,233,142,162,253,214,194,170,223,147,175,211,179,161,157,143,256,257,192,183,230,166,190,273,234,174,272,259,232,277,241,207,197,252,258,182,176,165]",3e429997a12413b1b66c579f75ce479ef1ce46a284232ffa6e8793fe41d18fff,111,2861589280,1000814436,"[930057,7,6,0,139,200,26]",1516323738,2366898654,[5],"{""5"":0}"
S7,7,930058,139,2.23606797749979,6,,0,0.1,62,47,"[0,1,2,3,4,44,79,84,87,101,134,192,213,221,231,247,255,284,341,375,402,415,433,435,444,505,569,604,619,660,663,693,878,898,945,981,983,1050,1125,1137,1141,1156,1160,1182,1235,1236,1246]","[[0,1],[1,1],[2,-1],[3,1],[4,-1],[44,1],[79,-1],[84,-1],[87,1],[101,1],[134,-1],[192,-1],[213,1],[221,-1],[231,-1],[247,1],[255,-1],[284,-1],[341,-1],[375,-1],[402,-1],[415,1],[433,1],[435,1],[444,-1],[505,1],[569,-1],[604,1],[619,1],[660,1],[663,-1],[693,1],[878,-1],[898,-1],[945,1],[981,-1],[983,1],[1050,-1],[1125,-1],[1137,1],[1141,1],[1156,-1],[1160,1],[1182,1],[1235,-1],[1236,1],[1246,-1]]","[90,26,55,126,91,94,101,97,100,71,32,138,18,73,68,12,50,134,17,83,66,87,130,14,102,2,11,113,122,5,64,19,4,37,117,56,53,67,107,72,92,132,104,30,1,63,127,76,115,36,77,85,75,88,49,45,46,7,95,54,120,111,98,112,52,3,84,27,108,116,125,123,21,42,62,99,114,131,24,0,82,60,20,25,15,70,28,69,22,47,110,6,109,39,121,10,81,43,23,57,29,51,31,61,136,135,59,58,44,40,13]","[227,264,215,185,163,265,233,270,179,200,268,222,199,260,189,168,192,139,246,178,205,182,184,217,154,202,141,203,257,159,240,266,255,216,244,155,164,147,177,191,258,269,248,152,208,193,140,221,272,250,225,201,261,183,243,226,274,273,173,206,256,223,239,181,150,249,207,242,151,210,197,247,142,277,187,171,176,275,235,143,162,188,230,167,158,157,145,190,252,211,254,170,175,229,161,153,146,219,180,237,231,172,198,194,259,165,262,166,220,149,224]",3b52d7355bb4da5b11b06a074604a2b0d9c094ae517454dc0dcd23cf7f5be81e,111,2178638055,3989959318,"[930058,7,6,0,139,200,26]",27783691,2366898654,[5],"{""5"":0}"
S7,7,930059,139,2.23606797749979,6,,0,0.1,62,43,"[0,1,2,3,4,18,79,84,85,101,221,228,231,238,336,341,411,444,469,483,604,619,660,665,693,710,762,811,831,878,892,898,979,1101,1114,1149,1175,1182,1233,1235,1236,1242,1243]","[[0,1],[1,1],[2,-1],[3,1],[4,-1],[18,-1],[79,-1],[84,-1],[85,1],[101,1],[221,-1],[228,-1],[231,-1],[238,-1],[336,-1],[341,-1],[411,-1],[444,-1],[469,-1],[483,-1],[604,1],[619,1],[660,1],[665,-1],[693,1],[710,-1],[762,-1],[811,-1],[831,1],[878,-1],[892,1],[898,-1],[979,1],[1101,-1],[1114,1],[1149,-1],[1175,1],[1182,1],[1233,1],[1235,-1],[1236,1],[1242,1],[1243,-1]]","[33,25,19,136,110,114,113,100,106,66,27,69,74,39,26,86,108,41,82,131,28,16,11,34,134,36,79,115,38,3,22,1,119,56,124,5,47,97,77,62,45,18,133,95,120,4,57,20,15,99,104,71,127,109,55,80,24,98,35,105,132,123,137,70,135,21,111,6,40,121,102,51,88,2,60,122,89,116,37,52,13,17,43,50,29,48,130,10,87,64,101,93,138,91,112,49,30,7,94,118,117,0,126,128,31,53,14,73,96,63,59]","[262,220,232,230,202,164,159,255,244,207,198,250,272,241,168,139,257,158,234,173,229,201,222,166,252,256,152,264,236,219,238,218,223,154,165,265,221,170,151,237,196,233,177,185,275,142,261,208,270,266,188,239,140,184,178,192,211,195,190,193,155,172,144,145,163,180,169,148,254,205,206,204,182,199,141,156,243,245,271,235,273,160,157,259,197,267,181,213,191,174,179,217,231,226,143,249,268,246,187,258,216,242,175,277,263,209,228,167,224,150,147]",c88a092d928be922da2780b2f37de6c621cab70e7a6603b1ec757aba221c06ff,111,985977386,2405587245,"[930059,7,6,0,139,200,26]",4187344826,2366898654,[5],"{""5"":0}"
S7,7,930060,139,2.23606797749979,6,,0,0.1,62,51,"[0,1,2,3,4,44,79,84,85,87,101,144,145,176,192,193,221,239,271,284,341,400,415,444,445,446,469,517,581,604,619,660,693,762,831,843,844,878,892,898,951,1015,1034,1058,1108,1163,1182,1198,1233,1265,1279]","[[0,1],[1,1],[2,-1],[3,1],[4,-1],[44,1],[79,-1],[84,-1],[85,1],[87,1],[101,1],[144,1],[145,1],[176,1],[192,-1],[193,-1],[221,-1],[239,1],[271,1],[284,-1],[341,-1],[400,1],[415,1],[444,-1],[445,-1],[446,1],[469,-1],[517,-1],[581,-1],[604,1],[619,1],[660,1],[693,1],[762,-1],[831,1],[843,1],[844,-1],[878,-1],[892,1],[898,-1],[951,1],[1015,1],[1034,-1],[1058,-1],[1108,1],[1163,1],[1182,1],[1198,1],[1233,1],[1265,-1],[1279,-1]]","[106,27,122,57,77,80,112,71,96,121,72,86,68,6,48,88,111,114,20,15,107,85,65,54,34,103,46,38,92,18,83,128,89,60,99,7,62,66,50,90,21,133,136,55,31,51,100,36,129,29,102,97,10,0,124,135,25,69,5,12,81,84,61,9,33,123,40,59,98,35,4,22,113,120,73,95,104,105,134,76,118,75,138,28,19,132,2,26,32,93,101,17,43,126,78,1,8,24,91,37,130,87,109,108,52,64,45,131,47,137,11]","[156,263,222,253,275,215,188,249,179,201,266,270,195,172,226,205,223,212,165,143,272,227,240,203,166,276,220,162,264,208,237,141,262,221,176,182,192,142,255,180,155,242,154,277,202,198,248,200,233,139,265,178,246,245,163,187,160,193,191,211,149,177,218,244,225,241,185,210,169,256,228,231,268,144,260,171,157,224,217,197,186,232,189,140,175,150,234,184,174,194,238,167,170,271,151,153,173,183,181,199,243,259,269,159,274,206,229,230,214,161,235]",7f0d930d1d3b6e2858ba2237dbdf08da6451a2cd28575402525f4e999cec1d4d,111,839317452,2496287475,"[930060,7,6,0,139,200,26]",2913462486,2366898654,[5],"{""5"":0}"
S7,7,930061,139,2.23606797749979,6,,0,0.1,62,49,"[0,1,2,3,4,43,44,45,84,87,122,133,134,192,205,221,231,238,341,367,415,423,435,506,518,604,619,660,693,811,828,844,862,892,898,930,934,951,970,999,1015,1034,1053,1125,1137,1173,1182,1235,1238]","[[0,1],[1,1],[2,-1],[3,1],[4,-1],[43,1],[44,1],[45,1],[84,-1],[87,1],[122,1],[133,1],[134,-1],[192,-1],[205,1],[221,-1],[231,-1],[238,-1],[341,-1],[367,-1],[415,1],[423,-1],[435,1],[506,1],[518,-1],[604,1],[619,1],[660,1],[693,1],[811,-1],[828,-1],[844,-1],[862,1],[892,1],[898,-1],[930,1],[934,1],[951,1],[970,1],[999,1],[1015,1],[1034,-1],[1053,1],[1125,-1],[1137,1],[1173,1],[1182,1],[1235,-1],[1238,1]]","[71,74,111,27,62,89,101,103,91,23,6,114,93,51,87,2,97,90,50,123,15,11,102,30,1,95,60,110,40,25,70,105,39,68,119,82,137,59,85,131,13,94,31,58,61,136,3,128,75,100,98,8,135,57,55,34,126,109,33,38,44,14,118,46,113,122,115,129,78,77,121,52,53,41,4,116,84,73,108,29,138,69,67,54,96,92,43,112,56,49,66,124,65,16,7,36,88,0,24,35,9,63,80,86,120,125,81,134,12,37,47]","[212,244,263,266,225,158,140,139,261,198,199,258,217,268,187,247,224,227,163,162,229,271,211,161,257,190,145,253,167,156,151,243,185,153,213,172,146,177,157,272,141,275,143,254,239,232,189,148,188,255,210,235,160,267,178,218,250,223,154,196,182,203,226,201,169,164,249,274,222,194,262,207,240,231,181,192,256,216,144,215,165,236,200,219,205,238,142,269,155,246,264,276,242,204,175,265,208,152,159,173,186,171,237,179,174,180,170,241,233,277,202]",ae5c9f675d43d99dc7c28cf3edaf055a7e5e9040b255cadf656f6a557d2f0b6d,111,1150229725,1491825045,"[930061,7,6,0,139,200,26]",923266825,2366898654,[5],"{""5"":0}"
S7,7,930062,139,2.23606797749979,6,,0,0.1,62,42,"[0,1,2,3,4,79,84,101,134,161,176,205,217,221,231,251,282,284,341,423,435,444,467,578,604,637,693,762,878,898,916,934,981,1035,1101,1137,1156,1182,1233,1235,1238,1242]","[[0,1],[1,1],[2,-1],[3,1],[4,-1],[79,-1],[84,-1],[101,1],[134,-1],[161,1],[176,1],[205,1],[217,1],[221,-1],[231,-1],[251,-1],[282,-1],[284,-1],[341,-1],[423,-1],[435,1],[444,-1],[467,1],[578,-1],[604,1],[637,1],[693,1],[762,-1],[878,-1],[898,-1],[916,-1],[934,1],[981,-1],[1035,-1],[1101,-1],[1137,1],[1156,-1],[1182,1],[1233,1],[1235,-1],[1238,1],[1242,1]]","[122,24,99,100,30,135,3,72,75,39,111,97,0,82,52,20,13,83,69,62,131,113,95,104,41,58,21,7,123,43,70,81,94,71,86,9,130,31,4,35,56,11,59,73,128,78,29,1,15,45,76,5,54,136,124,48,93,66,34,110,6,18,46,105,89,10,114,125,51,22,120,102,38,61,138,2,87,116,118,101,36,42,103,44,57,16,63,49,79,50,106,90,119,117,74,134,107,112,64,53,67,14,132,137,27,17,8,68,40,80,96]","[250,149,235,249,161,170,167,256,198,207,264,230,158,204,248,237,195,199,142,224,148,252,214,226,236,260,157,211,187,262,201,181,263,147,265,222,208,234,258,139,165,212,191,268,152,254,144,217,215,266,153,241,267,186,242,141,238,179,219,269,257,220,202,228,184,227,246,177,150,273,145,168,155,192,275,171,190,233,146,245,205,216,225,240,239,140,159,154,194,203,271,210,173,232,162,272,229,261,231,206,185,255,218,213,197,169,151,174,244,251,182]",cacc82edfc0dae6221b059d0cc0f234412e72783aea38db12a89edd9ccf8380e,111,1427998415,3111098443,"[930062,7,6,0,139,200,26]",4082288710,2366898654,[5],"{""5"":0}"
S7,7,930063,139,2.23606797749979,6,,0,0.1,62,41,"[0,1,2,3,4,10,15,45,72,79,84,87,213,218,231,238,284,400,475,581,604,619,624,663,731,762,813,844,898,934,945,983,1007,1009,1058,1097,1137,1152,1160,1182,1233]","[[0,1],[1,1],[2,-1],[3,1],[4,-1],[10,1],[15,1],[45,1],[72,-1],[79,-1],[84,-1],[87,1],[213,1],[218,1],[231,-1],[238,-1],[284,-1],[400,1],[475,1],[581,-1],[604,1],[619,1],[624,-1],[663,-1],[731,1],[762,-1],[813,-1],[844,-1],[898,-1],[934,1],[945,1],[983,1],[1007,-1],[1009,1],[1058,-1],[1097,1],[1137,1],[1152,-1],[1160,1],[1182,1],[1233,1]]","[34,127,45,65,0,129,86,98,132,62,117,57,102,66,32,92,93,61,94,41,29,19,99,44,13,67,125,73,63,136,50,96,22,72,116,121,40,54,74,18,25,43,30,10,12,78,16,26,113,109,111,75,36,33,122,101,42,47,31,35,58,77,24,135,88,23,76,81,5,126,100,3,133,104,6,82,69,55,64,71,59,11,1,134,106,38,17,119,37,56,84,14,130,80,53,124,9,120,95,107,89,46,70,52,108,51,97,20,68,105,8]","[202,178,191,222,264,256,157,144,217,170,200,269,213,139,246,197,153,212,262,201,207,230,234,216,226,174,176,199,247,221,187,208,242,273,266,183,249,146,244,239,277,224,250,173,148,236,182,165,175,258,145,231,218,164,210,147,152,186,235,140,272,243,260,215,227,209,181,275,259,167,238,255,253,192,160,161,245,162,171,184,254,204,252,270,194,168,143,188,228,271,156,233,248,265,196,150,177,268,141,240,276,166,229,158,159,251,214,151,149,219,154]",a844decd6853aa9559a7ffbb159c80bbb8683cea9620edb4da7025a238d38e9d,111,3358039127,284976248,"[930063,7,6,0,139,200,26]",1987189638,2366898654,[5],"{""5"":0}"
S7,7,930064,139,2.23606797749979,6,,0,0.1,62,41,"[0,1,2,3,4,10,44,84,216,221,225,238,341,370,433,441,444,445,604,619,660,693,762,811,828,831,843,861,862,898,994,1034,1058,1137,1182,1198,1235,1238,1242,1243,1265]","[[0,1],[1,1],[2,-1],[3,1],[4,-1],[10,1],[44,1],[84,-1],[216,-1],[221,-1],[225,-1],[238,-1],[341,-1],[370,-1],[433,1],[441,-1],[444,-1],[445,-1],[604,1],[619,1],[660,1],[693,1],[762,-1],[811,-1],[828,-1],[831,1],[843,1],[861,-1],[862,1],[898,-1],[994,-1],[1034,-1],[1058,-1],[1137,1],[1182,1],[1198,1],[1235,-1],[1238,1],[1242,1],[1243,-1],[1265,-1]]","[53,63,43,138,61,27,65,133,137,98,109,136,103,5,79,37,88,41,6,58,85,2,95,102,99,22,3,130,46,97,135,1,89,107,49,93,52,23,28,7,15,57,8,131,78,26,59,71,70,19,48,115,56,72,32,104,75,39,113,69,100,91,29,25,47,17,116,74,18,73,16,35,20,45,60,96,40,24,31,42,105,77,54,112,125,117,13,101,126,38,64,120,66,80,34,33,84,83,67,87,114,129,124,132,121,127,4,14,76,82,51]","[252,255,185,144,173,139,147,216,143,265,274,253,211,231,241,196,239,160,214,257,236,164,208,217,248,153,195,188,192,165,198,174,221,163,145,227,235,246,270,269,194,148,213,223,187,186,166,268,154,183,169,157,172,149,159,237,202,224,244,238,220,193,267,181,204,140,234,256,197,258,199,180,167,168,233,261,276,158,230,150,243,218,182,190,247,179,264,251,273,277,271,175,146,184,275,266,232,225,229,152,178,215,242,250,272,156,209,201,177,254,171]",ee845278d9449107fbb4f2ef771568725a82a69d57329dfba016aca6f42a8a85,111,232390089,586013298,"[930064,7,6,0,139,200,26]",2122385438,2366898654,[5],"{""5"":0}"
S7,7,930065,139,2.23606797749979,6,,0,0.1,62,47,"[0,1,2,3,4,10,18,44,70,72,84,85,203,231,251,284,400,423,433,435,445,459,475,505,569,581,604,619,660,663,769,831,843,898,928,979,983,994,1034,1058,1125,1128,1137,1160,1182,1198,1238]","[[0,1],[1,1],[2,-1],[3,1],[4,-1],[10,1],[18,-1],[44,1],[70,-1],[72,-1],[84,-1],[85,1],[203,1],[231,-1],[251,-1],[284,-1],[400,1],[423,-1],[433,1],[435,1],[445,-1],[459,-1],[475,1],[505,1],[569,-1],[581,-1],[604,1],[619,1],[660,1],[663,-1],[769,1],[831,1],[843,1],[898,-1],[928,-1],[979,1],[983,1],[994,-1],[1034,-1],[1058,-1],[1125,-1],[1128,1],[1137,1],[1160,1],[1182,1],[1198,1],[1238,1]]","[13,120,84,88,23,93,130,96,28,5,38,58,67,114,102,22,19,57,75,138,71,56,60,27,49,1,25,69,52,126,98,66,107,123,30,24,135,10,122,68,36,133,62,50,42,79,128,137,78,80,33,16,89,21,14,8,46,15,6,7,82,9,95,37,61,73,99,119,127,26,51,53,121,32,72,125,112,76,85,92,40,18,103,104,48,39,111,91,20,59,129,54,2,44,90,55,116,64,63,74,12,45,134,115,131,110,108,113,132,77,0]","[224,229,237,165,221,273,169,172,151,274,167,236,265,242,228,161,183,205,160,154,266,209,270,146,255,218,216,215,249,184,150,234,267,177,188,262,143,166,156,142,187,144,202,226,268,149,201,246,231,225,269,233,219,141,217,162,235,230,186,170,180,256,206,238,275,181,155,176,277,192,271,252,260,193,208,258,244,239,241,214,264,240,163,164,254,199,204,194,227,272,175,253,245,263,261,168,140,145,198,174,157,147,153,189,159,232,185,139,247,223,248]",4b2ffb85e375cabdf3424dd38605fd9c8d7e82bb81078d4be8f7dfdecaf6eb29,111,1167653937,1983744226,"[930065,7,6,0,139,200,26]",3611055923,2366898654,[5],"{""5"":0}"
S7,7,930066,139,2.23606797749979,6,,0,0.1,62,44,"[0,1,2,3,4,44,79,84,101,115,134,185,221,247,251,341,423,444,445,483,604,619,660,693,799,828,831,844,880,898,917,951,970,979,981,983,1015,1092,1125,1175,1182,1187,1242,1248]","[[0,1],[1,1],[2,-1],[3,1],[4,-1],[44,1],[79,-1],[84,-1],[101,1],[115,1],[134,-1],[185,1],[221,-1],[247,1],[251,-1],[341,-1],[423,-1],[444,-1],[445,-1],[483,-1],[604,1],[619,1],[660,1],[693,1],[799,-1],[828,-1],[831,1],[844,-1],[880,1],[898,-1],[917,-1],[951,1],[970,1],[979,1],[981,-1],[983,1],[1015,1],[1092,1],[1125,-1],[1175,1],[1182,1],[1187,-1],[1242,1],[1248,-1]]","[121,31,20,134,101,110,113,81,135,109,119,84,2,69,129,68,15,128,91,98,83,23,65,76,99,62,94,19,40,37,50,74,55,48,72,0,103,42,5,63,17,126,123,85,120,71,29,115,100,6,56,36,93,25,133,54,112,47,60,53,75,82,61,10,102,7,118,78,136,122,111,57,131,49,46,90,106,97,27,4,95,114,70,104,26,116,38,132,124,86,107,30,43,21,77,88,32,24,34,41,35,137,87,1,45,58,66,79,22,138,9]","[171,223,257,151,166,232,194,179,210,259,199,186,184,270,164,249,236,140,227,230,207,219,277,237,273,191,263,178,267,240,218,157,168,252,143,196,213,195,145,203,176,246,235,243,224,221,192,202,276,241,156,204,189,266,251,170,229,149,217,167,222,153,182,185,248,216,242,162,158,190,146,155,208,163,215,233,262,234,269,209,172,181,211,161,197,220,148,198,254,159,265,231,188,183,253,205,150,272,169,260,250,245,247,225,141,165,187,173,206,193,180]",b68eada5c73cca843f5cb19ff19757203b526e53ecd04e6fdf590fbf1cfa34f5,111,372541567,4113630815,"[930066,7,6,0,139,200,26]",485304051,2366898654,[5],"{""5"":0}"
S7,7,930067,139,2.23606797749979,6,,0,0.1,62,46,"[0,1,2,3,4,44,53,84,85,87,134,144,205,211,231,247,284,327,341,423,435,444,445,469,568,586,604,660,693,762,808,811,812,831,843,864,898,979,983,1101,1122,1175,1182,1235,1242,1279]","[[0,1],[1,1],[2,-1],[3,1],[4,-1],[44,1],[53,-1],[84,-1],[85,1],[87,1],[134,-1],[144,1],[205,1],[211,1],[231,-1],[247,1],[284,-1],[327,1],[341,-1],[423,-1],[435,1],[444,-1],[445,-1],[469,-1],[568,-1],[586,-1],[604,1],[660,1],[693,1],[762,-1],[808,1],[811,-1],[812,-1],[831,1],[843,1],[864,1],[898,-1],[979,1],[983,1],[1101,-1],[1122,1],[1175,1],[1182,1],[1235,-1],[1242,1],[1279,-1]]","[9,87,2,114,98,15,116,99,96,104,43,108,123,136,74,63,93,130,47,14,73,89,134,67,115,16,57,107,27,119,37,4,61,88,124,118,76,82,53,137,85,25,32,102,127,8,17,97,138,66,121,50,94,68,22,132,109,62,106,1,48,133,84,128,6,83,101,7,54,33,90,19,72,30,112,122,79,34,78,39,52,35,56,92,120,31,3,13,44,80,59,26,103,77,117,69,91,23,100,36,75,10,129,51,110,60,64,55,49,42,41]","[238,203,242,245,249,254,157,272,187,215,182,257,232,199,175,147,179,275,185,174,197,252,221,269,262,178,192,270,158,261,211,248,196,169,202,191,161,177,200,230,267,204,146,222,236,246,237,217,181,149,193,172,218,148,186,224,170,233,162,241,205,164,243,166,151,228,214,194,220,143,250,219,210,184,144,145,244,234,271,183,152,142,260,229,231,190,253,277,216,259,255,176,227,180,139,140,209,273,154,195,212,163,168,274,198,141,201,264,160,171,226]",2942dc237e9262d8ff5084e57e7dbbfa10384afb3e2e7eefa02fdf16a4074168,111,277912257,3636201550,"[930067,7,6,0,139,200,26]",316979854,2366898654,[5],"{""5"":0}"
S7,7,930068,139,2.23606797749979,6,,0,0.1,62,42,"[0,1,2,3,4,15,44,84,97,213,230,231,284,341,402,411,444,495,551,569,581,604,619,664,693,813,831,843,892,898,942,945,951,983,1137,1175,1181,1182,1198,1242,1246,1265]","[[0,1],[1,1],[2,-1],[3,1],[4,-1],[15,1],[44,1],[84,-1],[97,-1],[213,1],[230,1],[231,-1],[284,-1],[341,-1],[402,-1],[411,-1],[444,-1],[495,-1],[551,1],[569,-1],[581,-1],[604,1],[619,1],[664,1],[693,1],[813,-1],[831,1],[843,1],[892,1],[898,-1],[942,-1],[945,1],[951,1],[983,1],[1137,1],[1175,1],[1181,-1],[1182,1],[1198,1],[1242,1],[1246,-1],[1265,-1]]","[48,7,135,22,64,109,34,95,134,5,68,16,30,128,33,63,99,69,86,39,91,19,6,36,116,107,78,79,104,2,97,17,67,31,129,71,72,66,82,1,56,47,27,14,125,106,123,89,75,44,110,9,127,120,102,49,11,137,28,84,98,90,60,12,101,62,122,50,41,111,138,15,115,103,126,25,100,57,24,40,93,76,124,54,23,29,88,21,113,59,114,13,52,32,35,83,117,61,45,10,108,65,53,132,42,26,74,92,70,38,133]","[240,266,198,243,221,201,239,160,186,168,235,219,257,172,181,232,154,192,268,244,265,262,254,277,274,226,255,144,212,147,214,236,220,166,148,228,200,224,253,177,223,189,231,213,199,197,179,229,143,176,182,161,233,163,230,208,263,261,210,193,156,205,218,241,234,245,227,195,203,273,174,169,191,194,140,246,171,153,141,259,173,139,178,202,180,222,256,165,184,238,251,206,170,258,269,242,216,155,150,249,146,145,217,237,260,185,204,225,270,152,158]",908fa097935c67445adba9a895897fcfc6feb88559e7f557d618eede77578072,111,1773012499,1603056385,"[930068,7,6,0,139,200,26]",1724289643,2366898654,[5],"{""5"":0}"
S7,7,930069,139,2.23606797749979,6,,0,0.1,62,47,"[0,1,2,3,4,10,15,44,45,84,85,87,238,239,247,251,341,411,423,435,441,444,445,446,551,604,619,648,660,693,722,762,811,831,843,878,898,942,945,994,1015,1034,1042,1125,1237,1238,1248]","[[0,1],[1,1],[2,-1],[3,1],[4,-1],[10,1],[15,1],[44,1],[45,1],[84,-1],[85,1],[87,1],[238,-1],[239,1],[247,1],[251,-1],[341,-1],[411,-1],[423,-1],[435,1],[441,-1],[444,-1],[445,-1],[446,1],[551,1],[604,1],[619,1],[648,-1],[660,1],[693,1],[722,1],[762,-1],[811,-1],[831,1],[843,1],[878,-1],[898,-1],[942,-1],[945,1],[994,-1],[1015,1],[1034,-1],[1042,1],[1125,-1],[1237,-1],[1238,1],[1248,-1]]","[22,1,89,59,72,25,63,115,83,114,23,125,43,62,116,138,10,94,24,137,0,92,85,100,106,121,77,93,71,101,95,110,86,133,2,104,55,15,98,19,45,91,130,29,57,9,90,69,42,61,35,73,99,70,80,103,109,129,51,7,66,112,97,16,37,11,38,111,122,60,120,34,36,113,14,41,67,75,87,13,50,126,96,107,47,127,46,4,131,53,44,39,123,108,40,33,118,56,132,17,119,48,79,78,20,27,12,30,74,49,84]","[178,253,262,231,143,192,239,186,177,201,222,141,212,246,183,271,163,229,166,235,190,276,217,261,237,202,195,169,148,197,173,150,209,199,213,248,181,277,207,191,151,244,182,269,145,144,225,180,194,162,241,203,263,184,258,208,185,259,215,254,266,175,245,189,274,165,193,273,146,204,161,198,139,230,255,170,188,223,227,268,159,238,250,153,158,242,272,219,224,149,196,176,236,157,154,240,243,257,218,187,172,152,142,251,214,167,179,228,265,234,249]",c66f67227d2e4c4455ffab8603d3d57d00c523523d7cb5a22a50a49aa9235937,111,1570537143,351441652,"[930069,7,6,0,139,200,26]",8188714,2366898654,[5],"{""5"":0}"
S7,7,930070,139,2.23606797749979,6,,0,0.1,62,39,"[0,1,2,3,4,44,84,87,101,238,284,341,358,400,435,446,604,619,661,693,710,799,831,839,843,898,928,936,945,951,975,1034,1122,1125,1160,1182,1189,1222,1235]","[[0,1],[1,1],[2,-1],[3,1],[4,-1],[44,1],[84,-1],[87,1],[101,1],[238,-1],[284,-1],[341,-1],[358,-1],[400,1],[435,1],[446,1],[604,1],[619,1],[661,1],[693,1],[710,-1],[799,-1],[831,1],[839,1],[843,1],[898,-1],[928,-1],[936,1],[945,1],[951,1],[975,1],[1034,-1],[1122,1],[1125,-1],[1160,1],[1182,1],[1189,-1],[1222,1],[1235,-1]]","[45,35,49,80,119,136,57,85,106,71,117,56,63,64,96,44,42,101,54,62,40,31,131,92,25,82,79,123,120,7,51,13,36,124,110,30,60,100,98,4,128,21,116,95,16,72,130,114,65,26,10,126,18,17,3,66,55,77,5,58,84,83,87,38,37,0,2,133,135,9,52,22,104,11,20,43,86,19,127,68,129,105,122,103,28,48,125,102,69,132,89,94,50,61,15,97,32,76,41,118,27,99,109,134,1,121,23,75,46,8,115]","[189,175,220,191,206,205,192,271,260,248,146,172,203,234,266,269,241,253,225,213,198,153,268,188,262,139,177,242,274,142,238,167,148,209,224,243,193,143,196,231,255,276,237,219,214,200,183,144,145,197,211,140,217,275,250,150,180,232,221,149,147,184,226,163,215,264,223,222,252,202,277,229,141,157,173,247,185,155,166,245,228,273,170,210,182,233,178,165,270,176,208,258,265,160,272,158,162,151,169,159,263,161,240,207,201,239,199,156,235,230,259]",f5b0d5540f32a073ef7215fc4996320d216245992a59c2f28adac4d434476f1d,111,3500388503,1839783915,"[930070,7,6,0,139,200,26]",1637160638,2366898654,[5],"{""5"":0}"
S7,7,930071,139,2.23606797749979,6,,0,0.1,62,37,"[0,1,2,3,4,44,84,87,134,211,221,238,284,341,400,423,435,441,446,604,619,660,709,721,778,811,831,843,878,898,951,975,999,1175,1182,1235,1242]","[[0,1],[1,1],[2,-1],[3,1],[4,-1],[44,1],[84,-1],[87,1],[134,-1],[211,1],[221,-1],[238,-1],[284,-1],[341,-1],[400,1],[423,-1],[435,1],[441,-1],[446,1],[604,1],[619,1],[660,1],[709,1],[721,1],[778,-1],[811,-1],[831,1],[843,1],[878,-1],[898,-1],[951,1],[975,1],[999,1],[1175,1],[1182,1],[1235,-1],[1242,1]]","[68,35,22,84,58,40,83,52,59,56,133,47,114,131,120,16,24,26,44,60,55,70,77,62,86,134,17,49,135,71,98,117,119,66,110,54,124,18,69,41,76,2,78,105,57,103,14,50,106,73,92,11,109,113,42,97,104,99,129,112,74,87,126,95,43,15,111,80,29,123,122,90,67,8,0,63,30,65,61,51,102,9,130,125,79,32,107,128,23,89,10,82,12,1,137,96,118,138,7,53,13,116,38,25,3,46,136,132,34,91,93]","[249,250,260,141,198,265,211,257,224,264,139,232,159,188,277,276,258,156,194,237,269,210,165,140,155,151,157,177,164,261,144,196,246,148,222,158,206,213,217,215,272,270,225,167,227,190,203,251,191,187,228,184,255,223,243,163,142,262,238,241,162,161,214,220,254,180,193,208,145,197,186,273,200,256,152,170,176,195,205,271,252,143,236,154,192,247,175,259,178,226,268,209,275,201,245,248,202,234,244,171,216,199,160,266,253,242,240,181,230,231,166]",93265c7f5084f866042c81e858817b865b3d2caf2e32fc4c8dfe7d56fb205b52,111,195019190,714501035,"[930071,7,6,0,139,200,26]",171006252,2366898654,[5],"{""5"":0}"
S7,7,930072,139,2.23606797749979,6,,0,0.1,62,48,"[0,1,2,3,4,5,43,44,84,101,213,221,231,284,301,330,341,400,415,423,435,444,445,446,551,604,619,660,663,693,721,797,811,831,864,898,970,979,983,1042,1057,1101,1122,1163,1175,1198,1242,1248]","[[0,1],[1,1],[2,-1],[3,1],[4,-1],[5,1],[43,1],[44,1],[84,-1],[101,1],[213,1],[221,-1],[231,-1],[284,-1],[301,1],[330,-1],[341,-1],[400,1],[415,1],[423,-1],[435,1],[444,-1],[445,-1],[446,1],[551,1],[604,1],[619,1],[660,1],[663,-1],[693,1],[721,1],[797,1],[811,-1],[831,1],[864,1],[898,-1],[970,1],[979,1],[983,1],[1042,1],[1057,1],[1101,-1],[1122,1],[1163,1],[1175,1],[1198,1],[1242,1],[1248,-1]]","[116,128,18,104,123,135,5,102,100,55,97,98,70,67,119,30,138,75,45,115,66,15,11,29,23,84,7,0,62,58,83,99,137,133,20,26,46,43,111,89,132,80,76,12,114,74,10,79,88,41,56,93,33,91,53,90,14,31,69,50,35,44,51,36,27,37,32,106,16,124,22,130,42,2,82,21,39,48,131,122,117,103,3,134,25,1,77,65,19,24,109,28,8,4,54,105,72,101,52,47,87,120,73,92,63,85,78,38,68,129,61]","[188,227,199,217,265,277,141,221,276,173,223,145,233,234,230,165,207,146,211,167,206,160,261,247,168,162,205,241,166,271,245,142,193,155,204,274,219,264,163,228,263,220,216,262,203,200,171,144,244,218,225,152,237,177,209,161,196,213,164,174,229,222,175,235,242,183,194,208,187,250,185,150,170,181,254,140,259,252,158,226,251,191,256,202,231,236,198,253,257,159,238,246,180,153,270,154,184,179,210,249,176,178,195,273,172,240,248,192,143,232,267]",e4e900525f049916d0ac7a92ece67e2ea3f94279cac2e360b71886d56c1ee090,111,2550439386,5370947,"[930072,7,6,0,139,200,26]",4191903441,2366898654,[5],"{""5"":1}"
S7,7,930073,139,2.23606797749979,6,,0,0.1,62,39,"[0,1,2,3,4,44,45,50,78,79,84,85,171,176,221,284,400,435,444,459,469,475,569,604,619,693,828,898,917,945,970,979,1040,1112,1137,1141,1182,1198,1235]","[[0,1],[1,1],[2,-1],[3,1],[4,-1],[44,1],[45,1],[50,1],[78,1],[79,-1],[84,-1],[85,1],[171,-1],[176,1],[221,-1],[284,-1],[400,1],[435,1],[444,-1],[459,-1],[469,-1],[475,1],[569,-1],[604,1],[619,1],[693,1],[828,-1],[898,-1],[917,-1],[945,1],[970,1],[979,1],[1040,-1],[1112,1],[1137,1],[1141,1],[1182,1],[1198,1],[1235,-1]]","[120,82,91,51,107,93,6,63,129,0,114,48,21,41,34,90,15,100,31,10,70,36,59,88,7,62,2,18,4,124,102,117,64,76,84,112,69,121,77,126,86,58,27,94,5,135,56,35,73,92,115,39,81,113,118,23,89,13,3,97,99,24,111,72,131,14,22,66,125,71,40,134,104,50,32,38,20,49,60,1,110,67,109,26,127,79,61,30,128,75,87,47,78,17,68,138,122,136,55,132,123,119,65,52,19,45,46,25,137,37,108]","[142,148,220,182,254,159,168,167,205,151,243,249,244,152,188,230,274,241,276,160,235,229,264,265,267,206,165,266,146,208,242,222,262,250,247,180,214,191,212,184,219,237,240,211,263,261,228,272,269,178,194,200,207,186,251,218,259,140,171,270,226,164,273,238,233,202,197,198,216,155,179,257,195,196,224,193,156,203,175,150,271,157,144,139,174,225,153,149,221,199,163,234,201,189,176,215,223,170,169,252,145,213,154,217,190,172,158,277,258,161,232]",73b128fdf4079939998a271519c26fc5a33861f522427b17dca2fbaeef7adceb,111,1154481422,2264593842,"[930073,7,6,0,139,200,26]",1641863589,2366898654,[5],"{""5"":0}"
S7,7,930074,139,2.23606797749979,6,,0,0.1,62,35,"[0,1,2,3,4,18,84,87,115,134,221,231,238,362,435,441,445,569,578,604,652,693,762,795,811,828,843,898,1015,1033,1049,1058,1092,1233,1235]","[[0,1],[1,1],[2,-1],[3,1],[4,-1],[18,-1],[84,-1],[87,1],[115,1],[134,-1],[221,-1],[231,-1],[238,-1],[362,-1],[435,1],[441,-1],[445,-1],[569,-1],[578,-1],[604,1],[652,1],[693,1],[762,-1],[795,-1],[811,-1],[828,-1],[843,1],[898,-1],[1015,1],[1033,1],[1049,-1],[1058,-1],[1092,1],[1233,1],[1235,-1]]","[108,73,130,74,44,53,17,32,104,70,136,72,81,25,28,1,11,77,54,106,126,41,99,79,26,57,76,58,39,2,34,12,27,67,118,84,100,61,48,129,135,96,52,62,40,43,21,16,4,122,15,19,59,20,119,36,103,110,29,111,131,42,22,30,138,89,33,13,78,83,60,51,109,46,127,80,3,137,124,56,97,86,94,95,0,9,105,121,116,102,18,65,90,5,47,128,55,45,91,115,112,101,63,120,82,7,6,8,38,75,14]","[258,144,183,141,204,239,182,164,192,227,181,265,139,185,196,193,156,152,150,207,250,276,261,210,174,211,209,243,236,262,257,201,221,217,247,198,251,184,159,151,231,263,202,176,175,191,203,154,157,228,256,275,199,140,197,146,230,190,163,148,219,143,195,220,246,206,158,272,274,200,255,186,212,238,241,189,264,222,234,244,166,267,225,237,169,242,214,165,235,269,187,229,188,142,273,177,162,161,249,248,213,172,232,252,155,271,173,268,178,216,226]",e98553cb50d2718a9f40319046f0818242d276afe67b9d15adea8c2b5534baf9,111,2816486510,445875522,"[930074,7,6,0,139,200,26]",3123064600,2366898654,[5],"{""5"":0}"
S7,7,930075,139,2.23606797749979,6,,0,0.1,62,46,"[0,1,2,3,4,44,79,84,97,101,134,176,221,231,238,247,251,284,341,358,415,423,435,444,527,604,619,637,660,664,693,811,818,831,878,898,916,930,951,1122,1137,1163,1182,1198,1233,1235]","[[0,1],[1,1],[2,-1],[3,1],[4,-1],[44,1],[79,-1],[84,-1],[97,-1],[101,1],[134,-1],[176,1],[221,-1],[231,-1],[238,-1],[247,1],[251,-1],[284,-1],[341,-1],[358,-1],[415,1],[423,-1],[435,1],[444,-1],[527,-1],[604,1],[619,1],[637,1],[660,1],[664,1],[693,1],[811,-1],[818,1],[831,1],[878,-1],[898,-1],[916,-1],[930,1],[951,1],[1122,1],[1137,1],[1163,1],[1182,1],[1198,1],[1233,1],[1235,-1]]","[117,84,31,108,78,64,40,101,62,96,103,17,21,14,58,91,15,4,10,52,79,25,19,118,131,38,107,133,20,83,116,47,41,26,81,106,86,130,61,39,137,123,114,132,89,34,9,136,7,56,76,138,72,1,66,126,48,73,35,29,82,105,57,71,27,28,121,43,33,94,100,24,30,110,111,63,53,122,88,67,6,51,68,92,37,135,104,44,90,80,60,13,65,45,42,18,2,77,97,85,98,93,125,115,134,109,55,11,69,50,124]","[157,221,265,191,172,266,225,255,153,162,261,229,150,188,149,249,199,216,215,234,214,182,260,179,248,140,208,185,210,262,155,165,139,154,186,226,145,202,254,242,203,219,237,224,141,247,151,212,239,250,209,166,173,189,178,211,258,270,192,158,245,168,236,271,152,263,272,257,142,144,174,187,194,143,204,246,184,171,268,177,206,251,240,183,223,228,198,222,207,273,231,146,275,267,220,269,163,190,205,159,243,256,201,160,235,230,213,180,277,233,200]",e83647f65561cd0f5bb293debe357dd301faa984b176bfe63b7ca015be1b658f,111,113201720,3208575463,"[930075,7,6,0,139,200,26]",684448522,2366898654,[5],"{""5"":0}"
S7,7,930076,139,2.23606797749979,6,,0,0.1,62,45,"[0,1,2,3,4,44,45,78,84,115,221,231,235,251,271,301,341,400,423,435,444,445,569,604,619,660,663,664,681,693,762,828,831,843,898,934,970,1034,1163,1171,1175,1182,1198,1238,1242]","[[0,1],[1,1],[2,-1],[3,1],[4,-1],[44,1],[45,1],[78,1],[84,-1],[115,1],[221,-1],[231,-1],[235,-1],[251,-1],[271,1],[301,1],[341,-1],[400,1],[423,-1],[435,1],[444,-1],[445,-1],[569,-1],[604,1],[619,1],[660,1],[663,-1],[664,1],[681,-1],[693,1],[762,-1],[828,-1],[831,1],[843,1],[898,-1],[934,1],[970,1],[1034,-1],[1163,1],[1171,-1],[1175,1],[1182,1],[1198,1],[1238,1],[1242,1]]","[19,34,115,111,13,112,80,2,72,75,36,126,46,25,6,74,28,93,1,41,84,129,39,133,60,92,58,63,138,97,127,22,49,124,21,35,14,102,120,56,12,101,89,44,15,59,69,122,64,116,45,0,94,77,73,55,99,33,66,61,85,86,30,17,121,68,132,103,8,5,18,134,109,37,131,110,108,24,90,29,107,10,4,76,51,100,26,113,79,42,70,128,136,81,50,62,119,114,83,137,32,67,106,7,38,27,43,31,98,52,57]","[243,164,166,141,148,246,169,192,154,237,149,221,267,167,215,212,253,201,254,275,152,223,213,217,227,269,195,276,216,193,208,177,203,250,241,151,144,234,226,210,218,262,180,146,158,196,225,191,199,205,204,165,233,240,224,258,143,270,200,197,255,277,229,231,153,239,183,244,150,266,219,188,207,261,222,171,211,139,251,176,272,242,186,260,256,187,155,263,265,252,182,156,273,235,245,181,161,178,170,189,214,160,190,220,248,249,228,142,257,175,236]",adf9bc2ecdb71266be7ab3230ad75971c6ec4862a45be050da33350ee8bb2700,111,290593110,2751537742,"[930076,7,6,0,139,200,26]",52479439,2366898654,[5],"{""5"":0}"
S7,7,930077,139,2.23606797749979,6,,0,0.1,62,52,"[0,1,2,3,4,18,44,50,79,84,101,176,192,239,247,251,282,341,358,367,433,435,441,444,576,581,604,619,637,693,762,799,878,898,970,979,999,1015,1034,1101,1122,1125,1137,1156,1182,1189,1198,1200,1224,1235,1242,1267]","[[0,1],[1,1],[2,-1],[3,1],[4,-1],[18,-1],[44,1],[50,1],[79,-1],[84,-1],[101,1],[176,1],[192,-1],[239,1],[247,1],[251,-1],[282,-1],[341,-1],[358,-1],[367,-1],[433,1],[435,1],[441,-1],[444,-1],[576,-1],[581,-1],[604,1],[619,1],[637,1],[693,1],[762,-1],[799,-1],[878,-1],[898,-1],[970,1],[979,1],[999,1],[1015,1],[1034,-1],[1101,-1],[1122,1],[1125,-1],[1137,1],[1156,-1],[1182,1],[1189,-1],[1198,1],[1200,-1],[1224,-1],[1235,-1],[1242,1],[1267,-1]]","[105,6,14,17,5,22,64,132,40,60,73,88,2,38,91,103,130,70,121,12,34,24,120,10,102,97,80,55,19,112,66,95,133,126,59,86,56,50,106,30,110,43,100,3,111,78,47,45,28,9,117,90,72,128,58,75,108,49,134,39,53,15,67,109,23,74,96,33,81,137,114,129,8,116,42,68,57,131,115,104,1,123,21,135,48,62,69,93,79,138,63,0,11,4,20,13,127,26,36,118,46,87,16,51,122,83,52,7,18,29,25]","[274,221,184,180,165,156,160,194,215,173,144,197,143,152,149,268,195,250,225,276,264,199,238,205,157,206,172,153,155,176,142,256,202,168,255,212,265,217,174,183,198,232,241,139,222,185,258,272,257,151,259,147,271,193,275,273,248,175,228,170,203,236,213,224,252,269,190,216,148,223,246,261,171,211,247,219,214,192,140,207,191,260,226,245,229,162,167,209,267,169,201,242,240,239,150,220,189,164,270,181,141,200,161,178,159,177,196,263,146,188,243]",b490bedd72247c0b9a24cfe83aebf63129b080ea51c5a169bce4670f13e6d4a1,111,3151680847,4024624285,"[930077,7,6,0,139,200,26]",693193870,2366898654,[5],"{""5"":0}"
S7,7,930078,139,2.23606797749979,6,,0,0.1,62,53,"[0,1,2,3,4,5,18,44,84,85,87,97,101,176,205,213,221,239,284,301,358,365,402,423,435,441,445,532,569,591,604,619,660,693,709,811,828,831,878,898,930,934,944,951,970,999,1122,1137,1163,1175,1182,1198,1233]","[[0,1],[1,1],[2,-1],[3,1],[4,-1],[5,1],[18,-1],[44,1],[84,-1],[85,1],[87,1],[97,-1],[101,1],[176,1],[205,1],[213,1],[221,-1],[239,1],[284,-1],[301,1],[358,-1],[365,-1],[402,-1],[423,-1],[435,1],[441,-1],[445,-1],[532,-1],[569,-1],[591,1],[604,1],[619,1],[660,1],[693,1],[709,1],[811,-1],[828,-1],[831,1],[878,-1],[898,-1],[930,1],[934,1],[944,-1],[951,1],[970,1],[999,1],[1122,1],[1137,1],[1163,1],[1175,1],[1182,1],[1198,1],[1233,1]]","[111,60,135,110,81,52,105,86,56,51,30,27,114,99,18,67,49,19,121,36,9,138,6,47,40,125,23,7,50,24,63,26,48,126,90,83,136,5,57,37,64,122,109,35,1,45,112,132,16,79,130,123,85,71,103,129,133,55,31,108,38,42,107,104,58,96,32,88,134,54,10,25,106,8,116,124,4,46,128,53,76,21,102,43,59,93,92,97,120,74,22,69,39,101,34,62,89,68,115,137,15,113,17,95,29,61,127,44,65,2,73]","[272,227,147,265,182,247,175,160,195,252,178,172,153,185,249,268,174,261,209,254,231,173,237,176,207,216,277,206,258,259,164,179,152,262,181,191,186,251,223,246,238,271,220,228,167,199,205,149,235,177,159,155,154,250,224,236,276,229,208,146,188,196,200,183,189,180,162,197,275,274,198,221,143,158,243,226,225,145,213,240,211,218,273,214,256,233,257,148,140,166,156,263,157,255,192,142,267,210,239,234,219,202,264,222,144,248,187,161,171,203,215]",197141331dc561814ce921505fb5d8736ec63c3904430572c29ca11525d53f6f,111,1544419214,669167061,"[930078,7,6,0,139,200,26]",3939281355,2366898654,[5],"{""5"":1}"
S7,7,930079,139,2.23606797749979,6,,0,0.1,62,34,"[0,1,2,3,4,5,18,84,115,192,221,231,301,341,415,433,435,441,444,522,604,660,762,828,898,916,970,1050,1137,1141,1175,1182,1198,1248]","[[0,1],[1,1],[2,-1],[3,1],[4,-1],[5,-1],[18,-1],[84,-1],[115,1],[192,-1],[221,-1],[231,-1],[301,1],[341,-1],[415,1],[433,1],[435,1],[441,-1],[444,-1],[522,-1],[604,1],[660,1],[762,-1],[828,-1],[898,-1],[916,-1],[970,1],[1050,-1],[1137,1],[1141,1],[1175,1],[1182,1],[1198,1],[1248,-1]]","[77,3,105,27,58,64,29,125,80,8,60,133,55,45,62,91,51,38,127,123,7,14,24,111,10,47,84,98,13,94,19,92,49,110,82,132,121,15,6,52,23,128,112,43,116,72,81,50,75,28,12,53,119,135,67,86,17,118,21,40,57,102,4,69,109,11,65,101,131,136,130,114,122,106,126,87,20,117,41,103,90,96,32,113,70,108,36,30,61,137,16,48,120,66,46,0,68,104,18,134,39,76,138,44,115,71,74,63,79,56,89]","[241,182,223,274,264,184,155,265,181,190,254,257,187,196,156,242,233,153,221,198,245,144,193,186,177,267,217,260,172,263,236,215,200,192,168,234,246,275,167,185,195,207,183,166,250,154,219,175,180,179,143,191,145,139,226,272,151,209,162,171,276,216,147,204,159,176,163,206,173,248,178,243,220,231,202,157,203,164,213,229,270,149,165,269,273,194,266,249,188,140,251,277,268,150,211,261,174,170,258,224,230,169,152,141,146,228,222,227,208,148,238]",1ad2ee4cfad513f5f47f0db02d8d46b28fc7baa314ee78ff50d9ba2a69274e3d,111,1218499994,2502487340,"[930079,7,6,0,139,200,26]",3757039972,2366898654,[5],"{""5"":-1}"
S7,7,930080,139,2.23606797749979,6,,0,0.1,62,42,"[0,1,2,3,4,15,84,134,211,221,231,238,239,251,341,400,411,423,435,441,581,604,619,634,637,652,664,831,833,862,891,898,951,983,1053,1122,1163,1175,1182,1235,1242,1248]","[[0,1],[1,1],[2,-1],[3,1],[4,-1],[15,1],[84,-1],[134,-1],[211,1],[221,-1],[231,-1],[238,-1],[239,1],[251,-1],[341,-1],[400,1],[411,-1],[423,-1],[435,1],[441,-1],[581,-1],[604,1],[619,1],[634,-1],[637,1],[652,1],[664,1],[831,1],[833,1],[862,1],[891,1],[898,-1],[951,1],[983,1],[1053,1],[1122,1],[1163,1],[1175,1],[1182,1],[1235,-1],[1242,1],[1248,-1]]","[92,119,10,72,42,3,132,4,138,67,91,51,66,102,15,99,137,47,76,32,65,2,45,29,98,114,35,26,123,44,110,87,24,36,8,55,50,64,48,79,111,25,97,40,56,82,103,74,46,101,134,75,96,117,69,49,7,104,86,1,78,70,71,52,59,28,133,54,81,136,122,22,6,43,37,11,61,41,95,106,63,62,127,125,0,113,23,109,85,93,83,30,108,57,112,118,94,9,34,120,129,130,124,39,27,90,58,116,16,73,19]","[181,191,242,192,274,162,168,174,194,263,163,146,227,148,210,221,154,170,142,231,208,275,218,205,252,193,165,188,182,259,239,209,171,219,201,270,238,223,236,161,222,160,197,246,151,200,226,276,183,144,237,212,178,153,189,228,258,150,211,249,272,187,269,240,177,235,203,155,256,184,277,244,261,253,190,186,202,217,185,262,179,166,271,225,152,266,260,207,195,140,264,247,241,229,158,233,141,214,196,243,145,265,169,267,173,156,198,255,159,180,216]",5d0705038a2e270bcbeaadd4dd90510529d0f4dc58d259dba959b010ce7c8ac1,111,3089479057,3730156139,"[930080,7,6,0,139,200,26]",2000804198,2366898654,[5],"{""5"":0}"
S7,7,930081,139,2.23606797749979,6,,0,0.1,62,35,"[0,1,2,3,4,44,72,84,101,115,237,238,239,247,284,341,358,400,435,441,444,445,604,619,660,663,693,831,878,898,934,1015,1125,1235,1236]","[[0,1],[1,1],[2,-1],[3,1],[4,-1],[44,1],[72,-1],[84,-1],[101,1],[115,1],[237,-1],[238,-1],[239,1],[247,1],[284,-1],[341,-1],[358,-1],[400,1],[435,1],[441,-1],[444,-1],[445,-1],[604,1],[619,1],[660,1],[663,-1],[693,1],[831,1],[878,-1],[898,-1],[934,1],[1015,1],[1125,-1],[1235,-1],[1236,1]]","[98,30,62,120,77,86,58,48,136,19,4,2,95,72,119,5,12,0,91,61,68,117,88,76,53,107,108,24,29,130,83,80,16,123,122,18,110,74,78,1,55,96,42,97,112,20,118,13,102,69,138,84,121,73,125,57,14,3,106,126,131,43,47,59,93,67,60,109,40,75,22,101,81,137,46,51,17,23,50,7,132,79,105,37,116,34,115,56,49,70,26,25,31,135,45,66,44,90,87,35,63,28,54,114,11,27,82,85,133,33,89]","[153,139,258,149,183,220,246,202,234,250,253,223,141,174,245,249,277,172,255,269,162,161,224,160,185,219,164,170,179,169,213,193,204,182,140,267,206,189,167,212,215,252,157,236,251,199,259,244,230,154,225,265,168,217,229,256,205,147,191,273,268,152,270,146,262,214,148,151,163,181,208,254,184,237,197,173,203,276,222,239,166,242,210,235,207,186,232,274,248,218,261,178,156,180,150,190,216,194,221,247,257,238,188,260,143,209,233,198,175,176,241]",c5aa4743e3ab3b7f80d07ba94844f75597bd629972df9029a04f615bac0ee485,111,4180109324,88752596,"[930081,7,6,0,139,200,26]",1930643622,2366898654,[5],"{""5"":0}"
S7,7,930082,139,2.23606797749979,6,,0,0.1,62,48,"[0,1,2,3,4,10,15,72,78,84,87,134,192,221,231,238,239,251,282,284,341,423,435,444,445,604,619,663,664,693,710,797,831,898,917,930,941,970,1015,1034,1057,1058,1093,1182,1195,1235,1238,1242]","[[0,1],[1,1],[2,-1],[3,1],[4,-1],[10,1],[15,1],[72,-1],[78,1],[84,-1],[87,1],[134,-1],[192,-1],[221,-1],[231,-1],[238,-1],[239,1],[251,-1],[282,-1],[284,-1],[341,-1],[423,-1],[435,1],[444,-1],[445,-1],[604,1],[619,1],[663,-1],[664,1],[693,1],[710,-1],[797,1],[831,1],[898,-1],[917,-1],[930,1],[941,1],[970,1],[1015,1],[1034,-1],[1057,1],[1058,-1],[1093,-1],[1182,1],[1195,-1],[1235,-1],[1238,1],[1242,1]]","[108,18,11,60,63,117,132,55,98,78,106,127,96,35,99,13,50,88,30,67,120,118,59,9,38,124,138,133,39,52,115,5,128,57,130,69,109,116,125,20,112,24,12,10,72,43,28,36,91,54,61,104,19,51,33,46,6,76,83,137,31,8,49,134,64,3,94,86,70,110,40,68,107,23,32,100,56,48,25,4,73,131,136,7,82,101,16,92,122,22,14,89,0,29,74,129,84,53,81,27,21,37,75,79,65,77,17,119,95,126,42]","[141,201,199,210,151,221,212,252,196,232,220,260,269,231,171,259,256,143,175,223,181,159,192,187,228,253,236,265,267,266,218,263,211,214,194,235,271,202,272,157,166,154,185,276,150,251,148,215,167,246,270,247,216,241,233,230,177,168,155,225,165,264,174,178,180,254,183,205,144,163,161,206,182,237,186,222,139,195,224,227,204,243,229,275,184,146,149,179,240,244,255,238,242,248,191,198,217,190,274,226,172,208,200,162,142,239,207,153,188,203,234]",2efed662cb82f5c1316f758fc9b6b9138578ff2d11d3791e23da8de18e784ee9,111,1058399913,3954480078,"[930082,7,6,0,139,200,26]",3429393386,2366898654,[5],"{""5"":0}"
S7,7,930083,139,2.23606797749979,6,,0,0.1,62,46,"[0,1,2,3,4,44,45,78,79,84,87,134,205,231,247,251,254,257,284,475,510,604,619,660,693,729,747,811,831,898,916,930,934,945,951,981,1007,1015,1053,1125,1137,1156,1163,1175,1191,1198]","[[0,1],[1,1],[2,-1],[3,1],[4,-1],[44,1],[45,1],[78,1],[79,-1],[84,-1],[87,1],[134,-1],[205,1],[231,-1],[247,1],[251,-1],[254,1],[257,-1],[284,-1],[475,1],[510,-1],[604,1],[619,1],[660,1],[693,1],[729,-1],[747,-1],[811,-1],[831,1],[898,-1],[916,-1],[930,1],[934,1],[945,1],[951,1],[981,-1],[1007,-1],[1015,1],[1053,1],[1125,-1],[1137,1],[1156,-1],[1163,1],[1175,1],[1191,-1],[1198,1]]","[138,46,56,12,3,5,128,7,16,86,111,133,21,73,84,45,9,97,77,131,13,122,134,61,54,94,8,137,4,22,40,119,135,120,125,6,19,30,48,95,36,34,83,18,25,107,103,15,69,41,136,100,32,76,124,78,39,105,49,93,62,75,24,72,0,63,101,104,89,115,57,27,43,82,129,1,117,108,47,127,87,96,92,55,88,68,14,110,85,91,98,38,11,132,116,37,112,51,109,60,71,59,64,28,102,42,33,70,52,58,50]","[181,271,259,261,165,257,231,260,215,258,152,169,236,255,251,241,175,208,158,200,266,269,185,272,195,184,244,188,145,191,180,151,192,168,194,235,149,174,205,198,172,216,143,222,218,213,273,239,186,147,153,262,250,190,155,223,230,154,226,161,275,219,159,277,248,203,240,196,237,142,146,206,157,247,139,249,148,276,209,164,141,150,234,210,160,265,179,264,167,263,202,225,212,229,176,242,177,233,243,162,268,214,267,211,189,178,171,173,232,201,207]",6d3455c3a44ff7efe7ecd471707eac8eba450691b87fda6e1fa3dcedc8ac6dd5,111,3642404779,3775114882,"[930083,7,6,0,139,200,26]",1216108126,2366898654,[5],"{""5"":0}"
S7,7,930084,139,2.23606797749979,6,,0,0.1,62,53,"[0,1,2,3,4,5,18,44,84,87,97,122,176,221,231,239,247,271,284,293,341,350,423,433,483,522,551,569,604,619,664,709,721,762,828,831,843,878,892,898,934,945,951,1015,1092,1137,1163,1173,1175,1182,1235,1242,1265]","[[0,1],[1,1],[2,-1],[3,1],[4,-1],[5,1],[18,-1],[44,1],[84,-1],[87,1],[97,-1],[122,1],[176,1],[221,-1],[231,-1],[239,1],[247,1],[271,1],[284,-1],[293,1],[341,-1],[350,1],[423,-1],[433,1],[483,-1],[522,-1],[551,1],[569,-1],[604,1],[619,1],[664,1],[709,1],[721,1],[762,-1],[828,-1],[831,1],[843,1],[878,-1],[892,1],[898,-1],[934,1],[945,1],[951,1],[1015,1],[1092,1],[1137,1],[1163,1],[1173,1],[1175,1],[1182,1],[1235,-1],[1242,1],[1265,-1]]","[111,104,4,29,52,17,45,92,93,76,47,110,73,6,84,38,15,36,13,68,40,91,100,50,53,61,122,51,55,24,32,108,126,120,80,106,49,116,89,21,10,95,102,54,41,31,83,118,64,27,0,59,98,123,109,43,62,87,128,46,78,124,74,88,44,1,65,8,86,81,39,66,71,130,33,135,132,119,127,19,133,9,25,137,79,57,3,11,75,82,12,97,14,16,129,70,7,26,60,72,69,56,125,115,67,94,134,58,117,136,48]","[258,234,228,261,219,275,142,193,212,171,160,197,255,154,235,192,218,260,165,273,262,195,183,277,247,189,250,191,164,177,179,231,269,185,144,210,241,175,181,168,149,143,162,227,256,233,141,264,145,252,170,155,203,263,139,226,257,190,178,213,270,274,199,268,253,140,187,251,209,254,157,186,158,248,163,173,267,202,166,180,167,225,169,229,236,200,249,246,259,172,222,215,182,146,220,245,211,206,152,204,243,156,194,201,147,161,232,244,176,207,239]",d808cb4b83657aa82c68696d74751cca2a1bf21945a211e600b6ca3cb65d8132,111,1696859383,3149703566,"[930084,7,6,0,139,200,26]",1944151760,2366898654,[5],"{""5"":1}"
S7,7,930085,139,2.23606797749979,6,,0,0.1,62,52,"[0,1,2,3,4,5,18,50,70,84,87,97,101,132,176,205,231,247,251,284,293,301,341,367,398,400,435,441,445,604,619,693,728,778,811,812,831,862,878,898,934,951,958,970,983,1040,1092,1137,1171,1175,1235,1242]","[[0,1],[1,1],[2,-1],[3,1],[4,-1],[5,1],[18,-1],[50,1],[70,-1],[84,-1],[87,1],[97,-1],[101,1],[132,1],[176,1],[205,1],[231,-1],[247,1],[251,-1],[284,-1],[293,1],[301,1],[341,-1],[367,-1],[398,1],[400,1],[435,1],[441,-1],[445,-1],[604,1],[619,1],[693,1],[728,1],[778,-1],[811,-1],[812,-1],[831,1],[862,1],[878,-1],[898,-1],[934,1],[951,1],[958,1],[970,1],[983,1],[1040,-1],[1092,1],[1137,1],[1171,-1],[1175,1],[1235,-1],[1242,1]]","[97,32,133,96,5,83,23,20,113,48,79,119,123,124,10,44,92,118,38,18,138,115,122,30,76,57,109,49,22,121,55,131,50,134,59,72,73,62,24,74,114,132,94,82,56,106,67,71,47,108,130,25,66,116,37,69,87,125,31,117,11,88,4,29,54,68,8,19,16,86,91,77,39,61,137,128,28,112,136,102,105,13,15,80,75,93,100,40,51,43,135,99,103,70,64,45,127,1,46,129,0,6,85,60,9,89,34,120,58,65,52]","[223,234,166,276,193,213,274,194,171,196,239,210,212,262,142,225,150,161,260,180,190,216,250,176,162,149,195,228,222,140,181,272,167,217,148,224,152,237,268,165,244,256,270,139,271,245,273,238,229,172,226,267,191,206,204,205,154,178,264,143,153,170,200,156,214,207,230,199,232,203,269,247,173,246,233,159,188,146,219,211,252,151,198,163,144,174,254,158,187,259,201,141,179,249,220,185,183,169,257,202,263,277,160,261,236,147,189,168,177,221,192]",a0d51edf9f669553adc8470341310e9689d8603683360cba93c8e7aee6e878da,111,2561564087,1782972882,"[930085,7,6,0,139,200,26]",3508021100,2366898654,[5],"{""5"":1}"
S7,7,930086,139,2.23606797749979,6,,0,0.1,62,45,"[0,1,2,3,4,15,50,84,190,192,218,230,247,268,284,400,402,421,433,435,456,569,604,619,664,831,898,916,930,945,951,970,1015,1035,1049,1058,1137,1149,1175,1182,1195,1198,1216,1222,1235]","[[0,1],[1,1],[2,-1],[3,1],[4,-1],[15,1],[50,1],[84,-1],[190,-1],[192,-1],[218,1],[230,1],[247,1],[268,-1],[284,-1],[400,1],[402,-1],[421,1],[433,1],[435,1],[456,1],[569,-1],[604,1],[619,1],[664,1],[831,1],[898,-1],[916,-1],[930,1],[945,1],[951,1],[970,1],[1015,1],[1035,-1],[1049,-1],[1058,-1],[1137,1],[1149,-1],[1175,1],[1182,1],[1195,-1],[1198,1],[1216,1],[1222,1],[1235,-1]]","[100,44,64,71,13,127,73,97,104,17,39,120,134,0,42,43,131,106,1,121,10,109,41,85,75,98,103,138,48,89,119,116,78,93,23,27,52,111,96,117,9,31,66,40,16,77,108,136,83,33,21,14,19,125,58,28,107,81,80,99,70,26,65,62,32,132,88,128,6,105,25,67,29,110,45,92,68,113,72,124,34,20,102,30,24,61,49,135,137,15,86,4,54,90,115,118,59,12,84,69,114,63,57,38,60,123,35,79,22,8,95]","[171,234,274,265,139,176,153,159,262,223,256,217,225,162,207,238,231,142,174,240,268,151,205,239,190,201,206,184,236,250,229,160,146,219,242,254,149,228,177,258,161,154,266,163,208,180,214,193,173,200,203,164,178,222,271,249,259,226,235,270,244,147,198,264,140,196,276,179,275,165,197,269,215,246,191,273,168,192,277,189,170,227,194,241,186,143,175,267,272,181,248,182,144,156,212,255,211,232,145,216,183,185,263,260,218,172,167,150,221,257,230]",1a0708cbe9bc3935ce2b4a2075e0744c0335e97038b89395b9971b834c54611c,111,3117670113,1965536207,"[930086,7,6,0,139,200,26]",3899348036,2366898654,[5],"{""5"":0}"
S7,7,930087,139,2.23606797749979,6,,0,0.1,62,47,"[0,1,2,3,4,5,18,44,54,79,84,87,101,185,188,205,221,257,341,433,435,444,445,469,510,524,604,619,637,652,660,693,795,828,831,839,865,866,898,945,951,959,1042,1092,1182,1235,1242]","[[0,1],[1,1],[2,-1],[3,1],[4,-1],[5,1],[18,-1],[44,1],[54,-1],[79,-1],[84,-1],[87,1],[101,1],[185,1],[188,1],[205,1],[221,-1],[257,-1],[341,-1],[433,1],[435,1],[444,-1],[445,-1],[469,-1],[510,-1],[524,1],[604,1],[619,1],[637,1],[652,1],[660,1],[693,1],[795,-1],[828,-1],[831,1],[839,1],[865,-1],[866,1],[898,-1],[945,1],[951,1],[959,1],[1042,1],[1092,1],[1182,1],[1235,-1],[1242,1]]","[9,131,19,38,35,120,62,125,107,136,7,121,53,8,127,45,77,14,40,69,59,101,18,10,122,71,36,85,129,108,25,29,20,1,16,30,67,87,114,124,37,116,63,31,115,99,61,73,41,12,86,80,134,84,68,137,75,111,102,43,109,28,3,64,97,60,52,105,104,119,112,79,110,4,91,106,0,39,81,128,33,15,46,98,44,48,95,11,5,88,34,50,92,133,83,100,56,32,2,51,6,76,118,74,94,57,58,65,42,17,126]","[259,192,149,239,185,265,148,262,212,257,171,254,204,238,163,154,220,215,167,237,208,196,229,263,139,232,277,168,153,184,241,189,231,247,205,223,211,245,268,158,276,172,272,203,182,228,216,173,249,193,242,160,165,226,146,151,144,266,166,186,145,274,258,162,269,255,181,157,188,159,248,143,264,243,152,219,180,251,195,271,141,235,217,213,142,198,253,176,246,199,156,202,150,179,209,207,194,206,236,270,252,273,221,147,227,190,275,201,233,140,183]",03971ab9b6122d7e76db29407c3d42afb190a40b2d31219d080e668789af8952,111,2308947041,1203227691,"[930087,7,6,0,139,200,26]",2098573838,2366898654,[5],"{""5"":1}"
S7,7,930088,139,2.23606797749979,6,,0,0.1,62,41,"[0,1,2,3,4,15,70,79,84,176,221,231,251,284,384,423,428,435,441,474,581,604,619,663,744,762,811,813,831,843,898,916,970,1160,1171,1175,1182,1195,1198,1238,1242]","[[0,1],[1,1],[2,-1],[3,1],[4,-1],[15,1],[70,-1],[79,-1],[84,-1],[176,1],[221,-1],[231,-1],[251,-1],[284,-1],[384,1],[423,-1],[428,-1],[435,1],[441,-1],[474,1],[581,-1],[604,1],[619,1],[663,-1],[744,-1],[762,-1],[811,-1],[813,-1],[831,1],[843,1],[898,-1],[916,-1],[970,1],[1160,1],[1171,-1],[1175,1],[1182,1],[1195,-1],[1198,1],[1238,1],[1242,1]]","[12,137,40,2,82,52,124,48,70,73,22,43,106,61,80,54,60,57,90,128,68,116,33,41,45,110,5,118,10,125,100,18,81,64,127,0,32,63,42,27,91,17,119,16,34,59,69,109,98,104,86,24,132,3,115,112,117,94,108,133,134,136,15,113,71,13,96,23,76,107,11,56,72,97,77,75,79,130,51,4,103,129,74,49,84,93,78,62,8,99,36,123,111,21,85,105,66,28,6,37,102,55,95,88,135,67,20,14,122,35,30]","[187,211,216,260,171,183,269,156,159,148,203,218,164,196,217,141,157,252,233,253,254,241,172,208,200,180,251,258,267,140,143,230,226,214,160,194,181,229,149,248,246,271,275,151,190,274,270,197,152,161,234,242,263,272,174,144,165,188,155,169,219,231,173,224,261,245,210,170,235,198,227,153,166,154,146,195,250,204,186,221,176,212,222,205,158,213,199,207,139,255,192,175,237,184,265,178,147,266,193,232,244,238,177,145,201,240,256,209,268,247,167]",6540c07c2151c08b48ddca8adca16c1d0e77f6421415ca8ad685699dfd8faea3,111,4091524797,2209332964,"[930088,7,6,0,139,200,26]",2859780375,2366898654,[5],"{""5"":0}"
S7,7,930089,139,2.23606797749979,6,,0,0.1,62,37,"[0,1,2,3,4,5,44,84,87,152,221,231,238,284,301,341,373,400,407,423,445,532,604,619,660,693,753,831,839,843,898,928,945,979,1015,1182,1242]","[[0,1],[1,1],[2,-1],[3,1],[4,-1],[5,1],[44,1],[84,-1],[87,1],[152,-1],[221,-1],[231,-1],[238,-1],[284,-1],[301,1],[341,-1],[373,1],[400,1],[407,-1],[423,-1],[445,-1],[532,-1],[604,1],[619,1],[660,1],[693,1],[753,-1],[831,1],[839,1],[843,1],[898,-1],[928,-1],[945,1],[979,1],[1015,1],[1182,1],[1242,1]]","[35,97,53,93,58,64,79,75,20,13,50,21,99,120,51,82,0,107,135,101,18,114,67,55,136,37,130,76,56,1,103,31,24,83,92,129,46,16,128,36,127,138,61,71,137,134,90,118,14,132,87,124,42,62,59,6,72,2,17,111,3,113,65,57,121,66,5,86,52,8,10,7,123,33,27,80,49,15,96,94,77,98,25,54,85,23,47,12,81,45,68,78,26,22,32,108,117,39,91,116,119,34,9,89,40,19,63,133,110,29,28]","[242,272,234,235,215,177,158,230,251,198,140,221,178,208,142,191,166,259,225,219,169,229,145,175,147,240,143,247,263,184,167,236,211,163,180,202,209,226,228,250,207,160,159,252,243,253,187,146,203,153,220,186,258,264,276,181,173,204,271,267,216,162,231,183,213,141,194,154,232,210,248,170,270,227,151,152,268,176,249,199,218,165,233,179,261,182,262,238,156,144,217,168,223,195,164,155,150,244,246,255,161,275,241,273,193,188,254,260,172,192,222]",c499748d6f1682054c499049837f2038f3e587812401c021bbd567a89cd0c699,111,3080598455,1917160358,"[930089,7,6,0,139,200,26]",1591408657,2366898654,[5],"{""5"":1}"
S7,7,930090,139,2.23606797749979,6,,0,0.1,62,47,"[0,1,2,3,4,15,84,101,122,231,238,239,284,341,400,402,423,435,441,445,483,569,591,604,634,660,663,693,795,811,831,833,843,866,898,927,945,951,981,1040,1092,1163,1175,1182,1233,1235,1246]","[[0,1],[1,1],[2,-1],[3,1],[4,-1],[15,1],[84,-1],[101,1],[122,1],[231,-1],[238,-1],[239,1],[284,-1],[341,-1],[400,1],[402,-1],[423,-1],[435,1],[441,-1],[445,-1],[483,-1],[569,-1],[591,1],[604,1],[634,-1],[660,1],[663,-1],[693,1],[795,-1],[811,-1],[831,1],[833,1],[843,1],[866,1],[898,-1],[927,-1],[945,1],[951,1],[981,-1],[1040,-1],[1092,1],[1163,1],[1175,1],[1182,1],[1233,1],[1235,-1],[1246,-1]]","[90,59,103,72,49,108,113,132,31,62,81,66,129,43,67,133,32,114,0,75,91,6,111,97,4,70,138,73,46,3,94,1,52,48,106,131,19,99,93,61,45,55,98,102,71,120,125,83,54,53,92,123,18,5,9,119,14,74,60,110,130,116,28,63,44,118,124,121,88,84,82,41,112,56,105,11,136,7,126,24,13,42,21,57,36,77,10,17,69,2,34,16,50,25,26,96,22,100,127,15,76,65,134,95,23,137,51,27,85,64,115]","[149,270,195,199,276,218,152,210,274,192,242,209,252,245,235,202,170,253,241,239,248,273,255,243,228,208,150,266,163,186,236,205,238,260,180,225,212,183,173,262,188,258,217,223,257,264,234,204,146,143,198,194,178,227,277,189,233,246,247,271,214,206,161,148,221,219,157,237,207,179,191,256,167,267,147,140,160,269,250,166,259,263,168,222,156,231,229,203,141,151,165,159,275,181,213,200,240,155,197,249,185,244,261,176,174,164,230,153,254,158,265]",c852fb946a3950c258103e544d60696ff5b676f602479548e2996e70800d3d81,111,1749723497,3362334299,"[930090,7,6,0,139,200,26]",4040665997,2366898654,[5],"{""5"":0}"
S7,7,930091,139,2.23606797749979,6,,0,0.1,62,43,"[0,1,2,3,4,44,70,84,134,176,189,221,231,305,341,358,400,407,411,423,429,435,444,604,619,660,661,663,664,762,811,831,898,905,930,951,983,1009,1018,1101,1122,1163,1182]","[[0,1],[1,1],[2,-1],[3,1],[4,-1],[44,1],[70,-1],[84,-1],[134,-1],[176,1],[189,1],[221,-1],[231,-1],[305,-1],[341,-1],[358,-1],[400,1],[407,-1],[411,-1],[423,-1],[429,-1],[435,1],[444,-1],[604,1],[619,1],[660,1],[661,1],[663,-1],[664,1],[762,-1],[811,-1],[831,1],[898,-1],[905,1],[930,1],[951,1],[983,1],[1009,1],[1018,-1],[1101,-1],[1122,1],[1163,1],[1182,1]]","[102,123,90,138,55,41,78,25,50,107,104,88,115,19,131,74,137,83,110,44,16,109,38,94,48,129,15,85,103,130,6,122,126,113,136,11,17,8,26,92,101,45,36,98,71,22,32,18,1,77,108,133,68,30,72,28,40,62,96,117,54,35,73,23,24,93,42,10,106,52,81,84,21,46,112,12,33,82,86,105,31,132,79,128,34,114,57,63,5,53,116,87,51,124,91,66,27,7,120,69,70,47,134,2,97,125,9,13,43,111,118]","[277,190,171,262,255,270,178,220,216,160,214,237,148,252,210,202,187,159,223,163,266,276,228,261,269,188,174,254,141,140,260,221,242,203,155,265,166,199,180,198,153,151,259,243,200,189,224,263,229,154,184,164,182,273,271,150,232,173,249,207,247,177,211,167,185,191,212,152,267,197,257,169,222,256,194,253,183,201,246,272,181,195,258,240,175,248,161,142,274,218,230,268,236,225,251,208,238,231,186,192,165,162,264,204,196,158,149,215,233,205,217]",3a628bfd684422889ec152f8b72ddb286d0bcdd2efbed34eae11f20d3f3abe0d,111,3447418747,931070606,"[930091,7,6,0,139,200,26]",2746862928,2366898654,[5],"{""5"":0}"
S7,7,930092,139,2.23606797749979,6,,0,0.1,62,40,"[0,1,2,3,4,84,221,231,235,238,263,284,301,362,423,441,444,445,478,483,532,569,604,619,773,831,878,880,898,945,979,987,1015,1018,1037,1137,1141,1156,1182,1198]","[[0,1],[1,1],[2,-1],[3,1],[4,-1],[84,-1],[221,-1],[231,-1],[235,-1],[238,-1],[263,-1],[284,-1],[301,1],[362,-1],[423,-1],[441,-1],[444,-1],[445,-1],[478,1],[483,-1],[532,-1],[569,-1],[604,1],[619,1],[773,1],[831,1],[878,-1],[880,1],[898,-1],[945,1],[979,1],[987,1],[1015,1],[1018,-1],[1037,1],[1137,1],[1141,1],[1156,-1],[1182,1],[1198,1]]","[34,37,36,11,77,90,81,24,19,115,112,45,55,103,8,10,1,130,113,38,9,100,79,54,47,25,57,138,110,135,92,39,133,49,48,104,15,109,80,6,95,82,69,127,134,87,2,114,46,7,43,32,40,28,35,124,60,96,22,5,58,17,29,84,89,111,26,20,137,31,120,14,50,70,21,42,74,66,136,107,118,0,51,101,88,67,59,12,91,73,117,63,72,119,99,33,128,102,64,75,23,108,116,94,123,98,97,16,85,68,65]","[208,182,216,203,188,273,247,218,201,243,255,256,169,154,237,230,146,164,219,266,147,170,199,250,196,234,141,277,207,246,253,189,161,177,176,227,190,260,183,254,239,194,241,226,149,217,251,248,166,249,204,244,236,187,145,223,150,262,258,159,157,215,178,151,163,155,271,242,245,272,261,263,162,264,179,270,268,235,225,195,184,168,160,252,143,192,185,158,257,210,206,165,181,153,276,174,274,222,197,186,200,172,191,152,240,259,175,142,167,228,238]",a027fccb5add48faf2135ae3eb849cb2cd73919639ba4039f5e4bc71d77dae23,111,724810974,1676843930,"[930092,7,6,0,139,200,26]",491718031,2366898654,[5],"{""5"":0}"
S7,7,930093,139,2.23606797749979,6,,0,0.1,62,37,"[0,1,2,3,4,44,45,72,79,84,101,115,176,221,231,247,341,423,444,445,475,604,619,660,664,831,892,898,945,1019,1049,1137,1160,1175,1182,1198,1233]","[[0,1],[1,1],[2,-1],[3,1],[4,-1],[44,1],[45,1],[72,-1],[79,-1],[84,-1],[101,1],[115,1],[176,1],[221,-1],[231,-1],[247,1],[341,-1],[423,-1],[444,-1],[445,-1],[475,1],[604,1],[619,1],[660,1],[664,1],[831,1],[892,1],[898,-1],[945,1],[1019,-1],[1049,-1],[1137,1],[1160,1],[1175,1],[1182,1],[1198,1],[1233,1]]","[119,8,131,47,136,61,116,72,65,115,110,120,29,96,23,28,94,6,3,132,114,90,69,126,17,54,12,87,76,123,101,10,46,79,42,112,82,81,49,134,48,7,89,111,59,102,34,74,11,130,73,67,18,39,1,93,14,35,109,98,20,97,80,64,95,133,58,113,83,13,38,9,77,99,104,15,56,118,138,117,100,63,41,24,91,88,25,108,85,31,57,122,62,51,107,86,128,84,45,127,40,71,2,36,135,124,60,33,105,32,92]","[208,149,270,204,207,140,231,248,139,184,198,222,263,145,191,200,201,174,143,177,257,157,259,193,233,240,147,224,261,162,166,239,185,179,183,176,196,195,216,173,160,229,220,273,228,265,246,202,186,152,223,154,194,178,253,175,277,187,249,268,234,242,159,217,205,146,243,192,269,218,272,241,213,227,256,275,212,181,236,148,190,151,247,156,169,206,254,251,171,226,219,172,214,167,267,211,260,258,188,215,232,189,262,197,244,170,164,230,182,150,199]",58a96c3d7df468b39aa632c03c4970653897662fdfbb3f60f7b252b98315781d,111,913275094,2805051808,"[930093,7,6,0,139,200,26]",2429394100,2366898654,[5],"{""5"":0}"
S7,7,930094,139,2.23606797749979,6,,0,0.1,62,41,"[0,1,2,3,4,43,44,45,84,93,221,225,238,247,251,257,284,341,398,400,435,445,469,543,604,619,660,664,693,828,843,898,951,1007,1049,1058,1156,1175,1182,1200,1242]","[[0,1],[1,1],[2,-1],[3,1],[4,-1],[43,1],[44,1],[45,1],[84,-1],[93,-1],[221,-1],[225,-1],[238,-1],[247,1],[251,-1],[257,-1],[284,-1],[341,-1],[398,1],[400,1],[435,1],[445,-1],[469,-1],[543,1],[604,1],[619,1],[660,1],[664,1],[693,1],[828,-1],[843,1],[898,-1],[951,1],[1007,-1],[1049,-1],[1058,-1],[1156,-1],[1175,1],[1182,1],[1200,-1],[1242,1]]","[72,137,95,18,34,110,8,33,28,1,46,6,126,44,109,104,25,82,113,19,10,89,134,48,3,2,97,77,106,49,60,20,80,83,24,74,57,11,114,71,4,67,12,102,119,68,41,90,22,47,138,93,108,53,133,7,16,40,112,5,64,94,65,55,105,56,76,0,79,51,91,70,136,129,36,50,115,32,92,121,85,42,29,123,125,37,54,100,107,130,111,27,15,9,127,120,101,38,13,122,103,39,45,62,135,117,98,63,21,116,99]","[266,156,263,202,255,189,181,223,210,201,217,273,207,188,276,141,158,239,259,251,184,165,178,264,229,218,237,146,168,254,267,262,155,162,249,180,147,160,205,171,221,149,211,193,240,261,252,247,175,163,177,208,246,164,268,212,228,150,198,257,215,231,230,270,172,157,196,200,148,140,214,216,143,185,245,232,170,174,271,274,244,222,167,154,203,195,183,142,186,234,187,152,242,173,256,238,219,260,204,277,182,153,236,248,209,192,161,197,194,213,220]",5d45c733a1c551373e7fe4350ffeabcc7896fc000d1670cbc1b012acfa681712,111,1956830373,10197714,"[930094,7,6,0,139,200,26]",2172956213,2366898654,[5],"{""5"":0}"
S7,7,930095,139,2.23606797749979,6,,0,0.1,62,36,"[0,1,2,3,4,18,46,84,190,211,221,238,251,254,255,284,341,422,444,445,522,569,604,619,660,693,762,833,898,1015,1049,1137,1158,1175,1182,1242]","[[0,1],[1,1],[2,-1],[3,1],[4,-1],[18,-1],[46,-1],[84,-1],[190,-1],[211,1],[221,-1],[238,-1],[251,-1],[254,1],[255,-1],[284,-1],[341,-1],[422,-1],[444,-1],[445,-1],[522,-1],[569,-1],[604,1],[619,1],[660,1],[693,1],[762,-1],[833,1],[898,-1],[1015,1],[1049,-1],[1137,1],[1158,1],[1175,1],[1182,1],[1242,1]]","[42,70,109,104,123,65,106,7,116,54,90,114,81,39,57,132,16,15,112,102,6,4,110,89,0,60,96,25,35,67,120,97,50,66,12,82,9,75,72,135,30,87,99,83,131,5,45,91,36,22,49,117,13,111,122,20,26,37,74,18,85,80,21,108,69,101,103,56,24,130,32,71,126,23,77,52,33,31,38,41,121,62,46,100,14,48,128,118,115,29,125,64,53,59,124,43,40,79,98,84,86,133,138,28,107,47,58,17,113,2,137]","[154,172,248,201,249,141,178,227,190,231,224,257,272,162,144,183,229,223,149,184,254,270,181,264,273,186,255,267,175,187,153,145,219,235,147,268,176,209,205,156,221,165,208,159,204,261,239,232,216,191,198,230,177,238,222,237,210,188,202,161,182,256,167,194,244,213,252,164,146,225,226,200,166,163,243,150,185,195,148,173,189,211,236,170,168,266,169,228,206,217,157,269,241,215,265,259,220,245,192,151,152,233,158,274,275,197,196,139,234,218,174]",3b94def5718517105c2808d63b03286b2b524bd9eb2f708db7dcdb835a13c8c9,111,3642744355,2318331957,"[930095,7,6,0,139,200,26]",496593674,2366898654,[5],"{""5"":0}"
S7,7,930096,139,2.23606797749979,6,,0,0.1,62,46,"[0,1,2,3,4,18,84,101,134,217,221,238,251,271,400,402,433,435,441,456,532,604,619,660,693,721,769,795,844,864,898,934,936,941,942,951,999,1015,1018,1035,1049,1160,1171,1182,1198,1235]","[[0,1],[1,1],[2,-1],[3,1],[4,-1],[18,-1],[84,-1],[101,1],[134,-1],[217,1],[221,-1],[238,-1],[251,-1],[271,1],[400,1],[402,-1],[433,1],[435,1],[441,-1],[456,1],[532,-1],[604,1],[619,1],[660,1],[693,1],[721,1],[769,1],[795,-1],[844,-1],[864,1],[898,-1],[934,1],[936,1],[941,1],[942,-1],[951,1],[999,1],[1015,1],[1018,-1],[1035,-1],[1049,-1],[1160,1],[1171,-1],[1182,1],[1198,1],[1235,-1]]","[52,26,102,138,106,30,99,133,23,61,57,43,118,121,6,110,113,22,51,119,3,127,86,84,13,29,98,14,80,5,126,137,81,12,34,107,112,31,24,82,114,78,46,21,131,92,96,36,111,60,38,40,32,79,136,56,45,10,63,27,69,0,87,58,20,108,85,4,77,89,83,16,129,134,120,25,1,95,11,39,47,97,135,62,55,103,15,70,76,104,44,132,59,50,93,125,37,128,2,66,49,88,94,75,117,130,72,54,124,9,7]","[228,230,255,211,260,247,216,239,175,245,149,231,205,142,237,188,256,241,187,165,156,222,272,158,164,172,145,204,270,147,271,198,238,233,166,264,268,234,169,252,157,276,199,192,277,257,258,146,203,210,251,209,140,242,171,221,193,274,235,227,139,153,173,189,179,202,148,170,162,253,177,208,259,206,190,191,155,141,275,182,236,246,214,262,263,183,150,213,178,229,185,217,200,159,249,244,254,248,220,143,201,232,223,167,266,269,243,161,273,174,151]",4e8daf7f716869885ef4b3ab13b18007d6119eaff131acba39fa179feb5ffc22,111,818308434,4135113138,"[930096,7,6,0,139,200,26]",1765527417,2366898654,[5],"{""5"":0}"
S7,7,930097,139,2.23606797749979,6,,0,0.1,62,40,"[0,1,2,3,4,44,50,84,101,134,213,221,231,284,341,353,402,411,435,444,556,569,581,604,619,656,660,693,769,831,898,959,970,1122,1125,1137,1182,1235,1238,1242]","[[0,1],[1,1],[2,-1],[3,1],[4,-1],[44,1],[50,1],[84,-1],[101,1],[134,-1],[213,1],[221,-1],[231,-1],[284,-1],[341,-1],[353,1],[402,-1],[411,-1],[435,1],[444,-1],[556,1],[569,-1],[581,-1],[604,1],[619,1],[656,-1],[660,1],[693,1],[769,1],[831,1],[898,-1],[959,1],[970,1],[1122,1],[1125,-1],[1137,1],[1182,1],[1235,-1],[1238,1],[1242,1]]","[102,42,95,72,0,104,108,55,121,33,135,117,44,34,23,30,38,26,37,103,35,68,91,64,79,84,22,56,52,76,11,134,132,2,99,65,71,114,86,19,45,5,119,53,93,18,112,28,94,47,77,83,110,25,32,70,61,21,58,115,101,39,51,122,123,82,96,109,54,128,127,138,98,130,48,66,7,106,75,113,59,85,8,120,125,10,88,133,13,63,14,43,105,31,15,92,1,17,40,137,118,129,20,73,49,57,131,50,136,60,116]","[170,167,223,204,196,195,194,264,180,156,242,203,236,265,171,254,221,198,166,139,173,225,188,233,226,210,261,169,145,230,255,274,263,270,268,163,244,239,249,190,276,162,259,206,205,245,153,252,143,227,273,277,256,231,237,140,174,146,179,247,262,184,228,182,172,147,148,175,267,197,240,260,186,250,154,142,185,235,208,181,160,201,209,192,189,253,248,246,191,251,272,217,275,238,158,141,155,266,144,212,214,152,258,199,211,149,168,269,159,243,161]",a9d67efe5f5287258338f1b8d021fc4ce239c0556c68074630ad9113d75a0a15,111,382375362,1067322850,"[930097,7,6,0,139,200,26]",3896390194,2366898654,[5],"{""5"":0}"
S7,7,930098,139,2.23606797749979,6,,0,0.1,62,44,"[0,1,2,3,4,18,84,134,176,205,247,251,341,400,402,423,435,441,469,475,556,581,604,619,693,818,828,831,878,898,934,1007,1015,1050,1101,1122,1125,1137,1156,1163,1182,1189,1226,1233]","[[0,1],[1,1],[2,-1],[3,1],[4,-1],[18,-1],[84,-1],[134,-1],[176,1],[205,1],[247,1],[251,-1],[341,-1],[400,1],[402,-1],[423,-1],[435,1],[441,-1],[469,-1],[475,1],[556,1],[581,-1],[604,1],[619,1],[693,1],[818,1],[828,-1],[831,1],[878,-1],[898,-1],[934,1],[1007,-1],[1015,1],[1050,-1],[1101,-1],[1122,1],[1125,-1],[1137,1],[1156,-1],[1163,1],[1182,1],[1189,-1],[1226,-1],[1233,1]]","[123,26,42,66,116,91,52,46,63,81,0,15,103,10,97,133,93,76,40,94,87,7,11,35,70,5,56,98,71,74,28,130,99,120,39,118,38,104,41,79,110,54,126,89,23,55,96,68,114,9,32,14,128,108,138,117,2,78,90,111,106,47,58,45,20,18,30,115,36,22,53,61,105,129,1,112,77,95,16,67,86,73,107,6,49,102,43,88,69,101,50,44,134,109,137,24,72,127,51,31,131,60,82,29,48,62,113,21,122,25,57]","[151,162,224,210,160,190,277,173,239,149,259,208,176,234,193,204,236,242,152,228,185,168,166,235,260,200,161,273,271,174,181,180,213,226,267,165,237,258,219,270,141,144,274,215,240,269,209,198,172,255,191,248,216,221,206,147,142,276,170,227,163,247,211,183,164,196,246,175,199,212,189,272,265,250,159,233,169,251,225,203,257,177,167,158,266,275,220,222,264,262,171,243,218,195,253,229,205,182,148,179,140,261,178,217,201,154,256,214,207,232,157]",5f2df2ba37a7225880f3dc4381bd9c59fe075b4079b08c3cf217f3b6e6941af6,111,4109413822,2806972370,"[930098,7,6,0,139,200,26]",3661240086,2366898654,[5],"{""5"":0}"
S7,7,930099,139,2.23606797749979,6,,0,0.1,62,50,"[0,1,2,3,4,5,44,84,134,176,211,221,231,235,238,247,257,282,284,327,341,400,402,415,423,435,441,445,483,604,619,660,664,685,693,728,815,831,898,934,936,1024,1034,1035,1041,1125,1163,1182,1212,1235]","[[0,1],[1,1],[2,-1],[3,1],[4,-1],[5,1],[44,1],[84,-1],[134,-1],[176,1],[211,1],[221,-1],[231,-1],[235,-1],[238,-1],[247,1],[257,-1],[282,-1],[284,-1],[327,1],[341,-1],[400,1],[402,-1],[415,1],[423,-1],[435,1],[441,-1],[445,-1],[483,-1],[604,1],[619,1],[660,1],[664,1],[685,1],[693,1],[728,1],[815,1],[831,1],[898,-1],[934,1],[936,1],[1024,-1],[1034,-1],[1035,-1],[1041,-1],[1125,-1],[1163,1],[1182,1],[1212,-1],[1235,-1]]","[111,65,118,107,51,94,42,63,70,43,16,120,101,102,89,64,9,116,88,83,128,81,66,109,47,77,14,134,24,0,50,91,27,32,108,93,31,34,85,45,38,86,129,1,137,28,23,92,138,75,25,17,90,39,21,13,106,67,123,3,136,126,132,52,103,46,125,78,29,114,96,55,30,79,72,33,124,18,119,99,36,19,5,41,20,113,6,131,59,76,48,104,60,69,2,117,87,62,71,8,68,97,12,4,58,54,11,35,80,40,7]","[208,239,180,254,248,190,179,244,241,253,209,246,213,251,250,182,274,240,247,224,210,175,193,243,235,157,153,227,144,275,143,155,272,186,165,264,160,221,177,161,267,164,198,233,236,206,145,162,242,187,146,191,167,142,261,219,220,215,252,265,207,256,148,216,189,156,183,152,185,188,199,166,203,234,151,212,260,262,229,141,232,223,173,211,257,163,259,276,184,273,169,226,139,150,194,147,201,271,255,230,181,268,172,140,205,245,149,214,204,200,231]",95d2aa86150648b7dbadac8f8dd1484c5919e42216ea3a29a17c705abc0b8c23,111,1237131233,48873438,"[930099,7,6,0,139,200,26]",689592326,2366898654,[5],"{""5"":1}"
S7,7,930100,139,2.23606797749979,6,,0,0.1,62,40,"[0,1,2,3,4,84,127,134,176,178,181,192,221,231,247,284,341,400,423,429,435,444,569,581,604,619,637,693,762,773,828,898,930,934,970,999,1163,1175,1182,1235]","[[0,1],[1,1],[2,-1],[3,1],[4,-1],[84,-1],[127,-1],[134,-1],[176,1],[178,-1],[181,1],[192,-1],[221,-1],[231,-1],[247,1],[284,-1],[341,-1],[400,1],[423,-1],[429,-1],[435,1],[444,-1],[569,-1],[581,-1],[604,1],[619,1],[637,1],[693,1],[762,-1],[773,1],[828,-1],[898,-1],[930,1],[934,1],[970,1],[999,1],[1163,1],[1175,1],[1182,1],[1235,-1]]","[81,27,113,57,54,73,45,18,32,86,118,91,74,43,58,25,29,1,55,41,85,19,24,4,80,110,6,115,127,123,47,108,131,76,112,104,64,124,98,120,102,36,33,101,72,116,22,51,70,77,114,31,3,66,122,17,138,62,92,96,107,106,119,97,15,125,128,39,23,103,130,38,35,61,0,105,12,75,68,132,94,136,111,90,40,37,67,5,129,49,134,126,117,133,78,99,2,16,79,48,8,34,89,95,13,46,50,83,137,7,59]","[150,203,170,238,260,196,222,211,258,212,250,158,179,174,191,255,204,266,149,164,274,262,202,269,224,184,159,256,165,183,223,155,173,198,180,251,234,157,139,142,187,208,167,144,151,153,268,186,205,225,192,219,217,148,226,181,189,141,264,199,152,247,273,210,230,257,277,246,228,190,194,177,221,197,175,172,145,178,261,162,182,249,206,171,229,213,188,201,239,140,267,242,237,253,147,265,252,195,161,176,240,214,272,241,244,168,166,232,231,236,160]",fea9a177aeb597e5bfd76de4ac75b35fb0027b1d08aa75c6aefd85f17113acde,111,4183134235,19015176,"[930100,7,6,0,139,200,26]",362350011,2366898654,[5],"{""5"":0}"
