scenario,scenario_id,diagnostic_seed,target_n,tau,tau_index,rho,rho_index,selected_C_R2,K_t_full,K_t_stab,stability_support_indices_json,stability_signed_support_json,stability_positive_membership_json,stability_negative_membership_json,stability_membership_sha256,stability_n_per_class,stage_A_final_fit_seed,stage_B_fit_seed,stability_subsample_seed_identity_json,stability_fit_seed,dataset_seed,planted_sign_instability_idx_json,planted_coordinate_signs_json
S7,7,930001,100,0.6708203932499369,2,,0,0.1,57,44,"[88,89,92,130,172,176,195,197,204,209,257,302,315,335,394,403,465,477,514,524,536,543,545,614,644,656,662,672,723,734,735,755,833,848,867,871,889,923,943,995,1021,1041,1177,1265]","[[88,-1],[89,-1],[92,1],[130,-1],[172,-1],[176,-1],[195,-1],[197,1],[204,-1],[209,-1],[257,-1],[302,1],[315,-1],[335,-1],[394,-1],[403,1],[465,-1],[477,-1],[514,1],[524,-1],[536,1],[543,-1],[545,-1],[614,-1],[644,1],[656,-1],[662,1],[672,-1],[723,1],[734,1],[735,1],[755,-1],[833,-1],[848,1],[867,-1],[871,-1],[889,-1],[923,-1],[943,-1],[995,-1],[1021,-1],[1041,-1],[1177,-1],[1265,1]]","[76,14,8,37,16,13,95,73,93,10,54,17,51,89,21,57,34,88,25,23,38,66,90,71,59,36,9,32,60,41,77,4,68,94,44,99,80,2,78,63,56,75,12,26,1,15,49,22,85,0,70,29,11,47,39,31,42,58,61,40,43,30,67,52,81,48,74,28,3,18,5,83,45,19,86,84,98,33,87,92]","[107,159,188,148,110,136,158,178,198,182,115,135,141,197,128,138,152,196,125,173,175,179,122,190,119,192,183,163,116,168,165,118,151,139,187,113,186,154,191,127,105,140,129,167,166,114,104,181,134,156,174,195,176,160,131,184,153,102,147,130,121,142,143,124,146,149,162,170,108,199,155,172,106,126,123,189,164,157,100,133]",1721b7266d409bade8b2d68456b249b535950e7e70a4959459a4fdc3b920ec56,80,2821973505,2872025889,"[930001,7,2,0,100,200,26]",2803663170,4233183264,[5],"{""5"":0}"
S7,7,930002,100,0.6708203932499369,2,,0,0.1,61,48,"[4,22,35,38,43,73,92,112,123,195,197,204,213,257,265,267,302,351,357,392,394,396,438,514,521,662,703,723,730,735,747,755,787,805,842,859,1060,1066,1084,1103,1124,1156,1164,1211,1240,1247,1258,1265]","[[4,-1],[22,1],[35,1],[38,-1],[43,-1],[73,-1],[92,1],[112,1],[123,1],[195,-1],[197,1],[204,-1],[213,-1],[257,-1],[265,1],[267,1],[302,1],[351,-1],[357,-1],[392,-1],[394,-1],[396,1],[438,-1],[514,1],[521,1],[662,1],[703,-1],[723,1],[730,-1],[735,1],[747,1],[755,-1],[787,-1],[805,1],[842,1],[859,-1],[1060,-1],[1066,-1],[1084,-1],[1103,1],[1124,-1],[1156,-1],[1164,-1],[1211,1],[1240,-1],[1247,-1],[1258,1],[1265,1]]","[47,94,14,28,0,43,48,78,80,63,45,74,2,90,54,21,61,49,4,81,92,5,41,37,83,24,46,73,40,64,1,99,95,55,12,9,17,36,76,6,51,71,88,33,70,69,56,34,84,58,93,65,96,53,10,7,22,23,91,11,18,20,72,3,85,38,16,59,79,26,8,77,87,68,82,57,97,25,31,44]","[197,131,103,143,132,195,110,181,186,164,173,130,142,120,182,187,192,144,179,122,115,111,196,118,136,177,172,169,135,158,171,128,116,117,129,125,180,153,166,140,155,189,102,133,124,107,165,185,160,154,146,106,126,138,113,134,145,127,139,178,150,163,157,188,199,100,156,108,159,141,193,147,174,105,123,176,109,167,194,101]",59be95c9ef539b904f297efee9be2b65c06db0b310433969d658965d2a4d2bf9,80,1935493665,1507290571,"[930002,7,2,0,100,200,26]",105674336,4233183264,[5],"{""5"":0}"
S7,7,930003,100,0.6708203932499369,2,,0,0.0001,0,0,[],[],"[59,3,97,35,42,69,14,36,84,10,86,44,76,95,64,89,62,87,96,37,98,15,88,27,22,34,39,49,31,70,13,23,32,33,8,65,38,50,58,93,60,41,0,99,66,90,56,16,68,80,43,53,51,28,5,75,73,19,4,25,46,48,72,82,77,61,26,29,71,47,2,17,1,9,57,63,83,11,54,92]","[177,187,158,121,123,122,167,155,154,142,178,101,189,120,164,119,159,114,136,138,191,165,105,106,129,171,179,126,137,107,168,146,134,160,192,116,186,153,172,156,131,124,145,198,194,190,150,127,143,117,163,135,151,109,113,183,128,193,111,174,162,148,100,180,141,152,147,104,115,161,132,130,173,170,140,195,181,157,110,169]",acacac7b253665bb7df41a373c65aa800bcdaf7504e5971bbee1e70d8343aa27,80,1246728795,690590831,"[930003,7,2,0,100,200,26]",3739359684,4233183264,[5],"{""5"":0}"
S7,7,930004,100,0.6708203932499369,2,,0,0.0001,0,0,[],[],"[0,19,22,54,75,79,64,39,67,5,84,81,71,16,52,76,36,72,97,98,50,58,11,40,61,88,8,60,27,91,28,95,13,63,85,65,29,17,62,30,70,15,68,74,37,99,41,23,25,33,51,87,90,18,20,92,12,14,1,82,9,7,4,89,6,69,38,48,44,57,32,21,93,59,56,86,66,2,35,24]","[100,122,148,110,139,107,199,163,135,115,162,134,109,166,153,194,106,116,196,146,111,159,161,168,145,186,102,165,142,190,174,141,113,180,124,120,173,156,179,181,147,189,103,152,160,155,151,126,157,136,123,118,130,119,167,105,188,101,144,175,127,129,112,158,192,138,171,184,195,182,133,164,117,132,177,178,125,169,170,114]",ce5fac13945e68e130fd6c509d0a4c691c0a266d8aecb4ab871a65e17495e02a,80,1214677696,2388952103,"[930004,7,2,0,100,200,26]",1921141145,4233183264,[5],"{""5"":0}"
S7,7,930005,100,0.6708203932499369,2,,0,0.1,63,44,"[4,24,38,60,73,90,92,112,114,116,124,152,156,195,199,267,297,302,337,376,403,420,431,465,527,535,546,659,662,739,748,787,812,837,848,859,870,973,995,1021,1156,1160,1247,1275]","[[4,-1],[24,-1],[38,-1],[60,-1],[73,-1],[90,1],[92,1],[112,1],[114,-1],[116,1],[124,1],[152,-1],[156,-1],[195,-1],[199,-1],[267,1],[297,-1],[302,1],[337,1],[376,1],[403,1],[420,-1],[431,-1],[465,-1],[527,-1],[535,-1],[546,-1],[659,1],[662,1],[739,-1],[748,1],[787,-1],[812,-1],[837,1],[848,1],[859,-1],[870,-1],[973,-1],[995,-1],[1021,-1],[1156,-1],[1160,1],[1247,-1],[1275,1]]","[73,23,36,92,44,53,41,11,82,99,59,77,39,32,43,85,52,16,63,75,31,61,95,21,8,29,40,45,86,65,80,54,3,72,93,4,58,79,19,76,51,12,62,56,33,18,15,91,14,37,81,26,83,74,2,9,69,46,6,24,13,96,55,49,60,20,64,66,27,67,71,1,87,0,42,94,10,17,88,5]","[165,121,139,106,196,137,103,123,129,145,194,199,114,170,140,136,176,118,152,173,185,112,126,128,178,122,149,146,158,120,107,148,109,164,174,162,144,132,151,157,105,195,175,150,154,100,115,189,172,161,108,116,186,117,191,138,131,143,160,163,104,190,177,155,179,180,192,182,119,134,101,198,102,153,169,183,181,147,188,113]",2d6b3ff8b228f72d92bee3cd7bbfb159e2f6cc32bcaeed5d28c805fc9b01b1ef,80,3560468431,4204562738,"[930005,7,2,0,100,200,26]",2527402875,4233183264,[5],"{""5"":0}"
S7,7,930006,100,0.6708203932499369,2,,0,0.1,61,37,"[0,4,12,73,121,152,165,249,255,302,326,376,408,465,489,514,540,544,648,662,667,748,821,867,875,974,995,1004,1066,1107,1133,1148,1163,1169,1247,1265,1271]","[[0,1],[4,-1],[12,-1],[73,-1],[121,1],[152,-1],[165,1],[249,-1],[255,1],[302,1],[326,-1],[376,1],[408,-1],[465,-1],[489,1],[514,1],[540,-1],[544,-1],[648,-1],[662,1],[667,1],[748,1],[821,1],[867,-1],[875,1],[974,-1],[995,-1],[1004,-1],[1066,-1],[1107,-1],[1133,-1],[1148,-1],[1163,1],[1169,1],[1247,-1],[1265,1],[1271,-1]]","[64,36,15,71,91,6,8,92,98,96,22,93,61,18,88,12,17,89,25,42,70,35,28,29,16,55,21,90,66,54,43,87,49,41,14,76,27,39,50,11,44,40,2,24,58,84,79,72,53,80,51,23,34,26,4,33,60,9,83,82,30,57,45,99,10,95,65,81,47,63,52,69,46,3,62,86,97,32,59,78]","[139,185,104,146,128,166,156,158,164,136,167,154,191,198,197,105,145,143,161,183,116,163,109,170,130,150,151,124,120,157,107,169,142,173,118,147,100,175,121,168,194,181,111,102,132,117,127,110,149,192,189,177,119,171,172,182,123,103,186,133,148,176,184,152,195,101,134,162,138,199,112,180,153,122,196,160,140,141,178,187]",7cbda60f528fb9fa9b89ece9f0aca44131b26fbadb8c25f7a50808b5625fde1d,80,3616062041,2265175334,"[930006,7,2,0,100,200,26]",1875902814,4233183264,[5],"{""5"":0}"
S7,7,930007,100,0.6708203932499369,2,,0,0.0001,0,0,[],[],"[16,60,31,23,49,66,41,50,51,80,35,69,37,22,94,81,90,85,19,27,36,39,3,77,34,70,21,4,12,93,55,43,74,8,17,14,33,32,44,95,0,13,2,78,18,15,25,75,7,91,28,46,42,84,56,52,53,10,67,89,72,40,57,29,79,24,6,5,86,96,98,99,87,97,61,88,92,82,62,65]","[185,107,165,122,195,188,103,149,183,127,169,144,199,167,160,174,163,112,157,189,119,146,176,194,135,175,178,130,120,105,143,118,192,125,187,197,162,100,126,154,145,150,196,182,123,133,142,115,173,172,136,111,129,198,177,191,131,134,104,180,159,153,164,155,101,140,156,138,148,117,141,147,106,158,179,181,184,124,128,151]",331d36d1f60976867d4ec77a56692b65e2cb9fa85e20d66a027f75ce451544f5,80,1434533211,843011408,"[930007,7,2,0,100,200,26]",2367531225,4233183264,[5],"{""5"":0}"
S7,7,930008,100,0.6708203932499369,2,,0,0.0001,0,0,[],[],"[49,60,2,88,69,91,10,97,92,27,40,19,47,76,9,74,43,72,87,25,68,29,93,23,32,71,52,58,82,63,21,38,1,95,48,16,94,17,13,81,45,30,73,34,55,96,26,61,22,31,62,85,53,89,78,35,65,90,66,80,84,24,33,57,14,98,37,4,3,18,51,59,0,41,86,5,50,83,46,36]","[168,160,158,196,123,107,103,198,162,144,147,137,125,132,105,169,138,181,133,109,111,145,129,149,165,127,115,163,187,156,121,183,118,173,161,179,120,131,194,193,175,106,139,102,197,171,136,191,152,112,142,167,166,122,184,110,178,100,114,141,174,159,140,151,190,128,117,146,134,143,186,170,153,150,177,185,116,101,155,148]",d3dab75539a361a47521d8c1b85e761f7e19fb0f92ca1cc34391e9ee3ce6e8ce,80,2435228128,2791329359,"[930008,7,2,0,100,200,26]",268066293,4233183264,[5],"{""5"":0}"
S7,7,930009,100,0.6708203932499369,2,,0,0.0001,0,0,[],[],"[60,80,84,45,6,1,19,99,63,37,46,7,55,89,85,97,35,30,47,29,9,94,83,57,3,5,26,42,41,0,95,48,10,51,12,4,98,17,70,15,72,68,53,81,54,16,93,24,76,56,33,38,86,75,32,2,74,44,18,91,14,90,40,82,11,59,31,61,78,43,13,67,58,69,66,49,25,92,39,8]","[114,111,189,185,150,110,141,154,162,149,171,187,175,163,159,103,174,107,183,170,190,113,145,152,121,197,132,172,104,142,184,143,115,117,146,131,124,137,106,109,119,134,178,157,192,151,167,100,138,156,120,126,133,180,164,166,147,101,127,116,186,128,136,191,165,182,194,179,199,173,198,129,148,102,176,118,195,196,135,160]",14c402d61c10111e4fc65e03a3b12c7ae10ee86afb9bbdfd40026ef15db87f7c,80,3968986246,153411556,"[930009,7,2,0,100,200,26]",167689519,4233183264,[5],"{""5"":0}"
S7,7,930010,100,0.6708203932499369,2,,0,0.0001,0,0,[],[],"[11,95,24,4,88,96,53,15,63,7,64,16,65,54,32,56,52,73,72,77,81,0,46,41,36,5,68,18,2,61,44,30,26,93,55,17,98,45,1,83,29,71,67,37,20,21,51,85,49,22,76,39,13,31,75,87,97,79,12,47,6,38,94,10,91,70,35,74,69,89,58,59,99,86,48,14,33,3,42,78]","[191,118,164,128,108,159,135,192,104,140,151,187,125,110,109,179,160,157,103,168,129,195,180,126,170,134,162,150,123,185,122,196,133,193,112,181,132,147,172,161,167,119,184,115,197,113,114,189,120,183,190,141,139,102,105,169,117,149,198,171,166,155,152,130,106,116,100,174,143,101,182,199,137,124,131,121,163,186,146,111]",b4bb6c318ba9cdfd113e434fb5fd24988afabf36118413cf8867fbfcf95ecc7b,80,1398883908,2173271911,"[930010,7,2,0,100,200,26]",3646149092,4233183264,[5],"{""5"":0}"
S7,7,930011,100,0.6708203932499369,2,,0,0.0001,0,0,[],[],"[11,84,18,13,56,75,99,12,45,77,68,20,73,52,34,33,79,92,90,67,63,47,39,96,83,82,10,50,44,0,89,35,40,87,24,41,5,19,23,42,95,25,86,32,46,26,78,14,8,37,6,57,55,70,62,98,22,59,38,72,97,66,30,81,94,60,74,36,93,91,65,31,7,27,51,49,16,17,1,58]","[181,164,126,141,190,118,146,150,137,171,112,162,184,160,132,179,104,147,199,117,149,195,123,169,108,194,134,125,148,191,105,193,144,136,124,142,198,114,143,100,186,183,140,113,170,106,119,180,152,155,110,188,177,165,122,196,128,175,127,189,135,172,109,121,192,161,107,158,176,116,120,131,166,151,103,102,129,173,101,156]",59ab4a7e832d7659a4b4fd69c0e11c34b1a64f7135ad4102d28fa3d93cdc38da,80,1346869421,3930791342,"[930011,7,2,0,100,200,26]",1945365487,4233183264,[5],"{""5"":0}"
S7,7,930012,100,0.6708203932499369,2,,0,0.0001,0,0,[],[],"[4,80,90,33,78,61,46,87,48,44,95,17,83,72,84,52,67,7,50,11,21,14,74,41,59,38,92,53,82,75,91,56,40,10,96,43,70,22,47,97,79,29,57,8,93,26,25,85,54,13,86,68,16,18,32,42,30,24,27,51,98,58,64,12,49,94,88,66,31,3,77,20,65,35,76,71,36,2,63,19]","[118,192,142,135,191,147,107,174,176,101,170,167,129,193,175,132,109,126,152,198,144,114,173,138,185,162,182,115,104,140,103,139,187,155,189,172,188,110,154,143,177,136,120,102,181,183,168,184,199,123,164,130,117,121,105,195,197,124,131,119,169,112,158,151,160,146,127,163,194,106,196,156,190,150,186,165,149,133,125,171]",9206048c492515422afd66defdf53e3fb088f83fcc628c014ad4a471da6c5743,80,4264575422,946650398,"[930012,7,2,0,100,200,26]",2745255355,4233183264,[5],"{""5"":0}"
S7,7,930013,100,0.6708203932499369,2,,0,0.1,51,42,"[17,90,114,116,130,138,149,165,195,204,208,231,249,257,267,308,326,356,361,365,394,447,514,626,706,735,744,747,752,758,812,850,867,915,1021,1029,1064,1074,1198,1216,1229,1236]","[[17,-1],[90,1],[114,-1],[116,1],[130,-1],[138,-1],[149,1],[165,1],[195,-1],[204,-1],[208,-1],[231,1],[249,-1],[257,-1],[267,1],[308,-1],[326,-1],[356,1],[361,1],[365,-1],[394,-1],[447,1],[514,1],[626,1],[706,1],[735,1],[744,1],[747,1],[752,1],[758,-1],[812,-1],[850,-1],[867,-1],[915,1],[1021,-1],[1029,1],[1064,1],[1074,-1],[1198,-1],[1216,-1],[1229,1],[1236,-1]]","[23,30,91,63,47,70,67,38,64,85,94,84,25,92,34,26,79,29,21,12,88,89,56,99,75,32,39,76,44,83,19,42,54,0,35,61,18,36,60,24,65,20,33,27,98,90,10,87,3,5,8,11,2,96,4,69,7,40,51,95,17,93,41,62,14,53,13,48,68,86,46,71,80,37,1,74,50,78,72,52]","[157,152,131,144,177,134,178,127,135,170,179,145,133,143,120,118,153,156,197,104,124,158,137,110,181,184,174,169,101,150,146,140,191,151,161,109,114,119,168,166,193,196,106,159,102,160,100,189,107,108,195,175,141,113,154,123,199,111,163,165,194,164,147,176,188,192,121,198,132,115,148,171,183,185,172,129,180,125,173,105]",f3223d124fe90352cc754502c9420f7880ecc1f09743c5331e1c2496dab1fa4d,80,2000147569,1991654689,"[930013,7,2,0,100,200,26]",2533152507,4233183264,[5],"{""5"":0}"
S7,7,930014,100,0.6708203932499369,2,,0,0.1,66,50,"[4,11,35,49,73,88,89,92,112,132,144,165,204,251,257,300,370,394,396,411,420,423,445,458,484,514,524,529,545,559,563,625,648,662,665,710,777,781,795,812,822,840,888,1021,1036,1050,1103,1212,1271,1275]","[[4,-1],[11,-1],[35,1],[49,1],[73,-1],[88,-1],[89,-1],[92,1],[112,1],[132,1],[144,-1],[165,1],[204,-1],[251,-1],[257,-1],[300,1],[370,-1],[394,-1],[396,1],[411,-1],[420,-1],[423,1],[445,-1],[458,1],[484,-1],[514,1],[524,-1],[529,-1],[545,-1],[559,-1],[563,1],[625,1],[648,-1],[662,1],[665,1],[710,1],[777,1],[781,-1],[795,-1],[812,-1],[822,-1],[840,-1],[888,-1],[1021,-1],[1036,1],[1050,1],[1103,1],[1212,1],[1271,-1],[1275,1]]","[35,99,21,32,25,27,15,19,3,34,48,23,11,86,0,96,2,10,90,57,14,4,38,18,91,36,72,31,45,46,69,64,26,52,16,61,33,56,59,58,88,68,43,37,67,29,39,79,85,87,8,55,82,73,22,54,94,65,44,62,49,5,12,95,13,24,41,76,42,71,81,70,78,89,60,93,75,47,63,30]","[121,154,153,183,182,136,103,104,169,155,193,126,107,132,198,192,189,113,146,114,123,109,167,168,141,187,105,184,144,197,133,177,173,139,124,164,142,147,161,185,172,171,138,174,170,157,110,112,191,158,120,128,159,150,129,188,179,101,190,148,111,194,195,165,199,116,178,131,186,122,106,162,102,143,181,149,196,118,140,134]",11066bd4ed21b870995e5f8ffcde998e527994bda479306af66ef09d99a6e4af,80,2809862538,3401279419,"[930014,7,2,0,100,200,26]",70333984,4233183264,[5],"{""5"":0}"
S7,7,930015,100,0.6708203932499369,2,,0,0.1,65,40,"[4,5,22,73,130,174,183,204,231,240,251,286,302,304,394,459,466,524,535,546,625,658,662,677,690,718,730,735,821,859,867,995,1004,1010,1016,1021,1115,1170,1178,1274]","[[4,-1],[5,1],[22,1],[73,-1],[130,-1],[174,1],[183,-1],[204,-1],[231,1],[240,1],[251,-1],[286,1],[302,1],[304,1],[394,-1],[459,1],[466,-1],[524,-1],[535,-1],[546,-1],[625,1],[658,1],[662,1],[677,-1],[690,1],[718,1],[730,-1],[735,1],[821,1],[859,-1],[867,-1],[995,-1],[1004,-1],[1010,1],[1016,-1],[1021,-1],[1115,1],[1170,1],[1178,1],[1274,1]]","[28,4,79,81,50,60,74,9,98,93,92,85,77,25,22,16,44,90,69,8,76,56,49,88,39,40,63,52,55,51,86,17,80,42,99,47,21,13,64,91,97,12,1,30,43,23,24,18,48,75,72,66,94,38,2,83,46,84,87,36,37,68,70,78,73,15,6,53,19,29,96,41,3,34,35,26,57,20,45,95]","[111,178,127,136,123,125,137,140,106,172,189,128,118,120,112,181,129,149,146,190,142,143,154,161,101,196,122,186,157,147,163,115,152,139,176,100,108,153,197,191,150,156,151,110,124,169,107,121,168,132,109,130,175,159,119,133,148,179,131,160,185,105,193,183,194,195,192,145,158,165,114,138,116,104,126,187,135,198,144,166]",4e4d212f9fb41fb5173ef5fca1dc3399baa8f6ee806b485f41648eda2ea6e4b6,80,2844830901,2499991464,"[930015,7,2,0,100,200,26]",3696404880,4233183264,[5],"{""5"":1}"
S7,7,930016,100,0.6708203932499369,2,,0,0.1,68,48,"[13,73,94,112,114,116,131,156,171,178,199,229,251,267,293,299,302,335,337,376,406,420,458,465,480,514,529,598,659,720,723,797,829,867,871,907,912,931,946,978,1021,1075,1103,1154,1247,1264,1265,1271]","[[13,-1],[73,-1],[94,1],[112,1],[114,-1],[116,1],[131,-1],[156,-1],[171,1],[178,-1],[199,-1],[229,1],[251,-1],[267,1],[293,-1],[299,1],[302,1],[335,-1],[337,1],[376,1],[406,-1],[420,-1],[458,1],[465,-1],[480,1],[514,1],[529,-1],[598,1],[659,1],[720,-1],[723,1],[797,1],[829,1],[867,-1],[871,-1],[907,-1],[912,1],[931,1],[946,-1],[978,1],[1021,-1],[1075,-1],[1103,1],[1154,1],[1247,-1],[1264,1],[1265,1],[1271,-1]]","[0,61,60,27,97,69,20,13,72,2,4,94,54,11,9,96,25,30,47,91,70,36,14,73,53,48,92,21,42,18,43,82,22,76,17,26,93,89,34,65,31,10,66,57,41,75,77,24,74,23,52,7,83,38,15,59,78,55,64,86,8,37,81,98,88,1,39,71,46,35,40,90,84,12,95,51,6,3,5,87]","[165,118,108,182,160,151,177,115,113,142,157,148,171,103,189,153,143,174,134,156,145,184,162,125,193,105,138,150,139,116,195,191,122,154,106,163,173,169,197,146,120,131,135,137,198,149,185,175,129,196,133,101,121,109,117,181,167,199,104,119,144,159,132,178,187,102,136,111,158,170,112,123,164,141,186,124,130,147,155,114]",106c92b8e6bdd17296943ef6640f306ae424a1860881a33d75d858d01729ac68,80,1952211962,75569230,"[930016,7,2,0,100,200,26]",2743725542,4233183264,[5],"{""5"":0}"
S7,7,930017,100,0.6708203932499369,2,,0,0.1,62,41,"[5,56,68,73,91,92,111,114,150,178,195,215,229,249,251,267,318,329,465,514,543,594,662,676,848,859,861,891,907,931,944,948,994,995,1075,1127,1133,1160,1199,1240,1253]","[[5,1],[56,1],[68,1],[73,-1],[91,1],[92,1],[111,1],[114,-1],[150,1],[178,-1],[195,-1],[215,1],[229,1],[249,-1],[251,-1],[267,1],[318,-1],[329,1],[465,-1],[514,1],[543,-1],[594,1],[662,1],[676,1],[848,1],[859,-1],[861,-1],[891,1],[907,-1],[931,1],[944,-1],[948,-1],[994,1],[995,-1],[1075,-1],[1127,1],[1133,-1],[1160,1],[1199,-1],[1240,-1],[1253,-1]]","[36,93,94,56,88,20,81,84,2,31,30,33,65,7,35,23,38,51,45,39,60,3,98,97,5,99,18,0,6,55,86,58,75,15,87,89,66,69,71,4,77,24,37,29,27,16,47,46,79,10,68,80,28,64,26,59,95,25,70,90,78,73,72,83,21,82,14,44,91,53,8,62,42,96,63,67,40,1,61,49]","[198,175,121,196,133,120,129,113,148,171,193,188,176,127,130,163,154,136,145,192,141,102,110,103,104,160,108,111,150,165,178,153,195,114,170,126,116,181,122,135,172,169,132,177,144,101,186,131,138,140,106,162,151,183,142,166,185,146,105,197,159,117,191,190,137,194,147,125,123,155,152,168,156,139,134,174,149,157,173,107]",78e3bab4a2fc1ca89894e1c7b35d1b85daf2c9482c24a7dcf369e978a5021b12,80,3391601865,1837693351,"[930017,7,2,0,100,200,26]",3041078940,4233183264,[5],"{""5"":1}"
S7,7,930018,100,0.6708203932499369,2,,0,0.1,59,44,"[4,5,24,73,90,130,132,146,164,209,231,251,252,260,361,376,396,402,485,493,499,514,524,528,662,735,772,859,889,912,930,995,1004,1021,1029,1037,1095,1103,1153,1183,1208,1214,1216,1255]","[[4,-1],[5,-1],[24,-1],[73,-1],[90,1],[130,-1],[132,1],[146,1],[164,-1],[209,-1],[231,1],[251,-1],[252,-1],[260,1],[361,1],[376,1],[396,1],[402,1],[485,1],[493,1],[499,1],[514,1],[524,-1],[528,-1],[662,1],[735,1],[772,-1],[859,-1],[889,-1],[912,1],[930,1],[995,-1],[1004,-1],[1021,-1],[1029,1],[1037,-1],[1095,1],[1103,1],[1153,1],[1183,1],[1208,1],[1214,1],[1216,-1],[1255,-1]]","[69,33,77,67,48,21,9,6,18,81,12,68,97,58,79,56,96,89,71,5,7,17,23,30,16,28,29,53,84,94,52,20,32,78,31,45,76,40,72,62,54,27,47,26,93,35,24,25,82,42,38,83,65,86,22,14,70,87,43,13,37,4,63,39,92,44,10,66,85,73,36,88,11,99,51,46,80,95,8,61]","[109,118,188,173,113,117,156,114,169,187,164,111,126,186,124,166,130,180,129,199,103,137,160,172,157,162,176,116,112,178,138,100,191,110,170,125,149,134,179,135,147,108,127,168,102,153,194,193,141,189,158,197,140,106,183,132,155,190,144,159,198,105,123,120,182,104,152,145,150,122,161,128,133,115,101,195,174,107,119,154]",5534e0e9209182bc6535cea845fd7cd1a9a0c8b457319a6fd3c335c6fe855ac9,80,458709391,2130154501,"[930018,7,2,0,100,200,26]",2133017593,4233183264,[5],"{""5"":-1}"
S7,7,930019,100,0.6708203932499369,2,,0,0.1,65,45,"[3,4,112,114,135,204,220,223,265,351,390,394,402,408,493,514,526,587,662,728,772,776,837,848,882,930,947,964,967,978,995,1036,1060,1065,1066,1074,1117,1124,1133,1135,1150,1160,1192,1198,1251]","[[3,1],[4,-1],[112,1],[114,-1],[135,1],[204,-1],[220,1],[223,1],[265,1],[351,-1],[390,-1],[394,-1],[402,1],[408,-1],[493,1],[514,1],[526,-1],[587,-1],[662,1],[728,1],[772,-1],[776,-1],[837,1],[848,1],[882,-1],[930,1],[947,-1],[964,-1],[967,-1],[978,1],[995,-1],[1036,1],[1060,-1],[1065,1],[1066,-1],[1074,-1],[1117,1],[1124,-1],[1133,-1],[1135,-1],[1150,-1],[1160,1],[1192,-1],[1198,-1],[1251,1]]","[59,89,93,78,8,45,31,63,10,29,70,38,18,32,90,40,56,43,11,12,87,75,14,95,25,44,9,21,20,69,64,55,5,46,71,76,36,68,7,73,66,3,57,82,86,6,72,26,35,74,96,91,60,42,58,97,77,24,17,48,34,28,85,22,83,84,61,39,19,94,1,65,30,88,80,67,16,23,15,51]","[177,114,181,151,122,192,154,152,144,132,148,168,113,163,191,162,179,173,180,160,115,105,135,127,183,129,166,138,140,185,121,155,190,194,100,149,199,110,126,128,124,184,141,130,159,111,193,182,197,118,131,178,196,158,145,164,150,137,108,186,117,175,134,170,116,101,120,188,195,174,187,176,189,104,147,103,133,146,167,142]",e381c59302dda864efbee3df584d1fb30ad72b8546b7201b44761da7b4c2b51b,80,4071223656,949821288,"[930019,7,2,0,100,200,26]",4028156253,4233183264,[5],"{""5"":0}"
S7,7,930020,100,0.6708203932499369,2,,0,0.0001,0,0,[],[],"[80,19,96,65,73,27,79,88,98,92,0,35,51,21,61,53,70,60,82,68,36,6,31,57,58,14,55,15,84,1,28,77,34,29,7,47,89,56,76,52,99,63,22,33,20,90,46,43,18,8,93,67,83,49,41,9,59,24,45,39,44,74,4,50,37,81,71,66,78,54,86,11,94,95,13,87,75,25,48,38]","[197,115,117,175,131,157,119,126,134,102,156,137,142,168,158,155,150,123,143,174,103,189,165,167,101,154,179,172,180,138,116,190,152,139,146,140,108,161,171,199,178,121,187,104,135,105,148,107,141,191,186,132,192,182,162,170,136,114,188,151,118,185,193,163,109,153,169,125,100,120,129,112,194,128,183,159,124,130,106,195]",98c321d7fb9ace9cf024c3bde8bfa59f553a2c1ec5c89ef6fe03a7ef44b50212,80,3344131185,2959161791,"[930020,7,2,0,100,200,26]",1645462077,4233183264,[5],"{""5"":0}"
S7,7,930021,100,0.6708203932499369,2,,0,0.1,59,41,"[4,13,22,60,73,89,91,100,114,121,209,251,257,299,302,324,361,378,394,431,447,455,468,514,552,586,587,662,797,817,841,964,971,995,1032,1060,1066,1091,1107,1136,1160]","[[4,-1],[13,-1],[22,1],[60,-1],[73,-1],[89,-1],[91,1],[100,-1],[114,-1],[121,1],[209,-1],[251,-1],[257,-1],[299,1],[302,1],[324,-1],[361,1],[378,1],[394,-1],[431,-1],[447,1],[455,1],[468,1],[514,1],[552,-1],[586,-1],[587,-1],[662,1],[797,1],[817,1],[841,-1],[964,-1],[971,1],[995,-1],[1032,-1],[1060,-1],[1066,-1],[1091,-1],[1107,-1],[1136,1],[1160,1]]","[7,29,18,34,41,85,31,47,83,10,15,19,76,58,14,38,65,48,33,46,56,71,75,64,22,39,97,86,87,53,99,42,16,79,60,12,17,13,26,92,73,95,78,9,40,98,82,90,36,49,84,11,69,52,51,81,0,2,1,20,5,89,8,28,57,74,32,54,50,4,43,80,70,59,44,61,3,23,37,27]","[143,179,132,184,167,105,142,153,137,169,159,191,187,119,162,180,164,158,198,196,150,190,113,131,189,118,163,110,171,111,106,168,127,104,146,109,172,175,103,117,181,173,115,185,194,193,144,134,125,145,141,120,123,166,114,170,126,100,152,122,156,101,135,177,139,130,148,161,149,124,188,192,138,154,140,157,147,112,136,183]",8cd49e42bd4484921817a7337007710946ea542aea165849ee91e0075b7d6652,80,1857540128,3358476866,"[930021,7,2,0,100,200,26]",373957393,4233183264,[5],"{""5"":0}"
S7,7,930022,100,0.6708203932499369,2,,0,0.1,62,43,"[5,11,22,38,73,112,116,178,188,194,199,209,231,251,260,286,302,321,325,376,394,423,489,490,499,507,514,521,598,619,659,662,729,752,758,995,1000,1023,1107,1160,1198,1234,1246]","[[5,-1],[11,-1],[22,1],[38,-1],[73,-1],[112,1],[116,1],[178,-1],[188,1],[194,1],[199,-1],[209,-1],[231,1],[251,-1],[260,1],[286,1],[302,1],[321,-1],[325,-1],[376,1],[394,-1],[423,1],[489,1],[490,-1],[499,1],[507,1],[514,1],[521,1],[598,1],[619,1],[659,1],[662,1],[729,-1],[752,1],[758,-1],[995,-1],[1000,-1],[1023,-1],[1107,-1],[1160,1],[1198,-1],[1234,-1],[1246,1]]","[34,26,55,9,74,33,41,3,61,62,32,53,76,50,44,45,16,1,51,73,94,81,19,5,28,59,25,0,56,48,70,86,99,95,87,77,27,47,58,68,2,91,89,13,67,30,40,72,52,84,97,36,85,79,65,88,92,69,63,82,42,98,49,75,96,38,46,80,83,14,18,22,17,23,66,64,78,20,31,37]","[140,154,135,175,167,155,194,191,180,104,130,134,193,151,182,197,172,158,117,170,139,171,183,114,107,145,105,115,161,169,181,168,113,147,187,152,188,174,122,173,190,186,144,131,198,146,199,119,156,138,126,124,162,160,164,132,195,178,141,106,123,153,166,125,133,116,109,196,179,129,148,149,108,150,110,177,192,184,118,143]",2af6b7c44336ae7267a5267e5fc58191389b904024e7b0591eb20e1cbf3e3b9a,80,3131134897,1680184874,"[930022,7,2,0,100,200,26]",1873629755,4233183264,[5],"{""5"":-1}"
S7,7,930023,100,0.6708203932499369,2,,0,0.3,112,91,"[5,35,38,40,51,53,73,77,84,91,101,112,114,115,118,142,149,178,189,204,209,226,249,251,267,271,277,287,291,310,318,324,337,357,361,376,432,455,469,486,514,517,555,561,575,611,614,615,655,662,672,734,738,779,785,797,803,805,848,850,859,867,891,905,927,928,948,995,1004,1021,1026,1041,1046,1054,1057,1075,1077,1084,1087,1089,1107,1115,1147,1154,1160,1172,1198,1201,1247,1261,1274]","[[5,1],[35,1],[38,-1],[40,1],[51,1],[53,1],[73,-1],[77,-1],[84,1],[91,1],[101,-1],[112,1],[114,-1],[115,-1],[118,-1],[142,1],[149,1],[178,-1],[189,1],[204,-1],[209,-1],[226,1],[249,-1],[251,-1],[267,1],[271,-1],[277,-1],[287,-1],[291,-1],[310,-1],[318,-1],[324,-1],[337,1],[357,-1],[361,1],[376,1],[432,1],[455,1],[469,1],[486,1],[514,1],[517,-1],[555,1],[561,-1],[575,-1],[611,1],[614,-1],[615,-1],[655,-1],[662,1],[672,-1],[734,1],[738,-1],[779,1],[785,1],[797,1],[803,1],[805,1],[848,1],[850,-1],[859,-1],[867,-1],[891,1],[905,1],[927,1],[928,-1],[948,-1],[995,-1],[1004,-1],[1021,-1],[1026,-1],[1041,-1],[1046,1],[1054,1],[1057,-1],[1075,-1],[1077,1],[1084,-1],[1087,-1],[1089,-1],[1107,-1],[1115,1],[1147,-1],[1154,1],[1160,1],[1172,-1],[1198,-1],[1201,1],[1247,-1],[1261,1],[1274,1]]","[80,85,17,6,16,30,20,12,41,91,60,28,64,45,93,38,67,71,37,61,40,95,29,75,76,44,32,56,74,25,31,59,43,15,87,57,55,98,46,77,7,35,9,81,54,5,70,33,73,86,96,52,11,92,1,83,8,79,0,62,50,68,27,94,2,82,72,4,3,53,21,88,23,47,48,18,69,51,66,34]","[188,145,190,175,113,199,197,147,140,196,144,109,165,101,116,141,156,106,138,139,100,118,194,184,168,198,134,178,149,111,135,158,170,195,189,155,130,105,110,104,142,169,107,180,137,192,191,161,131,132,152,115,148,153,136,128,167,179,176,157,122,171,187,163,183,172,120,112,177,181,182,186,174,119,102,173,117,160,159,129]",69c36bfb56b0d517414818fb79785cd7c77de97e130d6dab51a7f20e12198f86,80,3390437025,787558069,"[930023,7,2,0,100,200,26]",3969620751,4233183264,[5],"{""5"":1}"
S7,7,930024,100,0.6708203932499369,2,,0,0.0001,0,0,[],[],"[12,24,86,65,16,41,84,49,59,36,26,67,61,15,13,91,7,2,78,30,74,75,72,45,95,47,81,18,46,64,62,93,60,31,92,56,66,27,34,77,55,1,98,35,80,94,58,68,8,37,0,22,29,89,19,73,5,48,53,42,10,4,69,51,44,40,99,6,20,71,96,52,76,63,25,87,28,57,83,11]","[166,198,150,114,145,149,136,125,171,193,187,155,179,162,102,119,158,197,101,128,144,163,181,111,168,127,156,184,100,164,196,153,106,170,135,185,133,191,130,152,142,116,137,126,110,159,174,151,183,169,139,188,105,134,129,189,140,147,148,194,132,118,121,115,186,108,112,113,176,178,104,161,199,172,192,182,109,173,117,146]",6d69939e71f500f0fcd0549b7ea63f5bf5edc5af80fde8cb518cccc44cc16bc3,80,2713609032,1853414178,"[930024,7,2,0,100,200,26]",762931842,4233183264,[5],"{""5"":0}"
S7,7,930025,100,0.6708203932499369,2,,0,0.1,59,42,"[11,22,24,38,73,116,125,176,204,209,229,252,302,361,388,394,432,451,457,465,514,535,614,662,683,732,785,805,825,838,847,848,871,995,1004,1010,1029,1047,1066,1234,1265,1275]","[[11,-1],[22,1],[24,-1],[38,-1],[73,-1],[116,1],[125,-1],[176,-1],[204,-1],[209,-1],[229,1],[252,-1],[302,1],[361,1],[388,-1],[394,-1],[432,1],[451,1],[457,1],[465,-1],[514,1],[535,-1],[614,-1],[662,1],[683,-1],[732,1],[785,1],[805,1],[825,1],[838,-1],[847,1],[848,1],[871,-1],[995,-1],[1004,-1],[1010,1],[1029,1],[1047,1],[1066,-1],[1234,-1],[1265,1],[1275,1]]","[77,98,54,10,74,79,86,95,58,47,16,65,63,68,11,71,89,13,61,22,12,4,7,76,91,67,94,72,5,80,24,69,36,55,82,52,3,87,1,14,8,43,41,83,81,9,35,31,57,51,73,85,20,46,97,19,33,6,66,62,38,32,44,17,30,60,27,37,26,40,99,78,96,84,28,64,25,59,53,45]","[170,149,132,188,191,171,120,136,114,187,119,155,194,163,178,158,121,115,176,173,125,184,104,159,197,138,130,199,186,113,100,109,153,148,110,126,128,105,177,169,139,152,144,142,179,181,141,154,140,129,124,147,161,172,167,185,145,134,111,190,196,122,175,166,183,157,112,131,116,162,160,165,174,182,117,102,168,192,108,164]",51cba08ed291937ead6aada61215efc1b8740a7f15f6e864d0edc1f9f9600181,80,4110157794,860197526,"[930025,7,2,0,100,200,26]",1287695899,4233183264,[5],"{""5"":0}"
S7,7,930026,100,0.6708203932499369,2,,0,0.1,57,43,"[5,13,90,92,116,132,140,146,149,152,188,199,209,267,309,325,376,394,408,447,451,514,623,683,703,734,735,741,848,861,871,898,912,946,990,995,1029,1074,1084,1119,1198,1199,1200]","[[5,1],[13,-1],[90,1],[92,1],[116,1],[132,1],[140,-1],[146,1],[149,1],[152,-1],[188,1],[199,-1],[209,-1],[267,1],[309,1],[325,-1],[376,1],[394,-1],[408,-1],[447,1],[451,1],[514,1],[623,-1],[683,-1],[703,-1],[734,1],[735,1],[741,-1],[848,1],[861,-1],[871,-1],[898,-1],[912,1],[946,-1],[990,-1],[995,-1],[1029,1],[1074,-1],[1084,-1],[1119,1],[1198,-1],[1199,-1],[1200,1]]","[8,85,92,58,54,94,9,56,11,19,62,68,43,36,52,75,91,29,63,72,18,49,13,2,66,1,23,28,30,41,33,38,98,37,4,73,80,32,45,50,0,99,65,16,88,24,25,89,7,81,84,87,35,10,14,51,79,93,47,22,59,15,97,69,95,44,40,48,20,90,82,83,96,27,57,76,31,6,70,74]","[117,141,193,178,106,173,197,172,118,116,186,136,191,198,167,105,130,171,108,170,100,183,190,125,166,180,161,107,112,179,120,152,163,103,160,148,153,128,188,177,133,150,165,102,101,137,162,121,135,144,182,147,142,184,139,174,115,149,185,143,195,159,176,158,199,187,181,109,155,192,104,123,119,154,111,156,129,110,175,134]",4430707185b03f2c5de1340eb3ca099a3a382717cae5d1770330d47468f9e42d,80,1748351867,2127275422,"[930026,7,2,0,100,200,26]",2184977433,4233183264,[5],"{""5"":1}"
S7,7,930027,100,0.6708203932499369,2,,0,0.3,126,87,"[4,5,7,9,38,53,73,92,112,130,132,169,178,189,194,195,204,223,248,251,253,260,267,285,295,302,308,311,335,337,345,350,356,357,408,411,432,435,443,514,524,525,535,537,567,570,614,625,631,662,683,688,706,711,723,752,758,760,772,777,805,817,829,848,904,907,911,912,968,988,994,1029,1036,1084,1115,1123,1136,1160,1163,1173,1217,1234,1236,1252,1265,1271,1275]","[[4,-1],[5,1],[7,1],[9,-1],[38,-1],[53,1],[73,-1],[92,1],[112,1],[130,-1],[132,1],[169,1],[178,-1],[189,1],[194,1],[195,-1],[204,-1],[223,1],[248,-1],[251,-1],[253,-1],[260,1],[267,1],[285,-1],[295,-1],[302,1],[308,-1],[311,-1],[335,-1],[337,1],[345,1],[350,-1],[356,1],[357,-1],[408,-1],[411,-1],[432,1],[435,1],[443,1],[514,1],[524,-1],[525,-1],[535,-1],[537,-1],[567,1],[570,-1],[614,-1],[625,1],[631,-1],[662,1],[683,-1],[688,1],[706,1],[711,-1],[723,1],[752,1],[758,-1],[760,1],[772,-1],[777,1],[805,1],[817,1],[829,1],[848,1],[904,-1],[907,-1],[911,1],[912,1],[968,-1],[988,1],[994,1],[1029,1],[1036,1],[1084,-1],[1115,1],[1123,1],[1136,1],[1160,1],[1163,1],[1173,-1],[1217,1],[1234,-1],[1236,-1],[1252,1],[1265,1],[1271,-1],[1275,1]]","[19,24,59,37,81,28,12,53,17,2,56,51,3,39,50,75,54,27,14,66,8,1,41,72,89,49,87,93,18,10,26,83,78,97,64,65,5,23,86,96,6,21,34,76,88,16,25,61,70,69,99,15,68,62,31,44,32,92,7,60,45,9,35,36,79,38,11,63,57,46,84,95,67,80,29,85,91,74,0,43]","[187,152,127,122,125,183,196,132,118,178,181,167,157,113,169,184,193,106,102,109,175,159,144,135,104,172,134,162,166,136,110,160,128,197,151,182,150,176,143,120,165,154,155,137,190,145,130,141,163,179,129,192,191,124,188,173,138,148,174,123,126,103,121,164,168,115,161,100,180,108,171,101,186,199,107,194,198,139,177,158]",82e52a14a4d5f13f68551316cd02e2d4d95bc4177eafa190a16d7b0dc2fe1173,80,544253186,595865885,"[930027,7,2,0,100,200,26]",473808172,4233183264,[5],"{""5"":1}"
S7,7,930028,100,0.6708203932499369,2,,0,0.0001,0,0,[],[],"[60,47,15,71,77,80,94,29,43,89,72,63,30,57,59,2,12,97,78,42,16,20,49,85,98,61,1,36,25,83,84,6,90,9,18,4,52,55,48,39,56,51,41,32,26,37,50,70,0,28,88,13,23,91,38,62,58,82,64,27,7,31,87,93,69,45,34,24,76,44,17,86,67,96,75,8,10,22,65,19]","[195,169,126,124,145,178,134,183,184,108,188,116,121,197,125,180,185,138,142,187,199,189,147,190,113,115,150,117,132,139,194,144,164,186,152,159,193,172,171,167,165,173,149,107,101,182,120,140,127,109,179,103,137,110,114,196,161,162,136,131,106,128,198,133,192,111,105,130,168,118,123,157,181,155,177,158,151,191,143,148]",712853530400b04ba917bea9de264f677cd0c54958adb6a4783c5aeb7a280ea9,80,3094787201,4608128,"[930028,7,2,0,100,200,26]",2476270542,4233183264,[5],"{""5"":0}"
S7,7,930029,100,0.6708203932499369,2,,0,0.3,121,101,"[7,35,36,60,73,82,95,121,129,132,140,149,156,166,176,180,192,204,237,249,251,257,263,291,297,301,302,316,321,325,336,378,406,411,420,431,444,447,455,465,485,489,493,514,527,531,536,561,598,613,624,677,700,725,733,735,741,745,747,752,769,776,785,787,790,792,812,821,842,859,867,871,879,907,918,939,995,1006,1021,1037,1046,1064,1066,1069,1075,1103,1105,1147,1153,1154,1156,1159,1160,1161,1183,1198,1212,1223,1229,1261,1275]","[[7,1],[35,1],[36,1],[60,-1],[73,-1],[82,-1],[95,-1],[121,1],[129,-1],[132,1],[140,-1],[149,1],[156,-1],[166,1],[176,-1],[180,-1],[192,-1],[204,-1],[237,-1],[249,-1],[251,-1],[257,-1],[263,-1],[291,-1],[297,-1],[301,-1],[302,1],[316,-1],[321,-1],[325,-1],[336,1],[378,1],[406,-1],[411,-1],[420,-1],[431,-1],[444,-1],[447,1],[455,1],[465,-1],[485,1],[489,1],[493,1],[514,1],[527,-1],[531,1],[536,1],[561,-1],[598,1],[613,-1],[624,-1],[677,-1],[700,-1],[725,1],[733,-1],[735,1],[741,-1],[745,-1],[747,1],[752,1],[769,1],[776,-1],[785,1],[787,-1],[790,1],[792,-1],[812,-1],[821,1],[842,1],[859,-1],[867,-1],[871,-1],[879,1],[907,-1],[918,1],[939,-1],[995,-1],[1006,1],[1021,-1],[1037,-1],[1046,1],[1064,1],[1066,-1],[1069,1],[1075,-1],[1103,1],[1105,-1],[1147,-1],[1153,1],[1154,1],[1156,-1],[1159,1],[1160,1],[1161,-1],[1183,1],[1198,-1],[1212,1],[1223,1],[1229,1],[1261,1],[1275,1]]","[25,58,74,37,84,24,32,93,88,51,42,52,62,80,7,22,95,59,79,94,12,46,64,57,82,34,76,61,33,39,38,65,20,75,26,56,23,45,86,73,89,9,0,55,53,18,10,60,4,5,13,29,16,15,68,36,66,91,97,81,83,48,27,35,87,54,96,70,47,30,44,8,77,92,98,90,1,72,31,11]","[174,187,124,119,121,129,181,126,148,199,175,133,193,114,191,186,113,150,164,188,149,153,171,118,100,117,183,176,122,173,112,167,177,162,143,198,105,146,161,157,170,160,178,154,185,156,111,130,116,169,103,109,158,152,172,132,165,136,106,108,140,182,147,194,141,127,144,125,192,151,137,107,139,195,131,101,190,159,134,135]",f6199d103fd1bd7d1485848be57dfda5d0568792058b90f6f08d473c7dbe172e,80,13990457,2660557706,"[930029,7,2,0,100,200,26]",350527274,4233183264,[5],"{""5"":0}"
S7,7,930030,100,0.6708203932499369,2,,0,0.3,115,106,"[5,12,23,24,25,34,35,38,46,56,73,91,92,95,108,112,114,116,118,121,130,149,150,174,195,251,267,283,286,304,308,309,316,328,338,379,394,402,428,447,455,465,469,480,489,491,514,517,524,529,537,543,545,555,558,579,594,613,620,625,659,662,676,677,698,706,710,723,739,748,803,805,817,837,867,868,872,889,906,920,939,946,974,977,987,990,995,1010,1040,1047,1107,1127,1129,1161,1172,1173,1191,1198,1215,1232,1245,1247,1262,1264,1271,1275]","[[5,-1],[12,-1],[23,-1],[24,-1],[25,-1],[34,-1],[35,1],[38,-1],[46,1],[56,1],[73,-1],[91,1],[92,1],[95,-1],[108,-1],[112,1],[114,-1],[116,1],[118,-1],[121,1],[130,-1],[149,1],[150,1],[174,1],[195,-1],[251,-1],[267,1],[283,1],[286,1],[304,1],[308,-1],[309,1],[316,-1],[328,-1],[338,-1],[379,-1],[394,-1],[402,1],[428,-1],[447,1],[455,1],[465,-1],[469,1],[480,1],[489,1],[491,1],[514,1],[517,-1],[524,-1],[529,-1],[537,-1],[543,-1],[545,-1],[555,1],[558,1],[579,1],[594,1],[613,1],[620,1],[625,1],[659,1],[662,1],[676,1],[677,-1],[698,1],[706,1],[710,1],[723,1],[739,-1],[748,1],[803,1],[805,1],[817,1],[837,1],[867,-1],[868,1],[872,1],[889,-1],[906,1],[920,1],[939,-1],[946,-1],[974,-1],[977,-1],[987,-1],[990,-1],[995,-1],[1010,1],[1040,1],[1047,1],[1107,-1],[1127,1],[1129,1],[1161,-1],[1172,-1],[1173,-1],[1191,1],[1198,-1],[1215,1],[1232,-1],[1245,-1],[1247,-1],[1262,-1],[1264,1],[1271,-1],[1275,1]]","[32,75,55,49,81,50,69,59,53,56,72,36,61,89,54,15,95,31,40,30,64,17,85,58,5,24,68,12,90,74,77,26,29,76,34,16,6,13,84,42,37,99,83,93,51,67,62,11,66,27,35,19,65,97,91,10,94,46,3,70,79,96,21,0,22,44,8,33,45,71,98,41,4,43,80,2,78,73,20,23]","[133,132,167,168,163,165,162,166,112,114,178,194,164,154,181,125,144,190,175,102,131,179,161,180,115,105,136,134,157,148,130,170,147,123,152,198,106,137,120,143,188,191,160,199,108,151,109,158,138,149,129,189,187,150,159,116,103,184,113,171,197,156,126,124,196,145,104,141,173,128,119,122,110,186,153,146,111,135,183,118]",e75df19021c1dcc0dcc2b5e9699b1fc251286b9365123cb924f22c1c4545d1d3,80,2551253788,638148912,"[930030,7,2,0,100,200,26]",2503140579,4233183264,[5],"{""5"":-1}"
S7,7,930031,100,0.6708203932499369,2,,0,0.1,56,38,"[0,4,11,57,73,90,92,114,116,174,199,202,204,240,249,325,361,394,403,447,514,662,665,688,723,797,805,812,871,912,993,995,1004,1046,1178,1185,1249,1275]","[[0,1],[4,-1],[11,-1],[57,-1],[73,-1],[90,1],[92,1],[114,-1],[116,1],[174,1],[199,-1],[202,-1],[204,-1],[240,1],[249,-1],[325,-1],[361,1],[394,-1],[403,1],[447,1],[514,1],[662,1],[665,1],[688,1],[723,1],[797,1],[805,1],[812,-1],[871,-1],[912,1],[993,-1],[995,-1],[1004,-1],[1046,1],[1178,1],[1185,1],[1249,1],[1275,1]]","[59,90,97,57,58,43,94,45,60,25,84,34,10,35,70,24,77,72,7,36,86,11,26,76,16,80,41,63,48,8,87,30,4,49,64,68,42,93,91,29,21,40,96,3,19,53,47,82,18,2,44,52,20,61,98,79,89,33,9,0,65,13,38,22,14,78,74,51,66,12,46,1,81,83,39,88,5,6,54,92]","[177,183,170,108,133,178,155,153,154,167,192,112,150,119,131,164,172,146,186,185,138,123,136,198,134,171,135,179,130,174,180,141,156,181,114,126,162,129,113,151,103,110,122,152,160,165,149,127,120,187,144,176,193,125,115,147,195,197,175,196,163,194,145,158,189,188,106,199,100,184,191,132,102,107,105,109,118,182,111,139]",dc80f4895cd224c8c6b5f0cdf761b223ec122fb7007c9c30c64515a5339d8f5d,80,2379565538,832323784,"[930031,7,2,0,100,200,26]",3791530586,4233183264,[5],"{""5"":0}"
S7,7,930032,100,0.6708203932499369,2,,0,0.1,65,47,"[5,17,24,29,73,76,89,92,114,116,140,156,174,223,249,251,335,403,451,514,537,551,574,580,613,623,662,665,735,741,748,752,757,772,777,867,971,993,1087,1107,1110,1150,1161,1191,1201,1211,1233]","[[5,-1],[17,-1],[24,-1],[29,-1],[73,-1],[76,-1],[89,-1],[92,1],[114,-1],[116,1],[140,-1],[156,-1],[174,1],[223,1],[249,-1],[251,-1],[335,-1],[403,1],[451,1],[514,1],[537,-1],[551,1],[574,-1],[580,1],[613,-1],[623,-1],[662,1],[665,1],[735,1],[741,-1],[748,1],[752,1],[757,-1],[772,-1],[777,1],[867,-1],[971,1],[993,-1],[1087,-1],[1107,-1],[1110,-1],[1150,-1],[1161,-1],[1191,1],[1201,1],[1211,1],[1233,1]]","[97,83,69,9,81,13,17,37,28,32,22,68,99,36,65,56,70,41,31,11,52,7,43,54,98,44,79,23,66,12,30,46,94,1,82,96,10,87,35,45,14,21,73,60,63,47,4,19,72,49,90,53,33,78,27,80,0,93,24,6,71,88,95,38,5,91,25,86,2,76,29,75,89,26,39,50,59,74,34,85]","[172,173,100,137,181,138,180,176,107,102,157,152,163,150,142,120,195,177,146,151,129,125,135,174,194,168,124,153,175,110,179,145,114,143,167,197,183,187,108,139,101,199,192,127,185,198,103,106,164,160,118,171,170,182,141,134,123,132,140,158,169,154,161,105,189,133,191,148,165,131,109,121,117,196,186,149,147,156,122,119]",895b0eee056fb4e9e90260e66f019a2035da59728181f5bc0604da08a5a96371,80,2891117847,699624273,"[930032,7,2,0,100,200,26]",4193936208,4233183264,[5],"{""5"":-1}"
S7,7,930033,100,0.6708203932499369,2,,0,0.1,59,42,"[4,5,73,112,215,293,302,357,374,394,447,499,507,514,517,524,536,539,620,662,735,737,753,776,777,785,805,857,859,867,882,939,967,1074,1094,1124,1129,1136,1159,1160,1198,1240]","[[4,-1],[5,1],[73,-1],[112,1],[215,1],[293,-1],[302,1],[357,-1],[374,1],[394,-1],[447,1],[499,1],[507,1],[514,1],[517,-1],[524,-1],[536,1],[539,1],[620,1],[662,1],[735,1],[737,1],[753,1],[776,-1],[777,1],[785,1],[805,1],[857,1],[859,-1],[867,-1],[882,-1],[939,-1],[967,-1],[1074,-1],[1094,-1],[1124,-1],[1129,1],[1136,1],[1159,-1],[1160,1],[1198,-1],[1240,-1]]","[6,92,62,26,78,14,82,89,2,57,73,79,72,22,68,97,21,66,85,12,51,8,28,50,98,49,23,38,25,64,55,83,32,5,65,93,95,81,71,88,37,56,35,46,4,76,70,11,0,61,58,10,47,27,36,15,41,43,91,33,74,39,80,59,7,60,94,40,63,44,19,54,52,42,30,99,3,87,18,90]","[100,140,129,108,146,120,103,178,122,187,102,139,124,154,189,171,190,167,127,162,165,121,147,183,173,136,179,164,145,172,144,111,181,148,169,130,188,175,186,184,152,193,116,109,180,143,106,123,138,158,141,153,117,159,196,155,198,128,156,126,131,115,101,125,199,110,134,197,114,142,151,192,160,166,195,135,119,185,157,161]",5c6dee0c272a20f67f3d91ae7033e7a4611bcd256b7882b2f81f62f6043caaa3,80,3983370816,1778583003,"[930033,7,2,0,100,200,26]",226127939,4233183264,[5],"{""5"":1}"
S7,7,930034,100,0.6708203932499369,2,,0,0.0001,0,0,[],[],"[35,44,90,88,74,67,82,72,94,85,16,11,56,95,49,26,43,64,24,14,48,29,39,21,53,41,47,78,37,4,5,0,51,60,69,31,75,81,2,77,63,36,6,7,92,62,10,93,17,22,50,79,18,12,25,28,27,73,3,58,19,84,98,70,59,87,42,54,8,61,96,20,1,80,68,34,89,57,32,55]","[169,152,104,171,144,100,133,188,189,131,146,101,139,121,126,135,122,174,110,115,183,124,106,109,136,158,199,114,157,149,134,143,147,148,167,164,120,118,187,179,116,132,137,194,198,127,155,190,141,129,150,192,128,156,173,160,102,176,145,103,165,170,186,111,181,140,138,108,113,142,191,178,105,177,161,180,125,184,154,163]",91bc8446da0bb5cae7bf665af898aaa9b6b6a7b3824b13ddf377b50c18c5defe,80,3710451044,1528212219,"[930034,7,2,0,100,200,26]",3246519788,4233183264,[5],"{""5"":0}"
S7,7,930035,100,0.6708203932499369,2,,0,0.0001,0,0,[],[],"[85,51,50,53,40,99,26,67,6,41,65,33,58,55,45,78,28,54,97,49,73,4,71,60,36,76,56,38,82,0,64,31,92,68,25,7,17,16,9,81,69,21,14,1,10,27,32,43,75,96,11,66,52,79,62,88,46,87,86,23,2,34,94,5,57,44,3,15,61,63,59,12,13,91,90,18,70,93,48,29]","[119,137,160,122,178,133,171,107,173,196,168,151,165,136,124,154,130,140,115,162,182,184,108,110,103,150,161,172,156,120,139,183,188,147,158,149,144,191,105,112,141,114,135,155,111,134,190,126,106,104,125,102,174,116,117,194,199,181,170,142,197,113,153,163,166,186,138,132,192,152,189,159,143,164,129,157,100,169,195,175]",fcf3f84a2fc5fd3663736ec3482181cc7f0f42d3d911ac5ddff4b720584054aa,80,364157444,4201116968,"[930035,7,2,0,100,200,26]",2261610834,4233183264,[5],"{""5"":0}"
S7,7,930036,100,0.6708203932499369,2,,0,0.1,57,37,"[18,43,73,116,204,251,326,329,394,402,408,431,455,512,514,536,587,667,683,710,723,740,785,795,805,848,904,917,939,942,976,995,1066,1160,1183,1198,1271]","[[18,-1],[43,-1],[73,-1],[116,1],[204,-1],[251,-1],[326,-1],[329,1],[394,-1],[402,1],[408,-1],[431,-1],[455,1],[512,-1],[514,1],[536,1],[587,-1],[667,1],[683,-1],[710,1],[723,1],[740,1],[785,1],[795,-1],[805,1],[848,1],[904,-1],[917,-1],[939,-1],[942,-1],[976,-1],[995,-1],[1066,-1],[1160,1],[1183,1],[1198,-1],[1271,-1]]","[44,52,94,32,24,66,8,7,63,43,72,34,57,45,46,50,90,85,35,78,61,86,21,82,98,73,26,40,74,67,22,65,1,30,10,53,97,55,9,68,79,81,28,62,70,37,23,96,5,36,13,80,89,93,25,0,47,49,77,60,15,48,38,18,76,56,88,16,31,87,42,3,29,64,59,71,17,12,58,92]","[105,117,171,169,189,114,106,152,153,178,175,108,190,198,126,192,124,132,183,166,194,176,113,103,177,137,151,172,197,141,116,188,139,135,143,131,181,193,167,155,163,118,100,162,191,119,179,115,168,127,101,154,111,173,157,170,184,144,125,199,185,102,182,187,196,109,145,158,121,147,133,112,122,195,128,160,110,186,161,150]",365453b80e087643028ea1ffb16e8639318214b62ad68836b02f07d78f355a6f,80,2179538888,4202798280,"[930036,7,2,0,100,200,26]",8409304,4233183264,[5],"{""5"":0}"
S7,7,930037,100,0.6708203932499369,2,,0,0.1,63,40,"[2,7,13,22,73,90,99,112,195,204,208,252,325,522,524,535,598,676,723,735,748,777,797,803,848,867,889,898,907,931,990,995,1041,1062,1084,1150,1160,1163,1177,1261]","[[2,-1],[7,1],[13,-1],[22,1],[73,-1],[90,1],[99,1],[112,1],[195,-1],[204,-1],[208,-1],[252,-1],[325,-1],[522,-1],[524,-1],[535,-1],[598,1],[676,1],[723,1],[735,1],[748,1],[777,1],[797,1],[803,1],[848,1],[867,-1],[889,-1],[898,-1],[907,-1],[931,1],[990,-1],[995,-1],[1041,-1],[1062,-1],[1084,-1],[1150,-1],[1160,1],[1163,1],[1177,-1],[1261,1]]","[21,82,34,91,95,58,19,81,74,2,65,72,60,86,51,48,99,92,7,62,49,8,11,70,77,25,13,40,43,66,78,53,93,67,39,85,57,64,68,44,32,9,71,37,73,18,47,97,1,80,84,33,89,76,94,63,54,20,98,23,27,59,28,15,30,90,12,0,69,5,56,26,42,46,22,14,16,55,29,41]","[116,139,107,197,165,123,146,119,152,159,186,121,196,153,128,156,120,151,108,188,102,127,195,183,135,130,178,142,145,168,198,105,125,124,157,169,129,138,185,106,164,177,144,199,162,182,192,180,194,147,100,175,104,133,113,163,158,101,148,143,122,187,167,150,181,160,137,171,111,154,184,141,126,190,136,109,172,161,179,132]",c20af377f4bbc1b44cbe4efdf00d96220f3249b1cd7f1344771a9140349d9eca,80,1383017897,718987699,"[930037,7,2,0,100,200,26]",289803655,4233183264,[5],"{""5"":0}"
S7,7,930038,100,0.6708203932499369,2,,0,0.0001,0,0,[],[],"[87,20,84,79,57,32,49,64,70,5,2,25,82,91,7,3,52,8,76,98,69,90,35,83,26,27,36,37,40,4,58,72,67,71,6,45,86,89,95,34,38,31,9,92,11,28,24,16,33,63,65,48,55,99,30,42,77,15,61,73,50,23,44,14,10,75,78,88,41,96,0,17,19,56,12,21,60,39,43,81]","[162,101,133,111,126,180,137,109,102,196,125,140,118,167,136,163,165,103,188,123,151,173,124,127,108,189,129,168,169,149,159,134,120,172,146,186,113,147,117,142,158,195,121,116,119,115,141,106,152,164,179,132,145,187,100,139,178,155,194,197,174,181,170,192,160,130,191,148,143,114,112,110,161,135,183,105,128,153,185,156]",d4fc58c12d9cbbf89534269f917453c7ba2510ccd44f9ca65190d205a8f5b209,80,2872084931,2710303370,"[930038,7,2,0,100,200,26]",3401372069,4233183264,[5],"{""5"":0}"
S7,7,930039,100,0.6708203932499369,2,,0,0.0001,0,0,[],[],"[6,70,39,33,44,55,85,16,42,0,20,27,74,53,79,34,96,98,35,86,95,28,13,87,93,8,89,88,17,30,77,32,80,40,59,38,51,19,62,14,50,45,4,9,31,12,52,5,99,90,60,92,69,68,67,78,46,54,47,64,2,65,1,91,15,97,57,81,25,41,73,56,29,63,84,37,24,58,22,11]","[157,120,163,112,126,135,153,168,152,185,155,130,191,129,161,183,195,132,156,107,102,192,136,134,154,109,139,118,172,113,119,164,176,140,177,159,194,199,173,190,137,142,170,148,124,114,116,186,189,111,104,146,197,149,184,125,101,108,121,180,123,165,131,128,141,162,106,171,187,193,188,143,169,178,196,166,151,179,181,110]",660a31448b6a7dd3244f83ada6b505b864bdb131c6a309010c202f661e3ff750,80,2298459072,75841789,"[930039,7,2,0,100,200,26]",2683481362,4233183264,[5],"{""5"":0}"
S7,7,930040,100,0.6708203932499369,2,,0,0.3,117,94,"[5,13,24,29,40,53,73,90,112,116,129,154,164,172,178,195,215,219,226,235,239,240,257,267,294,302,316,371,394,401,403,406,447,451,465,493,514,524,529,536,544,564,607,609,626,662,667,697,700,719,720,725,748,752,761,797,803,805,838,848,867,871,877,879,883,897,907,912,919,921,941,971,974,977,981,989,1002,1016,1029,1031,1046,1047,1060,1066,1107,1163,1174,1191,1198,1199,1229,1247,1265,1272]","[[5,-1],[13,-1],[24,-1],[29,1],[40,1],[53,1],[73,-1],[90,1],[112,1],[116,1],[129,-1],[154,-1],[164,-1],[172,1],[178,-1],[195,-1],[215,1],[219,-1],[226,1],[235,-1],[239,1],[240,1],[257,-1],[267,1],[294,1],[302,1],[316,-1],[371,-1],[394,-1],[401,1],[403,1],[406,-1],[447,1],[451,1],[465,-1],[493,1],[514,1],[524,-1],[529,-1],[536,1],[544,-1],[564,1],[607,1],[609,1],[626,1],[662,1],[667,1],[697,-1],[700,-1],[719,-1],[720,-1],[725,1],[748,1],[752,1],[761,-1],[797,1],[803,1],[805,1],[838,-1],[848,1],[867,-1],[871,-1],[877,-1],[879,1],[883,1],[897,-1],[907,-1],[912,1],[919,1],[921,1],[941,1],[971,1],[974,-1],[977,-1],[981,-1],[989,-1],[1002,1],[1016,-1],[1029,1],[1031,-1],[1046,1],[1047,1],[1060,-1],[1066,-1],[1107,-1],[1163,1],[1174,1],[1191,1],[1198,-1],[1199,-1],[1229,1],[1247,-1],[1265,1],[1272,1]]","[96,18,5,39,95,52,15,13,6,97,49,65,89,8,12,38,4,68,99,17,30,29,20,92,56,69,35,43,21,26,10,62,90,71,41,24,59,50,31,42,34,86,9,79,74,22,16,32,28,51,54,58,61,27,77,80,45,75,33,70,11,3,14,57,2,85,19,44,88,37,55,1,81,64,67,0,84,94,48,36]","[157,145,127,182,184,160,117,140,199,173,151,176,121,100,152,111,115,170,105,154,116,136,112,166,191,103,119,131,142,197,162,138,102,161,134,120,168,133,150,178,169,118,180,129,185,163,101,132,188,194,135,106,164,179,122,148,126,192,193,124,174,177,195,153,104,143,198,144,187,196,125,109,171,108,183,172,141,186,128,167]",e46b5397e32842519195d066ed8a38afa83f6064bd509a84d92ad540fd068b53,80,43624796,4169227240,"[930040,7,2,0,100,200,26]",1185609772,4233183264,[5],"{""5"":-1}"
S7,7,930041,100,0.6708203932499369,2,,0,0.1,48,43,"[4,5,7,11,34,73,95,112,116,132,140,169,178,195,209,231,237,245,249,251,282,315,361,394,420,443,524,662,683,718,723,734,848,931,994,995,1004,1021,1032,1124,1152,1173,1265]","[[4,-1],[5,-1],[7,1],[11,-1],[34,-1],[73,-1],[95,-1],[112,1],[116,1],[132,1],[140,-1],[169,1],[178,-1],[195,-1],[209,-1],[231,1],[237,-1],[245,1],[249,-1],[251,-1],[282,1],[315,-1],[361,1],[394,-1],[420,-1],[443,1],[524,-1],[662,1],[683,-1],[718,1],[723,1],[734,1],[848,1],[931,1],[994,1],[995,-1],[1004,-1],[1021,-1],[1032,-1],[1124,-1],[1152,-1],[1173,-1],[1265,1]]","[81,13,91,96,24,4,43,25,48,38,80,34,44,33,1,73,19,88,9,79,87,84,17,11,18,42,58,93,59,94,12,30,32,63,16,26,45,50,77,82,20,39,71,8,10,90,95,69,62,70,28,7,35,57,40,22,72,46,6,92,76,3,49,27,21,14,85,15,64,98,0,61,67,97,55,52,54,41,5,89]","[134,188,184,110,178,154,139,162,126,150,149,165,128,166,109,145,180,121,169,190,170,116,185,159,181,197,130,191,104,102,161,175,129,113,143,160,118,112,136,189,115,174,119,142,105,192,193,148,108,125,117,158,156,123,199,155,182,103,140,120,172,146,163,111,152,183,107,153,194,141,195,176,127,132,124,100,147,171,106,122]",f42536fa4bf922ec30e69271240a2183ccf0c1aa8c3cbb2838f8ff274bee7a7e,80,772929392,62308741,"[930041,7,2,0,100,200,26]",3630456063,4233183264,[5],"{""5"":-1}"
S7,7,930042,100,0.6708203932499369,2,,0,0.1,54,37,"[5,10,73,91,112,114,118,130,152,178,204,252,267,269,394,465,487,524,531,537,599,734,803,867,930,945,978,995,1007,1010,1041,1046,1066,1129,1160,1217,1265]","[[5,1],[10,-1],[73,-1],[91,1],[112,1],[114,-1],[118,-1],[130,-1],[152,-1],[178,-1],[204,-1],[252,-1],[267,1],[269,-1],[394,-1],[465,-1],[487,1],[524,-1],[531,1],[537,-1],[599,1],[734,1],[803,1],[867,-1],[930,1],[945,1],[978,1],[995,-1],[1007,1],[1010,1],[1041,-1],[1046,1],[1066,-1],[1129,1],[1160,1],[1217,1],[1265,1]]","[99,65,80,23,44,54,69,55,79,72,6,97,67,20,42,58,63,24,51,28,78,98,96,94,89,14,2,70,19,49,5,7,16,82,87,93,31,35,66,81,21,29,13,10,9,4,46,75,84,33,85,88,50,47,76,52,53,12,39,86,26,91,27,57,68,56,8,22,15,32,90,11,34,61,18,41,43,60,95,62]","[178,144,176,113,195,106,124,138,177,151,170,199,184,155,165,157,104,173,179,122,111,107,168,186,174,153,198,188,140,181,109,110,172,161,123,145,167,180,116,118,132,102,139,143,152,142,175,114,193,112,171,135,191,115,125,187,166,182,160,162,185,130,129,148,103,137,136,197,163,156,108,189,147,183,141,128,117,194,159,169]",ca3026443d397b64b04551c566b2d74afa7a5a4919ec50abe8db5679a19e595c,80,2105178432,2046903690,"[930042,7,2,0,100,200,26]",2522384507,4233183264,[5],"{""5"":1}"
S7,7,930043,100,0.6708203932499369,2,,0,0.0001,0,0,[],[],"[86,54,73,90,14,34,32,38,30,10,22,27,26,42,47,12,37,60,77,2,93,17,67,16,9,39,68,69,63,41,44,72,56,40,81,33,35,75,64,92,66,5,28,61,55,43,3,99,57,89,96,58,82,62,36,74,78,95,29,1,13,76,11,53,51,25,31,45,0,80,88,15,46,50,94,98,79,18,70,85]","[182,166,172,181,143,103,197,105,157,165,150,155,171,137,138,168,184,177,116,186,146,160,101,156,187,153,126,148,142,147,149,144,161,174,189,107,178,117,170,185,104,192,111,131,198,173,176,163,194,188,190,124,113,140,106,108,179,183,136,133,196,145,130,100,118,114,193,191,125,141,199,167,123,162,110,120,139,135,158,152]",53f0d258ba273dc3f6f438f3075977c13458011de4bccdf9836eb804c81f8760,80,1354794225,4077394275,"[930043,7,2,0,100,200,26]",2555319900,4233183264,[5],"{""5"":0}"
S7,7,930044,100,0.6708203932499369,2,,0,0.0001,0,0,[],[],"[65,3,21,91,47,58,63,17,26,94,46,84,61,39,59,22,77,96,71,4,98,92,6,38,76,97,15,28,66,72,31,37,45,10,7,88,1,20,9,5,52,54,49,80,12,90,74,25,27,78,41,24,35,55,19,75,43,14,60,48,64,32,56,83,73,8,68,89,87,69,95,11,42,36,79,53,23,2,33,85]","[106,147,130,120,166,150,146,189,171,172,174,153,139,167,169,110,118,144,117,164,143,163,105,108,113,156,126,123,109,114,199,125,158,170,175,134,107,132,122,178,124,127,149,162,116,190,140,111,112,103,168,176,128,198,185,151,101,159,161,186,137,104,145,138,197,136,152,100,187,194,192,180,115,183,191,154,188,148,181,121]",d2be64fb6bf96e5cff41702181a3cacbfd95e4b3bc1203391e9f5542a4b20b18,80,1296514206,2978814105,"[930044,7,2,0,100,200,26]",3097721623,4233183264,[5],"{""5"":0}"
S7,7,930045,100,0.6708203932499369,2,,0,0.1,51,42,"[35,73,83,90,94,103,112,146,162,178,183,195,199,204,231,237,251,257,267,298,302,394,497,514,524,662,692,729,742,777,803,837,848,871,920,1004,1022,1163,1195,1226,1234,1276]","[[35,1],[73,-1],[83,-1],[90,1],[94,1],[103,1],[112,1],[146,1],[162,-1],[178,-1],[183,-1],[195,-1],[199,-1],[204,-1],[231,1],[237,-1],[251,-1],[257,-1],[267,1],[298,1],[302,1],[394,-1],[497,-1],[514,1],[524,-1],[662,1],[692,-1],[729,-1],[742,1],[777,1],[803,1],[837,1],[848,1],[871,-1],[920,1],[1004,-1],[1022,1],[1163,1],[1195,1],[1226,1],[1234,-1],[1276,-1]]","[10,94,59,61,28,96,4,39,83,37,87,51,6,65,41,90,56,46,25,57,52,16,98,67,45,26,35,86,7,19,32,0,17,97,3,68,11,66,72,1,36,69,49,60,27,95,30,18,76,99,74,64,2,89,22,31,12,40,21,50,42,44,63,15,34,23,13,80,91,53,5,54,81,55,84,33,75,43,77,24]","[124,133,185,121,169,163,171,126,149,192,129,160,127,153,151,118,150,157,195,113,132,182,159,109,175,134,144,184,123,103,115,186,198,196,143,180,161,138,152,162,189,125,173,190,130,188,178,106,166,107,170,148,112,142,139,110,100,120,105,136,187,119,116,164,155,114,141,174,197,194,101,117,111,145,199,102,181,177,140,128]",b2c75765ff363a5e125e3787a5e58b4ffb59ebfc9d284ab3eb1b92510fec8514,80,1273865118,1359025947,"[930045,7,2,0,100,200,26]",3993409732,4233183264,[5],"{""5"":0}"
S7,7,930046,100,0.6708203932499369,2,,0,0.1,48,37,"[5,12,22,36,73,90,114,209,252,257,314,394,512,514,598,620,662,676,723,739,755,761,844,848,867,871,995,1048,1084,1107,1115,1133,1136,1150,1173,1199,1271]","[[5,-1],[12,-1],[22,1],[36,1],[73,-1],[90,1],[114,-1],[209,-1],[252,-1],[257,-1],[314,-1],[394,-1],[512,-1],[514,1],[598,1],[620,1],[662,1],[676,1],[723,1],[739,-1],[755,-1],[761,-1],[844,-1],[848,1],[867,-1],[871,-1],[995,-1],[1048,1],[1084,-1],[1107,-1],[1115,1],[1133,-1],[1136,1],[1150,-1],[1173,-1],[1199,-1],[1271,-1]]","[71,98,84,57,40,6,99,89,82,23,21,69,17,35,5,22,59,20,46,85,87,68,52,2,31,8,79,72,32,25,58,73,1,49,50,33,97,77,11,67,54,9,29,19,10,78,70,7,15,14,86,44,45,94,37,75,34,53,42,38,61,81,74,91,93,60,4,83,63,41,43,64,56,13,30,26,12,65,51,80]","[124,107,135,106,156,161,172,153,116,104,100,185,174,115,193,145,186,151,113,119,121,159,122,143,118,160,154,112,147,162,173,170,191,137,141,146,178,101,188,140,158,176,128,184,163,126,144,114,164,192,171,177,103,150,142,134,196,117,130,167,179,175,181,190,152,120,155,133,105,109,180,195,197,157,102,129,127,111,148,199]",000336f1b4bd036645eacac5fe50d12435c21fd7943c6f0ab47dedd52f3ab6d5,80,3985683795,136440033,"[930046,7,2,0,100,200,26]",80315681,4233183264,[5],"{""5"":-1}"
S7,7,930047,100,0.6708203932499369,2,,0,0.0001,0,0,[],[],"[22,51,21,69,85,10,0,77,90,78,30,71,54,32,52,23,31,13,76,34,75,73,45,25,49,2,97,15,28,3,42,41,86,55,9,89,40,16,47,99,66,48,12,60,92,43,4,63,93,87,5,8,14,53,24,67,59,65,61,81,46,94,91,6,35,56,18,7,83,1,26,50,17,11,58,64,39,80,68,70]","[136,117,126,110,173,163,145,165,147,184,108,166,118,196,107,162,174,177,111,167,131,120,156,113,142,115,106,157,170,176,198,137,151,141,144,132,191,169,143,109,179,161,121,149,175,103,119,114,193,152,134,139,138,158,187,105,146,159,123,171,194,101,197,122,186,160,164,195,168,135,183,150,104,100,199,189,129,192,130,112]",231a5ad1ced9a81ff9bf386991bf0a8ccf027597422f6572a9df22ddaf29b323,80,495250951,2711003630,"[930047,7,2,0,100,200,26]",2673317184,4233183264,[5],"{""5"":0}"
S7,7,930048,100,0.6708203932499369,2,,0,0.1,59,47,"[7,24,43,56,73,108,114,116,149,174,183,195,199,209,239,240,259,266,286,308,394,408,427,447,485,489,514,517,521,536,598,624,662,723,734,787,810,871,974,995,1000,1004,1150,1211,1222,1223,1228]","[[7,1],[24,-1],[43,-1],[56,1],[73,-1],[108,-1],[114,-1],[116,1],[149,1],[174,1],[183,-1],[195,-1],[199,-1],[209,-1],[239,1],[240,1],[259,-1],[266,1],[286,1],[308,-1],[394,-1],[408,-1],[427,-1],[447,1],[485,1],[489,1],[514,1],[517,-1],[521,1],[536,1],[598,1],[624,-1],[662,1],[723,1],[734,1],[787,-1],[810,1],[871,-1],[974,-1],[995,-1],[1000,-1],[1004,-1],[1150,-1],[1211,1],[1222,-1],[1223,1],[1228,1]]","[17,3,30,34,82,37,68,99,75,67,69,25,64,52,89,86,84,79,53,80,18,0,55,19,16,22,78,24,36,35,62,33,31,98,15,11,91,13,88,49,14,9,26,4,54,81,87,93,47,83,41,28,94,27,77,73,43,1,60,45,90,70,71,8,57,92,7,72,51,61,56,2,29,66,40,44,6,63,38,32]","[198,177,160,119,133,181,172,113,159,127,145,136,139,125,117,149,158,150,168,184,121,148,138,140,120,197,163,131,193,196,170,192,183,171,111,175,167,122,110,152,186,189,126,141,194,147,187,128,191,155,130,124,195,112,143,108,123,116,129,144,118,180,135,169,154,100,104,132,151,153,101,157,134,178,161,109,146,185,165,162]",df093a0813c68e2df44d3b5e694b000058e1c9edf2f3421bd061a4fa3b996f2b,80,3499312291,1166145698,"[930048,7,2,0,100,200,26]",2570239881,4233183264,[5],"{""5"":0}"
S7,7,930049,100,0.6708203932499369,2,,0,0.0001,0,0,[],[],"[65,7,26,36,89,92,91,53,18,86,20,42,46,83,62,17,23,57,60,63,78,59,95,97,64,58,74,9,29,0,77,34,8,11,33,61,48,21,16,71,45,66,25,50,30,99,80,96,31,35,40,84,37,15,54,4,75,56,68,85,2,52,14,47,41,44,27,1,69,87,12,13,81,79,19,76,51,28,22,43]","[159,179,145,127,121,151,155,185,153,164,194,101,116,161,188,190,141,181,158,180,174,162,199,143,156,105,106,172,126,108,186,113,137,118,195,119,122,171,112,123,128,136,198,131,182,142,175,115,146,130,100,144,165,187,110,103,154,177,149,129,132,138,148,168,176,150,120,166,184,196,152,104,170,124,183,192,139,178,109,111]",e72265c2f17c0b1f615d4b217f60fa04bd69dfbc080ee747acd173a20e15531e,80,3722309446,1315387623,"[930049,7,2,0,100,200,26]",2579522392,4233183264,[5],"{""5"":0}"
S7,7,930050,100,0.6708203932499369,2,,0,0.3,117,97,"[5,12,17,22,35,60,61,73,90,109,111,114,116,140,142,149,195,204,215,226,231,235,242,249,251,267,308,329,346,351,394,403,420,423,428,431,445,450,466,498,502,504,514,524,529,532,546,607,623,651,654,659,662,665,683,711,748,752,798,805,817,821,842,848,872,881,905,907,908,912,935,945,978,995,1000,1002,1004,1046,1066,1100,1107,1110,1125,1150,1161,1195,1198,1201,1212,1216,1229,1234,1240,1250,1255,1260,1265]","[[5,1],[12,-1],[17,-1],[22,1],[35,1],[60,-1],[61,-1],[73,-1],[90,1],[109,-1],[111,1],[114,-1],[116,1],[140,-1],[142,1],[149,1],[195,-1],[204,-1],[215,1],[226,1],[231,1],[235,-1],[242,1],[249,-1],[251,-1],[267,1],[308,-1],[329,1],[346,-1],[351,-1],[394,-1],[403,1],[420,-1],[423,1],[428,-1],[431,-1],[445,-1],[450,1],[466,-1],[498,-1],[502,-1],[504,-1],[514,1],[524,-1],[529,-1],[532,-1],[546,-1],[607,1],[623,-1],[651,1],[654,1],[659,1],[662,1],[665,1],[683,-1],[711,-1],[748,1],[752,1],[798,1],[805,1],[817,1],[821,1],[842,1],[848,1],[872,1],[881,1],[905,1],[907,-1],[908,-1],[912,1],[935,1],[945,1],[978,1],[995,-1],[1000,-1],[1002,1],[1004,-1],[1046,1],[1066,-1],[1100,1],[1107,-1],[1110,-1],[1125,-1],[1150,-1],[1161,-1],[1195,1],[1198,-1],[1201,1],[1212,1],[1216,-1],[1229,1],[1234,-1],[1240,-1],[1250,-1],[1255,-1],[1260,1],[1265,1]]","[33,72,14,97,88,90,96,86,42,84,71,15,93,79,70,95,89,37,1,68,51,85,64,6,50,82,45,55,62,9,47,65,0,22,27,66,41,81,7,57,24,26,31,35,94,52,98,30,28,13,12,39,61,74,23,83,21,59,16,77,8,75,49,40,17,46,10,29,91,80,36,3,54,34,11,25,38,2,5,78]","[165,108,154,194,198,103,124,163,137,179,177,127,159,140,173,102,129,167,166,171,144,158,195,145,162,199,119,188,111,182,150,113,186,109,107,157,142,135,138,175,131,169,180,110,101,191,161,174,181,130,136,184,122,116,143,176,187,120,105,114,197,170,153,190,189,185,115,146,164,196,183,125,193,132,141,155,126,151,112,100]",cd512f6642183f45242eedfa5108f709fc1cfe094746088c8f0b7ff3cd1e6aa7,80,1564646377,734936294,"[930050,7,2,0,100,200,26]",872975057,4233183264,[5],"{""5"":1}"
S7,7,930051,100,0.6708203932499369,2,,0,0.1,61,47,"[4,5,7,11,22,53,73,112,114,116,130,149,166,195,204,209,249,256,257,267,297,387,394,396,423,431,485,529,546,594,614,662,667,723,735,797,848,948,987,995,1004,1021,1076,1129,1198,1261,1274]","[[4,-1],[5,-1],[7,1],[11,-1],[22,1],[53,1],[73,-1],[112,1],[114,-1],[116,1],[130,-1],[149,1],[166,1],[195,-1],[204,-1],[209,-1],[249,-1],[256,1],[257,-1],[267,1],[297,-1],[387,-1],[394,-1],[396,1],[423,1],[431,-1],[485,1],[529,-1],[546,-1],[594,1],[614,-1],[662,1],[667,1],[723,1],[735,1],[797,1],[848,1],[948,-1],[987,-1],[995,-1],[1004,-1],[1021,-1],[1076,1],[1129,1],[1198,-1],[1261,1],[1274,1]]","[69,90,97,51,4,38,42,11,93,43,14,31,17,92,74,60,35,98,19,82,29,71,57,41,21,26,8,24,68,37,27,62,36,95,56,99,25,46,16,40,12,76,33,1,73,87,58,22,0,15,64,28,91,50,45,83,53,49,67,55,84,34,10,65,81,80,30,47,6,66,70,48,9,72,79,32,78,59,18,88]","[182,156,198,112,106,105,179,187,164,131,120,103,190,137,118,180,157,154,174,144,117,188,102,193,135,161,178,115,130,101,184,100,127,119,158,172,149,133,136,108,199,126,145,192,191,142,140,197,134,132,114,141,138,170,186,167,169,166,111,116,196,175,152,148,151,129,177,159,143,181,155,165,171,139,150,122,109,113,168,121]",376bf49b7ba5c8696825e6e29fb59d963e1c3b33574b56dcbfdf48685a5d6bb7,80,376785372,1122406882,"[930051,7,2,0,100,200,26]",1506427431,4233183264,[5],"{""5"":-1}"
S7,7,930052,100,0.6708203932499369,2,,0,0.0001,0,0,[],[],"[85,34,73,16,39,95,84,79,54,32,68,3,29,64,70,4,21,92,12,25,97,2,47,9,36,94,42,11,52,71,45,19,26,18,5,41,58,7,83,24,81,28,40,72,82,75,63,57,13,93,1,60,91,96,48,53,66,23,61,27,8,65,74,14,46,22,31,99,59,80,62,15,51,88,77,76,35,49,10,50]","[193,117,188,145,148,123,189,152,104,135,197,112,130,114,139,136,157,158,179,177,153,138,192,116,124,191,105,119,147,120,172,149,160,168,155,159,111,137,133,150,165,106,107,178,103,129,109,132,142,143,164,122,183,126,180,101,199,102,115,173,125,194,186,181,185,141,190,176,161,156,187,195,108,151,144,196,121,140,169,146]",51a352ed8c47bdca1f9fb600c198a6146d28081284ecc461b7c752d70d33fb1a,80,2476379413,3710349783,"[930052,7,2,0,100,200,26]",2740088961,4233183264,[5],"{""5"":0}"
S7,7,930053,100,0.6708203932499369,2,,0,0.0001,0,0,[],[],"[47,42,11,53,71,31,50,9,34,51,68,0,67,98,69,21,2,38,52,15,40,64,1,82,24,94,29,83,73,44,14,80,95,10,25,55,33,26,30,59,60,72,92,89,45,43,99,66,86,97,13,65,22,32,85,77,6,12,20,5,63,70,16,7,88,58,27,81,96,78,48,37,46,90,49,28,19,35,79,57]","[119,138,171,169,158,195,157,142,196,189,132,135,146,150,166,197,129,110,144,113,131,101,143,134,186,182,116,107,192,174,102,191,172,106,141,120,140,170,126,180,109,153,156,160,198,188,123,187,111,161,149,103,167,173,163,159,185,162,128,177,190,165,105,125,139,115,114,117,152,176,118,136,168,193,145,100,124,137,181,127]",7e9bb9a6574b96f12995234a950563f065a4d665121f14870f0b008c272b9381,80,3591923513,3596786336,"[930053,7,2,0,100,200,26]",1451925792,4233183264,[5],"{""5"":0}"
S7,7,930054,100,0.6708203932499369,2,,0,0.0001,0,0,[],[],"[39,62,42,16,31,27,68,8,89,55,9,65,67,49,13,11,0,82,25,92,71,1,72,77,70,21,51,53,28,87,32,46,97,85,3,34,19,5,60,95,54,38,73,86,96,50,10,30,61,45,90,56,24,66,7,2,17,35,74,4,93,81,47,59,6,80,64,22,14,48,63,43,52,76,40,79,98,99,41,18]","[153,128,144,122,110,137,178,112,106,177,195,100,198,124,159,150,172,151,127,163,192,114,170,133,184,194,189,140,138,165,161,154,191,101,120,173,136,167,155,141,197,175,157,171,149,113,123,190,185,117,109,107,148,169,145,129,186,196,125,105,188,179,132,187,130,111,115,118,116,168,147,142,166,119,199,181,121,102,126,176]",ba6fe8ada76c0a9bd6b403a33912e5522621362f86b75c69ea313563bee38465,80,1060664763,468987021,"[930054,7,2,0,100,200,26]",3250069449,4233183264,[5],"{""5"":0}"
S7,7,930055,100,0.6708203932499369,2,,0,0.0001,0,0,[],[],"[32,63,33,27,66,30,43,51,84,17,13,9,3,11,24,95,48,38,77,21,60,54,8,81,22,69,73,57,36,58,64,31,89,37,25,23,29,41,98,35,16,62,85,5,49,40,99,26,61,93,1,2,83,76,75,20,86,79,0,28,14,10,74,88,71,39,91,94,45,92,19,72,78,47,65,56,80,18,90,53]","[184,141,112,122,101,191,123,115,196,137,167,105,173,140,165,168,107,172,138,143,152,155,121,127,189,113,125,164,117,128,145,144,109,102,135,136,182,161,126,106,188,192,154,176,158,180,146,129,177,186,198,190,120,150,116,119,153,169,151,114,181,179,103,147,130,187,197,142,194,193,108,163,175,132,195,148,170,157,104,183]",703d39f3bc67810b57414fc77b8443c30164b84605d4ed858e377cb6ce21c22d,80,1923579178,310924793,"[930055,7,2,0,100,200,26]",3745215730,4233183264,[5],"{""5"":0}"
S7,7,930056,100,0.6708203932499369,2,,0,0.3,117,90,"[4,17,24,35,73,77,92,95,112,130,132,164,169,174,204,210,223,227,249,260,298,317,325,329,336,337,392,396,411,413,432,447,469,485,493,514,524,561,567,598,604,648,665,667,668,690,703,710,719,727,735,739,748,752,803,804,812,818,848,867,892,900,907,912,931,943,971,978,990,995,1004,1007,1010,1018,1037,1066,1089,1090,1098,1115,1127,1129,1150,1156,1160,1172,1181,1198,1246,1264]","[[4,-1],[17,-1],[24,-1],[35,1],[73,-1],[77,-1],[92,1],[95,-1],[112,1],[130,-1],[132,1],[164,-1],[169,1],[174,1],[204,-1],[210,1],[223,1],[227,1],[249,-1],[260,1],[298,1],[317,-1],[325,-1],[329,1],[336,1],[337,1],[392,-1],[396,1],[411,-1],[413,-1],[432,1],[447,1],[469,1],[485,1],[493,1],[514,1],[524,-1],[561,-1],[567,1],[598,1],[604,-1],[648,-1],[665,1],[667,1],[668,-1],[690,1],[703,-1],[710,1],[719,-1],[727,-1],[735,1],[739,-1],[748,1],[752,1],[803,1],[804,1],[812,-1],[818,-1],[848,1],[867,-1],[892,1],[900,-1],[907,-1],[912,1],[931,1],[943,1],[971,1],[978,1],[990,-1],[995,-1],[1004,-1],[1007,1],[1010,1],[1018,1],[1037,-1],[1066,-1],[1089,-1],[1090,-1],[1098,-1],[1115,1],[1127,1],[1129,1],[1150,-1],[1156,-1],[1160,1],[1172,-1],[1181,1],[1198,-1],[1246,1],[1264,1]]","[56,89,93,47,48,22,51,59,17,19,11,12,40,1,90,75,4,3,86,31,43,18,81,41,49,92,37,67,97,14,66,10,24,32,5,71,20,16,29,73,78,72,57,8,7,45,6,91,63,82,23,42,26,60,0,38,99,39,94,58,80,68,85,21,34,44,9,87,46,27,83,79,95,74,77,96,53,69,55,33]","[171,123,141,155,179,180,121,194,168,187,132,170,189,149,167,199,183,125,153,135,124,191,143,169,164,146,107,197,120,158,161,162,154,176,147,182,129,102,131,142,134,101,186,110,140,106,174,152,104,193,117,112,190,114,157,175,177,144,113,100,172,156,163,137,118,130,109,198,122,127,184,192,138,108,136,166,116,165,105,173]",28e9fc73f96e9fc8c1557daaed1bd2b182c36eac990d4e111827e3142d2ac549,80,980575780,4131590771,"[930056,7,2,0,100,200,26]",3186685304,4233183264,[5],"{""5"":0}"
S7,7,930057,100,0.6708203932499369,2,,0,0.1,58,46,"[0,4,9,13,38,90,114,132,149,195,204,231,251,302,304,360,361,394,402,432,446,466,474,496,499,514,531,536,557,568,614,625,662,723,737,748,765,777,821,912,952,996,1046,1048,1217,1275]","[[0,1],[4,-1],[9,-1],[13,-1],[38,-1],[90,1],[114,-1],[132,1],[149,1],[195,-1],[204,-1],[231,1],[251,-1],[302,1],[304,1],[360,1],[361,1],[394,-1],[402,1],[432,1],[446,-1],[466,-1],[474,1],[496,-1],[499,1],[514,1],[531,1],[536,1],[557,-1],[568,-1],[614,-1],[625,1],[662,1],[723,1],[737,1],[748,1],[765,-1],[777,1],[821,1],[912,1],[952,-1],[996,-1],[1046,1],[1048,1],[1217,1],[1275,1]]","[71,36,9,54,48,84,39,47,1,41,59,49,88,81,46,75,62,23,67,86,16,85,73,0,61,4,5,94,72,42,58,12,57,66,70,69,77,55,97,89,76,19,31,92,90,52,34,33,13,27,43,14,11,68,2,38,93,78,6,79,30,22,7,74,95,45,32,65,50,35,64,51,25,3,96,82,60,37,63,99]","[112,142,111,126,104,184,153,186,181,121,182,189,132,128,134,191,145,165,109,113,192,167,148,130,117,196,144,188,139,122,147,141,168,185,140,171,163,135,107,137,172,166,170,164,116,176,152,199,173,180,103,155,197,179,129,187,105,138,178,115,157,156,175,102,131,127,108,151,195,193,106,125,158,143,190,198,101,118,160,177]",4890fb078f4744f54ff37ced7f6bc0d6c76040dcc774df289eedfc900008b1c5,80,1792770604,3709887061,"[930057,7,2,0,100,200,26]",3979077831,4233183264,[5],"{""5"":0}"
S7,7,930058,100,0.6708203932499369,2,,0,0.3,128,101,"[4,5,9,18,22,24,89,90,92,94,103,140,179,183,207,251,252,263,267,277,302,306,308,361,365,394,403,411,431,432,447,449,477,497,507,521,546,553,586,615,619,623,632,655,658,661,662,672,683,688,696,714,718,723,735,756,776,777,779,797,805,821,840,848,857,859,867,923,930,977,981,990,995,1004,1034,1064,1066,1077,1082,1094,1111,1120,1138,1150,1154,1158,1160,1161,1163,1178,1198,1212,1213,1234,1264,1265,1269,1271,1272,1274,1275]","[[4,-1],[5,1],[9,-1],[18,-1],[22,1],[24,-1],[89,-1],[90,1],[92,1],[94,1],[103,1],[140,-1],[179,1],[183,-1],[207,1],[251,-1],[252,-1],[263,-1],[267,1],[277,-1],[302,1],[306,-1],[308,-1],[361,1],[365,-1],[394,-1],[403,1],[411,-1],[431,-1],[432,1],[447,1],[449,-1],[477,-1],[497,-1],[507,1],[521,1],[546,-1],[553,1],[586,-1],[615,-1],[619,1],[623,-1],[632,1],[655,-1],[658,1],[661,1],[662,1],[672,-1],[683,-1],[688,1],[696,-1],[714,-1],[718,1],[723,1],[735,1],[756,-1],[776,-1],[777,1],[779,1],[797,1],[805,1],[821,1],[840,-1],[848,1],[857,1],[859,-1],[867,-1],[923,-1],[930,1],[977,-1],[981,-1],[990,-1],[995,-1],[1004,-1],[1034,1],[1064,1],[1066,-1],[1077,1],[1082,1],[1094,-1],[1111,1],[1120,1],[1138,-1],[1150,-1],[1154,1],[1158,1],[1160,1],[1161,-1],[1163,1],[1178,1],[1198,-1],[1212,1],[1213,1],[1234,-1],[1264,1],[1265,1],[1269,-1],[1271,-1],[1272,1],[1274,1],[1275,1]]","[55,26,15,61,17,4,19,80,50,34,35,59,91,2,65,95,1,73,71,0,66,42,6,67,3,9,36,83,63,43,14,12,24,8,82,13,46,70,30,72,89,78,69,51,94,77,93,99,33,7,44,76,18,49,45,56,22,41,64,37,39,16,40,84,53,52,47,92,25,31,48,87,88,11,54,85,79,21,60,68]","[120,140,165,156,136,163,162,145,168,155,138,137,108,146,128,143,157,179,172,194,119,192,173,160,144,184,134,167,182,149,124,110,135,131,142,197,188,139,117,154,196,186,171,150,102,141,109,129,148,123,125,193,187,132,174,127,147,115,177,161,103,190,100,133,164,107,116,183,118,181,130,191,175,114,170,166,104,106,169,112]",92a35254d4653b9dbc82ecbed7530b6f6b631f20042773f4d5c010a81cf96acc,80,359634079,858451523,"[930058,7,2,0,100,200,26]",2273127356,4233183264,[5],"{""5"":1}"
S7,7,930059,100,0.6708203932499369,2,,0,0.1,60,42,"[0,4,24,56,73,90,132,164,177,199,201,204,209,234,247,265,288,308,394,438,445,447,489,514,548,587,594,662,712,723,728,735,736,797,912,925,958,995,1050,1084,1198,1275]","[[0,1],[4,-1],[24,-1],[56,1],[73,-1],[90,1],[132,1],[164,-1],[177,1],[199,-1],[201,1],[204,-1],[209,-1],[234,1],[247,-1],[265,1],[288,1],[308,-1],[394,-1],[438,-1],[445,-1],[447,1],[489,1],[514,1],[548,1],[587,-1],[594,1],[662,1],[712,-1],[723,1],[728,1],[735,1],[736,-1],[797,1],[912,1],[925,-1],[958,1],[995,-1],[1050,1],[1084,-1],[1198,-1],[1275,1]]","[86,25,56,21,85,82,76,10,67,64,77,0,74,79,53,55,41,69,66,80,62,81,48,30,18,54,7,45,29,34,27,28,78,93,70,98,23,91,68,90,40,13,60,42,89,96,39,15,92,35,22,46,1,88,11,75,9,95,38,87,5,36,50,20,12,47,32,51,97,43,24,59,2,8,71,73,84,44,57,19]","[168,112,142,167,144,196,148,123,156,128,117,122,124,169,143,161,150,192,108,160,159,158,126,197,106,153,164,170,102,187,180,199,145,141,104,154,114,157,195,121,189,116,110,182,172,173,163,151,134,103,177,100,129,166,175,119,146,147,191,140,101,181,198,137,176,132,155,107,178,109,136,125,120,185,171,190,183,127,184,162]",20910b5e1012498c58188bcd3a1a81ba80938ed94656338e72042409a2e381e0,80,1631754657,3235721411,"[930059,7,2,0,100,200,26]",1690326549,4233183264,[5],"{""5"":0}"
S7,7,930060,100,0.6708203932499369,2,,0,0.0001,0,0,[],[],"[23,74,17,39,91,58,43,88,35,24,11,97,6,78,46,80,53,36,38,57,50,85,32,69,27,61,51,92,62,86,81,90,76,18,28,13,95,99,25,84,2,4,12,40,52,21,26,68,14,47,44,37,54,29,20,60,0,30,31,9,77,83,94,72,22,1,56,10,34,96,93,8,41,67,64,87,33,89,79,55]","[122,150,161,176,174,185,154,197,125,109,138,146,182,163,102,152,178,115,134,169,132,191,153,168,119,145,131,114,190,164,157,142,181,172,166,151,136,158,112,148,159,129,162,187,105,189,110,135,123,177,196,167,155,186,156,144,118,137,101,193,160,108,107,140,106,104,116,103,149,143,120,124,147,139,194,165,113,130,128,121]",edb40488ed366c2559267ac9b027e61a6ddfe23b1389a9579c228a2f5d98d16a,80,4268735714,653273316,"[930060,7,2,0,100,200,26]",839466957,4233183264,[5],"{""5"":0}"
S7,7,930061,100,0.6708203932499369,2,,0,0.0001,0,0,[],[],"[14,83,60,27,13,16,36,10,75,89,91,30,18,37,99,79,12,24,2,65,46,67,31,51,77,6,82,28,11,95,86,85,84,3,81,54,57,15,73,35,97,53,66,61,71,92,9,23,52,40,1,47,74,87,70,49,63,39,5,76,41,94,17,22,64,8,55,69,59,44,58,4,88,7,90,96,42,80,48,33]","[129,175,168,158,116,131,187,134,171,162,161,138,115,186,189,166,179,176,112,195,144,107,149,106,133,180,148,192,118,184,109,154,199,178,191,119,100,167,101,121,194,198,120,135,104,128,177,105,125,126,147,197,142,188,139,170,145,185,122,127,102,103,124,151,150,132,137,190,173,114,157,111,159,108,153,164,110,113,169,143]",dcab3bfdf0e8cb963a560efd859bb29495e457daad5070b6ef00cab3d99774a9,80,3602118041,2310084150,"[930061,7,2,0,100,200,26]",1196225490,4233183264,[5],"{""5"":0}"
S7,7,930062,100,0.6708203932499369,2,,0,0.0001,0,0,[],[],"[42,78,14,49,44,41,11,35,25,20,97,59,68,2,30,15,32,73,89,56,48,57,63,29,37,90,88,99,74,10,82,31,43,55,54,80,45,28,17,62,91,87,5,94,60,18,71,72,1,85,38,34,65,53,3,95,9,46,7,13,33,75,6,79,69,0,96,93,52,66,51,26,16,81,61,83,24,22,12,36]","[173,144,170,130,179,194,121,196,180,181,114,151,158,102,190,188,187,171,172,117,138,177,129,178,185,160,143,163,168,132,107,112,148,165,118,141,193,135,161,154,113,120,137,182,122,169,125,174,106,183,167,155,104,147,111,197,176,186,134,162,156,139,109,119,199,145,116,108,101,105,175,136,191,164,150,133,146,126,115,127]",5e171f8057463818233366e01502ef0f6b658f4580792d8b84ad7fd60156e540,80,934191627,1168293902,"[930062,7,2,0,100,200,26]",2931372869,4233183264,[5],"{""5"":0}"
S7,7,930063,100,0.6708203932499369,2,,0,0.0001,0,0,[],[],"[99,86,9,34,40,84,15,77,7,35,57,60,72,52,17,90,44,63,46,22,61,83,30,45,73,76,10,55,13,89,98,79,33,38,41,87,51,3,14,71,58,74,2,81,66,68,62,32,95,16,92,67,49,47,70,48,28,31,56,6,39,23,54,93,24,94,5,65,20,0,85,37,4,75,26,25,27,42,18,11]","[185,109,108,199,143,195,155,146,197,174,122,169,166,172,196,118,190,119,124,129,170,128,107,160,121,175,186,149,142,151,177,194,179,173,102,130,120,135,106,104,114,126,154,145,193,157,153,117,150,139,168,112,140,191,158,152,165,133,141,103,183,138,136,147,187,159,127,171,163,182,137,181,192,189,113,178,188,101,123,116]",ef9dc21717e3e1cb5cf096524827bf2cbd05198d91fffb93eeb285152a350a0f,80,545321103,2698705894,"[930063,7,2,0,100,200,26]",1104674523,4233183264,[5],"{""5"":0}"
S7,7,930064,100,0.6708203932499369,2,,0,0.0001,0,0,[],[],"[85,17,57,59,45,25,60,52,23,13,46,21,33,65,64,50,19,90,77,72,68,0,73,61,42,20,28,78,44,51,3,79,93,29,9,75,10,58,74,56,37,16,95,67,8,1,71,5,27,7,41,80,43,12,63,69,88,26,48,2,82,89,14,30,11,86,15,92,96,84,32,49,6,39,35,62,4,70,34,76]","[193,173,153,184,142,100,154,146,182,127,147,192,180,133,162,165,157,116,178,181,135,106,143,177,105,156,102,108,149,196,174,125,179,152,112,123,129,111,109,186,168,103,120,118,194,188,170,122,136,189,124,183,128,130,101,117,150,121,161,145,155,164,198,199,107,144,185,190,175,119,159,195,114,138,160,169,113,166,104,141]",08eda2b0232104ca300d6119a7a021f3610b8edca5e6a027fcf8c9123616f730,80,3586684980,3290408988,"[930064,7,2,0,100,200,26]",1675354800,4233183264,[5],"{""5"":0}"
S7,7,930065,100,0.6708203932499369,2,,0,0.0001,0,0,[],[],"[96,66,65,85,46,5,55,86,68,57,54,42,76,59,82,24,78,44,36,30,3,8,84,95,31,28,21,15,39,92,7,17,19,90,11,32,16,56,52,9,1,4,93,47,87,2,71,98,33,79,77,81,73,25,38,61,37,0,41,97,10,29,74,91,60,89,45,27,20,14,62,50,40,83,35,13,34,94,23,70]","[195,172,111,122,107,184,166,180,157,190,134,124,109,113,149,108,101,188,186,116,132,126,103,147,197,137,136,162,104,176,163,171,159,102,161,118,135,199,115,139,178,143,170,146,100,191,131,156,148,117,196,194,145,168,105,189,175,128,141,138,187,160,164,127,119,129,152,130,182,112,173,125,106,183,140,174,144,198,169,177]",11b3b807a8b3f4aea3e09040b1b32c28f5603d612a283d4d2479d7d012c1c7ea,80,2623388449,2406024116,"[930065,7,2,0,100,200,26]",783611849,4233183264,[5],"{""5"":0}"
S7,7,930066,100,0.6708203932499369,2,,0,0.1,65,41,"[35,73,83,112,114,140,204,226,259,267,297,301,310,328,336,361,431,463,465,466,484,544,626,646,662,672,707,723,725,728,735,819,848,859,867,889,1160,1169,1195,1198,1261]","[[35,1],[73,-1],[83,-1],[112,1],[114,-1],[140,-1],[204,-1],[226,1],[259,-1],[267,1],[297,-1],[301,-1],[310,-1],[328,-1],[336,1],[361,1],[431,-1],[463,-1],[465,-1],[466,-1],[484,-1],[544,-1],[626,1],[646,-1],[662,1],[672,-1],[707,1],[723,1],[725,1],[728,1],[735,1],[819,-1],[848,1],[859,-1],[867,-1],[889,-1],[1160,1],[1169,1],[1195,1],[1198,-1],[1261,1]]","[66,69,89,43,27,54,59,3,24,86,20,82,46,84,77,85,76,81,97,4,40,19,57,52,22,23,48,10,67,47,45,7,98,8,39,72,41,6,32,93,71,56,80,92,55,30,15,14,90,13,70,91,61,62,9,49,25,88,21,64,87,1,2,11,5,44,37,51,95,16,35,38,99,83,50,73,36,18,63,79]","[146,119,158,128,183,184,125,110,181,163,105,198,170,174,187,156,142,124,145,130,101,194,152,190,136,147,162,115,143,191,153,172,113,195,120,149,199,150,164,192,108,186,148,182,138,137,117,155,103,179,171,197,107,114,161,134,122,168,106,131,118,193,176,121,139,165,167,112,127,188,178,109,180,196,116,102,159,129,144,104]",489fcf2b3ad579a62e2da24c9adc5159c7bf36d8699217459bc188d22e3e60eb,80,3902663795,3155847732,"[930066,7,2,0,100,200,26]",1867719661,4233183264,[5],"{""5"":0}"
S7,7,930067,100,0.6708203932499369,2,,0,0.1,61,44,"[35,73,87,90,92,110,112,130,140,190,195,208,251,273,302,360,376,394,469,471,587,614,662,673,688,742,760,787,797,821,840,848,898,925,983,995,1010,1062,1066,1124,1150,1190,1210,1247]","[[35,1],[73,-1],[87,-1],[90,1],[92,1],[110,1],[112,1],[130,-1],[140,-1],[190,-1],[195,-1],[208,-1],[251,-1],[273,-1],[302,1],[360,1],[376,1],[394,-1],[469,1],[471,-1],[587,-1],[614,-1],[662,1],[673,1],[688,1],[742,1],[760,1],[787,-1],[797,1],[821,1],[840,-1],[848,1],[898,-1],[925,-1],[983,1],[995,-1],[1010,1],[1062,-1],[1066,-1],[1124,-1],[1150,-1],[1190,-1],[1210,-1],[1247,-1]]","[18,17,78,51,72,61,98,60,20,19,2,88,6,21,86,50,97,59,36,53,62,89,39,1,37,11,8,79,82,35,41,95,4,28,54,91,44,48,34,7,65,85,84,57,33,0,99,43,16,73,96,75,94,67,55,26,31,10,69,71,77,3,90,64,22,93,23,47,81,9,87,74,25,66,46,32,38,45,80,29]","[166,108,176,139,131,171,196,110,157,190,132,122,156,181,178,165,104,189,186,194,159,128,143,161,149,182,164,137,184,168,116,111,152,115,173,107,106,153,138,172,185,151,112,105,126,134,198,127,114,140,123,183,199,120,133,130,125,129,142,117,119,167,109,179,160,100,150,193,124,177,121,197,192,148,174,147,187,188,158,169]",b7b54b013ff5c042218fbedf3b611e7ca87a0f153002ee5c7e1e05d183832053,80,1430284901,2490442164,"[930067,7,2,0,100,200,26]",168918564,4233183264,[5],"{""5"":0}"
S7,7,930068,100,0.6708203932499369,2,,0,1.0,145,109,"[3,6,11,24,34,42,53,73,91,92,100,112,129,140,168,178,195,197,203,204,209,231,249,252,267,282,283,302,316,357,367,376,379,390,394,403,465,489,491,517,528,529,545,552,564,597,598,617,640,642,654,659,667,668,676,683,692,722,723,728,730,732,735,748,752,755,771,785,797,812,817,821,841,842,848,852,859,868,900,929,936,974,976,977,978,1002,1004,1011,1031,1035,1061,1063,1065,1066,1084,1085,1107,1129,1161,1179,1186,1191,1198,1199,1216,1223,1232,1247,1264]","[[3,1],[6,1],[11,-1],[24,-1],[34,-1],[42,-1],[53,1],[73,-1],[91,1],[92,1],[100,-1],[112,1],[129,-1],[140,-1],[168,1],[178,-1],[195,-1],[197,1],[203,1],[204,-1],[209,-1],[231,1],[249,-1],[252,-1],[267,1],[282,1],[283,1],[302,1],[316,-1],[357,-1],[367,1],[376,1],[379,-1],[390,-1],[394,-1],[403,1],[465,-1],[489,1],[491,1],[517,-1],[528,-1],[529,-1],[545,-1],[552,-1],[564,1],[597,1],[598,1],[617,-1],[640,1],[642,1],[654,1],[659,1],[667,1],[668,-1],[676,1],[683,-1],[692,-1],[722,-1],[723,1],[728,1],[730,-1],[732,1],[735,1],[748,1],[752,1],[755,-1],[771,-1],[785,1],[797,1],[812,-1],[817,1],[821,1],[841,-1],[842,1],[848,1],[852,-1],[859,-1],[868,1],[900,-1],[929,1],[936,1],[974,-1],[976,-1],[977,-1],[978,1],[1002,1],[1004,-1],[1011,1],[1031,-1],[1035,1],[1061,1],[1063,1],[1065,1],[1066,-1],[1084,-1],[1085,-1],[1107,-1],[1129,1],[1161,-1],[1179,-1],[1186,1],[1191,1],[1198,-1],[1199,-1],[1216,-1],[1223,1],[1232,-1],[1247,-1],[1264,1]]","[9,6,72,47,48,77,20,49,30,13,81,16,96,46,79,17,51,21,0,18,91,57,75,62,42,41,27,50,4,92,80,37,70,3,64,65,22,14,98,43,23,12,74,55,25,63,82,1,69,87,58,5,33,97,8,40,73,26,52,39,68,61,34,32,76,24,85,2,90,67,99,94,10,56,31,7,59,29,36,95]","[137,119,196,173,161,100,153,168,184,171,151,116,142,181,178,156,145,174,141,165,170,127,132,189,172,149,112,185,183,126,166,121,158,182,150,160,144,177,109,159,199,104,106,146,108,135,180,140,122,131,198,139,152,191,130,176,193,143,117,124,120,125,134,197,107,164,115,111,157,190,133,167,138,163,186,110,136,113,187,103]",9f963fe61da7e1a0870f7b5c4825ad046a7cc42764ad214b845e38f47c8a9410,80,3417132673,2002669311,"[930068,7,2,0,100,200,26]",4058650312,4233183264,[5],"{""5"":0}"
S7,7,930069,100,0.6708203932499369,2,,0,0.0001,0,0,[],[],"[66,8,7,53,5,95,30,21,19,60,88,16,57,82,44,64,80,58,62,52,32,67,50,83,33,78,49,85,20,25,97,29,75,54,81,84,76,26,46,69,63,15,94,77,41,93,96,31,3,70,9,27,37,17,2,12,87,92,14,18,24,0,39,22,55,34,48,45,28,23,79,98,35,40,42,74,59,10,11,65]","[182,197,100,120,106,110,191,130,126,195,123,104,132,143,124,198,193,138,196,125,140,166,127,163,134,176,173,115,142,136,147,154,174,131,111,112,158,144,159,155,118,161,101,171,178,119,187,168,116,162,122,152,169,188,135,180,184,107,108,121,177,105,113,117,128,167,199,145,103,194,170,192,183,129,139,150,137,160,165,151]",a8c94601a9534c5acaf41465f08fd7fb8c6b67797b58fb79019ff4b414c602c1,80,4118858763,1038451753,"[930069,7,2,0,100,200,26]",3834474257,4233183264,[5],"{""5"":0}"
S7,7,930070,100,0.6708203932499369,2,,0,0.3,106,100,"[0,22,24,35,40,73,82,111,112,124,130,153,162,178,195,199,204,249,251,257,267,280,309,316,325,330,335,361,392,396,420,451,459,465,482,483,486,493,507,509,514,520,536,545,546,549,574,614,620,647,654,662,667,677,688,702,709,715,718,719,723,735,737,740,741,772,805,819,821,824,826,842,867,871,888,889,907,912,925,931,946,978,982,990,993,995,999,1000,1004,1046,1057,1066,1089,1107,1150,1179,1189,1198,1211,1275]","[[0,1],[22,1],[24,-1],[35,1],[40,1],[73,-1],[82,-1],[111,1],[112,1],[124,1],[130,-1],[153,1],[162,-1],[178,-1],[195,-1],[199,-1],[204,-1],[249,-1],[251,-1],[257,-1],[267,1],[280,-1],[309,1],[316,-1],[325,-1],[330,-1],[335,-1],[361,1],[392,-1],[396,1],[420,-1],[451,1],[459,1],[465,-1],[482,1],[483,1],[486,1],[493,1],[507,1],[509,1],[514,1],[520,1],[536,1],[545,-1],[546,-1],[549,1],[574,-1],[614,-1],[620,1],[647,-1],[654,1],[662,1],[667,1],[677,-1],[688,1],[702,1],[709,-1],[715,-1],[718,1],[719,-1],[723,1],[735,1],[737,1],[740,1],[741,-1],[772,-1],[805,1],[819,1],[821,1],[824,-1],[826,1],[842,1],[867,-1],[871,-1],[888,-1],[889,-1],[907,-1],[912,1],[925,-1],[931,1],[946,-1],[978,1],[982,-1],[990,-1],[993,-1],[995,-1],[999,-1],[1000,-1],[1004,-1],[1046,1],[1057,-1],[1066,-1],[1089,-1],[1107,-1],[1150,-1],[1179,-1],[1189,-1],[1198,-1],[1211,1],[1275,1]]","[55,12,37,65,31,68,26,57,33,3,95,14,88,73,86,48,15,22,92,52,24,29,42,7,5,74,41,93,70,11,21,64,94,89,50,83,25,16,75,97,91,49,43,99,47,1,17,51,40,38,80,71,32,82,81,98,62,44,10,84,9,61,18,35,45,60,63,90,87,4,2,54,19,67,69,13,28,77,85,30]","[100,176,189,121,129,120,154,163,143,106,144,124,122,130,119,198,123,188,159,179,177,117,133,134,181,102,132,175,195,173,114,107,171,136,141,174,156,153,168,194,125,108,183,116,184,178,109,186,137,142,190,101,158,118,111,185,187,157,128,155,160,167,192,180,193,164,139,115,140,131,152,150,172,161,113,147,166,126,148,103]",864dae51258ea4c2a1a951d0214355390985a4300affa41760ff43d39948673c,80,928766267,795714877,"[930070,7,2,0,100,200,26]",2690563206,4233183264,[5],"{""5"":0}"
S7,7,930071,100,0.6708203932499369,2,,0,0.0001,0,0,[],[],"[95,11,41,99,50,84,26,38,73,4,89,30,34,31,5,37,53,68,40,81,2,64,51,13,10,83,78,20,66,93,16,45,88,60,15,90,70,8,69,23,59,7,46,87,14,55,47,56,96,65,43,27,17,92,75,54,9,52,71,80,62,25,77,48,61,76,1,33,44,57,32,0,49,91,67,72,28,74,39,58]","[199,154,168,172,138,116,148,158,140,156,119,101,174,102,131,135,187,137,139,177,163,108,164,145,146,126,186,196,160,147,121,128,110,165,125,127,198,114,190,132,106,142,130,170,157,193,104,144,103,152,113,194,134,109,169,122,118,183,155,150,129,161,185,159,178,184,182,166,136,179,107,191,105,189,133,151,176,173,141,197]",d7058d0b8da326385e882b6031bf5d85a330aa4596c1e8ca5763dc9837df31bd,80,3390044263,4137824025,"[930071,7,2,0,100,200,26]",3668180256,4233183264,[5],"{""5"":0}"
S7,7,930072,100,0.6708203932499369,2,,0,0.1,61,48,"[42,73,103,114,130,194,195,204,209,251,257,302,337,394,451,514,546,614,626,646,659,662,710,719,732,751,753,757,785,805,848,867,889,978,1021,1047,1057,1062,1064,1094,1130,1158,1177,1203,1214,1226,1265,1274]","[[42,-1],[73,-1],[103,1],[114,-1],[130,-1],[194,1],[195,-1],[204,-1],[209,-1],[251,-1],[257,-1],[302,1],[337,1],[394,-1],[451,1],[514,1],[546,-1],[614,-1],[626,1],[646,-1],[659,1],[662,1],[710,1],[719,-1],[732,1],[751,1],[753,1],[757,-1],[785,1],[805,1],[848,1],[867,-1],[889,-1],[978,1],[1021,-1],[1047,1],[1057,-1],[1062,-1],[1064,1],[1094,-1],[1130,-1],[1158,1],[1177,-1],[1203,1],[1214,1],[1226,1],[1265,1],[1274,1]]","[33,54,81,45,51,55,20,97,0,53,1,74,21,48,73,12,31,25,56,27,50,78,94,4,19,36,5,41,18,65,72,44,49,59,71,37,93,79,38,14,83,62,11,24,3,68,15,2,61,82,40,88,26,42,75,57,35,66,70,92,8,77,69,52,23,86,43,64,67,34,16,99,13,87,29,46,47,96,30,32]","[180,195,108,193,189,136,181,127,179,119,155,158,140,194,124,103,110,176,120,170,197,104,112,130,109,144,125,188,146,134,100,187,198,165,138,153,156,168,184,106,126,171,174,182,161,192,154,116,107,164,175,186,117,173,185,141,143,149,113,159,101,118,162,137,128,135,131,123,163,191,178,166,151,111,152,148,150,183,115,160]",e1d3eb60b1a7c3fd76b2a89db50c8da4d85ac6ff4555805e22db721cfa76a015,80,1234849029,2543715886,"[930072,7,2,0,100,200,26]",868221192,4233183264,[5],"{""5"":0}"
S7,7,930073,100,0.6708203932499369,2,,0,0.1,66,46,"[13,43,56,92,116,152,178,195,199,209,251,302,374,394,407,455,466,469,512,514,609,613,662,688,736,765,812,821,837,871,896,900,924,925,989,995,1021,1036,1107,1189,1199,1225,1228,1249,1265,1275]","[[13,-1],[43,-1],[56,1],[92,1],[116,1],[152,-1],[178,-1],[195,-1],[199,-1],[209,-1],[251,-1],[302,1],[374,1],[394,-1],[407,-1],[455,1],[466,-1],[469,1],[512,-1],[514,1],[609,1],[613,-1],[662,1],[688,1],[736,-1],[765,-1],[812,-1],[821,1],[837,1],[871,-1],[896,-1],[900,-1],[924,1],[925,-1],[989,-1],[995,-1],[1021,-1],[1036,1],[1107,-1],[1189,-1],[1199,-1],[1225,1],[1228,1],[1249,1],[1265,1],[1275,1]]","[29,73,87,60,84,22,33,64,20,12,77,9,37,97,38,99,11,61,53,16,18,2,17,31,41,98,51,39,49,27,43,46,83,63,81,5,24,40,19,80,47,76,10,71,23,30,94,65,72,79,58,21,1,44,42,95,48,75,3,78,0,91,25,74,13,85,34,54,67,52,68,4,66,96,62,88,82,6,32,59]","[150,153,129,197,127,123,187,171,143,189,147,188,136,175,125,195,172,139,145,191,115,154,105,180,134,179,174,118,185,186,133,100,144,116,194,132,159,106,135,122,164,183,119,199,192,162,177,157,114,101,120,109,182,104,124,161,190,117,184,167,158,110,113,126,108,160,138,163,173,141,169,176,103,165,178,193,140,196,112,166]",67c3ad296e2b4f22d69b28dd0ed820679e08814a377737e1b22a068591089153,80,772305053,1236107495,"[930073,7,2,0,100,200,26]",1302989011,4233183264,[5],"{""5"":0}"
S7,7,930074,100,0.6708203932499369,2,,0,0.1,58,40,"[4,24,35,36,56,73,75,112,118,178,195,231,252,291,302,351,394,396,408,447,481,527,531,597,647,662,672,690,753,817,912,937,939,995,1029,1090,1107,1129,1150,1255]","[[4,-1],[24,-1],[35,1],[36,1],[56,1],[73,-1],[75,-1],[112,1],[118,-1],[178,-1],[195,-1],[231,1],[252,-1],[291,-1],[302,1],[351,-1],[394,-1],[396,1],[408,-1],[447,1],[481,-1],[527,-1],[531,1],[597,1],[647,-1],[662,1],[672,-1],[690,1],[753,1],[817,1],[912,1],[937,-1],[939,-1],[995,-1],[1029,1],[1090,1],[1107,-1],[1129,1],[1150,-1],[1255,-1]]","[50,85,46,25,53,69,35,61,33,27,41,42,55,74,62,45,1,81,34,75,10,76,26,32,47,16,18,58,65,43,5,14,4,64,39,93,79,66,40,54,24,37,31,72,17,83,77,49,86,80,95,88,30,22,73,8,97,11,71,19,57,91,84,60,87,92,68,36,48,78,94,70,63,3,38,89,20,44,67,99]","[143,129,134,144,130,162,101,135,107,147,172,192,103,195,100,188,178,194,123,151,110,141,133,156,169,189,155,125,136,106,190,108,191,159,174,131,199,114,177,104,132,154,117,163,122,145,153,140,196,121,142,164,111,183,160,112,165,182,118,115,161,181,197,146,187,158,157,124,150,171,186,102,193,170,119,198,109,116,185,179]",7f4ff2f0b11cd302f4daeabdf8d0c1b699386f8658d5ef535a4e0fe62ca602a0,80,1997564950,1856082567,"[930074,7,2,0,100,200,26]",3190895975,4233183264,[5],"{""5"":0}"
S7,7,930075,100,0.6708203932499369,2,,0,0.0001,0,0,[],[],"[96,40,54,1,42,33,30,69,31,59,50,56,19,80,87,26,85,94,93,37,49,77,6,3,27,72,32,28,46,44,97,17,90,73,13,12,70,71,67,18,64,10,81,21,23,92,5,36,14,98,38,78,20,91,86,16,79,43,4,8,48,95,41,7,52,2,82,9,29,53,45,25,15,39,24,58,65,35,57,60]","[193,116,130,192,107,189,178,191,139,144,106,151,121,183,168,101,185,176,166,115,175,119,159,109,103,135,177,149,194,141,123,156,112,128,161,180,102,155,153,142,196,188,190,131,152,195,170,100,105,122,184,124,182,111,160,113,181,120,186,169,132,179,137,199,187,136,150,148,147,108,154,110,167,163,118,126,171,140,157,165]",0086d35133eeb11e72e3c9f7b4aa442cddb5d2e828d8daa6030257156cd94189,80,274708290,820057096,"[930075,7,2,0,100,200,26]",1069333197,4233183264,[5],"{""5"":0}"
S7,7,930076,100,0.6708203932499369,2,,0,0.1,56,44,"[5,73,92,97,112,155,162,176,195,204,229,231,251,302,357,361,376,378,445,493,524,535,546,634,659,662,688,719,728,740,848,863,867,898,911,915,928,976,1006,1029,1037,1160,1195,1198]","[[5,1],[73,-1],[92,1],[97,1],[112,1],[155,-1],[162,-1],[176,-1],[195,-1],[204,-1],[229,1],[231,1],[251,-1],[302,1],[357,-1],[361,1],[376,1],[378,1],[445,-1],[493,1],[524,-1],[535,-1],[546,-1],[634,-1],[659,1],[662,1],[688,1],[719,-1],[728,1],[740,1],[848,1],[863,1],[867,-1],[898,-1],[911,1],[915,1],[928,1],[976,-1],[1006,1],[1029,1],[1037,-1],[1160,1],[1195,1],[1198,-1]]","[80,68,10,18,58,11,84,24,52,32,13,72,74,53,21,56,47,75,69,3,27,42,6,70,59,63,19,50,61,54,83,26,67,29,77,48,57,46,40,81,0,23,91,4,76,78,14,66,64,51,97,1,35,12,20,79,2,96,41,85,95,82,30,43,86,28,17,15,73,89,34,60,39,16,90,33,71,65,22,5]","[175,128,122,117,124,140,127,192,147,119,143,186,152,137,181,196,188,135,171,102,149,103,177,126,134,155,123,151,158,176,125,153,109,136,139,164,198,167,115,133,159,170,187,148,141,144,197,199,101,184,106,120,154,160,174,114,185,138,193,163,165,104,189,108,191,105,180,132,129,111,161,146,118,150,166,112,172,168,173,131]",1bc6e2534025b2884fdc1d55b762ec9ff9ad5f084386cda11604dd800ad8b72c,80,4007195503,3654561402,"[930076,7,2,0,100,200,26]",4119705267,4233183264,[5],"{""5"":1}"
S7,7,930077,100,0.6708203932499369,2,,0,0.0001,0,0,[],[],"[88,27,21,14,25,99,87,42,59,92,76,49,22,75,96,93,52,79,11,64,60,40,16,94,58,72,45,30,31,3,26,63,91,23,71,35,95,84,68,47,10,69,7,34,46,90,43,32,56,13,44,85,6,38,61,97,8,1,24,81,89,37,2,55,18,70,57,0,20,77,41,17,66,9,15,36,65,4,39,98]","[118,108,114,175,142,141,107,133,144,196,174,179,150,187,111,127,143,106,153,124,122,102,166,136,185,146,147,138,191,172,115,123,128,169,163,160,126,148,193,194,164,145,104,189,116,155,176,137,162,168,134,154,103,173,100,121,190,171,158,184,197,192,159,157,156,140,110,120,135,178,139,125,161,177,117,101,198,109,165,188]",66c42292e712f88dbbf6df8bc6352a876c1f2f24e89dbba3970caf48bcb5fe03,80,3473906341,3985680814,"[930077,7,2,0,100,200,26]",3971483318,4233183264,[5],"{""5"":0}"
S7,7,930078,100,0.6708203932499369,2,,0,0.0001,0,0,[],[],"[52,77,9,12,23,4,93,6,49,18,91,63,22,46,38,92,25,3,81,21,89,84,72,88,99,70,69,87,19,44,80,15,43,14,42,83,97,10,2,7,62,68,37,28,50,48,34,76,61,41,71,66,39,1,55,54,85,32,26,60,59,82,74,17,95,0,11,86,75,27,98,53,51,31,29,73,64,96,57,79]","[119,135,145,127,124,138,136,185,184,167,192,107,182,131,188,102,111,133,106,157,142,148,155,125,132,189,166,190,197,186,120,150,175,130,110,199,149,163,179,154,177,128,143,153,172,165,113,129,115,198,105,152,112,171,181,180,183,178,169,187,147,141,121,196,139,170,194,174,101,118,116,137,144,146,134,195,151,164,158,168]",e5bcf30f7e39431db6fd9f3f050229ee8ebc45878c30deb6f49ea661ed284121,80,1574104048,386293225,"[930078,7,2,0,100,200,26]",2462887315,4233183264,[5],"{""5"":0}"
S7,7,930079,100,0.6708203932499369,2,,0,0.0001,0,0,[],[],"[80,19,36,11,70,35,83,84,18,71,97,21,53,86,99,26,72,55,58,88,44,59,63,91,15,67,13,3,16,65,12,29,25,37,96,77,28,22,45,87,30,85,8,81,38,78,5,20,74,43,57,42,27,48,31,52,50,24,73,34,46,17,54,7,75,82,49,76,40,23,95,10,68,56,79,69,62,33,61,93]","[161,163,118,110,125,115,132,184,180,178,112,106,154,114,120,108,150,159,148,139,164,158,160,176,122,190,193,199,170,113,144,149,151,173,121,168,156,141,126,171,136,195,116,157,109,129,182,137,188,103,101,186,166,104,175,138,172,140,174,128,167,197,192,177,153,123,119,179,142,124,143,152,145,105,165,196,102,155,183,191]",007456db33dd43e7311e03bec972475e9a827da7b4f5e01e2d0fae8b1216f64f,80,2267789752,2447344372,"[930079,7,2,0,100,200,26]",1019900553,4233183264,[5],"{""5"":0}"
S7,7,930080,100,0.6708203932499369,2,,0,0.0001,0,0,[],[],"[15,85,54,66,1,84,93,37,43,4,57,44,3,89,70,91,62,45,90,88,33,20,77,28,92,52,19,64,76,67,78,6,22,71,21,7,36,53,42,24,23,80,25,58,27,29,16,11,26,94,8,65,39,75,30,18,61,95,72,34,35,51,68,50,73,60,55,2,38,69,5,63,81,98,12,82,40,83,9,56]","[104,102,189,164,126,115,100,190,128,108,142,178,151,121,171,184,173,198,137,107,187,192,134,116,117,144,185,170,132,177,131,191,145,186,183,149,105,193,119,118,106,140,111,152,179,141,139,168,109,147,195,161,101,122,103,127,176,130,123,158,167,138,148,153,129,199,112,165,181,143,197,196,150,159,135,188,174,136,124,172]",43a93384b2461dc1dceee122a2a35a1a6fc57e9a67b23fcc8bba559768398fb7,80,3440428132,1598357444,"[930080,7,2,0,100,200,26]",1057871205,4233183264,[5],"{""5"":0}"
S7,7,930081,100,0.6708203932499369,2,,0,0.0001,0,0,[],[],"[57,3,23,98,51,71,12,81,40,39,44,89,6,48,72,69,13,2,79,60,62,64,76,19,38,63,80,84,28,53,37,0,4,32,70,41,73,7,96,67,35,1,74,61,94,5,16,8,43,75,87,47,49,52,90,36,58,59,91,22,99,25,78,83,92,97,15,68,56,14,21,85,30,33,20,17,18,46,95,29]","[155,165,150,123,167,125,142,131,173,136,183,192,109,175,100,160,182,178,140,118,198,158,189,171,102,194,193,127,177,116,161,187,141,156,159,117,185,144,129,146,180,137,172,153,195,105,170,157,126,164,114,106,166,107,124,128,122,184,133,163,120,190,121,119,112,196,135,181,115,149,148,154,191,139,162,188,143,152,174,111]",4be9af9b231864116332a12b97eba42bf432b390b071b772ea71d57f04a09e71,80,3017746465,1828406334,"[930081,7,2,0,100,200,26]",3633829602,4233183264,[5],"{""5"":0}"
S7,7,930082,100,0.6708203932499369,2,,0,0.3,114,91,"[3,24,40,53,58,73,90,94,112,113,114,130,140,141,174,204,209,231,234,251,280,287,320,321,326,336,371,394,402,403,411,423,447,456,459,466,475,479,489,514,536,537,581,587,625,626,650,662,672,683,700,703,714,723,727,743,747,776,777,795,799,805,817,821,857,865,867,889,898,930,938,946,977,987,995,1000,1004,1026,1032,1046,1066,1084,1107,1115,1130,1143,1150,1178,1246,1249,1265]","[[3,1],[24,-1],[40,1],[53,1],[58,1],[73,-1],[90,1],[94,1],[112,1],[113,1],[114,-1],[130,-1],[140,-1],[141,-1],[174,1],[204,-1],[209,-1],[231,1],[234,1],[251,-1],[280,-1],[287,-1],[320,1],[321,-1],[326,-1],[336,1],[371,-1],[394,-1],[402,1],[403,1],[411,-1],[423,1],[447,1],[456,1],[459,1],[466,-1],[475,1],[479,-1],[489,1],[514,1],[536,1],[537,-1],[581,-1],[587,-1],[625,1],[626,1],[650,1],[662,1],[672,-1],[683,-1],[700,-1],[703,-1],[714,-1],[723,1],[727,-1],[743,-1],[747,1],[776,-1],[777,1],[795,-1],[799,1],[805,1],[817,1],[821,1],[857,1],[865,1],[867,-1],[889,-1],[898,-1],[930,1],[938,-1],[946,-1],[977,-1],[987,-1],[995,-1],[1000,-1],[1004,-1],[1026,-1],[1032,-1],[1046,1],[1066,-1],[1084,-1],[1107,-1],[1115,1],[1130,-1],[1143,1],[1150,-1],[1178,1],[1246,1],[1249,1],[1265,1]]","[99,67,27,47,19,28,37,38,17,65,90,2,25,55,22,29,23,35,5,30,18,79,48,16,15,26,60,92,10,95,59,73,87,44,97,45,34,52,24,49,7,56,11,50,82,84,21,1,12,85,64,39,98,83,36,57,63,70,46,43,77,94,53,4,54,61,51,32,81,8,33,31,3,0,6,76,14,62,20,58]","[169,125,103,121,154,181,174,171,163,148,131,117,146,130,150,173,106,195,107,129,182,186,167,156,157,118,136,101,119,196,143,127,160,177,126,199,110,183,132,191,149,189,152,100,113,155,105,180,161,142,190,165,147,116,114,122,135,138,162,109,141,179,158,104,184,198,124,153,193,123,134,176,166,137,115,112,151,170,172,145]",fb488f6ff36ae7261ab84477f1fbb0541d0b02f69e1997d7065b68c96be73198,80,782455989,1952090340,"[930082,7,2,0,100,200,26]",3003493515,4233183264,[5],"{""5"":0}"
S7,7,930083,100,0.6708203932499369,2,,0,0.0001,0,0,[],[],"[29,50,33,62,58,18,14,55,45,79,84,12,35,72,46,22,16,11,0,25,40,47,66,56,96,4,54,61,83,38,76,52,10,26,27,23,77,64,91,63,3,32,21,15,13,36,51,28,6,39,81,41,87,57,53,1,93,31,30,82,68,98,92,71,74,97,5,59,78,73,17,20,80,49,88,69,89,90,65,94]","[167,113,107,173,147,105,190,196,127,143,132,137,162,134,170,117,136,102,183,164,122,193,108,152,157,103,142,100,115,188,150,198,172,112,156,181,166,135,128,180,121,120,169,187,133,119,118,129,189,111,197,177,130,163,191,192,140,151,159,109,175,155,145,106,125,123,161,195,131,124,179,144,182,184,168,154,171,104,149,148]",58f4cf3d489942795c33efef5853cd3dc574e84e8b4b10b89b8b935bd7a4e533,80,62372896,3746749783,"[930083,7,2,0,100,200,26]",2883389032,4233183264,[5],"{""5"":0}"
S7,7,930084,100,0.6708203932499369,2,,0,0.0001,0,0,[],[],"[55,68,84,0,97,43,91,64,71,1,81,29,46,77,3,13,80,57,82,86,23,85,56,67,66,25,32,16,47,78,24,45,93,15,94,20,19,4,27,26,72,35,10,62,6,22,51,60,74,14,95,87,53,48,9,63,34,28,33,58,70,38,37,52,41,8,96,59,90,88,2,40,83,39,21,69,5,75,54,79]","[195,145,105,183,138,106,173,185,134,144,107,120,141,191,110,101,108,196,140,128,178,126,164,154,175,121,152,189,168,182,155,118,123,113,198,124,115,174,142,102,159,125,133,137,179,139,104,160,150,161,158,103,197,132,181,199,188,119,153,180,192,100,149,193,146,148,129,167,127,135,166,131,172,177,130,151,163,114,186,143]",65c074a13cfc3bf79fa7d500f4eb84c3df71c7bc8a60956cc17e747af7fded0a,80,3291882344,4166892205,"[930084,7,2,0,100,200,26]",2081772941,4233183264,[5],"{""5"":0}"
S7,7,930085,100,0.6708203932499369,2,,0,0.3,121,105,"[2,4,20,35,73,90,92,110,114,129,132,138,146,149,171,176,177,178,183,199,231,249,252,257,267,275,286,302,308,313,314,316,345,349,353,361,378,379,394,436,440,463,489,495,514,524,535,546,552,601,614,615,626,668,693,696,719,723,742,748,753,756,771,797,801,812,818,848,859,867,872,882,903,923,927,929,937,961,964,978,995,1010,1029,1032,1047,1060,1066,1084,1129,1133,1142,1150,1154,1158,1160,1162,1164,1177,1183,1195,1198,1216,1220,1222,1229]","[[2,-1],[4,-1],[20,1],[35,1],[73,-1],[90,1],[92,1],[110,1],[114,-1],[129,-1],[132,1],[138,-1],[146,1],[149,1],[171,1],[176,-1],[177,1],[178,-1],[183,-1],[199,-1],[231,1],[249,-1],[252,-1],[257,-1],[267,1],[275,1],[286,1],[302,1],[308,-1],[313,1],[314,-1],[316,-1],[345,1],[349,1],[353,-1],[361,1],[378,1],[379,-1],[394,-1],[436,1],[440,-1],[463,-1],[489,1],[495,-1],[514,1],[524,-1],[535,-1],[546,-1],[552,-1],[601,-1],[614,-1],[615,-1],[626,1],[668,-1],[693,1],[696,1],[719,-1],[723,1],[742,1],[748,1],[753,1],[756,-1],[771,-1],[797,1],[801,1],[812,-1],[818,1],[848,1],[859,-1],[867,-1],[872,1],[882,-1],[903,-1],[923,-1],[927,1],[929,1],[937,-1],[961,-1],[964,-1],[978,1],[995,-1],[1010,1],[1029,1],[1032,-1],[1047,1],[1060,-1],[1066,-1],[1084,-1],[1129,1],[1133,-1],[1142,-1],[1150,-1],[1154,1],[1158,1],[1160,1],[1162,1],[1164,-1],[1177,-1],[1183,1],[1195,1],[1198,-1],[1216,-1],[1220,1],[1222,-1],[1229,1]]","[22,61,60,96,56,3,49,55,54,79,32,68,8,10,0,20,98,5,97,51,15,29,63,37,7,39,58,86,88,87,17,71,70,50,53,78,80,2,19,27,38,9,67,65,33,36,45,40,76,89,95,26,43,11,62,46,23,48,44,77,18,72,30,28,12,24,74,1,42,93,21,82,25,52,66,13,75,41,90,83]","[140,102,152,184,170,116,183,149,138,182,179,127,118,185,176,141,115,147,190,180,154,145,186,189,177,164,121,178,188,158,181,137,171,128,139,135,122,146,160,157,106,114,156,192,196,175,159,113,120,109,187,174,172,161,169,163,119,124,133,134,195,194,142,104,101,153,126,155,136,198,125,143,132,111,129,117,103,168,131,108]",9727b32ed1bd29356387618667354231a0aaadd9dd15f4a488e1edabb0d1c41a,80,2751778296,2933477259,"[930085,7,2,0,100,200,26]",2587001361,4233183264,[5],"{""5"":0}"
S7,7,930086,100,0.6708203932499369,2,,0,0.0001,0,0,[],[],"[49,73,43,82,91,27,21,28,61,97,6,37,52,87,54,31,5,3,24,66,85,40,92,74,56,83,60,18,17,20,15,53,41,16,45,33,77,84,72,62,99,90,0,51,65,63,12,55,32,75,59,11,39,86,47,22,34,46,14,67,68,8,29,7,38,9,30,42,58,71,94,78,81,44,96,95,80,36,57,79]","[125,148,119,189,162,193,109,182,157,194,171,175,108,158,122,112,104,170,100,159,137,165,163,187,149,139,167,156,138,103,105,154,128,110,102,180,145,135,150,185,107,101,192,199,169,131,127,188,195,196,166,172,168,115,164,179,123,153,184,136,130,118,186,106,113,198,146,176,160,133,177,124,178,117,197,173,114,191,190,143]",0c9a0801a8c52e8fec7ba07300b5e0ae32933b7c9513e26a536b6cc5b18c4ebc,80,1341535417,3880993041,"[930086,7,2,0,100,200,26]",3869426168,4233183264,[5],"{""5"":0}"
S7,7,930087,100,0.6708203932499369,2,,0,0.0001,0,0,[],[],"[68,23,69,89,98,47,62,9,8,70,11,16,97,35,87,34,28,75,84,26,78,61,91,90,24,74,79,0,18,5,80,66,49,38,48,83,30,72,67,46,4,81,33,13,58,55,22,32,2,52,36,59,51,95,94,50,76,96,10,45,99,17,20,77,1,73,44,85,31,21,54,41,71,19,40,7,29,64,93,63]","[109,119,168,177,159,135,144,192,176,190,125,163,199,116,153,188,186,114,129,194,130,104,118,147,187,162,171,139,100,140,152,106,189,148,136,149,142,122,134,156,193,105,103,107,155,137,184,150,174,173,128,170,179,102,120,196,185,113,165,123,154,141,121,182,166,131,132,124,158,115,111,164,151,160,112,172,146,175,127,133]",589ec74cdc193e2c08750e4341e40979acbdccee37ee026dfa0abb4410aa60cf,80,2247596948,862576111,"[930087,7,2,0,100,200,26]",3482142907,4233183264,[5],"{""5"":0}"
S7,7,930088,100,0.6708203932499369,2,,0,0.0001,0,0,[],[],"[18,7,96,88,40,19,45,70,2,87,21,91,82,46,49,94,92,50,60,42,71,76,15,52,13,34,32,65,47,55,83,27,30,14,3,9,77,8,6,10,48,20,25,54,98,53,16,1,58,61,75,43,44,17,78,95,4,81,86,99,69,93,66,36,11,90,0,5,62,67,79,33,64,12,72,89,38,85,22,37]","[115,180,104,151,106,117,164,195,193,186,177,153,100,134,107,148,145,137,172,101,109,150,132,131,112,169,155,188,138,154,187,116,199,133,119,162,163,198,185,179,168,111,175,141,165,136,170,127,178,124,120,183,102,166,174,139,121,192,189,125,173,113,147,114,130,123,157,167,105,191,122,181,149,194,196,160,197,176,156,135]",158bd4b8838068fc7f3ac8303091c3a67ed5be4256eabc424529e0255aec75e6,80,2765346314,3787815937,"[930088,7,2,0,100,200,26]",3972023140,4233183264,[5],"{""5"":0}"
S7,7,930089,100,0.6708203932499369,2,,0,0.0001,0,0,[],[],"[44,31,55,88,13,24,23,21,70,89,3,56,65,72,32,57,37,63,96,98,87,86,12,45,80,71,47,53,84,60,8,42,27,95,18,30,15,94,76,25,0,64,75,43,90,97,1,85,6,91,33,99,58,5,29,26,49,22,17,78,61,10,81,79,19,20,66,48,73,92,59,54,16,46,35,51,83,74,2,82]","[164,149,162,165,122,124,114,177,153,138,119,146,183,166,158,113,121,127,143,132,147,144,185,176,110,117,109,197,174,154,191,107,170,168,134,137,116,193,188,123,135,155,118,108,159,140,129,161,142,172,112,187,194,152,182,157,125,102,105,184,120,171,128,179,145,150,106,148,151,160,136,167,198,180,175,189,173,101,178,195]",7aa821f1b8ad4e20ae98b3c9accd2762dc10fed364246a72c674d689df74ad69,80,2712458547,3859020405,"[930089,7,2,0,100,200,26]",436519650,4233183264,[5],"{""5"":0}"
S7,7,930090,100,0.6708203932499369,2,,0,0.0001,0,0,[],[],"[14,75,30,38,52,99,33,48,77,68,17,20,93,80,61,44,28,11,82,69,45,67,79,51,78,26,15,53,62,94,31,12,13,91,86,8,54,27,39,42,70,37,6,43,58,16,46,35,10,22,1,19,2,25,90,36,89,5,34,95,24,59,71,49,74,88,64,32,72,87,83,50,60,0,57,23,96,21,65,98]","[109,162,102,183,132,135,106,168,123,101,136,131,110,159,165,149,160,130,148,156,111,174,190,192,153,198,129,170,125,184,108,151,178,179,137,193,141,112,169,128,144,121,187,158,188,176,127,115,186,196,114,177,194,138,103,181,152,173,182,163,145,199,155,133,119,189,164,175,146,197,107,191,150,140,139,105,104,180,118,157]",dbf7373fbaaa8088f88b1b516008d998ee040ca2d1ae7493da3ecca718a3c6ac,80,2608915016,3908391975,"[930090,7,2,0,100,200,26]",4066125670,4233183264,[5],"{""5"":0}"
S7,7,930091,100,0.6708203932499369,2,,0,0.3,119,96,"[22,24,35,53,84,90,99,116,126,131,149,181,192,195,204,205,215,223,242,285,287,299,300,302,316,332,335,358,376,394,408,435,447,459,466,469,498,521,524,534,539,545,594,626,662,665,673,677,735,752,755,761,777,787,803,812,821,848,856,859,861,867,868,874,900,906,907,912,923,964,970,971,995,1000,1002,1004,1036,1063,1065,1066,1067,1074,1075,1089,1121,1136,1150,1160,1173,1191,1199,1208,1231,1255,1265,1275]","[[22,1],[24,-1],[35,1],[53,1],[84,1],[90,1],[99,1],[116,1],[126,1],[131,-1],[149,1],[181,-1],[192,1],[195,-1],[204,-1],[205,-1],[215,1],[223,1],[242,1],[285,-1],[287,-1],[299,1],[300,1],[302,1],[316,-1],[332,1],[335,-1],[358,1],[376,1],[394,-1],[408,-1],[435,1],[447,1],[459,1],[466,-1],[469,1],[498,-1],[521,1],[524,-1],[534,1],[539,1],[545,-1],[594,1],[626,1],[662,1],[665,1],[673,1],[677,-1],[735,1],[752,1],[755,-1],[761,-1],[777,1],[787,-1],[803,1],[812,-1],[821,1],[848,1],[856,-1],[859,-1],[861,-1],[867,-1],[868,1],[874,1],[900,-1],[906,1],[907,-1],[912,1],[923,-1],[964,-1],[970,-1],[971,1],[995,-1],[1000,-1],[1002,1],[1004,-1],[1036,1],[1063,-1],[1065,1],[1066,-1],[1067,-1],[1074,-1],[1075,-1],[1089,-1],[1121,-1],[1136,1],[1150,-1],[1160,1],[1173,-1],[1191,1],[1199,-1],[1208,1],[1231,1],[1255,-1],[1265,1],[1275,1]]","[1,61,31,4,11,15,40,44,28,54,30,77,78,36,8,81,96,29,53,42,66,32,12,79,99,60,56,33,63,64,51,49,95,34,16,86,50,76,17,82,0,2,85,91,97,25,92,39,70,19,87,7,45,23,98,24,14,5,89,38,83,80,6,65,67,47,58,69,90,37,74,75,57,26,21,84,68,10,35,43]","[160,116,113,145,109,163,172,180,199,112,142,136,140,111,144,167,107,135,192,195,120,114,115,154,101,191,126,166,149,104,121,171,129,196,106,189,102,186,110,198,152,146,141,137,157,156,150,165,183,119,131,122,117,185,164,188,153,100,161,179,125,158,169,139,174,147,178,194,151,193,118,170,103,168,162,128,105,184,197,173]",159e3fb4fc3d9e3c9dd4675159265a0c8f3f4fd9728427ef7f3c64dad5767f94,80,618358539,1365798209,"[930091,7,2,0,100,200,26]",204943638,4233183264,[5],"{""5"":0}"
S7,7,930092,100,0.6708203932499369,2,,0,0.1,60,37,"[38,61,73,130,165,195,231,251,282,302,308,314,316,329,336,361,394,447,514,614,662,683,700,718,735,772,888,938,995,1004,1066,1150,1157,1164,1228,1229,1275]","[[38,-1],[61,-1],[73,-1],[130,-1],[165,1],[195,-1],[231,1],[251,-1],[282,1],[302,1],[308,-1],[314,-1],[316,-1],[329,1],[336,1],[361,1],[394,-1],[447,1],[514,1],[614,-1],[662,1],[683,-1],[700,-1],[718,1],[735,1],[772,-1],[888,-1],[938,-1],[995,-1],[1004,-1],[1066,-1],[1150,-1],[1157,1],[1164,-1],[1228,1],[1229,1],[1275,1]]","[45,38,52,29,59,68,49,26,42,14,37,50,95,83,18,33,67,81,78,63,3,88,13,97,15,65,92,66,86,5,12,36,32,0,34,61,1,10,96,31,9,77,58,17,7,23,85,93,82,74,99,40,22,84,98,55,16,54,4,2,89,46,76,53,6,91,25,30,71,11,73,64,28,24,35,57,47,39,94,27]","[117,131,140,165,103,108,109,120,192,134,194,195,178,198,182,123,136,169,100,137,175,193,150,152,177,199,153,191,197,127,163,174,156,186,158,138,118,124,190,181,151,142,125,111,170,179,130,122,106,168,128,147,113,148,102,129,187,164,143,139,167,121,132,184,145,176,126,185,112,162,135,105,160,107,196,146,116,171,104,172]",f6743c32de95faaf161a72b50a32753548b7e82f91cc419c6460f9147579f22a,80,193609249,1274787744,"[930092,7,2,0,100,200,26]",1186980860,4233183264,[5],"{""5"":0}"
S7,7,930093,100,0.6708203932499369,2,,0,0.1,55,40,"[5,24,38,73,122,130,169,204,237,240,251,297,313,336,361,376,394,401,447,465,466,514,581,662,665,723,732,752,812,821,848,859,888,994,995,1066,1107,1178,1190,1275]","[[5,1],[24,-1],[38,-1],[73,-1],[122,1],[130,-1],[169,1],[204,-1],[237,-1],[240,1],[251,-1],[297,-1],[313,1],[336,1],[361,1],[376,1],[394,-1],[401,1],[447,1],[465,-1],[466,-1],[514,1],[581,-1],[662,1],[665,1],[723,1],[732,1],[752,1],[812,-1],[821,1],[848,1],[859,-1],[888,-1],[994,1],[995,-1],[1066,-1],[1107,-1],[1178,1],[1190,-1],[1275,1]]","[96,26,4,48,9,64,41,54,23,20,68,86,32,39,30,28,73,94,72,42,44,35,78,91,18,95,27,81,99,10,84,34,65,58,49,51,46,66,71,17,76,87,7,55,79,63,6,1,15,25,47,24,19,38,53,62,8,80,5,37,82,85,70,50,69,13,22,57,61,93,92,29,2,97,98,31,75,88,33,56]","[108,103,164,184,152,178,131,156,139,143,163,166,104,119,127,168,137,165,155,123,172,190,120,161,135,180,116,197,106,118,148,167,134,175,133,138,142,186,158,174,126,169,191,193,154,189,149,171,181,153,198,121,122,188,111,183,101,117,136,173,162,109,100,132,159,125,128,179,114,170,107,113,151,124,129,145,140,196,112,176]",aa1d1a3c60db8b66b8dc3ebd53a2b1873a3112caf2ac890ae3ae1d6586501656,80,1714921475,3909925713,"[930093,7,2,0,100,200,26]",2132235882,4233183264,[5],"{""5"":1}"
S7,7,930094,100,0.6708203932499369,2,,0,0.0001,0,0,[],[],"[3,78,70,85,97,14,37,39,61,83,23,68,89,76,0,24,54,58,36,11,10,17,16,98,2,88,44,43,52,6,53,69,9,77,87,50,82,99,46,65,31,79,18,90,96,47,57,51,80,48,93,13,59,64,42,35,86,81,22,55,27,49,75,92,74,32,12,25,29,4,94,95,84,45,71,8,26,66,19,28]","[196,113,185,120,105,180,166,158,193,170,110,188,132,195,121,156,198,189,139,155,138,183,153,162,179,116,167,181,114,136,150,108,194,129,187,122,119,102,123,159,174,127,161,148,126,163,137,154,184,141,143,145,117,112,199,175,152,168,130,142,109,192,146,101,164,197,103,178,157,135,124,177,104,118,131,107,106,172,100,169]",798f2fdfa83846f7a529b49eedae4752febb8bfd550a3a25e141ace45e78a5f2,80,3405779931,3573439751,"[930094,7,2,0,100,200,26]",210499523,4233183264,[5],"{""5"":0}"
S7,7,930095,100,0.6708203932499369,2,,0,0.0001,0,0,[],[],"[81,98,64,51,47,60,77,62,9,3,63,19,79,30,5,50,59,75,25,93,34,21,69,11,80,31,23,10,7,72,15,91,85,43,12,27,74,88,89,97,57,18,20,52,53,95,16,8,4,28,49,37,56,70,87,32,90,83,38,29,99,92,48,54,2,40,94,71,33,65,17,61,22,58,82,45,55,0,66,67]","[150,105,103,196,124,183,145,180,102,187,115,161,169,148,178,143,125,152,167,189,147,126,174,181,160,158,198,108,133,193,144,114,107,154,163,123,110,195,142,109,140,166,182,188,179,139,100,190,137,146,101,159,157,135,170,199,191,194,112,111,155,120,176,175,136,117,192,131,134,149,118,171,128,153,122,119,164,156,184,168]",20f56f849b24b8ebc71217bf7dad470b87b9faf987a51f712ecec4b95f5d49f1,80,2054397779,560361919,"[930095,7,2,0,100,200,26]",2853782376,4233183264,[5],"{""5"":0}"
S7,7,930096,100,0.6708203932499369,2,,0,0.0001,0,0,[],[],"[7,48,10,80,92,25,61,17,79,95,56,99,38,41,98,49,77,28,44,16,35,12,83,15,68,53,93,58,23,32,87,9,90,4,43,70,40,14,34,24,27,96,2,31,37,52,66,94,1,82,54,13,36,50,57,72,69,0,85,29,30,64,60,67,19,55,78,45,59,3,26,86,51,63,39,33,65,84,21,46]","[152,160,138,180,182,190,137,116,141,173,198,196,159,128,175,166,189,117,151,102,131,145,122,171,154,148,140,124,113,103,185,191,197,195,194,146,107,149,130,169,165,164,101,126,135,143,167,177,115,125,158,123,199,183,139,184,174,162,109,105,192,129,100,136,179,147,188,106,111,176,172,181,187,114,155,170,168,157,156,120]",4f68127e48fa6794ac404ca3717a15e6e3e8cfd9fe7237f5fdb05d5fbaf1edfc,80,3632147466,3510877519,"[930096,7,2,0,100,200,26]",4143104487,4233183264,[5],"{""5"":0}"
S7,7,930097,100,0.6708203932499369,2,,0,0.1,59,45,"[7,22,35,73,91,92,116,174,194,195,245,251,267,302,309,326,378,394,396,423,427,445,522,524,546,626,662,707,723,735,740,837,867,871,911,931,942,983,1004,1029,1062,1066,1115,1117,1190]","[[7,1],[22,1],[35,1],[73,-1],[91,1],[92,1],[116,1],[174,1],[194,1],[195,-1],[245,-1],[251,-1],[267,1],[302,1],[309,1],[326,-1],[378,1],[394,-1],[396,1],[423,1],[427,-1],[445,-1],[522,-1],[524,-1],[546,-1],[626,1],[662,1],[707,1],[723,1],[735,1],[740,1],[837,1],[867,-1],[871,-1],[911,1],[931,1],[942,-1],[983,1],[1004,-1],[1029,1],[1062,-1],[1066,-1],[1115,1],[1117,1],[1190,-1]]","[44,33,11,15,29,71,79,12,59,82,1,72,40,22,20,60,64,7,54,17,51,30,95,35,28,23,18,2,13,63,43,47,19,61,85,46,89,58,27,86,37,38,57,78,96,24,94,81,5,65,77,84,9,97,87,25,10,6,70,21,32,93,98,42,73,49,48,56,3,34,52,80,31,14,69,45,41,62,0,74]","[162,136,189,116,174,125,153,155,114,119,187,159,106,163,191,113,115,147,134,121,182,169,166,128,103,157,146,180,185,144,141,143,183,132,186,154,178,102,168,137,151,198,124,177,199,130,176,194,167,129,117,131,118,181,145,139,142,197,127,123,105,111,160,172,109,161,126,190,196,107,175,184,110,179,122,133,101,165,152,188]",6da30f1a35e9974c115cac75ac3d2178c6065610eec9659ea4bf4f6eb58e3b77,80,499482680,1944038218,"[930097,7,2,0,100,200,26]",2707975460,4233183264,[5],"{""5"":0}"
S7,7,930098,100,0.6708203932499369,2,,0,0.0001,0,0,[],[],"[43,11,51,49,57,54,41,96,62,15,16,83,89,55,87,31,47,10,26,12,76,75,4,50,86,22,69,68,8,80,45,1,60,32,95,97,82,93,34,99,73,48,70,6,5,52,78,53,92,42,84,59,61,72,24,77,2,38,98,13,37,39,81,36,94,28,58,56,17,66,44,35,90,14,7,23,19,85,33,88]","[101,119,177,174,132,152,185,145,144,137,141,194,154,171,129,124,104,150,167,188,133,147,175,149,196,146,199,117,173,156,181,170,159,139,180,135,184,158,143,186,138,163,110,190,114,148,126,198,195,111,165,179,112,162,172,182,134,107,102,178,120,157,105,106,187,108,183,153,189,191,151,125,168,116,193,142,128,136,155,164]",c9d08d8dff1dd661d3571523097309c61218eb33f64ed20774025ba6ebdebb84,80,393941540,1047009592,"[930098,7,2,0,100,200,26]",2889471185,4233183264,[5],"{""5"":0}"
S7,7,930099,100,0.6708203932499369,2,,0,0.0001,0,0,[],[],"[62,58,54,4,92,99,65,31,42,22,35,67,30,21,28,47,26,95,91,3,14,36,32,80,68,11,5,60,34,24,0,7,16,13,38,94,73,83,9,97,90,59,74,70,50,82,27,66,37,44,41,39,64,48,96,1,33,15,55,6,52,25,46,81,76,71,88,98,53,79,93,29,18,63,20,72,57,56,10,75]","[144,157,175,186,128,120,142,134,165,109,161,177,147,158,129,153,112,154,121,145,180,102,113,150,178,148,124,166,194,183,146,152,138,179,193,104,151,132,196,110,137,184,130,126,189,100,195,111,106,101,155,192,131,115,143,149,163,174,198,190,197,172,127,156,136,117,103,171,122,164,168,123,140,114,133,176,139,108,162,191]",c26dbfb02b9d3d3f8ec760969c0985f551d2edcad27f62e255d697c86c18717e,80,2906612528,2227977312,"[930099,7,2,0,100,200,26]",2091453806,4233183264,[5],"{""5"":0}"
S7,7,930100,100,0.6708203932499369,2,,0,0.1,64,46,"[5,12,24,35,38,40,53,73,92,100,118,130,148,154,197,237,251,257,267,302,313,394,408,447,489,546,576,587,600,667,710,812,923,925,964,978,990,995,1046,1107,1129,1136,1154,1177,1247,1277]","[[5,-1],[12,-1],[24,-1],[35,1],[38,-1],[40,1],[53,1],[73,-1],[92,1],[100,-1],[118,-1],[130,-1],[148,1],[154,-1],[197,1],[237,-1],[251,-1],[257,-1],[267,1],[302,1],[313,1],[394,-1],[408,-1],[447,1],[489,1],[546,-1],[576,-1],[587,-1],[600,1],[667,1],[710,1],[812,-1],[923,-1],[925,-1],[964,-1],[978,1],[990,-1],[995,-1],[1046,1],[1107,-1],[1129,1],[1136,1],[1154,1],[1177,-1],[1247,-1],[1277,-1]]","[38,15,70,90,89,41,98,35,3,29,51,1,13,28,18,60,5,9,61,80,0,23,19,7,65,10,2,50,6,46,56,88,48,79,68,16,39,73,21,11,31,47,37,27,66,96,45,12,43,99,64,40,25,42,32,71,26,30,74,92,93,91,55,44,84,78,36,33,4,57,85,69,17,20,63,59,94,34,62,54]","[193,126,153,149,172,120,111,166,171,194,136,187,108,133,129,140,178,176,163,185,125,195,113,156,180,119,181,128,122,146,141,168,199,134,123,124,162,138,157,148,137,154,102,188,150,155,110,175,115,170,112,152,192,145,118,106,191,132,105,160,158,189,151,139,147,161,117,135,142,179,197,127,131,173,198,101,196,183,114,107]",3b6dcea6008e3025457745aa5e8bd9f646f2c023e0eb2a6a0647b483b33f5369,80,2386164635,4092270443,"[930100,7,2,0,100,200,26]",779345435,4233183264,[5],"{""5"":-1}"
