scenario,scenario_id,diagnostic_seed,target_n,tau,tau_index,rho,rho_index,selected_C_R2,K_t_full,K_t_stab,stability_support_indices_json,stability_signed_support_json,stability_positive_membership_json,stability_negative_membership_json,stability_membership_sha256,stability_n_per_class,stage_A_final_fit_seed,stage_B_fit_seed,stability_subsample_seed_identity_json,stability_fit_seed,dataset_seed,planted_sign_instability_idx_json,planted_coordinate_signs_json
S7,7,930001,120,0.894427190999916,3,,0,0.3,138,102,"[0,1,2,3,4,27,49,60,71,89,102,104,112,156,163,178,182,183,187,239,244,249,287,297,307,308,310,314,324,327,341,354,391,394,398,415,417,429,447,464,484,512,519,554,555,583,590,595,602,621,628,630,653,663,666,668,736,761,763,766,768,782,783,801,802,834,840,858,867,869,879,881,890,916,946,978,980,997,1012,1016,1057,1111,1113,1135,1138,1155,1164,1171,1177,1198,1203,1206,1209,1217,1221,1222,1235,1250,1251,1263,1272,1275]","[[0,1],[1,1],[2,-1],[3,1],[4,-1],[27,-1],[49,1],[60,-1],[71,1],[89,-1],[102,-1],[104,1],[112,-1],[156,-1],[163,-1],[178,-1],[182,-1],[183,1],[187,-1],[239,-1],[244,1],[249,1],[287,-1],[297,1],[307,-1],[308,1],[310,1],[314,-1],[324,1],[327,-1],[341,1],[354,-1],[391,-1],[394,-1],[398,1],[415,1],[417,1],[429,-1],[447,-1],[464,1],[484,-1],[512,1],[519,-1],[554,1],[555,1],[583,1],[590,1],[595,-1],[602,1],[621,1],[628,1],[630,-1],[653,1],[663,1],[666,1],[668,-1],[736,1],[761,-1],[763,-1],[766,1],[768,1],[782,-1],[783,1],[801,-1],[802,-1],[834,-1],[840,1],[858,1],[867,-1],[869,-1],[879,-1],[881,1],[890,1],[916,-1],[946,-1],[978,-1],[980,1],[997,-1],[1012,1],[1016,1],[1057,1],[1111,-1],[1113,-1],[1135,-1],[1138,1],[1155,-1],[1164,1],[1171,-1],[1177,1],[1198,-1],[1203,-1],[1206,1],[1209,-1],[1217,-1],[1221,-1],[1222,1],[1235,1],[1250,-1],[1251,-1],[1263,1],[1272,1],[1275,1]]","[50,76,41,29,51,85,114,57,35,55,90,3,117,96,98,80,68,15,27,115,7,13,64,95,58,71,97,1,54,28,31,18,89,43,113,33,39,73,14,53,42,92,37,11,84,9,0,19,116,46,65,34,82,32,62,103,101,100,81,25,110,56,22,45,30,104,10,93,78,20,88,60,119,118,111,83,102,47,99,108,77,107,38,69,44,87,49,61,86,63,67,6,74,23,70,12]","[196,210,237,158,135,208,126,132,144,134,153,184,207,164,129,123,125,232,216,191,131,213,133,199,221,238,189,140,176,149,159,222,230,209,201,141,165,206,228,239,181,163,214,138,162,155,183,220,231,198,121,185,202,177,193,186,157,227,160,122,161,194,200,147,235,192,226,143,203,128,136,124,179,169,205,180,215,219,173,150,229,218,234,168,137,170,190,223,120,151,224,146,178,167,142,145]",ad9bb72446d120d3d035f9dd7b02237ce7d3f6bd51ab35df156bd85418eefa53,96,2375641076,252028885,"[930001,7,3,0,120,200,26]",679526744,9855872,[5],"{""5"":0}"
S7,7,930002,120,0.894427190999916,3,,0,0.1,72,59,"[0,1,2,27,35,88,158,163,187,232,234,236,249,304,307,314,320,326,327,332,391,408,452,464,481,483,553,583,602,627,628,653,663,699,722,729,736,739,761,763,767,768,842,858,916,934,992,1089,1113,1114,1138,1167,1171,1173,1209,1235,1251,1256,1266]","[[0,1],[1,1],[2,-1],[27,-1],[35,-1],[88,1],[158,1],[163,-1],[187,-1],[232,1],[234,1],[236,-1],[249,1],[304,-1],[307,-1],[314,-1],[320,1],[326,-1],[327,-1],[332,-1],[391,-1],[408,-1],[452,-1],[464,1],[481,-1],[483,-1],[553,-1],[583,1],[602,1],[627,-1],[628,1],[653,1],[663,1],[699,1],[722,-1],[729,-1],[736,1],[739,1],[761,-1],[763,-1],[767,1],[768,1],[842,1],[858,1],[916,-1],[934,1],[992,1],[1089,1],[1113,-1],[1114,-1],[1138,1],[1167,-1],[1171,-1],[1173,1],[1209,-1],[1235,1],[1251,-1],[1256,1],[1266,1]]","[73,88,102,37,71,95,45,91,24,56,61,94,89,14,103,0,10,4,65,33,27,68,35,52,13,119,79,2,108,67,5,53,31,11,110,113,29,97,112,76,30,69,90,22,12,80,8,62,106,18,9,43,20,46,105,64,111,17,36,15,96,82,32,63,70,117,66,19,118,101,60,100,83,114,6,85,107,78,72,25,109,42,81,34,75,57,21,116,1,99,47,59,16,3,115,54]","[146,180,201,149,122,139,133,195,191,172,179,216,181,196,186,208,202,197,187,167,138,212,194,147,232,166,183,211,171,200,120,132,229,227,193,127,150,128,230,231,156,162,174,217,237,135,199,185,233,158,168,206,215,205,214,223,145,126,154,198,134,159,121,169,130,124,235,165,148,151,210,234,125,142,175,141,219,123,221,188,137,239,176,190,160,228,207,203,155,163,144,129,136,225,178,170]",3c927b31ec0ab649815bc2d201a5b15a5ab80f9cdb751a13c8e49ef966fb0796,96,1070530936,2071361315,"[930002,7,3,0,120,200,26]",3519349056,9855872,[5],"{""5"":0}"
S7,7,930003,120,0.894427190999916,3,,0,0.1,68,46,"[0,1,2,4,5,23,27,130,157,163,190,307,322,326,415,430,447,494,529,549,563,596,602,628,653,655,659,693,699,700,761,767,789,808,838,842,982,1022,1042,1072,1171,1198,1209,1217,1220,1244]","[[0,1],[1,1],[2,-1],[4,-1],[5,1],[23,-1],[27,-1],[130,-1],[157,1],[163,-1],[190,1],[307,-1],[322,-1],[326,-1],[415,1],[430,1],[447,-1],[494,-1],[529,-1],[549,-1],[563,1],[596,1],[602,1],[628,1],[653,1],[655,-1],[659,-1],[693,-1],[699,1],[700,1],[761,-1],[767,1],[789,1],[808,1],[838,1],[842,1],[982,1],[1022,-1],[1042,-1],[1072,-1],[1171,-1],[1198,-1],[1209,-1],[1217,-1],[1220,-1],[1244,1]]","[66,2,108,67,91,94,116,115,82,92,70,5,88,72,62,64,12,57,7,47,96,22,39,101,23,107,80,74,71,13,59,60,53,100,9,41,0,14,37,4,109,84,118,99,69,87,50,112,113,32,33,65,114,77,20,95,29,40,68,25,46,43,61,102,63,90,78,49,45,35,36,83,16,58,56,89,19,15,54,98,38,119,73,103,21,79,86,28,11,10,1,81,24,44,76,110]","[197,193,239,151,173,139,225,222,199,166,158,169,157,129,153,190,231,181,189,180,167,164,192,234,172,220,148,209,149,127,201,229,135,224,204,226,159,194,205,235,123,122,165,182,211,130,215,126,162,174,133,144,213,145,128,124,203,179,143,233,221,171,170,228,140,141,156,218,175,236,196,134,195,183,223,216,142,168,136,191,146,137,177,208,176,163,150,132,217,214,238,232,154,227,155,212]",91682dbbd8a3995bc772fa6632bc79aa7dca477778d4ae6b7ebaf45ba88dfdb6,96,141893411,1008433401,"[930003,7,3,0,120,200,26]",3524255925,9855872,[5],"{""5"":1}"
S7,7,930004,120,0.894427190999916,3,,0,0.1,72,55,"[0,1,2,3,57,97,163,235,240,249,274,314,324,326,333,361,415,494,500,512,549,551,599,602,628,663,698,736,761,766,768,805,838,855,870,890,894,915,934,976,1016,1026,1048,1057,1069,1118,1141,1158,1171,1175,1196,1197,1198,1209,1217]","[[0,1],[1,1],[2,-1],[3,1],[57,-1],[97,-1],[163,-1],[235,-1],[240,1],[249,1],[274,-1],[314,-1],[324,1],[326,-1],[333,-1],[361,1],[415,1],[494,-1],[500,1],[512,1],[549,-1],[551,-1],[599,1],[602,1],[628,1],[663,1],[698,1],[736,1],[761,-1],[766,1],[768,1],[805,1],[838,1],[855,1],[870,1],[890,1],[894,1],[915,-1],[934,1],[976,1],[1016,1],[1026,1],[1048,-1],[1057,1],[1069,1],[1118,1],[1141,-1],[1158,1],[1171,-1],[1175,1],[1196,1],[1197,-1],[1198,-1],[1209,-1],[1217,-1]]","[21,109,73,74,117,90,36,99,35,43,72,65,104,25,61,79,66,42,39,100,32,108,7,101,18,55,47,41,78,68,95,116,8,67,97,98,51,15,57,85,23,11,33,34,48,9,82,107,12,50,30,91,45,102,112,64,46,81,84,38,19,2,56,70,22,110,105,28,60,6,92,53,10,24,69,71,17,0,94,20,119,58,87,118,80,83,49,106,54,75,1,13,89,16,113,77]","[235,194,220,152,200,159,131,147,239,173,199,132,124,154,224,180,217,209,185,201,189,208,190,160,179,227,186,166,150,182,212,153,191,168,206,207,169,139,181,210,165,149,126,222,146,177,214,213,161,130,167,198,141,204,134,176,192,133,136,125,172,226,163,233,158,230,175,218,128,211,223,127,129,148,202,188,171,203,234,164,122,155,219,137,135,123,145,196,174,195,238,232,229,193,121,197]",c87c390683e9850847f7eb02028736703c9175b94eabe4201e12e2dc7a68b5a1,96,4027382910,1523756033,"[930004,7,3,0,120,200,26]",2687635481,9855872,[5],"{""5"":0}"
S7,7,930005,120,0.894427190999916,3,,0,0.0001,0,0,[],[],"[31,69,36,29,54,82,99,62,97,12,51,34,24,57,100,76,98,63,8,22,77,17,32,67,93,21,108,109,119,6,83,74,44,90,41,111,59,101,37,104,113,48,89,94,84,19,13,107,2,78,30,20,23,81,85,64,39,16,118,1,55,114,72,14,73,18,50,60,27,79,25,28,75,88,58,116,86,7,105,43,117,87,11,26,71,65,91,38,103,68,70,0,106,66,9,56]","[138,188,209,157,180,223,182,161,142,121,187,123,130,239,171,198,153,211,195,158,176,186,146,214,131,165,200,233,190,167,208,196,162,226,189,234,169,122,143,227,210,219,206,148,141,132,191,221,156,218,140,145,137,222,201,174,149,128,193,150,230,207,216,178,147,160,175,232,217,213,172,231,136,237,135,125,202,177,235,205,212,194,220,173,204,179,134,144,129,203,124,181,236,155,154,238]",61dfa568677f635258b48d27ed30863df40a34b5cdd052462e319e8a5be8ed06,96,1163259504,454638596,"[930005,7,3,0,120,200,26]",530317046,9855872,[5],"{""5"":0}"
S7,7,930006,120,0.894427190999916,3,,0,0.1,65,53,"[0,1,2,3,4,23,27,49,157,182,208,249,307,314,327,403,447,473,519,590,599,602,628,663,707,728,730,736,761,763,777,836,838,842,846,886,890,899,916,959,992,1048,1085,1112,1138,1171,1177,1196,1198,1209,1217,1251,1270]","[[0,1],[1,1],[2,-1],[3,1],[4,-1],[23,-1],[27,-1],[49,1],[157,1],[182,-1],[208,1],[249,1],[307,-1],[314,-1],[327,-1],[403,1],[447,-1],[473,1],[519,-1],[590,1],[599,1],[602,1],[628,1],[663,1],[707,-1],[728,1],[730,1],[736,1],[761,-1],[763,-1],[777,1],[836,-1],[838,1],[842,1],[846,-1],[886,1],[890,1],[899,-1],[916,-1],[959,1],[992,1],[1048,-1],[1085,1],[1112,1],[1138,1],[1171,-1],[1177,1],[1196,1],[1198,-1],[1209,-1],[1217,-1],[1251,-1],[1270,1]]","[81,44,119,69,92,27,115,7,23,14,118,34,56,21,73,85,25,106,76,74,55,75,111,49,95,24,117,70,16,72,30,97,67,28,64,29,103,35,78,80,9,96,13,51,109,102,41,38,63,104,17,11,94,66,91,58,36,107,57,39,90,68,31,12,59,116,114,33,105,100,82,15,45,32,37,110,8,79,3,46,1,84,43,98,2,88,93,77,89,19,53,20,83,6,50,60]","[196,183,193,158,205,239,236,167,159,142,127,134,192,145,182,181,180,146,233,126,141,130,189,231,199,163,207,235,184,229,232,215,165,195,211,129,218,164,185,143,173,155,220,227,214,154,179,219,133,194,204,237,216,177,120,223,161,217,201,225,234,148,153,203,168,190,202,198,152,131,171,238,210,209,166,212,123,137,149,124,147,230,139,172,125,186,178,221,162,157,138,135,151,122,144,174]",0db6c04cadf21e7137cbecbb20908d879b7d2d059c62bbb4be280bf40674cf25,96,373994074,4082268871,"[930006,7,3,0,120,200,26]",4033494598,9855872,[5],"{""5"":0}"
S7,7,930007,120,0.894427190999916,3,,0,0.1,74,58,"[0,1,2,3,4,5,27,37,151,182,187,249,297,314,320,322,326,327,341,412,415,440,447,512,554,561,602,628,655,663,671,699,736,766,768,791,838,840,855,890,902,954,978,997,1030,1037,1119,1120,1138,1167,1171,1173,1175,1179,1186,1196,1209,1275]","[[0,1],[1,1],[2,-1],[3,1],[4,-1],[5,1],[27,-1],[37,1],[151,-1],[182,-1],[187,-1],[249,1],[297,1],[314,-1],[320,1],[322,-1],[326,-1],[327,-1],[341,1],[412,1],[415,1],[440,-1],[447,-1],[512,1],[554,1],[561,-1],[602,1],[628,1],[655,-1],[663,1],[671,-1],[699,1],[736,1],[766,1],[768,1],[791,-1],[838,1],[840,1],[855,1],[890,1],[902,-1],[954,1],[978,-1],[997,-1],[1030,1],[1037,-1],[1119,-1],[1120,-1],[1138,1],[1167,-1],[1171,-1],[1173,1],[1175,1],[1179,1],[1186,1],[1196,1],[1209,-1],[1275,1]]","[107,37,96,13,43,9,39,33,85,57,118,2,114,10,6,87,26,11,53,52,104,105,40,3,115,49,45,24,65,80,117,102,27,44,38,89,95,93,86,94,48,67,41,5,62,91,17,14,55,106,108,8,101,84,56,111,79,20,109,16,98,88,119,82,116,51,100,78,29,81,97,61,99,4,92,42,35,47,69,30,113,63,50,34,110,15,32,73,23,7,22,58,71,72,74,66]","[235,123,150,215,142,192,187,178,214,194,162,151,197,127,193,195,229,174,131,213,153,152,135,158,128,125,139,224,190,217,212,225,166,165,155,236,130,173,154,134,132,232,140,191,163,138,161,196,219,239,181,137,143,156,218,184,144,203,171,160,221,222,186,169,180,189,207,157,176,199,170,206,223,237,172,121,211,133,124,198,148,145,202,168,234,230,185,146,205,164,129,147,226,179,183,228]",2208c2e3cceec9aae2a6276bfa4ca89dbd784a3ea2137854b7aad9df2b1a5141,96,2273372258,4105133200,"[930007,7,3,0,120,200,26]",1210597575,9855872,[5],"{""5"":1}"
S7,7,930008,120,0.894427190999916,3,,0,0.3,136,106,"[0,2,3,30,38,39,54,57,68,74,130,139,152,178,187,224,235,239,240,262,284,287,313,314,324,333,335,359,362,365,367,368,375,415,422,447,473,481,485,486,502,503,518,531,537,551,555,559,574,589,602,606,607,628,655,663,671,677,688,715,722,725,728,736,743,746,755,761,763,764,768,772,783,789,834,838,842,846,851,867,886,890,915,954,964,971,1022,1057,1061,1085,1104,1121,1175,1179,1190,1198,1209,1217,1222,1240,1241,1242,1244,1255,1258,1264]","[[0,1],[2,-1],[3,1],[30,-1],[38,-1],[39,-1],[54,-1],[57,-1],[68,1],[74,-1],[130,-1],[139,-1],[152,1],[178,-1],[187,-1],[224,-1],[235,-1],[239,-1],[240,1],[262,-1],[284,-1],[287,-1],[313,-1],[314,-1],[324,1],[333,-1],[335,1],[359,-1],[362,-1],[365,-1],[367,-1],[368,-1],[375,1],[415,1],[422,-1],[447,-1],[473,1],[481,-1],[485,-1],[486,-1],[502,-1],[503,-1],[518,-1],[531,-1],[537,-1],[551,-1],[555,1],[559,1],[574,1],[589,1],[602,1],[606,-1],[607,1],[628,1],[655,-1],[663,1],[671,-1],[677,1],[688,1],[715,1],[722,-1],[725,1],[728,1],[736,1],[743,1],[746,1],[755,-1],[761,-1],[763,-1],[764,1],[768,1],[772,1],[783,1],[789,1],[834,-1],[838,1],[842,1],[846,-1],[851,-1],[867,-1],[886,1],[890,1],[915,-1],[954,1],[964,1],[971,1],[1022,-1],[1057,1],[1061,-1],[1085,1],[1104,-1],[1121,1],[1175,1],[1179,1],[1190,-1],[1198,-1],[1209,-1],[1217,-1],[1222,1],[1240,1],[1241,-1],[1242,1],[1244,1],[1255,-1],[1258,-1],[1264,1]]","[13,58,22,86,8,46,88,52,105,56,83,69,90,42,44,78,47,31,5,61,111,41,64,49,54,14,43,7,77,24,1,55,40,25,63,70,37,74,114,16,26,27,11,2,30,38,117,32,100,71,115,28,75,3,20,50,76,92,99,29,107,9,65,21,103,10,81,0,18,34,85,96,97,104,113,89,4,94,35,57,19,15,36,73,116,53,82,93,60,62,68,39,48,33,51,101]","[172,183,218,210,224,202,124,120,237,126,220,175,186,231,136,161,229,211,180,138,206,130,209,187,178,148,217,149,234,232,152,207,166,228,215,139,162,140,158,185,174,122,236,151,204,196,171,147,213,230,223,143,219,208,225,133,176,238,216,199,131,170,163,197,235,201,181,205,169,191,214,168,123,192,222,135,154,239,141,200,194,137,121,179,182,173,146,193,145,144,167,233,160,198,155,184]",fc5429526c4b7a1b1d5b0e74147d7fcf9ac1e2c103390940da0f51e5b308f486,96,1916752495,212679345,"[930008,7,3,0,120,200,26]",3745937845,9855872,[5],"{""5"":0}"
S7,7,930009,120,0.894427190999916,3,,0,0.1,78,56,"[0,1,2,3,4,23,66,92,124,152,163,164,210,297,314,323,324,391,394,397,415,437,447,464,519,582,590,597,602,606,628,637,655,729,761,766,768,796,808,838,842,954,980,985,997,1026,1053,1069,1090,1175,1196,1209,1217,1240,1244,1266]","[[0,1],[1,1],[2,-1],[3,1],[4,-1],[23,-1],[66,1],[92,1],[124,-1],[152,1],[163,-1],[164,-1],[210,-1],[297,1],[314,-1],[323,-1],[324,1],[391,-1],[394,-1],[397,1],[415,1],[437,1],[447,-1],[464,1],[519,-1],[582,1],[590,1],[597,-1],[602,1],[606,-1],[628,1],[637,-1],[655,-1],[729,-1],[761,-1],[766,1],[768,1],[796,1],[808,1],[838,1],[842,1],[954,1],[980,1],[985,-1],[997,-1],[1026,1],[1053,-1],[1069,1],[1090,-1],[1175,1],[1196,1],[1209,-1],[1217,-1],[1240,1],[1244,1],[1266,1]]","[117,3,29,52,59,105,95,96,109,79,71,82,70,51,43,93,94,75,23,11,98,42,40,78,8,90,36,10,116,60,38,55,80,100,12,108,106,4,118,31,102,45,53,113,44,17,22,41,73,111,34,56,6,68,54,64,50,104,87,83,49,57,107,14,114,67,21,101,76,18,5,35,99,91,24,13,66,72,86,37,74,19,63,15,112,61,119,2,20,0,65,58,88,81,7,27]","[149,199,134,126,145,133,161,121,143,157,148,172,122,176,144,215,186,140,141,227,151,182,187,170,196,190,235,128,167,130,206,175,137,230,127,211,221,129,173,180,150,236,138,201,171,168,226,220,156,181,146,152,234,209,233,123,231,210,239,217,237,216,136,162,203,218,208,224,185,205,198,132,188,131,225,189,124,192,202,193,158,194,177,184,213,232,238,154,191,153,214,147,178,160,207,179]",1d032a7c4cbe0586fd59e3d376b128dcd9bae5f68b847477a3a4060b03457849,96,2188118214,3797791412,"[930009,7,3,0,120,200,26]",1455888550,9855872,[5],"{""5"":0}"
S7,7,930010,120,0.894427190999916,3,,0,0.1,73,56,"[0,1,2,3,4,27,73,124,142,155,163,187,202,307,314,326,343,363,392,402,483,518,551,554,563,594,602,628,653,663,666,699,722,729,761,777,789,838,890,955,997,1037,1041,1061,1120,1138,1149,1171,1173,1175,1196,1198,1209,1217,1231,1242]","[[0,1],[1,1],[2,-1],[3,1],[4,-1],[27,-1],[73,1],[124,-1],[142,1],[155,-1],[163,-1],[187,-1],[202,-1],[307,-1],[314,-1],[326,-1],[343,1],[363,1],[392,-1],[402,1],[483,-1],[518,-1],[551,-1],[554,1],[563,1],[594,-1],[602,1],[628,1],[653,1],[663,1],[666,1],[699,1],[722,-1],[729,-1],[761,-1],[777,1],[789,1],[838,1],[890,1],[955,1],[997,-1],[1037,-1],[1041,1],[1061,-1],[1120,-1],[1138,1],[1149,-1],[1171,-1],[1173,1],[1175,1],[1196,1],[1198,-1],[1209,-1],[1217,-1],[1231,-1],[1242,1]]","[72,24,81,100,73,13,112,20,17,8,22,67,53,78,77,114,28,12,99,92,88,63,27,79,42,39,119,104,1,118,46,14,95,18,48,44,94,7,35,2,62,45,9,116,34,66,19,16,84,80,83,36,21,113,4,103,74,91,40,106,31,59,98,51,117,52,105,23,58,97,29,38,6,82,76,107,93,61,90,15,0,11,57,49,37,55,70,85,30,87,109,101,86,47,110,69]","[229,205,187,216,170,206,137,234,143,180,225,218,126,217,181,121,238,152,138,230,149,159,213,224,236,211,174,232,214,162,173,144,193,179,184,207,145,237,123,129,168,178,164,185,167,171,161,132,163,226,221,136,189,188,157,233,176,203,212,133,228,141,134,154,128,125,194,165,196,130,222,135,186,166,140,198,204,177,127,208,220,235,231,199,201,169,191,160,158,150,195,124,147,210,215,139]",8c783c3f5b663392725f24492fcc931287f2a49946ebfd0ed0fd9f0ed172c996,96,2283170458,1175889278,"[930010,7,3,0,120,200,26]",2627104070,9855872,[5],"{""5"":0}"
S7,7,930011,120,0.894427190999916,3,,0,0.1,75,58,"[0,1,2,3,4,121,163,193,234,249,263,267,271,292,314,323,326,397,412,415,447,483,621,626,628,655,663,666,668,699,725,730,736,737,748,761,766,792,842,852,890,894,921,954,985,997,1082,1088,1138,1141,1154,1167,1203,1209,1217,1227,1235,1242]","[[0,1],[1,1],[2,-1],[3,1],[4,-1],[121,-1],[163,-1],[193,1],[234,1],[249,1],[263,-1],[267,-1],[271,1],[292,1],[314,-1],[323,-1],[326,-1],[397,1],[412,1],[415,1],[447,-1],[483,-1],[621,1],[626,-1],[628,1],[655,-1],[663,1],[666,1],[668,-1],[699,1],[725,1],[730,1],[736,1],[737,1],[748,-1],[761,-1],[766,1],[792,1],[842,1],[852,1],[890,1],[894,1],[921,-1],[954,1],[985,-1],[997,-1],[1082,1],[1088,1],[1138,1],[1141,-1],[1154,1],[1167,-1],[1203,-1],[1209,-1],[1217,-1],[1227,-1],[1235,1],[1242,1]]","[45,107,3,67,68,50,113,15,72,54,112,108,76,36,61,28,83,55,57,21,114,87,109,9,29,104,80,70,81,75,78,97,111,62,49,19,33,65,43,40,27,4,10,59,92,23,42,60,105,106,24,63,79,66,100,74,52,88,119,77,20,18,13,82,17,91,110,69,7,118,99,56,86,47,14,64,11,2,48,51,71,12,1,85,90,5,6,53,101,102,89,16,73,30,93,46]","[170,169,228,166,215,165,211,235,219,171,175,168,216,125,183,135,210,147,144,198,209,200,218,220,159,177,148,238,222,136,131,224,160,229,138,196,233,158,155,234,142,186,214,122,236,181,141,182,153,146,140,143,137,129,128,221,203,192,239,225,121,197,189,195,151,172,150,127,226,164,163,176,199,154,204,202,145,206,194,130,193,180,227,123,133,167,156,184,232,191,149,162,187,157,161,208]",8e68dcc9b42dd240d5da31f6156dff3f0f489fd7a693c309dcc2f5bd6f2d858d,96,2332092067,2041862334,"[930011,7,3,0,120,200,26]",1798565614,9855872,[5],"{""5"":0}"
S7,7,930012,120,0.894427190999916,3,,0,0.1,70,45,"[0,1,2,3,4,5,37,57,163,182,219,314,326,348,430,437,438,447,554,602,628,635,663,729,736,761,763,796,828,846,915,916,954,997,1050,1061,1113,1155,1167,1175,1196,1203,1209,1217,1242]","[[0,1],[1,1],[2,-1],[3,1],[4,-1],[5,1],[37,1],[57,-1],[163,-1],[182,-1],[219,-1],[314,-1],[326,-1],[348,1],[430,1],[437,1],[438,-1],[447,-1],[554,1],[602,1],[628,1],[635,1],[663,1],[729,-1],[736,1],[761,-1],[763,-1],[796,1],[828,-1],[846,-1],[915,-1],[916,-1],[954,1],[997,-1],[1050,1],[1061,-1],[1113,-1],[1155,-1],[1167,-1],[1175,1],[1196,1],[1203,-1],[1209,-1],[1217,-1],[1242,1]]","[47,80,105,4,32,48,73,56,81,91,87,54,103,31,115,25,30,84,24,59,100,27,102,113,10,66,106,33,16,40,20,75,69,1,86,72,58,23,41,71,99,108,79,14,112,110,76,55,83,111,60,95,8,19,92,11,88,49,61,64,37,35,116,98,21,50,96,9,43,39,68,22,85,77,15,63,2,109,7,107,97,82,94,67,0,28,57,52,114,36,18,70,3,34,51,104]","[121,132,165,187,164,186,199,222,167,159,174,204,190,151,163,128,178,143,158,209,193,185,202,188,142,236,173,147,239,138,148,149,219,134,166,127,225,194,230,205,189,131,152,156,155,201,203,238,212,122,235,133,161,233,195,125,181,234,140,130,150,145,221,126,232,175,124,211,213,208,146,229,237,214,144,171,197,123,139,191,218,217,196,141,223,162,216,224,180,168,231,215,169,192,153,172]",78aadc73708ce7a6854d26b75523994901eb202687a9337697c332db101d461d,96,4202984876,1849693020,"[930012,7,3,0,120,200,26]",4160193339,9855872,[5],"{""5"":1}"
S7,7,930013,120,0.894427190999916,3,,0,0.3,137,116,"[0,1,2,3,4,5,12,23,26,27,48,54,57,71,73,80,89,90,104,111,119,122,127,129,157,184,225,239,240,244,254,255,284,287,297,310,311,314,319,322,326,328,333,341,343,347,360,375,380,386,393,397,403,415,435,441,447,464,473,486,554,602,606,607,626,628,643,663,665,669,670,671,679,688,693,699,705,725,736,739,755,761,763,764,768,776,822,838,840,842,847,848,855,874,915,945,985,1000,1022,1057,1116,1135,1138,1154,1171,1175,1177,1209,1217,1223,1235,1240,1251,1252,1264,1266]","[[0,1],[1,1],[2,-1],[3,1],[4,-1],[5,1],[12,-1],[23,-1],[26,-1],[27,-1],[48,1],[54,-1],[57,-1],[71,1],[73,1],[80,-1],[89,-1],[90,-1],[104,1],[111,1],[119,1],[122,1],[127,1],[129,-1],[157,1],[184,1],[225,1],[239,-1],[240,1],[244,1],[254,-1],[255,1],[284,-1],[287,-1],[297,1],[310,1],[311,1],[314,-1],[319,-1],[322,-1],[326,-1],[328,1],[333,-1],[341,1],[343,1],[347,-1],[360,1],[375,1],[380,-1],[386,-1],[393,-1],[397,1],[403,1],[415,1],[435,1],[441,1],[447,-1],[464,1],[473,1],[486,-1],[554,1],[602,1],[606,-1],[607,1],[626,-1],[628,1],[643,-1],[663,1],[665,1],[669,-1],[670,1],[671,-1],[679,-1],[688,1],[693,-1],[699,1],[705,-1],[725,1],[736,1],[739,1],[755,-1],[761,-1],[763,-1],[764,1],[768,1],[776,1],[822,-1],[838,1],[840,1],[842,1],[847,1],[848,-1],[855,1],[874,1],[915,-1],[945,1],[985,-1],[1000,1],[1022,-1],[1057,1],[1116,-1],[1135,-1],[1138,1],[1154,1],[1171,-1],[1175,1],[1177,1],[1209,-1],[1217,-1],[1223,1],[1235,1],[1240,1],[1251,-1],[1252,-1],[1264,1],[1266,1]]","[49,67,37,85,108,62,66,60,34,41,78,69,8,74,19,30,81,42,79,53,112,40,115,45,58,91,87,83,93,54,5,84,10,118,48,56,35,26,100,20,113,117,31,17,47,94,89,96,90,92,102,38,27,44,33,39,77,98,55,2,6,68,12,52,99,70,105,61,103,86,76,7,106,21,28,29,101,43,109,119,64,3,23,15,46,13,97,18,0,57,72,63,116,36,82,4]","[144,228,191,128,196,160,201,172,192,237,206,207,209,221,183,132,134,176,126,211,202,217,214,197,150,120,136,148,203,235,230,220,131,164,163,130,226,155,123,198,195,189,184,166,236,159,186,135,140,171,210,143,177,161,133,215,127,208,224,181,227,205,193,185,190,179,121,139,225,218,219,149,239,124,178,238,200,146,153,157,229,204,223,212,182,137,156,170,234,231,138,199,187,141,180,167]",67bf0505e07b59598fd08b838faa55598453abdeb97781b43b9ba6a423838fbf,96,900655899,873623355,"[930013,7,3,0,120,200,26]",196979340,9855872,[5],"{""5"":1}"
S7,7,930014,120,0.894427190999916,3,,0,0.3,147,116,"[0,1,2,3,4,12,13,19,27,49,57,71,88,90,92,111,141,143,152,157,160,182,206,210,232,234,235,240,249,285,296,307,314,333,337,366,380,391,392,394,407,426,430,432,447,462,473,499,536,537,538,554,561,563,590,602,603,604,606,628,640,653,655,663,666,677,678,682,699,722,725,737,761,763,777,789,795,805,828,834,838,842,858,881,894,904,907,915,938,954,955,982,1037,1061,1088,1091,1096,1107,1119,1138,1149,1171,1173,1175,1177,1179,1196,1202,1203,1209,1235,1243,1244,1258,1266,1277]","[[0,1],[1,1],[2,-1],[3,1],[4,-1],[12,-1],[13,1],[19,1],[27,-1],[49,1],[57,-1],[71,1],[88,1],[90,-1],[92,1],[111,1],[141,-1],[143,1],[152,1],[157,1],[160,-1],[182,-1],[206,-1],[210,-1],[232,1],[234,1],[235,-1],[240,1],[249,1],[285,-1],[296,1],[307,-1],[314,-1],[333,-1],[337,1],[366,1],[380,-1],[391,-1],[392,-1],[394,-1],[407,1],[426,1],[430,1],[432,-1],[447,-1],[462,-1],[473,1],[499,1],[536,1],[537,-1],[538,1],[554,1],[561,-1],[563,1],[590,1],[602,1],[603,-1],[604,-1],[606,-1],[628,1],[640,1],[653,1],[655,-1],[663,1],[666,1],[677,1],[678,1],[682,1],[699,1],[722,-1],[725,1],[737,1],[761,-1],[763,-1],[777,1],[789,1],[795,1],[805,1],[828,-1],[834,-1],[838,1],[842,1],[858,1],[881,1],[894,1],[904,1],[907,1],[915,-1],[938,-1],[954,1],[955,1],[982,1],[1037,-1],[1061,-1],[1088,1],[1091,1],[1096,1],[1107,1],[1119,-1],[1138,1],[1149,-1],[1171,-1],[1173,1],[1175,1],[1177,1],[1179,1],[1196,1],[1202,-1],[1203,-1],[1209,-1],[1235,1],[1243,-1],[1244,1],[1258,-1],[1266,1],[1277,-1]]","[7,76,20,25,100,66,58,60,65,24,72,116,104,39,84,52,50,59,90,106,48,103,45,64,28,99,69,44,51,83,85,31,105,101,79,36,112,6,95,4,47,12,102,78,82,11,49,88,37,87,5,117,92,119,19,80,91,63,16,67,27,114,55,15,62,81,73,118,46,74,68,42,111,93,8,43,34,77,70,26,29,108,96,2,35,109,9,3,53,38,86,18,21,30,89,32]","[214,237,164,210,227,194,199,169,136,157,205,203,168,189,221,217,180,235,218,232,191,155,215,145,233,130,121,138,188,143,140,162,148,195,134,127,187,126,120,175,196,142,200,137,122,158,197,153,219,179,211,193,133,236,150,146,128,202,160,141,183,147,230,204,222,131,129,228,226,172,151,167,206,224,190,216,135,186,139,125,171,185,163,234,229,198,220,161,192,213,149,170,173,231,165,223]",c6ce221e5bfa467abca5390d06af00c31b31d240f090671b3b530486b1cfa762,96,576932999,3440154804,"[930014,7,3,0,120,200,26]",666079283,9855872,[5],"{""5"":0}"
S7,7,930015,120,0.894427190999916,3,,0,0.0001,0,0,[],[],"[95,102,27,54,92,31,108,10,94,72,13,111,42,17,41,53,9,12,5,61,7,98,97,28,30,52,14,93,8,36,38,116,89,47,15,4,45,62,21,91,33,40,65,74,73,11,119,69,16,66,78,1,99,44,75,76,48,59,50,34,29,96,37,80,68,35,107,2,0,77,103,6,105,86,39,67,32,26,64,85,114,3,88,51,109,117,18,110,81,57,24,112,46,83,70,19]","[150,236,217,162,238,204,191,208,192,187,237,166,179,177,190,201,206,127,182,174,234,224,233,149,143,215,168,123,133,229,195,221,172,225,227,230,186,144,181,141,239,205,121,137,120,165,199,124,228,219,207,138,235,209,126,122,154,196,202,211,176,180,198,178,210,128,158,232,153,223,171,214,157,132,184,129,159,147,142,218,173,146,222,213,135,175,231,148,152,164,161,194,140,145,160,188]",3cc322d923ae0eeb56e101fa0f1a15b33c78ec87ddbdb29cbb3775f92c0e921f,96,2410301825,2625542673,"[930015,7,3,0,120,200,26]",802209631,9855872,[5],"{""5"":0}"
S7,7,930016,120,0.894427190999916,3,,0,0.1,74,50,"[0,1,2,4,60,124,178,210,234,235,240,244,249,307,314,320,375,437,447,462,473,494,512,554,559,621,626,628,653,663,699,722,736,764,766,795,852,886,890,945,947,954,997,1061,1127,1141,1167,1171,1179,1242]","[[0,1],[1,1],[2,-1],[4,-1],[60,-1],[124,-1],[178,-1],[210,-1],[234,1],[235,-1],[240,1],[244,1],[249,1],[307,-1],[314,-1],[320,1],[375,1],[437,1],[447,-1],[462,-1],[473,1],[494,-1],[512,1],[554,1],[559,1],[621,1],[626,-1],[628,1],[653,1],[663,1],[699,1],[722,-1],[736,1],[764,1],[766,1],[795,1],[852,1],[886,1],[890,1],[945,1],[947,-1],[954,1],[997,-1],[1061,-1],[1127,1],[1141,-1],[1167,-1],[1171,-1],[1179,1],[1242,1]]","[40,0,61,21,9,36,57,50,35,14,105,20,45,30,55,84,6,83,91,88,92,87,102,47,18,90,71,38,54,96,72,16,8,75,112,4,25,79,73,33,1,76,43,7,31,108,93,99,117,62,3,109,32,86,58,53,12,106,19,64,104,34,114,15,52,77,37,49,11,70,113,2,39,100,26,24,67,119,51,111,13,44,94,5,41,82,23,59,118,28,68,98,95,89,107,101]","[166,139,221,150,218,158,215,227,206,133,165,176,223,205,170,163,142,189,198,236,203,123,147,219,146,137,132,194,178,129,148,237,234,220,226,130,200,141,181,172,225,121,162,213,126,169,208,125,211,204,149,140,238,235,195,182,191,159,177,128,201,239,216,192,155,173,233,138,164,180,207,217,232,185,120,174,184,193,190,210,156,153,212,214,224,134,186,197,183,161,202,230,228,154,145,222]",47690ea69ee5217e52fd2bcac2c5fa8d0a637e9e0b496a2a7317cec9ba7e9b28,96,2126949773,943537072,"[930016,7,3,0,120,200,26]",1700001061,9855872,[5],"{""5"":0}"
S7,7,930017,120,0.894427190999916,3,,0,0.0001,0,0,[],[],"[20,111,9,92,69,101,4,75,67,95,60,109,66,59,96,26,35,83,71,7,53,106,91,105,72,37,114,89,113,79,23,56,5,6,12,90,54,104,51,85,18,103,93,38,10,58,77,88,39,110,115,94,98,22,100,57,45,82,52,81,50,76,1,0,112,68,30,74,31,99,78,119,29,34,17,55,62,87,65,43,108,41,27,33,11,25,19,86,73,32,36,40,49,70,42,61]","[216,126,191,156,161,178,146,237,200,183,235,169,122,175,160,181,188,198,212,153,127,170,159,165,227,225,147,171,150,189,166,222,128,204,180,224,233,193,228,199,213,210,163,131,125,148,190,158,174,130,185,205,230,239,152,192,195,121,123,151,139,211,141,164,226,196,143,208,215,194,136,176,120,206,149,218,236,238,144,134,157,229,162,197,209,129,214,232,187,223,203,207,221,219,184,133]",f547188b1f0338cd4a623a446264eea6bde4baabe11dece046cca942e80faa6b,96,231762183,3860238438,"[930017,7,3,0,120,200,26]",299299390,9855872,[5],"{""5"":0}"
S7,7,930018,120,0.894427190999916,3,,0,0.1,67,48,"[0,1,2,3,4,27,37,71,90,124,151,152,163,207,234,239,251,314,391,415,430,437,518,551,554,563,602,606,628,662,663,722,730,736,775,777,838,997,1038,1113,1119,1198,1209,1217,1244,1252,1271,1278]","[[0,1],[1,1],[2,-1],[3,1],[4,-1],[27,-1],[37,1],[71,1],[90,-1],[124,-1],[151,-1],[152,1],[163,-1],[207,-1],[234,1],[239,-1],[251,-1],[314,-1],[391,-1],[415,1],[430,1],[437,1],[518,-1],[551,-1],[554,1],[563,1],[602,1],[606,-1],[628,1],[662,1],[663,1],[722,-1],[730,1],[736,1],[775,1],[777,1],[838,1],[997,-1],[1038,1],[1113,-1],[1119,-1],[1198,-1],[1209,-1],[1217,-1],[1244,1],[1252,-1],[1271,1],[1278,-1]]","[48,68,105,57,65,82,37,53,74,75,94,38,83,16,85,72,106,97,28,29,26,43,118,3,12,46,80,58,64,91,36,33,104,95,100,24,79,103,117,96,42,44,54,62,98,92,14,113,56,76,78,73,23,15,114,107,59,6,17,86,116,66,9,89,60,52,25,4,71,119,101,90,2,11,55,61,8,13,20,31,18,110,40,93,87,19,50,49,115,35,22,34,27,111,41,109]","[121,235,196,159,232,211,142,164,137,188,183,222,134,179,178,199,125,172,135,216,144,234,155,205,215,187,204,227,193,129,238,181,210,124,195,156,200,167,201,163,133,194,202,151,128,175,150,221,126,165,213,130,174,217,223,153,182,198,209,224,228,139,190,149,123,189,138,141,239,171,207,168,166,161,162,132,157,236,220,140,231,127,184,148,237,191,136,197,145,177,146,180,219,152,176,185]",80b329cbc8926f635cd286e81f7362b67e2c58aa45931132dc155d763d617d21,96,357224088,2634177537,"[930018,7,3,0,120,200,26]",1295744176,9855872,[5],"{""5"":0}"
S7,7,930019,120,0.894427190999916,3,,0,0.1,60,52,"[0,1,2,23,27,35,60,119,142,155,200,210,234,307,314,326,333,426,430,447,473,555,597,602,621,628,649,677,761,763,768,777,784,828,838,852,858,890,921,941,945,1016,1026,1138,1141,1171,1175,1179,1196,1198,1217,1235]","[[0,1],[1,1],[2,-1],[23,-1],[27,-1],[35,-1],[60,-1],[119,1],[142,1],[155,-1],[200,1],[210,-1],[234,1],[307,-1],[314,-1],[326,-1],[333,-1],[426,1],[430,1],[447,-1],[473,1],[555,1],[597,-1],[602,1],[621,1],[628,1],[649,-1],[677,1],[761,-1],[763,-1],[768,1],[777,1],[784,1],[828,-1],[838,1],[852,1],[858,1],[890,1],[921,-1],[941,1],[945,1],[1016,1],[1026,1],[1138,1],[1141,-1],[1171,-1],[1175,1],[1179,1],[1196,1],[1198,-1],[1217,-1],[1235,1]]","[32,102,19,91,113,60,70,25,5,38,27,71,98,114,59,22,108,55,94,64,36,47,109,21,66,14,30,105,84,63,12,18,1,39,75,15,61,117,58,29,10,83,51,24,41,2,97,33,110,81,3,103,42,100,20,34,76,93,106,62,7,88,53,79,40,90,111,4,57,87,8,31,44,107,80,78,95,85,37,73,96,65,6,86,101,92,77,72,13,54,45,16,116,112,43,35]","[131,144,172,129,215,126,204,195,213,230,163,135,228,207,152,194,159,237,148,236,196,122,156,133,233,239,192,121,162,186,145,231,149,210,161,124,147,120,226,132,227,216,205,225,134,164,214,223,208,160,138,224,140,127,188,217,179,137,200,181,123,184,130,136,183,187,180,151,206,158,154,142,153,197,168,220,212,238,234,150,221,178,218,167,198,157,229,174,125,182,176,222,232,203,166,173]",7c66351708c8d3fcef35c0c2c0e17b6498d91e6e1e861de4fe14ebe04f43bd3f,96,1442955191,937990379,"[930019,7,3,0,120,200,26]",1164732439,9855872,[5],"{""5"":0}"
S7,7,930020,120,0.894427190999916,3,,0,0.1,63,51,"[0,1,2,4,30,49,54,57,60,71,105,157,183,225,234,249,287,294,297,307,310,314,322,361,420,447,582,602,628,653,655,663,767,842,846,858,867,915,916,937,954,1016,1061,1085,1096,1135,1171,1173,1175,1217,1251]","[[0,1],[1,1],[2,-1],[4,-1],[30,-1],[49,1],[54,-1],[57,-1],[60,-1],[71,1],[105,1],[157,1],[183,1],[225,1],[234,1],[249,1],[287,-1],[294,-1],[297,1],[307,-1],[310,1],[314,-1],[322,-1],[361,1],[420,1],[447,-1],[582,1],[602,1],[628,1],[653,1],[655,-1],[663,1],[767,1],[842,1],[846,-1],[858,1],[867,-1],[915,-1],[916,-1],[937,-1],[954,1],[1016,1],[1061,-1],[1085,1],[1096,1],[1135,-1],[1171,-1],[1173,1],[1175,1],[1217,-1],[1251,-1]]","[16,104,81,115,7,84,71,112,23,67,79,110,99,108,31,62,30,8,41,113,63,26,114,111,58,43,80,17,27,92,98,90,60,73,14,47,9,101,18,66,107,87,83,61,57,70,5,32,116,76,11,51,49,95,19,75,1,119,0,59,42,38,97,106,89,33,78,118,86,36,45,50,93,74,94,48,68,25,65,20,34,117,4,21,53,69,82,77,37,24,55,35,44,40,15,72]","[225,155,187,182,147,226,135,212,200,233,208,191,205,210,230,159,234,172,140,192,181,137,231,215,178,201,174,152,221,128,167,161,211,175,184,131,162,130,121,146,227,160,207,186,126,206,209,166,136,150,204,163,197,217,164,122,236,229,194,153,235,202,141,193,170,143,144,154,213,232,237,157,173,127,238,199,214,165,220,185,171,123,180,145,190,228,156,148,142,132,138,134,188,129,139,195]",4db1932ed09b64646bbc8fd476428ecfe7c5afb2fdbb7d0abbcc4cc2598521e2,96,2049048089,422498749,"[930020,7,3,0,120,200,26]",2666124786,9855872,[5],"{""5"":0}"
S7,7,930021,120,0.894427190999916,3,,0,0.1,76,51,"[0,1,2,3,4,5,7,18,23,27,49,130,210,239,240,297,307,391,411,481,519,590,602,604,615,628,653,678,682,736,761,763,804,916,954,1057,1072,1114,1171,1173,1175,1186,1187,1198,1209,1213,1217,1235,1240,1251,1264]","[[0,1],[1,1],[2,-1],[3,1],[4,-1],[5,1],[7,1],[18,-1],[23,-1],[27,-1],[49,1],[130,-1],[210,-1],[239,-1],[240,1],[297,1],[307,-1],[391,-1],[411,-1],[481,-1],[519,-1],[590,1],[602,1],[604,-1],[615,1],[628,1],[653,1],[678,1],[682,1],[736,1],[761,-1],[763,-1],[804,1],[916,-1],[954,1],[1057,1],[1072,-1],[1114,-1],[1171,-1],[1173,1],[1175,1],[1186,1],[1187,-1],[1198,-1],[1209,-1],[1213,-1],[1217,-1],[1235,1],[1240,1],[1251,-1],[1264,1]]","[9,107,102,49,1,98,15,68,20,19,47,108,21,27,51,48,25,94,40,89,58,43,46,26,37,85,38,90,3,77,52,114,76,100,73,56,91,5,39,116,57,60,17,59,45,35,50,2,24,11,71,82,22,84,0,92,18,119,16,106,7,69,81,72,70,10,41,23,34,109,65,67,101,97,110,6,36,86,64,118,88,66,14,117,4,103,80,63,95,74,62,32,13,113,55,29]","[171,167,218,160,190,124,220,215,176,132,230,201,209,142,148,183,158,223,235,172,204,182,222,239,164,205,157,192,233,122,138,127,129,199,207,128,168,120,238,146,236,136,196,212,161,203,121,224,198,195,140,219,186,131,150,211,228,194,151,177,208,217,135,216,234,149,156,178,229,159,126,162,144,134,130,188,125,214,202,180,155,137,231,184,145,185,143,141,163,174,221,193,165,187,227,191]",ad2ee40022285551db2d9a726db8e020ff8967ae66feb22cee198b58ba46fd16,96,3424145830,2357939610,"[930021,7,3,0,120,200,26]",696049717,9855872,[5],"{""5"":1}"
S7,7,930022,120,0.894427190999916,3,,0,0.0001,0,0,[],[],"[117,30,17,116,46,24,114,113,35,94,87,7,31,118,16,34,44,100,56,62,51,19,2,42,23,65,95,98,66,69,37,9,90,77,111,40,45,80,53,109,76,68,32,63,36,1,85,21,41,55,28,81,27,50,48,74,93,26,13,5,11,12,6,52,14,78,64,112,83,43,18,119,72,91,4,33,49,58,101,29,60,103,71,20,39,54,3,86,47,108,59,70,88,92,82,8]","[170,207,197,235,182,153,158,211,128,168,212,145,174,154,219,151,186,123,150,165,147,120,133,179,171,127,183,217,156,129,215,142,206,190,232,143,214,162,216,173,135,149,121,160,130,159,144,193,203,163,220,178,208,198,210,124,136,122,139,231,191,200,194,169,218,230,196,227,141,180,181,225,234,148,137,224,237,202,195,236,167,201,157,238,164,223,172,205,221,166,131,140,176,146,229,125]",3e7b4f56cc5e03563f621dd6a81f6921a70561e3d249b3a18aedf5d220344ec0,96,1985540584,2743399169,"[930022,7,3,0,120,200,26]",1742854580,9855872,[5],"{""5"":0}"
S7,7,930023,120,0.894427190999916,3,,0,0.1,73,47,"[0,1,2,4,23,27,57,111,152,182,187,208,249,287,307,314,323,391,396,462,489,519,554,626,628,663,699,729,761,762,766,767,790,852,881,890,915,954,1057,1072,1113,1141,1171,1173,1175,1196,1217]","[[0,1],[1,1],[2,-1],[4,-1],[23,-1],[27,-1],[57,-1],[111,1],[152,1],[182,-1],[187,-1],[208,1],[249,1],[287,-1],[307,-1],[314,-1],[323,-1],[391,-1],[396,-1],[462,-1],[489,1],[519,-1],[554,1],[626,-1],[628,1],[663,1],[699,1],[729,-1],[761,-1],[762,1],[766,1],[767,1],[790,1],[852,1],[881,1],[890,1],[915,-1],[954,1],[1057,1],[1072,-1],[1113,-1],[1141,-1],[1171,-1],[1173,1],[1175,1],[1196,1],[1217,-1]]","[37,6,24,75,54,96,41,20,46,112,38,108,85,109,84,3,5,50,110,116,91,55,92,77,102,60,86,83,94,14,97,27,16,29,80,32,9,8,15,71,82,113,19,103,72,89,106,42,58,52,68,33,22,64,30,57,69,47,99,21,10,111,56,51,119,18,95,26,53,13,67,107,105,2,11,43,70,81,7,17,12,23,49,114,117,39,74,61,44,36,90,87,66,35,25,65]","[236,188,138,218,133,225,229,186,173,201,163,234,220,233,136,152,168,170,132,159,139,160,144,177,209,151,157,172,199,181,195,153,165,146,145,128,217,183,235,120,239,182,226,141,171,167,208,185,126,134,142,205,232,143,150,224,191,238,158,187,137,213,190,180,147,204,212,161,227,198,156,184,194,189,174,215,210,193,231,130,197,155,123,228,162,166,131,154,230,176,124,129,200,164,207,121]",e11ce5739c2e5fac6dc52ba638763b3c19fda7e8992b648839609e679d80035c,96,2640680180,895879408,"[930023,7,3,0,120,200,26]",1758303794,9855872,[5],"{""5"":0}"
S7,7,930024,120,0.894427190999916,3,,0,0.1,73,50,"[2,3,4,23,27,57,124,182,240,249,254,307,314,343,352,391,426,447,473,481,483,486,494,512,537,593,602,626,628,663,697,699,730,764,766,838,855,867,954,997,1107,1138,1155,1167,1171,1202,1209,1213,1217,1272]","[[2,-1],[3,1],[4,-1],[23,-1],[27,-1],[57,-1],[124,-1],[182,-1],[240,1],[249,1],[254,-1],[307,-1],[314,-1],[343,1],[352,1],[391,-1],[426,1],[447,-1],[473,1],[481,-1],[483,-1],[486,-1],[494,-1],[512,1],[537,-1],[593,-1],[602,1],[626,-1],[628,1],[663,1],[697,-1],[699,1],[730,1],[764,1],[766,1],[838,1],[855,1],[867,-1],[954,1],[997,-1],[1107,1],[1138,1],[1155,-1],[1167,-1],[1171,-1],[1202,-1],[1209,-1],[1213,-1],[1217,-1],[1272,1]]","[42,115,28,102,76,55,71,16,39,119,1,116,73,98,43,96,66,83,19,68,5,117,31,89,49,114,27,53,113,45,61,3,2,94,103,110,47,22,65,59,87,95,97,86,57,7,37,91,6,100,25,33,0,13,26,8,10,77,106,41,111,79,36,69,74,20,34,62,15,50,9,99,63,112,17,48,35,38,93,4,21,40,44,81,92,60,56,52,12,54,14,78,24,84,58,30]","[133,233,210,232,227,202,152,131,176,169,126,145,130,187,128,208,219,137,193,183,123,198,189,149,200,138,158,228,170,175,188,225,153,207,230,159,191,199,166,135,124,204,179,217,146,239,209,220,221,129,173,231,218,235,156,182,226,141,213,180,168,120,148,192,139,234,195,161,223,184,167,203,132,171,160,194,121,140,142,229,150,144,236,165,151,196,197,224,147,163,222,216,190,201,205,178]",8474b14121243e24f8c2a09df26ef661cc1c21d485c6f2d6a6fe66e73d47aebc,96,1460077842,86734880,"[930024,7,3,0,120,200,26]",2915397110,9855872,[5],"{""5"":0}"
S7,7,930025,120,0.894427190999916,3,,0,0.1,72,53,"[0,1,2,3,4,12,23,49,57,130,152,239,249,254,276,297,307,314,326,336,347,437,447,480,481,590,602,604,628,653,681,729,736,761,771,798,810,834,847,889,915,976,982,1061,1072,1101,1112,1119,1171,1217,1218,1244,1266]","[[0,1],[1,1],[2,-1],[3,1],[4,-1],[12,-1],[23,-1],[49,1],[57,-1],[130,-1],[152,1],[239,-1],[249,1],[254,-1],[276,-1],[297,1],[307,-1],[314,-1],[326,-1],[336,1],[347,-1],[437,1],[447,-1],[480,-1],[481,-1],[590,1],[602,1],[604,-1],[628,1],[653,1],[681,-1],[729,-1],[736,1],[761,-1],[771,1],[798,-1],[810,1],[834,-1],[847,1],[889,-1],[915,-1],[976,1],[982,1],[1061,-1],[1072,-1],[1101,-1],[1112,1],[1119,-1],[1171,-1],[1217,-1],[1218,1],[1244,1],[1266,1]]","[44,41,93,11,30,114,60,80,118,10,14,90,25,33,16,24,107,18,61,113,15,3,98,97,105,65,23,46,106,79,82,70,77,89,35,0,73,1,48,39,119,78,66,53,92,103,102,40,96,95,34,85,45,75,49,84,76,28,83,2,104,100,9,64,19,108,22,112,58,21,81,87,4,94,12,36,67,56,43,99,59,88,50,38,51,52,71,17,47,109,31,117,116,7,27,115]","[123,156,153,187,174,138,152,183,146,203,147,199,178,159,231,211,135,189,193,175,230,213,229,191,130,171,140,131,154,167,181,216,132,166,201,162,149,238,194,232,134,161,215,155,129,150,170,158,227,206,169,223,173,142,160,168,225,236,221,239,190,139,217,148,124,192,176,177,121,125,128,144,228,172,219,163,210,182,200,165,235,237,126,164,133,137,224,204,188,208,195,207,218,136,205,234]",ce422b5998ffd3d7504d0cfa9cc890f701ee2396ae9bdcea9abc6a0671506cb3,96,2844217436,434539603,"[930025,7,3,0,120,200,26]",1941515484,9855872,[5],"{""5"":0}"
S7,7,930026,120,0.894427190999916,3,,0,0.1,69,56,"[0,1,2,3,4,12,23,60,104,126,182,187,225,229,244,248,249,297,302,307,314,320,323,326,348,426,435,447,474,512,519,597,599,602,621,628,663,736,763,764,775,783,838,886,915,992,1028,1138,1141,1167,1171,1175,1209,1217,1251,1278]","[[0,1],[1,1],[2,-1],[3,1],[4,-1],[12,-1],[23,-1],[60,-1],[104,1],[126,1],[182,-1],[187,-1],[225,1],[229,-1],[244,1],[248,1],[249,1],[297,1],[302,-1],[307,-1],[314,-1],[320,1],[323,-1],[326,-1],[348,1],[426,1],[435,1],[447,-1],[474,1],[512,1],[519,-1],[597,-1],[599,1],[602,1],[621,1],[628,1],[663,1],[736,1],[763,-1],[764,1],[775,1],[783,1],[838,1],[886,1],[915,-1],[992,1],[1028,1],[1138,1],[1141,-1],[1167,-1],[1171,-1],[1175,1],[1209,-1],[1217,-1],[1251,-1],[1278,-1]]","[19,119,67,102,65,41,14,109,40,107,20,88,27,44,16,24,31,111,28,66,93,54,60,99,116,117,36,49,50,8,12,110,17,46,52,104,91,92,57,43,100,34,15,9,71,13,18,47,11,63,35,69,101,86,87,2,70,98,53,22,80,55,108,42,5,76,84,64,103,30,85,90,32,25,97,38,37,0,4,73,7,74,96,95,72,29,75,39,89,33,62,114,10,48,58,115]","[205,204,175,152,161,187,186,195,142,229,222,159,126,123,125,235,196,165,149,181,143,124,160,150,185,213,141,168,191,234,199,144,169,211,147,180,136,218,215,171,238,230,231,178,190,138,210,153,148,166,145,207,226,193,232,209,179,157,192,177,132,140,146,173,188,155,128,135,172,203,167,216,208,156,220,163,176,170,228,131,184,227,202,127,212,206,154,164,151,189,137,221,197,224,122,133]",81b68e15586e6b748e126843f05ff6be8cd82e5b3304e2231686da875b2f3928,96,3647165545,3498526995,"[930026,7,3,0,120,200,26]",737311741,9855872,[5],"{""5"":0}"
S7,7,930027,120,0.894427190999916,3,,0,0.1,66,53,"[0,1,2,4,20,23,27,151,163,193,239,249,314,323,375,394,415,420,447,462,487,507,564,602,627,628,653,655,663,677,715,722,725,729,736,761,763,764,796,804,852,855,886,934,954,1072,1085,1171,1198,1209,1217,1222,1251]","[[0,1],[1,1],[2,-1],[4,-1],[20,-1],[23,-1],[27,-1],[151,-1],[163,-1],[193,1],[239,-1],[249,1],[314,-1],[323,-1],[375,1],[394,-1],[415,1],[420,1],[447,-1],[462,-1],[487,1],[507,-1],[564,-1],[602,1],[627,-1],[628,1],[653,1],[655,-1],[663,1],[677,1],[715,1],[722,-1],[725,1],[729,-1],[736,1],[761,-1],[763,-1],[764,1],[796,1],[804,1],[852,1],[855,1],[886,1],[934,1],[954,1],[1072,-1],[1085,1],[1171,-1],[1198,-1],[1209,-1],[1217,-1],[1222,1],[1251,-1]]","[46,51,20,22,65,61,24,6,78,2,4,23,91,25,80,14,97,27,119,56,26,113,58,64,30,87,8,105,84,115,88,92,76,28,79,93,53,45,94,101,44,29,98,12,112,18,103,83,71,100,35,15,9,3,11,33,59,0,89,90,60,96,104,37,70,106,117,66,75,19,77,108,32,42,57,81,72,69,49,73,34,21,36,99,38,50,13,102,47,62,82,85,55,1,86,16]","[215,175,191,227,161,121,152,238,205,182,200,166,223,144,153,203,171,206,208,233,138,123,187,172,160,165,192,207,143,130,173,155,194,209,202,222,181,180,229,234,142,198,219,225,133,169,231,163,217,211,158,179,162,176,145,125,127,185,237,178,218,148,212,164,157,216,159,213,151,232,147,204,170,197,150,230,149,228,177,224,140,120,239,226,122,189,132,190,126,201,214,146,210,124,128,167]",b608a2f4a3fa66f6c3b04b2e2fb3e3d40cfd301b93b56bc7c1f8b7e81446ecc8,96,3378769651,2628028454,"[930027,7,3,0,120,200,26]",2219226631,9855872,[5],"{""5"":0}"
S7,7,930028,120,0.894427190999916,3,,0,0.1,76,56,"[0,2,3,26,37,48,54,57,85,152,163,210,244,249,258,276,307,320,348,367,407,415,483,494,551,575,604,628,663,666,699,715,729,730,746,763,764,766,791,831,852,867,890,916,950,1016,1082,1113,1127,1135,1167,1203,1209,1217,1244,1258]","[[0,1],[2,-1],[3,1],[26,-1],[37,1],[48,1],[54,-1],[57,-1],[85,-1],[152,1],[163,-1],[210,-1],[244,1],[249,1],[258,1],[276,-1],[307,-1],[320,1],[348,1],[367,-1],[407,1],[415,1],[483,-1],[494,-1],[551,-1],[575,-1],[604,-1],[628,1],[663,1],[666,1],[699,1],[715,1],[729,-1],[730,1],[746,1],[763,-1],[764,1],[766,1],[791,-1],[831,-1],[852,1],[867,-1],[890,1],[916,-1],[950,-1],[1016,1],[1082,1],[1113,-1],[1127,1],[1135,-1],[1167,-1],[1203,-1],[1209,-1],[1217,-1],[1244,1],[1258,-1]]","[98,57,81,74,112,24,62,111,77,56,31,55,117,59,19,102,79,1,58,53,29,60,47,67,0,103,7,95,23,2,89,10,63,91,26,76,40,96,80,38,52,36,101,18,99,86,83,5,85,107,118,32,13,50,43,11,51,70,44,28,35,66,119,113,46,78,45,61,3,14,21,69,41,73,90,97,25,84,49,92,27,100,88,72,4,6,104,116,105,22,37,34,33,82,20,87]","[172,127,210,208,214,187,149,235,177,153,196,192,216,164,217,209,191,202,131,211,218,181,171,197,134,128,195,126,146,125,138,213,160,179,212,201,120,168,139,142,220,136,228,141,205,185,188,199,123,161,219,204,198,222,178,180,173,229,224,237,140,231,182,232,215,169,156,230,150,226,132,155,166,147,238,152,225,236,133,124,186,151,176,162,165,194,135,157,159,129,193,130,227,190,174,143]",29d10dccfcc84fb20541a823dcad187f1b6693f94bbb460bda0b0f9b5d9df3dd,96,4203737520,855972400,"[930028,7,3,0,120,200,26]",603342810,9855872,[5],"{""5"":0}"
S7,7,930029,120,0.894427190999916,3,,0,0.0001,0,0,[],[],"[0,96,18,88,1,7,71,93,73,91,114,3,21,107,55,103,34,26,95,15,111,35,86,20,98,38,50,29,4,74,76,8,13,116,83,81,70,58,105,28,79,62,19,41,49,22,42,2,53,17,25,54,23,5,52,118,113,112,68,117,106,119,47,12,78,33,102,46,67,69,89,60,101,61,31,44,94,87,43,40,85,27,64,82,92,37,45,24,109,80,36,57,59,72,9,100]","[239,159,195,197,133,203,174,204,201,161,121,186,169,139,145,209,221,224,124,172,229,192,151,164,155,238,144,214,179,178,158,131,184,208,152,128,194,211,180,120,185,198,215,170,233,213,177,225,199,222,237,191,183,167,163,173,227,135,188,146,153,140,166,171,148,219,147,218,220,193,134,236,150,127,231,162,217,160,125,202,212,143,175,234,137,235,223,196,129,189,157,216,141,156,176,181]",f7ab66c9b2533675c6bb1d51cf705f2c52ff8854cc82387d876c5eb5ea265d57,96,1364328131,1422020023,"[930029,7,3,0,120,200,26]",3903724468,9855872,[5],"{""5"":0}"
S7,7,930030,120,0.894427190999916,3,,0,0.0001,0,0,[],[],"[112,10,12,99,95,93,83,20,17,24,52,84,80,78,13,69,67,75,43,71,102,27,60,11,7,108,119,37,109,118,111,85,47,1,33,70,56,77,30,58,68,8,35,39,57,106,6,74,4,64,22,101,55,19,72,14,110,100,104,49,115,113,50,89,44,82,26,65,46,25,2,105,92,79,54,59,36,98,116,107,23,16,87,48,38,114,34,117,41,62,90,28,29,91,21,76]","[166,133,127,147,231,136,228,195,238,156,199,120,237,218,185,160,233,220,234,139,121,183,137,123,134,194,225,163,226,221,190,130,201,141,235,138,155,219,146,162,128,236,202,191,203,151,198,125,212,149,176,189,175,135,215,207,173,140,124,181,210,157,126,145,177,193,169,205,209,150,204,142,216,152,188,208,158,167,232,227,229,179,187,148,168,172,164,206,196,165,178,161,186,174,217,154]",8118aca80dff7d89ac41ac18c66cc5806ab1094c4f37ca7ef71667d7b4e2f24d,96,2707543719,3824898725,"[930030,7,3,0,120,200,26]",339783925,9855872,[5],"{""5"":0}"
S7,7,930031,120,0.894427190999916,3,,0,0.1,67,56,"[0,1,2,3,4,5,30,57,66,124,183,186,287,307,314,323,327,354,367,426,428,447,462,487,519,563,590,595,602,621,626,628,640,653,655,671,705,718,722,736,761,767,838,842,856,886,916,997,1057,1093,1135,1141,1175,1196,1209,1235]","[[0,1],[1,1],[2,-1],[3,1],[4,-1],[5,1],[30,-1],[57,-1],[66,1],[124,-1],[183,1],[186,-1],[287,-1],[307,-1],[314,-1],[323,-1],[327,-1],[354,-1],[367,-1],[426,1],[428,1],[447,-1],[462,-1],[487,1],[519,-1],[563,1],[590,1],[595,-1],[602,1],[621,1],[626,-1],[628,1],[640,1],[653,1],[655,-1],[671,-1],[705,-1],[718,1],[722,-1],[736,1],[761,-1],[767,1],[838,1],[842,1],[856,-1],[886,1],[916,-1],[997,-1],[1057,1],[1093,-1],[1135,-1],[1141,-1],[1175,1],[1196,1],[1209,-1],[1235,1]]","[25,10,26,58,60,11,4,55,93,24,50,112,27,13,34,8,106,78,22,51,114,1,83,0,40,89,35,99,117,46,73,113,92,62,17,70,74,43,71,88,57,77,42,20,15,82,97,108,76,56,36,118,65,85,39,59,66,105,64,32,29,87,115,21,94,90,91,12,23,9,84,33,31,30,61,107,38,14,119,116,3,80,81,54,79,86,109,48,95,18,53,28,16,75,6,41]","[224,129,149,229,203,140,214,207,193,158,137,134,127,132,135,155,169,150,164,176,177,187,235,167,199,192,195,141,179,165,122,228,126,239,178,125,157,184,174,145,205,219,211,220,142,212,152,237,154,215,162,218,171,190,225,146,151,168,194,232,121,172,166,131,147,182,156,201,189,186,120,144,204,208,231,180,128,221,209,234,133,175,213,206,159,130,173,170,196,124,143,163,138,160,223,216]",9b9e49fe2d84129b1d55077043c3e7df35843cc18e730d292002fe5280dac562,96,3848014381,3946146651,"[930031,7,3,0,120,200,26]",872505855,9855872,[5],"{""5"":1}"
S7,7,930032,120,0.894427190999916,3,,0,0.1,80,53,"[0,1,2,3,4,5,26,27,57,71,90,92,123,130,187,202,207,314,359,426,441,586,589,602,604,606,628,637,653,663,699,722,725,736,761,766,789,838,842,855,915,955,982,1016,1037,1061,1085,1141,1209,1217,1233,1235,1251]","[[0,1],[1,1],[2,-1],[3,1],[4,-1],[5,-1],[26,-1],[27,-1],[57,-1],[71,1],[90,-1],[92,1],[123,1],[130,-1],[187,-1],[202,-1],[207,-1],[314,-1],[359,-1],[426,1],[441,1],[586,1],[589,1],[602,1],[604,-1],[606,-1],[628,1],[637,-1],[653,1],[663,1],[699,1],[722,-1],[725,1],[736,1],[761,-1],[766,1],[789,1],[838,1],[842,1],[855,1],[915,-1],[955,1],[982,1],[1016,1],[1037,-1],[1061,-1],[1085,1],[1141,-1],[1209,-1],[1217,-1],[1233,1],[1235,1],[1251,-1]]","[85,67,83,25,58,14,116,31,101,22,107,12,13,45,29,81,19,90,42,17,115,11,48,3,105,38,21,37,73,36,47,91,51,20,118,57,112,79,102,77,109,89,119,82,50,92,7,88,61,78,68,71,95,34,117,10,114,6,76,62,24,27,74,9,113,2,53,15,8,44,110,111,96,104,64,100,26,60,55,46,63,4,0,16,39,87,23,18,33,70,65,41,66,35,93,86]","[120,216,184,122,185,145,207,153,187,176,159,181,190,204,200,232,213,146,229,192,167,198,234,230,161,221,162,157,121,131,178,151,195,226,186,225,227,148,180,235,169,177,164,147,138,142,202,206,165,237,211,130,126,236,233,222,123,196,166,154,127,137,124,214,144,149,163,218,136,170,171,172,224,217,140,231,128,174,193,155,208,139,191,215,209,125,228,175,133,203,156,179,173,134,160,223]",54559d3c8bf00886c66ce19549ac438d220d49d0b84cb72e40f743ee6e73239d,96,2693623445,4246762497,"[930032,7,3,0,120,200,26]",3421792066,9855872,[5],"{""5"":-1}"
S7,7,930033,120,0.894427190999916,3,,0,0.0001,0,0,[],[],"[108,103,94,77,96,56,43,1,67,101,73,42,86,50,24,23,78,85,49,87,68,93,45,91,116,27,5,2,39,13,21,95,48,15,18,81,70,64,0,44,53,82,6,90,105,29,17,112,34,69,11,19,52,109,7,61,54,35,22,98,76,106,16,33,79,46,99,57,20,74,60,14,80,111,55,12,65,114,47,117,104,9,107,89,92,66,100,8,51,25,10,31,38,72,58,75]","[174,150,184,132,122,223,191,237,209,136,192,142,230,126,140,139,138,193,179,155,164,158,149,121,172,201,216,151,196,141,178,239,199,157,182,206,238,186,187,183,159,154,190,204,173,133,218,236,156,208,168,233,198,205,131,210,234,148,222,231,213,211,129,161,166,212,181,175,195,144,165,125,207,127,123,170,163,124,160,202,214,134,152,180,128,200,143,135,232,225,120,224,215,147,169,137]",991ff74810016db91e0e2139014c1717f494951afdfca90bd21b88f26830edf1,96,4255821119,4206628569,"[930033,7,3,0,120,200,26]",2401536433,9855872,[5],"{""5"":0}"
S7,7,930034,120,0.894427190999916,3,,0,0.1,81,57,"[0,2,3,4,24,25,30,152,210,224,283,307,314,320,364,412,415,426,462,494,519,527,598,602,605,606,628,637,651,663,722,725,736,761,763,777,789,808,842,852,872,890,916,945,1061,1154,1167,1171,1173,1175,1198,1217,1222,1223,1241,1242,1244]","[[0,1],[2,-1],[3,1],[4,-1],[24,1],[25,1],[30,-1],[152,1],[210,-1],[224,-1],[283,-1],[307,-1],[314,-1],[320,1],[364,-1],[412,1],[415,1],[426,1],[462,-1],[494,-1],[519,-1],[527,-1],[598,1],[602,1],[605,-1],[606,-1],[628,1],[637,-1],[651,1],[663,1],[722,-1],[725,1],[736,1],[761,-1],[763,-1],[777,1],[789,1],[808,1],[842,1],[852,1],[872,-1],[890,1],[916,-1],[945,1],[1061,-1],[1154,1],[1167,-1],[1171,-1],[1173,1],[1175,1],[1198,-1],[1217,-1],[1222,1],[1223,1],[1241,-1],[1242,1],[1244,1]]","[24,118,91,97,33,11,46,38,5,93,108,115,66,96,76,31,6,16,40,110,25,20,62,95,26,80,54,81,17,113,65,32,83,90,30,71,111,92,64,87,53,69,19,114,48,27,13,112,94,88,2,86,50,101,47,12,28,57,35,9,10,58,45,102,7,63,61,21,67,36,78,82,4,100,18,99,73,52,68,107,41,59,15,85,56,119,34,14,8,49,51,98,23,106,105,39]","[219,148,225,177,211,210,204,220,235,158,205,142,127,138,200,228,173,222,179,239,157,197,163,136,237,121,155,174,172,120,169,192,146,224,140,185,206,215,214,207,203,139,201,150,171,232,187,213,218,153,182,124,159,135,195,217,168,180,184,134,144,122,194,221,161,128,130,145,234,231,216,199,170,202,198,226,166,125,129,186,123,167,126,152,227,189,236,190,165,229,183,133,143,196,176,230]",e7cfa4e7e27aa8a980cda5c236a68a67bd821f2dca4ed1f136b164ec428dd9ba,96,2770160178,3588540284,"[930034,7,3,0,120,200,26]",3475713154,9855872,[5],"{""5"":0}"
S7,7,930035,120,0.894427190999916,3,,0,0.1,73,58,"[2,3,4,5,27,49,124,163,187,194,235,272,314,391,415,437,440,447,462,464,473,483,486,518,525,537,554,628,637,655,663,718,730,736,757,761,763,764,782,789,838,842,890,947,954,992,1072,1085,1112,1141,1171,1174,1196,1209,1213,1227,1240,1244]","[[2,-1],[3,1],[4,-1],[5,1],[27,-1],[49,1],[124,-1],[163,-1],[187,-1],[194,1],[235,-1],[272,-1],[314,-1],[391,-1],[415,1],[437,1],[440,-1],[447,-1],[462,-1],[464,1],[473,1],[483,-1],[486,-1],[518,-1],[525,-1],[537,-1],[554,1],[628,1],[637,-1],[655,-1],[663,1],[718,1],[730,1],[736,1],[757,1],[761,-1],[763,-1],[764,1],[782,-1],[789,1],[838,1],[842,1],[890,1],[947,-1],[954,1],[992,1],[1072,-1],[1085,1],[1112,1],[1141,-1],[1171,-1],[1174,-1],[1196,1],[1209,-1],[1213,-1],[1227,-1],[1240,1],[1244,1]]","[114,62,51,115,118,109,27,46,89,117,77,16,58,91,86,104,28,7,2,43,64,116,40,50,80,37,49,98,85,34,71,29,76,70,63,45,72,10,1,66,21,100,14,68,18,94,73,99,53,103,97,60,56,69,13,0,119,24,102,96,22,113,88,54,87,35,30,31,90,25,75,4,81,74,92,105,84,26,112,93,57,20,101,19,23,52,107,41,6,82,61,67,15,38,36,110]","[159,160,200,126,239,190,150,181,166,221,151,215,147,168,220,229,235,218,236,129,161,185,162,193,124,209,164,177,174,172,169,188,131,136,212,232,238,231,223,230,145,227,135,237,144,201,210,121,179,143,203,208,133,214,184,165,228,206,125,205,186,154,139,199,213,189,191,167,226,171,180,149,183,127,123,178,141,130,198,195,234,216,196,120,142,163,224,128,122,153,202,211,148,225,156,155]",92c287dd1d79f45df086a1e660926969f58c420bb394fbfeb45fccfab124c59f,96,1907296858,170805299,"[930035,7,3,0,120,200,26]",1050749004,9855872,[5],"{""5"":1}"
S7,7,930036,120,0.894427190999916,3,,0,0.1,65,56,"[0,2,3,4,5,12,23,49,57,121,124,163,178,187,234,307,314,324,347,386,391,415,473,486,511,628,663,671,699,722,761,801,828,840,847,890,894,916,936,942,954,992,1011,1016,1037,1069,1089,1141,1151,1173,1196,1198,1209,1217,1227,1266]","[[0,1],[2,-1],[3,1],[4,-1],[5,1],[12,-1],[23,-1],[49,1],[57,-1],[121,-1],[124,-1],[163,-1],[178,-1],[187,-1],[234,1],[307,-1],[314,-1],[324,1],[347,-1],[386,-1],[391,-1],[415,1],[473,1],[486,-1],[511,-1],[628,1],[663,1],[671,-1],[699,1],[722,-1],[761,-1],[801,-1],[828,-1],[840,1],[847,1],[890,1],[894,1],[916,-1],[936,1],[942,1],[954,1],[992,1],[1011,-1],[1016,1],[1037,-1],[1069,1],[1089,1],[1141,-1],[1151,-1],[1173,1],[1196,1],[1198,-1],[1209,-1],[1217,-1],[1227,-1],[1266,1]]","[95,53,93,5,15,112,40,97,22,1,10,86,72,61,114,2,9,57,90,46,64,68,29,71,59,115,103,3,87,51,82,17,13,96,80,69,117,88,94,99,52,91,34,98,100,27,116,105,12,4,23,49,84,85,45,20,92,7,66,89,39,35,38,42,11,104,41,109,102,76,25,74,83,32,16,101,31,36,79,6,30,106,65,14,60,21,33,8,47,48,118,43,77,62,75,63]","[171,140,132,172,135,153,200,147,139,207,181,137,145,212,220,128,186,177,131,141,226,184,173,225,232,160,143,218,234,191,229,123,144,148,169,193,206,129,163,209,187,122,195,203,238,136,189,214,190,192,175,167,124,174,157,161,146,185,231,223,159,150,183,216,205,230,199,222,158,176,152,208,221,149,235,125,121,211,134,215,155,142,179,237,178,156,120,228,224,162,202,180,239,201,130,210]",be51a4ef7b1474fa684774b533eae5ee98dcb542c075e4175f715d0dda769011,96,2965158751,2516646976,"[930036,7,3,0,120,200,26]",2177652884,9855872,[5],"{""5"":1}"
S7,7,930037,120,0.894427190999916,3,,0,0.1,56,51,"[0,1,2,3,4,23,27,60,71,87,214,238,307,314,326,341,403,447,473,545,597,602,628,662,663,666,699,718,725,732,736,761,766,767,842,852,870,890,915,916,923,997,1037,1057,1085,1167,1171,1183,1237,1252,1258]","[[0,1],[1,1],[2,-1],[3,1],[4,-1],[23,-1],[27,-1],[60,-1],[71,1],[87,1],[214,1],[238,-1],[307,-1],[314,-1],[326,-1],[341,1],[403,1],[447,-1],[473,1],[545,1],[597,-1],[602,1],[628,1],[662,1],[663,1],[666,1],[699,1],[718,1],[725,1],[732,1],[736,1],[761,-1],[766,1],[767,1],[842,1],[852,1],[870,1],[890,1],[915,-1],[916,-1],[923,1],[997,-1],[1037,-1],[1057,1],[1085,1],[1167,-1],[1171,-1],[1183,-1],[1237,1],[1252,-1],[1258,-1]]","[114,115,113,36,112,18,23,31,99,94,77,3,8,60,45,102,15,0,29,72,43,105,53,46,65,37,5,90,63,49,11,32,109,38,56,118,28,108,27,52,82,20,44,34,19,26,71,104,62,69,97,13,83,98,119,9,48,24,116,100,61,51,14,81,80,58,84,30,101,25,39,1,74,10,111,57,92,21,47,6,40,64,107,22,70,16,17,50,91,41,79,78,4,103,66,54]","[196,160,207,199,198,126,129,165,141,132,120,180,208,166,186,155,217,215,130,237,220,121,142,226,191,131,156,133,187,214,223,163,181,222,136,206,134,190,159,151,200,210,175,205,216,185,164,145,236,174,225,172,224,228,127,161,143,147,152,171,193,188,178,221,140,195,201,231,167,169,158,177,124,227,219,182,123,194,138,170,239,233,173,157,154,235,137,213,189,229,238,204,162,218,232,148]",2f91a1250d0d53d115de8597ea55131cb728ed0c2fe82d32dfcc389d25228575,96,2406002299,1755878763,"[930037,7,3,0,120,200,26]",2224094300,9855872,[5],"{""5"":0}"
S7,7,930038,120,0.894427190999916,3,,0,0.1,71,56,"[0,1,2,3,4,23,26,27,249,304,307,323,326,327,333,376,391,397,422,426,429,483,500,504,511,519,563,597,602,607,628,663,699,722,736,761,766,789,790,791,808,834,838,851,881,915,968,992,1004,1061,1120,1138,1171,1209,1235,1244]","[[0,1],[1,1],[2,-1],[3,1],[4,-1],[23,-1],[26,-1],[27,-1],[249,1],[304,-1],[307,-1],[323,-1],[326,-1],[327,-1],[333,-1],[376,-1],[391,-1],[397,1],[422,-1],[426,1],[429,-1],[483,-1],[500,1],[504,-1],[511,-1],[519,-1],[563,1],[597,-1],[602,1],[607,1],[628,1],[663,1],[699,1],[722,-1],[736,1],[761,-1],[766,1],[789,1],[790,1],[791,-1],[808,1],[834,-1],[838,1],[851,-1],[881,1],[915,-1],[968,-1],[992,1],[1004,-1],[1061,-1],[1120,-1],[1138,1],[1171,-1],[1209,-1],[1235,1],[1244,1]]","[75,102,39,33,0,32,108,24,55,3,17,35,90,92,58,19,112,106,104,23,116,11,51,60,84,82,62,30,29,96,78,52,34,57,27,68,63,91,110,15,72,8,88,111,89,10,107,22,36,70,65,54,86,50,64,5,40,95,93,38,13,12,6,1,105,85,74,61,20,100,69,25,48,59,49,28,47,83,46,9,43,41,117,98,73,45,42,97,4,71,81,118,18,7,109,119]","[160,177,150,158,184,207,172,175,132,227,232,235,222,131,169,138,208,190,216,151,188,186,219,205,196,198,152,165,180,136,185,161,123,223,193,129,168,236,130,211,200,167,218,189,126,183,192,234,220,201,149,137,154,231,164,214,127,157,141,239,215,206,191,197,194,174,181,224,202,122,195,134,145,147,237,162,148,121,179,170,159,163,210,144,156,182,171,120,221,203,173,233,166,209,228,142]",fffbadacd2b8dded708505cba0ac5b9e83ed382b45fce978477ffe41df5b4725,96,3356427312,3759726568,"[930038,7,3,0,120,200,26]",620739767,9855872,[5],"{""5"":0}"
S7,7,930039,120,0.894427190999916,3,,0,0.1,68,56,"[0,1,2,3,4,30,54,124,152,183,184,215,249,287,295,307,314,320,322,326,327,333,375,412,437,488,537,602,607,628,653,663,678,699,730,736,761,789,838,856,869,886,899,921,980,992,1037,1138,1141,1175,1196,1198,1203,1226,1240,1264]","[[0,1],[1,1],[2,-1],[3,1],[4,-1],[30,-1],[54,-1],[124,-1],[152,1],[183,1],[184,1],[215,1],[249,1],[287,-1],[295,1],[307,-1],[314,-1],[320,1],[322,-1],[326,-1],[327,-1],[333,-1],[375,1],[412,1],[437,1],[488,-1],[537,-1],[602,1],[607,1],[628,1],[653,1],[663,1],[678,1],[699,1],[730,1],[736,1],[761,-1],[789,1],[838,1],[856,-1],[869,-1],[886,1],[899,-1],[921,-1],[980,1],[992,1],[1037,-1],[1138,1],[1141,-1],[1175,1],[1196,1],[1198,-1],[1203,-1],[1226,-1],[1240,1],[1264,1]]","[51,45,99,10,50,118,112,36,89,55,84,83,95,67,61,5,30,109,27,19,42,113,14,96,28,115,4,39,31,66,49,20,22,87,7,100,108,12,88,77,103,37,17,71,11,59,76,62,24,43,9,56,78,47,93,8,75,74,15,29,1,105,92,18,91,98,94,79,23,107,97,101,81,40,106,80,70,65,33,58,102,117,13,0,26,68,116,114,53,38,90,63,16,35,110,57]","[140,179,238,178,154,191,221,164,206,167,202,193,170,220,231,177,131,224,134,144,166,174,138,169,149,239,121,198,123,165,186,161,210,130,197,208,207,237,213,234,232,124,137,125,148,157,183,227,194,181,176,173,217,168,128,172,188,175,203,139,182,235,233,215,225,212,189,226,129,127,158,236,195,142,185,141,152,205,162,219,153,228,146,145,192,122,133,222,147,211,120,160,209,214,199,216]",76574cdd439de2839fc0673d110f7898f82a6ca6d6f7f15fa00f78c28b5d6232,96,283577965,2402828093,"[930039,7,3,0,120,200,26]",2336427446,9855872,[5],"{""5"":0}"
S7,7,930040,120,0.894427190999916,3,,0,0.1,77,48,"[1,2,4,12,49,112,206,234,239,314,408,430,437,462,602,609,621,628,637,653,663,687,699,726,736,763,766,768,783,791,838,855,866,915,921,945,954,1037,1113,1120,1164,1171,1173,1196,1198,1209,1217,1251]","[[1,1],[2,-1],[4,-1],[12,-1],[49,1],[112,-1],[206,-1],[234,1],[239,-1],[314,-1],[408,-1],[430,1],[437,1],[462,-1],[602,1],[609,-1],[621,1],[628,1],[637,-1],[653,1],[663,1],[687,-1],[699,1],[726,-1],[736,1],[763,-1],[766,1],[768,1],[783,1],[791,-1],[838,1],[855,1],[866,-1],[915,-1],[921,-1],[945,1],[954,1],[1037,-1],[1113,-1],[1120,-1],[1164,1],[1171,-1],[1173,1],[1196,1],[1198,-1],[1209,-1],[1217,-1],[1251,-1]]","[65,63,43,97,21,75,8,113,33,61,11,96,78,111,0,60,116,101,34,29,107,69,3,32,7,99,10,115,24,81,74,109,68,118,108,17,53,28,16,70,44,59,87,12,93,26,104,95,40,54,30,56,119,27,35,102,47,4,82,105,25,9,77,31,79,117,100,98,55,39,62,23,57,38,42,91,20,85,5,106,2,50,22,92,88,64,48,19,1,18,86,14,66,84,71,114]","[226,211,179,170,220,239,217,180,129,223,145,155,195,133,207,236,123,187,141,144,193,138,126,221,173,222,169,198,131,214,153,203,189,196,200,172,199,181,149,163,227,127,152,213,156,134,164,177,209,233,161,142,176,216,168,230,215,205,183,184,202,150,197,122,219,125,208,234,182,128,235,124,157,229,171,143,237,120,190,132,188,165,224,218,191,137,231,178,238,130,140,174,135,228,158,225]",6c98c142e93aec8e6a4c38cd4369d33cbfa93afce9b2295cba2dc50b4c5f9e78,96,1336558456,1952374436,"[930040,7,3,0,120,200,26]",3050096569,9855872,[5],"{""5"":0}"
S7,7,930041,120,0.894427190999916,3,,0,0.1,72,48,"[0,2,3,4,23,57,187,262,284,307,314,322,415,447,483,519,536,563,590,602,628,649,671,736,761,767,772,777,795,834,869,872,916,964,997,1008,1072,1082,1095,1149,1165,1173,1175,1186,1203,1224,1251,1252]","[[0,1],[2,-1],[3,1],[4,-1],[23,-1],[57,-1],[187,-1],[262,-1],[284,-1],[307,-1],[314,-1],[322,-1],[415,1],[447,-1],[483,-1],[519,-1],[536,1],[563,1],[590,1],[602,1],[628,1],[649,-1],[671,-1],[736,1],[761,-1],[767,1],[772,1],[777,1],[795,1],[834,-1],[869,-1],[872,-1],[916,-1],[964,1],[997,-1],[1008,1],[1072,-1],[1082,1],[1095,1],[1149,-1],[1165,-1],[1173,1],[1175,1],[1186,1],[1203,-1],[1224,1],[1251,-1],[1252,-1]]","[46,103,10,117,106,58,19,87,60,88,14,30,86,110,7,5,98,99,81,50,53,9,43,91,44,64,66,83,34,2,59,80,104,38,55,76,26,78,114,36,40,4,112,31,47,107,3,39,42,92,11,70,23,49,109,69,6,111,72,62,108,28,95,101,113,90,105,16,118,100,29,57,77,67,119,45,1,82,75,116,79,37,8,51,25,15,54,41,24,22,33,52,13,102,71,17]","[194,147,171,232,230,190,225,139,141,168,128,170,186,202,222,238,219,173,196,166,163,220,201,183,162,237,120,132,192,164,207,136,206,235,129,167,211,231,179,203,142,198,169,218,130,234,123,153,177,122,217,159,226,156,236,213,143,144,188,187,158,174,197,223,208,137,138,239,146,134,185,131,224,199,182,214,127,161,172,193,233,189,149,140,229,165,181,121,157,204,152,195,178,145,184,133]",ac400fa8efa7f94a03907033dc4c5a5c81ff22f6521f004b7d17ea18b87f4329,96,3121495059,4054450557,"[930041,7,3,0,120,200,26]",613612565,9855872,[5],"{""5"":0}"
S7,7,930042,120,0.894427190999916,3,,0,0.1,84,59,"[0,1,2,4,7,12,23,27,49,57,146,151,235,239,249,314,319,320,322,326,411,462,483,512,519,537,543,555,590,602,621,628,629,663,666,670,671,682,699,761,766,796,886,915,916,921,934,945,985,1057,1095,1114,1135,1141,1167,1173,1198,1209,1217]","[[0,1],[1,1],[2,-1],[4,-1],[7,1],[12,-1],[23,-1],[27,-1],[49,1],[57,-1],[146,-1],[151,-1],[235,-1],[239,-1],[249,1],[314,-1],[319,-1],[320,1],[322,-1],[326,-1],[411,-1],[462,-1],[483,-1],[512,1],[519,-1],[537,-1],[543,1],[555,1],[590,1],[602,1],[621,1],[628,1],[629,1],[663,1],[666,1],[670,1],[671,-1],[682,1],[699,1],[761,-1],[766,1],[796,1],[886,1],[915,-1],[916,-1],[921,-1],[934,1],[945,1],[985,-1],[1057,1],[1095,1],[1114,-1],[1135,-1],[1141,-1],[1167,-1],[1173,1],[1198,-1],[1209,-1],[1217,-1]]","[1,111,3,89,12,26,87,116,88,99,106,38,30,62,112,92,102,65,71,61,53,98,37,46,118,100,11,96,42,8,70,76,51,52,60,40,82,44,105,66,72,41,48,49,10,83,85,13,18,32,24,114,80,110,0,56,45,77,81,59,101,103,17,43,6,9,55,63,74,14,91,35,90,84,22,64,25,21,86,93,117,4,113,107,109,36,104,15,68,2,27,54,75,50,31,108]","[165,220,166,183,142,150,205,190,211,231,174,173,128,215,121,179,203,187,186,164,123,148,222,225,152,238,138,153,156,161,131,191,232,224,216,233,120,184,139,228,196,132,200,143,158,218,195,176,229,208,124,239,146,209,219,236,126,213,122,214,167,137,193,192,149,201,188,154,210,194,223,144,177,133,227,226,221,141,155,235,170,204,151,206,162,135,230,160,125,145,147,129,130,182,180,189]",b278235a9fe5143dfbe8049f0f73748dd31ac346fbda8b748419f41f0787511c,96,3120697588,115148841,"[930042,7,3,0,120,200,26]",3426236572,9855872,[5],"{""5"":0}"
S7,7,930043,120,0.894427190999916,3,,0,0.1,63,50,"[0,1,2,3,4,35,37,60,142,146,187,210,234,249,314,323,326,447,473,483,494,512,593,602,628,655,663,730,736,763,764,789,872,894,915,916,921,954,997,1072,1088,1138,1171,1209,1217,1222,1235,1256,1262,1279]","[[0,1],[1,1],[2,-1],[3,1],[4,-1],[35,-1],[37,1],[60,-1],[142,1],[146,-1],[187,-1],[210,-1],[234,1],[249,1],[314,-1],[323,-1],[326,-1],[447,-1],[473,1],[483,-1],[494,-1],[512,1],[593,-1],[602,1],[628,1],[655,-1],[663,1],[730,1],[736,1],[763,-1],[764,1],[789,1],[872,-1],[894,1],[915,-1],[916,-1],[921,-1],[954,1],[997,-1],[1072,-1],[1088,1],[1138,1],[1171,-1],[1209,-1],[1217,-1],[1222,1],[1235,1],[1256,1],[1262,1],[1279,1]]","[89,37,28,41,97,110,65,90,75,66,43,114,88,18,4,54,93,71,31,12,56,92,5,21,116,13,108,59,62,6,45,111,73,32,42,0,2,44,61,119,17,85,7,27,105,63,106,94,70,64,50,30,55,51,82,81,87,67,39,16,19,107,109,24,86,118,102,113,76,117,104,1,46,47,80,29,34,22,11,60,103,68,98,95,84,9,74,53,26,112,69,58,40,35,72,83]","[229,220,141,157,127,154,200,136,175,233,176,178,123,239,203,158,234,201,143,238,194,237,190,199,206,226,180,142,122,177,224,192,168,147,186,185,130,232,144,182,214,208,150,204,212,213,165,172,134,156,139,169,132,126,162,223,155,129,124,195,138,210,216,209,152,236,140,160,184,166,183,146,163,137,181,133,173,153,121,227,222,215,231,149,225,131,145,207,161,179,198,197,174,188,228,217]",b6763c04010896df80aa4d388b53cf5caed801df1137e2ec27945ebbdb6283ed,96,170036890,4028960717,"[930043,7,3,0,120,200,26]",322151018,9855872,[5],"{""5"":0}"
S7,7,930044,120,0.894427190999916,3,,0,0.1,73,48,"[0,1,2,4,23,25,49,111,163,178,209,249,307,314,320,333,347,415,437,483,518,563,628,663,678,715,736,756,761,777,838,842,890,916,954,1004,1008,1022,1037,1048,1066,1113,1141,1167,1171,1227,1244,1251]","[[0,1],[1,1],[2,-1],[4,-1],[23,-1],[25,1],[49,1],[111,1],[163,-1],[178,-1],[209,-1],[249,1],[307,-1],[314,-1],[320,1],[333,-1],[347,-1],[415,1],[437,1],[483,-1],[518,-1],[563,1],[628,1],[663,1],[678,1],[715,1],[736,1],[756,1],[761,-1],[777,1],[838,1],[842,1],[890,1],[916,-1],[954,1],[1004,-1],[1008,1],[1022,-1],[1037,-1],[1048,-1],[1066,1],[1113,-1],[1141,-1],[1167,-1],[1171,-1],[1227,-1],[1244,1],[1251,-1]]","[71,96,16,112,49,78,2,118,0,18,89,109,87,73,102,77,34,5,4,21,47,84,108,48,58,54,65,69,94,60,6,24,104,115,117,23,51,113,68,101,63,46,13,75,29,50,52,8,86,9,20,44,64,55,36,26,106,114,97,37,74,35,93,22,33,95,25,1,72,119,17,19,31,85,82,28,111,53,11,62,107,61,98,38,10,70,59,80,32,76,39,67,66,81,42,56]","[149,172,213,131,207,136,134,237,166,132,193,158,129,139,184,232,122,154,182,179,176,121,220,233,163,185,148,123,218,151,126,208,191,171,197,227,221,192,236,120,194,161,135,125,224,145,226,130,174,231,164,180,215,201,199,212,170,217,155,219,160,230,173,228,238,235,198,143,202,137,138,142,190,181,141,124,186,147,189,128,133,229,183,216,169,146,214,225,211,162,205,209,210,203,204,150]",a94b56c3484f8bbe82eb1f9166940fa1fefe87d3a021023fe951afad206de589,96,1279322834,988109888,"[930044,7,3,0,120,200,26]",1247519054,9855872,[5],"{""5"":0}"
S7,7,930045,120,0.894427190999916,3,,0,0.1,71,47,"[0,1,2,4,5,23,27,54,124,163,187,190,245,307,310,314,326,437,447,554,602,626,628,663,671,722,729,736,748,761,793,795,895,915,934,945,947,966,997,1022,1026,1113,1122,1141,1209,1240,1266]","[[0,1],[1,1],[2,-1],[4,-1],[5,-1],[23,-1],[27,-1],[54,-1],[124,-1],[163,-1],[187,-1],[190,1],[245,1],[307,-1],[310,1],[314,-1],[326,-1],[437,1],[447,-1],[554,1],[602,1],[626,-1],[628,1],[663,1],[671,-1],[722,-1],[729,-1],[736,1],[748,-1],[761,-1],[793,-1],[795,1],[895,1],[915,-1],[934,1],[945,1],[947,-1],[966,1],[997,-1],[1022,-1],[1026,1],[1113,-1],[1122,-1],[1141,-1],[1209,-1],[1240,1],[1266,1]]","[34,92,105,9,32,107,65,14,78,100,59,117,111,50,52,5,37,72,96,55,49,4,18,2,23,75,16,46,10,60,98,17,56,15,81,97,44,58,27,6,70,66,51,48,102,69,95,99,83,86,84,109,87,28,67,71,25,39,73,63,36,1,68,77,91,0,108,79,113,61,43,41,89,31,12,13,24,33,26,112,110,74,7,103,82,88,57,116,62,29,20,21,115,22,40,90]","[183,229,223,210,155,186,129,192,239,139,199,145,212,225,180,134,127,181,142,191,168,135,215,164,230,184,200,141,171,172,126,130,194,176,152,122,140,193,221,234,132,198,185,161,144,156,169,138,226,188,148,201,238,147,235,175,227,189,178,207,165,154,128,237,187,131,143,159,220,121,153,177,123,195,231,222,150,202,149,197,216,233,236,214,124,174,196,162,203,166,208,204,158,206,190,179]",44ade96db70175e0206d5318fbcdc9d0b6c733b4285b480f84eef614fef5a275,96,3933271136,1016900625,"[930045,7,3,0,120,200,26]",1482596714,9855872,[5],"{""5"":-1}"
S7,7,930046,120,0.894427190999916,3,,0,0.0001,0,0,[],[],"[30,26,25,20,62,32,7,60,41,40,84,112,42,110,85,17,66,74,90,4,54,5,82,117,106,73,115,43,64,6,21,95,47,34,111,105,71,50,75,24,46,61,99,2,28,104,33,119,98,1,36,87,94,53,108,76,10,27,57,72,8,96,77,9,58,107,12,81,79,38,0,19,51,100,55,93,113,35,13,56,109,116,45,91,3,14,92,78,29,68,18,83,44,70,31,37]","[234,209,186,178,133,140,143,218,161,176,173,138,205,177,152,146,187,181,228,237,137,162,151,164,166,189,199,158,214,154,203,147,180,204,175,219,183,232,168,123,235,216,207,236,197,192,217,239,163,220,136,149,155,191,121,132,126,225,165,120,233,201,195,150,185,130,144,131,128,171,160,211,198,153,172,124,141,224,148,213,145,129,231,194,226,223,238,167,135,229,134,221,142,170,174,122]",ec4283bcf27987a6add34beee2f029d21a4502fc170185b3026a93e2bc3a7baa,96,3452235417,3316835815,"[930046,7,3,0,120,200,26]",2353144519,9855872,[5],"{""5"":0}"
S7,7,930047,120,0.894427190999916,3,,0,0.1,67,51,"[0,2,3,4,5,37,124,151,249,285,297,314,359,426,437,447,473,479,512,602,621,628,655,660,663,666,712,722,729,736,789,790,838,842,852,875,915,945,947,980,997,1004,1057,1072,1090,1095,1101,1135,1171,1209,1217]","[[0,1],[2,-1],[3,1],[4,-1],[5,1],[37,1],[124,-1],[151,-1],[249,1],[285,-1],[297,1],[314,-1],[359,-1],[426,1],[437,1],[447,-1],[473,1],[479,-1],[512,1],[602,1],[621,1],[628,1],[655,-1],[660,1],[663,1],[666,1],[712,-1],[722,-1],[729,-1],[736,1],[789,1],[790,1],[838,1],[842,1],[852,1],[875,1],[915,-1],[945,1],[947,-1],[980,1],[997,-1],[1004,-1],[1057,1],[1072,-1],[1090,-1],[1095,1],[1101,-1],[1135,-1],[1171,-1],[1209,-1],[1217,-1]]","[57,27,60,86,10,11,8,12,114,103,73,29,63,35,97,14,56,30,95,99,64,24,117,111,118,119,88,9,37,36,6,79,18,2,42,67,112,16,101,94,61,108,33,92,107,74,96,76,39,19,38,53,41,1,28,52,100,104,75,3,90,47,113,106,46,72,115,13,98,81,84,65,26,0,22,109,58,66,91,45,44,31,62,15,105,68,43,71,20,51,40,82,25,54,89,93]","[130,214,231,186,128,237,234,179,177,166,150,160,159,205,184,164,120,167,217,207,202,192,204,138,155,228,193,152,218,224,141,173,212,163,123,199,153,133,151,126,168,135,137,203,175,183,143,131,227,197,191,220,226,172,194,210,209,229,219,201,235,187,139,195,125,233,225,208,189,162,196,176,181,142,215,216,154,182,185,121,169,222,221,134,146,180,198,178,206,144,171,129,148,124,211,190]",fa062addf8e439bb8510b278bc3e5a6d16e143ccb70846a5420bb0cc5692d78e,96,595992177,797486844,"[930047,7,3,0,120,200,26]",1148538593,9855872,[5],"{""5"":1}"
S7,7,930048,120,0.894427190999916,3,,0,0.1,62,46,"[0,1,2,3,4,23,57,112,146,163,187,249,314,320,322,359,412,473,483,488,499,504,602,628,659,663,671,722,736,789,838,886,890,972,992,997,1037,1066,1072,1114,1175,1198,1209,1217,1238,1240]","[[0,1],[1,1],[2,-1],[3,1],[4,-1],[23,-1],[57,-1],[112,-1],[146,-1],[163,-1],[187,-1],[249,1],[314,-1],[320,1],[322,-1],[359,-1],[412,1],[473,1],[483,-1],[488,-1],[499,1],[504,-1],[602,1],[628,1],[659,-1],[663,1],[671,-1],[722,-1],[736,1],[789,1],[838,1],[886,1],[890,1],[972,1],[992,1],[997,-1],[1037,-1],[1066,1],[1072,-1],[1114,-1],[1175,1],[1198,-1],[1209,-1],[1217,-1],[1238,-1],[1240,1]]","[22,36,97,88,39,86,106,90,104,45,80,14,76,12,49,37,23,16,109,42,74,27,62,64,33,96,91,11,1,54,65,52,87,43,118,3,72,75,40,28,105,103,29,9,34,92,60,21,8,0,93,46,101,31,58,18,94,6,61,24,41,69,51,89,4,13,114,79,57,17,77,63,99,7,56,66,5,67,59,73,107,26,116,50,35,70,48,110,98,2,108,71,95,112,38,119]","[176,153,200,234,145,152,205,178,129,194,208,164,147,169,133,191,167,146,161,217,227,130,135,157,231,138,125,207,218,131,206,177,192,211,181,212,173,229,141,188,199,224,219,232,134,209,121,142,184,204,239,148,216,196,187,214,186,127,215,166,195,174,175,154,222,120,220,123,197,165,122,235,149,150,201,185,163,168,230,170,225,155,171,179,223,182,140,132,143,238,202,228,180,210,189,172]",78a395dbf84b1617908b761955223b46e35ffb40ca8cde904d72cccf32ad0bb9,96,3699946946,1194528809,"[930048,7,3,0,120,200,26]",1413675120,9855872,[5],"{""5"":0}"
S7,7,930049,120,0.894427190999916,3,,0,0.1,74,53,"[0,1,2,4,23,27,57,94,130,163,184,235,302,314,341,347,363,391,397,403,415,437,462,500,503,512,537,554,590,594,628,630,666,736,761,808,842,846,872,890,915,997,1016,1089,1107,1113,1121,1175,1196,1209,1217,1235,1279]","[[0,1],[1,1],[2,-1],[4,-1],[23,-1],[27,-1],[57,-1],[94,1],[130,-1],[163,-1],[184,1],[235,-1],[302,-1],[314,-1],[341,1],[347,-1],[363,1],[391,-1],[397,1],[403,1],[415,1],[437,1],[462,-1],[500,1],[503,-1],[512,1],[537,-1],[554,1],[590,1],[594,-1],[628,1],[630,-1],[666,1],[736,1],[761,-1],[808,1],[842,1],[846,-1],[872,-1],[890,1],[915,-1],[997,-1],[1016,1],[1089,1],[1107,1],[1113,-1],[1121,1],[1175,1],[1196,1],[1209,-1],[1217,-1],[1235,1],[1279,1]]","[105,83,11,19,54,77,78,31,12,30,65,64,34,93,70,5,96,116,68,98,112,99,55,0,88,117,56,20,16,22,26,100,63,2,81,24,71,18,89,28,86,75,39,67,59,84,74,80,13,92,60,36,52,3,90,73,48,44,51,47,29,9,101,61,113,21,14,7,45,41,23,35,104,106,76,66,102,85,6,109,91,43,97,42,49,40,50,17,57,95,27,15,58,79,111,10]","[219,138,228,201,169,170,168,126,212,223,128,236,204,235,224,187,147,227,239,137,150,215,178,121,127,164,176,173,183,144,233,131,180,171,193,231,149,179,198,156,154,159,134,177,129,152,186,211,196,123,221,237,135,122,234,162,188,191,226,199,194,190,202,189,153,160,182,165,217,140,213,208,229,174,222,133,225,142,195,148,120,139,167,124,214,132,184,197,141,125,181,207,192,185,216,155]",3bb8e5e58676d9b1db2f6698dee9a87f6c20828192dcd596364feb3dfb6a698c,96,2933032444,710331441,"[930049,7,3,0,120,200,26]",285650609,9855872,[5],"{""5"":0}"
S7,7,930050,120,0.894427190999916,3,,0,0.1,71,50,"[0,2,4,23,27,39,57,118,124,163,211,218,249,285,307,314,323,324,415,426,434,437,537,549,563,602,628,637,655,663,677,729,738,761,766,791,838,842,858,947,954,997,1059,1114,1138,1171,1173,1217,1251,1264]","[[0,1],[2,-1],[4,-1],[23,-1],[27,-1],[39,-1],[57,-1],[118,1],[124,-1],[163,-1],[211,1],[218,1],[249,1],[285,-1],[307,-1],[314,-1],[323,-1],[324,1],[415,1],[426,1],[434,-1],[437,1],[537,-1],[549,-1],[563,1],[602,1],[628,1],[637,-1],[655,-1],[663,1],[677,1],[729,-1],[738,1],[761,-1],[766,1],[791,-1],[838,1],[842,1],[858,1],[947,-1],[954,1],[997,-1],[1059,-1],[1114,-1],[1138,1],[1171,-1],[1173,1],[1217,-1],[1251,-1],[1264,1]]","[57,25,22,72,3,44,89,109,79,13,116,32,39,99,78,56,37,80,66,48,68,60,111,51,0,101,42,110,62,74,1,16,118,94,6,76,15,90,100,64,95,67,46,14,21,50,96,11,52,119,83,27,20,73,9,103,92,35,17,18,98,107,23,29,102,33,61,69,63,65,105,86,112,59,19,81,41,45,58,12,84,55,75,91,30,82,36,34,70,87,88,10,54,93,108,31]","[138,167,217,220,177,236,139,219,133,145,159,134,226,126,147,190,206,163,140,132,144,215,191,125,158,149,188,137,194,123,238,201,150,184,128,193,185,222,154,208,196,218,122,198,121,152,197,164,212,233,165,181,180,209,227,235,202,224,176,223,141,136,200,207,148,161,130,230,162,172,124,127,131,187,175,192,120,171,199,155,174,228,170,232,157,173,169,225,214,160,203,221,213,231,166,205]",0d00153390a85661c8fa365f4aa0cf35d42dead16015ec2c5e7a0462b0eadd7b,96,3516977098,1269949144,"[930050,7,3,0,120,200,26]",3216888503,9855872,[5],"{""5"":0}"
S7,7,930051,120,0.894427190999916,3,,0,1.0,146,126,"[0,2,3,4,13,26,29,62,66,84,87,108,119,124,133,163,178,181,182,187,195,199,200,238,239,249,271,304,307,314,316,326,333,335,341,348,375,407,415,423,426,441,447,462,474,494,503,512,519,537,538,563,571,579,594,595,598,615,621,622,628,633,641,653,658,662,663,670,693,699,718,722,727,730,737,744,748,764,766,768,771,787,789,822,838,842,855,872,873,882,925,941,982,992,997,1013,1019,1031,1037,1050,1054,1057,1061,1100,1101,1107,1113,1138,1167,1171,1175,1209,1213,1217,1219,1222,1223,1233,1235,1241,1242,1251,1255,1262,1269,1275]","[[0,1],[2,-1],[3,1],[4,-1],[13,-1],[26,-1],[29,1],[62,1],[66,1],[84,1],[87,1],[108,1],[119,1],[124,-1],[133,1],[163,-1],[178,-1],[181,1],[182,-1],[187,-1],[195,1],[199,-1],[200,1],[238,-1],[239,-1],[249,1],[271,1],[304,-1],[307,-1],[314,-1],[316,-1],[326,-1],[333,-1],[335,1],[341,1],[348,1],[375,1],[407,1],[415,1],[423,-1],[426,1],[441,1],[447,-1],[462,-1],[474,1],[494,-1],[503,-1],[512,1],[519,-1],[537,-1],[538,1],[563,1],[571,1],[579,1],[594,-1],[595,-1],[598,1],[615,1],[621,1],[622,-1],[628,1],[633,-1],[641,1],[653,1],[658,-1],[662,1],[663,1],[670,1],[693,-1],[699,1],[718,1],[722,-1],[727,-1],[730,1],[737,1],[744,-1],[748,-1],[764,1],[766,1],[768,1],[771,1],[787,1],[789,1],[822,-1],[838,1],[842,1],[855,1],[872,-1],[873,1],[882,-1],[925,1],[941,1],[982,1],[992,1],[997,-1],[1013,-1],[1019,-1],[1031,-1],[1037,-1],[1050,1],[1054,1],[1057,1],[1061,-1],[1100,1],[1101,-1],[1107,1],[1113,-1],[1138,1],[1167,-1],[1171,-1],[1175,1],[1209,-1],[1213,-1],[1217,-1],[1219,1],[1222,1],[1223,1],[1233,1],[1235,1],[1241,-1],[1242,1],[1251,-1],[1255,-1],[1262,1],[1269,-1],[1275,1]]","[91,42,58,29,48,99,112,0,78,9,108,98,97,67,11,110,57,46,39,64,119,44,60,26,15,34,75,3,69,38,111,1,40,72,114,14,107,77,90,10,66,25,32,20,55,51,80,106,52,36,56,37,84,102,45,47,105,82,71,43,68,24,104,74,8,115,81,54,4,17,53,13,19,89,83,85,16,94,70,21,28,63,101,31,50,23,18,30,109,27,35,6,95,118,12,65]","[179,158,146,145,133,191,192,225,164,186,121,139,210,151,165,187,190,142,221,227,188,197,235,205,183,223,194,211,203,120,138,169,224,152,214,134,147,141,217,189,125,233,216,143,202,171,176,170,132,196,156,232,154,222,234,174,155,236,215,198,144,131,177,161,200,208,182,129,226,162,231,207,140,213,209,159,212,173,163,168,237,157,128,135,130,195,184,193,172,228,150,219,148,123,149,229]",f9c42406774631abee6957b61404a87c595a1b2e804893f618f26b3162c1a66a,96,932211371,4274705499,"[930051,7,3,0,120,200,26]",882265455,9855872,[5],"{""5"":0}"
S7,7,930052,120,0.894427190999916,3,,0,0.1,77,59,"[0,2,3,4,23,25,49,92,136,187,194,232,235,287,314,326,365,367,415,509,512,535,564,592,602,628,663,666,678,699,730,736,746,771,775,846,852,872,899,904,915,916,921,997,1016,1037,1050,1066,1107,1113,1114,1119,1138,1171,1173,1175,1198,1209,1258]","[[0,1],[2,-1],[3,1],[4,-1],[23,-1],[25,1],[49,1],[92,1],[136,-1],[187,-1],[194,1],[232,1],[235,-1],[287,-1],[314,-1],[326,-1],[365,-1],[367,-1],[415,1],[509,-1],[512,1],[535,-1],[564,-1],[592,1],[602,1],[628,1],[663,1],[666,1],[678,1],[699,1],[730,1],[736,1],[746,1],[771,1],[775,1],[846,-1],[852,1],[872,-1],[899,-1],[904,1],[915,-1],[916,-1],[921,-1],[997,-1],[1016,1],[1037,-1],[1050,1],[1066,1],[1107,1],[1113,-1],[1114,-1],[1119,-1],[1138,1],[1171,-1],[1173,1],[1175,1],[1198,-1],[1209,-1],[1258,-1]]","[72,74,103,2,12,75,61,11,71,96,68,99,119,1,31,54,51,23,35,46,32,8,66,5,97,36,21,94,10,73,107,105,30,98,55,113,16,58,57,102,70,82,45,65,95,79,9,18,92,78,87,85,59,53,116,13,19,50,14,27,15,43,86,39,4,60,112,40,47,104,109,93,38,56,80,76,69,88,41,20,90,42,115,7,49,3,100,84,106,28,62,101,37,24,33,81]","[170,178,140,146,181,161,185,200,233,239,129,179,125,238,192,143,121,193,165,213,203,218,154,138,212,224,189,190,174,205,195,211,149,197,177,219,223,202,147,155,135,124,229,172,162,141,157,123,176,225,120,191,236,168,183,132,167,199,188,171,221,220,237,207,206,227,134,222,198,133,230,184,194,187,226,122,156,215,145,142,164,127,166,169,136,158,173,126,144,232,208,231,228,204,151,186]",9ed579c369879e359f415843b51085b27d58b9fdfe7494360b9fc7dee443ba9e,96,2161221237,1994757943,"[930052,7,3,0,120,200,26]",3558204,9855872,[5],"{""5"":0}"
S7,7,930053,120,0.894427190999916,3,,0,0.1,70,59,"[0,1,2,3,7,23,37,92,99,124,163,183,187,240,249,287,310,314,316,322,326,333,376,437,447,462,467,472,473,491,492,512,538,554,602,621,628,640,655,663,705,722,730,739,766,771,789,842,890,895,1037,1048,1072,1095,1113,1114,1171,1196,1242]","[[0,1],[1,1],[2,-1],[3,1],[7,1],[23,-1],[37,1],[92,1],[99,1],[124,-1],[163,-1],[183,1],[187,-1],[240,1],[249,1],[287,-1],[310,1],[314,-1],[316,-1],[322,-1],[326,-1],[333,-1],[376,-1],[437,1],[447,-1],[462,-1],[467,1],[472,-1],[473,1],[491,1],[492,-1],[512,1],[538,1],[554,1],[602,1],[621,1],[628,1],[640,1],[655,-1],[663,1],[705,-1],[722,-1],[730,1],[739,1],[766,1],[771,1],[789,1],[842,1],[890,1],[895,1],[1037,-1],[1048,-1],[1072,-1],[1095,1],[1113,-1],[1114,-1],[1171,-1],[1196,1],[1242,1]]","[112,43,79,82,26,0,22,66,55,70,27,39,4,96,107,29,1,101,68,36,33,18,109,41,84,30,31,20,78,119,73,98,12,32,110,72,69,17,105,21,11,13,103,28,46,19,58,42,6,111,7,64,88,14,116,57,113,89,65,49,56,91,9,60,8,25,87,37,24,62,10,108,114,61,3,75,83,100,92,54,2,74,76,94,52,16,40,63,53,106,117,50,35,47,59,44]","[238,129,177,188,171,136,227,127,159,120,190,122,197,213,170,202,231,196,166,185,220,162,234,203,181,211,179,235,141,228,161,208,192,124,155,230,222,191,183,236,199,148,224,186,154,151,123,134,225,226,198,205,163,184,194,157,172,143,160,193,139,140,169,209,189,200,131,147,126,204,178,212,239,237,187,149,229,135,133,137,158,217,167,145,142,219,174,150,146,195,153,210,130,125,215,207]",2090d89331475f163304aa5e49cd41bd043a704a28e0398a8971e2dbad6caa4e,96,1659337402,357862856,"[930053,7,3,0,120,200,26]",1525198596,9855872,[5],"{""5"":0}"
S7,7,930054,120,0.894427190999916,3,,0,0.1,74,58,"[0,2,3,23,27,37,57,116,182,244,249,307,314,326,333,352,402,403,462,494,512,537,602,621,628,670,699,722,730,736,737,764,767,768,836,842,843,848,855,867,890,904,915,921,934,995,996,1016,1040,1138,1141,1167,1171,1196,1198,1203,1217,1251]","[[0,1],[2,-1],[3,1],[23,-1],[27,-1],[37,1],[57,-1],[116,1],[182,-1],[244,1],[249,1],[307,-1],[314,-1],[326,-1],[333,-1],[352,1],[402,1],[403,1],[462,-1],[494,-1],[512,1],[537,-1],[602,1],[621,1],[628,1],[670,1],[699,1],[722,-1],[730,1],[736,1],[737,1],[764,1],[767,1],[768,1],[836,-1],[842,1],[843,-1],[848,-1],[855,1],[867,-1],[890,1],[904,1],[915,-1],[921,-1],[934,1],[995,1],[996,1],[1016,1],[1040,1],[1138,1],[1141,-1],[1167,-1],[1171,-1],[1196,1],[1198,-1],[1203,-1],[1217,-1],[1251,-1]]","[42,107,65,25,95,29,62,56,101,6,105,69,58,35,116,59,90,1,39,13,12,78,77,76,52,15,34,40,92,102,106,28,48,109,55,63,31,43,54,49,9,32,66,86,114,36,70,97,108,100,91,112,79,94,115,61,98,44,83,38,0,60,4,30,72,75,71,10,11,17,14,103,88,73,68,74,50,41,20,85,3,45,18,16,33,53,24,23,99,46,81,27,89,19,26,104]","[223,233,232,238,170,151,131,129,133,203,138,140,214,239,128,179,186,212,195,237,231,209,145,149,182,159,169,225,155,204,226,157,172,132,221,167,200,122,178,190,120,147,163,121,187,143,189,127,150,234,215,191,194,166,164,207,183,154,165,230,139,205,196,218,125,148,153,199,176,124,219,175,134,162,168,236,142,126,177,141,158,184,222,217,197,192,181,188,208,135,201,224,174,220,146,173]",2a5d94e62695d9a4f52eccb9e19748d46fed016e82718427605cd16efd252768,96,2913847776,1242788137,"[930054,7,3,0,120,200,26]",3660151680,9855872,[5],"{""5"":0}"
S7,7,930055,120,0.894427190999916,3,,0,0.3,139,121,"[0,2,3,4,5,20,27,49,66,71,87,112,119,122,124,126,157,163,164,168,174,182,202,204,214,232,245,248,270,274,276,284,314,320,323,326,335,386,397,413,422,426,437,447,462,494,500,529,594,597,602,621,626,627,628,630,653,655,663,666,671,693,695,699,705,722,725,736,748,752,761,763,766,767,783,804,828,834,836,838,842,846,847,851,858,867,890,915,916,925,945,947,969,993,997,999,1017,1048,1061,1101,1114,1147,1167,1171,1175,1186,1196,1203,1209,1217,1227,1229,1235,1239,1240,1244,1251,1256,1258,1263,1272]","[[0,1],[2,-1],[3,1],[4,-1],[5,1],[20,-1],[27,-1],[49,1],[66,1],[71,1],[87,1],[112,-1],[119,1],[122,1],[124,-1],[126,1],[157,1],[163,-1],[164,-1],[168,1],[174,1],[182,-1],[202,-1],[204,1],[214,1],[232,1],[245,1],[248,1],[270,1],[274,-1],[276,-1],[284,-1],[314,-1],[320,1],[323,-1],[326,-1],[335,1],[386,-1],[397,1],[413,-1],[422,-1],[426,1],[437,1],[447,-1],[462,-1],[494,-1],[500,1],[529,-1],[594,-1],[597,-1],[602,1],[621,1],[626,-1],[627,-1],[628,1],[630,-1],[653,1],[655,-1],[663,1],[666,1],[671,-1],[693,-1],[695,1],[699,1],[705,-1],[722,-1],[725,1],[736,1],[748,-1],[752,-1],[761,-1],[763,-1],[766,1],[767,1],[783,1],[804,1],[828,-1],[834,-1],[836,-1],[838,1],[842,1],[846,-1],[847,1],[851,-1],[858,1],[867,-1],[890,1],[915,-1],[916,-1],[925,1],[945,1],[947,-1],[969,1],[993,-1],[997,-1],[999,-1],[1017,-1],[1048,-1],[1061,-1],[1101,-1],[1114,-1],[1147,1],[1167,-1],[1171,-1],[1175,1],[1186,1],[1196,1],[1203,-1],[1209,-1],[1217,-1],[1227,-1],[1229,1],[1235,1],[1239,-1],[1240,1],[1244,1],[1251,-1],[1256,1],[1258,-1],[1263,1],[1272,1]]","[15,79,43,68,84,16,111,105,60,6,87,35,93,64,110,41,62,117,20,88,80,0,10,102,75,100,38,7,21,66,54,74,107,27,89,112,31,32,46,47,5,97,92,49,98,34,78,44,17,72,13,108,2,51,115,118,52,81,18,85,96,90,30,28,23,77,109,103,83,12,39,58,71,73,48,114,94,101,57,11,59,82,8,61,56,33,29,26,40,22,4,50,63,104,70,116]","[201,158,195,227,179,228,148,160,199,146,176,175,149,131,204,171,142,207,145,122,214,194,185,152,230,229,211,218,193,140,192,127,198,164,189,232,233,239,141,177,217,161,166,234,181,202,132,121,203,155,154,136,197,190,133,169,124,236,183,191,137,139,126,196,237,147,220,226,187,216,167,213,150,165,162,135,129,153,156,143,235,219,221,180,125,206,209,172,186,128,212,134,205,138,170,173]",6bcf76b171c9581c0fcfca7904dcadc85bf8bd6b28ef1f1f8deae342aca617bb,96,2325721052,621491689,"[930055,7,3,0,120,200,26]",2232526171,9855872,[5],"{""5"":1}"
S7,7,930056,120,0.894427190999916,3,,0,0.1,67,60,"[0,1,2,3,4,12,23,85,119,130,152,187,240,245,274,307,314,322,324,326,341,415,437,483,486,494,568,602,622,628,659,663,671,699,722,736,754,755,761,766,852,874,890,932,946,955,968,982,995,997,1113,1138,1154,1167,1171,1173,1175,1209,1217,1222]","[[0,1],[1,1],[2,-1],[3,1],[4,-1],[12,-1],[23,-1],[85,-1],[119,1],[130,-1],[152,1],[187,-1],[240,1],[245,1],[274,-1],[307,-1],[314,-1],[322,-1],[324,1],[326,-1],[341,1],[415,1],[437,1],[483,-1],[486,-1],[494,-1],[568,1],[602,1],[622,-1],[628,1],[659,-1],[663,1],[671,-1],[699,1],[722,-1],[736,1],[754,1],[755,-1],[761,-1],[766,1],[852,1],[874,1],[890,1],[932,-1],[946,-1],[955,1],[968,-1],[982,1],[995,1],[997,-1],[1113,-1],[1138,1],[1154,1],[1167,-1],[1171,-1],[1173,1],[1175,1],[1209,-1],[1217,-1],[1222,1]]","[20,111,73,61,21,17,51,101,113,115,44,59,52,96,56,79,72,16,22,4,110,43,47,34,74,13,81,105,29,87,83,77,55,48,19,7,88,93,50,36,63,33,102,90,27,112,97,41,30,95,104,100,57,46,39,117,94,119,37,114,116,42,53,70,118,103,107,86,99,71,25,91,65,31,54,0,62,12,8,67,15,108,75,92,40,85,24,66,80,2,23,14,68,10,76,89]","[167,141,163,222,158,191,186,152,208,155,209,225,192,200,151,179,120,139,180,234,214,213,173,193,142,231,140,237,148,174,165,212,196,217,159,149,236,204,224,178,226,138,123,128,137,183,145,144,147,205,172,216,121,215,223,219,166,239,150,170,175,220,235,210,187,135,199,190,161,122,232,230,136,134,207,143,176,238,228,203,164,182,233,197,185,153,181,160,177,130,211,129,206,227,221,188]",ed3cef00d1251fc679192651c497eea1051e4ad82e6f683114866972da125747,96,398717468,3105407867,"[930056,7,3,0,120,200,26]",436240347,9855872,[5],"{""5"":0}"
S7,7,930057,120,0.894427190999916,3,,0,0.1,68,60,"[0,1,2,4,27,37,119,152,157,200,249,270,297,314,323,326,333,375,391,394,397,462,473,512,549,559,563,590,602,626,628,663,699,725,736,763,787,803,808,834,838,842,855,858,899,952,954,997,1004,1037,1044,1053,1072,1113,1138,1179,1198,1217,1244,1251]","[[0,1],[1,1],[2,-1],[4,-1],[27,-1],[37,1],[119,1],[152,1],[157,1],[200,1],[249,1],[270,1],[297,1],[314,-1],[323,-1],[326,-1],[333,-1],[375,1],[391,-1],[394,-1],[397,1],[462,-1],[473,1],[512,1],[549,-1],[559,1],[563,1],[590,1],[602,1],[626,-1],[628,1],[663,1],[699,1],[725,1],[736,1],[763,-1],[787,1],[803,-1],[808,1],[834,-1],[838,1],[842,1],[855,1],[858,1],[899,-1],[952,-1],[954,1],[997,-1],[1004,-1],[1037,-1],[1044,-1],[1053,-1],[1072,-1],[1113,-1],[1138,1],[1179,1],[1198,-1],[1217,-1],[1244,1],[1251,-1]]","[48,49,83,16,112,59,32,94,2,108,55,42,70,105,116,3,71,52,26,106,8,46,90,29,102,5,97,64,24,45,98,60,93,20,22,81,91,35,34,103,51,11,109,28,12,115,7,33,73,95,0,18,27,15,57,56,17,61,9,54,50,89,78,76,36,53,111,66,67,100,38,23,41,114,117,19,25,80,75,43,104,118,4,69,84,113,37,85,110,107,44,82,13,119,21,65]","[169,123,159,239,223,185,138,176,216,212,198,153,234,187,157,192,215,236,134,178,227,211,161,200,160,172,238,147,206,220,152,186,120,121,183,177,163,195,144,158,166,228,168,155,175,141,189,171,135,199,145,127,196,210,136,222,237,229,124,197,130,207,165,151,170,205,184,146,225,132,221,202,204,154,180,201,156,126,142,182,203,128,139,181,230,231,131,218,149,214,129,125,219,193,173,164]",3a466728c5d37020b9042f31b3ddb69ba051339d3a5e2bb1827370bc6a364364,96,1752975041,3234910061,"[930057,7,3,0,120,200,26]",1530344675,9855872,[5],"{""5"":0}"
S7,7,930058,120,0.894427190999916,3,,0,0.1,69,51,"[0,1,2,3,4,26,30,71,163,249,270,314,326,327,359,441,447,462,473,512,594,602,628,640,655,663,722,763,789,834,838,848,851,852,867,890,934,978,992,997,1016,1069,1093,1120,1155,1167,1171,1175,1196,1217,1251]","[[0,1],[1,1],[2,-1],[3,1],[4,-1],[26,-1],[30,-1],[71,1],[163,-1],[249,1],[270,1],[314,-1],[326,-1],[327,-1],[359,-1],[441,1],[447,-1],[462,-1],[473,1],[512,1],[594,-1],[602,1],[628,1],[640,1],[655,-1],[663,1],[722,-1],[763,-1],[789,1],[834,-1],[838,1],[848,-1],[851,-1],[852,1],[867,-1],[890,1],[934,1],[978,-1],[992,1],[997,-1],[1016,1],[1069,1],[1093,-1],[1120,-1],[1155,-1],[1167,-1],[1171,-1],[1175,1],[1196,1],[1217,-1],[1251,-1]]","[101,100,25,12,63,102,116,85,15,33,26,58,68,80,52,50,0,76,59,28,39,107,118,109,7,13,48,78,56,69,97,51,73,98,38,4,31,87,42,41,36,108,49,23,113,11,84,71,55,66,65,34,94,6,74,47,90,9,61,117,88,24,64,91,45,14,86,20,93,27,111,44,77,110,22,3,57,114,83,60,32,1,16,89,43,72,35,17,29,104,95,30,115,112,5,8]","[227,199,209,177,147,172,156,183,129,169,142,136,217,205,211,187,175,224,126,135,230,131,201,160,179,137,140,203,229,223,146,173,181,221,212,149,191,153,193,214,197,145,186,155,228,225,180,123,210,234,158,159,195,166,148,215,213,190,184,163,216,232,202,164,127,168,120,167,206,161,122,121,154,124,134,138,139,219,236,157,152,128,231,237,222,233,207,176,196,130,189,141,144,125,198,200]",318a048f249538a985161c053b9b90373966c42e2e340d68fd82c9808f115aa8,96,952715297,946525501,"[930058,7,3,0,120,200,26]",1156106088,9855872,[5],"{""5"":0}"
S7,7,930059,120,0.894427190999916,3,,0,0.1,64,55,"[0,1,2,4,12,23,27,49,57,66,71,124,163,187,189,210,249,307,319,326,391,426,430,437,447,473,486,582,621,628,653,663,671,693,699,722,736,761,763,767,842,855,858,867,954,974,1037,1141,1171,1175,1180,1196,1198,1217,1264]","[[0,1],[1,1],[2,-1],[4,-1],[12,-1],[23,-1],[27,-1],[49,1],[57,-1],[66,1],[71,1],[124,-1],[163,-1],[187,-1],[189,1],[210,-1],[249,1],[307,-1],[319,-1],[326,-1],[391,-1],[426,1],[430,1],[437,1],[447,-1],[473,1],[486,-1],[582,1],[621,1],[628,1],[653,1],[663,1],[671,-1],[693,-1],[699,1],[722,-1],[736,1],[761,-1],[763,-1],[767,1],[842,1],[855,1],[858,1],[867,-1],[954,1],[974,-1],[1037,-1],[1141,-1],[1171,-1],[1175,1],[1180,1],[1196,1],[1198,-1],[1217,-1],[1264,1]]","[61,47,85,50,87,38,20,77,37,55,5,110,73,11,105,21,9,64,78,107,71,1,17,36,108,23,104,111,46,106,33,88,90,43,79,34,62,3,32,86,30,0,7,65,39,96,95,67,15,81,75,54,35,52,53,42,56,82,31,100,28,115,70,99,58,29,76,27,19,57,103,6,72,44,74,63,117,10,16,60,18,84,114,40,119,109,91,41,45,116,89,94,49,8,24,48]","[177,223,178,183,176,169,153,125,213,146,137,156,219,210,239,187,122,128,226,170,233,133,175,203,159,174,191,134,127,204,135,162,150,228,202,184,138,227,236,208,123,141,142,200,148,157,225,144,163,215,216,165,212,209,232,197,238,179,186,189,140,198,185,120,237,171,131,192,173,158,195,139,220,166,152,181,222,143,206,235,188,180,218,201,211,221,130,121,172,129,155,224,230,199,161,160]",2f249dbce84fc3e1d7afb563a3e45a6295155f3cfb9e6d44b3ee5c148c23b918,96,1673414344,863479817,"[930059,7,3,0,120,200,26]",1982299762,9855872,[5],"{""5"":0}"
S7,7,930060,120,0.894427190999916,3,,0,0.1,64,52,"[0,1,2,3,4,23,35,119,124,136,314,326,333,363,393,415,499,554,602,628,646,663,664,699,729,761,767,852,886,890,915,916,934,942,947,954,978,997,1008,1037,1066,1085,1095,1119,1135,1141,1154,1169,1171,1175,1179,1198]","[[0,1],[1,1],[2,-1],[3,1],[4,-1],[23,-1],[35,-1],[119,1],[124,-1],[136,-1],[314,-1],[326,-1],[333,-1],[363,1],[393,-1],[415,1],[499,1],[554,1],[602,1],[628,1],[646,-1],[663,1],[664,-1],[699,1],[729,-1],[761,-1],[767,1],[852,1],[886,1],[890,1],[915,-1],[916,-1],[934,1],[942,1],[947,-1],[954,1],[978,-1],[997,-1],[1008,1],[1037,-1],[1066,1],[1085,1],[1095,1],[1119,-1],[1135,-1],[1141,-1],[1154,1],[1169,-1],[1171,-1],[1175,1],[1179,1],[1198,-1]]","[79,34,11,24,76,5,94,10,1,44,3,48,46,56,107,106,41,90,37,119,57,64,98,92,15,86,87,26,29,113,84,78,75,117,21,118,71,8,91,104,111,67,80,72,7,97,100,20,53,96,65,103,4,83,6,61,109,40,42,54,63,115,39,38,32,55,89,33,50,27,28,88,30,105,18,102,49,45,59,73,99,2,16,58,101,25,82,85,108,110,114,9,69,35,23,52]","[188,128,186,135,167,229,125,123,235,222,156,215,201,195,137,219,212,223,149,211,194,225,161,183,164,221,181,139,148,131,227,185,132,236,155,122,147,154,216,146,144,173,196,129,226,179,138,157,121,193,140,208,184,218,213,228,151,170,191,172,178,207,205,220,203,153,199,177,126,214,187,165,160,176,206,210,238,198,239,158,175,127,163,224,192,143,217,230,166,124,197,171,202,231,232,200]",68a7baca881b5092927d377974d1225b8fbe32d1b6d38d575b71a11bf09ab9e5,96,3868350878,1598267137,"[930060,7,3,0,120,200,26]",3833392913,9855872,[5],"{""5"":0}"
S7,7,930061,120,0.894427190999916,3,,0,0.0001,0,0,[],[],"[77,108,50,4,93,112,72,37,17,2,118,48,26,71,54,81,84,28,95,8,44,45,30,114,62,16,47,119,32,75,58,24,9,6,46,80,33,115,85,40,63,36,94,70,117,76,66,74,68,116,52,20,78,83,43,91,49,88,11,27,22,56,113,69,106,41,42,34,25,61,110,87,67,73,31,90,15,57,38,12,100,86,13,23,55,18,79,10,105,53,99,19,5,0,111,107]","[170,201,237,180,148,139,214,204,205,160,157,143,138,167,227,151,211,217,169,193,155,232,177,238,235,150,182,179,190,218,184,142,149,203,145,189,146,123,158,125,230,234,236,120,135,121,228,174,134,130,126,183,141,165,175,220,154,124,136,173,198,168,223,164,127,171,216,221,129,185,212,152,188,140,219,153,208,195,144,233,122,202,239,181,215,133,197,229,159,231,156,206,194,178,176,131]",1ef588a941b2c1f2810b1e416451ba4a51d5966c2ce6f25ad2a0988d71306c00,96,3306687824,1946604748,"[930061,7,3,0,120,200,26]",836557598,9855872,[5],"{""5"":0}"
S7,7,930062,120,0.894427190999916,3,,0,0.1,64,47,"[0,1,2,3,4,5,23,57,121,158,235,239,249,264,307,314,375,411,422,437,447,462,512,537,553,554,602,628,655,670,682,775,783,838,890,1057,1061,1107,1120,1138,1171,1196,1198,1209,1217,1240,1264]","[[0,1],[1,1],[2,-1],[3,1],[4,-1],[5,-1],[23,-1],[57,-1],[121,-1],[158,1],[235,-1],[239,-1],[249,1],[264,1],[307,-1],[314,-1],[375,1],[411,-1],[422,-1],[437,1],[447,-1],[462,-1],[512,1],[537,-1],[553,-1],[554,1],[602,1],[628,1],[655,-1],[670,1],[682,1],[775,1],[783,1],[838,1],[890,1],[1057,1],[1061,-1],[1107,1],[1120,-1],[1138,1],[1171,-1],[1196,1],[1198,-1],[1209,-1],[1217,-1],[1240,1],[1264,1]]","[100,38,115,9,7,68,70,19,23,6,82,96,48,63,73,8,54,27,35,41,55,33,18,22,43,84,105,80,118,95,93,116,50,88,40,26,5,2,62,78,46,117,99,28,20,31,13,102,89,24,61,30,69,92,107,57,51,15,59,110,25,109,94,16,91,64,113,42,112,111,21,65,4,98,11,32,71,53,79,39,56,49,75,114,119,17,1,81,104,58,60,45,10,77,85,44]","[154,232,175,124,224,217,160,214,234,229,131,147,210,236,220,207,195,191,137,169,226,166,141,196,173,218,153,213,216,122,190,204,128,238,159,185,163,223,136,215,235,177,211,174,188,130,148,146,198,123,133,120,171,181,208,139,161,172,205,155,203,134,178,184,127,219,158,239,202,200,129,179,162,206,221,182,126,176,231,209,144,225,199,186,164,189,140,193,227,222,183,233,192,157,230,121]",21c9ad499261c86a49ea746d2084fea23b3c36465354551470105285e1883b4f,96,3861568640,4291006258,"[930062,7,3,0,120,200,26]",2880154363,9855872,[5],"{""5"":-1}"
S7,7,930063,120,0.894427190999916,3,,0,0.0001,0,0,[],[],"[52,69,49,104,22,11,60,37,0,92,17,116,19,53,34,61,81,10,23,45,94,4,28,16,26,80,90,75,54,42,89,86,115,70,110,103,77,113,73,114,83,76,2,31,67,117,63,62,107,71,101,58,108,3,12,95,1,27,38,5,100,46,84,39,21,15,48,97,13,93,111,14,79,36,59,102,98,74,32,112,55,44,33,35,119,40,99,9,68,57,6,7,64,41,66,91]","[237,137,238,239,143,174,158,122,171,144,133,136,170,226,148,185,184,205,140,180,150,156,199,165,121,190,126,128,236,141,206,219,142,124,175,213,172,155,164,218,139,230,125,129,179,163,204,169,127,149,162,211,221,227,232,161,223,210,212,225,152,229,176,166,135,187,153,151,202,181,157,132,146,201,197,198,189,222,147,231,235,193,207,192,216,159,182,160,130,208,145,217,167,195,214,186]",d7c4f2edd77bc4392e83eacb39fd96e8221c0f10734244decbe13cf9d2c1a738,96,1743234819,136918,"[930063,7,3,0,120,200,26]",473557837,9855872,[5],"{""5"":0}"
S7,7,930064,120,0.894427190999916,3,,0,0.3,132,96,"[0,1,2,3,4,23,26,27,32,37,92,124,157,163,182,184,186,187,204,235,307,310,314,319,320,331,348,358,415,440,448,462,464,479,503,512,518,519,537,541,549,554,559,563,575,602,621,628,646,663,666,671,689,699,718,722,730,736,739,746,761,763,764,768,777,789,790,821,839,840,842,847,852,853,867,886,947,995,997,1005,1057,1085,1119,1120,1138,1140,1148,1171,1196,1202,1209,1225,1235,1240,1251,1279]","[[0,1],[1,1],[2,-1],[3,1],[4,-1],[23,-1],[26,-1],[27,-1],[32,-1],[37,1],[92,1],[124,-1],[157,1],[163,-1],[182,-1],[184,1],[186,-1],[187,-1],[204,1],[235,-1],[307,-1],[310,1],[314,-1],[319,-1],[320,1],[331,1],[348,1],[358,1],[415,1],[440,-1],[448,-1],[462,-1],[464,1],[479,-1],[503,-1],[512,1],[518,-1],[519,-1],[537,-1],[541,1],[549,-1],[554,1],[559,1],[563,1],[575,-1],[602,1],[621,1],[628,1],[646,-1],[663,1],[666,1],[671,-1],[689,1],[699,1],[718,1],[722,-1],[730,1],[736,1],[739,1],[746,1],[761,-1],[763,-1],[764,1],[768,1],[777,1],[789,1],[790,1],[821,-1],[839,1],[840,1],[842,1],[847,1],[852,1],[853,1],[867,-1],[886,1],[947,-1],[995,1],[997,-1],[1005,1],[1057,1],[1085,1],[1119,-1],[1120,-1],[1138,1],[1140,-1],[1148,-1],[1171,-1],[1196,1],[1202,-1],[1209,-1],[1225,1],[1235,1],[1240,1],[1251,-1],[1279,1]]","[83,73,97,84,40,69,103,7,100,0,46,110,5,91,86,50,106,74,96,51,77,38,87,66,114,47,18,17,30,33,48,62,109,10,85,90,68,78,98,72,1,23,57,55,27,42,19,112,8,39,88,119,102,82,41,49,81,35,56,4,32,45,6,59,44,118,61,107,16,22,67,26,76,20,14,79,58,25,65,113,104,117,34,11,37,29,101,80,54,60,43,64,92,108,115,70]","[182,136,181,151,187,198,188,228,217,147,206,143,214,128,162,179,191,196,175,138,234,133,225,222,216,142,166,132,215,229,224,135,235,152,230,153,155,127,163,172,219,202,208,177,122,173,178,131,201,212,140,233,154,221,207,125,159,210,129,200,203,204,227,237,176,146,183,156,160,150,149,164,170,189,120,123,139,185,211,168,236,213,232,169,141,148,126,157,145,161,231,171,199,158,130,205]",3d066a4dd1d3bd717bd514aad7ff018284cf6c4b02c62644c472d33a72fd69d8,96,3440589672,1485647652,"[930064,7,3,0,120,200,26]",3727459261,9855872,[5],"{""5"":0}"
S7,7,930065,120,0.894427190999916,3,,0,0.1,75,45,"[0,1,2,3,4,27,37,62,124,163,234,249,258,274,297,314,326,415,430,447,549,602,628,663,676,699,722,730,761,771,805,855,954,1037,1082,1097,1111,1113,1171,1186,1206,1209,1240,1242,1244]","[[0,1],[1,1],[2,-1],[3,1],[4,-1],[27,-1],[37,1],[62,1],[124,-1],[163,-1],[234,1],[249,1],[258,1],[274,-1],[297,1],[314,-1],[326,-1],[415,1],[430,1],[447,-1],[549,-1],[602,1],[628,1],[663,1],[676,-1],[699,1],[722,-1],[730,1],[761,-1],[771,1],[805,1],[855,1],[954,1],[1037,-1],[1082,1],[1097,1],[1111,-1],[1113,-1],[1171,-1],[1186,1],[1206,1],[1209,-1],[1240,1],[1242,1],[1244,1]]","[2,106,45,84,43,49,99,108,39,119,37,83,112,23,113,77,52,70,4,96,63,71,32,81,0,36,31,35,58,65,101,19,51,27,111,5,64,57,114,102,66,26,78,118,13,82,85,30,98,54,22,110,41,24,14,55,29,53,59,67,95,38,105,42,20,74,103,21,109,90,60,80,61,17,86,88,16,10,25,79,28,46,3,97,89,76,87,91,44,8,107,73,6,75,9,117]","[145,192,134,184,130,201,136,150,216,176,193,152,217,162,125,129,187,167,226,230,189,208,131,128,225,175,197,141,126,171,209,194,200,180,177,149,224,212,138,222,137,214,179,160,207,173,124,168,188,219,174,198,221,181,196,227,142,223,235,231,169,146,157,154,211,140,158,153,202,166,232,237,203,139,159,170,121,236,205,178,195,182,172,127,163,218,132,161,147,143,199,229,204,238,183,151]",d464e8d3dae61ca7d09034b3700888f63bdc8eacdc4df58fe5cd9e12b02ff48e,96,1560743600,301786438,"[930065,7,3,0,120,200,26]",1967750290,9855872,[5],"{""5"":0}"
S7,7,930066,120,0.894427190999916,3,,0,0.1,75,52,"[0,1,2,3,4,12,27,37,55,57,83,124,158,210,249,310,314,408,590,602,628,655,663,671,684,763,764,771,777,796,838,853,870,886,915,947,954,978,1008,1037,1069,1112,1173,1174,1198,1203,1209,1213,1240,1244,1251,1270]","[[0,1],[1,1],[2,-1],[3,1],[4,-1],[12,-1],[27,-1],[37,1],[55,1],[57,-1],[83,1],[124,-1],[158,1],[210,-1],[249,1],[310,1],[314,-1],[408,-1],[590,1],[602,1],[628,1],[655,-1],[663,1],[671,-1],[684,1],[763,-1],[764,1],[771,1],[777,1],[796,1],[838,1],[853,1],[870,1],[886,1],[915,-1],[947,-1],[954,1],[978,-1],[1008,1],[1037,-1],[1069,1],[1112,1],[1173,1],[1174,-1],[1198,-1],[1203,-1],[1209,-1],[1213,-1],[1240,1],[1244,1],[1251,-1],[1270,1]]","[32,77,14,2,11,67,91,103,90,40,72,102,79,92,26,108,75,84,89,0,31,100,63,57,107,34,95,29,21,70,62,22,93,10,6,119,69,25,56,53,28,116,60,16,4,38,12,81,23,104,86,13,97,61,5,88,99,111,106,7,3,98,82,76,113,59,80,42,78,96,33,105,66,101,20,114,47,1,68,8,30,112,71,118,117,24,45,109,52,46,54,58,65,87,51,43]","[155,215,191,177,159,194,122,167,186,121,209,217,158,206,198,212,126,127,170,227,120,216,141,125,157,174,171,188,200,163,124,172,168,131,166,239,130,149,207,230,175,140,136,210,228,199,219,202,196,137,187,154,152,178,182,123,214,129,223,151,133,193,192,233,232,235,139,164,237,142,201,184,234,197,138,221,144,224,213,195,231,204,236,165,128,208,181,226,143,145,180,134,161,162,176,148]",d99eb2e2feb51f467549fa8aea2e4a58114ab9c2640155a6a157534bcb1ef140,96,3212594065,2305555617,"[930066,7,3,0,120,200,26]",3314421100,9855872,[5],"{""5"":0}"
S7,7,930067,120,0.894427190999916,3,,0,0.1,76,56,"[0,2,3,4,12,23,25,49,63,119,124,142,152,163,184,234,274,326,327,344,386,391,435,464,483,591,628,653,655,693,699,722,764,766,838,842,916,934,947,954,992,1022,1113,1118,1119,1120,1141,1147,1167,1175,1198,1209,1217,1222,1240,1251]","[[0,1],[2,-1],[3,1],[4,-1],[12,-1],[23,-1],[25,1],[49,1],[63,1],[119,1],[124,-1],[142,1],[152,1],[163,-1],[184,1],[234,1],[274,-1],[326,-1],[327,-1],[344,-1],[386,-1],[391,-1],[435,1],[464,1],[483,-1],[591,1],[628,1],[653,1],[655,-1],[693,-1],[699,1],[722,-1],[764,1],[766,1],[838,1],[842,1],[916,-1],[934,1],[947,-1],[954,1],[992,1],[1022,-1],[1113,-1],[1118,1],[1119,-1],[1120,-1],[1141,-1],[1147,1],[1167,-1],[1175,1],[1198,-1],[1209,-1],[1217,-1],[1222,1],[1240,1],[1251,-1]]","[97,83,53,119,79,61,71,30,9,117,55,108,84,36,105,85,10,32,47,63,29,112,100,13,7,1,115,67,62,11,45,92,24,51,111,89,40,31,0,102,118,21,116,69,38,52,107,25,86,3,101,68,113,28,99,74,50,44,34,14,66,114,110,8,59,46,6,15,58,49,18,77,95,12,54,82,41,80,81,88,27,93,106,39,64,103,48,22,26,17,37,60,33,75,4,65]","[212,224,188,181,200,132,192,215,151,197,204,155,221,125,223,205,150,172,201,198,143,239,193,179,156,196,141,171,177,173,120,176,191,213,219,147,184,228,187,154,133,220,233,139,208,189,167,158,137,142,209,183,211,199,165,230,144,129,168,185,152,178,153,237,180,186,238,121,157,232,162,206,236,194,138,231,203,160,214,195,234,127,216,134,202,126,163,235,225,217,166,190,174,175,207,128]",aebbe28ac102434f509fd6a171e2485f9ab0f4a08712da59629da8ce07eed2af,96,305545521,1139007729,"[930067,7,3,0,120,200,26]",2621485434,9855872,[5],"{""5"":0}"
S7,7,930068,120,0.894427190999916,3,,0,0.0001,0,0,[],[],"[67,62,106,107,95,103,26,15,98,56,73,6,111,68,61,82,50,43,44,92,66,110,65,18,11,113,81,114,8,21,64,39,101,49,17,89,79,25,90,108,7,85,57,59,87,55,27,31,86,9,29,78,45,63,97,19,23,30,100,69,28,116,24,48,4,58,112,36,47,70,42,96,102,35,52,88,38,10,34,93,75,13,22,2,84,53,41,1,94,33,118,46,0,117,77,104]","[154,229,204,171,175,149,168,215,141,134,237,159,148,147,173,142,126,132,128,131,191,211,150,151,123,124,203,222,170,174,232,198,192,178,184,169,160,217,225,177,230,221,190,182,214,233,224,213,166,176,133,186,227,206,155,181,216,226,172,218,162,156,208,210,136,129,143,130,235,194,197,179,137,196,207,157,209,195,228,220,187,138,212,164,219,236,125,183,161,120,140,180,145,200,193,205]",9e8e89d6e725d2e5e1bd152d972b4e8f048ff5174f6e7d6a81dc13ff286760d0,96,2818689159,3191995015,"[930068,7,3,0,120,200,26]",892691427,9855872,[5],"{""5"":0}"
S7,7,930069,120,0.894427190999916,3,,0,0.3,136,114,"[0,1,2,3,4,5,7,35,37,60,66,119,121,124,136,142,163,166,184,211,218,241,249,253,254,259,276,287,307,313,314,319,320,326,328,335,367,368,375,391,412,415,426,434,435,437,441,447,452,462,483,500,503,519,537,554,555,557,597,602,604,607,628,653,655,659,663,676,677,699,720,722,728,730,736,763,764,766,767,768,771,789,798,810,834,854,855,858,861,867,869,902,915,916,945,954,993,997,1004,1037,1072,1095,1114,1137,1138,1171,1203,1204,1211,1217,1231,1244,1256,1266]","[[0,1],[1,1],[2,-1],[3,1],[4,-1],[5,-1],[7,1],[35,-1],[37,1],[60,-1],[66,1],[119,1],[121,-1],[124,-1],[136,-1],[142,1],[163,-1],[166,1],[184,1],[211,1],[218,1],[241,-1],[249,1],[253,1],[254,-1],[259,1],[276,-1],[287,-1],[307,-1],[313,-1],[314,-1],[319,-1],[320,1],[326,-1],[328,1],[335,1],[367,-1],[368,-1],[375,1],[391,-1],[412,1],[415,1],[426,1],[434,-1],[435,1],[437,1],[441,1],[447,-1],[452,-1],[462,-1],[483,-1],[500,1],[503,-1],[519,-1],[537,-1],[554,1],[555,1],[557,1],[597,-1],[602,1],[604,-1],[607,1],[628,1],[653,1],[655,-1],[659,-1],[663,1],[676,-1],[677,1],[699,1],[720,1],[722,-1],[728,1],[730,1],[736,1],[763,-1],[764,1],[766,1],[767,1],[768,1],[771,1],[789,1],[798,-1],[810,1],[834,-1],[854,1],[855,1],[858,1],[861,-1],[867,-1],[869,-1],[902,-1],[915,-1],[916,-1],[945,1],[954,1],[993,-1],[997,-1],[1004,-1],[1037,-1],[1072,-1],[1095,1],[1114,-1],[1137,1],[1138,1],[1171,-1],[1203,-1],[1204,1],[1211,-1],[1217,-1],[1231,-1],[1244,1],[1256,1],[1266,1]]","[14,118,40,116,21,75,25,77,27,20,29,16,0,9,39,90,76,71,64,89,50,5,88,94,110,42,109,11,3,81,114,26,112,2,17,45,68,4,69,8,96,53,93,51,82,44,31,84,57,56,70,80,115,106,65,79,113,41,6,85,36,105,59,55,119,74,48,117,47,58,46,108,83,33,23,103,28,92,102,54,37,100,78,30,72,97,95,7,19,62,61,99,104,67,111,22]","[191,210,180,135,147,166,122,167,205,170,162,157,194,158,217,144,189,150,171,230,184,134,127,141,231,128,172,206,153,198,202,182,174,214,212,228,123,197,130,224,222,220,193,139,201,156,195,148,233,149,121,175,215,173,229,238,213,138,209,237,124,168,126,133,226,207,163,232,196,159,216,203,155,236,234,221,235,192,211,125,177,227,164,165,219,131,137,187,225,146,160,200,178,142,223,181]",b93866cd380456631ac7c283a74b71ecfa7f3bd4622f7fd78b1cd3a1a0616909,96,1601836456,701892989,"[930069,7,3,0,120,200,26]",3211500920,9855872,[5],"{""5"":-1}"
S7,7,930070,120,0.894427190999916,3,,0,0.0001,0,0,[],[],"[51,33,25,68,105,111,119,27,66,88,63,32,41,79,6,103,0,7,14,112,92,82,43,108,116,22,95,71,36,34,28,64,81,60,75,16,96,1,99,42,55,89,61,12,50,58,59,47,48,85,53,87,18,19,20,37,17,31,106,21,62,52,8,98,67,39,70,45,115,56,2,86,15,38,74,49,29,101,118,84,30,13,114,94,83,40,100,3,117,107,23,5,104,93,10,90]","[149,224,153,148,223,122,202,210,237,179,207,230,197,162,152,192,156,166,174,198,141,226,225,120,236,157,159,183,221,213,126,169,151,127,235,163,234,208,176,231,175,211,190,154,203,238,142,193,191,188,204,132,201,196,195,209,144,134,164,212,171,239,214,133,219,185,136,215,172,182,165,173,218,125,205,138,150,128,131,232,143,140,206,146,129,222,233,137,130,187,139,177,147,181,180,158]",446150928d3dab86af4e664efb0defccfa78df1bd5f787772657e107bdb23e5b,96,2387875792,1385530742,"[930070,7,3,0,120,200,26]",932004790,9855872,[5],"{""5"":0}"
S7,7,930071,120,0.894427190999916,3,,0,0.0001,0,0,[],[],"[49,63,12,67,38,83,79,16,8,46,5,15,31,34,44,19,10,77,18,22,109,96,20,117,101,59,0,105,111,97,56,93,32,51,6,115,81,72,70,40,94,4,11,60,85,45,108,50,25,102,69,47,43,110,112,24,95,57,104,88,82,106,13,42,84,52,1,66,71,37,91,53,113,48,39,80,28,75,78,61,58,62,87,21,74,14,73,90,107,65,99,3,26,36,30,98]","[163,168,191,120,201,179,230,198,207,192,132,195,124,236,184,214,171,156,159,160,200,148,161,162,170,150,229,174,158,128,205,157,234,233,181,177,225,193,167,137,217,166,203,130,190,206,127,185,144,121,199,152,155,149,215,220,219,232,151,213,227,231,235,180,122,197,211,175,221,182,172,123,216,223,135,173,176,131,138,204,238,147,210,141,142,146,126,145,209,153,187,202,183,154,169,189]",a685d64b65fdd755945c0a0ec3b51e698a1730626ec3fd3aad2b61310de04470,96,2844652427,3250719058,"[930071,7,3,0,120,200,26]",1204558676,9855872,[5],"{""5"":0}"
S7,7,930072,120,0.894427190999916,3,,0,0.1,64,57,"[0,1,2,3,4,23,111,182,187,232,240,287,307,314,320,322,326,333,375,391,447,450,473,479,483,488,518,551,602,626,628,637,663,699,705,736,764,766,771,775,789,840,852,881,890,915,952,980,982,1119,1141,1167,1171,1196,1209,1217,1235]","[[0,1],[1,1],[2,-1],[3,1],[4,-1],[23,-1],[111,1],[182,-1],[187,-1],[232,1],[240,1],[287,-1],[307,-1],[314,-1],[320,1],[322,-1],[326,-1],[333,-1],[375,1],[391,-1],[447,-1],[450,-1],[473,1],[479,-1],[483,-1],[488,-1],[518,-1],[551,-1],[602,1],[626,-1],[628,1],[637,-1],[663,1],[699,1],[705,-1],[736,1],[764,1],[766,1],[771,1],[775,1],[789,1],[840,1],[852,1],[881,1],[890,1],[915,-1],[952,-1],[980,1],[982,1],[1119,-1],[1141,-1],[1167,-1],[1171,-1],[1196,1],[1209,-1],[1217,-1],[1235,1]]","[23,42,105,38,69,109,63,27,83,74,73,56,90,21,50,40,15,81,60,44,34,78,108,119,67,12,79,26,118,104,13,100,24,4,85,65,35,59,39,92,96,66,87,43,25,72,19,46,98,91,51,41,84,36,103,5,11,58,1,68,106,61,33,111,55,116,32,101,53,22,49,75,89,20,93,107,77,117,71,48,115,88,112,8,113,57,70,3,6,14,110,37,7,28,45,0]","[197,146,156,163,217,136,164,145,134,126,232,162,208,137,132,233,123,222,190,212,218,185,196,236,130,234,124,228,150,167,188,187,213,151,204,139,143,166,160,201,192,133,131,120,125,237,177,176,182,231,154,214,178,172,184,210,129,219,223,191,180,170,206,179,230,140,189,171,216,181,173,161,183,169,153,155,175,211,148,215,238,227,198,239,152,202,193,174,194,220,199,138,122,168,127,221]",25a8a23e1674625137927ffee1a44fb448df1a3bd29fdea56df7cfddfbd4015e,96,2943406824,1098042306,"[930072,7,3,0,120,200,26]",2146726748,9855872,[5],"{""5"":0}"
S7,7,930073,120,0.894427190999916,3,,0,0.1,67,57,"[0,2,3,5,7,23,136,152,163,187,225,307,314,320,322,327,333,347,375,402,408,494,499,512,594,602,604,621,623,628,653,663,699,715,730,736,761,789,795,804,838,852,890,915,997,1008,1031,1114,1171,1173,1175,1196,1209,1217,1242,1244,1249]","[[0,1],[2,-1],[3,1],[5,1],[7,1],[23,-1],[136,-1],[152,1],[163,-1],[187,-1],[225,1],[307,-1],[314,-1],[320,1],[322,-1],[327,-1],[333,-1],[347,-1],[375,1],[402,1],[408,-1],[494,-1],[499,1],[512,1],[594,-1],[602,1],[604,-1],[621,1],[623,1],[628,1],[653,1],[663,1],[699,1],[715,1],[730,1],[736,1],[761,-1],[789,1],[795,1],[804,1],[838,1],[852,1],[890,1],[915,-1],[997,-1],[1008,1],[1031,-1],[1114,-1],[1171,-1],[1173,1],[1175,1],[1196,1],[1209,-1],[1217,-1],[1242,1],[1244,1],[1249,-1]]","[51,95,6,70,62,74,46,20,86,67,18,22,29,109,56,83,13,114,94,52,69,26,55,102,79,115,2,3,82,97,111,19,113,5,37,61,24,64,15,25,65,41,21,57,81,34,33,87,23,112,91,100,63,42,14,53,116,107,28,80,92,47,39,99,35,108,93,119,75,30,16,117,7,96,44,78,12,54,43,8,104,31,118,101,4,60,85,38,110,105,76,1,27,50,106,71]","[200,120,229,226,121,185,224,130,135,194,191,152,149,168,218,123,186,137,142,212,161,165,195,122,155,146,153,202,228,199,127,198,145,223,208,227,176,231,154,147,239,238,206,126,125,220,173,160,124,207,132,174,215,129,162,163,148,219,203,217,210,175,188,178,169,171,213,190,151,235,192,131,209,221,170,233,234,180,179,230,157,196,184,222,134,143,216,139,133,183,187,141,181,136,204,237]",65f0ef18ecdea113bce077a7e40d0b483af9ca63bdecaf98a751d807a0cdb12e,96,569756028,2380061990,"[930073,7,3,0,120,200,26]",375802061,9855872,[5],"{""5"":1}"
S7,7,930074,120,0.894427190999916,3,,0,0.0001,0,0,[],[],"[53,50,12,61,77,101,58,114,44,24,32,64,74,87,83,19,96,63,7,81,4,55,80,59,88,38,111,105,62,82,11,91,29,66,65,18,36,3,67,86,48,57,117,2,72,6,98,42,49,54,30,110,97,39,116,35,78,37,27,13,46,103,5,45,93,109,112,26,51,85,20,75,14,118,60,79,68,56,22,76,107,52,40,41,89,28,115,95,84,9,70,119,69,10,113,99]","[180,195,134,147,157,163,136,208,236,143,166,185,209,120,219,122,226,124,203,181,200,146,237,186,182,233,212,217,192,165,238,171,152,161,210,177,222,232,168,160,231,164,196,189,176,138,140,153,211,225,235,218,187,130,132,141,197,144,150,170,178,204,224,172,174,229,213,137,188,128,169,135,201,227,159,191,190,199,175,202,228,221,154,220,125,142,126,184,156,214,167,194,148,131,133,198]",d46453b123db06f67e5d7b4df1ec5b4c144bf14a10d2582bd47d630663e49e46,96,3214836822,2467846111,"[930074,7,3,0,120,200,26]",1426636191,9855872,[5],"{""5"":0}"
S7,7,930075,120,0.894427190999916,3,,0,0.0001,0,0,[],[],"[18,46,103,116,33,102,21,71,14,96,37,5,13,53,56,58,19,50,79,35,91,51,84,60,70,4,90,52,11,106,20,109,27,98,39,7,30,28,87,64,36,59,31,93,94,41,76,105,17,65,85,81,0,49,2,72,74,111,86,108,68,40,47,26,115,61,92,95,15,3,63,22,119,73,55,100,43,107,101,114,44,110,24,82,12,89,42,99,83,77,118,62,6,54,38,10]","[122,195,189,220,180,171,155,225,236,235,229,158,218,150,230,212,182,179,139,224,135,200,228,129,193,185,234,191,190,201,202,140,124,213,121,223,207,226,160,163,206,170,136,210,222,120,132,127,147,165,215,138,233,205,208,134,151,217,148,211,194,145,187,196,231,219,169,166,183,181,178,186,137,209,232,161,192,146,128,123,238,237,227,157,143,174,149,214,142,173,156,152,167,141,216,188]",deac87aada1080fb51f1eed2e4b437a04b01a35fafad1490f05a2973302ba033,96,1116797111,2678121266,"[930075,7,3,0,120,200,26]",2120558303,9855872,[5],"{""5"":0}"
S7,7,930076,120,0.894427190999916,3,,0,0.1,79,58,"[0,1,2,4,27,37,57,60,95,124,157,163,208,218,241,249,254,314,320,324,326,333,375,473,486,499,512,563,593,606,627,628,653,663,678,699,715,761,763,789,801,842,855,934,945,1037,1050,1061,1066,1076,1171,1173,1196,1203,1209,1217,1244,1251]","[[0,1],[1,1],[2,-1],[4,-1],[27,-1],[37,1],[57,-1],[60,-1],[95,-1],[124,-1],[157,1],[163,-1],[208,1],[218,1],[241,-1],[249,1],[254,-1],[314,-1],[320,1],[324,1],[326,-1],[333,-1],[375,1],[473,1],[486,-1],[499,1],[512,1],[563,1],[593,-1],[606,-1],[627,-1],[628,1],[653,1],[663,1],[678,1],[699,1],[715,1],[761,-1],[763,-1],[789,1],[801,-1],[842,1],[855,1],[934,1],[945,1],[1037,-1],[1050,1],[1061,-1],[1066,1],[1076,1],[1171,-1],[1173,1],[1196,1],[1203,-1],[1209,-1],[1217,-1],[1244,1],[1251,-1]]","[2,83,4,74,109,115,34,79,111,114,68,95,32,88,80,90,97,61,42,60,78,29,53,58,35,102,51,17,63,87,108,77,118,93,113,39,18,71,73,81,8,28,84,112,31,86,67,52,30,6,1,69,25,48,49,10,21,22,99,16,13,26,3,107,36,9,57,96,101,38,43,14,116,41,55,82,19,89,75,119,106,76,27,98,54,59,103,62,94,100,44,64,56,70,46,66]","[199,138,181,238,151,149,132,234,162,202,145,206,160,220,131,175,120,178,200,157,177,167,143,148,122,207,146,125,153,163,221,182,165,129,226,189,126,185,187,218,179,158,133,215,229,198,228,231,137,239,130,237,184,227,166,134,183,142,209,201,128,204,214,236,193,213,224,123,154,211,124,147,141,180,222,186,140,121,191,159,219,172,205,235,232,127,144,225,208,212,173,195,161,196,176,217]",34baefe63ad030b3b3031b197d15f52d19757ffb523f69953fddcefb919db222,96,2893820389,3881938575,"[930076,7,3,0,120,200,26]",881807121,9855872,[5],"{""5"":0}"
S7,7,930077,120,0.894427190999916,3,,0,0.0001,0,0,[],[],"[111,55,31,79,60,69,112,62,3,113,21,8,43,102,30,109,16,4,78,61,80,75,48,36,63,39,53,100,1,95,73,82,46,104,97,72,23,85,108,22,67,2,20,115,41,18,27,11,98,0,42,93,91,19,9,68,44,64,13,77,47,40,101,5,7,52,15,96,33,10,70,92,25,34,88,32,94,90,103,74,116,57,99,66,51,86,35,81,114,37,56,50,107,26,106,117]","[137,159,200,220,230,226,168,219,153,149,166,201,163,191,210,123,223,160,173,174,131,185,150,202,217,205,238,218,175,132,208,222,190,216,169,206,239,187,134,199,227,120,172,125,231,129,213,135,215,141,155,176,225,121,224,156,144,147,133,232,151,180,170,204,181,229,122,188,209,179,234,146,126,198,193,142,145,183,157,127,186,161,165,192,203,138,148,211,136,221,236,130,164,235,196,194]",3432350ca479b669b345501bf2f52c9a95bee12d0d8bc86b8454454c4ce3cf83,96,671439047,1284936729,"[930077,7,3,0,120,200,26]",380416323,9855872,[5],"{""5"":0}"
S7,7,930078,120,0.894427190999916,3,,0,0.0001,0,0,[],[],"[106,15,58,91,68,8,119,69,60,18,88,115,38,103,6,108,99,27,111,102,93,80,66,82,23,109,117,54,7,14,22,25,24,89,29,20,83,75,92,41,100,10,11,49,59,61,62,4,86,57,42,112,105,36,63,48,79,84,51,30,101,46,81,0,17,56,32,26,95,71,116,78,52,40,19,35,98,114,104,70,28,74,110,53,45,118,90,73,96,85,97,76,13,113,94,47]","[199,133,179,127,155,225,192,168,238,197,143,234,161,193,126,180,239,196,131,221,159,217,200,149,170,136,151,202,154,140,152,198,150,206,232,123,211,169,224,195,218,176,231,223,157,125,166,138,190,236,212,153,146,144,167,214,122,171,227,184,172,228,235,205,229,210,226,134,220,201,204,219,132,207,135,185,208,222,130,181,233,147,148,187,142,174,188,183,124,213,173,177,145,175,178,215]",58684b341abe2ddd06fbc0308c35e0c944f8160529a118a3278bfd4e283297c7,96,2699061064,3218846445,"[930078,7,3,0,120,200,26]",1462867726,9855872,[5],"{""5"":0}"
S7,7,930079,120,0.894427190999916,3,,0,0.1,71,58,"[0,2,5,25,37,151,163,187,232,249,261,297,314,320,326,333,336,437,447,450,462,483,499,500,602,621,623,628,653,655,663,666,705,722,764,766,831,838,886,890,895,916,945,947,980,997,1022,1028,1085,1121,1167,1175,1179,1209,1217,1222,1244,1264]","[[0,1],[2,-1],[5,1],[25,1],[37,1],[151,-1],[163,-1],[187,-1],[232,1],[249,1],[261,1],[297,1],[314,-1],[320,1],[326,-1],[333,-1],[336,1],[437,1],[447,-1],[450,-1],[462,-1],[483,-1],[499,1],[500,1],[602,1],[621,1],[623,1],[628,1],[653,1],[655,-1],[663,1],[666,1],[705,-1],[722,-1],[764,1],[766,1],[831,-1],[838,1],[886,1],[890,1],[895,1],[916,-1],[945,1],[947,-1],[980,1],[997,-1],[1022,-1],[1028,1],[1085,1],[1121,1],[1167,-1],[1175,1],[1179,1],[1209,-1],[1217,-1],[1222,1],[1244,1],[1264,1]]","[87,84,33,56,43,60,112,94,90,68,62,40,111,44,82,55,5,30,39,86,76,67,73,1,113,47,92,19,7,118,14,110,24,53,8,26,35,105,4,75,100,52,103,37,65,91,102,57,66,3,49,21,58,101,23,79,115,71,13,64,9,114,17,74,54,2,106,45,72,78,29,99,97,10,108,69,22,18,36,34,109,95,80,107,12,93,42,46,70,41,96,15,85,117,50,0]","[199,234,225,143,229,185,235,237,187,169,223,139,132,182,191,202,158,201,163,184,205,178,195,198,197,226,222,161,124,145,174,153,148,220,186,189,147,216,207,236,157,162,156,164,127,188,136,165,238,181,128,155,134,208,233,175,214,123,152,179,232,141,217,144,210,122,138,135,154,149,140,193,121,160,209,219,137,204,171,170,176,130,212,142,203,168,131,192,159,180,190,129,231,218,224,151]",8b12b3ab131ac1afeeb7e21fa95a98b97b16b03c3f0f111ad43ca0514ac4fa95,96,1039779189,1454159062,"[930079,7,3,0,120,200,26]",766084795,9855872,[5],"{""5"":1}"
S7,7,930080,120,0.894427190999916,3,,0,0.1,68,54,"[0,1,2,3,4,37,130,163,187,249,287,307,313,314,324,326,333,347,365,447,462,494,518,537,593,602,621,628,637,663,666,761,763,775,783,791,834,838,869,992,997,1008,1026,1061,1066,1072,1114,1141,1167,1170,1171,1196,1217,1264]","[[0,1],[1,1],[2,-1],[3,1],[4,-1],[37,1],[130,-1],[163,-1],[187,-1],[249,1],[287,-1],[307,-1],[313,-1],[314,-1],[324,1],[326,-1],[333,-1],[347,-1],[365,-1],[447,-1],[462,-1],[494,-1],[518,-1],[537,-1],[593,-1],[602,1],[621,1],[628,1],[637,-1],[663,1],[666,1],[761,-1],[763,-1],[775,1],[783,1],[791,-1],[834,-1],[838,1],[869,-1],[992,1],[997,-1],[1008,1],[1026,1],[1061,-1],[1066,1],[1072,-1],[1114,-1],[1141,-1],[1167,-1],[1170,-1],[1171,-1],[1196,1],[1217,-1],[1264,1]]","[106,118,76,13,30,93,92,68,72,83,1,16,7,14,79,0,55,109,28,89,26,87,85,107,59,40,32,100,33,81,42,84,99,88,64,103,63,113,44,90,38,77,2,4,86,71,41,24,97,98,111,17,10,80,25,34,101,105,36,114,74,82,29,75,66,43,51,23,115,8,70,91,50,117,18,19,96,12,61,21,62,65,3,116,57,39,112,48,53,58,54,110,102,5,20,108]","[198,191,151,153,192,213,185,128,162,235,181,172,182,221,149,211,205,199,124,175,214,150,168,157,226,131,137,148,179,165,207,187,134,171,154,160,121,238,120,174,183,156,215,223,138,166,163,201,237,126,233,142,190,147,224,202,229,123,217,200,155,143,194,152,195,219,184,122,141,203,139,197,125,177,218,135,231,225,133,146,167,222,132,208,206,158,216,173,212,234,227,130,228,186,127,159]",27e20cd1f737fbb986407832ca7855f6cbc70bd2d57b5c458a99f849f04d1e5b,96,743218613,2488265713,"[930080,7,3,0,120,200,26]",951407163,9855872,[5],"{""5"":0}"
S7,7,930081,120,0.894427190999916,3,,0,0.1,67,50,"[1,2,4,23,27,30,37,49,111,146,155,163,236,240,241,249,283,314,327,333,347,348,447,503,554,563,590,602,610,628,655,663,703,768,789,838,846,947,954,982,997,1072,1074,1088,1113,1167,1171,1175,1209,1217]","[[1,1],[2,-1],[4,-1],[23,-1],[27,-1],[30,-1],[37,1],[49,1],[111,1],[146,-1],[155,-1],[163,-1],[236,-1],[240,1],[241,-1],[249,1],[283,-1],[314,-1],[327,-1],[333,-1],[347,-1],[348,1],[447,-1],[503,-1],[554,1],[563,1],[590,1],[602,1],[610,1],[628,1],[655,-1],[663,1],[703,-1],[768,1],[789,1],[838,1],[846,-1],[947,-1],[954,1],[982,1],[997,-1],[1072,-1],[1074,1],[1088,1],[1113,-1],[1167,-1],[1171,-1],[1175,1],[1209,-1],[1217,-1]]","[71,86,111,32,117,96,79,46,40,119,0,114,62,36,57,101,54,91,49,61,44,42,6,72,51,29,118,12,60,70,113,4,103,39,58,73,98,38,84,3,10,66,90,16,2,18,99,1,45,65,74,34,95,59,41,69,63,48,64,21,56,9,43,85,27,25,75,23,104,94,92,13,15,76,67,14,77,116,8,109,55,102,78,33,68,19,20,105,37,81,89,106,28,82,26,52]","[132,140,162,146,147,182,170,190,178,141,154,208,166,217,221,233,167,224,205,153,131,176,137,213,126,171,143,174,229,159,212,222,183,234,125,195,177,123,202,158,220,235,232,207,165,133,209,175,218,122,138,239,149,127,169,228,210,215,184,139,180,206,160,136,196,151,173,199,237,230,179,227,236,124,201,164,150,168,193,142,225,198,188,129,128,197,181,226,163,157,203,135,194,192,148,130]",39522055a2b0334b8cd0678d1608a60f4cb38458288b5a8aaf0a9ef4741e3cea,96,402097456,1461732287,"[930081,7,3,0,120,200,26]",1702233769,9855872,[5],"{""5"":0}"
S7,7,930082,120,0.894427190999916,3,,0,0.1,75,53,"[0,1,2,3,4,23,27,49,119,124,182,209,235,236,307,310,314,316,326,380,391,462,543,602,604,621,626,628,637,655,663,694,699,715,718,730,736,761,766,789,824,844,915,918,921,954,993,997,1057,1085,1209,1237,1258]","[[0,1],[1,1],[2,-1],[3,1],[4,-1],[23,-1],[27,-1],[49,1],[119,1],[124,-1],[182,-1],[209,-1],[235,-1],[236,-1],[307,-1],[310,1],[314,-1],[316,-1],[326,-1],[380,-1],[391,-1],[462,-1],[543,1],[602,1],[604,-1],[621,1],[626,-1],[628,1],[637,-1],[655,-1],[663,1],[694,-1],[699,1],[715,1],[718,1],[730,1],[736,1],[761,-1],[766,1],[789,1],[824,1],[844,1],[915,-1],[918,1],[921,-1],[954,1],[993,-1],[997,-1],[1057,1],[1085,1],[1209,-1],[1237,1],[1258,-1]]","[50,97,21,76,9,89,61,30,32,94,13,107,68,22,55,40,36,58,85,44,34,11,27,93,43,72,3,79,119,100,48,108,57,47,84,104,115,66,31,15,114,103,87,23,77,96,52,0,110,83,51,12,73,33,37,20,65,98,5,102,74,71,39,59,82,80,91,41,49,4,95,42,28,70,35,26,105,113,14,25,46,38,1,92,10,7,111,67,24,78,18,29,64,75,19,53]","[231,174,181,229,204,221,222,147,172,201,192,161,199,120,238,133,149,190,121,208,187,194,124,223,122,154,182,215,167,163,211,189,198,228,220,151,144,139,233,169,137,152,239,146,227,141,197,232,127,160,170,183,179,166,235,202,153,177,186,158,129,209,150,225,155,185,162,214,132,207,218,128,130,156,145,178,180,168,224,216,203,230,226,136,191,138,206,210,164,212,131,196,143,234,171,184]",8364d25d19761902e1cd06e408bf7629dea5d0dc1f321a33d37d841788214512,96,921558362,620857179,"[930082,7,3,0,120,200,26]",2552227693,9855872,[5],"{""5"":0}"
S7,7,930083,120,0.894427190999916,3,,0,0.1,71,57,"[0,1,2,3,4,23,27,60,124,202,263,314,320,326,333,341,347,368,430,494,503,537,564,575,606,621,626,628,653,655,663,678,687,718,722,764,838,842,858,916,947,954,997,1059,1061,1088,1167,1171,1181,1196,1209,1217,1235,1240,1251,1256,1266]","[[0,1],[1,1],[2,-1],[3,1],[4,-1],[23,-1],[27,-1],[60,-1],[124,-1],[202,-1],[263,-1],[314,-1],[320,1],[326,-1],[333,-1],[341,1],[347,-1],[368,-1],[430,1],[494,-1],[503,-1],[537,-1],[564,-1],[575,-1],[606,-1],[621,1],[626,-1],[628,1],[653,1],[655,-1],[663,1],[678,1],[687,-1],[718,1],[722,-1],[764,1],[838,1],[842,1],[858,1],[916,-1],[947,-1],[954,1],[997,-1],[1059,-1],[1061,-1],[1088,1],[1167,-1],[1171,-1],[1181,-1],[1196,1],[1209,-1],[1217,-1],[1235,1],[1240,1],[1251,-1],[1256,1],[1266,1]]","[13,101,97,82,94,109,5,23,21,83,56,117,55,84,42,22,40,108,29,87,0,89,64,49,14,73,114,15,8,79,52,47,61,30,113,35,115,76,6,38,28,12,111,118,119,106,31,67,59,105,85,72,36,43,45,60,96,32,102,41,68,58,25,78,34,26,99,4,11,3,50,93,39,86,80,46,33,92,20,27,103,16,95,81,57,63,70,48,104,53,24,116,37,10,110,98]","[158,172,127,186,130,237,229,185,213,139,162,140,137,154,191,178,143,129,235,217,189,232,167,173,177,184,216,207,136,166,146,221,161,138,239,148,160,193,223,131,194,227,195,180,192,181,150,211,152,126,174,157,169,190,206,133,208,132,165,175,159,176,220,198,222,120,122,142,147,151,201,145,163,128,238,219,153,188,171,214,182,123,124,210,230,209,179,183,225,125,205,226,121,135,156,224]",6a3d60e17493d23f4a79b28e82f6973e93c0edc2f5b2b49b789fe0ea7ba0e9f6,96,279666640,3066525846,"[930083,7,3,0,120,200,26]",24020599,9855872,[5],"{""5"":0}"
S7,7,930084,120,0.894427190999916,3,,0,0.0001,0,0,[],[],"[96,60,119,83,100,94,62,61,103,48,90,43,87,17,56,99,64,117,78,104,50,108,18,76,105,81,42,84,80,86,15,45,23,77,16,47,4,66,58,49,98,107,21,24,46,38,33,44,31,113,36,40,22,97,112,91,14,7,109,59,30,25,9,32,67,13,57,63,39,3,55,82,53,35,6,118,20,51,106,10,114,8,85,41,5,101,115,26,79,34,71,2,29,70,102,69]","[186,164,184,128,198,124,202,181,192,174,134,139,155,205,126,206,158,207,219,131,135,166,130,197,203,138,165,153,171,145,191,136,172,208,127,214,143,229,222,193,154,133,162,230,185,196,148,144,200,236,182,183,170,201,142,194,168,129,238,235,210,217,212,123,215,195,227,160,167,156,178,161,225,163,169,159,187,189,239,234,213,226,237,125,176,173,150,231,188,204,121,218,120,147,221,175]",6d2d769332733bd3e225a932ce3337cd7ed0fe0f3a60107c0e68dd84e0990205,96,2529751550,1955485291,"[930084,7,3,0,120,200,26]",1040854175,9855872,[5],"{""5"":0}"
S7,7,930085,120,0.894427190999916,3,,0,0.1,73,58,"[0,1,2,3,4,35,60,87,104,112,124,164,234,314,320,323,326,394,426,447,462,551,561,573,593,602,621,628,637,655,663,695,699,722,725,730,761,766,768,771,808,834,838,840,890,954,992,997,1030,1048,1061,1072,1113,1167,1198,1217,1227,1231]","[[0,1],[1,1],[2,-1],[3,1],[4,-1],[35,-1],[60,-1],[87,1],[104,1],[112,-1],[124,-1],[164,-1],[234,1],[314,-1],[320,1],[323,-1],[326,-1],[394,-1],[426,1],[447,-1],[462,-1],[551,-1],[561,-1],[573,-1],[593,-1],[602,1],[621,1],[628,1],[637,-1],[655,-1],[663,1],[695,1],[699,1],[722,-1],[725,1],[730,1],[761,-1],[766,1],[768,1],[771,1],[808,1],[834,-1],[838,1],[840,1],[890,1],[954,1],[992,1],[997,-1],[1030,1],[1048,-1],[1061,-1],[1072,-1],[1113,-1],[1167,-1],[1198,-1],[1217,-1],[1227,-1],[1231,-1]]","[68,101,64,48,41,10,53,49,43,65,84,85,18,32,2,24,72,71,82,90,28,26,63,102,13,105,96,103,7,51,40,39,46,0,70,42,86,98,67,99,44,33,12,75,57,108,112,27,16,25,56,35,15,23,87,115,100,31,118,58,109,50,34,104,21,17,93,74,19,78,94,88,97,95,113,36,110,92,111,106,54,8,55,45,1,77,119,107,30,47,61,80,91,14,83,60]","[181,144,183,202,207,174,157,121,120,210,124,186,173,147,213,182,237,160,220,164,131,228,138,163,146,171,153,194,187,189,211,235,178,133,176,169,198,122,159,212,154,162,150,166,217,155,128,236,179,206,192,201,149,219,145,140,129,238,130,172,200,123,208,151,148,225,167,132,232,170,195,137,224,222,125,215,226,199,127,196,139,142,230,156,223,239,168,193,216,152,221,233,229,180,158,141]",b2449e93ea5ce065eacff551293e3ebaefbc306bd186b456046092f6faeec262,96,302740439,3055667487,"[930085,7,3,0,120,200,26]",1069857898,9855872,[5],"{""5"":0}"
S7,7,930086,120,0.894427190999916,3,,0,0.0001,0,0,[],[],"[112,67,10,70,42,79,61,96,99,33,51,84,57,65,75,52,41,94,89,1,56,105,13,19,80,2,113,63,101,44,8,91,7,27,118,117,40,92,93,39,62,36,76,12,100,95,16,83,5,77,15,106,43,81,35,90,111,32,17,31,30,14,69,20,54,68,87,88,97,86,66,26,73,78,116,21,4,23,47,22,119,109,60,71,0,53,28,115,38,98,102,108,82,45,104,29]","[137,164,136,139,201,192,128,238,187,204,150,183,152,218,202,203,147,239,231,198,210,146,234,237,157,208,207,121,197,175,162,227,145,172,230,127,176,179,140,167,194,174,132,228,216,124,129,155,206,142,211,188,181,168,149,158,141,215,199,233,221,170,184,185,214,220,219,178,229,148,232,224,225,180,166,153,165,196,200,222,217,123,169,205,130,191,126,186,195,159,161,151,213,173,212,193]",3ce915fbe45ff2acb6cfa317a320f2c0ae35fc697f11495f0b0809dfbbf9d65b,96,2248563931,1578743823,"[930086,7,3,0,120,200,26]",298824009,9855872,[5],"{""5"":0}"
S7,7,930087,120,0.894427190999916,3,,0,0.0001,0,0,[],[],"[45,110,9,76,95,63,4,96,94,79,88,103,43,91,5,82,41,17,18,15,3,84,35,90,118,38,16,81,89,108,24,101,44,105,12,40,70,80,112,74,106,22,58,31,26,52,25,86,97,48,1,109,69,59,71,8,42,29,37,34,60,61,73,102,99,19,55,77,47,98,117,7,54,72,51,10,115,62,85,87,21,65,104,66,53,68,75,107,27,93,49,67,100,113,36,11]","[207,199,131,164,185,128,123,166,181,235,206,170,190,205,211,130,163,228,139,215,182,222,224,177,137,209,195,208,171,230,234,223,200,187,158,186,201,173,160,156,193,218,221,148,168,167,213,202,165,217,142,225,237,175,152,169,212,198,229,227,214,188,197,216,124,149,136,210,226,125,204,150,155,140,176,143,172,138,127,145,134,162,180,153,146,126,189,184,236,179,132,121,157,192,178,203]",243267624f090971741a1f382380cf4f182a0de3a62422968c235901eb1fa88d,96,3347452016,1143619528,"[930087,7,3,0,120,200,26]",1660743286,9855872,[5],"{""5"":0}"
S7,7,930088,120,0.894427190999916,3,,0,0.3,141,107,"[0,1,2,3,4,5,34,66,111,130,141,152,166,182,196,207,236,245,249,298,304,307,309,310,314,323,327,341,343,384,405,408,415,430,433,447,451,494,503,512,519,554,563,586,589,590,597,604,606,607,621,628,653,655,663,666,679,695,696,718,722,725,729,730,732,736,761,766,783,785,796,836,838,842,855,870,886,890,944,966,980,997,1022,1037,1050,1054,1056,1087,1101,1114,1135,1141,1167,1173,1174,1175,1180,1186,1198,1205,1209,1213,1217,1223,1235,1240,1275]","[[0,1],[1,1],[2,-1],[3,1],[4,-1],[5,-1],[34,-1],[66,1],[111,1],[130,-1],[141,-1],[152,1],[166,1],[182,-1],[196,1],[207,-1],[236,-1],[245,1],[249,1],[298,1],[304,-1],[307,-1],[309,1],[310,1],[314,-1],[323,-1],[327,-1],[341,1],[343,1],[384,-1],[405,1],[408,-1],[415,1],[430,1],[433,1],[447,-1],[451,1],[494,-1],[503,-1],[512,1],[519,-1],[554,1],[563,1],[586,1],[589,1],[590,1],[597,-1],[604,-1],[606,-1],[607,1],[621,1],[628,1],[653,1],[655,-1],[663,1],[666,1],[679,-1],[695,1],[696,1],[718,1],[722,-1],[725,1],[729,-1],[730,1],[732,1],[736,1],[761,-1],[766,1],[783,1],[785,1],[796,1],[836,-1],[838,1],[842,1],[855,1],[870,1],[886,1],[890,1],[944,1],[966,1],[980,1],[997,-1],[1022,-1],[1037,-1],[1050,1],[1054,1],[1056,-1],[1087,1],[1101,-1],[1114,-1],[1135,-1],[1141,-1],[1167,-1],[1173,1],[1174,-1],[1175,1],[1180,1],[1186,1],[1198,-1],[1205,1],[1209,-1],[1213,-1],[1217,-1],[1223,1],[1235,1],[1240,1],[1275,1]]","[109,39,28,37,69,27,86,74,106,30,34,100,13,51,53,73,15,33,57,103,118,61,59,41,96,102,55,49,82,20,23,26,19,76,3,10,63,50,1,14,46,88,32,48,12,5,64,4,9,108,85,54,42,105,101,113,0,89,98,95,70,56,78,36,81,31,93,38,107,90,47,44,35,60,21,77,72,114,75,18,65,66,94,16,8,62,119,71,80,43,92,6,112,97,111,40]","[173,186,195,153,139,228,127,158,218,181,183,233,209,161,143,126,208,140,144,138,206,212,192,237,220,193,147,210,229,136,170,154,198,191,157,227,219,235,239,197,202,159,180,125,211,169,172,132,216,163,162,205,204,224,130,196,201,152,160,131,124,175,179,145,174,188,231,182,165,225,121,189,203,122,120,142,236,214,167,232,222,156,176,149,221,148,129,146,185,223,199,234,184,171,213,164]",ac98261a09c774c9a7449b956b96182b79499d0ffa421e3bf3a6bdd0cdb6f5ba,96,2558138413,1313295433,"[930088,7,3,0,120,200,26]",981783578,9855872,[5],"{""5"":-1}"
S7,7,930089,120,0.894427190999916,3,,0,0.1,62,50,"[0,2,3,23,119,124,157,163,235,239,245,270,307,315,320,326,426,494,500,512,532,537,554,602,626,628,643,659,663,699,722,736,763,764,789,790,855,872,881,890,915,945,954,1037,1141,1171,1209,1217,1244,1262]","[[0,1],[2,-1],[3,1],[23,-1],[119,1],[124,-1],[157,1],[163,-1],[235,-1],[239,-1],[245,1],[270,1],[307,-1],[315,1],[320,1],[326,-1],[426,1],[494,-1],[500,1],[512,1],[532,-1],[537,-1],[554,1],[602,1],[626,-1],[628,1],[643,-1],[659,-1],[663,1],[699,1],[722,-1],[736,1],[763,-1],[764,1],[789,1],[790,1],[855,1],[872,-1],[881,1],[890,1],[915,-1],[945,1],[954,1],[1037,-1],[1141,-1],[1171,-1],[1209,-1],[1217,-1],[1244,1],[1262,1]]","[40,109,75,76,101,9,35,118,4,110,83,25,3,115,8,80,26,7,46,39,103,38,24,11,90,15,119,104,10,113,5,98,22,102,114,23,20,52,116,47,88,55,64,13,51,27,69,42,84,107,106,85,53,30,87,72,34,36,50,112,16,94,58,81,59,60,86,29,111,44,108,6,99,73,92,28,2,74,32,21,79,43,17,31,77,48,19,54,37,95,96,1,0,67,89,105]","[122,219,231,230,124,123,151,215,146,204,213,173,239,170,181,226,140,143,218,229,161,216,179,193,136,235,137,177,133,128,233,150,159,187,147,139,164,154,225,167,178,127,211,174,130,237,182,236,188,134,198,158,168,212,191,120,141,160,175,142,148,153,186,205,200,228,195,227,189,238,221,192,138,202,234,157,185,220,208,184,222,172,180,209,206,199,197,203,131,156,149,171,125,126,145,166]",b61a717e5eb55d037f54536c77fb34b61d697e89d7afb2ecfe803ebc75a814d0,96,3948222946,2935241380,"[930089,7,3,0,120,200,26]",727904659,9855872,[5],"{""5"":0}"
S7,7,930090,120,0.894427190999916,3,,0,0.1,71,47,"[0,2,3,4,5,26,27,35,54,119,152,163,249,307,314,320,327,333,347,391,426,602,628,666,692,699,722,729,736,764,777,834,838,842,846,890,915,916,992,1016,1061,1171,1209,1235,1244,1250,1264]","[[0,1],[2,-1],[3,1],[4,-1],[5,1],[26,-1],[27,-1],[35,-1],[54,-1],[119,1],[152,1],[163,-1],[249,1],[307,-1],[314,-1],[320,1],[327,-1],[333,-1],[347,-1],[391,-1],[426,1],[602,1],[628,1],[666,1],[692,1],[699,1],[722,-1],[729,-1],[736,1],[764,1],[777,1],[834,-1],[838,1],[842,1],[846,-1],[890,1],[915,-1],[916,-1],[992,1],[1016,1],[1061,-1],[1171,-1],[1209,-1],[1235,1],[1244,1],[1250,-1],[1264,1]]","[10,4,89,68,0,70,20,91,7,71,119,77,103,106,49,40,51,74,33,42,100,95,66,28,41,5,13,36,101,6,22,23,83,47,117,116,92,38,16,63,86,26,15,109,8,35,62,34,12,9,108,97,112,69,3,76,59,31,39,17,58,61,44,75,118,50,79,48,57,80,46,56,99,114,78,27,93,53,11,94,18,30,67,60,113,88,24,43,102,72,37,2,14,52,21,25]","[217,220,145,232,143,212,226,131,155,146,225,182,149,238,154,153,174,125,183,203,156,126,239,191,173,218,201,128,139,228,198,147,133,169,134,186,199,124,150,138,196,135,211,221,168,123,210,175,167,162,222,234,192,233,136,214,185,170,181,161,178,231,159,163,207,237,184,142,200,180,129,165,215,164,224,177,208,235,132,172,197,151,152,209,206,236,157,171,202,122,229,213,188,205,219,204]",534cd9201ac79bda0772e1b24771ababf09166a7b3aff87be0506ade081cf048,96,1668704530,4032912406,"[930090,7,3,0,120,200,26]",752346039,9855872,[5],"{""5"":1}"
S7,7,930091,120,0.894427190999916,3,,0,0.1,65,53,"[0,1,2,3,4,5,26,27,57,84,111,163,183,210,245,284,299,307,314,323,326,347,397,422,447,481,500,512,519,555,621,628,663,665,670,671,699,761,763,766,838,843,871,947,1057,1113,1167,1170,1173,1196,1198,1221,1244]","[[0,1],[1,1],[2,-1],[3,1],[4,-1],[5,1],[26,-1],[27,-1],[57,-1],[84,1],[111,1],[163,-1],[183,1],[210,-1],[245,1],[284,-1],[299,-1],[307,-1],[314,-1],[323,-1],[326,-1],[347,-1],[397,1],[422,-1],[447,-1],[481,-1],[500,1],[512,1],[519,-1],[555,1],[621,1],[628,1],[663,1],[665,1],[670,1],[671,-1],[699,1],[761,-1],[763,-1],[766,1],[838,1],[843,-1],[871,1],[947,-1],[1057,1],[1113,-1],[1167,-1],[1170,-1],[1173,1],[1196,1],[1198,-1],[1221,-1],[1244,1]]","[109,99,55,118,68,85,49,57,66,30,53,81,37,36,97,72,70,47,115,83,16,78,24,107,5,0,54,6,92,102,80,35,90,23,64,12,93,42,33,28,60,104,10,94,71,52,84,58,61,51,39,63,69,18,46,59,73,67,45,103,44,4,119,11,15,20,75,76,14,116,34,79,7,56,38,95,82,96,62,89,112,106,108,101,41,65,113,1,13,29,22,2,26,31,91,40]","[235,219,206,133,210,159,185,153,120,211,197,125,181,128,178,192,162,152,239,190,147,144,161,229,225,154,149,137,172,224,174,123,186,164,157,222,230,203,170,143,188,216,121,158,171,151,139,214,205,227,122,155,212,232,199,195,134,221,217,160,156,194,198,165,179,187,231,130,135,220,166,236,196,234,183,184,167,180,233,142,209,136,163,124,138,131,215,145,146,201,191,176,177,218,207,228]",30f9017aa741eb499db205d39046767806b6d5b1fe8b874c6391e5af112e8524,96,829577543,4089267996,"[930091,7,3,0,120,200,26]",3400841021,9855872,[5],"{""5"":1}"
S7,7,930092,120,0.894427190999916,3,,0,0.1,76,47,"[0,1,2,3,4,23,27,124,182,235,249,258,297,310,314,319,327,391,405,473,486,519,537,593,628,655,663,718,730,736,764,767,789,834,838,858,890,894,915,945,954,971,997,1057,1138,1217,1266]","[[0,1],[1,1],[2,-1],[3,1],[4,-1],[23,-1],[27,-1],[124,-1],[182,-1],[235,-1],[249,1],[258,1],[297,1],[310,1],[314,-1],[319,-1],[327,-1],[391,-1],[405,1],[473,1],[486,-1],[519,-1],[537,-1],[593,-1],[628,1],[655,-1],[663,1],[718,1],[730,1],[736,1],[764,1],[767,1],[789,1],[834,-1],[838,1],[858,1],[890,1],[894,1],[915,-1],[945,1],[954,1],[971,1],[997,-1],[1057,1],[1138,1],[1217,-1],[1266,1]]","[70,13,113,75,79,34,118,94,98,45,14,0,7,24,89,88,100,77,4,37,5,92,80,20,104,58,32,40,106,65,95,2,33,39,50,23,43,49,28,84,25,109,68,78,74,82,3,69,115,107,86,66,60,62,27,72,81,114,36,93,99,76,51,59,55,16,64,6,41,54,1,101,53,110,119,111,42,46,9,18,26,71,63,87,44,102,12,67,10,83,97,8,105,15,85,57]","[159,214,168,145,150,179,156,124,204,223,175,120,126,153,235,171,188,122,146,174,169,158,189,121,166,197,170,191,193,127,227,139,149,176,210,125,198,144,200,185,199,229,167,192,183,206,130,132,143,221,135,138,163,151,220,203,147,123,155,224,230,142,165,236,218,133,211,141,196,232,131,213,237,182,162,161,137,129,152,180,226,173,172,164,216,128,190,187,217,148,225,209,212,186,205,177]",ccbffb419b1d549c1e1caedc00264e2c2687943de9941604f5fcac8f62a73614,96,3714581276,715819304,"[930092,7,3,0,120,200,26]",2876636847,9855872,[5],"{""5"":0}"
S7,7,930093,120,0.894427190999916,3,,0,0.1,63,52,"[0,1,2,3,4,27,57,71,73,142,232,249,307,313,314,320,322,326,389,426,437,473,479,551,554,563,602,606,621,628,663,699,705,722,725,736,748,761,763,764,766,777,789,852,872,1008,1066,1091,1175,1196,1209,1217]","[[0,1],[1,1],[2,-1],[3,1],[4,-1],[27,-1],[57,-1],[71,1],[73,1],[142,1],[232,1],[249,1],[307,-1],[313,-1],[314,-1],[320,1],[322,-1],[326,-1],[389,-1],[426,1],[437,1],[473,1],[479,-1],[551,-1],[554,1],[563,1],[602,1],[606,-1],[621,1],[628,1],[663,1],[699,1],[705,-1],[722,-1],[725,1],[736,1],[748,-1],[761,-1],[763,-1],[764,1],[766,1],[777,1],[789,1],[852,1],[872,-1],[1008,1],[1066,1],[1091,1],[1175,1],[1196,1],[1209,-1],[1217,-1]]","[64,52,45,89,36,26,119,40,14,51,106,23,112,100,25,34,108,104,63,83,67,65,12,44,0,4,13,81,59,101,46,107,95,116,72,93,99,118,79,35,2,73,56,85,68,10,3,8,30,69,58,90,77,66,70,86,20,19,87,1,22,27,76,110,82,88,42,62,50,15,96,33,113,18,111,29,17,60,109,114,47,103,61,78,38,74,97,24,49,21,16,39,32,105,28,117]","[206,199,167,127,142,149,143,203,133,187,185,180,177,147,123,145,192,159,193,182,156,229,232,205,163,195,161,217,235,126,238,153,233,197,155,157,173,181,184,212,220,218,213,219,191,230,194,189,207,186,168,148,209,136,214,125,225,208,160,171,169,204,216,202,190,139,196,210,224,146,151,222,183,227,211,215,170,164,178,134,175,221,138,172,122,124,131,132,223,226,234,239,201,231,128,174]",a5996f7c171ff6ef7541a419b4361352ddfe69e30506d09a97ed7a8fe5e6d09d,96,1114771418,85242286,"[930093,7,3,0,120,200,26]",838145678,9855872,[5],"{""5"":0}"
S7,7,930094,120,0.894427190999916,3,,0,0.1,73,60,"[0,2,4,7,27,37,57,71,151,193,210,235,249,272,294,320,322,326,367,426,430,473,483,486,494,537,563,586,597,606,628,663,665,666,671,679,693,725,744,761,763,764,766,834,836,846,869,881,886,915,947,954,997,1054,1057,1085,1141,1202,1217,1245]","[[0,1],[2,-1],[4,-1],[7,1],[27,-1],[37,1],[57,-1],[71,1],[151,-1],[193,1],[210,-1],[235,-1],[249,1],[272,-1],[294,-1],[320,1],[322,-1],[326,-1],[367,-1],[426,1],[430,1],[473,1],[483,-1],[486,-1],[494,-1],[537,-1],[563,1],[586,1],[597,-1],[606,-1],[628,1],[663,1],[665,1],[666,1],[671,-1],[679,-1],[693,-1],[725,1],[744,-1],[761,-1],[763,-1],[764,1],[766,1],[834,-1],[836,-1],[846,-1],[869,-1],[881,1],[886,1],[915,-1],[947,-1],[954,1],[997,-1],[1054,1],[1057,1],[1085,1],[1141,-1],[1202,-1],[1217,-1],[1245,1]]","[42,80,90,24,98,77,28,44,116,72,108,79,41,69,70,109,0,82,105,94,104,39,86,101,34,32,45,12,61,13,52,35,11,8,71,81,56,25,27,4,118,103,113,66,26,58,2,106,30,88,10,62,64,92,47,54,33,68,6,36,17,117,3,57,73,114,84,102,15,46,76,110,97,7,40,96,14,38,115,60,19,85,1,74,95,83,59,78,23,55,18,51,49,100,53,111]","[132,169,225,202,236,157,229,179,221,205,184,220,230,128,174,227,121,159,210,182,238,138,149,168,122,183,215,185,143,136,191,173,194,178,129,224,160,188,154,223,172,153,222,218,175,152,164,150,165,232,203,233,140,151,211,163,134,189,147,124,161,158,196,166,170,219,237,155,139,135,120,213,235,144,130,226,198,127,167,142,146,141,177,214,137,195,133,199,212,126,148,228,176,171,187,145]",86919e2608519e58e8614f5478788f63ef25b31a7cc6d7fd137ce4bc812a6b30,96,3818667496,1111059243,"[930094,7,3,0,120,200,26]",1239664896,9855872,[5],"{""5"":0}"
S7,7,930095,120,0.894427190999916,3,,0,0.1,74,54,"[0,2,3,27,30,54,60,124,150,157,167,183,240,249,307,314,326,447,453,481,494,500,503,518,549,554,602,621,628,663,684,736,768,771,838,842,886,894,895,911,913,929,954,1022,1037,1138,1141,1171,1175,1196,1209,1240,1242,1256]","[[0,1],[2,-1],[3,1],[27,-1],[30,-1],[54,-1],[60,-1],[124,-1],[150,1],[157,1],[167,1],[183,1],[240,1],[249,1],[307,-1],[314,-1],[326,-1],[447,-1],[453,1],[481,-1],[494,-1],[500,1],[503,-1],[518,-1],[549,-1],[554,1],[602,1],[621,1],[628,1],[663,1],[684,1],[736,1],[768,1],[771,1],[838,1],[842,1],[886,1],[894,1],[895,1],[911,-1],[913,1],[929,1],[954,1],[1022,-1],[1037,-1],[1138,1],[1141,-1],[1171,-1],[1175,1],[1196,1],[1209,-1],[1240,1],[1242,1],[1256,1]]","[24,105,35,10,70,7,81,116,15,111,71,23,44,21,102,79,9,104,19,20,64,17,27,16,72,69,86,13,53,95,99,91,31,51,78,18,80,88,98,55,89,97,45,74,22,68,67,75,107,108,14,87,29,76,4,47,106,11,94,73,110,65,59,46,30,100,3,12,92,28,41,48,90,43,114,103,37,82,101,63,39,61,25,60,112,115,49,8,0,56,26,33,117,93,5,32]","[153,140,210,122,211,141,197,170,198,129,123,227,194,219,124,121,146,174,206,165,181,212,232,127,136,237,180,199,152,234,155,168,157,139,193,183,161,184,166,164,149,133,150,173,167,169,213,138,203,126,144,222,187,147,162,186,192,231,228,171,224,208,200,130,158,189,195,225,131,128,135,190,177,182,220,196,223,132,176,218,143,230,238,214,191,159,239,233,216,179,235,217,175,125,156,201]",ab10fb0a62ab4b905fe3f22043a30afb5930bc1036c948017e3c157c3b71afff,96,2978124324,4065113429,"[930095,7,3,0,120,200,26]",1273270524,9855872,[5],"{""5"":0}"
S7,7,930096,120,0.894427190999916,3,,0,0.1,76,63,"[0,1,2,3,4,25,27,49,57,66,124,143,151,157,163,234,297,307,314,316,320,326,352,391,428,447,462,483,554,563,602,604,606,628,649,671,677,693,722,764,790,842,872,890,915,954,997,1061,1072,1085,1095,1113,1171,1173,1175,1196,1198,1203,1209,1217,1222,1235,1266]","[[0,1],[1,1],[2,-1],[3,1],[4,-1],[25,1],[27,-1],[49,1],[57,-1],[66,1],[124,-1],[143,1],[151,-1],[157,1],[163,-1],[234,1],[297,1],[307,-1],[314,-1],[316,-1],[320,1],[326,-1],[352,1],[391,-1],[428,1],[447,-1],[462,-1],[483,-1],[554,1],[563,1],[602,1],[604,-1],[606,-1],[628,1],[649,-1],[671,-1],[677,1],[693,-1],[722,-1],[764,1],[790,1],[842,1],[872,-1],[890,1],[915,-1],[954,1],[997,-1],[1061,-1],[1072,-1],[1085,1],[1095,1],[1113,-1],[1171,-1],[1173,1],[1175,1],[1196,1],[1198,-1],[1203,-1],[1209,-1],[1217,-1],[1222,1],[1235,1],[1266,1]]","[26,77,88,60,83,36,34,4,19,35,63,62,52,8,40,74,106,12,14,50,80,115,65,75,94,24,96,25,73,29,30,69,5,38,51,55,41,17,13,67,58,45,64,85,84,71,21,66,119,79,37,70,102,22,6,105,31,109,59,10,54,48,16,93,91,49,104,0,114,111,110,92,86,90,56,61,27,87,32,81,116,101,112,18,1,53,89,33,76,2,23,47,28,97,98,108]","[130,132,191,169,188,226,139,180,187,129,228,159,147,174,170,236,210,219,204,164,158,234,201,231,138,128,151,123,239,221,235,145,193,198,195,227,189,156,171,168,157,224,218,230,217,141,203,162,183,177,196,137,182,233,212,153,155,238,149,167,160,163,192,143,131,134,133,165,135,172,200,229,199,161,166,184,194,154,220,207,144,121,197,232,152,181,214,173,209,176,146,142,215,222,213,190]",a60ce2e24f2e9fffd13af86521cab1c18dc8de27f0be92ef817f63faa004fd29,96,3076881165,1365786809,"[930096,7,3,0,120,200,26]",366703019,9855872,[5],"{""5"":0}"
S7,7,930097,120,0.894427190999916,3,,0,0.3,136,119,"[0,1,2,3,4,5,27,37,48,49,71,99,104,124,136,182,188,235,240,244,245,250,253,254,277,298,304,307,310,313,320,322,324,335,341,354,361,391,392,402,405,410,415,426,437,503,549,565,590,593,602,621,626,628,630,640,653,655,660,663,666,668,671,681,688,699,722,725,729,730,736,737,761,763,764,767,768,794,804,808,836,838,842,886,890,915,917,927,934,945,954,955,978,982,995,1008,1029,1057,1061,1079,1101,1113,1119,1141,1154,1155,1171,1173,1175,1179,1196,1203,1206,1209,1217,1235,1240,1244,1272]","[[0,1],[1,1],[2,-1],[3,1],[4,-1],[5,1],[27,-1],[37,1],[48,1],[49,1],[71,1],[99,1],[104,1],[124,-1],[136,-1],[182,-1],[188,-1],[235,-1],[240,1],[244,1],[245,1],[250,1],[253,1],[254,-1],[277,1],[298,1],[304,-1],[307,-1],[310,1],[313,-1],[320,1],[322,-1],[324,1],[335,1],[341,1],[354,-1],[361,1],[391,-1],[392,-1],[402,1],[405,1],[410,-1],[415,1],[426,1],[437,1],[503,-1],[549,-1],[565,1],[590,1],[593,-1],[602,1],[621,1],[626,-1],[628,1],[630,-1],[640,1],[653,1],[655,-1],[660,1],[663,1],[666,1],[668,-1],[671,-1],[681,-1],[688,1],[699,1],[722,-1],[725,1],[729,-1],[730,1],[736,1],[737,1],[761,-1],[763,-1],[764,1],[767,1],[768,1],[794,-1],[804,1],[808,1],[836,-1],[838,1],[842,1],[886,1],[890,1],[915,-1],[917,-1],[927,1],[934,1],[945,1],[954,1],[955,1],[978,-1],[982,1],[995,1],[1008,1],[1029,-1],[1057,1],[1061,-1],[1079,1],[1101,-1],[1113,-1],[1119,-1],[1141,-1],[1154,1],[1155,-1],[1171,-1],[1173,1],[1175,1],[1179,1],[1196,1],[1203,-1],[1206,1],[1209,-1],[1217,-1],[1235,1],[1240,1],[1244,1],[1272,1]]","[80,112,114,61,75,9,54,77,91,4,76,116,107,89,88,83,102,64,38,72,20,74,118,94,90,37,71,46,60,27,87,62,96,10,98,56,78,66,23,19,11,25,22,31,113,119,30,99,53,26,100,57,68,109,15,84,51,103,42,85,58,48,18,106,33,67,47,55,69,81,50,63,105,82,8,95,52,2,5,16,36,28,45,70,3,0,14,34,32,41,65,79,49,29,35,59]","[181,213,221,183,130,190,198,216,160,197,189,201,214,157,235,134,188,158,203,199,232,219,138,145,228,204,230,224,153,166,170,211,120,174,129,194,176,225,218,237,193,148,163,227,147,208,202,231,141,124,156,200,173,131,143,238,226,223,196,128,137,125,151,126,122,236,172,146,239,161,205,215,168,121,162,140,175,234,177,210,187,192,133,185,182,150,152,149,179,191,171,135,136,195,220,167]",d945e1bc876a5340d8ec33c5acbf66e4775b29c9db7a819fdcf7e9eca1e3d808,96,1257351704,4136279725,"[930097,7,3,0,120,200,26]",3954686656,9855872,[5],"{""5"":1}"
S7,7,930098,120,0.894427190999916,3,,0,0.0001,0,0,[],[],"[94,49,119,22,71,88,56,17,37,61,55,19,14,84,52,74,20,89,100,21,67,45,72,54,44,104,53,5,75,77,68,41,9,70,103,26,93,118,97,76,43,34,25,92,10,30,36,38,29,111,13,40,27,107,12,95,87,66,91,4,18,114,42,6,117,65,80,50,98,113,82,86,69,23,57,115,51,96,106,46,28,24,35,112,102,73,3,64,7,47,79,39,33,109,108,105]","[228,175,178,129,219,179,147,127,170,137,120,164,145,230,142,213,225,187,223,234,226,140,204,233,157,183,207,232,126,202,200,121,184,163,125,132,201,128,236,196,176,220,190,165,172,238,227,151,122,153,156,229,134,235,143,169,203,209,150,216,161,174,177,136,222,221,180,192,159,186,148,167,182,211,173,212,206,166,158,135,131,149,195,155,181,214,139,205,188,152,210,197,193,199,189,194]",37033fa5119b8f27351e74afced3d68579521ab1a799fabc4c2223f1a78c6215,96,3463235803,4013874231,"[930098,7,3,0,120,200,26]",1443568250,9855872,[5],"{""5"":0}"
S7,7,930099,120,0.894427190999916,3,,0,0.0001,0,0,[],[],"[7,67,65,35,111,92,116,43,73,10,23,12,1,31,11,38,74,88,21,28,18,42,109,118,84,16,4,53,6,46,20,105,30,29,64,106,82,39,13,76,47,24,68,114,83,103,54,59,63,66,48,27,90,101,108,102,94,8,44,107,72,112,99,58,51,119,89,33,117,96,3,79,5,113,49,110,2,87,95,19,104,0,22,91,15,32,45,80,26,36,52,37,60,93,75,98]","[213,124,222,168,196,219,135,137,190,207,129,226,161,220,139,214,149,228,217,188,216,230,152,121,146,180,221,156,239,192,211,154,153,185,175,138,178,193,187,205,232,133,123,212,162,126,210,195,182,165,130,183,177,200,191,142,204,122,176,159,233,235,132,201,169,223,170,197,209,215,186,199,144,157,238,208,202,147,136,120,194,150,155,131,163,164,181,231,171,172,167,140,236,141,179,125]",dc9f5aad4344c01dddd4da5d20b5ababf1b47af8c4a4e227766887f5547143ab,96,1295602264,1449977410,"[930099,7,3,0,120,200,26]",1833079989,9855872,[5],"{""5"":0}"
S7,7,930100,120,0.894427190999916,3,,0,0.3,151,111,"[0,1,2,3,4,5,7,20,23,27,34,48,57,69,72,83,90,112,130,142,158,163,164,182,184,198,249,254,263,278,307,310,311,314,320,323,326,333,376,391,394,395,447,448,450,473,483,499,503,504,507,518,519,523,553,554,555,563,596,602,604,606,621,626,628,650,655,659,663,687,688,691,699,707,715,718,729,736,761,764,768,836,842,845,899,916,921,934,936,942,954,960,978,982,997,1016,1020,1021,1022,1073,1085,1164,1165,1171,1173,1175,1178,1203,1204,1251,1264]","[[0,1],[1,1],[2,-1],[3,1],[4,-1],[5,1],[7,1],[20,-1],[23,-1],[27,-1],[34,-1],[48,1],[57,-1],[69,1],[72,-1],[83,1],[90,-1],[112,-1],[130,-1],[142,1],[158,1],[163,-1],[164,-1],[182,-1],[184,1],[198,-1],[249,1],[254,-1],[263,-1],[278,-1],[307,-1],[310,1],[311,1],[314,-1],[320,1],[323,-1],[326,-1],[333,-1],[376,-1],[391,-1],[394,-1],[395,-1],[447,-1],[448,-1],[450,-1],[473,1],[483,-1],[499,1],[503,-1],[504,-1],[507,-1],[518,-1],[519,-1],[523,1],[553,-1],[554,1],[555,1],[563,1],[596,1],[602,1],[604,-1],[606,-1],[621,1],[626,-1],[628,1],[650,1],[655,-1],[659,-1],[663,1],[687,-1],[688,1],[691,1],[699,1],[707,-1],[715,1],[718,1],[729,-1],[736,1],[761,-1],[764,1],[768,1],[836,-1],[842,1],[845,-1],[899,-1],[916,-1],[921,-1],[934,1],[936,1],[942,1],[954,1],[960,1],[978,-1],[982,1],[997,-1],[1016,1],[1020,1],[1021,-1],[1022,-1],[1073,1],[1085,1],[1164,1],[1165,-1],[1171,-1],[1173,1],[1175,1],[1178,-1],[1203,-1],[1204,1],[1251,-1],[1264,1]]","[114,61,79,35,23,107,96,18,15,54,86,77,92,32,97,51,47,85,65,30,91,55,8,46,81,117,105,12,103,34,7,10,21,90,76,29,52,9,17,106,16,28,95,27,108,44,38,67,37,98,5,63,75,102,14,56,87,20,66,50,48,19,3,118,68,100,110,70,69,13,72,119,2,74,0,42,31,25,104,99,83,49,33,89,94,109,82,64,88,11,26,78,80,6,1,39]","[178,162,151,172,197,200,146,136,218,163,238,138,212,128,235,140,211,160,177,196,170,191,222,161,225,127,210,185,181,215,205,209,165,156,231,171,121,234,124,125,193,159,164,195,208,226,174,188,137,131,201,206,182,220,192,135,133,120,180,141,122,207,187,229,189,232,203,190,152,142,219,143,214,155,202,139,175,224,221,204,126,233,239,134,217,223,198,153,130,199,166,184,183,168,186,144]",eea657bc5bee9f0b17c656ab9258bacd7be54d9fc425d1320c056220e213dfdf,96,3640156869,2611163107,"[930100,7,3,0,120,200,26]",931327658,9855872,[5],"{""5"":1}"
