scenario,tau,tau_index,target_n,diagnostic_seed_i,diagnostic_seed_j,I_pair,G_pair
S7,0.223606797749979,0,120,930001,930002,0.0,0.0
S7,0.223606797749979,0,120,930001,930003,0.0,0.0
S7,0.223606797749979,0,120,930001,930004,0.0,0.0
S7,0.223606797749979,0,120,930001,930005,0.0,0.0
S7,0.223606797749979,0,120,930001,930006,0.0,0.0
S7,0.223606797749979,0,120,930001,930007,0.0,0.0
S7,0.223606797749979,0,120,930001,930008,0.0,0.0
S7,0.223606797749979,0,120,930001,930009,0.0,0.0
S7,0.223606797749979,0,120,930001,930010,0.0,0.0
S7,0.223606797749979,0,120,930001,930011,0.0,0.0
S7,0.223606797749979,0,120,930001,930012,0.0,0.0
S7,0.223606797749979,0,120,930001,930013,0.0,0.0
S7,0.223606797749979,0,120,930001,930014,0.0,0.0
S7,0.223606797749979,0,120,930001,930015,0.0,0.0
S7,0.223606797749979,0,120,930001,930016,0.0,0.0
S7,0.223606797749979,0,120,930001,930017,0.0,0.0
S7,0.223606797749979,0,120,930001,930018,0.0,0.0
S7,0.223606797749979,0,120,930001,930019,0.0,0.0
S7,0.223606797749979,0,120,930001,930020,0.0,0.0
S7,0.223606797749979,0,120,930001,930021,0.0,0.0
S7,0.223606797749979,0,120,930001,930022,0.0,0.0
S7,0.223606797749979,0,120,930001,930023,0.0,0.0
S7,0.223606797749979,0,120,930001,930024,0.0,0.0
S7,0.223606797749979,0,120,930001,930025,0.0,0.0
S7,0.223606797749979,0,120,930001,930026,0.0,0.0
S7,0.223606797749979,0,120,930001,930027,0.0,0.0
S7,0.223606797749979,0,120,930001,930028,0.0,0.0
S7,0.223606797749979,0,120,930001,930029,0.0,0.0
S7,0.223606797749979,0,120,930001,930030,0.0,0.0
S7,0.223606797749979,0,120,930001,930031,0.0,0.0
S7,0.223606797749979,0,120,930001,930032,0.0,0.0
S7,0.223606797749979,0,120,930001,930033,0.0,0.0
S7,0.223606797749979,0,120,930001,930034,0.0,0.0
S7,0.223606797749979,0,120,930001,930035,0.0,0.0
S7,0.223606797749979,0,120,930001,930036,0.0,0.0
S7,0.223606797749979,0,120,930001,930037,0.0,0.0
S7,0.223606797749979,0,120,930001,930038,0.0,0.0
S7,0.223606797749979,0,120,930001,930039,0.0,0.0
S7,0.223606797749979,0,120,930001,930040,0.0,0.0
S7,0.223606797749979,0,120,930001,930041,0.0,0.0
S7,0.223606797749979,0,120,930001,930042,0.0,0.0
S7,0.223606797749979,0,120,930001,930043,0.0,0.0
S7,0.223606797749979,0,120,930001,930044,0.0,0.0
S7,0.223606797749979,0,120,930001,930045,0.0,0.0
S7,0.223606797749979,0,120,930001,930046,0.0,0.0
S7,0.223606797749979,0,120,930001,930047,0.0,0.0
S7,0.223606797749979,0,120,930001,930048,0.0,0.0
S7,0.223606797749979,0,120,930001,930049,0.0,0.0
S7,0.223606797749979,0,120,930001,930050,0.0,0.0
S7,0.223606797749979,0,120,930001,930051,0.0,0.0
S7,0.223606797749979,0,120,930001,930052,0.0,0.0
S7,0.223606797749979,0,120,930001,930053,0.0,0.0
S7,0.223606797749979,0,120,930001,930054,0.0,0.0
S7,0.223606797749979,0,120,930001,930055,0.0,0.0
S7,0.223606797749979,0,120,930001,930056,0.0,0.0
S7,0.223606797749979,0,120,930001,930057,0.0,0.0
S7,0.223606797749979,0,120,930001,930058,0.0,0.0
S7,0.223606797749979,0,120,930001,930059,0.0,0.0
S7,0.223606797749979,0,120,930001,930060,0.0,0.0
S7,0.223606797749979,0,120,930001,930061,0.0,0.0
S7,0.223606797749979,0,120,930001,930062,0.0,0.0
S7,0.223606797749979,0,120,930001,930063,0.0,0.0
S7,0.223606797749979,0,120,930001,930064,0.0,0.0
S7,0.223606797749979,0,120,930001,930065,0.0,0.0
S7,0.223606797749979,0,120,930001,930066,0.0,0.0
S7,0.223606797749979,0,120,930001,930067,0.0,0.0
S7,0.223606797749979,0,120,930001,930068,0.0,0.0
S7,0.223606797749979,0,120,930001,930069,0.0,0.0
S7,0.223606797749979,0,120,930001,930070,0.0,0.0
S7,0.223606797749979,0,120,930001,930071,0.0,0.0
S7,0.223606797749979,0,120,930001,930072,0.0,0.0
S7,0.223606797749979,0,120,930001,930073,0.0,0.0
S7,0.223606797749979,0,120,930001,930074,0.0,0.0
S7,0.223606797749979,0,120,930001,930075,0.0,0.0
S7,0.223606797749979,0,120,930001,930076,0.0,0.0
S7,0.223606797749979,0,120,930001,930077,0.0,0.0
S7,0.223606797749979,0,120,930001,930078,0.0,0.0
S7,0.223606797749979,0,120,930001,930079,0.0,0.0
S7,0.223606797749979,0,120,930001,930080,0.0,0.0
S7,0.223606797749979,0,120,930001,930081,0.0,0.0
S7,0.223606797749979,0,120,930001,930082,0.0,0.0
S7,0.223606797749979,0,120,930001,930083,0.0,0.0
S7,0.223606797749979,0,120,930001,930084,0.0,0.0
S7,0.223606797749979,0,120,930001,930085,0.0,0.0
S7,0.223606797749979,0,120,930001,930086,0.0,0.0
S7,0.223606797749979,0,120,930001,930087,0.0,0.0
S7,0.223606797749979,0,120,930001,930088,0.0,0.0
S7,0.223606797749979,0,120,930001,930089,0.0,0.0
S7,0.223606797749979,0,120,930001,930090,0.0,0.0
S7,0.223606797749979,0,120,930001,930091,0.0,0.0
S7,0.223606797749979,0,120,930001,930092,0.0,0.0
S7,0.223606797749979,0,120,930001,930093,0.0,0.0
S7,0.223606797749979,0,120,930001,930094,0.0,0.0
S7,0.223606797749979,0,120,930001,930095,0.0,0.0
S7,0.223606797749979,0,120,930001,930096,0.0,0.0
S7,0.223606797749979,0,120,930001,930097,0.0,0.0
S7,0.223606797749979,0,120,930001,930098,0.0,0.0
S7,0.223606797749979,0,120,930001,930099,0.0,0.0
S7,0.223606797749979,0,120,930001,930100,0.0,0.0
S7,0.223606797749979,0,120,930002,930003,0.0,0.0
S7,0.223606797749979,0,120,930002,930004,0.0,0.0
S7,0.223606797749979,0,120,930002,930005,0.0,0.0
S7,0.223606797749979,0,120,930002,930006,0.0,0.0
S7,0.223606797749979,0,120,930002,930007,0.0,0.0
S7,0.223606797749979,0,120,930002,930008,0.0,0.0
S7,0.223606797749979,0,120,930002,930009,0.0,0.0
S7,0.223606797749979,0,120,930002,930010,0.0,0.0
S7,0.223606797749979,0,120,930002,930011,0.0,0.0
S7,0.223606797749979,0,120,930002,930012,0.0,0.0
S7,0.223606797749979,0,120,930002,930013,0.0,0.0
S7,0.223606797749979,0,120,930002,930014,0.0,0.0
S7,0.223606797749979,0,120,930002,930015,0.0,0.0
S7,0.223606797749979,0,120,930002,930016,0.0,0.0
S7,0.223606797749979,0,120,930002,930017,0.0,0.0
S7,0.223606797749979,0,120,930002,930018,0.0,0.0
S7,0.223606797749979,0,120,930002,930019,0.0,0.0
S7,0.223606797749979,0,120,930002,930020,0.0,0.0
S7,0.223606797749979,0,120,930002,930021,0.0,0.0
S7,0.223606797749979,0,120,930002,930022,0.0,0.0
S7,0.223606797749979,0,120,930002,930023,0.0,0.0
S7,0.223606797749979,0,120,930002,930024,0.0,0.0
S7,0.223606797749979,0,120,930002,930025,0.0,0.0
S7,0.223606797749979,0,120,930002,930026,0.0,0.0
S7,0.223606797749979,0,120,930002,930027,0.0,0.0
S7,0.223606797749979,0,120,930002,930028,0.0,0.0
S7,0.223606797749979,0,120,930002,930029,0.0,0.0
S7,0.223606797749979,0,120,930002,930030,0.0,0.0
S7,0.223606797749979,0,120,930002,930031,0.0,0.0
S7,0.223606797749979,0,120,930002,930032,0.0,0.0
S7,0.223606797749979,0,120,930002,930033,0.0,0.0
S7,0.223606797749979,0,120,930002,930034,0.0,0.0
S7,0.223606797749979,0,120,930002,930035,0.0,0.0
S7,0.223606797749979,0,120,930002,930036,0.0,0.0
S7,0.223606797749979,0,120,930002,930037,0.0,0.0
S7,0.223606797749979,0,120,930002,930038,0.0,0.0
S7,0.223606797749979,0,120,930002,930039,0.0,0.0
S7,0.223606797749979,0,120,930002,930040,0.0,0.0
S7,0.223606797749979,0,120,930002,930041,0.0,0.0
S7,0.223606797749979,0,120,930002,930042,0.0,0.0
S7,0.223606797749979,0,120,930002,930043,0.0,0.0
S7,0.223606797749979,0,120,930002,930044,0.0,0.0
S7,0.223606797749979,0,120,930002,930045,0.0,0.0
S7,0.223606797749979,0,120,930002,930046,0.0,0.0
S7,0.223606797749979,0,120,930002,930047,0.0,0.0
S7,0.223606797749979,0,120,930002,930048,0.0,0.0
S7,0.223606797749979,0,120,930002,930049,0.0,0.0
S7,0.223606797749979,0,120,930002,930050,0.0,0.0
S7,0.223606797749979,0,120,930002,930051,0.0,0.0
S7,0.223606797749979,0,120,930002,930052,0.0,0.0
S7,0.223606797749979,0,120,930002,930053,0.0,0.0
S7,0.223606797749979,0,120,930002,930054,0.0,0.0
S7,0.223606797749979,0,120,930002,930055,0.0,0.0
S7,0.223606797749979,0,120,930002,930056,0.0,0.0
S7,0.223606797749979,0,120,930002,930057,0.0,0.0
S7,0.223606797749979,0,120,930002,930058,0.0,0.0
S7,0.223606797749979,0,120,930002,930059,0.0,0.0
S7,0.223606797749979,0,120,930002,930060,0.0,0.0
S7,0.223606797749979,0,120,930002,930061,0.0,0.0
S7,0.223606797749979,0,120,930002,930062,0.0,0.0
S7,0.223606797749979,0,120,930002,930063,0.0,0.0
S7,0.223606797749979,0,120,930002,930064,0.0,0.0
S7,0.223606797749979,0,120,930002,930065,0.0,0.0
S7,0.223606797749979,0,120,930002,930066,0.0,0.0
S7,0.223606797749979,0,120,930002,930067,0.0,0.0
S7,0.223606797749979,0,120,930002,930068,0.0,0.0
S7,0.223606797749979,0,120,930002,930069,0.0,0.0
S7,0.223606797749979,0,120,930002,930070,0.0,0.0
S7,0.223606797749979,0,120,930002,930071,0.0,0.0
S7,0.223606797749979,0,120,930002,930072,0.0,0.0
S7,0.223606797749979,0,120,930002,930073,0.0,0.0
S7,0.223606797749979,0,120,930002,930074,0.0,0.0
S7,0.223606797749979,0,120,930002,930075,0.0,0.0
S7,0.223606797749979,0,120,930002,930076,0.0,0.0
S7,0.223606797749979,0,120,930002,930077,0.0,0.0
S7,0.223606797749979,0,120,930002,930078,0.0,0.0
S7,0.223606797749979,0,120,930002,930079,0.0,0.0
S7,0.223606797749979,0,120,930002,930080,0.0,0.0
S7,0.223606797749979,0,120,930002,930081,0.0,0.0
S7,0.223606797749979,0,120,930002,930082,0.0,0.0
S7,0.223606797749979,0,120,930002,930083,0.0,0.0
S7,0.223606797749979,0,120,930002,930084,0.0,0.0
S7,0.223606797749979,0,120,930002,930085,0.0,0.0
S7,0.223606797749979,0,120,930002,930086,0.0,0.0
S7,0.223606797749979,0,120,930002,930087,0.0,0.0
S7,0.223606797749979,0,120,930002,930088,0.0,0.0
S7,0.223606797749979,0,120,930002,930089,0.0,0.0
S7,0.223606797749979,0,120,930002,930090,0.0,0.0
S7,0.223606797749979,0,120,930002,930091,0.0,0.0
S7,0.223606797749979,0,120,930002,930092,0.0,0.0
S7,0.223606797749979,0,120,930002,930093,0.0,0.0
S7,0.223606797749979,0,120,930002,930094,0.0,0.0
S7,0.223606797749979,0,120,930002,930095,0.0,0.0
S7,0.223606797749979,0,120,930002,930096,0.0,0.0
S7,0.223606797749979,0,120,930002,930097,0.0,0.0
S7,0.223606797749979,0,120,930002,930098,0.0,0.0
S7,0.223606797749979,0,120,930002,930099,0.0,0.0
S7,0.223606797749979,0,120,930002,930100,0.0,0.0
S7,0.223606797749979,0,120,930003,930004,0.0,0.0
S7,0.223606797749979,0,120,930003,930005,0.0,0.0
S7,0.223606797749979,0,120,930003,930006,0.0,0.0
S7,0.223606797749979,0,120,930003,930007,0.0,0.0
S7,0.223606797749979,0,120,930003,930008,0.0,0.0
S7,0.223606797749979,0,120,930003,930009,0.0,0.0
S7,0.223606797749979,0,120,930003,930010,0.0,0.0
S7,0.223606797749979,0,120,930003,930011,0.0,0.0
S7,0.223606797749979,0,120,930003,930012,0.0,0.0
S7,0.223606797749979,0,120,930003,930013,0.11320754716981132,0.11320754716981132
S7,0.223606797749979,0,120,930003,930014,0.0,0.0
S7,0.223606797749979,0,120,930003,930015,0.0,0.0
S7,0.223606797749979,0,120,930003,930016,0.0,0.0
S7,0.223606797749979,0,120,930003,930017,0.0,0.0
S7,0.223606797749979,0,120,930003,930018,0.0,0.0
S7,0.223606797749979,0,120,930003,930019,0.0,0.0
S7,0.223606797749979,0,120,930003,930020,0.0,0.0
S7,0.223606797749979,0,120,930003,930021,0.0,0.0
S7,0.223606797749979,0,120,930003,930022,0.0,0.0
S7,0.223606797749979,0,120,930003,930023,0.0,0.0
S7,0.223606797749979,0,120,930003,930024,0.0,0.0
S7,0.223606797749979,0,120,930003,930025,0.0,0.0
S7,0.223606797749979,0,120,930003,930026,0.0,0.0
S7,0.223606797749979,0,120,930003,930027,0.0,0.0
S7,0.223606797749979,0,120,930003,930028,0.0,0.0
S7,0.223606797749979,0,120,930003,930029,0.23,0.21782178217821782
S7,0.223606797749979,0,120,930003,930030,0.0,0.0
S7,0.223606797749979,0,120,930003,930031,0.0,0.0
S7,0.223606797749979,0,120,930003,930032,0.0,0.0
S7,0.223606797749979,0,120,930003,930033,0.0,0.0
S7,0.223606797749979,0,120,930003,930034,0.0,0.0
S7,0.223606797749979,0,120,930003,930035,0.0,0.0
S7,0.223606797749979,0,120,930003,930036,0.0,0.0
S7,0.223606797749979,0,120,930003,930037,0.0,0.0
S7,0.223606797749979,0,120,930003,930038,0.1456953642384106,0.1456953642384106
S7,0.223606797749979,0,120,930003,930039,0.0,0.0
S7,0.223606797749979,0,120,930003,930040,0.0,0.0
S7,0.223606797749979,0,120,930003,930041,0.0,0.0
S7,0.223606797749979,0,120,930003,930042,0.0,0.0
S7,0.223606797749979,0,120,930003,930043,0.0,0.0
S7,0.223606797749979,0,120,930003,930044,0.0,0.0
S7,0.223606797749979,0,120,930003,930045,0.0,0.0
S7,0.223606797749979,0,120,930003,930046,0.0,0.0
S7,0.223606797749979,0,120,930003,930047,0.0,0.0
S7,0.223606797749979,0,120,930003,930048,0.19,0.19
S7,0.223606797749979,0,120,930003,930049,0.0,0.0
S7,0.223606797749979,0,120,930003,930050,0.0,0.0
S7,0.223606797749979,0,120,930003,930051,0.15,0.15
S7,0.223606797749979,0,120,930003,930052,0.16216216216216217,0.16216216216216217
S7,0.223606797749979,0,120,930003,930053,0.0,0.0
S7,0.223606797749979,0,120,930003,930054,0.0,0.0
S7,0.223606797749979,0,120,930003,930055,0.0,0.0
S7,0.223606797749979,0,120,930003,930056,0.18681318681318682,0.18681318681318682
S7,0.223606797749979,0,120,930003,930057,0.0,0.0
S7,0.223606797749979,0,120,930003,930058,0.0,0.0
S7,0.223606797749979,0,120,930003,930059,0.11578947368421053,0.11578947368421053
S7,0.223606797749979,0,120,930003,930060,0.0,0.0
S7,0.223606797749979,0,120,930003,930061,0.0,0.0
S7,0.223606797749979,0,120,930003,930062,0.0,0.0
S7,0.223606797749979,0,120,930003,930063,0.0,0.0
S7,0.223606797749979,0,120,930003,930064,0.0,0.0
S7,0.223606797749979,0,120,930003,930065,0.0,0.0
S7,0.223606797749979,0,120,930003,930066,0.0,0.0
S7,0.223606797749979,0,120,930003,930067,0.0,0.0
S7,0.223606797749979,0,120,930003,930068,0.0,0.0
S7,0.223606797749979,0,120,930003,930069,0.0,0.0
S7,0.223606797749979,0,120,930003,930070,0.0,0.0
S7,0.223606797749979,0,120,930003,930071,0.14705882352941177,0.14705882352941177
S7,0.223606797749979,0,120,930003,930072,0.0,0.0
S7,0.223606797749979,0,120,930003,930073,0.0,0.0
S7,0.223606797749979,0,120,930003,930074,0.0,0.0
S7,0.223606797749979,0,120,930003,930075,0.0,0.0
S7,0.223606797749979,0,120,930003,930076,0.0,0.0
S7,0.223606797749979,0,120,930003,930077,0.0,0.0
S7,0.223606797749979,0,120,930003,930078,0.0,0.0
S7,0.223606797749979,0,120,930003,930079,0.0,0.0
S7,0.223606797749979,0,120,930003,930080,0.0,0.0
S7,0.223606797749979,0,120,930003,930081,0.0,0.0
S7,0.223606797749979,0,120,930003,930082,0.0,0.0
S7,0.223606797749979,0,120,930003,930083,0.0,0.0
S7,0.223606797749979,0,120,930003,930084,0.0,0.0
S7,0.223606797749979,0,120,930003,930085,0.0,0.0
S7,0.223606797749979,0,120,930003,930086,0.0,0.0
S7,0.223606797749979,0,120,930003,930087,0.15306122448979592,0.15306122448979592
S7,0.223606797749979,0,120,930003,930088,0.15306122448979592,0.15306122448979592
S7,0.223606797749979,0,120,930003,930089,0.0,0.0
S7,0.223606797749979,0,120,930003,930090,0.0,0.0
S7,0.223606797749979,0,120,930003,930091,0.18811881188118812,0.17647058823529413
S7,0.223606797749979,0,120,930003,930092,0.0,0.0
S7,0.223606797749979,0,120,930003,930093,0.2079207920792079,0.2079207920792079
S7,0.223606797749979,0,120,930003,930094,0.0,0.0
S7,0.223606797749979,0,120,930003,930095,0.0,0.0
S7,0.223606797749979,0,120,930003,930096,0.0,0.0
S7,0.223606797749979,0,120,930003,930097,0.1875,0.1875
S7,0.223606797749979,0,120,930003,930098,0.0,0.0
S7,0.223606797749979,0,120,930003,930099,0.0,0.0
S7,0.223606797749979,0,120,930003,930100,0.0,0.0
S7,0.223606797749979,0,120,930004,930005,0.0,0.0
S7,0.223606797749979,0,120,930004,930006,0.0,0.0
S7,0.223606797749979,0,120,930004,930007,0.0,0.0
S7,0.223606797749979,0,120,930004,930008,0.0,0.0
S7,0.223606797749979,0,120,930004,930009,0.0,0.0
S7,0.223606797749979,0,120,930004,930010,0.0,0.0
S7,0.223606797749979,0,120,930004,930011,0.0,0.0
S7,0.223606797749979,0,120,930004,930012,0.0,0.0
S7,0.223606797749979,0,120,930004,930013,0.0,0.0
S7,0.223606797749979,0,120,930004,930014,0.0,0.0
S7,0.223606797749979,0,120,930004,930015,0.0,0.0
S7,0.223606797749979,0,120,930004,930016,0.0,0.0
S7,0.223606797749979,0,120,930004,930017,0.0,0.0
S7,0.223606797749979,0,120,930004,930018,0.0,0.0
S7,0.223606797749979,0,120,930004,930019,0.0,0.0
S7,0.223606797749979,0,120,930004,930020,0.0,0.0
S7,0.223606797749979,0,120,930004,930021,0.0,0.0
S7,0.223606797749979,0,120,930004,930022,0.0,0.0
S7,0.223606797749979,0,120,930004,930023,0.0,0.0
S7,0.223606797749979,0,120,930004,930024,0.0,0.0
S7,0.223606797749979,0,120,930004,930025,0.0,0.0
S7,0.223606797749979,0,120,930004,930026,0.0,0.0
S7,0.223606797749979,0,120,930004,930027,0.0,0.0
S7,0.223606797749979,0,120,930004,930028,0.0,0.0
S7,0.223606797749979,0,120,930004,930029,0.0,0.0
S7,0.223606797749979,0,120,930004,930030,0.0,0.0
S7,0.223606797749979,0,120,930004,930031,0.0,0.0
S7,0.223606797749979,0,120,930004,930032,0.0,0.0
S7,0.223606797749979,0,120,930004,930033,0.0,0.0
S7,0.223606797749979,0,120,930004,930034,0.0,0.0
S7,0.223606797749979,0,120,930004,930035,0.0,0.0
S7,0.223606797749979,0,120,930004,930036,0.0,0.0
S7,0.223606797749979,0,120,930004,930037,0.0,0.0
S7,0.223606797749979,0,120,930004,930038,0.0,0.0
S7,0.223606797749979,0,120,930004,930039,0.0,0.0
S7,0.223606797749979,0,120,930004,930040,0.0,0.0
S7,0.223606797749979,0,120,930004,930041,0.0,0.0
S7,0.223606797749979,0,120,930004,930042,0.0,0.0
S7,0.223606797749979,0,120,930004,930043,0.0,0.0
S7,0.223606797749979,0,120,930004,930044,0.0,0.0
S7,0.223606797749979,0,120,930004,930045,0.0,0.0
S7,0.223606797749979,0,120,930004,930046,0.0,0.0
S7,0.223606797749979,0,120,930004,930047,0.0,0.0
S7,0.223606797749979,0,120,930004,930048,0.0,0.0
S7,0.223606797749979,0,120,930004,930049,0.0,0.0
S7,0.223606797749979,0,120,930004,930050,0.0,0.0
S7,0.223606797749979,0,120,930004,930051,0.0,0.0
S7,0.223606797749979,0,120,930004,930052,0.0,0.0
S7,0.223606797749979,0,120,930004,930053,0.0,0.0
S7,0.223606797749979,0,120,930004,930054,0.0,0.0
S7,0.223606797749979,0,120,930004,930055,0.0,0.0
S7,0.223606797749979,0,120,930004,930056,0.0,0.0
S7,0.223606797749979,0,120,930004,930057,0.0,0.0
S7,0.223606797749979,0,120,930004,930058,0.0,0.0
S7,0.223606797749979,0,120,930004,930059,0.0,0.0
S7,0.223606797749979,0,120,930004,930060,0.0,0.0
S7,0.223606797749979,0,120,930004,930061,0.0,0.0
S7,0.223606797749979,0,120,930004,930062,0.0,0.0
S7,0.223606797749979,0,120,930004,930063,0.0,0.0
S7,0.223606797749979,0,120,930004,930064,0.0,0.0
S7,0.223606797749979,0,120,930004,930065,0.0,0.0
S7,0.223606797749979,0,120,930004,930066,0.0,0.0
S7,0.223606797749979,0,120,930004,930067,0.0,0.0
S7,0.223606797749979,0,120,930004,930068,0.0,0.0
S7,0.223606797749979,0,120,930004,930069,0.0,0.0
S7,0.223606797749979,0,120,930004,930070,0.0,0.0
S7,0.223606797749979,0,120,930004,930071,0.0,0.0
S7,0.223606797749979,0,120,930004,930072,0.0,0.0
S7,0.223606797749979,0,120,930004,930073,0.0,0.0
S7,0.223606797749979,0,120,930004,930074,0.0,0.0
S7,0.223606797749979,0,120,930004,930075,0.0,0.0
S7,0.223606797749979,0,120,930004,930076,0.0,0.0
S7,0.223606797749979,0,120,930004,930077,0.0,0.0
S7,0.223606797749979,0,120,930004,930078,0.0,0.0
S7,0.223606797749979,0,120,930004,930079,0.0,0.0
S7,0.223606797749979,0,120,930004,930080,0.0,0.0
S7,0.223606797749979,0,120,930004,930081,0.0,0.0
S7,0.223606797749979,0,120,930004,930082,0.0,0.0
S7,0.223606797749979,0,120,930004,930083,0.0,0.0
S7,0.223606797749979,0,120,930004,930084,0.0,0.0
S7,0.223606797749979,0,120,930004,930085,0.0,0.0
S7,0.223606797749979,0,120,930004,930086,0.0,0.0
S7,0.223606797749979,0,120,930004,930087,0.0,0.0
S7,0.223606797749979,0,120,930004,930088,0.0,0.0
S7,0.223606797749979,0,120,930004,930089,0.0,0.0
S7,0.223606797749979,0,120,930004,930090,0.0,0.0
S7,0.223606797749979,0,120,930004,930091,0.0,0.0
S7,0.223606797749979,0,120,930004,930092,0.0,0.0
S7,0.223606797749979,0,120,930004,930093,0.0,0.0
S7,0.223606797749979,0,120,930004,930094,0.0,0.0
S7,0.223606797749979,0,120,930004,930095,0.0,0.0
S7,0.223606797749979,0,120,930004,930096,0.0,0.0
S7,0.223606797749979,0,120,930004,930097,0.0,0.0
S7,0.223606797749979,0,120,930004,930098,0.0,0.0
S7,0.223606797749979,0,120,930004,930099,0.0,0.0
S7,0.223606797749979,0,120,930004,930100,0.0,0.0
S7,0.223606797749979,0,120,930005,930006,0.0,0.0
S7,0.223606797749979,0,120,930005,930007,0.0,0.0
S7,0.223606797749979,0,120,930005,930008,0.0,0.0
S7,0.223606797749979,0,120,930005,930009,0.0,0.0
S7,0.223606797749979,0,120,930005,930010,0.0,0.0
S7,0.223606797749979,0,120,930005,930011,0.0,0.0
S7,0.223606797749979,0,120,930005,930012,0.0,0.0
S7,0.223606797749979,0,120,930005,930013,0.0,0.0
S7,0.223606797749979,0,120,930005,930014,0.0,0.0
S7,0.223606797749979,0,120,930005,930015,0.0,0.0
S7,0.223606797749979,0,120,930005,930016,0.0,0.0
S7,0.223606797749979,0,120,930005,930017,0.0,0.0
S7,0.223606797749979,0,120,930005,930018,0.0,0.0
S7,0.223606797749979,0,120,930005,930019,0.0,0.0
S7,0.223606797749979,0,120,930005,930020,0.0,0.0
S7,0.223606797749979,0,120,930005,930021,0.0,0.0
S7,0.223606797749979,0,120,930005,930022,0.0,0.0
S7,0.223606797749979,0,120,930005,930023,0.0,0.0
S7,0.223606797749979,0,120,930005,930024,0.0,0.0
S7,0.223606797749979,0,120,930005,930025,0.0,0.0
S7,0.223606797749979,0,120,930005,930026,0.0,0.0
S7,0.223606797749979,0,120,930005,930027,0.0,0.0
S7,0.223606797749979,0,120,930005,930028,0.0,0.0
S7,0.223606797749979,0,120,930005,930029,0.0,0.0
S7,0.223606797749979,0,120,930005,930030,0.0,0.0
S7,0.223606797749979,0,120,930005,930031,0.0,0.0
S7,0.223606797749979,0,120,930005,930032,0.0,0.0
S7,0.223606797749979,0,120,930005,930033,0.0,0.0
S7,0.223606797749979,0,120,930005,930034,0.0,0.0
S7,0.223606797749979,0,120,930005,930035,0.0,0.0
S7,0.223606797749979,0,120,930005,930036,0.0,0.0
S7,0.223606797749979,0,120,930005,930037,0.0,0.0
S7,0.223606797749979,0,120,930005,930038,0.0,0.0
S7,0.223606797749979,0,120,930005,930039,0.0,0.0
S7,0.223606797749979,0,120,930005,930040,0.0,0.0
S7,0.223606797749979,0,120,930005,930041,0.0,0.0
S7,0.223606797749979,0,120,930005,930042,0.0,0.0
S7,0.223606797749979,0,120,930005,930043,0.0,0.0
S7,0.223606797749979,0,120,930005,930044,0.0,0.0
S7,0.223606797749979,0,120,930005,930045,0.0,0.0
S7,0.223606797749979,0,120,930005,930046,0.0,0.0
S7,0.223606797749979,0,120,930005,930047,0.0,0.0
S7,0.223606797749979,0,120,930005,930048,0.0,0.0
S7,0.223606797749979,0,120,930005,930049,0.0,0.0
S7,0.223606797749979,0,120,930005,930050,0.0,0.0
S7,0.223606797749979,0,120,930005,930051,0.0,0.0
S7,0.223606797749979,0,120,930005,930052,0.0,0.0
S7,0.223606797749979,0,120,930005,930053,0.0,0.0
S7,0.223606797749979,0,120,930005,930054,0.0,0.0
S7,0.223606797749979,0,120,930005,930055,0.0,0.0
S7,0.223606797749979,0,120,930005,930056,0.0,0.0
S7,0.223606797749979,0,120,930005,930057,0.0,0.0
S7,0.223606797749979,0,120,930005,930058,0.0,0.0
S7,0.223606797749979,0,120,930005,930059,0.0,0.0
S7,0.223606797749979,0,120,930005,930060,0.0,0.0
S7,0.223606797749979,0,120,930005,930061,0.0,0.0
S7,0.223606797749979,0,120,930005,930062,0.0,0.0
S7,0.223606797749979,0,120,930005,930063,0.0,0.0
S7,0.223606797749979,0,120,930005,930064,0.0,0.0
S7,0.223606797749979,0,120,930005,930065,0.0,0.0
S7,0.223606797749979,0,120,930005,930066,0.0,0.0
S7,0.223606797749979,0,120,930005,930067,0.0,0.0
S7,0.223606797749979,0,120,930005,930068,0.0,0.0
S7,0.223606797749979,0,120,930005,930069,0.0,0.0
S7,0.223606797749979,0,120,930005,930070,0.0,0.0
S7,0.223606797749979,0,120,930005,930071,0.0,0.0
S7,0.223606797749979,0,120,930005,930072,0.0,0.0
S7,0.223606797749979,0,120,930005,930073,0.0,0.0
S7,0.223606797749979,0,120,930005,930074,0.0,0.0
S7,0.223606797749979,0,120,930005,930075,0.0,0.0
S7,0.223606797749979,0,120,930005,930076,0.0,0.0
S7,0.223606797749979,0,120,930005,930077,0.0,0.0
S7,0.223606797749979,0,120,930005,930078,0.0,0.0
S7,0.223606797749979,0,120,930005,930079,0.0,0.0
S7,0.223606797749979,0,120,930005,930080,0.0,0.0
S7,0.223606797749979,0,120,930005,930081,0.0,0.0
S7,0.223606797749979,0,120,930005,930082,0.0,0.0
S7,0.223606797749979,0,120,930005,930083,0.0,0.0
S7,0.223606797749979,0,120,930005,930084,0.0,0.0
S7,0.223606797749979,0,120,930005,930085,0.0,0.0
S7,0.223606797749979,0,120,930005,930086,0.0,0.0
S7,0.223606797749979,0,120,930005,930087,0.0,0.0
S7,0.223606797749979,0,120,930005,930088,0.0,0.0
S7,0.223606797749979,0,120,930005,930089,0.0,0.0
S7,0.223606797749979,0,120,930005,930090,0.0,0.0
S7,0.223606797749979,0,120,930005,930091,0.0,0.0
S7,0.223606797749979,0,120,930005,930092,0.0,0.0
S7,0.223606797749979,0,120,930005,930093,0.0,0.0
S7,0.223606797749979,0,120,930005,930094,0.0,0.0
S7,0.223606797749979,0,120,930005,930095,0.0,0.0
S7,0.223606797749979,0,120,930005,930096,0.0,0.0
S7,0.223606797749979,0,120,930005,930097,0.0,0.0
S7,0.223606797749979,0,120,930005,930098,0.0,0.0
S7,0.223606797749979,0,120,930005,930099,0.0,0.0
S7,0.223606797749979,0,120,930005,930100,0.0,0.0
S7,0.223606797749979,0,120,930006,930007,0.0,0.0
S7,0.223606797749979,0,120,930006,930008,0.0,0.0
S7,0.223606797749979,0,120,930006,930009,0.0,0.0
S7,0.223606797749979,0,120,930006,930010,0.0,0.0
S7,0.223606797749979,0,120,930006,930011,0.0,0.0
S7,0.223606797749979,0,120,930006,930012,0.0,0.0
S7,0.223606797749979,0,120,930006,930013,0.0,0.0
S7,0.223606797749979,0,120,930006,930014,0.0,0.0
S7,0.223606797749979,0,120,930006,930015,0.0,0.0
S7,0.223606797749979,0,120,930006,930016,0.0,0.0
S7,0.223606797749979,0,120,930006,930017,0.0,0.0
S7,0.223606797749979,0,120,930006,930018,0.0,0.0
S7,0.223606797749979,0,120,930006,930019,0.0,0.0
S7,0.223606797749979,0,120,930006,930020,0.0,0.0
S7,0.223606797749979,0,120,930006,930021,0.0,0.0
S7,0.223606797749979,0,120,930006,930022,0.0,0.0
S7,0.223606797749979,0,120,930006,930023,0.0,0.0
S7,0.223606797749979,0,120,930006,930024,0.0,0.0
S7,0.223606797749979,0,120,930006,930025,0.0,0.0
S7,0.223606797749979,0,120,930006,930026,0.0,0.0
S7,0.223606797749979,0,120,930006,930027,0.0,0.0
S7,0.223606797749979,0,120,930006,930028,0.0,0.0
S7,0.223606797749979,0,120,930006,930029,0.0,0.0
S7,0.223606797749979,0,120,930006,930030,0.0,0.0
S7,0.223606797749979,0,120,930006,930031,0.0,0.0
S7,0.223606797749979,0,120,930006,930032,0.0,0.0
S7,0.223606797749979,0,120,930006,930033,0.0,0.0
S7,0.223606797749979,0,120,930006,930034,0.0,0.0
S7,0.223606797749979,0,120,930006,930035,0.0,0.0
S7,0.223606797749979,0,120,930006,930036,0.0,0.0
S7,0.223606797749979,0,120,930006,930037,0.0,0.0
S7,0.223606797749979,0,120,930006,930038,0.0,0.0
S7,0.223606797749979,0,120,930006,930039,0.0,0.0
S7,0.223606797749979,0,120,930006,930040,0.0,0.0
S7,0.223606797749979,0,120,930006,930041,0.0,0.0
S7,0.223606797749979,0,120,930006,930042,0.0,0.0
S7,0.223606797749979,0,120,930006,930043,0.0,0.0
S7,0.223606797749979,0,120,930006,930044,0.0,0.0
S7,0.223606797749979,0,120,930006,930045,0.0,0.0
S7,0.223606797749979,0,120,930006,930046,0.0,0.0
S7,0.223606797749979,0,120,930006,930047,0.0,0.0
S7,0.223606797749979,0,120,930006,930048,0.0,0.0
S7,0.223606797749979,0,120,930006,930049,0.0,0.0
S7,0.223606797749979,0,120,930006,930050,0.0,0.0
S7,0.223606797749979,0,120,930006,930051,0.0,0.0
S7,0.223606797749979,0,120,930006,930052,0.0,0.0
S7,0.223606797749979,0,120,930006,930053,0.0,0.0
S7,0.223606797749979,0,120,930006,930054,0.0,0.0
S7,0.223606797749979,0,120,930006,930055,0.0,0.0
S7,0.223606797749979,0,120,930006,930056,0.0,0.0
S7,0.223606797749979,0,120,930006,930057,0.0,0.0
S7,0.223606797749979,0,120,930006,930058,0.0,0.0
S7,0.223606797749979,0,120,930006,930059,0.0,0.0
S7,0.223606797749979,0,120,930006,930060,0.0,0.0
S7,0.223606797749979,0,120,930006,930061,0.0,0.0
S7,0.223606797749979,0,120,930006,930062,0.0,0.0
S7,0.223606797749979,0,120,930006,930063,0.0,0.0
S7,0.223606797749979,0,120,930006,930064,0.0,0.0
S7,0.223606797749979,0,120,930006,930065,0.0,0.0
S7,0.223606797749979,0,120,930006,930066,0.0,0.0
S7,0.223606797749979,0,120,930006,930067,0.0,0.0
S7,0.223606797749979,0,120,930006,930068,0.0,0.0
S7,0.223606797749979,0,120,930006,930069,0.0,0.0
S7,0.223606797749979,0,120,930006,930070,0.0,0.0
S7,0.223606797749979,0,120,930006,930071,0.0,0.0
S7,0.223606797749979,0,120,930006,930072,0.0,0.0
S7,0.223606797749979,0,120,930006,930073,0.0,0.0
S7,0.223606797749979,0,120,930006,930074,0.0,0.0
S7,0.223606797749979,0,120,930006,930075,0.0,0.0
S7,0.223606797749979,0,120,930006,930076,0.0,0.0
S7,0.223606797749979,0,120,930006,930077,0.0,0.0
S7,0.223606797749979,0,120,930006,930078,0.0,0.0
S7,0.223606797749979,0,120,930006,930079,0.0,0.0
S7,0.223606797749979,0,120,930006,930080,0.0,0.0
S7,0.223606797749979,0,120,930006,930081,0.0,0.0
S7,0.223606797749979,0,120,930006,930082,0.0,0.0
S7,0.223606797749979,0,120,930006,930083,0.0,0.0
S7,0.223606797749979,0,120,930006,930084,0.0,0.0
S7,0.223606797749979,0,120,930006,930085,0.0,0.0
S7,0.223606797749979,0,120,930006,930086,0.0,0.0
S7,0.223606797749979,0,120,930006,930087,0.0,0.0
S7,0.223606797749979,0,120,930006,930088,0.0,0.0
S7,0.223606797749979,0,120,930006,930089,0.0,0.0
S7,0.223606797749979,0,120,930006,930090,0.0,0.0
S7,0.223606797749979,0,120,930006,930091,0.0,0.0
S7,0.223606797749979,0,120,930006,930092,0.0,0.0
S7,0.223606797749979,0,120,930006,930093,0.0,0.0
S7,0.223606797749979,0,120,930006,930094,0.0,0.0
S7,0.223606797749979,0,120,930006,930095,0.0,0.0
S7,0.223606797749979,0,120,930006,930096,0.0,0.0
S7,0.223606797749979,0,120,930006,930097,0.0,0.0
S7,0.223606797749979,0,120,930006,930098,0.0,0.0
S7,0.223606797749979,0,120,930006,930099,0.0,0.0
S7,0.223606797749979,0,120,930006,930100,0.0,0.0
S7,0.223606797749979,0,120,930007,930008,0.0,0.0
S7,0.223606797749979,0,120,930007,930009,0.0,0.0
S7,0.223606797749979,0,120,930007,930010,0.0,0.0
S7,0.223606797749979,0,120,930007,930011,0.0,0.0
S7,0.223606797749979,0,120,930007,930012,0.0,0.0
S7,0.223606797749979,0,120,930007,930013,0.0,0.0
S7,0.223606797749979,0,120,930007,930014,0.0,0.0
S7,0.223606797749979,0,120,930007,930015,0.0,0.0
S7,0.223606797749979,0,120,930007,930016,0.0,0.0
S7,0.223606797749979,0,120,930007,930017,0.0,0.0
S7,0.223606797749979,0,120,930007,930018,0.0,0.0
S7,0.223606797749979,0,120,930007,930019,0.0,0.0
S7,0.223606797749979,0,120,930007,930020,0.0,0.0
S7,0.223606797749979,0,120,930007,930021,0.0,0.0
S7,0.223606797749979,0,120,930007,930022,0.0,0.0
S7,0.223606797749979,0,120,930007,930023,0.0,0.0
S7,0.223606797749979,0,120,930007,930024,0.0,0.0
S7,0.223606797749979,0,120,930007,930025,0.0,0.0
S7,0.223606797749979,0,120,930007,930026,0.0,0.0
S7,0.223606797749979,0,120,930007,930027,0.0,0.0
S7,0.223606797749979,0,120,930007,930028,0.0,0.0
S7,0.223606797749979,0,120,930007,930029,0.0,0.0
S7,0.223606797749979,0,120,930007,930030,0.0,0.0
S7,0.223606797749979,0,120,930007,930031,0.0,0.0
S7,0.223606797749979,0,120,930007,930032,0.0,0.0
S7,0.223606797749979,0,120,930007,930033,0.0,0.0
S7,0.223606797749979,0,120,930007,930034,0.0,0.0
S7,0.223606797749979,0,120,930007,930035,0.0,0.0
S7,0.223606797749979,0,120,930007,930036,0.0,0.0
S7,0.223606797749979,0,120,930007,930037,0.0,0.0
S7,0.223606797749979,0,120,930007,930038,0.0,0.0
S7,0.223606797749979,0,120,930007,930039,0.0,0.0
S7,0.223606797749979,0,120,930007,930040,0.0,0.0
S7,0.223606797749979,0,120,930007,930041,0.0,0.0
S7,0.223606797749979,0,120,930007,930042,0.0,0.0
S7,0.223606797749979,0,120,930007,930043,0.0,0.0
S7,0.223606797749979,0,120,930007,930044,0.0,0.0
S7,0.223606797749979,0,120,930007,930045,0.0,0.0
S7,0.223606797749979,0,120,930007,930046,0.0,0.0
S7,0.223606797749979,0,120,930007,930047,0.0,0.0
S7,0.223606797749979,0,120,930007,930048,0.0,0.0
S7,0.223606797749979,0,120,930007,930049,0.0,0.0
S7,0.223606797749979,0,120,930007,930050,0.0,0.0
S7,0.223606797749979,0,120,930007,930051,0.0,0.0
S7,0.223606797749979,0,120,930007,930052,0.0,0.0
S7,0.223606797749979,0,120,930007,930053,0.0,0.0
S7,0.223606797749979,0,120,930007,930054,0.0,0.0
S7,0.223606797749979,0,120,930007,930055,0.0,0.0
S7,0.223606797749979,0,120,930007,930056,0.0,0.0
S7,0.223606797749979,0,120,930007,930057,0.0,0.0
S7,0.223606797749979,0,120,930007,930058,0.0,0.0
S7,0.223606797749979,0,120,930007,930059,0.0,0.0
S7,0.223606797749979,0,120,930007,930060,0.0,0.0
S7,0.223606797749979,0,120,930007,930061,0.0,0.0
S7,0.223606797749979,0,120,930007,930062,0.0,0.0
S7,0.223606797749979,0,120,930007,930063,0.0,0.0
S7,0.223606797749979,0,120,930007,930064,0.0,0.0
S7,0.223606797749979,0,120,930007,930065,0.0,0.0
S7,0.223606797749979,0,120,930007,930066,0.0,0.0
S7,0.223606797749979,0,120,930007,930067,0.0,0.0
S7,0.223606797749979,0,120,930007,930068,0.0,0.0
S7,0.223606797749979,0,120,930007,930069,0.0,0.0
S7,0.223606797749979,0,120,930007,930070,0.0,0.0
S7,0.223606797749979,0,120,930007,930071,0.0,0.0
S7,0.223606797749979,0,120,930007,930072,0.0,0.0
S7,0.223606797749979,0,120,930007,930073,0.0,0.0
S7,0.223606797749979,0,120,930007,930074,0.0,0.0
S7,0.223606797749979,0,120,930007,930075,0.0,0.0
S7,0.223606797749979,0,120,930007,930076,0.0,0.0
S7,0.223606797749979,0,120,930007,930077,0.0,0.0
S7,0.223606797749979,0,120,930007,930078,0.0,0.0
S7,0.223606797749979,0,120,930007,930079,0.0,0.0
S7,0.223606797749979,0,120,930007,930080,0.0,0.0
S7,0.223606797749979,0,120,930007,930081,0.0,0.0
S7,0.223606797749979,0,120,930007,930082,0.0,0.0
S7,0.223606797749979,0,120,930007,930083,0.0,0.0
S7,0.223606797749979,0,120,930007,930084,0.0,0.0
S7,0.223606797749979,0,120,930007,930085,0.0,0.0
S7,0.223606797749979,0,120,930007,930086,0.0,0.0
S7,0.223606797749979,0,120,930007,930087,0.0,0.0
S7,0.223606797749979,0,120,930007,930088,0.0,0.0
S7,0.223606797749979,0,120,930007,930089,0.0,0.0
S7,0.223606797749979,0,120,930007,930090,0.0,0.0
S7,0.223606797749979,0,120,930007,930091,0.0,0.0
S7,0.223606797749979,0,120,930007,930092,0.0,0.0
S7,0.223606797749979,0,120,930007,930093,0.0,0.0
S7,0.223606797749979,0,120,930007,930094,0.0,0.0
S7,0.223606797749979,0,120,930007,930095,0.0,0.0
S7,0.223606797749979,0,120,930007,930096,0.0,0.0
S7,0.223606797749979,0,120,930007,930097,0.0,0.0
S7,0.223606797749979,0,120,930007,930098,0.0,0.0
S7,0.223606797749979,0,120,930007,930099,0.0,0.0
S7,0.223606797749979,0,120,930007,930100,0.0,0.0
S7,0.223606797749979,0,120,930008,930009,0.0,0.0
S7,0.223606797749979,0,120,930008,930010,0.0,0.0
S7,0.223606797749979,0,120,930008,930011,0.0,0.0
S7,0.223606797749979,0,120,930008,930012,0.0,0.0
S7,0.223606797749979,0,120,930008,930013,0.0,0.0
S7,0.223606797749979,0,120,930008,930014,0.0,0.0
S7,0.223606797749979,0,120,930008,930015,0.0,0.0
S7,0.223606797749979,0,120,930008,930016,0.0,0.0
S7,0.223606797749979,0,120,930008,930017,0.0,0.0
S7,0.223606797749979,0,120,930008,930018,0.0,0.0
S7,0.223606797749979,0,120,930008,930019,0.0,0.0
S7,0.223606797749979,0,120,930008,930020,0.0,0.0
S7,0.223606797749979,0,120,930008,930021,0.0,0.0
S7,0.223606797749979,0,120,930008,930022,0.0,0.0
S7,0.223606797749979,0,120,930008,930023,0.0,0.0
S7,0.223606797749979,0,120,930008,930024,0.0,0.0
S7,0.223606797749979,0,120,930008,930025,0.0,0.0
S7,0.223606797749979,0,120,930008,930026,0.0,0.0
S7,0.223606797749979,0,120,930008,930027,0.0,0.0
S7,0.223606797749979,0,120,930008,930028,0.0,0.0
S7,0.223606797749979,0,120,930008,930029,0.0,0.0
S7,0.223606797749979,0,120,930008,930030,0.0,0.0
S7,0.223606797749979,0,120,930008,930031,0.0,0.0
S7,0.223606797749979,0,120,930008,930032,0.0,0.0
S7,0.223606797749979,0,120,930008,930033,0.0,0.0
S7,0.223606797749979,0,120,930008,930034,0.0,0.0
S7,0.223606797749979,0,120,930008,930035,0.0,0.0
S7,0.223606797749979,0,120,930008,930036,0.0,0.0
S7,0.223606797749979,0,120,930008,930037,0.0,0.0
S7,0.223606797749979,0,120,930008,930038,0.0,0.0
S7,0.223606797749979,0,120,930008,930039,0.0,0.0
S7,0.223606797749979,0,120,930008,930040,0.0,0.0
S7,0.223606797749979,0,120,930008,930041,0.0,0.0
S7,0.223606797749979,0,120,930008,930042,0.0,0.0
S7,0.223606797749979,0,120,930008,930043,0.0,0.0
S7,0.223606797749979,0,120,930008,930044,0.0,0.0
S7,0.223606797749979,0,120,930008,930045,0.0,0.0
S7,0.223606797749979,0,120,930008,930046,0.0,0.0
S7,0.223606797749979,0,120,930008,930047,0.0,0.0
S7,0.223606797749979,0,120,930008,930048,0.0,0.0
S7,0.223606797749979,0,120,930008,930049,0.0,0.0
S7,0.223606797749979,0,120,930008,930050,0.0,0.0
S7,0.223606797749979,0,120,930008,930051,0.0,0.0
S7,0.223606797749979,0,120,930008,930052,0.0,0.0
S7,0.223606797749979,0,120,930008,930053,0.0,0.0
S7,0.223606797749979,0,120,930008,930054,0.0,0.0
S7,0.223606797749979,0,120,930008,930055,0.0,0.0
S7,0.223606797749979,0,120,930008,930056,0.0,0.0
S7,0.223606797749979,0,120,930008,930057,0.0,0.0
S7,0.223606797749979,0,120,930008,930058,0.0,0.0
S7,0.223606797749979,0,120,930008,930059,0.0,0.0
S7,0.223606797749979,0,120,930008,930060,0.0,0.0
S7,0.223606797749979,0,120,930008,930061,0.0,0.0
S7,0.223606797749979,0,120,930008,930062,0.0,0.0
S7,0.223606797749979,0,120,930008,930063,0.0,0.0
S7,0.223606797749979,0,120,930008,930064,0.0,0.0
S7,0.223606797749979,0,120,930008,930065,0.0,0.0
S7,0.223606797749979,0,120,930008,930066,0.0,0.0
S7,0.223606797749979,0,120,930008,930067,0.0,0.0
S7,0.223606797749979,0,120,930008,930068,0.0,0.0
S7,0.223606797749979,0,120,930008,930069,0.0,0.0
S7,0.223606797749979,0,120,930008,930070,0.0,0.0
S7,0.223606797749979,0,120,930008,930071,0.0,0.0
S7,0.223606797749979,0,120,930008,930072,0.0,0.0
S7,0.223606797749979,0,120,930008,930073,0.0,0.0
S7,0.223606797749979,0,120,930008,930074,0.0,0.0
S7,0.223606797749979,0,120,930008,930075,0.0,0.0
S7,0.223606797749979,0,120,930008,930076,0.0,0.0
S7,0.223606797749979,0,120,930008,930077,0.0,0.0
S7,0.223606797749979,0,120,930008,930078,0.0,0.0
S7,0.223606797749979,0,120,930008,930079,0.0,0.0
S7,0.223606797749979,0,120,930008,930080,0.0,0.0
S7,0.223606797749979,0,120,930008,930081,0.0,0.0
S7,0.223606797749979,0,120,930008,930082,0.0,0.0
S7,0.223606797749979,0,120,930008,930083,0.0,0.0
S7,0.223606797749979,0,120,930008,930084,0.0,0.0
S7,0.223606797749979,0,120,930008,930085,0.0,0.0
S7,0.223606797749979,0,120,930008,930086,0.0,0.0
S7,0.223606797749979,0,120,930008,930087,0.0,0.0
S7,0.223606797749979,0,120,930008,930088,0.0,0.0
S7,0.223606797749979,0,120,930008,930089,0.0,0.0
S7,0.223606797749979,0,120,930008,930090,0.0,0.0
S7,0.223606797749979,0,120,930008,930091,0.0,0.0
S7,0.223606797749979,0,120,930008,930092,0.0,0.0
S7,0.223606797749979,0,120,930008,930093,0.0,0.0
S7,0.223606797749979,0,120,930008,930094,0.0,0.0
S7,0.223606797749979,0,120,930008,930095,0.0,0.0
S7,0.223606797749979,0,120,930008,930096,0.0,0.0
S7,0.223606797749979,0,120,930008,930097,0.0,0.0
S7,0.223606797749979,0,120,930008,930098,0.0,0.0
S7,0.223606797749979,0,120,930008,930099,0.0,0.0
S7,0.223606797749979,0,120,930008,930100,0.0,0.0
S7,0.223606797749979,0,120,930009,930010,0.0,0.0
S7,0.223606797749979,0,120,930009,930011,0.0,0.0
S7,0.223606797749979,0,120,930009,930012,0.0,0.0
S7,0.223606797749979,0,120,930009,930013,0.0,0.0
S7,0.223606797749979,0,120,930009,930014,0.0,0.0
S7,0.223606797749979,0,120,930009,930015,0.0,0.0
S7,0.223606797749979,0,120,930009,930016,0.0,0.0
S7,0.223606797749979,0,120,930009,930017,0.0,0.0
S7,0.223606797749979,0,120,930009,930018,0.0,0.0
S7,0.223606797749979,0,120,930009,930019,0.0,0.0
S7,0.223606797749979,0,120,930009,930020,0.0,0.0
S7,0.223606797749979,0,120,930009,930021,0.0,0.0
S7,0.223606797749979,0,120,930009,930022,0.0,0.0
S7,0.223606797749979,0,120,930009,930023,0.0,0.0
S7,0.223606797749979,0,120,930009,930024,0.0,0.0
S7,0.223606797749979,0,120,930009,930025,0.0,0.0
S7,0.223606797749979,0,120,930009,930026,0.0,0.0
S7,0.223606797749979,0,120,930009,930027,0.0,0.0
S7,0.223606797749979,0,120,930009,930028,0.0,0.0
S7,0.223606797749979,0,120,930009,930029,0.0,0.0
S7,0.223606797749979,0,120,930009,930030,0.0,0.0
S7,0.223606797749979,0,120,930009,930031,0.0,0.0
S7,0.223606797749979,0,120,930009,930032,0.0,0.0
S7,0.223606797749979,0,120,930009,930033,0.0,0.0
S7,0.223606797749979,0,120,930009,930034,0.0,0.0
S7,0.223606797749979,0,120,930009,930035,0.0,0.0
S7,0.223606797749979,0,120,930009,930036,0.0,0.0
S7,0.223606797749979,0,120,930009,930037,0.0,0.0
S7,0.223606797749979,0,120,930009,930038,0.0,0.0
S7,0.223606797749979,0,120,930009,930039,0.0,0.0
S7,0.223606797749979,0,120,930009,930040,0.0,0.0
S7,0.223606797749979,0,120,930009,930041,0.0,0.0
S7,0.223606797749979,0,120,930009,930042,0.0,0.0
S7,0.223606797749979,0,120,930009,930043,0.0,0.0
S7,0.223606797749979,0,120,930009,930044,0.0,0.0
S7,0.223606797749979,0,120,930009,930045,0.0,0.0
S7,0.223606797749979,0,120,930009,930046,0.0,0.0
S7,0.223606797749979,0,120,930009,930047,0.0,0.0
S7,0.223606797749979,0,120,930009,930048,0.0,0.0
S7,0.223606797749979,0,120,930009,930049,0.0,0.0
S7,0.223606797749979,0,120,930009,930050,0.0,0.0
S7,0.223606797749979,0,120,930009,930051,0.0,0.0
S7,0.223606797749979,0,120,930009,930052,0.0,0.0
S7,0.223606797749979,0,120,930009,930053,0.0,0.0
S7,0.223606797749979,0,120,930009,930054,0.0,0.0
S7,0.223606797749979,0,120,930009,930055,0.0,0.0
S7,0.223606797749979,0,120,930009,930056,0.0,0.0
S7,0.223606797749979,0,120,930009,930057,0.0,0.0
S7,0.223606797749979,0,120,930009,930058,0.0,0.0
S7,0.223606797749979,0,120,930009,930059,0.0,0.0
S7,0.223606797749979,0,120,930009,930060,0.0,0.0
S7,0.223606797749979,0,120,930009,930061,0.0,0.0
S7,0.223606797749979,0,120,930009,930062,0.0,0.0
S7,0.223606797749979,0,120,930009,930063,0.0,0.0
S7,0.223606797749979,0,120,930009,930064,0.0,0.0
S7,0.223606797749979,0,120,930009,930065,0.0,0.0
S7,0.223606797749979,0,120,930009,930066,0.0,0.0
S7,0.223606797749979,0,120,930009,930067,0.0,0.0
S7,0.223606797749979,0,120,930009,930068,0.0,0.0
S7,0.223606797749979,0,120,930009,930069,0.0,0.0
S7,0.223606797749979,0,120,930009,930070,0.0,0.0
S7,0.223606797749979,0,120,930009,930071,0.0,0.0
S7,0.223606797749979,0,120,930009,930072,0.0,0.0
S7,0.223606797749979,0,120,930009,930073,0.0,0.0
S7,0.223606797749979,0,120,930009,930074,0.0,0.0
S7,0.223606797749979,0,120,930009,930075,0.0,0.0
S7,0.223606797749979,0,120,930009,930076,0.0,0.0
S7,0.223606797749979,0,120,930009,930077,0.0,0.0
S7,0.223606797749979,0,120,930009,930078,0.0,0.0
S7,0.223606797749979,0,120,930009,930079,0.0,0.0
S7,0.223606797749979,0,120,930009,930080,0.0,0.0
S7,0.223606797749979,0,120,930009,930081,0.0,0.0
S7,0.223606797749979,0,120,930009,930082,0.0,0.0
S7,0.223606797749979,0,120,930009,930083,0.0,0.0
S7,0.223606797749979,0,120,930009,930084,0.0,0.0
S7,0.223606797749979,0,120,930009,930085,0.0,0.0
S7,0.223606797749979,0,120,930009,930086,0.0,0.0
S7,0.223606797749979,0,120,930009,930087,0.0,0.0
S7,0.223606797749979,0,120,930009,930088,0.0,0.0
S7,0.223606797749979,0,120,930009,930089,0.0,0.0
S7,0.223606797749979,0,120,930009,930090,0.0,0.0
S7,0.223606797749979,0,120,930009,930091,0.0,0.0
S7,0.223606797749979,0,120,930009,930092,0.0,0.0
S7,0.223606797749979,0,120,930009,930093,0.0,0.0
S7,0.223606797749979,0,120,930009,930094,0.0,0.0
S7,0.223606797749979,0,120,930009,930095,0.0,0.0
S7,0.223606797749979,0,120,930009,930096,0.0,0.0
S7,0.223606797749979,0,120,930009,930097,0.0,0.0
S7,0.223606797749979,0,120,930009,930098,0.0,0.0
S7,0.223606797749979,0,120,930009,930099,0.0,0.0
S7,0.223606797749979,0,120,930009,930100,0.0,0.0
S7,0.223606797749979,0,120,930010,930011,0.0,0.0
S7,0.223606797749979,0,120,930010,930012,0.0,0.0
S7,0.223606797749979,0,120,930010,930013,0.0,0.0
S7,0.223606797749979,0,120,930010,930014,0.0,0.0
S7,0.223606797749979,0,120,930010,930015,0.0,0.0
S7,0.223606797749979,0,120,930010,930016,0.0,0.0
S7,0.223606797749979,0,120,930010,930017,0.0,0.0
S7,0.223606797749979,0,120,930010,930018,0.0,0.0
S7,0.223606797749979,0,120,930010,930019,0.0,0.0
S7,0.223606797749979,0,120,930010,930020,0.0,0.0
S7,0.223606797749979,0,120,930010,930021,0.0,0.0
S7,0.223606797749979,0,120,930010,930022,0.0,0.0
S7,0.223606797749979,0,120,930010,930023,0.0,0.0
S7,0.223606797749979,0,120,930010,930024,0.0,0.0
S7,0.223606797749979,0,120,930010,930025,0.0,0.0
S7,0.223606797749979,0,120,930010,930026,0.0,0.0
S7,0.223606797749979,0,120,930010,930027,0.0,0.0
S7,0.223606797749979,0,120,930010,930028,0.0,0.0
S7,0.223606797749979,0,120,930010,930029,0.0,0.0
S7,0.223606797749979,0,120,930010,930030,0.0,0.0
S7,0.223606797749979,0,120,930010,930031,0.0,0.0
S7,0.223606797749979,0,120,930010,930032,0.0,0.0
S7,0.223606797749979,0,120,930010,930033,0.0,0.0
S7,0.223606797749979,0,120,930010,930034,0.0,0.0
S7,0.223606797749979,0,120,930010,930035,0.0,0.0
S7,0.223606797749979,0,120,930010,930036,0.0,0.0
S7,0.223606797749979,0,120,930010,930037,0.0,0.0
S7,0.223606797749979,0,120,930010,930038,0.0,0.0
S7,0.223606797749979,0,120,930010,930039,0.0,0.0
S7,0.223606797749979,0,120,930010,930040,0.0,0.0
S7,0.223606797749979,0,120,930010,930041,0.0,0.0
S7,0.223606797749979,0,120,930010,930042,0.0,0.0
S7,0.223606797749979,0,120,930010,930043,0.0,0.0
S7,0.223606797749979,0,120,930010,930044,0.0,0.0
S7,0.223606797749979,0,120,930010,930045,0.0,0.0
S7,0.223606797749979,0,120,930010,930046,0.0,0.0
S7,0.223606797749979,0,120,930010,930047,0.0,0.0
S7,0.223606797749979,0,120,930010,930048,0.0,0.0
S7,0.223606797749979,0,120,930010,930049,0.0,0.0
S7,0.223606797749979,0,120,930010,930050,0.0,0.0
S7,0.223606797749979,0,120,930010,930051,0.0,0.0
S7,0.223606797749979,0,120,930010,930052,0.0,0.0
S7,0.223606797749979,0,120,930010,930053,0.0,0.0
S7,0.223606797749979,0,120,930010,930054,0.0,0.0
S7,0.223606797749979,0,120,930010,930055,0.0,0.0
S7,0.223606797749979,0,120,930010,930056,0.0,0.0
S7,0.223606797749979,0,120,930010,930057,0.0,0.0
S7,0.223606797749979,0,120,930010,930058,0.0,0.0
S7,0.223606797749979,0,120,930010,930059,0.0,0.0
S7,0.223606797749979,0,120,930010,930060,0.0,0.0
S7,0.223606797749979,0,120,930010,930061,0.0,0.0
S7,0.223606797749979,0,120,930010,930062,0.0,0.0
S7,0.223606797749979,0,120,930010,930063,0.0,0.0
S7,0.223606797749979,0,120,930010,930064,0.0,0.0
S7,0.223606797749979,0,120,930010,930065,0.0,0.0
S7,0.223606797749979,0,120,930010,930066,0.0,0.0
S7,0.223606797749979,0,120,930010,930067,0.0,0.0
S7,0.223606797749979,0,120,930010,930068,0.0,0.0
S7,0.223606797749979,0,120,930010,930069,0.0,0.0
S7,0.223606797749979,0,120,930010,930070,0.0,0.0
S7,0.223606797749979,0,120,930010,930071,0.0,0.0
S7,0.223606797749979,0,120,930010,930072,0.0,0.0
S7,0.223606797749979,0,120,930010,930073,0.0,0.0
S7,0.223606797749979,0,120,930010,930074,0.0,0.0
S7,0.223606797749979,0,120,930010,930075,0.0,0.0
S7,0.223606797749979,0,120,930010,930076,0.0,0.0
S7,0.223606797749979,0,120,930010,930077,0.0,0.0
S7,0.223606797749979,0,120,930010,930078,0.0,0.0
S7,0.223606797749979,0,120,930010,930079,0.0,0.0
S7,0.223606797749979,0,120,930010,930080,0.0,0.0
S7,0.223606797749979,0,120,930010,930081,0.0,0.0
S7,0.223606797749979,0,120,930010,930082,0.0,0.0
S7,0.223606797749979,0,120,930010,930083,0.0,0.0
S7,0.223606797749979,0,120,930010,930084,0.0,0.0
S7,0.223606797749979,0,120,930010,930085,0.0,0.0
S7,0.223606797749979,0,120,930010,930086,0.0,0.0
S7,0.223606797749979,0,120,930010,930087,0.0,0.0
S7,0.223606797749979,0,120,930010,930088,0.0,0.0
S7,0.223606797749979,0,120,930010,930089,0.0,0.0
S7,0.223606797749979,0,120,930010,930090,0.0,0.0
S7,0.223606797749979,0,120,930010,930091,0.0,0.0
S7,0.223606797749979,0,120,930010,930092,0.0,0.0
S7,0.223606797749979,0,120,930010,930093,0.0,0.0
S7,0.223606797749979,0,120,930010,930094,0.0,0.0
S7,0.223606797749979,0,120,930010,930095,0.0,0.0
S7,0.223606797749979,0,120,930010,930096,0.0,0.0
S7,0.223606797749979,0,120,930010,930097,0.0,0.0
S7,0.223606797749979,0,120,930010,930098,0.0,0.0
S7,0.223606797749979,0,120,930010,930099,0.0,0.0
S7,0.223606797749979,0,120,930010,930100,0.0,0.0
S7,0.223606797749979,0,120,930011,930012,0.0,0.0
S7,0.223606797749979,0,120,930011,930013,0.0,0.0
S7,0.223606797749979,0,120,930011,930014,0.0,0.0
S7,0.223606797749979,0,120,930011,930015,0.0,0.0
S7,0.223606797749979,0,120,930011,930016,0.0,0.0
S7,0.223606797749979,0,120,930011,930017,0.0,0.0
S7,0.223606797749979,0,120,930011,930018,0.0,0.0
S7,0.223606797749979,0,120,930011,930019,0.0,0.0
S7,0.223606797749979,0,120,930011,930020,0.0,0.0
S7,0.223606797749979,0,120,930011,930021,0.0,0.0
S7,0.223606797749979,0,120,930011,930022,0.0,0.0
S7,0.223606797749979,0,120,930011,930023,0.0,0.0
S7,0.223606797749979,0,120,930011,930024,0.0,0.0
S7,0.223606797749979,0,120,930011,930025,0.0,0.0
S7,0.223606797749979,0,120,930011,930026,0.0,0.0
S7,0.223606797749979,0,120,930011,930027,0.0,0.0
S7,0.223606797749979,0,120,930011,930028,0.0,0.0
S7,0.223606797749979,0,120,930011,930029,0.0,0.0
S7,0.223606797749979,0,120,930011,930030,0.0,0.0
S7,0.223606797749979,0,120,930011,930031,0.0,0.0
S7,0.223606797749979,0,120,930011,930032,0.0,0.0
S7,0.223606797749979,0,120,930011,930033,0.0,0.0
S7,0.223606797749979,0,120,930011,930034,0.0,0.0
S7,0.223606797749979,0,120,930011,930035,0.0,0.0
S7,0.223606797749979,0,120,930011,930036,0.0,0.0
S7,0.223606797749979,0,120,930011,930037,0.0,0.0
S7,0.223606797749979,0,120,930011,930038,0.0,0.0
S7,0.223606797749979,0,120,930011,930039,0.0,0.0
S7,0.223606797749979,0,120,930011,930040,0.0,0.0
S7,0.223606797749979,0,120,930011,930041,0.0,0.0
S7,0.223606797749979,0,120,930011,930042,0.0,0.0
S7,0.223606797749979,0,120,930011,930043,0.0,0.0
S7,0.223606797749979,0,120,930011,930044,0.0,0.0
S7,0.223606797749979,0,120,930011,930045,0.0,0.0
S7,0.223606797749979,0,120,930011,930046,0.0,0.0
S7,0.223606797749979,0,120,930011,930047,0.0,0.0
S7,0.223606797749979,0,120,930011,930048,0.0,0.0
S7,0.223606797749979,0,120,930011,930049,0.0,0.0
S7,0.223606797749979,0,120,930011,930050,0.0,0.0
S7,0.223606797749979,0,120,930011,930051,0.0,0.0
S7,0.223606797749979,0,120,930011,930052,0.0,0.0
S7,0.223606797749979,0,120,930011,930053,0.0,0.0
S7,0.223606797749979,0,120,930011,930054,0.0,0.0
S7,0.223606797749979,0,120,930011,930055,0.0,0.0
S7,0.223606797749979,0,120,930011,930056,0.0,0.0
S7,0.223606797749979,0,120,930011,930057,0.0,0.0
S7,0.223606797749979,0,120,930011,930058,0.0,0.0
S7,0.223606797749979,0,120,930011,930059,0.0,0.0
S7,0.223606797749979,0,120,930011,930060,0.0,0.0
S7,0.223606797749979,0,120,930011,930061,0.0,0.0
S7,0.223606797749979,0,120,930011,930062,0.0,0.0
S7,0.223606797749979,0,120,930011,930063,0.0,0.0
S7,0.223606797749979,0,120,930011,930064,0.0,0.0
S7,0.223606797749979,0,120,930011,930065,0.0,0.0
S7,0.223606797749979,0,120,930011,930066,0.0,0.0
S7,0.223606797749979,0,120,930011,930067,0.0,0.0
S7,0.223606797749979,0,120,930011,930068,0.0,0.0
S7,0.223606797749979,0,120,930011,930069,0.0,0.0
S7,0.223606797749979,0,120,930011,930070,0.0,0.0
S7,0.223606797749979,0,120,930011,930071,0.0,0.0
S7,0.223606797749979,0,120,930011,930072,0.0,0.0
S7,0.223606797749979,0,120,930011,930073,0.0,0.0
S7,0.223606797749979,0,120,930011,930074,0.0,0.0
S7,0.223606797749979,0,120,930011,930075,0.0,0.0
S7,0.223606797749979,0,120,930011,930076,0.0,0.0
S7,0.223606797749979,0,120,930011,930077,0.0,0.0
S7,0.223606797749979,0,120,930011,930078,0.0,0.0
S7,0.223606797749979,0,120,930011,930079,0.0,0.0
S7,0.223606797749979,0,120,930011,930080,0.0,0.0
S7,0.223606797749979,0,120,930011,930081,0.0,0.0
S7,0.223606797749979,0,120,930011,930082,0.0,0.0
S7,0.223606797749979,0,120,930011,930083,0.0,0.0
S7,0.223606797749979,0,120,930011,930084,0.0,0.0
S7,0.223606797749979,0,120,930011,930085,0.0,0.0
S7,0.223606797749979,0,120,930011,930086,0.0,0.0
S7,0.223606797749979,0,120,930011,930087,0.0,0.0
S7,0.223606797749979,0,120,930011,930088,0.0,0.0
S7,0.223606797749979,0,120,930011,930089,0.0,0.0
S7,0.223606797749979,0,120,930011,930090,0.0,0.0
S7,0.223606797749979,0,120,930011,930091,0.0,0.0
S7,0.223606797749979,0,120,930011,930092,0.0,0.0
S7,0.223606797749979,0,120,930011,930093,0.0,0.0
S7,0.223606797749979,0,120,930011,930094,0.0,0.0
S7,0.223606797749979,0,120,930011,930095,0.0,0.0
S7,0.223606797749979,0,120,930011,930096,0.0,0.0
S7,0.223606797749979,0,120,930011,930097,0.0,0.0
S7,0.223606797749979,0,120,930011,930098,0.0,0.0
S7,0.223606797749979,0,120,930011,930099,0.0,0.0
S7,0.223606797749979,0,120,930011,930100,0.0,0.0
S7,0.223606797749979,0,120,930012,930013,0.0,0.0
S7,0.223606797749979,0,120,930012,930014,0.0,0.0
S7,0.223606797749979,0,120,930012,930015,0.0,0.0
S7,0.223606797749979,0,120,930012,930016,0.0,0.0
S7,0.223606797749979,0,120,930012,930017,0.0,0.0
S7,0.223606797749979,0,120,930012,930018,0.0,0.0
S7,0.223606797749979,0,120,930012,930019,0.0,0.0
S7,0.223606797749979,0,120,930012,930020,0.0,0.0
S7,0.223606797749979,0,120,930012,930021,0.0,0.0
S7,0.223606797749979,0,120,930012,930022,0.0,0.0
S7,0.223606797749979,0,120,930012,930023,0.0,0.0
S7,0.223606797749979,0,120,930012,930024,0.0,0.0
S7,0.223606797749979,0,120,930012,930025,0.0,0.0
S7,0.223606797749979,0,120,930012,930026,0.0,0.0
S7,0.223606797749979,0,120,930012,930027,0.0,0.0
S7,0.223606797749979,0,120,930012,930028,0.0,0.0
S7,0.223606797749979,0,120,930012,930029,0.0,0.0
S7,0.223606797749979,0,120,930012,930030,0.0,0.0
S7,0.223606797749979,0,120,930012,930031,0.0,0.0
S7,0.223606797749979,0,120,930012,930032,0.0,0.0
S7,0.223606797749979,0,120,930012,930033,0.0,0.0
S7,0.223606797749979,0,120,930012,930034,0.0,0.0
S7,0.223606797749979,0,120,930012,930035,0.0,0.0
S7,0.223606797749979,0,120,930012,930036,0.0,0.0
S7,0.223606797749979,0,120,930012,930037,0.0,0.0
S7,0.223606797749979,0,120,930012,930038,0.0,0.0
S7,0.223606797749979,0,120,930012,930039,0.0,0.0
S7,0.223606797749979,0,120,930012,930040,0.0,0.0
S7,0.223606797749979,0,120,930012,930041,0.0,0.0
S7,0.223606797749979,0,120,930012,930042,0.0,0.0
S7,0.223606797749979,0,120,930012,930043,0.0,0.0
S7,0.223606797749979,0,120,930012,930044,0.0,0.0
S7,0.223606797749979,0,120,930012,930045,0.0,0.0
S7,0.223606797749979,0,120,930012,930046,0.0,0.0
S7,0.223606797749979,0,120,930012,930047,0.0,0.0
S7,0.223606797749979,0,120,930012,930048,0.0,0.0
S7,0.223606797749979,0,120,930012,930049,0.0,0.0
S7,0.223606797749979,0,120,930012,930050,0.0,0.0
S7,0.223606797749979,0,120,930012,930051,0.0,0.0
S7,0.223606797749979,0,120,930012,930052,0.0,0.0
S7,0.223606797749979,0,120,930012,930053,0.0,0.0
S7,0.223606797749979,0,120,930012,930054,0.0,0.0
S7,0.223606797749979,0,120,930012,930055,0.0,0.0
S7,0.223606797749979,0,120,930012,930056,0.0,0.0
S7,0.223606797749979,0,120,930012,930057,0.0,0.0
S7,0.223606797749979,0,120,930012,930058,0.0,0.0
S7,0.223606797749979,0,120,930012,930059,0.0,0.0
S7,0.223606797749979,0,120,930012,930060,0.0,0.0
S7,0.223606797749979,0,120,930012,930061,0.0,0.0
S7,0.223606797749979,0,120,930012,930062,0.0,0.0
S7,0.223606797749979,0,120,930012,930063,0.0,0.0
S7,0.223606797749979,0,120,930012,930064,0.0,0.0
S7,0.223606797749979,0,120,930012,930065,0.0,0.0
S7,0.223606797749979,0,120,930012,930066,0.0,0.0
S7,0.223606797749979,0,120,930012,930067,0.0,0.0
S7,0.223606797749979,0,120,930012,930068,0.0,0.0
S7,0.223606797749979,0,120,930012,930069,0.0,0.0
S7,0.223606797749979,0,120,930012,930070,0.0,0.0
S7,0.223606797749979,0,120,930012,930071,0.0,0.0
S7,0.223606797749979,0,120,930012,930072,0.0,0.0
S7,0.223606797749979,0,120,930012,930073,0.0,0.0
S7,0.223606797749979,0,120,930012,930074,0.0,0.0
S7,0.223606797749979,0,120,930012,930075,0.0,0.0
S7,0.223606797749979,0,120,930012,930076,0.0,0.0
S7,0.223606797749979,0,120,930012,930077,0.0,0.0
S7,0.223606797749979,0,120,930012,930078,0.0,0.0
S7,0.223606797749979,0,120,930012,930079,0.0,0.0
S7,0.223606797749979,0,120,930012,930080,0.0,0.0
S7,0.223606797749979,0,120,930012,930081,0.0,0.0
S7,0.223606797749979,0,120,930012,930082,0.0,0.0
S7,0.223606797749979,0,120,930012,930083,0.0,0.0
S7,0.223606797749979,0,120,930012,930084,0.0,0.0
S7,0.223606797749979,0,120,930012,930085,0.0,0.0
S7,0.223606797749979,0,120,930012,930086,0.0,0.0
S7,0.223606797749979,0,120,930012,930087,0.0,0.0
S7,0.223606797749979,0,120,930012,930088,0.0,0.0
S7,0.223606797749979,0,120,930012,930089,0.0,0.0
S7,0.223606797749979,0,120,930012,930090,0.0,0.0
S7,0.223606797749979,0,120,930012,930091,0.0,0.0
S7,0.223606797749979,0,120,930012,930092,0.0,0.0
S7,0.223606797749979,0,120,930012,930093,0.0,0.0
S7,0.223606797749979,0,120,930012,930094,0.0,0.0
S7,0.223606797749979,0,120,930012,930095,0.0,0.0
S7,0.223606797749979,0,120,930012,930096,0.0,0.0
S7,0.223606797749979,0,120,930012,930097,0.0,0.0
S7,0.223606797749979,0,120,930012,930098,0.0,0.0
S7,0.223606797749979,0,120,930012,930099,0.0,0.0
S7,0.223606797749979,0,120,930012,930100,0.0,0.0
S7,0.223606797749979,0,120,930013,930014,0.0,0.0
S7,0.223606797749979,0,120,930013,930015,0.0,0.0
S7,0.223606797749979,0,120,930013,930016,0.0,0.0
S7,0.223606797749979,0,120,930013,930017,0.0,0.0
S7,0.223606797749979,0,120,930013,930018,0.0,0.0
S7,0.223606797749979,0,120,930013,930019,0.0,0.0
S7,0.223606797749979,0,120,930013,930020,0.0,0.0
S7,0.223606797749979,0,120,930013,930021,0.0,0.0
S7,0.223606797749979,0,120,930013,930022,0.0,0.0
S7,0.223606797749979,0,120,930013,930023,0.0,0.0
S7,0.223606797749979,0,120,930013,930024,0.0,0.0
S7,0.223606797749979,0,120,930013,930025,0.0,0.0
S7,0.223606797749979,0,120,930013,930026,0.0,0.0
S7,0.223606797749979,0,120,930013,930027,0.0,0.0
S7,0.223606797749979,0,120,930013,930028,0.0,0.0
S7,0.223606797749979,0,120,930013,930029,0.09649122807017543,0.08695652173913043
S7,0.223606797749979,0,120,930013,930030,0.0,0.0
S7,0.223606797749979,0,120,930013,930031,0.0,0.0
S7,0.223606797749979,0,120,930013,930032,0.0,0.0
S7,0.223606797749979,0,120,930013,930033,0.0,0.0
S7,0.223606797749979,0,120,930013,930034,0.0,0.0
S7,0.223606797749979,0,120,930013,930035,0.0,0.0
S7,0.223606797749979,0,120,930013,930036,0.0,0.0
S7,0.223606797749979,0,120,930013,930037,0.0,0.0
S7,0.223606797749979,0,120,930013,930038,0.1437908496732026,0.1437908496732026
S7,0.223606797749979,0,120,930013,930039,0.0,0.0
S7,0.223606797749979,0,120,930013,930040,0.0,0.0
S7,0.223606797749979,0,120,930013,930041,0.0,0.0
S7,0.223606797749979,0,120,930013,930042,0.0,0.0
S7,0.223606797749979,0,120,930013,930043,0.0,0.0
S7,0.223606797749979,0,120,930013,930044,0.0,0.0
S7,0.223606797749979,0,120,930013,930045,0.0,0.0
S7,0.223606797749979,0,120,930013,930046,0.0,0.0
S7,0.223606797749979,0,120,930013,930047,0.0,0.0
S7,0.223606797749979,0,120,930013,930048,0.14150943396226415,0.14150943396226415
S7,0.223606797749979,0,120,930013,930049,0.0,0.0
S7,0.223606797749979,0,120,930013,930050,0.0,0.0
S7,0.223606797749979,0,120,930013,930051,0.125,0.125
S7,0.223606797749979,0,120,930013,930052,0.16778523489932887,0.16778523489932887
S7,0.223606797749979,0,120,930013,930053,0.0,0.0
S7,0.223606797749979,0,120,930013,930054,0.0,0.0
S7,0.223606797749979,0,120,930013,930055,0.0,0.0
S7,0.223606797749979,0,120,930013,930056,0.13402061855670103,0.13402061855670103
S7,0.223606797749979,0,120,930013,930057,0.0,0.0
S7,0.223606797749979,0,120,930013,930058,0.0,0.0
S7,0.223606797749979,0,120,930013,930059,0.14893617021276595,0.14893617021276595
S7,0.223606797749979,0,120,930013,930060,0.0,0.0
S7,0.223606797749979,0,120,930013,930061,0.0,0.0
S7,0.223606797749979,0,120,930013,930062,0.0,0.0
S7,0.223606797749979,0,120,930013,930063,0.0,0.0
S7,0.223606797749979,0,120,930013,930064,0.0,0.0
S7,0.223606797749979,0,120,930013,930065,0.0,0.0
S7,0.223606797749979,0,120,930013,930066,0.0,0.0
S7,0.223606797749979,0,120,930013,930067,0.0,0.0
S7,0.223606797749979,0,120,930013,930068,0.0,0.0
S7,0.223606797749979,0,120,930013,930069,0.0,0.0
S7,0.223606797749979,0,120,930013,930070,0.0,0.0
S7,0.223606797749979,0,120,930013,930071,0.13333333333333333,0.13333333333333333
S7,0.223606797749979,0,120,930013,930072,0.0,0.0
S7,0.223606797749979,0,120,930013,930073,0.0,0.0
S7,0.223606797749979,0,120,930013,930074,0.0,0.0
S7,0.223606797749979,0,120,930013,930075,0.0,0.0
S7,0.223606797749979,0,120,930013,930076,0.0,0.0
S7,0.223606797749979,0,120,930013,930077,0.0,0.0
S7,0.223606797749979,0,120,930013,930078,0.0,0.0
S7,0.223606797749979,0,120,930013,930079,0.0,0.0
S7,0.223606797749979,0,120,930013,930080,0.0,0.0
S7,0.223606797749979,0,120,930013,930081,0.0,0.0
S7,0.223606797749979,0,120,930013,930082,0.0,0.0
S7,0.223606797749979,0,120,930013,930083,0.0,0.0
S7,0.223606797749979,0,120,930013,930084,0.0,0.0
S7,0.223606797749979,0,120,930013,930085,0.0,0.0
S7,0.223606797749979,0,120,930013,930086,0.0,0.0
S7,0.223606797749979,0,120,930013,930087,0.16161616161616163,0.16161616161616163
S7,0.223606797749979,0,120,930013,930088,0.16161616161616163,0.16161616161616163
S7,0.223606797749979,0,120,930013,930089,0.0,0.0
S7,0.223606797749979,0,120,930013,930090,0.0,0.0
S7,0.223606797749979,0,120,930013,930091,0.22,0.2079207920792079
S7,0.223606797749979,0,120,930013,930092,0.0,0.0
S7,0.223606797749979,0,120,930013,930093,0.14814814814814814,0.14814814814814814
S7,0.223606797749979,0,120,930013,930094,0.0,0.0
S7,0.223606797749979,0,120,930013,930095,0.0,0.0
S7,0.223606797749979,0,120,930013,930096,0.0,0.0
S7,0.223606797749979,0,120,930013,930097,0.16,0.16
S7,0.223606797749979,0,120,930013,930098,0.0,0.0
S7,0.223606797749979,0,120,930013,930099,0.0,0.0
S7,0.223606797749979,0,120,930013,930100,0.0,0.0
S7,0.223606797749979,0,120,930014,930015,0.0,0.0
S7,0.223606797749979,0,120,930014,930016,0.0,0.0
S7,0.223606797749979,0,120,930014,930017,0.0,0.0
S7,0.223606797749979,0,120,930014,930018,0.0,0.0
S7,0.223606797749979,0,120,930014,930019,0.0,0.0
S7,0.223606797749979,0,120,930014,930020,0.0,0.0
S7,0.223606797749979,0,120,930014,930021,0.0,0.0
S7,0.223606797749979,0,120,930014,930022,0.0,0.0
S7,0.223606797749979,0,120,930014,930023,0.0,0.0
S7,0.223606797749979,0,120,930014,930024,0.0,0.0
S7,0.223606797749979,0,120,930014,930025,0.0,0.0
S7,0.223606797749979,0,120,930014,930026,0.0,0.0
S7,0.223606797749979,0,120,930014,930027,0.0,0.0
S7,0.223606797749979,0,120,930014,930028,0.0,0.0
S7,0.223606797749979,0,120,930014,930029,0.0,0.0
S7,0.223606797749979,0,120,930014,930030,0.0,0.0
S7,0.223606797749979,0,120,930014,930031,0.0,0.0
S7,0.223606797749979,0,120,930014,930032,0.0,0.0
S7,0.223606797749979,0,120,930014,930033,0.0,0.0
S7,0.223606797749979,0,120,930014,930034,0.0,0.0
S7,0.223606797749979,0,120,930014,930035,0.0,0.0
S7,0.223606797749979,0,120,930014,930036,0.0,0.0
S7,0.223606797749979,0,120,930014,930037,0.0,0.0
S7,0.223606797749979,0,120,930014,930038,0.0,0.0
S7,0.223606797749979,0,120,930014,930039,0.0,0.0
S7,0.223606797749979,0,120,930014,930040,0.0,0.0
S7,0.223606797749979,0,120,930014,930041,0.0,0.0
S7,0.223606797749979,0,120,930014,930042,0.0,0.0
S7,0.223606797749979,0,120,930014,930043,0.0,0.0
S7,0.223606797749979,0,120,930014,930044,0.0,0.0
S7,0.223606797749979,0,120,930014,930045,0.0,0.0
S7,0.223606797749979,0,120,930014,930046,0.0,0.0
S7,0.223606797749979,0,120,930014,930047,0.0,0.0
S7,0.223606797749979,0,120,930014,930048,0.0,0.0
S7,0.223606797749979,0,120,930014,930049,0.0,0.0
S7,0.223606797749979,0,120,930014,930050,0.0,0.0
S7,0.223606797749979,0,120,930014,930051,0.0,0.0
S7,0.223606797749979,0,120,930014,930052,0.0,0.0
S7,0.223606797749979,0,120,930014,930053,0.0,0.0
S7,0.223606797749979,0,120,930014,930054,0.0,0.0
S7,0.223606797749979,0,120,930014,930055,0.0,0.0
S7,0.223606797749979,0,120,930014,930056,0.0,0.0
S7,0.223606797749979,0,120,930014,930057,0.0,0.0
S7,0.223606797749979,0,120,930014,930058,0.0,0.0
S7,0.223606797749979,0,120,930014,930059,0.0,0.0
S7,0.223606797749979,0,120,930014,930060,0.0,0.0
S7,0.223606797749979,0,120,930014,930061,0.0,0.0
S7,0.223606797749979,0,120,930014,930062,0.0,0.0
S7,0.223606797749979,0,120,930014,930063,0.0,0.0
S7,0.223606797749979,0,120,930014,930064,0.0,0.0
S7,0.223606797749979,0,120,930014,930065,0.0,0.0
S7,0.223606797749979,0,120,930014,930066,0.0,0.0
S7,0.223606797749979,0,120,930014,930067,0.0,0.0
S7,0.223606797749979,0,120,930014,930068,0.0,0.0
S7,0.223606797749979,0,120,930014,930069,0.0,0.0
S7,0.223606797749979,0,120,930014,930070,0.0,0.0
S7,0.223606797749979,0,120,930014,930071,0.0,0.0
S7,0.223606797749979,0,120,930014,930072,0.0,0.0
S7,0.223606797749979,0,120,930014,930073,0.0,0.0
S7,0.223606797749979,0,120,930014,930074,0.0,0.0
S7,0.223606797749979,0,120,930014,930075,0.0,0.0
S7,0.223606797749979,0,120,930014,930076,0.0,0.0
S7,0.223606797749979,0,120,930014,930077,0.0,0.0
S7,0.223606797749979,0,120,930014,930078,0.0,0.0
S7,0.223606797749979,0,120,930014,930079,0.0,0.0
S7,0.223606797749979,0,120,930014,930080,0.0,0.0
S7,0.223606797749979,0,120,930014,930081,0.0,0.0
S7,0.223606797749979,0,120,930014,930082,0.0,0.0
S7,0.223606797749979,0,120,930014,930083,0.0,0.0
S7,0.223606797749979,0,120,930014,930084,0.0,0.0
S7,0.223606797749979,0,120,930014,930085,0.0,0.0
S7,0.223606797749979,0,120,930014,930086,0.0,0.0
S7,0.223606797749979,0,120,930014,930087,0.0,0.0
S7,0.223606797749979,0,120,930014,930088,0.0,0.0
S7,0.223606797749979,0,120,930014,930089,0.0,0.0
S7,0.223606797749979,0,120,930014,930090,0.0,0.0
S7,0.223606797749979,0,120,930014,930091,0.0,0.0
S7,0.223606797749979,0,120,930014,930092,0.0,0.0
S7,0.223606797749979,0,120,930014,930093,0.0,0.0
S7,0.223606797749979,0,120,930014,930094,0.0,0.0
S7,0.223606797749979,0,120,930014,930095,0.0,0.0
S7,0.223606797749979,0,120,930014,930096,0.0,0.0
S7,0.223606797749979,0,120,930014,930097,0.0,0.0
S7,0.223606797749979,0,120,930014,930098,0.0,0.0
S7,0.223606797749979,0,120,930014,930099,0.0,0.0
S7,0.223606797749979,0,120,930014,930100,0.0,0.0
S7,0.223606797749979,0,120,930015,930016,0.0,0.0
S7,0.223606797749979,0,120,930015,930017,0.0,0.0
S7,0.223606797749979,0,120,930015,930018,0.0,0.0
S7,0.223606797749979,0,120,930015,930019,0.0,0.0
S7,0.223606797749979,0,120,930015,930020,0.0,0.0
S7,0.223606797749979,0,120,930015,930021,0.0,0.0
S7,0.223606797749979,0,120,930015,930022,0.0,0.0
S7,0.223606797749979,0,120,930015,930023,0.0,0.0
S7,0.223606797749979,0,120,930015,930024,0.0,0.0
S7,0.223606797749979,0,120,930015,930025,0.0,0.0
S7,0.223606797749979,0,120,930015,930026,0.0,0.0
S7,0.223606797749979,0,120,930015,930027,0.0,0.0
S7,0.223606797749979,0,120,930015,930028,0.0,0.0
S7,0.223606797749979,0,120,930015,930029,0.0,0.0
S7,0.223606797749979,0,120,930015,930030,0.0,0.0
S7,0.223606797749979,0,120,930015,930031,0.0,0.0
S7,0.223606797749979,0,120,930015,930032,0.0,0.0
S7,0.223606797749979,0,120,930015,930033,0.0,0.0
S7,0.223606797749979,0,120,930015,930034,0.0,0.0
S7,0.223606797749979,0,120,930015,930035,0.0,0.0
S7,0.223606797749979,0,120,930015,930036,0.0,0.0
S7,0.223606797749979,0,120,930015,930037,0.0,0.0
S7,0.223606797749979,0,120,930015,930038,0.0,0.0
S7,0.223606797749979,0,120,930015,930039,0.0,0.0
S7,0.223606797749979,0,120,930015,930040,0.0,0.0
S7,0.223606797749979,0,120,930015,930041,0.0,0.0
S7,0.223606797749979,0,120,930015,930042,0.0,0.0
S7,0.223606797749979,0,120,930015,930043,0.0,0.0
S7,0.223606797749979,0,120,930015,930044,0.0,0.0
S7,0.223606797749979,0,120,930015,930045,0.0,0.0
S7,0.223606797749979,0,120,930015,930046,0.0,0.0
S7,0.223606797749979,0,120,930015,930047,0.0,0.0
S7,0.223606797749979,0,120,930015,930048,0.0,0.0
S7,0.223606797749979,0,120,930015,930049,0.0,0.0
S7,0.223606797749979,0,120,930015,930050,0.0,0.0
S7,0.223606797749979,0,120,930015,930051,0.0,0.0
S7,0.223606797749979,0,120,930015,930052,0.0,0.0
S7,0.223606797749979,0,120,930015,930053,0.0,0.0
S7,0.223606797749979,0,120,930015,930054,0.0,0.0
S7,0.223606797749979,0,120,930015,930055,0.0,0.0
S7,0.223606797749979,0,120,930015,930056,0.0,0.0
S7,0.223606797749979,0,120,930015,930057,0.0,0.0
S7,0.223606797749979,0,120,930015,930058,0.0,0.0
S7,0.223606797749979,0,120,930015,930059,0.0,0.0
S7,0.223606797749979,0,120,930015,930060,0.0,0.0
S7,0.223606797749979,0,120,930015,930061,0.0,0.0
S7,0.223606797749979,0,120,930015,930062,0.0,0.0
S7,0.223606797749979,0,120,930015,930063,0.0,0.0
S7,0.223606797749979,0,120,930015,930064,0.0,0.0
S7,0.223606797749979,0,120,930015,930065,0.0,0.0
S7,0.223606797749979,0,120,930015,930066,0.0,0.0
S7,0.223606797749979,0,120,930015,930067,0.0,0.0
S7,0.223606797749979,0,120,930015,930068,0.0,0.0
S7,0.223606797749979,0,120,930015,930069,0.0,0.0
S7,0.223606797749979,0,120,930015,930070,0.0,0.0
S7,0.223606797749979,0,120,930015,930071,0.0,0.0
S7,0.223606797749979,0,120,930015,930072,0.0,0.0
S7,0.223606797749979,0,120,930015,930073,0.0,0.0
S7,0.223606797749979,0,120,930015,930074,0.0,0.0
S7,0.223606797749979,0,120,930015,930075,0.0,0.0
S7,0.223606797749979,0,120,930015,930076,0.0,0.0
S7,0.223606797749979,0,120,930015,930077,0.0,0.0
S7,0.223606797749979,0,120,930015,930078,0.0,0.0
S7,0.223606797749979,0,120,930015,930079,0.0,0.0
S7,0.223606797749979,0,120,930015,930080,0.0,0.0
S7,0.223606797749979,0,120,930015,930081,0.0,0.0
S7,0.223606797749979,0,120,930015,930082,0.0,0.0
S7,0.223606797749979,0,120,930015,930083,0.0,0.0
S7,0.223606797749979,0,120,930015,930084,0.0,0.0
S7,0.223606797749979,0,120,930015,930085,0.0,0.0
S7,0.223606797749979,0,120,930015,930086,0.0,0.0
S7,0.223606797749979,0,120,930015,930087,0.0,0.0
S7,0.223606797749979,0,120,930015,930088,0.0,0.0
S7,0.223606797749979,0,120,930015,930089,0.0,0.0
S7,0.223606797749979,0,120,930015,930090,0.0,0.0
S7,0.223606797749979,0,120,930015,930091,0.0,0.0
S7,0.223606797749979,0,120,930015,930092,0.0,0.0
S7,0.223606797749979,0,120,930015,930093,0.0,0.0
S7,0.223606797749979,0,120,930015,930094,0.0,0.0
S7,0.223606797749979,0,120,930015,930095,0.0,0.0
S7,0.223606797749979,0,120,930015,930096,0.0,0.0
S7,0.223606797749979,0,120,930015,930097,0.0,0.0
S7,0.223606797749979,0,120,930015,930098,0.0,0.0
S7,0.223606797749979,0,120,930015,930099,0.0,0.0
S7,0.223606797749979,0,120,930015,930100,0.0,0.0
S7,0.223606797749979,0,120,930016,930017,0.0,0.0
S7,0.223606797749979,0,120,930016,930018,0.0,0.0
S7,0.223606797749979,0,120,930016,930019,0.0,0.0
S7,0.223606797749979,0,120,930016,930020,0.0,0.0
S7,0.223606797749979,0,120,930016,930021,0.0,0.0
S7,0.223606797749979,0,120,930016,930022,0.0,0.0
S7,0.223606797749979,0,120,930016,930023,0.0,0.0
S7,0.223606797749979,0,120,930016,930024,0.0,0.0
S7,0.223606797749979,0,120,930016,930025,0.0,0.0
S7,0.223606797749979,0,120,930016,930026,0.0,0.0
S7,0.223606797749979,0,120,930016,930027,0.0,0.0
S7,0.223606797749979,0,120,930016,930028,0.0,0.0
S7,0.223606797749979,0,120,930016,930029,0.0,0.0
S7,0.223606797749979,0,120,930016,930030,0.0,0.0
S7,0.223606797749979,0,120,930016,930031,0.0,0.0
S7,0.223606797749979,0,120,930016,930032,0.0,0.0
S7,0.223606797749979,0,120,930016,930033,0.0,0.0
S7,0.223606797749979,0,120,930016,930034,0.0,0.0
S7,0.223606797749979,0,120,930016,930035,0.0,0.0
S7,0.223606797749979,0,120,930016,930036,0.0,0.0
S7,0.223606797749979,0,120,930016,930037,0.0,0.0
S7,0.223606797749979,0,120,930016,930038,0.0,0.0
S7,0.223606797749979,0,120,930016,930039,0.0,0.0
S7,0.223606797749979,0,120,930016,930040,0.0,0.0
S7,0.223606797749979,0,120,930016,930041,0.0,0.0
S7,0.223606797749979,0,120,930016,930042,0.0,0.0
S7,0.223606797749979,0,120,930016,930043,0.0,0.0
S7,0.223606797749979,0,120,930016,930044,0.0,0.0
S7,0.223606797749979,0,120,930016,930045,0.0,0.0
S7,0.223606797749979,0,120,930016,930046,0.0,0.0
S7,0.223606797749979,0,120,930016,930047,0.0,0.0
S7,0.223606797749979,0,120,930016,930048,0.0,0.0
S7,0.223606797749979,0,120,930016,930049,0.0,0.0
S7,0.223606797749979,0,120,930016,930050,0.0,0.0
S7,0.223606797749979,0,120,930016,930051,0.0,0.0
S7,0.223606797749979,0,120,930016,930052,0.0,0.0
S7,0.223606797749979,0,120,930016,930053,0.0,0.0
S7,0.223606797749979,0,120,930016,930054,0.0,0.0
S7,0.223606797749979,0,120,930016,930055,0.0,0.0
S7,0.223606797749979,0,120,930016,930056,0.0,0.0
S7,0.223606797749979,0,120,930016,930057,0.0,0.0
S7,0.223606797749979,0,120,930016,930058,0.0,0.0
S7,0.223606797749979,0,120,930016,930059,0.0,0.0
S7,0.223606797749979,0,120,930016,930060,0.0,0.0
S7,0.223606797749979,0,120,930016,930061,0.0,0.0
S7,0.223606797749979,0,120,930016,930062,0.0,0.0
S7,0.223606797749979,0,120,930016,930063,0.0,0.0
S7,0.223606797749979,0,120,930016,930064,0.0,0.0
S7,0.223606797749979,0,120,930016,930065,0.0,0.0
S7,0.223606797749979,0,120,930016,930066,0.0,0.0
S7,0.223606797749979,0,120,930016,930067,0.0,0.0
S7,0.223606797749979,0,120,930016,930068,0.0,0.0
S7,0.223606797749979,0,120,930016,930069,0.0,0.0
S7,0.223606797749979,0,120,930016,930070,0.0,0.0
S7,0.223606797749979,0,120,930016,930071,0.0,0.0
S7,0.223606797749979,0,120,930016,930072,0.0,0.0
S7,0.223606797749979,0,120,930016,930073,0.0,0.0
S7,0.223606797749979,0,120,930016,930074,0.0,0.0
S7,0.223606797749979,0,120,930016,930075,0.0,0.0
S7,0.223606797749979,0,120,930016,930076,0.0,0.0
S7,0.223606797749979,0,120,930016,930077,0.0,0.0
S7,0.223606797749979,0,120,930016,930078,0.0,0.0
S7,0.223606797749979,0,120,930016,930079,0.0,0.0
S7,0.223606797749979,0,120,930016,930080,0.0,0.0
S7,0.223606797749979,0,120,930016,930081,0.0,0.0
S7,0.223606797749979,0,120,930016,930082,0.0,0.0
S7,0.223606797749979,0,120,930016,930083,0.0,0.0
S7,0.223606797749979,0,120,930016,930084,0.0,0.0
S7,0.223606797749979,0,120,930016,930085,0.0,0.0
S7,0.223606797749979,0,120,930016,930086,0.0,0.0
S7,0.223606797749979,0,120,930016,930087,0.0,0.0
S7,0.223606797749979,0,120,930016,930088,0.0,0.0
S7,0.223606797749979,0,120,930016,930089,0.0,0.0
S7,0.223606797749979,0,120,930016,930090,0.0,0.0
S7,0.223606797749979,0,120,930016,930091,0.0,0.0
S7,0.223606797749979,0,120,930016,930092,0.0,0.0
S7,0.223606797749979,0,120,930016,930093,0.0,0.0
S7,0.223606797749979,0,120,930016,930094,0.0,0.0
S7,0.223606797749979,0,120,930016,930095,0.0,0.0
S7,0.223606797749979,0,120,930016,930096,0.0,0.0
S7,0.223606797749979,0,120,930016,930097,0.0,0.0
S7,0.223606797749979,0,120,930016,930098,0.0,0.0
S7,0.223606797749979,0,120,930016,930099,0.0,0.0
S7,0.223606797749979,0,120,930016,930100,0.0,0.0
S7,0.223606797749979,0,120,930017,930018,0.0,0.0
S7,0.223606797749979,0,120,930017,930019,0.0,0.0
S7,0.223606797749979,0,120,930017,930020,0.0,0.0
S7,0.223606797749979,0,120,930017,930021,0.0,0.0
S7,0.223606797749979,0,120,930017,930022,0.0,0.0
S7,0.223606797749979,0,120,930017,930023,0.0,0.0
S7,0.223606797749979,0,120,930017,930024,0.0,0.0
S7,0.223606797749979,0,120,930017,930025,0.0,0.0
S7,0.223606797749979,0,120,930017,930026,0.0,0.0
S7,0.223606797749979,0,120,930017,930027,0.0,0.0
S7,0.223606797749979,0,120,930017,930028,0.0,0.0
S7,0.223606797749979,0,120,930017,930029,0.0,0.0
S7,0.223606797749979,0,120,930017,930030,0.0,0.0
S7,0.223606797749979,0,120,930017,930031,0.0,0.0
S7,0.223606797749979,0,120,930017,930032,0.0,0.0
S7,0.223606797749979,0,120,930017,930033,0.0,0.0
S7,0.223606797749979,0,120,930017,930034,0.0,0.0
S7,0.223606797749979,0,120,930017,930035,0.0,0.0
S7,0.223606797749979,0,120,930017,930036,0.0,0.0
S7,0.223606797749979,0,120,930017,930037,0.0,0.0
S7,0.223606797749979,0,120,930017,930038,0.0,0.0
S7,0.223606797749979,0,120,930017,930039,0.0,0.0
S7,0.223606797749979,0,120,930017,930040,0.0,0.0
S7,0.223606797749979,0,120,930017,930041,0.0,0.0
S7,0.223606797749979,0,120,930017,930042,0.0,0.0
S7,0.223606797749979,0,120,930017,930043,0.0,0.0
S7,0.223606797749979,0,120,930017,930044,0.0,0.0
S7,0.223606797749979,0,120,930017,930045,0.0,0.0
S7,0.223606797749979,0,120,930017,930046,0.0,0.0
S7,0.223606797749979,0,120,930017,930047,0.0,0.0
S7,0.223606797749979,0,120,930017,930048,0.0,0.0
S7,0.223606797749979,0,120,930017,930049,0.0,0.0
S7,0.223606797749979,0,120,930017,930050,0.0,0.0
S7,0.223606797749979,0,120,930017,930051,0.0,0.0
S7,0.223606797749979,0,120,930017,930052,0.0,0.0
S7,0.223606797749979,0,120,930017,930053,0.0,0.0
S7,0.223606797749979,0,120,930017,930054,0.0,0.0
S7,0.223606797749979,0,120,930017,930055,0.0,0.0
S7,0.223606797749979,0,120,930017,930056,0.0,0.0
S7,0.223606797749979,0,120,930017,930057,0.0,0.0
S7,0.223606797749979,0,120,930017,930058,0.0,0.0
S7,0.223606797749979,0,120,930017,930059,0.0,0.0
S7,0.223606797749979,0,120,930017,930060,0.0,0.0
S7,0.223606797749979,0,120,930017,930061,0.0,0.0
S7,0.223606797749979,0,120,930017,930062,0.0,0.0
S7,0.223606797749979,0,120,930017,930063,0.0,0.0
S7,0.223606797749979,0,120,930017,930064,0.0,0.0
S7,0.223606797749979,0,120,930017,930065,0.0,0.0
S7,0.223606797749979,0,120,930017,930066,0.0,0.0
S7,0.223606797749979,0,120,930017,930067,0.0,0.0
S7,0.223606797749979,0,120,930017,930068,0.0,0.0
S7,0.223606797749979,0,120,930017,930069,0.0,0.0
S7,0.223606797749979,0,120,930017,930070,0.0,0.0
S7,0.223606797749979,0,120,930017,930071,0.0,0.0
S7,0.223606797749979,0,120,930017,930072,0.0,0.0
S7,0.223606797749979,0,120,930017,930073,0.0,0.0
S7,0.223606797749979,0,120,930017,930074,0.0,0.0
S7,0.223606797749979,0,120,930017,930075,0.0,0.0
S7,0.223606797749979,0,120,930017,930076,0.0,0.0
S7,0.223606797749979,0,120,930017,930077,0.0,0.0
S7,0.223606797749979,0,120,930017,930078,0.0,0.0
S7,0.223606797749979,0,120,930017,930079,0.0,0.0
S7,0.223606797749979,0,120,930017,930080,0.0,0.0
S7,0.223606797749979,0,120,930017,930081,0.0,0.0
S7,0.223606797749979,0,120,930017,930082,0.0,0.0
S7,0.223606797749979,0,120,930017,930083,0.0,0.0
S7,0.223606797749979,0,120,930017,930084,0.0,0.0
S7,0.223606797749979,0,120,930017,930085,0.0,0.0
S7,0.223606797749979,0,120,930017,930086,0.0,0.0
S7,0.223606797749979,0,120,930017,930087,0.0,0.0
S7,0.223606797749979,0,120,930017,930088,0.0,0.0
S7,0.223606797749979,0,120,930017,930089,0.0,0.0
S7,0.223606797749979,0,120,930017,930090,0.0,0.0
S7,0.223606797749979,0,120,930017,930091,0.0,0.0
S7,0.223606797749979,0,120,930017,930092,0.0,0.0
S7,0.223606797749979,0,120,930017,930093,0.0,0.0
S7,0.223606797749979,0,120,930017,930094,0.0,0.0
S7,0.223606797749979,0,120,930017,930095,0.0,0.0
S7,0.223606797749979,0,120,930017,930096,0.0,0.0
S7,0.223606797749979,0,120,930017,930097,0.0,0.0
S7,0.223606797749979,0,120,930017,930098,0.0,0.0
S7,0.223606797749979,0,120,930017,930099,0.0,0.0
S7,0.223606797749979,0,120,930017,930100,0.0,0.0
S7,0.223606797749979,0,120,930018,930019,0.0,0.0
S7,0.223606797749979,0,120,930018,930020,0.0,0.0
S7,0.223606797749979,0,120,930018,930021,0.0,0.0
S7,0.223606797749979,0,120,930018,930022,0.0,0.0
S7,0.223606797749979,0,120,930018,930023,0.0,0.0
S7,0.223606797749979,0,120,930018,930024,0.0,0.0
S7,0.223606797749979,0,120,930018,930025,0.0,0.0
S7,0.223606797749979,0,120,930018,930026,0.0,0.0
S7,0.223606797749979,0,120,930018,930027,0.0,0.0
S7,0.223606797749979,0,120,930018,930028,0.0,0.0
S7,0.223606797749979,0,120,930018,930029,0.0,0.0
S7,0.223606797749979,0,120,930018,930030,0.0,0.0
S7,0.223606797749979,0,120,930018,930031,0.0,0.0
S7,0.223606797749979,0,120,930018,930032,0.0,0.0
S7,0.223606797749979,0,120,930018,930033,0.0,0.0
S7,0.223606797749979,0,120,930018,930034,0.0,0.0
S7,0.223606797749979,0,120,930018,930035,0.0,0.0
S7,0.223606797749979,0,120,930018,930036,0.0,0.0
S7,0.223606797749979,0,120,930018,930037,0.0,0.0
S7,0.223606797749979,0,120,930018,930038,0.0,0.0
S7,0.223606797749979,0,120,930018,930039,0.0,0.0
S7,0.223606797749979,0,120,930018,930040,0.0,0.0
S7,0.223606797749979,0,120,930018,930041,0.0,0.0
S7,0.223606797749979,0,120,930018,930042,0.0,0.0
S7,0.223606797749979,0,120,930018,930043,0.0,0.0
S7,0.223606797749979,0,120,930018,930044,0.0,0.0
S7,0.223606797749979,0,120,930018,930045,0.0,0.0
S7,0.223606797749979,0,120,930018,930046,0.0,0.0
S7,0.223606797749979,0,120,930018,930047,0.0,0.0
S7,0.223606797749979,0,120,930018,930048,0.0,0.0
S7,0.223606797749979,0,120,930018,930049,0.0,0.0
S7,0.223606797749979,0,120,930018,930050,0.0,0.0
S7,0.223606797749979,0,120,930018,930051,0.0,0.0
S7,0.223606797749979,0,120,930018,930052,0.0,0.0
S7,0.223606797749979,0,120,930018,930053,0.0,0.0
S7,0.223606797749979,0,120,930018,930054,0.0,0.0
S7,0.223606797749979,0,120,930018,930055,0.0,0.0
S7,0.223606797749979,0,120,930018,930056,0.0,0.0
S7,0.223606797749979,0,120,930018,930057,0.0,0.0
S7,0.223606797749979,0,120,930018,930058,0.0,0.0
S7,0.223606797749979,0,120,930018,930059,0.0,0.0
S7,0.223606797749979,0,120,930018,930060,0.0,0.0
S7,0.223606797749979,0,120,930018,930061,0.0,0.0
S7,0.223606797749979,0,120,930018,930062,0.0,0.0
S7,0.223606797749979,0,120,930018,930063,0.0,0.0
S7,0.223606797749979,0,120,930018,930064,0.0,0.0
S7,0.223606797749979,0,120,930018,930065,0.0,0.0
S7,0.223606797749979,0,120,930018,930066,0.0,0.0
S7,0.223606797749979,0,120,930018,930067,0.0,0.0
S7,0.223606797749979,0,120,930018,930068,0.0,0.0
S7,0.223606797749979,0,120,930018,930069,0.0,0.0
S7,0.223606797749979,0,120,930018,930070,0.0,0.0
S7,0.223606797749979,0,120,930018,930071,0.0,0.0
S7,0.223606797749979,0,120,930018,930072,0.0,0.0
S7,0.223606797749979,0,120,930018,930073,0.0,0.0
S7,0.223606797749979,0,120,930018,930074,0.0,0.0
S7,0.223606797749979,0,120,930018,930075,0.0,0.0
S7,0.223606797749979,0,120,930018,930076,0.0,0.0
S7,0.223606797749979,0,120,930018,930077,0.0,0.0
S7,0.223606797749979,0,120,930018,930078,0.0,0.0
S7,0.223606797749979,0,120,930018,930079,0.0,0.0
S7,0.223606797749979,0,120,930018,930080,0.0,0.0
S7,0.223606797749979,0,120,930018,930081,0.0,0.0
S7,0.223606797749979,0,120,930018,930082,0.0,0.0
S7,0.223606797749979,0,120,930018,930083,0.0,0.0
S7,0.223606797749979,0,120,930018,930084,0.0,0.0
S7,0.223606797749979,0,120,930018,930085,0.0,0.0
S7,0.223606797749979,0,120,930018,930086,0.0,0.0
S7,0.223606797749979,0,120,930018,930087,0.0,0.0
S7,0.223606797749979,0,120,930018,930088,0.0,0.0
S7,0.223606797749979,0,120,930018,930089,0.0,0.0
S7,0.223606797749979,0,120,930018,930090,0.0,0.0
S7,0.223606797749979,0,120,930018,930091,0.0,0.0
S7,0.223606797749979,0,120,930018,930092,0.0,0.0
S7,0.223606797749979,0,120,930018,930093,0.0,0.0
S7,0.223606797749979,0,120,930018,930094,0.0,0.0
S7,0.223606797749979,0,120,930018,930095,0.0,0.0
S7,0.223606797749979,0,120,930018,930096,0.0,0.0
S7,0.223606797749979,0,120,930018,930097,0.0,0.0
S7,0.223606797749979,0,120,930018,930098,0.0,0.0
S7,0.223606797749979,0,120,930018,930099,0.0,0.0
S7,0.223606797749979,0,120,930018,930100,0.0,0.0
S7,0.223606797749979,0,120,930019,930020,0.0,0.0
S7,0.223606797749979,0,120,930019,930021,0.0,0.0
S7,0.223606797749979,0,120,930019,930022,0.0,0.0
S7,0.223606797749979,0,120,930019,930023,0.0,0.0
S7,0.223606797749979,0,120,930019,930024,0.0,0.0
S7,0.223606797749979,0,120,930019,930025,0.0,0.0
S7,0.223606797749979,0,120,930019,930026,0.0,0.0
S7,0.223606797749979,0,120,930019,930027,0.0,0.0
S7,0.223606797749979,0,120,930019,930028,0.0,0.0
S7,0.223606797749979,0,120,930019,930029,0.0,0.0
S7,0.223606797749979,0,120,930019,930030,0.0,0.0
S7,0.223606797749979,0,120,930019,930031,0.0,0.0
S7,0.223606797749979,0,120,930019,930032,0.0,0.0
S7,0.223606797749979,0,120,930019,930033,0.0,0.0
S7,0.223606797749979,0,120,930019,930034,0.0,0.0
S7,0.223606797749979,0,120,930019,930035,0.0,0.0
S7,0.223606797749979,0,120,930019,930036,0.0,0.0
S7,0.223606797749979,0,120,930019,930037,0.0,0.0
S7,0.223606797749979,0,120,930019,930038,0.0,0.0
S7,0.223606797749979,0,120,930019,930039,0.0,0.0
S7,0.223606797749979,0,120,930019,930040,0.0,0.0
S7,0.223606797749979,0,120,930019,930041,0.0,0.0
S7,0.223606797749979,0,120,930019,930042,0.0,0.0
S7,0.223606797749979,0,120,930019,930043,0.0,0.0
S7,0.223606797749979,0,120,930019,930044,0.0,0.0
S7,0.223606797749979,0,120,930019,930045,0.0,0.0
S7,0.223606797749979,0,120,930019,930046,0.0,0.0
S7,0.223606797749979,0,120,930019,930047,0.0,0.0
S7,0.223606797749979,0,120,930019,930048,0.0,0.0
S7,0.223606797749979,0,120,930019,930049,0.0,0.0
S7,0.223606797749979,0,120,930019,930050,0.0,0.0
S7,0.223606797749979,0,120,930019,930051,0.0,0.0
S7,0.223606797749979,0,120,930019,930052,0.0,0.0
S7,0.223606797749979,0,120,930019,930053,0.0,0.0
S7,0.223606797749979,0,120,930019,930054,0.0,0.0
S7,0.223606797749979,0,120,930019,930055,0.0,0.0
S7,0.223606797749979,0,120,930019,930056,0.0,0.0
S7,0.223606797749979,0,120,930019,930057,0.0,0.0
S7,0.223606797749979,0,120,930019,930058,0.0,0.0
S7,0.223606797749979,0,120,930019,930059,0.0,0.0
S7,0.223606797749979,0,120,930019,930060,0.0,0.0
S7,0.223606797749979,0,120,930019,930061,0.0,0.0
S7,0.223606797749979,0,120,930019,930062,0.0,0.0
S7,0.223606797749979,0,120,930019,930063,0.0,0.0
S7,0.223606797749979,0,120,930019,930064,0.0,0.0
S7,0.223606797749979,0,120,930019,930065,0.0,0.0
S7,0.223606797749979,0,120,930019,930066,0.0,0.0
S7,0.223606797749979,0,120,930019,930067,0.0,0.0
S7,0.223606797749979,0,120,930019,930068,0.0,0.0
S7,0.223606797749979,0,120,930019,930069,0.0,0.0
S7,0.223606797749979,0,120,930019,930070,0.0,0.0
S7,0.223606797749979,0,120,930019,930071,0.0,0.0
S7,0.223606797749979,0,120,930019,930072,0.0,0.0
S7,0.223606797749979,0,120,930019,930073,0.0,0.0
S7,0.223606797749979,0,120,930019,930074,0.0,0.0
S7,0.223606797749979,0,120,930019,930075,0.0,0.0
S7,0.223606797749979,0,120,930019,930076,0.0,0.0
S7,0.223606797749979,0,120,930019,930077,0.0,0.0
S7,0.223606797749979,0,120,930019,930078,0.0,0.0
S7,0.223606797749979,0,120,930019,930079,0.0,0.0
S7,0.223606797749979,0,120,930019,930080,0.0,0.0
S7,0.223606797749979,0,120,930019,930081,0.0,0.0
S7,0.223606797749979,0,120,930019,930082,0.0,0.0
S7,0.223606797749979,0,120,930019,930083,0.0,0.0
S7,0.223606797749979,0,120,930019,930084,0.0,0.0
S7,0.223606797749979,0,120,930019,930085,0.0,0.0
S7,0.223606797749979,0,120,930019,930086,0.0,0.0
S7,0.223606797749979,0,120,930019,930087,0.0,0.0
S7,0.223606797749979,0,120,930019,930088,0.0,0.0
S7,0.223606797749979,0,120,930019,930089,0.0,0.0
S7,0.223606797749979,0,120,930019,930090,0.0,0.0
S7,0.223606797749979,0,120,930019,930091,0.0,0.0
S7,0.223606797749979,0,120,930019,930092,0.0,0.0
S7,0.223606797749979,0,120,930019,930093,0.0,0.0
S7,0.223606797749979,0,120,930019,930094,0.0,0.0
S7,0.223606797749979,0,120,930019,930095,0.0,0.0
S7,0.223606797749979,0,120,930019,930096,0.0,0.0
S7,0.223606797749979,0,120,930019,930097,0.0,0.0
S7,0.223606797749979,0,120,930019,930098,0.0,0.0
S7,0.223606797749979,0,120,930019,930099,0.0,0.0
S7,0.223606797749979,0,120,930019,930100,0.0,0.0
S7,0.223606797749979,0,120,930020,930021,0.0,0.0
S7,0.223606797749979,0,120,930020,930022,0.0,0.0
S7,0.223606797749979,0,120,930020,930023,0.0,0.0
S7,0.223606797749979,0,120,930020,930024,0.0,0.0
S7,0.223606797749979,0,120,930020,930025,0.0,0.0
S7,0.223606797749979,0,120,930020,930026,0.0,0.0
S7,0.223606797749979,0,120,930020,930027,0.0,0.0
S7,0.223606797749979,0,120,930020,930028,0.0,0.0
S7,0.223606797749979,0,120,930020,930029,0.0,0.0
S7,0.223606797749979,0,120,930020,930030,0.0,0.0
S7,0.223606797749979,0,120,930020,930031,0.0,0.0
S7,0.223606797749979,0,120,930020,930032,0.0,0.0
S7,0.223606797749979,0,120,930020,930033,0.0,0.0
S7,0.223606797749979,0,120,930020,930034,0.0,0.0
S7,0.223606797749979,0,120,930020,930035,0.0,0.0
S7,0.223606797749979,0,120,930020,930036,0.0,0.0
S7,0.223606797749979,0,120,930020,930037,0.0,0.0
S7,0.223606797749979,0,120,930020,930038,0.0,0.0
S7,0.223606797749979,0,120,930020,930039,0.0,0.0
S7,0.223606797749979,0,120,930020,930040,0.0,0.0
S7,0.223606797749979,0,120,930020,930041,0.0,0.0
S7,0.223606797749979,0,120,930020,930042,0.0,0.0
S7,0.223606797749979,0,120,930020,930043,0.0,0.0
S7,0.223606797749979,0,120,930020,930044,0.0,0.0
S7,0.223606797749979,0,120,930020,930045,0.0,0.0
S7,0.223606797749979,0,120,930020,930046,0.0,0.0
S7,0.223606797749979,0,120,930020,930047,0.0,0.0
S7,0.223606797749979,0,120,930020,930048,0.0,0.0
S7,0.223606797749979,0,120,930020,930049,0.0,0.0
S7,0.223606797749979,0,120,930020,930050,0.0,0.0
S7,0.223606797749979,0,120,930020,930051,0.0,0.0
S7,0.223606797749979,0,120,930020,930052,0.0,0.0
S7,0.223606797749979,0,120,930020,930053,0.0,0.0
S7,0.223606797749979,0,120,930020,930054,0.0,0.0
S7,0.223606797749979,0,120,930020,930055,0.0,0.0
S7,0.223606797749979,0,120,930020,930056,0.0,0.0
S7,0.223606797749979,0,120,930020,930057,0.0,0.0
S7,0.223606797749979,0,120,930020,930058,0.0,0.0
S7,0.223606797749979,0,120,930020,930059,0.0,0.0
S7,0.223606797749979,0,120,930020,930060,0.0,0.0
S7,0.223606797749979,0,120,930020,930061,0.0,0.0
S7,0.223606797749979,0,120,930020,930062,0.0,0.0
S7,0.223606797749979,0,120,930020,930063,0.0,0.0
S7,0.223606797749979,0,120,930020,930064,0.0,0.0
S7,0.223606797749979,0,120,930020,930065,0.0,0.0
S7,0.223606797749979,0,120,930020,930066,0.0,0.0
S7,0.223606797749979,0,120,930020,930067,0.0,0.0
S7,0.223606797749979,0,120,930020,930068,0.0,0.0
S7,0.223606797749979,0,120,930020,930069,0.0,0.0
S7,0.223606797749979,0,120,930020,930070,0.0,0.0
S7,0.223606797749979,0,120,930020,930071,0.0,0.0
S7,0.223606797749979,0,120,930020,930072,0.0,0.0
S7,0.223606797749979,0,120,930020,930073,0.0,0.0
S7,0.223606797749979,0,120,930020,930074,0.0,0.0
S7,0.223606797749979,0,120,930020,930075,0.0,0.0
S7,0.223606797749979,0,120,930020,930076,0.0,0.0
S7,0.223606797749979,0,120,930020,930077,0.0,0.0
S7,0.223606797749979,0,120,930020,930078,0.0,0.0
S7,0.223606797749979,0,120,930020,930079,0.0,0.0
S7,0.223606797749979,0,120,930020,930080,0.0,0.0
S7,0.223606797749979,0,120,930020,930081,0.0,0.0
S7,0.223606797749979,0,120,930020,930082,0.0,0.0
S7,0.223606797749979,0,120,930020,930083,0.0,0.0
S7,0.223606797749979,0,120,930020,930084,0.0,0.0
S7,0.223606797749979,0,120,930020,930085,0.0,0.0
S7,0.223606797749979,0,120,930020,930086,0.0,0.0
S7,0.223606797749979,0,120,930020,930087,0.0,0.0
S7,0.223606797749979,0,120,930020,930088,0.0,0.0
S7,0.223606797749979,0,120,930020,930089,0.0,0.0
S7,0.223606797749979,0,120,930020,930090,0.0,0.0
S7,0.223606797749979,0,120,930020,930091,0.0,0.0
S7,0.223606797749979,0,120,930020,930092,0.0,0.0
S7,0.223606797749979,0,120,930020,930093,0.0,0.0
S7,0.223606797749979,0,120,930020,930094,0.0,0.0
S7,0.223606797749979,0,120,930020,930095,0.0,0.0
S7,0.223606797749979,0,120,930020,930096,0.0,0.0
S7,0.223606797749979,0,120,930020,930097,0.0,0.0
S7,0.223606797749979,0,120,930020,930098,0.0,0.0
S7,0.223606797749979,0,120,930020,930099,0.0,0.0
S7,0.223606797749979,0,120,930020,930100,0.0,0.0
S7,0.223606797749979,0,120,930021,930022,0.0,0.0
S7,0.223606797749979,0,120,930021,930023,0.0,0.0
S7,0.223606797749979,0,120,930021,930024,0.0,0.0
S7,0.223606797749979,0,120,930021,930025,0.0,0.0
S7,0.223606797749979,0,120,930021,930026,0.0,0.0
S7,0.223606797749979,0,120,930021,930027,0.0,0.0
S7,0.223606797749979,0,120,930021,930028,0.0,0.0
S7,0.223606797749979,0,120,930021,930029,0.0,0.0
S7,0.223606797749979,0,120,930021,930030,0.0,0.0
S7,0.223606797749979,0,120,930021,930031,0.0,0.0
S7,0.223606797749979,0,120,930021,930032,0.0,0.0
S7,0.223606797749979,0,120,930021,930033,0.0,0.0
S7,0.223606797749979,0,120,930021,930034,0.0,0.0
S7,0.223606797749979,0,120,930021,930035,0.0,0.0
S7,0.223606797749979,0,120,930021,930036,0.0,0.0
S7,0.223606797749979,0,120,930021,930037,0.0,0.0
S7,0.223606797749979,0,120,930021,930038,0.0,0.0
S7,0.223606797749979,0,120,930021,930039,0.0,0.0
S7,0.223606797749979,0,120,930021,930040,0.0,0.0
S7,0.223606797749979,0,120,930021,930041,0.0,0.0
S7,0.223606797749979,0,120,930021,930042,0.0,0.0
S7,0.223606797749979,0,120,930021,930043,0.0,0.0
S7,0.223606797749979,0,120,930021,930044,0.0,0.0
S7,0.223606797749979,0,120,930021,930045,0.0,0.0
S7,0.223606797749979,0,120,930021,930046,0.0,0.0
S7,0.223606797749979,0,120,930021,930047,0.0,0.0
S7,0.223606797749979,0,120,930021,930048,0.0,0.0
S7,0.223606797749979,0,120,930021,930049,0.0,0.0
S7,0.223606797749979,0,120,930021,930050,0.0,0.0
S7,0.223606797749979,0,120,930021,930051,0.0,0.0
S7,0.223606797749979,0,120,930021,930052,0.0,0.0
S7,0.223606797749979,0,120,930021,930053,0.0,0.0
S7,0.223606797749979,0,120,930021,930054,0.0,0.0
S7,0.223606797749979,0,120,930021,930055,0.0,0.0
S7,0.223606797749979,0,120,930021,930056,0.0,0.0
S7,0.223606797749979,0,120,930021,930057,0.0,0.0
S7,0.223606797749979,0,120,930021,930058,0.0,0.0
S7,0.223606797749979,0,120,930021,930059,0.0,0.0
S7,0.223606797749979,0,120,930021,930060,0.0,0.0
S7,0.223606797749979,0,120,930021,930061,0.0,0.0
S7,0.223606797749979,0,120,930021,930062,0.0,0.0
S7,0.223606797749979,0,120,930021,930063,0.0,0.0
S7,0.223606797749979,0,120,930021,930064,0.0,0.0
S7,0.223606797749979,0,120,930021,930065,0.0,0.0
S7,0.223606797749979,0,120,930021,930066,0.0,0.0
S7,0.223606797749979,0,120,930021,930067,0.0,0.0
S7,0.223606797749979,0,120,930021,930068,0.0,0.0
S7,0.223606797749979,0,120,930021,930069,0.0,0.0
S7,0.223606797749979,0,120,930021,930070,0.0,0.0
S7,0.223606797749979,0,120,930021,930071,0.0,0.0
S7,0.223606797749979,0,120,930021,930072,0.0,0.0
S7,0.223606797749979,0,120,930021,930073,0.0,0.0
S7,0.223606797749979,0,120,930021,930074,0.0,0.0
S7,0.223606797749979,0,120,930021,930075,0.0,0.0
S7,0.223606797749979,0,120,930021,930076,0.0,0.0
S7,0.223606797749979,0,120,930021,930077,0.0,0.0
S7,0.223606797749979,0,120,930021,930078,0.0,0.0
S7,0.223606797749979,0,120,930021,930079,0.0,0.0
S7,0.223606797749979,0,120,930021,930080,0.0,0.0
S7,0.223606797749979,0,120,930021,930081,0.0,0.0
S7,0.223606797749979,0,120,930021,930082,0.0,0.0
S7,0.223606797749979,0,120,930021,930083,0.0,0.0
S7,0.223606797749979,0,120,930021,930084,0.0,0.0
S7,0.223606797749979,0,120,930021,930085,0.0,0.0
S7,0.223606797749979,0,120,930021,930086,0.0,0.0
S7,0.223606797749979,0,120,930021,930087,0.0,0.0
S7,0.223606797749979,0,120,930021,930088,0.0,0.0
S7,0.223606797749979,0,120,930021,930089,0.0,0.0
S7,0.223606797749979,0,120,930021,930090,0.0,0.0
S7,0.223606797749979,0,120,930021,930091,0.0,0.0
S7,0.223606797749979,0,120,930021,930092,0.0,0.0
S7,0.223606797749979,0,120,930021,930093,0.0,0.0
S7,0.223606797749979,0,120,930021,930094,0.0,0.0
S7,0.223606797749979,0,120,930021,930095,0.0,0.0
S7,0.223606797749979,0,120,930021,930096,0.0,0.0
S7,0.223606797749979,0,120,930021,930097,0.0,0.0
S7,0.223606797749979,0,120,930021,930098,0.0,0.0
S7,0.223606797749979,0,120,930021,930099,0.0,0.0
S7,0.223606797749979,0,120,930021,930100,0.0,0.0
S7,0.223606797749979,0,120,930022,930023,0.0,0.0
S7,0.223606797749979,0,120,930022,930024,0.0,0.0
S7,0.223606797749979,0,120,930022,930025,0.0,0.0
S7,0.223606797749979,0,120,930022,930026,0.0,0.0
S7,0.223606797749979,0,120,930022,930027,0.0,0.0
S7,0.223606797749979,0,120,930022,930028,0.0,0.0
S7,0.223606797749979,0,120,930022,930029,0.0,0.0
S7,0.223606797749979,0,120,930022,930030,0.0,0.0
S7,0.223606797749979,0,120,930022,930031,0.0,0.0
S7,0.223606797749979,0,120,930022,930032,0.0,0.0
S7,0.223606797749979,0,120,930022,930033,0.0,0.0
S7,0.223606797749979,0,120,930022,930034,0.0,0.0
S7,0.223606797749979,0,120,930022,930035,0.0,0.0
S7,0.223606797749979,0,120,930022,930036,0.0,0.0
S7,0.223606797749979,0,120,930022,930037,0.0,0.0
S7,0.223606797749979,0,120,930022,930038,0.0,0.0
S7,0.223606797749979,0,120,930022,930039,0.0,0.0
S7,0.223606797749979,0,120,930022,930040,0.0,0.0
S7,0.223606797749979,0,120,930022,930041,0.0,0.0
S7,0.223606797749979,0,120,930022,930042,0.0,0.0
S7,0.223606797749979,0,120,930022,930043,0.0,0.0
S7,0.223606797749979,0,120,930022,930044,0.0,0.0
S7,0.223606797749979,0,120,930022,930045,0.0,0.0
S7,0.223606797749979,0,120,930022,930046,0.0,0.0
S7,0.223606797749979,0,120,930022,930047,0.0,0.0
S7,0.223606797749979,0,120,930022,930048,0.0,0.0
S7,0.223606797749979,0,120,930022,930049,0.0,0.0
S7,0.223606797749979,0,120,930022,930050,0.0,0.0
S7,0.223606797749979,0,120,930022,930051,0.0,0.0
S7,0.223606797749979,0,120,930022,930052,0.0,0.0
S7,0.223606797749979,0,120,930022,930053,0.0,0.0
S7,0.223606797749979,0,120,930022,930054,0.0,0.0
S7,0.223606797749979,0,120,930022,930055,0.0,0.0
S7,0.223606797749979,0,120,930022,930056,0.0,0.0
S7,0.223606797749979,0,120,930022,930057,0.0,0.0
S7,0.223606797749979,0,120,930022,930058,0.0,0.0
S7,0.223606797749979,0,120,930022,930059,0.0,0.0
S7,0.223606797749979,0,120,930022,930060,0.0,0.0
S7,0.223606797749979,0,120,930022,930061,0.0,0.0
S7,0.223606797749979,0,120,930022,930062,0.0,0.0
S7,0.223606797749979,0,120,930022,930063,0.0,0.0
S7,0.223606797749979,0,120,930022,930064,0.0,0.0
S7,0.223606797749979,0,120,930022,930065,0.0,0.0
S7,0.223606797749979,0,120,930022,930066,0.0,0.0
S7,0.223606797749979,0,120,930022,930067,0.0,0.0
S7,0.223606797749979,0,120,930022,930068,0.0,0.0
S7,0.223606797749979,0,120,930022,930069,0.0,0.0
S7,0.223606797749979,0,120,930022,930070,0.0,0.0
S7,0.223606797749979,0,120,930022,930071,0.0,0.0
S7,0.223606797749979,0,120,930022,930072,0.0,0.0
S7,0.223606797749979,0,120,930022,930073,0.0,0.0
S7,0.223606797749979,0,120,930022,930074,0.0,0.0
S7,0.223606797749979,0,120,930022,930075,0.0,0.0
S7,0.223606797749979,0,120,930022,930076,0.0,0.0
S7,0.223606797749979,0,120,930022,930077,0.0,0.0
S7,0.223606797749979,0,120,930022,930078,0.0,0.0
S7,0.223606797749979,0,120,930022,930079,0.0,0.0
S7,0.223606797749979,0,120,930022,930080,0.0,0.0
S7,0.223606797749979,0,120,930022,930081,0.0,0.0
S7,0.223606797749979,0,120,930022,930082,0.0,0.0
S7,0.223606797749979,0,120,930022,930083,0.0,0.0
S7,0.223606797749979,0,120,930022,930084,0.0,0.0
S7,0.223606797749979,0,120,930022,930085,0.0,0.0
S7,0.223606797749979,0,120,930022,930086,0.0,0.0
S7,0.223606797749979,0,120,930022,930087,0.0,0.0
S7,0.223606797749979,0,120,930022,930088,0.0,0.0
S7,0.223606797749979,0,120,930022,930089,0.0,0.0
S7,0.223606797749979,0,120,930022,930090,0.0,0.0
S7,0.223606797749979,0,120,930022,930091,0.0,0.0
S7,0.223606797749979,0,120,930022,930092,0.0,0.0
S7,0.223606797749979,0,120,930022,930093,0.0,0.0
S7,0.223606797749979,0,120,930022,930094,0.0,0.0
S7,0.223606797749979,0,120,930022,930095,0.0,0.0
S7,0.223606797749979,0,120,930022,930096,0.0,0.0
S7,0.223606797749979,0,120,930022,930097,0.0,0.0
S7,0.223606797749979,0,120,930022,930098,0.0,0.0
S7,0.223606797749979,0,120,930022,930099,0.0,0.0
S7,0.223606797749979,0,120,930022,930100,0.0,0.0
S7,0.223606797749979,0,120,930023,930024,0.0,0.0
S7,0.223606797749979,0,120,930023,930025,0.0,0.0
S7,0.223606797749979,0,120,930023,930026,0.0,0.0
S7,0.223606797749979,0,120,930023,930027,0.0,0.0
S7,0.223606797749979,0,120,930023,930028,0.0,0.0
S7,0.223606797749979,0,120,930023,930029,0.0,0.0
S7,0.223606797749979,0,120,930023,930030,0.0,0.0
S7,0.223606797749979,0,120,930023,930031,0.0,0.0
S7,0.223606797749979,0,120,930023,930032,0.0,0.0
S7,0.223606797749979,0,120,930023,930033,0.0,0.0
S7,0.223606797749979,0,120,930023,930034,0.0,0.0
S7,0.223606797749979,0,120,930023,930035,0.0,0.0
S7,0.223606797749979,0,120,930023,930036,0.0,0.0
S7,0.223606797749979,0,120,930023,930037,0.0,0.0
S7,0.223606797749979,0,120,930023,930038,0.0,0.0
S7,0.223606797749979,0,120,930023,930039,0.0,0.0
S7,0.223606797749979,0,120,930023,930040,0.0,0.0
S7,0.223606797749979,0,120,930023,930041,0.0,0.0
S7,0.223606797749979,0,120,930023,930042,0.0,0.0
S7,0.223606797749979,0,120,930023,930043,0.0,0.0
S7,0.223606797749979,0,120,930023,930044,0.0,0.0
S7,0.223606797749979,0,120,930023,930045,0.0,0.0
S7,0.223606797749979,0,120,930023,930046,0.0,0.0
S7,0.223606797749979,0,120,930023,930047,0.0,0.0
S7,0.223606797749979,0,120,930023,930048,0.0,0.0
S7,0.223606797749979,0,120,930023,930049,0.0,0.0
S7,0.223606797749979,0,120,930023,930050,0.0,0.0
S7,0.223606797749979,0,120,930023,930051,0.0,0.0
S7,0.223606797749979,0,120,930023,930052,0.0,0.0
S7,0.223606797749979,0,120,930023,930053,0.0,0.0
S7,0.223606797749979,0,120,930023,930054,0.0,0.0
S7,0.223606797749979,0,120,930023,930055,0.0,0.0
S7,0.223606797749979,0,120,930023,930056,0.0,0.0
S7,0.223606797749979,0,120,930023,930057,0.0,0.0
S7,0.223606797749979,0,120,930023,930058,0.0,0.0
S7,0.223606797749979,0,120,930023,930059,0.0,0.0
S7,0.223606797749979,0,120,930023,930060,0.0,0.0
S7,0.223606797749979,0,120,930023,930061,0.0,0.0
S7,0.223606797749979,0,120,930023,930062,0.0,0.0
S7,0.223606797749979,0,120,930023,930063,0.0,0.0
S7,0.223606797749979,0,120,930023,930064,0.0,0.0
S7,0.223606797749979,0,120,930023,930065,0.0,0.0
S7,0.223606797749979,0,120,930023,930066,0.0,0.0
S7,0.223606797749979,0,120,930023,930067,0.0,0.0
S7,0.223606797749979,0,120,930023,930068,0.0,0.0
S7,0.223606797749979,0,120,930023,930069,0.0,0.0
S7,0.223606797749979,0,120,930023,930070,0.0,0.0
S7,0.223606797749979,0,120,930023,930071,0.0,0.0
S7,0.223606797749979,0,120,930023,930072,0.0,0.0
S7,0.223606797749979,0,120,930023,930073,0.0,0.0
S7,0.223606797749979,0,120,930023,930074,0.0,0.0
S7,0.223606797749979,0,120,930023,930075,0.0,0.0
S7,0.223606797749979,0,120,930023,930076,0.0,0.0
S7,0.223606797749979,0,120,930023,930077,0.0,0.0
S7,0.223606797749979,0,120,930023,930078,0.0,0.0
S7,0.223606797749979,0,120,930023,930079,0.0,0.0
S7,0.223606797749979,0,120,930023,930080,0.0,0.0
S7,0.223606797749979,0,120,930023,930081,0.0,0.0
S7,0.223606797749979,0,120,930023,930082,0.0,0.0
S7,0.223606797749979,0,120,930023,930083,0.0,0.0
S7,0.223606797749979,0,120,930023,930084,0.0,0.0
S7,0.223606797749979,0,120,930023,930085,0.0,0.0
S7,0.223606797749979,0,120,930023,930086,0.0,0.0
S7,0.223606797749979,0,120,930023,930087,0.0,0.0
S7,0.223606797749979,0,120,930023,930088,0.0,0.0
S7,0.223606797749979,0,120,930023,930089,0.0,0.0
S7,0.223606797749979,0,120,930023,930090,0.0,0.0
S7,0.223606797749979,0,120,930023,930091,0.0,0.0
S7,0.223606797749979,0,120,930023,930092,0.0,0.0
S7,0.223606797749979,0,120,930023,930093,0.0,0.0
S7,0.223606797749979,0,120,930023,930094,0.0,0.0
S7,0.223606797749979,0,120,930023,930095,0.0,0.0
S7,0.223606797749979,0,120,930023,930096,0.0,0.0
S7,0.223606797749979,0,120,930023,930097,0.0,0.0
S7,0.223606797749979,0,120,930023,930098,0.0,0.0
S7,0.223606797749979,0,120,930023,930099,0.0,0.0
S7,0.223606797749979,0,120,930023,930100,0.0,0.0
S7,0.223606797749979,0,120,930024,930025,0.0,0.0
S7,0.223606797749979,0,120,930024,930026,0.0,0.0
S7,0.223606797749979,0,120,930024,930027,0.0,0.0
S7,0.223606797749979,0,120,930024,930028,0.0,0.0
S7,0.223606797749979,0,120,930024,930029,0.0,0.0
S7,0.223606797749979,0,120,930024,930030,0.0,0.0
S7,0.223606797749979,0,120,930024,930031,0.0,0.0
S7,0.223606797749979,0,120,930024,930032,0.0,0.0
S7,0.223606797749979,0,120,930024,930033,0.0,0.0
S7,0.223606797749979,0,120,930024,930034,0.0,0.0
S7,0.223606797749979,0,120,930024,930035,0.0,0.0
S7,0.223606797749979,0,120,930024,930036,0.0,0.0
S7,0.223606797749979,0,120,930024,930037,0.0,0.0
S7,0.223606797749979,0,120,930024,930038,0.0,0.0
S7,0.223606797749979,0,120,930024,930039,0.0,0.0
S7,0.223606797749979,0,120,930024,930040,0.0,0.0
S7,0.223606797749979,0,120,930024,930041,0.0,0.0
S7,0.223606797749979,0,120,930024,930042,0.0,0.0
S7,0.223606797749979,0,120,930024,930043,0.0,0.0
S7,0.223606797749979,0,120,930024,930044,0.0,0.0
S7,0.223606797749979,0,120,930024,930045,0.0,0.0
S7,0.223606797749979,0,120,930024,930046,0.0,0.0
S7,0.223606797749979,0,120,930024,930047,0.0,0.0
S7,0.223606797749979,0,120,930024,930048,0.0,0.0
S7,0.223606797749979,0,120,930024,930049,0.0,0.0
S7,0.223606797749979,0,120,930024,930050,0.0,0.0
S7,0.223606797749979,0,120,930024,930051,0.0,0.0
S7,0.223606797749979,0,120,930024,930052,0.0,0.0
S7,0.223606797749979,0,120,930024,930053,0.0,0.0
S7,0.223606797749979,0,120,930024,930054,0.0,0.0
S7,0.223606797749979,0,120,930024,930055,0.0,0.0
S7,0.223606797749979,0,120,930024,930056,0.0,0.0
S7,0.223606797749979,0,120,930024,930057,0.0,0.0
S7,0.223606797749979,0,120,930024,930058,0.0,0.0
S7,0.223606797749979,0,120,930024,930059,0.0,0.0
S7,0.223606797749979,0,120,930024,930060,0.0,0.0
S7,0.223606797749979,0,120,930024,930061,0.0,0.0
S7,0.223606797749979,0,120,930024,930062,0.0,0.0
S7,0.223606797749979,0,120,930024,930063,0.0,0.0
S7,0.223606797749979,0,120,930024,930064,0.0,0.0
S7,0.223606797749979,0,120,930024,930065,0.0,0.0
S7,0.223606797749979,0,120,930024,930066,0.0,0.0
S7,0.223606797749979,0,120,930024,930067,0.0,0.0
S7,0.223606797749979,0,120,930024,930068,0.0,0.0
S7,0.223606797749979,0,120,930024,930069,0.0,0.0
S7,0.223606797749979,0,120,930024,930070,0.0,0.0
S7,0.223606797749979,0,120,930024,930071,0.0,0.0
S7,0.223606797749979,0,120,930024,930072,0.0,0.0
S7,0.223606797749979,0,120,930024,930073,0.0,0.0
S7,0.223606797749979,0,120,930024,930074,0.0,0.0
S7,0.223606797749979,0,120,930024,930075,0.0,0.0
S7,0.223606797749979,0,120,930024,930076,0.0,0.0
S7,0.223606797749979,0,120,930024,930077,0.0,0.0
S7,0.223606797749979,0,120,930024,930078,0.0,0.0
S7,0.223606797749979,0,120,930024,930079,0.0,0.0
S7,0.223606797749979,0,120,930024,930080,0.0,0.0
S7,0.223606797749979,0,120,930024,930081,0.0,0.0
S7,0.223606797749979,0,120,930024,930082,0.0,0.0
S7,0.223606797749979,0,120,930024,930083,0.0,0.0
S7,0.223606797749979,0,120,930024,930084,0.0,0.0
S7,0.223606797749979,0,120,930024,930085,0.0,0.0
S7,0.223606797749979,0,120,930024,930086,0.0,0.0
S7,0.223606797749979,0,120,930024,930087,0.0,0.0
S7,0.223606797749979,0,120,930024,930088,0.0,0.0
S7,0.223606797749979,0,120,930024,930089,0.0,0.0
S7,0.223606797749979,0,120,930024,930090,0.0,0.0
S7,0.223606797749979,0,120,930024,930091,0.0,0.0
S7,0.223606797749979,0,120,930024,930092,0.0,0.0
S7,0.223606797749979,0,120,930024,930093,0.0,0.0
S7,0.223606797749979,0,120,930024,930094,0.0,0.0
S7,0.223606797749979,0,120,930024,930095,0.0,0.0
S7,0.223606797749979,0,120,930024,930096,0.0,0.0
S7,0.223606797749979,0,120,930024,930097,0.0,0.0
S7,0.223606797749979,0,120,930024,930098,0.0,0.0
S7,0.223606797749979,0,120,930024,930099,0.0,0.0
S7,0.223606797749979,0,120,930024,930100,0.0,0.0
S7,0.223606797749979,0,120,930025,930026,0.0,0.0
S7,0.223606797749979,0,120,930025,930027,0.0,0.0
S7,0.223606797749979,0,120,930025,930028,0.0,0.0
S7,0.223606797749979,0,120,930025,930029,0.0,0.0
S7,0.223606797749979,0,120,930025,930030,0.0,0.0
S7,0.223606797749979,0,120,930025,930031,0.0,0.0
S7,0.223606797749979,0,120,930025,930032,0.0,0.0
S7,0.223606797749979,0,120,930025,930033,0.0,0.0
S7,0.223606797749979,0,120,930025,930034,0.0,0.0
S7,0.223606797749979,0,120,930025,930035,0.0,0.0
S7,0.223606797749979,0,120,930025,930036,0.0,0.0
S7,0.223606797749979,0,120,930025,930037,0.0,0.0
S7,0.223606797749979,0,120,930025,930038,0.0,0.0
S7,0.223606797749979,0,120,930025,930039,0.0,0.0
S7,0.223606797749979,0,120,930025,930040,0.0,0.0
S7,0.223606797749979,0,120,930025,930041,0.0,0.0
S7,0.223606797749979,0,120,930025,930042,0.0,0.0
S7,0.223606797749979,0,120,930025,930043,0.0,0.0
S7,0.223606797749979,0,120,930025,930044,0.0,0.0
S7,0.223606797749979,0,120,930025,930045,0.0,0.0
S7,0.223606797749979,0,120,930025,930046,0.0,0.0
S7,0.223606797749979,0,120,930025,930047,0.0,0.0
S7,0.223606797749979,0,120,930025,930048,0.0,0.0
S7,0.223606797749979,0,120,930025,930049,0.0,0.0
S7,0.223606797749979,0,120,930025,930050,0.0,0.0
S7,0.223606797749979,0,120,930025,930051,0.0,0.0
S7,0.223606797749979,0,120,930025,930052,0.0,0.0
S7,0.223606797749979,0,120,930025,930053,0.0,0.0
S7,0.223606797749979,0,120,930025,930054,0.0,0.0
S7,0.223606797749979,0,120,930025,930055,0.0,0.0
S7,0.223606797749979,0,120,930025,930056,0.0,0.0
S7,0.223606797749979,0,120,930025,930057,0.0,0.0
S7,0.223606797749979,0,120,930025,930058,0.0,0.0
S7,0.223606797749979,0,120,930025,930059,0.0,0.0
S7,0.223606797749979,0,120,930025,930060,0.0,0.0
S7,0.223606797749979,0,120,930025,930061,0.0,0.0
S7,0.223606797749979,0,120,930025,930062,0.0,0.0
S7,0.223606797749979,0,120,930025,930063,0.0,0.0
S7,0.223606797749979,0,120,930025,930064,0.0,0.0
S7,0.223606797749979,0,120,930025,930065,0.0,0.0
S7,0.223606797749979,0,120,930025,930066,0.0,0.0
S7,0.223606797749979,0,120,930025,930067,0.0,0.0
S7,0.223606797749979,0,120,930025,930068,0.0,0.0
S7,0.223606797749979,0,120,930025,930069,0.0,0.0
S7,0.223606797749979,0,120,930025,930070,0.0,0.0
S7,0.223606797749979,0,120,930025,930071,0.0,0.0
S7,0.223606797749979,0,120,930025,930072,0.0,0.0
S7,0.223606797749979,0,120,930025,930073,0.0,0.0
S7,0.223606797749979,0,120,930025,930074,0.0,0.0
S7,0.223606797749979,0,120,930025,930075,0.0,0.0
S7,0.223606797749979,0,120,930025,930076,0.0,0.0
S7,0.223606797749979,0,120,930025,930077,0.0,0.0
S7,0.223606797749979,0,120,930025,930078,0.0,0.0
S7,0.223606797749979,0,120,930025,930079,0.0,0.0
S7,0.223606797749979,0,120,930025,930080,0.0,0.0
S7,0.223606797749979,0,120,930025,930081,0.0,0.0
S7,0.223606797749979,0,120,930025,930082,0.0,0.0
S7,0.223606797749979,0,120,930025,930083,0.0,0.0
S7,0.223606797749979,0,120,930025,930084,0.0,0.0
S7,0.223606797749979,0,120,930025,930085,0.0,0.0
S7,0.223606797749979,0,120,930025,930086,0.0,0.0
S7,0.223606797749979,0,120,930025,930087,0.0,0.0
S7,0.223606797749979,0,120,930025,930088,0.0,0.0
S7,0.223606797749979,0,120,930025,930089,0.0,0.0
S7,0.223606797749979,0,120,930025,930090,0.0,0.0
S7,0.223606797749979,0,120,930025,930091,0.0,0.0
S7,0.223606797749979,0,120,930025,930092,0.0,0.0
S7,0.223606797749979,0,120,930025,930093,0.0,0.0
S7,0.223606797749979,0,120,930025,930094,0.0,0.0
S7,0.223606797749979,0,120,930025,930095,0.0,0.0
S7,0.223606797749979,0,120,930025,930096,0.0,0.0
S7,0.223606797749979,0,120,930025,930097,0.0,0.0
S7,0.223606797749979,0,120,930025,930098,0.0,0.0
S7,0.223606797749979,0,120,930025,930099,0.0,0.0
S7,0.223606797749979,0,120,930025,930100,0.0,0.0
S7,0.223606797749979,0,120,930026,930027,0.0,0.0
S7,0.223606797749979,0,120,930026,930028,0.0,0.0
S7,0.223606797749979,0,120,930026,930029,0.0,0.0
S7,0.223606797749979,0,120,930026,930030,0.0,0.0
S7,0.223606797749979,0,120,930026,930031,0.0,0.0
S7,0.223606797749979,0,120,930026,930032,0.0,0.0
S7,0.223606797749979,0,120,930026,930033,0.0,0.0
S7,0.223606797749979,0,120,930026,930034,0.0,0.0
S7,0.223606797749979,0,120,930026,930035,0.0,0.0
S7,0.223606797749979,0,120,930026,930036,0.0,0.0
S7,0.223606797749979,0,120,930026,930037,0.0,0.0
S7,0.223606797749979,0,120,930026,930038,0.0,0.0
S7,0.223606797749979,0,120,930026,930039,0.0,0.0
S7,0.223606797749979,0,120,930026,930040,0.0,0.0
S7,0.223606797749979,0,120,930026,930041,0.0,0.0
S7,0.223606797749979,0,120,930026,930042,0.0,0.0
S7,0.223606797749979,0,120,930026,930043,0.0,0.0
S7,0.223606797749979,0,120,930026,930044,0.0,0.0
S7,0.223606797749979,0,120,930026,930045,0.0,0.0
S7,0.223606797749979,0,120,930026,930046,0.0,0.0
S7,0.223606797749979,0,120,930026,930047,0.0,0.0
S7,0.223606797749979,0,120,930026,930048,0.0,0.0
S7,0.223606797749979,0,120,930026,930049,0.0,0.0
S7,0.223606797749979,0,120,930026,930050,0.0,0.0
S7,0.223606797749979,0,120,930026,930051,0.0,0.0
S7,0.223606797749979,0,120,930026,930052,0.0,0.0
S7,0.223606797749979,0,120,930026,930053,0.0,0.0
S7,0.223606797749979,0,120,930026,930054,0.0,0.0
S7,0.223606797749979,0,120,930026,930055,0.0,0.0
S7,0.223606797749979,0,120,930026,930056,0.0,0.0
S7,0.223606797749979,0,120,930026,930057,0.0,0.0
S7,0.223606797749979,0,120,930026,930058,0.0,0.0
S7,0.223606797749979,0,120,930026,930059,0.0,0.0
S7,0.223606797749979,0,120,930026,930060,0.0,0.0
S7,0.223606797749979,0,120,930026,930061,0.0,0.0
S7,0.223606797749979,0,120,930026,930062,0.0,0.0
S7,0.223606797749979,0,120,930026,930063,0.0,0.0
S7,0.223606797749979,0,120,930026,930064,0.0,0.0
S7,0.223606797749979,0,120,930026,930065,0.0,0.0
S7,0.223606797749979,0,120,930026,930066,0.0,0.0
S7,0.223606797749979,0,120,930026,930067,0.0,0.0
S7,0.223606797749979,0,120,930026,930068,0.0,0.0
S7,0.223606797749979,0,120,930026,930069,0.0,0.0
S7,0.223606797749979,0,120,930026,930070,0.0,0.0
S7,0.223606797749979,0,120,930026,930071,0.0,0.0
S7,0.223606797749979,0,120,930026,930072,0.0,0.0
S7,0.223606797749979,0,120,930026,930073,0.0,0.0
S7,0.223606797749979,0,120,930026,930074,0.0,0.0
S7,0.223606797749979,0,120,930026,930075,0.0,0.0
S7,0.223606797749979,0,120,930026,930076,0.0,0.0
S7,0.223606797749979,0,120,930026,930077,0.0,0.0
S7,0.223606797749979,0,120,930026,930078,0.0,0.0
S7,0.223606797749979,0,120,930026,930079,0.0,0.0
S7,0.223606797749979,0,120,930026,930080,0.0,0.0
S7,0.223606797749979,0,120,930026,930081,0.0,0.0
S7,0.223606797749979,0,120,930026,930082,0.0,0.0
S7,0.223606797749979,0,120,930026,930083,0.0,0.0
S7,0.223606797749979,0,120,930026,930084,0.0,0.0
S7,0.223606797749979,0,120,930026,930085,0.0,0.0
S7,0.223606797749979,0,120,930026,930086,0.0,0.0
S7,0.223606797749979,0,120,930026,930087,0.0,0.0
S7,0.223606797749979,0,120,930026,930088,0.0,0.0
S7,0.223606797749979,0,120,930026,930089,0.0,0.0
S7,0.223606797749979,0,120,930026,930090,0.0,0.0
S7,0.223606797749979,0,120,930026,930091,0.0,0.0
S7,0.223606797749979,0,120,930026,930092,0.0,0.0
S7,0.223606797749979,0,120,930026,930093,0.0,0.0
S7,0.223606797749979,0,120,930026,930094,0.0,0.0
S7,0.223606797749979,0,120,930026,930095,0.0,0.0
S7,0.223606797749979,0,120,930026,930096,0.0,0.0
S7,0.223606797749979,0,120,930026,930097,0.0,0.0
S7,0.223606797749979,0,120,930026,930098,0.0,0.0
S7,0.223606797749979,0,120,930026,930099,0.0,0.0
S7,0.223606797749979,0,120,930026,930100,0.0,0.0
S7,0.223606797749979,0,120,930027,930028,0.0,0.0
S7,0.223606797749979,0,120,930027,930029,0.0,0.0
S7,0.223606797749979,0,120,930027,930030,0.0,0.0
S7,0.223606797749979,0,120,930027,930031,0.0,0.0
S7,0.223606797749979,0,120,930027,930032,0.0,0.0
S7,0.223606797749979,0,120,930027,930033,0.0,0.0
S7,0.223606797749979,0,120,930027,930034,0.0,0.0
S7,0.223606797749979,0,120,930027,930035,0.0,0.0
S7,0.223606797749979,0,120,930027,930036,0.0,0.0
S7,0.223606797749979,0,120,930027,930037,0.0,0.0
S7,0.223606797749979,0,120,930027,930038,0.0,0.0
S7,0.223606797749979,0,120,930027,930039,0.0,0.0
S7,0.223606797749979,0,120,930027,930040,0.0,0.0
S7,0.223606797749979,0,120,930027,930041,0.0,0.0
S7,0.223606797749979,0,120,930027,930042,0.0,0.0
S7,0.223606797749979,0,120,930027,930043,0.0,0.0
S7,0.223606797749979,0,120,930027,930044,0.0,0.0
S7,0.223606797749979,0,120,930027,930045,0.0,0.0
S7,0.223606797749979,0,120,930027,930046,0.0,0.0
S7,0.223606797749979,0,120,930027,930047,0.0,0.0
S7,0.223606797749979,0,120,930027,930048,0.0,0.0
S7,0.223606797749979,0,120,930027,930049,0.0,0.0
S7,0.223606797749979,0,120,930027,930050,0.0,0.0
S7,0.223606797749979,0,120,930027,930051,0.0,0.0
S7,0.223606797749979,0,120,930027,930052,0.0,0.0
S7,0.223606797749979,0,120,930027,930053,0.0,0.0
S7,0.223606797749979,0,120,930027,930054,0.0,0.0
S7,0.223606797749979,0,120,930027,930055,0.0,0.0
S7,0.223606797749979,0,120,930027,930056,0.0,0.0
S7,0.223606797749979,0,120,930027,930057,0.0,0.0
S7,0.223606797749979,0,120,930027,930058,0.0,0.0
S7,0.223606797749979,0,120,930027,930059,0.0,0.0
S7,0.223606797749979,0,120,930027,930060,0.0,0.0
S7,0.223606797749979,0,120,930027,930061,0.0,0.0
S7,0.223606797749979,0,120,930027,930062,0.0,0.0
S7,0.223606797749979,0,120,930027,930063,0.0,0.0
S7,0.223606797749979,0,120,930027,930064,0.0,0.0
S7,0.223606797749979,0,120,930027,930065,0.0,0.0
S7,0.223606797749979,0,120,930027,930066,0.0,0.0
S7,0.223606797749979,0,120,930027,930067,0.0,0.0
S7,0.223606797749979,0,120,930027,930068,0.0,0.0
S7,0.223606797749979,0,120,930027,930069,0.0,0.0
S7,0.223606797749979,0,120,930027,930070,0.0,0.0
S7,0.223606797749979,0,120,930027,930071,0.0,0.0
S7,0.223606797749979,0,120,930027,930072,0.0,0.0
S7,0.223606797749979,0,120,930027,930073,0.0,0.0
S7,0.223606797749979,0,120,930027,930074,0.0,0.0
S7,0.223606797749979,0,120,930027,930075,0.0,0.0
S7,0.223606797749979,0,120,930027,930076,0.0,0.0
S7,0.223606797749979,0,120,930027,930077,0.0,0.0
S7,0.223606797749979,0,120,930027,930078,0.0,0.0
S7,0.223606797749979,0,120,930027,930079,0.0,0.0
S7,0.223606797749979,0,120,930027,930080,0.0,0.0
S7,0.223606797749979,0,120,930027,930081,0.0,0.0
S7,0.223606797749979,0,120,930027,930082,0.0,0.0
S7,0.223606797749979,0,120,930027,930083,0.0,0.0
S7,0.223606797749979,0,120,930027,930084,0.0,0.0
S7,0.223606797749979,0,120,930027,930085,0.0,0.0
S7,0.223606797749979,0,120,930027,930086,0.0,0.0
S7,0.223606797749979,0,120,930027,930087,0.0,0.0
S7,0.223606797749979,0,120,930027,930088,0.0,0.0
S7,0.223606797749979,0,120,930027,930089,0.0,0.0
S7,0.223606797749979,0,120,930027,930090,0.0,0.0
S7,0.223606797749979,0,120,930027,930091,0.0,0.0
S7,0.223606797749979,0,120,930027,930092,0.0,0.0
S7,0.223606797749979,0,120,930027,930093,0.0,0.0
S7,0.223606797749979,0,120,930027,930094,0.0,0.0
S7,0.223606797749979,0,120,930027,930095,0.0,0.0
S7,0.223606797749979,0,120,930027,930096,0.0,0.0
S7,0.223606797749979,0,120,930027,930097,0.0,0.0
S7,0.223606797749979,0,120,930027,930098,0.0,0.0
S7,0.223606797749979,0,120,930027,930099,0.0,0.0
S7,0.223606797749979,0,120,930027,930100,0.0,0.0
S7,0.223606797749979,0,120,930028,930029,0.0,0.0
S7,0.223606797749979,0,120,930028,930030,0.0,0.0
S7,0.223606797749979,0,120,930028,930031,0.0,0.0
S7,0.223606797749979,0,120,930028,930032,0.0,0.0
S7,0.223606797749979,0,120,930028,930033,0.0,0.0
S7,0.223606797749979,0,120,930028,930034,0.0,0.0
S7,0.223606797749979,0,120,930028,930035,0.0,0.0
S7,0.223606797749979,0,120,930028,930036,0.0,0.0
S7,0.223606797749979,0,120,930028,930037,0.0,0.0
S7,0.223606797749979,0,120,930028,930038,0.0,0.0
S7,0.223606797749979,0,120,930028,930039,0.0,0.0
S7,0.223606797749979,0,120,930028,930040,0.0,0.0
S7,0.223606797749979,0,120,930028,930041,0.0,0.0
S7,0.223606797749979,0,120,930028,930042,0.0,0.0
S7,0.223606797749979,0,120,930028,930043,0.0,0.0
S7,0.223606797749979,0,120,930028,930044,0.0,0.0
S7,0.223606797749979,0,120,930028,930045,0.0,0.0
S7,0.223606797749979,0,120,930028,930046,0.0,0.0
S7,0.223606797749979,0,120,930028,930047,0.0,0.0
S7,0.223606797749979,0,120,930028,930048,0.0,0.0
S7,0.223606797749979,0,120,930028,930049,0.0,0.0
S7,0.223606797749979,0,120,930028,930050,0.0,0.0
S7,0.223606797749979,0,120,930028,930051,0.0,0.0
S7,0.223606797749979,0,120,930028,930052,0.0,0.0
S7,0.223606797749979,0,120,930028,930053,0.0,0.0
S7,0.223606797749979,0,120,930028,930054,0.0,0.0
S7,0.223606797749979,0,120,930028,930055,0.0,0.0
S7,0.223606797749979,0,120,930028,930056,0.0,0.0
S7,0.223606797749979,0,120,930028,930057,0.0,0.0
S7,0.223606797749979,0,120,930028,930058,0.0,0.0
S7,0.223606797749979,0,120,930028,930059,0.0,0.0
S7,0.223606797749979,0,120,930028,930060,0.0,0.0
S7,0.223606797749979,0,120,930028,930061,0.0,0.0
S7,0.223606797749979,0,120,930028,930062,0.0,0.0
S7,0.223606797749979,0,120,930028,930063,0.0,0.0
S7,0.223606797749979,0,120,930028,930064,0.0,0.0
S7,0.223606797749979,0,120,930028,930065,0.0,0.0
S7,0.223606797749979,0,120,930028,930066,0.0,0.0
S7,0.223606797749979,0,120,930028,930067,0.0,0.0
S7,0.223606797749979,0,120,930028,930068,0.0,0.0
S7,0.223606797749979,0,120,930028,930069,0.0,0.0
S7,0.223606797749979,0,120,930028,930070,0.0,0.0
S7,0.223606797749979,0,120,930028,930071,0.0,0.0
S7,0.223606797749979,0,120,930028,930072,0.0,0.0
S7,0.223606797749979,0,120,930028,930073,0.0,0.0
S7,0.223606797749979,0,120,930028,930074,0.0,0.0
S7,0.223606797749979,0,120,930028,930075,0.0,0.0
S7,0.223606797749979,0,120,930028,930076,0.0,0.0
S7,0.223606797749979,0,120,930028,930077,0.0,0.0
S7,0.223606797749979,0,120,930028,930078,0.0,0.0
S7,0.223606797749979,0,120,930028,930079,0.0,0.0
S7,0.223606797749979,0,120,930028,930080,0.0,0.0
S7,0.223606797749979,0,120,930028,930081,0.0,0.0
S7,0.223606797749979,0,120,930028,930082,0.0,0.0
S7,0.223606797749979,0,120,930028,930083,0.0,0.0
S7,0.223606797749979,0,120,930028,930084,0.0,0.0
S7,0.223606797749979,0,120,930028,930085,0.0,0.0
S7,0.223606797749979,0,120,930028,930086,0.0,0.0
S7,0.223606797749979,0,120,930028,930087,0.0,0.0
S7,0.223606797749979,0,120,930028,930088,0.0,0.0
S7,0.223606797749979,0,120,930028,930089,0.0,0.0
S7,0.223606797749979,0,120,930028,930090,0.0,0.0
S7,0.223606797749979,0,120,930028,930091,0.0,0.0
S7,0.223606797749979,0,120,930028,930092,0.0,0.0
S7,0.223606797749979,0,120,930028,930093,0.0,0.0
S7,0.223606797749979,0,120,930028,930094,0.0,0.0
S7,0.223606797749979,0,120,930028,930095,0.0,0.0
S7,0.223606797749979,0,120,930028,930096,0.0,0.0
S7,0.223606797749979,0,120,930028,930097,0.0,0.0
S7,0.223606797749979,0,120,930028,930098,0.0,0.0
S7,0.223606797749979,0,120,930028,930099,0.0,0.0
S7,0.223606797749979,0,120,930028,930100,0.0,0.0
S7,0.223606797749979,0,120,930029,930030,0.0,0.0
S7,0.223606797749979,0,120,930029,930031,0.0,0.0
S7,0.223606797749979,0,120,930029,930032,0.0,0.0
S7,0.223606797749979,0,120,930029,930033,0.0,0.0
S7,0.223606797749979,0,120,930029,930034,0.0,0.0
S7,0.223606797749979,0,120,930029,930035,0.0,0.0
S7,0.223606797749979,0,120,930029,930036,0.0,0.0
S7,0.223606797749979,0,120,930029,930037,0.0,0.0
S7,0.223606797749979,0,120,930029,930038,0.1464968152866242,0.1464968152866242
S7,0.223606797749979,0,120,930029,930039,0.0,0.0
S7,0.223606797749979,0,120,930029,930040,0.0,0.0
S7,0.223606797749979,0,120,930029,930041,0.0,0.0
S7,0.223606797749979,0,120,930029,930042,0.0,0.0
S7,0.223606797749979,0,120,930029,930043,0.0,0.0
S7,0.223606797749979,0,120,930029,930044,0.0,0.0
S7,0.223606797749979,0,120,930029,930045,0.0,0.0
S7,0.223606797749979,0,120,930029,930046,0.0,0.0
S7,0.223606797749979,0,120,930029,930047,0.0,0.0
S7,0.223606797749979,0,120,930029,930048,0.08620689655172414,0.07692307692307693
S7,0.223606797749979,0,120,930029,930049,0.0,0.0
S7,0.223606797749979,0,120,930029,930050,0.0,0.0
S7,0.223606797749979,0,120,930029,930051,0.12962962962962962,0.12962962962962962
S7,0.223606797749979,0,120,930029,930052,0.14743589743589744,0.14743589743589744
S7,0.223606797749979,0,120,930029,930053,0.0,0.0
S7,0.223606797749979,0,120,930029,930054,0.0,0.0
S7,0.223606797749979,0,120,930029,930055,0.0,0.0
S7,0.223606797749979,0,120,930029,930056,0.13861386138613863,0.13861386138613863
S7,0.223606797749979,0,120,930029,930057,0.0,0.0
S7,0.223606797749979,0,120,930029,930058,0.0,0.0
S7,0.223606797749979,0,120,930029,930059,0.0761904761904762,0.0761904761904762
S7,0.223606797749979,0,120,930029,930060,0.0,0.0
S7,0.223606797749979,0,120,930029,930061,0.0,0.0
S7,0.223606797749979,0,120,930029,930062,0.0,0.0
S7,0.223606797749979,0,120,930029,930063,0.0,0.0
S7,0.223606797749979,0,120,930029,930064,0.0,0.0
S7,0.223606797749979,0,120,930029,930065,0.0,0.0
S7,0.223606797749979,0,120,930029,930066,0.0,0.0
S7,0.223606797749979,0,120,930029,930067,0.0,0.0
S7,0.223606797749979,0,120,930029,930068,0.0,0.0
S7,0.223606797749979,0,120,930029,930069,0.0,0.0
S7,0.223606797749979,0,120,930029,930070,0.0,0.0
S7,0.223606797749979,0,120,930029,930071,0.09734513274336283,0.09734513274336283
S7,0.223606797749979,0,120,930029,930072,0.0,0.0
S7,0.223606797749979,0,120,930029,930073,0.0,0.0
S7,0.223606797749979,0,120,930029,930074,0.0,0.0
S7,0.223606797749979,0,120,930029,930075,0.0,0.0
S7,0.223606797749979,0,120,930029,930076,0.0,0.0
S7,0.223606797749979,0,120,930029,930077,0.0,0.0
S7,0.223606797749979,0,120,930029,930078,0.0,0.0
S7,0.223606797749979,0,120,930029,930079,0.0,0.0
S7,0.223606797749979,0,120,930029,930080,0.0,0.0
S7,0.223606797749979,0,120,930029,930081,0.0,0.0
S7,0.223606797749979,0,120,930029,930082,0.0,0.0
S7,0.223606797749979,0,120,930029,930083,0.0,0.0
S7,0.223606797749979,0,120,930029,930084,0.0,0.0
S7,0.223606797749979,0,120,930029,930085,0.0,0.0
S7,0.223606797749979,0,120,930029,930086,0.0,0.0
S7,0.223606797749979,0,120,930029,930087,0.12149532710280374,0.12149532710280374
S7,0.223606797749979,0,120,930029,930088,0.10091743119266056,0.10091743119266056
S7,0.223606797749979,0,120,930029,930089,0.0,0.0
S7,0.223606797749979,0,120,930029,930090,0.0,0.0
S7,0.223606797749979,0,120,930029,930091,0.09482758620689655,0.09482758620689655
S7,0.223606797749979,0,120,930029,930092,0.0,0.0
S7,0.223606797749979,0,120,930029,930093,0.1415929203539823,0.1415929203539823
S7,0.223606797749979,0,120,930029,930094,0.0,0.0
S7,0.223606797749979,0,120,930029,930095,0.0,0.0
S7,0.223606797749979,0,120,930029,930096,0.0,0.0
S7,0.223606797749979,0,120,930029,930097,0.12037037037037036,0.12037037037037036
S7,0.223606797749979,0,120,930029,930098,0.0,0.0
S7,0.223606797749979,0,120,930029,930099,0.0,0.0
S7,0.223606797749979,0,120,930029,930100,0.0,0.0
S7,0.223606797749979,0,120,930030,930031,0.0,0.0
S7,0.223606797749979,0,120,930030,930032,0.0,0.0
S7,0.223606797749979,0,120,930030,930033,0.0,0.0
S7,0.223606797749979,0,120,930030,930034,0.0,0.0
S7,0.223606797749979,0,120,930030,930035,0.0,0.0
S7,0.223606797749979,0,120,930030,930036,0.0,0.0
S7,0.223606797749979,0,120,930030,930037,0.0,0.0
S7,0.223606797749979,0,120,930030,930038,0.0,0.0
S7,0.223606797749979,0,120,930030,930039,0.0,0.0
S7,0.223606797749979,0,120,930030,930040,0.0,0.0
S7,0.223606797749979,0,120,930030,930041,0.0,0.0
S7,0.223606797749979,0,120,930030,930042,0.0,0.0
S7,0.223606797749979,0,120,930030,930043,0.0,0.0
S7,0.223606797749979,0,120,930030,930044,0.0,0.0
S7,0.223606797749979,0,120,930030,930045,0.0,0.0
S7,0.223606797749979,0,120,930030,930046,0.0,0.0
S7,0.223606797749979,0,120,930030,930047,0.0,0.0
S7,0.223606797749979,0,120,930030,930048,0.0,0.0
S7,0.223606797749979,0,120,930030,930049,0.0,0.0
S7,0.223606797749979,0,120,930030,930050,0.0,0.0
S7,0.223606797749979,0,120,930030,930051,0.0,0.0
S7,0.223606797749979,0,120,930030,930052,0.0,0.0
S7,0.223606797749979,0,120,930030,930053,0.0,0.0
S7,0.223606797749979,0,120,930030,930054,0.0,0.0
S7,0.223606797749979,0,120,930030,930055,0.0,0.0
S7,0.223606797749979,0,120,930030,930056,0.0,0.0
S7,0.223606797749979,0,120,930030,930057,0.0,0.0
S7,0.223606797749979,0,120,930030,930058,0.0,0.0
S7,0.223606797749979,0,120,930030,930059,0.0,0.0
S7,0.223606797749979,0,120,930030,930060,0.0,0.0
S7,0.223606797749979,0,120,930030,930061,0.0,0.0
S7,0.223606797749979,0,120,930030,930062,0.0,0.0
S7,0.223606797749979,0,120,930030,930063,0.0,0.0
S7,0.223606797749979,0,120,930030,930064,0.0,0.0
S7,0.223606797749979,0,120,930030,930065,0.0,0.0
S7,0.223606797749979,0,120,930030,930066,0.0,0.0
S7,0.223606797749979,0,120,930030,930067,0.0,0.0
S7,0.223606797749979,0,120,930030,930068,0.0,0.0
S7,0.223606797749979,0,120,930030,930069,0.0,0.0
S7,0.223606797749979,0,120,930030,930070,0.0,0.0
S7,0.223606797749979,0,120,930030,930071,0.0,0.0
S7,0.223606797749979,0,120,930030,930072,0.0,0.0
S7,0.223606797749979,0,120,930030,930073,0.0,0.0
S7,0.223606797749979,0,120,930030,930074,0.0,0.0
S7,0.223606797749979,0,120,930030,930075,0.0,0.0
S7,0.223606797749979,0,120,930030,930076,0.0,0.0
S7,0.223606797749979,0,120,930030,930077,0.0,0.0
S7,0.223606797749979,0,120,930030,930078,0.0,0.0
S7,0.223606797749979,0,120,930030,930079,0.0,0.0
S7,0.223606797749979,0,120,930030,930080,0.0,0.0
S7,0.223606797749979,0,120,930030,930081,0.0,0.0
S7,0.223606797749979,0,120,930030,930082,0.0,0.0
S7,0.223606797749979,0,120,930030,930083,0.0,0.0
S7,0.223606797749979,0,120,930030,930084,0.0,0.0
S7,0.223606797749979,0,120,930030,930085,0.0,0.0
S7,0.223606797749979,0,120,930030,930086,0.0,0.0
S7,0.223606797749979,0,120,930030,930087,0.0,0.0
S7,0.223606797749979,0,120,930030,930088,0.0,0.0
S7,0.223606797749979,0,120,930030,930089,0.0,0.0
S7,0.223606797749979,0,120,930030,930090,0.0,0.0
S7,0.223606797749979,0,120,930030,930091,0.0,0.0
S7,0.223606797749979,0,120,930030,930092,0.0,0.0
S7,0.223606797749979,0,120,930030,930093,0.0,0.0
S7,0.223606797749979,0,120,930030,930094,0.0,0.0
S7,0.223606797749979,0,120,930030,930095,0.0,0.0
S7,0.223606797749979,0,120,930030,930096,0.0,0.0
S7,0.223606797749979,0,120,930030,930097,0.0,0.0
S7,0.223606797749979,0,120,930030,930098,0.0,0.0
S7,0.223606797749979,0,120,930030,930099,0.0,0.0
S7,0.223606797749979,0,120,930030,930100,0.0,0.0
S7,0.223606797749979,0,120,930031,930032,0.0,0.0
S7,0.223606797749979,0,120,930031,930033,0.0,0.0
S7,0.223606797749979,0,120,930031,930034,0.0,0.0
S7,0.223606797749979,0,120,930031,930035,0.0,0.0
S7,0.223606797749979,0,120,930031,930036,0.0,0.0
S7,0.223606797749979,0,120,930031,930037,0.0,0.0
S7,0.223606797749979,0,120,930031,930038,0.0,0.0
S7,0.223606797749979,0,120,930031,930039,0.0,0.0
S7,0.223606797749979,0,120,930031,930040,0.0,0.0
S7,0.223606797749979,0,120,930031,930041,0.0,0.0
S7,0.223606797749979,0,120,930031,930042,0.0,0.0
S7,0.223606797749979,0,120,930031,930043,0.0,0.0
S7,0.223606797749979,0,120,930031,930044,0.0,0.0
S7,0.223606797749979,0,120,930031,930045,0.0,0.0
S7,0.223606797749979,0,120,930031,930046,0.0,0.0
S7,0.223606797749979,0,120,930031,930047,0.0,0.0
S7,0.223606797749979,0,120,930031,930048,0.0,0.0
S7,0.223606797749979,0,120,930031,930049,0.0,0.0
S7,0.223606797749979,0,120,930031,930050,0.0,0.0
S7,0.223606797749979,0,120,930031,930051,0.0,0.0
S7,0.223606797749979,0,120,930031,930052,0.0,0.0
S7,0.223606797749979,0,120,930031,930053,0.0,0.0
S7,0.223606797749979,0,120,930031,930054,0.0,0.0
S7,0.223606797749979,0,120,930031,930055,0.0,0.0
S7,0.223606797749979,0,120,930031,930056,0.0,0.0
S7,0.223606797749979,0,120,930031,930057,0.0,0.0
S7,0.223606797749979,0,120,930031,930058,0.0,0.0
S7,0.223606797749979,0,120,930031,930059,0.0,0.0
S7,0.223606797749979,0,120,930031,930060,0.0,0.0
S7,0.223606797749979,0,120,930031,930061,0.0,0.0
S7,0.223606797749979,0,120,930031,930062,0.0,0.0
S7,0.223606797749979,0,120,930031,930063,0.0,0.0
S7,0.223606797749979,0,120,930031,930064,0.0,0.0
S7,0.223606797749979,0,120,930031,930065,0.0,0.0
S7,0.223606797749979,0,120,930031,930066,0.0,0.0
S7,0.223606797749979,0,120,930031,930067,0.0,0.0
S7,0.223606797749979,0,120,930031,930068,0.0,0.0
S7,0.223606797749979,0,120,930031,930069,0.0,0.0
S7,0.223606797749979,0,120,930031,930070,0.0,0.0
S7,0.223606797749979,0,120,930031,930071,0.0,0.0
S7,0.223606797749979,0,120,930031,930072,0.0,0.0
S7,0.223606797749979,0,120,930031,930073,0.0,0.0
S7,0.223606797749979,0,120,930031,930074,0.0,0.0
S7,0.223606797749979,0,120,930031,930075,0.0,0.0
S7,0.223606797749979,0,120,930031,930076,0.0,0.0
S7,0.223606797749979,0,120,930031,930077,0.0,0.0
S7,0.223606797749979,0,120,930031,930078,0.0,0.0
S7,0.223606797749979,0,120,930031,930079,0.0,0.0
S7,0.223606797749979,0,120,930031,930080,0.0,0.0
S7,0.223606797749979,0,120,930031,930081,0.0,0.0
S7,0.223606797749979,0,120,930031,930082,0.0,0.0
S7,0.223606797749979,0,120,930031,930083,0.0,0.0
S7,0.223606797749979,0,120,930031,930084,0.0,0.0
S7,0.223606797749979,0,120,930031,930085,0.0,0.0
S7,0.223606797749979,0,120,930031,930086,0.0,0.0
S7,0.223606797749979,0,120,930031,930087,0.0,0.0
S7,0.223606797749979,0,120,930031,930088,0.0,0.0
S7,0.223606797749979,0,120,930031,930089,0.0,0.0
S7,0.223606797749979,0,120,930031,930090,0.0,0.0
S7,0.223606797749979,0,120,930031,930091,0.0,0.0
S7,0.223606797749979,0,120,930031,930092,0.0,0.0
S7,0.223606797749979,0,120,930031,930093,0.0,0.0
S7,0.223606797749979,0,120,930031,930094,0.0,0.0
S7,0.223606797749979,0,120,930031,930095,0.0,0.0
S7,0.223606797749979,0,120,930031,930096,0.0,0.0
S7,0.223606797749979,0,120,930031,930097,0.0,0.0
S7,0.223606797749979,0,120,930031,930098,0.0,0.0
S7,0.223606797749979,0,120,930031,930099,0.0,0.0
S7,0.223606797749979,0,120,930031,930100,0.0,0.0
S7,0.223606797749979,0,120,930032,930033,0.0,0.0
S7,0.223606797749979,0,120,930032,930034,0.0,0.0
S7,0.223606797749979,0,120,930032,930035,0.0,0.0
S7,0.223606797749979,0,120,930032,930036,0.0,0.0
S7,0.223606797749979,0,120,930032,930037,0.0,0.0
S7,0.223606797749979,0,120,930032,930038,0.0,0.0
S7,0.223606797749979,0,120,930032,930039,0.0,0.0
S7,0.223606797749979,0,120,930032,930040,0.0,0.0
S7,0.223606797749979,0,120,930032,930041,0.0,0.0
S7,0.223606797749979,0,120,930032,930042,0.0,0.0
S7,0.223606797749979,0,120,930032,930043,0.0,0.0
S7,0.223606797749979,0,120,930032,930044,0.0,0.0
S7,0.223606797749979,0,120,930032,930045,0.0,0.0
S7,0.223606797749979,0,120,930032,930046,0.0,0.0
S7,0.223606797749979,0,120,930032,930047,0.0,0.0
S7,0.223606797749979,0,120,930032,930048,0.0,0.0
S7,0.223606797749979,0,120,930032,930049,0.0,0.0
S7,0.223606797749979,0,120,930032,930050,0.0,0.0
S7,0.223606797749979,0,120,930032,930051,0.0,0.0
S7,0.223606797749979,0,120,930032,930052,0.0,0.0
S7,0.223606797749979,0,120,930032,930053,0.0,0.0
S7,0.223606797749979,0,120,930032,930054,0.0,0.0
S7,0.223606797749979,0,120,930032,930055,0.0,0.0
S7,0.223606797749979,0,120,930032,930056,0.0,0.0
S7,0.223606797749979,0,120,930032,930057,0.0,0.0
S7,0.223606797749979,0,120,930032,930058,0.0,0.0
S7,0.223606797749979,0,120,930032,930059,0.0,0.0
S7,0.223606797749979,0,120,930032,930060,0.0,0.0
S7,0.223606797749979,0,120,930032,930061,0.0,0.0
S7,0.223606797749979,0,120,930032,930062,0.0,0.0
S7,0.223606797749979,0,120,930032,930063,0.0,0.0
S7,0.223606797749979,0,120,930032,930064,0.0,0.0
S7,0.223606797749979,0,120,930032,930065,0.0,0.0
S7,0.223606797749979,0,120,930032,930066,0.0,0.0
S7,0.223606797749979,0,120,930032,930067,0.0,0.0
S7,0.223606797749979,0,120,930032,930068,0.0,0.0
S7,0.223606797749979,0,120,930032,930069,0.0,0.0
S7,0.223606797749979,0,120,930032,930070,0.0,0.0
S7,0.223606797749979,0,120,930032,930071,0.0,0.0
S7,0.223606797749979,0,120,930032,930072,0.0,0.0
S7,0.223606797749979,0,120,930032,930073,0.0,0.0
S7,0.223606797749979,0,120,930032,930074,0.0,0.0
S7,0.223606797749979,0,120,930032,930075,0.0,0.0
S7,0.223606797749979,0,120,930032,930076,0.0,0.0
S7,0.223606797749979,0,120,930032,930077,0.0,0.0
S7,0.223606797749979,0,120,930032,930078,0.0,0.0
S7,0.223606797749979,0,120,930032,930079,0.0,0.0
S7,0.223606797749979,0,120,930032,930080,0.0,0.0
S7,0.223606797749979,0,120,930032,930081,0.0,0.0
S7,0.223606797749979,0,120,930032,930082,0.0,0.0
S7,0.223606797749979,0,120,930032,930083,0.0,0.0
S7,0.223606797749979,0,120,930032,930084,0.0,0.0
S7,0.223606797749979,0,120,930032,930085,0.0,0.0
S7,0.223606797749979,0,120,930032,930086,0.0,0.0
S7,0.223606797749979,0,120,930032,930087,0.0,0.0
S7,0.223606797749979,0,120,930032,930088,0.0,0.0
S7,0.223606797749979,0,120,930032,930089,0.0,0.0
S7,0.223606797749979,0,120,930032,930090,0.0,0.0
S7,0.223606797749979,0,120,930032,930091,0.0,0.0
S7,0.223606797749979,0,120,930032,930092,0.0,0.0
S7,0.223606797749979,0,120,930032,930093,0.0,0.0
S7,0.223606797749979,0,120,930032,930094,0.0,0.0
S7,0.223606797749979,0,120,930032,930095,0.0,0.0
S7,0.223606797749979,0,120,930032,930096,0.0,0.0
S7,0.223606797749979,0,120,930032,930097,0.0,0.0
S7,0.223606797749979,0,120,930032,930098,0.0,0.0
S7,0.223606797749979,0,120,930032,930099,0.0,0.0
S7,0.223606797749979,0,120,930032,930100,0.0,0.0
S7,0.223606797749979,0,120,930033,930034,0.0,0.0
S7,0.223606797749979,0,120,930033,930035,0.0,0.0
S7,0.223606797749979,0,120,930033,930036,0.0,0.0
S7,0.223606797749979,0,120,930033,930037,0.0,0.0
S7,0.223606797749979,0,120,930033,930038,0.0,0.0
S7,0.223606797749979,0,120,930033,930039,0.0,0.0
S7,0.223606797749979,0,120,930033,930040,0.0,0.0
S7,0.223606797749979,0,120,930033,930041,0.0,0.0
S7,0.223606797749979,0,120,930033,930042,0.0,0.0
S7,0.223606797749979,0,120,930033,930043,0.0,0.0
S7,0.223606797749979,0,120,930033,930044,0.0,0.0
S7,0.223606797749979,0,120,930033,930045,0.0,0.0
S7,0.223606797749979,0,120,930033,930046,0.0,0.0
S7,0.223606797749979,0,120,930033,930047,0.0,0.0
S7,0.223606797749979,0,120,930033,930048,0.0,0.0
S7,0.223606797749979,0,120,930033,930049,0.0,0.0
S7,0.223606797749979,0,120,930033,930050,0.0,0.0
S7,0.223606797749979,0,120,930033,930051,0.0,0.0
S7,0.223606797749979,0,120,930033,930052,0.0,0.0
S7,0.223606797749979,0,120,930033,930053,0.0,0.0
S7,0.223606797749979,0,120,930033,930054,0.0,0.0
S7,0.223606797749979,0,120,930033,930055,0.0,0.0
S7,0.223606797749979,0,120,930033,930056,0.0,0.0
S7,0.223606797749979,0,120,930033,930057,0.0,0.0
S7,0.223606797749979,0,120,930033,930058,0.0,0.0
S7,0.223606797749979,0,120,930033,930059,0.0,0.0
S7,0.223606797749979,0,120,930033,930060,0.0,0.0
S7,0.223606797749979,0,120,930033,930061,0.0,0.0
S7,0.223606797749979,0,120,930033,930062,0.0,0.0
S7,0.223606797749979,0,120,930033,930063,0.0,0.0
S7,0.223606797749979,0,120,930033,930064,0.0,0.0
S7,0.223606797749979,0,120,930033,930065,0.0,0.0
S7,0.223606797749979,0,120,930033,930066,0.0,0.0
S7,0.223606797749979,0,120,930033,930067,0.0,0.0
S7,0.223606797749979,0,120,930033,930068,0.0,0.0
S7,0.223606797749979,0,120,930033,930069,0.0,0.0
S7,0.223606797749979,0,120,930033,930070,0.0,0.0
S7,0.223606797749979,0,120,930033,930071,0.0,0.0
S7,0.223606797749979,0,120,930033,930072,0.0,0.0
S7,0.223606797749979,0,120,930033,930073,0.0,0.0
S7,0.223606797749979,0,120,930033,930074,0.0,0.0
S7,0.223606797749979,0,120,930033,930075,0.0,0.0
S7,0.223606797749979,0,120,930033,930076,0.0,0.0
S7,0.223606797749979,0,120,930033,930077,0.0,0.0
S7,0.223606797749979,0,120,930033,930078,0.0,0.0
S7,0.223606797749979,0,120,930033,930079,0.0,0.0
S7,0.223606797749979,0,120,930033,930080,0.0,0.0
S7,0.223606797749979,0,120,930033,930081,0.0,0.0
S7,0.223606797749979,0,120,930033,930082,0.0,0.0
S7,0.223606797749979,0,120,930033,930083,0.0,0.0
S7,0.223606797749979,0,120,930033,930084,0.0,0.0
S7,0.223606797749979,0,120,930033,930085,0.0,0.0
S7,0.223606797749979,0,120,930033,930086,0.0,0.0
S7,0.223606797749979,0,120,930033,930087,0.0,0.0
S7,0.223606797749979,0,120,930033,930088,0.0,0.0
S7,0.223606797749979,0,120,930033,930089,0.0,0.0
S7,0.223606797749979,0,120,930033,930090,0.0,0.0
S7,0.223606797749979,0,120,930033,930091,0.0,0.0
S7,0.223606797749979,0,120,930033,930092,0.0,0.0
S7,0.223606797749979,0,120,930033,930093,0.0,0.0
S7,0.223606797749979,0,120,930033,930094,0.0,0.0
S7,0.223606797749979,0,120,930033,930095,0.0,0.0
S7,0.223606797749979,0,120,930033,930096,0.0,0.0
S7,0.223606797749979,0,120,930033,930097,0.0,0.0
S7,0.223606797749979,0,120,930033,930098,0.0,0.0
S7,0.223606797749979,0,120,930033,930099,0.0,0.0
S7,0.223606797749979,0,120,930033,930100,0.0,0.0
S7,0.223606797749979,0,120,930034,930035,0.0,0.0
S7,0.223606797749979,0,120,930034,930036,0.0,0.0
S7,0.223606797749979,0,120,930034,930037,0.0,0.0
S7,0.223606797749979,0,120,930034,930038,0.0,0.0
S7,0.223606797749979,0,120,930034,930039,0.0,0.0
S7,0.223606797749979,0,120,930034,930040,0.0,0.0
S7,0.223606797749979,0,120,930034,930041,0.0,0.0
S7,0.223606797749979,0,120,930034,930042,0.0,0.0
S7,0.223606797749979,0,120,930034,930043,0.0,0.0
S7,0.223606797749979,0,120,930034,930044,0.0,0.0
S7,0.223606797749979,0,120,930034,930045,0.0,0.0
S7,0.223606797749979,0,120,930034,930046,0.0,0.0
S7,0.223606797749979,0,120,930034,930047,0.0,0.0
S7,0.223606797749979,0,120,930034,930048,0.0,0.0
S7,0.223606797749979,0,120,930034,930049,0.0,0.0
S7,0.223606797749979,0,120,930034,930050,0.0,0.0
S7,0.223606797749979,0,120,930034,930051,0.0,0.0
S7,0.223606797749979,0,120,930034,930052,0.0,0.0
S7,0.223606797749979,0,120,930034,930053,0.0,0.0
S7,0.223606797749979,0,120,930034,930054,0.0,0.0
S7,0.223606797749979,0,120,930034,930055,0.0,0.0
S7,0.223606797749979,0,120,930034,930056,0.0,0.0
S7,0.223606797749979,0,120,930034,930057,0.0,0.0
S7,0.223606797749979,0,120,930034,930058,0.0,0.0
S7,0.223606797749979,0,120,930034,930059,0.0,0.0
S7,0.223606797749979,0,120,930034,930060,0.0,0.0
S7,0.223606797749979,0,120,930034,930061,0.0,0.0
S7,0.223606797749979,0,120,930034,930062,0.0,0.0
S7,0.223606797749979,0,120,930034,930063,0.0,0.0
S7,0.223606797749979,0,120,930034,930064,0.0,0.0
S7,0.223606797749979,0,120,930034,930065,0.0,0.0
S7,0.223606797749979,0,120,930034,930066,0.0,0.0
S7,0.223606797749979,0,120,930034,930067,0.0,0.0
S7,0.223606797749979,0,120,930034,930068,0.0,0.0
S7,0.223606797749979,0,120,930034,930069,0.0,0.0
S7,0.223606797749979,0,120,930034,930070,0.0,0.0
S7,0.223606797749979,0,120,930034,930071,0.0,0.0
S7,0.223606797749979,0,120,930034,930072,0.0,0.0
S7,0.223606797749979,0,120,930034,930073,0.0,0.0
S7,0.223606797749979,0,120,930034,930074,0.0,0.0
S7,0.223606797749979,0,120,930034,930075,0.0,0.0
S7,0.223606797749979,0,120,930034,930076,0.0,0.0
S7,0.223606797749979,0,120,930034,930077,0.0,0.0
S7,0.223606797749979,0,120,930034,930078,0.0,0.0
S7,0.223606797749979,0,120,930034,930079,0.0,0.0
S7,0.223606797749979,0,120,930034,930080,0.0,0.0
S7,0.223606797749979,0,120,930034,930081,0.0,0.0
S7,0.223606797749979,0,120,930034,930082,0.0,0.0
S7,0.223606797749979,0,120,930034,930083,0.0,0.0
S7,0.223606797749979,0,120,930034,930084,0.0,0.0
S7,0.223606797749979,0,120,930034,930085,0.0,0.0
S7,0.223606797749979,0,120,930034,930086,0.0,0.0
S7,0.223606797749979,0,120,930034,930087,0.0,0.0
S7,0.223606797749979,0,120,930034,930088,0.0,0.0
S7,0.223606797749979,0,120,930034,930089,0.0,0.0
S7,0.223606797749979,0,120,930034,930090,0.0,0.0
S7,0.223606797749979,0,120,930034,930091,0.0,0.0
S7,0.223606797749979,0,120,930034,930092,0.0,0.0
S7,0.223606797749979,0,120,930034,930093,0.0,0.0
S7,0.223606797749979,0,120,930034,930094,0.0,0.0
S7,0.223606797749979,0,120,930034,930095,0.0,0.0
S7,0.223606797749979,0,120,930034,930096,0.0,0.0
S7,0.223606797749979,0,120,930034,930097,0.0,0.0
S7,0.223606797749979,0,120,930034,930098,0.0,0.0
S7,0.223606797749979,0,120,930034,930099,0.0,0.0
S7,0.223606797749979,0,120,930034,930100,0.0,0.0
S7,0.223606797749979,0,120,930035,930036,0.0,0.0
S7,0.223606797749979,0,120,930035,930037,0.0,0.0
S7,0.223606797749979,0,120,930035,930038,0.0,0.0
S7,0.223606797749979,0,120,930035,930039,0.0,0.0
S7,0.223606797749979,0,120,930035,930040,0.0,0.0
S7,0.223606797749979,0,120,930035,930041,0.0,0.0
S7,0.223606797749979,0,120,930035,930042,0.0,0.0
S7,0.223606797749979,0,120,930035,930043,0.0,0.0
S7,0.223606797749979,0,120,930035,930044,0.0,0.0
S7,0.223606797749979,0,120,930035,930045,0.0,0.0
S7,0.223606797749979,0,120,930035,930046,0.0,0.0
S7,0.223606797749979,0,120,930035,930047,0.0,0.0
S7,0.223606797749979,0,120,930035,930048,0.0,0.0
S7,0.223606797749979,0,120,930035,930049,0.0,0.0
S7,0.223606797749979,0,120,930035,930050,0.0,0.0
S7,0.223606797749979,0,120,930035,930051,0.0,0.0
S7,0.223606797749979,0,120,930035,930052,0.0,0.0
S7,0.223606797749979,0,120,930035,930053,0.0,0.0
S7,0.223606797749979,0,120,930035,930054,0.0,0.0
S7,0.223606797749979,0,120,930035,930055,0.0,0.0
S7,0.223606797749979,0,120,930035,930056,0.0,0.0
S7,0.223606797749979,0,120,930035,930057,0.0,0.0
S7,0.223606797749979,0,120,930035,930058,0.0,0.0
S7,0.223606797749979,0,120,930035,930059,0.0,0.0
S7,0.223606797749979,0,120,930035,930060,0.0,0.0
S7,0.223606797749979,0,120,930035,930061,0.0,0.0
S7,0.223606797749979,0,120,930035,930062,0.0,0.0
S7,0.223606797749979,0,120,930035,930063,0.0,0.0
S7,0.223606797749979,0,120,930035,930064,0.0,0.0
S7,0.223606797749979,0,120,930035,930065,0.0,0.0
S7,0.223606797749979,0,120,930035,930066,0.0,0.0
S7,0.223606797749979,0,120,930035,930067,0.0,0.0
S7,0.223606797749979,0,120,930035,930068,0.0,0.0
S7,0.223606797749979,0,120,930035,930069,0.0,0.0
S7,0.223606797749979,0,120,930035,930070,0.0,0.0
S7,0.223606797749979,0,120,930035,930071,0.0,0.0
S7,0.223606797749979,0,120,930035,930072,0.0,0.0
S7,0.223606797749979,0,120,930035,930073,0.0,0.0
S7,0.223606797749979,0,120,930035,930074,0.0,0.0
S7,0.223606797749979,0,120,930035,930075,0.0,0.0
S7,0.223606797749979,0,120,930035,930076,0.0,0.0
S7,0.223606797749979,0,120,930035,930077,0.0,0.0
S7,0.223606797749979,0,120,930035,930078,0.0,0.0
S7,0.223606797749979,0,120,930035,930079,0.0,0.0
S7,0.223606797749979,0,120,930035,930080,0.0,0.0
S7,0.223606797749979,0,120,930035,930081,0.0,0.0
S7,0.223606797749979,0,120,930035,930082,0.0,0.0
S7,0.223606797749979,0,120,930035,930083,0.0,0.0
S7,0.223606797749979,0,120,930035,930084,0.0,0.0
S7,0.223606797749979,0,120,930035,930085,0.0,0.0
S7,0.223606797749979,0,120,930035,930086,0.0,0.0
S7,0.223606797749979,0,120,930035,930087,0.0,0.0
S7,0.223606797749979,0,120,930035,930088,0.0,0.0
S7,0.223606797749979,0,120,930035,930089,0.0,0.0
S7,0.223606797749979,0,120,930035,930090,0.0,0.0
S7,0.223606797749979,0,120,930035,930091,0.0,0.0
S7,0.223606797749979,0,120,930035,930092,0.0,0.0
S7,0.223606797749979,0,120,930035,930093,0.0,0.0
S7,0.223606797749979,0,120,930035,930094,0.0,0.0
S7,0.223606797749979,0,120,930035,930095,0.0,0.0
S7,0.223606797749979,0,120,930035,930096,0.0,0.0
S7,0.223606797749979,0,120,930035,930097,0.0,0.0
S7,0.223606797749979,0,120,930035,930098,0.0,0.0
S7,0.223606797749979,0,120,930035,930099,0.0,0.0
S7,0.223606797749979,0,120,930035,930100,0.0,0.0
S7,0.223606797749979,0,120,930036,930037,0.0,0.0
S7,0.223606797749979,0,120,930036,930038,0.0,0.0
S7,0.223606797749979,0,120,930036,930039,0.0,0.0
S7,0.223606797749979,0,120,930036,930040,0.0,0.0
S7,0.223606797749979,0,120,930036,930041,0.0,0.0
S7,0.223606797749979,0,120,930036,930042,0.0,0.0
S7,0.223606797749979,0,120,930036,930043,0.0,0.0
S7,0.223606797749979,0,120,930036,930044,0.0,0.0
S7,0.223606797749979,0,120,930036,930045,0.0,0.0
S7,0.223606797749979,0,120,930036,930046,0.0,0.0
S7,0.223606797749979,0,120,930036,930047,0.0,0.0
S7,0.223606797749979,0,120,930036,930048,0.0,0.0
S7,0.223606797749979,0,120,930036,930049,0.0,0.0
S7,0.223606797749979,0,120,930036,930050,0.0,0.0
S7,0.223606797749979,0,120,930036,930051,0.0,0.0
S7,0.223606797749979,0,120,930036,930052,0.0,0.0
S7,0.223606797749979,0,120,930036,930053,0.0,0.0
S7,0.223606797749979,0,120,930036,930054,0.0,0.0
S7,0.223606797749979,0,120,930036,930055,0.0,0.0
S7,0.223606797749979,0,120,930036,930056,0.0,0.0
S7,0.223606797749979,0,120,930036,930057,0.0,0.0
S7,0.223606797749979,0,120,930036,930058,0.0,0.0
S7,0.223606797749979,0,120,930036,930059,0.0,0.0
S7,0.223606797749979,0,120,930036,930060,0.0,0.0
S7,0.223606797749979,0,120,930036,930061,0.0,0.0
S7,0.223606797749979,0,120,930036,930062,0.0,0.0
S7,0.223606797749979,0,120,930036,930063,0.0,0.0
S7,0.223606797749979,0,120,930036,930064,0.0,0.0
S7,0.223606797749979,0,120,930036,930065,0.0,0.0
S7,0.223606797749979,0,120,930036,930066,0.0,0.0
S7,0.223606797749979,0,120,930036,930067,0.0,0.0
S7,0.223606797749979,0,120,930036,930068,0.0,0.0
S7,0.223606797749979,0,120,930036,930069,0.0,0.0
S7,0.223606797749979,0,120,930036,930070,0.0,0.0
S7,0.223606797749979,0,120,930036,930071,0.0,0.0
S7,0.223606797749979,0,120,930036,930072,0.0,0.0
S7,0.223606797749979,0,120,930036,930073,0.0,0.0
S7,0.223606797749979,0,120,930036,930074,0.0,0.0
S7,0.223606797749979,0,120,930036,930075,0.0,0.0
S7,0.223606797749979,0,120,930036,930076,0.0,0.0
S7,0.223606797749979,0,120,930036,930077,0.0,0.0
S7,0.223606797749979,0,120,930036,930078,0.0,0.0
S7,0.223606797749979,0,120,930036,930079,0.0,0.0
S7,0.223606797749979,0,120,930036,930080,0.0,0.0
S7,0.223606797749979,0,120,930036,930081,0.0,0.0
S7,0.223606797749979,0,120,930036,930082,0.0,0.0
S7,0.223606797749979,0,120,930036,930083,0.0,0.0
S7,0.223606797749979,0,120,930036,930084,0.0,0.0
S7,0.223606797749979,0,120,930036,930085,0.0,0.0
S7,0.223606797749979,0,120,930036,930086,0.0,0.0
S7,0.223606797749979,0,120,930036,930087,0.0,0.0
S7,0.223606797749979,0,120,930036,930088,0.0,0.0
S7,0.223606797749979,0,120,930036,930089,0.0,0.0
S7,0.223606797749979,0,120,930036,930090,0.0,0.0
S7,0.223606797749979,0,120,930036,930091,0.0,0.0
S7,0.223606797749979,0,120,930036,930092,0.0,0.0
S7,0.223606797749979,0,120,930036,930093,0.0,0.0
S7,0.223606797749979,0,120,930036,930094,0.0,0.0
S7,0.223606797749979,0,120,930036,930095,0.0,0.0
S7,0.223606797749979,0,120,930036,930096,0.0,0.0
S7,0.223606797749979,0,120,930036,930097,0.0,0.0
S7,0.223606797749979,0,120,930036,930098,0.0,0.0
S7,0.223606797749979,0,120,930036,930099,0.0,0.0
S7,0.223606797749979,0,120,930036,930100,0.0,0.0
S7,0.223606797749979,0,120,930037,930038,0.0,0.0
S7,0.223606797749979,0,120,930037,930039,0.0,0.0
S7,0.223606797749979,0,120,930037,930040,0.0,0.0
S7,0.223606797749979,0,120,930037,930041,0.0,0.0
S7,0.223606797749979,0,120,930037,930042,0.0,0.0
S7,0.223606797749979,0,120,930037,930043,0.0,0.0
S7,0.223606797749979,0,120,930037,930044,0.0,0.0
S7,0.223606797749979,0,120,930037,930045,0.0,0.0
S7,0.223606797749979,0,120,930037,930046,0.0,0.0
S7,0.223606797749979,0,120,930037,930047,0.0,0.0
S7,0.223606797749979,0,120,930037,930048,0.0,0.0
S7,0.223606797749979,0,120,930037,930049,0.0,0.0
S7,0.223606797749979,0,120,930037,930050,0.0,0.0
S7,0.223606797749979,0,120,930037,930051,0.0,0.0
S7,0.223606797749979,0,120,930037,930052,0.0,0.0
S7,0.223606797749979,0,120,930037,930053,0.0,0.0
S7,0.223606797749979,0,120,930037,930054,0.0,0.0
S7,0.223606797749979,0,120,930037,930055,0.0,0.0
S7,0.223606797749979,0,120,930037,930056,0.0,0.0
S7,0.223606797749979,0,120,930037,930057,0.0,0.0
S7,0.223606797749979,0,120,930037,930058,0.0,0.0
S7,0.223606797749979,0,120,930037,930059,0.0,0.0
S7,0.223606797749979,0,120,930037,930060,0.0,0.0
S7,0.223606797749979,0,120,930037,930061,0.0,0.0
S7,0.223606797749979,0,120,930037,930062,0.0,0.0
S7,0.223606797749979,0,120,930037,930063,0.0,0.0
S7,0.223606797749979,0,120,930037,930064,0.0,0.0
S7,0.223606797749979,0,120,930037,930065,0.0,0.0
S7,0.223606797749979,0,120,930037,930066,0.0,0.0
S7,0.223606797749979,0,120,930037,930067,0.0,0.0
S7,0.223606797749979,0,120,930037,930068,0.0,0.0
S7,0.223606797749979,0,120,930037,930069,0.0,0.0
S7,0.223606797749979,0,120,930037,930070,0.0,0.0
S7,0.223606797749979,0,120,930037,930071,0.0,0.0
S7,0.223606797749979,0,120,930037,930072,0.0,0.0
S7,0.223606797749979,0,120,930037,930073,0.0,0.0
S7,0.223606797749979,0,120,930037,930074,0.0,0.0
S7,0.223606797749979,0,120,930037,930075,0.0,0.0
S7,0.223606797749979,0,120,930037,930076,0.0,0.0
S7,0.223606797749979,0,120,930037,930077,0.0,0.0
S7,0.223606797749979,0,120,930037,930078,0.0,0.0
S7,0.223606797749979,0,120,930037,930079,0.0,0.0
S7,0.223606797749979,0,120,930037,930080,0.0,0.0
S7,0.223606797749979,0,120,930037,930081,0.0,0.0
S7,0.223606797749979,0,120,930037,930082,0.0,0.0
S7,0.223606797749979,0,120,930037,930083,0.0,0.0
S7,0.223606797749979,0,120,930037,930084,0.0,0.0
S7,0.223606797749979,0,120,930037,930085,0.0,0.0
S7,0.223606797749979,0,120,930037,930086,0.0,0.0
S7,0.223606797749979,0,120,930037,930087,0.0,0.0
S7,0.223606797749979,0,120,930037,930088,0.0,0.0
S7,0.223606797749979,0,120,930037,930089,0.0,0.0
S7,0.223606797749979,0,120,930037,930090,0.0,0.0
S7,0.223606797749979,0,120,930037,930091,0.0,0.0
S7,0.223606797749979,0,120,930037,930092,0.0,0.0
S7,0.223606797749979,0,120,930037,930093,0.0,0.0
S7,0.223606797749979,0,120,930037,930094,0.0,0.0
S7,0.223606797749979,0,120,930037,930095,0.0,0.0
S7,0.223606797749979,0,120,930037,930096,0.0,0.0
S7,0.223606797749979,0,120,930037,930097,0.0,0.0
S7,0.223606797749979,0,120,930037,930098,0.0,0.0
S7,0.223606797749979,0,120,930037,930099,0.0,0.0
S7,0.223606797749979,0,120,930037,930100,0.0,0.0
S7,0.223606797749979,0,120,930038,930039,0.0,0.0
S7,0.223606797749979,0,120,930038,930040,0.0,0.0
S7,0.223606797749979,0,120,930038,930041,0.0,0.0
S7,0.223606797749979,0,120,930038,930042,0.0,0.0
S7,0.223606797749979,0,120,930038,930043,0.0,0.0
S7,0.223606797749979,0,120,930038,930044,0.0,0.0
S7,0.223606797749979,0,120,930038,930045,0.0,0.0
S7,0.223606797749979,0,120,930038,930046,0.0,0.0
S7,0.223606797749979,0,120,930038,930047,0.0,0.0
S7,0.223606797749979,0,120,930038,930048,0.15789473684210525,0.15789473684210525
S7,0.223606797749979,0,120,930038,930049,0.0,0.0
S7,0.223606797749979,0,120,930038,930050,0.0,0.0
S7,0.223606797749979,0,120,930038,930051,0.14666666666666667,0.14666666666666667
S7,0.223606797749979,0,120,930038,930052,0.15656565656565657,0.15656565656565657
S7,0.223606797749979,0,120,930038,930053,0.0,0.0
S7,0.223606797749979,0,120,930038,930054,0.0,0.0
S7,0.223606797749979,0,120,930038,930055,0.0,0.0
S7,0.223606797749979,0,120,930038,930056,0.14583333333333334,0.14583333333333334
S7,0.223606797749979,0,120,930038,930057,0.0,0.0
S7,0.223606797749979,0,120,930038,930058,0.0,0.0
S7,0.223606797749979,0,120,930038,930059,0.13194444444444445,0.13194444444444445
S7,0.223606797749979,0,120,930038,930060,0.0,0.0
S7,0.223606797749979,0,120,930038,930061,0.0,0.0
S7,0.223606797749979,0,120,930038,930062,0.0,0.0
S7,0.223606797749979,0,120,930038,930063,0.0,0.0
S7,0.223606797749979,0,120,930038,930064,0.0,0.0
S7,0.223606797749979,0,120,930038,930065,0.0,0.0
S7,0.223606797749979,0,120,930038,930066,0.0,0.0
S7,0.223606797749979,0,120,930038,930067,0.0,0.0
S7,0.223606797749979,0,120,930038,930068,0.0,0.0
S7,0.223606797749979,0,120,930038,930069,0.0,0.0
S7,0.223606797749979,0,120,930038,930070,0.0,0.0
S7,0.223606797749979,0,120,930038,930071,0.2,0.2
S7,0.223606797749979,0,120,930038,930072,0.0,0.0
S7,0.223606797749979,0,120,930038,930073,0.0,0.0
S7,0.223606797749979,0,120,930038,930074,0.0,0.0
S7,0.223606797749979,0,120,930038,930075,0.0,0.0
S7,0.223606797749979,0,120,930038,930076,0.0,0.0
S7,0.223606797749979,0,120,930038,930077,0.0,0.0
S7,0.223606797749979,0,120,930038,930078,0.0,0.0
S7,0.223606797749979,0,120,930038,930079,0.0,0.0
S7,0.223606797749979,0,120,930038,930080,0.0,0.0
S7,0.223606797749979,0,120,930038,930081,0.0,0.0
S7,0.223606797749979,0,120,930038,930082,0.0,0.0
S7,0.223606797749979,0,120,930038,930083,0.0,0.0
S7,0.223606797749979,0,120,930038,930084,0.0,0.0
S7,0.223606797749979,0,120,930038,930085,0.0,0.0
S7,0.223606797749979,0,120,930038,930086,0.0,0.0
S7,0.223606797749979,0,120,930038,930087,0.11842105263157894,0.11842105263157894
S7,0.223606797749979,0,120,930038,930088,0.1724137931034483,0.1724137931034483
S7,0.223606797749979,0,120,930038,930089,0.0,0.0
S7,0.223606797749979,0,120,930038,930090,0.0,0.0
S7,0.223606797749979,0,120,930038,930091,0.14935064935064934,0.14935064935064934
S7,0.223606797749979,0,120,930038,930092,0.0,0.0
S7,0.223606797749979,0,120,930038,930093,0.23448275862068965,0.23448275862068965
S7,0.223606797749979,0,120,930038,930094,0.0,0.0
S7,0.223606797749979,0,120,930038,930095,0.0,0.0
S7,0.223606797749979,0,120,930038,930096,0.0,0.0
S7,0.223606797749979,0,120,930038,930097,0.14,0.14
S7,0.223606797749979,0,120,930038,930098,0.0,0.0
S7,0.223606797749979,0,120,930038,930099,0.0,0.0
S7,0.223606797749979,0,120,930038,930100,0.0,0.0
S7,0.223606797749979,0,120,930039,930040,0.0,0.0
S7,0.223606797749979,0,120,930039,930041,0.0,0.0
S7,0.223606797749979,0,120,930039,930042,0.0,0.0
S7,0.223606797749979,0,120,930039,930043,0.0,0.0
S7,0.223606797749979,0,120,930039,930044,0.0,0.0
S7,0.223606797749979,0,120,930039,930045,0.0,0.0
S7,0.223606797749979,0,120,930039,930046,0.0,0.0
S7,0.223606797749979,0,120,930039,930047,0.0,0.0
S7,0.223606797749979,0,120,930039,930048,0.0,0.0
S7,0.223606797749979,0,120,930039,930049,0.0,0.0
S7,0.223606797749979,0,120,930039,930050,0.0,0.0
S7,0.223606797749979,0,120,930039,930051,0.0,0.0
S7,0.223606797749979,0,120,930039,930052,0.0,0.0
S7,0.223606797749979,0,120,930039,930053,0.0,0.0
S7,0.223606797749979,0,120,930039,930054,0.0,0.0
S7,0.223606797749979,0,120,930039,930055,0.0,0.0
S7,0.223606797749979,0,120,930039,930056,0.0,0.0
S7,0.223606797749979,0,120,930039,930057,0.0,0.0
S7,0.223606797749979,0,120,930039,930058,0.0,0.0
S7,0.223606797749979,0,120,930039,930059,0.0,0.0
S7,0.223606797749979,0,120,930039,930060,0.0,0.0
S7,0.223606797749979,0,120,930039,930061,0.0,0.0
S7,0.223606797749979,0,120,930039,930062,0.0,0.0
S7,0.223606797749979,0,120,930039,930063,0.0,0.0
S7,0.223606797749979,0,120,930039,930064,0.0,0.0
S7,0.223606797749979,0,120,930039,930065,0.0,0.0
S7,0.223606797749979,0,120,930039,930066,0.0,0.0
S7,0.223606797749979,0,120,930039,930067,0.0,0.0
S7,0.223606797749979,0,120,930039,930068,0.0,0.0
S7,0.223606797749979,0,120,930039,930069,0.0,0.0
S7,0.223606797749979,0,120,930039,930070,0.0,0.0
S7,0.223606797749979,0,120,930039,930071,0.0,0.0
S7,0.223606797749979,0,120,930039,930072,0.0,0.0
S7,0.223606797749979,0,120,930039,930073,0.0,0.0
S7,0.223606797749979,0,120,930039,930074,0.0,0.0
S7,0.223606797749979,0,120,930039,930075,0.0,0.0
S7,0.223606797749979,0,120,930039,930076,0.0,0.0
S7,0.223606797749979,0,120,930039,930077,0.0,0.0
S7,0.223606797749979,0,120,930039,930078,0.0,0.0
S7,0.223606797749979,0,120,930039,930079,0.0,0.0
S7,0.223606797749979,0,120,930039,930080,0.0,0.0
S7,0.223606797749979,0,120,930039,930081,0.0,0.0
S7,0.223606797749979,0,120,930039,930082,0.0,0.0
S7,0.223606797749979,0,120,930039,930083,0.0,0.0
S7,0.223606797749979,0,120,930039,930084,0.0,0.0
S7,0.223606797749979,0,120,930039,930085,0.0,0.0
S7,0.223606797749979,0,120,930039,930086,0.0,0.0
S7,0.223606797749979,0,120,930039,930087,0.0,0.0
S7,0.223606797749979,0,120,930039,930088,0.0,0.0
S7,0.223606797749979,0,120,930039,930089,0.0,0.0
S7,0.223606797749979,0,120,930039,930090,0.0,0.0
S7,0.223606797749979,0,120,930039,930091,0.0,0.0
S7,0.223606797749979,0,120,930039,930092,0.0,0.0
S7,0.223606797749979,0,120,930039,930093,0.0,0.0
S7,0.223606797749979,0,120,930039,930094,0.0,0.0
S7,0.223606797749979,0,120,930039,930095,0.0,0.0
S7,0.223606797749979,0,120,930039,930096,0.0,0.0
S7,0.223606797749979,0,120,930039,930097,0.0,0.0
S7,0.223606797749979,0,120,930039,930098,0.0,0.0
S7,0.223606797749979,0,120,930039,930099,0.0,0.0
S7,0.223606797749979,0,120,930039,930100,0.0,0.0
S7,0.223606797749979,0,120,930040,930041,0.0,0.0
S7,0.223606797749979,0,120,930040,930042,0.0,0.0
S7,0.223606797749979,0,120,930040,930043,0.0,0.0
S7,0.223606797749979,0,120,930040,930044,0.0,0.0
S7,0.223606797749979,0,120,930040,930045,0.0,0.0
S7,0.223606797749979,0,120,930040,930046,0.0,0.0
S7,0.223606797749979,0,120,930040,930047,0.0,0.0
S7,0.223606797749979,0,120,930040,930048,0.0,0.0
S7,0.223606797749979,0,120,930040,930049,0.0,0.0
S7,0.223606797749979,0,120,930040,930050,0.0,0.0
S7,0.223606797749979,0,120,930040,930051,0.0,0.0
S7,0.223606797749979,0,120,930040,930052,0.0,0.0
S7,0.223606797749979,0,120,930040,930053,0.0,0.0
S7,0.223606797749979,0,120,930040,930054,0.0,0.0
S7,0.223606797749979,0,120,930040,930055,0.0,0.0
S7,0.223606797749979,0,120,930040,930056,0.0,0.0
S7,0.223606797749979,0,120,930040,930057,0.0,0.0
S7,0.223606797749979,0,120,930040,930058,0.0,0.0
S7,0.223606797749979,0,120,930040,930059,0.0,0.0
S7,0.223606797749979,0,120,930040,930060,0.0,0.0
S7,0.223606797749979,0,120,930040,930061,0.0,0.0
S7,0.223606797749979,0,120,930040,930062,0.0,0.0
S7,0.223606797749979,0,120,930040,930063,0.0,0.0
S7,0.223606797749979,0,120,930040,930064,0.0,0.0
S7,0.223606797749979,0,120,930040,930065,0.0,0.0
S7,0.223606797749979,0,120,930040,930066,0.0,0.0
S7,0.223606797749979,0,120,930040,930067,0.0,0.0
S7,0.223606797749979,0,120,930040,930068,0.0,0.0
S7,0.223606797749979,0,120,930040,930069,0.0,0.0
S7,0.223606797749979,0,120,930040,930070,0.0,0.0
S7,0.223606797749979,0,120,930040,930071,0.0,0.0
S7,0.223606797749979,0,120,930040,930072,0.0,0.0
S7,0.223606797749979,0,120,930040,930073,0.0,0.0
S7,0.223606797749979,0,120,930040,930074,0.0,0.0
S7,0.223606797749979,0,120,930040,930075,0.0,0.0
S7,0.223606797749979,0,120,930040,930076,0.0,0.0
S7,0.223606797749979,0,120,930040,930077,0.0,0.0
S7,0.223606797749979,0,120,930040,930078,0.0,0.0
S7,0.223606797749979,0,120,930040,930079,0.0,0.0
S7,0.223606797749979,0,120,930040,930080,0.0,0.0
S7,0.223606797749979,0,120,930040,930081,0.0,0.0
S7,0.223606797749979,0,120,930040,930082,0.0,0.0
S7,0.223606797749979,0,120,930040,930083,0.0,0.0
S7,0.223606797749979,0,120,930040,930084,0.0,0.0
S7,0.223606797749979,0,120,930040,930085,0.0,0.0
S7,0.223606797749979,0,120,930040,930086,0.0,0.0
S7,0.223606797749979,0,120,930040,930087,0.0,0.0
S7,0.223606797749979,0,120,930040,930088,0.0,0.0
S7,0.223606797749979,0,120,930040,930089,0.0,0.0
S7,0.223606797749979,0,120,930040,930090,0.0,0.0
S7,0.223606797749979,0,120,930040,930091,0.0,0.0
S7,0.223606797749979,0,120,930040,930092,0.0,0.0
S7,0.223606797749979,0,120,930040,930093,0.0,0.0
S7,0.223606797749979,0,120,930040,930094,0.0,0.0
S7,0.223606797749979,0,120,930040,930095,0.0,0.0
S7,0.223606797749979,0,120,930040,930096,0.0,0.0
S7,0.223606797749979,0,120,930040,930097,0.0,0.0
S7,0.223606797749979,0,120,930040,930098,0.0,0.0
S7,0.223606797749979,0,120,930040,930099,0.0,0.0
S7,0.223606797749979,0,120,930040,930100,0.0,0.0
S7,0.223606797749979,0,120,930041,930042,0.0,0.0
S7,0.223606797749979,0,120,930041,930043,0.0,0.0
S7,0.223606797749979,0,120,930041,930044,0.0,0.0
S7,0.223606797749979,0,120,930041,930045,0.0,0.0
S7,0.223606797749979,0,120,930041,930046,0.0,0.0
S7,0.223606797749979,0,120,930041,930047,0.0,0.0
S7,0.223606797749979,0,120,930041,930048,0.0,0.0
S7,0.223606797749979,0,120,930041,930049,0.0,0.0
S7,0.223606797749979,0,120,930041,930050,0.0,0.0
S7,0.223606797749979,0,120,930041,930051,0.0,0.0
S7,0.223606797749979,0,120,930041,930052,0.0,0.0
S7,0.223606797749979,0,120,930041,930053,0.0,0.0
S7,0.223606797749979,0,120,930041,930054,0.0,0.0
S7,0.223606797749979,0,120,930041,930055,0.0,0.0
S7,0.223606797749979,0,120,930041,930056,0.0,0.0
S7,0.223606797749979,0,120,930041,930057,0.0,0.0
S7,0.223606797749979,0,120,930041,930058,0.0,0.0
S7,0.223606797749979,0,120,930041,930059,0.0,0.0
S7,0.223606797749979,0,120,930041,930060,0.0,0.0
S7,0.223606797749979,0,120,930041,930061,0.0,0.0
S7,0.223606797749979,0,120,930041,930062,0.0,0.0
S7,0.223606797749979,0,120,930041,930063,0.0,0.0
S7,0.223606797749979,0,120,930041,930064,0.0,0.0
S7,0.223606797749979,0,120,930041,930065,0.0,0.0
S7,0.223606797749979,0,120,930041,930066,0.0,0.0
S7,0.223606797749979,0,120,930041,930067,0.0,0.0
S7,0.223606797749979,0,120,930041,930068,0.0,0.0
S7,0.223606797749979,0,120,930041,930069,0.0,0.0
S7,0.223606797749979,0,120,930041,930070,0.0,0.0
S7,0.223606797749979,0,120,930041,930071,0.0,0.0
S7,0.223606797749979,0,120,930041,930072,0.0,0.0
S7,0.223606797749979,0,120,930041,930073,0.0,0.0
S7,0.223606797749979,0,120,930041,930074,0.0,0.0
S7,0.223606797749979,0,120,930041,930075,0.0,0.0
S7,0.223606797749979,0,120,930041,930076,0.0,0.0
S7,0.223606797749979,0,120,930041,930077,0.0,0.0
S7,0.223606797749979,0,120,930041,930078,0.0,0.0
S7,0.223606797749979,0,120,930041,930079,0.0,0.0
S7,0.223606797749979,0,120,930041,930080,0.0,0.0
S7,0.223606797749979,0,120,930041,930081,0.0,0.0
S7,0.223606797749979,0,120,930041,930082,0.0,0.0
S7,0.223606797749979,0,120,930041,930083,0.0,0.0
S7,0.223606797749979,0,120,930041,930084,0.0,0.0
S7,0.223606797749979,0,120,930041,930085,0.0,0.0
S7,0.223606797749979,0,120,930041,930086,0.0,0.0
S7,0.223606797749979,0,120,930041,930087,0.0,0.0
S7,0.223606797749979,0,120,930041,930088,0.0,0.0
S7,0.223606797749979,0,120,930041,930089,0.0,0.0
S7,0.223606797749979,0,120,930041,930090,0.0,0.0
S7,0.223606797749979,0,120,930041,930091,0.0,0.0
S7,0.223606797749979,0,120,930041,930092,0.0,0.0
S7,0.223606797749979,0,120,930041,930093,0.0,0.0
S7,0.223606797749979,0,120,930041,930094,0.0,0.0
S7,0.223606797749979,0,120,930041,930095,0.0,0.0
S7,0.223606797749979,0,120,930041,930096,0.0,0.0
S7,0.223606797749979,0,120,930041,930097,0.0,0.0
S7,0.223606797749979,0,120,930041,930098,0.0,0.0
S7,0.223606797749979,0,120,930041,930099,0.0,0.0
S7,0.223606797749979,0,120,930041,930100,0.0,0.0
S7,0.223606797749979,0,120,930042,930043,0.0,0.0
S7,0.223606797749979,0,120,930042,930044,0.0,0.0
S7,0.223606797749979,0,120,930042,930045,0.0,0.0
S7,0.223606797749979,0,120,930042,930046,0.0,0.0
S7,0.223606797749979,0,120,930042,930047,0.0,0.0
S7,0.223606797749979,0,120,930042,930048,0.0,0.0
S7,0.223606797749979,0,120,930042,930049,0.0,0.0
S7,0.223606797749979,0,120,930042,930050,0.0,0.0
S7,0.223606797749979,0,120,930042,930051,0.0,0.0
S7,0.223606797749979,0,120,930042,930052,0.0,0.0
S7,0.223606797749979,0,120,930042,930053,0.0,0.0
S7,0.223606797749979,0,120,930042,930054,0.0,0.0
S7,0.223606797749979,0,120,930042,930055,0.0,0.0
S7,0.223606797749979,0,120,930042,930056,0.0,0.0
S7,0.223606797749979,0,120,930042,930057,0.0,0.0
S7,0.223606797749979,0,120,930042,930058,0.0,0.0
S7,0.223606797749979,0,120,930042,930059,0.0,0.0
S7,0.223606797749979,0,120,930042,930060,0.0,0.0
S7,0.223606797749979,0,120,930042,930061,0.0,0.0
S7,0.223606797749979,0,120,930042,930062,0.0,0.0
S7,0.223606797749979,0,120,930042,930063,0.0,0.0
S7,0.223606797749979,0,120,930042,930064,0.0,0.0
S7,0.223606797749979,0,120,930042,930065,0.0,0.0
S7,0.223606797749979,0,120,930042,930066,0.0,0.0
S7,0.223606797749979,0,120,930042,930067,0.0,0.0
S7,0.223606797749979,0,120,930042,930068,0.0,0.0
S7,0.223606797749979,0,120,930042,930069,0.0,0.0
S7,0.223606797749979,0,120,930042,930070,0.0,0.0
S7,0.223606797749979,0,120,930042,930071,0.0,0.0
S7,0.223606797749979,0,120,930042,930072,0.0,0.0
S7,0.223606797749979,0,120,930042,930073,0.0,0.0
S7,0.223606797749979,0,120,930042,930074,0.0,0.0
S7,0.223606797749979,0,120,930042,930075,0.0,0.0
S7,0.223606797749979,0,120,930042,930076,0.0,0.0
S7,0.223606797749979,0,120,930042,930077,0.0,0.0
S7,0.223606797749979,0,120,930042,930078,0.0,0.0
S7,0.223606797749979,0,120,930042,930079,0.0,0.0
S7,0.223606797749979,0,120,930042,930080,0.0,0.0
S7,0.223606797749979,0,120,930042,930081,0.0,0.0
S7,0.223606797749979,0,120,930042,930082,0.0,0.0
S7,0.223606797749979,0,120,930042,930083,0.0,0.0
S7,0.223606797749979,0,120,930042,930084,0.0,0.0
S7,0.223606797749979,0,120,930042,930085,0.0,0.0
S7,0.223606797749979,0,120,930042,930086,0.0,0.0
S7,0.223606797749979,0,120,930042,930087,0.0,0.0
S7,0.223606797749979,0,120,930042,930088,0.0,0.0
S7,0.223606797749979,0,120,930042,930089,0.0,0.0
S7,0.223606797749979,0,120,930042,930090,0.0,0.0
S7,0.223606797749979,0,120,930042,930091,0.0,0.0
S7,0.223606797749979,0,120,930042,930092,0.0,0.0
S7,0.223606797749979,0,120,930042,930093,0.0,0.0
S7,0.223606797749979,0,120,930042,930094,0.0,0.0
S7,0.223606797749979,0,120,930042,930095,0.0,0.0
S7,0.223606797749979,0,120,930042,930096,0.0,0.0
S7,0.223606797749979,0,120,930042,930097,0.0,0.0
S7,0.223606797749979,0,120,930042,930098,0.0,0.0
S7,0.223606797749979,0,120,930042,930099,0.0,0.0
S7,0.223606797749979,0,120,930042,930100,0.0,0.0
S7,0.223606797749979,0,120,930043,930044,0.0,0.0
S7,0.223606797749979,0,120,930043,930045,0.0,0.0
S7,0.223606797749979,0,120,930043,930046,0.0,0.0
S7,0.223606797749979,0,120,930043,930047,0.0,0.0
S7,0.223606797749979,0,120,930043,930048,0.0,0.0
S7,0.223606797749979,0,120,930043,930049,0.0,0.0
S7,0.223606797749979,0,120,930043,930050,0.0,0.0
S7,0.223606797749979,0,120,930043,930051,0.0,0.0
S7,0.223606797749979,0,120,930043,930052,0.0,0.0
S7,0.223606797749979,0,120,930043,930053,0.0,0.0
S7,0.223606797749979,0,120,930043,930054,0.0,0.0
S7,0.223606797749979,0,120,930043,930055,0.0,0.0
S7,0.223606797749979,0,120,930043,930056,0.0,0.0
S7,0.223606797749979,0,120,930043,930057,0.0,0.0
S7,0.223606797749979,0,120,930043,930058,0.0,0.0
S7,0.223606797749979,0,120,930043,930059,0.0,0.0
S7,0.223606797749979,0,120,930043,930060,0.0,0.0
S7,0.223606797749979,0,120,930043,930061,0.0,0.0
S7,0.223606797749979,0,120,930043,930062,0.0,0.0
S7,0.223606797749979,0,120,930043,930063,0.0,0.0
S7,0.223606797749979,0,120,930043,930064,0.0,0.0
S7,0.223606797749979,0,120,930043,930065,0.0,0.0
S7,0.223606797749979,0,120,930043,930066,0.0,0.0
S7,0.223606797749979,0,120,930043,930067,0.0,0.0
S7,0.223606797749979,0,120,930043,930068,0.0,0.0
S7,0.223606797749979,0,120,930043,930069,0.0,0.0
S7,0.223606797749979,0,120,930043,930070,0.0,0.0
S7,0.223606797749979,0,120,930043,930071,0.0,0.0
S7,0.223606797749979,0,120,930043,930072,0.0,0.0
S7,0.223606797749979,0,120,930043,930073,0.0,0.0
S7,0.223606797749979,0,120,930043,930074,0.0,0.0
S7,0.223606797749979,0,120,930043,930075,0.0,0.0
S7,0.223606797749979,0,120,930043,930076,0.0,0.0
S7,0.223606797749979,0,120,930043,930077,0.0,0.0
S7,0.223606797749979,0,120,930043,930078,0.0,0.0
S7,0.223606797749979,0,120,930043,930079,0.0,0.0
S7,0.223606797749979,0,120,930043,930080,0.0,0.0
S7,0.223606797749979,0,120,930043,930081,0.0,0.0
S7,0.223606797749979,0,120,930043,930082,0.0,0.0
S7,0.223606797749979,0,120,930043,930083,0.0,0.0
S7,0.223606797749979,0,120,930043,930084,0.0,0.0
S7,0.223606797749979,0,120,930043,930085,0.0,0.0
S7,0.223606797749979,0,120,930043,930086,0.0,0.0
S7,0.223606797749979,0,120,930043,930087,0.0,0.0
S7,0.223606797749979,0,120,930043,930088,0.0,0.0
S7,0.223606797749979,0,120,930043,930089,0.0,0.0
S7,0.223606797749979,0,120,930043,930090,0.0,0.0
S7,0.223606797749979,0,120,930043,930091,0.0,0.0
S7,0.223606797749979,0,120,930043,930092,0.0,0.0
S7,0.223606797749979,0,120,930043,930093,0.0,0.0
S7,0.223606797749979,0,120,930043,930094,0.0,0.0
S7,0.223606797749979,0,120,930043,930095,0.0,0.0
S7,0.223606797749979,0,120,930043,930096,0.0,0.0
S7,0.223606797749979,0,120,930043,930097,0.0,0.0
S7,0.223606797749979,0,120,930043,930098,0.0,0.0
S7,0.223606797749979,0,120,930043,930099,0.0,0.0
S7,0.223606797749979,0,120,930043,930100,0.0,0.0
S7,0.223606797749979,0,120,930044,930045,0.0,0.0
S7,0.223606797749979,0,120,930044,930046,0.0,0.0
S7,0.223606797749979,0,120,930044,930047,0.0,0.0
S7,0.223606797749979,0,120,930044,930048,0.0,0.0
S7,0.223606797749979,0,120,930044,930049,0.0,0.0
S7,0.223606797749979,0,120,930044,930050,0.0,0.0
S7,0.223606797749979,0,120,930044,930051,0.0,0.0
S7,0.223606797749979,0,120,930044,930052,0.0,0.0
S7,0.223606797749979,0,120,930044,930053,0.0,0.0
S7,0.223606797749979,0,120,930044,930054,0.0,0.0
S7,0.223606797749979,0,120,930044,930055,0.0,0.0
S7,0.223606797749979,0,120,930044,930056,0.0,0.0
S7,0.223606797749979,0,120,930044,930057,0.0,0.0
S7,0.223606797749979,0,120,930044,930058,0.0,0.0
S7,0.223606797749979,0,120,930044,930059,0.0,0.0
S7,0.223606797749979,0,120,930044,930060,0.0,0.0
S7,0.223606797749979,0,120,930044,930061,0.0,0.0
S7,0.223606797749979,0,120,930044,930062,0.0,0.0
S7,0.223606797749979,0,120,930044,930063,0.0,0.0
S7,0.223606797749979,0,120,930044,930064,0.0,0.0
S7,0.223606797749979,0,120,930044,930065,0.0,0.0
S7,0.223606797749979,0,120,930044,930066,0.0,0.0
S7,0.223606797749979,0,120,930044,930067,0.0,0.0
S7,0.223606797749979,0,120,930044,930068,0.0,0.0
S7,0.223606797749979,0,120,930044,930069,0.0,0.0
S7,0.223606797749979,0,120,930044,930070,0.0,0.0
S7,0.223606797749979,0,120,930044,930071,0.0,0.0
S7,0.223606797749979,0,120,930044,930072,0.0,0.0
S7,0.223606797749979,0,120,930044,930073,0.0,0.0
S7,0.223606797749979,0,120,930044,930074,0.0,0.0
S7,0.223606797749979,0,120,930044,930075,0.0,0.0
S7,0.223606797749979,0,120,930044,930076,0.0,0.0
S7,0.223606797749979,0,120,930044,930077,0.0,0.0
S7,0.223606797749979,0,120,930044,930078,0.0,0.0
S7,0.223606797749979,0,120,930044,930079,0.0,0.0
S7,0.223606797749979,0,120,930044,930080,0.0,0.0
S7,0.223606797749979,0,120,930044,930081,0.0,0.0
S7,0.223606797749979,0,120,930044,930082,0.0,0.0
S7,0.223606797749979,0,120,930044,930083,0.0,0.0
S7,0.223606797749979,0,120,930044,930084,0.0,0.0
S7,0.223606797749979,0,120,930044,930085,0.0,0.0
S7,0.223606797749979,0,120,930044,930086,0.0,0.0
S7,0.223606797749979,0,120,930044,930087,0.0,0.0
S7,0.223606797749979,0,120,930044,930088,0.0,0.0
S7,0.223606797749979,0,120,930044,930089,0.0,0.0
S7,0.223606797749979,0,120,930044,930090,0.0,0.0
S7,0.223606797749979,0,120,930044,930091,0.0,0.0
S7,0.223606797749979,0,120,930044,930092,0.0,0.0
S7,0.223606797749979,0,120,930044,930093,0.0,0.0
S7,0.223606797749979,0,120,930044,930094,0.0,0.0
S7,0.223606797749979,0,120,930044,930095,0.0,0.0
S7,0.223606797749979,0,120,930044,930096,0.0,0.0
S7,0.223606797749979,0,120,930044,930097,0.0,0.0
S7,0.223606797749979,0,120,930044,930098,0.0,0.0
S7,0.223606797749979,0,120,930044,930099,0.0,0.0
S7,0.223606797749979,0,120,930044,930100,0.0,0.0
S7,0.223606797749979,0,120,930045,930046,0.0,0.0
S7,0.223606797749979,0,120,930045,930047,0.0,0.0
S7,0.223606797749979,0,120,930045,930048,0.0,0.0
S7,0.223606797749979,0,120,930045,930049,0.0,0.0
S7,0.223606797749979,0,120,930045,930050,0.0,0.0
S7,0.223606797749979,0,120,930045,930051,0.0,0.0
S7,0.223606797749979,0,120,930045,930052,0.0,0.0
S7,0.223606797749979,0,120,930045,930053,0.0,0.0
S7,0.223606797749979,0,120,930045,930054,0.0,0.0
S7,0.223606797749979,0,120,930045,930055,0.0,0.0
S7,0.223606797749979,0,120,930045,930056,0.0,0.0
S7,0.223606797749979,0,120,930045,930057,0.0,0.0
S7,0.223606797749979,0,120,930045,930058,0.0,0.0
S7,0.223606797749979,0,120,930045,930059,0.0,0.0
S7,0.223606797749979,0,120,930045,930060,0.0,0.0
S7,0.223606797749979,0,120,930045,930061,0.0,0.0
S7,0.223606797749979,0,120,930045,930062,0.0,0.0
S7,0.223606797749979,0,120,930045,930063,0.0,0.0
S7,0.223606797749979,0,120,930045,930064,0.0,0.0
S7,0.223606797749979,0,120,930045,930065,0.0,0.0
S7,0.223606797749979,0,120,930045,930066,0.0,0.0
S7,0.223606797749979,0,120,930045,930067,0.0,0.0
S7,0.223606797749979,0,120,930045,930068,0.0,0.0
S7,0.223606797749979,0,120,930045,930069,0.0,0.0
S7,0.223606797749979,0,120,930045,930070,0.0,0.0
S7,0.223606797749979,0,120,930045,930071,0.0,0.0
S7,0.223606797749979,0,120,930045,930072,0.0,0.0
S7,0.223606797749979,0,120,930045,930073,0.0,0.0
S7,0.223606797749979,0,120,930045,930074,0.0,0.0
S7,0.223606797749979,0,120,930045,930075,0.0,0.0
S7,0.223606797749979,0,120,930045,930076,0.0,0.0
S7,0.223606797749979,0,120,930045,930077,0.0,0.0
S7,0.223606797749979,0,120,930045,930078,0.0,0.0
S7,0.223606797749979,0,120,930045,930079,0.0,0.0
S7,0.223606797749979,0,120,930045,930080,0.0,0.0
S7,0.223606797749979,0,120,930045,930081,0.0,0.0
S7,0.223606797749979,0,120,930045,930082,0.0,0.0
S7,0.223606797749979,0,120,930045,930083,0.0,0.0
S7,0.223606797749979,0,120,930045,930084,0.0,0.0
S7,0.223606797749979,0,120,930045,930085,0.0,0.0
S7,0.223606797749979,0,120,930045,930086,0.0,0.0
S7,0.223606797749979,0,120,930045,930087,0.0,0.0
S7,0.223606797749979,0,120,930045,930088,0.0,0.0
S7,0.223606797749979,0,120,930045,930089,0.0,0.0
S7,0.223606797749979,0,120,930045,930090,0.0,0.0
S7,0.223606797749979,0,120,930045,930091,0.0,0.0
S7,0.223606797749979,0,120,930045,930092,0.0,0.0
S7,0.223606797749979,0,120,930045,930093,0.0,0.0
S7,0.223606797749979,0,120,930045,930094,0.0,0.0
S7,0.223606797749979,0,120,930045,930095,0.0,0.0
S7,0.223606797749979,0,120,930045,930096,0.0,0.0
S7,0.223606797749979,0,120,930045,930097,0.0,0.0
S7,0.223606797749979,0,120,930045,930098,0.0,0.0
S7,0.223606797749979,0,120,930045,930099,0.0,0.0
S7,0.223606797749979,0,120,930045,930100,0.0,0.0
S7,0.223606797749979,0,120,930046,930047,0.0,0.0
S7,0.223606797749979,0,120,930046,930048,0.0,0.0
S7,0.223606797749979,0,120,930046,930049,0.0,0.0
S7,0.223606797749979,0,120,930046,930050,0.0,0.0
S7,0.223606797749979,0,120,930046,930051,0.0,0.0
S7,0.223606797749979,0,120,930046,930052,0.0,0.0
S7,0.223606797749979,0,120,930046,930053,0.0,0.0
S7,0.223606797749979,0,120,930046,930054,0.0,0.0
S7,0.223606797749979,0,120,930046,930055,0.0,0.0
S7,0.223606797749979,0,120,930046,930056,0.0,0.0
S7,0.223606797749979,0,120,930046,930057,0.0,0.0
S7,0.223606797749979,0,120,930046,930058,0.0,0.0
S7,0.223606797749979,0,120,930046,930059,0.0,0.0
S7,0.223606797749979,0,120,930046,930060,0.0,0.0
S7,0.223606797749979,0,120,930046,930061,0.0,0.0
S7,0.223606797749979,0,120,930046,930062,0.0,0.0
S7,0.223606797749979,0,120,930046,930063,0.0,0.0
S7,0.223606797749979,0,120,930046,930064,0.0,0.0
S7,0.223606797749979,0,120,930046,930065,0.0,0.0
S7,0.223606797749979,0,120,930046,930066,0.0,0.0
S7,0.223606797749979,0,120,930046,930067,0.0,0.0
S7,0.223606797749979,0,120,930046,930068,0.0,0.0
S7,0.223606797749979,0,120,930046,930069,0.0,0.0
S7,0.223606797749979,0,120,930046,930070,0.0,0.0
S7,0.223606797749979,0,120,930046,930071,0.0,0.0
S7,0.223606797749979,0,120,930046,930072,0.0,0.0
S7,0.223606797749979,0,120,930046,930073,0.0,0.0
S7,0.223606797749979,0,120,930046,930074,0.0,0.0
S7,0.223606797749979,0,120,930046,930075,0.0,0.0
S7,0.223606797749979,0,120,930046,930076,0.0,0.0
S7,0.223606797749979,0,120,930046,930077,0.0,0.0
S7,0.223606797749979,0,120,930046,930078,0.0,0.0
S7,0.223606797749979,0,120,930046,930079,0.0,0.0
S7,0.223606797749979,0,120,930046,930080,0.0,0.0
S7,0.223606797749979,0,120,930046,930081,0.0,0.0
S7,0.223606797749979,0,120,930046,930082,0.0,0.0
S7,0.223606797749979,0,120,930046,930083,0.0,0.0
S7,0.223606797749979,0,120,930046,930084,0.0,0.0
S7,0.223606797749979,0,120,930046,930085,0.0,0.0
S7,0.223606797749979,0,120,930046,930086,0.0,0.0
S7,0.223606797749979,0,120,930046,930087,0.0,0.0
S7,0.223606797749979,0,120,930046,930088,0.0,0.0
S7,0.223606797749979,0,120,930046,930089,0.0,0.0
S7,0.223606797749979,0,120,930046,930090,0.0,0.0
S7,0.223606797749979,0,120,930046,930091,0.0,0.0
S7,0.223606797749979,0,120,930046,930092,0.0,0.0
S7,0.223606797749979,0,120,930046,930093,0.0,0.0
S7,0.223606797749979,0,120,930046,930094,0.0,0.0
S7,0.223606797749979,0,120,930046,930095,0.0,0.0
S7,0.223606797749979,0,120,930046,930096,0.0,0.0
S7,0.223606797749979,0,120,930046,930097,0.0,0.0
S7,0.223606797749979,0,120,930046,930098,0.0,0.0
S7,0.223606797749979,0,120,930046,930099,0.0,0.0
S7,0.223606797749979,0,120,930046,930100,0.0,0.0
S7,0.223606797749979,0,120,930047,930048,0.0,0.0
S7,0.223606797749979,0,120,930047,930049,0.0,0.0
S7,0.223606797749979,0,120,930047,930050,0.0,0.0
S7,0.223606797749979,0,120,930047,930051,0.0,0.0
S7,0.223606797749979,0,120,930047,930052,0.0,0.0
S7,0.223606797749979,0,120,930047,930053,0.0,0.0
S7,0.223606797749979,0,120,930047,930054,0.0,0.0
S7,0.223606797749979,0,120,930047,930055,0.0,0.0
S7,0.223606797749979,0,120,930047,930056,0.0,0.0
S7,0.223606797749979,0,120,930047,930057,0.0,0.0
S7,0.223606797749979,0,120,930047,930058,0.0,0.0
S7,0.223606797749979,0,120,930047,930059,0.0,0.0
S7,0.223606797749979,0,120,930047,930060,0.0,0.0
S7,0.223606797749979,0,120,930047,930061,0.0,0.0
S7,0.223606797749979,0,120,930047,930062,0.0,0.0
S7,0.223606797749979,0,120,930047,930063,0.0,0.0
S7,0.223606797749979,0,120,930047,930064,0.0,0.0
S7,0.223606797749979,0,120,930047,930065,0.0,0.0
S7,0.223606797749979,0,120,930047,930066,0.0,0.0
S7,0.223606797749979,0,120,930047,930067,0.0,0.0
S7,0.223606797749979,0,120,930047,930068,0.0,0.0
S7,0.223606797749979,0,120,930047,930069,0.0,0.0
S7,0.223606797749979,0,120,930047,930070,0.0,0.0
S7,0.223606797749979,0,120,930047,930071,0.0,0.0
S7,0.223606797749979,0,120,930047,930072,0.0,0.0
S7,0.223606797749979,0,120,930047,930073,0.0,0.0
S7,0.223606797749979,0,120,930047,930074,0.0,0.0
S7,0.223606797749979,0,120,930047,930075,0.0,0.0
S7,0.223606797749979,0,120,930047,930076,0.0,0.0
S7,0.223606797749979,0,120,930047,930077,0.0,0.0
S7,0.223606797749979,0,120,930047,930078,0.0,0.0
S7,0.223606797749979,0,120,930047,930079,0.0,0.0
S7,0.223606797749979,0,120,930047,930080,0.0,0.0
S7,0.223606797749979,0,120,930047,930081,0.0,0.0
S7,0.223606797749979,0,120,930047,930082,0.0,0.0
S7,0.223606797749979,0,120,930047,930083,0.0,0.0
S7,0.223606797749979,0,120,930047,930084,0.0,0.0
S7,0.223606797749979,0,120,930047,930085,0.0,0.0
S7,0.223606797749979,0,120,930047,930086,0.0,0.0
S7,0.223606797749979,0,120,930047,930087,0.0,0.0
S7,0.223606797749979,0,120,930047,930088,0.0,0.0
S7,0.223606797749979,0,120,930047,930089,0.0,0.0
S7,0.223606797749979,0,120,930047,930090,0.0,0.0
S7,0.223606797749979,0,120,930047,930091,0.0,0.0
S7,0.223606797749979,0,120,930047,930092,0.0,0.0
S7,0.223606797749979,0,120,930047,930093,0.0,0.0
S7,0.223606797749979,0,120,930047,930094,0.0,0.0
S7,0.223606797749979,0,120,930047,930095,0.0,0.0
S7,0.223606797749979,0,120,930047,930096,0.0,0.0
S7,0.223606797749979,0,120,930047,930097,0.0,0.0
S7,0.223606797749979,0,120,930047,930098,0.0,0.0
S7,0.223606797749979,0,120,930047,930099,0.0,0.0
S7,0.223606797749979,0,120,930047,930100,0.0,0.0
S7,0.223606797749979,0,120,930048,930049,0.0,0.0
S7,0.223606797749979,0,120,930048,930050,0.0,0.0
S7,0.223606797749979,0,120,930048,930051,0.1568627450980392,0.1568627450980392
S7,0.223606797749979,0,120,930048,930052,0.12179487179487179,0.12179487179487179
S7,0.223606797749979,0,120,930048,930053,0.0,0.0
S7,0.223606797749979,0,120,930048,930054,0.0,0.0
S7,0.223606797749979,0,120,930048,930055,0.0,0.0
S7,0.223606797749979,0,120,930048,930056,0.1326530612244898,0.1326530612244898
S7,0.223606797749979,0,120,930048,930057,0.0,0.0
S7,0.223606797749979,0,120,930048,930058,0.0,0.0
S7,0.223606797749979,0,120,930048,930059,0.18478260869565216,0.18478260869565216
S7,0.223606797749979,0,120,930048,930060,0.0,0.0
S7,0.223606797749979,0,120,930048,930061,0.0,0.0
S7,0.223606797749979,0,120,930048,930062,0.0,0.0
S7,0.223606797749979,0,120,930048,930063,0.0,0.0
S7,0.223606797749979,0,120,930048,930064,0.0,0.0
S7,0.223606797749979,0,120,930048,930065,0.0,0.0
S7,0.223606797749979,0,120,930048,930066,0.0,0.0
S7,0.223606797749979,0,120,930048,930067,0.0,0.0
S7,0.223606797749979,0,120,930048,930068,0.0,0.0
S7,0.223606797749979,0,120,930048,930069,0.0,0.0
S7,0.223606797749979,0,120,930048,930070,0.0,0.0
S7,0.223606797749979,0,120,930048,930071,0.12149532710280374,0.12149532710280374
S7,0.223606797749979,0,120,930048,930072,0.0,0.0
S7,0.223606797749979,0,120,930048,930073,0.0,0.0
S7,0.223606797749979,0,120,930048,930074,0.0,0.0
S7,0.223606797749979,0,120,930048,930075,0.0,0.0
S7,0.223606797749979,0,120,930048,930076,0.0,0.0
S7,0.223606797749979,0,120,930048,930077,0.0,0.0
S7,0.223606797749979,0,120,930048,930078,0.0,0.0
S7,0.223606797749979,0,120,930048,930079,0.0,0.0
S7,0.223606797749979,0,120,930048,930080,0.0,0.0
S7,0.223606797749979,0,120,930048,930081,0.0,0.0
S7,0.223606797749979,0,120,930048,930082,0.0,0.0
S7,0.223606797749979,0,120,930048,930083,0.0,0.0
S7,0.223606797749979,0,120,930048,930084,0.0,0.0
S7,0.223606797749979,0,120,930048,930085,0.0,0.0
S7,0.223606797749979,0,120,930048,930086,0.0,0.0
S7,0.223606797749979,0,120,930048,930087,0.16,0.16
S7,0.223606797749979,0,120,930048,930088,0.1485148514851485,0.1485148514851485
S7,0.223606797749979,0,120,930048,930089,0.0,0.0
S7,0.223606797749979,0,120,930048,930090,0.0,0.0
S7,0.223606797749979,0,120,930048,930091,0.17142857142857143,0.16037735849056603
S7,0.223606797749979,0,120,930048,930092,0.0,0.0
S7,0.223606797749979,0,120,930048,930093,0.16822429906542055,0.16822429906542055
S7,0.223606797749979,0,120,930048,930094,0.0,0.0
S7,0.223606797749979,0,120,930048,930095,0.0,0.0
S7,0.223606797749979,0,120,930048,930096,0.0,0.0
S7,0.223606797749979,0,120,930048,930097,0.14705882352941177,0.14705882352941177
S7,0.223606797749979,0,120,930048,930098,0.0,0.0
S7,0.223606797749979,0,120,930048,930099,0.0,0.0
S7,0.223606797749979,0,120,930048,930100,0.0,0.0
S7,0.223606797749979,0,120,930049,930050,0.0,0.0
S7,0.223606797749979,0,120,930049,930051,0.0,0.0
S7,0.223606797749979,0,120,930049,930052,0.0,0.0
S7,0.223606797749979,0,120,930049,930053,0.0,0.0
S7,0.223606797749979,0,120,930049,930054,0.0,0.0
S7,0.223606797749979,0,120,930049,930055,0.0,0.0
S7,0.223606797749979,0,120,930049,930056,0.0,0.0
S7,0.223606797749979,0,120,930049,930057,0.0,0.0
S7,0.223606797749979,0,120,930049,930058,0.0,0.0
S7,0.223606797749979,0,120,930049,930059,0.0,0.0
S7,0.223606797749979,0,120,930049,930060,0.0,0.0
S7,0.223606797749979,0,120,930049,930061,0.0,0.0
S7,0.223606797749979,0,120,930049,930062,0.0,0.0
S7,0.223606797749979,0,120,930049,930063,0.0,0.0
S7,0.223606797749979,0,120,930049,930064,0.0,0.0
S7,0.223606797749979,0,120,930049,930065,0.0,0.0
S7,0.223606797749979,0,120,930049,930066,0.0,0.0
S7,0.223606797749979,0,120,930049,930067,0.0,0.0
S7,0.223606797749979,0,120,930049,930068,0.0,0.0
S7,0.223606797749979,0,120,930049,930069,0.0,0.0
S7,0.223606797749979,0,120,930049,930070,0.0,0.0
S7,0.223606797749979,0,120,930049,930071,0.0,0.0
S7,0.223606797749979,0,120,930049,930072,0.0,0.0
S7,0.223606797749979,0,120,930049,930073,0.0,0.0
S7,0.223606797749979,0,120,930049,930074,0.0,0.0
S7,0.223606797749979,0,120,930049,930075,0.0,0.0
S7,0.223606797749979,0,120,930049,930076,0.0,0.0
S7,0.223606797749979,0,120,930049,930077,0.0,0.0
S7,0.223606797749979,0,120,930049,930078,0.0,0.0
S7,0.223606797749979,0,120,930049,930079,0.0,0.0
S7,0.223606797749979,0,120,930049,930080,0.0,0.0
S7,0.223606797749979,0,120,930049,930081,0.0,0.0
S7,0.223606797749979,0,120,930049,930082,0.0,0.0
S7,0.223606797749979,0,120,930049,930083,0.0,0.0
S7,0.223606797749979,0,120,930049,930084,0.0,0.0
S7,0.223606797749979,0,120,930049,930085,0.0,0.0
S7,0.223606797749979,0,120,930049,930086,0.0,0.0
S7,0.223606797749979,0,120,930049,930087,0.0,0.0
S7,0.223606797749979,0,120,930049,930088,0.0,0.0
S7,0.223606797749979,0,120,930049,930089,0.0,0.0
S7,0.223606797749979,0,120,930049,930090,0.0,0.0
S7,0.223606797749979,0,120,930049,930091,0.0,0.0
S7,0.223606797749979,0,120,930049,930092,0.0,0.0
S7,0.223606797749979,0,120,930049,930093,0.0,0.0
S7,0.223606797749979,0,120,930049,930094,0.0,0.0
S7,0.223606797749979,0,120,930049,930095,0.0,0.0
S7,0.223606797749979,0,120,930049,930096,0.0,0.0
S7,0.223606797749979,0,120,930049,930097,0.0,0.0
S7,0.223606797749979,0,120,930049,930098,0.0,0.0
S7,0.223606797749979,0,120,930049,930099,0.0,0.0
S7,0.223606797749979,0,120,930049,930100,0.0,0.0
S7,0.223606797749979,0,120,930050,930051,0.0,0.0
S7,0.223606797749979,0,120,930050,930052,0.0,0.0
S7,0.223606797749979,0,120,930050,930053,0.0,0.0
S7,0.223606797749979,0,120,930050,930054,0.0,0.0
S7,0.223606797749979,0,120,930050,930055,0.0,0.0
S7,0.223606797749979,0,120,930050,930056,0.0,0.0
S7,0.223606797749979,0,120,930050,930057,0.0,0.0
S7,0.223606797749979,0,120,930050,930058,0.0,0.0
S7,0.223606797749979,0,120,930050,930059,0.0,0.0
S7,0.223606797749979,0,120,930050,930060,0.0,0.0
S7,0.223606797749979,0,120,930050,930061,0.0,0.0
S7,0.223606797749979,0,120,930050,930062,0.0,0.0
S7,0.223606797749979,0,120,930050,930063,0.0,0.0
S7,0.223606797749979,0,120,930050,930064,0.0,0.0
S7,0.223606797749979,0,120,930050,930065,0.0,0.0
S7,0.223606797749979,0,120,930050,930066,0.0,0.0
S7,0.223606797749979,0,120,930050,930067,0.0,0.0
S7,0.223606797749979,0,120,930050,930068,0.0,0.0
S7,0.223606797749979,0,120,930050,930069,0.0,0.0
S7,0.223606797749979,0,120,930050,930070,0.0,0.0
S7,0.223606797749979,0,120,930050,930071,0.0,0.0
S7,0.223606797749979,0,120,930050,930072,0.0,0.0
S7,0.223606797749979,0,120,930050,930073,0.0,0.0
S7,0.223606797749979,0,120,930050,930074,0.0,0.0
S7,0.223606797749979,0,120,930050,930075,0.0,0.0
S7,0.223606797749979,0,120,930050,930076,0.0,0.0
S7,0.223606797749979,0,120,930050,930077,0.0,0.0
S7,0.223606797749979,0,120,930050,930078,0.0,0.0
S7,0.223606797749979,0,120,930050,930079,0.0,0.0
S7,0.223606797749979,0,120,930050,930080,0.0,0.0
S7,0.223606797749979,0,120,930050,930081,0.0,0.0
S7,0.223606797749979,0,120,930050,930082,0.0,0.0
S7,0.223606797749979,0,120,930050,930083,0.0,0.0
S7,0.223606797749979,0,120,930050,930084,0.0,0.0
S7,0.223606797749979,0,120,930050,930085,0.0,0.0
S7,0.223606797749979,0,120,930050,930086,0.0,0.0
S7,0.223606797749979,0,120,930050,930087,0.0,0.0
S7,0.223606797749979,0,120,930050,930088,0.0,0.0
S7,0.223606797749979,0,120,930050,930089,0.0,0.0
S7,0.223606797749979,0,120,930050,930090,0.0,0.0
S7,0.223606797749979,0,120,930050,930091,0.0,0.0
S7,0.223606797749979,0,120,930050,930092,0.0,0.0
S7,0.223606797749979,0,120,930050,930093,0.0,0.0
S7,0.223606797749979,0,120,930050,930094,0.0,0.0
S7,0.223606797749979,0,120,930050,930095,0.0,0.0
S7,0.223606797749979,0,120,930050,930096,0.0,0.0
S7,0.223606797749979,0,120,930050,930097,0.0,0.0
S7,0.223606797749979,0,120,930050,930098,0.0,0.0
S7,0.223606797749979,0,120,930050,930099,0.0,0.0
S7,0.223606797749979,0,120,930050,930100,0.0,0.0
S7,0.223606797749979,0,120,930051,930052,0.125,0.125
S7,0.223606797749979,0,120,930051,930053,0.0,0.0
S7,0.223606797749979,0,120,930051,930054,0.0,0.0
S7,0.223606797749979,0,120,930051,930055,0.0,0.0
S7,0.223606797749979,0,120,930051,930056,0.16304347826086957,0.16304347826086957
S7,0.223606797749979,0,120,930051,930057,0.0,0.0
S7,0.223606797749979,0,120,930051,930058,0.0,0.0
S7,0.223606797749979,0,120,930051,930059,0.15384615384615385,0.15384615384615385
S7,0.223606797749979,0,120,930051,930060,0.0,0.0
S7,0.223606797749979,0,120,930051,930061,0.0,0.0
S7,0.223606797749979,0,120,930051,930062,0.0,0.0
S7,0.223606797749979,0,120,930051,930063,0.0,0.0
S7,0.223606797749979,0,120,930051,930064,0.0,0.0
S7,0.223606797749979,0,120,930051,930065,0.0,0.0
S7,0.223606797749979,0,120,930051,930066,0.0,0.0
S7,0.223606797749979,0,120,930051,930067,0.0,0.0
S7,0.223606797749979,0,120,930051,930068,0.0,0.0
S7,0.223606797749979,0,120,930051,930069,0.0,0.0
S7,0.223606797749979,0,120,930051,930070,0.0,0.0
S7,0.223606797749979,0,120,930051,930071,0.1836734693877551,0.1836734693877551
S7,0.223606797749979,0,120,930051,930072,0.0,0.0
S7,0.223606797749979,0,120,930051,930073,0.0,0.0
S7,0.223606797749979,0,120,930051,930074,0.0,0.0
S7,0.223606797749979,0,120,930051,930075,0.0,0.0
S7,0.223606797749979,0,120,930051,930076,0.0,0.0
S7,0.223606797749979,0,120,930051,930077,0.0,0.0
S7,0.223606797749979,0,120,930051,930078,0.0,0.0
S7,0.223606797749979,0,120,930051,930079,0.0,0.0
S7,0.223606797749979,0,120,930051,930080,0.0,0.0
S7,0.223606797749979,0,120,930051,930081,0.0,0.0
S7,0.223606797749979,0,120,930051,930082,0.0,0.0
S7,0.223606797749979,0,120,930051,930083,0.0,0.0
S7,0.223606797749979,0,120,930051,930084,0.0,0.0
S7,0.223606797749979,0,120,930051,930085,0.0,0.0
S7,0.223606797749979,0,120,930051,930086,0.0,0.0
S7,0.223606797749979,0,120,930051,930087,0.12,0.12
S7,0.223606797749979,0,120,930051,930088,0.17894736842105263,0.17894736842105263
S7,0.223606797749979,0,120,930051,930089,0.0,0.0
S7,0.223606797749979,0,120,930051,930090,0.0,0.0
S7,0.223606797749979,0,120,930051,930091,0.1782178217821782,0.1782178217821782
S7,0.223606797749979,0,120,930051,930092,0.0,0.0
S7,0.223606797749979,0,120,930051,930093,0.17475728155339806,0.17475728155339806
S7,0.223606797749979,0,120,930051,930094,0.0,0.0
S7,0.223606797749979,0,120,930051,930095,0.0,0.0
S7,0.223606797749979,0,120,930051,930096,0.0,0.0
S7,0.223606797749979,0,120,930051,930097,0.17708333333333334,0.17708333333333334
S7,0.223606797749979,0,120,930051,930098,0.0,0.0
S7,0.223606797749979,0,120,930051,930099,0.0,0.0
S7,0.223606797749979,0,120,930051,930100,0.0,0.0
S7,0.223606797749979,0,120,930052,930053,0.0,0.0
S7,0.223606797749979,0,120,930052,930054,0.0,0.0
S7,0.223606797749979,0,120,930052,930055,0.0,0.0
S7,0.223606797749979,0,120,930052,930056,0.1232876712328767,0.1232876712328767
S7,0.223606797749979,0,120,930052,930057,0.0,0.0
S7,0.223606797749979,0,120,930052,930058,0.0,0.0
S7,0.223606797749979,0,120,930052,930059,0.0728476821192053,0.0728476821192053
S7,0.223606797749979,0,120,930052,930060,0.0,0.0
S7,0.223606797749979,0,120,930052,930061,0.0,0.0
S7,0.223606797749979,0,120,930052,930062,0.0,0.0
S7,0.223606797749979,0,120,930052,930063,0.0,0.0
S7,0.223606797749979,0,120,930052,930064,0.0,0.0
S7,0.223606797749979,0,120,930052,930065,0.0,0.0
S7,0.223606797749979,0,120,930052,930066,0.0,0.0
S7,0.223606797749979,0,120,930052,930067,0.0,0.0
S7,0.223606797749979,0,120,930052,930068,0.0,0.0
S7,0.223606797749979,0,120,930052,930069,0.0,0.0
S7,0.223606797749979,0,120,930052,930070,0.0,0.0
S7,0.223606797749979,0,120,930052,930071,0.10897435897435898,0.10897435897435898
S7,0.223606797749979,0,120,930052,930072,0.0,0.0
S7,0.223606797749979,0,120,930052,930073,0.0,0.0
S7,0.223606797749979,0,120,930052,930074,0.0,0.0
S7,0.223606797749979,0,120,930052,930075,0.0,0.0
S7,0.223606797749979,0,120,930052,930076,0.0,0.0
S7,0.223606797749979,0,120,930052,930077,0.0,0.0
S7,0.223606797749979,0,120,930052,930078,0.0,0.0
S7,0.223606797749979,0,120,930052,930079,0.0,0.0
S7,0.223606797749979,0,120,930052,930080,0.0,0.0
S7,0.223606797749979,0,120,930052,930081,0.0,0.0
S7,0.223606797749979,0,120,930052,930082,0.0,0.0
S7,0.223606797749979,0,120,930052,930083,0.0,0.0
S7,0.223606797749979,0,120,930052,930084,0.0,0.0
S7,0.223606797749979,0,120,930052,930085,0.0,0.0
S7,0.223606797749979,0,120,930052,930086,0.0,0.0
S7,0.223606797749979,0,120,930052,930087,0.14965986394557823,0.14965986394557823
S7,0.223606797749979,0,120,930052,930088,0.14189189189189189,0.14189189189189189
S7,0.223606797749979,0,120,930052,930089,0.0,0.0
S7,0.223606797749979,0,120,930052,930090,0.0,0.0
S7,0.223606797749979,0,120,930052,930091,0.1282051282051282,0.1282051282051282
S7,0.223606797749979,0,120,930052,930092,0.0,0.0
S7,0.223606797749979,0,120,930052,930093,0.17105263157894737,0.17105263157894737
S7,0.223606797749979,0,120,930052,930094,0.0,0.0
S7,0.223606797749979,0,120,930052,930095,0.0,0.0
S7,0.223606797749979,0,120,930052,930096,0.0,0.0
S7,0.223606797749979,0,120,930052,930097,0.11842105263157894,0.11842105263157894
S7,0.223606797749979,0,120,930052,930098,0.0,0.0
S7,0.223606797749979,0,120,930052,930099,0.0,0.0
S7,0.223606797749979,0,120,930052,930100,0.0,0.0
S7,0.223606797749979,0,120,930053,930054,0.0,0.0
S7,0.223606797749979,0,120,930053,930055,0.0,0.0
S7,0.223606797749979,0,120,930053,930056,0.0,0.0
S7,0.223606797749979,0,120,930053,930057,0.0,0.0
S7,0.223606797749979,0,120,930053,930058,0.0,0.0
S7,0.223606797749979,0,120,930053,930059,0.0,0.0
S7,0.223606797749979,0,120,930053,930060,0.0,0.0
S7,0.223606797749979,0,120,930053,930061,0.0,0.0
S7,0.223606797749979,0,120,930053,930062,0.0,0.0
S7,0.223606797749979,0,120,930053,930063,0.0,0.0
S7,0.223606797749979,0,120,930053,930064,0.0,0.0
S7,0.223606797749979,0,120,930053,930065,0.0,0.0
S7,0.223606797749979,0,120,930053,930066,0.0,0.0
S7,0.223606797749979,0,120,930053,930067,0.0,0.0
S7,0.223606797749979,0,120,930053,930068,0.0,0.0
S7,0.223606797749979,0,120,930053,930069,0.0,0.0
S7,0.223606797749979,0,120,930053,930070,0.0,0.0
S7,0.223606797749979,0,120,930053,930071,0.0,0.0
S7,0.223606797749979,0,120,930053,930072,0.0,0.0
S7,0.223606797749979,0,120,930053,930073,0.0,0.0
S7,0.223606797749979,0,120,930053,930074,0.0,0.0
S7,0.223606797749979,0,120,930053,930075,0.0,0.0
S7,0.223606797749979,0,120,930053,930076,0.0,0.0
S7,0.223606797749979,0,120,930053,930077,0.0,0.0
S7,0.223606797749979,0,120,930053,930078,0.0,0.0
S7,0.223606797749979,0,120,930053,930079,0.0,0.0
S7,0.223606797749979,0,120,930053,930080,0.0,0.0
S7,0.223606797749979,0,120,930053,930081,0.0,0.0
S7,0.223606797749979,0,120,930053,930082,0.0,0.0
S7,0.223606797749979,0,120,930053,930083,0.0,0.0
S7,0.223606797749979,0,120,930053,930084,0.0,0.0
S7,0.223606797749979,0,120,930053,930085,0.0,0.0
S7,0.223606797749979,0,120,930053,930086,0.0,0.0
S7,0.223606797749979,0,120,930053,930087,0.0,0.0
S7,0.223606797749979,0,120,930053,930088,0.0,0.0
S7,0.223606797749979,0,120,930053,930089,0.0,0.0
S7,0.223606797749979,0,120,930053,930090,0.0,0.0
S7,0.223606797749979,0,120,930053,930091,0.0,0.0
S7,0.223606797749979,0,120,930053,930092,0.0,0.0
S7,0.223606797749979,0,120,930053,930093,0.0,0.0
S7,0.223606797749979,0,120,930053,930094,0.0,0.0
S7,0.223606797749979,0,120,930053,930095,0.0,0.0
S7,0.223606797749979,0,120,930053,930096,0.0,0.0
S7,0.223606797749979,0,120,930053,930097,0.0,0.0
S7,0.223606797749979,0,120,930053,930098,0.0,0.0
S7,0.223606797749979,0,120,930053,930099,0.0,0.0
S7,0.223606797749979,0,120,930053,930100,0.0,0.0
S7,0.223606797749979,0,120,930054,930055,0.0,0.0
S7,0.223606797749979,0,120,930054,930056,0.0,0.0
S7,0.223606797749979,0,120,930054,930057,0.0,0.0
S7,0.223606797749979,0,120,930054,930058,0.0,0.0
S7,0.223606797749979,0,120,930054,930059,0.0,0.0
S7,0.223606797749979,0,120,930054,930060,0.0,0.0
S7,0.223606797749979,0,120,930054,930061,0.0,0.0
S7,0.223606797749979,0,120,930054,930062,0.0,0.0
S7,0.223606797749979,0,120,930054,930063,0.0,0.0
S7,0.223606797749979,0,120,930054,930064,0.0,0.0
S7,0.223606797749979,0,120,930054,930065,0.0,0.0
S7,0.223606797749979,0,120,930054,930066,0.0,0.0
S7,0.223606797749979,0,120,930054,930067,0.0,0.0
S7,0.223606797749979,0,120,930054,930068,0.0,0.0
S7,0.223606797749979,0,120,930054,930069,0.0,0.0
S7,0.223606797749979,0,120,930054,930070,0.0,0.0
S7,0.223606797749979,0,120,930054,930071,0.0,0.0
S7,0.223606797749979,0,120,930054,930072,0.0,0.0
S7,0.223606797749979,0,120,930054,930073,0.0,0.0
S7,0.223606797749979,0,120,930054,930074,0.0,0.0
S7,0.223606797749979,0,120,930054,930075,0.0,0.0
S7,0.223606797749979,0,120,930054,930076,0.0,0.0
S7,0.223606797749979,0,120,930054,930077,0.0,0.0
S7,0.223606797749979,0,120,930054,930078,0.0,0.0
S7,0.223606797749979,0,120,930054,930079,0.0,0.0
S7,0.223606797749979,0,120,930054,930080,0.0,0.0
S7,0.223606797749979,0,120,930054,930081,0.0,0.0
S7,0.223606797749979,0,120,930054,930082,0.0,0.0
S7,0.223606797749979,0,120,930054,930083,0.0,0.0
S7,0.223606797749979,0,120,930054,930084,0.0,0.0
S7,0.223606797749979,0,120,930054,930085,0.0,0.0
S7,0.223606797749979,0,120,930054,930086,0.0,0.0
S7,0.223606797749979,0,120,930054,930087,0.0,0.0
S7,0.223606797749979,0,120,930054,930088,0.0,0.0
S7,0.223606797749979,0,120,930054,930089,0.0,0.0
S7,0.223606797749979,0,120,930054,930090,0.0,0.0
S7,0.223606797749979,0,120,930054,930091,0.0,0.0
S7,0.223606797749979,0,120,930054,930092,0.0,0.0
S7,0.223606797749979,0,120,930054,930093,0.0,0.0
S7,0.223606797749979,0,120,930054,930094,0.0,0.0
S7,0.223606797749979,0,120,930054,930095,0.0,0.0
S7,0.223606797749979,0,120,930054,930096,0.0,0.0
S7,0.223606797749979,0,120,930054,930097,0.0,0.0
S7,0.223606797749979,0,120,930054,930098,0.0,0.0
S7,0.223606797749979,0,120,930054,930099,0.0,0.0
S7,0.223606797749979,0,120,930054,930100,0.0,0.0
S7,0.223606797749979,0,120,930055,930056,0.0,0.0
S7,0.223606797749979,0,120,930055,930057,0.0,0.0
S7,0.223606797749979,0,120,930055,930058,0.0,0.0
S7,0.223606797749979,0,120,930055,930059,0.0,0.0
S7,0.223606797749979,0,120,930055,930060,0.0,0.0
S7,0.223606797749979,0,120,930055,930061,0.0,0.0
S7,0.223606797749979,0,120,930055,930062,0.0,0.0
S7,0.223606797749979,0,120,930055,930063,0.0,0.0
S7,0.223606797749979,0,120,930055,930064,0.0,0.0
S7,0.223606797749979,0,120,930055,930065,0.0,0.0
S7,0.223606797749979,0,120,930055,930066,0.0,0.0
S7,0.223606797749979,0,120,930055,930067,0.0,0.0
S7,0.223606797749979,0,120,930055,930068,0.0,0.0
S7,0.223606797749979,0,120,930055,930069,0.0,0.0
S7,0.223606797749979,0,120,930055,930070,0.0,0.0
S7,0.223606797749979,0,120,930055,930071,0.0,0.0
S7,0.223606797749979,0,120,930055,930072,0.0,0.0
S7,0.223606797749979,0,120,930055,930073,0.0,0.0
S7,0.223606797749979,0,120,930055,930074,0.0,0.0
S7,0.223606797749979,0,120,930055,930075,0.0,0.0
S7,0.223606797749979,0,120,930055,930076,0.0,0.0
S7,0.223606797749979,0,120,930055,930077,0.0,0.0
S7,0.223606797749979,0,120,930055,930078,0.0,0.0
S7,0.223606797749979,0,120,930055,930079,0.0,0.0
S7,0.223606797749979,0,120,930055,930080,0.0,0.0
S7,0.223606797749979,0,120,930055,930081,0.0,0.0
S7,0.223606797749979,0,120,930055,930082,0.0,0.0
S7,0.223606797749979,0,120,930055,930083,0.0,0.0
S7,0.223606797749979,0,120,930055,930084,0.0,0.0
S7,0.223606797749979,0,120,930055,930085,0.0,0.0
S7,0.223606797749979,0,120,930055,930086,0.0,0.0
S7,0.223606797749979,0,120,930055,930087,0.0,0.0
S7,0.223606797749979,0,120,930055,930088,0.0,0.0
S7,0.223606797749979,0,120,930055,930089,0.0,0.0
S7,0.223606797749979,0,120,930055,930090,0.0,0.0
S7,0.223606797749979,0,120,930055,930091,0.0,0.0
S7,0.223606797749979,0,120,930055,930092,0.0,0.0
S7,0.223606797749979,0,120,930055,930093,0.0,0.0
S7,0.223606797749979,0,120,930055,930094,0.0,0.0
S7,0.223606797749979,0,120,930055,930095,0.0,0.0
S7,0.223606797749979,0,120,930055,930096,0.0,0.0
S7,0.223606797749979,0,120,930055,930097,0.0,0.0
S7,0.223606797749979,0,120,930055,930098,0.0,0.0
S7,0.223606797749979,0,120,930055,930099,0.0,0.0
S7,0.223606797749979,0,120,930055,930100,0.0,0.0
S7,0.223606797749979,0,120,930056,930057,0.0,0.0
S7,0.223606797749979,0,120,930056,930058,0.0,0.0
S7,0.223606797749979,0,120,930056,930059,0.11363636363636363,0.11363636363636363
S7,0.223606797749979,0,120,930056,930060,0.0,0.0
S7,0.223606797749979,0,120,930056,930061,0.0,0.0
S7,0.223606797749979,0,120,930056,930062,0.0,0.0
S7,0.223606797749979,0,120,930056,930063,0.0,0.0
S7,0.223606797749979,0,120,930056,930064,0.0,0.0
S7,0.223606797749979,0,120,930056,930065,0.0,0.0
S7,0.223606797749979,0,120,930056,930066,0.0,0.0
S7,0.223606797749979,0,120,930056,930067,0.0,0.0
S7,0.223606797749979,0,120,930056,930068,0.0,0.0
S7,0.223606797749979,0,120,930056,930069,0.0,0.0
S7,0.223606797749979,0,120,930056,930070,0.0,0.0
S7,0.223606797749979,0,120,930056,930071,0.1595744680851064,0.1595744680851064
S7,0.223606797749979,0,120,930056,930072,0.0,0.0
S7,0.223606797749979,0,120,930056,930073,0.0,0.0
S7,0.223606797749979,0,120,930056,930074,0.0,0.0
S7,0.223606797749979,0,120,930056,930075,0.0,0.0
S7,0.223606797749979,0,120,930056,930076,0.0,0.0
S7,0.223606797749979,0,120,930056,930077,0.0,0.0
S7,0.223606797749979,0,120,930056,930078,0.0,0.0
S7,0.223606797749979,0,120,930056,930079,0.0,0.0
S7,0.223606797749979,0,120,930056,930080,0.0,0.0
S7,0.223606797749979,0,120,930056,930081,0.0,0.0
S7,0.223606797749979,0,120,930056,930082,0.0,0.0
S7,0.223606797749979,0,120,930056,930083,0.0,0.0
S7,0.223606797749979,0,120,930056,930084,0.0,0.0
S7,0.223606797749979,0,120,930056,930085,0.0,0.0
S7,0.223606797749979,0,120,930056,930086,0.0,0.0
S7,0.223606797749979,0,120,930056,930087,0.12903225806451613,0.12903225806451613
S7,0.223606797749979,0,120,930056,930088,0.19318181818181818,0.19318181818181818
S7,0.223606797749979,0,120,930056,930089,0.0,0.0
S7,0.223606797749979,0,120,930056,930090,0.0,0.0
S7,0.223606797749979,0,120,930056,930091,0.15463917525773196,0.15463917525773196
S7,0.223606797749979,0,120,930056,930092,0.0,0.0
S7,0.223606797749979,0,120,930056,930093,0.16326530612244897,0.16326530612244897
S7,0.223606797749979,0,120,930056,930094,0.0,0.0
S7,0.223606797749979,0,120,930056,930095,0.0,0.0
S7,0.223606797749979,0,120,930056,930096,0.0,0.0
S7,0.223606797749979,0,120,930056,930097,0.13978494623655913,0.13978494623655913
S7,0.223606797749979,0,120,930056,930098,0.0,0.0
S7,0.223606797749979,0,120,930056,930099,0.0,0.0
S7,0.223606797749979,0,120,930056,930100,0.0,0.0
S7,0.223606797749979,0,120,930057,930058,0.0,0.0
S7,0.223606797749979,0,120,930057,930059,0.0,0.0
S7,0.223606797749979,0,120,930057,930060,0.0,0.0
S7,0.223606797749979,0,120,930057,930061,0.0,0.0
S7,0.223606797749979,0,120,930057,930062,0.0,0.0
S7,0.223606797749979,0,120,930057,930063,0.0,0.0
S7,0.223606797749979,0,120,930057,930064,0.0,0.0
S7,0.223606797749979,0,120,930057,930065,0.0,0.0
S7,0.223606797749979,0,120,930057,930066,0.0,0.0
S7,0.223606797749979,0,120,930057,930067,0.0,0.0
S7,0.223606797749979,0,120,930057,930068,0.0,0.0
S7,0.223606797749979,0,120,930057,930069,0.0,0.0
S7,0.223606797749979,0,120,930057,930070,0.0,0.0
S7,0.223606797749979,0,120,930057,930071,0.0,0.0
S7,0.223606797749979,0,120,930057,930072,0.0,0.0
S7,0.223606797749979,0,120,930057,930073,0.0,0.0
S7,0.223606797749979,0,120,930057,930074,0.0,0.0
S7,0.223606797749979,0,120,930057,930075,0.0,0.0
S7,0.223606797749979,0,120,930057,930076,0.0,0.0
S7,0.223606797749979,0,120,930057,930077,0.0,0.0
S7,0.223606797749979,0,120,930057,930078,0.0,0.0
S7,0.223606797749979,0,120,930057,930079,0.0,0.0
S7,0.223606797749979,0,120,930057,930080,0.0,0.0
S7,0.223606797749979,0,120,930057,930081,0.0,0.0
S7,0.223606797749979,0,120,930057,930082,0.0,0.0
S7,0.223606797749979,0,120,930057,930083,0.0,0.0
S7,0.223606797749979,0,120,930057,930084,0.0,0.0
S7,0.223606797749979,0,120,930057,930085,0.0,0.0
S7,0.223606797749979,0,120,930057,930086,0.0,0.0
S7,0.223606797749979,0,120,930057,930087,0.0,0.0
S7,0.223606797749979,0,120,930057,930088,0.0,0.0
S7,0.223606797749979,0,120,930057,930089,0.0,0.0
S7,0.223606797749979,0,120,930057,930090,0.0,0.0
S7,0.223606797749979,0,120,930057,930091,0.0,0.0
S7,0.223606797749979,0,120,930057,930092,0.0,0.0
S7,0.223606797749979,0,120,930057,930093,0.0,0.0
S7,0.223606797749979,0,120,930057,930094,0.0,0.0
S7,0.223606797749979,0,120,930057,930095,0.0,0.0
S7,0.223606797749979,0,120,930057,930096,0.0,0.0
S7,0.223606797749979,0,120,930057,930097,0.0,0.0
S7,0.223606797749979,0,120,930057,930098,0.0,0.0
S7,0.223606797749979,0,120,930057,930099,0.0,0.0
S7,0.223606797749979,0,120,930057,930100,0.0,0.0
S7,0.223606797749979,0,120,930058,930059,0.0,0.0
S7,0.223606797749979,0,120,930058,930060,0.0,0.0
S7,0.223606797749979,0,120,930058,930061,0.0,0.0
S7,0.223606797749979,0,120,930058,930062,0.0,0.0
S7,0.223606797749979,0,120,930058,930063,0.0,0.0
S7,0.223606797749979,0,120,930058,930064,0.0,0.0
S7,0.223606797749979,0,120,930058,930065,0.0,0.0
S7,0.223606797749979,0,120,930058,930066,0.0,0.0
S7,0.223606797749979,0,120,930058,930067,0.0,0.0
S7,0.223606797749979,0,120,930058,930068,0.0,0.0
S7,0.223606797749979,0,120,930058,930069,0.0,0.0
S7,0.223606797749979,0,120,930058,930070,0.0,0.0
S7,0.223606797749979,0,120,930058,930071,0.0,0.0
S7,0.223606797749979,0,120,930058,930072,0.0,0.0
S7,0.223606797749979,0,120,930058,930073,0.0,0.0
S7,0.223606797749979,0,120,930058,930074,0.0,0.0
S7,0.223606797749979,0,120,930058,930075,0.0,0.0
S7,0.223606797749979,0,120,930058,930076,0.0,0.0
S7,0.223606797749979,0,120,930058,930077,0.0,0.0
S7,0.223606797749979,0,120,930058,930078,0.0,0.0
S7,0.223606797749979,0,120,930058,930079,0.0,0.0
S7,0.223606797749979,0,120,930058,930080,0.0,0.0
S7,0.223606797749979,0,120,930058,930081,0.0,0.0
S7,0.223606797749979,0,120,930058,930082,0.0,0.0
S7,0.223606797749979,0,120,930058,930083,0.0,0.0
S7,0.223606797749979,0,120,930058,930084,0.0,0.0
S7,0.223606797749979,0,120,930058,930085,0.0,0.0
S7,0.223606797749979,0,120,930058,930086,0.0,0.0
S7,0.223606797749979,0,120,930058,930087,0.0,0.0
S7,0.223606797749979,0,120,930058,930088,0.0,0.0
S7,0.223606797749979,0,120,930058,930089,0.0,0.0
S7,0.223606797749979,0,120,930058,930090,0.0,0.0
S7,0.223606797749979,0,120,930058,930091,0.0,0.0
S7,0.223606797749979,0,120,930058,930092,0.0,0.0
S7,0.223606797749979,0,120,930058,930093,0.0,0.0
S7,0.223606797749979,0,120,930058,930094,0.0,0.0
S7,0.223606797749979,0,120,930058,930095,0.0,0.0
S7,0.223606797749979,0,120,930058,930096,0.0,0.0
S7,0.223606797749979,0,120,930058,930097,0.0,0.0
S7,0.223606797749979,0,120,930058,930098,0.0,0.0
S7,0.223606797749979,0,120,930058,930099,0.0,0.0
S7,0.223606797749979,0,120,930058,930100,0.0,0.0
S7,0.223606797749979,0,120,930059,930060,0.0,0.0
S7,0.223606797749979,0,120,930059,930061,0.0,0.0
S7,0.223606797749979,0,120,930059,930062,0.0,0.0
S7,0.223606797749979,0,120,930059,930063,0.0,0.0
S7,0.223606797749979,0,120,930059,930064,0.0,0.0
S7,0.223606797749979,0,120,930059,930065,0.0,0.0
S7,0.223606797749979,0,120,930059,930066,0.0,0.0
S7,0.223606797749979,0,120,930059,930067,0.0,0.0
S7,0.223606797749979,0,120,930059,930068,0.0,0.0
S7,0.223606797749979,0,120,930059,930069,0.0,0.0
S7,0.223606797749979,0,120,930059,930070,0.0,0.0
S7,0.223606797749979,0,120,930059,930071,0.13829787234042554,0.13829787234042554
S7,0.223606797749979,0,120,930059,930072,0.0,0.0
S7,0.223606797749979,0,120,930059,930073,0.0,0.0
S7,0.223606797749979,0,120,930059,930074,0.0,0.0
S7,0.223606797749979,0,120,930059,930075,0.0,0.0
S7,0.223606797749979,0,120,930059,930076,0.0,0.0
S7,0.223606797749979,0,120,930059,930077,0.0,0.0
S7,0.223606797749979,0,120,930059,930078,0.0,0.0
S7,0.223606797749979,0,120,930059,930079,0.0,0.0
S7,0.223606797749979,0,120,930059,930080,0.0,0.0
S7,0.223606797749979,0,120,930059,930081,0.0,0.0
S7,0.223606797749979,0,120,930059,930082,0.0,0.0
S7,0.223606797749979,0,120,930059,930083,0.0,0.0
S7,0.223606797749979,0,120,930059,930084,0.0,0.0
S7,0.223606797749979,0,120,930059,930085,0.0,0.0
S7,0.223606797749979,0,120,930059,930086,0.0,0.0
S7,0.223606797749979,0,120,930059,930087,0.11956521739130435,0.11956521739130435
S7,0.223606797749979,0,120,930059,930088,0.17045454545454544,0.17045454545454544
S7,0.223606797749979,0,120,930059,930089,0.0,0.0
S7,0.223606797749979,0,120,930059,930090,0.0,0.0
S7,0.223606797749979,0,120,930059,930091,0.1827956989247312,0.1827956989247312
S7,0.223606797749979,0,120,930059,930092,0.0,0.0
S7,0.223606797749979,0,120,930059,930093,0.10891089108910891,0.10891089108910891
S7,0.223606797749979,0,120,930059,930094,0.0,0.0
S7,0.223606797749979,0,120,930059,930095,0.0,0.0
S7,0.223606797749979,0,120,930059,930096,0.0,0.0
S7,0.223606797749979,0,120,930059,930097,0.10638297872340426,0.10638297872340426
S7,0.223606797749979,0,120,930059,930098,0.0,0.0
S7,0.223606797749979,0,120,930059,930099,0.0,0.0
S7,0.223606797749979,0,120,930059,930100,0.0,0.0
S7,0.223606797749979,0,120,930060,930061,0.0,0.0
S7,0.223606797749979,0,120,930060,930062,0.0,0.0
S7,0.223606797749979,0,120,930060,930063,0.0,0.0
S7,0.223606797749979,0,120,930060,930064,0.0,0.0
S7,0.223606797749979,0,120,930060,930065,0.0,0.0
S7,0.223606797749979,0,120,930060,930066,0.0,0.0
S7,0.223606797749979,0,120,930060,930067,0.0,0.0
S7,0.223606797749979,0,120,930060,930068,0.0,0.0
S7,0.223606797749979,0,120,930060,930069,0.0,0.0
S7,0.223606797749979,0,120,930060,930070,0.0,0.0
S7,0.223606797749979,0,120,930060,930071,0.0,0.0
S7,0.223606797749979,0,120,930060,930072,0.0,0.0
S7,0.223606797749979,0,120,930060,930073,0.0,0.0
S7,0.223606797749979,0,120,930060,930074,0.0,0.0
S7,0.223606797749979,0,120,930060,930075,0.0,0.0
S7,0.223606797749979,0,120,930060,930076,0.0,0.0
S7,0.223606797749979,0,120,930060,930077,0.0,0.0
S7,0.223606797749979,0,120,930060,930078,0.0,0.0
S7,0.223606797749979,0,120,930060,930079,0.0,0.0
S7,0.223606797749979,0,120,930060,930080,0.0,0.0
S7,0.223606797749979,0,120,930060,930081,0.0,0.0
S7,0.223606797749979,0,120,930060,930082,0.0,0.0
S7,0.223606797749979,0,120,930060,930083,0.0,0.0
S7,0.223606797749979,0,120,930060,930084,0.0,0.0
S7,0.223606797749979,0,120,930060,930085,0.0,0.0
S7,0.223606797749979,0,120,930060,930086,0.0,0.0
S7,0.223606797749979,0,120,930060,930087,0.0,0.0
S7,0.223606797749979,0,120,930060,930088,0.0,0.0
S7,0.223606797749979,0,120,930060,930089,0.0,0.0
S7,0.223606797749979,0,120,930060,930090,0.0,0.0
S7,0.223606797749979,0,120,930060,930091,0.0,0.0
S7,0.223606797749979,0,120,930060,930092,0.0,0.0
S7,0.223606797749979,0,120,930060,930093,0.0,0.0
S7,0.223606797749979,0,120,930060,930094,0.0,0.0
S7,0.223606797749979,0,120,930060,930095,0.0,0.0
S7,0.223606797749979,0,120,930060,930096,0.0,0.0
S7,0.223606797749979,0,120,930060,930097,0.0,0.0
S7,0.223606797749979,0,120,930060,930098,0.0,0.0
S7,0.223606797749979,0,120,930060,930099,0.0,0.0
S7,0.223606797749979,0,120,930060,930100,0.0,0.0
S7,0.223606797749979,0,120,930061,930062,0.0,0.0
S7,0.223606797749979,0,120,930061,930063,0.0,0.0
S7,0.223606797749979,0,120,930061,930064,0.0,0.0
S7,0.223606797749979,0,120,930061,930065,0.0,0.0
S7,0.223606797749979,0,120,930061,930066,0.0,0.0
S7,0.223606797749979,0,120,930061,930067,0.0,0.0
S7,0.223606797749979,0,120,930061,930068,0.0,0.0
S7,0.223606797749979,0,120,930061,930069,0.0,0.0
S7,0.223606797749979,0,120,930061,930070,0.0,0.0
S7,0.223606797749979,0,120,930061,930071,0.0,0.0
S7,0.223606797749979,0,120,930061,930072,0.0,0.0
S7,0.223606797749979,0,120,930061,930073,0.0,0.0
S7,0.223606797749979,0,120,930061,930074,0.0,0.0
S7,0.223606797749979,0,120,930061,930075,0.0,0.0
S7,0.223606797749979,0,120,930061,930076,0.0,0.0
S7,0.223606797749979,0,120,930061,930077,0.0,0.0
S7,0.223606797749979,0,120,930061,930078,0.0,0.0
S7,0.223606797749979,0,120,930061,930079,0.0,0.0
S7,0.223606797749979,0,120,930061,930080,0.0,0.0
S7,0.223606797749979,0,120,930061,930081,0.0,0.0
S7,0.223606797749979,0,120,930061,930082,0.0,0.0
S7,0.223606797749979,0,120,930061,930083,0.0,0.0
S7,0.223606797749979,0,120,930061,930084,0.0,0.0
S7,0.223606797749979,0,120,930061,930085,0.0,0.0
S7,0.223606797749979,0,120,930061,930086,0.0,0.0
S7,0.223606797749979,0,120,930061,930087,0.0,0.0
S7,0.223606797749979,0,120,930061,930088,0.0,0.0
S7,0.223606797749979,0,120,930061,930089,0.0,0.0
S7,0.223606797749979,0,120,930061,930090,0.0,0.0
S7,0.223606797749979,0,120,930061,930091,0.0,0.0
S7,0.223606797749979,0,120,930061,930092,0.0,0.0
S7,0.223606797749979,0,120,930061,930093,0.0,0.0
S7,0.223606797749979,0,120,930061,930094,0.0,0.0
S7,0.223606797749979,0,120,930061,930095,0.0,0.0
S7,0.223606797749979,0,120,930061,930096,0.0,0.0
S7,0.223606797749979,0,120,930061,930097,0.0,0.0
S7,0.223606797749979,0,120,930061,930098,0.0,0.0
S7,0.223606797749979,0,120,930061,930099,0.0,0.0
S7,0.223606797749979,0,120,930061,930100,0.0,0.0
S7,0.223606797749979,0,120,930062,930063,0.0,0.0
S7,0.223606797749979,0,120,930062,930064,0.0,0.0
S7,0.223606797749979,0,120,930062,930065,0.0,0.0
S7,0.223606797749979,0,120,930062,930066,0.0,0.0
S7,0.223606797749979,0,120,930062,930067,0.0,0.0
S7,0.223606797749979,0,120,930062,930068,0.0,0.0
S7,0.223606797749979,0,120,930062,930069,0.0,0.0
S7,0.223606797749979,0,120,930062,930070,0.0,0.0
S7,0.223606797749979,0,120,930062,930071,0.0,0.0
S7,0.223606797749979,0,120,930062,930072,0.0,0.0
S7,0.223606797749979,0,120,930062,930073,0.0,0.0
S7,0.223606797749979,0,120,930062,930074,0.0,0.0
S7,0.223606797749979,0,120,930062,930075,0.0,0.0
S7,0.223606797749979,0,120,930062,930076,0.0,0.0
S7,0.223606797749979,0,120,930062,930077,0.0,0.0
S7,0.223606797749979,0,120,930062,930078,0.0,0.0
S7,0.223606797749979,0,120,930062,930079,0.0,0.0
S7,0.223606797749979,0,120,930062,930080,0.0,0.0
S7,0.223606797749979,0,120,930062,930081,0.0,0.0
S7,0.223606797749979,0,120,930062,930082,0.0,0.0
S7,0.223606797749979,0,120,930062,930083,0.0,0.0
S7,0.223606797749979,0,120,930062,930084,0.0,0.0
S7,0.223606797749979,0,120,930062,930085,0.0,0.0
S7,0.223606797749979,0,120,930062,930086,0.0,0.0
S7,0.223606797749979,0,120,930062,930087,0.0,0.0
S7,0.223606797749979,0,120,930062,930088,0.0,0.0
S7,0.223606797749979,0,120,930062,930089,0.0,0.0
S7,0.223606797749979,0,120,930062,930090,0.0,0.0
S7,0.223606797749979,0,120,930062,930091,0.0,0.0
S7,0.223606797749979,0,120,930062,930092,0.0,0.0
S7,0.223606797749979,0,120,930062,930093,0.0,0.0
S7,0.223606797749979,0,120,930062,930094,0.0,0.0
S7,0.223606797749979,0,120,930062,930095,0.0,0.0
S7,0.223606797749979,0,120,930062,930096,0.0,0.0
S7,0.223606797749979,0,120,930062,930097,0.0,0.0
S7,0.223606797749979,0,120,930062,930098,0.0,0.0
S7,0.223606797749979,0,120,930062,930099,0.0,0.0
S7,0.223606797749979,0,120,930062,930100,0.0,0.0
S7,0.223606797749979,0,120,930063,930064,0.0,0.0
S7,0.223606797749979,0,120,930063,930065,0.0,0.0
S7,0.223606797749979,0,120,930063,930066,0.0,0.0
S7,0.223606797749979,0,120,930063,930067,0.0,0.0
S7,0.223606797749979,0,120,930063,930068,0.0,0.0
S7,0.223606797749979,0,120,930063,930069,0.0,0.0
S7,0.223606797749979,0,120,930063,930070,0.0,0.0
S7,0.223606797749979,0,120,930063,930071,0.0,0.0
S7,0.223606797749979,0,120,930063,930072,0.0,0.0
S7,0.223606797749979,0,120,930063,930073,0.0,0.0
S7,0.223606797749979,0,120,930063,930074,0.0,0.0
S7,0.223606797749979,0,120,930063,930075,0.0,0.0
S7,0.223606797749979,0,120,930063,930076,0.0,0.0
S7,0.223606797749979,0,120,930063,930077,0.0,0.0
S7,0.223606797749979,0,120,930063,930078,0.0,0.0
S7,0.223606797749979,0,120,930063,930079,0.0,0.0
S7,0.223606797749979,0,120,930063,930080,0.0,0.0
S7,0.223606797749979,0,120,930063,930081,0.0,0.0
S7,0.223606797749979,0,120,930063,930082,0.0,0.0
S7,0.223606797749979,0,120,930063,930083,0.0,0.0
S7,0.223606797749979,0,120,930063,930084,0.0,0.0
S7,0.223606797749979,0,120,930063,930085,0.0,0.0
S7,0.223606797749979,0,120,930063,930086,0.0,0.0
S7,0.223606797749979,0,120,930063,930087,0.0,0.0
S7,0.223606797749979,0,120,930063,930088,0.0,0.0
S7,0.223606797749979,0,120,930063,930089,0.0,0.0
S7,0.223606797749979,0,120,930063,930090,0.0,0.0
S7,0.223606797749979,0,120,930063,930091,0.0,0.0
S7,0.223606797749979,0,120,930063,930092,0.0,0.0
S7,0.223606797749979,0,120,930063,930093,0.0,0.0
S7,0.223606797749979,0,120,930063,930094,0.0,0.0
S7,0.223606797749979,0,120,930063,930095,0.0,0.0
S7,0.223606797749979,0,120,930063,930096,0.0,0.0
S7,0.223606797749979,0,120,930063,930097,0.0,0.0
S7,0.223606797749979,0,120,930063,930098,0.0,0.0
S7,0.223606797749979,0,120,930063,930099,0.0,0.0
S7,0.223606797749979,0,120,930063,930100,0.0,0.0
S7,0.223606797749979,0,120,930064,930065,0.0,0.0
S7,0.223606797749979,0,120,930064,930066,0.0,0.0
S7,0.223606797749979,0,120,930064,930067,0.0,0.0
S7,0.223606797749979,0,120,930064,930068,0.0,0.0
S7,0.223606797749979,0,120,930064,930069,0.0,0.0
S7,0.223606797749979,0,120,930064,930070,0.0,0.0
S7,0.223606797749979,0,120,930064,930071,0.0,0.0
S7,0.223606797749979,0,120,930064,930072,0.0,0.0
S7,0.223606797749979,0,120,930064,930073,0.0,0.0
S7,0.223606797749979,0,120,930064,930074,0.0,0.0
S7,0.223606797749979,0,120,930064,930075,0.0,0.0
S7,0.223606797749979,0,120,930064,930076,0.0,0.0
S7,0.223606797749979,0,120,930064,930077,0.0,0.0
S7,0.223606797749979,0,120,930064,930078,0.0,0.0
S7,0.223606797749979,0,120,930064,930079,0.0,0.0
S7,0.223606797749979,0,120,930064,930080,0.0,0.0
S7,0.223606797749979,0,120,930064,930081,0.0,0.0
S7,0.223606797749979,0,120,930064,930082,0.0,0.0
S7,0.223606797749979,0,120,930064,930083,0.0,0.0
S7,0.223606797749979,0,120,930064,930084,0.0,0.0
S7,0.223606797749979,0,120,930064,930085,0.0,0.0
S7,0.223606797749979,0,120,930064,930086,0.0,0.0
S7,0.223606797749979,0,120,930064,930087,0.0,0.0
S7,0.223606797749979,0,120,930064,930088,0.0,0.0
S7,0.223606797749979,0,120,930064,930089,0.0,0.0
S7,0.223606797749979,0,120,930064,930090,0.0,0.0
S7,0.223606797749979,0,120,930064,930091,0.0,0.0
S7,0.223606797749979,0,120,930064,930092,0.0,0.0
S7,0.223606797749979,0,120,930064,930093,0.0,0.0
S7,0.223606797749979,0,120,930064,930094,0.0,0.0
S7,0.223606797749979,0,120,930064,930095,0.0,0.0
S7,0.223606797749979,0,120,930064,930096,0.0,0.0
S7,0.223606797749979,0,120,930064,930097,0.0,0.0
S7,0.223606797749979,0,120,930064,930098,0.0,0.0
S7,0.223606797749979,0,120,930064,930099,0.0,0.0
S7,0.223606797749979,0,120,930064,930100,0.0,0.0
S7,0.223606797749979,0,120,930065,930066,0.0,0.0
S7,0.223606797749979,0,120,930065,930067,0.0,0.0
S7,0.223606797749979,0,120,930065,930068,0.0,0.0
S7,0.223606797749979,0,120,930065,930069,0.0,0.0
S7,0.223606797749979,0,120,930065,930070,0.0,0.0
S7,0.223606797749979,0,120,930065,930071,0.0,0.0
S7,0.223606797749979,0,120,930065,930072,0.0,0.0
S7,0.223606797749979,0,120,930065,930073,0.0,0.0
S7,0.223606797749979,0,120,930065,930074,0.0,0.0
S7,0.223606797749979,0,120,930065,930075,0.0,0.0
S7,0.223606797749979,0,120,930065,930076,0.0,0.0
S7,0.223606797749979,0,120,930065,930077,0.0,0.0
S7,0.223606797749979,0,120,930065,930078,0.0,0.0
S7,0.223606797749979,0,120,930065,930079,0.0,0.0
S7,0.223606797749979,0,120,930065,930080,0.0,0.0
S7,0.223606797749979,0,120,930065,930081,0.0,0.0
S7,0.223606797749979,0,120,930065,930082,0.0,0.0
S7,0.223606797749979,0,120,930065,930083,0.0,0.0
S7,0.223606797749979,0,120,930065,930084,0.0,0.0
S7,0.223606797749979,0,120,930065,930085,0.0,0.0
S7,0.223606797749979,0,120,930065,930086,0.0,0.0
S7,0.223606797749979,0,120,930065,930087,0.0,0.0
S7,0.223606797749979,0,120,930065,930088,0.0,0.0
S7,0.223606797749979,0,120,930065,930089,0.0,0.0
S7,0.223606797749979,0,120,930065,930090,0.0,0.0
S7,0.223606797749979,0,120,930065,930091,0.0,0.0
S7,0.223606797749979,0,120,930065,930092,0.0,0.0
S7,0.223606797749979,0,120,930065,930093,0.0,0.0
S7,0.223606797749979,0,120,930065,930094,0.0,0.0
S7,0.223606797749979,0,120,930065,930095,0.0,0.0
S7,0.223606797749979,0,120,930065,930096,0.0,0.0
S7,0.223606797749979,0,120,930065,930097,0.0,0.0
S7,0.223606797749979,0,120,930065,930098,0.0,0.0
S7,0.223606797749979,0,120,930065,930099,0.0,0.0
S7,0.223606797749979,0,120,930065,930100,0.0,0.0
S7,0.223606797749979,0,120,930066,930067,0.0,0.0
S7,0.223606797749979,0,120,930066,930068,0.0,0.0
S7,0.223606797749979,0,120,930066,930069,0.0,0.0
S7,0.223606797749979,0,120,930066,930070,0.0,0.0
S7,0.223606797749979,0,120,930066,930071,0.0,0.0
S7,0.223606797749979,0,120,930066,930072,0.0,0.0
S7,0.223606797749979,0,120,930066,930073,0.0,0.0
S7,0.223606797749979,0,120,930066,930074,0.0,0.0
S7,0.223606797749979,0,120,930066,930075,0.0,0.0
S7,0.223606797749979,0,120,930066,930076,0.0,0.0
S7,0.223606797749979,0,120,930066,930077,0.0,0.0
S7,0.223606797749979,0,120,930066,930078,0.0,0.0
S7,0.223606797749979,0,120,930066,930079,0.0,0.0
S7,0.223606797749979,0,120,930066,930080,0.0,0.0
S7,0.223606797749979,0,120,930066,930081,0.0,0.0
S7,0.223606797749979,0,120,930066,930082,0.0,0.0
S7,0.223606797749979,0,120,930066,930083,0.0,0.0
S7,0.223606797749979,0,120,930066,930084,0.0,0.0
S7,0.223606797749979,0,120,930066,930085,0.0,0.0
S7,0.223606797749979,0,120,930066,930086,0.0,0.0
S7,0.223606797749979,0,120,930066,930087,0.0,0.0
S7,0.223606797749979,0,120,930066,930088,0.0,0.0
S7,0.223606797749979,0,120,930066,930089,0.0,0.0
S7,0.223606797749979,0,120,930066,930090,0.0,0.0
S7,0.223606797749979,0,120,930066,930091,0.0,0.0
S7,0.223606797749979,0,120,930066,930092,0.0,0.0
S7,0.223606797749979,0,120,930066,930093,0.0,0.0
S7,0.223606797749979,0,120,930066,930094,0.0,0.0
S7,0.223606797749979,0,120,930066,930095,0.0,0.0
S7,0.223606797749979,0,120,930066,930096,0.0,0.0
S7,0.223606797749979,0,120,930066,930097,0.0,0.0
S7,0.223606797749979,0,120,930066,930098,0.0,0.0
S7,0.223606797749979,0,120,930066,930099,0.0,0.0
S7,0.223606797749979,0,120,930066,930100,0.0,0.0
S7,0.223606797749979,0,120,930067,930068,0.0,0.0
S7,0.223606797749979,0,120,930067,930069,0.0,0.0
S7,0.223606797749979,0,120,930067,930070,0.0,0.0
S7,0.223606797749979,0,120,930067,930071,0.0,0.0
S7,0.223606797749979,0,120,930067,930072,0.0,0.0
S7,0.223606797749979,0,120,930067,930073,0.0,0.0
S7,0.223606797749979,0,120,930067,930074,0.0,0.0
S7,0.223606797749979,0,120,930067,930075,0.0,0.0
S7,0.223606797749979,0,120,930067,930076,0.0,0.0
S7,0.223606797749979,0,120,930067,930077,0.0,0.0
S7,0.223606797749979,0,120,930067,930078,0.0,0.0
S7,0.223606797749979,0,120,930067,930079,0.0,0.0
S7,0.223606797749979,0,120,930067,930080,0.0,0.0
S7,0.223606797749979,0,120,930067,930081,0.0,0.0
S7,0.223606797749979,0,120,930067,930082,0.0,0.0
S7,0.223606797749979,0,120,930067,930083,0.0,0.0
S7,0.223606797749979,0,120,930067,930084,0.0,0.0
S7,0.223606797749979,0,120,930067,930085,0.0,0.0
S7,0.223606797749979,0,120,930067,930086,0.0,0.0
S7,0.223606797749979,0,120,930067,930087,0.0,0.0
S7,0.223606797749979,0,120,930067,930088,0.0,0.0
S7,0.223606797749979,0,120,930067,930089,0.0,0.0
S7,0.223606797749979,0,120,930067,930090,0.0,0.0
S7,0.223606797749979,0,120,930067,930091,0.0,0.0
S7,0.223606797749979,0,120,930067,930092,0.0,0.0
S7,0.223606797749979,0,120,930067,930093,0.0,0.0
S7,0.223606797749979,0,120,930067,930094,0.0,0.0
S7,0.223606797749979,0,120,930067,930095,0.0,0.0
S7,0.223606797749979,0,120,930067,930096,0.0,0.0
S7,0.223606797749979,0,120,930067,930097,0.0,0.0
S7,0.223606797749979,0,120,930067,930098,0.0,0.0
S7,0.223606797749979,0,120,930067,930099,0.0,0.0
S7,0.223606797749979,0,120,930067,930100,0.0,0.0
S7,0.223606797749979,0,120,930068,930069,0.0,0.0
S7,0.223606797749979,0,120,930068,930070,0.0,0.0
S7,0.223606797749979,0,120,930068,930071,0.0,0.0
S7,0.223606797749979,0,120,930068,930072,0.0,0.0
S7,0.223606797749979,0,120,930068,930073,0.0,0.0
S7,0.223606797749979,0,120,930068,930074,0.0,0.0
S7,0.223606797749979,0,120,930068,930075,0.0,0.0
S7,0.223606797749979,0,120,930068,930076,0.0,0.0
S7,0.223606797749979,0,120,930068,930077,0.0,0.0
S7,0.223606797749979,0,120,930068,930078,0.0,0.0
S7,0.223606797749979,0,120,930068,930079,0.0,0.0
S7,0.223606797749979,0,120,930068,930080,0.0,0.0
S7,0.223606797749979,0,120,930068,930081,0.0,0.0
S7,0.223606797749979,0,120,930068,930082,0.0,0.0
S7,0.223606797749979,0,120,930068,930083,0.0,0.0
S7,0.223606797749979,0,120,930068,930084,0.0,0.0
S7,0.223606797749979,0,120,930068,930085,0.0,0.0
S7,0.223606797749979,0,120,930068,930086,0.0,0.0
S7,0.223606797749979,0,120,930068,930087,0.0,0.0
S7,0.223606797749979,0,120,930068,930088,0.0,0.0
S7,0.223606797749979,0,120,930068,930089,0.0,0.0
S7,0.223606797749979,0,120,930068,930090,0.0,0.0
S7,0.223606797749979,0,120,930068,930091,0.0,0.0
S7,0.223606797749979,0,120,930068,930092,0.0,0.0
S7,0.223606797749979,0,120,930068,930093,0.0,0.0
S7,0.223606797749979,0,120,930068,930094,0.0,0.0
S7,0.223606797749979,0,120,930068,930095,0.0,0.0
S7,0.223606797749979,0,120,930068,930096,0.0,0.0
S7,0.223606797749979,0,120,930068,930097,0.0,0.0
S7,0.223606797749979,0,120,930068,930098,0.0,0.0
S7,0.223606797749979,0,120,930068,930099,0.0,0.0
S7,0.223606797749979,0,120,930068,930100,0.0,0.0
S7,0.223606797749979,0,120,930069,930070,0.0,0.0
S7,0.223606797749979,0,120,930069,930071,0.0,0.0
S7,0.223606797749979,0,120,930069,930072,0.0,0.0
S7,0.223606797749979,0,120,930069,930073,0.0,0.0
S7,0.223606797749979,0,120,930069,930074,0.0,0.0
S7,0.223606797749979,0,120,930069,930075,0.0,0.0
S7,0.223606797749979,0,120,930069,930076,0.0,0.0
S7,0.223606797749979,0,120,930069,930077,0.0,0.0
S7,0.223606797749979,0,120,930069,930078,0.0,0.0
S7,0.223606797749979,0,120,930069,930079,0.0,0.0
S7,0.223606797749979,0,120,930069,930080,0.0,0.0
S7,0.223606797749979,0,120,930069,930081,0.0,0.0
S7,0.223606797749979,0,120,930069,930082,0.0,0.0
S7,0.223606797749979,0,120,930069,930083,0.0,0.0
S7,0.223606797749979,0,120,930069,930084,0.0,0.0
S7,0.223606797749979,0,120,930069,930085,0.0,0.0
S7,0.223606797749979,0,120,930069,930086,0.0,0.0
S7,0.223606797749979,0,120,930069,930087,0.0,0.0
S7,0.223606797749979,0,120,930069,930088,0.0,0.0
S7,0.223606797749979,0,120,930069,930089,0.0,0.0
S7,0.223606797749979,0,120,930069,930090,0.0,0.0
S7,0.223606797749979,0,120,930069,930091,0.0,0.0
S7,0.223606797749979,0,120,930069,930092,0.0,0.0
S7,0.223606797749979,0,120,930069,930093,0.0,0.0
S7,0.223606797749979,0,120,930069,930094,0.0,0.0
S7,0.223606797749979,0,120,930069,930095,0.0,0.0
S7,0.223606797749979,0,120,930069,930096,0.0,0.0
S7,0.223606797749979,0,120,930069,930097,0.0,0.0
S7,0.223606797749979,0,120,930069,930098,0.0,0.0
S7,0.223606797749979,0,120,930069,930099,0.0,0.0
S7,0.223606797749979,0,120,930069,930100,0.0,0.0
S7,0.223606797749979,0,120,930070,930071,0.0,0.0
S7,0.223606797749979,0,120,930070,930072,0.0,0.0
S7,0.223606797749979,0,120,930070,930073,0.0,0.0
S7,0.223606797749979,0,120,930070,930074,0.0,0.0
S7,0.223606797749979,0,120,930070,930075,0.0,0.0
S7,0.223606797749979,0,120,930070,930076,0.0,0.0
S7,0.223606797749979,0,120,930070,930077,0.0,0.0
S7,0.223606797749979,0,120,930070,930078,0.0,0.0
S7,0.223606797749979,0,120,930070,930079,0.0,0.0
S7,0.223606797749979,0,120,930070,930080,0.0,0.0
S7,0.223606797749979,0,120,930070,930081,0.0,0.0
S7,0.223606797749979,0,120,930070,930082,0.0,0.0
S7,0.223606797749979,0,120,930070,930083,0.0,0.0
S7,0.223606797749979,0,120,930070,930084,0.0,0.0
S7,0.223606797749979,0,120,930070,930085,0.0,0.0
S7,0.223606797749979,0,120,930070,930086,0.0,0.0
S7,0.223606797749979,0,120,930070,930087,0.0,0.0
S7,0.223606797749979,0,120,930070,930088,0.0,0.0
S7,0.223606797749979,0,120,930070,930089,0.0,0.0
S7,0.223606797749979,0,120,930070,930090,0.0,0.0
S7,0.223606797749979,0,120,930070,930091,0.0,0.0
S7,0.223606797749979,0,120,930070,930092,0.0,0.0
S7,0.223606797749979,0,120,930070,930093,0.0,0.0
S7,0.223606797749979,0,120,930070,930094,0.0,0.0
S7,0.223606797749979,0,120,930070,930095,0.0,0.0
S7,0.223606797749979,0,120,930070,930096,0.0,0.0
S7,0.223606797749979,0,120,930070,930097,0.0,0.0
S7,0.223606797749979,0,120,930070,930098,0.0,0.0
S7,0.223606797749979,0,120,930070,930099,0.0,0.0
S7,0.223606797749979,0,120,930070,930100,0.0,0.0
S7,0.223606797749979,0,120,930071,930072,0.0,0.0
S7,0.223606797749979,0,120,930071,930073,0.0,0.0
S7,0.223606797749979,0,120,930071,930074,0.0,0.0
S7,0.223606797749979,0,120,930071,930075,0.0,0.0
S7,0.223606797749979,0,120,930071,930076,0.0,0.0
S7,0.223606797749979,0,120,930071,930077,0.0,0.0
S7,0.223606797749979,0,120,930071,930078,0.0,0.0
S7,0.223606797749979,0,120,930071,930079,0.0,0.0
S7,0.223606797749979,0,120,930071,930080,0.0,0.0
S7,0.223606797749979,0,120,930071,930081,0.0,0.0
S7,0.223606797749979,0,120,930071,930082,0.0,0.0
S7,0.223606797749979,0,120,930071,930083,0.0,0.0
S7,0.223606797749979,0,120,930071,930084,0.0,0.0
S7,0.223606797749979,0,120,930071,930085,0.0,0.0
S7,0.223606797749979,0,120,930071,930086,0.0,0.0
S7,0.223606797749979,0,120,930071,930087,0.16326530612244897,0.16326530612244897
S7,0.223606797749979,0,120,930071,930088,0.14,0.14
S7,0.223606797749979,0,120,930071,930089,0.0,0.0
S7,0.223606797749979,0,120,930071,930090,0.0,0.0
S7,0.223606797749979,0,120,930071,930091,0.1523809523809524,0.1523809523809524
S7,0.223606797749979,0,120,930071,930092,0.0,0.0
S7,0.223606797749979,0,120,930071,930093,0.14953271028037382,0.14953271028037382
S7,0.223606797749979,0,120,930071,930094,0.0,0.0
S7,0.223606797749979,0,120,930071,930095,0.0,0.0
S7,0.223606797749979,0,120,930071,930096,0.0,0.0
S7,0.223606797749979,0,120,930071,930097,0.16161616161616163,0.16161616161616163
S7,0.223606797749979,0,120,930071,930098,0.0,0.0
S7,0.223606797749979,0,120,930071,930099,0.0,0.0
S7,0.223606797749979,0,120,930071,930100,0.0,0.0
S7,0.223606797749979,0,120,930072,930073,0.0,0.0
S7,0.223606797749979,0,120,930072,930074,0.0,0.0
S7,0.223606797749979,0,120,930072,930075,0.0,0.0
S7,0.223606797749979,0,120,930072,930076,0.0,0.0
S7,0.223606797749979,0,120,930072,930077,0.0,0.0
S7,0.223606797749979,0,120,930072,930078,0.0,0.0
S7,0.223606797749979,0,120,930072,930079,0.0,0.0
S7,0.223606797749979,0,120,930072,930080,0.0,0.0
S7,0.223606797749979,0,120,930072,930081,0.0,0.0
S7,0.223606797749979,0,120,930072,930082,0.0,0.0
S7,0.223606797749979,0,120,930072,930083,0.0,0.0
S7,0.223606797749979,0,120,930072,930084,0.0,0.0
S7,0.223606797749979,0,120,930072,930085,0.0,0.0
S7,0.223606797749979,0,120,930072,930086,0.0,0.0
S7,0.223606797749979,0,120,930072,930087,0.0,0.0
S7,0.223606797749979,0,120,930072,930088,0.0,0.0
S7,0.223606797749979,0,120,930072,930089,0.0,0.0
S7,0.223606797749979,0,120,930072,930090,0.0,0.0
S7,0.223606797749979,0,120,930072,930091,0.0,0.0
S7,0.223606797749979,0,120,930072,930092,0.0,0.0
S7,0.223606797749979,0,120,930072,930093,0.0,0.0
S7,0.223606797749979,0,120,930072,930094,0.0,0.0
S7,0.223606797749979,0,120,930072,930095,0.0,0.0
S7,0.223606797749979,0,120,930072,930096,0.0,0.0
S7,0.223606797749979,0,120,930072,930097,0.0,0.0
S7,0.223606797749979,0,120,930072,930098,0.0,0.0
S7,0.223606797749979,0,120,930072,930099,0.0,0.0
S7,0.223606797749979,0,120,930072,930100,0.0,0.0
S7,0.223606797749979,0,120,930073,930074,0.0,0.0
S7,0.223606797749979,0,120,930073,930075,0.0,0.0
S7,0.223606797749979,0,120,930073,930076,0.0,0.0
S7,0.223606797749979,0,120,930073,930077,0.0,0.0
S7,0.223606797749979,0,120,930073,930078,0.0,0.0
S7,0.223606797749979,0,120,930073,930079,0.0,0.0
S7,0.223606797749979,0,120,930073,930080,0.0,0.0
S7,0.223606797749979,0,120,930073,930081,0.0,0.0
S7,0.223606797749979,0,120,930073,930082,0.0,0.0
S7,0.223606797749979,0,120,930073,930083,0.0,0.0
S7,0.223606797749979,0,120,930073,930084,0.0,0.0
S7,0.223606797749979,0,120,930073,930085,0.0,0.0
S7,0.223606797749979,0,120,930073,930086,0.0,0.0
S7,0.223606797749979,0,120,930073,930087,0.0,0.0
S7,0.223606797749979,0,120,930073,930088,0.0,0.0
S7,0.223606797749979,0,120,930073,930089,0.0,0.0
S7,0.223606797749979,0,120,930073,930090,0.0,0.0
S7,0.223606797749979,0,120,930073,930091,0.0,0.0
S7,0.223606797749979,0,120,930073,930092,0.0,0.0
S7,0.223606797749979,0,120,930073,930093,0.0,0.0
S7,0.223606797749979,0,120,930073,930094,0.0,0.0
S7,0.223606797749979,0,120,930073,930095,0.0,0.0
S7,0.223606797749979,0,120,930073,930096,0.0,0.0
S7,0.223606797749979,0,120,930073,930097,0.0,0.0
S7,0.223606797749979,0,120,930073,930098,0.0,0.0
S7,0.223606797749979,0,120,930073,930099,0.0,0.0
S7,0.223606797749979,0,120,930073,930100,0.0,0.0
S7,0.223606797749979,0,120,930074,930075,0.0,0.0
S7,0.223606797749979,0,120,930074,930076,0.0,0.0
S7,0.223606797749979,0,120,930074,930077,0.0,0.0
S7,0.223606797749979,0,120,930074,930078,0.0,0.0
S7,0.223606797749979,0,120,930074,930079,0.0,0.0
S7,0.223606797749979,0,120,930074,930080,0.0,0.0
S7,0.223606797749979,0,120,930074,930081,0.0,0.0
S7,0.223606797749979,0,120,930074,930082,0.0,0.0
S7,0.223606797749979,0,120,930074,930083,0.0,0.0
S7,0.223606797749979,0,120,930074,930084,0.0,0.0
S7,0.223606797749979,0,120,930074,930085,0.0,0.0
S7,0.223606797749979,0,120,930074,930086,0.0,0.0
S7,0.223606797749979,0,120,930074,930087,0.0,0.0
S7,0.223606797749979,0,120,930074,930088,0.0,0.0
S7,0.223606797749979,0,120,930074,930089,0.0,0.0
S7,0.223606797749979,0,120,930074,930090,0.0,0.0
S7,0.223606797749979,0,120,930074,930091,0.0,0.0
S7,0.223606797749979,0,120,930074,930092,0.0,0.0
S7,0.223606797749979,0,120,930074,930093,0.0,0.0
S7,0.223606797749979,0,120,930074,930094,0.0,0.0
S7,0.223606797749979,0,120,930074,930095,0.0,0.0
S7,0.223606797749979,0,120,930074,930096,0.0,0.0
S7,0.223606797749979,0,120,930074,930097,0.0,0.0
S7,0.223606797749979,0,120,930074,930098,0.0,0.0
S7,0.223606797749979,0,120,930074,930099,0.0,0.0
S7,0.223606797749979,0,120,930074,930100,0.0,0.0
S7,0.223606797749979,0,120,930075,930076,0.0,0.0
S7,0.223606797749979,0,120,930075,930077,0.0,0.0
S7,0.223606797749979,0,120,930075,930078,0.0,0.0
S7,0.223606797749979,0,120,930075,930079,0.0,0.0
S7,0.223606797749979,0,120,930075,930080,0.0,0.0
S7,0.223606797749979,0,120,930075,930081,0.0,0.0
S7,0.223606797749979,0,120,930075,930082,0.0,0.0
S7,0.223606797749979,0,120,930075,930083,0.0,0.0
S7,0.223606797749979,0,120,930075,930084,0.0,0.0
S7,0.223606797749979,0,120,930075,930085,0.0,0.0
S7,0.223606797749979,0,120,930075,930086,0.0,0.0
S7,0.223606797749979,0,120,930075,930087,0.0,0.0
S7,0.223606797749979,0,120,930075,930088,0.0,0.0
S7,0.223606797749979,0,120,930075,930089,0.0,0.0
S7,0.223606797749979,0,120,930075,930090,0.0,0.0
S7,0.223606797749979,0,120,930075,930091,0.0,0.0
S7,0.223606797749979,0,120,930075,930092,0.0,0.0
S7,0.223606797749979,0,120,930075,930093,0.0,0.0
S7,0.223606797749979,0,120,930075,930094,0.0,0.0
S7,0.223606797749979,0,120,930075,930095,0.0,0.0
S7,0.223606797749979,0,120,930075,930096,0.0,0.0
S7,0.223606797749979,0,120,930075,930097,0.0,0.0
S7,0.223606797749979,0,120,930075,930098,0.0,0.0
S7,0.223606797749979,0,120,930075,930099,0.0,0.0
S7,0.223606797749979,0,120,930075,930100,0.0,0.0
S7,0.223606797749979,0,120,930076,930077,0.0,0.0
S7,0.223606797749979,0,120,930076,930078,0.0,0.0
S7,0.223606797749979,0,120,930076,930079,0.0,0.0
S7,0.223606797749979,0,120,930076,930080,0.0,0.0
S7,0.223606797749979,0,120,930076,930081,0.0,0.0
S7,0.223606797749979,0,120,930076,930082,0.0,0.0
S7,0.223606797749979,0,120,930076,930083,0.0,0.0
S7,0.223606797749979,0,120,930076,930084,0.0,0.0
S7,0.223606797749979,0,120,930076,930085,0.0,0.0
S7,0.223606797749979,0,120,930076,930086,0.0,0.0
S7,0.223606797749979,0,120,930076,930087,0.0,0.0
S7,0.223606797749979,0,120,930076,930088,0.0,0.0
S7,0.223606797749979,0,120,930076,930089,0.0,0.0
S7,0.223606797749979,0,120,930076,930090,0.0,0.0
S7,0.223606797749979,0,120,930076,930091,0.0,0.0
S7,0.223606797749979,0,120,930076,930092,0.0,0.0
S7,0.223606797749979,0,120,930076,930093,0.0,0.0
S7,0.223606797749979,0,120,930076,930094,0.0,0.0
S7,0.223606797749979,0,120,930076,930095,0.0,0.0
S7,0.223606797749979,0,120,930076,930096,0.0,0.0
S7,0.223606797749979,0,120,930076,930097,0.0,0.0
S7,0.223606797749979,0,120,930076,930098,0.0,0.0
S7,0.223606797749979,0,120,930076,930099,0.0,0.0
S7,0.223606797749979,0,120,930076,930100,0.0,0.0
S7,0.223606797749979,0,120,930077,930078,0.0,0.0
S7,0.223606797749979,0,120,930077,930079,0.0,0.0
S7,0.223606797749979,0,120,930077,930080,0.0,0.0
S7,0.223606797749979,0,120,930077,930081,0.0,0.0
S7,0.223606797749979,0,120,930077,930082,0.0,0.0
S7,0.223606797749979,0,120,930077,930083,0.0,0.0
S7,0.223606797749979,0,120,930077,930084,0.0,0.0
S7,0.223606797749979,0,120,930077,930085,0.0,0.0
S7,0.223606797749979,0,120,930077,930086,0.0,0.0
S7,0.223606797749979,0,120,930077,930087,0.0,0.0
S7,0.223606797749979,0,120,930077,930088,0.0,0.0
S7,0.223606797749979,0,120,930077,930089,0.0,0.0
S7,0.223606797749979,0,120,930077,930090,0.0,0.0
S7,0.223606797749979,0,120,930077,930091,0.0,0.0
S7,0.223606797749979,0,120,930077,930092,0.0,0.0
S7,0.223606797749979,0,120,930077,930093,0.0,0.0
S7,0.223606797749979,0,120,930077,930094,0.0,0.0
S7,0.223606797749979,0,120,930077,930095,0.0,0.0
S7,0.223606797749979,0,120,930077,930096,0.0,0.0
S7,0.223606797749979,0,120,930077,930097,0.0,0.0
S7,0.223606797749979,0,120,930077,930098,0.0,0.0
S7,0.223606797749979,0,120,930077,930099,0.0,0.0
S7,0.223606797749979,0,120,930077,930100,0.0,0.0
S7,0.223606797749979,0,120,930078,930079,0.0,0.0
S7,0.223606797749979,0,120,930078,930080,0.0,0.0
S7,0.223606797749979,0,120,930078,930081,0.0,0.0
S7,0.223606797749979,0,120,930078,930082,0.0,0.0
S7,0.223606797749979,0,120,930078,930083,0.0,0.0
S7,0.223606797749979,0,120,930078,930084,0.0,0.0
S7,0.223606797749979,0,120,930078,930085,0.0,0.0
S7,0.223606797749979,0,120,930078,930086,0.0,0.0
S7,0.223606797749979,0,120,930078,930087,0.0,0.0
S7,0.223606797749979,0,120,930078,930088,0.0,0.0
S7,0.223606797749979,0,120,930078,930089,0.0,0.0
S7,0.223606797749979,0,120,930078,930090,0.0,0.0
S7,0.223606797749979,0,120,930078,930091,0.0,0.0
S7,0.223606797749979,0,120,930078,930092,0.0,0.0
S7,0.223606797749979,0,120,930078,930093,0.0,0.0
S7,0.223606797749979,0,120,930078,930094,0.0,0.0
S7,0.223606797749979,0,120,930078,930095,0.0,0.0
S7,0.223606797749979,0,120,930078,930096,0.0,0.0
S7,0.223606797749979,0,120,930078,930097,0.0,0.0
S7,0.223606797749979,0,120,930078,930098,0.0,0.0
S7,0.223606797749979,0,120,930078,930099,0.0,0.0
S7,0.223606797749979,0,120,930078,930100,0.0,0.0
S7,0.223606797749979,0,120,930079,930080,0.0,0.0
S7,0.223606797749979,0,120,930079,930081,0.0,0.0
S7,0.223606797749979,0,120,930079,930082,0.0,0.0
S7,0.223606797749979,0,120,930079,930083,0.0,0.0
S7,0.223606797749979,0,120,930079,930084,0.0,0.0
S7,0.223606797749979,0,120,930079,930085,0.0,0.0
S7,0.223606797749979,0,120,930079,930086,0.0,0.0
S7,0.223606797749979,0,120,930079,930087,0.0,0.0
S7,0.223606797749979,0,120,930079,930088,0.0,0.0
S7,0.223606797749979,0,120,930079,930089,0.0,0.0
S7,0.223606797749979,0,120,930079,930090,0.0,0.0
S7,0.223606797749979,0,120,930079,930091,0.0,0.0
S7,0.223606797749979,0,120,930079,930092,0.0,0.0
S7,0.223606797749979,0,120,930079,930093,0.0,0.0
S7,0.223606797749979,0,120,930079,930094,0.0,0.0
S7,0.223606797749979,0,120,930079,930095,0.0,0.0
S7,0.223606797749979,0,120,930079,930096,0.0,0.0
S7,0.223606797749979,0,120,930079,930097,0.0,0.0
S7,0.223606797749979,0,120,930079,930098,0.0,0.0
S7,0.223606797749979,0,120,930079,930099,0.0,0.0
S7,0.223606797749979,0,120,930079,930100,0.0,0.0
S7,0.223606797749979,0,120,930080,930081,0.0,0.0
S7,0.223606797749979,0,120,930080,930082,0.0,0.0
S7,0.223606797749979,0,120,930080,930083,0.0,0.0
S7,0.223606797749979,0,120,930080,930084,0.0,0.0
S7,0.223606797749979,0,120,930080,930085,0.0,0.0
S7,0.223606797749979,0,120,930080,930086,0.0,0.0
S7,0.223606797749979,0,120,930080,930087,0.0,0.0
S7,0.223606797749979,0,120,930080,930088,0.0,0.0
S7,0.223606797749979,0,120,930080,930089,0.0,0.0
S7,0.223606797749979,0,120,930080,930090,0.0,0.0
S7,0.223606797749979,0,120,930080,930091,0.0,0.0
S7,0.223606797749979,0,120,930080,930092,0.0,0.0
S7,0.223606797749979,0,120,930080,930093,0.0,0.0
S7,0.223606797749979,0,120,930080,930094,0.0,0.0
S7,0.223606797749979,0,120,930080,930095,0.0,0.0
S7,0.223606797749979,0,120,930080,930096,0.0,0.0
S7,0.223606797749979,0,120,930080,930097,0.0,0.0
S7,0.223606797749979,0,120,930080,930098,0.0,0.0
S7,0.223606797749979,0,120,930080,930099,0.0,0.0
S7,0.223606797749979,0,120,930080,930100,0.0,0.0
S7,0.223606797749979,0,120,930081,930082,0.0,0.0
S7,0.223606797749979,0,120,930081,930083,0.0,0.0
S7,0.223606797749979,0,120,930081,930084,0.0,0.0
S7,0.223606797749979,0,120,930081,930085,0.0,0.0
S7,0.223606797749979,0,120,930081,930086,0.0,0.0
S7,0.223606797749979,0,120,930081,930087,0.0,0.0
S7,0.223606797749979,0,120,930081,930088,0.0,0.0
S7,0.223606797749979,0,120,930081,930089,0.0,0.0
S7,0.223606797749979,0,120,930081,930090,0.0,0.0
S7,0.223606797749979,0,120,930081,930091,0.0,0.0
S7,0.223606797749979,0,120,930081,930092,0.0,0.0
S7,0.223606797749979,0,120,930081,930093,0.0,0.0
S7,0.223606797749979,0,120,930081,930094,0.0,0.0
S7,0.223606797749979,0,120,930081,930095,0.0,0.0
S7,0.223606797749979,0,120,930081,930096,0.0,0.0
S7,0.223606797749979,0,120,930081,930097,0.0,0.0
S7,0.223606797749979,0,120,930081,930098,0.0,0.0
S7,0.223606797749979,0,120,930081,930099,0.0,0.0
S7,0.223606797749979,0,120,930081,930100,0.0,0.0
S7,0.223606797749979,0,120,930082,930083,0.0,0.0
S7,0.223606797749979,0,120,930082,930084,0.0,0.0
S7,0.223606797749979,0,120,930082,930085,0.0,0.0
S7,0.223606797749979,0,120,930082,930086,0.0,0.0
S7,0.223606797749979,0,120,930082,930087,0.0,0.0
S7,0.223606797749979,0,120,930082,930088,0.0,0.0
S7,0.223606797749979,0,120,930082,930089,0.0,0.0
S7,0.223606797749979,0,120,930082,930090,0.0,0.0
S7,0.223606797749979,0,120,930082,930091,0.0,0.0
S7,0.223606797749979,0,120,930082,930092,0.0,0.0
S7,0.223606797749979,0,120,930082,930093,0.0,0.0
S7,0.223606797749979,0,120,930082,930094,0.0,0.0
S7,0.223606797749979,0,120,930082,930095,0.0,0.0
S7,0.223606797749979,0,120,930082,930096,0.0,0.0
S7,0.223606797749979,0,120,930082,930097,0.0,0.0
S7,0.223606797749979,0,120,930082,930098,0.0,0.0
S7,0.223606797749979,0,120,930082,930099,0.0,0.0
S7,0.223606797749979,0,120,930082,930100,0.0,0.0
S7,0.223606797749979,0,120,930083,930084,0.0,0.0
S7,0.223606797749979,0,120,930083,930085,0.0,0.0
S7,0.223606797749979,0,120,930083,930086,0.0,0.0
S7,0.223606797749979,0,120,930083,930087,0.0,0.0
S7,0.223606797749979,0,120,930083,930088,0.0,0.0
S7,0.223606797749979,0,120,930083,930089,0.0,0.0
S7,0.223606797749979,0,120,930083,930090,0.0,0.0
S7,0.223606797749979,0,120,930083,930091,0.0,0.0
S7,0.223606797749979,0,120,930083,930092,0.0,0.0
S7,0.223606797749979,0,120,930083,930093,0.0,0.0
S7,0.223606797749979,0,120,930083,930094,0.0,0.0
S7,0.223606797749979,0,120,930083,930095,0.0,0.0
S7,0.223606797749979,0,120,930083,930096,0.0,0.0
S7,0.223606797749979,0,120,930083,930097,0.0,0.0
S7,0.223606797749979,0,120,930083,930098,0.0,0.0
S7,0.223606797749979,0,120,930083,930099,0.0,0.0
S7,0.223606797749979,0,120,930083,930100,0.0,0.0
S7,0.223606797749979,0,120,930084,930085,0.0,0.0
S7,0.223606797749979,0,120,930084,930086,0.0,0.0
S7,0.223606797749979,0,120,930084,930087,0.0,0.0
S7,0.223606797749979,0,120,930084,930088,0.0,0.0
S7,0.223606797749979,0,120,930084,930089,0.0,0.0
S7,0.223606797749979,0,120,930084,930090,0.0,0.0
S7,0.223606797749979,0,120,930084,930091,0.0,0.0
S7,0.223606797749979,0,120,930084,930092,0.0,0.0
S7,0.223606797749979,0,120,930084,930093,0.0,0.0
S7,0.223606797749979,0,120,930084,930094,0.0,0.0
S7,0.223606797749979,0,120,930084,930095,0.0,0.0
S7,0.223606797749979,0,120,930084,930096,0.0,0.0
S7,0.223606797749979,0,120,930084,930097,0.0,0.0
S7,0.223606797749979,0,120,930084,930098,0.0,0.0
S7,0.223606797749979,0,120,930084,930099,0.0,0.0
S7,0.223606797749979,0,120,930084,930100,0.0,0.0
S7,0.223606797749979,0,120,930085,930086,0.0,0.0
S7,0.223606797749979,0,120,930085,930087,0.0,0.0
S7,0.223606797749979,0,120,930085,930088,0.0,0.0
S7,0.223606797749979,0,120,930085,930089,0.0,0.0
S7,0.223606797749979,0,120,930085,930090,0.0,0.0
S7,0.223606797749979,0,120,930085,930091,0.0,0.0
S7,0.223606797749979,0,120,930085,930092,0.0,0.0
S7,0.223606797749979,0,120,930085,930093,0.0,0.0
S7,0.223606797749979,0,120,930085,930094,0.0,0.0
S7,0.223606797749979,0,120,930085,930095,0.0,0.0
S7,0.223606797749979,0,120,930085,930096,0.0,0.0
S7,0.223606797749979,0,120,930085,930097,0.0,0.0
S7,0.223606797749979,0,120,930085,930098,0.0,0.0
S7,0.223606797749979,0,120,930085,930099,0.0,0.0
S7,0.223606797749979,0,120,930085,930100,0.0,0.0
S7,0.223606797749979,0,120,930086,930087,0.0,0.0
S7,0.223606797749979,0,120,930086,930088,0.0,0.0
S7,0.223606797749979,0,120,930086,930089,0.0,0.0
S7,0.223606797749979,0,120,930086,930090,0.0,0.0
S7,0.223606797749979,0,120,930086,930091,0.0,0.0
S7,0.223606797749979,0,120,930086,930092,0.0,0.0
S7,0.223606797749979,0,120,930086,930093,0.0,0.0
S7,0.223606797749979,0,120,930086,930094,0.0,0.0
S7,0.223606797749979,0,120,930086,930095,0.0,0.0
S7,0.223606797749979,0,120,930086,930096,0.0,0.0
S7,0.223606797749979,0,120,930086,930097,0.0,0.0
S7,0.223606797749979,0,120,930086,930098,0.0,0.0
S7,0.223606797749979,0,120,930086,930099,0.0,0.0
S7,0.223606797749979,0,120,930086,930100,0.0,0.0
S7,0.223606797749979,0,120,930087,930088,0.15789473684210525,0.15789473684210525
S7,0.223606797749979,0,120,930087,930089,0.0,0.0
S7,0.223606797749979,0,120,930087,930090,0.0,0.0
S7,0.223606797749979,0,120,930087,930091,0.14705882352941177,0.14705882352941177
S7,0.223606797749979,0,120,930087,930092,0.0,0.0
S7,0.223606797749979,0,120,930087,930093,0.14423076923076922,0.14423076923076922
S7,0.223606797749979,0,120,930087,930094,0.0,0.0
S7,0.223606797749979,0,120,930087,930095,0.0,0.0
S7,0.223606797749979,0,120,930087,930096,0.0,0.0
S7,0.223606797749979,0,120,930087,930097,0.15625,0.15625
S7,0.223606797749979,0,120,930087,930098,0.0,0.0
S7,0.223606797749979,0,120,930087,930099,0.0,0.0
S7,0.223606797749979,0,120,930087,930100,0.0,0.0
S7,0.223606797749979,0,120,930088,930089,0.0,0.0
S7,0.223606797749979,0,120,930088,930090,0.0,0.0
S7,0.223606797749979,0,120,930088,930091,0.20618556701030927,0.20618556701030927
S7,0.223606797749979,0,120,930088,930092,0.0,0.0
S7,0.223606797749979,0,120,930088,930093,0.19,0.19
S7,0.223606797749979,0,120,930088,930094,0.0,0.0
S7,0.223606797749979,0,120,930088,930095,0.0,0.0
S7,0.223606797749979,0,120,930088,930096,0.0,0.0
S7,0.223606797749979,0,120,930088,930097,0.14432989690721648,0.14432989690721648
S7,0.223606797749979,0,120,930088,930098,0.0,0.0
S7,0.223606797749979,0,120,930088,930099,0.0,0.0
S7,0.223606797749979,0,120,930088,930100,0.0,0.0
S7,0.223606797749979,0,120,930089,930090,0.0,0.0
S7,0.223606797749979,0,120,930089,930091,0.0,0.0
S7,0.223606797749979,0,120,930089,930092,0.0,0.0
S7,0.223606797749979,0,120,930089,930093,0.0,0.0
S7,0.223606797749979,0,120,930089,930094,0.0,0.0
S7,0.223606797749979,0,120,930089,930095,0.0,0.0
S7,0.223606797749979,0,120,930089,930096,0.0,0.0
S7,0.223606797749979,0,120,930089,930097,0.0,0.0
S7,0.223606797749979,0,120,930089,930098,0.0,0.0
S7,0.223606797749979,0,120,930089,930099,0.0,0.0
S7,0.223606797749979,0,120,930089,930100,0.0,0.0
S7,0.223606797749979,0,120,930090,930091,0.0,0.0
S7,0.223606797749979,0,120,930090,930092,0.0,0.0
S7,0.223606797749979,0,120,930090,930093,0.0,0.0
S7,0.223606797749979,0,120,930090,930094,0.0,0.0
S7,0.223606797749979,0,120,930090,930095,0.0,0.0
S7,0.223606797749979,0,120,930090,930096,0.0,0.0
S7,0.223606797749979,0,120,930090,930097,0.0,0.0
S7,0.223606797749979,0,120,930090,930098,0.0,0.0
S7,0.223606797749979,0,120,930090,930099,0.0,0.0
S7,0.223606797749979,0,120,930090,930100,0.0,0.0
S7,0.223606797749979,0,120,930091,930092,0.0,0.0
S7,0.223606797749979,0,120,930091,930093,0.18867924528301888,0.18867924528301888
S7,0.223606797749979,0,120,930091,930094,0.0,0.0
S7,0.223606797749979,0,120,930091,930095,0.0,0.0
S7,0.223606797749979,0,120,930091,930096,0.0,0.0
S7,0.223606797749979,0,120,930091,930097,0.11320754716981132,0.11320754716981132
S7,0.223606797749979,0,120,930091,930098,0.0,0.0
S7,0.223606797749979,0,120,930091,930099,0.0,0.0
S7,0.223606797749979,0,120,930091,930100,0.0,0.0
S7,0.223606797749979,0,120,930092,930093,0.0,0.0
S7,0.223606797749979,0,120,930092,930094,0.0,0.0
S7,0.223606797749979,0,120,930092,930095,0.0,0.0
S7,0.223606797749979,0,120,930092,930096,0.0,0.0
S7,0.223606797749979,0,120,930092,930097,0.0,0.0
S7,0.223606797749979,0,120,930092,930098,0.0,0.0
S7,0.223606797749979,0,120,930092,930099,0.0,0.0
S7,0.223606797749979,0,120,930092,930100,0.0,0.0
S7,0.223606797749979,0,120,930093,930094,0.0,0.0
S7,0.223606797749979,0,120,930093,930095,0.0,0.0
S7,0.223606797749979,0,120,930093,930096,0.0,0.0
S7,0.223606797749979,0,120,930093,930097,0.15384615384615385,0.15384615384615385
S7,0.223606797749979,0,120,930093,930098,0.0,0.0
S7,0.223606797749979,0,120,930093,930099,0.0,0.0
S7,0.223606797749979,0,120,930093,930100,0.0,0.0
S7,0.223606797749979,0,120,930094,930095,0.0,0.0
S7,0.223606797749979,0,120,930094,930096,0.0,0.0
S7,0.223606797749979,0,120,930094,930097,0.0,0.0
S7,0.223606797749979,0,120,930094,930098,0.0,0.0
S7,0.223606797749979,0,120,930094,930099,0.0,0.0
S7,0.223606797749979,0,120,930094,930100,0.0,0.0
S7,0.223606797749979,0,120,930095,930096,0.0,0.0
S7,0.223606797749979,0,120,930095,930097,0.0,0.0
S7,0.223606797749979,0,120,930095,930098,0.0,0.0
S7,0.223606797749979,0,120,930095,930099,0.0,0.0
S7,0.223606797749979,0,120,930095,930100,0.0,0.0
S7,0.223606797749979,0,120,930096,930097,0.0,0.0
S7,0.223606797749979,0,120,930096,930098,0.0,0.0
S7,0.223606797749979,0,120,930096,930099,0.0,0.0
S7,0.223606797749979,0,120,930096,930100,0.0,0.0
S7,0.223606797749979,0,120,930097,930098,0.0,0.0
S7,0.223606797749979,0,120,930097,930099,0.0,0.0
S7,0.223606797749979,0,120,930097,930100,0.0,0.0
S7,0.223606797749979,0,120,930098,930099,0.0,0.0
S7,0.223606797749979,0,120,930098,930100,0.0,0.0
S7,0.223606797749979,0,120,930099,930100,0.0,0.0
