scenario,scenario_id,diagnostic_seed,target_n,tau,tau_index,rho,rho_index,selected_C_R2,K_t_full,K_t_stab,stability_support_indices_json,stability_signed_support_json,stability_positive_membership_json,stability_negative_membership_json,stability_membership_sha256,stability_n_per_class,stage_A_final_fit_seed,stage_B_fit_seed,stability_subsample_seed_identity_json,stability_fit_seed,dataset_seed,planted_sign_instability_idx_json,planted_coordinate_signs_json
S7,7,930001,100,3.3541019662496847,8,,0,0.1,48,29,"[0,1,2,3,4,28,45,223,225,238,293,321,356,430,512,550,608,684,688,743,770,808,1029,1041,1059,1088,1144,1163,1221]","[[0,1],[1,1],[2,-1],[3,1],[4,-1],[28,1],[45,-1],[223,1],[225,1],[238,-1],[293,-1],[321,-1],[356,-1],[430,-1],[512,1],[550,1],[608,-1],[684,-1],[688,1],[743,1],[770,1],[808,1],[1029,-1],[1041,-1],[1059,-1],[1088,1],[1144,-1],[1163,1],[1221,1]]","[37,2,57,29,22,62,0,12,75,96,65,61,74,39,54,32,49,16,60,7,43,95,52,98,80,47,6,20,14,34,17,4,55,36,82,90,28,27,97,35,77,84,85,8,18,48,56,73,78,45,42,67,63,87,70,79,68,50,51,64,21,71,40,33,89,53,5,72,11,41,99,19,66,24,69,81,76,44,88,1]","[174,114,183,187,131,193,102,130,194,151,105,182,110,123,118,126,191,179,184,148,196,119,158,192,133,125,165,163,162,175,154,173,155,172,181,160,180,144,142,109,111,141,199,137,121,107,186,116,100,177,135,120,129,143,197,168,176,134,140,195,112,139,113,136,190,166,170,161,146,164,167,122,156,104,147,149,189,157,159,108]",fdbea4a6db2936530337ecb2191ea111d5ffff155474f3e4f14ea8de2843ced3,80,215673915,3707221003,"[930001,7,8,0,100,200,26]",415823789,2752585280,[5],"{""5"":0}"
S7,7,930002,100,3.3541019662496847,8,,0,0.1,45,28,"[0,1,2,3,4,6,32,57,227,233,316,321,394,491,501,503,668,688,748,759,787,808,877,887,907,984,1141,1260]","[[0,1],[1,1],[2,-1],[3,1],[4,-1],[6,-1],[32,-1],[57,-1],[227,-1],[233,-1],[316,-1],[321,-1],[394,1],[491,1],[501,-1],[503,-1],[668,-1],[688,1],[748,-1],[759,1],[787,-1],[808,1],[877,-1],[887,-1],[907,1],[984,-1],[1141,1],[1260,1]]","[53,7,10,60,84,21,79,3,51,66,40,75,32,50,31,34,45,23,19,35,85,81,57,48,20,41,68,65,83,56,55,0,94,88,82,30,90,91,47,37,97,11,54,2,36,92,6,52,1,58,80,72,86,4,70,59,26,38,71,87,69,63,24,99,98,18,33,77,9,22,8,95,28,64,43,13,93,44,61,5]","[107,127,179,108,120,134,149,196,166,132,174,168,157,178,161,186,182,145,140,117,119,193,111,115,163,188,150,123,129,195,147,176,155,106,135,185,112,198,160,175,131,142,183,141,136,148,133,199,189,172,100,102,177,151,110,156,144,130,128,113,114,171,164,122,180,191,138,197,187,125,167,165,124,192,103,169,170,139,126,109]",f1291e21e423f5bbc31a05b6660a8f1eed1c745d3c67d16b0bbdcf85893656e3,80,1185111783,412351519,"[930002,7,8,0,100,200,26]",1341101658,2752585280,[5],"{""5"":0}"
S7,7,930003,100,3.3541019662496847,8,,0,0.1,37,35,"[0,1,2,3,4,5,43,109,116,316,339,503,519,608,698,746,748,787,790,840,863,944,1002,1041,1050,1055,1058,1059,1065,1131,1143,1152,1221,1268,1273]","[[0,1],[1,1],[2,-1],[3,1],[4,-1],[5,-1],[43,-1],[109,1],[116,1],[316,-1],[339,-1],[503,-1],[519,1],[608,-1],[698,1],[746,-1],[748,-1],[787,-1],[790,1],[840,1],[863,-1],[944,1],[1002,-1],[1041,-1],[1050,-1],[1055,-1],[1058,1],[1059,-1],[1065,-1],[1131,1],[1143,-1],[1152,-1],[1221,1],[1268,1],[1273,-1]]","[3,32,1,10,61,62,14,67,2,54,37,56,57,96,15,65,22,72,47,63,70,27,92,53,26,84,25,68,39,46,16,31,76,7,74,49,11,50,43,93,40,35,45,21,91,94,34,41,23,89,28,88,81,80,8,75,20,79,77,83,66,90,99,95,73,78,97,24,29,30,87,13,18,19,36,44,5,17,48,0]","[111,198,170,174,190,147,112,114,162,118,182,179,191,173,123,108,166,139,125,171,128,105,126,158,177,151,129,195,100,181,142,137,165,172,138,143,120,183,185,109,192,152,124,106,116,104,130,146,127,101,149,164,119,187,110,178,154,132,180,194,176,161,184,135,159,160,197,168,156,188,199,153,196,107,157,169,175,148,115,193]",28319e078e4f0cd8b2dc15f6ab1d3c1009caf27ec21a3b5142c1a53c004bcc28,80,262950112,1564027467,"[930003,7,8,0,100,200,26]",3690130769,2752585280,[5],"{""5"":-1}"
S7,7,930004,100,3.3541019662496847,8,,0,0.1,43,30,"[0,1,2,3,4,6,20,71,99,210,238,317,428,514,586,609,634,638,661,814,873,877,903,950,1100,1152,1170,1175,1221,1268]","[[0,1],[1,1],[2,-1],[3,1],[4,-1],[6,-1],[20,-1],[71,-1],[99,-1],[210,1],[238,-1],[317,1],[428,-1],[514,-1],[586,-1],[609,-1],[634,-1],[638,1],[661,1],[814,1],[873,1],[877,-1],[903,1],[950,-1],[1100,-1],[1152,-1],[1170,-1],[1175,-1],[1221,1],[1268,1]]","[99,14,65,81,44,42,30,60,51,70,77,9,31,52,7,76,47,8,26,63,2,68,45,49,55,4,28,37,90,1,38,69,22,87,10,48,18,85,57,25,73,67,34,61,78,16,84,59,32,46,19,53,56,11,13,62,97,21,74,40,6,79,82,29,27,43,96,41,72,95,36,24,3,54,64,94,89,80,39,17]","[161,192,115,121,184,199,173,102,174,123,129,194,181,146,144,106,116,111,198,131,164,163,138,109,151,183,103,137,159,107,186,122,119,197,147,104,171,148,180,132,108,177,195,165,136,145,170,117,158,126,168,185,154,160,134,124,143,156,167,139,150,113,142,149,100,112,153,128,152,169,157,166,135,187,179,188,189,101,196,176]",6ba90f97251e82195553d48c7c0ed84bc028ff1e9e3667302f40bc9ceec1e198,80,2056708961,3656074114,"[930004,7,8,0,100,200,26]",3696269201,2752585280,[5],"{""5"":0}"
S7,7,930005,100,3.3541019662496847,8,,0,0.1,42,31,"[0,1,2,3,4,11,36,57,187,316,317,321,425,430,519,550,606,630,631,653,743,748,901,953,1009,1055,1141,1143,1156,1186,1221]","[[0,1],[1,1],[2,-1],[3,1],[4,-1],[11,-1],[36,1],[57,-1],[187,1],[316,-1],[317,1],[321,-1],[425,-1],[430,-1],[519,1],[550,1],[606,1],[630,1],[631,-1],[653,1],[743,1],[748,-1],[901,-1],[953,-1],[1009,1],[1055,-1],[1141,1],[1143,-1],[1156,-1],[1186,1],[1221,1]]","[47,32,4,86,24,94,74,95,27,16,46,45,70,59,58,49,42,82,7,63,40,69,21,87,18,35,11,23,28,92,76,83,9,81,29,79,38,88,1,57,22,34,62,44,41,3,52,67,0,80,73,97,72,31,6,71,10,26,99,84,15,19,37,17,98,66,39,56,64,78,75,61,53,20,89,54,50,43,5,65]","[167,190,109,185,179,117,172,151,102,107,166,153,191,125,162,100,164,126,170,194,169,103,175,114,124,186,106,154,193,122,112,129,150,196,155,168,110,156,123,137,136,138,178,189,119,181,144,180,198,111,147,199,130,113,142,101,115,121,145,120,183,192,105,182,134,146,176,165,128,174,118,158,161,163,139,104,159,184,160,143]",2b2bf0b3f5f0ec3ad61b982acc59279635ee9d63ea71f96ec7912170786fe3be,80,1894907615,3224024552,"[930005,7,8,0,100,200,26]",653533863,2752585280,[5],"{""5"":0}"
S7,7,930006,100,3.3541019662496847,8,,0,0.1,39,25,"[0,1,2,3,4,14,117,225,316,414,432,441,459,486,503,630,647,684,748,790,1055,1059,1134,1141,1221]","[[0,1],[1,1],[2,-1],[3,1],[4,-1],[14,1],[117,-1],[225,1],[316,-1],[414,-1],[432,1],[441,-1],[459,-1],[486,1],[503,-1],[630,1],[647,-1],[684,-1],[748,-1],[790,1],[1055,-1],[1059,-1],[1134,1],[1141,1],[1221,1]]","[58,27,72,85,20,41,63,8,9,22,1,76,64,67,14,55,90,30,32,33,23,45,56,47,93,28,19,71,52,35,75,82,95,97,44,15,92,83,51,94,16,13,50,7,78,73,59,21,48,53,26,46,11,54,81,12,36,2,43,74,31,89,77,84,65,62,40,49,86,17,0,98,96,34,70,80,5,39,24,61]","[139,189,143,146,167,113,148,183,141,124,103,109,175,166,174,100,169,194,197,131,149,151,182,137,191,145,107,192,160,150,152,193,158,105,111,112,123,126,155,144,133,159,196,110,199,186,142,176,114,129,132,140,172,157,177,179,119,198,165,173,135,115,138,101,147,128,184,161,190,156,127,136,168,122,188,118,120,153,163,121]",02b67ae480cef83bbef08d990867b31d023c08b6cf290d54e7435f7a496aa3ff,80,3785673112,3362123802,"[930006,7,8,0,100,200,26]",1210335211,2752585280,[5],"{""5"":0}"
S7,7,930007,100,3.3541019662496847,8,,0,0.1,34,24,"[0,1,2,3,4,5,76,208,210,238,267,494,519,628,680,714,748,790,903,963,1086,1141,1150,1206]","[[0,1],[1,1],[2,-1],[3,1],[4,-1],[5,1],[76,1],[208,-1],[210,1],[238,-1],[267,1],[494,-1],[519,1],[628,-1],[680,-1],[714,-1],[748,-1],[790,1],[903,1],[963,-1],[1086,1],[1141,1],[1150,-1],[1206,-1]]","[16,82,57,81,79,19,99,55,65,42,76,97,85,59,11,41,80,44,47,43,91,10,20,87,4,69,22,5,84,31,9,40,17,34,92,6,70,77,74,75,56,12,38,67,66,83,72,3,27,53,8,73,0,46,58,35,30,71,64,50,39,60,48,7,78,37,90,51,2,26,49,15,29,94,21,32,89,98,1,62]","[137,173,106,172,170,107,151,187,155,118,132,174,115,139,164,169,175,128,185,180,120,159,135,184,136,171,183,100,160,196,125,198,179,189,108,150,195,163,148,166,126,178,167,193,141,113,129,111,153,127,119,102,112,147,177,114,146,130,199,161,188,186,181,133,138,194,168,134,152,101,149,116,104,117,105,142,197,121,191,156]",5bac7641a401d7abb69dc249ebfc1915fc590c4b6ad1c03968a2d539e6d8fce6,80,4018474864,2311989532,"[930007,7,8,0,100,200,26]",4205248733,2752585280,[5],"{""5"":1}"
S7,7,930008,100,3.3541019662496847,8,,0,0.1,50,44,"[0,1,2,3,4,5,28,32,157,183,204,230,236,238,269,305,339,390,428,494,614,630,631,709,741,785,808,821,829,837,870,877,878,908,932,950,1002,1005,1036,1064,1099,1141,1154,1247]","[[0,1],[1,1],[2,-1],[3,1],[4,-1],[5,-1],[28,1],[32,-1],[157,-1],[183,-1],[204,-1],[230,-1],[236,-1],[238,-1],[269,1],[305,-1],[339,-1],[390,-1],[428,-1],[494,-1],[614,1],[630,1],[631,-1],[709,-1],[741,1],[785,1],[808,1],[821,1],[829,-1],[837,1],[870,-1],[877,-1],[878,-1],[908,-1],[932,1],[950,-1],[1002,-1],[1005,1],[1036,-1],[1064,-1],[1099,1],[1141,1],[1154,-1],[1247,-1]]","[90,64,80,27,89,65,35,81,69,11,52,32,56,36,5,87,61,2,25,66,13,88,85,12,67,68,8,91,1,7,22,9,83,78,53,75,70,86,34,3,98,58,50,37,77,72,44,43,6,71,29,49,55,73,62,21,79,28,59,14,94,93,4,54,26,33,51,40,31,63,39,76,74,92,95,30,84,15,23,18]","[150,108,144,125,179,107,155,159,132,126,177,100,103,151,110,178,119,143,109,165,198,166,136,172,104,112,146,195,181,134,148,122,135,180,120,173,190,183,106,154,115,156,163,191,142,157,170,186,137,140,158,111,169,192,162,174,101,138,196,113,141,145,199,123,127,175,153,197,176,171,184,193,182,128,121,118,185,133,102,194]",3fbec9c7f6e297c81d6c43c838ec37e6eceb606df0511b362e977e942c8c2bdc,80,2419055559,3194030835,"[930008,7,8,0,100,200,26]",2678028565,2752585280,[5],"{""5"":-1}"
S7,7,930009,100,3.3541019662496847,8,,0,0.1,36,29,"[0,1,2,3,4,6,32,152,316,338,339,430,445,460,486,503,550,577,608,638,700,741,743,748,775,819,1036,1221,1268]","[[0,1],[1,1],[2,-1],[3,1],[4,-1],[6,-1],[32,-1],[152,1],[316,-1],[338,-1],[339,-1],[430,-1],[445,-1],[460,1],[486,1],[503,-1],[550,1],[577,-1],[608,-1],[638,1],[700,-1],[741,1],[743,1],[748,-1],[775,1],[819,1],[1036,-1],[1221,1],[1268,1]]","[43,98,74,65,18,86,66,72,51,14,13,38,68,41,11,9,7,79,54,49,50,71,78,36,67,61,92,3,93,73,52,33,46,63,85,6,99,84,53,81,47,80,40,64,70,31,39,2,42,48,8,94,34,35,58,20,57,77,32,30,19,1,24,37,62,4,28,44,95,76,91,15,29,82,23,59,88,17,97,16]","[135,175,173,132,144,183,191,165,189,176,107,145,172,161,129,184,167,185,174,102,197,170,190,101,116,126,171,111,113,137,128,139,147,122,186,123,159,152,115,157,136,199,131,154,140,177,148,114,182,180,112,178,194,120,162,166,119,151,158,130,193,118,168,108,103,106,179,149,195,146,117,150,121,134,127,104,105,109,153,124]",268a3d49b14f7eb6ae6e324cf26438133660151f42186824a126b65a8c4642ed,80,407894647,4193298140,"[930009,7,8,0,100,200,26]",4069045236,2752585280,[5],"{""5"":0}"
S7,7,930010,100,3.3541019662496847,8,,0,0.1,36,27,"[0,1,2,3,4,225,317,430,437,486,503,593,688,693,743,748,787,794,887,901,932,1034,1134,1141,1223,1251,1268]","[[0,1],[1,1],[2,-1],[3,1],[4,-1],[225,1],[317,1],[430,-1],[437,1],[486,1],[503,-1],[593,1],[688,1],[693,-1],[743,1],[748,-1],[787,-1],[794,1],[887,-1],[901,-1],[932,1],[1034,-1],[1134,1],[1141,1],[1223,-1],[1251,-1],[1268,1]]","[72,48,62,55,32,92,39,17,7,89,86,43,40,69,50,58,28,34,45,10,90,11,9,26,0,79,29,42,84,71,98,94,77,46,78,75,37,27,24,30,15,2,33,38,59,21,19,54,41,52,87,93,83,70,95,18,44,67,82,36,88,96,22,97,53,63,13,1,47,20,81,16,35,68,65,91,12,76,49,57]","[171,145,161,178,152,119,143,134,135,128,118,162,168,154,169,164,148,157,199,179,167,110,180,136,159,151,158,170,109,129,185,121,115,105,165,103,149,189,174,192,173,107,181,101,184,196,104,193,150,133,188,116,144,127,155,186,123,113,197,117,175,176,142,183,138,112,106,125,160,137,132,108,124,177,166,111,191,139,153,172]",dbe4fc51b5c6f19e589d9c0941cdaa1e5534728966804dd70ee423bcdcb8b65d,80,708666172,690405754,"[930010,7,8,0,100,200,26]",2709225278,2752585280,[5],"{""5"":0}"
S7,7,930011,100,3.3541019662496847,8,,0,0.1,43,32,"[0,1,2,3,4,6,20,29,92,238,338,428,491,557,597,638,688,723,790,799,887,967,984,1002,1036,1055,1091,1144,1163,1208,1242,1268]","[[0,1],[1,1],[2,-1],[3,1],[4,-1],[6,-1],[20,-1],[29,1],[92,1],[238,-1],[338,-1],[428,-1],[491,1],[557,1],[597,1],[638,1],[688,1],[723,1],[790,1],[799,-1],[887,-1],[967,-1],[984,-1],[1002,-1],[1036,-1],[1055,-1],[1091,1],[1144,-1],[1163,1],[1208,-1],[1242,1],[1268,1]]","[76,3,72,60,51,82,25,41,7,48,15,45,98,63,42,97,53,81,12,67,59,1,90,85,78,5,38,9,13,17,55,4,86,66,11,61,44,19,33,27,94,80,10,35,22,65,28,69,29,31,2,87,50,58,83,73,74,75,40,92,0,93,62,24,16,34,79,47,6,70,64,20,88,26,39,57,89,23,49,46]","[172,149,173,168,147,158,177,137,116,105,121,122,187,178,106,181,111,117,135,139,114,101,109,151,148,157,104,170,112,140,115,175,118,153,156,194,164,131,125,162,119,185,144,188,102,124,155,195,120,154,133,146,191,184,174,145,129,199,196,110,163,113,107,100,136,197,152,180,165,126,189,132,169,190,167,183,103,198,171,150]",fa7ed76e80183545da8848d2426eaaf2f8513d65b5fa390e3ef09b3a0d58c662,80,2102053730,14116238,"[930011,7,8,0,100,200,26]",2900212435,2752585280,[5],"{""5"":0}"
S7,7,930012,100,3.3541019662496847,8,,0,0.1,40,32,"[0,1,2,3,4,38,109,129,158,182,291,390,430,503,550,631,668,684,701,741,746,760,794,829,887,963,1034,1036,1086,1141,1221,1268]","[[0,1],[1,1],[2,-1],[3,1],[4,-1],[38,1],[109,1],[129,1],[158,1],[182,-1],[291,1],[390,-1],[430,-1],[503,-1],[550,1],[631,-1],[668,-1],[684,-1],[701,-1],[741,1],[746,-1],[760,-1],[794,1],[829,-1],[887,-1],[963,-1],[1034,-1],[1036,-1],[1086,1],[1141,1],[1221,1],[1268,1]]","[0,53,95,49,62,66,37,20,75,80,26,19,72,42,11,28,10,99,52,89,2,92,24,32,85,30,74,41,45,67,57,70,34,43,98,58,59,68,35,16,39,12,71,4,14,46,79,63,8,88,33,77,84,91,15,40,44,69,21,94,18,23,27,61,90,83,13,17,82,29,5,48,87,1,93,36,51,96,56,22]","[147,152,197,187,115,164,151,189,104,121,122,100,198,175,118,108,150,106,165,194,159,139,153,188,177,186,156,146,195,107,185,127,182,168,120,128,111,109,171,155,179,174,190,124,191,141,143,149,193,130,133,199,181,138,142,170,102,162,136,116,113,183,163,123,184,160,132,112,173,144,176,119,134,192,103,110,126,140,101,137]",ae7925762bdb8e2159e194ebeb47d2800be7e9e499e7a9b5e57e0bf4cee69e6c,80,2199929615,571697834,"[930012,7,8,0,100,200,26]",1025775282,2752585280,[5],"{""5"":0}"
S7,7,930013,100,3.3541019662496847,8,,0,0.1,37,33,"[0,1,2,3,4,7,33,59,86,95,194,210,225,238,250,264,390,437,501,555,609,621,628,647,787,938,1050,1055,1064,1143,1186,1221,1268]","[[0,1],[1,1],[2,-1],[3,1],[4,-1],[7,-1],[33,1],[59,1],[86,1],[95,1],[194,1],[210,1],[225,1],[238,-1],[250,1],[264,-1],[390,-1],[437,1],[501,-1],[555,-1],[609,-1],[621,-1],[628,-1],[647,-1],[787,-1],[938,-1],[1050,-1],[1055,-1],[1064,-1],[1143,-1],[1186,1],[1221,1],[1268,1]]","[6,86,36,2,11,40,42,74,85,57,21,41,34,28,79,92,9,93,47,50,49,94,68,51,45,87,26,98,39,62,17,91,53,46,73,80,70,20,89,43,88,5,54,15,24,18,75,56,60,3,35,32,4,27,37,10,67,29,12,23,59,33,8,19,63,30,48,97,0,72,16,61,31,7,13,81,83,95,96,55]","[183,122,150,157,188,119,196,167,136,123,194,178,129,141,175,158,149,152,173,113,170,155,160,179,198,191,128,199,130,142,121,153,163,151,177,185,148,195,186,168,145,118,182,103,171,132,162,106,144,102,135,165,147,104,161,107,189,181,131,154,139,127,133,100,126,101,112,124,109,187,180,190,164,108,166,137,172,125,138,117]",550571636139f5b4219ebca0f776ed50b51400c38f8d0e9f04d455f269b0f5ab,80,3671777720,351766900,"[930013,7,8,0,100,200,26]",492008904,2752585280,[5],"{""5"":0}"
S7,7,930014,100,3.3541019662496847,8,,0,0.1,42,36,"[0,1,2,3,4,14,29,86,140,216,225,267,305,321,414,468,474,550,557,570,593,597,661,759,815,885,1009,1065,1088,1104,1112,1125,1177,1208,1221,1268]","[[0,1],[1,1],[2,-1],[3,1],[4,-1],[14,1],[29,1],[86,1],[140,1],[216,-1],[225,1],[267,1],[305,-1],[321,-1],[414,-1],[468,-1],[474,1],[550,1],[557,1],[570,1],[593,1],[597,1],[661,1],[759,1],[815,-1],[885,-1],[1009,1],[1065,-1],[1088,1],[1104,-1],[1112,-1],[1125,1],[1177,1],[1208,-1],[1221,1],[1268,1]]","[22,94,36,18,86,69,84,88,60,26,28,58,61,85,14,73,12,11,1,59,7,45,35,83,74,48,38,2,56,68,5,72,31,75,34,79,41,51,77,13,50,27,71,67,52,15,44,8,3,93,57,29,95,20,62,63,98,32,81,10,55,91,46,0,53,39,80,16,17,19,33,64,21,42,25,4,70,92,40,99]","[153,104,177,161,105,149,175,135,147,142,181,188,194,172,159,131,174,132,133,141,146,160,108,189,107,138,145,156,143,164,125,191,139,182,184,109,180,176,196,124,165,183,118,101,128,162,173,112,168,154,121,190,122,136,130,120,169,179,197,192,163,129,127,170,116,148,158,166,102,195,126,155,152,106,117,137,178,150,103,115]",970160523ff6745a49e6777698492c1b8315170231c184ef54b466826b7adcea,80,862703802,127759225,"[930014,7,8,0,100,200,26]",3132526370,2752585280,[5],"{""5"":0}"
S7,7,930015,100,3.3541019662496847,8,,0,0.1,45,30,"[0,1,2,3,4,6,223,225,250,267,316,321,338,390,428,553,631,698,746,797,802,814,829,933,984,1009,1017,1064,1163,1256]","[[0,1],[1,1],[2,-1],[3,1],[4,-1],[6,-1],[223,1],[225,1],[250,1],[267,1],[316,-1],[321,-1],[338,-1],[390,-1],[428,-1],[553,1],[631,-1],[698,1],[746,-1],[797,-1],[802,-1],[814,1],[829,-1],[933,-1],[984,-1],[1009,1],[1017,-1],[1064,-1],[1163,1],[1256,1]]","[83,70,62,86,44,69,47,90,60,75,99,58,96,12,16,71,17,45,42,20,54,50,40,53,73,19,28,35,67,14,95,13,52,36,31,7,3,0,91,43,33,10,78,46,92,88,41,77,38,63,65,68,5,98,39,26,51,80,18,8,27,24,59,15,6,2,82,89,64,48,11,93,9,76,85,97,30,94,66,55]","[150,123,106,114,107,144,180,182,101,136,122,145,100,103,139,104,126,185,168,165,189,158,142,112,129,163,133,135,174,193,162,143,153,125,128,179,154,120,116,148,157,119,108,117,141,109,160,110,118,111,195,188,159,146,149,138,187,192,151,171,115,190,186,156,194,152,140,197,166,155,105,196,175,181,121,177,137,173,161,178]",0b5d1e9f2fb976755ab7031fbf56f2746a8b4f0cbf1dcf402c17c51186c5c8a2,80,2575587822,1366376151,"[930015,7,8,0,100,200,26]",2725849423,2752585280,[5],"{""5"":0}"
S7,7,930016,100,3.3541019662496847,8,,0,0.1,36,27,"[0,1,2,3,4,32,250,267,291,328,338,339,519,742,748,762,787,790,805,808,860,970,1025,1030,1086,1163,1247]","[[0,1],[1,1],[2,-1],[3,1],[4,-1],[32,-1],[250,1],[267,1],[291,1],[328,-1],[338,-1],[339,-1],[519,1],[742,1],[748,-1],[762,-1],[787,-1],[790,1],[805,1],[808,1],[860,1],[970,-1],[1025,-1],[1030,-1],[1086,1],[1163,1],[1247,-1]]","[44,13,24,15,80,12,36,97,9,31,42,17,1,87,41,29,59,83,49,73,23,37,92,75,66,7,10,95,50,55,58,38,51,94,0,3,20,90,65,76,14,30,32,27,88,56,98,74,62,72,8,4,57,96,85,11,48,40,71,81,46,77,84,33,47,45,79,60,63,6,68,52,26,5,69,64,54,78,53,70]","[157,184,173,158,180,175,125,194,145,195,108,191,188,193,144,133,174,179,159,154,101,143,196,168,148,149,121,116,170,111,198,187,105,136,182,127,141,185,151,131,110,183,118,129,152,147,119,166,135,126,167,146,140,162,104,161,160,124,115,139,169,164,165,128,117,134,190,199,142,114,163,113,132,171,103,156,130,109,155,107]",5f782a79e85434f1d5da297ac1eddb9d274cc8b0a5b6b09afbb85e578e7a6823,80,656581834,3383361844,"[930016,7,8,0,100,200,26]",4016126351,2752585280,[5],"{""5"":0}"
S7,7,930017,100,3.3541019662496847,8,,0,0.1,47,30,"[0,1,2,3,4,5,6,71,105,250,256,267,379,480,503,608,631,688,693,723,746,748,790,887,963,1064,1086,1094,1116,1270]","[[0,1],[1,1],[2,-1],[3,1],[4,-1],[5,1],[6,-1],[71,-1],[105,-1],[250,1],[256,1],[267,1],[379,1],[480,-1],[503,-1],[608,-1],[631,-1],[688,1],[693,-1],[723,1],[746,-1],[748,-1],[790,1],[887,-1],[963,-1],[1064,-1],[1086,1],[1094,-1],[1116,1],[1270,-1]]","[63,71,78,61,37,49,21,12,5,80,44,33,95,16,48,15,88,53,40,3,36,86,67,9,23,51,98,81,32,82,52,68,72,56,26,18,11,46,83,89,84,31,2,47,29,41,28,34,14,22,27,30,39,55,20,73,77,94,62,75,87,13,65,57,64,85,97,17,50,19,38,79,43,70,35,59,93,24,25,54]","[190,105,184,187,168,156,196,123,147,173,177,162,198,107,151,120,174,150,194,176,142,110,126,130,165,166,103,199,172,170,131,158,139,136,132,154,180,182,128,106,135,143,119,175,127,125,191,148,122,185,153,140,181,155,129,113,195,116,193,145,133,161,192,112,160,118,115,188,121,159,171,108,197,114,101,146,152,109,167,178]",18906d9572991c0dfc524df5850089cd7ead883995555b377291fbb43418dc93,80,3182811456,4240337743,"[930017,7,8,0,100,200,26]",3607465036,2752585280,[5],"{""5"":1}"
S7,7,930018,100,3.3541019662496847,8,,0,0.1,43,31,"[0,1,2,3,4,14,63,238,259,260,331,338,379,428,540,550,567,704,787,793,815,887,901,1009,1013,1017,1059,1071,1134,1144,1223]","[[0,1],[1,1],[2,-1],[3,1],[4,-1],[14,1],[63,1],[238,-1],[259,-1],[260,1],[331,-1],[338,-1],[379,1],[428,-1],[540,-1],[550,1],[567,-1],[704,-1],[787,-1],[793,1],[815,-1],[887,-1],[901,-1],[1009,1],[1013,-1],[1017,-1],[1059,-1],[1071,-1],[1134,1],[1144,-1],[1223,-1]]","[22,10,99,27,86,93,54,25,3,73,76,55,15,58,62,39,26,53,34,65,98,48,37,47,59,6,82,74,50,7,95,90,11,8,13,20,84,29,41,75,85,49,17,66,56,9,69,0,96,92,2,79,94,19,38,40,57,24,35,33,63,12,64,4,97,51,72,87,77,88,80,28,21,14,32,42,43,60,91,5]","[178,130,125,146,155,105,132,163,168,157,127,195,196,143,179,167,126,113,156,135,141,142,162,148,133,138,131,109,190,166,183,144,114,108,116,154,136,139,106,115,150,176,171,177,175,137,111,172,170,158,199,189,134,198,110,160,169,103,164,118,159,187,123,197,147,151,152,149,128,102,184,129,180,192,122,112,165,119,145,174]",06ecaf30ba947292877db56480dd5765b535bf62ab8ef39657572f0657ea42c5,80,2700217410,1572319928,"[930018,7,8,0,100,200,26]",2106297076,2752585280,[5],"{""5"":0}"
S7,7,930019,100,3.3541019662496847,8,,0,0.1,39,32,"[0,1,2,3,4,29,71,76,95,210,250,260,293,317,338,379,593,646,684,710,748,808,877,1002,1030,1055,1059,1100,1104,1141,1221,1268]","[[0,1],[1,1],[2,-1],[3,1],[4,-1],[29,1],[71,-1],[76,1],[95,1],[210,1],[250,1],[260,1],[293,-1],[317,1],[338,-1],[379,1],[593,1],[646,1],[684,-1],[710,-1],[748,-1],[808,1],[877,-1],[1002,-1],[1030,-1],[1055,-1],[1059,-1],[1100,-1],[1104,-1],[1141,1],[1221,1],[1268,1]]","[65,39,42,7,50,47,30,33,17,69,87,40,48,89,8,53,86,28,94,70,54,44,45,13,90,32,72,19,15,55,2,71,49,74,84,68,77,5,57,56,76,52,23,82,3,11,79,88,43,1,22,99,51,41,78,16,37,21,24,38,4,93,92,95,14,59,61,58,12,9,60,66,91,98,0,85,96,46,25,36]","[196,126,124,166,103,179,119,165,146,187,110,102,144,104,139,193,172,123,188,111,120,131,137,148,141,113,174,167,100,191,171,189,115,133,155,180,150,176,138,182,112,134,159,195,157,156,109,168,199,151,116,194,198,183,129,125,121,106,154,163,136,164,192,153,140,178,175,177,143,181,132,149,128,169,161,162,197,147,117,130]",b5fdacf0d279d4e4df8f6e9e7bdd15e11591125ffee0737e466c93af2a1ff45a,80,1924785668,1892519306,"[930019,7,8,0,100,200,26]",1596485727,2752585280,[5],"{""5"":0}"
S7,7,930020,100,3.3541019662496847,8,,0,0.1,36,33,"[0,1,2,3,4,76,238,250,261,290,316,402,436,486,567,580,631,634,638,780,805,808,814,873,908,932,933,953,1050,1055,1107,1143,1221]","[[0,1],[1,1],[2,-1],[3,1],[4,-1],[76,1],[238,-1],[250,1],[261,1],[290,1],[316,-1],[402,1],[436,-1],[486,1],[567,-1],[580,-1],[631,-1],[634,-1],[638,1],[780,-1],[805,1],[808,1],[814,1],[873,1],[908,-1],[932,1],[933,-1],[953,-1],[1050,-1],[1055,-1],[1107,-1],[1143,-1],[1221,1]]","[57,62,83,13,21,73,75,23,3,98,97,22,66,85,44,10,43,96,84,87,30,94,9,14,52,47,37,56,33,78,70,16,18,4,67,7,79,41,48,93,24,19,6,5,55,45,25,58,20,46,34,77,54,69,2,89,99,12,39,90,61,28,49,31,1,74,40,42,76,95,60,27,38,64,63,82,50,32,91,17]","[151,192,107,185,116,133,194,179,127,120,126,173,198,122,105,119,121,137,104,171,167,141,166,131,149,140,178,157,100,160,144,113,142,109,115,147,181,111,150,130,135,129,176,136,187,193,159,148,158,165,196,125,164,175,174,124,112,154,108,162,143,118,182,189,138,188,168,102,177,103,186,123,191,146,169,190,139,197,110,199]",b547e935246b2af56e72579bd993310f245eda8cee21448db4ebcfabfe5b3455,80,2694495162,1686963586,"[930020,7,8,0,100,200,26]",1909964680,2752585280,[5],"{""5"":0}"
S7,7,930021,100,3.3541019662496847,8,,0,0.1,45,30,"[0,1,2,3,4,5,78,140,149,225,238,260,299,304,371,381,503,557,628,684,710,802,815,829,887,976,1059,1064,1102,1249]","[[0,1],[1,1],[2,-1],[3,1],[4,-1],[5,-1],[78,1],[140,1],[149,-1],[225,1],[238,-1],[260,1],[299,-1],[304,-1],[371,1],[381,-1],[503,-1],[557,1],[628,-1],[684,-1],[710,-1],[802,-1],[815,-1],[829,-1],[887,-1],[976,1],[1059,-1],[1064,-1],[1102,1],[1249,-1]]","[85,6,93,29,14,41,77,99,82,10,59,61,25,1,71,9,81,33,7,31,95,15,50,34,24,54,16,46,92,48,19,12,32,35,17,57,88,18,79,30,96,68,66,0,84,74,75,36,52,20,39,38,67,65,76,80,44,90,4,13,2,27,37,55,45,51,26,62,42,86,87,22,73,83,63,43,53,78,47,60]","[158,173,162,111,174,187,192,168,170,157,109,137,160,155,145,119,161,191,150,121,113,112,103,152,151,175,118,196,136,104,178,183,127,164,159,154,114,132,147,108,165,139,177,153,110,131,116,105,138,171,182,123,135,163,146,143,126,198,190,117,134,185,144,193,141,102,128,167,101,142,107,124,169,186,166,115,120,197,100,189]",77d7d97d399d7632ff4ebed32cb9869c00bae1a72552a759bdfcdd0874dae81c,80,3786103990,1703279166,"[930021,7,8,0,100,200,26]",951657507,2752585280,[5],"{""5"":-1}"
S7,7,930022,100,3.3541019662496847,8,,0,0.1,43,32,"[0,1,2,3,4,26,117,210,290,317,321,437,503,545,631,704,707,709,748,787,790,877,887,907,933,1002,1055,1116,1155,1208,1268,1273]","[[0,1],[1,1],[2,-1],[3,1],[4,-1],[26,-1],[117,-1],[210,1],[290,1],[317,1],[321,-1],[437,1],[503,-1],[545,-1],[631,-1],[704,-1],[707,-1],[709,-1],[748,-1],[787,-1],[790,1],[877,-1],[887,-1],[907,1],[933,-1],[1002,-1],[1055,-1],[1116,1],[1155,1],[1208,-1],[1268,1],[1273,-1]]","[8,20,26,37,32,14,83,44,86,54,35,0,96,1,93,40,72,22,28,84,65,74,36,78,89,50,55,30,46,88,71,48,73,76,39,81,94,23,12,52,42,59,4,7,62,85,91,10,82,79,95,13,60,56,21,34,68,80,16,6,45,64,90,43,25,61,77,99,9,18,38,11,57,51,66,33,3,53,97,41]","[106,197,172,137,109,130,131,156,147,101,138,194,120,103,110,178,180,186,160,153,129,114,132,148,136,164,150,140,133,185,170,124,152,151,115,142,145,195,134,189,168,162,158,169,157,135,171,119,187,190,100,154,193,143,198,159,199,126,117,179,146,108,192,176,177,149,116,183,196,174,184,121,161,166,128,107,141,122,102,118]",d624351eac61c9896518bae8c7893f9469a79f8f96a353af6b91a291bb272dcb,80,3466160851,3876494597,"[930022,7,8,0,100,200,26]",1387763204,2752585280,[5],"{""5"":0}"
S7,7,930023,100,3.3541019662496847,8,,0,0.1,39,37,"[0,1,2,3,4,5,8,38,39,71,109,121,166,267,321,451,503,519,599,631,752,762,808,814,860,865,873,887,904,948,1005,1034,1131,1141,1149,1205,1256]","[[0,1],[1,1],[2,-1],[3,1],[4,-1],[5,-1],[8,-1],[38,1],[39,1],[71,-1],[109,1],[121,-1],[166,-1],[267,1],[321,-1],[451,1],[503,-1],[519,1],[599,1],[631,-1],[752,-1],[762,-1],[808,1],[814,1],[860,1],[865,1],[873,1],[887,-1],[904,-1],[948,1],[1005,1],[1034,-1],[1131,1],[1141,1],[1149,-1],[1205,1],[1256,1]]","[76,98,24,20,47,34,97,51,95,30,37,53,14,29,27,18,92,48,55,0,62,38,42,73,3,93,54,74,11,65,75,4,56,22,23,91,81,17,80,58,7,13,99,21,44,88,85,67,90,61,9,57,78,87,71,66,70,39,40,79,77,82,6,83,33,59,63,26,5,69,46,2,25,60,89,72,96,68,19,50]","[117,100,161,174,195,126,114,169,118,159,150,162,188,171,182,156,178,134,177,107,115,106,184,168,104,158,173,160,145,166,130,199,103,127,102,198,154,176,183,149,196,119,124,167,121,172,147,181,191,131,128,157,197,153,135,146,112,165,185,180,101,186,187,164,143,175,144,111,129,123,133,113,136,137,190,189,155,163,179,194]",eaf846769eadd4f522cac4218803534c50d8b5ed4cb16a1b6fd6db93c717ac81,80,1484899885,875808516,"[930023,7,8,0,100,200,26]",2070984279,2752585280,[5],"{""5"":-1}"
S7,7,930024,100,3.3541019662496847,8,,0,0.1,39,33,"[0,1,2,3,4,29,31,210,290,316,338,390,414,456,500,593,631,659,688,707,741,877,957,1005,1055,1086,1094,1143,1161,1184,1221,1234,1273]","[[0,1],[1,1],[2,-1],[3,1],[4,-1],[29,1],[31,1],[210,1],[290,1],[316,-1],[338,-1],[390,-1],[414,-1],[456,-1],[500,1],[593,1],[631,-1],[659,1],[688,1],[707,-1],[741,1],[877,-1],[957,-1],[1005,1],[1055,-1],[1086,1],[1094,-1],[1143,-1],[1161,1],[1184,-1],[1221,1],[1234,-1],[1273,-1]]","[13,39,84,40,53,34,41,27,44,89,47,76,15,65,75,74,54,66,18,93,4,35,22,33,5,60,58,80,72,31,79,61,2,0,30,10,32,37,56,73,91,50,94,68,70,21,98,9,62,51,92,63,43,24,71,12,64,52,46,17,99,11,57,16,97,82,67,8,14,42,28,90,38,78,1,77,45,19,48,7]","[194,138,171,193,168,144,148,169,124,173,172,125,105,102,111,101,177,122,118,159,160,198,140,103,120,109,153,126,128,149,161,150,145,158,166,129,123,183,116,119,184,174,117,112,157,176,108,154,188,127,136,197,181,130,141,182,107,152,165,151,170,132,106,156,163,137,115,180,139,142,187,134,162,175,147,104,191,185,131,199]",16b465efa77970c8c866568c35027d6d862ac85c532fc1b4346c0c48771de6a5,80,1276892236,4145181669,"[930024,7,8,0,100,200,26]",3541568223,2752585280,[5],"{""5"":0}"
S7,7,930025,100,3.3541019662496847,8,,0,0.1,44,32,"[0,1,2,3,4,6,14,32,71,83,267,362,451,461,500,505,540,550,637,679,684,688,787,790,808,829,903,982,1100,1116,1259,1268]","[[0,1],[1,1],[2,-1],[3,1],[4,-1],[6,-1],[14,1],[32,-1],[71,-1],[83,-1],[267,1],[362,1],[451,1],[461,1],[500,1],[505,1],[540,-1],[550,1],[637,-1],[679,1],[684,-1],[688,1],[787,-1],[790,1],[808,1],[829,-1],[903,1],[982,-1],[1100,-1],[1116,1],[1259,-1],[1268,1]]","[92,65,61,21,50,56,32,89,57,24,1,48,51,91,25,22,15,95,67,49,35,30,10,64,71,72,11,52,12,70,86,69,33,77,17,66,16,58,47,27,46,39,59,29,62,3,76,0,53,23,78,36,84,44,19,93,85,96,45,31,75,60,74,20,28,82,88,81,63,90,26,40,6,99,38,55,97,73,94,79]","[148,166,128,167,107,125,102,172,161,144,150,113,164,133,138,135,121,111,143,101,151,175,119,181,192,193,194,105,110,153,100,118,116,104,112,132,165,171,122,126,137,160,190,185,199,130,174,183,145,129,147,141,162,154,157,134,182,180,139,198,191,152,168,176,196,197,117,124,142,109,140,179,187,131,188,156,163,114,155,195]",add3068d158f43b6a6997b2b5645c4eae8a7c40c2b5f0eaaba58ef8bd5bbad61,80,1994105210,2500437147,"[930025,7,8,0,100,200,26]",2822100388,2752585280,[5],"{""5"":0}"
S7,7,930026,100,3.3541019662496847,8,,0,0.1,40,28,"[0,1,2,3,4,227,299,362,389,390,428,430,550,574,586,599,646,673,688,723,790,837,1064,1082,1091,1099,1141,1153]","[[0,1],[1,1],[2,-1],[3,1],[4,-1],[227,-1],[299,-1],[362,1],[389,-1],[390,-1],[428,-1],[430,-1],[550,1],[574,-1],[586,-1],[599,1],[646,1],[673,1],[688,1],[723,1],[790,1],[837,1],[1064,-1],[1082,-1],[1091,1],[1099,1],[1141,1],[1153,-1]]","[0,60,97,46,1,81,5,38,24,50,30,99,88,70,44,7,17,41,34,18,54,85,45,47,91,84,69,75,82,25,14,35,4,31,27,65,36,32,63,10,95,15,61,40,73,2,11,94,56,87,52,92,23,76,83,79,39,12,48,57,42,66,53,59,33,20,80,43,58,77,71,62,93,21,19,29,68,74,96,67]","[157,177,127,167,137,162,182,119,165,181,110,192,104,185,160,197,198,144,109,147,196,134,187,179,166,120,174,130,143,194,193,129,118,108,180,145,184,195,131,159,186,115,199,102,149,191,140,190,164,172,114,173,126,152,176,135,158,116,113,188,103,163,122,178,161,189,132,105,100,146,138,117,121,154,175,128,150,133,141,107]",a9b1198c36841e3a1f47407ec1307926212018c4160f6d266aee7b4d3701d536,80,1811880748,3583292530,"[930026,7,8,0,100,200,26]",1328064094,2752585280,[5],"{""5"":0}"
S7,7,930027,100,3.3541019662496847,8,,0,0.1,32,24,"[0,1,2,3,4,5,29,43,47,116,125,140,157,503,628,631,656,962,1009,1017,1127,1141,1144,1223]","[[0,1],[1,1],[2,-1],[3,1],[4,-1],[5,-1],[29,1],[43,-1],[47,1],[116,1],[125,-1],[140,1],[157,-1],[503,-1],[628,-1],[631,-1],[656,-1],[962,1],[1009,1],[1017,-1],[1127,-1],[1141,1],[1144,-1],[1223,-1]]","[7,92,38,66,68,59,41,94,80,0,34,45,77,8,88,52,67,3,11,61,27,39,53,23,62,32,93,22,46,55,10,99,97,14,42,47,63,54,78,84,86,19,15,82,69,12,89,36,28,43,81,57,79,65,26,64,44,96,21,95,71,18,90,74,56,83,48,29,72,5,75,35,31,20,25,60,73,24,40,37]","[146,100,185,140,117,103,182,197,174,136,161,183,123,115,128,111,168,187,176,104,120,181,154,173,193,147,178,164,166,199,129,186,148,189,122,116,121,155,135,198,133,167,180,141,158,101,170,149,106,107,113,105,130,192,171,190,169,188,102,172,160,110,127,137,159,126,139,179,157,119,151,152,145,124,165,156,142,118,163,138]",9f9fc5729956558ef27942a431bad5487b6174775e3929ae476c1938bd93c7cb,80,2678642362,781369260,"[930027,7,8,0,100,200,26]",94991388,2752585280,[5],"{""5"":-1}"
S7,7,930028,100,3.3541019662496847,8,,0,0.1,43,27,"[0,1,2,3,4,28,38,109,234,255,316,338,339,503,638,684,688,885,950,1086,1141,1143,1205,1208,1213,1221,1268]","[[0,1],[1,1],[2,-1],[3,1],[4,-1],[28,1],[38,1],[109,1],[234,-1],[255,-1],[316,-1],[338,-1],[339,-1],[503,-1],[638,1],[684,-1],[688,1],[885,-1],[950,-1],[1086,1],[1141,1],[1143,-1],[1205,1],[1208,-1],[1213,1],[1221,1],[1268,1]]","[39,18,77,48,29,50,70,8,86,10,85,76,19,13,55,63,27,17,51,12,58,79,2,0,40,67,90,30,98,20,64,66,68,37,31,73,21,26,23,83,16,65,5,49,1,92,69,94,99,97,14,88,7,3,87,56,44,74,95,24,84,32,11,81,53,82,57,38,47,72,96,34,42,71,36,15,75,89,33,25]","[198,148,122,153,113,145,123,104,155,139,107,199,147,137,173,140,141,170,169,158,124,132,157,156,100,110,106,150,134,174,120,160,152,159,181,126,149,186,154,172,101,192,114,109,187,111,133,185,189,197,166,135,175,164,161,168,136,163,117,118,112,116,131,180,184,177,162,108,191,127,190,128,194,142,102,119,176,171,105,143]",4a1bd3cfc233969614f23e1849b08278ea2a43ee7d361f4a7ce75266ca3b653f,80,228172436,1839129922,"[930028,7,8,0,100,200,26]",3562058435,2752585280,[5],"{""5"":0}"
S7,7,930029,100,3.3541019662496847,8,,0,0.1,37,29,"[0,1,2,3,4,6,29,152,238,250,267,273,306,338,339,371,486,503,746,748,760,774,932,933,1047,1050,1124,1134,1141]","[[0,1],[1,1],[2,-1],[3,1],[4,-1],[6,-1],[29,1],[152,1],[238,-1],[250,1],[267,1],[273,-1],[306,1],[338,-1],[339,-1],[371,1],[486,1],[503,-1],[746,-1],[748,-1],[760,-1],[774,1],[932,1],[933,-1],[1047,1],[1050,-1],[1124,-1],[1134,1],[1141,1]]","[28,2,67,85,0,88,18,75,38,62,39,7,95,17,96,10,27,79,87,65,12,46,32,71,47,53,74,93,29,58,90,94,1,61,52,68,35,16,23,45,15,8,59,57,91,31,43,6,20,81,99,49,19,69,89,77,14,22,30,48,54,9,64,63,50,76,80,36,42,40,92,25,11,51,24,4,37,83,86,55]","[191,132,196,158,166,102,164,153,115,125,172,145,161,113,193,175,141,195,129,154,131,111,168,163,105,169,171,167,143,160,176,198,157,199,159,101,142,100,104,150,192,178,130,184,112,194,133,189,110,137,177,155,138,182,165,190,103,127,181,124,185,135,179,152,114,121,122,119,162,139,197,187,156,134,180,149,146,174,186,108]",af606b70a5a5c5c37bf54c3c580dfe20dcaf4a703a1da8cd1f23e21e19b06306,80,865523553,842715691,"[930029,7,8,0,100,200,26]",2715279150,2752585280,[5],"{""5"":0}"
S7,7,930030,100,3.3541019662496847,8,,0,0.1,38,26,"[0,1,2,3,4,14,76,77,183,390,460,503,631,668,684,688,706,746,775,790,923,1055,1141,1143,1144,1268]","[[0,1],[1,1],[2,-1],[3,1],[4,-1],[14,1],[76,1],[77,1],[183,-1],[390,-1],[460,1],[503,-1],[631,-1],[668,-1],[684,-1],[688,1],[706,-1],[746,-1],[775,1],[790,1],[923,-1],[1055,-1],[1141,1],[1143,-1],[1144,-1],[1268,1]]","[23,0,49,18,75,51,99,88,37,68,31,6,2,12,57,29,70,95,60,72,47,77,83,58,67,61,66,54,93,34,3,40,5,62,91,50,9,38,25,42,39,45,92,21,33,82,65,15,74,24,35,69,84,90,64,28,53,71,59,36,4,7,30,22,80,14,19,48,10,13,94,11,16,43,63,85,78,97,1,56]","[148,153,194,174,142,183,178,122,154,143,106,134,111,175,130,173,168,105,147,133,114,198,195,117,102,129,167,170,110,189,108,190,179,152,193,119,131,141,171,165,163,104,182,113,127,187,150,123,197,196,115,128,191,161,158,118,160,184,101,120,135,176,139,107,157,109,140,199,166,180,103,172,186,156,138,144,126,169,162,146]",705a2465c9da064ec9530bb30be6a7831728cfd7b5ff4edd970863fdc0435590,80,1672991434,4077920478,"[930030,7,8,0,100,200,26]",1438018248,2752585280,[5],"{""5"":0}"
S7,7,930031,100,3.3541019662496847,8,,0,0.1,43,34,"[0,1,2,3,4,5,29,32,33,63,205,250,261,267,285,291,363,390,459,461,483,531,634,659,723,760,887,1059,1064,1099,1144,1187,1221,1263]","[[0,1],[1,1],[2,-1],[3,1],[4,-1],[5,-1],[29,1],[32,-1],[33,1],[63,1],[205,1],[250,1],[261,1],[267,1],[285,1],[291,1],[363,-1],[390,-1],[459,-1],[461,1],[483,-1],[531,-1],[634,-1],[659,1],[723,1],[760,-1],[887,-1],[1059,-1],[1064,-1],[1099,1],[1144,-1],[1187,1],[1221,1],[1263,1]]","[32,98,34,46,73,27,66,92,93,21,13,48,78,36,47,28,50,65,3,63,82,6,72,7,95,10,17,43,24,99,89,22,31,69,23,9,57,58,25,94,37,51,71,4,16,96,38,12,40,29,5,19,30,68,81,87,26,64,33,49,76,61,88,86,70,14,41,2,45,11,60,53,52,42,75,56,74,90,85,18]","[186,147,130,175,138,106,100,129,114,193,174,103,180,152,144,158,148,185,110,156,131,162,146,122,197,127,153,112,117,111,171,142,170,163,119,125,118,108,134,141,135,126,133,159,165,164,143,196,102,137,155,101,168,150,188,160,172,191,181,109,187,173,184,192,183,107,140,169,145,151,154,177,194,178,161,124,123,121,132,113]",d258e1425b92082f41d4c0589168465dff2e6c7759d2645f1eba9500fcc55614,80,3011059392,2026660116,"[930031,7,8,0,100,200,26]",2282999763,2752585280,[5],"{""5"":-1}"
S7,7,930032,100,3.3541019662496847,8,,0,0.1,43,37,"[0,1,2,3,4,6,33,38,43,68,71,109,251,260,339,342,363,518,522,673,730,746,771,787,790,859,957,1025,1036,1071,1100,1116,1141,1149,1256,1268,1273]","[[0,1],[1,1],[2,-1],[3,1],[4,-1],[6,-1],[33,1],[38,1],[43,-1],[68,-1],[71,-1],[109,1],[251,1],[260,1],[339,-1],[342,1],[363,-1],[518,1],[522,-1],[673,1],[730,1],[746,-1],[771,1],[787,-1],[790,1],[859,1],[957,-1],[1025,-1],[1036,-1],[1071,-1],[1100,-1],[1116,1],[1141,1],[1149,-1],[1256,1],[1268,1],[1273,-1]]","[88,45,86,58,63,24,82,12,0,76,36,57,87,30,13,44,11,5,92,25,99,17,26,95,62,50,78,20,22,29,46,37,67,33,94,61,51,66,19,8,21,14,35,55,48,16,81,2,77,91,71,3,54,68,96,9,90,39,60,73,23,64,83,53,10,34,98,1,56,52,59,43,38,27,93,65,84,7,6,41]","[195,141,174,194,115,156,132,152,121,165,137,180,162,123,176,158,148,181,133,128,168,104,199,116,151,147,143,189,136,154,127,135,193,126,110,161,175,196,117,167,190,182,169,124,101,109,159,134,103,178,172,166,183,142,112,163,160,138,186,119,100,139,107,192,150,108,170,130,164,144,171,131,157,106,155,145,122,188,129,113]",afbb72f22409906e1a0baaee4b71ea692123a53f62af5cb3c6f16877f8f96344,80,667577568,4273187918,"[930032,7,8,0,100,200,26]",1598964819,2752585280,[5],"{""5"":0}"
S7,7,930033,100,3.3541019662496847,8,,0,0.1,37,30,"[0,1,2,3,4,14,29,68,83,120,219,225,238,321,338,363,390,404,557,586,593,631,790,837,887,893,908,950,1036,1221]","[[0,1],[1,1],[2,-1],[3,1],[4,-1],[14,1],[29,1],[68,-1],[83,-1],[120,-1],[219,-1],[225,1],[238,-1],[321,-1],[338,-1],[363,-1],[390,-1],[404,-1],[557,1],[586,-1],[593,1],[631,-1],[790,1],[837,1],[887,-1],[893,1],[908,-1],[950,-1],[1036,-1],[1221,1]]","[38,44,55,32,98,28,81,18,8,7,61,51,63,60,10,53,62,20,66,89,9,84,78,85,47,43,64,75,97,77,82,21,76,45,59,49,48,57,6,73,86,31,30,56,58,13,74,96,23,2,41,92,94,46,39,25,29,87,79,52,22,33,3,93,24,90,71,15,70,16,40,14,95,34,50,37,11,69,0,35]","[148,171,167,166,146,119,105,153,163,122,104,190,145,144,107,169,137,133,179,186,140,131,102,143,156,129,154,114,155,152,170,198,120,149,100,162,109,196,175,178,142,136,174,121,135,181,199,139,128,113,194,182,123,188,134,115,110,130,185,141,118,150,101,124,164,127,125,180,157,173,151,183,117,161,176,172,189,106,197,187]",d0561e919b406e018313ddf465733666a417bdbdc2b306e83bb5c70afd1f0b23,80,2402372886,4184615632,"[930033,7,8,0,100,200,26]",3191082616,2752585280,[5],"{""5"":0}"
S7,7,930034,100,3.3541019662496847,8,,0,0.1,40,33,"[0,1,2,3,4,14,65,132,153,250,262,269,291,390,428,445,461,503,614,631,648,669,790,814,860,948,1005,1070,1149,1208,1221,1266,1268]","[[0,1],[1,1],[2,-1],[3,1],[4,-1],[14,1],[65,1],[132,-1],[153,1],[250,1],[262,1],[269,1],[291,1],[390,-1],[428,-1],[445,-1],[461,1],[503,-1],[614,1],[631,-1],[648,-1],[669,1],[790,1],[814,1],[860,1],[948,1],[1005,1],[1070,1],[1149,-1],[1208,-1],[1221,1],[1266,1],[1268,1]]","[76,10,91,97,27,20,31,85,75,84,14,80,47,98,61,39,87,78,36,54,64,69,6,56,44,43,88,59,53,42,48,70,22,19,96,45,65,95,21,49,16,28,60,2,81,72,37,90,15,79,89,7,55,46,57,34,30,38,17,83,73,62,0,71,18,40,77,99,51,41,33,1,9,67,32,5,12,86,26,92]","[182,113,117,149,101,150,166,169,172,135,152,137,165,183,189,102,129,188,123,114,108,131,155,162,193,170,190,110,191,109,134,171,142,151,198,180,178,107,161,177,121,112,140,157,120,146,132,194,184,119,106,195,181,105,104,136,187,125,111,197,126,179,130,168,167,156,148,118,160,100,133,122,127,173,145,159,143,103,192,141]",9ea766c44c45c34ef607935ad356dd338e40ababfe2224cfd8c77ace00ea2dcf,80,3180711707,2907197891,"[930034,7,8,0,100,200,26]",154320184,2752585280,[5],"{""5"":0}"
S7,7,930035,100,3.3541019662496847,8,,0,0.1,40,35,"[0,1,2,3,4,6,68,78,126,225,287,317,328,338,362,486,530,550,586,593,631,640,669,706,710,748,908,932,1003,1030,1055,1065,1187,1221,1276]","[[0,1],[1,1],[2,-1],[3,1],[4,-1],[6,-1],[68,-1],[78,1],[126,1],[225,1],[287,1],[317,1],[328,-1],[338,-1],[362,1],[486,1],[530,1],[550,1],[586,-1],[593,1],[631,-1],[640,1],[669,1],[706,-1],[710,-1],[748,-1],[908,-1],[932,1],[1003,-1],[1030,-1],[1055,-1],[1065,-1],[1187,1],[1221,1],[1276,-1]]","[89,74,85,21,18,82,9,40,88,70,39,13,93,69,55,60,28,76,97,90,22,83,73,72,99,0,94,1,71,95,77,12,44,80,11,31,98,32,62,53,3,27,68,17,29,15,81,56,14,51,79,49,41,65,78,6,52,58,10,5,63,19,16,34,26,96,24,48,4,66,7,20,36,46,75,42,25,67,8,33]","[165,199,173,100,168,153,108,133,111,189,184,150,187,154,114,103,157,115,172,151,183,130,158,121,166,197,125,117,140,139,132,156,101,145,122,141,164,124,161,155,198,127,159,102,181,106,193,162,110,163,180,176,126,147,194,196,123,113,143,192,169,182,116,152,188,195,105,118,134,142,190,129,119,160,107,120,175,135,149,179]",5b242c562c58decb7b0554dff679f5fab5b19810df8c72e9473dbe201643ca5e,80,2446609968,3571418600,"[930035,7,8,0,100,200,26]",2971167391,2752585280,[5],"{""5"":0}"
S7,7,930036,100,3.3541019662496847,8,,0,0.1,46,33,"[0,1,2,3,4,71,109,140,210,216,339,371,402,430,550,630,709,723,741,767,790,860,873,887,1036,1055,1059,1141,1204,1208,1236,1242,1268]","[[0,1],[1,1],[2,-1],[3,1],[4,-1],[71,-1],[109,1],[140,1],[210,1],[216,-1],[339,-1],[371,1],[402,1],[430,-1],[550,1],[630,1],[709,-1],[723,1],[741,1],[767,1],[790,1],[860,1],[873,1],[887,-1],[1036,-1],[1055,-1],[1059,-1],[1141,1],[1204,-1],[1208,-1],[1236,-1],[1242,1],[1268,1]]","[93,84,96,10,46,44,60,63,69,95,14,33,58,90,94,55,50,28,68,7,24,71,3,18,88,25,42,72,52,86,92,98,76,67,91,39,26,27,77,89,12,74,73,82,19,38,32,62,61,45,40,9,51,57,11,43,83,34,78,21,5,16,41,29,66,65,2,15,70,64,6,80,97,31,56,75,13,87,23,37]","[143,156,157,110,161,113,150,151,129,167,179,180,190,100,116,138,122,169,170,152,101,196,105,183,187,181,128,141,171,106,165,115,194,192,168,109,164,191,117,127,158,112,155,197,120,132,111,176,163,131,185,147,136,195,121,199,175,135,178,104,107,126,108,160,145,102,173,184,162,186,114,133,124,134,182,146,123,137,188,189]",d12f792999f05518552224597c8a5bbd68d9663f80766a7b104035fce2b9de23,80,327620257,220356317,"[930036,7,8,0,100,200,26]",895492911,2752585280,[5],"{""5"":0}"
S7,7,930037,100,3.3541019662496847,8,,0,0.1,32,24,"[0,1,2,3,4,57,109,225,253,316,550,574,593,631,709,762,790,893,932,986,1065,1149,1268,1273]","[[0,1],[1,1],[2,-1],[3,1],[4,-1],[57,-1],[109,1],[225,1],[253,-1],[316,-1],[550,1],[574,-1],[593,1],[631,-1],[709,-1],[762,-1],[790,1],[893,1],[932,1],[986,-1],[1065,-1],[1149,-1],[1268,1],[1273,-1]]","[93,17,19,57,52,69,76,91,39,34,25,64,67,81,62,4,6,71,40,24,50,59,60,58,5,16,84,1,27,18,36,94,99,98,95,86,97,83,44,21,28,82,43,79,37,65,29,9,7,11,3,61,0,45,31,35,66,23,10,41,53,63,46,72,49,30,90,12,92,74,78,48,54,15,85,32,38,8,73,51]","[159,167,196,117,108,103,123,197,164,181,162,171,185,199,155,120,149,189,102,134,114,194,142,100,177,115,146,125,128,145,131,160,111,150,152,141,124,136,193,180,101,156,195,178,105,183,126,109,110,137,166,113,121,130,192,174,106,116,148,127,118,139,190,133,144,147,169,184,112,163,154,186,188,138,182,168,173,129,176,140]",4874668ad5820c33887cd9c97ae2aed10225f5c0b142bdc935974b124d0bce12,80,949928899,2953099816,"[930037,7,8,0,100,200,26]",2560500834,2752585280,[5],"{""5"":0}"
S7,7,930038,100,3.3541019662496847,8,,0,0.1,39,28,"[0,1,2,3,4,45,63,225,250,259,295,299,316,441,486,565,638,668,684,710,846,906,907,1055,1141,1144,1163,1197]","[[0,1],[1,1],[2,-1],[3,1],[4,-1],[45,-1],[63,1],[225,1],[250,1],[259,-1],[295,-1],[299,-1],[316,-1],[441,-1],[486,1],[565,-1],[638,1],[668,-1],[684,-1],[710,-1],[846,1],[906,-1],[907,1],[1055,-1],[1141,1],[1144,-1],[1163,1],[1197,1]]","[31,21,38,29,26,45,75,91,2,0,69,95,28,97,99,23,18,57,93,60,70,41,85,58,64,8,35,61,30,49,68,27,42,66,88,43,54,3,89,9,47,83,59,56,96,82,46,22,50,53,51,84,86,65,92,87,36,79,6,13,20,39,44,4,19,10,14,55,24,16,78,37,94,5,1,81,77,76,67,72]","[142,193,155,121,120,196,162,173,183,141,140,149,192,194,175,131,145,190,147,114,152,135,143,163,177,139,102,128,160,180,113,164,170,172,153,165,181,111,154,101,110,104,117,158,198,138,168,129,195,188,123,130,167,157,176,124,184,144,161,105,103,166,171,116,118,133,136,186,159,156,109,134,179,100,112,106,148,178,125,146]",43f069bfa877ae333bf6fad5657f7e2161b10afeb2b57ace2c2bfeca00215242,80,1178175533,2903625106,"[930038,7,8,0,100,200,26]",4034606043,2752585280,[5],"{""5"":0}"
S7,7,930039,100,3.3541019662496847,8,,0,0.1,41,29,"[0,1,2,3,4,71,109,152,225,238,259,304,316,317,321,338,351,593,669,762,790,819,829,980,1036,1071,1088,1116,1221]","[[0,1],[1,1],[2,-1],[3,1],[4,-1],[71,-1],[109,1],[152,1],[225,1],[238,-1],[259,-1],[304,-1],[316,-1],[317,1],[321,-1],[338,-1],[351,-1],[593,1],[669,1],[762,-1],[790,1],[819,1],[829,-1],[980,1],[1036,-1],[1071,-1],[1088,1],[1116,1],[1221,1]]","[3,65,4,25,50,11,55,24,29,49,16,48,6,26,17,82,79,62,96,41,69,74,30,70,22,54,52,99,53,18,32,94,46,57,95,14,92,76,47,8,90,23,67,37,1,59,88,42,80,86,45,68,81,7,56,72,0,75,77,5,51,27,84,44,19,31,33,20,35,63,73,78,15,12,39,89,40,64,9,83]","[131,184,190,122,123,127,153,133,166,179,110,187,114,197,173,177,130,120,164,157,140,138,196,165,129,195,104,193,168,180,145,144,103,169,188,111,106,146,115,105,116,183,143,108,174,118,178,194,172,154,185,125,112,156,113,101,149,100,147,167,148,161,186,121,171,192,198,189,159,155,150,107,102,158,135,132,137,136,191,141]",a580e13e83355cf550c102fd6b77e6d80174f8377d3a160a1e010d67121c54cf,80,3843395087,8832294,"[930039,7,8,0,100,200,26]",2446495937,2752585280,[5],"{""5"":0}"
S7,7,930040,100,3.3541019662496847,8,,0,0.1,46,35,"[0,1,2,3,4,5,6,14,43,97,110,140,228,251,286,362,371,459,486,723,802,808,842,1009,1066,1075,1086,1099,1143,1159,1197,1218,1221,1236,1268]","[[0,1],[1,1],[2,-1],[3,1],[4,-1],[5,-1],[6,-1],[14,1],[43,-1],[97,-1],[110,-1],[140,1],[228,-1],[251,1],[286,-1],[362,1],[371,1],[459,-1],[486,1],[723,1],[802,-1],[808,1],[842,-1],[1009,1],[1066,1],[1075,1],[1086,1],[1099,1],[1143,-1],[1159,-1],[1197,1],[1218,1],[1221,1],[1236,-1],[1268,1]]","[33,14,60,24,78,34,65,41,3,36,75,31,52,76,59,44,84,53,32,46,58,42,16,25,45,61,7,72,12,71,47,95,56,97,48,93,23,8,20,68,9,38,21,49,77,19,50,74,73,63,26,87,35,54,17,69,83,40,1,29,64,67,91,86,99,55,81,6,92,5,70,96,37,30,15,80,85,18,10,28]","[184,133,102,132,146,111,118,145,186,151,152,187,142,148,160,182,174,131,137,112,123,114,168,150,126,125,127,101,157,195,179,136,153,109,166,185,141,162,177,154,165,124,147,175,161,158,189,107,169,110,108,106,128,116,198,163,164,119,130,197,178,140,155,171,139,103,120,173,172,143,192,144,129,188,134,121,176,199,181,191]",259d944a9ef1834c31c519cf1aca01cd1a225f0491d21cd8f51b4d1f1b5b8a78,80,2921182829,3996660174,"[930040,7,8,0,100,200,26]",4053355896,2752585280,[5],"{""5"":-1}"
S7,7,930041,100,3.3541019662496847,8,,0,0.1,44,31,"[0,1,2,3,4,103,138,152,250,305,316,317,339,486,497,550,555,557,597,646,673,684,710,723,814,932,963,967,1005,1150,1221]","[[0,1],[1,1],[2,-1],[3,1],[4,-1],[103,-1],[138,1],[152,1],[250,1],[305,-1],[316,-1],[317,1],[339,-1],[486,1],[497,-1],[550,1],[555,-1],[557,1],[597,1],[646,1],[673,1],[684,-1],[710,-1],[723,1],[814,1],[932,1],[963,-1],[967,-1],[1005,1],[1150,-1],[1221,1]]","[12,84,99,42,75,1,4,77,63,68,98,58,51,70,64,44,95,50,8,23,96,38,82,60,91,49,36,85,41,40,78,43,0,86,33,74,72,30,79,28,80,76,92,25,11,27,94,17,37,31,20,32,35,52,89,34,97,54,13,18,88,3,53,14,22,45,57,39,56,26,5,46,16,10,9,62,15,67,83,47]","[171,192,157,131,162,199,140,142,130,147,132,101,105,113,125,136,141,103,100,146,138,169,166,111,148,126,189,176,121,187,165,191,143,152,183,114,163,137,160,135,182,188,168,128,123,164,185,153,102,180,129,133,173,110,196,193,151,115,172,158,167,144,197,181,159,195,120,104,139,156,184,108,178,117,161,106,190,127,179,154]",97fbd96345c45048a26d47e5b43ef4c3d7291e3c953b1decaaf04e31950bbc64,80,1015922768,3381718159,"[930041,7,8,0,100,200,26]",198115326,2752585280,[5],"{""5"":0}"
S7,7,930042,100,3.3541019662496847,8,,0,0.1,46,35,"[0,1,2,3,4,76,77,109,121,238,260,317,321,381,430,514,539,550,609,638,701,741,748,764,787,798,814,932,1055,1101,1134,1163,1236,1268,1273]","[[0,1],[1,1],[2,-1],[3,1],[4,-1],[76,1],[77,1],[109,1],[121,-1],[238,-1],[260,1],[317,1],[321,-1],[381,-1],[430,-1],[514,-1],[539,1],[550,1],[609,-1],[638,1],[701,-1],[741,1],[748,-1],[764,1],[787,-1],[798,1],[814,1],[932,1],[1055,-1],[1101,-1],[1134,1],[1163,1],[1236,-1],[1268,1],[1273,-1]]","[80,31,2,38,64,91,7,87,96,17,10,78,79,76,81,69,57,1,46,37,35,86,4,25,13,56,58,33,97,5,95,6,27,45,49,74,59,11,39,94,67,26,34,51,12,47,93,3,41,16,61,63,20,72,30,75,19,22,48,15,90,21,29,43,71,82,24,65,9,44,18,23,14,40,62,0,84,36,98,8]","[178,117,100,137,193,143,138,180,120,119,171,103,113,136,118,135,151,159,146,179,122,188,141,167,109,114,144,123,194,163,132,139,156,140,165,166,158,154,177,197,162,142,108,164,152,155,130,161,184,111,186,198,176,160,192,187,195,181,104,175,129,127,125,101,196,149,105,110,185,170,191,168,102,116,121,126,131,145,199,106]",377428f181ef044981a80e80953174bf811815d126f0ae8ee1b1d73b4667fbf6,80,1173294690,4238601491,"[930042,7,8,0,100,200,26]",3341882642,2752585280,[5],"{""5"":0}"
S7,7,930043,100,3.3541019662496847,8,,0,0.3,98,84,"[0,1,2,3,4,5,23,57,82,166,189,225,238,243,251,255,262,267,269,308,316,321,338,342,349,370,377,414,426,430,438,441,452,460,494,503,524,531,535,550,586,611,638,673,683,684,688,706,707,715,746,785,790,795,797,802,814,829,870,892,893,907,916,959,988,1020,1030,1034,1048,1050,1059,1066,1094,1101,1102,1106,1107,1149,1163,1208,1223,1250,1268,1276]","[[0,1],[1,1],[2,-1],[3,1],[4,-1],[5,-1],[23,1],[57,-1],[82,-1],[166,-1],[189,1],[225,1],[238,-1],[243,1],[251,1],[255,-1],[262,1],[267,1],[269,1],[308,-1],[316,-1],[321,-1],[338,-1],[342,1],[349,-1],[370,-1],[377,-1],[414,-1],[426,1],[430,-1],[438,1],[441,-1],[452,-1],[460,1],[494,-1],[503,-1],[524,-1],[531,-1],[535,1],[550,1],[586,-1],[611,-1],[638,1],[673,1],[683,1],[684,-1],[688,1],[706,-1],[707,-1],[715,1],[746,-1],[785,1],[790,1],[795,1],[797,-1],[802,-1],[814,1],[829,-1],[870,-1],[892,-1],[893,1],[907,1],[916,1],[959,-1],[988,1],[1020,1],[1030,-1],[1034,-1],[1048,1],[1050,-1],[1059,-1],[1066,1],[1094,-1],[1101,-1],[1102,1],[1106,1],[1107,-1],[1149,-1],[1163,1],[1208,-1],[1223,-1],[1250,-1],[1268,1],[1276,-1]]","[21,52,22,58,93,53,18,68,0,45,85,80,10,71,89,44,36,43,25,64,79,3,14,29,49,40,90,23,91,84,13,46,92,31,78,26,28,8,55,86,34,19,6,51,50,69,15,41,98,16,35,11,73,24,63,77,83,17,94,96,81,72,62,82,38,56,7,2,48,88,75,70,60,37,27,42,61,76,99,54]","[180,137,162,151,167,179,155,114,121,199,188,166,107,128,126,108,175,119,106,159,184,191,117,146,104,122,152,181,197,150,171,154,194,100,141,103,160,157,190,183,178,144,189,177,196,149,173,170,138,168,118,192,132,172,112,165,120,113,123,111,133,109,140,153,116,135,139,176,124,182,125,127,101,129,187,142,130,143,164,156]",0f1209827a1661054c23881279ab3bd8ec662930c65e1801358cbc4ce1b407f4,80,217741571,3534565094,"[930043,7,8,0,100,200,26]",708023631,2752585280,[5],"{""5"":-1}"
S7,7,930044,100,3.3541019662496847,8,,0,0.1,42,29,"[0,1,2,3,4,29,33,129,140,210,238,286,295,468,486,503,593,648,652,680,684,701,746,1041,1059,1100,1107,1217,1221]","[[0,1],[1,1],[2,-1],[3,1],[4,-1],[29,1],[33,1],[129,1],[140,1],[210,1],[238,-1],[286,-1],[295,-1],[468,-1],[486,1],[503,-1],[593,1],[648,-1],[652,-1],[680,-1],[684,-1],[701,-1],[746,-1],[1041,-1],[1059,-1],[1100,-1],[1107,-1],[1217,1],[1221,1]]","[77,93,48,25,62,95,13,74,78,65,0,92,6,85,52,63,86,2,7,89,15,37,10,73,28,81,91,72,88,29,40,39,83,1,4,20,61,71,99,46,12,44,76,96,16,75,97,58,51,84,50,80,64,23,26,17,36,79,98,21,70,45,87,90,24,57,94,30,32,33,38,5,60,55,67,35,66,22,49,41]","[164,199,198,177,163,188,185,108,171,134,182,104,125,173,186,136,132,151,158,181,139,147,166,116,156,110,167,130,180,137,144,103,193,150,155,159,157,143,131,196,121,149,152,113,119,190,170,109,183,148,189,195,117,101,135,133,107,160,141,191,127,122,154,145,146,105,106,187,140,138,115,175,176,114,168,100,179,120,197,102]",93fafc94ed8a9c2af3c2e088888f5f1ff67a4d25f3a9408891f4a0ce29040fbe,80,1722937772,1492665408,"[930044,7,8,0,100,200,26]",1421860207,2752585280,[5],"{""5"":0}"
S7,7,930045,100,3.3541019662496847,8,,0,0.1,40,38,"[0,1,2,3,4,6,18,29,71,104,125,126,165,304,352,366,428,491,646,688,698,709,715,760,802,861,869,887,944,1025,1034,1047,1088,1099,1141,1163,1221,1247]","[[0,1],[1,1],[2,-1],[3,1],[4,-1],[6,-1],[18,-1],[29,1],[71,-1],[104,1],[125,-1],[126,1],[165,-1],[304,-1],[352,-1],[366,1],[428,-1],[491,1],[646,1],[688,1],[698,1],[709,-1],[715,1],[760,-1],[802,-1],[861,-1],[869,1],[887,-1],[944,1],[1025,-1],[1034,-1],[1047,1],[1088,1],[1099,1],[1141,1],[1163,1],[1221,1],[1247,-1]]","[22,35,6,96,54,51,98,80,42,44,95,97,83,53,34,7,1,79,27,78,73,38,12,82,67,23,21,64,18,59,9,49,89,52,10,0,85,24,91,62,68,55,71,40,31,26,60,32,66,39,88,14,93,58,15,25,8,17,16,30,20,90,86,45,63,3,29,33,48,28,43,94,92,56,4,19,57,87,77,74]","[104,159,110,138,169,107,196,120,184,165,131,179,181,122,164,198,101,116,199,144,189,113,123,134,109,195,171,170,129,145,147,146,156,121,188,150,119,180,130,149,163,118,152,124,115,183,133,102,187,111,125,106,114,136,167,178,105,128,174,182,161,151,194,127,139,132,117,142,100,175,126,140,153,186,148,192,112,166,103,154]",57d2a557efdbc2bb82807b2efa056025deff9787bfd0b8043e53a4894dba63cd,80,1003372442,1673511210,"[930045,7,8,0,100,200,26]",840082679,2752585280,[5],"{""5"":0}"
S7,7,930046,100,3.3541019662496847,8,,0,0.1,46,36,"[0,1,2,3,4,5,6,47,109,250,291,317,326,402,466,540,593,631,684,715,723,725,760,885,887,893,903,1036,1038,1100,1141,1163,1198,1247,1268,1273]","[[0,1],[1,1],[2,-1],[3,1],[4,-1],[5,-1],[6,-1],[47,1],[109,1],[250,1],[291,1],[317,1],[326,-1],[402,1],[466,-1],[540,-1],[593,1],[631,-1],[684,-1],[715,1],[723,1],[725,1],[760,-1],[885,-1],[887,-1],[893,1],[903,1],[1036,-1],[1038,-1],[1100,-1],[1141,1],[1163,1],[1198,-1],[1247,-1],[1268,1],[1273,-1]]","[23,46,8,35,11,90,65,84,50,38,43,31,20,22,72,66,4,58,17,36,47,56,98,1,53,14,62,24,76,18,13,59,26,96,67,73,40,41,94,19,99,32,33,27,93,79,10,88,68,42,86,87,85,82,44,39,37,63,25,97,15,83,95,77,52,45,89,0,5,30,70,21,2,48,78,7,51,34,71,6]","[114,128,175,170,116,125,139,111,163,187,191,165,152,192,169,120,135,108,174,166,103,179,156,168,147,197,183,176,158,123,133,162,177,138,196,122,137,150,132,127,117,118,180,104,195,113,131,173,124,148,119,105,100,143,161,151,167,171,154,106,160,185,198,121,193,159,186,182,140,115,107,101,134,181,146,153,102,129,172,194]",da804eefc8dd46db52d369362571fceb65866f0a60b524404b21d5eda6265992,80,824306877,2978895947,"[930046,7,8,0,100,200,26]",3520387905,2752585280,[5],"{""5"":-1}"
S7,7,930047,100,3.3541019662496847,8,,0,0.1,41,33,"[0,1,2,3,4,36,109,236,238,269,338,430,488,503,608,631,684,709,748,787,808,815,883,887,908,932,972,980,1005,1017,1100,1163,1268]","[[0,1],[1,1],[2,-1],[3,1],[4,-1],[36,1],[109,1],[236,-1],[238,-1],[269,1],[338,-1],[430,-1],[488,1],[503,-1],[608,-1],[631,-1],[684,-1],[709,-1],[748,-1],[787,-1],[808,1],[815,-1],[883,-1],[887,-1],[908,-1],[932,1],[972,-1],[980,1],[1005,1],[1017,-1],[1100,-1],[1163,1],[1268,1]]","[38,93,10,29,9,14,76,27,69,78,53,31,37,44,1,61,16,80,73,2,82,75,50,26,85,4,79,20,45,83,49,90,84,94,96,46,97,13,68,65,21,51,6,70,86,33,23,64,30,87,35,88,42,7,36,77,34,98,3,59,18,39,19,5,28,71,67,17,52,56,40,60,24,25,58,43,81,92,12,95]","[174,128,181,160,147,149,165,133,138,100,124,184,185,111,129,179,161,146,109,103,190,183,187,115,199,150,122,157,126,148,166,177,175,159,168,195,197,155,152,178,140,135,180,121,110,116,189,142,154,163,112,102,145,105,171,194,131,176,191,113,104,151,193,117,172,123,192,118,188,144,167,139,186,158,106,182,136,143,120,101]",3b53291942023302dacadba2e5e184caa473f33e64087178a254e5a64f959318,80,3386541306,2806848948,"[930047,7,8,0,100,200,26]",2737208455,2752585280,[5],"{""5"":0}"
S7,7,930048,100,3.3541019662496847,8,,0,0.3,102,85,"[0,1,2,3,4,14,32,33,43,57,63,71,78,83,95,109,110,114,115,122,210,225,251,279,305,321,338,350,356,383,390,402,405,414,426,461,483,486,501,503,520,540,572,577,583,586,590,595,599,609,614,635,638,652,653,684,706,709,715,760,775,790,814,837,870,886,932,950,963,964,1002,1021,1059,1074,1086,1088,1090,1094,1110,1149,1198,1213,1221,1249,1268]","[[0,1],[1,1],[2,-1],[3,1],[4,-1],[14,1],[32,-1],[33,1],[43,-1],[57,-1],[63,1],[71,-1],[78,1],[83,-1],[95,1],[109,1],[110,-1],[114,1],[115,1],[122,-1],[210,1],[225,1],[251,1],[279,1],[305,-1],[321,-1],[338,-1],[350,-1],[356,-1],[383,1],[390,-1],[402,1],[405,-1],[414,-1],[426,1],[461,1],[483,-1],[486,1],[501,-1],[503,-1],[520,-1],[540,-1],[572,1],[577,-1],[583,1],[586,-1],[590,-1],[595,-1],[599,1],[609,-1],[614,1],[635,1],[638,1],[652,-1],[653,1],[684,-1],[706,-1],[709,-1],[715,1],[760,-1],[775,1],[790,1],[814,1],[837,1],[870,-1],[886,-1],[932,1],[950,-1],[963,-1],[964,-1],[1002,-1],[1021,-1],[1059,-1],[1074,-1],[1086,1],[1088,1],[1090,-1],[1094,-1],[1110,1],[1149,-1],[1198,-1],[1213,1],[1221,1],[1249,-1],[1268,1]]","[85,82,32,97,96,56,43,44,76,41,21,11,20,47,24,92,61,75,94,49,86,26,79,81,19,27,72,4,58,31,62,84,39,73,1,16,48,89,68,65,71,64,67,30,38,83,88,78,2,77,33,6,23,46,90,36,52,5,0,55,25,3,37,12,80,74,7,14,18,22,63,45,13,95,59,70,34,98,54,9]","[139,121,113,191,136,178,157,104,179,194,111,165,185,155,112,125,110,152,134,150,159,116,183,188,186,135,127,114,123,108,198,103,177,149,101,120,187,118,190,132,153,124,175,161,102,176,148,184,195,133,171,163,140,158,189,141,166,162,131,109,173,172,193,146,119,169,182,144,100,126,129,181,147,197,145,180,138,151,167,156]",5ffd9d4628b46489d195f9359ec1e3598b5786150a2a2868b7dd3ce82b2996fa,80,495838349,2191371980,"[930048,7,8,0,100,200,26]",2891600627,2752585280,[5],"{""5"":0}"
S7,7,930049,100,3.3541019662496847,8,,0,0.1,37,34,"[0,1,2,3,4,6,22,29,125,140,225,227,228,267,321,345,379,402,430,437,460,486,519,593,630,644,684,748,802,814,887,1055,1221,1268]","[[0,1],[1,1],[2,-1],[3,1],[4,-1],[6,-1],[22,-1],[29,1],[125,-1],[140,1],[225,1],[227,-1],[228,-1],[267,1],[321,-1],[345,-1],[379,1],[402,1],[430,-1],[437,1],[460,1],[486,1],[519,1],[593,1],[630,1],[644,-1],[684,-1],[748,-1],[802,-1],[814,1],[887,-1],[1055,-1],[1221,1],[1268,1]]","[53,48,88,20,38,4,72,77,49,68,86,41,61,74,2,96,69,58,75,79,3,44,45,33,62,83,17,24,66,7,63,51,39,80,46,32,18,0,59,76,85,23,64,98,8,99,22,29,47,97,13,60,25,94,21,91,42,84,73,65,10,14,26,1,6,28,50,78,55,11,56,92,57,70,27,95,36,90,5,54]","[134,115,160,105,122,170,140,192,179,144,121,158,133,139,193,163,181,166,137,119,114,111,109,186,184,146,145,103,123,125,157,156,191,106,182,100,183,162,164,189,136,180,199,131,149,194,176,120,185,129,107,127,177,188,168,142,118,171,102,165,148,187,175,174,101,117,126,169,130,128,141,153,167,116,112,143,154,135,138,108]",73d609ccd53dc02cd154c691ed3b3c45ed59c98781a4084ca1b56d98ceb83055,80,3554227380,2493779790,"[930049,7,8,0,100,200,26]",362057958,2752585280,[5],"{""5"":0}"
S7,7,930050,100,3.3541019662496847,8,,0,0.1,47,28,"[0,1,2,3,4,5,14,109,238,259,321,338,428,461,466,486,497,634,723,775,805,908,1005,1017,1025,1177,1221,1268]","[[0,1],[1,1],[2,-1],[3,1],[4,-1],[5,-1],[14,1],[109,1],[238,-1],[259,-1],[321,-1],[338,-1],[428,-1],[461,1],[466,-1],[486,1],[497,-1],[634,-1],[723,1],[775,1],[805,1],[908,-1],[1005,1],[1017,-1],[1025,-1],[1177,1],[1221,1],[1268,1]]","[10,69,47,89,6,3,80,61,16,55,44,5,90,17,51,78,98,72,12,24,34,22,41,95,2,85,43,74,13,1,31,71,86,27,59,77,20,97,7,23,66,62,63,39,28,54,14,79,11,36,48,15,57,26,76,50,93,18,60,49,92,37,84,94,82,45,53,56,75,9,83,25,58,0,19,81,38,33,40,52]","[193,169,178,143,146,142,161,119,134,111,162,110,113,108,147,141,195,153,198,176,190,173,137,126,166,197,196,164,131,125,179,148,144,138,175,171,127,194,158,152,136,157,124,192,129,189,163,115,167,128,130,160,165,151,170,132,182,150,114,123,101,133,177,185,154,106,139,135,181,121,100,140,120,149,168,117,118,184,183,109]",0bde8f1fc1ce5081ed667fda9ed5ced649c8823c0c1dbe98fa568e6babf7006d,80,1287949028,1305398468,"[930050,7,8,0,100,200,26]",1446122953,2752585280,[5],"{""5"":-1}"
S7,7,930051,100,3.3541019662496847,8,,0,0.1,38,36,"[0,1,2,3,4,5,33,45,71,140,210,225,250,252,267,304,321,338,379,437,460,486,503,584,631,638,684,723,748,893,948,1050,1055,1131,1175,1221]","[[0,1],[1,1],[2,-1],[3,1],[4,-1],[5,-1],[33,1],[45,-1],[71,-1],[140,1],[210,1],[225,1],[250,1],[252,-1],[267,1],[304,-1],[321,-1],[338,-1],[379,1],[437,1],[460,1],[486,1],[503,-1],[584,-1],[631,-1],[638,1],[684,-1],[723,1],[748,-1],[893,1],[948,1],[1050,-1],[1055,-1],[1131,1],[1175,-1],[1221,1]]","[45,39,59,76,15,91,18,81,4,94,73,80,56,28,34,25,79,58,37,83,48,88,9,93,21,55,27,42,3,67,2,47,19,8,50,10,60,49,40,20,87,97,69,78,41,86,92,64,36,66,68,24,32,63,38,52,85,89,5,57,98,35,96,65,72,6,26,16,51,99,53,44,46,62,23,33,54,0,70,82]","[146,194,138,117,152,157,137,135,163,192,124,175,106,126,143,169,104,142,174,105,198,149,196,173,122,128,185,171,112,182,191,130,127,116,139,108,166,195,181,132,193,150,101,110,133,190,125,160,119,159,177,156,168,176,165,109,188,170,172,121,197,118,167,199,178,136,151,154,147,145,115,102,153,179,189,148,114,113,162,161]",468a9c013af930c664061c653c6c0fa35b578a7ef375e7c00a2408273161d644,80,1684925017,1966999559,"[930051,7,8,0,100,200,26]",3438599845,2752585280,[5],"{""5"":-1}"
S7,7,930052,100,3.3541019662496847,8,,0,0.1,40,33,"[0,1,2,3,4,14,68,77,157,210,238,316,321,390,503,553,631,688,709,715,723,760,787,821,887,1055,1099,1116,1141,1150,1221,1247,1268]","[[0,1],[1,1],[2,-1],[3,1],[4,-1],[14,1],[68,-1],[77,1],[157,-1],[210,1],[238,-1],[316,-1],[321,-1],[390,-1],[503,-1],[553,1],[631,-1],[688,1],[709,-1],[715,1],[723,1],[760,-1],[787,-1],[821,1],[887,-1],[1055,-1],[1099,1],[1116,1],[1141,1],[1150,-1],[1221,1],[1247,-1],[1268,1]]","[86,78,93,50,7,58,39,25,44,10,73,13,55,35,63,6,96,38,74,20,89,17,1,43,57,71,61,27,85,30,52,82,23,48,19,45,91,32,18,37,28,11,29,12,64,84,4,62,81,66,79,98,21,53,76,69,42,2,54,92,80,33,15,94,41,26,83,31,16,8,68,77,75,40,97,72,99,59,0,67]","[136,181,194,154,188,152,158,116,109,175,168,113,185,163,148,134,106,171,170,145,191,110,119,180,101,137,114,131,122,140,196,178,166,127,115,142,118,184,132,162,167,125,155,195,177,102,150,107,193,143,176,172,169,108,130,123,112,135,197,105,156,133,198,121,129,103,192,189,144,183,173,117,100,128,151,124,120,153,146,149]",5ff225b0601977b4bf0ad5d5c622ade0b361f9424b5148078e07ae41a0bcedea,80,2788101529,1212115847,"[930052,7,8,0,100,200,26]",758995366,2752585280,[5],"{""5"":0}"
S7,7,930053,100,3.3541019662496847,8,,0,0.1,36,30,"[0,1,2,3,4,14,22,29,32,43,71,135,225,291,338,345,390,414,428,501,631,716,725,777,787,808,1099,1264,1268,1276]","[[0,1],[1,1],[2,-1],[3,1],[4,-1],[14,1],[22,-1],[29,1],[32,-1],[43,-1],[71,-1],[135,1],[225,1],[291,1],[338,-1],[345,-1],[390,-1],[414,-1],[428,-1],[501,-1],[631,-1],[716,1],[725,1],[777,1],[787,-1],[808,1],[1099,1],[1264,1],[1268,1],[1276,-1]]","[77,8,84,85,62,49,83,16,68,64,74,24,13,58,98,29,18,57,9,19,30,67,66,23,70,1,6,96,44,91,42,54,76,71,56,17,97,61,93,73,92,72,27,43,88,34,87,89,40,86,14,59,25,79,3,63,78,45,82,10,48,2,46,11,94,90,15,52,5,99,20,31,51,12,41,39,37,4,38,75]","[123,163,197,198,107,169,157,156,153,189,185,133,143,118,113,152,106,110,103,149,117,186,187,158,141,181,177,150,139,140,136,182,134,119,171,146,127,116,175,122,179,111,102,100,161,199,128,121,194,174,114,164,126,104,191,165,115,166,192,130,159,124,142,188,162,178,131,145,160,112,155,105,101,144,170,172,125,195,132,180]",c862d037e60a138f4f66bc14066dea0a9e7637ae326f02e21c263b6fb63a0e7c,80,3155224615,3547152537,"[930053,7,8,0,100,200,26]",2953718810,2752585280,[5],"{""5"":0}"
S7,7,930054,100,3.3541019662496847,8,,0,0.1,35,26,"[0,1,2,3,4,5,109,210,287,459,550,558,593,635,688,746,760,790,815,829,883,903,908,1005,1218,1259]","[[0,1],[1,1],[2,-1],[3,1],[4,-1],[5,-1],[109,1],[210,1],[287,1],[459,-1],[550,1],[558,1],[593,1],[635,1],[688,1],[746,-1],[760,-1],[790,1],[815,-1],[829,-1],[883,-1],[903,1],[908,-1],[1005,1],[1218,1],[1259,-1]]","[76,29,78,62,18,84,83,17,0,94,43,37,36,77,49,63,95,38,99,22,8,55,81,13,25,10,1,16,12,30,72,34,15,92,67,7,9,58,97,86,6,79,65,54,46,5,71,32,68,90,91,21,70,11,59,82,93,24,51,52,26,75,33,60,39,61,4,28,57,20,64,45,53,14,87,89,35,40,2,80]","[195,146,168,184,152,118,188,156,157,169,140,174,186,175,155,138,192,198,110,124,132,137,126,191,120,136,183,101,172,187,182,199,115,196,141,180,142,130,122,190,171,111,197,181,105,106,139,121,163,173,109,154,102,177,131,166,170,134,158,149,107,133,123,165,162,100,160,127,161,150,159,112,193,151,179,148,119,145,104,194]",367851a562f089c39b5cfbd3c36c0dc402fede3a7da30e0e2c29779359cf8004,80,3052765106,2822762739,"[930054,7,8,0,100,200,26]",725471809,2752585280,[5],"{""5"":-1}"
S7,7,930055,100,3.3541019662496847,8,,0,0.1,39,28,"[0,1,2,3,4,5,14,71,95,109,166,259,271,321,338,461,466,545,550,680,713,744,790,893,943,1051,1141,1152]","[[0,1],[1,1],[2,-1],[3,1],[4,-1],[5,-1],[14,1],[71,-1],[95,1],[109,1],[166,-1],[259,-1],[271,-1],[321,-1],[338,-1],[461,1],[466,-1],[545,-1],[550,1],[680,-1],[713,-1],[744,1],[790,1],[893,1],[943,1],[1051,1],[1141,1],[1152,-1]]","[33,80,36,72,63,84,59,57,16,79,18,96,21,56,66,55,41,52,8,23,24,58,9,74,30,38,73,45,11,65,5,83,85,47,61,7,25,60,44,64,51,90,37,28,92,68,93,69,98,81,12,71,67,75,20,32,82,89,49,29,17,2,99,53,91,13,39,0,19,6,62,88,97,26,95,31,14,27,34,86]","[105,138,110,141,140,176,109,183,121,127,143,100,117,112,171,167,130,172,189,153,150,185,135,159,191,190,122,156,149,103,142,133,182,144,186,104,161,154,114,128,195,165,184,197,178,120,108,146,175,169,181,179,196,160,102,111,152,155,139,173,158,118,148,198,151,115,126,129,131,107,137,147,125,177,124,199,132,180,145,106]",0cba81af1b3816dd36fa638b34c73cb668f2b8d292b50b28a67efbc8d50fdd7d,80,4262283815,4202906111,"[930055,7,8,0,100,200,26]",1095787591,2752585280,[5],"{""5"":-1}"
S7,7,930056,100,3.3541019662496847,8,,0,0.1,43,29,"[0,1,2,3,4,5,29,32,38,47,109,157,321,338,339,503,590,723,760,775,780,802,887,937,1042,1046,1065,1163,1221]","[[0,1],[1,1],[2,-1],[3,1],[4,-1],[5,-1],[29,1],[32,-1],[38,1],[47,1],[109,1],[157,-1],[321,-1],[338,-1],[339,-1],[503,-1],[590,-1],[723,1],[760,-1],[775,1],[780,-1],[802,-1],[887,-1],[937,-1],[1042,-1],[1046,-1],[1065,-1],[1163,1],[1221,1]]","[27,63,5,18,26,51,42,91,52,75,25,9,58,38,72,1,45,66,31,99,22,97,29,2,85,17,36,49,57,55,8,80,32,48,83,13,92,34,46,24,98,40,14,30,79,39,64,78,94,3,77,81,23,87,89,68,19,62,65,50,53,7,56,73,35,6,43,71,74,20,0,44,21,41,15,59,88,11,4,82]","[104,185,152,182,189,148,145,122,181,197,192,188,134,126,132,184,163,157,107,165,119,111,164,115,173,118,174,198,191,170,179,130,110,180,161,150,171,178,124,144,172,113,175,156,162,101,193,143,125,158,137,120,102,116,135,109,169,154,117,127,138,151,140,128,166,153,177,141,146,106,149,159,121,147,108,186,155,100,131,199]",60a3a468085ac147203181de13cfea2bec3d45d92937f463621366db410e902a,80,2848555498,2186601939,"[930056,7,8,0,100,200,26]",3012433593,2752585280,[5],"{""5"":-1}"
S7,7,930057,100,3.3541019662496847,8,,0,0.1,44,30,"[0,1,2,3,4,78,95,121,254,414,459,503,519,550,623,629,638,673,716,723,802,805,808,873,887,1009,1056,1107,1221,1236]","[[0,1],[1,1],[2,-1],[3,1],[4,-1],[78,1],[95,1],[121,-1],[254,1],[414,-1],[459,-1],[503,-1],[519,1],[550,1],[623,1],[629,-1],[638,1],[673,1],[716,1],[723,1],[802,-1],[805,1],[808,1],[873,1],[887,-1],[1009,1],[1056,-1],[1107,-1],[1221,1],[1236,-1]]","[76,15,70,25,27,35,43,10,65,68,83,51,38,44,57,59,60,47,5,26,3,0,84,8,97,9,54,74,69,31,17,33,91,50,73,19,42,23,55,62,11,88,78,48,39,58,4,98,66,37,86,49,75,67,81,40,79,85,6,29,34,61,22,21,24,99,30,63,20,64,16,53,13,80,36,94,92,45,89,46]","[141,184,100,106,154,191,115,145,170,139,103,197,185,157,177,180,112,128,190,142,199,140,186,120,162,198,119,167,148,176,173,117,134,163,124,122,153,164,146,108,194,196,137,126,192,150,110,181,101,138,105,147,179,133,189,172,136,169,114,174,166,135,149,130,151,171,188,155,131,168,175,144,116,121,107,143,187,195,160,161]",083c0be5944653e3bba29093733d24e06409a1fa570da6ea9b56c4b1315ef029,80,555197847,3188353383,"[930057,7,8,0,100,200,26]",3730740259,2752585280,[5],"{""5"":0}"
S7,7,930058,100,3.3541019662496847,8,,0,0.1,37,29,"[0,1,2,3,4,14,43,49,59,109,140,225,251,268,338,379,486,503,522,577,608,638,746,814,1055,1141,1186,1205,1268]","[[0,1],[1,1],[2,-1],[3,1],[4,-1],[14,1],[43,-1],[49,-1],[59,1],[109,1],[140,1],[225,1],[251,1],[268,1],[338,-1],[379,1],[486,1],[503,-1],[522,-1],[577,-1],[608,-1],[638,1],[746,-1],[814,1],[1055,-1],[1141,1],[1186,1],[1205,1],[1268,1]]","[6,59,54,87,7,48,97,75,42,81,65,9,46,68,52,2,11,37,25,80,92,24,84,22,35,4,32,72,83,14,49,29,79,40,28,98,31,76,91,78,47,74,10,64,39,18,17,96,58,94,51,93,45,88,15,71,5,27,62,85,41,38,30,60,23,57,70,90,43,53,1,99,36,3,55,16,61,73,12,69]","[108,165,196,160,166,136,183,151,169,132,167,137,129,170,114,189,116,164,148,119,138,134,113,154,121,145,175,171,122,111,156,133,106,163,153,126,125,181,118,144,142,109,143,159,185,127,112,173,176,131,110,168,191,199,102,182,124,186,195,130,177,172,117,190,174,179,198,157,146,100,104,178,180,120,139,193,194,187,158,162]",79940b60dcf13f3bbabd6c9da66b2e485dde16c44bd2c7352965afcbbe0ccd08,80,2833205128,1048745905,"[930058,7,8,0,100,200,26]",363941123,2752585280,[5],"{""5"":0}"
S7,7,930059,100,3.3541019662496847,8,,0,0.1,48,27,"[0,1,2,3,4,6,32,97,154,238,291,451,486,491,519,688,748,799,800,805,814,932,1086,1141,1147,1221,1268]","[[0,1],[1,1],[2,-1],[3,1],[4,-1],[6,-1],[32,-1],[97,-1],[154,1],[238,-1],[291,1],[451,1],[486,1],[491,1],[519,1],[688,1],[748,-1],[799,-1],[800,-1],[805,1],[814,1],[932,1],[1086,1],[1141,1],[1147,1],[1221,1],[1268,1]]","[81,87,85,12,34,59,99,95,84,31,13,14,43,61,57,20,26,67,78,19,58,18,68,76,42,62,66,96,54,21,15,52,55,98,25,33,7,17,90,83,0,63,36,75,70,79,74,92,48,94,10,64,60,40,16,23,8,77,93,71,27,51,69,3,73,41,6,86,9,82,88,11,38,65,80,53,49,45,29,2]","[107,108,144,195,186,151,173,155,115,145,179,106,180,162,197,152,198,105,111,123,133,147,172,100,168,159,194,189,113,191,146,165,176,109,139,138,164,163,141,131,156,117,128,148,161,136,184,127,129,178,132,137,150,154,187,181,126,101,190,196,169,121,192,158,174,135,125,182,199,166,171,140,103,185,170,114,175,143,142,120]",2fe89d1424806df805ea4697d845dcce10bded07251f3e4942c784516047aac2,80,199827994,2444788783,"[930059,7,8,0,100,200,26]",4102294115,2752585280,[5],"{""5"":0}"
S7,7,930060,100,3.3541019662496847,8,,0,0.1,37,29,"[0,1,2,3,4,5,32,33,44,57,130,225,238,269,317,501,593,646,684,698,1064,1099,1100,1116,1203,1264,1268,1273,1276]","[[0,1],[1,1],[2,-1],[3,1],[4,-1],[5,-1],[32,-1],[33,1],[44,1],[57,-1],[130,-1],[225,1],[238,-1],[269,1],[317,1],[501,-1],[593,1],[646,1],[684,-1],[698,1],[1064,-1],[1099,1],[1100,-1],[1116,1],[1203,1],[1264,1],[1268,1],[1273,-1],[1276,-1]]","[94,91,26,3,32,29,17,74,88,70,50,2,33,84,52,56,19,66,53,16,68,40,47,81,5,79,87,20,98,34,65,95,45,39,6,72,85,12,23,42,49,43,31,63,55,58,93,97,36,15,90,96,9,46,7,41,21,71,69,99,80,78,73,44,24,4,28,13,18,37,60,30,1,76,27,25,57,11,77,8]","[168,152,156,137,109,143,100,106,176,161,132,157,130,150,139,174,160,145,199,125,189,164,142,179,104,184,153,187,127,178,111,181,112,117,110,192,122,163,169,140,103,119,167,172,197,165,108,135,162,193,175,195,166,173,177,120,154,107,123,198,149,115,133,129,183,138,126,170,191,144,147,131,148,114,121,196,158,105,155,128]",a180816279cba892aca8fe6c0a33b5da000c06df5aebe51b29899c65e4761089,80,256295988,3725716050,"[930060,7,8,0,100,200,26]",2527758698,2752585280,[5],"{""5"":-1}"
S7,7,930061,100,3.3541019662496847,8,,0,0.1,43,30,"[0,1,2,3,4,6,33,57,71,225,238,255,394,460,518,557,608,630,646,683,684,688,760,865,1064,1088,1205,1221,1247,1268]","[[0,1],[1,1],[2,-1],[3,1],[4,-1],[6,-1],[33,1],[57,-1],[71,-1],[225,1],[238,-1],[255,-1],[394,1],[460,1],[518,1],[557,1],[608,-1],[630,1],[646,1],[683,1],[684,-1],[688,1],[760,-1],[865,1],[1064,-1],[1088,1],[1205,1],[1221,1],[1247,-1],[1268,1]]","[34,20,6,18,55,38,91,61,13,96,75,11,78,98,27,80,52,21,5,54,74,51,9,50,56,71,29,63,2,1,3,89,15,0,7,43,40,73,47,14,8,65,88,81,22,12,19,72,25,10,87,26,30,84,16,28,93,82,64,68,77,36,42,86,99,76,94,48,85,32,35,41,59,33,83,39,24,4,46,17]","[106,103,104,159,151,144,156,112,137,131,139,197,175,155,157,176,102,110,130,185,196,173,178,124,168,194,107,136,154,149,177,125,132,142,134,133,105,181,123,199,184,127,186,116,111,174,118,145,140,187,114,171,170,148,143,172,109,128,121,163,191,153,161,192,146,113,167,141,182,193,188,122,129,169,101,164,135,108,138,158]",12c8174f8dbbd988520406177c2e7d00c244ec5da01565b0b251b4cf4d56baa8,80,3310732056,3638387762,"[930061,7,8,0,100,200,26]",3153559096,2752585280,[5],"{""5"":0}"
S7,7,930062,100,3.3541019662496847,8,,0,0.1,37,32,"[0,1,2,3,4,32,47,63,157,238,269,286,316,338,339,402,461,466,503,550,590,638,746,860,887,918,967,1055,1102,1221,1236,1268]","[[0,1],[1,1],[2,-1],[3,1],[4,-1],[32,-1],[47,1],[63,1],[157,-1],[238,-1],[269,1],[286,-1],[316,-1],[338,-1],[339,-1],[402,1],[461,1],[466,-1],[503,-1],[550,1],[590,-1],[638,1],[746,-1],[860,1],[887,-1],[918,-1],[967,-1],[1055,-1],[1102,1],[1221,1],[1236,-1],[1268,1]]","[46,0,4,89,70,43,81,50,42,25,22,52,74,66,56,61,26,98,65,64,6,13,34,18,93,45,2,38,72,5,91,85,96,28,40,82,67,16,1,30,58,84,15,41,92,47,33,90,23,19,8,77,97,76,24,9,7,59,21,83,87,75,44,95,54,60,80,35,73,11,36,39,29,79,86,78,27,3,20,62]","[196,173,185,161,179,170,157,120,127,145,112,109,105,155,101,194,156,175,183,114,138,113,144,159,135,119,151,168,197,142,123,102,178,166,162,199,187,192,140,186,152,117,129,167,169,139,160,125,124,172,188,182,150,191,171,189,131,106,153,104,107,163,164,149,165,141,154,110,115,147,130,184,180,108,128,181,111,174,132,118]",08f0a5a350b0ba3125ad4c61c3bb54922d937406f1266e9f771fbed7f00403b3,80,2182952165,3972636069,"[930062,7,8,0,100,200,26]",995334374,2752585280,[5],"{""5"":0}"
S7,7,930063,100,3.3541019662496847,8,,0,0.1,32,24,"[0,1,2,3,4,6,29,210,269,390,428,519,586,723,771,829,864,1036,1141,1144,1163,1213,1218,1249]","[[0,1],[1,1],[2,-1],[3,1],[4,-1],[6,-1],[29,1],[210,1],[269,1],[390,-1],[428,-1],[519,1],[586,-1],[723,1],[771,1],[829,-1],[864,-1],[1036,-1],[1141,1],[1144,-1],[1163,1],[1213,1],[1218,1],[1249,-1]]","[92,87,3,41,63,30,40,51,68,70,2,65,90,80,18,19,9,14,20,29,86,24,25,61,12,97,1,99,49,28,76,84,33,23,50,66,7,10,62,31,64,15,82,35,22,75,58,56,88,59,81,54,45,37,96,26,53,55,42,0,5,77,48,8,98,44,39,83,57,13,16,89,67,43,6,21,17,4,27,79]","[171,177,128,116,141,193,137,126,132,147,153,154,125,129,196,107,112,173,114,183,133,130,168,143,152,192,124,161,115,190,145,150,179,138,111,158,134,174,165,108,149,187,136,198,186,102,106,180,189,146,151,169,142,103,139,117,160,167,123,120,194,162,131,197,122,127,170,140,148,101,188,182,178,163,166,159,118,191,172,175]",0a4327116f7589442f9e503c2dae645c0ef6f590c5062643db8c65503fed0796,80,3595929960,3348614577,"[930063,7,8,0,100,200,26]",2572697534,2752585280,[5],"{""5"":0}"
S7,7,930064,100,3.3541019662496847,8,,0,0.1,39,27,"[0,1,2,3,4,71,77,109,238,251,550,630,684,688,723,733,840,843,967,1002,1055,1144,1155,1163,1186,1221,1236]","[[0,1],[1,1],[2,-1],[3,1],[4,-1],[71,-1],[77,1],[109,1],[238,-1],[251,1],[550,1],[630,1],[684,-1],[688,1],[723,1],[733,-1],[840,1],[843,1],[967,-1],[1002,-1],[1055,-1],[1144,-1],[1155,1],[1163,1],[1186,1],[1221,1],[1236,-1]]","[33,34,23,91,35,24,13,22,49,3,89,61,98,16,94,41,75,21,65,43,84,99,40,60,68,63,69,86,96,50,10,92,9,74,80,71,93,17,0,55,30,88,47,95,76,29,20,46,67,54,79,14,53,28,6,83,44,25,87,7,90,36,66,8,73,5,57,58,78,64,70,1,81,39,12,45,51,4,2,85]","[115,176,188,118,158,197,178,192,110,124,183,173,195,191,171,166,106,131,108,159,120,194,139,186,147,143,160,155,169,182,123,138,199,151,170,107,129,153,117,126,149,113,119,144,114,157,111,137,112,148,162,116,140,100,104,150,130,179,145,128,102,196,152,165,172,185,181,146,127,142,109,168,136,101,187,103,177,174,189,105]",62e7889088b7c082ee7baecf562935c14a7dd653adb5ed8b7159ade47cb4823c,80,3568673408,2598928046,"[930064,7,8,0,100,200,26]",1840462796,2752585280,[5],"{""5"":0}"
S7,7,930065,100,3.3541019662496847,8,,0,0.1,50,41,"[0,1,2,3,4,5,14,32,43,57,71,140,154,210,216,225,238,251,381,390,459,461,503,518,565,596,631,648,684,743,759,760,787,790,865,904,1050,1055,1086,1091,1268]","[[0,1],[1,1],[2,-1],[3,1],[4,-1],[5,-1],[14,1],[32,-1],[43,-1],[57,-1],[71,-1],[140,1],[154,1],[210,1],[216,-1],[225,1],[238,-1],[251,1],[381,-1],[390,-1],[459,-1],[461,1],[503,-1],[518,1],[565,-1],[596,1],[631,-1],[648,-1],[684,-1],[743,1],[759,1],[760,-1],[787,-1],[790,1],[865,1],[904,-1],[1050,-1],[1055,-1],[1086,1],[1091,1],[1268,1]]","[29,17,41,42,66,63,30,89,12,45,5,76,33,22,75,93,91,11,37,3,27,80,21,84,74,69,9,95,47,99,39,65,55,60,87,7,98,32,97,62,25,92,58,53,0,64,4,68,86,46,35,40,6,94,1,38,48,96,24,90,88,28,10,54,67,78,50,43,72,44,70,16,26,49,36,31,13,18,83,23]","[148,126,173,146,119,159,164,170,135,149,150,193,168,120,185,132,169,189,181,180,160,158,194,140,123,184,124,111,137,145,121,113,166,163,143,114,107,152,161,131,127,175,196,199,195,192,197,104,116,162,105,102,179,176,174,187,106,133,191,156,139,128,155,154,147,103,101,129,109,190,112,142,138,186,183,122,188,165,151,115]",6acd4b874c29cb902666f14b4c081f814c5e953b675c30ce8478cb0a02aaf686,80,994903705,1106089982,"[930065,7,8,0,100,200,26]",4017560412,2752585280,[5],"{""5"":-1}"
S7,7,930066,100,3.3541019662496847,8,,0,0.1,37,30,"[0,1,2,3,4,5,75,86,95,109,225,238,305,381,430,557,592,593,799,815,860,873,887,1017,1094,1116,1141,1144,1155,1213]","[[0,1],[1,1],[2,-1],[3,1],[4,-1],[5,-1],[75,1],[86,1],[95,1],[109,1],[225,1],[238,-1],[305,-1],[381,-1],[430,-1],[557,1],[592,-1],[593,1],[799,-1],[815,-1],[860,1],[873,1],[887,-1],[1017,-1],[1094,-1],[1116,1],[1141,1],[1144,-1],[1155,1],[1213,1]]","[8,18,10,13,89,86,20,77,38,80,47,94,60,41,48,25,7,36,21,0,28,65,31,53,67,90,6,26,98,19,66,64,16,51,12,11,45,68,56,23,22,74,82,59,78,35,62,76,92,55,39,93,54,33,70,99,1,44,73,30,97,57,24,3,32,83,96,72,49,15,95,27,37,34,50,17,88,5,91,81]","[147,141,166,194,106,119,127,149,102,160,120,193,157,142,130,148,124,177,164,138,178,114,195,101,104,107,179,140,125,154,176,173,131,137,192,133,108,169,183,158,196,116,136,162,165,145,110,152,163,198,111,134,180,186,187,146,122,182,185,109,161,139,170,159,121,191,113,129,174,188,126,135,128,190,171,189,143,181,100,117]",4b21e1e9d2c3028f4aef8c32dca71821c2ba981312b0ef1baec41a9ad2eae755,80,3796425146,3519112741,"[930066,7,8,0,100,200,26]",3524371365,2752585280,[5],"{""5"":-1}"
S7,7,930067,100,3.3541019662496847,8,,0,0.1,39,29,"[0,1,2,3,4,14,140,154,183,291,296,475,501,503,540,565,731,746,790,865,932,950,1020,1055,1107,1144,1155,1186,1268]","[[0,1],[1,1],[2,-1],[3,1],[4,-1],[14,1],[140,1],[154,1],[183,-1],[291,1],[296,-1],[475,-1],[501,-1],[503,-1],[540,-1],[565,-1],[731,-1],[746,-1],[790,1],[865,1],[932,1],[950,-1],[1020,1],[1055,-1],[1107,-1],[1144,-1],[1155,1],[1186,1],[1268,1]]","[82,28,37,47,7,87,13,31,46,51,62,11,65,21,38,48,68,99,77,34,97,16,4,92,18,8,22,14,23,85,36,63,67,50,27,2,76,88,98,90,73,29,19,0,25,52,96,86,10,1,59,17,79,41,32,70,93,72,81,74,60,54,44,78,35,40,94,71,61,26,57,80,66,43,89,33,9,84,56,75]","[195,130,103,135,185,111,127,150,101,168,171,129,117,167,155,169,113,172,125,119,123,102,124,153,149,110,163,151,152,178,120,143,166,173,159,170,177,128,180,175,141,161,187,182,144,199,142,115,122,132,106,196,134,156,148,174,146,186,108,165,136,131,162,137,181,126,107,176,184,194,188,198,190,100,140,147,164,121,116,112]",3fbfba78d2ab5b63556d3c182c2840a4e5350e72ed52f7f407167f3d65954aca,80,796958444,1084479601,"[930067,7,8,0,100,200,26]",26040926,2752585280,[5],"{""5"":0}"
S7,7,930068,100,3.3541019662496847,8,,0,0.1,46,32,"[0,1,2,3,4,5,6,29,97,99,250,274,338,339,351,383,436,466,500,557,707,748,790,885,887,893,980,1021,1059,1071,1208,1276]","[[0,1],[1,1],[2,-1],[3,1],[4,-1],[5,1],[6,-1],[29,1],[97,-1],[99,-1],[250,1],[274,-1],[338,-1],[339,-1],[351,-1],[383,1],[436,-1],[466,-1],[500,1],[557,1],[707,-1],[748,-1],[790,1],[885,-1],[887,-1],[893,1],[980,1],[1021,-1],[1059,-1],[1071,-1],[1208,-1],[1276,-1]]","[63,20,41,49,1,7,40,93,50,25,36,83,4,26,54,69,19,88,28,70,67,97,66,98,85,16,15,24,95,77,99,80,68,56,59,30,37,18,0,64,51,5,11,82,9,3,23,75,60,57,65,33,12,17,71,55,27,76,72,38,61,87,43,39,31,58,13,22,47,8,44,2,42,34,52,32,21,79,90,35]","[146,173,117,170,105,171,130,189,169,104,185,114,135,175,151,102,128,192,155,166,116,122,118,187,148,196,174,158,134,138,141,110,133,191,149,195,121,197,186,112,131,113,157,139,101,152,182,109,162,180,136,159,129,163,150,100,177,198,120,199,184,123,190,160,168,125,142,132,127,193,172,111,137,179,140,144,161,165,154,194]",4762fcab46368e3ba657c0931318246a0aeb01efa4fc2a3ee9e22b9a594af444,80,1806493381,303664251,"[930068,7,8,0,100,200,26]",3752549265,2752585280,[5],"{""5"":1}"
S7,7,930069,100,3.3541019662496847,8,,0,0.1,38,29,"[0,1,2,3,4,109,121,287,316,414,441,486,500,503,550,554,593,631,680,684,802,873,885,999,1022,1055,1107,1179,1268]","[[0,1],[1,1],[2,-1],[3,1],[4,-1],[109,1],[121,-1],[287,1],[316,-1],[414,-1],[441,-1],[486,1],[500,1],[503,-1],[550,1],[554,1],[593,1],[631,-1],[680,-1],[684,-1],[802,-1],[873,1],[885,-1],[999,1],[1022,1],[1055,-1],[1107,-1],[1179,1],[1268,1]]","[48,94,89,6,55,20,13,77,78,38,83,96,30,36,66,81,93,63,71,46,24,41,35,75,19,10,28,34,18,21,53,70,99,50,23,16,47,67,76,7,27,33,51,87,58,90,73,12,68,79,54,31,92,97,98,52,62,26,74,17,5,72,39,86,80,65,95,84,69,43,15,11,45,14,85,0,57,8,64,22]","[140,182,113,125,101,106,153,127,155,198,186,196,145,148,158,187,169,136,110,171,194,146,126,176,132,180,114,177,173,170,124,149,117,197,108,142,104,154,175,112,137,189,115,128,123,152,163,135,120,183,138,165,102,100,179,103,166,195,134,111,131,174,167,144,156,116,150,121,105,185,162,199,191,147,141,109,178,130,139,193]",495d7fcbe101e1e8af2f4ab858bf4e5dc93628553a3e759a55da51bda937a73f,80,4123048223,907041989,"[930069,7,8,0,100,200,26]",2805880731,2752585280,[5],"{""5"":0}"
S7,7,930070,100,3.3541019662496847,8,,0,0.1,29,21,"[0,1,2,3,4,14,29,59,227,321,329,342,550,555,711,748,808,887,1086,1144,1196]","[[0,1],[1,1],[2,-1],[3,1],[4,-1],[14,1],[29,1],[59,1],[227,-1],[321,-1],[329,-1],[342,1],[550,1],[555,-1],[711,1],[748,-1],[808,1],[887,-1],[1086,1],[1144,-1],[1196,1]]","[18,92,90,51,44,67,33,3,84,12,60,6,20,97,5,36,61,50,1,89,54,81,80,7,66,14,25,83,10,86,28,31,19,87,46,62,30,37,23,79,77,64,39,88,95,29,4,48,8,13,76,99,2,40,24,22,73,11,70,38,75,47,53,85,93,56,21,32,58,15,26,72,27,17,55,42,52,96,82,16]","[133,189,193,184,112,115,159,181,149,160,148,153,166,113,142,198,108,182,102,123,158,161,130,140,177,194,116,191,173,106,157,195,128,171,105,111,147,109,188,114,103,179,122,138,164,168,135,137,139,107,172,126,132,165,185,183,119,118,117,156,192,127,187,190,101,134,176,197,154,110,121,125,145,143,155,131,196,174,129,180]",5c1e3693b7b77c3d87c4566d189e9392ae68756ee306dc140af9c51899b82212,80,1212306981,669968234,"[930070,7,8,0,100,200,26]",2850518611,2752585280,[5],"{""5"":0}"
S7,7,930071,100,3.3541019662496847,8,,0,0.1,38,32,"[0,1,2,3,4,32,174,210,225,238,262,316,317,430,436,475,518,593,638,644,698,709,748,767,808,1065,1092,1143,1144,1197,1240,1268]","[[0,1],[1,1],[2,-1],[3,1],[4,-1],[32,-1],[174,-1],[210,1],[225,1],[238,-1],[262,1],[316,-1],[317,1],[430,-1],[436,-1],[475,-1],[518,1],[593,1],[638,1],[644,-1],[698,1],[709,-1],[748,-1],[767,1],[808,1],[1065,-1],[1092,1],[1143,-1],[1144,-1],[1197,1],[1240,-1],[1268,1]]","[52,62,17,21,7,14,25,1,37,78,73,32,51,91,41,83,26,33,57,48,45,34,58,11,63,47,31,75,12,2,74,29,24,64,99,65,0,19,90,61,96,38,15,28,53,56,4,13,94,42,18,46,66,85,27,6,9,20,8,97,88,68,84,79,59,81,86,92,49,10,82,70,50,43,69,89,3,40,60,39]","[157,145,102,199,103,189,116,105,168,191,122,143,118,136,195,153,164,111,123,166,127,124,159,104,137,132,167,198,151,130,119,109,197,125,182,170,106,174,188,185,148,128,140,149,152,147,113,129,154,155,163,121,161,187,139,117,134,176,169,172,180,173,131,192,126,135,144,156,186,162,178,193,101,190,177,115,184,112,114,196]",90de1782fc11aa28465da51c0cd51c3f6ab466c25c57af3a17cadf7a9e3c588a,80,241171323,3103097774,"[930071,7,8,0,100,200,26]",3815958513,2752585280,[5],"{""5"":0}"
S7,7,930072,100,3.3541019662496847,8,,0,0.1,34,29,"[0,1,2,3,4,50,104,259,269,299,460,593,631,638,646,674,684,787,790,808,918,948,1055,1058,1100,1112,1143,1208,1221]","[[0,1],[1,1],[2,-1],[3,1],[4,-1],[50,-1],[104,1],[259,-1],[269,1],[299,-1],[460,1],[593,1],[631,-1],[638,1],[646,1],[674,1],[684,-1],[787,-1],[790,1],[808,1],[918,-1],[948,1],[1055,-1],[1058,1],[1100,-1],[1112,-1],[1143,-1],[1208,-1],[1221,1]]","[32,22,3,84,31,42,7,1,50,93,9,58,97,57,53,85,17,65,82,2,24,15,76,69,6,0,62,59,71,28,4,5,54,75,88,19,99,55,16,87,96,47,63,60,72,56,25,89,95,14,79,23,83,61,11,12,10,40,51,29,38,92,39,46,78,70,26,80,41,74,13,45,30,27,66,49,18,73,8,81]","[177,104,101,166,143,125,197,114,116,133,167,159,131,111,142,174,171,163,173,181,118,176,103,127,121,120,195,186,113,124,190,158,162,132,191,126,137,199,152,149,160,157,175,112,170,187,135,150,179,100,188,184,141,155,168,136,189,185,140,115,193,192,102,156,123,198,194,117,153,182,164,128,129,196,183,148,134,151,119,139]",fb4b4d758e0fb1ee3793d813d76b204863ab2a36159cfe9b02f9c1b8a4b0e502,80,4036677773,2215553209,"[930072,7,8,0,100,200,26]",3893343880,2752585280,[5],"{""5"":0}"
S7,7,930073,100,3.3541019662496847,8,,0,0.1,41,21,"[0,1,2,3,4,250,261,267,290,316,499,618,688,710,814,877,892,932,1034,1059,1221]","[[0,1],[1,1],[2,-1],[3,1],[4,-1],[250,1],[261,1],[267,1],[290,1],[316,-1],[499,-1],[618,1],[688,1],[710,-1],[814,1],[877,-1],[892,-1],[932,1],[1034,-1],[1059,-1],[1221,1]]","[29,52,60,32,55,76,11,73,3,17,10,31,90,78,4,87,74,23,30,62,34,83,7,14,44,26,38,93,99,61,46,79,82,47,89,9,69,12,81,91,65,21,63,39,96,98,24,94,28,86,50,25,66,68,22,33,5,80,72,48,67,0,41,42,58,64,95,15,13,37,6,2,57,36,71,35,27,43,92,88]","[175,128,113,182,166,127,103,121,172,141,152,146,162,159,122,183,191,114,151,160,107,174,110,140,164,168,171,129,144,104,109,169,102,148,131,135,130,136,125,197,170,150,119,118,190,157,112,153,139,194,196,198,178,106,193,163,199,124,126,192,184,147,165,173,100,117,111,185,189,138,195,187,188,137,108,133,134,154,142,155]",e289658cf0c162481ef050399acd103bc09d042ddd048d55cc5367f7e83edac6,80,2328277549,2946284634,"[930073,7,8,0,100,200,26]",668157637,2752585280,[5],"{""5"":0}"
S7,7,930074,100,3.3541019662496847,8,,0,0.1,35,31,"[0,1,2,3,4,44,210,342,437,522,629,634,637,638,709,714,743,767,794,808,824,868,907,1055,1059,1099,1100,1144,1149,1213,1221]","[[0,1],[1,1],[2,-1],[3,1],[4,-1],[44,1],[210,1],[342,1],[437,1],[522,-1],[629,-1],[634,-1],[637,-1],[638,1],[709,-1],[714,-1],[743,1],[767,1],[794,1],[808,1],[824,1],[868,1],[907,1],[1055,-1],[1059,-1],[1099,1],[1100,-1],[1144,-1],[1149,-1],[1213,1],[1221,1]]","[88,8,91,75,65,20,40,12,10,63,38,93,24,80,76,56,95,98,11,83,35,48,41,1,50,3,57,34,31,51,26,39,5,71,89,92,45,6,85,15,54,7,87,77,16,64,55,81,86,53,70,66,42,59,14,44,82,90,29,60,52,9,37,4,33,94,79,18,13,84,19,2,0,78,99,21,22,30,47,23]","[192,178,157,159,199,189,191,142,165,171,162,111,114,194,138,173,184,132,140,102,106,168,108,134,113,163,172,179,190,104,182,188,197,177,149,115,112,175,101,135,137,123,186,198,116,183,144,107,167,120,148,119,196,125,152,117,133,146,128,195,166,161,185,129,118,169,136,193,139,176,158,155,181,109,131,110,153,180,170,150]",a672499baf495b41b7aa1fae3366123771c47f96f7271784cb28cfc6ce48f7a5,80,2540765942,192458165,"[930074,7,8,0,100,200,26]",4095055032,2752585280,[5],"{""5"":0}"
S7,7,930075,100,3.3541019662496847,8,,0,0.1,41,31,"[0,1,2,3,4,57,71,93,139,174,269,291,299,338,389,390,414,550,614,638,706,746,780,908,1017,1055,1058,1123,1144,1221,1247]","[[0,1],[1,1],[2,-1],[3,1],[4,-1],[57,-1],[71,-1],[93,-1],[139,-1],[174,-1],[269,1],[291,1],[299,-1],[338,-1],[389,-1],[390,-1],[414,-1],[550,1],[614,1],[638,1],[706,-1],[746,-1],[780,-1],[908,-1],[1017,-1],[1055,-1],[1058,1],[1123,-1],[1144,-1],[1221,1],[1247,-1]]","[43,44,71,74,56,27,55,50,23,80,20,4,97,38,63,87,57,94,61,30,91,8,15,93,96,95,78,85,5,34,72,17,62,36,79,66,41,26,11,89,73,28,53,9,0,22,19,84,90,70,98,77,67,39,29,88,25,86,60,99,59,92,7,24,21,52,54,81,37,1,40,58,82,2,48,51,49,13,76,10]","[150,126,180,163,123,138,192,190,164,149,156,199,114,152,155,182,153,169,160,196,176,168,129,159,142,194,139,111,191,131,172,173,121,178,186,113,127,141,188,106,130,137,119,170,183,109,181,135,103,140,117,120,101,146,158,118,189,105,116,112,108,184,195,102,171,133,167,193,187,147,175,166,110,125,154,115,107,157,174,165]",874bc921c386dc61c7fed3328a8e02c6561cc379247ce8c992df8aa96f4aba8b,80,307477400,3376581356,"[930075,7,8,0,100,200,26]",2836864329,2752585280,[5],"{""5"":0}"
S7,7,930076,100,3.3541019662496847,8,,0,0.3,107,82,"[0,1,2,3,4,5,11,29,33,68,77,95,112,135,153,225,238,243,251,259,267,287,299,304,339,342,390,414,430,460,507,536,542,550,554,556,557,566,593,630,638,661,673,683,684,689,725,746,767,771,802,805,814,815,816,829,865,870,872,886,899,908,985,1002,1055,1065,1071,1083,1089,1091,1110,1112,1125,1155,1163,1186,1187,1208,1232,1236,1244,1261]","[[0,1],[1,1],[2,-1],[3,1],[4,-1],[5,-1],[11,-1],[29,1],[33,1],[68,-1],[77,1],[95,1],[112,-1],[135,1],[153,1],[225,1],[238,-1],[243,1],[251,1],[259,-1],[267,1],[287,1],[299,-1],[304,-1],[339,-1],[342,1],[390,-1],[414,-1],[430,-1],[460,1],[507,1],[536,1],[542,-1],[550,1],[554,1],[556,-1],[557,1],[566,1],[593,1],[630,1],[638,1],[661,1],[673,1],[683,1],[684,-1],[689,1],[725,1],[746,-1],[767,1],[771,1],[802,-1],[805,1],[814,1],[815,-1],[816,1],[829,-1],[865,1],[870,-1],[872,1],[886,-1],[899,-1],[908,-1],[985,1],[1002,-1],[1055,-1],[1065,-1],[1071,-1],[1083,1],[1089,-1],[1091,1],[1110,1],[1112,-1],[1125,1],[1155,1],[1163,1],[1186,1],[1187,1],[1208,-1],[1232,-1],[1236,-1],[1244,-1],[1261,-1]]","[95,92,0,46,63,39,75,2,59,18,88,60,8,53,27,91,17,15,96,38,70,49,56,37,21,87,89,64,41,71,7,67,24,90,82,77,61,45,66,76,42,69,98,43,86,83,62,99,29,32,30,4,1,14,40,57,16,33,68,51,25,93,52,74,81,3,23,55,84,31,85,97,10,5,34,54,20,94,19,28]","[160,152,105,122,190,158,110,120,140,123,146,183,185,101,136,150,145,175,111,182,121,179,137,177,178,191,169,106,197,134,188,116,187,168,198,107,184,100,129,124,180,130,162,181,144,133,165,103,102,196,161,119,114,170,147,109,104,171,194,166,167,186,174,155,195,139,118,199,148,172,149,112,128,115,143,164,142,125,192,132]",52372112a213db1a521acaf689ff9ad25a80c10b076f87467e9a31caec5cb02b,80,2824562098,3183612929,"[930076,7,8,0,100,200,26]",2956268590,2752585280,[5],"{""5"":-1}"
S7,7,930077,100,3.3541019662496847,8,,0,0.1,43,38,"[0,1,2,3,4,14,82,123,162,165,210,225,306,328,403,414,436,503,540,559,618,631,638,701,746,748,762,767,802,814,887,932,948,1050,1082,1104,1116,1198]","[[0,1],[1,1],[2,-1],[3,1],[4,-1],[14,1],[82,-1],[123,1],[162,1],[165,-1],[210,1],[225,1],[306,1],[328,-1],[403,-1],[414,-1],[436,-1],[503,-1],[540,-1],[559,1],[618,1],[631,-1],[638,1],[701,-1],[746,-1],[748,-1],[762,-1],[767,1],[802,-1],[814,1],[887,-1],[932,1],[948,1],[1050,-1],[1082,-1],[1104,-1],[1116,1],[1198,-1]]","[75,81,64,61,76,19,6,34,68,86,91,2,10,18,59,41,38,50,47,1,58,56,90,57,40,84,82,8,16,24,12,88,53,28,98,43,3,30,79,97,85,70,67,62,13,99,17,66,96,15,51,54,29,52,37,48,74,94,4,14,9,72,60,65,63,87,36,21,11,33,44,5,26,46,32,71,22,69,7,35]","[168,163,140,177,127,152,110,171,101,129,123,150,154,195,133,151,111,157,137,112,196,187,179,191,180,175,148,197,167,135,132,130,118,181,160,145,122,116,109,159,199,178,162,149,147,141,176,134,121,185,146,184,169,164,155,120,142,104,188,124,131,166,126,117,153,100,182,158,193,115,102,125,190,106,173,192,186,144,139,105]",b2d77649895697075c7b7999a13636a825d2c5ff88a0b24e05c65a25577ff853,80,4004492514,2727121442,"[930077,7,8,0,100,200,26]",3766770266,2752585280,[5],"{""5"":0}"
S7,7,930078,100,3.3541019662496847,8,,0,0.1,41,31,"[0,1,2,3,4,5,109,210,255,276,304,423,436,466,475,550,593,631,638,745,746,802,810,865,1055,1086,1091,1141,1221,1268,1273]","[[0,1],[1,1],[2,-1],[3,1],[4,-1],[5,-1],[109,1],[210,1],[255,-1],[276,-1],[304,-1],[423,-1],[436,-1],[466,-1],[475,-1],[550,1],[593,1],[631,-1],[638,1],[745,-1],[746,-1],[802,-1],[810,1],[865,1],[1055,-1],[1086,1],[1091,1],[1141,1],[1221,1],[1268,1],[1273,-1]]","[29,80,35,6,74,22,31,82,53,93,43,97,71,70,48,10,92,83,41,91,68,73,84,59,23,90,5,65,62,98,32,54,96,20,16,88,37,79,87,1,30,25,33,8,63,76,15,2,19,7,0,46,94,85,77,81,44,9,17,26,13,58,99,12,11,51,64,66,27,47,49,28,52,42,60,40,89,36,21,67]","[151,129,137,100,164,150,168,172,147,182,113,178,170,134,163,125,155,179,112,199,177,101,104,110,196,186,171,185,118,154,193,131,189,138,122,197,144,123,162,183,120,146,102,106,176,165,136,198,184,152,166,149,124,115,141,139,191,148,114,142,109,161,145,117,119,107,135,158,192,187,121,128,167,169,174,133,127,180,153,160]",b8f737faf9b8c807407815a8e1244a21aa43578c6c6062307606b5d9f70d3684,80,2142006167,2698164204,"[930078,7,8,0,100,200,26]",244870678,2752585280,[5],"{""5"":-1}"
S7,7,930079,100,3.3541019662496847,8,,0,0.1,32,26,"[0,1,2,3,4,24,29,36,139,227,238,338,464,550,673,748,787,805,808,1005,1023,1086,1230,1242,1247,1268]","[[0,1],[1,1],[2,-1],[3,1],[4,-1],[24,1],[29,1],[36,1],[139,-1],[227,-1],[238,-1],[338,-1],[464,1],[550,1],[673,1],[748,-1],[787,-1],[805,1],[808,1],[1005,1],[1023,1],[1086,1],[1230,-1],[1242,1],[1247,-1],[1268,1]]","[32,87,38,69,41,45,6,30,79,22,66,68,76,17,8,73,81,62,36,34,78,15,37,71,56,27,93,9,20,72,11,29,53,39,18,16,88,94,14,85,74,75,21,31,24,1,46,59,52,70,49,23,90,43,26,67,98,4,35,97,58,42,86,99,77,89,95,64,2,44,13,80,60,54,63,57,12,47,40,61]","[112,127,117,120,198,191,118,187,182,156,183,194,172,186,107,139,158,143,109,114,108,153,104,133,192,144,196,171,116,102,195,161,119,166,167,173,103,190,138,188,174,131,124,100,160,170,132,125,129,126,106,176,179,145,193,105,175,165,155,113,169,110,147,199,164,122,163,159,149,137,134,157,136,101,121,178,150,148,141,151]",5c6f1aaf4b345ceb223b853c6b0d6270709098ada1dcc0447c7dabc5dc5fa909,80,114157985,1095468656,"[930079,7,8,0,100,200,26]",3861924851,2752585280,[5],"{""5"":0}"
S7,7,930080,100,3.3541019662496847,8,,0,0.1,33,28,"[0,1,2,3,4,14,109,111,210,238,266,267,496,522,550,638,673,680,684,887,932,1002,1086,1100,1132,1186,1188,1249]","[[0,1],[1,1],[2,-1],[3,1],[4,-1],[14,1],[109,1],[111,-1],[210,1],[238,-1],[266,1],[267,1],[496,1],[522,-1],[550,1],[638,1],[673,1],[680,-1],[684,-1],[887,-1],[932,1],[1002,-1],[1086,1],[1100,-1],[1132,1],[1186,1],[1188,-1],[1249,-1]]","[20,88,10,41,35,44,51,3,22,28,8,21,4,45,27,68,6,52,92,11,46,72,81,18,55,40,38,98,77,94,9,69,17,5,31,89,74,91,96,36,30,83,37,50,59,79,56,76,42,7,47,70,62,16,23,84,97,2,0,90,34,26,29,58,86,25,49,14,53,12,33,54,93,39,13,60,95,82,32,71]","[141,154,130,143,105,118,152,175,139,114,179,100,194,169,149,101,198,183,193,124,188,172,133,113,157,132,155,192,138,173,199,106,125,163,146,103,131,147,129,168,185,174,195,134,164,167,108,170,136,110,182,151,180,166,184,115,107,153,142,144,160,171,186,104,181,126,119,176,148,145,178,197,159,190,127,191,156,116,177,187]",cd1f3f0ce9825c40f574200a41fbaa7f73a0e908381d893991840a7e948402a3,80,2054305902,1708078884,"[930080,7,8,0,100,200,26]",608953128,2752585280,[5],"{""5"":0}"
S7,7,930081,100,3.3541019662496847,8,,0,0.1,36,32,"[0,1,2,3,4,29,45,89,97,139,146,194,208,225,292,303,339,390,491,497,500,503,519,540,746,774,780,808,932,1086,1141,1273]","[[0,1],[1,1],[2,-1],[3,1],[4,-1],[29,1],[45,-1],[89,-1],[97,-1],[139,-1],[146,1],[194,1],[208,-1],[225,1],[292,-1],[303,1],[339,-1],[390,-1],[491,1],[497,-1],[500,1],[503,-1],[519,1],[540,-1],[746,-1],[774,1],[780,-1],[808,1],[932,1],[1086,1],[1141,1],[1273,-1]]","[0,30,79,22,94,95,40,2,72,27,19,75,21,85,1,63,38,84,50,83,68,92,15,86,8,77,46,28,59,76,97,67,49,53,58,32,51,60,87,57,43,48,13,91,74,4,31,9,93,54,89,90,37,34,88,98,33,6,65,56,62,70,45,11,29,39,80,20,35,82,3,10,41,12,16,55,81,78,14,64]","[171,163,182,133,188,110,168,167,113,196,189,175,108,160,180,122,114,143,125,178,156,126,102,199,191,132,161,185,103,195,139,154,136,198,147,177,174,158,116,165,142,146,115,107,183,159,138,197,162,112,104,135,101,149,127,131,166,192,187,111,137,129,164,124,109,153,148,170,121,151,186,190,100,140,105,155,181,172,173,141]",f5b9ba185c8233c8647095b3ea92d6ff25b43f1b36b0c979c16c69cd468fd967,80,2700209038,855221324,"[930081,7,8,0,100,200,26]",3161222294,2752585280,[5],"{""5"":0}"
S7,7,930082,100,3.3541019662496847,8,,0,0.1,48,37,"[0,1,2,3,4,5,59,95,205,238,250,316,318,397,414,550,563,592,640,687,748,794,860,887,907,908,933,1025,1036,1041,1045,1055,1143,1166,1175,1218,1221]","[[0,1],[1,1],[2,-1],[3,1],[4,-1],[5,-1],[59,1],[95,1],[205,1],[238,-1],[250,1],[316,-1],[318,1],[397,1],[414,-1],[550,1],[563,1],[592,-1],[640,1],[687,-1],[748,-1],[794,1],[860,1],[887,-1],[907,1],[908,-1],[933,-1],[1025,-1],[1036,-1],[1041,-1],[1045,1],[1055,-1],[1143,-1],[1166,-1],[1175,-1],[1218,1],[1221,1]]","[83,23,63,52,4,85,10,6,2,51,47,98,33,84,76,15,56,68,72,97,78,30,11,64,89,77,42,25,39,43,12,36,62,8,86,17,95,75,14,22,34,53,61,18,48,79,40,59,69,74,45,26,3,49,46,27,32,24,21,96,88,73,66,29,87,91,0,38,81,37,70,94,67,80,92,57,1,31,41,50]","[166,121,145,174,117,194,126,159,154,102,122,155,134,191,196,144,172,127,178,104,165,173,106,129,176,138,162,185,108,181,175,197,124,193,183,151,177,179,128,114,141,113,182,131,118,168,132,107,133,147,140,130,195,112,115,109,189,186,100,164,105,103,158,142,125,101,171,139,198,157,184,150,123,190,170,180,137,153,136,188]",cf148f4492dd0ebbdd39d05cda5fddcf8a24b74872c1dc210b078c2eb1d814d8,80,93609877,3905271991,"[930082,7,8,0,100,200,26]",871019959,2752585280,[5],"{""5"":-1}"
S7,7,930083,100,3.3541019662496847,8,,0,0.1,39,30,"[0,1,2,3,4,20,93,109,110,157,210,228,250,398,550,593,638,658,746,748,865,892,908,1050,1055,1066,1068,1100,1134,1236]","[[0,1],[1,1],[2,-1],[3,1],[4,-1],[20,-1],[93,-1],[109,1],[110,-1],[157,-1],[210,1],[228,-1],[250,1],[398,-1],[550,1],[593,1],[638,1],[658,-1],[746,-1],[748,-1],[865,1],[892,-1],[908,-1],[1050,-1],[1055,-1],[1066,1],[1068,1],[1100,-1],[1134,1],[1236,-1]]","[6,0,26,22,55,1,42,87,76,53,37,15,23,79,88,14,61,32,68,16,11,12,25,27,62,28,24,65,13,30,77,39,70,33,48,99,96,83,5,85,94,78,31,59,40,51,35,3,46,73,72,36,17,97,58,93,29,82,10,67,89,9,60,45,52,95,54,92,4,69,81,38,64,86,43,18,74,34,20,57]","[128,136,120,179,158,126,108,111,149,165,180,175,157,173,137,109,118,162,188,119,122,183,117,196,160,191,112,170,159,103,184,199,168,144,133,106,127,101,192,104,145,123,187,121,194,102,167,166,129,181,182,169,151,177,172,113,132,152,147,155,171,153,185,195,189,116,161,110,143,163,131,135,190,176,140,141,114,164,156,105]",f59fe591d59b1113e2fa7cd0e7f18cde1c91c060c457733bcd36effabae14137,80,4156448560,1091079560,"[930083,7,8,0,100,200,26]",2719084066,2752585280,[5],"{""5"":0}"
S7,7,930084,100,3.3541019662496847,8,,0,0.1,48,33,"[0,1,2,3,4,5,51,109,113,140,225,261,304,321,452,460,475,501,503,550,659,709,767,790,1002,1029,1051,1065,1116,1118,1144,1218,1236]","[[0,1],[1,1],[2,-1],[3,1],[4,-1],[5,-1],[51,1],[109,1],[113,-1],[140,1],[225,1],[261,1],[304,-1],[321,-1],[452,-1],[460,1],[475,-1],[501,-1],[503,-1],[550,1],[659,1],[709,-1],[767,1],[790,1],[1002,-1],[1029,-1],[1051,1],[1065,-1],[1116,1],[1118,1],[1144,-1],[1218,1],[1236,-1]]","[83,4,87,55,30,31,26,93,0,1,96,52,56,18,17,74,6,40,92,2,49,20,76,33,14,70,19,95,9,61,86,50,35,99,23,29,13,81,75,62,21,72,80,82,45,34,57,65,54,89,97,53,64,11,12,32,67,71,3,36,25,51,90,44,16,22,88,69,38,5,91,47,10,8,63,60,94,66,37,68]","[194,171,151,113,102,129,132,159,183,198,104,117,107,172,100,123,137,160,146,182,156,120,108,124,193,105,185,155,127,180,116,134,174,121,140,199,169,186,177,150,133,126,142,119,130,154,101,106,139,125,176,111,170,145,135,173,152,188,147,114,184,196,178,128,153,175,181,166,165,164,179,161,168,141,136,187,195,131,197,143]",efea031ce2357fa6da9f7347886c43a62a8fdbe1283487a5ebbe9868fc49b5ab,80,2838009526,2046013125,"[930084,7,8,0,100,200,26]",1658881373,2752585280,[5],"{""5"":-1}"
S7,7,930085,100,3.3541019662496847,8,,0,0.1,36,32,"[0,1,2,3,4,5,14,210,238,291,299,342,417,486,503,631,691,723,760,814,837,903,921,1034,1055,1074,1101,1104,1144,1149,1268,1275]","[[0,1],[1,1],[2,-1],[3,1],[4,-1],[5,-1],[14,1],[210,1],[238,-1],[291,1],[299,-1],[342,1],[417,-1],[486,1],[503,-1],[631,-1],[691,-1],[723,1],[760,-1],[814,1],[837,1],[903,1],[921,1],[1034,-1],[1055,-1],[1074,-1],[1101,-1],[1104,-1],[1144,-1],[1149,-1],[1268,1],[1275,-1]]","[42,82,25,47,84,51,96,59,79,11,19,68,38,33,1,18,34,22,28,75,72,32,39,3,58,17,95,21,80,20,92,81,14,44,48,15,97,52,7,64,74,12,99,61,53,8,55,94,45,5,66,35,63,31,0,73,4,87,49,83,71,26,24,23,89,77,41,10,76,56,27,85,65,40,88,16,2,50,78,90]","[198,196,170,135,157,195,171,113,164,105,156,189,179,151,187,153,122,126,101,137,184,173,181,182,103,104,148,190,112,100,102,124,128,145,165,168,120,167,116,130,146,117,197,186,109,150,123,154,131,115,185,178,107,199,176,143,139,108,169,172,162,183,155,133,111,121,134,129,118,175,110,106,142,161,177,132,194,140,192,174]",cd39eb61792448b2b1f11779835fe8a6566c03822562802a6f9aec906be477c3,80,2639421762,2724169488,"[930085,7,8,0,100,200,26]",1526090201,2752585280,[5],"{""5"":-1}"
S7,7,930086,100,3.3541019662496847,8,,0,0.1,38,28,"[0,1,2,3,4,5,29,84,109,140,225,286,321,423,436,550,638,802,814,887,901,933,1005,1100,1144,1163,1268,1273]","[[0,1],[1,1],[2,-1],[3,1],[4,-1],[5,-1],[29,1],[84,-1],[109,1],[140,1],[225,1],[286,-1],[321,-1],[423,-1],[436,-1],[550,1],[638,1],[802,-1],[814,1],[887,-1],[901,-1],[933,-1],[1005,1],[1100,-1],[1144,-1],[1163,1],[1268,1],[1273,-1]]","[69,27,64,59,39,49,61,41,7,63,50,71,57,94,76,80,26,11,53,8,34,4,12,38,54,68,32,17,70,47,1,51,18,73,25,29,37,92,81,89,85,87,97,95,58,93,20,74,3,28,52,31,9,86,67,45,43,21,48,40,22,2,98,77,91,79,62,75,84,44,5,35,15,24,99,56,19,30,83,10]","[180,167,114,191,144,111,125,117,185,140,101,179,133,160,118,109,128,196,190,189,122,183,113,172,121,152,110,147,181,124,173,134,149,106,148,197,136,130,162,163,195,100,129,143,103,187,193,102,153,168,199,131,112,174,154,158,188,127,116,192,138,104,165,164,161,105,115,119,157,132,159,120,135,141,151,146,175,166,155,150]",c26338e182a520ea81b4783a7748347d4dcd4dcc4c9727367058bbcfc00c33d3,80,1343577590,3302323108,"[930086,7,8,0,100,200,26]",1947369803,2752585280,[5],"{""5"":-1}"
S7,7,930087,100,3.3541019662496847,8,,0,0.1,46,34,"[0,1,2,3,4,95,138,238,259,269,316,321,362,390,430,441,468,494,503,550,628,638,668,688,748,762,790,802,815,937,1069,1134,1163,1268]","[[0,1],[1,1],[2,-1],[3,1],[4,-1],[95,1],[138,1],[238,-1],[259,-1],[269,1],[316,-1],[321,-1],[362,1],[390,-1],[430,-1],[441,-1],[468,-1],[494,-1],[503,-1],[550,1],[628,-1],[638,1],[668,-1],[688,1],[748,-1],[762,-1],[790,1],[802,-1],[815,-1],[937,-1],[1069,-1],[1134,1],[1163,1],[1268,1]]","[98,47,12,41,89,15,75,84,16,70,72,76,78,4,62,61,82,58,32,96,20,57,13,46,45,71,87,68,38,74,66,67,22,49,2,53,99,51,30,19,8,7,93,80,35,94,28,88,95,42,73,55,92,90,69,44,34,97,77,3,60,91,48,26,25,10,14,39,18,24,6,5,9,17,23,56,21,59,31,81]","[194,107,110,136,181,152,104,168,196,179,193,163,195,129,144,162,167,120,134,159,115,122,190,174,142,180,119,183,101,148,165,155,150,127,151,124,164,132,137,138,121,192,126,177,105,125,114,182,172,133,117,145,191,109,103,158,102,106,146,186,188,149,111,166,161,197,143,113,140,112,108,189,176,187,153,178,199,175,130,100]",04b38b1d41cdba71e9956d01c863095d3faa51172ec99f4b02c0b9e69be3ab78,80,2936789427,3648209466,"[930087,7,8,0,100,200,26]",2228050540,2752585280,[5],"{""5"":0}"
S7,7,930088,100,3.3541019662496847,8,,0,0.1,35,32,"[0,1,2,3,4,6,97,109,156,250,316,321,338,371,437,550,638,684,743,748,762,814,815,873,911,989,1059,1071,1094,1213,1236,1273]","[[0,1],[1,1],[2,-1],[3,1],[4,-1],[6,-1],[97,-1],[109,1],[156,1],[250,1],[316,-1],[321,-1],[338,-1],[371,1],[437,1],[550,1],[638,1],[684,-1],[743,1],[748,-1],[762,-1],[814,1],[815,-1],[873,1],[911,-1],[989,1],[1059,-1],[1071,-1],[1094,-1],[1213,1],[1236,-1],[1273,-1]]","[99,79,91,2,21,62,10,30,47,15,9,78,16,82,27,8,6,63,36,12,61,7,39,90,3,95,34,75,64,51,60,76,77,23,31,96,58,50,70,45,94,93,57,84,11,92,71,97,88,98,24,29,55,17,81,69,40,38,73,54,19,4,89,33,14,46,18,44,42,67,74,80,26,13,43,72,65,41,66,68]","[163,187,147,148,145,146,116,102,122,182,193,134,142,118,151,114,168,197,162,185,186,190,129,130,191,109,153,166,101,108,135,154,100,113,196,160,152,156,125,164,195,126,175,167,178,141,143,139,133,188,180,123,136,128,177,194,183,117,121,120,150,171,192,124,115,106,127,103,104,138,155,107,112,176,172,165,184,137,111,140]",bd742b2d3d0d36d6357776daa92342c947b6d59f2ad842a127defe4cb829fc4a,80,2389156491,2918336817,"[930088,7,8,0,100,200,26]",1207562645,2752585280,[5],"{""5"":0}"
S7,7,930089,100,3.3541019662496847,8,,0,0.1,40,28,"[0,1,2,3,4,31,32,140,250,286,290,321,466,503,540,550,557,631,638,693,704,748,802,1071,1099,1141,1221,1236]","[[0,1],[1,1],[2,-1],[3,1],[4,-1],[31,1],[32,-1],[140,1],[250,1],[286,-1],[290,1],[321,-1],[466,-1],[503,-1],[540,-1],[550,1],[557,1],[631,-1],[638,1],[693,-1],[704,-1],[748,-1],[802,-1],[1071,-1],[1099,1],[1141,1],[1221,1],[1236,-1]]","[6,53,89,27,31,50,48,56,80,98,34,23,33,66,36,82,58,69,45,65,55,62,2,0,37,64,81,51,95,78,4,7,72,67,61,91,59,43,85,40,22,42,84,52,17,16,5,54,88,57,21,90,24,75,14,93,1,15,20,38,28,35,76,83,60,79,86,74,30,97,3,41,68,26,94,44,29,10,71,19]","[179,177,170,196,160,119,116,152,105,157,118,132,142,166,107,146,108,163,125,185,187,100,102,158,162,115,178,186,136,180,140,135,129,172,167,131,104,144,141,112,114,109,139,191,117,193,150,183,171,153,120,159,113,106,188,147,148,127,145,182,149,155,110,122,138,169,123,176,198,184,134,165,151,143,126,194,103,101,164,189]",74f01228506f659a2dfba51fd68c66f9d0c82c4351baf3cc884b2071c1ff6a46,80,3943412128,3104254148,"[930089,7,8,0,100,200,26]",1403854822,2752585280,[5],"{""5"":0}"
S7,7,930090,100,3.3541019662496847,8,,0,0.1,41,32,"[0,1,2,3,4,8,43,84,228,304,475,486,501,593,638,686,748,790,829,857,873,887,932,1036,1050,1140,1141,1163,1166,1218,1221,1273]","[[0,1],[1,1],[2,-1],[3,1],[4,-1],[8,-1],[43,-1],[84,-1],[228,-1],[304,-1],[475,-1],[486,1],[501,-1],[593,1],[638,1],[686,-1],[748,-1],[790,1],[829,-1],[857,1],[873,1],[887,-1],[932,1],[1036,-1],[1050,-1],[1140,-1],[1141,1],[1163,1],[1166,-1],[1218,1],[1221,1],[1273,-1]]","[72,39,34,38,83,46,13,95,27,32,59,37,10,6,86,70,33,9,61,92,47,94,45,23,99,81,84,51,80,21,57,31,24,87,74,30,97,15,14,93,12,54,42,71,89,3,67,36,69,28,82,96,76,63,0,1,65,77,75,11,56,19,50,78,68,25,64,44,16,88,49,17,18,79,26,7,91,22,43,2]","[197,154,150,156,123,137,194,142,170,110,135,185,127,196,175,168,103,112,187,180,198,122,153,101,124,149,102,167,174,116,144,146,151,121,133,159,199,192,132,169,130,157,100,176,164,148,104,188,166,139,105,165,114,161,190,117,158,163,155,145,134,131,109,136,173,128,113,177,141,183,181,108,182,129,140,179,115,162,120,172]",2bfed69622f78325c70236cf5655863bece559d99dc1ee15e7d8d9977601ef2f,80,3189585463,1148866129,"[930090,7,8,0,100,200,26]",4269905218,2752585280,[5],"{""5"":0}"
S7,7,930091,100,3.3541019662496847,8,,0,0.1,35,27,"[0,1,2,3,4,68,228,238,250,305,383,414,438,503,638,746,748,787,808,1009,1086,1107,1143,1152,1163,1218,1279]","[[0,1],[1,1],[2,-1],[3,1],[4,-1],[68,-1],[228,-1],[238,-1],[250,1],[305,-1],[383,1],[414,-1],[438,1],[503,-1],[638,1],[746,-1],[748,-1],[787,-1],[808,1],[1009,1],[1086,1],[1107,-1],[1143,-1],[1152,-1],[1163,1],[1218,1],[1279,1]]","[51,66,56,94,21,62,6,17,80,90,42,93,30,3,67,72,7,92,57,4,87,53,43,64,74,13,78,98,28,47,12,68,32,1,9,16,10,36,45,37,35,55,50,38,85,34,44,75,29,73,39,86,61,26,20,31,76,69,14,8,22,48,79,0,5,89,77,19,40,52,88,41,33,11,95,82,81,97,60,23]","[146,119,142,117,100,190,174,169,157,122,192,162,125,150,135,193,108,180,164,168,148,145,189,136,124,187,186,171,172,113,104,110,177,163,101,182,175,147,141,197,128,191,166,144,105,159,178,114,123,111,154,194,156,102,199,149,160,126,140,195,112,176,127,184,129,183,158,179,103,170,143,151,137,152,121,131,198,106,185,120]",0399f0d313e6a50a85cb4c91fef36c9215122732046c29e5ad9bc0d96da72a9a,80,3149897897,2691033362,"[930091,7,8,0,100,200,26]",3802849114,2752585280,[5],"{""5"":0}"
S7,7,930092,100,3.3541019662496847,8,,0,0.1,49,36,"[0,1,2,3,4,5,6,14,109,232,238,250,251,255,267,306,338,339,371,503,638,652,684,715,725,748,814,829,863,1030,1141,1164,1198,1205,1247,1268]","[[0,1],[1,1],[2,-1],[3,1],[4,-1],[5,-1],[6,-1],[14,1],[109,1],[232,1],[238,-1],[250,1],[251,1],[255,-1],[267,1],[306,1],[338,-1],[339,-1],[371,1],[503,-1],[638,1],[652,-1],[684,-1],[715,1],[725,1],[748,-1],[814,1],[829,-1],[863,-1],[1030,-1],[1141,1],[1164,-1],[1198,-1],[1205,1],[1247,-1],[1268,1]]","[11,61,28,62,31,35,72,25,79,53,4,96,85,90,89,70,80,67,47,68,19,51,73,92,75,5,91,55,45,16,76,14,95,6,63,13,44,2,83,26,77,1,40,58,84,99,17,98,32,9,8,59,20,82,49,42,23,97,22,66,43,29,74,57,94,87,33,88,65,78,7,86,15,60,37,30,27,24,12,34]","[104,108,185,149,139,151,102,112,107,131,128,101,142,181,124,190,132,117,166,129,184,154,130,147,155,150,195,133,105,186,141,160,187,161,116,173,163,123,198,152,157,171,153,191,122,175,156,125,176,169,179,135,138,136,177,194,109,170,111,121,193,159,113,182,114,118,167,110,165,148,162,180,158,183,168,126,172,164,143,100]",abdbeedb08cd05e18ff25d6f65c531a326aa7753a0d356f0dfdf1365ced251c2,80,3580512969,3828249011,"[930092,7,8,0,100,200,26]",3358241808,2752585280,[5],"{""5"":-1}"
S7,7,930093,100,3.3541019662496847,8,,0,0.1,38,33,"[0,1,2,3,4,97,169,172,179,210,225,236,238,267,338,390,466,486,503,550,638,743,748,787,808,869,877,1034,1059,1143,1144,1236,1261]","[[0,1],[1,1],[2,-1],[3,1],[4,-1],[97,-1],[169,1],[172,-1],[179,-1],[210,1],[225,1],[236,-1],[238,-1],[267,1],[338,-1],[390,-1],[466,-1],[486,1],[503,-1],[550,1],[638,1],[743,1],[748,-1],[787,-1],[808,1],[869,1],[877,-1],[1034,-1],[1059,-1],[1143,-1],[1144,-1],[1236,-1],[1261,-1]]","[59,75,50,48,47,60,55,63,90,99,70,67,66,74,12,27,72,97,84,9,16,10,68,42,54,85,3,28,37,19,49,91,71,62,25,56,45,51,22,92,18,79,26,58,93,57,2,44,17,78,61,94,81,13,40,35,86,32,36,82,88,43,1,5,29,83,33,41,39,20,31,7,69,73,65,23,95,8,11,6]","[197,169,196,193,110,177,163,119,121,128,188,165,137,178,161,153,159,189,145,152,156,100,199,186,143,172,166,114,170,122,146,115,140,150,184,111,133,195,106,147,116,129,185,127,154,102,175,126,139,138,130,104,135,134,192,174,173,164,181,136,131,142,120,117,176,113,187,141,160,108,191,112,198,180,168,123,171,149,167,182]",dba92fbd26bd9c645129723501528eefad27092d233d894c36c6d0572b763fb9,80,1700154382,1885785411,"[930093,7,8,0,100,200,26]",2757321420,2752585280,[5],"{""5"":0}"
S7,7,930094,100,3.3541019662496847,8,,0,0.1,35,34,"[0,1,2,3,4,5,6,210,225,259,316,398,402,453,565,573,684,688,723,760,812,829,937,950,1036,1055,1086,1104,1113,1126,1152,1179,1221,1236]","[[0,1],[1,1],[2,-1],[3,1],[4,-1],[5,-1],[6,-1],[210,1],[225,1],[259,-1],[316,-1],[398,-1],[402,1],[453,1],[565,-1],[573,1],[684,-1],[688,1],[723,1],[760,-1],[812,-1],[829,-1],[937,-1],[950,-1],[1036,-1],[1055,-1],[1086,1],[1104,-1],[1113,1],[1126,1],[1152,-1],[1179,1],[1221,1],[1236,-1]]","[46,9,42,80,45,55,52,50,85,31,58,53,32,19,43,7,59,6,4,93,62,77,21,73,8,61,14,24,20,12,40,99,22,27,89,33,16,13,18,3,95,86,78,66,79,10,36,84,25,37,92,26,63,41,49,67,65,94,39,28,48,17,60,2,30,69,23,70,29,83,64,34,76,88,91,38,0,71,90,98]","[117,139,124,103,102,181,185,110,198,197,101,107,157,191,144,182,150,128,145,178,105,134,193,129,136,161,154,174,113,166,138,156,163,132,130,114,127,148,167,175,125,142,192,118,153,137,122,183,135,115,146,112,159,121,189,177,141,199,152,149,119,123,109,169,173,168,147,143,180,165,164,151,190,162,104,184,172,160,131,106]",ee6d3cb18dc74de2cf96b50cdecf06ea782c9bf7037a222b625f8145dbe031d8,80,225987584,2438174090,"[930094,7,8,0,100,200,26]",1485596557,2752585280,[5],"{""5"":-1}"
S7,7,930095,100,3.3541019662496847,8,,0,0.1,50,39,"[0,1,2,3,4,14,71,225,228,251,259,339,362,371,379,390,503,505,575,638,658,684,688,698,771,787,790,808,831,860,885,906,1059,1071,1098,1116,1208,1221,1242]","[[0,1],[1,1],[2,-1],[3,1],[4,-1],[14,1],[71,-1],[225,1],[228,-1],[251,1],[259,-1],[339,-1],[362,1],[371,1],[379,1],[390,-1],[503,-1],[505,1],[575,-1],[638,1],[658,-1],[684,-1],[688,1],[698,1],[771,1],[787,-1],[790,1],[808,1],[831,1],[860,1],[885,-1],[906,-1],[1059,-1],[1071,-1],[1098,-1],[1116,1],[1208,-1],[1221,1],[1242,1]]","[96,54,45,86,57,6,31,52,12,40,28,32,55,17,88,81,85,23,47,73,71,10,64,63,3,7,41,0,89,27,24,72,58,68,1,16,44,42,19,95,75,35,94,83,59,79,87,65,80,11,56,70,26,74,99,76,49,39,9,51,21,46,60,8,91,67,78,29,69,61,2,43,4,93,22,14,77,82,5,34]","[155,197,124,184,135,121,188,189,198,164,110,111,173,131,150,118,120,180,199,100,170,158,193,196,171,181,191,108,177,101,156,140,104,169,122,115,174,160,107,153,129,151,109,183,103,185,136,130,166,141,179,162,113,114,105,192,175,119,178,167,139,148,147,145,165,126,142,146,176,137,186,152,143,134,117,172,112,168,182,133]",c6818e451b08e752e52c481c446fb193e78961ebd45ea810cef0edb5bd30d125,80,1851531259,4253649614,"[930095,7,8,0,100,200,26]",1889268300,2752585280,[5],"{""5"":0}"
S7,7,930096,100,3.3541019662496847,8,,0,0.1,37,31,"[0,1,2,3,4,5,71,82,210,250,251,316,390,486,540,550,593,631,638,668,688,723,790,887,958,1036,1134,1141,1218,1221,1247]","[[0,1],[1,1],[2,-1],[3,1],[4,-1],[5,-1],[71,-1],[82,-1],[210,1],[250,1],[251,1],[316,-1],[390,-1],[486,1],[540,-1],[550,1],[593,1],[631,-1],[638,1],[668,-1],[688,1],[723,1],[790,1],[887,-1],[958,1],[1036,-1],[1134,1],[1141,1],[1218,1],[1221,1],[1247,-1]]","[78,37,97,88,58,3,76,51,48,56,50,68,57,98,21,84,27,5,42,15,6,2,7,65,33,90,26,12,53,11,89,22,40,16,9,99,79,80,92,74,35,73,63,24,52,54,91,60,32,71,43,1,64,70,41,47,82,13,77,4,20,83,44,18,96,95,86,55,62,46,30,19,72,39,87,85,67,10,38,81]","[108,150,145,100,172,168,167,120,197,173,132,112,144,139,115,151,193,133,142,159,102,141,194,149,135,184,122,180,163,198,177,116,160,136,183,196,188,164,169,146,174,186,140,101,106,110,176,191,127,179,138,158,162,123,161,171,129,131,137,190,107,166,128,109,181,157,199,104,154,134,155,187,165,148,185,156,105,118,113,182]",a6408ead02c351d44bc8a41660a5885b0870197c38fddcb86a0ffdc9bb4a22bd,80,2149286636,2623625825,"[930096,7,8,0,100,200,26]",3396352359,2752585280,[5],"{""5"":-1}"
S7,7,930097,100,3.3541019662496847,8,,0,0.1,37,27,"[0,1,2,3,4,57,110,150,154,238,290,304,321,338,550,586,704,746,762,932,933,1100,1125,1163,1176,1218,1240]","[[0,1],[1,1],[2,-1],[3,1],[4,-1],[57,-1],[110,-1],[150,-1],[154,1],[238,-1],[290,1],[304,-1],[321,-1],[338,-1],[550,1],[586,-1],[704,-1],[746,-1],[762,-1],[932,1],[933,-1],[1100,-1],[1125,1],[1163,1],[1176,1],[1218,1],[1240,-1]]","[9,78,83,28,55,47,59,2,11,72,15,69,34,41,90,39,48,33,76,53,65,6,38,62,84,75,24,96,92,25,85,12,18,93,82,70,30,4,52,49,26,29,5,80,91,89,71,95,98,44,27,97,79,36,51,74,16,21,88,32,58,37,20,14,56,43,73,23,81,77,22,86,64,94,40,61,7,63,50,8]","[167,153,116,130,124,150,199,117,149,135,136,104,168,122,160,132,145,190,187,197,179,103,174,151,186,101,157,191,140,156,162,176,177,123,159,105,154,155,107,143,113,198,108,141,193,180,178,189,165,112,119,183,192,166,115,170,126,188,148,127,120,152,181,100,139,129,144,161,134,158,172,111,182,173,131,184,128,121,171,118]",24057211533ecb57a0c4271272073ead0417fb011a93d6ec7e6fa228c9d9191c,80,834000697,2387791074,"[930097,7,8,0,100,200,26]",2783080490,2752585280,[5],"{""5"":0}"
S7,7,930098,100,3.3541019662496847,8,,0,0.1,43,34,"[0,1,2,3,4,29,32,64,208,233,251,338,371,414,475,608,630,659,741,760,794,808,829,840,933,948,968,1055,1071,1212,1221,1247,1263,1273]","[[0,1],[1,1],[2,-1],[3,1],[4,-1],[29,1],[32,-1],[64,-1],[208,-1],[233,-1],[251,1],[338,-1],[371,1],[414,-1],[475,-1],[608,-1],[630,1],[659,1],[741,1],[760,-1],[794,1],[808,1],[829,-1],[840,1],[933,-1],[948,1],[968,1],[1055,-1],[1071,-1],[1212,-1],[1221,1],[1247,-1],[1263,1],[1273,-1]]","[83,74,7,11,29,89,4,2,22,90,85,98,21,52,32,18,39,86,94,92,77,67,65,91,19,79,70,53,72,47,12,3,36,58,66,76,99,9,49,41,51,59,57,40,45,93,1,25,87,80,6,63,54,48,37,97,95,43,81,26,23,14,24,27,55,5,34,60,88,44,71,28,56,82,30,64,50,0,78,8]","[111,106,187,165,103,121,131,122,162,136,183,178,143,185,134,109,129,149,115,197,190,179,159,194,168,189,172,110,155,126,157,102,154,167,141,158,137,170,104,153,164,156,173,108,191,177,130,163,133,182,114,175,120,118,148,116,128,139,101,112,192,107,150,166,145,144,160,180,124,119,138,198,193,181,199,140,161,184,132,113]",b6a3b82c9cca7e8414cff923632d966bd080b168a29109963c98af330413a757,80,878383896,4097428436,"[930098,7,8,0,100,200,26]",3129048252,2752585280,[5],"{""5"":0}"
S7,7,930099,100,3.3541019662496847,8,,0,0.1,35,36,"[0,1,2,3,4,6,28,32,103,110,140,159,225,251,267,268,339,402,459,466,519,553,569,593,684,688,698,790,829,906,912,962,1100,1104,1159,1218]","[[0,1],[1,1],[2,-1],[3,1],[4,-1],[6,-1],[28,1],[32,-1],[103,-1],[110,-1],[140,1],[159,1],[225,1],[251,1],[267,1],[268,1],[339,-1],[402,1],[459,-1],[466,-1],[519,1],[553,1],[569,1],[593,1],[684,-1],[688,1],[698,1],[790,1],[829,-1],[906,-1],[912,1],[962,1],[1100,-1],[1104,-1],[1159,-1],[1218,1]]","[14,95,63,52,90,68,61,44,40,32,5,12,24,53,62,9,8,59,85,94,57,60,47,35,80,49,67,46,51,29,45,76,36,88,3,25,39,77,74,0,33,26,75,43,10,56,34,54,16,84,31,6,7,66,21,81,50,91,1,96,41,48,86,30,89,82,19,20,27,38,11,2,65,4,73,93,72,18,79,22]","[157,108,140,198,106,146,118,171,125,109,189,112,143,142,111,188,174,136,145,131,113,103,181,184,156,127,190,173,159,186,134,166,130,161,110,151,153,133,199,122,100,102,141,104,132,165,135,168,160,179,191,128,117,187,164,175,176,114,193,177,139,101,196,126,178,197,158,148,152,169,119,105,162,129,155,182,180,185,172,170]",b16d5a8dc613d79e89e2e70d02e9563f2f4eda5cc172b64fd5eb91b67750d01f,80,1275068778,3288573404,"[930099,7,8,0,100,200,26]",3925179089,2752585280,[5],"{""5"":0}"
S7,7,930100,100,3.3541019662496847,8,,0,0.1,40,33,"[0,1,2,3,4,5,36,76,109,225,259,290,321,350,351,389,466,468,503,506,512,550,638,668,746,760,857,907,930,1036,1163,1186,1268]","[[0,1],[1,1],[2,-1],[3,1],[4,-1],[5,-1],[36,1],[76,1],[109,1],[225,1],[259,-1],[290,1],[321,-1],[350,-1],[351,-1],[389,-1],[466,-1],[468,-1],[503,-1],[506,1],[512,1],[550,1],[638,1],[668,-1],[746,-1],[760,-1],[857,1],[907,1],[930,1],[1036,-1],[1163,1],[1186,1],[1268,1]]","[55,39,97,47,86,9,31,2,35,84,0,43,74,85,11,21,3,76,24,60,16,23,94,40,57,89,52,79,98,87,26,58,91,82,99,90,13,4,8,18,77,36,30,65,78,19,14,81,92,51,41,34,96,29,33,73,71,7,50,67,38,44,63,1,48,22,5,10,49,27,83,69,66,62,25,88,70,56,59,54]","[106,151,125,187,116,162,144,107,118,102,170,147,124,136,199,180,104,142,119,186,105,175,146,184,122,174,150,112,152,123,163,143,149,134,178,110,191,131,159,197,138,100,137,117,172,132,181,141,188,127,171,145,185,154,193,165,160,129,135,121,133,128,189,108,194,198,113,182,196,140,111,157,164,155,179,167,109,158,195,156]",6b70f262dd46d2eae4b3c98c0839e38baa189979d50542369094ac1b04d74952,80,1463042000,3811824577,"[930100,7,8,0,100,200,26]",3084446217,2752585280,[5],"{""5"":-1}"
