scenario,scenario_id,diagnostic_seed,target_n,tau,tau_index,rho,rho_index,selected_C_R2,K_t_full,K_t_stab,stability_support_indices_json,stability_signed_support_json,stability_positive_membership_json,stability_negative_membership_json,stability_membership_sha256,stability_n_per_class,stage_A_final_fit_seed,stage_B_fit_seed,stability_subsample_seed_identity_json,stability_fit_seed,dataset_seed,planted_sign_instability_idx_json,planted_coordinate_signs_json
S7,7,930001,139,0.223606797749979,0,,0,0.3,179,142,"[3,7,9,22,32,54,62,67,70,72,88,97,119,131,135,138,156,158,175,205,221,248,269,281,291,296,305,308,313,317,319,327,341,344,361,363,385,386,430,439,440,446,449,455,471,489,490,495,528,530,543,558,562,570,582,585,590,591,595,600,602,604,607,617,626,631,633,643,645,646,647,678,693,699,701,702,725,738,739,757,804,814,815,817,818,820,821,825,846,852,863,866,868,871,904,907,918,920,931,933,938,943,968,973,982,988,996,1022,1024,1032,1043,1044,1048,1052,1056,1069,1073,1080,1086,1088,1103,1111,1125,1128,1130,1141,1156,1160,1162,1169,1178,1185,1216,1218,1222,1225,1229,1232,1236,1245,1266,1279]","[[3,1],[7,1],[9,-1],[22,1],[32,-1],[54,-1],[62,-1],[67,-1],[70,-1],[72,-1],[88,1],[97,1],[119,1],[131,-1],[135,-1],[138,-1],[156,-1],[158,-1],[175,1],[205,-1],[221,-1],[248,-1],[269,-1],[281,-1],[291,-1],[296,1],[305,1],[308,1],[313,-1],[317,-1],[319,-1],[327,-1],[341,-1],[344,-1],[361,-1],[363,-1],[385,1],[386,-1],[430,-1],[439,1],[440,-1],[446,-1],[449,1],[455,-1],[471,-1],[489,1],[490,-1],[495,-1],[528,-1],[530,1],[543,1],[558,1],[562,1],[570,-1],[582,-1],[585,1],[590,-1],[591,1],[595,-1],[600,1],[602,-1],[604,-1],[607,-1],[617,-1],[626,1],[631,-1],[633,1],[643,-1],[645,-1],[646,-1],[647,1],[678,-1],[693,1],[699,1],[701,1],[702,1],[725,-1],[738,-1],[739,-1],[757,1],[804,-1],[814,-1],[815,1],[817,1],[818,1],[820,1],[821,1],[825,-1],[846,1],[852,-1],[863,1],[866,1],[868,1],[871,1],[904,1],[907,1],[918,1],[920,1],[931,1],[933,1],[938,-1],[943,-1],[968,1],[973,1],[982,-1],[988,1],[996,1],[1022,-1],[1024,1],[1032,-1],[1043,1],[1044,1],[1048,1],[1052,1],[1056,-1],[1069,-1],[1073,-1],[1080,-1],[1086,1],[1088,-1],[1103,1],[1111,-1],[1125,1],[1128,-1],[1130,-1],[1141,1],[1156,-1],[1160,1],[1162,1],[1169,1],[1178,-1],[1185,1],[1216,-1],[1218,1],[1222,1],[1225,1],[1229,-1],[1232,1],[1236,1],[1245,-1],[1266,-1],[1279,-1]]","[25,48,7,98,50,1,28,35,33,84,51,37,117,91,133,27,102,108,99,126,88,13,80,110,55,120,31,57,135,34,92,36,39,61,104,53,89,45,66,119,83,46,12,87,0,19,20,134,41,59,131,113,11,71,138,29,82,132,90,5,106,32,68,127,79,56,74,42,116,85,52,100,101,17,49,3,93,4,67,43,38,114,72,137,9,118,70,60,115,15,78,65,122,96,16,130,107,75,124,22,62,94,54,125,40,109,95,10,97,44,2]","[144,267,225,188,164,162,265,185,172,268,258,239,151,146,200,176,242,166,203,154,218,165,235,271,139,150,248,263,269,220,178,251,145,202,168,234,147,182,169,206,264,191,196,217,189,180,256,149,179,231,274,204,208,195,226,253,171,156,161,143,184,214,194,241,272,173,215,197,232,244,193,252,237,177,212,219,250,277,236,254,240,227,229,148,261,198,142,175,190,249,247,255,170,207,275,222,246,224,163,153,211,233,228,270,187,160,266,223,158,167,257]",f6619ac587c7795494a657cc8bb0221c2d977bbf14e11a4f5ee0b63348f7fd7c,111,1196239826,3829504772,"[930001,7,0,0,139,200,26]",2901934573,3450049051,[5],"{""5"":0}"
S7,7,930002,139,0.223606797749979,0,,0,0.0001,0,0,[],[],"[8,3,75,102,105,39,56,134,91,40,14,66,13,53,72,119,15,127,80,4,42,28,126,16,69,26,21,25,17,136,84,71,51,63,123,11,76,36,32,110,38,62,94,22,7,100,2,99,18,108,78,60,133,112,6,59,58,61,86,55,44,89,90,41,5,37,93,43,131,67,27,95,0,129,83,33,135,118,121,117,70,46,35,116,115,104,23,87,9,137,124,34,109,111,30,1,97,132,52,79,29,19,122,54,103,77,138,107,65,114,88]","[236,254,180,175,140,267,222,146,196,161,154,257,168,210,212,202,252,219,159,156,271,183,166,179,229,231,194,160,198,150,217,201,259,272,256,218,169,264,275,162,277,239,227,157,263,167,224,253,245,207,192,197,269,145,171,266,232,234,223,213,189,249,144,147,204,237,243,173,190,149,155,188,238,247,200,265,274,148,151,226,182,276,208,187,139,211,178,258,184,220,221,240,199,216,206,164,141,185,242,142,225,191,205,228,193,163,273,170,244,233,165]",1f1a4f64eed9abefd4baae63e44133e98203fded6b8a9ee4bee35fa07fc26232,111,2208246010,2022119638,"[930002,7,0,0,139,200,26]",157798894,3450049051,[5],"{""5"":0}"
S7,7,930003,139,0.223606797749979,0,,0,0.1,101,73,"[3,9,11,40,72,85,88,113,115,131,138,144,205,255,289,302,305,317,338,356,361,386,408,454,465,495,561,586,590,592,600,617,631,701,708,725,771,787,789,804,814,817,818,820,840,861,863,868,871,904,920,972,977,996,1007,1024,1025,1043,1044,1053,1056,1069,1086,1102,1108,1113,1128,1141,1147,1178,1188,1218,1229]","[[3,1],[9,-1],[11,1],[40,-1],[72,-1],[85,-1],[88,1],[113,-1],[115,1],[131,-1],[138,-1],[144,1],[205,-1],[255,-1],[289,1],[302,-1],[305,1],[317,-1],[338,1],[356,1],[361,-1],[386,-1],[408,-1],[454,-1],[465,1],[495,-1],[561,1],[586,1],[590,-1],[592,-1],[600,1],[617,-1],[631,-1],[701,1],[708,1],[725,-1],[771,-1],[787,1],[789,-1],[804,-1],[814,-1],[817,1],[818,1],[820,1],[840,-1],[861,-1],[863,1],[868,1],[871,1],[904,1],[920,1],[972,1],[977,1],[996,1],[1007,-1],[1024,1],[1025,-1],[1043,1],[1044,1],[1053,1],[1056,-1],[1069,-1],[1086,1],[1102,1],[1108,1],[1113,1],[1128,-1],[1141,1],[1147,-1],[1178,-1],[1188,1],[1218,1],[1229,-1]]","[82,83,24,43,0,115,95,65,70,120,94,12,44,21,98,28,32,36,3,51,13,138,50,100,81,89,11,122,103,23,132,128,17,14,38,49,109,9,97,79,45,26,107,136,118,86,92,108,130,84,71,80,47,76,73,27,8,41,42,124,58,74,111,102,7,75,135,22,129,54,61,31,123,30,116,34,63,40,57,2,18,1,56,62,35,55,6,33,110,88,5,117,121,106,46,72,112,126,85,114,90,68,87,78,39,137,15,101,25,93,60]","[173,250,139,149,186,179,220,151,243,148,248,205,204,180,170,156,164,223,211,145,195,232,273,157,216,256,185,238,162,222,246,166,168,190,239,212,230,258,262,152,229,225,188,275,270,178,140,183,272,255,146,159,163,181,144,252,155,261,153,191,264,199,189,245,210,236,197,201,247,207,226,221,143,277,213,172,208,274,158,184,251,254,200,150,219,147,265,233,267,253,235,198,142,214,206,237,161,193,165,141,241,192,218,194,228,259,217,224,227,174,240]",0195e920352df049f66e872c6b3fb774f45219bf5249880213e2f1a0777b7f83,111,310062936,2753414204,"[930003,7,0,0,139,200,26]",8188748,3450049051,[5],"{""5"":0}"
S7,7,930004,139,0.223606797749979,0,,0,0.1,101,71,"[9,32,56,78,93,99,131,138,156,164,175,194,230,269,289,304,305,327,363,385,386,408,440,446,465,471,562,576,586,592,605,622,635,638,643,646,647,708,725,738,757,779,797,804,809,814,815,820,830,837,899,904,905,910,924,938,948,955,968,982,996,1005,1008,1022,1044,1056,1135,1141,1162,1178,1188]","[[9,-1],[32,-1],[56,-1],[78,-1],[93,1],[99,-1],[131,-1],[138,-1],[156,-1],[164,1],[175,1],[194,-1],[230,1],[269,-1],[289,1],[304,1],[305,1],[327,-1],[363,-1],[385,1],[386,-1],[408,-1],[440,-1],[446,-1],[465,1],[471,-1],[562,1],[576,1],[586,1],[592,-1],[605,-1],[622,-1],[635,-1],[638,-1],[643,-1],[646,-1],[647,1],[708,1],[725,-1],[738,-1],[757,1],[779,1],[797,-1],[804,-1],[809,1],[814,-1],[815,1],[820,1],[830,1],[837,1],[899,1],[904,1],[905,1],[910,-1],[924,1],[938,-1],[948,1],[955,-1],[968,1],[982,-1],[996,1],[1005,-1],[1008,-1],[1022,-1],[1044,1],[1056,-1],[1135,1],[1141,1],[1162,1],[1178,-1],[1188,1]]","[65,18,33,53,59,11,58,74,104,67,43,26,102,62,125,137,48,113,1,22,81,27,91,36,138,117,46,75,45,60,76,69,23,72,52,34,126,134,16,24,97,19,92,107,32,85,9,106,131,37,40,130,0,21,109,118,110,94,95,121,10,84,5,70,124,57,2,132,112,80,111,68,108,99,61,89,8,123,12,41,129,79,54,88,25,28,98,133,14,35,44,50,86,77,17,73,7,30,82,66,64,49,115,116,128,78,100,4,39,96,105]","[251,202,212,240,161,167,171,150,260,250,249,178,261,273,151,183,191,204,245,188,158,275,139,242,169,219,163,256,225,180,142,257,237,227,173,185,267,230,210,262,218,187,206,182,277,266,147,164,175,181,239,231,226,238,144,208,205,223,201,254,143,272,246,141,216,269,248,198,177,172,224,155,268,233,259,253,252,192,184,207,186,203,145,263,229,189,274,213,209,166,148,194,243,149,244,215,200,220,195,211,214,154,168,270,162,241,271,264,199,228,140]",fcfb5fb057bd6596ebe36eb2de840ad82579ecd7af7816c941f759ab0d0cfd43,111,2058587555,2514585457,"[930004,7,0,0,139,200,26]",3694250672,3450049051,[5],"{""5"":0}"
S7,7,930005,139,0.223606797749979,0,,0,0.1,101,74,"[15,28,32,56,64,70,103,105,108,131,138,158,175,192,205,255,269,305,317,327,341,365,385,386,394,401,408,429,442,484,506,543,561,562,592,595,614,617,622,631,644,678,701,708,804,814,820,821,823,854,863,868,904,910,920,924,948,958,960,988,991,996,1000,1008,1022,1024,1044,1086,1108,1128,1133,1141,1162,1209]","[[15,1],[28,1],[32,-1],[56,-1],[64,1],[70,-1],[103,-1],[105,1],[108,-1],[131,-1],[138,-1],[158,-1],[175,1],[192,-1],[205,-1],[255,-1],[269,-1],[305,1],[317,-1],[327,-1],[341,-1],[365,1],[385,1],[386,-1],[394,1],[401,-1],[408,-1],[429,-1],[442,1],[484,1],[506,1],[543,1],[561,1],[562,1],[592,-1],[595,-1],[614,-1],[617,-1],[622,-1],[631,-1],[644,-1],[678,-1],[701,1],[708,1],[804,-1],[814,-1],[820,1],[821,1],[823,-1],[854,-1],[863,1],[868,1],[904,1],[910,-1],[920,1],[924,1],[948,1],[958,-1],[960,-1],[988,1],[991,1],[996,1],[1000,-1],[1008,-1],[1022,-1],[1024,1],[1044,1],[1086,1],[1108,1],[1128,-1],[1133,1],[1141,1],[1162,1],[1209,1]]","[0,23,13,26,137,123,6,8,1,50,24,78,61,91,135,101,36,28,108,112,46,21,14,76,4,86,71,106,136,54,114,103,100,37,95,107,59,39,10,115,31,102,17,82,68,119,116,121,96,130,117,11,34,48,18,79,67,80,25,12,93,29,47,40,19,88,124,27,3,49,22,52,77,89,51,118,99,42,87,122,69,15,90,85,98,94,138,63,58,65,131,111,5,120,32,133,38,2,83,105,41,109,126,81,113,53,57,134,73,128,7]","[187,157,168,175,139,169,218,141,243,262,155,186,229,264,242,220,163,228,171,271,184,277,201,194,227,178,251,143,150,149,265,219,202,174,206,154,249,260,208,266,226,151,181,160,193,145,257,250,259,207,140,238,240,170,269,189,203,258,215,204,191,200,223,214,235,209,267,148,183,180,274,224,252,147,253,273,153,196,231,182,222,232,158,152,159,270,198,261,213,205,179,190,225,233,146,244,192,245,247,177,268,144,162,241,172,176,211,230,221,276,199]",2f2f53adf2e4ce3153c8581f1e7b780bf644690e6416f3a58d9b42e33aa64c27,111,1089298802,1657369535,"[930005,7,0,0,139,200,26]",3163953344,3450049051,[5],"{""5"":0}"
S7,7,930006,139,0.223606797749979,0,,0,0.0001,0,0,[],[],"[84,38,34,123,14,63,99,15,105,26,57,91,2,102,69,31,47,83,86,4,25,76,80,75,65,46,100,50,9,72,88,128,42,40,131,122,118,130,53,43,24,96,18,32,55,108,127,12,98,77,17,54,132,136,89,107,11,116,134,28,30,111,29,41,120,36,85,58,23,62,119,73,109,113,95,61,71,74,67,39,103,82,70,49,126,6,59,60,112,48,33,37,52,20,1,13,44,51,8,97,64,125,104,87,124,117,22,114,115,21,3]","[145,200,271,233,266,231,168,175,174,273,253,269,148,159,206,177,172,164,276,260,155,270,241,272,248,263,182,158,156,255,219,149,257,220,212,207,198,191,252,180,176,162,205,217,247,208,243,246,224,192,223,143,242,165,185,225,154,239,265,237,249,178,261,190,150,264,221,183,184,199,194,140,232,179,142,189,204,236,197,213,234,235,160,258,201,209,262,163,254,203,166,215,139,227,195,161,152,267,250,274,146,169,141,151,211,226,193,181,251,222,268]",224f888ac070a504c9bd330211297a2a40d64a022b6a5126fc71be94fbc4be04,111,991372903,3857264677,"[930006,7,0,0,139,200,26]",1596968428,3450049051,[5],"{""5"":0}"
S7,7,930007,139,0.223606797749979,0,,0,0.0001,0,0,[],[],"[51,97,21,117,115,111,62,78,126,88,119,124,5,95,59,135,91,66,101,67,42,96,6,130,18,104,84,34,41,92,50,82,2,110,28,24,37,54,79,69,49,72,121,23,99,85,60,35,13,25,107,109,64,134,71,128,14,39,86,112,136,105,12,44,11,131,77,106,22,120,73,138,55,10,61,7,4,9,125,15,36,43,26,46,102,137,17,70,29,1,52,65,19,68,16,57,89,80,38,3,90,40,27,103,8,83,47,30,0,123,20]","[248,211,209,177,214,270,219,267,204,152,183,189,237,190,252,182,271,235,144,150,146,175,159,236,260,156,239,158,232,241,263,172,259,222,145,195,168,205,276,169,233,230,244,245,167,212,229,164,193,187,242,226,155,162,166,254,202,148,198,253,206,180,171,207,273,199,173,185,243,176,149,247,250,203,181,165,266,140,238,224,227,147,186,154,258,139,196,216,210,251,213,184,256,163,197,200,225,240,268,277,264,218,265,201,262,192,160,255,272,261,178]",93be0f2c42b3b1d4260bbca34d7c7e57939efb23bd63dd54acccc719be0f349f,111,3644947845,935868054,"[930007,7,0,0,139,200,26]",92159339,3450049051,[5],"{""5"":0}"
S7,7,930008,139,0.223606797749979,0,,0,0.0001,0,0,[],[],"[80,69,135,128,105,25,66,84,133,72,29,43,76,86,33,120,30,12,124,119,91,111,56,82,131,53,34,88,78,45,11,121,55,17,60,75,87,3,61,68,63,35,100,97,134,28,41,96,20,15,48,7,110,37,137,40,18,116,58,138,67,8,89,123,136,122,130,65,79,132,32,47,13,6,51,83,2,77,16,23,71,129,107,1,103,21,5,52,108,95,26,90,112,92,85,49,10,38,31,113,115,74,64,125,99,4,73,126,104,57,109]","[161,173,172,181,270,241,185,168,277,188,238,151,203,257,228,155,210,248,199,225,215,177,204,171,157,178,272,175,259,256,255,258,159,187,207,224,144,195,217,160,263,235,196,273,152,139,214,271,265,146,227,226,213,240,167,164,237,140,200,246,266,183,218,190,247,251,252,208,223,245,253,220,249,231,186,275,274,212,156,211,191,143,165,169,192,193,158,174,254,206,170,230,269,153,162,264,243,242,205,268,166,154,198,216,260,147,239,189,197,209,261]",ab8d91cdc2a83f24158eff900abfd640ee95df58f49540509b5c6e25f758b955,111,1042576425,3163174456,"[930008,7,0,0,139,200,26]",155694093,3450049051,[5],"{""5"":0}"
S7,7,930009,139,0.223606797749979,0,,0,0.0001,0,0,[],[],"[41,43,111,69,100,79,131,3,12,22,101,95,27,4,84,32,66,99,36,26,59,42,49,134,92,81,2,54,6,61,107,56,63,105,13,120,113,75,103,90,98,51,55,88,117,64,138,50,23,1,114,121,16,106,14,9,34,97,20,76,60,73,11,0,132,35,47,77,91,122,72,124,118,78,108,25,130,104,70,53,127,83,129,68,45,110,31,38,48,67,30,94,28,85,128,96,89,80,115,18,133,119,137,135,65,10,123,40,46,125,112]","[224,145,165,143,252,156,194,175,230,261,234,213,260,144,205,162,251,181,271,217,210,172,255,222,244,227,170,209,193,214,249,149,168,232,275,198,236,199,184,206,148,239,158,182,171,223,169,268,179,248,200,189,160,163,219,140,207,229,228,233,277,266,173,276,187,237,164,211,152,155,186,197,265,190,192,150,225,139,201,235,246,159,274,250,253,254,176,167,272,220,195,215,151,196,141,178,183,270,245,202,146,142,259,208,273,263,241,257,191,242,269]",3bc864dfa663311e4f4dd651ebcbfd33a048cc8080c7589944f381051f52d23c,111,2502204407,3594767851,"[930009,7,0,0,139,200,26]",3509397149,3450049051,[5],"{""5"":0}"
S7,7,930010,139,0.223606797749979,0,,0,0.0001,0,0,[],[],"[105,91,85,31,94,133,53,67,55,129,82,88,24,39,51,121,22,37,115,41,28,76,113,134,17,13,33,62,101,4,87,66,114,68,109,70,122,100,136,3,106,15,111,43,2,77,21,63,42,11,104,83,108,46,35,89,126,123,34,112,95,40,1,64,84,96,48,116,47,79,130,26,20,102,125,16,52,27,90,86,45,135,59,65,110,19,78,32,61,8,71,56,127,6,30,14,73,44,23,29,137,58,74,5,25,0,54,10,107,12,7]","[266,139,188,227,210,265,143,273,270,193,245,194,198,233,215,224,159,231,192,230,177,166,226,240,259,236,182,250,262,190,229,241,275,189,253,152,254,223,207,155,171,178,211,179,173,147,235,167,237,157,165,264,140,144,151,247,212,150,243,195,267,219,261,161,199,197,187,146,248,184,202,183,209,201,145,246,268,271,180,242,142,222,170,149,148,213,239,217,256,200,225,153,216,203,260,257,263,154,274,162,186,252,156,168,141,220,277,160,205,158,272]",76819a1b64348107e401b13e8a57fdf2b4cfe838792026bb2347a03110b69464,111,2090432936,767656898,"[930010,7,0,0,139,200,26]",2942132694,3450049051,[5],"{""5"":0}"
S7,7,930011,139,0.223606797749979,0,,0,0.0001,0,0,[],[],"[52,81,97,6,121,0,29,72,71,132,40,11,44,84,76,91,101,94,137,90,14,18,136,78,9,24,125,110,1,59,127,135,111,36,113,114,62,65,48,35,2,39,34,138,108,45,4,28,67,41,19,73,31,20,68,83,103,123,89,107,87,95,16,58,25,109,119,117,26,129,120,47,77,64,57,100,15,69,126,82,21,86,96,70,43,17,49,60,33,131,53,63,133,46,32,55,42,134,115,10,104,54,79,75,23,8,66,118,124,51,5]","[258,181,261,228,223,221,252,248,212,257,149,225,143,235,259,197,208,247,169,240,198,271,222,196,213,180,178,194,229,231,204,264,183,267,232,262,265,214,242,217,272,253,182,210,141,215,249,244,168,145,277,234,219,151,268,157,266,209,154,243,173,171,147,155,153,159,140,230,193,160,184,270,226,150,199,206,202,237,176,142,146,246,203,207,177,188,236,218,233,255,189,201,191,166,274,174,239,167,148,245,224,192,158,156,190,276,152,163,185,269,195]",84212e144c6f7fcea7acb69503dea905a80efddbe4ac3220a9f11ae1db1647dd,111,1406925668,2794606220,"[930011,7,0,0,139,200,26]",3245284506,3450049051,[5],"{""5"":0}"
S7,7,930012,139,0.223606797749979,0,,0,0.1,101,69,"[7,9,44,47,70,74,84,103,108,131,156,158,230,248,255,305,317,327,386,395,404,408,439,440,446,451,464,499,506,538,543,550,561,600,605,606,612,617,631,647,702,725,757,814,821,822,837,847,904,910,920,924,941,948,955,980,996,1011,1024,1025,1044,1048,1086,1108,1130,1141,1162,1229,1266]","[[7,1],[9,-1],[44,-1],[47,-1],[70,-1],[74,-1],[84,-1],[103,-1],[108,-1],[131,-1],[156,-1],[158,-1],[230,1],[248,-1],[255,-1],[305,1],[317,-1],[327,-1],[386,-1],[395,1],[404,1],[408,-1],[439,1],[440,-1],[446,-1],[451,-1],[464,-1],[499,1],[506,1],[538,1],[543,1],[550,-1],[561,1],[600,1],[605,-1],[606,-1],[612,-1],[617,-1],[631,-1],[647,1],[702,1],[725,-1],[757,1],[814,-1],[821,1],[822,1],[837,1],[847,-1],[904,1],[910,-1],[920,1],[924,1],[941,1],[948,1],[955,-1],[980,1],[996,1],[1011,1],[1024,1],[1025,-1],[1044,1],[1048,1],[1086,1],[1108,1],[1130,-1],[1141,1],[1162,1],[1229,-1],[1266,-1]]","[21,3,39,134,125,53,135,116,101,29,32,47,18,95,133,126,112,51,122,54,10,11,138,120,67,128,100,73,118,136,26,89,50,22,97,127,130,55,64,108,77,5,23,94,85,19,57,48,41,110,84,24,70,40,68,62,76,7,103,80,111,104,34,38,63,91,123,78,86,132,117,15,13,88,96,58,69,114,83,44,109,20,81,87,56,92,106,31,105,137,61,8,33,93,102,72,14,37,99,16,52,35,107,121,119,115,49,12,98,2,65]","[217,179,246,188,202,244,164,177,173,159,255,163,267,197,199,169,222,240,273,227,172,210,254,221,258,175,143,208,216,235,262,256,187,260,151,167,170,193,171,264,196,207,265,232,266,219,146,185,241,248,142,140,270,214,233,191,220,249,223,230,184,149,236,231,274,277,239,213,234,152,243,268,139,154,238,252,275,272,250,153,211,276,180,192,156,148,224,205,157,168,271,212,228,259,160,253,201,226,215,189,200,178,182,158,181,166,203,261,263,141,237]",1762232ada540cd254f76d44aaa25171daed6187be7f93a21c9a0b1145298bde,111,4279769222,2273908346,"[930012,7,0,0,139,200,26]",777897894,3450049051,[5],"{""5"":0}"
S7,7,930013,139,0.223606797749979,0,,0,0.1,101,72,"[3,40,70,77,115,119,130,131,144,150,158,219,248,269,305,308,318,322,327,361,385,404,408,430,439,446,465,550,562,586,590,592,617,626,635,667,678,705,725,738,762,768,804,812,815,837,847,904,910,918,948,982,988,996,1022,1044,1056,1071,1073,1086,1128,1135,1141,1144,1160,1162,1178,1185,1214,1218,1245,1266]","[[3,1],[40,-1],[70,-1],[77,-1],[115,1],[119,1],[130,1],[131,-1],[144,1],[150,-1],[158,-1],[219,-1],[248,-1],[269,-1],[305,1],[308,1],[318,-1],[322,-1],[327,-1],[361,-1],[385,1],[404,1],[408,-1],[430,-1],[439,1],[446,-1],[465,1],[550,-1],[562,1],[586,1],[590,-1],[592,-1],[617,-1],[626,1],[635,-1],[667,1],[678,-1],[705,1],[725,-1],[738,-1],[762,1],[768,-1],[804,-1],[812,-1],[815,1],[837,1],[847,-1],[904,1],[910,-1],[918,1],[948,1],[982,-1],[988,1],[996,1],[1022,-1],[1044,1],[1056,-1],[1071,1],[1073,-1],[1086,1],[1128,-1],[1135,1],[1141,1],[1144,1],[1160,1],[1162,1],[1178,-1],[1185,1],[1214,-1],[1218,1],[1245,-1],[1266,-1]]","[102,15,2,27,21,43,22,138,80,107,69,79,63,119,110,47,84,133,53,99,105,72,90,57,4,13,6,17,56,32,78,109,42,126,8,134,50,137,101,108,117,62,97,26,55,75,113,66,135,48,0,37,125,123,29,86,40,83,128,91,24,33,5,104,94,25,111,82,121,93,67,1,88,124,46,100,70,89,30,60,112,58,130,120,16,118,45,81,12,11,106,96,9,114,49,19,127,65,132,116,95,129,87,54,52,92,35,28,36,122,34]","[241,173,231,189,159,224,177,208,267,187,212,209,277,220,274,194,238,185,247,233,166,251,271,172,215,268,168,275,146,227,253,218,183,234,252,263,157,206,143,222,169,193,239,221,202,256,273,243,142,200,270,198,180,196,245,176,167,236,246,229,170,160,272,188,205,141,152,144,195,161,162,190,242,235,175,232,219,211,260,204,269,199,148,147,265,203,207,140,255,163,250,139,261,237,248,249,154,230,150,217,213,184,155,191,153,192,151,178,264,201,181]",6985e457a20bf50a277f8026a04aa5c823654fe40c7cdc44bc844c65497282ba,111,1423405798,452368118,"[930013,7,0,0,139,200,26]",3982482462,3450049051,[5],"{""5"":0}"
S7,7,930014,139,0.223606797749979,0,,0,0.0001,0,0,[],[],"[47,22,138,98,27,137,3,106,75,133,14,53,85,24,28,99,18,4,120,84,93,1,59,43,39,121,132,46,125,70,44,73,66,23,103,52,111,50,80,48,29,37,0,8,16,12,30,9,87,33,63,81,31,25,77,113,88,7,97,123,91,105,119,54,35,92,62,101,116,40,2,78,61,58,57,126,131,5,13,124,41,32,117,67,86,90,15,130,76,102,134,34,49,100,74,112,17,10,6,83,109,136,79,56,51,135,89,118,128,127,104]","[248,261,260,184,176,204,150,183,174,229,237,161,199,225,194,224,263,255,169,275,241,254,269,195,181,236,188,239,182,231,240,157,160,202,227,178,246,276,233,243,226,220,151,228,272,155,145,163,172,141,245,149,234,258,252,189,193,274,264,232,277,270,198,166,235,271,205,143,179,251,165,173,146,247,221,257,265,212,171,175,170,203,185,262,197,211,230,218,156,196,266,153,249,256,201,222,164,215,214,273,207,219,167,147,159,216,267,139,168,223,192]",8f84a4e8d427211ff30cb38c388e369823b63f300e3a24f863d040ac6e747cce,111,618596232,3377289110,"[930014,7,0,0,139,200,26]",1105462791,3450049051,[5],"{""5"":0}"
S7,7,930015,139,0.223606797749979,0,,0,0.0001,0,0,[],[],"[17,34,46,112,84,72,95,86,119,129,37,38,103,96,15,100,41,66,74,44,39,110,133,29,120,2,136,130,64,121,92,77,126,53,71,90,114,137,48,20,40,24,67,83,76,61,70,116,134,3,82,109,97,32,75,125,57,127,6,49,31,8,101,62,113,78,36,79,45,18,123,51,102,69,115,21,7,22,107,11,104,81,5,28,89,60,132,43,98,73,58,1,87,26,47,27,30,135,128,10,54,105,56,106,99,65,59,23,131,85,25]","[160,216,266,174,233,219,168,259,242,177,200,222,275,236,240,149,257,187,162,229,235,148,277,182,197,188,246,224,204,189,161,195,165,181,269,227,193,202,247,183,140,241,265,151,276,255,146,211,190,198,196,173,172,156,213,150,267,154,230,201,159,153,256,232,264,223,199,175,263,209,214,238,215,218,158,171,143,260,243,272,141,226,152,270,250,166,178,184,253,221,237,234,210,274,155,207,212,185,231,191,271,217,163,170,164,273,245,145,203,144,176]",6957a6ab1dba2fc438aa35f825a92022ea36debb442a35c69b3588f0b783f82e,111,3299424799,391378727,"[930015,7,0,0,139,200,26]",2876582977,3450049051,[5],"{""5"":0}"
S7,7,930016,139,0.223606797749979,0,,0,0.0001,0,0,[],[],"[95,53,101,65,11,113,37,3,26,67,84,138,91,48,24,15,5,124,6,13,105,61,81,52,59,122,16,99,50,128,57,21,58,1,46,20,94,112,100,104,70,108,123,135,34,71,44,14,102,87,75,35,93,22,89,115,82,42,120,72,69,19,12,4,132,130,118,129,62,18,63,17,51,83,79,110,92,119,32,47,49,85,55,31,39,45,131,76,125,8,10,133,64,36,80,33,88,68,103,73,98,40,54,126,134,56,78,137,114,30,7]","[210,142,206,140,204,176,274,270,197,208,241,225,254,230,147,141,144,198,223,256,231,155,262,252,249,145,211,227,257,159,226,272,181,242,207,194,149,238,218,165,266,277,205,172,213,240,269,273,209,183,236,203,185,178,235,195,182,244,224,276,199,164,170,175,152,245,189,246,215,214,217,229,160,222,150,169,202,151,184,248,187,196,167,220,265,271,267,154,192,234,163,243,260,161,179,261,166,139,239,264,216,258,191,188,193,173,200,228,156,251,250]",8bc1aefee88bf72bdc4caeb6a2324f646200062d9b3af055bbd8b049708f0f2b,111,2061227787,1989200861,"[930016,7,0,0,139,200,26]",1237652641,3450049051,[5],"{""5"":0}"
S7,7,930017,139,0.223606797749979,0,,0,0.0001,0,0,[],[],"[83,64,34,5,49,22,90,71,61,50,67,1,112,73,74,60,104,12,10,40,41,30,129,14,113,124,111,102,0,101,13,25,57,75,46,121,94,88,115,9,44,89,134,28,108,107,92,48,127,126,24,85,133,137,97,81,62,33,53,23,36,54,7,122,119,27,68,103,51,15,56,11,138,45,100,70,118,16,87,65,37,2,58,114,131,78,132,20,86,72,125,93,77,120,123,82,130,136,18,135,98,109,84,39,52,106,117,29,91,35,110]","[192,211,213,176,180,181,225,235,252,208,172,224,259,184,260,151,270,207,232,194,266,154,198,234,178,146,222,195,209,246,264,167,217,190,203,244,140,223,273,169,163,148,199,175,157,253,274,245,160,155,177,206,236,197,185,145,139,159,201,227,250,216,237,226,249,254,189,215,179,275,186,243,218,153,212,265,255,242,168,147,166,141,261,240,220,150,173,152,161,188,156,164,210,248,230,193,229,219,187,268,251,174,257,233,221,204,272,170,276,142,256]",75dce3f20abd154b0ab61cba08b7bf2a426600e66d07048c39539a61e462c7c8,111,2536602880,2231188077,"[930017,7,0,0,139,200,26]",4275938885,3450049051,[5],"{""5"":0}"
S7,7,930018,139,0.223606797749979,0,,0,0.0001,0,0,[],[],"[48,106,91,35,129,1,45,74,40,73,138,32,4,116,6,58,99,92,69,125,76,100,49,96,39,114,3,109,122,61,93,108,46,89,24,132,117,56,88,98,95,2,27,113,71,5,65,31,44,30,34,133,64,50,72,107,55,94,19,86,15,118,57,131,8,52,85,137,7,11,47,115,29,67,59,82,124,60,43,9,0,51,105,87,26,10,18,70,120,103,102,21,79,63,101,110,14,121,111,123,28,42,127,36,83,80,20,17,33,97,37]","[142,160,143,204,199,231,232,186,193,159,149,188,175,250,271,194,168,191,218,208,211,182,235,226,256,167,237,203,174,212,178,154,162,230,275,241,197,181,262,260,242,151,261,206,207,251,185,243,272,140,267,257,234,169,265,259,171,225,264,184,192,157,220,144,255,153,139,196,152,222,198,248,180,161,146,166,177,179,213,214,224,201,221,273,147,244,187,247,268,219,276,266,205,155,277,254,240,239,189,156,215,150,173,209,164,172,141,253,190,228,270]",0ff473c952035cb24e295a3064f8e795c1567531dbba7eceea3bddb169c12b78,111,2000655674,3731183028,"[930018,7,0,0,139,200,26]",768511303,3450049051,[5],"{""5"":0}"
S7,7,930019,139,0.223606797749979,0,,0,0.0001,0,0,[],[],"[22,46,111,119,92,67,133,14,135,40,95,24,52,49,65,88,125,68,73,98,45,21,28,5,15,94,59,48,72,129,84,120,100,10,44,110,43,51,50,25,82,42,75,12,81,114,109,80,70,101,85,134,57,26,102,39,16,127,34,41,132,1,97,63,0,115,6,138,31,93,106,27,131,122,69,128,56,54,126,116,7,64,23,3,113,123,47,18,104,118,33,108,124,19,32,35,30,62,13,60,71,2,38,103,89,55,79,36,78,121,91]","[194,146,236,159,165,230,175,185,140,143,190,202,256,248,139,171,268,271,189,199,222,245,150,264,209,186,254,203,241,206,232,144,262,258,152,147,172,229,277,141,224,200,180,181,238,239,223,188,220,145,170,231,255,276,260,178,207,228,161,168,197,182,174,216,193,158,192,155,275,259,167,242,233,195,169,263,243,187,270,249,201,257,272,251,156,148,221,265,273,213,219,212,164,153,160,196,253,142,261,218,162,154,151,176,210,274,252,234,149,246,266]",42d454363013458468309da8649909f50c25ff620b8b8966f298bc144793d5d2,111,3771850184,4071794348,"[930019,7,0,0,139,200,26]",3931894581,3450049051,[5],"{""5"":0}"
S7,7,930020,139,0.223606797749979,0,,0,0.0001,0,0,[],[],"[107,67,19,115,23,126,1,39,73,79,81,95,6,134,38,97,80,41,60,103,45,52,98,40,75,32,132,54,119,33,55,114,44,131,69,51,68,127,12,18,117,101,22,122,49,61,105,129,64,31,118,89,84,37,14,11,125,92,34,20,30,113,109,71,0,82,110,35,29,57,128,50,77,96,16,93,17,66,104,85,83,124,48,42,120,102,88,135,13,25,43,4,2,62,72,7,46,116,74,121,90,59,26,76,10,63,108,78,138,47,53]","[243,274,200,148,254,255,188,196,270,240,172,233,228,185,174,225,144,178,213,247,186,145,189,264,143,192,176,161,198,241,152,146,209,140,184,203,182,201,239,150,175,165,234,179,252,221,205,207,238,197,220,142,262,263,193,160,219,271,269,215,235,158,210,191,216,155,217,151,260,154,259,249,245,170,190,227,231,180,253,242,229,273,177,147,187,167,173,183,195,162,272,194,224,163,168,164,268,169,153,237,222,156,232,257,139,248,206,277,141,208,204]",8d73886c2fd15ea26c1eaa8377492ad543a91b78ca17740156d29a620f010bb7,111,3517176009,783553555,"[930020,7,0,0,139,200,26]",952315604,3450049051,[5],"{""5"":0}"
S7,7,930021,139,0.223606797749979,0,,0,0.0001,0,0,[],[],"[16,63,78,101,121,112,47,98,77,84,130,53,87,72,59,8,44,41,43,85,117,118,100,90,6,60,131,29,38,34,99,64,25,46,49,20,65,23,13,24,81,119,79,126,114,111,19,52,11,27,71,132,96,127,124,74,133,67,21,36,134,94,9,0,83,106,69,22,48,110,55,89,30,7,18,62,15,66,104,70,129,109,88,32,12,10,33,92,76,75,56,122,128,45,135,39,93,50,37,35,105,103,107,73,86,28,54,31,1,51,26]","[159,251,176,233,275,204,152,224,246,155,223,268,266,191,250,195,149,259,240,156,252,182,238,181,164,143,200,213,248,208,220,207,203,260,236,167,218,258,158,150,157,234,199,245,274,198,249,193,230,226,147,172,231,276,166,237,216,197,253,154,177,179,153,148,242,254,146,189,272,232,185,235,270,170,212,221,186,151,257,180,255,219,227,175,209,244,161,160,243,178,205,202,256,139,142,225,174,165,206,145,247,192,217,144,277,263,241,229,210,269,184]",5510ab71ba30ac589338e7fadf83ac34d800469bf0f14059fdd0c4c782a773dd,111,3784074744,3469366951,"[930021,7,0,0,139,200,26]",3983061900,3450049051,[5],"{""5"":0}"
S7,7,930022,139,0.223606797749979,0,,0,0.0001,0,0,[],[],"[117,75,106,73,10,68,62,89,22,1,129,96,93,29,11,64,105,128,81,39,119,101,15,2,3,134,52,122,88,138,130,14,47,5,94,123,103,40,83,55,114,19,100,31,69,118,97,112,67,76,12,78,72,74,102,56,132,34,113,30,77,79,61,99,107,28,92,45,86,18,16,13,48,43,127,33,110,0,9,70,136,109,4,44,66,111,60,91,82,25,41,26,7,50,65,63,87,108,90,20,49,37,131,80,124,57,36,133,6,51,21]","[173,269,274,194,166,180,263,233,225,223,151,253,255,220,257,157,192,165,195,231,160,201,275,163,148,196,146,170,246,184,156,211,277,236,179,145,273,254,152,219,208,271,213,226,168,251,224,164,143,210,221,250,155,266,247,158,276,162,188,203,150,242,142,187,172,167,191,260,181,177,245,249,232,161,217,241,197,216,171,174,159,243,209,244,256,198,262,240,235,141,204,206,239,189,153,193,176,229,267,261,139,169,237,190,186,154,200,272,147,258,205]",4ddcc13a54ee634edcbd312fb92eb5c50f62c81ee43330887ddd1c85c6cf836f,111,2029689001,987001346,"[930022,7,0,0,139,200,26]",3336439400,3450049051,[5],"{""5"":0}"
S7,7,930023,139,0.223606797749979,0,,0,0.0001,0,0,[],[],"[13,127,119,78,33,1,112,126,96,31,37,68,102,11,21,118,9,10,103,57,30,87,64,12,41,17,18,129,52,130,125,121,94,38,20,91,92,6,53,84,135,120,54,137,85,110,25,40,5,35,83,75,106,70,95,82,2,26,42,98,29,117,56,51,128,19,111,134,72,65,47,27,123,50,23,79,89,44,32,43,88,122,80,90,24,69,34,108,86,45,99,63,15,104,113,131,62,61,14,28,3,93,46,7,0,22,77,133,71,76,49]","[247,168,246,241,258,146,189,191,183,207,221,230,223,148,143,206,263,267,158,178,175,250,145,226,225,261,227,220,203,229,214,194,253,202,243,204,147,269,255,152,228,174,139,185,163,193,238,210,232,216,173,239,201,268,213,197,242,217,249,188,198,167,153,186,170,177,157,240,271,211,231,224,149,272,256,141,154,164,172,222,209,262,236,254,150,171,200,212,234,248,187,165,166,260,219,264,277,245,190,151,205,266,156,244,142,144,265,169,182,251,176]",43c37c03aaea7d8286a30bba49408eb07700cc9fa89d2958837792399bd8778b,111,163847026,769123147,"[930023,7,0,0,139,200,26]",582318425,3450049051,[5],"{""5"":0}"
S7,7,930024,139,0.223606797749979,0,,0,0.0001,0,0,[],[],"[27,3,93,22,125,63,21,64,124,71,83,30,85,23,24,7,0,78,16,86,61,129,53,97,76,1,107,42,29,81,103,69,11,137,113,52,123,31,84,126,128,115,56,106,108,20,10,116,89,101,72,136,5,2,14,9,80,66,46,95,65,45,117,8,75,92,102,70,33,48,13,132,50,134,133,104,87,73,18,28,99,43,68,118,36,37,62,6,74,58,131,111,94,98,49,47,19,38,55,4,15,82,51,57,12,90,54,40,34,79,114]","[256,165,271,255,263,267,146,229,156,221,251,264,161,182,243,225,152,193,275,195,205,145,147,201,268,162,172,142,258,247,170,175,261,143,227,160,245,196,214,252,215,194,200,239,144,153,246,163,266,187,250,140,244,237,197,236,183,222,230,220,274,181,174,176,151,186,158,226,273,150,257,177,167,206,270,198,213,155,203,184,192,232,185,238,233,149,241,242,178,254,157,139,168,253,248,202,204,259,209,265,249,272,228,148,190,277,234,208,199,164,189]",2cef05a819d0b9f88709d9c45805440d6d3a12e390b6be3eeced062e648f5db5,111,456932014,3612738162,"[930024,7,0,0,139,200,26]",2961875838,3450049051,[5],"{""5"":0}"
S7,7,930025,139,0.223606797749979,0,,0,0.0001,0,0,[],[],"[42,111,112,82,5,106,87,101,122,38,88,54,14,79,8,21,136,120,138,67,46,32,117,125,131,118,4,23,134,72,127,33,89,97,123,130,44,24,98,124,71,52,137,55,1,90,69,30,132,62,57,86,94,10,133,116,99,102,76,128,36,77,34,115,103,56,113,45,18,3,48,83,41,16,63,61,25,37,75,58,129,95,28,74,107,119,96,70,31,93,108,2,7,51,17,11,13,66,60,135,9,65,20,49,43,40,64,80,85,53,104]","[259,234,182,211,185,213,236,263,240,241,174,145,178,146,275,253,220,217,262,171,215,139,260,273,165,251,148,169,191,237,243,257,248,265,151,194,238,256,141,159,277,198,225,176,203,232,274,192,167,199,143,188,183,246,164,270,254,152,247,258,221,267,218,175,219,140,155,223,207,268,180,226,206,189,212,222,163,147,231,193,149,255,162,195,161,272,142,172,170,261,157,190,229,250,271,153,179,186,249,158,228,224,150,276,184,168,230,196,233,235,197]",ab83339d81e41a74a394628d6c167701053cbf7a033b934a905b95c29c6da721,111,2233168020,1631155465,"[930025,7,0,0,139,200,26]",4193849889,3450049051,[5],"{""5"":0}"
S7,7,930026,139,0.223606797749979,0,,0,0.0001,0,0,[],[],"[121,61,94,23,22,54,75,0,128,88,27,29,74,123,112,10,35,9,48,71,120,132,15,30,102,18,73,99,124,129,134,126,111,68,45,28,116,109,52,21,8,43,78,3,11,46,62,32,114,55,96,138,24,41,133,49,90,66,105,85,80,77,84,119,34,14,64,51,39,108,4,47,2,92,89,87,33,95,50,104,106,19,98,16,107,40,36,56,86,65,60,44,136,79,115,17,82,117,20,42,26,67,1,31,12,100,127,38,97,103,135]","[264,167,187,234,244,217,191,197,218,215,144,236,198,171,275,266,206,154,165,193,196,255,273,202,153,276,169,267,212,268,148,233,250,170,265,207,210,235,228,143,253,205,179,229,176,245,271,203,220,155,214,243,201,186,219,237,274,140,239,227,223,157,142,262,222,241,230,216,160,208,190,199,166,257,184,174,164,151,182,260,158,189,224,178,175,156,185,269,163,232,225,161,146,149,259,141,238,209,172,252,221,226,247,162,188,173,258,195,263,249,139]",18afbc6d38409fb6e5a833d30e9552b893b3fb6dd7c116cdf047bcafa97fbe31,111,2102717543,278812816,"[930026,7,0,0,139,200,26]",4271021765,3450049051,[5],"{""5"":0}"
S7,7,930027,139,0.223606797749979,0,,0,0.0001,0,0,[],[],"[115,45,84,7,17,123,8,93,73,48,137,118,59,132,110,58,89,75,37,47,6,81,113,36,10,100,64,104,35,72,121,134,112,80,88,68,102,43,69,91,46,1,24,106,114,101,50,15,11,82,99,39,33,125,34,67,14,87,130,76,52,79,12,108,38,27,2,20,90,133,41,32,19,98,103,120,65,129,70,136,71,31,25,18,63,61,119,97,109,55,29,66,107,21,116,13,57,42,54,0,94,124,51,5,3,77,16,83,131,9,128]","[224,250,216,147,208,240,275,162,200,219,234,277,177,231,199,193,148,220,186,232,239,182,268,151,143,197,238,183,249,211,140,213,223,251,274,188,154,191,165,245,158,176,259,167,161,263,194,202,144,141,171,159,255,247,195,243,172,156,146,163,257,166,248,152,180,150,192,222,168,261,241,217,272,198,155,160,210,225,212,170,253,276,145,229,149,226,235,273,228,190,203,254,184,173,157,179,142,205,267,164,256,237,196,185,215,214,227,230,270,209,181]",adbc5958a4bd80616d6e36d29aed867b47b8cbc865661433c5a7f1d5ada44f8e,111,2264988851,2794388773,"[930027,7,0,0,139,200,26]",3122666355,3450049051,[5],"{""5"":0}"
S7,7,930028,139,0.223606797749979,0,,0,0.0001,0,0,[],[],"[128,110,125,61,77,80,104,99,3,122,73,58,31,43,52,14,129,127,30,67,22,100,121,75,101,24,56,33,120,74,111,102,44,13,12,7,5,94,39,116,63,26,98,16,51,123,137,136,95,112,53,1,29,132,83,70,36,84,48,78,131,19,20,105,96,35,54,109,68,21,117,108,25,87,4,85,46,17,10,27,133,92,103,88,23,138,135,65,118,113,106,89,2,82,124,28,40,114,9,90,66,115,126,64,62,59,93,34,6,18,37]","[246,225,242,268,203,145,179,234,233,229,266,215,217,166,227,236,141,210,216,232,153,273,184,146,259,200,274,193,160,235,201,251,220,231,249,169,167,161,180,198,245,247,202,168,221,188,223,139,262,165,230,208,272,241,192,219,258,214,177,244,194,197,191,163,148,150,186,250,189,195,239,143,212,156,174,276,171,157,187,213,199,151,170,155,238,149,218,265,190,205,162,183,224,275,237,175,222,207,270,181,154,255,277,196,263,253,159,226,248,176,152]",efb1679fe2e42a18f9c9e121afcd6ae4e4e3a9ffe6be98029f530c743110c1c4,111,1663811723,3738257931,"[930028,7,0,0,139,200,26]",2905733336,3450049051,[5],"{""5"":0}"
S7,7,930029,139,0.223606797749979,0,,0,0.0001,0,0,[],[],"[60,82,7,46,73,104,53,36,21,19,11,38,128,14,5,20,45,22,10,97,89,31,91,115,44,48,3,103,126,122,114,120,0,1,131,110,2,40,35,24,30,112,65,80,75,105,57,137,124,70,130,87,47,127,81,12,26,108,113,25,55,102,133,71,85,100,69,13,49,18,51,4,83,79,43,99,109,29,56,54,62,117,119,134,63,16,58,6,72,125,93,78,138,33,111,101,39,76,118,136,88,23,34,96,116,98,15,61,52,106,84]","[225,199,170,197,139,169,210,153,193,158,155,240,192,190,256,140,237,142,191,270,148,249,206,262,205,184,203,232,217,269,162,167,259,242,195,228,264,243,250,236,255,172,277,176,258,252,164,268,265,218,230,223,178,165,166,168,254,194,247,251,144,209,224,177,171,215,263,198,233,235,174,276,239,271,149,179,207,208,185,222,248,211,241,201,227,261,152,182,189,220,196,163,244,238,157,143,156,273,216,272,266,180,159,188,141,212,146,147,246,204,175]",2ebe2f2dd53cd1005175c7b26c93f9c0cb0aec8e32b0c77c52bf7745314fa7ab,111,2554654121,553360790,"[930029,7,0,0,139,200,26]",528072899,3450049051,[5],"{""5"":0}"
S7,7,930030,139,0.223606797749979,0,,0,0.0001,0,0,[],[],"[77,92,116,83,1,106,6,55,95,61,60,96,57,38,12,68,126,56,18,30,67,132,78,114,36,81,110,40,51,100,129,121,72,98,2,97,118,46,58,7,49,9,131,119,47,5,89,33,14,62,130,79,29,50,74,53,103,13,108,27,35,99,70,66,17,11,19,115,125,73,59,101,135,133,109,134,86,37,82,25,64,63,0,28,16,39,44,90,69,20,85,104,41,76,26,123,84,65,54,3,24,88,113,127,71,136,124,91,107,120,10]","[263,228,144,227,234,165,242,217,174,226,272,204,147,199,213,210,167,208,264,162,202,141,195,244,237,256,235,178,158,238,275,268,180,192,182,148,188,203,251,215,179,160,266,194,140,260,233,143,172,198,248,241,209,225,142,230,232,153,250,186,173,175,156,219,200,157,276,169,262,206,254,271,224,212,205,247,145,249,253,257,161,231,196,223,190,164,239,277,274,152,185,221,183,270,222,155,166,151,269,216,146,171,159,261,252,150,236,187,197,259,201]",cbd1e572f4c508d22d3ed4844fbcb138946ea8db79cc03b58bc712b08b72efdf,111,3668547773,1934075985,"[930030,7,0,0,139,200,26]",3515983271,3450049051,[5],"{""5"":0}"
S7,7,930031,139,0.223606797749979,0,,0,0.0001,0,0,[],[],"[132,118,119,115,128,87,46,112,29,2,44,105,37,98,113,121,53,32,94,72,62,55,68,7,81,26,21,51,70,104,111,71,90,42,5,38,47,64,125,117,18,43,85,34,58,78,91,45,49,108,14,109,129,75,84,56,73,1,110,97,82,33,63,59,66,31,83,25,23,122,20,16,103,99,52,15,86,65,77,107,130,133,60,11,17,13,22,50,137,40,39,93,10,6,120,12,124,131,9,116,67,76,48,101,27,41,138,19,127,61,135]","[195,209,226,265,270,148,141,261,273,166,193,222,156,271,245,159,205,268,244,221,255,203,154,187,275,150,179,183,160,208,266,151,218,168,186,214,229,220,217,267,188,201,202,176,163,251,212,257,158,184,185,140,228,155,249,243,211,277,235,241,247,175,242,164,256,207,260,225,177,196,232,190,142,215,145,263,146,259,258,248,199,262,180,200,210,162,149,174,157,165,264,167,191,173,213,240,252,198,181,170,192,197,233,254,169,234,216,147,161,194,246]",15555d979aad4f8b5a8a189a865d5b00f727c0317e404b131520288be43dd4b6,111,2099440251,3269820282,"[930031,7,0,0,139,200,26]",544996093,3450049051,[5],"{""5"":0}"
S7,7,930032,139,0.223606797749979,0,,0,0.0001,0,0,[],[],"[123,108,121,131,80,62,137,41,17,10,8,65,88,119,55,132,110,18,52,42,130,114,134,46,136,78,12,126,14,39,72,118,61,19,66,113,33,97,111,44,81,107,120,54,21,105,5,69,51,84,2,82,93,86,37,98,30,40,31,11,76,91,38,90,22,104,48,99,9,112,35,3,138,100,27,26,24,135,115,71,16,50,77,28,124,23,7,101,45,34,106,59,70,87,64,29,85,25,117,53,4,20,15,116,74,67,6,32,60,103,43]","[193,257,156,249,173,236,178,147,176,259,258,157,195,212,175,229,196,182,141,167,255,165,188,164,265,215,145,231,247,260,256,244,266,225,248,184,185,261,162,220,276,183,240,170,226,263,201,274,205,227,238,152,253,199,191,277,222,150,168,151,146,177,272,242,216,160,158,166,189,213,190,267,204,241,148,159,224,144,172,275,271,254,228,153,217,219,139,237,273,223,269,142,252,243,171,209,210,214,251,155,206,246,235,149,245,230,198,179,239,181,203]",3fb76041f8becaf620780553b1b23089dfb97d02889ceb80db8f1169c987861f,111,3867645009,1115123296,"[930032,7,0,0,139,200,26]",3835322877,3450049051,[5],"{""5"":0}"
S7,7,930033,139,0.223606797749979,0,,0,0.0001,0,0,[],[],"[137,134,111,121,60,63,29,109,67,42,100,83,72,71,79,53,39,38,95,108,58,0,1,130,107,85,70,88,51,119,17,57,87,4,8,125,46,96,132,118,59,89,34,3,115,27,33,82,74,19,26,24,124,15,41,97,13,20,69,110,106,25,127,122,18,10,5,86,62,138,136,75,98,65,80,84,37,43,117,36,30,77,102,22,123,35,44,105,131,28,128,56,135,99,114,90,120,14,55,76,48,103,129,32,6,66,133,78,16,112,23]","[215,203,267,147,262,148,271,189,245,195,207,200,235,259,217,182,154,256,187,264,227,210,167,242,198,226,265,159,246,243,185,192,228,181,212,275,224,269,257,236,177,183,260,273,140,155,194,193,180,202,161,162,251,248,239,197,142,186,222,238,139,176,252,255,209,141,274,231,221,216,213,253,229,237,146,149,218,263,152,261,156,172,164,211,244,143,199,160,247,225,178,241,188,145,250,150,170,232,254,230,205,173,206,163,184,233,270,258,153,190,166]",d88ef6f19073b3aa8bc87a79b75b849d7b1c4ad9ad91e28e6a06e415ad5edc01,111,2415787274,2273922560,"[930033,7,0,0,139,200,26]",4259626890,3450049051,[5],"{""5"":0}"
S7,7,930034,139,0.223606797749979,0,,0,0.0001,0,0,[],[],"[65,20,70,28,49,84,23,92,97,72,55,117,81,119,78,109,126,15,113,40,100,88,98,52,104,51,112,12,123,36,54,41,86,93,34,83,38,62,63,37,89,115,99,107,114,26,33,124,7,131,42,120,59,130,10,103,27,39,29,30,1,19,105,90,56,6,4,5,110,0,44,116,96,31,50,118,53,121,80,127,46,43,71,137,8,57,76,67,47,91,111,77,133,3,35,69,16,136,132,102,125,129,61,75,138,135,22,95,73,68,9]","[248,260,225,212,229,205,151,269,197,241,254,265,146,258,253,160,234,218,220,184,165,252,139,245,235,159,230,271,189,163,262,239,246,204,206,216,193,177,222,217,173,250,276,182,219,201,191,178,154,148,142,207,208,147,196,261,223,240,203,199,143,236,169,176,233,145,183,195,198,277,243,249,172,251,185,273,168,227,190,161,256,231,175,214,162,274,150,200,264,144,155,263,170,164,188,187,213,259,224,228,247,158,194,140,270,181,232,167,180,153,226]",570e9ad20f1e220a642177a2d6c0fbcb12e4f09a203e51894c924449226aa78a,111,3958874352,161339341,"[930034,7,0,0,139,200,26]",1779605626,3450049051,[5],"{""5"":0}"
S7,7,930035,139,0.223606797749979,0,,0,0.1,101,64,"[9,40,44,102,119,131,135,156,190,205,248,255,263,289,304,386,394,439,440,465,514,570,586,590,605,617,631,643,647,678,696,708,739,757,765,769,772,787,804,818,819,825,863,904,910,920,932,948,955,968,972,982,1008,1022,1044,1053,1055,1108,1141,1162,1175,1185,1221,1245]","[[9,-1],[40,-1],[44,-1],[102,-1],[119,1],[131,-1],[135,-1],[156,-1],[190,1],[205,-1],[248,-1],[255,-1],[263,-1],[289,1],[304,1],[386,-1],[394,1],[439,1],[440,-1],[465,1],[514,-1],[570,-1],[586,1],[590,-1],[605,-1],[617,-1],[631,-1],[643,-1],[647,1],[678,-1],[696,-1],[708,1],[739,-1],[757,1],[765,1],[769,-1],[772,-1],[787,1],[804,-1],[818,1],[819,-1],[825,-1],[863,1],[904,1],[910,-1],[920,1],[932,-1],[948,1],[955,-1],[968,1],[972,1],[982,-1],[1008,-1],[1022,-1],[1044,1],[1053,1],[1055,1],[1108,1],[1141,1],[1162,1],[1175,1],[1185,1],[1221,1],[1245,-1]]","[24,12,96,28,14,116,75,16,17,58,5,3,6,70,50,67,71,107,85,113,39,83,15,56,81,42,54,111,126,66,132,93,53,31,40,10,29,69,23,114,102,74,89,133,121,0,80,90,44,27,136,9,76,43,22,45,95,48,100,33,73,118,119,62,64,19,77,63,122,124,91,129,11,46,138,135,57,104,84,117,30,131,2,65,4,59,115,99,41,26,120,36,61,55,25,18,47,101,78,137,79,128,82,88,106,125,32,51,35,21,72]","[196,232,209,246,168,212,190,234,273,266,277,238,243,180,224,211,247,148,194,240,161,198,225,186,248,210,261,228,257,173,227,163,153,213,220,142,233,253,201,244,139,250,203,176,166,231,235,172,215,158,147,183,222,165,152,237,182,263,255,239,265,193,184,245,271,155,256,144,236,269,205,229,275,150,254,197,272,206,167,156,276,219,207,274,221,185,143,188,230,145,262,146,208,214,170,141,149,202,218,223,189,159,241,268,226,187,171,249,252,264,200]",56631e1ec5c0a3e60f920f89622f73f56bd0d64f1ebd0cbcfaae5a56de62d171,111,4275696546,2250578164,"[930035,7,0,0,139,200,26]",320618789,3450049051,[5],"{""5"":0}"
S7,7,930036,139,0.223606797749979,0,,0,0.0001,0,0,[],[],"[43,44,105,112,77,135,58,134,4,115,102,12,109,8,66,16,96,62,30,13,21,47,71,24,88,20,72,104,108,98,138,119,33,99,137,120,61,93,32,117,9,46,36,60,37,25,53,126,73,106,45,63,76,54,80,40,111,14,70,116,7,2,57,39,69,3,128,34,122,130,78,127,107,85,29,55,74,59,136,51,38,103,123,132,68,113,90,31,75,87,92,81,0,50,18,114,84,19,95,129,83,17,64,124,11,27,41,10,52,5,82]","[243,184,250,238,232,144,181,231,265,211,148,150,240,220,195,253,213,251,247,207,210,212,260,246,266,239,274,171,169,173,234,151,145,200,170,141,222,187,208,153,160,264,161,197,271,204,188,223,180,254,196,182,209,245,241,224,206,216,172,194,186,198,229,275,272,249,233,244,230,215,178,236,269,177,149,155,143,226,176,165,273,277,158,270,225,267,147,139,162,214,202,201,221,248,185,257,183,227,164,175,193,218,163,166,199,259,242,152,146,167,237]",8f5756d335f76ab8f58951e0899ce0bb310e910d7770656dfa27f9f091f171ad,111,4120308056,2288478759,"[930036,7,0,0,139,200,26]",1330335651,3450049051,[5],"{""5"":0}"
S7,7,930037,139,0.223606797749979,0,,0,0.0001,0,0,[],[],"[7,96,62,42,29,56,102,98,104,109,77,65,136,16,111,39,2,57,107,17,82,86,15,88,137,23,128,114,44,100,79,69,58,45,72,101,106,105,84,113,119,43,115,14,133,68,121,53,64,127,66,122,73,63,35,50,8,9,10,103,131,37,34,32,3,12,97,132,59,20,52,135,25,95,61,5,18,81,112,11,92,75,90,87,13,117,6,93,46,1,126,83,91,123,19,4,78,89,134,85,94,138,125,41,22,99,130,70,48,47,30]","[160,249,251,239,209,261,208,201,233,240,189,243,155,178,268,254,159,270,241,276,145,273,199,207,236,259,242,192,179,200,226,265,158,202,269,252,181,176,234,141,185,187,210,180,172,193,229,183,163,151,245,166,188,214,190,184,139,177,196,222,230,231,164,167,205,213,143,161,173,203,225,263,217,149,146,266,194,223,198,170,272,197,169,274,277,237,253,157,162,152,148,147,238,275,174,165,250,140,195,211,224,204,168,235,150,256,255,262,244,153,171]",8da4f74b75f82aab833987878b80b1ffb366fca765c9dbaf46ef4ef74ec1d3a9,111,4040460128,1635494206,"[930037,7,0,0,139,200,26]",2625824894,3450049051,[5],"{""5"":0}"
S7,7,930038,139,0.223606797749979,0,,0,0.0001,0,0,[],[],"[127,112,3,62,32,87,67,119,27,110,37,64,8,66,60,52,5,132,90,77,99,73,95,137,55,59,136,126,46,91,24,104,103,9,12,33,108,54,26,28,2,21,70,68,118,105,114,97,138,22,53,135,72,19,40,102,125,78,4,25,38,98,36,128,109,89,34,44,84,80,6,11,30,120,117,94,20,10,0,86,7,107,130,111,83,134,57,13,63,85,115,15,79,124,47,133,121,76,31,48,123,35,122,41,42,74,113,75,16,131,106]","[270,219,182,276,161,271,242,207,215,204,194,180,147,192,275,231,257,273,199,143,253,185,171,272,260,172,230,244,162,206,193,266,145,173,254,224,220,208,203,150,248,181,146,163,228,243,255,158,183,227,237,141,157,226,165,213,209,246,201,167,240,189,235,274,252,198,186,258,195,229,202,236,177,154,267,169,197,188,250,139,210,149,191,249,234,190,218,159,152,238,196,277,175,245,217,265,156,247,168,262,148,174,223,184,142,170,222,269,205,216,233]",ef55e881989bcf7fbbfd4f54d5359c5f156b9b40eed5a9160a18ad2a2fdbd189,111,2250112762,4278580806,"[930038,7,0,0,139,200,26]",4268828083,3450049051,[5],"{""5"":0}"
S7,7,930039,139,0.223606797749979,0,,0,0.0001,0,0,[],[],"[132,111,37,73,62,106,14,112,31,87,98,32,11,4,59,122,63,104,54,8,109,46,30,23,13,0,77,97,44,115,15,1,110,117,5,10,53,78,80,68,74,118,22,135,89,90,12,127,82,107,84,67,50,34,129,88,116,24,64,57,38,101,39,65,114,96,7,20,85,124,91,113,92,128,18,16,2,131,126,76,51,47,55,33,49,41,35,17,71,26,69,123,28,3,66,36,21,45,108,19,81,40,138,86,48,42,79,121,61,103,60]","[210,237,199,164,185,209,175,215,190,201,214,273,140,254,249,256,141,195,191,269,182,266,150,197,265,172,247,220,160,230,234,267,156,223,270,231,243,143,178,271,232,203,166,176,200,225,189,186,161,184,159,165,262,145,224,255,170,193,205,229,268,258,257,275,158,163,218,151,245,187,144,206,173,277,264,260,192,212,259,180,250,238,202,179,272,251,276,274,235,213,216,154,228,204,208,153,162,236,194,155,252,241,174,219,240,167,168,242,261,139,207]",da6a72170f692486fc1fa7a44e53b68dd4a86367458b8ad8821f43b16d12117f,111,1751207270,3664662817,"[930039,7,0,0,139,200,26]",3949291594,3450049051,[5],"{""5"":0}"
S7,7,930040,139,0.223606797749979,0,,0,0.0001,0,0,[],[],"[4,121,13,46,132,28,90,0,110,34,100,22,37,71,106,63,42,133,57,39,30,55,23,1,83,103,15,24,81,114,102,65,97,94,126,137,66,118,105,122,38,27,61,129,67,95,68,75,53,131,51,80,41,77,96,47,59,7,101,62,89,18,3,54,10,31,86,130,32,8,111,64,79,104,9,115,17,49,78,72,74,84,85,56,73,44,52,119,6,36,11,19,125,21,91,87,128,25,135,70,69,40,2,117,123,116,93,109,33,92,45]","[183,244,253,242,151,223,202,169,263,252,150,157,274,141,175,168,255,208,256,259,229,241,234,218,260,249,179,201,178,243,190,258,237,247,205,272,185,268,156,167,159,230,193,215,276,162,188,250,219,180,148,203,265,154,238,160,146,139,206,232,181,277,239,262,207,184,212,161,158,267,216,166,142,182,189,245,197,264,186,192,198,273,228,224,145,231,211,187,221,271,173,171,213,174,251,204,266,196,209,240,170,235,275,140,246,210,270,191,165,177,163]",aae3ed91d743817b3ebaea82f845fbe2613ad2684b9a9743757309630b9f52a7,111,2723294535,3582947124,"[930040,7,0,0,139,200,26]",146917874,3450049051,[5],"{""5"":0}"
S7,7,930041,139,0.223606797749979,0,,0,0.1,101,72,"[11,29,40,82,102,131,138,156,192,230,248,269,281,305,307,318,327,343,385,386,408,449,474,495,508,538,543,558,570,586,590,595,617,631,633,643,671,678,708,757,764,819,825,837,871,904,905,920,948,972,982,988,991,996,1005,1008,1024,1025,1044,1053,1055,1073,1086,1108,1128,1141,1149,1162,1178,1185,1229,1245]","[[11,1],[29,-1],[40,-1],[82,-1],[102,-1],[131,-1],[138,-1],[156,-1],[192,-1],[230,1],[248,-1],[269,-1],[281,-1],[305,1],[307,1],[318,-1],[327,-1],[343,1],[385,1],[386,-1],[408,-1],[449,1],[474,1],[495,-1],[508,1],[538,1],[543,1],[558,1],[570,-1],[586,1],[590,-1],[595,-1],[617,-1],[631,-1],[633,1],[643,-1],[671,1],[678,-1],[708,1],[757,1],[764,1],[819,-1],[825,-1],[837,1],[871,1],[904,1],[905,1],[920,1],[948,1],[972,1],[982,-1],[988,1],[991,1],[996,1],[1005,-1],[1008,-1],[1024,1],[1025,-1],[1044,1],[1053,1],[1055,1],[1073,-1],[1086,1],[1108,1],[1128,-1],[1141,1],[1149,-1],[1162,1],[1178,-1],[1185,1],[1229,-1],[1245,-1]]","[81,31,10,100,50,59,70,17,23,65,85,44,106,45,40,72,26,46,108,98,135,117,51,123,137,92,25,124,125,104,101,16,64,105,62,66,89,91,21,37,69,76,129,75,27,3,74,78,30,121,18,107,102,131,52,24,41,84,120,0,122,68,2,90,7,109,63,33,53,42,47,95,99,88,94,130,71,56,6,87,39,32,20,61,134,113,138,79,132,96,126,116,14,103,9,80,60,119,114,22,58,4,128,127,36,110,82,8,93,35,86]","[248,145,194,257,242,183,204,196,261,193,253,200,276,139,202,168,165,199,150,180,175,268,156,247,148,251,158,212,215,272,176,233,230,155,189,178,188,157,172,262,161,240,271,258,209,232,220,182,238,149,192,151,216,201,266,274,143,256,162,222,208,187,203,228,229,179,263,234,164,154,198,166,237,205,249,260,147,152,214,245,141,254,265,273,277,217,185,210,223,206,231,177,140,243,246,219,207,275,235,252,170,163,224,255,159,270,211,173,174,226,197]",3797397790e6cb2a3816758a72d5cb4f1342ffc50b2be4d610aa41662b10cf10,111,3551594086,1828749147,"[930041,7,0,0,139,200,26]",1247398666,3450049051,[5],"{""5"":0}"
S7,7,930042,139,0.223606797749979,0,,0,0.0001,0,0,[],[],"[74,43,96,99,34,93,6,7,33,104,62,39,137,78,70,51,36,106,37,65,68,21,110,32,111,53,116,66,27,122,118,109,26,129,49,81,128,46,108,54,97,3,61,19,102,47,113,1,9,4,92,18,44,10,114,77,123,75,88,15,8,42,80,126,105,67,79,41,59,89,31,130,2,133,23,28,101,35,136,125,134,120,87,13,135,17,131,117,64,22,127,48,55,24,14,73,11,98,95,38,90,83,71,72,94,30,45,56,57,86,85]","[210,223,258,190,157,221,139,201,180,233,239,187,271,268,151,162,144,178,147,154,232,182,167,277,202,245,166,241,274,252,213,257,184,159,198,186,169,197,179,200,140,181,205,173,192,214,152,176,188,211,212,160,240,146,242,215,230,231,273,272,194,185,247,218,238,165,276,171,149,217,142,259,249,143,150,255,216,195,161,267,256,243,275,177,250,199,168,170,225,175,226,254,189,253,219,193,174,163,204,246,155,153,158,228,270,224,263,196,251,265,269]",452371b1f9350b8693938b07884bf4ebe82693382fdfdc53fc7a92dbc0416834,111,1578157803,3822715014,"[930042,7,0,0,139,200,26]",1079057446,3450049051,[5],"{""5"":0}"
S7,7,930043,139,0.223606797749979,0,,0,0.0001,0,0,[],[],"[127,114,23,116,110,135,125,22,134,123,106,99,43,48,52,102,49,77,25,7,115,131,50,87,128,15,70,41,38,85,105,66,120,84,113,18,121,81,62,8,93,92,82,76,138,26,13,39,136,17,104,132,89,100,117,122,80,57,10,108,130,63,79,35,83,2,11,47,6,44,45,33,60,97,21,24,53,94,119,34,107,111,32,64,103,16,59,20,69,5,88,98,9,74,65,46,118,55,30,129,109,126,72,54,91,61,75,42,71,40,133]","[149,160,206,140,198,189,164,262,234,266,270,194,157,246,167,174,263,233,239,139,177,241,245,235,210,144,156,188,187,148,186,237,251,229,151,192,236,172,180,218,226,205,209,259,227,162,161,142,228,217,185,252,248,190,240,213,247,170,179,203,242,271,201,274,208,219,211,264,215,276,269,154,225,155,178,150,214,152,165,147,171,277,273,163,267,196,169,193,216,200,184,253,258,141,230,243,202,275,158,204,159,268,256,191,143,231,221,166,232,222,195]",c171d34a34a437488f159359a7614e57e16abc70106a9297de86ee7a34bca010,111,444213822,67941027,"[930043,7,0,0,139,200,26]",2324881869,3450049051,[5],"{""5"":0}"
S7,7,930044,139,0.223606797749979,0,,0,0.0001,0,0,[],[],"[109,8,110,86,29,105,55,106,72,24,74,39,119,81,91,122,56,113,60,18,130,51,17,63,102,125,13,0,107,43,93,34,112,37,89,19,127,123,132,88,134,26,6,52,133,15,85,31,45,87,16,138,108,68,137,35,100,83,70,114,36,96,12,131,111,47,90,3,7,117,20,92,25,44,98,129,99,58,11,118,38,30,135,46,120,82,115,4,136,126,76,53,128,124,10,71,42,97,32,61,5,48,27,101,1,77,66,41,22,80,40]","[144,207,200,254,234,178,211,237,162,242,194,159,181,264,189,170,215,156,232,243,263,177,262,191,226,265,221,272,204,197,260,240,155,205,248,218,255,225,193,192,165,140,160,266,186,273,164,245,163,270,252,275,198,166,183,146,261,213,210,142,246,153,202,152,174,158,195,203,199,269,188,268,176,150,217,233,228,231,172,258,259,219,214,141,277,182,241,161,256,209,187,157,227,143,154,244,216,190,220,201,223,212,149,224,274,168,236,167,276,171,235]",b50bce81186cacc14b75a889393353afb28bb094106851883bcf318f3218631c,111,3698419317,3574431770,"[930044,7,0,0,139,200,26]",2408757525,3450049051,[5],"{""5"":0}"
S7,7,930045,139,0.223606797749979,0,,0,0.0001,0,0,[],[],"[80,32,96,110,108,31,65,51,137,25,83,39,13,49,102,36,69,28,91,77,126,99,78,132,48,43,70,21,128,79,88,18,104,1,45,94,100,97,75,14,129,118,33,35,24,3,52,116,58,120,40,114,92,44,60,16,37,15,130,66,95,61,98,101,50,29,119,111,71,112,106,54,6,135,64,47,0,10,22,63,30,127,20,122,93,136,86,27,42,117,38,105,53,76,74,17,59,26,107,82,124,123,121,62,4,89,85,133,7,90,46]","[238,273,141,190,256,252,140,244,143,188,196,179,246,225,226,167,158,186,210,173,240,203,232,206,229,195,249,217,276,200,236,169,178,274,177,152,175,233,263,255,234,268,171,193,185,181,261,275,191,258,213,172,189,150,208,237,247,182,145,215,243,272,241,228,155,147,197,198,259,142,219,192,160,218,162,222,159,164,245,194,183,170,264,209,269,161,221,266,214,184,176,201,231,270,187,163,242,267,154,212,253,271,207,144,254,174,153,250,148,277,211]",af5f9830fc579b7198123e1b8f2ad84994e503531036b810520968eb10973743,111,46128988,369952363,"[930045,7,0,0,139,200,26]",1990814063,3450049051,[5],"{""5"":0}"
S7,7,930046,139,0.223606797749979,0,,0,0.0001,0,0,[],[],"[45,117,127,26,11,9,31,10,54,36,80,37,75,119,19,64,27,112,48,88,73,86,59,123,120,33,1,74,12,7,69,83,23,77,60,20,34,122,68,128,32,55,28,134,97,39,30,46,41,124,107,29,105,133,56,47,2,111,67,136,50,116,76,96,8,85,126,70,5,137,99,15,17,14,94,89,95,115,132,53,130,118,81,131,71,25,0,49,101,62,38,61,125,51,82,104,121,106,42,13,108,135,65,52,6,84,22,72,16,103,3]","[189,277,178,270,188,243,242,235,146,238,159,169,229,150,213,143,249,220,222,165,193,184,254,259,185,201,140,274,197,149,273,239,225,168,210,160,261,156,174,195,228,227,218,166,155,151,192,182,171,257,221,141,214,230,268,154,181,223,139,209,275,191,226,258,236,234,260,163,208,199,161,176,232,244,186,265,190,247,180,216,253,175,162,240,262,272,251,204,245,157,219,233,211,206,205,147,264,207,224,256,167,250,194,148,263,237,173,255,187,145,200]",4e17f432638748bf195e271182908d5761438368d2e86e12677a385c6333d13a,111,1850044864,4155760260,"[930046,7,0,0,139,200,26]",3013829956,3450049051,[5],"{""5"":0}"
S7,7,930047,139,0.223606797749979,0,,0,0.0001,0,0,[],[],"[110,10,120,100,60,37,35,14,138,55,119,65,41,122,94,63,111,3,59,106,13,68,93,104,44,27,134,39,131,20,2,114,0,9,15,23,5,89,4,112,125,1,30,64,19,28,129,56,77,53,71,72,22,18,43,31,11,90,78,108,48,54,130,103,45,40,97,109,34,81,102,92,107,101,113,116,83,67,85,117,6,98,82,7,70,8,79,105,12,38,96,133,99,126,123,115,46,21,137,75,84,76,52,73,121,29,95,135,16,58,33]","[254,258,200,233,205,149,222,188,195,145,154,201,143,172,269,190,230,262,241,181,144,244,227,273,160,165,246,213,210,240,251,275,255,159,194,192,208,220,223,151,256,196,179,257,173,260,161,185,224,178,157,250,164,266,175,236,272,231,202,206,146,268,249,271,141,193,232,277,169,184,209,153,176,253,229,221,152,252,261,186,245,142,183,265,215,198,216,226,234,239,228,147,203,270,217,219,174,218,274,214,263,235,139,225,166,191,156,155,211,247,148]",78eaf696a49ded4a836f6820b93d4adb4da9165e94ec478a1f102cabd09d6d6b,111,1311043117,2772398960,"[930047,7,0,0,139,200,26]",3164687710,3450049051,[5],"{""5"":0}"
S7,7,930048,139,0.223606797749979,0,,0,0.0001,0,0,[],[],"[36,69,26,133,0,108,83,21,90,53,27,71,35,55,80,116,38,18,11,9,4,58,19,119,81,51,34,115,39,70,85,32,125,1,17,97,50,63,126,52,20,100,64,95,67,86,33,105,24,122,56,54,12,124,44,127,103,37,68,102,72,101,87,98,31,16,131,40,29,42,48,65,109,22,99,94,13,6,10,61,106,110,120,128,118,74,89,132,92,96,15,121,79,137,46,104,49,77,5,93,135,62,114,138,57,25,3,136,23,134,7]","[186,233,249,166,176,269,206,265,148,194,141,236,140,163,171,174,165,224,271,155,162,220,193,232,158,144,189,253,210,235,245,180,261,211,229,208,259,226,177,170,161,197,188,238,256,185,156,154,217,255,150,159,187,268,205,164,262,181,237,202,270,191,196,169,184,216,248,258,275,277,273,219,225,149,272,254,231,151,260,228,146,179,178,172,200,160,207,157,182,241,250,247,153,230,267,239,244,215,266,251,198,173,214,263,199,167,252,139,257,195,212]",13e0cba9e99dd9cdbf72a8c9f79e34fb75a41b75ef5bebd5a97eed69e78eb4ef,111,3956826695,1166107499,"[930048,7,0,0,139,200,26]",3683515087,3450049051,[5],"{""5"":0}"
S7,7,930049,139,0.223606797749979,0,,0,0.0001,0,0,[],[],"[137,10,52,8,20,136,32,36,95,73,86,87,60,105,138,28,7,75,120,21,88,58,91,49,17,102,18,90,110,25,117,57,122,54,97,113,2,30,13,14,107,9,56,114,78,55,71,40,45,42,77,38,23,115,43,83,67,76,124,68,99,24,53,79,98,19,81,85,128,69,51,26,66,44,27,50,33,80,106,70,123,62,94,59,112,131,119,84,31,116,22,100,133,135,118,48,125,89,3,103,12,1,108,47,127,29,101,64,34,11,132]","[228,152,168,140,181,159,190,172,261,151,198,264,155,210,139,183,215,153,205,251,252,204,245,179,142,158,250,274,246,196,170,226,149,240,219,269,238,189,221,232,194,242,241,206,188,270,223,275,167,231,244,260,141,214,237,225,253,224,207,220,199,271,197,276,174,273,165,239,178,186,229,243,173,266,258,192,177,157,203,156,182,148,222,144,248,176,162,230,267,227,208,213,164,193,166,161,255,235,145,268,262,216,217,143,218,150,187,265,191,175,247]",7b9cf1ea3fb7f3922a43f7da39a7258d30c8c3343547bbd4ac016bd44c1cdecf,111,3569272569,4238772172,"[930049,7,0,0,139,200,26]",878280859,3450049051,[5],"{""5"":0}"
S7,7,930050,139,0.223606797749979,0,,0,0.1,101,79,"[3,7,9,15,44,70,78,85,88,103,108,131,156,158,203,218,222,230,248,255,298,304,305,317,322,385,394,421,428,439,440,446,452,484,495,550,561,586,592,593,595,606,617,622,631,678,702,725,738,762,804,814,817,818,837,863,868,904,910,920,938,948,968,988,1007,1024,1025,1044,1046,1069,1086,1108,1128,1141,1160,1178,1225,1247,1272]","[[3,1],[7,1],[9,-1],[15,1],[44,-1],[70,-1],[78,-1],[85,-1],[88,1],[103,-1],[108,-1],[131,-1],[156,-1],[158,-1],[203,1],[218,1],[222,-1],[230,1],[248,-1],[255,-1],[298,1],[304,1],[305,1],[317,-1],[322,-1],[385,1],[394,1],[421,1],[428,-1],[439,1],[440,-1],[446,-1],[452,-1],[484,1],[495,-1],[550,-1],[561,1],[586,1],[592,-1],[593,1],[595,-1],[606,-1],[617,-1],[622,-1],[631,-1],[678,-1],[702,1],[725,-1],[738,-1],[762,1],[804,-1],[814,-1],[817,1],[818,1],[837,1],[863,1],[868,1],[904,1],[910,-1],[920,1],[938,-1],[948,1],[968,1],[988,1],[1007,-1],[1024,1],[1025,-1],[1044,1],[1046,-1],[1069,-1],[1086,1],[1108,1],[1128,-1],[1141,1],[1160,1],[1178,-1],[1225,1],[1247,1],[1272,-1]]","[34,92,58,39,110,11,86,120,54,8,124,51,132,118,59,30,104,43,138,53,79,134,4,87,27,100,81,41,24,6,57,112,73,33,77,83,101,47,7,97,14,90,36,37,44,109,89,42,65,71,28,9,137,94,106,46,78,31,66,19,23,136,62,111,12,114,49,133,20,116,69,2,95,1,21,5,130,123,99,40,127,63,88,126,13,61,93,119,102,22,84,48,117,38,55,128,67,74,115,29,26,103,15,18,107,70,25,121,17,68,56]","[274,174,192,244,153,246,161,182,277,202,250,230,261,235,223,226,266,216,150,144,185,198,191,147,212,172,169,229,186,155,184,255,219,171,180,215,140,258,241,221,188,164,233,236,197,262,141,231,160,193,181,206,159,220,189,207,165,243,257,158,225,271,194,183,264,217,268,269,178,245,228,146,175,143,204,157,252,227,240,222,151,265,152,259,149,256,177,208,179,249,201,273,142,196,190,238,213,247,214,167,260,176,254,173,145,170,154,242,162,224,187]",e5be404f414e9817f880104a97baf1dab5b21a57abdd8ba1ca7c6eab0bcbd4e7,111,2531128228,4291325687,"[930050,7,0,0,139,200,26]",2944438911,3450049051,[5],"{""5"":0}"
S7,7,930051,139,0.223606797749979,0,,0,0.0001,0,0,[],[],"[15,115,26,95,48,98,76,5,3,100,62,89,33,19,53,55,27,90,93,13,39,9,77,116,63,104,34,138,2,85,118,11,10,82,96,8,42,24,123,46,49,14,41,1,67,109,57,71,40,113,38,122,70,83,60,121,20,80,129,81,107,126,86,105,35,124,66,73,58,56,97,99,51,74,47,87,137,52,114,18,103,102,50,64,72,111,69,112,94,22,68,7,0,110,131,75,119,91,84,6,45,12,4,106,61,16,135,101,29,54,43]","[187,269,147,140,244,225,201,160,266,155,221,204,179,206,247,246,149,152,186,250,259,267,139,161,207,146,216,249,165,228,193,276,254,202,148,208,231,199,235,141,264,175,248,214,218,253,171,263,239,209,256,243,252,265,257,260,275,192,238,240,194,184,166,200,226,273,156,213,210,219,162,220,153,237,251,154,197,222,189,180,268,183,158,177,255,157,271,185,277,270,232,188,242,234,178,230,245,143,236,151,262,170,172,182,224,274,164,227,195,142,181]",2150c6984404adbad2609ccbe8c60c3c63dde045b94fcac7cbf79c6fc9ceb390,111,1016797043,915343424,"[930051,7,0,0,139,200,26]",2035780995,3450049051,[5],"{""5"":0}"
S7,7,930052,139,0.223606797749979,0,,0,0.1,101,72,"[3,5,7,11,22,32,66,99,131,138,144,156,158,164,240,256,271,289,302,305,307,327,338,386,428,439,495,543,558,586,590,592,595,600,602,631,643,648,678,702,725,737,738,762,812,817,837,869,871,904,924,938,948,972,982,988,1005,1007,1008,1025,1044,1072,1086,1108,1128,1141,1154,1161,1178,1229,1245,1272]","[[3,1],[5,-1],[7,1],[11,1],[22,1],[32,-1],[66,-1],[99,-1],[131,-1],[138,-1],[144,1],[156,-1],[158,-1],[164,1],[240,-1],[256,1],[271,-1],[289,1],[302,-1],[305,1],[307,1],[327,-1],[338,1],[386,-1],[428,-1],[439,1],[495,-1],[543,1],[558,1],[586,1],[590,-1],[592,-1],[595,-1],[600,1],[602,-1],[631,-1],[643,-1],[648,-1],[678,-1],[702,1],[725,-1],[737,1],[738,-1],[762,1],[812,-1],[817,1],[837,1],[869,-1],[871,1],[904,1],[924,1],[938,-1],[948,1],[972,1],[982,-1],[988,1],[1005,-1],[1007,-1],[1008,-1],[1025,-1],[1044,1],[1072,-1],[1086,1],[1108,1],[1128,-1],[1141,1],[1154,-1],[1161,1],[1178,-1],[1229,-1],[1245,-1],[1272,-1]]","[85,56,79,90,43,14,59,50,6,116,77,101,136,33,112,99,28,44,37,20,27,53,52,96,7,115,4,46,38,32,98,34,83,64,73,9,1,84,78,0,81,75,82,124,48,22,95,91,58,36,123,118,63,117,54,2,121,26,35,87,29,15,119,3,126,17,62,66,131,57,74,71,16,39,102,130,61,23,114,108,110,80,107,137,69,138,92,40,113,30,67,134,100,31,65,47,104,105,5,68,21,72,18,41,89,10,12,60,25,103,19]","[148,205,231,172,191,151,248,271,192,185,256,234,268,257,198,244,252,167,156,208,139,204,238,179,246,211,233,219,183,152,228,251,187,163,159,175,225,270,277,200,142,189,146,224,261,168,260,141,166,210,269,181,217,155,221,273,245,195,274,213,150,229,188,157,250,216,178,266,241,144,202,223,174,149,162,263,242,158,147,203,161,220,207,194,267,196,230,173,164,209,143,237,212,186,259,197,206,218,272,258,253,184,247,193,160,240,177,182,165,276,215]",a5109ec39eb4a691749b2a2ecbea23d94629beea19f34b3910798fb96dbb6c0b,111,1188831224,635766729,"[930052,7,0,0,139,200,26]",1229176479,3450049051,[5],"{""5"":-1}"
S7,7,930053,139,0.223606797749979,0,,0,0.1,101,77,"[3,15,22,32,44,96,115,119,131,156,158,178,248,289,305,317,319,327,363,385,386,394,404,420,428,439,440,446,455,465,543,586,590,593,602,605,623,631,643,646,656,678,696,725,732,757,787,804,814,820,825,847,900,904,920,938,941,955,968,972,982,996,1007,1008,1024,1025,1069,1108,1128,1130,1135,1141,1156,1158,1162,1209,1245]","[[3,1],[15,1],[22,1],[32,-1],[44,-1],[96,-1],[115,1],[119,1],[131,-1],[156,-1],[158,-1],[178,-1],[248,-1],[289,1],[305,1],[317,-1],[319,-1],[327,-1],[363,-1],[385,1],[386,-1],[394,1],[404,1],[420,-1],[428,-1],[439,1],[440,-1],[446,-1],[455,-1],[465,1],[543,1],[586,1],[590,-1],[593,1],[602,-1],[605,-1],[623,-1],[631,-1],[643,-1],[646,-1],[656,1],[678,-1],[696,-1],[725,-1],[732,-1],[757,1],[787,1],[804,-1],[814,-1],[820,1],[825,-1],[847,-1],[900,1],[904,1],[920,1],[938,-1],[941,1],[955,-1],[968,1],[972,1],[982,-1],[996,1],[1007,-1],[1008,-1],[1024,1],[1025,-1],[1069,-1],[1108,1],[1128,-1],[1130,-1],[1135,1],[1141,1],[1156,-1],[1158,-1],[1162,1],[1209,1],[1245,-1]]","[135,106,49,110,109,5,1,28,97,41,61,93,58,66,102,136,124,67,125,56,10,137,71,14,100,126,118,44,19,15,103,0,11,26,57,23,25,64,123,48,20,101,4,96,130,34,98,127,22,95,81,12,87,134,107,76,47,77,40,39,62,82,116,69,78,31,17,128,91,105,29,24,18,52,70,65,30,6,50,37,138,43,63,51,84,53,33,42,72,79,121,35,108,113,114,2,119,75,131,86,104,132,9,133,68,55,54,7,115,129,46]","[163,171,161,258,157,141,227,214,168,251,150,194,208,268,152,231,264,234,142,206,219,241,263,204,252,164,158,230,173,256,225,156,154,187,159,239,238,266,224,180,229,211,147,162,213,270,254,176,148,193,240,139,247,175,172,181,243,201,189,198,265,237,149,262,186,177,184,272,222,195,153,275,160,218,190,145,167,205,165,255,169,212,223,244,261,235,182,236,274,216,257,197,192,143,191,146,253,200,174,226,202,221,188,245,249,228,215,277,178,267,185]",7082195a434a02e0571855fb439cc4f67dfc7fb87892604a1b88e0e71213e3b7,111,3768821218,16312311,"[930053,7,0,0,139,200,26]",74504031,3450049051,[5],"{""5"":0}"
S7,7,930054,139,0.223606797749979,0,,0,0.1,101,76,"[7,9,11,32,44,70,85,88,108,113,119,144,156,158,160,187,205,227,248,255,280,283,287,304,317,327,386,389,408,421,439,440,482,489,576,586,590,617,622,631,633,646,647,651,721,757,758,771,804,815,820,825,826,837,904,910,918,948,973,982,988,991,996,1005,1007,1044,1079,1108,1135,1141,1162,1177,1218,1225,1235,1266]","[[7,1],[9,-1],[11,1],[32,-1],[44,-1],[70,-1],[85,-1],[88,1],[108,-1],[113,-1],[119,1],[144,1],[156,-1],[158,-1],[160,1],[187,1],[205,-1],[227,1],[248,-1],[255,-1],[280,1],[283,-1],[287,1],[304,1],[317,-1],[327,-1],[386,-1],[389,-1],[408,-1],[421,1],[439,1],[440,-1],[482,1],[489,1],[576,1],[586,1],[590,-1],[617,-1],[622,-1],[631,-1],[633,1],[646,-1],[647,1],[651,1],[721,-1],[757,1],[758,1],[771,-1],[804,-1],[815,1],[820,1],[825,-1],[826,-1],[837,1],[904,1],[910,-1],[918,1],[948,1],[973,1],[982,-1],[988,1],[991,1],[996,1],[1005,-1],[1007,-1],[1044,1],[1079,1],[1108,1],[1135,1],[1141,1],[1162,1],[1177,1],[1218,1],[1225,1],[1235,1],[1266,-1]]","[53,10,96,39,0,61,66,18,126,129,56,36,51,70,114,65,28,60,134,128,131,90,43,112,33,108,109,88,25,68,32,111,46,64,67,123,5,100,55,13,86,117,99,124,102,59,44,15,132,72,83,79,130,119,34,9,97,116,122,26,104,120,77,82,6,7,8,127,37,38,29,106,54,135,41,121,75,71,22,45,21,81,47,107,84,12,118,49,2,85,133,52,1,74,17,92,35,14,125,103,105,69,3,50,4,20,95,23,58,113,30]","[146,227,213,147,200,243,219,265,247,152,153,229,257,175,170,158,164,183,182,273,248,173,185,144,225,197,268,254,186,167,245,241,181,187,271,249,263,253,216,151,217,212,260,275,169,199,224,255,218,166,215,205,195,214,201,150,210,272,208,203,171,238,242,180,165,193,246,196,274,154,140,239,240,160,259,176,184,222,237,226,228,206,232,236,220,251,141,233,179,194,269,250,264,266,190,172,270,244,148,235,161,230,168,145,256,267,177,162,261,209,223]",c340ffb180b0b101bf64eec8520bbe839b23988c47b9c65ddd29e5c17d73c11e,111,2128703679,378072987,"[930054,7,0,0,139,200,26]",2980355615,3450049051,[5],"{""5"":0}"
S7,7,930055,139,0.223606797749979,0,,0,0.0001,0,0,[],[],"[9,79,60,23,111,78,134,135,115,69,7,125,119,71,117,11,44,54,0,88,102,92,93,30,48,14,13,63,10,101,97,133,96,106,64,3,42,100,53,32,116,105,22,21,12,85,6,47,1,35,136,74,61,112,68,26,76,94,41,107,72,128,65,67,59,122,29,75,108,33,131,138,2,109,83,130,49,87,81,8,113,51,40,34,27,5,110,121,45,25,95,123,39,124,19,57,17,129,52,82,31,55,20,80,4,103,104,70,50,46,15]","[249,198,148,260,153,158,142,155,254,181,247,276,178,173,141,151,230,150,246,183,188,197,152,179,208,229,143,212,174,248,186,262,193,164,191,237,251,156,207,274,222,163,267,232,215,257,140,235,213,244,255,275,223,270,252,217,147,202,192,220,182,242,157,238,149,170,180,200,214,271,190,161,144,261,234,211,177,195,146,264,269,277,221,165,171,154,196,256,258,233,216,168,184,204,199,259,273,228,176,253,266,265,172,224,272,167,185,189,162,206,268]",2d69c933ee28fd4f372c4fc0a45e08402c1a54a9fc9ef428763561ef80b926d7,111,1806878174,1967530524,"[930055,7,0,0,139,200,26]",3806804709,3450049051,[5],"{""5"":0}"
S7,7,930056,139,0.223606797749979,0,,0,0.0001,0,0,[],[],"[28,20,56,116,40,94,99,8,63,107,122,13,33,29,58,61,54,36,46,109,131,135,121,37,79,17,90,132,117,30,12,27,26,138,21,42,87,113,104,24,14,47,0,133,16,34,5,31,124,120,125,53,112,102,91,101,129,57,74,10,136,106,85,115,75,7,44,55,114,83,35,80,88,23,103,6,48,2,60,108,38,15,100,89,92,134,123,41,11,3,51,130,50,71,19,9,97,70,81,95,96,110,105,18,73,62,127,93,111,118,86]","[206,221,244,238,203,225,224,231,235,252,143,165,183,172,148,187,227,265,255,164,141,173,253,214,201,158,159,181,171,228,167,249,139,216,149,208,160,247,142,226,151,230,140,204,248,147,188,175,146,268,163,189,220,170,184,213,270,162,222,246,251,156,237,263,243,240,180,185,218,259,194,197,209,267,262,190,168,273,179,275,264,196,276,258,152,182,239,277,229,236,233,269,200,161,166,254,205,256,232,186,176,207,211,223,145,177,153,219,271,192,193]",d9d9ec204c4f451845c1be26702c0c13065de552db7d6d3a28277aa5fefa5abd,111,3306801105,425912031,"[930056,7,0,0,139,200,26]",1055121047,3450049051,[5],"{""5"":0}"
S7,7,930057,139,0.223606797749979,0,,0,0.0001,0,0,[],[],"[123,110,10,37,113,40,135,67,129,92,28,72,65,115,6,131,134,69,126,84,111,31,105,132,99,62,19,29,51,73,76,88,16,138,39,107,94,25,56,59,81,53,98,27,109,101,45,100,83,114,42,96,137,20,87,35,55,24,108,70,2,48,34,86,0,14,18,26,120,52,133,17,91,13,44,118,116,93,46,122,47,74,119,7,12,64,30,71,66,130,85,15,68,8,97,78,1,117,124,103,63,33,9,80,82,22,112,58,43,23,54]","[192,148,277,170,206,159,276,239,249,201,243,147,168,171,149,246,253,178,181,154,180,220,141,230,202,273,195,157,268,166,250,208,196,207,257,145,182,155,162,163,139,156,214,245,174,226,240,263,260,165,244,140,152,199,234,144,221,187,227,261,176,216,259,197,211,232,271,209,173,205,200,262,158,191,222,172,238,150,272,219,204,266,143,235,213,142,189,215,186,193,231,160,161,179,177,217,270,228,265,255,251,233,229,256,264,164,210,252,247,203,212]",007a7073bbb5a30d0a0bd5420bd2e7fa7df984607647d49b4189db8b24280a53,111,1107451185,3292547565,"[930057,7,0,0,139,200,26]",3837769851,3450049051,[5],"{""5"":0}"
S7,7,930058,139,0.223606797749979,0,,0,0.0001,0,0,[],[],"[20,5,112,48,95,103,62,10,32,59,66,50,128,26,65,52,28,96,104,22,42,72,53,54,4,126,6,73,121,34,56,89,133,129,43,74,1,101,55,80,116,8,7,77,15,37,64,38,137,3,24,25,83,57,100,91,78,68,82,93,31,11,136,134,18,105,35,61,123,67,16,14,122,70,36,117,125,87,106,130,94,135,102,13,113,45,88,19,99,108,92,71,131,9,111,114,46,2,79,29,12,23,30,39,98,84,75,44,119,132,109]","[190,221,143,178,231,160,192,220,253,244,165,185,233,250,142,139,266,272,144,238,155,219,276,166,147,263,257,205,260,152,223,275,187,211,195,176,217,236,164,162,202,173,157,186,243,249,158,191,209,156,171,154,213,208,145,271,204,256,259,212,232,245,277,226,198,274,141,174,177,240,235,264,159,151,201,161,193,246,267,179,214,237,175,197,168,254,234,228,199,149,194,247,203,268,241,215,167,206,270,189,153,196,150,172,210,183,227,248,148,261,188]",ef3e37b34be2bc35225eb7a16b8f900f811f2b8368f82dbbd6ea7ba974176a54,111,2769131002,2743193343,"[930058,7,0,0,139,200,26]",2777126838,3450049051,[5],"{""5"":0}"
S7,7,930059,139,0.223606797749979,0,,0,0.0001,0,0,[],[],"[24,50,121,88,37,68,10,105,79,117,6,53,44,108,22,78,15,84,17,96,11,34,102,119,35,80,57,52,82,74,7,81,107,114,104,120,75,97,73,86,85,38,94,14,21,36,125,111,63,113,8,136,135,130,39,45,98,67,127,47,124,9,66,16,29,138,87,69,23,25,19,3,46,28,129,40,1,101,18,133,72,26,54,12,92,99,32,58,123,131,132,90,59,56,42,89,118,13,60,33,65,43,110,62,27,103,55,49,48,100,0]","[153,204,151,257,231,140,225,164,139,215,192,243,255,246,160,238,252,220,188,226,216,236,194,156,232,191,251,275,260,234,173,152,268,254,219,170,144,256,181,147,182,267,179,223,166,244,174,155,200,264,253,189,185,265,250,175,143,148,269,249,201,177,198,168,245,196,161,190,272,172,171,271,207,214,146,162,205,237,221,222,247,169,230,199,276,203,183,270,150,184,273,235,266,241,176,240,229,158,224,178,213,212,141,186,259,242,142,167,159,239,217]",01ef0ba52ac657f6119bc221a139f2150e41fdd1872e31b585c1689036647cde,111,3359721745,1433340992,"[930059,7,0,0,139,200,26]",3698378576,3450049051,[5],"{""5"":0}"
S7,7,930060,139,0.223606797749979,0,,0,0.0001,0,0,[],[],"[122,57,94,72,136,63,62,80,98,70,0,68,25,13,96,18,59,107,118,54,14,24,121,78,27,33,132,106,5,83,20,30,61,138,40,130,77,45,65,115,2,113,128,120,104,90,11,102,81,124,51,38,123,9,114,17,39,44,91,129,64,7,87,4,73,103,97,58,126,23,37,92,1,53,3,28,6,119,74,16,85,41,93,127,79,55,84,89,69,137,100,47,134,19,86,12,67,49,26,125,29,101,131,82,110,48,135,46,60,50,43]","[208,197,141,190,272,139,152,205,257,270,176,275,274,169,269,237,211,172,149,146,265,140,258,243,160,246,179,188,247,184,167,154,192,157,151,206,217,250,178,221,201,185,241,163,240,150,231,177,216,233,248,215,155,251,203,180,181,159,198,210,174,224,271,252,226,161,147,145,235,202,260,263,273,256,200,142,148,207,186,242,261,218,277,212,239,156,244,153,182,165,266,236,162,262,249,255,183,222,194,234,189,196,267,229,238,187,170,245,213,191,144]",9ed7c3d2c57182ec34b87742a8bb16fc454b005c235438099c85b249aba10e61,111,3951380118,2343864470,"[930060,7,0,0,139,200,26]",457310680,3450049051,[5],"{""5"":0}"
S7,7,930061,139,0.223606797749979,0,,0,0.1,101,61,"[2,9,32,40,60,70,131,194,205,219,230,248,304,305,327,350,394,408,421,464,561,590,612,613,631,646,647,707,708,721,737,738,757,762,771,778,804,815,819,820,837,840,863,868,870,871,900,904,933,941,988,996,1007,1022,1024,1025,1086,1108,1128,1162,1245]","[[2,-1],[9,-1],[32,-1],[40,-1],[60,1],[70,-1],[131,-1],[194,-1],[205,-1],[219,-1],[230,1],[248,-1],[304,1],[305,1],[327,-1],[350,1],[394,1],[408,-1],[421,1],[464,-1],[561,1],[590,-1],[612,-1],[613,-1],[631,-1],[646,-1],[647,1],[707,1],[708,1],[721,-1],[737,1],[738,-1],[757,1],[762,1],[771,-1],[778,1],[804,-1],[815,1],[819,-1],[820,1],[837,1],[840,-1],[863,1],[868,1],[870,-1],[871,1],[900,1],[904,1],[933,1],[941,1],[988,1],[996,1],[1007,-1],[1022,-1],[1024,1],[1025,-1],[1086,1],[1108,1],[1128,-1],[1162,1],[1245,-1]]","[32,5,98,130,65,94,72,129,109,57,75,101,17,105,70,42,84,96,8,74,69,53,118,34,20,132,56,31,135,127,106,46,27,7,23,110,99,36,81,117,39,43,61,2,91,123,125,14,26,9,66,120,0,45,103,21,83,58,3,29,55,134,25,11,107,13,131,68,62,97,87,108,82,89,15,35,137,114,126,100,4,73,76,49,19,119,24,51,18,112,38,59,47,115,121,52,93,44,33,12,67,1,136,16,80,30,60,48,63,54,79]","[270,192,241,156,204,233,140,180,183,252,215,203,178,188,147,261,274,155,164,269,244,212,220,171,235,208,209,169,139,174,165,185,240,170,232,258,153,159,205,264,158,161,206,207,243,249,275,217,234,150,257,143,200,211,254,222,191,166,202,148,175,236,195,210,227,221,276,149,260,213,181,259,193,219,247,182,277,179,196,263,152,218,255,251,273,226,245,246,271,262,250,173,157,239,223,176,146,256,248,189,230,224,201,242,151,177,186,199,225,172,162]",9fc914cff4bfb065d4b0b24878cb896e1ac8adedf227b38e00a3e9ce5b5777b1,111,672712255,2961010281,"[930061,7,0,0,139,200,26]",919538043,3450049051,[5],"{""5"":0}"
S7,7,930062,139,0.223606797749979,0,,0,0.0001,0,0,[],[],"[66,99,39,28,61,115,45,55,96,106,1,100,56,127,21,101,136,128,120,25,131,30,68,7,11,87,69,98,10,118,74,0,113,85,73,60,109,57,29,79,14,22,72,94,3,54,36,135,116,8,76,122,124,129,13,121,18,53,15,119,35,71,90,52,62,59,48,37,108,41,65,75,114,95,89,86,83,43,6,38,77,67,27,51,111,2,132,84,82,117,102,58,105,24,4,97,63,16,107,70,9,19,49,110,92,133,46,91,93,26,17]","[227,238,212,237,219,185,240,207,148,182,253,150,188,251,160,153,256,161,247,187,267,226,158,159,259,200,229,176,244,223,255,225,179,271,236,243,174,246,194,263,181,261,234,210,167,168,144,242,169,249,146,268,193,180,206,199,264,254,215,140,190,177,273,258,192,143,166,198,250,203,213,257,217,222,175,205,245,233,162,164,184,186,152,204,156,151,173,221,275,270,274,276,139,170,272,208,195,252,141,201,214,171,277,191,172,231,202,196,230,149,189]",117ee465eec6d6b21acb89bd9596856ddb87e15685e271a940ec5155c16c3379,111,3551327862,343226681,"[930062,7,0,0,139,200,26]",3241500393,3450049051,[5],"{""5"":0}"
S7,7,930063,139,0.223606797749979,0,,0,0.1,101,77,"[9,32,40,44,70,78,88,131,192,205,230,248,269,289,304,305,327,341,406,408,421,428,439,442,474,482,510,538,543,558,562,586,590,591,622,631,647,648,691,702,725,738,757,771,804,814,817,818,820,837,843,904,905,924,946,948,968,982,988,996,1015,1022,1036,1056,1059,1086,1108,1128,1141,1160,1162,1178,1183,1185,1229,1245,1265]","[[9,-1],[32,-1],[40,-1],[44,-1],[70,-1],[78,-1],[88,1],[131,-1],[192,-1],[205,-1],[230,1],[248,-1],[269,-1],[289,1],[304,1],[305,1],[327,-1],[341,-1],[406,1],[408,-1],[421,1],[428,-1],[439,1],[442,1],[474,1],[482,1],[510,-1],[538,1],[543,1],[558,1],[562,1],[586,1],[590,-1],[591,1],[622,-1],[631,-1],[647,1],[648,-1],[691,1],[702,1],[725,-1],[738,-1],[757,1],[771,-1],[804,-1],[814,-1],[817,1],[818,1],[820,1],[837,1],[843,1],[904,1],[905,1],[924,1],[946,-1],[948,1],[968,1],[982,-1],[988,1],[996,1],[1015,1],[1022,-1],[1036,1],[1056,-1],[1059,-1],[1086,1],[1108,1],[1128,-1],[1141,1],[1160,1],[1162,1],[1178,-1],[1183,1],[1185,1],[1229,-1],[1245,-1],[1265,1]]","[89,10,70,49,129,77,4,103,90,16,6,14,114,122,37,105,85,17,119,44,133,48,33,3,69,111,72,126,66,113,132,97,38,45,46,99,81,32,15,61,31,115,0,88,116,19,75,94,54,55,30,47,42,82,108,84,109,79,5,120,74,63,28,73,25,98,91,11,59,35,130,96,112,2,124,78,131,57,117,24,51,34,102,137,110,20,121,22,36,27,43,134,67,23,1,8,104,93,53,71,138,13,52,136,68,18,12,118,29,100,9]","[144,220,164,200,156,145,242,237,245,247,202,147,186,271,153,227,261,210,201,262,170,154,211,208,228,253,148,173,151,143,221,181,184,233,160,274,269,193,165,248,161,142,214,199,149,239,196,217,266,258,163,222,197,169,212,167,180,263,174,255,179,188,177,277,187,194,198,238,205,176,159,158,223,257,209,259,219,224,192,141,157,235,251,175,240,207,249,246,254,272,166,231,185,236,225,232,275,195,229,189,203,155,191,243,250,215,268,218,230,213,178]",1b9aa22f0f0753c4a2711e6a37074465cd18cb74e676b53c42a4dadbeeabb36b,111,3115221630,4264201524,"[930063,7,0,0,139,200,26]",2518083704,3450049051,[5],"{""5"":0}"
S7,7,930064,139,0.223606797749979,0,,0,0.0001,0,0,[],[],"[9,26,116,70,28,98,25,71,15,87,65,23,118,42,61,92,22,1,80,3,96,8,57,29,127,18,102,83,43,48,31,79,138,103,115,94,17,63,113,89,81,2,133,125,76,100,95,114,19,136,32,135,88,62,36,16,50,109,41,54,78,72,134,85,14,108,131,124,39,99,77,74,45,58,47,46,82,73,24,51,91,86,137,33,56,66,68,123,67,60,20,13,30,120,55,84,69,101,106,97,121,27,104,53,6,130,40,122,126,5,132]","[208,247,268,259,245,216,254,192,229,242,221,147,219,188,152,203,239,250,179,258,235,197,146,246,232,264,164,170,209,272,255,218,249,210,183,195,238,198,261,241,201,186,253,141,194,150,174,270,185,252,140,199,160,190,175,205,231,220,191,178,233,159,275,271,161,269,177,234,215,169,154,237,226,263,236,230,156,168,180,167,224,248,163,158,149,166,202,153,196,204,212,145,171,225,265,243,276,260,222,151,274,143,148,184,228,207,213,223,206,214,266]",d2e63217b44df00000b806435ed77c50b49d98d7387c9b174fb86dce264dbcf9,111,626793145,4167228566,"[930064,7,0,0,139,200,26]",3601339463,3450049051,[5],"{""5"":0}"
S7,7,930065,139,0.223606797749979,0,,0,0.0001,0,0,[],[],"[24,41,50,74,44,43,38,129,14,77,59,58,101,42,51,97,65,80,31,27,136,18,70,28,30,21,125,37,66,1,120,92,32,135,71,138,88,16,134,117,79,107,55,104,137,23,34,4,57,105,119,103,17,10,123,6,13,121,87,54,0,48,75,100,106,53,72,84,118,9,131,63,39,61,15,76,64,73,130,7,113,52,86,2,8,22,112,110,91,26,99,98,93,102,40,60,95,126,115,45,94,78,124,62,11,36,33,5,116,19,47]","[209,150,195,179,154,164,273,161,249,222,232,235,257,231,260,155,197,168,142,190,202,241,181,275,186,272,239,170,160,173,199,226,182,141,176,245,259,183,205,269,216,268,151,196,177,156,246,175,251,270,242,174,147,229,225,277,165,172,258,253,213,237,139,244,256,274,145,248,262,250,184,200,218,158,185,178,191,264,271,261,263,194,267,252,227,140,193,166,198,210,247,149,212,146,189,233,187,144,230,234,219,206,192,211,163,215,266,171,162,243,143]",403d00b40c5a14829e75d1cd8dad67eb170a43217c2ad37bc739ca921343f635,111,935367619,2229577792,"[930065,7,0,0,139,200,26]",3449579447,3450049051,[5],"{""5"":0}"
S7,7,930066,139,0.223606797749979,0,,0,0.0001,0,0,[],[],"[108,111,20,102,130,128,125,115,78,135,63,13,12,87,45,90,14,123,127,37,22,89,0,18,132,107,28,10,116,17,48,75,19,7,51,59,76,16,72,8,3,61,49,44,112,54,134,133,92,138,82,57,96,23,50,129,39,117,40,83,71,109,46,41,113,6,104,110,21,101,34,85,74,98,56,66,77,91,32,47,5,9,81,38,97,2,105,118,99,126,29,65,136,4,80,26,31,30,11,27,94,86,1,53,93,52,70,100,122,43,103]","[210,262,201,218,164,202,147,148,193,139,190,229,236,221,161,182,143,277,184,253,250,152,265,240,216,242,261,248,251,176,267,150,163,246,166,208,191,165,237,273,174,151,226,256,259,213,211,153,266,160,204,276,271,167,270,169,215,257,155,234,268,230,223,207,189,170,214,175,274,233,159,231,146,188,171,272,194,245,197,247,168,198,157,219,158,203,144,241,269,185,199,217,225,212,258,264,205,243,145,183,181,228,162,209,179,249,195,252,142,260,186]",8879c123d04f8b5d0e26b34995f7e79e09a55d9e1467728b1148511e2a3e4505,111,1157761143,2334348777,"[930066,7,0,0,139,200,26]",2402210572,3450049051,[5],"{""5"":0}"
S7,7,930067,139,0.223606797749979,0,,0,0.0001,0,0,[],[],"[86,60,137,91,68,7,55,87,119,1,82,71,59,41,90,32,63,97,76,51,12,104,72,69,4,115,81,22,113,44,112,77,127,57,106,5,14,124,30,96,134,78,105,54,24,126,56,42,88,100,15,23,48,120,125,40,35,132,37,46,50,138,108,70,13,94,129,92,98,26,47,118,39,123,31,53,93,16,0,62,79,83,20,74,84,3,8,109,103,49,101,136,19,64,110,130,52,116,121,65,28,58,9,122,89,2,61,99,114,66,17]","[139,228,201,236,255,192,146,143,274,197,217,202,227,180,268,176,167,187,220,149,206,215,241,225,164,245,208,212,190,195,147,160,203,261,177,273,259,224,144,248,239,193,152,264,200,216,189,183,170,271,209,145,169,159,179,148,267,204,249,272,173,210,198,218,242,277,229,151,258,230,156,251,256,234,141,161,270,181,184,196,163,260,153,140,244,213,165,194,182,269,168,172,162,232,191,171,166,266,185,246,265,233,262,158,150,222,154,155,186,188,250]",390485bb426f279733ff23d3558426eb8b035d2e6a3b9e61c35d393831934b45,111,374300816,3541895899,"[930067,7,0,0,139,200,26]",4065090835,3450049051,[5],"{""5"":0}"
S7,7,930068,139,0.223606797749979,0,,0,0.0001,0,0,[],[],"[65,100,50,74,61,1,120,40,138,137,39,114,22,51,92,122,62,86,36,59,127,72,103,89,119,76,64,99,49,105,128,125,101,118,108,25,69,134,124,45,47,31,95,115,97,87,46,41,4,6,43,12,28,112,13,67,48,24,17,33,79,21,52,132,5,133,11,107,90,109,16,91,15,54,42,58,30,2,117,37,116,55,130,102,123,53,9,27,23,73,70,68,82,88,93,83,94,20,121,10,60,57,19,111,75,18,32,136,0,35,110]","[139,212,224,274,191,232,140,248,172,219,262,206,198,183,226,259,165,229,254,158,168,156,171,218,201,231,260,243,157,200,147,258,261,214,213,141,209,208,149,242,237,225,234,216,199,196,230,154,159,255,235,174,257,169,193,187,210,211,155,175,272,153,160,236,223,241,202,197,222,181,221,144,190,185,245,205,251,176,151,146,152,186,250,194,189,268,270,162,246,227,252,273,177,263,182,173,145,233,188,148,247,184,195,276,203,271,238,228,244,207,217]",be287ced2dc2a5439fd1fc2d9fcb94803814f1b6406ac453b5c6408fe929f799,111,2906150660,561855564,"[930068,7,0,0,139,200,26]",1426773427,3450049051,[5],"{""5"":0}"
S7,7,930069,139,0.223606797749979,0,,0,0.0001,0,0,[],[],"[72,25,99,5,105,88,115,6,114,23,54,100,1,49,94,65,111,16,138,82,130,64,84,38,67,63,44,95,28,17,36,119,120,40,134,68,75,109,18,34,32,92,7,13,66,87,108,113,53,21,70,122,71,137,93,59,117,37,110,43,11,131,30,135,96,62,27,41,80,76,26,0,48,118,42,124,79,8,2,33,121,50,98,78,14,102,97,132,12,103,86,3,77,10,9,24,123,15,133,29,51,90,107,74,57,112,22,31,46,129,136]","[228,222,257,229,187,216,180,166,255,189,239,277,274,270,194,146,150,268,275,253,234,215,242,210,155,254,213,241,142,173,243,198,170,271,174,186,162,266,172,248,169,139,168,201,182,147,249,262,207,235,238,152,267,212,148,202,163,140,227,256,158,236,188,245,276,225,167,203,157,144,232,240,159,145,273,259,265,206,195,177,223,191,164,143,233,154,272,250,185,219,204,183,269,261,252,153,196,247,220,205,197,224,193,181,151,192,246,176,141,190,161]",893806a7a75232b6fceaf7ed22b8608ea6c4e42173ad2dc5bc59d2e694f4b971,111,4178405835,3537251889,"[930069,7,0,0,139,200,26]",3929372930,3450049051,[5],"{""5"":0}"
S7,7,930070,139,0.223606797749979,0,,0,0.0001,0,0,[],[],"[85,61,134,78,120,58,123,21,38,82,20,19,18,65,94,130,70,132,113,74,124,49,121,11,108,83,50,52,8,128,117,119,42,72,68,136,92,31,6,46,64,95,59,110,87,12,81,133,62,131,28,116,69,44,126,93,24,47,33,90,40,54,15,118,101,43,127,48,32,9,79,98,63,80,89,73,105,111,71,17,27,109,77,0,5,16,88,25,29,75,10,34,4,86,56,37,23,122,137,36,103,99,51,35,138,96,2,102,129,135,41]","[146,194,184,241,253,195,215,169,162,228,174,260,139,188,152,218,155,258,167,196,234,203,143,210,145,262,277,232,207,158,221,264,208,248,246,177,178,219,185,250,170,272,181,267,164,224,217,192,187,183,200,216,159,161,141,163,211,275,242,263,255,270,239,204,206,198,202,209,166,142,165,230,265,245,225,268,173,213,240,149,147,236,156,160,223,229,151,144,238,197,205,190,140,157,176,201,249,168,180,271,171,189,154,269,254,172,233,252,237,273,256]",64434aee5f5f29629767a6add9325fc13f90d25b1c53f9b2e4dbc26f04b6988c,111,230572355,622211955,"[930070,7,0,0,139,200,26]",2356343024,3450049051,[5],"{""5"":0}"
S7,7,930071,139,0.223606797749979,0,,0,0.1,101,70,"[28,40,49,70,78,105,111,131,156,158,175,205,228,248,255,269,295,304,305,308,317,363,370,408,426,446,495,499,538,561,576,586,591,613,617,643,645,647,678,708,725,732,762,814,817,825,837,871,904,910,946,948,952,968,977,982,988,1000,1025,1044,1056,1085,1108,1125,1141,1178,1185,1225,1232,1272]","[[28,1],[40,-1],[49,1],[70,-1],[78,-1],[105,1],[111,1],[131,-1],[156,-1],[158,-1],[175,1],[205,-1],[228,-1],[248,-1],[255,-1],[269,-1],[295,-1],[304,1],[305,1],[308,1],[317,-1],[363,-1],[370,-1],[408,-1],[426,1],[446,-1],[495,-1],[499,1],[538,1],[561,1],[576,1],[586,1],[591,1],[613,-1],[617,-1],[643,-1],[645,-1],[647,1],[678,-1],[708,1],[725,-1],[732,-1],[762,1],[814,-1],[817,1],[825,-1],[837,1],[871,1],[904,1],[910,-1],[946,-1],[948,1],[952,1],[968,1],[977,1],[982,-1],[988,1],[1000,-1],[1025,-1],[1044,1],[1056,-1],[1085,1],[1108,1],[1125,1],[1141,1],[1178,-1],[1185,1],[1225,1],[1232,1],[1272,-1]]","[122,19,121,14,7,13,50,66,138,44,131,102,32,57,3,30,123,4,46,27,98,45,83,41,135,70,100,31,53,49,106,60,133,51,40,9,101,72,84,126,47,28,26,62,23,20,43,97,77,115,42,21,137,16,132,8,118,125,104,48,130,29,68,79,22,58,117,96,90,17,114,86,39,92,10,6,82,119,111,59,67,55,1,61,36,65,108,25,24,87,88,95,18,85,134,5,81,69,105,71,103,128,78,12,120,73,15,56,34,2,91]","[207,185,145,249,224,260,170,144,274,201,154,155,247,265,190,197,256,261,259,206,217,159,220,229,171,266,175,272,182,210,208,227,233,275,269,209,214,158,223,164,176,213,139,232,153,199,193,219,174,162,202,172,264,242,189,157,221,179,187,173,263,245,222,258,181,228,194,237,148,238,231,203,243,273,253,248,236,239,254,166,180,169,152,241,268,151,143,184,211,215,225,218,142,165,234,271,147,191,168,198,140,212,204,252,246,160,149,262,177,150,178]",b1ec3f4364c372335fb20eb720890cac99a4ae0ceb046dfcda49c455a2786c9c,111,1316257379,1424996221,"[930071,7,0,0,139,200,26]",3037127372,3450049051,[5],"{""5"":0}"
S7,7,930072,139,0.223606797749979,0,,0,0.0001,0,0,[],[],"[31,89,73,79,88,8,27,108,43,16,51,59,96,114,20,105,61,9,23,129,60,32,98,126,21,97,14,91,37,124,80,0,57,70,54,53,62,30,46,122,56,65,136,67,130,133,48,40,75,111,106,107,78,36,134,125,12,100,113,39,50,92,29,123,44,77,68,10,47,5,102,115,127,137,35,4,52,95,135,26,38,49,84,25,94,109,118,93,74,85,7,117,3,34,110,13,132,99,76,33,55,24,64,19,116,81,87,17,42,18,72]","[179,270,197,206,213,258,183,277,255,215,144,141,256,204,186,188,180,147,276,238,203,231,261,216,251,235,158,218,275,257,223,165,187,264,171,142,236,163,222,274,155,162,219,153,194,233,217,174,243,193,253,177,240,210,229,225,269,190,143,185,230,259,234,161,254,140,199,220,146,232,149,237,211,273,212,181,148,227,173,265,191,226,167,267,198,239,164,175,266,247,202,168,154,166,263,214,262,205,189,208,200,184,249,196,246,207,221,195,145,170,157]",4530580ef0d4b0bdf94e213fad927310c56553756d19b27ad33880097b7f972b,111,1676036420,3005010294,"[930072,7,0,0,139,200,26]",2222893660,3450049051,[5],"{""5"":0}"
S7,7,930073,139,0.223606797749979,0,,0,0.0001,0,0,[],[],"[49,95,3,113,115,61,72,30,46,76,58,129,78,111,34,125,110,18,27,74,51,130,20,98,105,63,88,57,97,118,31,109,69,103,4,121,54,12,52,107,62,100,124,43,14,37,75,67,101,44,122,127,77,64,84,0,42,92,7,36,82,33,81,56,19,73,13,10,104,86,38,25,11,134,17,128,29,114,50,131,126,6,9,117,53,32,119,91,106,112,136,40,99,120,83,60,137,1,59,80,133,102,79,47,108,26,23,41,28,48,16]","[192,211,208,200,184,236,175,161,232,159,273,174,209,228,261,251,188,222,235,201,140,146,178,226,193,210,271,203,249,157,267,225,169,224,263,143,227,265,272,215,245,218,246,268,260,167,196,170,221,187,248,166,244,207,231,253,197,155,190,144,242,214,255,276,180,250,148,204,206,141,237,202,217,164,220,247,269,234,183,257,229,205,270,195,147,168,254,152,256,153,274,194,171,163,259,262,230,191,160,173,182,149,158,154,151,145,139,177,189,277,223]",6d2bc36bec95ca8f0e15e07719633088e9c3556676d87d8a4f70d74d5801f59e,111,3298975002,689680191,"[930073,7,0,0,139,200,26]",972113178,3450049051,[5],"{""5"":0}"
S7,7,930074,139,0.223606797749979,0,,0,0.0001,0,0,[],[],"[57,73,2,24,125,116,96,45,114,113,23,124,122,71,22,66,31,68,119,50,13,75,27,28,109,8,130,105,97,40,51,74,63,88,62,102,79,95,56,16,61,12,5,120,117,81,69,58,90,91,83,29,80,67,82,111,30,1,86,128,48,72,107,89,106,60,6,3,33,103,17,121,55,129,110,18,64,43,84,42,59,93,65,9,49,92,35,137,138,52,131,39,34,85,53,112,41,15,44,19,127,99,46,133,47,77,11,104,100,78,94]","[234,207,265,245,251,235,149,167,183,258,215,272,173,203,169,229,276,256,270,228,185,267,242,232,179,217,166,254,275,156,222,193,164,212,168,208,182,233,171,250,204,230,218,231,159,219,216,202,141,253,241,277,269,273,158,192,257,237,210,244,239,205,157,155,225,246,170,197,152,211,186,243,223,176,154,249,263,196,198,264,148,238,255,221,247,260,161,200,220,191,262,252,194,268,214,226,266,150,144,213,248,180,147,259,201,184,140,224,178,145,206]",5f6cdb2f6e0e995cd31b30850ecc4c2c2d0e0dd012f6c5135b400f5cccdbc3b5,111,1379679710,1486413819,"[930074,7,0,0,139,200,26]",2740837158,3450049051,[5],"{""5"":0}"
S7,7,930075,139,0.223606797749979,0,,0,0.0001,0,0,[],[],"[75,111,105,110,67,127,46,40,71,41,52,12,86,15,82,22,135,5,26,133,69,138,33,20,108,36,77,4,45,35,68,50,62,100,66,29,107,78,130,134,11,96,101,61,87,129,9,32,21,3,131,132,95,44,104,89,112,34,74,60,99,10,81,47,90,0,25,115,8,72,94,54,51,121,126,102,17,1,116,59,56,85,122,136,84,92,13,6,79,23,65,38,137,128,16,18,106,76,120,28,48,58,7,70,42,125,30,53,93,114,88]","[255,244,160,232,177,158,146,210,176,186,212,144,142,168,209,273,248,179,183,259,213,249,167,261,178,200,239,187,185,201,221,161,195,250,139,157,225,191,170,194,218,208,162,246,205,235,272,184,214,270,229,188,155,247,149,275,223,258,257,171,226,245,224,220,230,163,263,153,203,267,148,265,199,166,237,156,143,202,175,181,217,276,240,141,241,253,238,251,260,152,236,172,145,211,147,233,269,192,173,277,231,264,154,222,242,274,189,228,182,180,196]",29ef9c6b59f88c9a6d89340b569146c1a5373993d8e3d7c7f8702abbdb165012,111,1748592378,3666445106,"[930075,7,0,0,139,200,26]",4211722426,3450049051,[5],"{""5"":0}"
S7,7,930076,139,0.223606797749979,0,,0,0.0001,0,0,[],[],"[133,79,130,24,22,107,78,104,53,115,81,111,77,74,129,23,35,9,10,100,98,8,33,45,116,32,83,125,113,66,86,92,71,11,69,138,127,73,110,52,16,34,135,40,122,94,109,112,87,4,131,56,36,15,2,18,108,99,96,76,132,42,17,134,3,105,106,62,1,26,14,102,80,57,97,0,39,28,25,118,82,123,65,93,61,43,64,41,27,5,49,31,12,101,84,58,114,75,38,37,126,44,91,6,21,88,55,13,120,48,95]","[260,168,249,152,189,250,257,258,271,150,270,268,264,198,222,262,158,275,199,210,213,207,203,256,276,225,248,154,235,218,156,233,245,272,153,183,242,160,251,176,244,141,216,219,269,190,172,231,185,144,173,200,145,241,164,157,252,265,182,148,229,175,228,139,247,240,224,209,192,206,161,165,179,221,174,162,273,217,239,212,180,184,263,246,243,142,267,181,147,236,277,223,238,188,227,151,234,202,201,197,274,266,159,170,220,211,195,169,214,166,191]",3a12c740f86c7f39f7e809e409b07287ab56eb114b2b4e88d347036f523f08c9,111,4011045403,2955286172,"[930076,7,0,0,139,200,26]",3801719691,3450049051,[5],"{""5"":0}"
S7,7,930077,139,0.223606797749979,0,,0,0.0001,0,0,[],[],"[0,52,103,85,108,105,80,104,87,126,20,54,96,26,107,61,37,63,116,29,92,53,31,110,109,111,136,67,14,89,18,121,114,88,58,11,106,129,86,13,43,3,68,48,100,118,130,32,35,34,77,73,33,135,137,122,4,7,78,60,117,81,91,49,72,17,45,124,75,127,74,101,5,39,112,64,132,79,83,113,69,56,95,125,62,8,51,65,98,10,97,40,134,138,47,21,131,70,133,120,25,66,115,102,30,41,15,19,46,16,123]","[250,213,202,187,235,225,241,139,238,222,239,246,163,159,141,263,244,252,211,145,214,199,160,226,223,243,191,181,270,188,253,233,261,178,140,258,198,268,179,262,260,271,165,227,144,210,149,184,177,175,273,218,255,277,168,157,206,264,242,228,156,185,192,251,229,171,236,254,204,182,216,172,143,237,170,154,266,276,167,151,207,272,195,173,174,224,209,259,152,215,245,256,183,208,193,240,162,146,203,267,190,230,205,247,153,194,147,275,232,197,217]",32c96b7d64b13cd4e156c749eebf122261754b02ed9cc304de621f98a770ea53,111,2551869835,2864904416,"[930077,7,0,0,139,200,26]",3727011567,3450049051,[5],"{""5"":0}"
S7,7,930078,139,0.223606797749979,0,,0,0.1,101,74,"[9,15,32,40,60,72,85,97,135,144,156,214,227,281,302,304,305,318,327,338,386,394,408,421,428,439,440,446,464,546,558,562,582,586,587,591,600,631,647,654,668,702,725,738,757,820,840,843,847,848,871,904,912,938,946,948,955,968,972,975,977,996,1022,1044,1086,1108,1117,1141,1154,1162,1185,1229,1245,1272]","[[9,-1],[15,1],[32,-1],[40,-1],[60,1],[72,-1],[85,-1],[97,1],[135,-1],[144,1],[156,-1],[214,1],[227,1],[281,-1],[302,-1],[304,1],[305,1],[318,-1],[327,-1],[338,1],[386,-1],[394,1],[408,-1],[421,1],[428,-1],[439,1],[440,-1],[446,-1],[464,-1],[546,-1],[558,1],[562,1],[582,-1],[586,1],[587,-1],[591,1],[600,1],[631,-1],[647,1],[654,-1],[668,1],[702,1],[725,-1],[738,-1],[757,1],[820,1],[840,-1],[843,1],[847,-1],[848,-1],[871,1],[904,1],[912,-1],[938,-1],[946,-1],[948,1],[955,-1],[968,1],[972,1],[975,1],[977,1],[996,1],[1022,-1],[1044,1],[1086,1],[1108,1],[1117,-1],[1141,1],[1154,-1],[1162,1],[1185,1],[1229,-1],[1245,-1],[1272,-1]]","[127,15,35,65,24,36,51,74,117,135,23,107,77,18,64,28,101,16,19,108,106,133,0,32,25,68,122,30,99,73,22,100,102,6,11,84,54,52,26,53,128,112,83,111,118,38,58,40,94,48,130,60,86,57,3,8,61,21,98,89,125,110,129,70,37,114,113,72,42,20,43,2,63,137,14,4,10,105,109,46,31,78,134,33,132,39,93,69,91,47,121,45,97,13,103,56,44,116,115,136,5,79,124,62,9,75,138,104,59,120,82]","[179,147,153,210,164,216,238,192,236,228,226,196,162,233,248,225,244,204,224,215,232,258,190,195,211,189,262,223,277,142,267,251,221,188,217,146,230,185,272,273,165,175,199,275,157,239,213,208,197,231,270,243,209,207,184,249,235,202,181,201,268,266,200,139,158,218,166,155,173,254,149,220,203,256,159,151,152,143,234,145,237,174,182,250,259,160,247,263,257,212,245,264,169,222,176,269,261,255,252,170,144,177,276,178,214,187,167,198,183,150,206]",7d5026e07667c366ae2f53275d677fa8b7f80fdef8d9e81c455b9460ad44fbe8,111,2126191652,1065355107,"[930078,7,0,0,139,200,26]",242244864,3450049051,[5],"{""5"":0}"
S7,7,930079,139,0.223606797749979,0,,0,0.1,101,67,"[3,7,29,40,46,56,99,108,113,119,131,156,158,192,205,248,269,304,305,317,327,385,386,394,418,421,440,446,562,576,590,592,644,647,661,678,708,715,725,757,787,814,817,818,821,868,871,903,904,910,933,938,977,982,988,996,1008,1032,1044,1108,1141,1156,1162,1178,1213,1229,1245]","[[3,1],[7,1],[29,-1],[40,-1],[46,1],[56,-1],[99,-1],[108,-1],[113,-1],[119,1],[131,-1],[156,-1],[158,-1],[192,-1],[205,-1],[248,-1],[269,-1],[304,1],[305,1],[317,-1],[327,-1],[385,1],[386,-1],[394,1],[418,1],[421,1],[440,-1],[446,-1],[562,1],[576,1],[590,-1],[592,-1],[644,-1],[647,1],[661,-1],[678,-1],[708,1],[715,-1],[725,-1],[757,1],[787,1],[814,-1],[817,1],[818,1],[821,1],[868,1],[871,1],[903,-1],[904,1],[910,-1],[933,1],[938,-1],[977,1],[982,-1],[988,1],[996,1],[1008,-1],[1032,-1],[1044,1],[1108,1],[1141,1],[1156,-1],[1162,1],[1178,-1],[1213,-1],[1229,-1],[1245,-1]]","[44,98,130,28,135,1,93,125,13,15,69,138,66,83,123,90,48,27,109,10,85,30,101,61,81,82,75,136,104,108,99,76,7,42,12,53,89,49,35,116,115,3,100,128,47,111,39,24,40,137,70,77,52,9,94,131,17,122,11,41,25,132,58,110,73,32,114,92,105,80,133,51,5,121,60,120,29,6,119,86,78,106,87,33,126,50,8,91,57,68,124,18,34,117,19,103,65,21,95,54,2,74,88,22,56,38,79,23,59,67,102]","[139,245,162,194,159,237,273,209,150,169,205,198,141,236,249,223,225,221,154,241,267,187,161,207,222,186,190,146,211,166,180,227,242,256,212,270,182,193,167,260,177,265,201,158,142,217,248,276,175,272,262,200,206,261,240,218,250,148,208,259,188,230,254,160,255,232,165,228,178,216,219,203,244,152,168,268,202,269,214,226,215,191,163,157,183,239,171,176,156,179,174,258,173,210,238,233,151,275,243,170,257,184,220,274,155,164,229,195,266,247,147]",a6a82fa670f052d68fa85fd1d562047b772a316a96b68418288072f4becdfc60,111,1323876319,2056503003,"[930079,7,0,0,139,200,26]",2399042462,3450049051,[5],"{""5"":0}"
S7,7,930080,139,0.223606797749979,0,,0,0.0001,0,0,[],[],"[49,94,113,27,57,36,96,130,12,63,114,107,88,102,45,26,103,70,119,101,121,22,92,129,7,71,112,106,28,50,79,120,46,123,23,110,40,54,1,66,21,72,56,128,73,16,78,90,84,91,25,2,30,5,10,74,77,126,61,33,83,124,18,100,69,131,55,125,32,24,47,42,53,99,98,4,104,116,60,39,87,6,68,127,20,97,86,51,0,62,44,29,19,134,111,76,43,132,35,133,138,3,15,11,93,75,9,135,34,8,95]","[213,267,224,260,192,273,199,210,270,202,162,241,142,196,174,205,252,216,248,206,264,175,245,184,271,147,220,191,268,141,159,244,246,203,251,156,152,149,171,222,173,233,176,155,255,182,209,227,145,189,254,164,217,208,158,236,228,243,275,231,211,234,230,144,200,194,183,154,187,195,235,188,160,223,249,215,153,265,139,161,179,170,242,221,151,150,258,165,201,219,257,193,180,146,240,239,172,167,253,143,163,261,229,204,168,259,272,237,276,177,178]",de2686025e58f93ad61376efac6e408ffed6883abbad54439e237ea8a666d5a0,111,2177814750,3613902225,"[930080,7,0,0,139,200,26]",1304089879,3450049051,[5],"{""5"":0}"
S7,7,930081,139,0.223606797749979,0,,0,0.0001,0,0,[],[],"[47,28,90,44,75,66,83,37,135,46,35,50,13,129,103,110,27,19,134,120,34,85,94,111,2,68,138,106,18,91,126,14,26,102,74,100,109,131,4,9,137,11,101,51,67,115,105,52,80,53,86,69,128,121,3,136,1,39,64,65,56,5,32,36,97,24,92,72,108,81,7,112,63,23,107,87,58,22,119,113,77,16,48,40,116,62,78,133,117,130,122,49,71,114,17,21,55,38,20,30,61,95,42,6,127,98,123,88,70,0,132]","[181,216,237,170,188,177,165,139,156,252,166,271,268,224,173,254,235,263,198,209,241,218,246,186,250,248,212,182,149,273,175,201,203,147,232,236,143,267,185,270,262,172,213,141,211,217,265,257,162,215,195,276,145,204,184,272,261,207,190,240,153,253,142,249,148,151,189,266,244,199,231,227,251,258,202,220,196,256,144,164,154,193,225,247,146,269,277,234,238,157,159,160,180,230,163,174,243,245,176,239,167,242,264,192,191,197,208,178,194,168,205]",35e65c9e2429c368f2f54edd767035af16574c0b7f4c05fffae6cdd1b4e5bde5,111,1264570056,1778093178,"[930081,7,0,0,139,200,26]",1521428774,3450049051,[5],"{""5"":0}"
S7,7,930082,139,0.223606797749979,0,,0,0.0001,0,0,[],[],"[83,22,132,33,126,68,10,103,23,121,44,104,17,87,112,46,42,76,8,106,129,120,134,51,25,88,66,43,15,118,91,130,119,19,72,138,41,27,59,56,93,80,36,29,85,5,52,9,67,135,133,3,14,110,6,62,86,30,60,65,82,57,53,35,107,40,50,99,63,31,58,90,105,84,20,124,115,28,37,75,45,12,11,1,4,96,127,117,125,109,48,78,77,0,2,49,61,114,116,47,69,123,32,55,98,102,38,39,100,113,111]","[247,267,264,146,243,262,168,249,230,224,205,235,214,254,269,207,144,178,268,252,173,185,213,204,160,143,206,145,223,239,192,149,253,150,255,198,203,263,170,257,163,229,219,231,197,277,159,225,187,154,220,199,151,256,246,241,155,227,236,250,248,260,152,171,139,233,244,261,147,276,196,218,191,188,193,215,266,169,166,274,238,148,175,186,183,180,182,273,181,211,157,251,167,245,259,272,177,176,156,174,179,234,275,217,142,237,190,265,232,164,184]",75ab71beb8f299a7473ef61a542edf164cfce06cddd03a221ba9547b31af7b74,111,593325240,758176145,"[930082,7,0,0,139,200,26]",2295183887,3450049051,[5],"{""5"":0}"
S7,7,930083,139,0.223606797749979,0,,0,0.0001,0,0,[],[],"[87,81,22,60,36,137,56,59,43,101,53,25,111,117,0,132,138,44,100,7,88,91,9,113,20,97,63,115,33,133,122,114,5,65,29,74,102,11,45,40,2,112,32,19,85,23,124,126,18,77,75,94,105,83,54,110,3,58,46,121,57,119,108,8,104,84,13,28,17,80,95,15,42,50,48,35,98,1,52,30,16,71,27,131,38,125,130,70,66,55,73,47,61,68,4,129,109,39,93,135,41,78,10,67,123,120,37,31,49,76,127]","[249,172,263,228,153,140,162,208,163,206,215,193,216,239,271,235,198,214,145,168,219,184,185,175,259,233,161,165,149,192,213,268,167,182,143,210,154,141,269,197,190,188,275,173,238,209,227,174,196,240,181,166,204,191,147,220,224,157,260,265,234,203,221,169,250,144,248,218,222,273,257,155,253,261,244,270,277,258,146,152,276,262,255,251,189,160,171,212,148,142,177,176,194,159,200,151,223,267,245,256,231,180,186,236,246,156,252,139,232,205,178]",ecef9116a7a4f9b7939b00cf6ff630d5a95c69f1a4d695b1742c2549ae06313e,111,4092277186,596332549,"[930083,7,0,0,139,200,26]",1451827799,3450049051,[5],"{""5"":0}"
S7,7,930084,139,0.223606797749979,0,,0,0.0001,0,0,[],[],"[116,86,31,85,88,106,22,104,34,70,4,64,25,27,128,100,20,44,38,97,14,121,103,53,90,2,118,28,0,75,32,102,11,120,72,13,19,83,136,62,1,29,125,56,78,7,15,77,126,37,63,89,41,61,113,138,68,58,69,127,59,10,33,26,119,21,108,115,92,30,49,93,87,95,135,81,42,67,17,40,60,45,131,129,18,6,3,39,43,112,82,35,91,107,48,16,36,52,94,132,109,84,12,98,65,24,5,57,137,71,55]","[186,158,164,227,200,213,231,167,175,149,212,145,142,150,235,250,237,146,157,252,217,147,183,195,191,233,229,257,140,194,222,256,170,189,209,249,203,159,171,139,153,156,277,263,178,259,240,207,154,260,275,232,197,180,210,198,264,162,255,148,166,258,179,182,161,216,141,223,221,176,236,267,172,160,205,219,211,168,174,187,238,163,269,246,241,202,144,224,274,199,247,268,215,208,243,271,228,272,244,165,193,251,273,254,190,245,234,220,262,177,184]",b523a72323d13780be861dadad59c724355804368da75e333c8914d823011499,111,1841908620,1793633889,"[930084,7,0,0,139,200,26]",1952007217,3450049051,[5],"{""5"":0}"
S7,7,930085,139,0.223606797749979,0,,0,0.0001,0,0,[],[],"[98,29,81,59,102,2,133,114,47,46,42,11,14,91,74,67,58,53,68,34,30,50,123,69,21,3,71,126,104,38,87,45,118,17,1,99,75,52,84,77,130,119,54,107,28,125,76,26,106,138,10,66,32,135,24,63,103,13,129,80,7,79,35,137,56,136,4,110,131,51,88,65,39,112,23,57,49,36,25,41,105,122,124,100,92,82,113,64,101,22,40,89,70,96,9,60,48,12,43,116,109,117,55,37,62,85,19,121,90,128,115]","[146,273,245,235,196,180,178,215,165,220,141,223,230,157,268,261,203,214,188,174,151,247,201,233,266,193,212,232,177,195,225,155,276,179,211,198,148,234,248,147,243,236,250,158,242,197,176,238,204,189,140,205,161,274,184,222,270,199,259,173,167,168,224,162,182,221,143,191,149,156,264,169,216,263,262,202,185,239,277,229,145,256,251,252,160,246,249,217,208,267,152,254,213,154,186,227,170,190,207,194,255,231,172,183,253,241,206,159,210,142,218]",43cfdbbcecbe5929613c14185d49cd30385bf0b88949354ca889196356ee38ba,111,1005749517,2619593520,"[930085,7,0,0,139,200,26]",2870293694,3450049051,[5],"{""5"":0}"
S7,7,930086,139,0.223606797749979,0,,0,0.0001,0,0,[],[],"[93,92,35,51,109,116,44,31,15,108,85,75,19,95,112,113,23,26,96,62,124,102,130,126,13,127,41,69,134,107,89,37,76,65,72,57,42,115,114,21,137,17,125,90,110,25,40,121,36,58,119,66,132,138,43,123,120,12,87,5,29,49,70,33,38,53,129,2,74,0,117,48,1,94,136,84,91,47,73,99,133,111,22,100,50,80,11,24,105,6,18,56,101,28,30,106,78,16,71,63,67,59,68,14,52,81,88,34,79,128,118]","[155,238,183,189,176,170,209,159,265,258,267,198,164,273,182,259,175,163,221,204,254,160,150,199,178,246,218,192,261,249,271,274,173,256,269,162,231,181,219,266,167,172,141,186,144,139,200,247,268,203,260,257,149,177,212,225,245,236,195,213,184,187,151,243,179,147,277,224,191,174,240,275,202,276,270,237,216,210,148,168,244,152,262,252,206,194,140,188,197,205,253,161,227,143,156,223,222,190,230,228,232,215,211,208,142,241,214,234,255,226,263]",d4e1c4539a6ee1f658d1a11dbd341770a8e54edd676c2a3228a0ff51531992e8,111,2887989351,108806862,"[930086,7,0,0,139,200,26]",1726750390,3450049051,[5],"{""5"":0}"
S7,7,930087,139,0.223606797749979,0,,0,0.0001,0,0,[],[],"[110,20,58,119,64,69,50,75,53,79,101,105,135,108,31,94,103,126,27,14,89,127,81,13,0,52,7,120,121,111,22,104,83,98,92,34,112,23,40,8,118,114,138,19,134,90,70,74,6,60,113,100,136,107,12,95,56,51,24,16,15,49,88,106,117,84,128,93,26,87,115,65,30,38,36,96,29,129,137,33,82,91,71,61,130,10,4,77,125,5,131,54,78,76,62,59,57,55,67,35,86,133,28,17,123,46,63,66,97,11,122]","[181,251,246,270,256,179,164,240,192,173,140,160,226,232,233,236,250,139,235,177,241,146,206,229,219,214,267,168,200,244,273,216,205,239,257,234,225,190,196,221,151,180,237,274,165,212,245,172,223,261,166,266,211,217,227,231,174,220,191,218,163,209,141,259,228,230,143,198,184,157,213,263,178,262,156,258,185,145,161,254,183,276,249,275,152,171,248,150,243,148,147,208,204,167,175,158,193,199,195,142,197,252,271,149,159,253,238,189,272,222,176]",8cdb1b36d140909ea0265c4b442bd0c8c4e506100597306477dd8190304fedf8,111,1687762680,4003962266,"[930087,7,0,0,139,200,26]",1153203857,3450049051,[5],"{""5"":0}"
S7,7,930088,139,0.223606797749979,0,,0,0.0001,0,0,[],[],"[122,35,30,6,119,47,61,101,129,115,69,100,23,130,55,44,59,26,12,106,97,75,84,53,91,83,92,40,18,124,120,98,0,9,77,42,73,78,114,49,138,51,117,108,64,3,19,27,57,131,72,8,1,132,93,95,10,25,109,118,126,38,24,113,80,13,11,2,62,68,112,31,123,66,43,88,125,17,104,121,65,4,74,90,107,111,70,99,21,127,87,134,86,133,5,128,135,56,137,105,32,103,22,136,36,58,60,67,85,79,37]","[276,213,145,250,226,195,162,168,239,184,243,259,254,161,242,262,234,177,201,215,255,222,182,159,235,204,160,172,166,167,211,179,183,216,266,147,188,272,246,194,230,275,173,149,157,252,174,251,274,217,154,271,185,209,169,199,186,265,200,164,249,212,253,227,190,176,203,260,245,141,202,256,198,192,143,207,264,258,277,144,224,155,181,148,228,221,180,197,140,223,232,220,263,171,267,170,273,152,158,189,156,268,153,261,229,175,205,233,236,163,219]",01ea6c930b1edefcbb7cce2f723c1c476e852e168f8d3a4e5247940b1de61da7,111,1182899780,4084860004,"[930088,7,0,0,139,200,26]",762604954,3450049051,[5],"{""5"":0}"
S7,7,930089,139,0.223606797749979,0,,0,0.0001,0,0,[],[],"[53,26,31,95,74,51,79,37,115,68,0,15,56,38,89,122,112,90,49,18,86,114,123,111,54,46,16,135,94,58,32,101,108,137,93,121,138,61,130,109,71,119,125,126,116,43,10,72,127,59,118,69,50,17,13,67,20,33,60,76,22,11,66,85,103,6,113,99,92,62,70,136,45,7,21,24,128,47,39,129,12,9,80,40,30,102,2,100,25,124,75,27,81,96,42,64,5,132,104,44,105,87,117,97,98,34,57,88,107,84,55]","[213,244,238,173,147,194,259,153,203,165,206,221,262,149,272,228,233,236,219,200,237,266,160,225,251,167,257,235,180,253,168,230,212,265,246,181,139,242,144,179,270,250,155,172,145,171,164,198,143,276,218,205,196,255,170,227,201,240,275,267,258,239,182,249,264,204,184,189,207,176,178,226,187,161,271,241,159,175,268,263,248,261,199,277,231,197,183,158,273,192,156,252,166,162,193,190,195,186,152,215,247,220,154,214,234,157,191,260,256,254,229]",a240a6e2e25fd7912020e55015909d6722a96e824b77dcd5346cb899acf2560e,111,2073189133,3253691817,"[930089,7,0,0,139,200,26]",2051468208,3450049051,[5],"{""5"":0}"
S7,7,930090,139,0.223606797749979,0,,0,0.0001,0,0,[],[],"[112,93,49,33,29,95,34,135,109,51,106,84,15,113,45,103,40,37,48,118,69,130,66,100,88,62,94,23,30,117,104,18,125,128,138,133,110,102,92,65,116,127,26,10,63,80,28,111,57,79,101,13,8,16,61,3,120,129,60,122,50,97,85,11,9,78,137,87,67,47,21,39,17,24,131,64,68,74,96,53,99,123,108,1,98,36,82,89,132,31,75,114,6,12,86,41,83,81,71,25,27,121,105,22,72,58,42,119,20,54,91]","[267,243,213,274,223,255,269,248,150,179,182,200,207,168,215,216,219,235,160,277,227,194,152,208,268,177,143,232,276,175,176,264,154,251,165,180,155,218,172,146,221,239,209,275,203,178,245,228,214,241,258,270,183,171,156,259,142,226,189,145,234,205,163,240,139,230,222,211,141,197,246,237,148,236,206,159,238,140,181,272,192,174,190,191,201,249,187,153,244,188,252,196,261,217,247,202,265,185,157,204,253,233,162,151,161,173,167,210,250,242,199]",a8adc344f0d008929ff723ffd39c8a5557cc83e4f32d00d60492138e307297e1,111,3769104491,142067356,"[930090,7,0,0,139,200,26]",1292285077,3450049051,[5],"{""5"":0}"
S7,7,930091,139,0.223606797749979,0,,0,0.3,179,137,"[2,5,6,7,11,44,59,62,67,69,70,76,87,96,97,112,126,131,158,165,192,196,210,221,230,242,255,269,270,281,291,307,309,314,317,322,327,338,386,394,401,419,421,428,439,446,457,458,464,495,499,544,558,560,561,570,585,587,590,592,614,622,631,635,646,647,656,678,705,708,715,721,725,738,769,771,787,796,804,815,817,821,825,837,843,847,852,863,866,870,878,889,891,892,900,904,905,910,924,938,946,950,951,952,960,973,977,982,987,991,996,997,1028,1038,1044,1056,1067,1078,1080,1086,1108,1128,1137,1141,1143,1162,1177,1185,1188,1205,1213,1245,1252,1266,1267,1272,1279]","[[2,-1],[5,-1],[6,1],[7,1],[11,1],[44,-1],[59,1],[62,-1],[67,-1],[69,-1],[70,-1],[76,-1],[87,-1],[96,-1],[97,1],[112,1],[126,-1],[131,-1],[158,-1],[165,-1],[192,-1],[196,1],[210,1],[221,-1],[230,1],[242,1],[255,-1],[269,-1],[270,-1],[281,-1],[291,-1],[307,1],[309,-1],[314,-1],[317,-1],[322,-1],[327,-1],[338,1],[386,-1],[394,1],[401,-1],[419,1],[421,1],[428,-1],[439,1],[446,-1],[457,1],[458,1],[464,-1],[495,-1],[499,1],[544,1],[558,1],[560,-1],[561,1],[570,-1],[585,1],[587,-1],[590,-1],[592,-1],[614,-1],[622,-1],[631,-1],[635,-1],[646,-1],[647,1],[656,1],[678,-1],[705,1],[708,1],[715,-1],[721,-1],[725,-1],[738,-1],[769,-1],[771,-1],[787,1],[796,-1],[804,-1],[815,1],[817,1],[821,1],[825,-1],[837,1],[843,1],[847,-1],[852,-1],[863,1],[866,1],[870,-1],[878,-1],[889,1],[891,1],[892,1],[900,1],[904,1],[905,1],[910,-1],[924,1],[938,-1],[946,-1],[950,1],[951,1],[952,1],[960,-1],[973,1],[977,1],[982,-1],[987,-1],[991,1],[996,1],[997,1],[1028,1],[1038,1],[1044,1],[1056,-1],[1067,1],[1078,-1],[1080,-1],[1086,1],[1108,1],[1128,-1],[1137,-1],[1141,1],[1143,-1],[1162,1],[1177,1],[1185,1],[1188,1],[1205,-1],[1213,-1],[1245,-1],[1252,-1],[1266,-1],[1267,-1],[1272,-1],[1279,-1]]","[30,112,124,120,77,35,67,85,33,81,68,101,66,105,20,53,116,25,39,13,114,125,34,54,16,61,88,113,52,102,76,111,17,32,29,12,104,129,10,70,126,27,106,134,72,90,21,69,109,15,14,98,2,26,86,41,123,36,0,6,24,7,51,1,31,107,117,44,100,92,48,97,57,135,3,22,115,136,59,82,131,119,83,8,73,110,64,45,121,138,40,58,127,50,96,4,42,108,19,49,9,95,130,37,89,18,47,80,118,94,56]","[182,187,155,188,207,201,271,174,167,255,151,160,261,178,249,245,254,183,168,140,149,257,265,274,210,228,214,191,203,267,260,161,248,206,234,272,150,197,241,277,165,172,157,221,240,158,156,253,176,141,238,236,173,231,171,244,164,235,144,166,243,195,154,268,276,139,159,220,142,258,190,170,145,227,208,263,213,266,242,256,204,237,185,251,217,247,162,250,270,246,239,169,194,153,192,212,189,175,211,209,193,229,218,179,196,181,273,184,216,225,200]",ee7f7965be7f6cbb85dac97077b549de177b21007629ad11d5b34b047320b72f,111,1971456581,4199923865,"[930091,7,0,0,139,200,26]",526646879,3450049051,[5],"{""5"":-1}"
S7,7,930092,139,0.223606797749979,0,,0,0.0001,0,0,[],[],"[101,124,116,104,8,84,96,99,135,122,56,66,100,73,70,91,48,62,85,43,46,44,67,23,25,130,98,3,74,105,118,136,7,22,119,10,114,106,54,125,108,29,72,35,92,51,57,94,111,41,120,113,81,80,121,15,90,18,97,58,117,128,134,131,78,20,24,38,123,9,19,2,21,60,75,45,137,133,34,5,14,87,71,47,55,86,16,65,129,11,13,39,49,33,1,103,4,42,12,138,93,6,102,64,109,61,76,32,83,82,107]","[149,194,191,264,259,141,227,231,248,178,226,215,176,142,196,256,258,233,183,239,213,147,150,193,192,232,247,224,235,243,175,146,151,237,249,166,201,260,244,165,179,156,242,173,266,140,210,269,218,236,211,152,162,187,230,229,255,265,207,252,223,263,217,153,157,245,148,205,144,216,204,139,209,234,174,250,163,261,158,212,228,202,272,197,190,262,276,273,225,170,271,270,188,167,222,208,159,145,185,274,164,206,200,238,267,203,154,268,180,182,220]",ebe81063095426090fc5a1e667e95779380d62fb305c66f91846e393e38e2166,111,1523583582,2740955799,"[930092,7,0,0,139,200,26]",2531729927,3450049051,[5],"{""5"":0}"
S7,7,930093,139,0.223606797749979,0,,0,0.0001,0,0,[],[],"[11,95,57,18,130,117,53,54,87,17,56,120,2,96,78,127,99,27,113,72,33,13,20,103,134,55,16,67,32,49,102,5,135,108,126,24,138,23,3,12,30,10,71,15,75,61,45,50,79,112,14,137,69,85,133,119,6,29,64,41,58,21,60,129,81,46,94,22,90,97,104,76,132,19,84,44,34,8,52,98,105,48,86,63,4,38,107,47,7,106,121,28,125,9,25,128,80,31,123,43,59,66,70,73,26,39,91,37,110,1,124]","[236,154,142,249,184,168,245,226,162,199,277,240,220,139,212,172,238,230,207,254,194,174,141,242,189,264,152,259,218,261,204,256,235,266,237,258,274,201,161,188,239,179,177,192,170,186,272,187,155,180,270,208,246,163,195,217,169,214,211,151,223,166,167,216,150,233,210,267,148,183,198,191,173,202,147,247,200,160,209,157,185,175,221,234,149,250,193,143,241,145,262,165,225,224,260,206,215,219,205,178,252,146,229,275,255,232,176,263,159,243,197]",f7992bfe92fa1559f5ae1e044c456db4ff3af391da5ebe11e7fcdc323192cc6c,111,1114061163,2446263473,"[930093,7,0,0,139,200,26]",3082946796,3450049051,[5],"{""5"":0}"
S7,7,930094,139,0.223606797749979,0,,0,0.0001,0,0,[],[],"[23,110,55,9,19,65,130,109,88,47,16,6,63,30,62,0,50,41,102,56,52,1,24,107,20,116,137,89,103,92,7,119,80,131,86,79,83,100,122,43,114,120,81,70,77,87,31,54,28,32,46,95,15,135,112,57,72,66,84,106,78,36,82,115,59,129,94,68,121,5,125,12,67,75,104,26,58,97,35,99,74,8,69,51,33,45,113,39,93,40,53,18,91,128,22,13,134,37,10,27,111,123,29,48,73,138,108,118,49,105,4]","[169,223,215,239,272,179,163,252,246,266,264,141,166,160,185,240,270,250,149,232,230,195,157,178,228,172,214,259,159,242,202,164,143,191,254,260,171,212,148,146,173,200,196,237,236,187,220,211,233,167,277,234,229,209,241,225,231,218,180,269,238,199,224,161,181,271,210,243,249,158,216,204,251,267,184,213,245,258,227,139,188,183,145,168,174,244,203,256,147,208,186,207,206,182,268,226,217,247,192,262,255,257,142,170,274,144,154,152,205,265,151]",fb295494ba02221b27ad74e127c5c203bf8da710b59d0c668d955835ab341dcc,111,1904784500,213002668,"[930094,7,0,0,139,200,26]",392743590,3450049051,[5],"{""5"":0}"
S7,7,930095,139,0.223606797749979,0,,0,0.0001,0,0,[],[],"[108,28,17,99,92,111,82,80,53,51,86,90,10,84,109,127,68,74,71,2,25,69,96,11,12,31,129,73,95,27,34,22,128,110,124,117,62,87,30,6,104,50,125,135,37,26,89,14,48,72,70,91,19,94,33,7,118,58,100,40,106,136,16,1,98,79,5,66,63,57,65,122,52,81,123,43,120,41,126,46,8,137,18,67,115,78,0,83,101,36,103,47,39,107,64,102,114,131,85,113,105,44,88,119,23,32,9,60,76,38,56]","[221,139,154,225,177,223,243,235,173,211,271,163,234,254,226,212,188,149,228,215,241,193,236,217,260,237,190,272,185,274,238,157,252,151,267,204,161,275,208,200,165,147,251,231,257,239,168,160,266,189,158,152,273,199,178,255,162,269,195,184,216,270,213,218,276,258,268,174,144,145,220,229,247,167,148,207,277,175,194,203,166,153,256,246,259,155,171,172,224,181,262,242,265,240,233,140,180,183,164,214,186,198,253,170,263,250,222,210,143,176,141]",352b5168d296957816f965745c6bf42f65e6f7ef9d33ae3e625157328f121301,111,3475859314,4122469509,"[930095,7,0,0,139,200,26]",3312826358,3450049051,[5],"{""5"":0}"
S7,7,930096,139,0.223606797749979,0,,0,0.0001,0,0,[],[],"[71,18,132,5,111,38,84,25,32,44,99,113,40,37,130,66,0,134,92,15,19,115,91,138,129,35,24,110,76,108,6,70,57,101,58,31,72,39,97,80,49,128,21,136,112,26,61,54,79,127,121,64,29,27,93,124,2,8,87,17,116,107,67,73,4,82,33,9,23,53,30,88,7,55,12,10,120,34,41,114,43,56,106,20,74,131,60,90,137,16,125,14,52,3,63,85,81,11,69,50,86,68,98,1,119,103,126,28,22,102,109]","[222,248,187,209,233,184,185,256,258,211,180,246,194,264,177,242,250,203,229,259,150,208,148,158,141,262,202,207,175,223,139,162,216,182,155,254,189,275,225,167,204,251,171,217,166,149,261,178,232,147,273,144,255,157,146,263,143,241,173,266,186,197,237,276,226,145,270,154,179,205,151,227,234,183,247,165,181,274,236,218,260,244,152,196,174,153,198,221,243,268,238,240,164,206,159,160,172,168,156,169,271,163,142,200,252,235,161,265,272,269,239]",1e6fe44408ded0a4d4523592b061479716d6044a3e32f449aaa20229e84d595f,111,3464483394,806842164,"[930096,7,0,0,139,200,26]",4052397738,3450049051,[5],"{""5"":0}"
S7,7,930097,139,0.223606797749979,0,,0,0.0001,0,0,[],[],"[34,14,49,60,15,55,137,99,77,73,52,113,57,85,41,56,61,100,82,44,42,103,40,67,116,75,105,119,37,128,126,117,109,72,69,2,4,22,24,31,122,28,54,65,66,129,48,106,5,58,96,84,133,9,115,18,104,35,83,33,91,17,87,80,88,21,19,131,134,120,79,111,97,125,76,86,124,92,53,62,50,39,90,10,32,43,93,98,46,7,110,45,121,38,64,63,25,51,130,138,0,1,29,108,16,27,3,78,107,112,94]","[224,183,209,169,202,170,208,263,236,272,252,174,250,245,189,142,197,212,163,196,201,156,239,274,198,264,265,199,259,277,207,164,249,182,146,251,195,140,215,218,271,150,160,240,190,216,211,275,206,270,155,154,262,167,273,276,253,235,241,269,168,194,246,179,231,244,158,149,226,200,261,248,227,223,214,234,152,232,230,188,171,203,159,258,268,210,177,204,145,243,266,247,237,176,186,256,260,191,166,184,143,222,178,151,185,141,213,180,220,157,144]",5786b61b6a0708da1729c0bfbfe5ad5fb056be3280e4f460d6deda1ce9e11160,111,1321704381,1943402324,"[930097,7,0,0,139,200,26]",742632266,3450049051,[5],"{""5"":0}"
S7,7,930098,139,0.223606797749979,0,,0,0.3,179,131,"[2,3,5,8,9,22,32,40,66,70,72,74,78,85,88,99,103,119,131,136,156,158,174,178,179,189,205,218,222,233,242,248,255,284,287,291,304,307,310,317,318,327,338,343,361,363,377,385,386,395,408,413,439,446,458,484,495,510,514,521,546,550,561,562,579,581,582,586,590,592,600,601,625,631,636,644,646,647,656,671,678,699,701,702,708,725,732,779,809,814,830,837,904,905,910,920,938,946,948,953,964,968,977,979,982,988,992,997,1007,1008,1022,1033,1044,1053,1056,1059,1066,1073,1125,1128,1135,1136,1141,1144,1158,1175,1185,1229,1245,1251,1266]","[[2,-1],[3,1],[5,-1],[8,-1],[9,-1],[22,1],[32,-1],[40,-1],[66,-1],[70,-1],[72,-1],[74,-1],[78,-1],[85,-1],[88,1],[99,-1],[103,-1],[119,1],[131,-1],[136,-1],[156,-1],[158,-1],[174,-1],[178,-1],[179,1],[189,1],[205,-1],[218,1],[222,-1],[233,-1],[242,1],[248,-1],[255,-1],[284,1],[287,1],[291,-1],[304,1],[307,1],[310,1],[317,-1],[318,-1],[327,-1],[338,1],[343,1],[361,-1],[363,-1],[377,1],[385,1],[386,-1],[395,1],[408,-1],[413,1],[439,1],[446,-1],[458,1],[484,1],[495,-1],[510,-1],[514,-1],[521,1],[546,-1],[550,-1],[561,1],[562,1],[579,-1],[581,1],[582,-1],[586,1],[590,-1],[592,-1],[600,1],[601,-1],[625,1],[631,-1],[636,-1],[644,-1],[646,-1],[647,1],[656,1],[671,1],[678,-1],[699,1],[701,1],[702,1],[708,1],[725,-1],[732,-1],[779,1],[809,1],[814,-1],[830,1],[837,1],[904,1],[905,1],[910,-1],[920,1],[938,-1],[946,-1],[948,1],[953,1],[964,-1],[968,1],[977,1],[979,1],[982,-1],[988,1],[992,-1],[997,1],[1007,-1],[1008,-1],[1022,-1],[1033,-1],[1044,1],[1053,1],[1056,-1],[1059,-1],[1066,-1],[1073,-1],[1125,1],[1128,-1],[1135,1],[1136,-1],[1141,1],[1144,1],[1158,-1],[1175,1],[1185,1],[1229,-1],[1245,-1],[1251,-1],[1266,-1]]","[73,107,92,37,122,40,62,20,133,15,18,132,50,63,59,7,68,134,102,86,118,137,29,111,21,85,11,27,117,25,130,32,106,75,101,0,43,39,10,112,8,24,56,89,93,70,61,1,35,69,120,79,4,121,104,128,2,30,19,44,26,72,103,60,88,14,123,77,100,138,135,78,49,3,6,125,81,34,67,41,13,129,84,116,16,109,57,119,9,5,74,94,105,23,83,55,95,131,108,98,126,22,76,87,91,113,52,45,99,71,124]","[213,247,253,244,197,195,210,168,265,198,255,184,234,262,225,173,224,257,206,203,188,140,250,272,139,151,189,200,275,161,248,245,254,186,261,185,258,256,221,229,141,147,223,180,259,207,260,222,204,181,183,142,227,236,159,144,190,267,160,191,169,270,205,157,242,175,148,182,174,238,235,274,192,266,162,277,230,219,187,264,252,152,239,246,150,154,170,215,208,202,167,155,268,164,273,201,145,232,194,237,231,176,158,209,271,240,249,178,251,143,243]",98e58cd4d8a0e109326b56b53a547323d13ddb7138e1577867f5fe18017aee84,111,966305679,1337450009,"[930098,7,0,0,139,200,26]",498563209,3450049051,[5],"{""5"":-1}"
S7,7,930099,139,0.223606797749979,0,,0,0.0001,0,0,[],[],"[106,64,85,51,119,6,58,52,65,14,100,87,103,0,47,46,25,98,42,29,88,104,84,125,5,80,8,49,40,77,75,69,93,138,30,16,99,136,83,68,79,41,116,70,36,94,117,129,115,95,1,59,91,135,128,126,134,109,105,132,19,53,62,110,18,57,31,17,113,127,61,21,34,101,82,133,107,13,56,131,12,63,32,15,121,123,73,90,60,45,112,120,2,89,22,35,54,86,3,9,72,102,76,43,10,67,137,7,33,24,48]","[270,190,255,167,239,213,162,254,157,227,249,234,210,247,262,166,231,164,224,273,197,232,198,170,243,260,233,181,238,211,193,171,206,176,143,151,186,244,220,246,194,145,165,144,195,259,264,169,217,156,241,154,268,266,229,188,223,180,222,204,191,277,146,245,152,216,184,272,141,179,235,142,196,252,258,242,267,219,236,185,163,178,175,172,269,203,256,228,200,271,168,202,226,276,253,248,265,212,218,225,148,159,205,275,189,182,221,251,237,209,274]",692ec1057f0dab31dcee99664205811efe9ddbc3cc26fbf8015d71eb4fb0cd8b,111,1954321182,1051131859,"[930099,7,0,0,139,200,26]",1250032447,3450049051,[5],"{""5"":0}"
S7,7,930100,139,0.223606797749979,0,,0,0.1,101,72,"[9,11,32,44,67,70,74,119,131,156,158,186,248,269,304,305,308,317,322,327,338,356,361,428,439,440,446,474,558,586,590,591,592,600,614,633,638,646,647,678,702,725,732,738,757,804,815,825,863,871,900,904,905,910,924,946,955,960,973,977,982,991,1044,1053,1085,1108,1128,1141,1158,1185,1229,1245]","[[9,-1],[11,1],[32,-1],[44,-1],[67,-1],[70,-1],[74,-1],[119,1],[131,-1],[156,-1],[158,-1],[186,-1],[248,-1],[269,-1],[304,1],[305,1],[308,1],[317,-1],[322,-1],[327,-1],[338,1],[356,1],[361,-1],[428,-1],[439,1],[440,-1],[446,-1],[474,1],[558,1],[586,1],[590,-1],[591,1],[592,-1],[600,1],[614,-1],[633,1],[638,-1],[646,-1],[647,1],[678,-1],[702,1],[725,-1],[732,-1],[738,-1],[757,1],[804,-1],[815,1],[825,-1],[863,1],[871,1],[900,1],[904,1],[905,1],[910,-1],[924,1],[946,-1],[955,-1],[960,-1],[973,1],[977,1],[982,-1],[991,1],[1044,1],[1053,1],[1085,1],[1108,1],[1128,-1],[1141,1],[1158,-1],[1185,1],[1229,-1],[1245,-1]]","[34,44,22,43,84,48,10,2,67,1,83,123,116,5,36,63,30,58,122,132,88,98,28,12,3,41,131,136,35,60,81,4,59,68,117,8,101,107,93,125,75,114,29,130,21,6,13,76,89,37,105,111,9,42,51,70,78,74,25,16,15,26,86,100,113,20,97,57,39,121,0,53,31,135,50,104,92,52,14,64,80,126,18,19,40,108,110,95,119,112,11,79,66,120,96,128,69,138,77,127,17,7,85,61,106,94,103,82,23,46,102]","[150,196,259,251,277,173,160,248,179,255,272,146,263,270,167,213,262,245,159,187,204,254,276,152,185,214,222,151,250,252,261,256,181,233,164,142,264,149,163,148,169,141,246,184,139,199,266,157,177,147,191,171,268,180,195,193,258,217,260,265,249,223,190,236,170,234,267,231,145,244,156,154,165,201,143,182,207,210,158,153,218,216,257,168,186,229,183,238,243,227,189,230,271,144,140,269,273,253,241,215,176,242,247,212,240,275,205,237,161,274,232]",9b1aade7ebe227e1df67deb6bb3a5c62346cce1e5444fef89686fbb2d3c5c0ae,111,4250939553,3552945531,"[930100,7,0,0,139,200,26]",1009101259,3450049051,[5],"{""5"":0}"
