scenario,scenario_id,diagnostic_seed,target_n,tau,tau_index,rho,rho_index,selected_C_R2,K_t_full,K_t_stab,stability_support_indices_json,stability_signed_support_json,stability_positive_membership_json,stability_negative_membership_json,stability_membership_sha256,stability_n_per_class,stage_A_final_fit_seed,stage_B_fit_seed,stability_subsample_seed_identity_json,stability_fit_seed,dataset_seed,planted_sign_instability_idx_json,planted_coordinate_signs_json
S7,7,930001,120,1.6770509831248424,5,,0,0.1,61,51,"[0,1,2,3,4,16,27,145,157,198,219,227,297,312,333,380,405,437,514,521,563,578,652,658,729,775,793,810,821,862,908,942,957,966,970,979,981,995,1000,1039,1057,1071,1098,1145,1173,1179,1184,1214,1220,1226,1278]","[[0,1],[1,1],[2,-1],[3,1],[4,-1],[16,1],[27,1],[145,-1],[157,-1],[198,-1],[219,1],[227,-1],[297,-1],[312,1],[333,1],[380,1],[405,-1],[437,1],[514,1],[521,-1],[563,1],[578,-1],[652,1],[658,1],[729,1],[775,1],[793,-1],[810,1],[821,-1],[862,1],[908,1],[942,-1],[957,-1],[966,-1],[970,-1],[979,-1],[981,-1],[995,1],[1000,1],[1039,-1],[1057,1],[1071,1],[1098,1],[1145,1],[1173,1],[1179,1],[1184,-1],[1214,1],[1220,1],[1226,-1],[1278,1]]","[106,42,32,119,89,28,71,7,73,112,48,54,104,36,5,30,8,34,50,99,105,103,17,70,66,109,94,25,4,93,14,3,59,2,53,37,87,110,49,45,16,33,63,56,64,116,35,78,76,68,75,27,80,67,72,58,113,29,26,60,20,82,24,23,12,79,115,1,55,6,74,86,31,21,88,98,51,108,92,84,18,91,57,111,43,0,40,117,83,65,44,61,90,52,41,39]","[159,207,200,129,208,192,236,228,186,199,134,219,229,138,152,181,238,202,179,183,201,135,193,174,132,216,157,167,162,222,235,170,164,180,204,143,237,215,127,206,232,171,137,184,226,147,239,151,121,234,190,124,156,176,139,188,120,210,221,163,203,161,133,231,185,131,145,144,218,175,220,209,140,148,125,227,128,191,224,178,182,122,230,223,173,205,165,213,172,142,225,187,149,214,217,123]",c30dede5c7fbb8c70d67b81f4f8d6951d33f4bbb8bebd03f676c38ca1f81b049,96,3970460834,3467508935,"[930001,7,5,0,120,200,26]",4251509658,1918363426,[5],"{""5"":0}"
S7,7,930002,120,1.6770509831248424,5,,0,0.1,76,54,"[0,1,2,3,4,9,27,42,54,183,196,198,252,312,333,397,444,470,490,505,507,509,512,514,586,595,645,689,713,772,818,829,862,866,926,942,966,979,981,985,994,1000,1001,1006,1012,1078,1132,1139,1145,1175,1177,1179,1206,1276]","[[0,1],[1,1],[2,-1],[3,1],[4,-1],[9,1],[27,1],[42,1],[54,-1],[183,1],[196,1],[198,-1],[252,1],[312,1],[333,1],[397,-1],[444,1],[470,1],[490,-1],[505,-1],[507,-1],[509,-1],[512,-1],[514,1],[586,-1],[595,1],[645,1],[689,1],[713,-1],[772,-1],[818,-1],[829,1],[862,1],[866,1],[926,-1],[942,-1],[966,-1],[979,-1],[981,-1],[985,-1],[994,1],[1000,1],[1001,-1],[1006,-1],[1012,-1],[1078,1],[1132,-1],[1139,-1],[1145,1],[1175,1],[1177,-1],[1179,1],[1206,-1],[1276,1]]","[90,108,15,115,67,3,113,118,65,27,87,49,60,9,23,72,83,10,0,106,78,33,43,28,103,4,18,19,99,46,100,39,98,75,12,119,29,86,1,69,50,97,85,17,84,21,114,104,42,48,102,74,54,110,68,11,94,96,31,44,111,91,64,116,13,109,2,112,5,6,76,41,7,36,16,30,55,22,56,105,95,88,32,34,47,71,62,24,51,66,38,26,25,14,82,61]","[169,127,122,219,207,225,165,163,212,138,184,183,143,168,151,159,213,237,236,204,131,192,226,164,238,239,175,177,220,211,229,158,194,187,160,166,161,231,135,142,146,170,198,145,153,209,182,230,185,129,202,201,125,205,193,148,196,141,139,155,191,167,221,188,179,197,181,206,140,210,144,121,178,186,224,218,233,174,130,173,172,222,128,208,157,123,214,180,227,232,132,147,150,234,152,126]",b8b61485d90b4cfecf0cfd7bd0d1602a664d955eca783b37814b9b76cf4c1584,96,3054041878,3588261575,"[930002,7,5,0,120,200,26]",2616203143,1918363426,[5],"{""5"":0}"
S7,7,930003,120,1.6770509831248424,5,,0,0.1,72,54,"[0,1,2,3,4,42,145,158,165,171,172,198,333,380,415,423,426,437,445,447,468,535,538,563,568,582,595,658,667,674,689,697,771,772,829,834,918,979,1006,1008,1012,1025,1026,1039,1041,1071,1078,1145,1155,1177,1231,1254,1263,1278]","[[0,1],[1,1],[2,-1],[3,1],[4,-1],[42,1],[145,-1],[158,1],[165,-1],[171,-1],[172,1],[198,-1],[333,1],[380,1],[415,1],[423,-1],[426,-1],[437,1],[445,1],[447,1],[468,-1],[535,1],[538,1],[563,1],[568,1],[582,-1],[595,1],[658,1],[667,1],[674,1],[689,1],[697,-1],[771,-1],[772,-1],[829,1],[834,1],[918,-1],[979,-1],[1006,-1],[1008,-1],[1012,-1],[1025,1],[1026,-1],[1039,-1],[1041,1],[1071,1],[1078,1],[1145,1],[1155,1],[1177,-1],[1231,-1],[1254,1],[1263,1],[1278,1]]","[45,9,35,59,110,4,87,97,84,14,37,103,27,116,1,42,47,104,11,10,43,115,63,88,30,44,25,40,119,12,95,7,72,18,114,53,51,58,98,0,106,108,34,111,23,57,61,68,92,66,33,29,90,28,80,75,117,20,118,100,22,94,49,70,46,107,78,64,96,31,38,2,54,109,79,26,24,62,82,101,85,15,74,113,86,102,32,41,65,112,52,13,16,19,48,71]","[170,138,174,213,184,142,224,193,234,182,200,139,218,228,186,179,167,189,210,175,147,163,124,125,207,215,219,235,192,122,172,169,130,216,183,128,166,205,190,231,156,146,168,237,132,131,126,165,232,197,164,229,214,134,230,144,155,129,150,198,137,217,178,177,154,152,136,145,227,201,223,191,206,233,181,209,220,203,135,221,226,225,208,195,185,238,194,160,161,120,140,202,180,222,162,121]",964bac76fc2323ba8d60c83600f64c718f6873d6f6c6f9e246d219b96d7670df,96,956492638,310339110,"[930003,7,5,0,120,200,26]",3391000671,1918363426,[5],"{""5"":0}"
S7,7,930004,120,1.6770509831248424,5,,0,0.1,67,52,"[0,1,2,3,4,42,77,145,171,239,333,397,437,456,514,521,563,595,607,638,658,719,737,775,793,829,835,926,945,970,979,981,995,1000,1001,1006,1008,1026,1028,1062,1078,1082,1104,1120,1131,1155,1175,1185,1254,1256,1276,1278]","[[0,1],[1,1],[2,-1],[3,1],[4,-1],[42,1],[77,1],[145,-1],[171,-1],[239,-1],[333,1],[397,-1],[437,1],[456,1],[514,1],[521,-1],[563,1],[595,1],[607,-1],[638,1],[658,1],[719,-1],[737,1],[775,1],[793,-1],[829,1],[835,-1],[926,-1],[945,-1],[970,-1],[979,-1],[981,-1],[995,1],[1000,1],[1001,-1],[1006,-1],[1008,-1],[1026,-1],[1028,-1],[1062,1],[1078,1],[1082,1],[1104,-1],[1120,-1],[1131,-1],[1155,1],[1175,1],[1185,1],[1254,1],[1256,-1],[1276,1],[1278,1]]","[81,4,103,54,60,17,39,101,118,97,91,40,119,88,6,53,3,65,95,117,44,51,21,102,70,19,16,64,28,27,77,56,63,30,31,59,108,78,114,111,85,69,86,79,48,1,98,84,26,9,90,87,25,14,100,96,10,7,50,43,76,83,99,20,110,115,71,55,109,35,72,105,45,75,92,68,23,104,32,116,52,5,12,33,37,8,13,93,18,82,42,11,46,113,36,58]","[188,165,139,173,235,180,131,174,148,156,163,121,203,206,207,192,171,185,146,133,233,123,135,126,218,238,197,227,176,223,162,237,186,132,222,172,153,229,231,228,128,175,134,147,225,161,157,122,178,236,166,191,136,124,179,138,152,211,143,145,142,168,129,154,137,196,239,190,204,214,169,167,219,164,208,232,217,158,144,183,151,216,177,194,150,127,187,230,155,141,220,120,224,195,130,202]",f300ecffc05a3eda7a8a1969a9e6014275d9f8437acd47c19dcf8f81c629e2a0,96,2320502077,1709912835,"[930004,7,5,0,120,200,26]",626782475,1918363426,[5],"{""5"":0}"
S7,7,930005,120,1.6770509831248424,5,,0,0.1,69,51,"[0,1,2,3,4,16,26,103,145,196,242,253,265,308,310,343,415,438,444,505,521,533,595,616,633,665,666,713,775,794,800,829,862,866,867,942,970,979,981,985,995,1006,1012,1039,1068,1078,1120,1145,1173,1276,1278]","[[0,1],[1,1],[2,-1],[3,1],[4,-1],[16,1],[26,1],[103,-1],[145,-1],[196,1],[242,1],[253,1],[265,1],[308,1],[310,-1],[343,-1],[415,1],[438,-1],[444,1],[505,-1],[521,-1],[533,-1],[595,1],[616,1],[633,-1],[665,-1],[666,1],[713,-1],[775,1],[794,1],[800,-1],[829,1],[862,1],[866,1],[867,-1],[942,-1],[970,-1],[979,-1],[981,-1],[985,-1],[995,1],[1006,-1],[1012,-1],[1039,-1],[1068,1],[1078,1],[1120,-1],[1145,1],[1173,1],[1276,1],[1278,1]]","[0,109,15,37,1,10,87,39,34,110,32,82,117,43,26,17,106,112,73,48,79,33,113,29,56,83,42,76,64,9,21,19,102,49,24,31,89,28,18,63,94,38,118,25,16,36,108,101,107,12,46,23,111,11,62,92,105,103,27,74,67,68,35,61,115,7,91,116,81,50,40,41,2,54,77,30,70,44,20,45,5,72,13,53,99,75,93,104,86,4,100,51,114,85,6,96]","[137,139,209,217,120,125,142,214,158,180,210,141,223,173,234,131,133,227,156,221,190,230,222,196,207,197,151,152,148,164,161,238,121,185,165,231,175,144,172,198,235,169,150,206,163,149,202,188,129,153,126,204,146,226,228,138,220,219,162,174,232,147,155,171,127,122,181,140,200,208,237,179,213,205,160,239,128,187,193,157,159,135,194,189,183,178,136,124,143,195,224,182,191,130,201,132]",43aedddaad3f17d1c4c7256a2d71a44d8b54921a77e97190fbc1f3f240f0303c,96,1494510208,1107047241,"[930005,7,5,0,120,200,26]",2277868736,1918363426,[5],"{""5"":0}"
S7,7,930006,120,1.6770509831248424,5,,0,0.1,73,53,"[0,1,2,3,4,5,42,111,157,163,171,198,219,227,252,287,380,411,423,430,444,445,452,470,514,568,581,658,689,713,753,772,775,793,837,866,878,908,922,926,942,981,985,995,1001,1062,1068,1078,1120,1145,1224,1269,1278]","[[0,1],[1,1],[2,-1],[3,1],[4,-1],[5,1],[42,1],[111,1],[157,-1],[163,-1],[171,-1],[198,-1],[219,1],[227,-1],[252,1],[287,-1],[380,1],[411,1],[423,-1],[430,1],[444,1],[445,1],[452,1],[470,1],[514,1],[568,1],[581,1],[658,1],[689,1],[713,-1],[753,-1],[772,-1],[775,1],[793,-1],[837,-1],[866,1],[878,1],[908,1],[922,1],[926,-1],[942,-1],[981,-1],[985,-1],[995,1],[1001,-1],[1062,1],[1068,1],[1078,1],[1120,-1],[1145,1],[1224,1],[1269,1],[1278,1]]","[25,110,60,114,74,56,107,86,45,14,119,34,30,47,70,98,97,1,37,72,96,32,28,39,68,49,43,116,8,17,10,55,83,38,7,105,52,117,100,16,31,35,103,66,80,75,44,118,53,67,102,46,101,104,6,33,73,95,21,42,93,82,9,76,23,91,64,50,62,26,111,106,88,15,18,13,22,29,79,20,92,90,51,81,3,48,27,54,4,113,59,94,63,12,58,112]","[199,134,165,177,219,122,133,235,154,163,220,222,211,206,173,155,227,124,212,158,172,175,150,127,186,230,193,224,159,217,169,238,147,179,209,221,229,232,138,156,129,178,196,144,200,233,234,123,142,170,203,181,166,145,202,120,121,208,210,225,128,141,160,131,157,228,239,164,201,185,137,195,197,167,153,216,205,162,149,152,126,213,223,140,189,237,132,190,143,176,161,236,214,187,151,125]",eb1b35877a4f1072165c75c1b863ea31bf644af47795649333a9683cf881439d,96,2204886819,1644121679,"[930006,7,5,0,120,200,26]",3728869082,1918363426,[5],"{""5"":1}"
S7,7,930007,120,1.6770509831248424,5,,0,0.1,72,56,"[0,1,2,3,4,26,77,98,132,145,157,171,206,242,244,265,308,333,335,373,412,438,447,452,511,514,570,598,658,685,737,821,848,866,908,922,923,942,979,985,988,995,1021,1028,1071,1113,1115,1120,1139,1145,1173,1224,1231,1248,1251,1276]","[[0,1],[1,1],[2,-1],[3,1],[4,-1],[26,1],[77,1],[98,-1],[132,-1],[145,-1],[157,-1],[171,-1],[206,-1],[242,1],[244,-1],[265,1],[308,1],[333,1],[335,1],[373,1],[412,-1],[438,-1],[447,1],[452,1],[511,-1],[514,1],[570,1],[598,-1],[658,1],[685,-1],[737,1],[821,-1],[848,1],[866,1],[908,1],[922,1],[923,1],[942,-1],[979,-1],[985,-1],[988,-1],[995,1],[1021,1],[1028,-1],[1071,1],[1113,1],[1115,1],[1120,-1],[1139,-1],[1145,1],[1173,1],[1224,1],[1231,-1],[1248,-1],[1251,-1],[1276,1]]","[0,118,65,103,10,97,104,19,39,54,63,55,68,87,36,7,71,26,62,46,34,13,79,38,44,73,102,8,9,17,66,92,90,98,11,35,108,117,116,33,32,93,6,74,60,101,105,31,67,115,100,69,76,20,4,37,114,41,49,109,5,25,24,99,113,110,56,112,22,16,80,57,107,61,30,45,84,72,95,119,64,43,85,52,86,83,106,48,27,18,96,53,50,23,59,21]","[223,165,230,121,140,222,191,161,189,154,148,186,234,182,227,139,197,239,166,192,168,137,229,204,183,199,142,196,160,224,155,216,132,208,236,207,129,163,238,120,180,226,175,184,153,147,188,195,145,133,206,170,190,138,194,225,205,215,123,144,162,124,159,152,134,125,135,228,143,211,232,177,156,150,127,210,128,122,146,213,218,164,200,149,181,130,219,217,237,198,169,201,193,235,221,158]",d985932d7972f68b90bfecac1d0e2285184a9ea795afa61291f1356d87ef19de,96,3908699186,1385657802,"[930007,7,5,0,120,200,26]",1965405919,1918363426,[5],"{""5"":0}"
S7,7,930008,120,1.6770509831248424,5,,0,0.1,70,43,"[0,1,2,3,4,5,54,77,145,198,227,239,252,310,333,412,415,425,437,478,505,521,581,595,626,717,771,772,810,834,866,926,970,981,985,1023,1078,1079,1088,1101,1145,1224,1254]","[[0,1],[1,1],[2,-1],[3,1],[4,-1],[5,1],[54,-1],[77,1],[145,-1],[198,-1],[227,-1],[239,-1],[252,1],[310,-1],[333,1],[412,-1],[415,1],[425,1],[437,1],[478,1],[505,-1],[521,-1],[581,1],[595,1],[626,1],[717,-1],[771,-1],[772,-1],[810,1],[834,1],[866,1],[926,-1],[970,-1],[981,-1],[985,-1],[1023,1],[1078,1],[1079,-1],[1088,-1],[1101,1],[1145,1],[1224,1],[1254,1]]","[53,70,114,48,109,0,65,26,119,1,8,4,78,50,66,71,62,23,73,81,30,97,6,41,99,68,11,88,101,91,16,19,57,52,64,103,42,86,47,31,18,55,32,63,61,93,33,118,111,44,87,102,110,108,35,10,51,28,72,117,39,38,7,40,105,69,76,15,2,84,74,89,98,113,20,36,107,56,17,106,25,21,14,22,59,60,77,27,5,83,85,58,79,92,95,45]","[192,162,123,160,185,182,128,220,178,208,207,132,195,217,236,203,229,133,234,136,176,199,158,121,232,152,191,213,179,184,122,216,183,175,130,150,141,135,164,139,174,202,129,193,145,215,159,188,238,237,189,125,163,227,214,126,140,155,154,169,223,225,190,161,226,230,137,233,196,186,143,172,235,181,201,170,200,147,173,204,144,120,138,222,194,148,221,124,180,228,209,198,142,187,167,134]",5556b8f6ee894337f0e60973c2de4b9154abe95286be96f50a4ee15596b2be1f,96,3730608753,3431934678,"[930008,7,5,0,120,200,26]",634311503,1918363426,[5],"{""5"":1}"
S7,7,930009,120,1.6770509831248424,5,,0,0.1,68,41,"[0,1,2,3,4,42,145,218,240,285,397,412,470,505,626,681,704,713,771,818,881,908,918,922,942,979,981,995,1006,1013,1024,1026,1043,1101,1113,1120,1139,1145,1179,1214,1243]","[[0,1],[1,1],[2,-1],[3,1],[4,-1],[42,1],[145,-1],[218,-1],[240,1],[285,1],[397,-1],[412,-1],[470,1],[505,-1],[626,1],[681,-1],[704,-1],[713,-1],[771,-1],[818,-1],[881,1],[908,1],[918,-1],[922,1],[942,-1],[979,-1],[981,-1],[995,1],[1006,-1],[1013,-1],[1024,-1],[1026,-1],[1043,-1],[1101,1],[1113,1],[1120,-1],[1139,-1],[1145,1],[1179,1],[1214,1],[1243,-1]]","[44,95,102,91,22,78,1,65,58,74,79,17,5,38,108,36,13,27,112,101,59,52,30,41,61,84,43,80,18,55,47,63,116,46,64,49,109,100,77,60,68,97,40,87,96,92,62,67,31,56,20,70,0,8,113,81,25,3,16,75,115,26,94,99,72,9,117,69,110,106,45,7,21,34,35,119,105,23,118,15,71,48,24,28,111,10,12,42,19,29,89,53,2,51,39,83]","[172,230,158,178,190,181,214,177,125,142,211,234,176,151,173,232,175,124,216,212,226,149,200,213,198,201,182,163,215,133,185,193,132,188,218,203,123,180,167,186,131,120,154,192,159,225,157,174,204,208,197,235,195,238,227,138,168,169,121,166,199,222,150,184,152,183,144,162,134,155,236,205,233,145,160,207,146,221,129,164,191,153,147,148,171,217,228,127,229,189,179,170,224,210,140,141]",1cd208540ad1ac870485fb5252ac49c5a49ba224d4287709ce84c3d7a7e793c9,96,1219743997,1644504959,"[930009,7,5,0,120,200,26]",1200492149,1918363426,[5],"{""5"":0}"
S7,7,930010,120,1.6770509831248424,5,,0,0.1,70,49,"[0,1,2,3,4,16,79,108,156,198,224,227,238,335,380,423,437,438,444,447,452,490,560,563,581,616,633,651,652,658,666,760,771,794,818,836,848,867,881,883,911,942,979,985,990,1036,1052,1101,1148]","[[0,1],[1,1],[2,-1],[3,1],[4,-1],[16,1],[79,1],[108,-1],[156,-1],[198,-1],[224,-1],[227,-1],[238,1],[335,1],[380,1],[423,-1],[437,1],[438,-1],[444,1],[447,1],[452,1],[490,-1],[560,-1],[563,1],[581,1],[616,1],[633,-1],[651,1],[652,1],[658,1],[666,1],[760,-1],[771,-1],[794,1],[818,-1],[836,1],[848,1],[867,-1],[881,1],[883,1],[911,-1],[942,-1],[979,-1],[985,-1],[990,-1],[1036,-1],[1052,-1],[1101,1],[1148,1]]","[65,71,113,93,108,13,70,8,91,84,119,96,47,102,12,3,15,44,32,34,4,17,99,38,81,100,9,18,98,104,26,21,11,103,10,51,101,22,2,37,67,105,78,73,24,76,95,36,1,90,111,77,59,27,41,7,61,48,25,58,52,107,28,83,80,74,16,116,31,112,42,72,106,53,39,55,92,86,5,109,45,29,30,60,14,43,49,54,6,56,0,94,117,114,87,69]","[153,211,192,146,159,235,126,157,210,121,152,151,161,239,123,136,179,207,204,169,166,220,168,164,196,158,149,225,205,155,137,215,127,212,176,133,124,134,170,222,230,187,202,148,130,216,163,200,140,184,237,178,224,234,183,122,206,174,201,147,128,208,132,162,233,214,177,223,144,142,219,203,229,195,156,160,227,193,226,186,165,145,191,172,182,139,120,231,209,194,125,221,131,181,175,171]",cac83208c68c1e0066e63c31fa87060eaf2eaf964fae8d004a6d9bb2c23a6af1,96,3359746668,2032064457,"[930010,7,5,0,120,200,26]",3083363951,1918363426,[5],"{""5"":0}"
S7,7,930011,120,1.6770509831248424,5,,0,0.1,71,59,"[0,1,2,3,4,91,186,214,219,224,227,238,239,242,308,311,333,335,355,380,408,423,425,437,438,444,507,513,581,614,638,652,713,735,737,775,793,794,829,834,881,908,915,922,926,951,979,985,995,1003,1012,1043,1071,1177,1224,1254,1256,1276,1278]","[[0,1],[1,1],[2,-1],[3,1],[4,-1],[91,-1],[186,-1],[214,-1],[219,1],[224,-1],[227,-1],[238,1],[239,-1],[242,1],[308,1],[311,-1],[333,1],[335,1],[355,1],[380,1],[408,-1],[423,-1],[425,1],[437,1],[438,-1],[444,1],[507,-1],[513,-1],[581,1],[614,-1],[638,1],[652,1],[713,-1],[735,1],[737,1],[775,1],[793,-1],[794,1],[829,1],[834,1],[881,1],[908,1],[915,-1],[922,1],[926,-1],[951,-1],[979,-1],[985,-1],[995,1],[1003,1],[1012,-1],[1043,-1],[1071,1],[1177,-1],[1224,1],[1254,1],[1256,-1],[1276,1],[1278,1]]","[111,19,63,107,93,67,13,2,28,16,105,36,68,48,17,83,75,34,20,115,98,87,112,81,118,71,4,35,37,3,44,62,29,72,84,22,101,97,110,76,74,82,99,27,30,66,0,86,61,113,43,55,80,6,59,117,33,1,7,91,53,52,85,69,15,10,102,90,95,70,51,58,96,18,21,60,88,8,42,114,94,54,45,14,79,89,73,49,25,50,39,108,40,100,32,116]","[218,198,209,165,157,184,192,207,229,128,187,176,186,174,238,147,204,189,190,222,216,236,205,220,167,202,178,185,173,151,150,166,162,155,126,180,140,233,221,132,160,215,125,228,217,170,235,144,152,129,127,230,191,130,232,169,237,135,196,120,214,212,234,134,123,200,168,210,208,163,182,213,225,159,133,219,195,156,121,171,154,194,145,153,148,197,199,223,164,137,203,227,179,226,175,211]",3ceee6f01cebcd48b585ffa0da8f764bc778a53763e14de0d17ee082fd2cbf59,96,440459195,3318595016,"[930011,7,5,0,120,200,26]",3179097096,1918363426,[5],"{""5"":0}"
S7,7,930012,120,1.6770509831248424,5,,0,0.3,133,111,"[0,1,2,3,4,27,71,76,91,101,108,114,139,149,158,171,185,198,207,242,252,263,268,274,308,311,312,333,346,355,380,397,405,423,425,437,438,454,479,490,507,513,514,559,560,563,570,581,582,595,614,621,632,640,652,658,663,685,689,704,705,713,727,772,794,806,810,816,834,848,869,870,882,905,908,923,942,951,980,981,982,985,990,995,1000,1006,1026,1027,1030,1031,1043,1056,1071,1083,1088,1102,1132,1145,1161,1171,1173,1184,1190,1216,1227,1229,1248,1254,1276,1277,1278]","[[0,1],[1,1],[2,-1],[3,1],[4,-1],[27,1],[71,-1],[76,1],[91,-1],[101,-1],[108,-1],[114,1],[139,1],[149,1],[158,1],[171,-1],[185,1],[198,-1],[207,1],[242,1],[252,1],[263,1],[268,-1],[274,-1],[308,1],[311,-1],[312,1],[333,1],[346,1],[355,1],[380,1],[397,-1],[405,-1],[423,-1],[425,1],[437,1],[438,-1],[454,-1],[479,1],[490,-1],[507,-1],[513,-1],[514,1],[559,1],[560,-1],[563,1],[570,1],[581,1],[582,-1],[595,1],[614,-1],[621,1],[632,1],[640,1],[652,1],[658,1],[663,-1],[685,-1],[689,1],[704,-1],[705,-1],[713,-1],[727,-1],[772,-1],[794,1],[806,1],[810,1],[816,-1],[834,1],[848,1],[869,-1],[870,1],[882,1],[905,1],[908,1],[923,1],[942,-1],[951,-1],[980,-1],[981,-1],[982,1],[985,-1],[990,-1],[995,1],[1000,1],[1006,-1],[1026,-1],[1027,-1],[1030,1],[1031,1],[1043,-1],[1056,-1],[1071,1],[1083,-1],[1088,-1],[1102,1],[1132,-1],[1145,1],[1161,1],[1171,-1],[1173,1],[1184,-1],[1190,1],[1216,1],[1227,1],[1229,1],[1248,-1],[1254,1],[1276,1],[1277,1],[1278,1]]","[106,51,78,33,70,17,18,76,44,72,8,96,9,42,31,38,46,83,69,45,7,118,25,50,111,27,98,57,100,80,82,84,104,48,89,16,53,105,90,62,119,65,4,1,56,35,85,28,59,107,102,110,49,113,63,81,92,114,13,94,21,12,99,67,0,2,116,108,103,66,22,19,64,36,15,40,23,54,34,32,3,52,37,91,30,14,58,6,24,109,75,55,88,73,95,20]","[125,211,219,189,121,224,151,134,227,155,170,137,192,132,184,215,178,177,204,187,226,163,165,221,230,181,140,161,154,237,146,160,203,228,217,149,182,168,138,133,130,201,225,127,238,180,223,205,202,210,150,234,157,142,239,139,212,191,174,235,206,120,188,144,147,179,156,172,167,236,185,198,135,232,152,194,128,218,153,129,229,164,126,231,207,209,159,166,222,171,183,143,162,195,233,124]",1baf84ea3093a1370dcc0b41151fae840f5e1fcc823655ac44b879646e88df86,96,4190718482,3159716334,"[930012,7,5,0,120,200,26]",434826206,1918363426,[5],"{""5"":0}"
S7,7,930013,120,1.6770509831248424,5,,0,0.3,128,105,"[0,1,2,3,4,5,16,112,116,145,150,168,171,193,227,240,242,263,284,311,312,314,329,333,346,350,380,411,423,426,427,437,448,483,492,507,508,509,553,560,563,581,585,586,595,634,645,646,652,666,667,674,676,689,693,704,716,756,760,772,775,801,810,821,829,834,848,862,868,881,901,908,942,951,969,975,981,985,990,991,995,1001,1008,1013,1015,1028,1078,1101,1120,1136,1144,1155,1163,1175,1178,1182,1199,1220,1224,1226,1229,1248,1254,1263,1278]","[[0,1],[1,1],[2,-1],[3,1],[4,-1],[5,1],[16,1],[112,1],[116,1],[145,-1],[150,-1],[168,-1],[171,-1],[193,1],[227,-1],[240,1],[242,1],[263,1],[284,-1],[311,-1],[312,1],[314,1],[329,-1],[333,1],[346,1],[350,-1],[380,1],[411,1],[423,-1],[426,-1],[427,-1],[437,1],[448,-1],[483,-1],[492,-1],[507,-1],[508,-1],[509,-1],[553,1],[560,-1],[563,1],[581,1],[585,1],[586,-1],[595,1],[634,1],[645,1],[646,1],[652,1],[666,1],[667,1],[674,1],[676,1],[689,1],[693,1],[704,-1],[716,-1],[756,1],[760,-1],[772,-1],[775,1],[801,-1],[810,1],[821,-1],[829,1],[834,1],[848,1],[862,1],[868,-1],[881,1],[901,-1],[908,1],[942,-1],[951,-1],[969,1],[975,1],[981,-1],[985,-1],[990,-1],[991,1],[995,1],[1001,-1],[1008,-1],[1013,-1],[1015,-1],[1028,-1],[1078,1],[1101,1],[1120,-1],[1136,-1],[1144,-1],[1155,1],[1163,-1],[1175,1],[1178,1],[1182,1],[1199,-1],[1220,1],[1224,1],[1226,-1],[1229,1],[1248,-1],[1254,1],[1263,1],[1278,1]]","[12,64,73,8,47,22,4,15,13,76,32,30,112,102,21,20,10,56,49,41,51,3,14,62,80,42,87,117,25,0,86,118,45,60,93,54,57,95,110,36,6,116,27,38,104,39,16,59,43,52,91,1,74,40,24,2,69,94,63,101,53,78,9,33,46,111,48,89,34,81,82,107,11,105,83,97,5,85,58,96,79,7,35,65,17,88,23,108,55,18,92,100,113,67,106,28]","[120,209,143,163,123,154,186,208,131,180,194,196,205,201,190,185,174,181,121,227,141,150,193,124,225,166,198,237,228,129,202,157,172,192,171,126,239,167,132,149,232,130,184,164,212,145,165,162,155,238,159,217,195,156,169,211,170,221,189,127,197,125,210,160,216,182,175,187,203,231,147,183,214,176,133,215,138,234,220,139,158,177,161,229,178,236,204,134,153,188,151,235,148,144,218,233]",6192263d2eb82f2a3d3bdb9be4d40e6ac1abb6a5824f14040ac05362151f7ccb,96,1382153358,454316026,"[930013,7,5,0,120,200,26]",2082983705,1918363426,[5],"{""5"":1}"
S7,7,930014,120,1.6770509831248424,5,,0,0.1,65,52,"[0,1,2,3,4,16,26,42,103,114,157,183,228,343,346,397,408,428,447,456,460,479,505,509,553,582,615,621,658,689,717,772,801,866,881,908,930,942,985,995,1025,1026,1101,1120,1139,1145,1177,1179,1187,1254,1256,1278]","[[0,1],[1,1],[2,-1],[3,1],[4,-1],[16,1],[26,1],[42,1],[103,-1],[114,1],[157,-1],[183,1],[228,1],[343,-1],[346,1],[397,-1],[408,-1],[428,-1],[447,1],[456,1],[460,1],[479,1],[505,-1],[509,-1],[553,1],[582,-1],[615,-1],[621,1],[658,1],[689,1],[717,-1],[772,-1],[801,-1],[866,1],[881,1],[908,1],[930,-1],[942,-1],[985,-1],[995,1],[1025,1],[1026,-1],[1101,1],[1120,-1],[1139,-1],[1145,1],[1177,-1],[1179,1],[1187,1],[1254,1],[1256,-1],[1278,1]]","[0,12,58,63,60,72,98,11,28,102,9,51,13,117,57,67,35,94,14,103,24,45,96,61,73,40,89,118,23,32,95,4,90,53,52,109,15,20,38,69,111,114,105,50,17,26,76,54,85,88,107,64,68,101,55,108,41,87,46,18,74,16,33,19,10,21,83,104,2,56,77,62,65,34,39,22,99,92,1,29,42,71,7,48,86,110,49,37,30,70,6,100,47,119,81,36]","[208,161,171,172,168,225,184,120,231,134,222,211,223,193,191,236,220,132,230,127,167,233,205,147,197,141,148,128,199,125,137,145,196,163,157,162,200,174,215,226,207,151,181,234,133,143,136,176,130,152,189,164,187,195,160,139,149,155,146,154,142,156,235,216,169,214,135,150,185,131,158,204,124,198,209,166,179,129,159,183,239,138,165,144,190,122,221,224,188,170,202,201,206,217,232,140]",7fdb52edda989b00532ed0b7f86da070b12a8f0a3e4f38eee01db6c264305eb4,96,3393835091,401728545,"[930014,7,5,0,120,200,26]",1186549089,1918363426,[5],"{""5"":0}"
S7,7,930015,120,1.6770509831248424,5,,0,0.3,129,107,"[0,1,2,3,4,5,16,42,71,77,78,100,142,145,150,157,171,196,198,209,238,244,285,308,311,314,335,337,346,371,433,443,444,468,490,492,496,509,514,521,535,546,553,563,595,612,634,674,689,712,716,717,737,756,765,771,775,780,792,801,821,826,829,861,862,881,882,897,908,911,922,926,942,951,970,985,987,989,990,994,1000,1007,1008,1012,1015,1025,1026,1028,1067,1068,1078,1082,1088,1099,1101,1104,1120,1132,1145,1164,1173,1177,1216,1227,1242,1252,1278]","[[0,1],[1,1],[2,-1],[3,1],[4,-1],[5,1],[16,1],[42,1],[71,-1],[77,1],[78,1],[100,1],[142,-1],[145,-1],[150,-1],[157,-1],[171,-1],[196,1],[198,-1],[209,1],[238,1],[244,-1],[285,1],[308,1],[311,-1],[314,1],[335,1],[337,-1],[346,1],[371,-1],[433,-1],[443,1],[444,1],[468,-1],[490,-1],[492,-1],[496,1],[509,-1],[514,1],[521,-1],[535,1],[546,1],[553,1],[563,1],[595,1],[612,1],[634,1],[674,1],[689,1],[712,1],[716,-1],[717,-1],[737,1],[756,1],[765,1],[771,-1],[775,1],[780,-1],[792,-1],[801,-1],[821,-1],[826,-1],[829,1],[861,-1],[862,1],[881,1],[882,1],[897,1],[908,1],[911,-1],[922,1],[926,-1],[942,-1],[951,-1],[970,-1],[985,-1],[987,1],[989,1],[990,-1],[994,1],[1000,1],[1007,1],[1008,-1],[1012,-1],[1015,-1],[1025,1],[1026,-1],[1028,-1],[1067,1],[1068,1],[1078,1],[1082,1],[1088,-1],[1099,1],[1101,1],[1104,-1],[1120,-1],[1132,-1],[1145,1],[1164,-1],[1173,1],[1177,-1],[1216,1],[1227,1],[1242,-1],[1252,-1],[1278,1]]","[26,93,84,40,52,75,7,78,27,68,64,44,39,4,101,0,114,32,6,74,46,51,10,43,115,8,38,1,90,116,22,11,55,50,59,24,25,34,108,96,111,16,48,65,58,76,9,21,83,29,53,92,112,41,45,86,56,105,19,95,2,61,100,81,35,87,42,98,5,17,66,82,103,12,91,62,14,106,28,102,89,99,15,97,119,109,18,73,23,3,37,71,118,20,117,63]","[207,142,148,121,157,158,205,233,130,127,212,224,131,159,185,193,211,167,216,221,140,222,132,215,122,155,178,161,230,129,172,201,175,186,190,228,234,169,174,192,229,164,134,133,225,232,217,210,154,173,156,170,135,189,136,226,196,214,125,200,179,128,138,220,151,168,197,203,162,188,194,239,160,219,199,182,218,237,153,198,236,149,123,137,139,147,231,166,208,204,126,227,213,143,165,176]",c11dc8f754036c10a9d5c0974956c2d43f6b93f0579ded0e83a8997467868b07,96,2438344898,2368372351,"[930015,7,5,0,120,200,26]",1564414682,1918363426,[5],"{""5"":1}"
S7,7,930016,120,1.6770509831248424,5,,0,0.1,78,47,"[0,1,2,3,4,43,103,116,227,242,252,276,311,312,358,380,397,423,438,448,582,652,658,717,771,818,866,908,939,942,951,970,981,985,991,995,1001,1025,1078,1098,1113,1120,1144,1206,1256,1276,1278]","[[0,1],[1,1],[2,-1],[3,1],[4,-1],[43,-1],[103,-1],[116,1],[227,-1],[242,1],[252,1],[276,-1],[311,-1],[312,1],[358,1],[380,1],[397,-1],[423,-1],[438,-1],[448,-1],[582,-1],[652,1],[658,1],[717,-1],[771,-1],[818,-1],[866,1],[908,1],[939,1],[942,-1],[951,-1],[970,-1],[981,-1],[985,-1],[991,1],[995,1],[1001,-1],[1025,1],[1078,1],[1098,1],[1113,1],[1120,-1],[1144,-1],[1206,-1],[1256,-1],[1276,1],[1278,1]]","[74,72,21,80,35,33,24,6,3,46,85,55,86,104,42,100,27,39,58,113,17,111,93,94,71,118,107,22,45,56,61,109,110,18,95,34,68,54,69,98,47,20,12,67,16,8,14,41,88,119,57,99,10,36,82,92,116,40,29,50,52,60,2,43,108,97,103,65,59,77,79,11,31,105,25,76,5,4,63,70,48,114,38,102,90,91,13,83,64,75,81,26,53,96,73,44]","[191,137,231,133,200,221,163,189,170,161,228,171,205,140,177,239,235,213,138,158,194,120,181,196,149,230,152,187,168,202,167,143,193,183,179,128,156,141,218,224,129,121,198,203,139,169,122,219,210,131,155,211,188,124,148,237,184,234,209,190,145,232,223,144,225,172,227,199,127,208,197,180,222,207,212,123,173,174,201,134,164,233,236,159,151,217,162,142,135,214,157,204,146,160,150,186]",38cb2212c020319e5cba8329c9b9aed458b6297f2b2c0fca6e6a15defc32f156,96,863272096,3242979095,"[930016,7,5,0,120,200,26]",2188656753,1918363426,[5],"{""5"":0}"
S7,7,930017,120,1.6770509831248424,5,,0,0.1,73,58,"[0,1,2,3,4,42,54,157,158,165,196,198,219,227,237,252,316,333,358,411,416,438,444,507,521,581,598,685,704,760,780,794,801,829,834,848,867,878,883,918,926,942,979,993,995,1001,1021,1078,1115,1132,1139,1145,1175,1191,1224,1248,1254,1269]","[[0,1],[1,1],[2,-1],[3,1],[4,-1],[42,1],[54,-1],[157,-1],[158,1],[165,-1],[196,1],[198,-1],[219,1],[227,-1],[237,-1],[252,1],[316,1],[333,1],[358,1],[411,1],[416,-1],[438,-1],[444,1],[507,-1],[521,-1],[581,1],[598,-1],[685,-1],[704,-1],[760,-1],[780,-1],[794,1],[801,-1],[829,1],[834,1],[848,1],[867,-1],[878,1],[883,1],[918,-1],[926,-1],[942,-1],[979,-1],[993,1],[995,1],[1001,-1],[1021,1],[1078,1],[1115,1],[1132,-1],[1139,-1],[1145,1],[1175,1],[1191,1],[1224,1],[1248,-1],[1254,1],[1269,1]]","[24,80,61,115,88,32,57,68,34,17,46,78,71,48,59,14,83,55,25,35,10,54,75,30,28,42,45,112,108,84,110,106,119,92,15,47,6,107,73,13,2,26,86,109,19,77,82,96,23,60,9,76,89,21,12,81,116,8,63,117,91,50,0,38,114,58,5,101,99,52,97,100,20,49,69,16,65,56,40,33,104,94,103,98,87,22,43,4,18,51,11,105,64,1,118,111]","[120,204,208,130,182,207,222,202,221,165,216,153,146,143,135,239,232,180,227,168,184,155,177,209,199,189,190,139,144,128,174,194,196,200,169,224,210,124,201,231,148,133,158,170,236,145,197,220,132,215,134,171,167,206,175,149,195,186,151,192,160,234,126,129,121,181,183,136,127,191,179,173,193,211,176,217,159,212,219,162,125,223,187,237,141,185,203,164,150,218,198,152,233,226,213,230]",a3cb1a49339ccbdff2548287a0e115dda84c4261b76b93c2d9b54269b676fb78,96,3000625963,1134044560,"[930017,7,5,0,120,200,26]",3558600507,1918363426,[5],"{""5"":0}"
S7,7,930018,120,1.6770509831248424,5,,0,0.1,73,51,"[0,1,2,3,4,16,27,77,103,196,198,240,285,287,301,308,343,355,358,362,397,415,438,450,468,480,508,514,563,591,647,675,719,772,794,818,829,837,848,864,881,892,908,979,990,995,1012,1068,1082,1120,1254]","[[0,1],[1,1],[2,-1],[3,1],[4,-1],[16,1],[27,1],[77,1],[103,-1],[196,1],[198,-1],[240,1],[285,1],[287,-1],[301,-1],[308,1],[343,-1],[355,1],[358,1],[362,-1],[397,-1],[415,1],[438,-1],[450,1],[468,-1],[480,-1],[508,-1],[514,1],[563,1],[591,1],[647,1],[675,1],[719,-1],[772,-1],[794,1],[818,-1],[829,1],[837,-1],[848,1],[864,1],[881,1],[892,1],[908,1],[979,-1],[990,-1],[995,1],[1012,-1],[1068,1],[1082,1],[1120,-1],[1254,1]]","[87,26,48,65,24,20,93,13,1,111,5,78,47,35,72,64,37,115,80,43,39,81,89,100,97,32,61,30,67,34,15,74,63,103,38,12,77,42,69,54,98,21,52,8,118,36,75,95,66,10,88,18,14,31,113,106,73,94,46,7,56,49,96,25,114,117,28,112,27,17,71,105,107,23,0,119,40,76,83,92,70,62,108,58,41,99,86,82,59,55,16,51,91,90,85,84]","[146,151,158,180,185,169,194,159,161,155,164,228,202,200,139,178,173,150,171,160,222,122,219,144,166,193,156,121,212,174,204,184,217,237,120,233,213,129,187,130,137,235,172,147,181,232,165,143,186,140,221,182,168,206,148,163,211,141,167,134,234,224,218,226,215,175,223,126,153,128,188,149,195,170,162,131,176,192,123,125,208,230,220,209,142,157,238,138,239,133,136,229,127,132,154,199]",91bac5a9859b3e1cb6c175eb5a094d8b362605fa1ec728e9f787328b2786013e,96,990966539,3545603944,"[930018,7,5,0,120,200,26]",2770036038,1918363426,[5],"{""5"":0}"
S7,7,930019,120,1.6770509831248424,5,,0,0.1,66,49,"[0,1,2,3,4,16,54,77,116,189,191,196,227,240,312,314,333,438,448,452,507,514,586,658,685,772,775,810,861,867,908,923,926,942,979,981,990,995,1000,1056,1077,1104,1120,1145,1146,1191,1214,1248,1278]","[[0,1],[1,1],[2,-1],[3,1],[4,-1],[16,1],[54,-1],[77,1],[116,1],[189,-1],[191,-1],[196,1],[227,-1],[240,1],[312,1],[314,1],[333,1],[438,-1],[448,-1],[452,1],[507,-1],[514,1],[586,-1],[658,1],[685,-1],[772,-1],[775,1],[810,1],[861,-1],[867,-1],[908,1],[923,1],[926,-1],[942,-1],[979,-1],[981,-1],[990,-1],[995,1],[1000,1],[1056,-1],[1077,-1],[1104,-1],[1120,-1],[1145,1],[1146,-1],[1191,1],[1214,1],[1248,-1],[1278,1]]","[82,86,7,4,100,12,36,85,110,9,40,10,15,27,16,76,117,53,107,88,74,57,91,105,113,28,39,84,115,59,64,29,24,69,72,37,20,1,111,75,47,6,70,102,119,62,18,118,34,56,43,42,65,2,26,114,58,81,41,31,98,99,77,46,73,5,49,60,52,108,61,3,89,79,71,90,33,21,95,23,83,35,96,32,38,30,25,55,106,8,67,0,63,109,50,78]","[153,139,129,163,170,164,199,126,197,150,195,223,184,155,233,169,203,235,162,145,217,182,165,152,160,137,205,180,192,158,179,143,141,187,190,237,230,206,183,232,188,171,157,172,185,231,201,226,221,151,176,173,181,194,178,224,167,133,189,122,147,196,222,186,177,212,166,238,168,208,130,148,146,142,207,125,131,234,128,136,202,156,204,236,213,229,225,144,239,140,228,135,124,218,149,154]",b13d0701950e952a6b28e8347f79feb21b049dec66d343e2d4e6ce02428d7d94,96,3493784100,199926482,"[930019,7,5,0,120,200,26]",3484789310,1918363426,[5],"{""5"":0}"
S7,7,930020,120,1.6770509831248424,5,,0,0.1,73,49,"[0,1,2,3,4,5,103,157,244,272,287,308,343,380,397,444,507,514,521,570,658,713,714,724,760,771,772,794,866,883,908,925,942,951,966,970,979,981,985,994,995,1026,1030,1041,1090,1101,1120,1227,1268]","[[0,1],[1,1],[2,-1],[3,1],[4,-1],[5,1],[103,-1],[157,-1],[244,-1],[272,1],[287,-1],[308,1],[343,-1],[380,1],[397,-1],[444,1],[507,-1],[514,1],[521,-1],[570,1],[658,1],[713,-1],[714,1],[724,-1],[760,-1],[771,-1],[772,-1],[794,1],[866,1],[883,1],[908,1],[925,1],[942,-1],[951,-1],[966,-1],[970,-1],[979,-1],[981,-1],[985,-1],[994,1],[995,1],[1026,-1],[1030,1],[1041,1],[1090,1],[1101,1],[1120,-1],[1227,1],[1268,1]]","[64,10,115,12,100,76,97,78,119,86,66,8,69,105,51,95,65,37,67,117,33,36,52,27,113,110,21,53,79,90,57,112,34,109,92,14,94,15,19,5,13,63,1,102,98,96,2,60,87,17,44,73,31,54,107,71,106,84,29,40,42,89,59,77,26,6,103,116,108,50,32,91,81,47,20,58,55,45,0,9,3,23,114,16,99,41,70,75,118,49,104,56,83,93,38,11]","[126,209,175,208,171,177,156,211,223,236,170,159,168,203,169,185,237,172,143,191,145,229,136,194,189,124,202,184,165,234,147,153,187,166,217,129,134,213,173,233,139,192,154,132,216,137,227,205,157,207,204,180,222,190,150,158,131,163,231,228,214,199,176,188,146,120,148,123,149,178,197,135,160,221,121,122,239,133,182,144,225,183,212,140,196,127,141,186,130,198,206,142,195,220,232,162]",57b909032ba25679892ba12f8a60d05a5ae267b7d91c87dace1ce0c5a750266a,96,4186987501,1363443541,"[930020,7,5,0,120,200,26]",1181809250,1918363426,[5],"{""5"":1}"
S7,7,930021,120,1.6770509831248424,5,,0,0.1,60,50,"[0,1,2,3,4,42,56,77,145,148,196,198,219,227,244,285,308,335,380,397,416,444,450,452,513,521,527,563,581,632,689,771,793,829,848,862,866,867,881,908,942,970,979,985,995,1001,1248,1254,1269,1278]","[[0,1],[1,1],[2,-1],[3,1],[4,-1],[42,1],[56,-1],[77,1],[145,-1],[148,1],[196,1],[198,-1],[219,1],[227,-1],[244,-1],[285,1],[308,1],[335,1],[380,1],[397,-1],[416,-1],[444,1],[450,1],[452,1],[513,-1],[521,-1],[527,-1],[563,1],[581,1],[632,1],[689,1],[771,-1],[793,-1],[829,1],[848,1],[862,1],[866,1],[867,-1],[881,1],[908,1],[942,-1],[970,-1],[979,-1],[985,-1],[995,1],[1001,-1],[1248,-1],[1254,1],[1269,1],[1278,1]]","[59,3,100,19,23,50,4,36,25,72,10,102,75,37,86,119,105,44,89,118,8,69,104,32,85,27,76,11,71,61,74,87,90,80,60,103,6,2,98,12,45,41,79,24,43,9,112,0,1,30,20,42,88,110,73,15,16,106,39,34,67,38,92,83,22,111,108,40,77,66,51,55,18,52,17,94,29,47,33,114,63,58,116,49,64,82,62,117,31,81,91,115,26,5,109,7]","[134,144,154,234,224,226,129,148,220,233,225,171,206,127,141,122,175,162,131,236,186,207,199,238,153,161,133,151,130,211,145,183,165,202,201,194,218,137,187,222,128,174,172,235,167,139,143,166,173,168,203,190,152,216,191,157,140,228,198,132,121,182,156,124,123,204,232,221,231,120,189,188,147,229,185,181,170,197,135,230,205,158,196,200,192,179,142,184,163,209,180,146,149,217,178,164]",4511894282d962f0c5d877d355a179ac6f960068b78d74a1b1e6d3ac7ab15345,96,1508746051,556354109,"[930021,7,5,0,120,200,26]",1532938778,1918363426,[5],"{""5"":0}"
S7,7,930022,120,1.6770509831248424,5,,0,0.1,67,48,"[0,1,2,4,26,42,77,101,145,191,227,240,333,380,426,438,507,568,598,616,624,626,652,666,702,760,775,862,881,903,908,918,926,942,970,979,981,985,994,995,1001,1026,1082,1120,1127,1173,1184,1278]","[[0,1],[1,1],[2,-1],[4,-1],[26,1],[42,1],[77,1],[101,-1],[145,-1],[191,-1],[227,-1],[240,1],[333,1],[380,1],[426,-1],[438,-1],[507,-1],[568,1],[598,-1],[616,1],[624,1],[626,1],[652,1],[666,1],[702,1],[760,-1],[775,1],[862,1],[881,1],[903,1],[908,1],[918,-1],[926,-1],[942,-1],[970,-1],[979,-1],[981,-1],[985,-1],[994,1],[995,1],[1001,-1],[1026,-1],[1082,1],[1120,-1],[1127,1],[1173,1],[1184,-1],[1278,1]]","[115,32,19,20,92,33,77,90,59,16,58,49,106,114,93,57,60,91,79,86,107,54,104,3,46,94,39,100,61,4,84,110,1,118,42,38,50,99,30,67,73,98,14,113,65,27,43,119,68,2,7,34,31,111,72,70,18,10,13,64,12,48,52,95,83,89,35,71,62,112,80,22,25,87,51,97,21,69,9,11,109,24,41,23,45,76,103,117,101,15,36,17,74,116,6,28]","[133,210,164,128,199,217,170,162,163,153,174,208,192,138,225,207,233,219,228,122,201,167,185,195,156,157,203,187,125,150,204,209,202,191,188,130,143,196,221,142,124,216,121,158,141,236,159,151,184,224,120,193,218,139,147,135,214,123,155,222,194,227,237,238,171,173,127,226,230,177,234,137,161,200,190,169,145,168,175,211,126,152,166,220,181,140,144,149,178,131,160,229,235,180,132,189]",6b0b697fbe7c525ced566b1a7e62f084f4fa313be3a388f8a85a933d5d709612,96,2534067420,1680267307,"[930022,7,5,0,120,200,26]",1765157938,1918363426,[5],"{""5"":0}"
S7,7,930023,120,1.6770509831248424,5,,0,0.3,125,101,"[0,1,2,3,4,42,43,48,79,85,142,145,171,186,196,198,204,218,227,239,240,247,252,272,308,325,326,331,384,411,415,423,438,443,444,447,468,506,508,511,513,514,523,563,595,610,634,644,656,658,666,667,673,722,737,749,773,780,786,801,821,829,834,866,880,894,908,923,942,961,962,970,971,979,985,994,1000,1012,1013,1017,1025,1026,1050,1056,1071,1078,1086,1098,1104,1114,1144,1145,1164,1167,1175,1184,1191,1243,1254,1261,1278]","[[0,1],[1,1],[2,-1],[3,1],[4,-1],[42,1],[43,-1],[48,1],[79,1],[85,-1],[142,-1],[145,-1],[171,-1],[186,-1],[196,1],[198,-1],[204,1],[218,-1],[227,-1],[239,-1],[240,1],[247,-1],[252,1],[272,1],[308,1],[325,-1],[326,1],[331,1],[384,1],[411,1],[415,1],[423,-1],[438,-1],[443,1],[444,1],[447,1],[468,-1],[506,-1],[508,-1],[511,-1],[513,-1],[514,1],[523,1],[563,1],[595,1],[610,1],[634,1],[644,1],[656,-1],[658,1],[666,1],[667,1],[673,1],[722,-1],[737,1],[749,1],[773,-1],[780,-1],[786,1],[801,-1],[821,-1],[829,1],[834,1],[866,1],[880,-1],[894,-1],[908,1],[923,1],[942,-1],[961,-1],[962,-1],[970,-1],[971,1],[979,-1],[985,-1],[994,1],[1000,1],[1012,-1],[1013,-1],[1017,1],[1025,1],[1026,-1],[1050,1],[1056,-1],[1071,1],[1078,1],[1086,1],[1098,1],[1104,-1],[1114,1],[1144,-1],[1145,1],[1164,-1],[1167,-1],[1175,1],[1184,-1],[1191,1],[1243,-1],[1254,1],[1261,1],[1278,1]]","[118,72,101,58,38,45,61,55,56,93,30,15,92,96,81,113,77,60,31,57,28,62,21,14,33,19,111,16,114,75,8,34,63,4,10,66,35,80,79,91,86,90,12,89,102,37,97,67,108,104,44,78,109,116,22,39,3,110,64,74,112,119,36,43,69,59,2,98,71,65,82,26,40,70,5,115,17,95,47,1,76,88,83,53,99,11,73,18,100,41,84,25,68,24,51,29]","[200,180,170,171,205,226,217,233,146,126,168,211,149,176,156,155,225,135,130,129,219,150,184,204,145,124,213,137,132,151,203,147,227,191,140,222,144,182,195,232,231,230,174,183,196,192,136,165,210,224,208,139,125,239,179,148,152,127,160,142,212,163,228,143,238,123,169,218,161,185,158,187,220,223,133,175,188,236,198,162,237,229,215,138,202,234,193,159,173,206,181,120,201,141,221,190]",0c822d4f9a2df2f3b0da8cd38672a1b99781e7eb4545ba15164c00da2d4e7a36,96,2112691402,1713509345,"[930023,7,5,0,120,200,26]",558333196,1918363426,[5],"{""5"":0}"
S7,7,930024,120,1.6770509831248424,5,,0,0.3,131,103,"[0,1,2,3,4,10,16,27,29,30,42,91,98,114,129,139,145,157,165,171,182,196,197,214,227,239,244,259,268,270,274,293,296,308,325,333,358,397,414,423,430,437,443,447,508,527,581,598,600,604,645,651,652,676,685,704,705,710,713,737,752,771,773,775,794,800,821,829,848,862,866,883,889,908,915,926,928,942,960,970,979,985,995,1000,1001,1006,1012,1021,1026,1029,1050,1068,1078,1090,1099,1115,1145,1177,1193,1243,1256,1261,1278]","[[0,1],[1,1],[2,-1],[3,1],[4,-1],[10,1],[16,1],[27,1],[29,1],[30,1],[42,1],[91,-1],[98,-1],[114,1],[129,-1],[139,1],[145,-1],[157,-1],[165,-1],[171,-1],[182,1],[196,1],[197,-1],[214,-1],[227,-1],[239,-1],[244,-1],[259,-1],[268,-1],[270,1],[274,-1],[293,1],[296,-1],[308,1],[325,-1],[333,1],[358,1],[397,-1],[414,1],[423,-1],[430,1],[437,1],[443,1],[447,1],[508,-1],[527,-1],[581,1],[598,-1],[600,-1],[604,1],[645,1],[651,1],[652,1],[676,1],[685,-1],[704,-1],[705,-1],[710,1],[713,-1],[737,1],[752,1],[771,-1],[773,-1],[775,1],[794,1],[800,-1],[821,-1],[829,1],[848,1],[862,1],[866,1],[883,1],[889,-1],[908,1],[915,-1],[926,-1],[928,1],[942,-1],[960,-1],[970,-1],[979,-1],[985,-1],[995,1],[1000,1],[1001,-1],[1006,-1],[1012,-1],[1021,1],[1026,-1],[1029,1],[1050,1],[1068,1],[1078,1],[1090,1],[1099,1],[1115,1],[1145,1],[1177,-1],[1193,-1],[1243,-1],[1256,-1],[1261,1],[1278,1]]","[55,116,36,74,45,86,108,118,0,58,109,13,51,87,83,20,117,75,114,40,8,32,35,88,7,25,97,33,112,67,98,17,4,91,71,69,89,46,81,96,103,68,30,11,93,6,59,82,56,104,16,3,38,21,29,70,44,47,42,18,84,77,105,53,48,43,95,111,61,50,102,79,22,41,49,106,39,115,110,12,52,100,66,73,107,27,2,64,94,119,34,60,76,31,54,37]","[144,185,140,155,183,213,164,198,150,207,149,194,233,221,180,225,178,145,142,188,153,176,123,212,181,187,147,125,217,161,227,141,122,210,179,146,208,137,126,121,219,168,211,132,134,171,201,186,202,206,216,189,169,193,239,236,152,215,148,124,195,177,129,158,165,230,191,226,166,199,135,224,131,229,151,223,205,128,214,136,209,143,162,170,133,190,130,156,154,231,159,238,182,120,139,220]",32d4b141ce395dd041bfaaa91424c56109fff4958756b8acb329f4acf981f9bb,96,2847697207,1362063964,"[930024,7,5,0,120,200,26]",3014906808,1918363426,[5],"{""5"":0}"
S7,7,930025,120,1.6770509831248424,5,,0,0.1,65,51,"[0,1,2,3,4,42,100,157,171,196,227,242,270,303,308,333,335,385,397,423,437,444,452,505,508,514,563,582,658,685,717,771,775,806,821,829,942,979,981,985,991,995,1026,1041,1101,1114,1145,1177,1243,1276,1278]","[[0,1],[1,1],[2,-1],[3,1],[4,-1],[42,1],[100,1],[157,-1],[171,-1],[196,1],[227,-1],[242,1],[270,1],[303,1],[308,1],[333,1],[335,1],[385,-1],[397,-1],[423,-1],[437,1],[444,1],[452,1],[505,-1],[508,-1],[514,1],[563,1],[582,-1],[658,1],[685,-1],[717,-1],[771,-1],[775,1],[806,1],[821,-1],[829,1],[942,-1],[979,-1],[981,-1],[985,-1],[991,1],[995,1],[1026,-1],[1041,1],[1101,1],[1114,1],[1145,1],[1177,-1],[1243,-1],[1276,1],[1278,1]]","[42,84,26,15,92,13,30,22,77,32,33,118,55,29,64,39,36,25,80,71,38,50,119,109,31,95,117,103,46,2,48,37,63,107,72,43,51,111,98,90,40,89,57,59,113,58,8,61,112,47,21,44,86,69,76,19,83,28,67,52,110,23,5,96,60,3,24,0,101,75,17,88,9,78,99,10,4,82,18,73,116,14,79,11,70,108,114,7,87,100,20,62,49,53,104,94]","[158,134,143,208,236,128,126,184,172,176,123,162,182,164,140,145,127,174,167,190,197,175,217,130,150,207,201,237,136,165,152,191,148,216,179,144,183,199,159,195,153,141,198,186,155,122,234,151,169,135,213,219,203,157,132,205,131,225,173,178,181,231,161,230,163,209,154,212,221,139,124,166,133,121,206,215,226,185,160,238,187,189,142,129,168,228,196,223,171,194,156,192,222,149,137,188]",1e29838b7be7866c079bd1183bd5318ed5aeb4ed036cf11e5d62089f5a36d974,96,3473684601,2897968574,"[930025,7,5,0,120,200,26]",3938540148,1918363426,[5],"{""5"":0}"
S7,7,930026,120,1.6770509831248424,5,,0,0.1,69,52,"[0,1,3,4,5,145,146,171,227,239,259,297,311,312,335,343,380,397,408,411,426,437,438,445,452,507,508,514,568,573,581,666,713,794,801,821,829,862,942,951,971,985,991,1000,1001,1025,1062,1078,1098,1101,1145,1178]","[[0,1],[1,1],[3,1],[4,-1],[5,1],[145,-1],[146,1],[171,-1],[227,-1],[239,-1],[259,-1],[297,-1],[311,-1],[312,1],[335,1],[343,-1],[380,1],[397,-1],[408,-1],[411,1],[426,-1],[437,1],[438,-1],[445,1],[452,1],[507,-1],[508,-1],[514,1],[568,1],[573,-1],[581,1],[666,1],[713,-1],[794,1],[801,-1],[821,-1],[829,1],[862,1],[942,-1],[951,-1],[971,1],[985,-1],[991,1],[1000,1],[1001,-1],[1025,1],[1062,1],[1078,1],[1098,1],[1101,1],[1145,1],[1178,1]]","[70,104,44,54,85,111,5,23,66,106,12,108,49,28,110,10,8,15,95,32,107,57,102,24,118,17,33,86,77,31,83,16,89,58,65,79,11,9,113,25,91,67,27,76,4,90,46,43,115,42,30,13,81,38,37,21,61,2,62,53,73,72,74,18,45,68,117,19,105,63,94,98,75,7,87,59,84,99,97,60,80,22,112,48,88,119,64,29,103,34,1,3,41,56,52,96]","[120,227,126,125,229,212,191,169,186,155,136,141,216,140,190,137,233,160,238,153,179,128,209,156,165,223,154,196,199,230,188,178,217,195,228,177,181,222,132,187,152,200,130,158,198,145,234,139,207,211,194,204,127,237,184,208,210,171,131,143,231,225,163,134,161,168,215,146,226,235,224,203,142,122,144,164,148,129,149,121,159,239,220,150,205,176,202,124,201,206,135,189,180,133,221,182]",7fea47883f530219eb11ccb979320d86176387d350d12faf852f66844bdc0817,96,4156304034,2388788218,"[930026,7,5,0,120,200,26]",859763134,1918363426,[5],"{""5"":1}"
S7,7,930027,120,1.6770509831248424,5,,0,0.1,70,51,"[0,1,2,3,4,26,42,77,85,157,196,312,333,335,355,361,412,426,437,438,448,452,508,581,704,708,713,760,771,773,810,818,837,866,878,942,970,979,981,995,1001,1026,1088,1098,1101,1139,1145,1179,1220,1248,1278]","[[0,1],[1,1],[2,-1],[3,1],[4,-1],[26,1],[42,1],[77,1],[85,-1],[157,-1],[196,1],[312,1],[333,1],[335,1],[355,1],[361,1],[412,-1],[426,-1],[437,1],[438,-1],[448,-1],[452,1],[508,-1],[581,1],[704,-1],[708,-1],[713,-1],[760,-1],[771,-1],[773,-1],[810,1],[818,-1],[837,-1],[866,1],[878,1],[942,-1],[970,-1],[979,-1],[981,-1],[995,1],[1001,-1],[1026,-1],[1088,-1],[1098,1],[1101,1],[1139,-1],[1145,1],[1179,1],[1220,1],[1248,-1],[1278,1]]","[9,118,60,37,31,18,90,59,104,114,88,51,73,71,64,44,93,87,22,27,115,25,54,84,14,42,15,86,85,26,17,74,3,20,81,36,75,95,94,110,102,61,69,19,79,101,6,113,35,48,107,28,49,1,29,111,67,4,63,83,58,2,40,91,100,72,46,43,112,34,11,56,47,97,78,116,117,55,10,106,89,39,68,5,103,13,77,33,57,16,7,23,82,109,45,105]","[174,150,126,164,149,223,221,131,197,211,134,128,127,232,129,179,130,160,154,186,146,139,203,155,205,171,234,183,235,161,214,122,237,189,222,143,231,219,175,196,123,147,209,220,226,185,199,233,194,121,230,136,166,124,135,170,190,177,178,140,212,217,169,138,142,163,213,172,204,188,133,236,206,238,187,181,193,229,162,176,210,228,153,157,173,227,156,218,201,159,215,191,168,202,216,145]",73349022e81eeaf49358914235e5410f6136209e0aaaa63edefe3da9abbfe320,96,894862614,2412914143,"[930027,7,5,0,120,200,26]",1997654220,1918363426,[5],"{""5"":0}"
S7,7,930028,120,1.6770509831248424,5,,0,0.1,74,47,"[0,1,2,3,4,42,98,114,157,171,198,214,242,335,380,437,438,508,531,563,624,638,644,685,689,697,775,794,818,821,829,837,866,918,979,981,995,1001,1071,1101,1120,1139,1178,1199,1254,1276,1278]","[[0,1],[1,1],[2,-1],[3,1],[4,-1],[42,1],[98,-1],[114,1],[157,-1],[171,-1],[198,-1],[214,-1],[242,1],[335,1],[380,1],[437,1],[438,-1],[508,-1],[531,-1],[563,1],[624,1],[638,1],[644,1],[685,-1],[689,1],[697,-1],[775,1],[794,1],[818,-1],[821,-1],[829,1],[837,-1],[866,1],[918,-1],[979,-1],[981,-1],[995,1],[1001,-1],[1071,1],[1101,1],[1120,-1],[1139,-1],[1178,1],[1199,-1],[1254,1],[1276,1],[1278,1]]","[82,78,52,90,19,68,67,47,112,91,87,9,95,84,108,18,97,104,20,24,23,101,26,11,110,93,117,111,2,109,44,16,13,7,31,62,81,105,17,32,59,22,113,25,0,1,10,76,30,98,94,80,14,27,41,63,106,119,85,116,42,60,69,79,40,71,118,89,36,12,107,64,39,102,6,50,61,99,54,56,35,4,114,70,46,29,65,43,45,73,77,57,92,33,5,103]","[184,144,143,195,134,210,203,162,191,166,159,197,189,151,135,138,193,196,204,208,213,169,194,192,186,163,219,137,231,139,147,233,182,223,234,225,158,171,226,150,167,178,141,140,126,165,218,145,188,179,161,133,129,216,172,173,202,160,230,228,187,180,120,209,201,183,236,157,227,125,215,206,214,124,154,156,224,130,229,175,200,122,131,235,136,185,212,217,121,232,207,177,176,170,198,190]",a4521b4e0757ac4cd5798fb14fbf2af290ee673cf90a9f0501f4fc4fb89b2611,96,1944880464,1030451127,"[930028,7,5,0,120,200,26]",1786735731,1918363426,[5],"{""5"":0}"
S7,7,930029,120,1.6770509831248424,5,,0,0.1,59,49,"[0,1,2,3,4,42,98,101,148,157,196,227,335,346,358,383,412,437,438,454,507,578,581,598,685,704,705,771,794,810,878,907,908,979,995,1000,1006,1021,1028,1062,1068,1113,1115,1120,1123,1173,1177,1243,1254]","[[0,1],[1,1],[2,-1],[3,1],[4,-1],[42,1],[98,-1],[101,-1],[148,1],[157,-1],[196,1],[227,-1],[335,1],[346,1],[358,1],[383,-1],[412,-1],[437,1],[438,-1],[454,-1],[507,-1],[578,-1],[581,1],[598,-1],[685,-1],[704,-1],[705,-1],[771,-1],[794,1],[810,1],[878,1],[907,-1],[908,1],[979,-1],[995,1],[1000,1],[1006,-1],[1021,1],[1028,-1],[1062,1],[1068,1],[1113,1],[1115,1],[1120,-1],[1123,1],[1173,1],[1177,-1],[1243,-1],[1254,1]]","[10,21,80,106,13,114,76,6,79,115,86,37,19,14,82,30,29,39,103,71,72,113,42,99,20,81,68,102,119,12,27,111,35,90,59,44,54,17,93,91,2,104,116,46,24,61,9,4,69,97,112,3,22,25,95,36,89,58,74,5,51,96,33,78,70,41,31,63,83,28,117,26,57,11,34,43,60,56,50,38,1,87,110,32,67,107,100,23,73,49,84,0,65,40,64,94]","[147,188,209,224,152,191,215,201,214,131,175,200,179,135,150,229,184,173,196,162,141,161,193,176,230,124,189,236,182,185,133,216,167,143,132,198,144,160,171,120,123,157,207,202,211,232,163,129,172,121,228,186,217,178,223,177,139,190,146,218,164,183,222,203,197,219,166,142,227,125,238,204,180,239,231,168,127,208,233,181,169,234,220,210,192,225,151,187,122,237,145,134,156,155,205,165]",1bb193ccdc0a4b22e6cbcc28a87b41cd2bed5db9191a7113b81ba7db20ff3356,96,3735376389,1347441,"[930029,7,5,0,120,200,26]",4176660775,1918363426,[5],"{""5"":0}"
S7,7,930030,120,1.6770509831248424,5,,0,0.1,72,49,"[0,1,2,3,4,27,42,157,171,196,198,239,244,262,272,300,308,438,514,563,598,626,658,685,689,713,737,794,821,848,861,881,897,908,918,979,995,1000,1001,1026,1027,1064,1078,1120,1132,1139,1145,1184,1278]","[[0,1],[1,1],[2,-1],[3,1],[4,-1],[27,1],[42,1],[157,-1],[171,-1],[196,1],[198,-1],[239,-1],[244,-1],[262,-1],[272,1],[300,-1],[308,1],[438,-1],[514,1],[563,1],[598,-1],[626,1],[658,1],[685,-1],[689,1],[713,-1],[737,1],[794,1],[821,-1],[848,1],[861,-1],[881,1],[897,1],[908,1],[918,-1],[979,-1],[995,1],[1000,1],[1001,-1],[1026,-1],[1027,-1],[1064,1],[1078,1],[1120,-1],[1132,-1],[1139,-1],[1145,1],[1184,-1],[1278,1]]","[82,28,26,67,84,71,61,119,98,20,66,49,53,39,46,95,76,88,99,106,5,34,69,15,59,101,7,102,77,58,27,13,55,86,45,19,48,35,31,100,1,52,110,115,6,11,75,29,112,113,72,4,2,63,62,89,116,92,104,32,9,40,56,78,42,105,117,68,36,18,22,111,54,44,91,8,10,37,0,108,85,96,103,60,17,51,97,114,107,64,57,50,33,38,41,43]","[123,134,131,235,233,204,161,122,173,138,175,212,203,185,139,239,125,126,238,153,186,174,169,163,168,208,221,129,124,206,156,191,237,157,150,224,143,227,222,184,226,155,158,149,127,181,141,178,170,193,154,201,121,164,198,130,165,223,216,228,189,220,236,159,211,199,219,140,136,152,213,234,215,197,160,135,148,202,196,183,180,176,120,200,151,230,132,232,188,217,147,171,190,225,179,177]",d8666fec94c074eaaae94b534c4d39c57fc1f2cfa8e223232058aa0a4d7a7f4f,96,2361088911,409200237,"[930030,7,5,0,120,200,26]",746257124,1918363426,[5],"{""5"":0}"
S7,7,930031,120,1.6770509831248424,5,,0,0.3,136,110,"[0,1,2,3,4,10,26,42,48,91,110,143,156,171,197,198,204,214,218,219,221,227,240,252,259,305,308,335,343,361,412,416,418,420,423,425,426,437,438,440,444,445,447,452,505,514,521,535,560,575,595,598,612,638,652,658,663,665,666,667,681,689,705,738,772,775,801,821,834,848,861,862,875,881,907,911,918,937,942,951,957,985,988,994,995,1019,1025,1032,1035,1036,1056,1071,1099,1101,1114,1120,1134,1139,1148,1166,1173,1175,1177,1179,1188,1214,1218,1219,1221,1276]","[[0,1],[1,1],[2,-1],[3,1],[4,-1],[10,1],[26,1],[42,1],[48,1],[91,-1],[110,-1],[143,1],[156,-1],[171,-1],[197,-1],[198,-1],[204,1],[214,-1],[218,-1],[219,1],[221,-1],[227,-1],[240,1],[252,1],[259,-1],[305,-1],[308,1],[335,1],[343,-1],[361,1],[412,-1],[416,-1],[418,1],[420,-1],[423,-1],[425,1],[426,-1],[437,1],[438,-1],[440,-1],[444,1],[445,1],[447,1],[452,1],[505,-1],[514,1],[521,-1],[535,1],[560,-1],[575,1],[595,1],[598,-1],[612,1],[638,1],[652,1],[658,1],[663,-1],[665,-1],[666,1],[667,1],[681,-1],[689,1],[705,-1],[738,-1],[772,-1],[775,1],[801,-1],[821,-1],[834,1],[848,1],[861,-1],[862,1],[875,1],[881,1],[907,-1],[911,-1],[918,-1],[937,1],[942,-1],[951,-1],[957,-1],[985,-1],[988,-1],[994,1],[995,1],[1019,1],[1025,1],[1032,-1],[1035,-1],[1036,-1],[1056,-1],[1071,1],[1099,1],[1101,1],[1114,1],[1120,-1],[1134,-1],[1139,-1],[1148,1],[1166,1],[1173,1],[1175,1],[1177,-1],[1179,1],[1188,-1],[1214,1],[1218,1],[1219,-1],[1221,1],[1276,1]]","[10,22,60,18,71,43,53,110,46,69,40,58,77,16,3,95,93,118,36,88,4,65,57,12,62,29,25,39,47,119,14,108,49,92,44,76,1,37,115,42,99,103,6,113,94,96,41,48,85,72,109,79,101,91,31,38,78,0,117,51,104,35,8,80,26,83,86,105,81,107,13,61,56,67,73,9,102,33,34,100,2,98,19,66,50,7,30,59,45,23,15,111,106,27,82,17]","[139,120,178,217,177,134,167,189,155,225,232,188,152,130,170,168,127,221,135,171,164,160,149,137,153,163,183,176,123,235,158,192,126,214,193,161,230,219,231,180,154,215,208,185,210,124,146,239,122,140,150,175,211,165,195,222,138,157,229,132,133,234,179,121,172,166,182,226,190,148,151,174,181,200,131,227,194,143,136,145,169,236,129,204,156,141,228,212,142,197,162,187,201,209,224,173]",ed84ce15c77eb26626b5ba5782ef9dfcca7e5f3bc05d1785125e67ede63e7f91,96,2742036867,2619929119,"[930031,7,5,0,120,200,26]",184646886,1918363426,[5],"{""5"":0}"
S7,7,930032,120,1.6770509831248424,5,,0,0.1,69,47,"[0,1,2,3,4,5,54,102,116,144,157,220,240,335,340,380,437,450,470,514,581,658,667,675,713,760,793,818,834,862,881,918,923,951,990,994,995,1026,1039,1078,1139,1145,1179,1218,1243,1276,1278]","[[0,1],[1,1],[2,-1],[3,1],[4,-1],[5,-1],[54,-1],[102,1],[116,1],[144,-1],[157,-1],[220,-1],[240,1],[335,1],[340,-1],[380,1],[437,1],[450,1],[470,1],[514,1],[581,1],[658,1],[667,1],[675,1],[713,-1],[760,-1],[793,-1],[818,-1],[834,1],[862,1],[881,1],[918,-1],[923,1],[951,-1],[990,-1],[994,1],[995,1],[1026,-1],[1039,-1],[1078,1],[1139,-1],[1145,1],[1179,1],[1218,1],[1243,-1],[1276,1],[1278,1]]","[78,36,38,99,14,112,101,48,49,113,15,40,66,7,3,84,34,75,85,22,104,21,58,43,39,11,68,92,73,114,18,25,90,108,105,33,106,41,82,109,111,97,31,50,51,102,110,26,32,13,8,83,47,116,76,59,86,12,1,79,81,17,52,9,67,74,115,107,87,29,72,119,57,71,62,44,61,89,77,10,6,80,95,117,93,27,20,4,16,5,37,63,46,100,55,30]","[198,215,182,225,205,203,184,179,211,207,145,167,134,123,168,230,226,218,151,120,163,126,223,149,214,135,204,162,136,155,161,148,174,231,191,237,143,213,152,219,166,212,196,186,195,189,173,181,216,209,146,150,125,139,165,235,202,187,194,221,129,164,224,206,153,175,193,169,159,217,133,238,138,192,140,157,180,234,171,200,156,185,199,177,147,210,144,201,137,132,127,172,170,232,154,208]",ffd266b2ebb6b02c27cc420bdfb7bd42688a8358ab78f3b25ed86c9f55138522,96,1955824056,2889597019,"[930032,7,5,0,120,200,26]",4162889048,1918363426,[5],"{""5"":-1}"
S7,7,930033,120,1.6770509831248424,5,,0,0.1,71,45,"[0,1,2,3,4,85,114,150,186,198,214,242,308,333,358,397,595,658,685,793,794,810,848,862,866,911,918,926,944,951,970,985,1001,1025,1039,1078,1082,1090,1101,1145,1224,1227,1254,1256,1276]","[[0,1],[1,1],[2,-1],[3,1],[4,-1],[85,-1],[114,1],[150,-1],[186,-1],[198,-1],[214,-1],[242,1],[308,1],[333,1],[358,1],[397,-1],[595,1],[658,1],[685,-1],[793,-1],[794,1],[810,1],[848,1],[862,1],[866,1],[911,-1],[918,-1],[926,-1],[944,1],[951,-1],[970,-1],[985,-1],[1001,-1],[1025,1],[1039,-1],[1078,1],[1082,1],[1090,1],[1101,1],[1145,1],[1224,1],[1227,1],[1254,1],[1256,-1],[1276,1]]","[0,89,85,1,113,37,8,73,43,110,94,39,115,69,88,18,106,54,82,29,41,68,74,5,52,49,64,81,13,91,65,28,34,33,101,86,92,61,103,17,58,98,24,105,60,57,36,16,14,112,118,31,19,26,80,77,93,56,71,4,53,32,30,2,59,117,63,38,97,55,50,108,51,70,10,109,116,44,99,107,9,102,111,104,6,22,23,47,48,78,114,25,83,20,11,95]","[169,144,201,147,129,134,127,216,170,151,206,138,165,131,191,207,171,125,217,150,210,153,162,182,184,146,237,120,196,228,168,234,231,176,166,124,212,205,174,214,224,173,126,177,145,178,218,238,123,208,193,141,194,143,192,179,190,233,200,164,230,139,198,187,137,204,175,135,172,163,189,227,183,142,215,133,130,155,122,156,229,161,202,225,154,140,203,128,221,132,152,188,219,236,148,159]",00063eb8d8264b581e1356dd6f8c72fe2e9cb46e214bd88edc02e049bedecf9c,96,4204470434,3075180441,"[930033,7,5,0,120,200,26]",1863277682,1918363426,[5],"{""5"":0}"
S7,7,930034,120,1.6770509831248424,5,,0,0.1,64,45,"[0,1,2,3,4,16,27,77,85,103,196,198,227,308,314,333,340,397,437,450,507,508,563,581,674,685,705,772,794,801,821,867,942,951,979,981,985,995,1000,1006,1021,1078,1086,1113,1254]","[[0,1],[1,1],[2,-1],[3,1],[4,-1],[16,1],[27,1],[77,1],[85,-1],[103,-1],[196,1],[198,-1],[227,-1],[308,1],[314,1],[333,1],[340,-1],[397,-1],[437,1],[450,1],[507,-1],[508,-1],[563,1],[581,1],[674,1],[685,-1],[705,-1],[772,-1],[794,1],[801,-1],[821,-1],[867,-1],[942,-1],[951,-1],[979,-1],[981,-1],[985,-1],[995,1],[1000,1],[1006,-1],[1021,1],[1078,1],[1086,1],[1113,1],[1254,1]]","[21,95,66,22,105,86,104,12,91,61,0,47,107,65,16,62,14,58,75,49,78,4,102,84,101,44,71,34,82,76,20,115,106,32,54,2,93,97,103,79,27,37,50,74,41,94,52,100,26,8,10,3,60,55,80,18,5,114,77,46,81,9,11,67,29,51,113,35,89,87,96,116,31,38,70,98,56,64,92,69,68,42,59,23,1,40,112,88,28,119,111,118,85,63,15,13]","[186,128,235,135,175,141,127,180,149,130,199,136,153,215,181,125,144,143,200,233,214,201,238,210,150,132,189,182,193,171,137,169,165,219,156,207,152,129,212,151,120,162,190,140,222,134,139,161,208,195,147,164,126,236,227,173,194,217,205,229,228,172,123,192,206,216,225,237,191,224,218,174,124,155,154,197,239,138,196,221,176,231,177,220,213,211,202,184,145,209,167,122,183,121,131,230]",44deeedf7fc2edcb480ffaa343255c78445b7787319a18d82060ebd2c3f9147f,96,1441292792,2493043979,"[930034,7,5,0,120,200,26]",3594924090,1918363426,[5],"{""5"":0}"
S7,7,930035,120,1.6770509831248424,5,,0,0.1,77,56,"[0,1,2,3,4,88,114,133,145,150,157,171,196,204,227,333,364,412,423,437,438,447,452,456,463,470,507,563,581,595,632,652,658,760,771,772,775,793,818,861,881,892,895,908,918,922,926,979,985,991,1001,1145,1148,1250,1276,1278]","[[0,1],[1,1],[2,-1],[3,1],[4,-1],[88,1],[114,1],[133,-1],[145,-1],[150,-1],[157,-1],[171,-1],[196,1],[204,1],[227,-1],[333,1],[364,-1],[412,-1],[423,-1],[437,1],[438,-1],[447,1],[452,1],[456,1],[463,1],[470,1],[507,-1],[563,1],[581,1],[595,1],[632,1],[652,1],[658,1],[760,-1],[771,-1],[772,-1],[775,1],[793,-1],[818,-1],[861,-1],[881,1],[892,1],[895,-1],[908,1],[918,-1],[922,1],[926,-1],[979,-1],[985,-1],[991,1],[1001,-1],[1145,1],[1148,1],[1250,-1],[1276,1],[1278,1]]","[62,109,57,7,102,16,68,81,28,88,105,116,50,42,65,49,82,97,36,107,58,39,85,98,22,113,64,48,101,83,106,61,13,115,74,86,19,26,55,112,99,94,71,63,90,69,84,2,96,89,66,47,104,18,10,8,72,73,67,12,56,92,51,20,5,117,76,87,0,23,41,32,37,52,27,21,4,14,33,29,79,46,54,80,60,108,11,91,111,24,25,59,77,34,17,45]","[215,167,153,136,166,225,181,169,174,219,161,208,210,191,121,188,177,140,133,230,206,194,142,175,183,199,126,234,160,197,238,211,189,130,123,202,124,217,165,158,209,131,223,149,146,198,164,221,179,150,187,220,207,173,232,162,239,214,226,213,184,127,193,176,132,228,141,203,205,139,222,218,186,156,145,178,229,224,120,138,182,168,196,200,233,231,147,192,227,134,170,190,235,212,216,171]",6ed444b5a42a9bf29bd517e0e91503c64880d02dab9b63ad238ac489485b1e8d,96,2595080125,2280936026,"[930035,7,5,0,120,200,26]",703297436,1918363426,[5],"{""5"":0}"
S7,7,930036,120,1.6770509831248424,5,,0,0.1,66,56,"[0,1,2,3,4,16,27,42,77,91,103,157,171,196,198,227,270,308,333,340,358,380,411,437,444,450,463,505,514,563,581,595,681,705,713,780,810,818,875,881,883,942,979,981,991,995,1000,1078,1120,1145,1179,1220,1246,1254,1274,1278]","[[0,1],[1,1],[2,-1],[3,1],[4,-1],[16,1],[27,1],[42,1],[77,1],[91,-1],[103,-1],[157,-1],[171,-1],[196,1],[198,-1],[227,-1],[270,1],[308,1],[333,1],[340,-1],[358,1],[380,1],[411,1],[437,1],[444,1],[450,1],[463,1],[505,-1],[514,1],[563,1],[581,1],[595,1],[681,-1],[705,-1],[713,-1],[780,-1],[810,1],[818,-1],[875,1],[881,1],[883,1],[942,-1],[979,-1],[981,-1],[991,1],[995,1],[1000,1],[1078,1],[1120,-1],[1145,1],[1179,1],[1220,1],[1246,-1],[1254,1],[1274,1],[1278,1]]","[61,19,91,52,54,4,44,110,47,103,15,105,71,57,63,6,16,7,2,39,58,27,118,43,0,62,88,70,11,46,101,116,95,84,117,87,59,17,18,41,115,89,76,51,97,48,49,9,75,55,85,107,50,22,81,3,56,86,111,106,42,94,28,109,32,33,82,79,65,119,1,99,74,36,23,113,38,90,96,102,45,80,35,93,21,26,100,8,98,12,69,53,67,60,14,40]","[175,202,165,178,170,160,211,156,131,235,190,219,185,187,164,132,227,217,222,126,155,198,130,123,231,201,120,138,171,152,214,181,216,150,141,151,157,149,207,182,220,144,193,172,225,209,195,158,212,213,162,205,137,229,169,223,140,122,136,228,194,183,177,230,142,204,159,239,208,139,146,196,168,206,148,226,154,174,129,133,192,238,134,173,125,197,188,135,163,237,236,179,210,189,166,233]",c7d5ebbb434874aa6e7c3ad2865700657c3d40c7fd185f2753058f97344475fd,96,1980681529,1804285509,"[930036,7,5,0,120,200,26]",1425709444,1918363426,[5],"{""5"":0}"
S7,7,930037,120,1.6770509831248424,5,,0,0.1,67,51,"[0,1,2,3,4,16,42,98,111,145,147,157,262,290,308,334,335,346,380,408,437,438,447,514,595,626,658,663,666,704,713,773,810,848,868,942,981,985,995,1028,1078,1114,1131,1139,1179,1205,1220,1227,1254,1256,1276]","[[0,1],[1,1],[2,-1],[3,1],[4,-1],[16,1],[42,1],[98,-1],[111,1],[145,-1],[147,1],[157,-1],[262,-1],[290,1],[308,1],[334,1],[335,1],[346,1],[380,1],[408,-1],[437,1],[438,-1],[447,1],[514,1],[595,1],[626,1],[658,1],[663,-1],[666,1],[704,-1],[713,-1],[773,-1],[810,1],[848,1],[868,-1],[942,-1],[981,-1],[985,-1],[995,1],[1028,-1],[1078,1],[1114,1],[1131,-1],[1139,-1],[1179,1],[1205,-1],[1220,1],[1227,1],[1254,1],[1256,-1],[1276,1]]","[34,112,67,52,39,81,24,73,100,40,110,49,28,14,1,109,19,21,23,105,60,58,72,61,15,91,53,70,98,38,119,42,44,79,33,32,68,16,64,89,80,78,116,13,20,27,71,48,97,84,63,54,41,10,11,96,75,36,111,25,51,45,29,43,12,59,101,3,103,8,37,69,90,106,99,117,115,7,9,94,74,93,86,77,2,18,108,95,82,85,92,104,4,47,50,57]","[164,175,149,200,139,162,236,203,215,237,166,138,226,171,159,144,146,157,182,155,143,189,135,231,201,176,170,173,140,223,125,129,210,127,150,163,227,202,131,207,151,195,177,180,238,234,239,184,132,205,206,179,230,124,208,233,225,228,142,122,134,198,126,193,128,145,224,220,199,148,219,222,158,160,204,229,152,133,212,196,192,185,130,188,211,141,216,153,235,156,209,190,218,120,187,174]",0715a459abe89341336f2f7552202646132197f7019ac38079f065952f39089d,96,2174138757,1132861833,"[930037,7,5,0,120,200,26]",1989786438,1918363426,[5],"{""5"":0}"
S7,7,930038,120,1.6770509831248424,5,,0,0.1,69,50,"[0,1,2,3,4,77,91,145,147,198,244,297,312,314,333,408,423,437,438,468,493,507,578,615,638,658,689,717,729,737,818,834,848,862,866,881,883,918,970,985,1000,1008,1078,1101,1120,1122,1177,1224,1254,1278]","[[0,1],[1,1],[2,-1],[3,1],[4,-1],[77,1],[91,-1],[145,-1],[147,1],[198,-1],[244,-1],[297,-1],[312,1],[314,1],[333,1],[408,-1],[423,-1],[437,1],[438,-1],[468,-1],[493,-1],[507,-1],[578,-1],[615,-1],[638,1],[658,1],[689,1],[717,-1],[729,1],[737,1],[818,-1],[834,1],[848,1],[862,1],[866,1],[881,1],[883,1],[918,-1],[970,-1],[985,-1],[1000,1],[1008,-1],[1078,1],[1101,1],[1120,-1],[1122,-1],[1177,-1],[1224,1],[1254,1],[1278,1]]","[114,74,101,54,48,75,112,104,79,18,113,3,100,110,13,72,108,36,6,89,71,5,80,26,8,27,88,68,109,28,38,39,42,82,57,105,94,59,23,45,116,47,30,69,66,87,78,111,29,11,24,76,9,93,91,115,41,58,16,37,90,60,0,14,1,85,51,21,84,92,32,10,53,107,33,61,64,83,52,55,86,35,25,77,17,44,65,22,7,20,67,103,106,95,31,40]","[194,189,232,228,205,191,163,166,139,156,158,196,138,146,175,142,238,227,149,178,184,125,132,169,122,181,203,180,141,239,225,134,217,220,177,229,226,216,148,143,174,237,197,224,170,135,155,131,187,192,144,185,137,136,209,172,200,234,219,168,221,164,165,186,236,151,130,127,133,140,171,193,147,159,206,129,152,199,233,230,128,202,222,204,231,179,183,162,215,157,214,195,201,198,188,218]",9bc1c5b9826b7c3a407f8e8e851bf75b47fe02354faf6c62beca6285893d7d0f,96,167322601,4011600494,"[930038,7,5,0,120,200,26]",2145643529,1918363426,[5],"{""5"":0}"
S7,7,930039,120,1.6770509831248424,5,,0,0.1,65,51,"[0,1,2,3,4,16,27,43,111,142,157,198,240,244,303,308,365,380,408,437,447,496,514,560,607,624,773,775,801,810,829,848,875,908,942,979,981,985,995,1044,1071,1078,1082,1104,1120,1141,1173,1196,1218,1224,1227]","[[0,1],[1,1],[2,-1],[3,1],[4,-1],[16,1],[27,1],[43,-1],[111,1],[142,-1],[157,-1],[198,-1],[240,1],[244,-1],[303,1],[308,1],[365,1],[380,1],[408,-1],[437,1],[447,1],[496,1],[514,1],[560,-1],[607,-1],[624,1],[773,-1],[775,1],[801,-1],[810,1],[829,1],[848,1],[875,1],[908,1],[942,-1],[979,-1],[981,-1],[985,-1],[995,1],[1044,-1],[1071,1],[1078,1],[1082,1],[1104,-1],[1120,-1],[1141,1],[1173,1],[1196,-1],[1218,1],[1224,1],[1227,1]]","[118,95,70,107,40,79,84,56,9,29,100,7,55,45,105,102,62,15,13,42,12,64,68,60,113,59,109,32,114,96,30,1,119,94,91,57,88,18,31,103,5,46,73,98,50,63,90,110,4,51,41,66,25,33,72,89,3,78,23,8,24,87,106,19,39,36,54,116,20,43,48,47,52,117,74,35,0,11,17,77,22,53,75,65,83,101,44,82,10,6,58,16,14,61,85,86]","[122,224,155,139,141,145,166,202,131,208,206,164,157,203,163,142,205,183,138,212,137,133,176,182,214,150,144,162,197,193,124,185,230,158,235,219,209,189,172,184,136,200,177,169,187,210,159,134,233,120,213,123,161,149,195,179,152,128,146,147,238,226,180,165,126,135,129,154,228,225,171,170,125,221,167,156,229,215,151,175,217,140,194,181,188,174,127,121,211,216,220,130,227,198,234,231]",90f4f98c90b871b0684e1efe5b5792a4e62e269857a94852a33efe30d2de58da,96,1520646997,3950338235,"[930039,7,5,0,120,200,26]",862405657,1918363426,[5],"{""5"":0}"
S7,7,930040,120,1.6770509831248424,5,,0,0.1,72,56,"[0,1,2,3,4,16,26,42,158,165,171,196,227,239,276,285,308,312,333,380,397,423,437,444,456,507,514,581,603,666,681,704,705,713,760,772,773,775,794,810,862,881,942,985,995,1000,1026,1041,1052,1078,1167,1175,1214,1243,1251,1278]","[[0,1],[1,1],[2,-1],[3,1],[4,-1],[16,1],[26,1],[42,1],[158,1],[165,-1],[171,-1],[196,1],[227,-1],[239,-1],[276,-1],[285,1],[308,1],[312,1],[333,1],[380,1],[397,-1],[423,-1],[437,1],[444,1],[456,1],[507,-1],[514,1],[581,1],[603,-1],[666,1],[681,-1],[704,-1],[705,-1],[713,-1],[760,-1],[772,-1],[773,-1],[775,1],[794,1],[810,1],[862,1],[881,1],[942,-1],[985,-1],[995,1],[1000,1],[1026,-1],[1041,1],[1052,-1],[1078,1],[1167,-1],[1175,1],[1214,1],[1243,-1],[1251,-1],[1278,1]]","[51,57,44,7,89,118,61,3,24,102,110,80,6,94,65,11,67,1,113,76,63,19,107,38,88,117,98,106,56,103,54,10,47,66,90,79,39,4,15,20,18,59,97,96,8,95,45,119,114,74,101,2,12,84,71,86,14,85,13,53,52,64,100,32,83,99,25,17,70,37,9,105,75,92,109,0,49,30,43,81,48,115,62,58,42,28,22,33,108,87,116,78,50,91,40,73]","[174,232,193,189,129,227,146,228,196,128,203,213,141,206,188,142,154,235,224,137,229,239,155,226,217,162,182,124,157,187,197,219,202,218,191,122,236,195,153,143,169,165,212,167,160,152,136,234,200,215,151,210,231,150,221,144,138,145,230,164,159,216,120,168,185,192,214,198,237,171,127,208,238,233,180,199,222,125,220,177,131,201,207,156,204,134,123,126,140,170,161,158,190,130,175,223]",468ea41a9bbb39d9918a1f8c9394dfe03bc77a878c1acc021af5ecd7c6308689,96,804362273,775965289,"[930040,7,5,0,120,200,26]",1120879809,1918363426,[5],"{""5"":0}"
S7,7,930041,120,1.6770509831248424,5,,0,0.1,68,57,"[0,1,2,3,4,101,103,157,165,191,196,198,227,244,311,333,335,380,411,430,437,438,444,452,468,470,508,521,638,658,685,713,773,775,793,866,867,868,883,908,942,979,981,985,995,1000,1025,1028,1056,1086,1101,1115,1120,1139,1177,1254,1276]","[[0,1],[1,1],[2,-1],[3,1],[4,-1],[101,-1],[103,-1],[157,-1],[165,-1],[191,-1],[196,1],[198,-1],[227,-1],[244,-1],[311,-1],[333,1],[335,1],[380,1],[411,1],[430,1],[437,1],[438,-1],[444,1],[452,1],[468,-1],[470,1],[508,-1],[521,-1],[638,1],[658,1],[685,-1],[713,-1],[773,-1],[775,1],[793,-1],[866,1],[867,-1],[868,-1],[883,1],[908,1],[942,-1],[979,-1],[981,-1],[985,-1],[995,1],[1000,1],[1025,1],[1028,-1],[1056,-1],[1086,1],[1101,1],[1115,1],[1120,-1],[1139,-1],[1177,-1],[1254,1],[1276,1]]","[95,114,117,78,6,112,25,5,14,113,59,63,75,93,87,91,40,2,10,105,64,21,89,34,111,9,58,109,32,52,106,72,66,22,116,43,33,49,101,31,51,104,35,13,69,30,36,48,86,85,46,67,50,103,41,97,23,7,62,65,110,11,80,3,27,24,83,37,28,26,0,57,82,1,70,94,60,99,68,45,76,102,100,39,98,38,19,17,16,8,12,42,74,20,119,96]","[207,138,228,170,166,129,168,199,197,151,154,212,121,234,214,155,150,140,201,190,146,182,235,124,229,158,171,147,200,169,204,125,225,143,137,172,233,202,144,206,211,145,220,222,176,141,156,216,198,239,231,135,167,164,193,232,152,224,132,185,153,210,203,191,208,217,236,227,127,174,189,160,120,133,162,159,215,195,179,205,165,238,194,223,122,130,209,128,221,188,134,131,123,237,149,219]",63d43b0e823e6d4c6eac5addc257611d23502becdd1fcdbdc45794e7cfbe2dfd,96,856382057,3972463589,"[930041,7,5,0,120,200,26]",2328640199,1918363426,[5],"{""5"":0}"
S7,7,930042,120,1.6770509831248424,5,,0,0.1,73,52,"[0,1,2,3,4,27,42,111,145,157,186,196,285,308,333,343,380,411,423,441,452,505,563,578,581,582,729,771,775,801,810,829,862,908,942,951,970,985,994,995,1008,1012,1027,1078,1079,1145,1191,1202,1214,1231,1262,1278]","[[0,1],[1,1],[2,-1],[3,1],[4,-1],[27,1],[42,1],[111,1],[145,-1],[157,-1],[186,-1],[196,1],[285,1],[308,1],[333,1],[343,-1],[380,1],[411,1],[423,-1],[441,-1],[452,1],[505,-1],[563,1],[578,-1],[581,1],[582,-1],[729,1],[771,-1],[775,1],[801,-1],[810,1],[829,1],[862,1],[908,1],[942,-1],[951,-1],[970,-1],[985,-1],[994,1],[995,1],[1008,-1],[1012,-1],[1027,-1],[1078,1],[1079,-1],[1145,1],[1191,1],[1202,-1],[1214,1],[1231,-1],[1262,-1],[1278,1]]","[15,33,76,114,94,69,13,79,116,32,20,28,101,66,46,24,41,40,87,3,49,102,54,95,78,11,81,42,106,61,71,98,59,4,60,82,1,53,72,68,107,105,56,27,43,5,96,89,92,110,36,108,100,8,35,63,22,113,45,19,18,97,88,16,34,57,44,64,58,83,117,52,67,50,103,118,99,73,93,12,6,55,47,75,7,91,38,85,111,31,29,25,30,2,84,10]","[155,172,170,148,123,171,121,187,236,131,224,151,149,186,145,200,238,169,120,228,141,217,165,197,215,146,212,163,206,180,175,198,220,173,239,189,177,202,158,193,139,218,204,152,147,211,203,190,159,227,223,164,234,137,179,232,183,191,156,230,129,184,127,231,136,176,125,140,182,128,144,133,154,168,229,132,162,160,207,122,194,181,216,124,210,235,161,209,225,199,219,213,126,166,226,153]",9ba7cf90830ec8fff13a7dc13b14233b06246037764045ac8fe197d09db02281,96,4093895875,1438647628,"[930042,7,5,0,120,200,26]",3757003891,1918363426,[5],"{""5"":0}"
S7,7,930043,120,1.6770509831248424,5,,0,0.1,62,49,"[0,1,2,3,4,77,85,108,155,157,171,196,227,242,285,312,335,379,412,437,438,505,563,581,604,616,651,713,740,773,818,829,866,970,979,985,993,995,1001,1027,1036,1067,1120,1145,1179,1220,1248,1254,1278]","[[0,1],[1,1],[2,-1],[3,1],[4,-1],[77,1],[85,-1],[108,-1],[155,-1],[157,-1],[171,-1],[196,1],[227,-1],[242,1],[285,1],[312,1],[335,1],[379,-1],[412,-1],[437,1],[438,-1],[505,-1],[563,1],[581,1],[604,1],[616,1],[651,1],[713,-1],[740,1],[773,-1],[818,-1],[829,1],[866,1],[970,-1],[979,-1],[985,-1],[993,1],[995,1],[1001,-1],[1027,-1],[1036,-1],[1067,1],[1120,-1],[1145,1],[1179,1],[1220,1],[1248,-1],[1254,1],[1278,1]]","[105,27,80,47,113,68,16,74,91,13,8,73,33,52,60,66,104,79,84,61,83,38,119,10,85,88,106,30,98,19,99,31,40,67,28,69,58,42,41,1,12,49,115,100,92,32,96,116,6,101,108,14,112,4,114,25,53,71,50,15,11,17,118,0,78,109,46,56,97,39,43,22,82,34,3,76,35,9,2,57,72,103,37,48,59,110,7,55,95,87,86,45,44,93,75,26]","[233,159,185,175,144,148,162,130,161,208,136,179,188,167,225,164,234,220,184,149,236,214,232,125,140,216,197,120,178,138,223,147,151,196,206,126,203,166,139,132,157,222,195,141,134,131,180,201,177,169,207,142,239,204,174,124,153,200,237,228,123,190,193,171,229,191,158,212,217,211,128,133,215,198,194,135,127,213,192,165,238,205,218,156,221,227,219,224,129,202,181,146,230,189,152,173]",8ac90b3d01d3fdd085eefafaa917c3a8b811981fc0e8880cc1aadbb39f4ea177,96,2222074227,698653408,"[930043,7,5,0,120,200,26]",3225192984,1918363426,[5],"{""5"":0}"
S7,7,930044,120,1.6770509831248424,5,,0,0.1,67,51,"[0,1,2,3,4,5,10,73,77,116,145,196,198,227,242,291,308,314,333,343,380,423,437,438,444,521,530,644,674,704,713,737,818,837,860,862,908,942,962,979,981,994,1000,1025,1026,1111,1120,1141,1184,1254,1269]","[[0,1],[1,1],[2,-1],[3,1],[4,-1],[5,-1],[10,1],[73,-1],[77,1],[116,1],[145,-1],[196,1],[198,-1],[227,-1],[242,1],[291,-1],[308,1],[314,1],[333,1],[343,-1],[380,1],[423,-1],[437,1],[438,-1],[444,1],[521,-1],[530,-1],[644,1],[674,1],[704,-1],[713,-1],[737,1],[818,-1],[837,-1],[860,-1],[862,1],[908,1],[942,-1],[962,-1],[979,-1],[981,-1],[994,1],[1000,1],[1025,1],[1026,-1],[1111,-1],[1120,-1],[1141,1],[1184,-1],[1254,1],[1269,1]]","[92,10,71,97,84,23,56,51,6,64,88,11,68,43,66,47,86,73,17,9,35,15,103,119,7,49,30,78,104,36,58,93,70,37,4,41,107,14,16,77,1,57,48,20,91,18,100,46,45,55,83,96,108,115,3,22,2,90,79,74,21,8,59,44,25,12,116,65,112,114,40,87,95,99,111,27,81,54,75,42,32,52,5,50,72,13,26,110,76,34,39,63,31,82,61,102]","[146,181,159,175,176,133,237,162,131,153,148,236,213,188,197,136,194,134,160,238,139,123,202,229,177,221,195,211,126,143,167,149,174,228,135,226,130,223,201,158,198,217,209,185,191,222,169,216,178,132,230,219,212,144,225,163,224,190,124,199,140,122,183,235,155,205,193,142,128,208,129,127,147,210,232,165,215,189,145,172,125,239,161,166,231,233,141,154,150,157,121,180,137,214,200,138]",f967c16f444dda498083bf87b36394fda8eb265d4fad56615b5d04d50430ab42,96,1350219950,1082750013,"[930044,7,5,0,120,200,26]",2902871874,1918363426,[5],"{""5"":-1}"
S7,7,930045,120,1.6770509831248424,5,,0,0.1,77,53,"[0,1,2,3,4,5,27,29,77,116,142,157,171,239,242,244,311,312,397,420,437,438,444,447,448,509,581,615,624,647,658,685,697,800,818,823,908,922,942,970,979,981,985,1001,1006,1018,1021,1113,1120,1145,1164,1175,1261]","[[0,1],[1,1],[2,-1],[3,1],[4,-1],[5,1],[27,1],[29,1],[77,1],[116,1],[142,-1],[157,-1],[171,-1],[239,-1],[242,1],[244,-1],[311,-1],[312,1],[397,-1],[420,-1],[437,1],[438,-1],[444,1],[447,1],[448,-1],[509,-1],[581,1],[615,-1],[624,1],[647,1],[658,1],[685,-1],[697,-1],[800,-1],[818,-1],[823,1],[908,1],[922,1],[942,-1],[970,-1],[979,-1],[981,-1],[985,-1],[1001,-1],[1006,-1],[1018,-1],[1021,1],[1113,1],[1120,-1],[1145,1],[1164,-1],[1175,1],[1261,1]]","[32,22,98,79,45,28,93,30,46,9,2,19,113,101,118,83,117,12,31,33,70,47,111,87,21,23,37,17,18,67,3,116,100,15,74,88,91,1,50,4,51,109,14,75,112,76,81,103,68,85,52,107,29,43,0,73,5,64,57,10,84,96,53,58,48,105,69,20,8,90,39,80,42,26,41,66,38,86,59,108,16,110,24,104,102,56,61,60,34,62,92,119,13,72,71,55]","[180,203,210,166,216,209,129,177,182,175,136,197,234,160,192,237,227,194,178,219,153,132,165,159,173,228,137,217,229,186,123,200,128,152,169,220,124,198,149,135,214,222,140,157,189,125,191,183,161,223,211,230,235,208,138,164,215,184,185,226,196,201,190,145,148,207,144,130,213,134,236,155,174,167,172,168,120,158,150,156,179,147,225,142,232,206,141,121,193,187,133,205,233,154,127,131]",db9eb4769ed45b94f967f96e9d27bfb5e324c4188e4384930a56a1238889066d,96,1612291819,3772872129,"[930045,7,5,0,120,200,26]",2325927309,1918363426,[5],"{""5"":1}"
S7,7,930046,120,1.6770509831248424,5,,0,0.1,67,44,"[0,1,2,3,4,26,85,98,101,103,145,171,183,231,242,259,308,311,333,397,437,438,520,563,581,651,685,705,810,818,832,834,868,881,942,979,981,995,1025,1056,1078,1101,1224,1278]","[[0,1],[1,1],[2,-1],[3,1],[4,-1],[26,1],[85,-1],[98,-1],[101,-1],[103,-1],[145,-1],[171,-1],[183,1],[231,-1],[242,1],[259,-1],[308,1],[311,-1],[333,1],[397,-1],[437,1],[438,-1],[520,-1],[563,1],[581,1],[651,1],[685,-1],[705,-1],[810,1],[818,-1],[832,1],[834,1],[868,-1],[881,1],[942,-1],[979,-1],[981,-1],[995,1],[1025,1],[1056,-1],[1078,1],[1101,1],[1224,1],[1278,1]]","[117,46,43,39,51,29,70,90,15,77,96,3,118,106,80,93,19,95,81,47,73,76,110,104,23,97,62,53,101,85,65,7,114,75,55,21,9,26,28,13,38,44,115,4,92,111,25,116,2,108,59,42,14,113,36,69,68,72,107,71,112,12,30,22,61,0,109,64,60,11,79,78,48,18,49,86,37,66,91,6,32,103,74,33,105,99,89,88,82,98,34,100,16,45,63,10]","[146,200,154,158,218,177,141,135,165,205,221,184,211,121,130,194,228,151,202,166,238,191,175,203,236,161,217,156,204,210,207,183,142,178,136,143,128,215,225,170,179,230,123,188,168,220,227,198,173,129,189,167,237,201,159,216,219,125,197,206,190,231,174,169,196,127,140,209,187,149,235,195,138,171,182,139,122,222,144,148,157,181,131,185,147,133,162,124,208,137,224,120,134,192,213,163]",47b59dcaeaa7c3421920f5cc003ac85f6843280c7dab9e76aadd1d7b6a463ed2,96,3553142912,2734595556,"[930046,7,5,0,120,200,26]",2822997418,1918363426,[5],"{""5"":0}"
S7,7,930047,120,1.6770509831248424,5,,0,0.1,67,40,"[0,1,2,3,4,16,42,157,198,240,259,308,335,340,437,445,507,572,581,665,772,793,794,810,829,926,979,981,985,991,995,1000,1001,1012,1021,1043,1144,1145,1148,1184]","[[0,1],[1,1],[2,-1],[3,1],[4,-1],[16,1],[42,1],[157,-1],[198,-1],[240,1],[259,-1],[308,1],[335,1],[340,-1],[437,1],[445,1],[507,-1],[572,1],[581,1],[665,-1],[772,-1],[793,-1],[794,1],[810,1],[829,1],[926,-1],[979,-1],[981,-1],[985,-1],[991,1],[995,1],[1000,1],[1001,-1],[1012,-1],[1021,1],[1043,-1],[1144,-1],[1145,1],[1148,1],[1184,-1]]","[28,50,38,116,32,69,51,36,45,31,20,59,9,64,41,52,54,1,92,74,22,86,106,21,65,16,107,25,119,81,43,90,55,87,104,27,4,103,53,40,71,111,89,105,85,62,82,17,70,37,48,113,30,2,0,76,44,97,34,60,13,83,63,96,8,84,72,110,99,88,49,61,3,58,114,18,93,6,42,35,102,77,108,75,78,14,19,56,57,101,117,66,10,11,73,68]","[160,151,152,199,122,141,131,204,203,121,190,186,188,211,161,176,137,156,185,214,134,225,177,124,166,144,163,135,230,198,238,197,209,194,181,142,155,224,130,126,217,196,206,123,167,226,129,175,172,191,133,146,150,182,233,169,189,139,228,229,136,120,222,140,178,195,148,125,221,180,200,183,157,127,239,218,179,207,173,187,138,171,202,154,220,162,232,212,170,223,147,164,158,128,213,237]",be17bfb2cc4389b5a2b01981f20033b1f990d689bc88710e5daa2f6626235b57,96,812240938,1156889607,"[930047,7,5,0,120,200,26]",252334648,1918363426,[5],"{""5"":0}"
S7,7,930048,120,1.6770509831248424,5,,0,0.1,63,50,"[0,1,2,4,42,85,111,145,171,196,205,243,262,308,333,343,373,397,438,507,568,681,689,713,729,737,738,771,775,810,834,862,866,867,908,926,970,981,985,995,1001,1026,1068,1101,1145,1177,1193,1224,1269,1278]","[[0,1],[1,1],[2,-1],[4,-1],[42,1],[85,-1],[111,1],[145,-1],[171,-1],[196,1],[205,1],[243,1],[262,-1],[308,1],[333,1],[343,-1],[373,1],[397,-1],[438,-1],[507,-1],[568,1],[681,-1],[689,1],[713,-1],[729,1],[737,1],[738,-1],[771,-1],[775,1],[810,1],[834,1],[862,1],[866,1],[867,-1],[908,1],[926,-1],[970,-1],[981,-1],[985,-1],[995,1],[1001,-1],[1026,-1],[1068,1],[1101,1],[1145,1],[1177,-1],[1193,-1],[1224,1],[1269,1],[1278,1]]","[48,109,52,13,90,105,43,20,53,87,92,11,10,88,44,61,36,97,95,5,24,19,47,102,49,89,93,68,81,50,56,29,3,80,57,99,115,64,46,69,76,32,22,60,15,94,17,111,72,103,98,39,51,35,114,65,82,110,38,104,62,84,91,45,116,2,107,6,59,25,78,119,4,101,12,79,54,112,28,83,106,75,66,118,73,40,96,55,74,1,85,14,33,9,58,67]","[210,202,149,230,182,223,221,220,222,151,127,143,141,147,125,189,231,180,126,132,206,158,179,160,225,166,188,175,239,234,172,186,148,130,194,196,192,157,120,144,168,140,123,162,209,121,226,213,173,174,159,238,156,229,137,150,135,170,134,232,187,228,171,224,204,169,131,237,128,233,215,165,217,154,219,177,136,197,208,195,236,227,203,145,212,185,142,139,153,218,133,176,211,138,201,183]",2cd278b75f4bb32fbecdf21b304e5eaccd69d22b383e8bb5a227f3df97a9b932,96,162699063,202574323,"[930048,7,5,0,120,200,26]",1549781132,1918363426,[5],"{""5"":0}"
S7,7,930049,120,1.6770509831248424,5,,0,0.1,63,44,"[0,1,2,3,4,150,156,196,253,312,335,397,411,438,535,558,563,570,574,585,591,595,658,667,705,713,801,810,862,866,897,918,942,979,995,1026,1039,1078,1145,1175,1184,1214,1231,1248]","[[0,1],[1,1],[2,-1],[3,1],[4,-1],[150,-1],[156,-1],[196,1],[253,1],[312,1],[335,1],[397,-1],[411,1],[438,-1],[535,1],[558,1],[563,1],[570,1],[574,-1],[585,1],[591,1],[595,1],[658,1],[667,1],[705,-1],[713,-1],[801,-1],[810,1],[862,1],[866,1],[897,1],[918,-1],[942,-1],[979,-1],[995,1],[1026,-1],[1039,-1],[1078,1],[1145,1],[1175,1],[1184,-1],[1214,1],[1231,-1],[1248,-1]]","[38,77,74,2,4,71,48,19,35,17,116,9,96,70,34,83,14,82,118,5,1,60,50,49,103,27,32,79,45,39,99,106,57,95,13,47,36,107,112,94,31,55,97,3,66,42,89,85,54,104,67,98,68,110,53,56,88,75,29,37,18,11,93,8,87,102,26,21,24,46,105,111,64,40,73,16,15,20,61,44,0,30,65,84,62,115,91,58,43,92,90,63,86,81,76,33]","[185,133,209,144,215,199,146,238,166,232,152,170,182,216,123,226,184,234,227,159,200,161,153,210,212,214,162,204,220,137,235,158,208,163,172,165,222,192,233,177,147,120,128,211,237,134,202,224,131,186,213,168,136,229,198,149,203,139,135,187,167,164,230,122,196,190,155,138,225,132,156,197,169,160,179,219,181,218,140,126,175,205,178,148,130,180,150,221,142,129,171,239,154,141,194,127]",f4c49ddd20134d092580b5b68f00618c03f547c11bdf59866decd00dde725f73,96,2922940458,501766388,"[930049,7,5,0,120,200,26]",1647828251,1918363426,[5],"{""5"":0}"
S7,7,930050,120,1.6770509831248424,5,,0,0.3,134,110,"[0,1,2,3,4,16,20,37,97,138,145,150,157,165,171,196,198,239,252,265,269,308,314,335,380,397,402,423,434,437,444,456,483,496,508,511,513,514,527,539,549,551,553,563,568,570,581,586,591,616,638,639,652,675,677,685,686,705,713,714,717,719,729,749,771,775,800,810,848,866,881,882,883,908,926,942,962,965,970,981,985,995,1014,1021,1047,1052,1070,1072,1078,1088,1112,1123,1141,1145,1173,1177,1178,1207,1220,1224,1226,1238,1243,1244,1254,1256,1261,1275,1276,1278]","[[0,1],[1,1],[2,-1],[3,1],[4,-1],[16,1],[20,1],[37,-1],[97,-1],[138,-1],[145,-1],[150,-1],[157,-1],[165,-1],[171,-1],[196,1],[198,-1],[239,-1],[252,1],[265,1],[269,-1],[308,1],[314,1],[335,1],[380,1],[397,-1],[402,1],[423,-1],[434,-1],[437,1],[444,1],[456,1],[483,-1],[496,1],[508,-1],[511,-1],[513,-1],[514,1],[527,-1],[539,-1],[549,-1],[551,-1],[553,1],[563,1],[568,1],[570,1],[581,1],[586,-1],[591,1],[616,1],[638,1],[639,-1],[652,1],[675,1],[677,-1],[685,-1],[686,-1],[705,-1],[713,-1],[714,1],[717,-1],[719,-1],[729,1],[749,1],[771,-1],[775,1],[800,-1],[810,1],[848,1],[866,1],[881,1],[882,1],[883,1],[908,1],[926,-1],[942,-1],[962,-1],[965,-1],[970,-1],[981,-1],[985,-1],[995,1],[1014,1],[1021,1],[1047,-1],[1052,-1],[1070,1],[1072,1],[1078,1],[1088,-1],[1112,-1],[1123,1],[1141,1],[1145,1],[1173,1],[1177,-1],[1178,1],[1207,1],[1220,1],[1224,1],[1226,-1],[1238,-1],[1243,-1],[1244,1],[1254,1],[1256,-1],[1261,1],[1275,-1],[1276,1],[1278,1]]","[37,109,20,15,108,66,34,73,42,107,100,87,103,55,99,115,30,58,60,67,27,45,54,117,104,74,98,35,38,29,10,33,83,57,23,39,8,72,16,51,80,118,111,40,110,46,63,48,78,6,90,88,11,25,106,62,79,2,0,75,101,70,112,21,59,64,3,65,76,95,43,44,69,105,84,96,93,17,119,86,18,31,24,114,68,52,116,32,49,61,1,56,14,77,94,92]","[219,234,230,121,178,216,133,239,157,233,182,196,236,210,154,200,150,141,180,217,181,148,207,153,184,135,176,147,231,222,209,213,189,172,163,129,215,128,124,122,226,162,197,237,159,136,232,203,130,195,221,179,202,134,155,161,183,171,149,160,164,194,120,145,173,131,143,206,137,144,201,208,204,126,186,142,238,205,218,125,224,191,123,146,156,225,168,223,138,151,199,177,228,174,235,188]",4d0e8c9c776e848cb96eaa4d0b2ad080751e644aa8a2ae55458e88983e24263e,96,3965340216,3830968050,"[930050,7,5,0,120,200,26]",1221479387,1918363426,[5],"{""5"":0}"
S7,7,930051,120,1.6770509831248424,5,,0,0.1,64,47,"[0,1,2,3,4,27,73,157,158,198,227,244,265,308,335,380,412,425,563,570,581,595,597,613,616,626,658,666,760,775,794,816,821,834,866,908,942,979,981,1052,1072,1120,1139,1145,1218,1248,1278]","[[0,1],[1,1],[2,-1],[3,1],[4,-1],[27,1],[73,-1],[157,-1],[158,1],[198,-1],[227,-1],[244,-1],[265,1],[308,1],[335,1],[380,1],[412,-1],[425,1],[563,1],[570,1],[581,1],[595,1],[597,-1],[613,1],[616,1],[626,1],[658,1],[666,1],[760,-1],[775,1],[794,1],[816,-1],[821,-1],[834,1],[866,1],[908,1],[942,-1],[979,-1],[981,-1],[1052,-1],[1072,1],[1120,-1],[1139,-1],[1145,1],[1218,1],[1248,-1],[1278,1]]","[24,110,116,39,81,119,104,117,112,45,101,106,57,9,74,47,97,70,29,52,12,10,92,94,79,66,115,91,64,73,37,17,13,83,23,27,1,20,68,93,51,6,7,65,78,4,55,113,86,54,34,98,90,99,30,105,36,53,58,5,111,8,22,15,2,33,42,88,56,43,31,63,26,62,84,108,35,50,102,49,40,89,3,109,38,77,44,46,60,32,18,41,118,82,96,11]","[230,219,148,153,131,175,216,146,174,137,177,212,159,128,224,167,226,171,227,140,169,195,145,164,200,236,162,122,135,222,154,172,209,190,204,220,149,228,184,158,210,123,173,223,134,199,163,217,238,239,188,205,129,193,234,138,156,187,178,203,181,214,132,237,198,213,235,125,160,231,197,186,229,144,120,166,211,155,133,192,150,189,233,179,194,202,147,206,151,218,161,196,143,157,165,182]",a514550e724a45f1ef46ea76b5d9d7423a848669b9c517df0354410d62e3d7d2,96,1776709169,2263754936,"[930051,7,5,0,120,200,26]",195575461,1918363426,[5],"{""5"":0}"
S7,7,930052,120,1.6770509831248424,5,,0,0.1,71,44,"[0,1,2,3,4,5,10,77,91,122,145,198,219,285,287,312,316,438,452,511,513,553,595,624,658,733,818,848,862,866,923,926,942,979,995,1026,1041,1062,1071,1184,1206,1224,1242,1254]","[[0,1],[1,1],[2,-1],[3,1],[4,-1],[5,-1],[10,1],[77,1],[91,-1],[122,-1],[145,-1],[198,-1],[219,1],[285,1],[287,-1],[312,1],[316,1],[438,-1],[452,1],[511,-1],[513,-1],[553,1],[595,1],[624,1],[658,1],[733,1],[818,-1],[848,1],[862,1],[866,1],[923,1],[926,-1],[942,-1],[979,-1],[995,1],[1026,-1],[1041,1],[1062,1],[1071,1],[1184,-1],[1206,-1],[1224,1],[1242,-1],[1254,1]]","[11,88,43,45,37,71,73,86,53,25,76,10,28,59,26,107,110,51,90,64,109,63,54,79,95,27,21,58,19,38,57,104,102,14,108,91,20,87,22,42,85,78,16,32,6,0,31,80,9,29,66,74,49,56,2,30,112,47,117,77,96,33,89,115,116,105,106,3,97,35,101,94,60,114,99,50,70,103,75,17,98,61,44,40,52,39,81,34,62,111,68,113,13,1,15,41]","[179,171,166,150,146,151,195,169,225,194,170,205,233,140,168,198,193,189,134,235,213,192,124,126,217,239,211,212,209,160,199,236,174,231,186,136,144,208,129,176,187,221,138,200,133,215,159,234,204,238,127,172,184,219,223,143,202,139,148,220,142,156,121,232,167,230,203,178,153,190,218,131,145,122,161,132,157,196,147,185,154,149,216,175,197,227,173,237,206,123,182,201,210,125,188,128]",ae06ecf207e09d0958155e3911bfca63acf84ac7c3dac2760ca62da1f9791d3e,96,2961641659,844805094,"[930052,7,5,0,120,200,26]",1954508051,1918363426,[5],"{""5"":-1}"
S7,7,930053,120,1.6770509831248424,5,,0,0.1,62,46,"[0,1,2,3,4,5,27,56,77,171,198,220,242,287,311,335,340,392,426,443,513,514,538,595,658,713,756,816,821,829,866,908,926,942,970,1006,1078,1088,1101,1120,1139,1173,1175,1177,1182,1216]","[[0,1],[1,1],[2,-1],[3,1],[4,-1],[5,-1],[27,1],[56,-1],[77,1],[171,-1],[198,-1],[220,-1],[242,1],[287,-1],[311,-1],[335,1],[340,-1],[392,1],[426,-1],[443,1],[513,-1],[514,1],[538,1],[595,1],[658,1],[713,-1],[756,1],[816,-1],[821,-1],[829,1],[866,1],[908,1],[926,-1],[942,-1],[970,-1],[1006,-1],[1078,1],[1088,-1],[1101,1],[1120,-1],[1139,-1],[1173,1],[1175,1],[1177,-1],[1182,1],[1216,1]]","[98,65,8,86,58,5,97,94,7,93,47,48,33,24,16,42,91,95,56,31,44,116,50,53,0,9,6,66,34,11,68,35,79,32,106,19,52,22,89,82,108,69,102,17,85,104,112,100,26,57,87,59,45,15,1,28,10,4,25,64,27,63,111,113,90,14,96,101,21,72,110,43,13,109,12,3,80,54,74,118,119,115,51,55,62,37,49,2,76,71,107,77,18,36,83,67]","[137,122,231,167,164,204,140,171,158,173,142,189,215,213,144,150,157,170,143,188,191,125,169,177,232,176,217,130,182,221,138,184,197,159,141,152,172,166,214,237,160,178,187,233,146,145,238,199,134,126,235,192,154,132,186,226,156,200,203,236,194,127,195,121,201,222,131,183,209,136,216,135,133,155,219,205,224,168,179,123,139,185,202,147,227,190,198,129,175,208,229,196,148,153,149,174]",51ea1b8931560d46f208c5dd722db1836c2e79033d8ebffd026f688ffbace3b8,96,3345815738,142130233,"[930053,7,5,0,120,200,26]",3963528880,1918363426,[5],"{""5"":-1}"
S7,7,930054,120,1.6770509831248424,5,,0,0.1,68,48,"[0,1,2,3,4,5,114,239,244,311,315,316,380,397,423,448,496,514,563,634,675,685,775,821,829,867,883,908,925,942,970,972,979,981,985,995,1012,1026,1101,1145,1148,1173,1179,1184,1224,1254,1256,1278]","[[0,1],[1,1],[2,-1],[3,1],[4,-1],[5,-1],[114,1],[239,-1],[244,-1],[311,-1],[315,-1],[316,1],[380,1],[397,-1],[423,-1],[448,-1],[496,1],[514,1],[563,1],[634,1],[675,1],[685,-1],[775,1],[821,-1],[829,1],[867,-1],[883,1],[908,1],[925,1],[942,-1],[970,-1],[972,1],[979,-1],[981,-1],[985,-1],[995,1],[1012,-1],[1026,-1],[1101,1],[1145,1],[1148,1],[1173,1],[1179,1],[1184,-1],[1224,1],[1254,1],[1256,-1],[1278,1]]","[49,82,64,110,2,47,19,12,77,63,85,13,7,27,55,43,51,103,18,88,59,86,26,105,46,115,106,15,24,116,91,74,58,119,28,57,62,11,114,0,100,6,20,39,5,102,72,71,3,70,108,117,36,52,73,112,83,21,66,98,93,25,42,67,61,87,56,33,60,95,75,65,53,29,40,23,35,69,16,22,10,89,76,99,80,90,17,78,97,54,107,32,31,38,68,92]","[157,213,152,153,194,137,195,175,212,198,222,217,161,169,235,205,155,125,204,151,139,220,158,129,193,192,228,167,209,131,179,236,224,218,134,223,143,230,227,122,133,178,146,200,136,237,188,126,166,229,180,163,138,162,165,183,130,171,184,144,140,226,202,132,197,187,159,210,238,168,206,186,145,148,127,173,221,174,191,147,154,201,124,123,214,164,176,170,172,160,211,208,181,150,128,196]",ef8ab687ef543ee89618cbbd26a7b1dc07801b936324e3c0ddb67ce0020f82a6,96,3014162785,1980452243,"[930054,7,5,0,120,200,26]",2638580149,1918363426,[5],"{""5"":-1}"
S7,7,930055,120,1.6770509831248424,5,,0,0.1,73,48,"[0,1,2,3,4,5,16,26,79,171,208,308,311,408,411,437,438,456,509,581,595,658,677,685,713,760,771,801,834,861,866,908,942,979,985,991,1000,1001,1012,1026,1088,1120,1132,1184,1187,1254,1277,1278]","[[0,1],[1,1],[2,-1],[3,1],[4,-1],[5,1],[16,1],[26,1],[79,1],[171,-1],[208,-1],[308,1],[311,-1],[408,-1],[411,1],[437,1],[438,-1],[456,1],[509,-1],[581,1],[595,1],[658,1],[677,-1],[685,-1],[713,-1],[760,-1],[771,-1],[801,-1],[834,1],[861,-1],[866,1],[908,1],[942,-1],[979,-1],[985,-1],[991,1],[1000,1],[1001,-1],[1012,-1],[1026,-1],[1088,-1],[1120,-1],[1132,-1],[1184,-1],[1187,1],[1254,1],[1277,1],[1278,1]]","[101,61,64,52,10,110,41,80,63,112,67,91,92,3,58,113,82,33,100,88,79,76,85,49,116,30,46,6,45,35,11,44,32,119,27,50,39,18,73,87,48,0,47,37,12,28,114,72,93,34,107,115,57,77,51,55,104,75,95,25,23,22,43,96,13,53,89,103,19,9,109,70,102,62,42,78,54,31,29,81,20,94,108,74,68,59,118,2,8,14,4,69,15,71,83,17]","[166,195,147,164,169,128,135,183,229,233,180,157,146,191,126,188,134,138,238,167,142,189,136,223,181,148,193,225,129,143,132,200,218,211,239,217,204,123,137,214,170,165,192,185,161,213,209,237,130,207,172,159,198,201,152,176,235,227,131,124,221,234,144,197,182,228,173,224,230,208,174,155,222,202,184,139,149,212,156,199,125,145,196,160,194,215,210,141,163,122,220,162,150,120,187,127]",a9f62b06d74d6222cde69b14988d2527b8d4d017db77da76831b3cb7e763fe79,96,3069792404,3348572257,"[930055,7,5,0,120,200,26]",3412294213,1918363426,[5],"{""5"":1}"
S7,7,930056,120,1.6770509831248424,5,,0,0.1,73,60,"[0,1,2,3,4,16,26,91,101,111,122,145,157,171,198,231,244,297,335,397,438,493,555,560,581,588,597,598,658,676,685,713,792,810,818,821,829,834,848,864,866,926,942,981,985,995,1000,1001,1008,1025,1026,1028,1071,1091,1120,1145,1219,1242,1276,1278]","[[0,1],[1,1],[2,-1],[3,1],[4,-1],[16,1],[26,1],[91,-1],[101,-1],[111,1],[122,-1],[145,-1],[157,-1],[171,-1],[198,-1],[231,-1],[244,-1],[297,-1],[335,1],[397,-1],[438,-1],[493,-1],[555,1],[560,-1],[581,1],[588,1],[597,-1],[598,-1],[658,1],[676,1],[685,-1],[713,-1],[792,-1],[810,1],[818,-1],[821,-1],[829,1],[834,1],[848,1],[864,1],[866,1],[926,-1],[942,-1],[981,-1],[985,-1],[995,1],[1000,1],[1001,-1],[1008,-1],[1025,1],[1026,-1],[1028,-1],[1071,1],[1091,-1],[1120,-1],[1145,1],[1219,-1],[1242,-1],[1276,1],[1278,1]]","[50,96,6,110,12,38,4,0,16,117,27,73,34,13,81,25,109,31,68,26,39,80,61,29,119,41,30,69,8,104,59,58,99,17,111,1,49,42,62,94,102,95,21,112,65,37,10,22,89,45,46,105,83,103,98,84,85,60,79,75,28,93,90,40,88,18,106,36,78,91,64,86,9,107,71,32,5,56,44,33,74,35,63,87,97,118,52,7,115,43,101,82,23,20,113,66]","[183,120,132,157,204,199,201,214,133,198,203,223,171,187,180,158,186,188,152,215,221,208,153,160,193,140,165,210,211,182,195,164,227,233,236,229,128,230,131,191,197,166,141,226,194,139,123,170,177,142,161,144,179,189,217,146,150,143,237,121,231,163,145,173,137,124,224,207,202,238,156,159,138,196,235,168,220,185,127,134,130,216,174,192,219,169,154,122,147,209,190,126,181,125,155,148]",6e179414416aa2d9cd2f3168dbfec158845272c5ed40ca224e66973e633e49a9,96,4116566560,3203429018,"[930056,7,5,0,120,200,26]",1092131146,1918363426,[5],"{""5"":0}"
S7,7,930057,120,1.6770509831248424,5,,0,0.1,69,53,"[0,1,2,3,4,26,43,77,157,165,196,227,272,308,310,412,423,438,507,514,535,563,568,580,595,598,604,647,697,775,794,810,834,837,866,867,926,970,979,981,994,995,1001,1028,1071,1078,1099,1120,1139,1199,1227,1248,1277]","[[0,1],[1,1],[2,-1],[3,1],[4,-1],[26,1],[43,-1],[77,1],[157,-1],[165,-1],[196,1],[227,-1],[272,1],[308,1],[310,-1],[412,-1],[423,-1],[438,-1],[507,-1],[514,1],[535,1],[563,1],[568,1],[580,1],[595,1],[598,-1],[604,1],[647,1],[697,-1],[775,1],[794,1],[810,1],[834,1],[837,-1],[866,1],[867,-1],[926,-1],[970,-1],[979,-1],[981,-1],[994,1],[995,1],[1001,-1],[1028,-1],[1071,1],[1078,1],[1099,1],[1120,-1],[1139,-1],[1199,-1],[1227,1],[1248,-1],[1277,1]]","[40,31,18,39,29,24,118,51,57,14,67,105,119,73,117,93,53,16,30,103,92,110,95,85,33,6,66,78,15,44,50,75,112,114,90,46,28,10,37,63,54,61,32,62,84,94,81,7,89,55,106,47,45,65,100,34,58,52,1,74,41,111,98,79,2,9,11,69,64,76,70,3,17,26,87,71,108,23,12,113,42,77,96,60,43,86,104,4,38,97,116,19,59,101,83,80]","[207,153,235,180,219,149,154,218,160,135,171,132,239,170,139,215,123,201,147,224,130,230,206,122,158,209,194,174,181,148,192,237,185,187,169,216,232,222,217,129,166,196,152,131,193,188,175,168,178,120,172,189,155,177,164,156,151,221,211,204,225,236,213,202,229,210,136,184,231,134,195,138,233,227,141,137,162,145,179,226,146,208,128,157,223,199,143,214,124,183,163,144,234,191,133,212]",8c8c2a56e39fdd8602271bc5877ead3b8d9e75b26bcc139c3fa698a513739f68,96,2929949700,4171420294,"[930057,7,5,0,120,200,26]",1300218336,1918363426,[5],"{""5"":0}"
S7,7,930058,120,1.6770509831248424,5,,0,0.1,67,56,"[0,1,2,3,4,42,54,77,103,151,209,227,285,286,308,310,314,335,423,437,438,445,463,505,563,608,652,658,667,713,719,763,771,773,829,834,837,866,867,881,883,942,962,979,985,995,1006,1071,1139,1171,1179,1214,1224,1254,1268,1278]","[[0,1],[1,1],[2,-1],[3,1],[4,-1],[42,1],[54,-1],[77,1],[103,-1],[151,-1],[209,1],[227,-1],[285,1],[286,-1],[308,1],[310,-1],[314,1],[335,1],[423,-1],[437,1],[438,-1],[445,1],[463,1],[505,-1],[563,1],[608,-1],[652,1],[658,1],[667,1],[713,-1],[719,-1],[763,-1],[771,-1],[773,-1],[829,1],[834,1],[837,-1],[866,1],[867,-1],[881,1],[883,1],[942,-1],[962,-1],[979,-1],[985,-1],[995,1],[1006,-1],[1071,1],[1139,-1],[1171,-1],[1179,1],[1214,1],[1224,1],[1254,1],[1268,1],[1278,1]]","[111,61,2,47,99,8,15,10,105,27,92,32,33,13,17,110,91,89,58,107,60,9,40,19,30,34,65,112,100,31,69,109,57,116,66,113,119,0,20,101,37,75,117,7,14,5,51,6,35,11,76,88,78,84,12,98,103,114,55,64,59,52,72,53,36,39,22,86,4,26,73,62,1,93,28,85,3,21,71,48,118,95,25,68,70,46,63,82,54,16,102,29,38,24,83,49]","[137,164,141,161,234,177,202,159,213,198,134,123,212,193,156,140,235,139,209,214,207,128,122,169,179,208,145,237,135,129,230,211,188,148,160,195,133,210,170,204,144,142,130,165,150,183,225,184,127,121,192,236,157,185,232,217,201,220,149,215,166,152,229,203,173,126,147,146,199,181,132,221,174,190,155,143,175,162,168,171,233,200,178,239,194,163,216,224,205,226,218,120,125,180,158,154]",ff671c9716e7550f53c5c45f3b981ae9884a47e5961074d653cee8ce529df301,96,3154455039,3661925313,"[930058,7,5,0,120,200,26]",3691352656,1918363426,[5],"{""5"":0}"
S7,7,930059,120,1.6770509831248424,5,,0,0.1,80,54,"[0,1,3,4,26,41,67,73,98,198,244,252,297,333,358,397,438,507,514,563,570,598,615,667,697,773,775,794,810,821,829,866,867,881,908,922,923,970,972,979,981,985,1006,1025,1071,1102,1120,1179,1184,1224,1227,1248,1254,1278]","[[0,1],[1,1],[3,1],[4,-1],[26,1],[41,1],[67,1],[73,-1],[98,-1],[198,-1],[244,-1],[252,1],[297,-1],[333,1],[358,1],[397,-1],[438,-1],[507,-1],[514,1],[563,1],[570,1],[598,-1],[615,-1],[667,1],[697,-1],[773,-1],[775,1],[794,1],[810,1],[821,-1],[829,1],[866,1],[867,-1],[881,1],[908,1],[922,1],[923,1],[970,-1],[972,1],[979,-1],[981,-1],[985,-1],[1006,-1],[1025,1],[1071,1],[1102,1],[1120,-1],[1179,1],[1184,-1],[1224,1],[1227,1],[1248,-1],[1254,1],[1278,1]]","[110,48,6,82,103,50,26,64,35,42,43,72,65,28,106,14,89,41,108,8,51,53,87,24,114,12,86,66,91,52,101,60,113,62,54,57,74,88,102,56,3,117,78,15,115,111,10,49,69,94,46,112,76,95,61,1,39,116,109,18,23,55,20,11,71,96,16,118,44,13,75,9,70,33,19,98,63,59,73,34,29,37,99,93,90,27,58,21,81,30,104,67,4,31,80,5]","[148,131,220,219,194,137,218,234,199,217,172,224,236,216,212,157,175,201,158,185,227,169,239,161,171,207,134,166,124,231,186,122,233,136,210,170,152,123,149,208,215,143,209,232,159,214,168,229,128,151,140,126,196,133,120,154,213,223,180,238,226,163,145,197,204,176,190,191,164,206,125,205,187,211,222,121,167,139,129,195,188,162,228,225,130,156,150,203,127,160,173,174,155,177,141,200]",3c5fb7009b01a1ac5344fc06f69ad9a9249dfd950b12c8ff5b4f32d98c173b55,96,2521217357,3306142523,"[930059,7,5,0,120,200,26]",1630581060,1918363426,[5],"{""5"":0}"
S7,7,930060,120,1.6770509831248424,5,,0,0.1,67,53,"[0,1,2,3,4,5,27,42,87,103,108,150,157,196,227,242,311,380,408,423,437,514,524,538,568,624,625,658,689,717,818,821,829,834,866,885,908,911,942,970,979,981,995,1001,1006,1026,1052,1078,1104,1120,1145,1182,1278]","[[0,1],[1,1],[2,-1],[3,1],[4,-1],[5,-1],[27,1],[42,1],[87,1],[103,-1],[108,-1],[150,-1],[157,-1],[196,1],[227,-1],[242,1],[311,-1],[380,1],[408,-1],[423,-1],[437,1],[514,1],[524,1],[538,1],[568,1],[624,1],[625,1],[658,1],[689,1],[717,-1],[818,-1],[821,-1],[829,1],[834,1],[866,1],[885,-1],[908,1],[911,-1],[942,-1],[970,-1],[979,-1],[981,-1],[995,1],[1001,-1],[1006,-1],[1026,-1],[1052,-1],[1078,1],[1104,-1],[1120,-1],[1145,1],[1182,1],[1278,1]]","[27,91,22,30,92,1,85,34,110,89,116,57,14,90,106,119,95,94,115,33,62,86,45,4,93,36,2,46,47,97,111,107,114,19,83,74,32,51,38,53,96,49,0,10,25,77,28,8,39,117,84,11,67,99,109,68,42,71,75,101,61,108,113,29,56,63,80,102,66,65,79,82,37,41,26,48,15,69,54,43,87,98,17,52,5,100,6,55,21,3,103,35,72,44,24,31]","[228,139,185,184,211,131,222,215,203,198,227,162,221,180,225,155,205,204,220,188,209,150,136,192,140,239,193,219,208,168,132,172,138,156,234,126,160,127,231,179,170,191,149,169,199,145,224,151,226,177,237,144,195,229,206,173,161,176,197,166,189,233,124,217,133,164,159,123,154,171,137,232,214,141,235,213,122,182,152,186,230,121,143,174,157,216,130,135,202,129,175,148,128,201,236,212]",a12615ac859d72c3022d863bd71da212e0c6f89676fc65ce4b18349391c781f5,96,2530651297,3012583626,"[930060,7,5,0,120,200,26]",1680310805,1918363426,[5],"{""5"":-1}"
S7,7,930061,120,1.6770509831248424,5,,0,0.1,64,45,"[0,1,2,4,16,43,101,145,158,165,171,198,231,311,415,416,452,470,490,496,507,521,560,568,591,626,729,792,794,810,848,862,878,908,979,981,985,995,1012,1026,1078,1098,1120,1254,1259]","[[0,1],[1,1],[2,-1],[4,-1],[16,1],[43,-1],[101,-1],[145,-1],[158,1],[165,-1],[171,-1],[198,-1],[231,-1],[311,-1],[415,1],[416,-1],[452,1],[470,1],[490,-1],[496,1],[507,-1],[521,-1],[560,-1],[568,1],[591,1],[626,1],[729,1],[792,-1],[794,1],[810,1],[848,1],[862,1],[878,1],[908,1],[979,-1],[981,-1],[985,-1],[995,1],[1012,-1],[1026,-1],[1078,1],[1098,1],[1120,-1],[1254,1],[1259,1]]","[5,116,28,97,46,64,22,6,18,61,51,13,40,27,95,20,10,71,21,31,4,89,85,117,83,41,16,42,19,15,69,112,30,100,98,104,84,111,103,76,57,17,94,108,25,75,106,80,107,102,67,93,78,113,81,101,58,99,26,0,119,32,114,11,36,66,118,63,37,43,105,39,82,33,56,2,68,79,52,48,96,34,3,60,73,50,74,9,72,115,109,92,12,24,44,23]","[141,171,214,191,176,229,179,146,169,190,158,182,232,125,186,230,152,128,233,173,227,133,156,238,153,155,123,170,187,163,200,121,180,206,132,131,215,192,162,164,167,196,177,193,161,236,135,149,194,139,207,185,178,145,198,237,217,223,154,147,168,212,151,235,195,142,234,172,134,239,205,189,221,127,181,126,231,183,140,211,165,204,160,144,159,143,130,184,209,218,199,137,228,197,188,210]",9d0d24159642c043c24d804091bb633affd2187811039d39191eae57a6faee46,96,1778651045,3408016420,"[930061,7,5,0,120,200,26]",3028787062,1918363426,[5],"{""5"":0}"
S7,7,930062,120,1.6770509831248424,5,,0,0.1,79,62,"[0,1,2,3,4,5,77,101,103,145,163,196,220,227,244,266,285,335,373,411,423,430,437,438,444,468,470,507,509,513,578,595,658,772,810,818,848,866,868,892,908,926,942,966,981,985,991,995,1000,1006,1047,1078,1120,1145,1179,1216,1220,1224,1248,1256,1269,1278]","[[0,1],[1,1],[2,-1],[3,1],[4,-1],[5,1],[77,1],[101,-1],[103,-1],[145,-1],[163,-1],[196,1],[220,-1],[227,-1],[244,-1],[266,-1],[285,1],[335,1],[373,1],[411,1],[423,-1],[430,1],[437,1],[438,-1],[444,1],[468,-1],[470,1],[507,-1],[509,-1],[513,-1],[578,-1],[595,1],[658,1],[772,-1],[810,1],[818,-1],[848,1],[866,1],[868,-1],[892,1],[908,1],[926,-1],[942,-1],[966,-1],[981,-1],[985,-1],[991,1],[995,1],[1000,1],[1006,-1],[1047,-1],[1078,1],[1120,-1],[1145,1],[1179,1],[1216,1],[1220,1],[1224,1],[1248,-1],[1256,-1],[1269,1],[1278,1]]","[59,42,72,58,85,7,65,11,3,87,44,113,39,91,8,115,116,32,34,30,109,45,31,110,105,60,46,76,81,16,66,88,28,17,18,23,15,100,64,57,89,40,47,9,55,67,53,71,61,94,43,38,24,27,119,36,74,70,12,86,75,102,106,26,80,54,13,1,77,78,37,112,19,29,50,56,62,99,48,63,0,68,79,6,10,14,95,25,83,82,104,20,51,49,21,2]","[235,227,220,129,171,222,207,128,180,151,125,132,234,217,169,195,177,135,237,143,122,200,218,203,226,147,150,173,123,194,208,224,233,124,137,187,209,162,178,138,158,163,121,232,149,139,146,188,164,154,175,153,144,141,199,230,190,183,202,133,181,145,185,167,182,236,206,160,225,191,219,161,214,170,159,192,172,196,186,204,156,168,215,228,155,239,130,238,210,231,152,213,197,212,184,205]",474041055947bf6677a2051e81a14629c648ca6b2b5e760ddc73d15550dcae43,96,1666172620,425930132,"[930062,7,5,0,120,200,26]",4287199022,1918363426,[5],"{""5"":1}"
S7,7,930063,120,1.6770509831248424,5,,0,0.1,69,51,"[0,2,3,4,5,27,42,116,157,232,242,272,276,285,311,423,437,447,452,470,509,563,595,621,658,681,705,714,717,771,772,800,866,868,883,908,918,942,981,985,1006,1101,1120,1148,1164,1177,1190,1214,1224,1254,1278]","[[0,1],[2,-1],[3,1],[4,-1],[5,1],[27,1],[42,1],[116,1],[157,-1],[232,1],[242,1],[272,1],[276,-1],[285,1],[311,-1],[423,-1],[437,1],[447,1],[452,1],[470,1],[509,-1],[563,1],[595,1],[621,1],[658,1],[681,-1],[705,-1],[714,1],[717,-1],[771,-1],[772,-1],[800,-1],[866,1],[868,-1],[883,1],[908,1],[918,-1],[942,-1],[981,-1],[985,-1],[1006,-1],[1101,1],[1120,-1],[1148,1],[1164,-1],[1177,-1],[1190,1],[1214,1],[1224,1],[1254,1],[1278,1]]","[78,39,108,75,61,118,91,76,82,106,2,96,104,21,101,67,85,63,86,97,58,52,32,25,44,84,4,111,54,117,41,5,22,73,36,60,45,14,38,13,95,42,15,102,105,50,90,56,87,27,9,35,62,47,88,19,1,72,18,92,74,77,103,11,12,29,20,17,55,8,28,89,46,65,26,7,64,81,16,43,114,30,79,24,0,116,37,110,71,48,119,53,33,59,3,94]","[172,213,214,134,216,235,171,183,190,202,152,170,226,228,204,208,165,135,225,227,182,121,140,196,224,123,130,128,185,191,177,169,146,129,198,127,231,234,159,154,205,167,219,131,233,122,173,237,132,143,192,184,162,124,125,174,186,199,179,222,158,157,120,150,189,142,218,161,236,209,126,194,217,133,144,229,145,195,148,181,166,212,201,163,175,207,221,230,193,215,153,238,203,164,220,137]",2feebc3bf287fc0452ab1b4e39183c259b98e7486ba8b4f9466617e59c4ad68a,96,1503803565,1265383720,"[930063,7,5,0,120,200,26]",628326503,1918363426,[5],"{""5"":1}"
S7,7,930064,120,1.6770509831248424,5,,0,0.1,78,52,"[0,1,3,4,27,42,145,157,171,198,219,227,228,297,311,333,380,405,420,423,437,438,452,507,514,598,626,644,652,658,674,685,760,793,821,866,874,900,926,981,985,987,995,1026,1050,1068,1113,1178,1199,1224,1243,1254]","[[0,1],[1,1],[3,1],[4,-1],[27,1],[42,1],[145,-1],[157,-1],[171,-1],[198,-1],[219,1],[227,-1],[228,1],[297,-1],[311,-1],[333,1],[380,1],[405,-1],[420,-1],[423,-1],[437,1],[438,-1],[452,1],[507,-1],[514,1],[598,-1],[626,1],[644,1],[652,1],[658,1],[674,1],[685,-1],[760,-1],[793,-1],[821,-1],[866,1],[874,1],[900,-1],[926,-1],[981,-1],[985,-1],[987,1],[995,1],[1026,-1],[1050,1],[1068,1],[1113,1],[1178,1],[1199,-1],[1224,1],[1243,-1],[1254,1]]","[0,19,60,98,77,78,16,80,18,25,105,52,67,58,38,54,104,90,49,22,8,56,75,32,30,24,65,116,13,34,81,101,27,73,48,26,28,68,76,118,94,91,86,95,103,5,44,88,96,15,51,111,21,97,17,107,84,45,110,50,47,115,11,12,114,46,9,53,41,100,82,106,57,70,102,14,87,72,112,117,37,33,1,4,2,99,35,79,93,109,83,69,63,7,31,43]","[137,196,198,230,149,226,167,210,223,180,217,129,172,176,123,168,207,140,146,122,229,221,135,124,178,201,213,200,179,224,171,133,177,182,156,136,151,127,204,150,139,143,163,238,138,157,193,165,158,132,211,216,155,166,147,120,125,212,225,187,233,161,189,206,159,236,197,148,219,218,195,128,130,220,183,185,186,190,144,152,237,231,121,134,162,232,202,181,184,234,170,194,192,215,153,145]",c4b04aaa5cd71faf024231af8b7d51175f1dcb0cf60cef85bdbd67adf480573f,96,2698139610,3984427143,"[930064,7,5,0,120,200,26]",1528251893,1918363426,[5],"{""5"":0}"
S7,7,930065,120,1.6770509831248424,5,,0,0.1,73,50,"[0,1,2,3,4,26,27,42,77,108,145,171,219,312,380,397,405,437,445,468,511,539,560,570,581,595,645,681,685,713,775,823,866,926,942,972,979,981,985,1026,1039,1098,1102,1123,1139,1145,1224,1226,1248,1278]","[[0,1],[1,1],[2,-1],[3,1],[4,-1],[26,1],[27,1],[42,1],[77,1],[108,-1],[145,-1],[171,-1],[219,1],[312,1],[380,1],[397,-1],[405,-1],[437,1],[445,1],[468,-1],[511,-1],[539,-1],[560,-1],[570,1],[581,1],[595,1],[645,1],[681,-1],[685,-1],[713,-1],[775,1],[823,1],[866,1],[926,-1],[942,-1],[972,1],[979,-1],[981,-1],[985,-1],[1026,-1],[1039,-1],[1098,1],[1102,1],[1123,1],[1139,-1],[1145,1],[1224,1],[1226,-1],[1248,-1],[1278,1]]","[114,20,82,68,26,118,110,84,37,112,93,15,111,52,102,39,119,18,35,104,75,58,45,85,3,106,117,56,61,100,50,79,48,8,28,24,5,90,32,4,10,47,38,7,70,17,87,19,6,92,60,30,109,107,46,53,77,1,69,73,64,23,66,113,57,14,101,12,36,81,9,59,88,2,11,25,51,42,86,91,99,103,76,98,21,49,16,54,67,108,115,31,44,83,116,62]","[228,123,125,239,236,135,177,224,201,234,190,124,160,133,192,219,140,214,163,157,132,206,235,223,128,237,146,233,147,229,202,170,172,151,126,166,231,120,220,162,232,227,137,136,222,188,226,183,189,195,209,204,176,150,194,187,216,225,218,221,168,139,152,210,159,238,184,141,230,212,203,215,169,178,179,185,200,205,155,198,127,145,165,164,156,122,186,199,211,148,180,173,158,167,130,143]",55bc049e8a545b20d48eaaaafc39189cc10c57657442f1198dffc6c1065d2f45,96,429089338,3982109221,"[930065,7,5,0,120,200,26]",3316553009,1918363426,[5],"{""5"":0}"
S7,7,930066,120,1.6770509831248424,5,,0,0.1,69,52,"[0,1,2,3,4,16,101,111,131,145,157,171,227,430,437,444,445,483,496,514,563,570,574,598,638,658,674,675,685,689,704,705,719,793,834,866,867,908,942,985,995,1000,1001,1008,1021,1026,1167,1178,1184,1227,1254,1256]","[[0,1],[1,1],[2,-1],[3,1],[4,-1],[16,1],[101,-1],[111,1],[131,-1],[145,-1],[157,-1],[171,-1],[227,-1],[430,1],[437,1],[444,1],[445,1],[483,-1],[496,1],[514,1],[563,1],[570,1],[574,-1],[598,-1],[638,1],[658,1],[674,1],[675,1],[685,-1],[689,1],[704,-1],[705,-1],[719,-1],[793,-1],[834,1],[866,1],[867,-1],[908,1],[942,-1],[985,-1],[995,1],[1000,1],[1001,-1],[1008,-1],[1021,1],[1026,-1],[1167,-1],[1178,1],[1184,-1],[1227,1],[1254,1],[1256,-1]]","[117,90,60,69,64,89,94,56,28,31,27,103,5,92,19,77,81,40,99,82,91,41,113,29,53,38,51,100,88,39,55,101,111,1,35,33,10,67,98,106,66,96,54,8,110,114,26,36,14,42,87,80,70,30,102,44,49,75,4,119,15,17,48,59,73,16,65,7,63,93,46,57,32,109,118,47,43,62,6,76,0,83,97,61,9,22,13,23,21,79,24,95,25,112,68,2]","[157,211,141,228,193,154,160,180,121,127,200,182,143,213,230,215,132,128,208,220,226,235,135,146,137,225,152,170,195,138,162,178,172,164,163,176,217,139,222,231,148,188,223,186,177,204,191,155,192,239,199,153,133,151,173,140,179,210,169,147,159,238,144,233,183,145,129,218,216,125,194,236,165,237,161,190,185,205,197,184,189,124,174,120,198,219,234,136,214,224,134,150,187,149,203,206]",b7af0ed77b45bbf6f0e871fbb201f3a48db7d93f9362c4b177859d9e00d7f6d1,96,1656640649,4277007455,"[930066,7,5,0,120,200,26]",3485074160,1918363426,[5],"{""5"":0}"
S7,7,930067,120,1.6770509831248424,5,,0,0.3,119,104,"[0,1,2,3,4,9,26,30,42,48,73,77,85,98,100,117,122,143,157,196,209,219,254,262,268,272,285,333,335,358,397,412,425,426,435,444,445,447,448,450,454,457,508,514,547,551,563,570,586,587,638,674,676,685,689,704,713,729,757,760,771,775,777,818,848,861,862,866,870,881,905,908,910,918,926,942,970,979,985,995,1001,1008,1012,1013,1025,1026,1039,1071,1109,1114,1118,1120,1136,1170,1173,1184,1224,1231,1248,1266,1269,1276,1277,1278]","[[0,1],[1,1],[2,-1],[3,1],[4,-1],[9,1],[26,1],[30,1],[42,1],[48,1],[73,-1],[77,1],[85,-1],[98,-1],[100,1],[117,1],[122,-1],[143,1],[157,-1],[196,1],[209,1],[219,1],[254,-1],[262,-1],[268,-1],[272,1],[285,1],[333,1],[335,1],[358,1],[397,-1],[412,-1],[425,1],[426,-1],[435,-1],[444,1],[445,1],[447,1],[448,-1],[450,1],[454,-1],[457,1],[508,-1],[514,1],[547,1],[551,-1],[563,1],[570,1],[586,-1],[587,-1],[638,1],[674,1],[676,1],[685,-1],[689,1],[704,-1],[713,-1],[729,1],[757,-1],[760,-1],[771,-1],[775,1],[777,-1],[818,-1],[848,1],[861,-1],[862,1],[866,1],[870,1],[881,1],[905,1],[908,1],[910,-1],[918,-1],[926,-1],[942,-1],[970,-1],[979,-1],[985,-1],[995,1],[1001,-1],[1008,-1],[1012,-1],[1013,-1],[1025,1],[1026,-1],[1039,-1],[1071,1],[1109,1],[1114,1],[1118,-1],[1120,-1],[1136,-1],[1170,-1],[1173,1],[1184,-1],[1224,1],[1231,-1],[1248,-1],[1266,1],[1269,1],[1276,1],[1277,1],[1278,1]]","[34,78,45,64,56,101,20,89,50,44,25,0,72,54,24,79,73,103,108,80,27,94,81,10,99,35,93,107,100,58,86,76,111,51,115,110,105,13,5,49,53,48,82,96,32,57,59,40,47,21,87,29,65,63,97,42,31,104,70,52,74,106,55,68,60,116,14,113,22,41,75,90,8,112,62,85,12,2,9,19,16,118,88,46,7,43,11,109,61,119,69,4,84,6,15,102]","[228,194,198,218,192,193,222,190,135,196,176,150,157,139,153,133,171,142,143,156,210,182,140,173,191,167,221,136,168,163,215,155,225,229,195,174,217,207,230,235,232,127,224,162,202,188,130,165,197,148,213,169,138,212,170,122,209,183,124,201,204,147,120,126,223,123,161,159,151,237,238,231,179,137,166,216,208,236,178,154,152,234,199,211,180,187,185,200,132,233,160,214,145,184,206,175]",44113de8433ab307e05a6e7c13734c4ea8cda2f09e2bf53ab3c8404d6116eeea,96,762102254,474018841,"[930067,7,5,0,120,200,26]",104248439,1918363426,[5],"{""5"":0}"
S7,7,930068,120,1.6770509831248424,5,,0,0.1,73,58,"[0,1,2,3,4,48,227,239,244,259,278,285,311,333,380,448,452,513,514,521,560,563,570,598,626,633,638,675,685,713,729,771,801,818,821,829,836,848,866,869,908,918,923,926,970,981,985,1000,1001,1012,1078,1101,1120,1131,1139,1177,1184,1278]","[[0,1],[1,1],[2,-1],[3,1],[4,-1],[48,1],[227,-1],[239,-1],[244,-1],[259,-1],[278,1],[285,1],[311,-1],[333,1],[380,1],[448,-1],[452,1],[513,-1],[514,1],[521,-1],[560,-1],[563,1],[570,1],[598,-1],[626,1],[633,-1],[638,1],[675,1],[685,-1],[713,-1],[729,1],[771,-1],[801,-1],[818,-1],[821,-1],[829,1],[836,1],[848,1],[866,1],[869,-1],[908,1],[918,-1],[923,1],[926,-1],[970,-1],[981,-1],[985,-1],[1000,1],[1001,-1],[1012,-1],[1078,1],[1101,1],[1120,-1],[1131,-1],[1139,-1],[1177,-1],[1184,-1],[1278,1]]","[33,76,69,85,77,8,9,78,60,80,109,11,54,101,51,82,86,84,64,81,1,108,115,39,90,18,20,19,44,75,41,47,59,14,112,96,93,10,13,99,95,71,88,72,37,104,29,38,119,117,56,42,113,100,83,17,7,43,52,107,94,97,116,110,26,74,61,24,46,4,3,45,31,25,12,68,5,35,92,63,15,73,27,79,57,91,87,28,6,67,48,16,66,103,23,2]","[122,123,185,140,146,162,193,190,126,161,149,139,183,175,207,129,208,215,195,228,160,130,231,173,236,227,166,133,120,198,206,229,233,214,158,144,143,151,154,199,128,164,224,169,209,147,141,134,204,239,237,221,156,163,200,226,136,125,152,179,145,234,170,197,189,171,137,220,230,196,172,167,201,216,127,138,203,135,124,178,202,211,188,191,213,157,155,235,192,218,194,142,176,165,121,174]",5b19b7463b174b8f11dcba6e69bfd8173691593d4d8de874c288371894cf4e22,96,3634302818,1072898926,"[930068,7,5,0,120,200,26]",2280580243,1918363426,[5],"{""5"":0}"
S7,7,930069,120,1.6770509831248424,5,,0,0.1,70,50,"[0,1,2,4,16,41,42,98,101,108,157,219,227,270,294,311,314,389,408,411,423,434,490,505,595,638,658,704,737,801,823,826,880,979,981,985,993,995,1000,1026,1043,1071,1078,1088,1101,1120,1131,1145,1177,1261]","[[0,1],[1,1],[2,-1],[4,-1],[16,1],[41,1],[42,1],[98,-1],[101,-1],[108,-1],[157,-1],[219,1],[227,-1],[270,1],[294,1],[311,-1],[314,1],[389,1],[408,-1],[411,1],[423,-1],[434,-1],[490,-1],[505,-1],[595,1],[638,1],[658,1],[704,-1],[737,1],[801,-1],[823,1],[826,-1],[880,-1],[979,-1],[981,-1],[985,-1],[993,1],[995,1],[1000,1],[1026,-1],[1043,-1],[1071,1],[1078,1],[1088,-1],[1101,1],[1120,-1],[1131,-1],[1145,1],[1177,-1],[1261,1]]","[23,49,105,99,66,17,34,47,88,57,11,89,102,7,86,1,37,59,19,93,78,106,26,10,42,53,18,81,48,107,61,70,44,87,36,92,83,25,111,27,40,91,65,15,56,45,5,103,38,118,76,3,90,108,115,0,24,109,28,119,98,22,97,50,112,54,30,8,6,74,16,72,64,110,2,84,29,80,31,21,113,13,95,73,12,69,32,62,71,14,114,58,63,75,35,9]","[138,219,217,149,136,129,200,225,168,120,172,132,133,173,142,235,135,238,221,216,212,202,223,196,144,213,182,169,205,220,150,167,126,123,198,152,184,161,181,166,222,190,130,224,194,208,228,232,214,134,164,175,211,165,195,148,140,147,122,193,160,179,185,158,183,154,178,186,128,209,127,210,159,171,143,177,192,162,145,230,191,233,176,197,163,170,125,239,141,146,156,236,153,131,139,188]",886694d86b57b597778511ec95397bbe8789e574ee4be23c2d9756ac2b9491ac,96,1709122194,1001447582,"[930069,7,5,0,120,200,26]",1463727840,1918363426,[5],"{""5"":0}"
S7,7,930070,120,1.6770509831248424,5,,0,1.0,157,117,"[0,1,2,3,4,5,9,27,42,73,79,98,103,111,145,155,157,160,163,173,186,211,214,219,252,265,270,272,274,335,339,379,380,384,425,437,439,444,467,490,494,514,529,535,556,563,586,595,597,615,616,645,667,675,676,685,687,689,713,722,725,737,775,780,787,793,801,821,826,829,837,843,848,862,864,866,868,881,894,908,911,917,918,922,926,942,945,970,979,981,985,987,994,995,1012,1013,1014,1015,1027,1039,1071,1082,1083,1104,1113,1120,1145,1171,1173,1179,1197,1206,1220,1241,1254,1256,1264]","[[0,1],[1,1],[2,-1],[3,1],[4,-1],[5,1],[9,1],[27,1],[42,1],[73,-1],[79,1],[98,-1],[103,-1],[111,1],[145,-1],[155,-1],[157,-1],[160,1],[163,-1],[173,-1],[186,-1],[211,1],[214,-1],[219,1],[252,1],[265,1],[270,1],[272,1],[274,-1],[335,1],[339,1],[379,-1],[380,1],[384,1],[425,1],[437,1],[439,1],[444,1],[467,-1],[490,-1],[494,1],[514,1],[529,1],[535,1],[556,-1],[563,1],[586,-1],[595,1],[597,-1],[615,-1],[616,1],[645,1],[667,1],[675,1],[676,1],[685,-1],[687,-1],[689,1],[713,-1],[722,-1],[725,1],[737,1],[775,1],[780,-1],[787,1],[793,-1],[801,-1],[821,-1],[826,-1],[829,1],[837,-1],[843,-1],[848,1],[862,1],[864,1],[866,1],[868,-1],[881,1],[894,-1],[908,1],[911,-1],[917,-1],[918,-1],[922,1],[926,-1],[942,-1],[945,1],[970,-1],[979,-1],[981,-1],[985,-1],[987,1],[994,1],[995,1],[1012,-1],[1013,-1],[1014,1],[1015,-1],[1027,-1],[1039,-1],[1071,1],[1082,1],[1083,-1],[1104,-1],[1113,1],[1120,-1],[1145,1],[1171,-1],[1173,1],[1179,1],[1197,-1],[1206,-1],[1220,1],[1241,-1],[1254,1],[1256,-1],[1264,-1]]","[40,68,100,14,28,16,82,112,51,12,87,88,85,99,27,44,119,95,59,66,93,6,50,10,91,45,118,105,114,71,30,39,9,60,65,56,70,116,76,5,117,69,3,20,92,31,43,34,8,42,0,79,22,107,19,62,113,102,47,104,72,83,29,101,32,4,103,84,23,111,55,57,115,67,37,109,86,33,96,73,18,26,2,38,64,61,7,36,52,90,110,74,17,94,13,11]","[166,173,143,147,127,179,234,194,211,122,156,212,204,130,230,181,219,131,178,151,185,237,182,145,167,189,176,191,221,141,207,223,128,175,132,135,222,138,215,169,180,193,239,163,170,148,200,146,136,123,134,184,126,201,120,197,162,196,161,140,220,158,164,205,192,210,186,139,124,238,144,218,203,165,171,160,129,154,229,206,226,187,208,142,233,149,150,125,228,159,137,224,188,174,236,152]",d76ac80ebacf8c0fb43c3fe8a337f46ab5e6f88a0e063a9e3e6e81a7da396c48,96,1230159386,2952498801,"[930070,7,5,0,120,200,26]",948270592,1918363426,[5],"{""5"":1}"
S7,7,930071,120,1.6770509831248424,5,,0,0.1,63,52,"[0,1,2,3,4,27,42,103,111,145,171,198,227,240,242,252,287,308,312,380,415,426,437,514,560,615,624,638,685,704,713,717,737,771,775,785,794,799,866,867,970,972,979,981,985,995,1000,1025,1145,1199,1276,1278]","[[0,1],[1,1],[2,-1],[3,1],[4,-1],[27,1],[42,1],[103,-1],[111,1],[145,-1],[171,-1],[198,-1],[227,-1],[240,1],[242,1],[252,1],[287,-1],[308,1],[312,1],[380,1],[415,1],[426,-1],[437,1],[514,1],[560,-1],[615,-1],[624,1],[638,1],[685,-1],[704,-1],[713,-1],[717,-1],[737,1],[771,-1],[775,1],[785,1],[794,1],[799,-1],[866,1],[867,-1],[970,-1],[972,1],[979,-1],[981,-1],[985,-1],[995,1],[1000,1],[1025,1],[1145,1],[1199,-1],[1276,1],[1278,1]]","[42,29,6,62,55,90,98,69,44,41,67,56,10,50,113,23,102,92,3,96,63,27,117,97,106,72,2,115,28,89,13,82,81,59,30,71,12,94,19,8,103,21,46,45,26,48,52,60,54,112,108,70,65,73,18,11,39,25,51,91,4,24,40,118,58,105,109,84,68,1,37,85,104,36,78,80,86,83,116,20,16,114,7,14,111,76,119,57,0,22,33,99,5,17,15,34]","[150,231,234,167,196,180,201,220,211,216,125,193,208,209,189,204,186,141,132,165,203,236,223,131,213,142,218,173,129,148,157,153,238,225,158,162,152,197,168,175,169,154,227,164,177,181,221,229,120,210,185,121,228,202,224,200,179,156,176,217,214,128,159,192,194,188,126,163,206,212,235,184,232,139,170,136,133,166,190,123,171,134,178,239,191,215,226,124,198,145,147,207,237,172,135,122]",193be12b11738307f442a655375fc21ae4f5bec284fddaec17062c934feba2ef,96,1064359200,1954364153,"[930071,7,5,0,120,200,26]",1460520974,1918363426,[5],"{""5"":0}"
S7,7,930072,120,1.6770509831248424,5,,0,0.1,61,38,"[0,1,2,3,4,27,98,220,259,302,308,312,333,433,437,438,539,571,685,705,713,794,808,841,866,883,908,926,942,985,990,995,1001,1028,1078,1145,1184,1269]","[[0,1],[1,1],[2,-1],[3,1],[4,-1],[27,1],[98,-1],[220,-1],[259,-1],[302,1],[308,1],[312,1],[333,1],[433,-1],[437,1],[438,-1],[539,-1],[571,-1],[685,-1],[705,-1],[713,-1],[794,1],[808,1],[841,-1],[866,1],[883,1],[908,1],[926,-1],[942,-1],[985,-1],[990,-1],[995,1],[1001,-1],[1028,-1],[1078,1],[1145,1],[1184,-1],[1269,1]]","[57,26,14,34,72,90,30,54,79,78,74,106,8,76,98,119,4,45,25,71,65,70,75,99,104,35,56,0,117,112,3,84,92,116,15,53,91,58,94,29,22,69,110,85,67,38,11,51,97,109,64,6,24,33,83,16,93,81,63,100,77,50,111,17,103,39,21,102,60,37,9,43,23,12,108,49,88,73,41,52,10,113,48,96,89,68,66,19,27,36,101,1,87,20,42,7]","[213,210,158,147,222,149,190,122,126,233,156,124,123,159,195,145,223,169,136,120,143,130,197,155,160,234,170,164,168,199,192,205,154,175,166,208,127,220,189,187,153,231,182,230,172,180,200,214,202,235,229,138,203,177,152,148,133,121,237,179,178,186,212,221,165,238,142,207,232,162,139,239,132,219,128,134,206,125,185,236,137,173,135,167,157,188,161,216,217,228,151,218,181,211,144,226]",6ba453853446fcc4210547868989eb819b0eb3742498a43ba212b0603ff8b927,96,2901408274,2173406914,"[930072,7,5,0,120,200,26]",648812525,1918363426,[5],"{""5"":0}"
S7,7,930073,120,1.6770509831248424,5,,0,0.1,78,58,"[0,1,2,3,4,77,91,103,114,145,157,158,198,227,242,267,285,297,340,426,437,443,507,514,624,638,675,713,717,780,817,818,832,848,862,868,881,905,908,926,942,970,979,995,1001,1021,1025,1026,1028,1039,1145,1171,1184,1219,1248,1250,1276,1278]","[[0,1],[1,1],[2,-1],[3,1],[4,-1],[77,1],[91,-1],[103,-1],[114,1],[145,-1],[157,-1],[158,1],[198,-1],[227,-1],[242,1],[267,1],[285,1],[297,-1],[340,-1],[426,-1],[437,1],[443,1],[507,-1],[514,1],[624,1],[638,1],[675,1],[713,-1],[717,-1],[780,-1],[817,1],[818,-1],[832,1],[848,1],[862,1],[868,-1],[881,1],[905,1],[908,1],[926,-1],[942,-1],[970,-1],[979,-1],[995,1],[1001,-1],[1021,1],[1025,1],[1026,-1],[1028,-1],[1039,-1],[1145,1],[1171,-1],[1184,-1],[1219,-1],[1248,-1],[1250,-1],[1276,1],[1278,1]]","[95,63,99,69,19,68,82,81,10,79,90,108,15,12,42,89,60,92,117,105,115,29,3,58,103,97,116,14,20,55,110,21,43,84,72,8,0,28,48,51,30,96,102,83,33,52,6,37,2,98,39,94,56,27,16,24,36,100,113,50,35,114,41,59,47,73,85,5,11,66,61,18,87,57,53,101,7,70,71,62,76,78,107,64,25,65,44,104,38,22,49,32,17,93,45,88]","[161,222,132,185,152,168,138,187,129,128,211,144,231,143,198,234,196,232,239,148,224,203,209,210,177,178,188,189,157,172,183,163,220,141,214,191,126,123,150,180,197,202,171,184,125,160,121,229,120,166,151,137,201,142,192,219,205,194,147,186,159,204,146,181,139,135,206,200,153,134,212,223,164,173,149,127,225,124,227,228,208,217,195,122,216,230,140,133,165,174,237,130,131,162,167,190]",7a8d15ad295412aeda70100022c50eee85f8f0e5cf1b2f1ba3f39773a26de952,96,3083216415,4119268289,"[930073,7,5,0,120,200,26]",4007037616,1918363426,[5],"{""5"":0}"
S7,7,930074,120,1.6770509831248424,5,,0,0.1,69,47,"[0,1,3,4,5,16,145,242,265,411,437,438,447,509,513,514,553,626,655,658,674,685,705,729,775,794,818,821,834,866,881,908,922,942,970,979,981,985,995,1025,1026,1056,1078,1082,1115,1184,1224]","[[0,1],[1,1],[3,1],[4,-1],[5,-1],[16,1],[145,-1],[242,1],[265,1],[411,1],[437,1],[438,-1],[447,1],[509,-1],[513,-1],[514,1],[553,1],[626,1],[655,-1],[658,1],[674,1],[685,-1],[705,-1],[729,1],[775,1],[794,1],[818,-1],[821,-1],[834,1],[866,1],[881,1],[908,1],[922,1],[942,-1],[970,-1],[979,-1],[981,-1],[985,-1],[995,1],[1025,1],[1026,-1],[1056,-1],[1078,1],[1082,1],[1115,1],[1184,-1],[1224,1]]","[78,72,113,67,18,106,40,23,116,60,89,31,79,92,34,48,93,28,99,84,73,15,17,25,119,117,41,42,75,5,108,98,87,46,11,101,104,103,13,2,118,81,0,55,45,111,114,39,63,82,37,64,100,109,110,9,58,66,6,76,24,95,51,47,29,105,102,10,62,33,96,22,115,97,80,1,54,14,19,36,20,49,56,91,32,74,26,88,52,90,7,3,44,50,21,27]","[224,160,132,159,239,141,226,152,222,163,130,153,199,193,207,229,211,181,127,169,166,197,175,174,192,189,165,151,212,154,232,135,204,198,235,202,156,137,180,147,179,173,220,209,142,219,138,203,223,136,188,157,225,167,228,238,155,143,221,217,194,148,164,201,227,208,171,190,185,170,146,215,123,187,134,121,162,126,184,234,191,122,158,186,131,177,195,206,236,237,233,218,129,230,124,145]",e00f918ec10c7d59165196415f27d332352f1745bfc682e38ea740c408ecc1ed,96,1124801016,3706532986,"[930074,7,5,0,120,200,26]",3154901157,1918363426,[5],"{""5"":-1}"
S7,7,930075,120,1.6770509831248424,5,,0,0.1,69,60,"[0,1,2,3,4,16,26,27,42,145,157,171,190,196,285,299,308,312,333,335,397,412,423,444,450,456,507,514,521,538,563,663,685,689,697,713,717,773,775,818,829,834,862,869,885,918,942,981,985,990,995,1001,1008,1012,1039,1082,1191,1214,1254,1278]","[[0,1],[1,1],[2,-1],[3,1],[4,-1],[16,1],[26,1],[27,1],[42,1],[145,-1],[157,-1],[171,-1],[190,-1],[196,1],[285,1],[299,-1],[308,1],[312,1],[333,1],[335,1],[397,-1],[412,-1],[423,-1],[444,1],[450,1],[456,1],[507,-1],[514,1],[521,-1],[538,1],[563,1],[663,-1],[685,-1],[689,1],[697,-1],[713,-1],[717,-1],[773,-1],[775,1],[818,-1],[829,1],[834,1],[862,1],[869,-1],[885,-1],[918,-1],[942,-1],[981,-1],[985,-1],[990,-1],[995,1],[1001,-1],[1008,-1],[1012,-1],[1039,-1],[1082,1],[1191,1],[1214,1],[1254,1],[1278,1]]","[94,62,97,25,75,2,33,92,11,20,109,46,83,71,47,111,10,113,88,35,90,57,50,40,85,73,107,31,116,12,3,77,78,44,27,36,118,63,9,96,61,6,22,117,74,0,14,26,100,15,87,89,55,95,8,48,101,108,41,29,76,13,17,53,32,102,114,51,37,103,34,19,115,79,4,38,82,68,65,42,1,70,110,54,58,23,106,84,45,98,24,72,91,64,86,30]","[127,140,235,237,199,137,145,227,228,151,197,213,146,187,147,211,169,155,212,160,171,182,139,191,231,172,154,156,126,222,144,157,173,230,210,229,180,198,201,215,164,170,141,153,120,166,183,190,176,218,135,234,121,217,184,134,216,129,193,236,208,167,181,202,168,159,132,125,150,179,133,196,194,162,165,122,185,158,130,220,233,175,195,186,128,200,207,206,203,148,177,188,221,224,174,226]",8edd778fcaa0bfea759b6a4f29c0bdf24f0076e85c9d10d77617488c744a0e45,96,1181091184,1606025876,"[930075,7,5,0,120,200,26]",960072551,1918363426,[5],"{""5"":0}"
S7,7,930076,120,1.6770509831248424,5,,0,0.1,72,48,"[0,1,2,3,4,42,79,85,145,186,198,252,270,312,314,412,437,470,505,507,563,585,586,598,607,713,717,737,794,837,848,869,942,970,994,995,1000,1006,1026,1050,1078,1114,1120,1145,1214,1224,1227,1256]","[[0,1],[1,1],[2,-1],[3,1],[4,-1],[42,1],[79,1],[85,-1],[145,-1],[186,-1],[198,-1],[252,1],[270,1],[312,1],[314,1],[412,-1],[437,1],[470,1],[505,-1],[507,-1],[563,1],[585,1],[586,-1],[598,-1],[607,-1],[713,-1],[717,-1],[737,1],[794,1],[837,-1],[848,1],[869,-1],[942,-1],[970,-1],[994,1],[995,1],[1000,1],[1006,-1],[1026,-1],[1050,1],[1078,1],[1114,1],[1120,-1],[1145,1],[1214,1],[1224,1],[1227,1],[1256,-1]]","[23,46,9,82,62,119,39,57,80,4,111,3,108,59,52,101,60,77,107,112,6,109,61,45,21,10,100,35,73,31,50,115,58,67,25,113,110,98,26,86,90,34,96,81,11,20,79,5,105,88,28,84,22,16,18,71,2,103,76,12,33,94,27,54,7,56,83,14,106,78,74,87,32,114,8,36,24,70,40,51,64,93,49,13,55,116,53,63,37,68,0,19,85,118,89,97]","[217,133,154,223,216,194,126,196,201,238,139,195,207,138,204,136,181,213,237,142,229,228,127,180,187,176,123,225,163,224,220,191,162,122,232,153,144,198,221,152,134,218,161,215,212,160,140,164,175,173,151,156,167,141,219,149,233,236,185,190,231,120,178,172,205,147,239,206,182,210,227,189,168,186,234,203,170,143,125,193,202,145,135,169,155,158,148,121,214,188,183,157,200,184,174,199]",19bf9752333727f46c3a1946e97a1f648e8b177d1b0f30208565f1c2f7f4206a,96,1672471311,352269815,"[930076,7,5,0,120,200,26]",3770069894,1918363426,[5],"{""5"":0}"
S7,7,930077,120,1.6770509831248424,5,,0,0.3,141,120,"[0,1,2,3,4,16,27,42,77,103,128,145,157,171,211,218,219,220,227,238,239,242,243,265,269,285,308,311,335,343,368,384,397,399,408,411,438,443,445,490,496,505,507,508,513,521,529,553,563,574,578,581,584,603,652,657,685,688,689,713,719,722,749,772,780,800,842,848,862,867,868,871,881,883,908,918,922,942,957,970,979,981,982,985,995,1000,1012,1021,1026,1028,1052,1068,1071,1078,1082,1083,1090,1098,1101,1120,1144,1145,1171,1172,1177,1179,1181,1184,1214,1224,1227,1241,1243,1248,1251,1254,1259,1269,1276,1278]","[[0,1],[1,1],[2,-1],[3,1],[4,-1],[16,1],[27,1],[42,1],[77,1],[103,-1],[128,-1],[145,-1],[157,-1],[171,-1],[211,1],[218,-1],[219,1],[220,-1],[227,-1],[238,1],[239,-1],[242,1],[243,1],[265,1],[269,-1],[285,1],[308,1],[311,-1],[335,1],[343,-1],[368,-1],[384,1],[397,-1],[399,-1],[408,-1],[411,1],[438,-1],[443,1],[445,1],[490,-1],[496,1],[505,-1],[507,-1],[508,-1],[513,-1],[521,-1],[529,1],[553,1],[563,1],[574,-1],[578,-1],[581,1],[584,1],[603,-1],[652,1],[657,1],[685,-1],[688,1],[689,1],[713,-1],[719,-1],[722,-1],[749,1],[772,-1],[780,-1],[800,-1],[842,1],[848,1],[862,1],[867,-1],[868,-1],[871,1],[881,1],[883,1],[908,1],[918,-1],[922,1],[942,-1],[957,-1],[970,-1],[979,-1],[981,-1],[982,1],[985,-1],[995,1],[1000,1],[1012,-1],[1021,1],[1026,-1],[1028,-1],[1052,-1],[1068,1],[1071,1],[1078,1],[1082,1],[1083,-1],[1090,1],[1098,1],[1101,1],[1120,-1],[1144,-1],[1145,1],[1171,-1],[1172,1],[1177,-1],[1179,1],[1181,1],[1184,-1],[1214,1],[1224,1],[1227,1],[1241,-1],[1243,-1],[1248,-1],[1251,-1],[1254,1],[1259,1],[1269,1],[1276,1],[1278,1]]","[17,8,90,40,47,87,6,26,52,96,77,43,106,119,78,118,108,18,69,65,81,60,28,112,38,4,95,75,116,35,74,70,33,104,55,102,114,13,51,111,93,23,105,91,41,54,32,0,7,14,16,5,98,59,103,85,44,62,64,66,100,21,73,56,86,71,24,79,94,84,68,29,15,45,97,110,80,3,30,58,109,27,83,61,82,48,42,88,11,34,49,2,67,12,20,46]","[160,131,227,233,155,123,215,209,190,218,170,199,231,140,192,204,225,177,212,186,196,122,194,195,191,238,171,185,149,222,141,120,182,236,221,136,174,217,175,133,211,153,134,162,157,239,219,232,168,127,201,138,144,163,164,130,200,189,165,161,147,150,207,187,152,226,167,154,193,224,125,198,158,213,129,156,214,216,229,143,237,230,132,166,145,228,148,188,202,139,210,137,223,234,124,178]",6f06830cf1879a55464632ba2879641cd8656b7336340190714cc108ec6f9096,96,2132035808,1943382037,"[930077,7,5,0,120,200,26]",4013300958,1918363426,[5],"{""5"":0}"
S7,7,930078,120,1.6770509831248424,5,,0,0.3,133,115,"[0,1,2,3,4,42,85,91,94,98,101,161,163,171,172,196,203,219,231,245,262,265,270,308,335,355,358,411,438,441,444,445,450,470,505,506,507,511,513,514,516,519,521,523,539,555,563,570,572,581,595,609,615,624,637,652,655,666,682,685,705,711,713,722,729,737,775,783,805,816,818,823,826,829,834,841,848,861,862,866,878,881,899,925,938,942,949,970,979,981,995,1000,1001,1006,1012,1026,1057,1062,1068,1071,1078,1082,1099,1141,1145,1148,1155,1175,1179,1214,1224,1226,1251,1276,1278]","[[0,1],[1,1],[2,-1],[3,1],[4,-1],[42,1],[85,-1],[91,-1],[94,-1],[98,-1],[101,-1],[161,1],[163,-1],[171,-1],[172,1],[196,1],[203,1],[219,1],[231,-1],[245,1],[262,-1],[265,1],[270,1],[308,1],[335,1],[355,1],[358,1],[411,1],[438,-1],[441,-1],[444,1],[445,1],[450,1],[470,1],[505,-1],[506,-1],[507,-1],[511,-1],[513,-1],[514,1],[516,1],[519,1],[521,-1],[523,1],[539,-1],[555,1],[563,1],[570,1],[572,1],[581,1],[595,1],[609,-1],[615,-1],[624,1],[637,-1],[652,1],[655,-1],[666,1],[682,1],[685,-1],[705,-1],[711,-1],[713,-1],[722,-1],[729,1],[737,1],[775,1],[783,1],[805,1],[816,-1],[818,-1],[823,1],[826,-1],[829,1],[834,1],[841,-1],[848,1],[861,-1],[862,1],[866,1],[878,1],[881,1],[899,1],[925,1],[938,1],[942,-1],[949,1],[970,-1],[979,-1],[981,-1],[995,1],[1000,1],[1001,-1],[1006,-1],[1012,-1],[1026,-1],[1057,1],[1062,1],[1068,1],[1071,1],[1078,1],[1082,1],[1099,1],[1141,1],[1145,1],[1148,1],[1155,1],[1175,1],[1179,1],[1214,1],[1224,1],[1226,-1],[1251,-1],[1276,1],[1278,1]]","[117,4,64,86,94,34,8,54,65,20,12,63,90,81,89,91,46,116,68,35,29,9,84,22,66,99,31,16,80,41,49,108,1,2,100,3,82,106,25,52,107,14,30,23,119,45,18,71,51,77,55,50,38,69,6,57,58,109,115,28,112,21,37,61,95,33,48,42,72,85,13,103,102,60,26,70,87,62,92,118,15,114,78,5,19,17,97,101,36,98,56,73,96,110,47,75]","[203,148,195,197,176,196,132,211,191,154,142,137,165,167,210,229,152,131,225,199,235,202,239,156,181,227,121,175,234,173,226,193,130,186,145,207,153,230,123,228,136,144,158,125,217,160,224,214,215,213,221,232,133,183,150,238,134,216,129,208,151,169,168,209,155,126,143,170,237,163,157,204,194,182,138,179,171,124,140,120,146,188,223,187,172,185,190,149,177,222,161,200,141,135,164,198]",88aee7d2e513eef0790ba33bb2e5da071af52f12c3e7e0fbb1101061d694925a,96,1590723171,3570877083,"[930078,7,5,0,120,200,26]",1346402012,1918363426,[5],"{""5"":0}"
S7,7,930079,120,1.6770509831248424,5,,0,0.3,129,107,"[0,1,2,3,4,26,27,42,145,166,168,196,204,206,209,218,219,231,237,238,239,242,259,263,265,282,308,311,312,316,335,340,367,368,380,415,420,438,443,445,448,452,468,470,483,502,505,507,514,521,563,574,581,582,586,588,595,616,624,638,652,658,681,685,689,702,772,775,793,794,801,810,821,848,862,866,876,881,903,918,926,942,962,966,970,979,981,985,987,995,1003,1021,1025,1050,1071,1078,1113,1115,1130,1132,1137,1145,1184,1227,1254,1276,1278]","[[0,1],[1,1],[2,-1],[3,1],[4,-1],[26,1],[27,1],[42,1],[145,-1],[166,-1],[168,-1],[196,1],[204,1],[206,-1],[209,1],[218,-1],[219,1],[231,-1],[237,-1],[238,1],[239,-1],[242,1],[259,-1],[263,1],[265,1],[282,1],[308,1],[311,-1],[312,1],[316,1],[335,1],[340,-1],[367,1],[368,-1],[380,1],[415,1],[420,-1],[438,-1],[443,1],[445,1],[448,-1],[452,1],[468,-1],[470,1],[483,-1],[502,1],[505,-1],[507,-1],[514,1],[521,-1],[563,1],[574,-1],[581,1],[582,-1],[586,-1],[588,1],[595,1],[616,1],[624,1],[638,1],[652,1],[658,1],[681,-1],[685,-1],[689,1],[702,1],[772,-1],[775,1],[793,-1],[794,1],[801,-1],[810,1],[821,-1],[848,1],[862,1],[866,1],[876,-1],[881,1],[903,1],[918,-1],[926,-1],[942,-1],[962,-1],[966,-1],[970,-1],[979,-1],[981,-1],[985,-1],[987,1],[995,1],[1003,1],[1021,1],[1025,1],[1050,1],[1071,1],[1078,1],[1113,1],[1115,1],[1130,-1],[1132,-1],[1137,1],[1145,1],[1184,-1],[1227,1],[1254,1],[1276,1],[1278,1]]","[27,18,102,7,119,48,54,92,89,26,60,22,62,117,88,50,97,68,114,46,82,103,32,57,107,29,64,51,87,9,17,116,37,42,53,59,76,43,85,94,40,113,5,79,1,52,100,47,49,95,77,99,61,93,38,23,15,73,81,16,101,110,41,105,86,3,31,24,19,44,36,28,35,11,39,104,111,34,6,96,90,33,72,30,91,66,67,65,71,112,0,70,84,58,83,25]","[146,232,185,134,157,127,158,192,128,209,181,126,210,143,138,236,148,155,122,163,221,200,151,218,136,169,212,231,233,194,182,177,202,140,154,220,203,214,144,121,211,188,186,168,179,204,229,137,166,141,226,227,207,205,234,139,230,145,152,133,199,130,196,206,224,184,156,191,150,180,225,171,129,131,135,216,197,170,195,219,201,162,164,189,159,161,223,176,235,178,172,124,123,228,238,120]",fbfa002c33a5e7ead68cc19fe309438f44a06c280f1dc4763fc0dde61101dbd2,96,545849199,3362213226,"[930079,7,5,0,120,200,26]",1820995502,1918363426,[5],"{""5"":0}"
S7,7,930080,120,1.6770509831248424,5,,0,0.1,66,52,"[0,1,2,3,4,27,48,79,145,209,297,308,311,335,348,397,415,514,581,591,652,658,713,714,810,829,834,837,861,903,936,942,951,970,979,985,995,1001,1025,1050,1062,1078,1102,1120,1145,1178,1179,1196,1243,1254,1276,1278]","[[0,1],[1,1],[2,-1],[3,1],[4,-1],[27,1],[48,1],[79,1],[145,-1],[209,1],[297,-1],[308,1],[311,-1],[335,1],[348,-1],[397,-1],[415,1],[514,1],[581,1],[591,1],[652,1],[658,1],[713,-1],[714,1],[810,1],[829,1],[834,1],[837,-1],[861,-1],[903,1],[936,1],[942,-1],[951,-1],[970,-1],[979,-1],[985,-1],[995,1],[1001,-1],[1025,1],[1050,1],[1062,1],[1078,1],[1102,1],[1120,-1],[1145,1],[1178,1],[1179,1],[1196,-1],[1243,-1],[1254,1],[1276,1],[1278,1]]","[56,116,46,59,35,86,77,113,12,32,38,4,69,117,2,101,118,103,66,18,39,45,24,54,95,96,80,15,17,74,82,112,41,31,53,25,85,92,11,23,49,98,119,104,8,71,68,88,91,43,114,58,83,36,9,105,37,79,109,87,89,10,34,48,14,55,106,67,1,60,108,22,65,21,111,110,30,0,3,102,75,99,70,107,73,20,78,47,7,52,76,81,62,19,63,94]","[200,141,126,190,170,196,173,188,238,150,192,179,204,181,157,120,143,129,124,127,205,218,183,154,177,139,212,178,228,219,235,222,211,208,206,203,214,231,122,236,142,164,168,165,195,137,171,166,180,191,133,224,151,209,194,230,201,176,155,202,237,233,146,175,174,148,159,123,217,138,182,156,189,162,172,125,132,226,198,223,210,239,153,161,234,147,128,135,160,134,136,213,187,227,229,184]",d818ff90fbdaf49477439e286990e1db627f9ec5811a8a32d9460ccc5b404e59,96,2089363033,3091266696,"[930080,7,5,0,120,200,26]",633075099,1918363426,[5],"{""5"":0}"
S7,7,930081,120,1.6770509831248424,5,,0,0.1,64,51,"[0,1,2,3,4,42,54,73,91,108,150,168,227,242,247,285,308,312,437,438,444,452,507,509,511,595,658,663,685,801,810,818,829,866,925,942,970,971,985,995,1000,1001,1025,1056,1078,1120,1145,1184,1254,1256,1278]","[[0,1],[1,1],[2,-1],[3,1],[4,-1],[42,1],[54,-1],[73,-1],[91,-1],[108,-1],[150,-1],[168,-1],[227,-1],[242,1],[247,-1],[285,1],[308,1],[312,1],[437,1],[438,-1],[444,1],[452,1],[507,-1],[509,-1],[511,-1],[595,1],[658,1],[663,-1],[685,-1],[801,-1],[810,1],[818,-1],[829,1],[866,1],[925,1],[942,-1],[970,-1],[971,1],[985,-1],[995,1],[1000,1],[1001,-1],[1025,1],[1056,-1],[1078,1],[1120,-1],[1145,1],[1184,-1],[1254,1],[1256,-1],[1278,1]]","[69,96,89,79,12,82,21,27,22,14,115,113,65,56,19,50,49,88,108,58,106,103,60,86,112,44,8,64,29,13,101,16,20,84,68,30,92,28,104,11,51,7,70,25,111,62,35,52,46,47,61,119,71,18,0,26,67,42,80,72,117,83,37,85,5,6,81,105,78,33,1,116,107,15,23,41,90,74,109,73,43,55,118,53,36,91,32,75,77,110,76,87,114,100,9,54]","[204,190,148,157,139,152,172,121,222,224,232,211,162,145,153,231,229,236,184,223,191,128,208,154,169,142,158,186,147,185,196,238,180,215,203,155,156,200,199,221,193,151,206,168,163,228,149,165,160,146,166,174,235,141,205,159,181,125,126,131,143,164,170,197,187,195,214,201,124,134,123,217,209,188,216,227,230,182,225,183,144,220,137,202,198,226,207,150,176,167,132,161,218,239,234,194]",793f3c86c0b364a90f321aa43b18d25e6d33e60190a66ea5e6c74d632dacc025,96,762886440,2656267976,"[930081,7,5,0,120,200,26]",1128012031,1918363426,[5],"{""5"":0}"
S7,7,930082,120,1.6770509831248424,5,,0,0.1,78,49,"[0,1,2,3,4,145,198,227,242,333,380,397,408,437,470,514,560,563,595,598,647,652,705,771,775,794,834,866,875,881,903,908,917,923,942,951,979,981,995,1006,1026,1120,1132,1139,1141,1147,1184,1224,1278]","[[0,1],[1,1],[2,-1],[3,1],[4,-1],[145,-1],[198,-1],[227,-1],[242,1],[333,1],[380,1],[397,-1],[408,-1],[437,1],[470,1],[514,1],[560,-1],[563,1],[595,1],[598,-1],[647,1],[652,1],[705,-1],[771,-1],[775,1],[794,1],[834,1],[866,1],[875,1],[881,1],[903,1],[908,1],[917,-1],[923,1],[942,-1],[951,-1],[979,-1],[981,-1],[995,1],[1006,-1],[1026,-1],[1120,-1],[1132,-1],[1139,-1],[1141,1],[1147,1],[1184,-1],[1224,1],[1278,1]]","[119,36,18,17,45,59,64,95,49,73,7,24,35,101,3,52,71,111,51,104,76,20,85,66,47,57,72,44,41,22,63,96,67,50,80,87,9,70,78,25,83,99,82,39,5,16,102,88,116,77,115,38,117,68,65,118,93,0,8,46,32,1,12,108,28,31,6,60,75,26,112,74,2,37,10,62,14,55,15,81,97,91,30,23,11,100,4,33,103,13,53,27,43,113,54,42]","[224,175,198,206,192,176,233,140,178,229,235,239,162,164,185,120,138,201,127,124,225,145,218,150,134,142,155,223,231,157,200,188,236,147,160,221,195,182,228,166,169,129,171,144,173,149,154,167,222,184,210,143,152,136,123,177,196,203,181,199,135,234,122,230,214,163,151,126,170,197,146,130,209,208,183,226,168,133,153,220,202,172,121,193,212,148,215,237,159,232,158,128,131,205,227,132]",2f6e1f3f921ddf2e2f4cc6fdf10434af0c5330d5e3e584da9d3e29f1e384dfc7,96,1126946008,263213944,"[930082,7,5,0,120,200,26]",328761544,1918363426,[5],"{""5"":0}"
S7,7,930083,120,1.6770509831248424,5,,0,0.1,71,52,"[0,1,2,3,4,26,27,42,77,94,157,171,219,220,242,259,308,333,412,423,437,438,508,513,568,570,604,626,652,675,685,713,742,772,794,834,866,868,908,918,942,951,970,979,985,995,1025,1071,1104,1145,1219,1278]","[[0,1],[1,1],[2,-1],[3,1],[4,-1],[26,1],[27,1],[42,1],[77,1],[94,-1],[157,-1],[171,-1],[219,1],[220,-1],[242,1],[259,-1],[308,1],[333,1],[412,-1],[423,-1],[437,1],[438,-1],[508,-1],[513,-1],[568,1],[570,1],[604,1],[626,1],[652,1],[675,1],[685,-1],[713,-1],[742,1],[772,-1],[794,1],[834,1],[866,1],[868,-1],[908,1],[918,-1],[942,-1],[951,-1],[970,-1],[979,-1],[985,-1],[995,1],[1025,1],[1071,1],[1104,-1],[1145,1],[1219,-1],[1278,1]]","[61,87,82,68,51,70,37,52,4,66,29,12,113,1,49,40,107,96,39,34,31,60,101,99,27,42,54,88,69,86,103,6,98,32,92,112,89,14,81,18,117,41,13,17,67,111,90,10,53,35,94,62,33,63,57,77,56,97,23,100,104,0,11,47,85,106,72,3,8,48,45,84,50,78,74,80,20,38,21,64,19,119,59,76,95,44,7,46,109,2,79,102,15,28,25,65]","[177,123,209,149,228,158,140,120,223,168,196,131,175,150,187,203,153,213,171,148,221,233,199,230,226,224,169,141,139,134,183,146,170,167,197,194,201,159,178,147,165,220,205,195,124,132,174,186,236,235,162,210,154,160,207,202,190,217,164,142,151,173,211,163,128,184,229,180,192,181,212,179,227,222,126,127,161,166,234,130,204,237,143,182,135,225,133,189,191,176,136,215,137,121,193,232]",ca72dc3f114f3f0c9e88fb0df1b2bed944c353d86f782e8ce4b936143b25db92,96,3069060622,3789886879,"[930083,7,5,0,120,200,26]",3116278444,1918363426,[5],"{""5"":0}"
S7,7,930084,120,1.6770509831248424,5,,0,0.1,69,49,"[0,1,2,3,4,26,27,42,54,73,157,198,214,227,308,311,333,355,408,415,437,456,521,570,580,632,674,697,710,713,737,772,829,837,866,881,908,970,979,981,985,995,997,1078,1079,1101,1120,1145,1278]","[[0,1],[1,1],[2,-1],[3,1],[4,-1],[26,1],[27,1],[42,1],[54,-1],[73,-1],[157,-1],[198,-1],[214,-1],[227,-1],[308,1],[311,-1],[333,1],[355,1],[408,-1],[415,1],[437,1],[456,1],[521,-1],[570,1],[580,1],[632,1],[674,1],[697,-1],[710,1],[713,-1],[737,1],[772,-1],[829,1],[837,-1],[866,1],[881,1],[908,1],[970,-1],[979,-1],[981,-1],[985,-1],[995,1],[997,1],[1078,1],[1079,-1],[1101,1],[1120,-1],[1145,1],[1278,1]]","[118,105,113,75,100,48,89,67,98,79,70,15,17,22,12,69,33,3,35,106,88,11,82,87,41,103,116,14,46,36,80,40,21,9,20,31,23,38,111,93,8,16,29,1,78,81,13,90,115,76,95,109,77,7,53,52,60,66,50,91,101,58,92,99,6,112,110,26,45,61,73,42,2,47,43,57,5,96,64,44,102,4,34,25,68,62,49,56,51,0,63,37,114,59,83,32]","[217,183,140,201,152,193,211,146,203,231,210,168,200,158,192,239,189,151,222,145,228,142,181,136,197,188,218,176,156,235,150,124,165,233,175,141,236,122,184,149,138,173,204,133,209,237,139,206,196,226,190,171,132,227,144,135,198,202,238,232,160,159,205,166,187,191,121,137,221,167,212,157,134,129,143,120,179,131,234,224,147,123,178,195,126,153,128,207,185,199,220,174,127,130,208,214]",898c2031522bc756048952b5fa92bf77a39caa432a8db67c7653ecdf21a5e674,96,952997170,3077256464,"[930084,7,5,0,120,200,26]",896641330,1918363426,[5],"{""5"":0}"
S7,7,930085,120,1.6770509831248424,5,,0,0.3,129,112,"[0,1,2,3,4,5,10,42,77,88,103,115,143,157,165,193,198,227,239,242,253,257,268,285,286,296,308,310,311,333,340,355,368,397,411,414,420,423,426,450,454,463,467,510,524,552,553,563,570,578,581,585,591,596,598,638,639,645,649,658,667,678,681,685,704,708,713,740,752,760,775,777,794,796,808,816,818,834,836,837,848,853,867,875,881,901,918,928,942,979,981,985,991,995,1024,1026,1028,1030,1032,1047,1078,1082,1120,1139,1144,1173,1200,1214,1220,1248,1254,1256]","[[0,1],[1,1],[2,-1],[3,1],[4,-1],[5,1],[10,1],[42,1],[77,1],[88,1],[103,-1],[115,1],[143,1],[157,-1],[165,-1],[193,1],[198,-1],[227,-1],[239,-1],[242,1],[253,1],[257,1],[268,-1],[285,1],[286,-1],[296,-1],[308,1],[310,-1],[311,-1],[333,1],[340,-1],[355,1],[368,-1],[397,-1],[411,1],[414,1],[420,-1],[423,-1],[426,-1],[450,1],[454,-1],[463,1],[467,-1],[510,-1],[524,1],[552,1],[553,1],[563,1],[570,1],[578,-1],[581,1],[585,1],[591,1],[596,-1],[598,-1],[638,1],[639,-1],[645,1],[649,-1],[658,1],[667,1],[678,-1],[681,-1],[685,-1],[704,-1],[708,-1],[713,-1],[740,1],[752,1],[760,-1],[775,1],[777,-1],[794,1],[796,-1],[808,1],[816,-1],[818,-1],[834,1],[836,1],[837,-1],[848,1],[853,1],[867,-1],[875,1],[881,1],[901,-1],[918,-1],[928,1],[942,-1],[979,-1],[981,-1],[985,-1],[991,1],[995,1],[1024,-1],[1026,-1],[1028,-1],[1030,1],[1032,-1],[1047,-1],[1078,1],[1082,1],[1120,-1],[1139,-1],[1144,-1],[1173,1],[1200,1],[1214,1],[1220,1],[1248,-1],[1254,1],[1256,-1]]","[79,10,56,113,55,5,105,70,52,47,92,91,61,32,98,31,103,33,88,50,22,78,108,37,40,115,93,74,83,35,76,51,106,101,72,28,34,62,7,81,100,97,11,23,114,118,66,16,89,43,59,38,69,14,117,75,46,90,60,64,25,48,18,107,29,65,119,102,27,42,77,45,8,6,85,54,104,44,95,19,1,86,71,30,20,21,84,58,3,67,109,39,9,110,111,96]","[207,146,226,178,149,164,222,212,121,134,230,147,167,177,210,143,197,198,158,132,206,142,200,190,218,233,154,160,156,219,166,151,172,191,227,203,135,196,130,140,162,238,152,183,217,211,208,223,189,235,221,127,228,179,220,194,169,188,161,174,224,129,159,137,175,193,171,150,170,192,124,182,145,126,168,165,237,213,176,131,232,155,215,216,128,122,141,214,225,136,163,201,195,239,120,148]",2d88f0efea2a88f1bf011027dfb5d5ba74ee0092d5db6c9e12b0dfb41ce40508,96,799127798,1802659912,"[930085,7,5,0,120,200,26]",3302871055,1918363426,[5],"{""5"":1}"
S7,7,930086,120,1.6770509831248424,5,,0,0.1,63,44,"[0,1,2,3,4,11,98,108,145,157,196,198,272,297,335,346,355,397,433,437,507,521,535,563,581,647,681,704,737,794,800,861,866,868,881,942,970,979,981,995,1028,1078,1101,1254]","[[0,1],[1,1],[2,-1],[3,1],[4,-1],[11,1],[98,-1],[108,-1],[145,-1],[157,-1],[196,1],[198,-1],[272,1],[297,-1],[335,1],[346,1],[355,1],[397,-1],[433,-1],[437,1],[507,-1],[521,-1],[535,1],[563,1],[581,1],[647,1],[681,-1],[704,-1],[737,1],[794,1],[800,-1],[861,-1],[866,1],[868,-1],[881,1],[942,-1],[970,-1],[979,-1],[981,-1],[995,1],[1028,-1],[1078,1],[1101,1],[1254,1]]","[84,63,35,53,87,82,34,99,73,29,32,75,9,91,90,72,40,1,14,10,11,21,48,51,8,65,20,6,68,38,41,112,92,105,86,59,15,25,16,31,76,74,62,44,115,55,119,117,88,98,3,0,96,60,5,103,24,85,102,77,56,69,13,26,116,58,101,4,106,108,110,49,111,83,27,61,89,50,52,66,104,12,81,7,67,94,70,45,47,107,79,19,28,43,57,95]","[183,138,213,143,153,173,217,227,128,152,127,223,129,208,198,232,154,222,171,203,214,182,145,178,151,211,202,176,201,188,206,163,233,225,134,157,120,170,200,164,146,212,147,218,133,139,231,132,196,230,199,228,165,126,161,169,175,197,210,215,194,238,150,159,184,172,207,131,226,224,192,121,167,124,149,174,125,236,185,155,181,189,220,123,219,168,144,140,237,130,195,177,186,158,135,229]",532fb7b6636d027ded9c2f8c155f1ea83903839c6a6080d30b079f8ddbf11a67,96,1740998992,1802190754,"[930086,7,5,0,120,200,26]",2800243801,1918363426,[5],"{""5"":0}"
S7,7,930087,120,1.6770509831248424,5,,0,0.1,70,55,"[0,1,2,3,4,5,26,27,82,116,157,171,196,198,227,239,242,244,287,297,312,333,423,438,445,450,483,543,563,581,595,624,658,713,717,775,781,816,818,834,848,866,885,942,985,995,1001,1025,1026,1045,1057,1062,1078,1120,1175]","[[0,1],[1,1],[2,-1],[3,1],[4,-1],[5,-1],[26,1],[27,1],[82,1],[116,1],[157,-1],[171,-1],[196,1],[198,-1],[227,-1],[239,-1],[242,1],[244,-1],[287,-1],[297,-1],[312,1],[333,1],[423,-1],[438,-1],[445,1],[450,1],[483,-1],[543,-1],[563,1],[581,1],[595,1],[624,1],[658,1],[713,-1],[717,-1],[775,1],[781,1],[816,-1],[818,-1],[834,1],[848,1],[866,1],[885,-1],[942,-1],[985,-1],[995,1],[1001,-1],[1025,1],[1026,-1],[1045,-1],[1057,1],[1062,1],[1078,1],[1120,-1],[1175,1]]","[14,97,86,55,99,118,69,37,0,44,4,117,31,66,53,61,115,13,83,76,45,5,89,116,34,54,35,90,36,6,102,106,65,103,104,9,42,27,72,30,25,114,16,78,41,62,18,59,17,60,8,56,49,3,11,70,107,38,75,74,46,119,52,82,26,100,93,112,84,21,105,47,28,15,57,50,39,109,96,67,68,108,1,98,77,58,88,64,81,110,111,63,40,48,92,2]","[146,200,179,230,193,189,227,199,121,134,163,128,122,229,222,139,191,154,176,196,153,211,215,183,150,136,202,130,187,125,216,237,126,234,209,207,185,149,206,218,182,172,144,159,181,217,151,195,214,143,232,161,203,160,204,201,197,162,158,205,177,175,188,155,223,219,138,137,170,225,132,141,221,157,198,148,166,190,131,145,140,120,127,212,171,135,194,124,173,133,147,213,152,220,165,142]",7a2ca9886af017032282cb1956c96053b892f39136ccde5620e5be4e8d85fa70,96,3965384729,3176128235,"[930087,7,5,0,120,200,26]",3173373217,1918363426,[5],"{""5"":-1}"
S7,7,930088,120,1.6770509831248424,5,,0,0.1,73,52,"[0,1,2,3,4,47,163,165,196,198,227,252,259,308,312,364,380,412,426,438,471,505,507,574,581,590,658,729,810,829,862,866,867,871,875,881,883,942,951,970,979,981,985,991,1001,1071,1078,1098,1145,1241,1276,1278]","[[0,1],[1,1],[2,-1],[3,1],[4,-1],[47,1],[163,-1],[165,-1],[196,1],[198,-1],[227,-1],[252,1],[259,-1],[308,1],[312,1],[364,-1],[380,1],[412,-1],[426,-1],[438,-1],[471,1],[505,-1],[507,-1],[574,-1],[581,1],[590,-1],[658,1],[729,1],[810,1],[829,1],[862,1],[866,1],[867,-1],[871,1],[875,1],[881,1],[883,1],[942,-1],[951,-1],[970,-1],[979,-1],[981,-1],[985,-1],[991,1],[1001,-1],[1071,1],[1078,1],[1098,1],[1145,1],[1241,-1],[1276,1],[1278,1]]","[15,51,28,69,50,68,89,94,92,54,5,37,44,95,61,118,112,102,8,1,84,55,40,71,33,74,117,23,13,49,20,22,46,79,43,14,83,100,65,105,96,10,6,67,70,62,41,47,104,113,77,108,26,35,60,107,25,110,116,93,12,109,99,4,78,7,21,85,3,30,76,56,98,59,101,115,80,45,27,97,31,72,34,86,82,39,11,36,119,32,58,9,111,42,73,87]","[124,188,145,223,214,163,128,164,222,186,179,196,129,142,189,134,167,220,172,144,197,175,234,174,139,236,171,157,177,229,122,239,154,228,182,181,160,183,200,238,173,136,195,159,211,215,166,203,194,218,169,150,232,148,176,127,147,178,156,217,161,202,233,125,137,141,204,135,198,152,210,121,191,227,231,120,170,130,143,187,140,165,224,208,123,180,206,138,158,151,192,133,212,226,168,213]",dd4e40ba6443840d88e7ba41e35e6b49e66d53007f1e45b6f5e23518a9dae90d,96,1041117125,1466106859,"[930088,7,5,0,120,200,26]",1063630277,1918363426,[5],"{""5"":0}"
S7,7,930089,120,1.6770509831248424,5,,0,0.1,63,49,"[0,1,2,3,4,27,42,77,145,198,209,236,242,310,311,312,380,397,423,448,450,456,538,586,595,658,685,704,775,810,862,908,970,979,981,985,994,995,1006,1008,1018,1078,1115,1145,1177,1199,1220,1254,1278]","[[0,1],[1,1],[2,-1],[3,1],[4,-1],[27,1],[42,1],[77,1],[145,-1],[198,-1],[209,1],[236,1],[242,1],[310,-1],[311,-1],[312,1],[380,1],[397,-1],[423,-1],[448,-1],[450,1],[456,1],[538,1],[586,-1],[595,1],[658,1],[685,-1],[704,-1],[775,1],[810,1],[862,1],[908,1],[970,-1],[979,-1],[981,-1],[985,-1],[994,1],[995,1],[1006,-1],[1008,-1],[1018,-1],[1078,1],[1115,1],[1145,1],[1177,-1],[1199,-1],[1220,1],[1254,1],[1278,1]]","[110,40,111,33,97,67,86,59,90,82,54,101,7,25,31,30,14,20,6,68,50,78,57,73,80,51,48,108,1,27,32,64,70,105,77,15,103,52,74,55,49,93,89,118,79,5,65,62,96,109,85,24,18,107,8,63,113,104,22,4,75,16,28,46,53,84,83,3,76,58,94,71,43,42,119,13,17,29,47,35,39,99,19,11,26,44,38,72,37,41,102,12,69,23,100,98]","[230,124,165,195,139,174,207,154,223,173,177,187,126,128,162,134,153,229,205,142,138,224,200,197,122,236,170,228,123,209,160,125,213,189,199,149,215,211,237,164,180,227,239,198,133,232,178,166,235,212,155,208,190,127,185,225,216,221,181,151,182,176,161,203,191,188,171,137,192,238,172,202,163,226,222,146,179,204,193,169,167,136,220,143,130,196,217,148,159,131,135,186,210,141,157,175]",5e5635a0d68bf72e22877ba711d134ea5c6c859efb325cf0ebb9540f423506af,96,1177597636,3519392812,"[930089,7,5,0,120,200,26]",1493159566,1918363426,[5],"{""5"":0}"
S7,7,930090,120,1.6770509831248424,5,,0,0.1,69,44,"[0,1,2,3,4,5,16,27,42,116,133,145,171,196,219,259,272,335,380,480,513,514,535,582,587,595,658,739,775,801,821,866,908,926,942,946,979,995,1001,1012,1014,1139,1145,1248]","[[0,1],[1,1],[2,-1],[3,1],[4,-1],[5,1],[16,1],[27,1],[42,1],[116,1],[133,-1],[145,-1],[171,-1],[196,1],[219,1],[259,-1],[272,1],[335,1],[380,1],[480,-1],[513,-1],[514,1],[535,1],[582,-1],[587,-1],[595,1],[658,1],[739,1],[775,1],[801,-1],[821,-1],[866,1],[908,1],[926,-1],[942,-1],[946,1],[979,-1],[995,1],[1001,-1],[1012,-1],[1014,1],[1139,-1],[1145,1],[1248,-1]]","[71,104,83,77,4,87,80,95,33,117,21,82,90,64,65,88,11,37,62,12,30,53,17,75,42,103,36,27,63,60,19,81,40,0,74,25,85,61,59,5,34,108,110,105,86,28,39,78,13,48,91,73,2,31,66,119,35,46,111,72,3,112,68,44,113,106,16,26,99,101,97,49,58,7,93,92,22,29,107,6,55,115,15,18,52,38,116,67,70,14,118,109,50,69,57,1]","[120,231,152,131,186,218,238,187,151,185,239,161,153,121,182,128,212,125,228,232,166,213,134,195,207,170,148,175,138,135,174,129,196,164,201,177,130,227,137,221,214,188,176,233,191,145,132,127,193,140,199,235,204,211,189,158,229,146,203,168,124,123,210,136,155,171,205,159,162,157,183,198,126,156,194,181,200,197,165,192,172,178,150,217,141,190,206,222,202,225,167,184,122,154,209,215]",35f370e4f85ae60f65974574f805c9d4f4aad4ee3209db3dc086ad883835e082,96,184847766,2575744522,"[930090,7,5,0,120,200,26]",1247215370,1918363426,[5],"{""5"":1}"
S7,7,930091,120,1.6770509831248424,5,,0,0.1,59,56,"[0,1,2,3,4,5,27,85,108,114,131,145,157,196,242,252,263,272,308,411,437,438,444,447,460,514,535,538,563,581,595,658,689,713,717,834,848,866,918,942,970,981,995,1001,1011,1026,1027,1078,1101,1139,1145,1227,1243,1254,1262,1276]","[[0,1],[1,1],[2,-1],[3,1],[4,-1],[5,1],[27,1],[85,-1],[108,-1],[114,1],[131,-1],[145,-1],[157,-1],[196,1],[242,1],[252,1],[263,1],[272,1],[308,1],[411,1],[437,1],[438,-1],[444,1],[447,1],[460,1],[514,1],[535,1],[538,1],[563,1],[581,1],[595,1],[658,1],[689,1],[713,-1],[717,-1],[834,1],[848,1],[866,1],[918,-1],[942,-1],[970,-1],[981,-1],[995,1],[1001,-1],[1011,-1],[1026,-1],[1027,-1],[1078,1],[1101,1],[1139,-1],[1145,1],[1227,1],[1243,-1],[1254,1],[1262,-1],[1276,1]]","[0,4,85,43,93,19,111,88,7,118,49,18,119,84,64,100,79,112,15,72,94,89,105,3,11,58,103,22,33,75,31,20,28,117,110,48,82,23,51,67,97,59,40,109,50,41,27,10,60,81,13,71,69,16,25,29,61,8,42,106,14,114,12,21,55,107,77,1,36,101,78,32,62,54,98,92,87,91,86,44,52,63,68,57,83,46,38,115,104,24,56,35,6,99,39,80]","[133,170,153,188,143,228,196,189,194,140,195,182,120,131,157,160,238,125,197,178,235,159,149,158,142,239,166,237,231,214,190,151,224,192,174,130,222,236,156,191,209,127,221,202,163,181,144,216,152,137,234,129,128,135,211,207,134,206,141,176,161,172,173,147,168,154,132,199,165,233,177,205,198,215,219,164,145,175,220,193,167,146,155,213,179,203,217,150,185,232,122,123,208,223,139,229]",07080d2b2fb4f031ca43ae8ce303aa11c27f43b4d79e688108a7d75672461514,96,4087135888,802988284,"[930091,7,5,0,120,200,26]",1878408366,1918363426,[5],"{""5"":1}"
S7,7,930092,120,1.6770509831248424,5,,0,0.1,65,59,"[0,1,2,3,4,5,16,27,42,73,114,145,157,158,171,227,244,308,312,316,355,380,438,444,513,578,582,595,674,675,676,685,737,771,775,801,829,834,862,879,883,908,926,942,951,970,979,981,985,995,997,1025,1039,1071,1078,1101,1145,1211,1278]","[[0,1],[1,1],[2,-1],[3,1],[4,-1],[5,-1],[16,1],[27,1],[42,1],[73,-1],[114,1],[145,-1],[157,-1],[158,1],[171,-1],[227,-1],[244,-1],[308,1],[312,1],[316,1],[355,1],[380,1],[438,-1],[444,1],[513,-1],[578,-1],[582,-1],[595,1],[674,1],[675,1],[676,1],[685,-1],[737,1],[771,-1],[775,1],[801,-1],[829,1],[834,1],[862,1],[879,1],[883,1],[908,1],[926,-1],[942,-1],[951,-1],[970,-1],[979,-1],[981,-1],[985,-1],[995,1],[997,1],[1025,1],[1039,-1],[1071,1],[1078,1],[1101,1],[1145,1],[1211,1],[1278,1]]","[63,119,59,27,33,55,28,47,21,12,11,76,91,100,3,113,13,7,30,60,79,5,29,93,4,77,0,105,99,37,81,57,98,14,58,9,72,22,111,69,78,2,49,43,114,115,38,51,109,83,80,62,95,82,40,54,41,18,88,112,61,17,24,26,73,116,15,71,34,20,36,46,48,102,89,53,6,104,68,65,67,66,70,117,19,118,90,85,107,25,103,86,50,97,96,44]","[156,161,139,141,214,149,173,207,224,230,135,201,157,147,194,174,184,206,215,209,202,145,152,185,158,189,199,231,232,151,203,219,133,150,200,154,126,122,127,221,163,128,125,213,182,239,188,166,171,237,177,172,220,134,137,131,144,228,216,162,235,191,123,222,190,180,175,167,165,176,130,208,181,210,193,217,204,148,168,197,155,169,226,129,178,238,218,236,183,233,140,160,121,138,229,192]",621b6c96e393447b203c88b870195c5da77c2083d579b2ad03de06c42ec8d93c,96,3655433331,3126381398,"[930092,7,5,0,120,200,26]",1222216295,1918363426,[5],"{""5"":-1}"
S7,7,930093,120,1.6770509831248424,5,,0,0.1,75,53,"[0,1,2,4,27,79,114,145,157,244,315,397,416,437,444,450,452,521,586,595,604,633,652,685,689,713,717,729,737,760,775,800,821,847,861,866,883,970,981,985,991,993,995,1006,1026,1030,1088,1101,1145,1173,1177,1243,1256]","[[0,1],[1,1],[2,-1],[4,-1],[27,1],[79,1],[114,1],[145,-1],[157,-1],[244,-1],[315,-1],[397,-1],[416,-1],[437,1],[444,1],[450,1],[452,1],[521,-1],[586,-1],[595,1],[604,1],[633,-1],[652,1],[685,-1],[689,1],[713,-1],[717,-1],[729,1],[737,1],[760,-1],[775,1],[800,-1],[821,-1],[847,1],[861,-1],[866,1],[883,1],[970,-1],[981,-1],[985,-1],[991,1],[993,1],[995,1],[1006,-1],[1026,-1],[1030,1],[1088,-1],[1101,1],[1145,1],[1173,1],[1177,-1],[1243,-1],[1256,-1]]","[53,119,118,8,104,100,89,106,101,116,20,45,32,55,46,5,111,76,62,74,78,61,77,97,7,13,15,72,96,39,49,65,94,37,91,50,25,35,47,81,21,86,29,16,88,99,28,95,73,79,69,38,44,26,114,12,24,14,36,40,103,109,102,84,9,64,107,113,11,19,92,87,68,70,42,105,4,30,66,90,51,22,52,58,83,108,34,0,41,54,75,3,10,59,17,98]","[219,159,237,168,202,165,226,196,131,133,205,151,223,145,239,149,207,127,123,206,172,147,236,214,225,220,157,217,228,201,181,121,215,144,173,183,138,191,150,182,163,143,136,164,224,222,126,212,156,161,169,235,155,166,160,137,158,179,221,122,132,211,180,186,125,185,190,198,178,135,177,213,197,124,167,162,234,148,154,192,120,204,128,129,203,189,238,232,170,146,175,216,193,152,139,142]",85d1b6a990532360efcec41d3ba0ae20dd1a875240cad373209a0ba5c6ae2880,96,606828872,4120291682,"[930093,7,5,0,120,200,26]",3863013012,1918363426,[5],"{""5"":0}"
S7,7,930094,120,1.6770509831248424,5,,0,0.1,65,49,"[0,1,2,3,4,27,145,198,277,308,311,312,411,437,452,479,490,530,563,570,586,666,689,705,713,775,834,848,908,918,922,942,979,985,995,1000,1001,1026,1062,1078,1101,1139,1145,1202,1214,1224,1227,1243,1269]","[[0,1],[1,1],[2,-1],[3,1],[4,-1],[27,1],[145,-1],[198,-1],[277,-1],[308,1],[311,-1],[312,1],[411,1],[437,1],[452,1],[479,1],[490,-1],[530,-1],[563,1],[570,1],[586,-1],[666,1],[689,1],[705,-1],[713,-1],[775,1],[834,1],[848,1],[908,1],[918,-1],[922,1],[942,-1],[979,-1],[985,-1],[995,1],[1000,1],[1001,-1],[1026,-1],[1062,1],[1078,1],[1101,1],[1139,-1],[1145,1],[1202,-1],[1214,1],[1224,1],[1227,1],[1243,-1],[1269,1]]","[4,60,56,29,112,11,69,119,111,9,50,99,40,47,43,80,75,62,45,89,5,54,55,28,73,98,94,103,107,90,68,2,26,33,108,51,37,95,110,83,27,14,0,78,41,17,109,8,44,12,42,64,88,65,13,6,97,105,102,38,10,85,1,53,115,118,106,74,18,66,7,25,32,24,52,104,77,79,101,87,116,61,71,20,72,63,67,81,58,16,19,113,22,93,35,92]","[163,212,200,226,195,218,205,136,229,206,129,152,120,128,130,221,188,234,124,182,193,214,189,138,134,233,135,177,151,132,227,158,159,146,172,220,122,140,168,170,208,142,239,186,144,139,143,196,160,127,187,153,185,161,237,222,203,150,156,197,173,217,230,183,184,171,178,207,131,213,121,236,235,181,123,141,166,126,209,210,179,201,157,145,174,162,192,191,223,164,219,176,216,190,194,211]",f0365376b7b5cc7ff54d7b73a8499a569c0388adbbfa22aed652d075f6111a6e,96,3092510349,3387990780,"[930094,7,5,0,120,200,26]",243093857,1918363426,[5],"{""5"":0}"
S7,7,930095,120,1.6770509831248424,5,,0,0.1,73,52,"[0,1,2,3,4,5,10,16,26,27,103,145,157,198,227,244,312,380,437,445,450,534,563,581,624,652,658,676,704,713,717,737,771,773,834,866,867,883,905,911,915,942,970,979,981,1078,1145,1184,1224,1227,1254,1278]","[[0,1],[1,1],[2,-1],[3,1],[4,-1],[5,1],[10,1],[16,1],[26,1],[27,1],[103,-1],[145,-1],[157,-1],[198,-1],[227,-1],[244,-1],[312,1],[380,1],[437,1],[445,1],[450,1],[534,-1],[563,1],[581,1],[624,1],[652,1],[658,1],[676,1],[704,-1],[713,-1],[717,-1],[737,1],[771,-1],[773,-1],[834,1],[866,1],[867,-1],[883,1],[905,1],[911,-1],[915,-1],[942,-1],[970,-1],[979,-1],[981,-1],[1078,1],[1145,1],[1184,-1],[1224,1],[1227,1],[1254,1],[1278,1]]","[77,56,88,65,66,68,76,27,90,94,36,91,114,105,31,25,119,1,12,32,18,74,109,98,2,11,3,37,33,86,78,53,95,71,52,96,35,87,49,92,48,97,51,26,99,39,17,111,10,62,84,19,47,41,59,79,70,60,30,61,8,55,38,16,89,116,24,113,28,81,7,40,54,58,115,44,46,118,15,117,42,69,63,72,110,112,29,0,75,57,103,82,80,6,5,21]","[152,185,145,162,133,217,214,165,201,141,237,124,130,196,153,122,164,226,215,173,236,233,148,171,187,127,134,181,210,209,205,168,126,160,144,155,183,202,138,213,193,190,176,166,232,150,188,238,180,159,179,221,182,212,177,216,151,167,223,154,131,163,189,137,195,197,161,174,199,157,218,219,120,170,229,136,178,206,139,231,224,146,169,222,220,129,186,200,227,198,132,184,191,203,142,235]",446e63bb10716eab673dff6608770082ca6dd30c96ac8e5e5aedf929076976e6,96,133247130,672921151,"[930095,7,5,0,120,200,26]",1194170857,1918363426,[5],"{""5"":1}"
S7,7,930096,120,1.6770509831248424,5,,0,0.1,67,43,"[0,1,2,3,4,16,27,79,158,196,219,227,285,397,423,438,444,454,490,509,563,586,644,716,725,771,818,848,862,942,979,985,995,1008,1026,1027,1047,1214,1224,1227,1254,1261,1278]","[[0,1],[1,1],[2,-1],[3,1],[4,-1],[16,1],[27,1],[79,1],[158,1],[196,1],[219,1],[227,-1],[285,1],[397,-1],[423,-1],[438,-1],[444,1],[454,-1],[490,-1],[509,-1],[563,1],[586,-1],[644,1],[716,-1],[725,1],[771,-1],[818,-1],[848,1],[862,1],[942,-1],[979,-1],[985,-1],[995,1],[1008,-1],[1026,-1],[1027,-1],[1047,-1],[1214,1],[1224,1],[1227,1],[1254,1],[1261,1],[1278,1]]","[29,41,49,64,10,25,40,54,71,101,77,8,116,108,93,43,75,13,57,86,5,106,21,119,105,110,88,51,81,7,80,98,28,19,91,65,96,30,34,42,61,94,48,39,117,9,18,112,69,0,23,14,87,3,66,104,26,50,52,15,56,73,17,90,109,70,4,92,63,102,97,99,27,113,100,67,1,31,44,111,114,11,45,95,58,32,33,46,83,38,60,37,89,2,78,53]","[149,190,161,129,165,183,234,148,134,209,174,130,200,150,173,158,137,211,120,145,199,136,186,197,213,203,206,194,233,126,123,217,178,153,124,146,176,195,192,223,121,239,226,139,187,182,224,184,163,208,229,154,156,236,202,135,151,138,169,215,172,141,128,127,167,230,162,204,160,196,188,189,235,191,205,143,140,222,122,179,164,142,168,221,185,214,198,170,207,193,166,147,144,232,131,228]",ae19e28193fd13d3796886dd3a9ca5a16ec4fa202f12ea85a476866aef64f94b,96,888168262,922460260,"[930096,7,5,0,120,200,26]",2329593365,1918363426,[5],"{""5"":0}"
S7,7,930097,120,1.6770509831248424,5,,0,0.1,70,55,"[0,1,2,3,4,26,27,103,198,242,265,285,308,312,355,437,452,507,514,523,553,563,572,626,633,675,685,704,713,737,772,793,801,821,829,836,848,866,881,908,926,942,981,1001,1026,1113,1145,1184,1220,1224,1227,1248,1261,1263,1278]","[[0,1],[1,1],[2,-1],[3,1],[4,-1],[26,1],[27,1],[103,-1],[198,-1],[242,1],[265,1],[285,1],[308,1],[312,1],[355,1],[437,1],[452,1],[507,-1],[514,1],[523,1],[553,1],[563,1],[572,1],[626,1],[633,-1],[675,1],[685,-1],[704,-1],[713,-1],[737,1],[772,-1],[793,-1],[801,-1],[821,-1],[829,1],[836,1],[848,1],[866,1],[881,1],[908,1],[926,-1],[942,-1],[981,-1],[1001,-1],[1026,-1],[1113,1],[1145,1],[1184,-1],[1220,1],[1224,1],[1227,1],[1248,-1],[1261,1],[1263,1],[1278,1]]","[11,93,66,111,45,91,56,18,79,34,47,52,0,85,67,76,112,80,64,114,73,106,53,71,40,6,110,51,83,26,62,95,87,5,116,19,100,102,82,103,1,68,78,36,74,118,61,108,35,98,33,10,86,101,89,2,97,46,109,23,38,29,105,15,14,3,77,22,107,88,20,92,32,58,7,63,28,17,41,59,81,24,27,31,48,104,99,90,75,54,55,30,117,21,43,12]","[165,194,151,205,231,173,195,126,154,132,196,170,167,140,143,193,171,135,229,121,225,227,172,219,159,198,123,134,213,162,185,197,174,176,128,144,150,168,153,207,237,139,192,120,161,130,186,239,200,138,216,191,158,226,236,187,210,190,175,157,156,127,224,125,180,215,141,148,131,238,232,201,208,149,182,234,212,142,147,184,152,209,169,122,178,179,155,214,189,217,228,199,202,203,136,129]",df68454d2f6aeee4309d1f393389e72cb342f617dee233d0e1ff3780b125db91,96,3510221217,1966420620,"[930097,7,5,0,120,200,26]",3427793310,1918363426,[5],"{""5"":0}"
S7,7,930098,120,1.6770509831248424,5,,0,0.1,59,45,"[0,1,2,3,4,27,29,48,73,77,120,157,163,244,285,415,416,444,452,553,563,570,633,652,681,713,737,760,775,829,848,862,908,926,942,979,985,994,1001,1029,1113,1173,1177,1254,1278]","[[0,1],[1,1],[2,-1],[3,1],[4,-1],[27,1],[29,1],[48,1],[73,-1],[77,1],[120,-1],[157,-1],[163,-1],[244,-1],[285,1],[415,1],[416,-1],[444,1],[452,1],[553,1],[563,1],[570,1],[633,-1],[652,1],[681,-1],[713,-1],[737,1],[760,-1],[775,1],[829,1],[848,1],[862,1],[908,1],[926,-1],[942,-1],[979,-1],[985,-1],[994,1],[1001,-1],[1029,1],[1113,1],[1173,1],[1177,-1],[1254,1],[1278,1]]","[28,117,10,116,115,77,42,94,93,69,54,112,64,107,23,5,111,61,3,36,26,82,99,88,59,47,24,81,97,40,33,83,32,18,6,31,106,58,55,14,79,56,21,114,4,2,46,105,15,84,66,44,27,48,39,45,17,73,71,101,70,37,50,51,43,13,8,80,95,20,65,85,76,74,118,92,75,11,9,62,102,35,22,68,41,25,12,19,103,57,113,34,119,38,72,49]","[193,121,224,162,161,236,239,211,122,237,128,120,198,147,221,146,132,141,154,216,190,209,145,185,174,164,232,124,173,149,151,184,183,143,126,208,226,181,230,160,138,171,123,134,156,169,137,223,228,182,191,222,214,175,144,153,176,167,194,189,159,165,177,199,131,229,196,172,197,136,163,200,218,220,204,213,148,135,142,155,125,201,187,168,231,235,139,227,205,188,234,178,233,133,217,152]",ff8f57d30b24a53a557f9bc20ec411dadfa6ba8ffb2ec0c0065c4aa435b9ba78,96,735553069,3043201006,"[930098,7,5,0,120,200,26]",2077599969,1918363426,[5],"{""5"":0}"
S7,7,930099,120,1.6770509831248424,5,,0,0.3,130,113,"[0,1,2,3,4,5,16,27,73,77,98,103,124,155,171,189,198,218,219,228,238,244,259,285,290,297,308,312,333,335,373,380,399,405,412,423,437,438,443,444,454,470,490,513,514,521,538,561,578,581,604,666,674,713,714,717,757,760,772,773,794,801,810,836,837,861,866,868,869,874,897,908,941,942,957,962,970,979,981,982,985,995,1000,1012,1025,1026,1027,1032,1057,1068,1078,1098,1113,1119,1145,1148,1173,1177,1184,1192,1216,1217,1224,1226,1229,1231,1244,1248,1254,1256,1260,1261,1276]","[[0,1],[1,1],[2,-1],[3,1],[4,-1],[5,1],[16,1],[27,1],[73,-1],[77,1],[98,-1],[103,-1],[124,-1],[155,-1],[171,-1],[189,-1],[198,-1],[218,-1],[219,1],[228,1],[238,1],[244,-1],[259,-1],[285,1],[290,1],[297,-1],[308,1],[312,1],[333,1],[335,1],[373,1],[380,1],[399,-1],[405,-1],[412,-1],[423,-1],[437,1],[438,-1],[443,1],[444,1],[454,-1],[470,1],[490,-1],[513,-1],[514,1],[521,-1],[538,1],[561,1],[578,-1],[581,1],[604,1],[666,1],[674,1],[713,-1],[714,1],[717,-1],[757,-1],[760,-1],[772,-1],[773,-1],[794,1],[801,-1],[810,1],[836,1],[837,-1],[861,-1],[866,1],[868,-1],[869,-1],[874,1],[897,1],[908,1],[941,-1],[942,-1],[957,-1],[962,-1],[970,-1],[979,-1],[981,-1],[982,1],[985,-1],[995,1],[1000,1],[1012,-1],[1025,1],[1026,-1],[1027,-1],[1032,-1],[1057,1],[1068,1],[1078,1],[1098,1],[1113,1],[1119,1],[1145,1],[1148,1],[1173,1],[1177,-1],[1184,-1],[1192,1],[1216,1],[1217,1],[1224,1],[1226,-1],[1229,1],[1231,-1],[1244,1],[1248,-1],[1254,1],[1256,-1],[1260,-1],[1261,1],[1276,1]]","[118,8,108,16,103,107,80,95,98,72,106,76,0,62,22,82,61,43,25,40,28,97,119,91,46,84,68,64,105,100,110,41,60,4,63,87,56,5,117,66,18,77,75,14,74,36,114,49,31,90,27,101,55,35,71,115,78,52,20,38,67,13,69,57,86,15,92,102,30,33,44,93,39,10,51,79,70,3,23,65,83,50,99,37,58,32,19,17,116,6,111,7,2,24,94,47]","[142,171,221,138,211,213,209,153,145,202,223,216,184,200,179,239,212,173,191,122,220,162,226,144,181,188,135,131,187,150,189,194,169,172,132,175,186,125,222,225,137,152,147,206,178,133,128,127,124,204,236,210,215,193,136,140,164,120,234,154,198,183,165,227,207,233,134,195,229,231,168,230,177,224,163,174,129,170,161,214,156,180,208,182,232,126,201,196,167,148,121,157,155,158,235,190]",bf5e8ed8a9a062f3eb8fb0821a0d0aecd0cb666062ff3d7c220c2201445b9fcf,96,4175137878,3691649207,"[930099,7,5,0,120,200,26]",3551998170,1918363426,[5],"{""5"":1}"
S7,7,930100,120,1.6770509831248424,5,,0,0.1,67,49,"[0,1,2,3,4,16,27,36,77,120,157,265,312,316,380,423,437,452,490,507,512,546,563,652,658,685,713,737,775,780,834,847,862,874,881,897,922,926,942,979,981,995,1026,1145,1177,1179,1184,1248,1277]","[[0,1],[1,1],[2,-1],[3,1],[4,-1],[16,1],[27,1],[36,-1],[77,1],[120,-1],[157,-1],[265,1],[312,1],[316,1],[380,1],[423,-1],[437,1],[452,1],[490,-1],[507,-1],[512,-1],[546,1],[563,1],[652,1],[658,1],[685,-1],[713,-1],[737,1],[775,1],[780,-1],[834,1],[847,1],[862,1],[874,1],[881,1],[897,1],[922,1],[926,-1],[942,-1],[979,-1],[981,-1],[995,1],[1026,-1],[1145,1],[1177,-1],[1179,1],[1184,-1],[1248,-1],[1277,1]]","[51,93,48,22,8,85,42,109,2,37,31,27,50,104,114,38,60,119,23,36,67,45,112,75,29,82,55,26,84,115,43,12,97,78,18,66,30,95,64,1,86,98,76,41,91,10,49,21,5,54,56,19,71,3,96,11,0,89,92,65,7,100,33,108,32,28,88,25,70,113,44,39,15,57,79,9,117,58,68,20,102,94,63,77,110,83,35,101,72,46,118,14,80,61,116,53]","[228,165,225,191,155,167,197,238,140,186,150,239,206,226,132,229,209,128,231,156,211,176,181,236,129,145,122,204,216,212,163,164,198,146,168,131,179,202,217,222,139,123,159,208,161,169,213,220,157,125,154,195,189,160,218,175,185,171,199,187,219,201,210,190,149,224,138,135,120,235,207,143,227,162,221,177,121,203,127,126,170,193,196,232,234,151,152,188,158,205,142,136,182,141,144,183]",201991f8f7228183e1bf0ee1a3b2f72d2812ee0d07bfaeefabf1fb02a06be6e5,96,3368735502,1477201137,"[930100,7,5,0,120,200,26]",1549802548,1918363426,[5],"{""5"":0}"
