scenario,scenario_id,diagnostic_seed,target_n,tau,tau_index,rho,rho_index,selected_C_R2,K_t_full,K_t_stab,stability_support_indices_json,stability_signed_support_json,stability_positive_membership_json,stability_negative_membership_json,stability_membership_sha256,stability_n_per_class,stage_A_final_fit_seed,stage_B_fit_seed,stability_subsample_seed_identity_json,stability_fit_seed,dataset_seed,planted_sign_instability_idx_json,planted_coordinate_signs_json
S7,7,930001,139,1.6770509831248424,5,,0,0.1,89,56,"[0,1,2,3,4,5,16,26,77,108,145,157,165,196,242,311,312,358,380,397,437,468,507,527,535,563,595,616,638,652,704,713,714,760,801,818,918,942,979,981,985,994,995,1001,1012,1039,1078,1098,1113,1120,1148,1224,1226,1243,1254,1278]","[[0,1],[1,1],[2,-1],[3,1],[4,-1],[5,1],[16,1],[26,1],[77,1],[108,-1],[145,-1],[157,-1],[165,-1],[196,1],[242,1],[311,-1],[312,1],[358,1],[380,1],[397,-1],[437,1],[468,-1],[507,-1],[527,-1],[535,1],[563,1],[595,1],[616,1],[638,1],[652,1],[704,-1],[713,-1],[714,1],[760,-1],[801,-1],[818,-1],[918,-1],[942,-1],[979,-1],[981,-1],[985,-1],[994,1],[995,1],[1001,-1],[1012,-1],[1039,-1],[1078,1],[1098,1],[1113,1],[1120,-1],[1148,1],[1224,1],[1226,-1],[1243,-1],[1254,1],[1278,1]]","[9,51,68,133,18,102,8,101,96,111,125,37,86,55,76,59,22,103,24,95,5,3,136,6,121,28,49,138,69,81,41,14,112,113,65,94,87,124,30,115,54,58,67,73,71,89,84,16,80,23,99,61,56,107,64,119,74,129,40,77,72,21,134,127,78,47,31,97,19,2,130,120,131,70,29,109,34,123,135,132,27,98,15,128,83,50,36,45,110,117,33,35,17,82,62,39,48,108,43,116,63,1,20,85,53,137,32,7,4,122,106]","[175,197,249,195,225,177,231,161,187,253,184,224,213,272,212,166,217,165,221,260,251,258,268,259,182,247,209,191,203,226,147,159,204,208,189,149,174,220,181,227,163,229,202,234,261,143,257,151,152,252,264,164,262,245,255,241,169,142,265,170,246,178,144,250,223,192,150,219,214,173,139,185,239,158,193,230,277,237,242,238,171,222,188,228,168,233,160,148,190,198,207,162,183,179,248,271,243,267,157,200,269,276,154,275,232,176,155,145,140,167,180]",efe531166e2e20beb84cbfcf94f3a6c8f5ab844c5c50dc2f770c0116ab8f1079,111,1773656057,2040176510,"[930001,7,5,0,139,200,26]",1918715241,1918363426,[5],"{""5"":1}"
S7,7,930002,139,1.6770509831248424,5,,0,0.1,89,57,"[0,1,2,3,4,26,54,73,145,150,156,157,244,259,265,308,312,380,397,437,438,443,445,508,563,578,581,685,713,760,771,772,794,801,821,834,881,908,942,951,970,981,985,995,1000,1001,1021,1025,1078,1101,1145,1173,1219,1248,1254,1277,1278]","[[0,1],[1,1],[2,-1],[3,1],[4,-1],[26,1],[54,-1],[73,-1],[145,-1],[150,-1],[156,-1],[157,-1],[244,-1],[259,-1],[265,1],[308,1],[312,1],[380,1],[397,-1],[437,1],[438,-1],[443,1],[445,1],[508,-1],[563,1],[578,-1],[581,1],[685,-1],[713,-1],[760,-1],[771,-1],[772,-1],[794,1],[801,-1],[821,-1],[834,1],[881,1],[908,1],[942,-1],[951,-1],[970,-1],[981,-1],[985,-1],[995,1],[1000,1],[1001,-1],[1021,1],[1025,1],[1078,1],[1101,1],[1145,1],[1173,1],[1219,-1],[1248,-1],[1254,1],[1277,1],[1278,1]]","[16,119,91,94,21,7,81,60,56,58,74,76,40,33,59,113,54,73,0,41,128,118,109,80,57,105,87,63,19,102,43,31,52,99,34,49,116,115,138,72,53,23,127,2,83,136,15,77,24,78,117,11,10,101,97,8,84,95,37,130,6,86,1,12,135,62,25,35,68,51,75,27,114,5,13,82,26,96,125,107,89,112,104,133,93,69,123,3,29,70,42,46,122,100,30,92,45,67,44,85,47,55,88,18,108,64,38,50,103,4,137]","[275,230,200,203,266,211,228,198,199,202,163,229,205,195,234,273,144,232,268,157,180,171,241,250,235,239,206,190,207,233,224,158,225,262,271,267,184,169,173,194,245,151,176,214,156,264,181,223,215,231,188,243,186,221,265,212,150,227,196,201,274,161,143,260,276,216,261,270,177,149,277,263,168,237,269,220,259,226,222,192,154,258,253,170,164,209,217,159,174,166,141,162,247,256,249,153,147,244,187,242,197,219,204,155,208,191,145,246,193,140,139]",48a6ed93a59f5e74d93c20407249ce323f5bfb8411ad3ec06c2c2eda8bdebee3,111,178963346,3337237695,"[930002,7,5,0,139,200,26]",659951706,1918363426,[5],"{""5"":0}"
S7,7,930003,139,1.6770509831248424,5,,0,0.1,89,75,"[0,1,2,3,4,42,114,145,155,156,171,239,240,244,285,312,380,405,408,415,437,438,445,468,505,507,513,514,524,582,590,658,713,717,772,773,775,793,794,800,816,834,866,881,883,908,922,942,979,981,985,995,1000,1001,1008,1013,1026,1047,1056,1071,1078,1098,1104,1113,1120,1145,1179,1184,1191,1224,1227,1243,1254,1276,1278]","[[0,1],[1,1],[2,-1],[3,1],[4,-1],[42,1],[114,1],[145,-1],[155,-1],[156,-1],[171,-1],[239,-1],[240,1],[244,-1],[285,1],[312,1],[380,1],[405,-1],[408,-1],[415,1],[437,1],[438,-1],[445,1],[468,-1],[505,-1],[507,-1],[513,-1],[514,1],[524,1],[582,-1],[590,-1],[658,1],[713,-1],[717,-1],[772,-1],[773,-1],[775,1],[793,-1],[794,1],[800,-1],[816,-1],[834,1],[866,1],[881,1],[883,1],[908,1],[922,1],[942,-1],[979,-1],[981,-1],[985,-1],[995,1],[1000,1],[1001,-1],[1008,-1],[1013,-1],[1026,-1],[1047,-1],[1056,-1],[1071,1],[1078,1],[1098,1],[1104,-1],[1113,1],[1120,-1],[1145,1],[1179,1],[1184,-1],[1191,1],[1224,1],[1227,1],[1243,-1],[1254,1],[1276,1],[1278,1]]","[15,97,23,86,99,104,67,21,115,77,132,113,41,44,93,62,133,127,19,36,34,33,111,129,120,6,65,3,25,87,88,16,118,126,45,18,10,110,109,5,89,68,57,112,20,27,105,122,91,119,2,131,60,136,114,100,82,80,108,26,50,125,14,61,121,28,1,72,138,92,103,46,42,24,39,12,117,9,69,48,90,40,43,59,83,81,102,71,66,98,32,101,13,11,137,4,52,30,94,124,106,22,135,107,74,58,29,56,54,47,130]","[229,143,205,225,249,271,176,217,234,250,227,262,152,236,254,256,191,233,264,188,189,165,196,183,204,228,154,166,240,180,222,251,214,211,209,155,242,212,277,198,168,252,230,201,186,195,157,257,179,238,219,273,259,246,167,223,174,164,210,150,207,147,159,226,145,172,270,161,272,181,187,213,185,184,139,144,160,194,255,182,175,170,151,224,173,146,218,200,231,162,153,197,267,192,220,203,163,149,268,221,208,171,199,216,190,245,263,142,244,265,177]",24a93353cbca21160bf1440e031beb4ee338f1c7cef7964e5b0f8e5491da96b1,111,1682924105,3020963481,"[930003,7,5,0,139,200,26]",1442707863,1918363426,[5],"{""5"":0}"
S7,7,930004,139,1.6770509831248424,5,,0,0.1,89,68,"[0,1,2,3,4,16,27,42,73,98,145,157,163,171,196,239,242,297,312,333,380,396,397,412,415,423,437,444,483,507,508,563,607,638,658,674,689,704,713,737,772,793,794,801,816,821,848,868,911,942,979,981,985,994,995,1000,1001,1021,1078,1115,1139,1145,1175,1184,1254,1261,1276,1278]","[[0,1],[1,1],[2,-1],[3,1],[4,-1],[16,1],[27,1],[42,1],[73,-1],[98,-1],[145,-1],[157,-1],[163,-1],[171,-1],[196,1],[239,-1],[242,1],[297,-1],[312,1],[333,1],[380,1],[396,-1],[397,-1],[412,-1],[415,1],[423,-1],[437,1],[444,1],[483,-1],[507,-1],[508,-1],[563,1],[607,-1],[638,1],[658,1],[674,1],[689,1],[704,-1],[713,-1],[737,1],[772,-1],[793,-1],[794,1],[801,-1],[816,-1],[821,-1],[848,1],[868,-1],[911,-1],[942,-1],[979,-1],[981,-1],[985,-1],[994,1],[995,1],[1000,1],[1001,-1],[1021,1],[1078,1],[1115,1],[1139,-1],[1145,1],[1175,1],[1184,-1],[1254,1],[1261,1],[1276,1],[1278,1]]","[75,5,25,17,20,41,137,126,6,118,59,60,115,123,107,58,30,72,121,51,34,0,64,99,106,89,125,130,77,36,71,73,101,119,65,95,87,68,124,16,4,44,79,46,134,91,26,61,7,117,21,78,29,138,83,88,112,66,63,47,100,55,103,111,113,62,11,14,93,129,35,42,1,32,94,80,27,24,39,96,53,70,128,23,49,92,38,81,12,86,85,120,19,122,102,136,114,31,45,131,28,133,127,108,54,105,135,37,90,15,22]","[247,162,263,172,213,218,188,194,271,230,177,184,185,140,243,178,163,223,270,208,151,192,267,224,222,259,161,216,256,159,168,166,264,206,202,169,219,226,210,238,260,154,246,146,240,187,180,170,245,249,198,174,144,199,275,237,209,220,274,160,204,193,227,258,241,149,158,272,145,186,203,196,147,211,173,242,214,153,248,167,155,244,253,268,269,251,235,182,157,152,179,191,143,232,265,165,141,262,176,239,205,156,261,195,217,225,228,171,207,189,255]",fc081a3e3d9c784f287a6452581118901a131fdaeb3c5cf59bd4bd1d8ba764e8,111,3377941631,1030171810,"[930004,7,5,0,139,200,26]",1068031293,1918363426,[5],"{""5"":0}"
S7,7,930005,139,1.6770509831248424,5,,0,0.1,89,64,"[0,1,2,3,4,16,111,145,158,171,191,196,244,308,312,333,335,355,397,412,437,438,445,470,505,513,514,581,586,663,666,685,713,772,780,800,801,810,818,829,862,866,881,892,901,908,942,979,981,995,1001,1021,1026,1039,1062,1068,1145,1177,1184,1214,1227,1254,1261,1278]","[[0,1],[1,1],[2,-1],[3,1],[4,-1],[16,1],[111,1],[145,-1],[158,1],[171,-1],[191,-1],[196,1],[244,-1],[308,1],[312,1],[333,1],[335,1],[355,1],[397,-1],[412,-1],[437,1],[438,-1],[445,1],[470,1],[505,-1],[513,-1],[514,1],[581,1],[586,-1],[663,-1],[666,1],[685,-1],[713,-1],[772,-1],[780,-1],[800,-1],[801,-1],[810,1],[818,-1],[829,1],[862,1],[866,1],[881,1],[892,1],[901,-1],[908,1],[942,-1],[979,-1],[981,-1],[995,1],[1001,-1],[1021,1],[1026,-1],[1039,-1],[1062,1],[1068,1],[1145,1],[1177,-1],[1184,-1],[1214,1],[1227,1],[1254,1],[1261,1],[1278,1]]","[55,22,64,39,92,90,5,4,48,104,124,128,11,7,121,118,16,46,44,1,6,15,37,137,32,2,62,108,61,40,135,59,10,91,72,123,81,78,88,119,103,36,122,63,26,20,134,86,12,57,100,114,138,9,74,33,47,129,109,25,8,76,126,93,41,79,105,111,71,60,28,70,43,19,133,115,83,112,101,132,97,113,13,120,3,54,66,75,18,82,14,30,87,84,106,110,85,94,56,31,52,95,89,107,50,38,24,67,69,49,130]","[169,252,220,260,256,249,179,207,178,199,264,203,163,271,254,225,206,238,210,180,191,276,246,155,194,162,181,148,247,165,261,222,215,139,153,258,209,183,156,190,200,157,269,241,263,189,149,186,140,144,171,173,234,172,202,141,251,274,201,185,147,161,253,259,197,145,212,245,250,262,224,217,248,229,198,208,214,275,213,193,146,273,265,166,244,236,188,219,187,176,228,151,255,196,182,221,257,216,164,192,218,243,152,143,239,242,175,266,184,160,158]",85fcbe48c9c8544a0757427f044163fcd4ab5681be9a516678fe61db638b1a28,111,1058982746,3853223554,"[930005,7,5,0,139,200,26]",2579137810,1918363426,[5],"{""5"":0}"
S7,7,930006,139,1.6770509831248424,5,,0,0.1,89,54,"[0,1,2,3,4,5,16,171,198,227,239,244,308,335,358,380,397,411,437,438,468,514,563,581,585,615,658,713,717,772,775,800,826,834,862,866,908,942,970,972,981,985,994,995,1026,1071,1104,1132,1139,1145,1171,1184,1254,1278]","[[0,1],[1,1],[2,-1],[3,1],[4,-1],[5,1],[16,1],[171,-1],[198,-1],[227,-1],[239,-1],[244,-1],[308,1],[335,1],[358,1],[380,1],[397,-1],[411,1],[437,1],[438,-1],[468,-1],[514,1],[563,1],[581,1],[585,1],[615,-1],[658,1],[713,-1],[717,-1],[772,-1],[775,1],[800,-1],[826,-1],[834,1],[862,1],[866,1],[908,1],[942,-1],[970,-1],[972,1],[981,-1],[985,-1],[994,1],[995,1],[1026,-1],[1071,1],[1104,-1],[1132,-1],[1139,-1],[1145,1],[1171,-1],[1184,-1],[1254,1],[1278,1]]","[95,99,8,70,30,40,86,107,18,71,69,56,126,66,0,5,88,68,90,105,91,38,116,49,84,47,78,11,41,44,35,52,58,43,120,136,124,2,133,48,62,74,82,115,57,29,123,119,32,112,81,87,94,111,63,21,122,50,102,10,37,65,75,118,17,12,135,46,20,109,130,104,4,138,6,9,3,15,100,33,45,85,128,76,121,64,26,129,54,77,73,23,134,103,137,59,93,72,80,51,25,14,113,27,42,19,79,127,108,97,1]","[244,271,172,166,198,264,170,156,236,205,229,146,168,179,258,178,192,263,181,252,211,175,184,276,189,210,150,241,197,231,257,177,272,171,157,167,218,220,221,141,187,215,242,270,239,191,249,143,256,274,204,262,185,243,145,152,209,139,159,266,247,253,201,160,148,216,161,213,176,217,268,188,199,223,275,259,234,174,233,248,228,203,219,196,162,163,169,183,277,173,194,230,269,254,186,154,149,190,273,180,251,182,240,225,155,245,224,195,164,147,200]",06585e12b2a4cd2a6bd74e925b199870d9ad373cd0d64391647e353b8645e91a,111,3246370043,3271059852,"[930006,7,5,0,139,200,26]",1567990584,1918363426,[5],"{""5"":1}"
S7,7,930007,139,1.6770509831248424,5,,0,0.1,89,55,"[0,1,2,3,4,42,73,145,155,198,209,227,242,244,259,285,333,355,358,380,423,437,438,444,450,452,507,508,514,563,581,595,598,658,713,775,801,816,818,866,883,908,942,962,979,981,985,995,1000,1078,1113,1145,1177,1190,1254]","[[0,1],[1,1],[2,-1],[3,1],[4,-1],[42,1],[73,-1],[145,-1],[155,-1],[198,-1],[209,1],[227,-1],[242,1],[244,-1],[259,-1],[285,1],[333,1],[355,1],[358,1],[380,1],[423,-1],[437,1],[438,-1],[444,1],[450,1],[452,1],[507,-1],[508,-1],[514,1],[563,1],[581,1],[595,1],[598,-1],[658,1],[713,-1],[775,1],[801,-1],[816,-1],[818,-1],[866,1],[883,1],[908,1],[942,-1],[962,-1],[979,-1],[981,-1],[985,-1],[995,1],[1000,1],[1078,1],[1113,1],[1145,1],[1177,-1],[1190,1],[1254,1]]","[58,119,26,86,115,60,14,27,51,36,7,30,43,95,74,13,48,98,107,25,127,124,83,84,126,9,67,102,71,92,75,81,33,137,122,117,8,29,111,109,131,101,138,112,135,132,17,45,113,133,120,125,4,62,39,118,40,78,90,31,63,54,41,55,106,56,97,42,88,77,93,114,104,12,22,16,100,123,35,99,85,3,70,87,80,44,129,46,21,91,130,65,68,110,105,47,66,37,69,0,10,72,1,103,32,19,28,11,23,116,96]","[176,253,226,193,259,204,201,168,161,184,218,157,191,275,262,207,179,225,148,265,220,271,167,175,180,221,163,213,186,224,173,143,248,260,237,238,139,150,171,164,274,198,233,231,145,235,151,200,212,243,222,140,166,228,214,258,149,170,217,234,267,230,181,269,202,203,155,277,141,192,272,232,195,177,276,209,270,210,146,178,255,216,169,223,227,156,241,252,261,206,250,249,152,247,205,208,160,153,266,196,187,242,190,183,273,240,263,245,172,189,244]",d8e6d9e30b0d99ead1a5ccb65e6b2cb87e4be71b9ba24585ff581956c031dc55,111,2340453258,318116267,"[930007,7,5,0,139,200,26]",1589625730,1918363426,[5],"{""5"":0}"
S7,7,930008,139,1.6770509831248424,5,,0,0.3,149,136,"[0,1,2,3,4,5,8,16,26,27,64,77,91,98,114,118,130,145,157,163,171,190,196,239,242,244,253,263,265,285,299,300,311,312,315,316,358,408,415,423,437,438,444,467,480,505,513,514,521,525,535,551,563,565,581,582,586,595,598,600,611,613,616,617,663,667,676,680,685,705,712,713,729,737,775,780,794,801,810,821,829,834,848,861,866,867,869,881,905,908,918,922,926,942,951,966,979,981,985,990,994,995,1006,1008,1013,1021,1028,1039,1043,1071,1078,1086,1098,1101,1110,1114,1115,1121,1123,1131,1139,1145,1164,1167,1172,1173,1177,1178,1220,1224,1227,1241,1248,1254,1256,1278]","[[0,1],[1,1],[2,-1],[3,1],[4,-1],[5,1],[8,1],[16,1],[26,1],[27,1],[64,1],[77,1],[91,-1],[98,-1],[114,1],[118,-1],[130,1],[145,-1],[157,-1],[163,-1],[171,-1],[190,-1],[196,1],[239,-1],[242,1],[244,-1],[253,1],[263,1],[265,1],[285,1],[299,-1],[300,-1],[311,-1],[312,1],[315,-1],[316,1],[358,1],[408,-1],[415,1],[423,-1],[437,1],[438,-1],[444,1],[467,-1],[480,-1],[505,-1],[513,-1],[514,1],[521,-1],[525,-1],[535,1],[551,-1],[563,1],[565,-1],[581,1],[582,-1],[586,-1],[595,1],[598,-1],[600,-1],[611,-1],[613,1],[616,1],[617,-1],[663,-1],[667,1],[676,1],[680,-1],[685,-1],[705,-1],[712,1],[713,-1],[729,1],[737,1],[775,1],[780,-1],[794,1],[801,-1],[810,1],[821,-1],[829,1],[834,1],[848,1],[861,-1],[866,1],[867,-1],[869,-1],[881,1],[905,1],[908,1],[918,-1],[922,1],[926,-1],[942,-1],[951,-1],[966,-1],[979,-1],[981,-1],[985,-1],[990,-1],[994,1],[995,1],[1006,-1],[1008,-1],[1013,-1],[1021,1],[1028,-1],[1039,-1],[1043,-1],[1071,1],[1078,1],[1086,1],[1098,1],[1101,1],[1110,1],[1114,1],[1115,1],[1121,1],[1123,1],[1131,-1],[1139,-1],[1145,1],[1164,-1],[1167,-1],[1172,1],[1173,1],[1177,-1],[1178,1],[1220,1],[1224,1],[1227,1],[1241,-1],[1248,-1],[1254,1],[1256,-1],[1278,1]]","[107,28,79,106,37,135,60,110,7,76,4,103,104,6,22,95,89,133,127,121,27,11,13,78,131,17,102,94,138,38,3,83,96,43,50,45,81,108,54,90,86,15,80,0,25,66,18,130,115,109,23,65,129,61,32,85,98,57,97,93,48,111,124,19,68,87,58,33,16,2,40,100,63,84,30,82,29,128,35,21,122,132,75,126,72,99,70,71,20,39,74,5,137,49,47,59,91,114,62,53,116,113,134,51,92,64,119,118,9,136,120]","[239,250,165,255,241,184,211,258,174,155,192,223,240,220,195,262,145,194,161,252,175,233,176,170,164,177,197,187,160,203,216,167,275,179,202,263,229,251,198,221,148,218,139,248,243,271,153,169,245,227,193,188,266,171,234,246,206,157,182,201,163,249,140,265,147,204,178,242,235,146,270,210,231,168,189,230,225,205,269,237,277,224,273,143,247,213,222,149,253,226,200,260,191,154,199,208,268,142,261,244,156,186,217,236,257,180,158,144,207,141,238]",ef6febfb6ff5e79ee1c8dea4cac04baf31fa4d4e70973d1396d03a8150bd6880,111,207453175,2673657734,"[930008,7,5,0,139,200,26]",3811850166,1918363426,[5],"{""5"":1}"
S7,7,930009,139,1.6770509831248424,5,,0,0.3,149,132,"[0,1,2,3,4,8,16,27,29,42,72,77,98,101,143,144,156,157,158,171,195,196,198,201,204,220,227,242,253,269,272,274,308,311,312,315,335,358,380,405,408,411,426,437,438,444,450,456,509,511,521,531,535,538,555,563,570,575,578,581,585,613,624,627,638,658,666,681,703,713,733,738,757,760,763,771,775,793,801,810,821,834,861,868,881,901,903,905,908,918,926,942,951,970,979,980,981,985,991,993,995,1006,1008,1026,1027,1030,1039,1040,1041,1047,1068,1071,1078,1088,1095,1098,1103,1104,1120,1164,1175,1177,1179,1199,1224,1227,1248,1250,1254,1274,1276,1278]","[[0,1],[1,1],[2,-1],[3,1],[4,-1],[8,1],[16,1],[27,1],[29,1],[42,1],[72,-1],[77,1],[98,-1],[101,-1],[143,1],[144,-1],[156,-1],[157,-1],[158,1],[171,-1],[195,-1],[196,1],[198,-1],[201,-1],[204,1],[220,-1],[227,-1],[242,1],[253,1],[269,-1],[272,1],[274,-1],[308,1],[311,-1],[312,1],[315,-1],[335,1],[358,1],[380,1],[405,-1],[408,-1],[411,1],[426,-1],[437,1],[438,-1],[444,1],[450,1],[456,1],[509,-1],[511,-1],[521,-1],[531,-1],[535,1],[538,1],[555,1],[563,1],[570,1],[575,1],[578,-1],[581,1],[585,1],[613,1],[624,1],[627,1],[638,1],[658,1],[666,1],[681,-1],[703,-1],[713,-1],[733,1],[738,-1],[757,-1],[760,-1],[763,1],[771,-1],[775,1],[793,-1],[801,-1],[810,1],[821,-1],[834,1],[861,-1],[868,-1],[881,1],[901,-1],[903,1],[905,1],[908,1],[918,-1],[926,-1],[942,-1],[951,-1],[970,-1],[979,-1],[980,-1],[981,-1],[985,-1],[991,1],[993,1],[995,1],[1006,-1],[1008,-1],[1026,-1],[1027,-1],[1030,1],[1039,-1],[1040,-1],[1041,1],[1047,-1],[1068,1],[1071,1],[1078,1],[1088,-1],[1095,-1],[1098,1],[1103,-1],[1104,-1],[1120,-1],[1164,-1],[1175,1],[1177,-1],[1179,1],[1199,-1],[1224,1],[1227,1],[1248,-1],[1250,-1],[1254,1],[1274,1],[1276,1],[1278,1]]","[90,25,121,43,54,118,92,8,42,69,132,53,1,59,77,56,87,98,35,58,64,19,110,21,95,124,111,31,49,28,84,131,109,67,62,15,0,106,114,94,68,34,134,57,24,80,26,44,6,46,104,11,100,16,75,30,137,72,126,39,88,61,97,9,37,20,96,117,71,7,2,76,12,93,102,101,136,86,73,3,13,79,78,48,107,105,120,129,89,133,123,41,22,5,85,40,65,63,113,127,33,115,47,51,74,50,91,128,55,23,70]","[253,234,212,215,211,250,275,144,142,239,218,147,139,271,165,245,168,240,213,228,261,157,192,232,227,202,163,236,263,243,149,268,162,189,146,191,274,273,166,194,155,254,140,265,246,224,226,216,247,259,251,198,260,182,269,235,154,203,272,193,217,231,267,256,210,156,171,169,270,220,233,172,164,204,255,222,176,262,223,242,214,219,209,241,160,167,178,159,181,170,161,205,264,185,196,153,173,230,221,252,266,197,248,183,207,184,179,257,258,237,175]",6f0adbd43c58c2ceb9a02656293b565157328fd6d46db85a445c0e80d6b6a999,111,2404547295,3885002058,"[930009,7,5,0,139,200,26]",1841461975,1918363426,[5],"{""5"":0}"
S7,7,930010,139,1.6770509831248424,5,,0,0.1,89,60,"[0,1,2,3,4,16,27,42,79,85,114,120,145,150,165,171,196,198,239,269,316,335,397,415,423,437,438,521,524,538,555,658,685,705,713,755,771,772,775,793,866,881,908,926,942,951,979,985,994,995,1001,1025,1057,1120,1155,1214,1224,1248,1254,1278]","[[0,1],[1,1],[2,-1],[3,1],[4,-1],[16,1],[27,1],[42,1],[79,1],[85,-1],[114,1],[120,-1],[145,-1],[150,-1],[165,-1],[171,-1],[196,1],[198,-1],[239,-1],[269,-1],[316,1],[335,1],[397,-1],[415,1],[423,-1],[437,1],[438,-1],[521,-1],[524,1],[538,1],[555,1],[658,1],[685,-1],[705,-1],[713,-1],[755,-1],[771,-1],[772,-1],[775,1],[793,-1],[866,1],[881,1],[908,1],[926,-1],[942,-1],[951,-1],[979,-1],[985,-1],[994,1],[995,1],[1001,-1],[1025,1],[1057,1],[1120,-1],[1155,1],[1214,1],[1224,1],[1248,-1],[1254,1],[1278,1]]","[73,15,22,72,107,17,64,0,86,62,89,29,50,33,137,60,38,2,49,94,116,18,132,58,125,45,6,97,92,1,91,42,66,120,31,78,93,83,5,84,57,51,98,109,21,124,14,135,65,130,133,96,115,30,88,25,43,118,79,76,24,85,26,104,35,106,117,39,46,113,138,81,108,131,128,100,61,16,82,102,9,75,80,40,52,11,28,101,48,95,87,70,63,129,123,36,34,90,7,19,99,126,111,59,114,3,13,74,23,77,69]","[170,232,222,269,237,274,191,244,172,230,248,165,177,261,273,168,171,176,218,190,141,246,207,216,192,234,266,185,251,226,229,145,240,238,206,254,221,271,249,212,263,173,233,276,215,227,179,247,188,142,193,219,182,169,181,203,148,202,220,201,184,262,250,195,166,224,189,156,252,258,197,223,264,204,272,267,209,213,241,257,239,140,259,151,236,157,210,147,255,194,183,256,214,186,152,160,180,175,178,159,270,161,196,199,144,200,243,139,154,167,217]",165cc43c36b63ef1f0d04cf95e4b3853ad1c3fba9e5a99bfc2c35c303e7e0037,111,2101204795,737931411,"[930010,7,5,0,139,200,26]",2970323920,1918363426,[5],"{""5"":0}"
S7,7,930011,139,1.6770509831248424,5,,0,0.1,89,67,"[0,1,2,3,4,8,16,26,145,158,171,196,198,219,239,240,244,252,285,308,312,314,333,380,423,437,444,445,452,490,563,581,638,652,658,685,713,737,775,794,810,818,834,837,848,862,881,908,918,926,942,966,979,981,984,985,995,1001,1026,1061,1062,1113,1120,1224,1254,1261,1278]","[[0,1],[1,1],[2,-1],[3,1],[4,-1],[8,1],[16,1],[26,1],[145,-1],[158,1],[171,-1],[196,1],[198,-1],[219,1],[239,-1],[240,1],[244,-1],[252,1],[285,1],[308,1],[312,1],[314,1],[333,1],[380,1],[423,-1],[437,1],[444,1],[445,1],[452,1],[490,-1],[563,1],[581,1],[638,1],[652,1],[658,1],[685,-1],[713,-1],[737,1],[775,1],[794,1],[810,1],[818,-1],[834,1],[837,-1],[848,1],[862,1],[881,1],[908,1],[918,-1],[926,-1],[942,-1],[966,-1],[979,-1],[981,-1],[984,1],[985,-1],[995,1],[1001,-1],[1026,-1],[1061,-1],[1062,1],[1113,1],[1120,-1],[1224,1],[1254,1],[1261,1],[1278,1]]","[52,25,36,92,82,128,72,43,66,57,127,12,58,88,106,68,1,59,56,132,69,81,91,44,27,22,131,105,46,7,20,100,65,137,96,71,17,10,30,115,61,73,136,83,129,37,104,98,4,85,110,112,49,63,87,0,122,14,89,101,41,50,70,97,116,51,95,47,16,120,93,79,38,8,134,18,2,42,126,62,108,9,64,103,48,34,78,39,75,15,26,124,99,28,94,5,35,6,60,21,54,138,55,135,133,119,67,13,3,74,29]","[242,274,226,276,241,156,189,178,142,171,150,247,275,195,162,193,272,167,192,199,236,183,255,270,238,187,218,200,174,221,146,169,172,232,216,201,207,204,211,152,155,219,250,231,202,246,258,188,148,263,154,222,182,265,223,206,227,214,180,257,194,267,208,261,164,224,151,177,176,190,159,233,210,143,215,165,277,149,239,217,161,186,158,243,145,170,256,225,237,273,197,229,259,160,147,184,251,244,185,253,271,266,144,157,153,191,175,240,252,228,141]",70877cb8f55987fb0574cf355f4ce62a845b4b09c4688639220fa8d090aa752a,111,318752599,2789958853,"[930011,7,5,0,139,200,26]",3516327667,1918363426,[5],"{""5"":0}"
S7,7,930012,139,1.6770509831248424,5,,0,0.1,89,57,"[0,1,2,3,4,16,27,42,145,171,196,198,244,308,312,340,415,437,438,444,445,447,505,511,513,514,563,595,675,676,685,705,775,821,829,848,881,908,942,970,981,990,995,1000,1001,1024,1026,1062,1078,1120,1145,1155,1167,1211,1248,1276,1278]","[[0,1],[1,1],[2,-1],[3,1],[4,-1],[16,1],[27,1],[42,1],[145,-1],[171,-1],[196,1],[198,-1],[244,-1],[308,1],[312,1],[340,-1],[415,1],[437,1],[438,-1],[444,1],[445,1],[447,1],[505,-1],[511,-1],[513,-1],[514,1],[563,1],[595,1],[675,1],[676,1],[685,-1],[705,-1],[775,1],[821,-1],[829,1],[848,1],[881,1],[908,1],[942,-1],[970,-1],[981,-1],[990,-1],[995,1],[1000,1],[1001,-1],[1024,-1],[1026,-1],[1062,1],[1078,1],[1120,-1],[1145,1],[1155,1],[1167,-1],[1211,1],[1248,-1],[1276,1],[1278,1]]","[100,135,78,83,84,110,26,13,50,87,104,39,130,124,131,10,19,77,30,105,69,76,29,67,32,54,24,119,33,2,133,137,138,45,59,58,97,111,61,27,132,94,96,120,122,53,52,80,31,60,15,65,41,25,127,82,89,101,128,48,107,43,44,63,112,11,23,91,113,66,136,70,12,34,3,62,7,51,37,73,85,79,71,129,40,57,114,88,5,93,68,108,117,106,55,92,102,35,6,99,4,81,42,16,1,121,125,20,116,126,74]","[174,276,163,254,198,160,253,192,221,259,246,171,170,258,240,224,150,191,178,194,149,249,241,266,267,202,158,172,183,260,216,234,209,199,271,264,231,251,145,214,175,212,245,243,262,196,200,208,218,167,263,179,147,204,143,219,215,225,236,261,189,242,185,141,252,153,197,206,255,140,162,186,213,161,265,269,227,148,257,228,165,190,181,195,155,238,203,184,230,193,156,277,157,235,210,233,256,229,239,223,159,211,142,151,273,207,237,268,250,182,232]",e8667ea35f7b59620f6c3907620c98fd1cbace85f5f6d5478a4e136e4c6daf71,111,954214606,72736569,"[930012,7,5,0,139,200,26]",3999095137,1918363426,[5],"{""5"":0}"
S7,7,930013,139,1.6770509831248424,5,,0,0.1,89,68,"[0,1,2,3,4,16,77,103,134,164,171,198,227,242,308,355,408,412,415,423,437,438,450,514,563,581,674,713,735,760,775,780,801,810,821,829,834,837,867,908,922,926,942,951,981,985,994,995,1000,1001,1008,1026,1027,1068,1071,1078,1104,1120,1123,1139,1145,1164,1167,1177,1214,1216,1254,1278]","[[0,1],[1,1],[2,-1],[3,1],[4,-1],[16,1],[77,1],[103,-1],[134,-1],[164,-1],[171,-1],[198,-1],[227,-1],[242,1],[308,1],[355,1],[408,-1],[412,-1],[415,1],[423,-1],[437,1],[438,-1],[450,1],[514,1],[563,1],[581,1],[674,1],[713,-1],[735,1],[760,-1],[775,1],[780,-1],[801,-1],[810,1],[821,-1],[829,1],[834,1],[837,-1],[867,-1],[908,1],[922,1],[926,-1],[942,-1],[951,-1],[981,-1],[985,-1],[994,1],[995,1],[1000,1],[1001,-1],[1008,-1],[1026,-1],[1027,-1],[1068,1],[1071,1],[1078,1],[1104,-1],[1120,-1],[1123,1],[1139,-1],[1145,1],[1164,-1],[1167,-1],[1177,-1],[1214,1],[1216,1],[1254,1],[1278,1]]","[80,16,116,48,67,136,111,131,54,92,44,72,82,138,81,77,98,124,5,63,134,1,87,30,90,34,20,117,84,61,43,52,94,14,58,109,105,46,15,120,33,123,57,37,35,38,93,74,114,41,18,106,68,4,24,88,78,108,79,125,75,102,0,29,104,135,60,99,89,55,107,129,6,127,110,45,27,65,130,91,66,32,10,62,51,76,70,3,96,119,36,42,40,103,7,25,13,101,64,71,122,26,133,2,19,132,83,95,121,23,31]","[181,246,215,228,269,221,169,207,235,200,275,160,263,146,182,147,205,260,262,272,265,241,139,213,154,150,230,184,244,255,178,227,211,242,191,202,173,209,252,229,258,201,162,268,175,203,232,243,224,249,153,251,225,195,208,217,163,253,219,170,236,245,274,161,185,238,171,273,179,194,143,183,166,176,174,157,177,216,168,140,193,149,164,167,152,204,159,234,142,212,237,148,250,144,187,198,271,155,220,156,254,222,270,145,196,231,172,277,247,218,206]",8bfd825838221b7d9ae3e22f7cf171113c001073b08aec5d60c35ce150631c59,111,3820466574,3320038716,"[930013,7,5,0,139,200,26]",2669395348,1918363426,[5],"{""5"":0}"
S7,7,930014,139,1.6770509831248424,5,,0,0.1,89,51,"[0,1,2,3,4,5,42,103,157,171,380,426,437,438,505,507,514,586,598,674,717,771,773,794,810,816,848,862,866,867,869,908,918,922,926,942,970,979,981,985,990,995,1001,1026,1078,1120,1131,1145,1179,1254,1278]","[[0,1],[1,1],[2,-1],[3,1],[4,-1],[5,1],[42,1],[103,-1],[157,-1],[171,-1],[380,1],[426,-1],[437,1],[438,-1],[505,-1],[507,-1],[514,1],[586,-1],[598,-1],[674,1],[717,-1],[771,-1],[773,-1],[794,1],[810,1],[816,-1],[848,1],[862,1],[866,1],[867,-1],[869,-1],[908,1],[918,-1],[922,1],[926,-1],[942,-1],[970,-1],[979,-1],[981,-1],[985,-1],[990,-1],[995,1],[1001,-1],[1026,-1],[1078,1],[1120,-1],[1131,-1],[1145,1],[1179,1],[1254,1],[1278,1]]","[1,133,35,64,91,111,37,34,131,53,39,110,125,101,136,48,19,73,84,89,26,96,74,130,4,83,62,95,61,8,97,57,27,16,69,13,119,88,114,107,66,76,50,65,58,47,124,33,18,116,123,85,100,31,12,67,25,128,40,135,23,24,5,103,46,45,10,118,79,90,56,80,138,78,127,55,15,75,77,102,44,98,81,43,108,36,17,109,54,22,137,28,11,42,2,132,9,21,6,117,121,113,94,106,20,112,92,14,105,87,32]","[257,174,227,206,210,249,148,209,208,191,153,157,253,184,270,141,163,145,220,222,197,275,175,238,248,241,147,272,199,246,158,265,263,179,235,162,273,221,151,225,231,180,155,274,200,240,201,268,277,211,188,183,169,262,185,172,254,202,159,236,194,267,261,165,212,244,152,143,144,219,139,154,260,233,237,196,229,192,198,234,269,230,161,255,171,259,142,164,245,149,224,250,190,156,243,228,182,167,203,195,177,251,213,146,176,218,168,239,256,186,242]",b639013f549f2f3d475e1cee12338ea4aeabc244a2b063c86db081bbed22cbd5,111,107551156,4277797842,"[930014,7,5,0,139,200,26]",2031886789,1918363426,[5],"{""5"":1}"
S7,7,930015,139,1.6770509831248424,5,,0,0.1,89,65,"[0,1,2,3,4,5,27,42,103,145,156,157,158,196,198,227,308,380,437,438,443,444,450,468,507,521,563,570,581,582,595,652,658,681,685,810,818,829,866,867,922,926,942,981,985,995,1000,1001,1006,1008,1012,1025,1026,1068,1078,1098,1115,1120,1145,1177,1224,1226,1227,1248,1278]","[[0,1],[1,1],[2,-1],[3,1],[4,-1],[5,1],[27,1],[42,1],[103,-1],[145,-1],[156,-1],[157,-1],[158,1],[196,1],[198,-1],[227,-1],[308,1],[380,1],[437,1],[438,-1],[443,1],[444,1],[450,1],[468,-1],[507,-1],[521,-1],[563,1],[570,1],[581,1],[582,-1],[595,1],[652,1],[658,1],[681,-1],[685,-1],[810,1],[818,-1],[829,1],[866,1],[867,-1],[922,1],[926,-1],[942,-1],[981,-1],[985,-1],[995,1],[1000,1],[1001,-1],[1006,-1],[1008,-1],[1012,-1],[1025,1],[1026,-1],[1068,1],[1078,1],[1098,1],[1115,1],[1120,-1],[1145,1],[1177,-1],[1224,1],[1226,-1],[1227,1],[1248,-1],[1278,1]]","[20,95,122,21,79,11,42,30,84,33,101,99,104,46,17,75,22,105,56,91,123,57,125,15,74,69,2,103,135,52,48,97,66,31,119,115,18,109,106,72,98,32,108,6,110,3,134,93,44,47,59,113,100,55,71,129,5,89,96,132,34,4,73,16,94,90,138,117,10,54,13,133,65,50,63,39,80,61,36,7,14,25,136,68,85,38,41,120,137,116,112,58,28,45,49,40,127,78,37,67,130,76,111,128,70,126,77,43,88,60,27]","[254,235,142,159,194,168,246,252,175,184,266,243,245,182,160,226,228,241,196,149,191,173,169,238,165,193,263,188,253,158,190,155,234,164,152,237,227,250,271,277,157,220,276,163,144,262,153,174,256,267,215,236,208,240,206,211,219,151,255,212,204,216,225,274,178,205,207,265,214,170,140,273,141,176,223,257,260,209,231,217,233,198,249,161,166,189,210,167,270,269,180,213,258,232,197,143,185,147,218,146,171,150,272,172,264,179,224,242,221,230,259]",00cf7e08b90ecbd0656981bf6611299e3c5f8fd0b17e8b54c04e15d83265295d,111,3283660390,3224590854,"[930015,7,5,0,139,200,26]",303379280,1918363426,[5],"{""5"":1}"
S7,7,930016,139,1.6770509831248424,5,,0,0.3,149,111,"[0,1,2,3,4,5,8,16,26,27,85,86,141,145,150,156,158,171,190,228,239,240,244,252,259,287,308,310,311,312,314,322,335,347,358,405,408,443,451,456,468,470,508,527,563,568,570,581,598,615,652,658,666,688,697,717,719,731,760,771,772,775,794,796,810,813,821,834,861,869,874,881,889,895,918,926,942,951,962,970,979,981,995,1008,1026,1032,1047,1052,1056,1078,1088,1100,1101,1113,1130,1139,1145,1173,1177,1178,1182,1199,1218,1226,1227,1231,1243,1254,1272,1276,1278]","[[0,1],[1,1],[2,-1],[3,1],[4,-1],[5,1],[8,1],[16,1],[26,1],[27,1],[85,-1],[86,1],[141,-1],[145,-1],[150,-1],[156,-1],[158,1],[171,-1],[190,-1],[228,1],[239,-1],[240,1],[244,-1],[252,1],[259,-1],[287,-1],[308,1],[310,-1],[311,-1],[312,1],[314,1],[322,-1],[335,1],[347,-1],[358,1],[405,-1],[408,-1],[443,1],[451,1],[456,1],[468,-1],[470,1],[508,-1],[527,-1],[563,1],[568,1],[570,1],[581,1],[598,-1],[615,-1],[652,1],[658,1],[666,1],[688,1],[697,-1],[717,-1],[719,-1],[731,1],[760,-1],[771,-1],[772,-1],[775,1],[794,1],[796,-1],[810,1],[813,-1],[821,-1],[834,1],[861,-1],[869,-1],[874,1],[881,1],[889,-1],[895,-1],[918,-1],[926,-1],[942,-1],[951,-1],[962,-1],[970,-1],[979,-1],[981,-1],[995,1],[1008,-1],[1026,-1],[1032,-1],[1047,-1],[1052,-1],[1056,-1],[1078,1],[1088,-1],[1100,1],[1101,1],[1113,1],[1130,-1],[1139,-1],[1145,1],[1173,1],[1177,-1],[1178,1],[1182,1],[1199,-1],[1218,1],[1226,-1],[1227,1],[1231,-1],[1243,-1],[1254,1],[1272,1],[1276,1],[1278,1]]","[76,32,56,61,7,75,72,133,125,81,31,58,18,4,68,132,90,54,107,110,86,92,135,40,29,30,52,126,12,0,46,45,89,5,123,41,124,47,10,131,96,62,57,6,134,127,42,37,21,108,19,51,82,95,111,80,85,3,87,27,137,59,112,83,2,16,64,120,102,98,78,128,114,34,130,63,122,66,129,50,100,60,136,118,93,97,35,48,44,113,104,91,17,20,71,101,105,15,116,11,69,121,103,94,70,138,53,9,13,106,39]","[165,235,183,159,193,181,273,164,172,186,251,169,225,171,180,160,199,142,236,219,266,212,182,254,234,268,218,152,239,260,176,208,189,207,209,162,272,198,213,179,210,276,151,147,190,195,149,255,146,264,154,262,270,217,227,215,185,178,206,201,246,168,226,173,230,269,204,231,156,275,205,263,277,265,202,228,153,177,271,256,229,216,161,241,267,232,245,192,248,174,214,240,237,184,144,150,163,233,253,188,244,211,158,157,258,221,197,242,166,224,170]",20bc6344361f8f5aa1a32b986968cd6870fa0d98fcbffd4f9e1ed027638a1990,111,919938838,2099706816,"[930016,7,5,0,139,200,26]",2570322306,1918363426,[5],"{""5"":1}"
S7,7,930017,139,1.6770509831248424,5,,0,0.1,89,59,"[0,1,2,3,4,16,103,145,157,171,198,239,242,308,312,333,340,380,397,427,437,452,490,505,538,563,570,574,586,595,624,638,658,689,717,771,775,801,866,881,908,922,942,979,981,985,995,1001,1026,1028,1071,1078,1145,1175,1184,1224,1248,1251,1278]","[[0,1],[1,1],[2,-1],[3,1],[4,-1],[16,1],[103,-1],[145,-1],[157,-1],[171,-1],[198,-1],[239,-1],[242,1],[308,1],[312,1],[333,1],[340,-1],[380,1],[397,-1],[427,-1],[437,1],[452,1],[490,-1],[505,-1],[538,1],[563,1],[570,1],[574,-1],[586,-1],[595,1],[624,1],[638,1],[658,1],[689,1],[717,-1],[771,-1],[775,1],[801,-1],[866,1],[881,1],[908,1],[922,1],[942,-1],[979,-1],[981,-1],[985,-1],[995,1],[1001,-1],[1026,-1],[1028,-1],[1071,1],[1078,1],[1145,1],[1175,1],[1184,-1],[1224,1],[1248,-1],[1251,-1],[1278,1]]","[77,20,10,42,9,107,52,138,18,15,133,12,110,17,58,64,66,131,89,56,124,19,50,121,8,69,40,38,34,90,96,30,70,100,65,72,81,104,32,29,98,78,22,119,24,3,68,59,16,94,93,127,136,84,135,115,67,6,41,21,88,112,73,82,80,117,26,51,37,23,130,57,109,11,75,106,33,54,128,95,39,25,92,113,103,122,53,102,55,28,46,116,123,105,14,7,2,99,43,48,36,79,118,114,86,129,0,134,132,27,137]","[239,244,263,235,236,162,196,180,171,167,253,225,213,215,242,249,211,158,256,193,153,151,163,277,264,240,248,178,139,231,223,273,177,267,173,197,238,210,268,160,257,212,252,237,190,183,165,269,245,148,255,261,220,230,229,164,187,206,201,142,274,260,254,140,182,219,221,208,146,176,243,270,250,232,217,170,154,227,143,203,194,272,174,233,141,198,192,185,159,199,222,161,224,186,179,204,181,184,209,145,216,262,251,214,169,150,259,188,241,258,226]",eba960fa9c3947aa98d8fa2190b26362e5ea48c97bbe15c0a2acb518313e0429,111,1828944886,1250654022,"[930017,7,5,0,139,200,26]",1737945314,1918363426,[5],"{""5"":0}"
S7,7,930018,139,1.6770509831248424,5,,0,0.1,89,59,"[0,1,2,3,4,16,26,27,108,145,163,165,219,227,310,314,358,359,380,397,420,450,456,507,570,581,595,598,616,638,667,685,704,713,714,737,760,771,816,821,848,866,908,942,979,981,982,985,1012,1078,1113,1120,1141,1145,1178,1227,1254,1256,1278]","[[0,1],[1,1],[2,-1],[3,1],[4,-1],[16,1],[26,1],[27,1],[108,-1],[145,-1],[163,-1],[165,-1],[219,1],[227,-1],[310,-1],[314,1],[358,1],[359,-1],[380,1],[397,-1],[420,-1],[450,1],[456,1],[507,-1],[570,1],[581,1],[595,1],[598,-1],[616,1],[638,1],[667,1],[685,-1],[704,-1],[713,-1],[714,1],[737,1],[760,-1],[771,-1],[816,-1],[821,-1],[848,1],[866,1],[908,1],[942,-1],[979,-1],[981,-1],[982,1],[985,-1],[1012,-1],[1078,1],[1113,1],[1120,-1],[1141,1],[1145,1],[1178,1],[1227,1],[1254,1],[1256,-1],[1278,1]]","[77,138,56,38,127,30,73,113,129,72,0,132,125,121,70,46,74,65,58,112,130,135,57,55,68,86,98,103,81,78,94,128,76,63,51,26,134,118,12,4,5,99,90,110,19,92,34,31,106,53,100,6,29,24,101,33,17,18,137,120,91,8,44,42,16,62,108,105,69,133,126,122,9,54,1,109,39,107,50,21,60,96,87,13,35,102,66,83,64,36,116,71,15,85,67,111,75,28,40,3,84,45,7,43,22,97,124,117,20,32,37]","[205,187,158,174,199,155,170,215,248,275,171,277,154,217,264,200,208,223,176,168,165,207,196,253,274,243,255,250,139,228,242,219,231,241,152,234,169,144,211,209,157,224,143,233,204,178,272,173,252,197,202,251,232,145,210,240,140,195,148,273,203,183,188,265,259,256,218,206,220,235,142,193,153,182,162,249,226,175,166,260,151,156,189,163,213,237,201,212,267,229,222,181,227,214,179,177,239,141,164,230,216,160,263,276,172,198,147,270,254,167,225]",cb529092c13174351b21194c9a184cbf17d2562a9e4e000dd3ff1ac933e3e62f,111,2917142456,3677837995,"[930018,7,5,0,139,200,26]",2546791689,1918363426,[5],"{""5"":0}"
S7,7,930019,139,1.6770509831248424,5,,0,0.1,89,62,"[0,1,2,3,4,5,16,26,97,116,130,145,156,165,252,297,308,412,438,447,450,452,514,521,555,578,581,624,658,689,704,713,717,719,729,737,772,775,801,810,834,866,942,962,970,981,995,1000,1006,1078,1115,1116,1120,1145,1173,1177,1178,1184,1224,1254,1276,1278]","[[0,1],[1,1],[2,-1],[3,1],[4,-1],[5,1],[16,1],[26,1],[97,-1],[116,1],[130,1],[145,-1],[156,-1],[165,-1],[252,1],[297,-1],[308,1],[412,-1],[438,-1],[447,1],[450,1],[452,1],[514,1],[521,-1],[555,1],[578,-1],[581,1],[624,1],[658,1],[689,1],[704,-1],[713,-1],[717,-1],[719,-1],[729,1],[737,1],[772,-1],[775,1],[801,-1],[810,1],[834,1],[866,1],[942,-1],[962,-1],[970,-1],[981,-1],[995,1],[1000,1],[1006,-1],[1078,1],[1115,1],[1116,-1],[1120,-1],[1145,1],[1173,1],[1177,-1],[1178,1],[1184,-1],[1224,1],[1254,1],[1276,1],[1278,1]]","[63,59,7,81,74,121,101,86,12,118,66,108,89,18,46,71,82,62,48,94,38,129,19,70,92,4,105,116,28,119,6,133,15,88,128,77,113,122,85,120,93,111,32,11,9,50,126,60,51,30,109,52,20,58,44,5,23,127,124,25,110,135,132,0,96,57,112,69,33,17,56,114,99,13,104,106,14,68,47,54,134,24,21,53,37,138,22,90,100,102,84,55,97,80,103,83,29,41,123,125,26,3,78,131,16,87,35,115,40,67,10]","[241,240,253,184,251,239,270,180,159,260,167,191,171,216,233,186,217,158,179,194,204,208,197,155,269,161,211,232,250,243,173,268,168,271,210,169,249,266,192,148,160,263,230,218,245,235,166,229,226,220,267,202,193,213,177,237,246,262,149,147,242,219,163,143,258,244,198,141,165,190,274,188,234,221,142,146,201,259,162,275,144,222,196,178,248,225,182,187,185,227,153,189,254,170,252,172,212,207,154,206,236,139,175,145,264,228,215,164,140,183,277]",311d41e3a63aca35532c72722ee484d57e22383d3ea92789c6f6e062f6ca126a,111,591501083,150379372,"[930019,7,5,0,139,200,26]",110544660,1918363426,[5],"{""5"":1}"
S7,7,930020,139,1.6770509831248424,5,,0,0.1,89,52,"[0,1,2,3,4,42,56,85,103,157,158,171,198,227,297,335,397,408,437,450,514,521,581,582,626,658,704,737,772,794,801,821,908,918,926,942,946,979,981,985,995,1001,1008,1026,1057,1077,1078,1115,1184,1216,1220,1278]","[[0,1],[1,1],[2,-1],[3,1],[4,-1],[42,1],[56,-1],[85,-1],[103,-1],[157,-1],[158,1],[171,-1],[198,-1],[227,-1],[297,-1],[335,1],[397,-1],[408,-1],[437,1],[450,1],[514,1],[521,-1],[581,1],[582,-1],[626,1],[658,1],[704,-1],[737,1],[772,-1],[794,1],[801,-1],[821,-1],[908,1],[918,-1],[926,-1],[942,-1],[946,1],[979,-1],[981,-1],[985,-1],[995,1],[1001,-1],[1008,-1],[1026,-1],[1057,1],[1077,-1],[1078,1],[1115,1],[1184,-1],[1216,1],[1220,1],[1278,1]]","[93,106,101,47,42,112,8,6,125,107,110,74,69,113,11,66,15,10,122,99,89,0,128,130,60,137,104,85,64,75,109,118,81,28,16,71,102,56,3,129,80,33,4,127,90,46,27,79,114,94,116,58,18,36,1,86,23,5,38,2,78,39,119,73,49,117,32,9,7,133,12,13,82,103,136,55,51,121,108,45,44,61,135,19,83,124,98,115,67,91,72,52,48,77,14,138,29,20,22,105,131,111,31,25,84,97,17,126,57,63,120]","[229,262,236,248,241,200,209,260,187,268,188,219,275,250,230,171,148,212,164,261,157,178,186,145,259,244,216,237,234,218,194,198,139,246,258,199,239,158,240,203,191,224,189,245,174,177,235,201,227,144,195,231,243,197,160,214,154,193,217,257,140,253,276,221,156,255,270,247,264,182,225,226,263,168,204,149,271,179,265,215,238,208,228,210,190,269,277,251,213,222,175,142,180,202,150,267,141,161,211,274,206,272,183,220,223,167,192,242,184,256,266]",87a1e6d562ca8b7d5c61e02020140b8f79dba27e657ebf10469a61442617873c,111,2860461609,3153760984,"[930020,7,5,0,139,200,26]",1536519871,1918363426,[5],"{""5"":0}"
S7,7,930021,139,1.6770509831248424,5,,0,0.1,89,61,"[0,1,2,3,4,27,98,227,242,303,308,312,333,343,437,438,507,509,521,553,581,595,652,658,685,704,713,717,760,772,775,801,809,818,862,866,868,908,911,926,942,957,970,979,985,991,995,1000,1025,1026,1078,1120,1139,1145,1173,1243,1248,1254,1261,1276,1278]","[[0,1],[1,1],[2,-1],[3,1],[4,-1],[27,1],[98,-1],[227,-1],[242,1],[303,1],[308,1],[312,1],[333,1],[343,-1],[437,1],[438,-1],[507,-1],[509,-1],[521,-1],[553,1],[581,1],[595,1],[652,1],[658,1],[685,-1],[704,-1],[713,-1],[717,-1],[760,-1],[772,-1],[775,1],[801,-1],[809,1],[818,-1],[862,1],[866,1],[868,-1],[908,1],[911,-1],[926,-1],[942,-1],[957,-1],[970,-1],[979,-1],[985,-1],[991,1],[995,1],[1000,1],[1025,1],[1026,-1],[1078,1],[1120,-1],[1139,-1],[1145,1],[1173,1],[1243,-1],[1248,-1],[1254,1],[1261,1],[1276,1],[1278,1]]","[16,119,26,80,97,18,38,2,117,39,15,109,58,9,4,111,27,127,20,43,123,103,41,30,61,37,100,128,25,56,83,72,57,138,11,64,66,99,75,46,10,53,106,125,17,85,59,35,98,104,55,86,89,91,118,102,23,73,31,65,105,122,113,52,115,12,74,95,54,133,124,48,131,67,1,107,112,50,19,5,69,8,0,121,110,136,77,29,28,3,34,47,84,63,93,92,44,32,45,90,62,76,71,94,49,126,24,14,42,120,87]","[272,188,165,142,255,203,211,156,222,148,184,143,190,217,251,192,237,140,207,239,262,161,216,169,187,202,247,201,267,147,246,181,183,268,145,252,230,155,189,263,150,193,260,261,182,144,164,139,172,234,223,212,177,209,168,218,274,175,195,166,219,257,185,152,232,226,146,275,198,149,159,180,231,204,227,186,277,141,243,254,170,259,242,235,256,224,210,220,178,173,271,225,179,205,276,228,157,206,199,153,221,167,200,154,176,174,233,191,269,214,160]",0d9b6de907179ca68503c273b4c49c5b0be3492e79a6748764745631916846df,111,3940326891,1772320793,"[930021,7,5,0,139,200,26]",4242170593,1918363426,[5],"{""5"":0}"
S7,7,930022,139,1.6770509831248424,5,,0,0.1,89,60,"[0,1,2,3,4,12,27,42,77,145,196,219,227,239,240,242,259,308,333,343,425,437,438,447,456,470,505,507,508,563,581,634,665,685,689,705,729,737,772,775,834,862,881,892,908,918,942,979,981,985,995,1025,1026,1068,1078,1164,1177,1224,1254,1278]","[[0,1],[1,1],[2,-1],[3,1],[4,-1],[12,-1],[27,1],[42,1],[77,1],[145,-1],[196,1],[219,1],[227,-1],[239,-1],[240,1],[242,1],[259,-1],[308,1],[333,1],[343,-1],[425,1],[437,1],[438,-1],[447,1],[456,1],[470,1],[505,-1],[507,-1],[508,-1],[563,1],[581,1],[634,1],[665,-1],[685,-1],[689,1],[705,-1],[729,1],[737,1],[772,-1],[775,1],[834,1],[862,1],[881,1],[892,1],[908,1],[918,-1],[942,-1],[979,-1],[981,-1],[985,-1],[995,1],[1025,1],[1026,-1],[1068,1],[1078,1],[1164,-1],[1177,-1],[1224,1],[1254,1],[1278,1]]","[122,108,127,117,13,110,124,81,6,51,86,75,95,79,4,27,100,107,52,135,28,120,31,131,33,41,74,16,54,34,137,3,63,133,93,92,138,11,47,32,78,19,132,72,38,129,88,65,106,45,119,68,98,71,18,118,10,111,82,96,48,30,62,26,46,101,89,39,105,109,14,114,80,103,94,21,99,87,44,69,126,90,104,130,85,66,35,116,0,7,67,37,53,76,136,36,25,125,24,40,20,49,60,84,112,8,5,115,73,91,61]","[241,192,146,257,204,158,181,173,172,148,217,195,219,276,161,206,269,184,235,210,174,260,248,223,247,262,165,236,176,154,233,199,150,194,231,155,215,140,224,272,151,202,177,139,268,251,226,240,225,211,156,209,277,167,191,274,275,259,242,207,252,197,271,198,185,162,179,144,188,266,264,237,238,159,245,273,228,180,230,189,229,160,152,205,263,201,203,270,153,208,157,196,214,182,254,253,187,186,220,142,190,232,212,239,261,147,265,178,183,175,170]",74b53f84fc07a769f9e6807b19b097cab00f5b27c66e1e608891bdf36809f477,111,2620446716,494500549,"[930022,7,5,0,139,200,26]",1462811964,1918363426,[5],"{""5"":0}"
S7,7,930023,139,1.6770509831248424,5,,0,0.1,89,69,"[0,1,2,3,4,5,16,26,27,77,122,145,151,157,171,198,214,227,308,316,333,343,355,397,427,437,438,467,470,505,508,514,563,568,574,615,652,658,681,729,771,794,834,842,848,862,866,868,881,908,942,951,970,979,981,985,994,995,1000,1026,1071,1120,1148,1184,1224,1250,1254,1276,1278]","[[0,1],[1,1],[2,-1],[3,1],[4,-1],[5,1],[16,1],[26,1],[27,1],[77,1],[122,-1],[145,-1],[151,-1],[157,-1],[171,-1],[198,-1],[214,-1],[227,-1],[308,1],[316,1],[333,1],[343,-1],[355,1],[397,-1],[427,-1],[437,1],[438,-1],[467,-1],[470,1],[505,-1],[508,-1],[514,1],[563,1],[568,1],[574,-1],[615,-1],[652,1],[658,1],[681,-1],[729,1],[771,-1],[794,1],[834,1],[842,1],[848,1],[862,1],[866,1],[868,-1],[881,1],[908,1],[942,-1],[951,-1],[970,-1],[979,-1],[981,-1],[985,-1],[994,1],[995,1],[1000,1],[1026,-1],[1071,1],[1120,-1],[1148,1],[1184,-1],[1224,1],[1250,-1],[1254,1],[1276,1],[1278,1]]","[26,111,62,78,12,122,110,131,42,64,35,19,27,40,101,129,36,76,48,71,82,91,124,37,90,22,20,43,15,108,93,51,45,32,33,69,39,138,13,126,132,53,47,109,88,67,106,3,73,118,103,65,38,21,5,30,96,72,23,11,52,136,46,114,80,77,74,83,116,133,50,54,119,92,61,130,125,68,25,66,18,31,7,29,137,84,107,94,57,59,121,100,79,75,10,123,24,86,63,128,56,104,0,120,135,102,87,89,105,14,9]","[190,182,208,236,183,215,189,154,255,214,152,170,242,245,161,230,221,249,172,146,258,263,157,200,209,270,261,148,164,227,202,237,224,256,206,181,160,248,159,147,142,229,179,186,252,232,204,271,175,260,220,177,228,178,162,231,213,158,275,166,163,218,192,153,203,217,149,250,165,246,219,173,210,269,223,272,150,140,247,185,254,212,191,240,155,243,276,239,253,273,199,180,226,139,176,244,169,188,141,211,201,174,222,167,197,274,196,259,233,168,193]",dac9613086a1261e4e8d0df7c87c3c13931c4e5f14695dcde3260248255ce487,111,708140227,314722362,"[930023,7,5,0,139,200,26]",1164439084,1918363426,[5],"{""5"":1}"
S7,7,930024,139,1.6770509831248424,5,,0,0.1,89,57,"[0,1,2,3,4,26,103,157,198,227,252,253,259,308,310,311,335,380,411,437,444,450,507,508,509,524,563,581,633,658,666,667,681,685,689,821,848,862,866,875,881,883,908,942,980,981,985,995,1021,1026,1078,1104,1120,1139,1214,1254,1278]","[[0,1],[1,1],[2,-1],[3,1],[4,-1],[26,1],[103,-1],[157,-1],[198,-1],[227,-1],[252,1],[253,1],[259,-1],[308,1],[310,-1],[311,-1],[335,1],[380,1],[411,1],[437,1],[444,1],[450,1],[507,-1],[508,-1],[509,-1],[524,1],[563,1],[581,1],[633,-1],[658,1],[666,1],[667,1],[681,-1],[685,-1],[689,1],[821,-1],[848,1],[862,1],[866,1],[875,1],[881,1],[883,1],[908,1],[942,-1],[980,-1],[981,-1],[985,-1],[995,1],[1021,1],[1026,-1],[1078,1],[1104,-1],[1120,-1],[1139,-1],[1214,1],[1254,1],[1278,1]]","[85,32,24,129,112,42,58,10,21,54,6,71,39,116,84,104,124,45,136,115,1,28,107,76,8,131,38,96,78,108,94,120,114,46,62,20,118,105,50,74,35,29,138,79,121,57,17,133,43,127,56,86,68,3,102,75,9,103,126,132,22,69,44,7,93,77,88,19,4,87,55,119,83,2,36,97,61,99,49,15,98,51,27,72,13,5,90,52,137,95,66,11,113,53,101,14,64,41,110,0,31,111,33,91,100,18,134,73,128,135,63]","[233,221,237,204,250,244,183,167,153,277,273,251,259,228,199,200,156,178,207,146,254,260,175,234,172,165,149,147,211,239,180,176,148,276,272,157,269,219,226,169,160,181,145,240,205,210,168,215,267,161,191,196,166,198,159,214,242,164,194,144,274,158,252,209,190,212,151,270,195,179,268,266,141,188,170,162,247,171,232,236,275,249,263,184,142,216,255,246,253,227,189,256,229,245,261,208,173,257,220,224,197,217,140,143,238,271,203,241,182,265,213]",6381ee7c25367fa079c5f44a2cde84014a2f7730c127562d2e0ffe043fd78e19,111,3126820656,2914305124,"[930024,7,5,0,139,200,26]",2386042576,1918363426,[5],"{""5"":0}"
S7,7,930025,139,1.6770509831248424,5,,0,0.1,89,64,"[0,1,2,3,4,5,16,26,27,101,157,158,196,198,253,270,308,335,437,438,444,468,505,513,555,563,581,595,652,685,713,775,780,793,794,818,821,829,881,942,951,970,979,981,985,990,991,995,1000,1001,1008,1018,1071,1078,1120,1145,1173,1175,1179,1218,1219,1248,1254,1278]","[[0,1],[1,1],[2,-1],[3,1],[4,-1],[5,1],[16,1],[26,1],[27,1],[101,-1],[157,-1],[158,1],[196,1],[198,-1],[253,1],[270,1],[308,1],[335,1],[437,1],[438,-1],[444,1],[468,-1],[505,-1],[513,-1],[555,1],[563,1],[581,1],[595,1],[652,1],[685,-1],[713,-1],[775,1],[780,-1],[793,-1],[794,1],[818,-1],[821,-1],[829,1],[881,1],[942,-1],[951,-1],[970,-1],[979,-1],[981,-1],[985,-1],[990,-1],[991,1],[995,1],[1000,1],[1001,-1],[1008,-1],[1018,-1],[1071,1],[1078,1],[1120,-1],[1145,1],[1173,1],[1175,1],[1179,1],[1218,1],[1219,-1],[1248,-1],[1254,1],[1278,1]]","[109,21,49,112,73,92,30,136,46,129,15,84,122,8,130,117,19,114,23,102,14,57,41,97,43,113,91,4,44,116,111,132,79,25,50,45,55,9,1,94,24,125,72,105,99,135,12,10,123,101,11,70,80,22,67,75,40,78,59,87,119,63,65,0,7,108,28,53,76,104,32,31,74,52,89,42,29,48,18,51,134,77,90,133,58,115,3,6,2,33,56,16,126,124,69,27,66,83,17,60,138,127,47,5,34,38,100,137,13,37,35]","[162,190,235,204,140,253,238,164,236,216,184,217,247,182,219,193,210,240,273,232,211,228,272,154,237,187,147,186,156,245,197,139,258,157,270,243,229,227,277,170,181,252,241,158,249,159,255,152,234,196,262,207,171,161,261,256,264,230,163,151,169,226,251,199,250,209,141,148,144,242,231,146,183,200,269,203,266,178,276,233,185,177,153,213,268,202,254,260,263,142,244,160,155,174,166,239,206,191,212,150,218,173,259,248,194,195,192,176,225,149,179]",3a0e65c4ee3366bd53fccf82424e4e422ede7569f5e4e87a543775fb527ec4b2,111,285033369,3336160123,"[930025,7,5,0,139,200,26]",2636367305,1918363426,[5],"{""5"":1}"
S7,7,930026,139,1.6770509831248424,5,,0,0.1,89,66,"[0,1,2,3,4,42,145,157,165,196,214,227,239,240,242,308,311,312,335,358,397,411,425,437,438,452,505,560,563,581,595,658,665,667,704,717,772,801,829,848,862,866,868,908,922,942,979,981,985,995,1000,1008,1026,1078,1143,1144,1145,1173,1178,1179,1184,1216,1224,1254,1276,1278]","[[0,1],[1,1],[2,-1],[3,1],[4,-1],[42,1],[145,-1],[157,-1],[165,-1],[196,1],[214,-1],[227,-1],[239,-1],[240,1],[242,1],[308,1],[311,-1],[312,1],[335,1],[358,1],[397,-1],[411,1],[425,1],[437,1],[438,-1],[452,1],[505,-1],[560,-1],[563,1],[581,1],[595,1],[658,1],[665,-1],[667,1],[704,-1],[717,-1],[772,-1],[801,-1],[829,1],[848,1],[862,1],[866,1],[868,-1],[908,1],[922,1],[942,-1],[979,-1],[981,-1],[985,-1],[995,1],[1000,1],[1008,-1],[1026,-1],[1078,1],[1143,-1],[1144,-1],[1145,1],[1173,1],[1178,1],[1179,1],[1184,-1],[1216,1],[1224,1],[1254,1],[1276,1],[1278,1]]","[105,45,20,54,116,137,120,33,86,101,22,40,43,17,87,32,96,79,88,62,124,77,14,8,138,104,108,68,46,48,113,119,118,112,10,99,100,41,28,132,60,58,65,78,125,18,50,122,47,82,72,61,131,31,7,91,111,53,63,9,134,90,23,92,64,5,67,56,49,94,55,30,128,16,71,11,89,70,127,24,12,0,106,51,59,133,38,80,102,114,57,121,37,66,93,2,136,129,35,81,34,3,76,25,39,19,115,26,85,6,98]","[197,164,195,184,214,245,165,146,216,262,186,163,189,156,175,224,218,166,205,259,148,203,231,178,263,176,237,142,172,221,140,196,188,183,250,249,174,247,182,190,254,151,223,187,155,236,234,201,248,257,147,180,150,211,200,199,210,242,154,167,264,179,215,168,209,246,272,227,212,207,277,233,173,238,225,213,161,170,185,158,226,152,274,219,251,208,169,243,181,256,241,144,159,193,217,222,267,153,265,252,206,258,260,191,269,202,162,255,244,240,160]",334dffcb28bf16a52a634d6c56a69853fb9a9b897acaeca5c50a435ca6a42177,111,1577909058,2721941889,"[930026,7,5,0,139,200,26]",624473972,1918363426,[5],"{""5"":0}"
S7,7,930027,139,1.6770509831248424,5,,0,0.1,89,64,"[0,1,2,3,4,42,77,85,145,171,196,198,214,239,242,244,312,322,397,415,425,437,438,443,507,509,514,524,535,546,563,581,674,685,713,760,772,773,775,866,881,908,926,942,962,970,979,981,985,987,995,1001,1006,1008,1139,1145,1177,1179,1184,1216,1248,1254,1276,1278]","[[0,1],[1,1],[2,-1],[3,1],[4,-1],[42,1],[77,1],[85,-1],[145,-1],[171,-1],[196,1],[198,-1],[214,-1],[239,-1],[242,1],[244,-1],[312,1],[322,-1],[397,-1],[415,1],[425,1],[437,1],[438,-1],[443,1],[507,-1],[509,-1],[514,1],[524,1],[535,1],[546,1],[563,1],[581,1],[674,1],[685,-1],[713,-1],[760,-1],[772,-1],[773,-1],[775,1],[866,1],[881,1],[908,1],[926,-1],[942,-1],[962,-1],[970,-1],[979,-1],[981,-1],[985,-1],[987,1],[995,1],[1001,-1],[1006,-1],[1008,-1],[1139,-1],[1145,1],[1177,-1],[1179,1],[1184,-1],[1216,1],[1248,-1],[1254,1],[1276,1],[1278,1]]","[43,9,50,56,66,112,27,37,15,21,113,88,30,124,41,109,45,83,47,121,99,12,89,13,18,107,133,97,84,130,76,93,69,51,110,77,5,105,127,78,22,120,82,8,129,4,138,70,57,117,75,91,137,132,96,100,79,62,111,103,17,73,35,92,7,59,19,44,10,80,24,48,46,126,125,20,95,106,72,33,55,104,87,34,29,136,85,23,116,40,74,58,98,68,135,61,94,90,1,128,28,6,25,118,122,42,64,49,14,71,63]","[230,255,166,254,189,200,246,156,143,265,218,202,220,222,208,142,270,264,211,262,231,238,195,196,185,227,155,258,251,273,215,239,170,181,242,180,263,177,241,161,204,250,190,235,266,163,213,268,205,148,223,167,146,203,183,172,212,144,248,157,191,192,247,261,141,234,182,175,188,154,210,152,228,245,201,150,145,158,275,237,153,249,139,162,226,272,277,179,236,178,256,186,173,225,160,198,206,159,267,214,149,209,174,224,140,244,168,252,184,274,165]",026d17b9bdf2a91857af60d8eb7229359fb88deec380a6ae4ad95a6509b71324,111,598170692,3008681542,"[930027,7,5,0,139,200,26]",2632251205,1918363426,[5],"{""5"":0}"
S7,7,930028,139,1.6770509831248424,5,,0,0.1,89,66,"[0,1,2,3,4,5,12,16,42,77,98,111,171,196,198,227,252,297,303,335,380,397,425,430,437,438,447,505,507,514,570,581,582,586,685,704,717,771,772,775,794,801,810,821,834,862,866,905,942,962,995,1000,1025,1028,1078,1083,1113,1139,1145,1177,1178,1220,1224,1254,1256,1278]","[[0,1],[1,1],[2,-1],[3,1],[4,-1],[5,1],[12,-1],[16,1],[42,1],[77,1],[98,-1],[111,1],[171,-1],[196,1],[198,-1],[227,-1],[252,1],[297,-1],[303,1],[335,1],[380,1],[397,-1],[425,1],[430,1],[437,1],[438,-1],[447,1],[505,-1],[507,-1],[514,1],[570,1],[581,1],[582,-1],[586,-1],[685,-1],[704,-1],[717,-1],[771,-1],[772,-1],[775,1],[794,1],[801,-1],[810,1],[821,-1],[834,1],[862,1],[866,1],[905,1],[942,-1],[962,-1],[995,1],[1000,1],[1025,1],[1028,-1],[1078,1],[1083,-1],[1113,1],[1139,-1],[1145,1],[1177,-1],[1178,1],[1220,1],[1224,1],[1254,1],[1256,-1],[1278,1]]","[81,114,84,60,59,29,119,106,110,24,36,105,71,122,85,90,51,111,116,74,68,133,33,17,80,93,1,6,65,12,28,58,137,54,112,123,95,7,41,44,14,67,46,69,72,45,11,91,61,87,103,98,94,26,30,100,18,117,4,13,10,15,37,108,127,77,49,64,107,66,20,47,120,88,22,19,124,56,104,129,31,83,32,125,128,40,9,53,138,52,39,48,8,121,76,126,109,130,113,57,5,21,118,102,62,2,134,99,135,50,115]","[201,171,179,148,274,265,155,244,159,267,215,174,158,233,184,168,211,236,161,206,253,259,214,192,258,195,144,162,149,240,186,167,270,237,223,229,250,260,140,156,191,263,147,245,199,164,150,218,216,197,181,203,170,160,243,222,275,193,169,248,188,202,187,146,220,230,238,234,175,235,277,227,268,200,142,239,154,196,183,231,264,257,210,165,269,224,163,207,141,251,208,189,198,152,262,246,249,255,172,194,176,241,182,139,212,153,232,228,266,205,276]",c4f8d40948a9e00785a3b14b8677793b6d4401100e0bad479cbd4c32859d0395,111,3492210479,2009254785,"[930028,7,5,0,139,200,26]",2897040598,1918363426,[5],"{""5"":1}"
S7,7,930029,139,1.6770509831248424,5,,0,0.1,89,60,"[0,1,2,3,4,5,16,27,100,143,145,171,198,221,244,287,308,311,312,322,335,380,415,430,437,438,445,490,514,563,582,591,595,658,674,681,713,737,818,829,834,862,866,881,926,942,962,970,981,985,994,995,1062,1113,1139,1144,1175,1243,1277,1278]","[[0,1],[1,1],[2,-1],[3,1],[4,-1],[5,1],[16,1],[27,1],[100,1],[143,1],[145,-1],[171,-1],[198,-1],[221,-1],[244,-1],[287,-1],[308,1],[311,-1],[312,1],[322,-1],[335,1],[380,1],[415,1],[430,1],[437,1],[438,-1],[445,1],[490,-1],[514,1],[563,1],[582,-1],[591,1],[595,1],[658,1],[674,1],[681,-1],[713,-1],[737,1],[818,-1],[829,1],[834,1],[862,1],[866,1],[881,1],[926,-1],[942,-1],[962,-1],[970,-1],[981,-1],[985,-1],[994,1],[995,1],[1062,1],[1113,1],[1139,-1],[1144,-1],[1175,1],[1243,-1],[1277,1],[1278,1]]","[106,129,84,90,97,46,57,74,94,111,23,62,131,5,3,8,105,116,37,127,85,55,117,81,58,66,102,33,88,68,95,22,125,92,7,51,110,0,80,15,123,38,44,114,24,100,78,113,41,35,118,18,71,32,101,121,40,72,10,56,124,42,136,6,109,108,86,133,130,59,20,137,77,89,26,63,69,4,49,128,134,93,99,60,104,21,11,126,64,82,50,1,98,29,19,30,107,135,67,65,96,52,17,45,83,43,48,138,27,61,73]","[182,259,243,201,258,139,211,166,229,147,269,241,222,253,274,262,213,224,244,187,216,149,183,268,165,152,195,151,143,163,231,186,252,159,170,179,150,209,260,156,161,171,196,273,204,206,218,277,240,191,275,185,233,238,263,184,271,212,223,189,153,172,193,167,175,235,148,245,154,261,210,169,236,255,200,227,225,266,155,264,145,214,237,168,219,217,251,176,157,228,254,232,239,215,230,146,226,257,173,178,197,221,249,208,256,194,190,272,267,202,180]",00b861f77d5de279a22f280cd7197357490e28617ef4976c292db49c04972b24,111,161646042,1687484446,"[930029,7,5,0,139,200,26]",1154376812,1918363426,[5],"{""5"":1}"
S7,7,930030,139,1.6770509831248424,5,,0,0.1,89,66,"[0,1,2,3,4,27,42,48,77,98,114,145,157,171,214,240,274,285,308,316,380,437,438,490,507,514,595,638,674,685,713,772,775,821,829,848,862,866,867,868,869,881,883,908,911,942,951,981,985,995,1000,1006,1025,1078,1098,1115,1116,1145,1148,1177,1199,1224,1248,1254,1274,1278]","[[0,1],[1,1],[2,-1],[3,1],[4,-1],[27,1],[42,1],[48,1],[77,1],[98,-1],[114,1],[145,-1],[157,-1],[171,-1],[214,-1],[240,1],[274,-1],[285,1],[308,1],[316,1],[380,1],[437,1],[438,-1],[490,-1],[507,-1],[514,1],[595,1],[638,1],[674,1],[685,-1],[713,-1],[772,-1],[775,1],[821,-1],[829,1],[848,1],[862,1],[866,1],[867,-1],[868,-1],[869,-1],[881,1],[883,1],[908,1],[911,-1],[942,-1],[951,-1],[981,-1],[985,-1],[995,1],[1000,1],[1006,-1],[1025,1],[1078,1],[1098,1],[1115,1],[1116,-1],[1145,1],[1148,1],[1177,-1],[1199,-1],[1224,1],[1248,-1],[1254,1],[1274,1],[1278,1]]","[88,2,82,116,87,94,120,80,109,18,42,30,86,4,130,55,97,106,8,134,118,96,93,54,23,33,78,22,0,68,124,38,115,50,40,45,74,46,132,58,137,16,127,48,110,11,125,7,105,122,114,59,62,35,56,92,19,32,117,107,131,20,9,64,41,123,44,67,85,53,29,21,81,102,34,76,65,108,28,111,60,36,26,31,39,66,27,72,5,69,113,25,47,75,99,1,90,138,10,129,121,84,43,6,63,15,61,100,13,95,73]","[248,208,213,261,150,254,161,196,205,235,162,187,252,155,190,249,148,271,222,170,200,194,270,221,182,179,192,184,246,175,212,158,171,253,214,266,223,256,226,163,260,263,272,159,140,216,206,219,244,240,269,257,231,211,180,247,169,265,165,238,230,224,185,274,191,245,258,275,156,142,186,277,181,147,228,146,153,267,242,177,276,236,174,167,209,164,207,154,166,233,237,250,220,160,227,202,141,198,232,243,195,176,157,151,144,204,139,262,210,215,268]",6c91104bab596064d50053f81575da29e7db8f57d01bc18c5272dc6fe6581ab8,111,3024964577,2265068497,"[930030,7,5,0,139,200,26]",266486073,1918363426,[5],"{""5"":0}"
S7,7,930031,139,1.6770509831248424,5,,0,0.1,89,58,"[0,1,2,3,4,16,27,42,56,158,196,214,227,240,308,312,340,380,437,438,444,514,521,527,538,570,578,595,685,704,771,775,794,829,862,866,867,878,881,908,918,926,970,979,981,995,1001,1025,1026,1028,1068,1078,1120,1145,1173,1227,1254,1278]","[[0,1],[1,1],[2,-1],[3,1],[4,-1],[16,1],[27,1],[42,1],[56,-1],[158,1],[196,1],[214,-1],[227,-1],[240,1],[308,1],[312,1],[340,-1],[380,1],[437,1],[438,-1],[444,1],[514,1],[521,-1],[527,-1],[538,1],[570,1],[578,-1],[595,1],[685,-1],[704,-1],[771,-1],[775,1],[794,1],[829,1],[862,1],[866,1],[867,-1],[878,1],[881,1],[908,1],[918,-1],[926,-1],[970,-1],[979,-1],[981,-1],[995,1],[1001,-1],[1025,1],[1026,-1],[1028,-1],[1068,1],[1078,1],[1120,-1],[1145,1],[1173,1],[1227,1],[1254,1],[1278,1]]","[136,34,1,3,98,26,47,69,104,36,21,13,132,110,77,56,97,79,113,66,40,82,86,111,134,87,118,116,41,30,0,89,102,125,68,29,35,83,103,53,64,84,128,8,39,88,80,91,119,114,61,133,73,5,27,32,93,50,94,75,131,65,55,63,124,14,137,54,130,121,106,74,58,76,46,108,122,44,38,92,48,49,90,25,52,16,2,117,17,70,23,15,96,129,126,31,42,101,127,60,20,10,72,45,78,37,4,43,112,123,115]","[203,152,254,234,193,196,266,202,153,216,221,257,252,213,250,186,144,177,182,229,270,274,209,187,247,194,223,238,273,253,205,201,256,249,233,277,200,180,168,225,176,222,218,166,164,210,248,259,215,154,141,226,219,197,184,242,211,239,206,276,175,189,262,191,190,246,159,167,243,240,139,148,172,230,267,160,169,224,264,244,171,178,204,162,214,237,149,158,188,268,212,241,245,151,261,271,150,165,195,207,275,183,232,199,269,236,235,181,155,258,198]",50c10a91406ec1481bd5c27f906fee30a01619d7dca0c903e37d4d552e18a904,111,1098097053,3695967250,"[930031,7,5,0,139,200,26]",2039166922,1918363426,[5],"{""5"":0}"
S7,7,930032,139,1.6770509831248424,5,,0,0.1,89,67,"[0,1,2,3,4,27,85,145,157,171,196,239,242,311,335,411,437,438,468,479,483,505,507,509,514,555,559,568,571,581,582,595,658,685,704,705,717,737,740,772,794,821,829,848,861,866,869,908,979,981,985,991,995,1025,1026,1050,1078,1101,1120,1145,1148,1184,1214,1216,1224,1254,1278]","[[0,1],[1,1],[2,-1],[3,1],[4,-1],[27,1],[85,-1],[145,-1],[157,-1],[171,-1],[196,1],[239,-1],[242,1],[311,-1],[335,1],[411,1],[437,1],[438,-1],[468,-1],[479,1],[483,-1],[505,-1],[507,-1],[509,-1],[514,1],[555,1],[559,1],[568,1],[571,-1],[581,1],[582,-1],[595,1],[658,1],[685,-1],[704,-1],[705,-1],[717,-1],[737,1],[740,1],[772,-1],[794,1],[821,-1],[829,1],[848,1],[861,-1],[866,1],[869,-1],[908,1],[979,-1],[981,-1],[985,-1],[991,1],[995,1],[1025,1],[1026,-1],[1050,1],[1078,1],[1101,1],[1120,-1],[1145,1],[1148,1],[1184,-1],[1214,1],[1216,1],[1224,1],[1254,1],[1278,1]]","[107,110,14,57,124,13,138,23,92,45,73,35,59,41,79,115,31,2,119,10,40,87,131,34,75,113,90,128,30,93,96,86,108,32,27,15,106,5,55,111,123,64,76,98,65,22,42,133,18,69,91,135,117,137,129,77,126,38,67,102,78,58,122,120,48,37,0,68,28,74,72,66,16,84,71,85,56,3,125,46,49,89,62,132,80,51,26,70,61,47,39,81,9,104,116,95,6,52,83,99,17,60,101,130,118,44,94,11,53,8,7]","[213,177,209,194,263,182,160,218,186,173,148,267,260,242,176,193,184,183,188,262,201,238,268,220,180,246,237,224,266,215,205,233,228,217,257,151,235,147,144,204,247,197,161,240,143,248,157,227,216,208,259,170,140,181,203,168,207,165,166,214,272,251,265,210,187,202,277,185,152,219,162,178,241,276,264,239,154,156,167,153,275,158,230,244,145,256,254,258,174,199,221,232,155,175,150,164,226,274,261,192,212,270,223,179,211,269,255,191,250,163,195]",a9c96f5ba81a9f27cf3052e2bf6f422521f7a464f0ea166081086af36c2319dc,111,214763516,2796912082,"[930032,7,5,0,139,200,26]",3854764116,1918363426,[5],"{""5"":0}"
S7,7,930033,139,1.6770509831248424,5,,0,0.1,89,62,"[0,1,2,3,4,16,77,114,145,157,171,196,240,287,308,335,346,412,437,438,444,448,452,468,505,507,582,685,704,713,760,775,780,818,848,862,866,869,881,908,926,942,946,962,979,981,985,995,1026,1078,1082,1113,1139,1145,1179,1224,1227,1248,1254,1256,1276,1278]","[[0,1],[1,1],[2,-1],[3,1],[4,-1],[16,1],[77,1],[114,1],[145,-1],[157,-1],[171,-1],[196,1],[240,1],[287,-1],[308,1],[335,1],[346,1],[412,-1],[437,1],[438,-1],[444,1],[448,-1],[452,1],[468,-1],[505,-1],[507,-1],[582,-1],[685,-1],[704,-1],[713,-1],[760,-1],[775,1],[780,-1],[818,-1],[848,1],[862,1],[866,1],[869,-1],[881,1],[908,1],[926,-1],[942,-1],[946,1],[962,-1],[979,-1],[981,-1],[985,-1],[995,1],[1026,-1],[1078,1],[1082,1],[1113,1],[1139,-1],[1145,1],[1179,1],[1224,1],[1227,1],[1248,-1],[1254,1],[1256,-1],[1276,1],[1278,1]]","[54,97,34,65,102,17,31,14,68,6,25,69,30,48,41,16,24,27,56,138,76,57,51,55,43,38,5,49,52,44,71,29,98,88,72,120,59,111,66,85,53,18,86,136,75,47,84,26,115,83,0,101,91,127,4,62,36,64,58,125,119,8,90,19,132,96,78,42,126,107,124,22,118,121,10,74,103,33,11,2,100,129,109,137,60,108,81,130,20,80,50,73,112,28,93,117,39,104,9,113,37,123,110,7,89,67,70,116,82,87,114]","[211,216,162,145,201,161,205,260,167,217,163,175,237,264,274,202,208,189,147,190,184,197,227,236,199,266,222,168,277,273,210,220,171,146,239,251,223,142,244,229,186,150,169,257,218,240,249,267,245,187,203,272,155,182,224,148,235,261,170,179,149,276,158,226,242,183,213,191,153,157,258,200,253,231,238,256,174,269,193,181,265,209,246,270,252,156,141,263,271,204,172,248,173,180,195,215,219,207,188,160,192,250,262,255,212,198,243,225,178,214,194]",8f577ece6308ad14e553003072005b93b4373136d00d172d88b5b3ed923f2688,111,3230672427,2281992621,"[930033,7,5,0,139,200,26]",1270693756,1918363426,[5],"{""5"":0}"
S7,7,930034,139,1.6770509831248424,5,,0,0.1,89,63,"[0,1,2,3,4,5,16,26,54,77,103,157,171,198,219,227,244,262,272,308,355,397,405,437,438,513,514,535,563,595,652,685,689,713,717,775,801,829,848,861,866,881,908,918,922,926,942,995,1001,1012,1026,1030,1055,1071,1078,1098,1120,1155,1224,1248,1254,1276,1278]","[[0,1],[1,1],[2,-1],[3,1],[4,-1],[5,1],[16,1],[26,1],[54,-1],[77,1],[103,-1],[157,-1],[171,-1],[198,-1],[219,1],[227,-1],[244,-1],[262,-1],[272,1],[308,1],[355,1],[397,-1],[405,-1],[437,1],[438,-1],[513,-1],[514,1],[535,1],[563,1],[595,1],[652,1],[685,-1],[689,1],[713,-1],[717,-1],[775,1],[801,-1],[829,1],[848,1],[861,-1],[866,1],[881,1],[908,1],[918,-1],[922,1],[926,-1],[942,-1],[995,1],[1001,-1],[1012,-1],[1026,-1],[1030,1],[1055,1],[1071,1],[1078,1],[1098,1],[1120,-1],[1155,1],[1224,1],[1248,-1],[1254,1],[1276,1],[1278,1]]","[27,48,95,98,29,132,90,89,103,10,1,80,96,137,118,105,62,13,69,130,83,133,76,85,123,134,53,77,38,55,32,84,68,124,135,46,73,19,60,50,114,82,88,20,112,97,99,26,74,28,65,126,81,75,45,131,93,23,49,101,115,33,59,78,113,79,128,119,22,100,42,56,21,2,107,104,15,63,102,47,109,4,108,43,87,125,34,35,5,8,41,24,54,58,117,94,138,127,91,57,18,64,67,72,17,44,121,106,37,3,0]","[139,266,245,170,252,247,221,213,201,250,231,181,160,146,188,218,227,211,207,189,251,237,148,214,183,273,177,276,223,220,239,268,264,243,217,206,216,270,226,159,258,176,234,228,215,256,269,267,277,210,144,172,186,275,190,187,152,175,244,167,165,255,182,173,219,164,204,260,224,259,232,238,162,149,179,200,140,208,272,253,254,197,195,145,191,169,225,192,248,202,249,212,158,163,209,153,271,263,265,180,194,193,257,185,236,274,171,229,154,174,246]",694aa4eec6a99d78354bc14e2c8daecb6643ea2c3b505f2780250b8d31d23140,111,2209013910,2883950204,"[930034,7,5,0,139,200,26]",2088060783,1918363426,[5],"{""5"":1}"
S7,7,930035,139,1.6770509831248424,5,,0,0.1,89,62,"[0,1,2,3,4,27,88,111,145,157,196,227,262,312,333,335,380,411,423,437,438,444,452,468,505,508,514,521,563,581,688,704,705,737,740,760,772,775,793,810,834,848,862,866,867,889,942,970,979,981,985,995,1001,1026,1120,1145,1179,1184,1248,1254,1276,1278]","[[0,1],[1,1],[2,-1],[3,1],[4,-1],[27,1],[88,1],[111,1],[145,-1],[157,-1],[196,1],[227,-1],[262,-1],[312,1],[333,1],[335,1],[380,1],[411,1],[423,-1],[437,1],[438,-1],[444,1],[452,1],[468,-1],[505,-1],[508,-1],[514,1],[521,-1],[563,1],[581,1],[688,1],[704,-1],[705,-1],[737,1],[740,1],[760,-1],[772,-1],[775,1],[793,-1],[810,1],[834,1],[848,1],[862,1],[866,1],[867,-1],[889,-1],[942,-1],[970,-1],[979,-1],[981,-1],[985,-1],[995,1],[1001,-1],[1026,-1],[1120,-1],[1145,1],[1179,1],[1184,-1],[1248,-1],[1254,1],[1276,1],[1278,1]]","[85,132,31,14,125,80,47,86,48,111,44,77,62,30,51,69,108,10,7,128,117,104,56,52,136,97,34,109,16,65,22,74,101,106,42,58,49,78,116,70,13,110,3,87,68,82,43,45,2,35,66,129,115,20,33,57,54,26,61,5,88,91,121,12,72,134,25,93,92,28,98,71,50,94,120,105,76,53,100,8,60,55,122,67,63,130,107,37,90,112,19,124,113,95,4,79,59,103,0,123,17,133,118,32,9,1,75,102,137,73,11]","[167,275,205,189,271,270,147,145,206,177,219,276,272,269,200,197,257,166,244,194,266,215,161,146,227,243,248,253,151,184,148,220,256,260,261,203,235,152,250,212,234,176,231,242,182,226,150,204,198,157,156,251,224,222,246,160,228,143,192,179,262,180,240,173,171,214,178,193,188,213,236,163,237,195,229,207,254,153,190,210,202,221,155,239,258,174,247,196,249,175,139,141,259,169,238,140,225,142,144,159,158,172,241,187,191,183,186,274,211,154,168]",385e1c865c630129af1cee2fe3b0f20b96ee8d83fa7cae60f20ccf002102f3bf,111,834849049,1181094334,"[930035,7,5,0,139,200,26]",833711494,1918363426,[5],"{""5"":0}"
S7,7,930036,139,1.6770509831248424,5,,0,0.1,89,58,"[0,1,2,3,4,5,26,85,111,116,196,227,242,308,312,380,437,438,447,505,509,514,581,595,652,658,685,704,713,717,737,760,771,801,810,818,821,848,866,868,908,936,942,981,995,1001,1071,1078,1082,1098,1145,1184,1214,1224,1248,1261,1276,1278]","[[0,1],[1,1],[2,-1],[3,1],[4,-1],[5,1],[26,1],[85,-1],[111,1],[116,1],[196,1],[227,-1],[242,1],[308,1],[312,1],[380,1],[437,1],[438,-1],[447,1],[505,-1],[509,-1],[514,1],[581,1],[595,1],[652,1],[658,1],[685,-1],[704,-1],[713,-1],[717,-1],[737,1],[760,-1],[771,-1],[801,-1],[810,1],[818,-1],[821,-1],[848,1],[866,1],[868,-1],[908,1],[936,1],[942,-1],[981,-1],[995,1],[1001,-1],[1071,1],[1078,1],[1082,1],[1098,1],[1145,1],[1184,-1],[1214,1],[1224,1],[1248,-1],[1261,1],[1276,1],[1278,1]]","[76,116,82,105,92,30,132,57,24,75,56,50,39,63,31,138,12,112,78,72,2,0,23,107,5,70,91,71,69,123,44,90,81,124,115,58,129,6,43,120,109,16,13,55,53,68,102,41,47,101,37,49,32,113,84,108,77,110,48,85,103,137,118,67,18,86,33,25,127,60,93,89,29,73,133,7,95,83,128,122,136,46,10,35,59,27,61,97,88,131,38,62,17,40,119,19,42,80,87,45,3,28,22,64,20,114,130,26,8,21,74]","[177,228,233,147,249,159,241,201,231,265,262,250,193,213,163,198,270,196,151,161,247,214,166,255,171,153,243,239,269,202,234,261,254,277,172,273,144,217,190,187,142,188,183,206,248,174,168,226,246,232,154,252,157,199,253,156,276,164,148,245,160,158,222,155,244,169,264,184,197,185,230,258,240,207,162,210,152,150,235,216,229,224,268,178,189,200,223,218,170,251,227,209,145,203,176,195,211,274,140,212,242,165,267,182,225,191,179,167,194,263,192]",de3838b1c9970e0d42af6cedff6b85d596a083e41065dea6ac928cdc799083e0,111,4143882383,3449642850,"[930036,7,5,0,139,200,26]",1339992833,1918363426,[5],"{""5"":1}"
S7,7,930037,139,1.6770509831248424,5,,0,0.1,89,61,"[0,1,2,3,4,26,42,145,157,171,196,220,227,244,285,311,335,380,423,437,444,447,513,514,538,563,595,667,681,685,704,713,729,737,773,775,810,818,829,848,862,869,908,942,951,994,995,1001,1006,1008,1026,1041,1068,1071,1101,1114,1120,1141,1145,1276,1278]","[[0,1],[1,1],[2,-1],[3,1],[4,-1],[26,1],[42,1],[145,-1],[157,-1],[171,-1],[196,1],[220,-1],[227,-1],[244,-1],[285,1],[311,-1],[335,1],[380,1],[423,-1],[437,1],[444,1],[447,1],[513,-1],[514,1],[538,1],[563,1],[595,1],[667,1],[681,-1],[685,-1],[704,-1],[713,-1],[729,1],[737,1],[773,-1],[775,1],[810,1],[818,-1],[829,1],[848,1],[862,1],[869,-1],[908,1],[942,-1],[951,-1],[994,1],[995,1],[1001,-1],[1006,-1],[1008,-1],[1026,-1],[1041,1],[1068,1],[1071,1],[1101,1],[1114,1],[1120,-1],[1141,1],[1145,1],[1276,1],[1278,1]]","[57,14,1,73,115,117,22,36,76,123,70,52,91,78,96,105,23,121,104,5,10,116,112,119,11,124,71,61,93,33,114,35,85,17,4,106,34,129,102,103,127,81,28,135,128,136,30,55,95,137,53,86,29,59,60,110,42,63,92,6,50,49,51,16,38,125,27,39,98,83,69,37,90,120,41,47,15,13,2,65,79,107,100,45,58,131,25,75,82,132,77,24,66,21,0,67,134,64,43,87,46,109,48,74,84,97,138,133,72,126,54]","[161,166,270,174,243,211,262,140,255,240,172,197,188,193,228,175,245,204,170,216,250,145,203,259,191,200,257,158,252,149,173,162,277,209,273,246,201,153,207,176,167,213,157,223,190,155,146,229,276,156,141,220,195,182,227,249,144,189,212,242,234,271,168,151,143,247,148,235,180,272,202,221,231,261,274,258,187,192,267,199,160,232,171,256,233,152,241,198,186,150,178,253,165,147,139,265,254,210,218,224,177,214,222,169,219,183,264,244,238,236,215]",1a1020956f200be4cc02f111835a7707777a61bb8cc1a26a2dc95de392b79896,111,2353889488,1563177375,"[930037,7,5,0,139,200,26]",4004158113,1918363426,[5],"{""5"":0}"
S7,7,930038,139,1.6770509831248424,5,,0,0.1,89,60,"[0,1,2,3,4,16,27,145,163,171,196,198,219,227,239,240,244,287,303,316,333,335,380,397,437,438,490,507,514,553,563,581,658,685,737,773,775,810,818,821,866,926,942,979,981,985,991,994,995,1000,1001,1026,1027,1050,1101,1139,1145,1227,1256,1278]","[[0,1],[1,1],[2,-1],[3,1],[4,-1],[16,1],[27,1],[145,-1],[163,-1],[171,-1],[196,1],[198,-1],[219,1],[227,-1],[239,-1],[240,1],[244,-1],[287,-1],[303,1],[316,1],[333,1],[335,1],[380,1],[397,-1],[437,1],[438,-1],[490,-1],[507,-1],[514,1],[553,1],[563,1],[581,1],[658,1],[685,-1],[737,1],[773,-1],[775,1],[810,1],[818,-1],[821,-1],[866,1],[926,-1],[942,-1],[979,-1],[981,-1],[985,-1],[991,1],[994,1],[995,1],[1000,1],[1001,-1],[1026,-1],[1027,-1],[1050,1],[1101,1],[1139,-1],[1145,1],[1227,1],[1256,-1],[1278,1]]","[118,87,41,48,115,2,72,7,62,95,90,3,13,78,38,28,75,126,19,73,110,94,120,5,121,39,63,105,98,61,83,43,68,23,34,122,99,52,12,27,128,85,82,49,138,18,32,15,10,96,45,46,114,60,131,64,113,136,54,22,86,112,104,127,9,37,26,71,20,17,124,80,100,67,116,93,50,58,134,70,91,84,47,6,66,65,129,1,14,130,125,36,69,51,16,132,77,4,123,107,135,29,21,137,81,79,30,0,59,35,24]","[220,215,187,191,139,213,253,141,250,179,254,237,264,257,209,201,202,271,263,197,246,169,207,165,200,170,229,211,275,241,166,190,172,163,223,158,267,175,149,161,243,218,167,173,232,199,228,216,147,247,151,256,233,214,222,274,188,198,143,144,260,177,153,210,145,189,174,171,155,234,186,206,266,212,184,183,226,239,152,176,146,270,249,156,273,217,235,236,180,203,225,178,231,157,244,221,240,276,195,262,208,182,268,219,196,150,160,251,154,261,148]",afb95675a4e51d959d0bbfe31a1c85455716cdb56ad575a0fc78765bb04aa9a2,111,1818838715,1375726773,"[930038,7,5,0,139,200,26]",1471824711,1918363426,[5],"{""5"":0}"
S7,7,930039,139,1.6770509831248424,5,,0,0.1,89,56,"[0,1,2,3,4,16,77,103,157,224,227,285,290,335,397,408,437,444,490,514,595,624,666,685,713,714,772,829,867,868,881,908,942,951,970,979,981,985,995,1000,1001,1008,1012,1026,1027,1039,1078,1113,1120,1216,1224,1227,1243,1248,1254,1276]","[[0,1],[1,1],[2,-1],[3,1],[4,-1],[16,1],[77,1],[103,-1],[157,-1],[224,-1],[227,-1],[285,1],[290,1],[335,1],[397,-1],[408,-1],[437,1],[444,1],[490,-1],[514,1],[595,1],[624,1],[666,1],[685,-1],[713,-1],[714,1],[772,-1],[829,1],[867,-1],[868,-1],[881,1],[908,1],[942,-1],[951,-1],[970,-1],[979,-1],[981,-1],[985,-1],[995,1],[1000,1],[1001,-1],[1008,-1],[1012,-1],[1026,-1],[1027,-1],[1039,-1],[1078,1],[1113,1],[1120,-1],[1216,1],[1224,1],[1227,1],[1243,-1],[1248,-1],[1254,1],[1276,1]]","[31,96,134,37,40,129,34,6,45,80,3,47,70,66,125,102,25,78,2,51,131,114,17,121,41,59,49,36,7,113,81,72,43,52,130,28,138,117,82,99,91,15,9,126,35,8,20,112,101,71,120,107,97,60,67,73,68,27,92,104,18,13,65,77,57,10,94,1,63,108,87,95,128,116,85,53,79,135,16,61,90,22,122,44,29,4,56,64,98,89,132,76,109,137,33,106,5,48,118,30,111,83,26,38,115,24,124,123,50,100,42]","[191,251,242,203,221,167,227,273,220,267,213,148,223,173,255,256,214,192,162,225,170,219,252,181,169,151,182,180,235,234,166,194,258,149,247,272,276,253,259,262,184,277,206,222,139,161,172,230,145,198,159,271,226,205,238,243,157,143,264,147,201,249,193,187,165,228,208,174,196,275,231,209,268,189,236,200,215,156,178,190,158,232,146,171,274,141,244,144,224,176,260,202,250,185,142,239,265,160,168,229,195,140,212,233,155,254,216,150,164,218,217]",d9a3b805cd2fdd18020608451d85e624d138af0fbab2d93bfb05210814c969b2,111,1195160498,3940407217,"[930039,7,5,0,139,200,26]",2273590424,1918363426,[5],"{""5"":0}"
S7,7,930040,139,1.6770509831248424,5,,0,0.1,89,64,"[0,1,2,3,4,16,42,48,77,103,114,196,198,216,239,240,242,252,312,335,343,423,443,479,496,505,507,514,563,581,586,595,652,666,707,713,717,771,772,775,829,837,862,908,942,951,970,979,985,995,1006,1012,1021,1026,1078,1088,1101,1139,1145,1175,1177,1227,1254,1278]","[[0,1],[1,1],[2,-1],[3,1],[4,-1],[16,1],[42,1],[48,1],[77,1],[103,-1],[114,1],[196,1],[198,-1],[216,-1],[239,-1],[240,1],[242,1],[252,1],[312,1],[335,1],[343,-1],[423,-1],[443,1],[479,1],[496,1],[505,-1],[507,-1],[514,1],[563,1],[581,1],[586,-1],[595,1],[652,1],[666,1],[707,1],[713,-1],[717,-1],[771,-1],[772,-1],[775,1],[829,1],[837,-1],[862,1],[908,1],[942,-1],[951,-1],[970,-1],[979,-1],[985,-1],[995,1],[1006,-1],[1012,-1],[1021,1],[1026,-1],[1078,1],[1088,-1],[1101,1],[1139,-1],[1145,1],[1175,1],[1177,-1],[1227,1],[1254,1],[1278,1]]","[82,84,111,49,35,94,98,31,57,9,109,77,51,72,17,116,96,7,8,75,61,86,113,21,69,56,83,115,101,125,20,45,60,76,41,11,29,39,119,24,65,126,137,136,87,54,129,5,78,64,67,133,50,63,122,90,1,36,26,27,92,89,12,127,118,97,102,38,114,112,130,53,18,93,91,71,62,15,105,30,138,85,88,55,103,32,34,2,117,14,46,104,16,134,124,68,73,81,79,80,120,74,43,59,121,66,40,48,33,37,95]","[215,222,187,205,237,271,174,265,236,240,245,228,229,247,243,143,232,195,188,159,199,223,249,194,190,197,268,145,175,258,263,178,156,217,186,224,257,165,164,267,276,269,255,252,275,161,155,220,189,162,152,160,146,254,210,270,277,198,256,167,184,233,177,149,170,193,142,139,179,264,183,153,158,168,148,181,221,260,144,218,192,157,262,211,173,147,235,234,206,212,203,213,176,150,274,151,261,250,182,214,242,266,216,227,253,241,200,238,141,208,201]",bcde2c1deef0004ba8499f9ff0b6ffee9db1f9c4c0b4d84e493cf727448c335a,111,865503208,1735437950,"[930040,7,5,0,139,200,26]",1756644362,1918363426,[5],"{""5"":0}"
S7,7,930041,139,1.6770509831248424,5,,0,0.1,89,61,"[0,1,2,3,4,27,114,227,265,285,380,397,423,437,490,507,509,514,563,570,581,598,652,685,689,729,755,760,775,818,829,848,862,866,867,868,881,918,926,942,951,979,981,982,985,994,995,1000,1001,1012,1078,1099,1120,1145,1148,1214,1224,1248,1254,1263,1278]","[[0,1],[1,1],[2,-1],[3,1],[4,-1],[27,1],[114,1],[227,-1],[265,1],[285,1],[380,1],[397,-1],[423,-1],[437,1],[490,-1],[507,-1],[509,-1],[514,1],[563,1],[570,1],[581,1],[598,-1],[652,1],[685,-1],[689,1],[729,1],[755,-1],[760,-1],[775,1],[818,-1],[829,1],[848,1],[862,1],[866,1],[867,-1],[868,-1],[881,1],[918,-1],[926,-1],[942,-1],[951,-1],[979,-1],[981,-1],[982,1],[985,-1],[994,1],[995,1],[1000,1],[1001,-1],[1012,-1],[1078,1],[1099,1],[1120,-1],[1145,1],[1148,1],[1214,1],[1224,1],[1248,-1],[1254,1],[1263,1],[1278,1]]","[137,64,30,68,86,123,11,69,90,65,135,3,15,19,97,63,14,138,4,62,94,25,131,104,59,71,78,2,23,6,12,29,55,27,1,22,66,136,128,52,39,100,127,0,88,31,102,87,26,76,108,109,120,85,77,35,91,20,79,114,122,98,73,34,5,92,116,42,49,83,58,112,45,43,46,101,125,7,93,82,84,28,134,13,95,110,111,9,119,17,115,72,57,32,33,60,105,56,70,8,117,129,54,75,21,99,74,47,40,118,133]","[153,250,201,260,140,245,177,217,214,189,259,148,253,228,272,263,200,145,173,180,275,271,231,218,249,274,273,187,215,185,154,199,206,197,149,184,247,143,252,196,219,141,156,207,233,188,179,192,159,204,150,172,256,251,198,203,190,266,174,239,224,276,139,225,167,161,244,232,240,213,163,144,238,169,191,171,202,160,158,205,164,248,212,277,165,182,194,257,265,220,230,246,237,146,142,152,210,151,175,254,147,195,223,211,229,243,235,236,193,227,176]",b09f5c9f3d6c31926082a3e83b4ea7a5ac7e50d885ee56e8ded423ade9b851e5,111,3050501630,3870061858,"[930041,7,5,0,139,200,26]",1927340606,1918363426,[5],"{""5"":0}"
S7,7,930042,139,1.6770509831248424,5,,0,0.1,89,65,"[0,1,2,3,4,10,16,26,27,42,77,98,103,145,165,171,227,265,308,335,380,423,437,438,447,490,507,511,514,546,563,570,595,658,666,705,729,771,772,780,794,818,862,866,869,908,942,981,995,1000,1001,1021,1028,1068,1071,1078,1098,1120,1139,1145,1187,1219,1248,1276,1278]","[[0,1],[1,1],[2,-1],[3,1],[4,-1],[10,1],[16,1],[26,1],[27,1],[42,1],[77,1],[98,-1],[103,-1],[145,-1],[165,-1],[171,-1],[227,-1],[265,1],[308,1],[335,1],[380,1],[423,-1],[437,1],[438,-1],[447,1],[490,-1],[507,-1],[511,-1],[514,1],[546,1],[563,1],[570,1],[595,1],[658,1],[666,1],[705,-1],[729,1],[771,-1],[772,-1],[780,-1],[794,1],[818,-1],[862,1],[866,1],[869,-1],[908,1],[942,-1],[981,-1],[995,1],[1000,1],[1001,-1],[1021,1],[1028,-1],[1068,1],[1071,1],[1078,1],[1098,1],[1120,-1],[1139,-1],[1145,1],[1187,1],[1219,-1],[1248,-1],[1276,1],[1278,1]]","[100,60,95,136,30,70,5,92,121,123,66,81,93,38,117,39,26,130,63,78,14,108,133,22,57,53,86,124,107,82,74,135,131,10,109,4,118,8,88,1,125,46,87,106,28,21,27,17,69,35,32,112,91,48,90,51,40,45,97,37,65,56,62,101,29,111,3,83,116,12,134,115,64,41,129,73,80,72,52,99,20,0,11,122,19,18,84,13,127,75,61,105,6,113,16,79,9,36,138,44,34,59,55,76,67,25,24,96,31,2,15]","[146,158,237,256,269,139,198,176,199,266,234,145,149,216,153,174,140,144,185,213,235,202,150,163,212,164,165,188,181,157,258,172,239,229,169,261,175,195,217,173,227,260,247,177,209,230,155,245,268,264,152,241,276,254,208,142,197,148,244,151,201,200,255,273,193,226,211,167,259,233,204,249,228,191,263,215,238,220,178,143,161,240,222,170,270,166,252,271,180,168,248,194,219,243,257,221,206,196,187,214,242,186,156,160,272,184,232,262,246,236,182]",c52196059f4f6a47f50d3dd384ec2f3c3898d5d72e29555e7e18b0ef92b2c755,111,401731813,379569669,"[930042,7,5,0,139,200,26]",2591924879,1918363426,[5],"{""5"":0}"
S7,7,930043,139,1.6770509831248424,5,,0,0.1,89,57,"[0,1,2,3,4,16,27,42,114,145,171,196,242,297,310,312,397,408,423,426,433,437,538,553,578,598,626,685,772,775,800,818,821,866,869,908,942,970,981,985,995,1025,1026,1068,1078,1098,1120,1147,1161,1224,1227,1248,1250,1252,1254,1276,1278]","[[0,1],[1,1],[2,-1],[3,1],[4,-1],[16,1],[27,1],[42,1],[114,1],[145,-1],[171,-1],[196,1],[242,1],[297,-1],[310,-1],[312,1],[397,-1],[408,-1],[423,-1],[426,-1],[433,-1],[437,1],[538,1],[553,1],[578,-1],[598,-1],[626,1],[685,-1],[772,-1],[775,1],[800,-1],[818,-1],[821,-1],[866,1],[869,-1],[908,1],[942,-1],[970,-1],[981,-1],[985,-1],[995,1],[1025,1],[1026,-1],[1068,1],[1078,1],[1098,1],[1120,-1],[1147,1],[1161,1],[1224,1],[1227,1],[1248,-1],[1250,-1],[1252,-1],[1254,1],[1276,1],[1278,1]]","[84,16,56,105,94,22,104,88,59,18,92,36,23,137,138,61,42,7,109,62,96,82,2,126,5,13,129,9,102,85,20,41,71,43,26,54,49,12,58,91,131,46,135,69,37,121,47,111,127,8,80,75,67,95,29,28,107,89,98,118,50,39,124,123,108,97,74,45,130,113,87,120,53,112,4,3,86,70,106,40,6,116,1,90,35,30,81,64,60,34,115,66,117,21,132,101,100,31,57,15,103,128,38,17,122,33,32,48,77,65,133]","[235,264,270,209,183,193,186,194,223,192,254,161,166,269,236,267,245,276,257,152,219,237,250,175,169,170,164,249,182,145,141,272,266,201,222,173,263,206,176,260,189,258,179,165,140,247,202,197,208,143,225,151,185,188,162,167,277,139,218,274,234,149,241,228,210,204,157,243,196,262,242,153,150,156,177,230,172,159,181,190,174,187,231,221,268,168,261,259,239,195,252,246,256,148,248,200,265,273,238,160,229,215,271,180,198,244,251,155,220,255,199]",5c27d3e65f6d498b8be8acba71c514ba08483f65e221bc46cabd0db1ba372f97,111,2971427168,3159986425,"[930043,7,5,0,139,200,26]",54370021,1918363426,[5],"{""5"":0}"
S7,7,930044,139,1.6770509831248424,5,,0,0.1,89,60,"[0,1,2,3,4,42,145,171,196,198,227,244,308,311,333,335,423,426,433,437,438,444,490,507,514,581,674,772,775,818,829,834,862,881,908,926,942,951,970,981,985,991,994,995,1001,1006,1008,1012,1025,1027,1047,1078,1113,1120,1132,1141,1173,1179,1248,1278]","[[0,1],[1,1],[2,-1],[3,1],[4,-1],[42,1],[145,-1],[171,-1],[196,1],[198,-1],[227,-1],[244,-1],[308,1],[311,-1],[333,1],[335,1],[423,-1],[426,-1],[433,-1],[437,1],[438,-1],[444,1],[490,-1],[507,-1],[514,1],[581,1],[674,1],[772,-1],[775,1],[818,-1],[829,1],[834,1],[862,1],[881,1],[908,1],[926,-1],[942,-1],[951,-1],[970,-1],[981,-1],[985,-1],[991,1],[994,1],[995,1],[1001,-1],[1006,-1],[1008,-1],[1012,-1],[1025,1],[1027,-1],[1047,-1],[1078,1],[1113,1],[1120,-1],[1132,-1],[1141,1],[1173,1],[1179,1],[1248,-1],[1278,1]]","[62,84,80,88,56,12,81,22,46,18,138,38,115,67,37,126,100,5,20,105,11,63,123,112,90,119,83,101,10,96,120,15,125,102,40,19,58,118,133,134,87,59,44,128,107,60,3,17,79,114,52,98,122,43,72,124,53,45,85,73,110,82,1,106,25,109,86,39,104,76,27,4,35,33,50,26,71,55,9,28,48,117,127,75,41,66,108,14,31,7,49,30,113,13,136,61,57,89,68,0,99,97,116,65,8,91,70,24,131,64,23]","[256,145,147,226,204,262,258,142,268,193,272,239,215,188,230,174,183,254,255,229,158,201,228,276,211,242,195,252,247,249,240,206,184,178,149,173,224,198,191,180,236,172,213,154,251,250,160,266,151,217,171,227,155,185,232,202,270,181,144,189,241,271,207,179,176,208,169,218,165,152,175,245,238,233,244,159,140,223,265,259,273,157,263,221,264,257,177,170,274,212,186,190,246,196,161,214,162,143,225,182,194,220,203,231,234,209,197,219,139,141,153]",6a5126d628cb61e24c5379aa9fa6616caa20845785a1446367c9473321aa0617,111,1399155003,4080245037,"[930044,7,5,0,139,200,26]",1252618407,1918363426,[5],"{""5"":0}"
S7,7,930045,139,1.6770509831248424,5,,0,0.1,89,67,"[0,1,2,3,4,5,26,27,42,73,103,145,157,171,198,227,239,308,314,358,423,437,438,444,447,507,514,563,570,581,595,613,645,652,704,717,771,772,775,794,801,821,829,834,869,881,908,918,926,942,951,981,985,995,1008,1021,1026,1039,1078,1086,1120,1145,1173,1254,1256,1276,1278]","[[0,1],[1,1],[2,-1],[3,1],[4,-1],[5,1],[26,1],[27,1],[42,1],[73,-1],[103,-1],[145,-1],[157,-1],[171,-1],[198,-1],[227,-1],[239,-1],[308,1],[314,1],[358,1],[423,-1],[437,1],[438,-1],[444,1],[447,1],[507,-1],[514,1],[563,1],[570,1],[581,1],[595,1],[613,1],[645,1],[652,1],[704,-1],[717,-1],[771,-1],[772,-1],[775,1],[794,1],[801,-1],[821,-1],[829,1],[834,1],[869,-1],[881,1],[908,1],[918,-1],[926,-1],[942,-1],[951,-1],[981,-1],[985,-1],[995,1],[1008,-1],[1021,1],[1026,-1],[1039,-1],[1078,1],[1086,1],[1120,-1],[1145,1],[1173,1],[1254,1],[1256,-1],[1276,1],[1278,1]]","[0,130,58,59,97,25,84,95,83,128,62,24,32,107,103,87,21,89,102,134,114,124,69,49,65,34,12,4,113,27,26,31,46,79,55,88,54,57,126,38,1,133,17,93,123,40,82,109,42,131,86,91,8,20,108,78,96,74,110,45,77,85,13,2,67,101,135,76,52,9,50,22,100,35,14,136,43,6,122,5,105,104,116,53,41,7,48,47,64,117,73,70,75,129,98,125,39,80,37,120,23,60,29,56,119,72,66,99,127,51,92]","[179,233,232,192,197,144,239,268,180,164,167,153,249,241,208,263,230,244,237,261,156,264,222,206,271,225,252,257,181,147,185,140,143,170,178,199,276,224,251,254,259,182,193,262,207,157,163,250,273,214,212,221,240,269,255,159,160,229,238,204,223,146,227,203,216,248,253,228,165,265,272,242,154,152,219,258,245,190,186,151,158,270,209,211,266,196,201,166,231,184,246,195,177,189,205,168,277,215,149,198,150,187,226,275,202,174,171,173,236,234,267]",8be4507a9730cd643a13ccdb9997adacd8180c2776fb65e1bb9e1fe0421fa576,111,698932545,2847543645,"[930045,7,5,0,139,200,26]",1363748158,1918363426,[5],"{""5"":1}"
S7,7,930046,139,1.6770509831248424,5,,0,0.1,89,51,"[0,1,2,3,4,5,26,87,103,145,158,196,219,227,244,285,333,408,438,444,445,505,507,563,595,658,685,705,775,801,810,829,866,868,881,883,908,942,979,985,995,1000,1026,1078,1098,1101,1120,1145,1179,1224,1278]","[[0,1],[1,1],[2,-1],[3,1],[4,-1],[5,1],[26,1],[87,1],[103,-1],[145,-1],[158,1],[196,1],[219,1],[227,-1],[244,-1],[285,1],[333,1],[408,-1],[438,-1],[444,1],[445,1],[505,-1],[507,-1],[563,1],[595,1],[658,1],[685,-1],[705,-1],[775,1],[801,-1],[810,1],[829,1],[866,1],[868,-1],[881,1],[883,1],[908,1],[942,-1],[979,-1],[985,-1],[995,1],[1000,1],[1026,-1],[1078,1],[1098,1],[1101,1],[1120,-1],[1145,1],[1179,1],[1224,1],[1278,1]]","[23,77,57,45,81,87,39,69,71,136,48,25,13,119,138,67,15,92,90,111,6,31,10,50,43,37,88,129,82,63,33,102,121,103,112,49,120,123,61,110,128,85,36,42,38,98,47,41,3,84,58,46,26,0,122,1,109,73,115,79,108,118,93,75,5,76,9,130,80,20,101,137,53,68,70,127,65,107,117,83,62,105,60,34,19,17,11,64,91,28,132,94,21,40,66,16,133,24,56,134,4,96,113,2,54,100,7,116,104,59,27]","[226,139,262,169,209,145,157,151,195,154,177,259,190,231,266,152,212,172,180,220,230,192,238,261,164,211,216,225,206,214,258,196,143,179,268,186,159,223,153,155,208,256,173,228,264,202,254,189,144,222,199,181,213,178,273,269,276,234,247,265,272,267,242,140,245,191,194,176,185,201,141,257,162,271,183,244,171,236,204,203,255,175,165,240,219,250,210,156,150,237,251,270,221,200,274,233,249,160,146,158,148,188,218,184,167,149,147,207,229,142,193]",c6eda996464b727ad398b9bec13daea35b44cba20c4b37a92a30cc30ee19828a,111,1356536660,3424478705,"[930046,7,5,0,139,200,26]",2098808741,1918363426,[5],"{""5"":1}"
S7,7,930047,139,1.6770509831248424,5,,0,0.1,89,67,"[0,1,2,3,4,16,42,103,157,165,196,198,219,242,308,312,335,380,397,408,437,438,445,447,507,514,570,580,581,595,658,681,685,705,713,737,772,775,794,796,834,861,862,866,918,926,942,951,970,979,985,995,1000,1001,1029,1052,1068,1078,1120,1139,1145,1220,1224,1254,1276,1277,1278]","[[0,1],[1,1],[2,-1],[3,1],[4,-1],[16,1],[42,1],[103,-1],[157,-1],[165,-1],[196,1],[198,-1],[219,1],[242,1],[308,1],[312,1],[335,1],[380,1],[397,-1],[408,-1],[437,1],[438,-1],[445,1],[447,1],[507,-1],[514,1],[570,1],[580,1],[581,1],[595,1],[658,1],[681,-1],[685,-1],[705,-1],[713,-1],[737,1],[772,-1],[775,1],[794,1],[796,-1],[834,1],[861,-1],[862,1],[866,1],[918,-1],[926,-1],[942,-1],[951,-1],[970,-1],[979,-1],[985,-1],[995,1],[1000,1],[1001,-1],[1029,1],[1052,-1],[1068,1],[1078,1],[1120,-1],[1139,-1],[1145,1],[1220,1],[1224,1],[1254,1],[1276,1],[1277,1],[1278,1]]","[70,136,58,90,129,102,78,28,32,6,10,72,27,43,71,57,76,135,4,111,37,118,2,74,23,68,88,19,45,114,105,79,24,109,61,134,100,67,52,77,59,65,104,13,30,81,126,113,44,127,116,15,60,29,119,92,94,9,131,86,8,120,125,21,56,36,63,138,1,96,26,54,42,112,0,47,69,14,132,34,121,20,115,50,89,101,49,46,17,107,16,51,123,133,25,33,97,35,82,39,73,48,117,55,11,128,84,5,22,106,130]","[236,211,260,249,228,156,144,164,268,172,272,218,160,253,244,153,179,140,161,219,182,267,167,169,159,232,248,269,240,204,145,212,233,264,175,205,255,259,226,142,238,234,224,185,261,273,173,215,229,262,206,276,158,222,178,271,163,208,183,241,195,247,265,225,239,196,231,143,176,162,187,245,200,242,270,154,184,221,181,165,235,180,151,263,168,277,190,193,149,246,192,186,210,199,194,198,155,139,166,220,207,197,243,257,188,258,266,216,150,191,171]",51fd31b754b32cc65bc6bfa25e225e0fe6213afbdda2ea7ea8c459b209c66794,111,3742624096,2510112076,"[930047,7,5,0,139,200,26]",2201894279,1918363426,[5],"{""5"":0}"
S7,7,930048,139,1.6770509831248424,5,,0,0.1,89,59,"[0,1,2,3,4,42,54,79,103,139,145,157,171,183,198,242,308,311,355,430,435,438,444,445,452,468,490,505,514,570,595,704,713,775,801,834,866,868,913,922,926,942,970,979,995,1008,1025,1026,1057,1078,1120,1145,1161,1167,1175,1179,1184,1227,1254]","[[0,1],[1,1],[2,-1],[3,1],[4,-1],[42,1],[54,-1],[79,1],[103,-1],[139,1],[145,-1],[157,-1],[171,-1],[183,1],[198,-1],[242,1],[308,1],[311,-1],[355,1],[430,1],[435,-1],[438,-1],[444,1],[445,1],[452,1],[468,-1],[490,-1],[505,-1],[514,1],[570,1],[595,1],[704,-1],[713,-1],[775,1],[801,-1],[834,1],[866,1],[868,-1],[913,1],[922,1],[926,-1],[942,-1],[970,-1],[979,-1],[995,1],[1008,-1],[1025,1],[1026,-1],[1057,1],[1078,1],[1120,-1],[1145,1],[1161,1],[1167,-1],[1175,1],[1179,1],[1184,-1],[1227,1],[1254,1]]","[91,71,50,88,32,122,104,63,119,54,33,125,110,69,56,74,101,10,43,19,59,3,121,99,117,17,57,113,135,105,79,66,61,106,47,49,80,67,40,23,97,28,41,111,18,45,65,123,4,81,77,39,126,98,53,25,64,93,108,35,128,42,109,70,52,83,36,62,92,55,8,14,5,78,12,11,114,72,133,13,82,38,102,118,84,137,138,95,96,68,24,136,75,120,127,129,94,130,107,21,89,9,51,2,46,27,132,34,86,124,60]","[229,221,142,234,202,252,176,162,276,274,269,219,180,160,192,246,273,173,272,257,190,140,245,187,236,185,167,260,170,248,146,143,214,256,204,249,159,255,157,253,158,250,201,212,238,207,263,164,266,168,241,223,268,262,233,200,174,189,224,150,216,152,225,213,270,181,210,258,235,218,186,139,203,194,240,172,166,145,147,230,275,254,149,228,163,211,232,205,206,197,251,267,217,261,188,148,182,226,239,220,165,277,231,243,271,183,259,155,198,227,244]",8651cbf87ed427497be37af0bf01a83ff9625b8a22e78bc8024850ba8b69899c,111,1064557996,2687962857,"[930048,7,5,0,139,200,26]",4055852145,1918363426,[5],"{""5"":0}"
S7,7,930049,139,1.6770509831248424,5,,0,0.3,149,138,"[0,1,2,3,4,5,12,16,26,42,73,101,103,145,157,196,198,214,216,219,227,240,242,268,269,270,274,285,289,308,311,333,335,343,380,397,405,408,411,423,426,437,445,448,450,451,456,464,479,502,505,507,538,549,551,563,570,572,581,582,585,588,595,615,652,658,665,667,674,685,688,690,717,763,772,773,775,794,801,806,816,818,837,848,866,867,869,881,908,911,912,913,918,922,938,942,951,962,970,975,979,981,985,995,1001,1006,1028,1032,1039,1047,1053,1072,1078,1082,1098,1113,1115,1120,1139,1143,1144,1145,1164,1167,1173,1177,1178,1184,1216,1226,1227,1234,1243,1254,1256,1263,1276,1278]","[[0,1],[1,1],[2,-1],[3,1],[4,-1],[5,1],[12,-1],[16,1],[26,1],[42,1],[73,-1],[101,-1],[103,-1],[145,-1],[157,-1],[196,1],[198,-1],[214,-1],[216,-1],[219,1],[227,-1],[240,1],[242,1],[268,-1],[269,-1],[270,1],[274,-1],[285,1],[289,1],[308,1],[311,-1],[333,1],[335,1],[343,-1],[380,1],[397,-1],[405,-1],[408,-1],[411,1],[423,-1],[426,-1],[437,1],[445,1],[448,-1],[450,1],[451,1],[456,1],[464,1],[479,1],[502,1],[505,-1],[507,-1],[538,1],[549,-1],[551,-1],[563,1],[570,1],[572,1],[581,1],[582,-1],[585,1],[588,1],[595,1],[615,-1],[652,1],[658,1],[665,-1],[667,1],[674,1],[685,-1],[688,1],[690,-1],[717,-1],[763,1],[772,-1],[773,-1],[775,1],[794,1],[801,-1],[806,1],[816,-1],[818,-1],[837,-1],[848,1],[866,1],[867,-1],[869,-1],[881,1],[908,1],[911,-1],[912,1],[913,1],[918,-1],[922,1],[938,1],[942,-1],[951,-1],[962,-1],[970,-1],[975,1],[979,-1],[981,-1],[985,-1],[995,1],[1001,-1],[1006,-1],[1028,-1],[1032,-1],[1039,-1],[1047,-1],[1053,-1],[1072,1],[1078,1],[1082,1],[1098,1],[1113,1],[1115,1],[1120,-1],[1139,-1],[1143,-1],[1144,-1],[1145,1],[1164,-1],[1167,-1],[1173,1],[1177,-1],[1178,1],[1184,-1],[1216,1],[1226,-1],[1227,1],[1234,1],[1243,-1],[1254,1],[1256,-1],[1263,1],[1276,1],[1278,1]]","[9,103,7,16,63,137,129,132,21,32,0,79,8,3,20,121,43,49,109,34,18,119,90,30,114,108,85,122,46,130,120,135,80,118,14,78,11,84,113,66,68,98,83,29,89,88,101,107,45,73,62,57,67,124,136,61,35,4,2,105,131,25,86,47,65,42,12,41,104,19,15,56,70,111,17,128,39,123,44,52,97,55,116,99,106,75,102,5,82,58,60,26,40,110,1,54,33,6,50,115,10,133,91,125,53,96,27,76,64,87,81]","[186,231,171,217,166,204,181,256,154,196,247,220,163,216,232,145,237,269,190,258,159,242,221,245,179,146,270,257,157,202,185,252,147,268,151,167,218,188,206,177,197,267,223,241,228,235,262,165,156,250,183,261,187,161,240,227,201,229,276,207,248,208,149,140,141,180,238,230,214,174,194,219,210,265,263,168,150,198,200,234,148,213,169,253,172,164,178,225,205,272,211,160,142,249,193,158,236,274,251,239,255,244,275,153,184,152,226,191,175,195,224]",be13450e0b3cd8cf84ac24dbe85c028cf03bba3e7ad264c0997ac9d458380bdc,111,1345607406,1785245729,"[930049,7,5,0,139,200,26]",1637746950,1918363426,[5],"{""5"":1}"
S7,7,930050,139,1.6770509831248424,5,,0,0.1,89,55,"[0,1,2,3,4,5,16,54,157,171,196,227,244,312,335,358,397,426,437,438,444,505,507,514,563,598,613,666,760,800,801,810,818,829,842,848,866,942,949,970,979,981,985,994,995,1026,1039,1078,1099,1120,1145,1148,1214,1254,1278]","[[0,1],[1,1],[2,-1],[3,1],[4,-1],[5,1],[16,1],[54,-1],[157,-1],[171,-1],[196,1],[227,-1],[244,-1],[312,1],[335,1],[358,1],[397,-1],[426,-1],[437,1],[438,-1],[444,1],[505,-1],[507,-1],[514,1],[563,1],[598,-1],[613,1],[666,1],[760,-1],[800,-1],[801,-1],[810,1],[818,-1],[829,1],[842,1],[848,1],[866,1],[942,-1],[949,1],[970,-1],[979,-1],[981,-1],[985,-1],[994,1],[995,1],[1026,-1],[1039,-1],[1078,1],[1099,1],[1120,-1],[1145,1],[1148,1],[1214,1],[1254,1],[1278,1]]","[102,86,42,89,17,109,122,27,81,58,138,12,30,72,32,101,133,21,31,18,110,7,85,116,111,100,97,26,57,40,16,90,87,113,104,84,19,0,29,51,38,66,123,59,62,137,41,78,8,9,28,2,45,46,80,71,127,15,99,82,4,131,107,6,20,24,130,69,98,92,91,47,106,79,88,118,68,67,83,55,73,37,103,74,105,65,125,76,119,95,56,136,54,64,112,5,50,132,35,114,39,61,22,115,120,96,129,34,94,23,108]","[142,193,187,255,266,264,207,238,269,262,250,247,150,219,201,176,146,239,233,229,235,155,178,221,231,254,242,268,261,225,208,194,159,234,213,276,181,267,227,158,243,218,163,139,273,274,149,256,191,147,249,160,145,190,140,210,189,164,161,257,253,206,151,223,183,173,258,214,165,202,211,205,220,185,175,177,244,251,237,174,245,180,156,167,169,179,182,228,143,209,203,217,196,260,241,277,275,153,246,212,195,224,248,152,197,192,162,166,222,236,171]",9847ba34b0c2ffc695de598db8c72af0d1fe667827df7080ec01821e0183e4dc,111,2522878709,1265639955,"[930050,7,5,0,139,200,26]",167781083,1918363426,[5],"{""5"":1}"
S7,7,930051,139,1.6770509831248424,5,,0,0.1,89,64,"[0,1,2,3,4,16,27,42,77,114,145,157,171,196,214,227,244,308,312,397,437,444,445,450,505,507,514,578,586,685,704,713,729,771,773,775,801,821,848,861,867,868,880,883,911,942,985,995,997,1000,1006,1008,1068,1078,1120,1145,1148,1177,1179,1184,1214,1235,1254,1278]","[[0,1],[1,1],[2,-1],[3,1],[4,-1],[16,1],[27,1],[42,1],[77,1],[114,1],[145,-1],[157,-1],[171,-1],[196,1],[214,-1],[227,-1],[244,-1],[308,1],[312,1],[397,-1],[437,1],[444,1],[445,1],[450,1],[505,-1],[507,-1],[514,1],[578,-1],[586,-1],[685,-1],[704,-1],[713,-1],[729,1],[771,-1],[773,-1],[775,1],[801,-1],[821,-1],[848,1],[861,-1],[867,-1],[868,-1],[880,-1],[883,1],[911,-1],[942,-1],[985,-1],[995,1],[997,1],[1000,1],[1006,-1],[1008,-1],[1068,1],[1078,1],[1120,-1],[1145,1],[1148,1],[1177,-1],[1179,1],[1184,-1],[1214,1],[1235,-1],[1254,1],[1278,1]]","[63,34,41,117,136,51,7,84,89,36,5,108,30,68,28,102,107,1,39,106,11,25,21,64,112,49,66,58,126,78,53,125,57,123,33,113,137,37,90,120,6,91,132,118,18,111,22,42,14,70,85,46,52,127,74,95,4,93,55,23,129,128,60,122,94,71,88,13,26,56,103,2,54,61,32,73,31,114,86,24,19,81,77,15,83,130,82,110,67,27,48,44,59,79,101,116,135,76,109,0,8,87,17,99,62,72,105,119,47,97,50]","[222,202,178,247,250,236,224,221,275,258,140,156,270,151,272,185,216,201,246,180,163,211,210,157,204,187,242,232,153,139,264,193,164,223,175,262,189,171,144,167,158,255,265,182,227,251,166,141,230,149,186,206,194,195,267,170,208,212,271,213,234,238,218,159,160,248,188,146,155,276,207,249,143,240,268,152,243,142,162,274,147,256,205,191,245,198,269,261,169,237,260,161,214,220,150,200,177,277,168,176,266,165,253,181,199,235,273,154,179,209,252]",3ea66d8461aa4bf4cb0096aa35c42166890b832b07d7a7d4746d3a3e22bf9762,111,609594902,1619359914,"[930051,7,5,0,139,200,26]",2993017706,1918363426,[5],"{""5"":0}"
S7,7,930052,139,1.6770509831248424,5,,0,0.1,89,73,"[0,1,2,3,4,27,42,48,101,103,109,145,157,171,219,227,244,308,333,358,411,412,423,437,438,452,507,508,514,581,586,638,658,713,760,771,780,794,818,834,867,875,903,905,908,917,918,922,926,942,970,979,985,994,995,1000,1001,1006,1078,1101,1104,1120,1139,1145,1148,1179,1214,1216,1224,1248,1254,1276,1278]","[[0,1],[1,1],[2,-1],[3,1],[4,-1],[27,1],[42,1],[48,1],[101,-1],[103,-1],[109,1],[145,-1],[157,-1],[171,-1],[219,1],[227,-1],[244,-1],[308,1],[333,1],[358,1],[411,1],[412,-1],[423,-1],[437,1],[438,-1],[452,1],[507,-1],[508,-1],[514,1],[581,1],[586,-1],[638,1],[658,1],[713,-1],[760,-1],[771,-1],[780,-1],[794,1],[818,-1],[834,1],[867,-1],[875,1],[903,1],[905,1],[908,1],[917,-1],[918,-1],[922,1],[926,-1],[942,-1],[970,-1],[979,-1],[985,-1],[994,1],[995,1],[1000,1],[1001,-1],[1006,-1],[1078,1],[1101,1],[1104,-1],[1120,-1],[1139,-1],[1145,1],[1148,1],[1179,1],[1214,1],[1216,1],[1224,1],[1248,-1],[1254,1],[1276,1],[1278,1]]","[89,67,55,15,12,129,42,78,102,19,57,43,18,86,61,121,68,58,104,41,48,37,32,98,65,103,101,0,22,36,134,128,105,130,6,4,2,33,21,108,66,14,47,9,69,125,111,53,92,95,74,136,94,107,106,132,26,40,3,114,77,81,70,88,35,7,39,45,83,11,119,80,27,62,54,82,60,34,64,28,1,75,30,20,109,99,115,93,79,118,52,17,76,123,126,25,127,8,51,63,73,120,138,10,87,113,85,5,122,116,117]","[265,225,175,232,165,158,270,163,161,149,267,187,215,277,257,213,223,156,228,185,271,150,154,221,159,199,248,203,245,205,242,197,241,252,274,207,244,269,193,237,238,255,251,148,226,258,234,206,179,266,224,160,254,192,173,188,210,275,176,212,153,261,219,177,174,155,198,239,250,139,273,162,190,202,172,209,229,147,272,253,201,146,186,141,216,208,243,217,204,170,214,268,246,166,140,196,235,220,194,181,151,240,247,233,191,143,169,231,227,145,184]",6edb105bc58264b3e74f8c8893b6ba3cee307cd26f2b2dbe0d7271a288748965,111,3991447519,1613517903,"[930052,7,5,0,139,200,26]",4036837478,1918363426,[5],"{""5"":0}"
S7,7,930053,139,1.6770509831248424,5,,0,0.1,89,65,"[0,1,2,3,4,42,56,77,157,198,209,227,270,308,311,314,333,416,423,438,444,505,507,521,527,563,578,586,600,616,647,705,713,717,771,775,794,818,821,848,862,866,867,881,908,942,979,981,985,994,995,1026,1052,1056,1078,1101,1104,1113,1177,1184,1214,1224,1254,1256,1278]","[[0,1],[1,1],[2,-1],[3,1],[4,-1],[42,1],[56,-1],[77,1],[157,-1],[198,-1],[209,1],[227,-1],[270,1],[308,1],[311,-1],[314,1],[333,1],[416,-1],[423,-1],[438,-1],[444,1],[505,-1],[507,-1],[521,-1],[527,-1],[563,1],[578,-1],[586,-1],[600,-1],[616,1],[647,1],[705,-1],[713,-1],[717,-1],[771,-1],[775,1],[794,1],[818,-1],[821,-1],[848,1],[862,1],[866,1],[867,-1],[881,1],[908,1],[942,-1],[979,-1],[981,-1],[985,-1],[994,1],[995,1],[1026,-1],[1052,-1],[1056,-1],[1078,1],[1101,1],[1104,-1],[1113,1],[1177,-1],[1184,-1],[1214,1],[1224,1],[1254,1],[1256,-1],[1278,1]]","[21,104,23,81,68,84,45,116,124,51,87,17,130,136,31,80,11,135,129,15,71,78,98,73,9,0,44,85,110,74,28,132,79,42,32,18,40,77,137,29,115,26,27,134,109,22,123,92,41,117,99,107,38,118,112,97,53,113,58,138,66,96,16,108,133,131,39,19,64,49,119,120,46,61,47,72,63,93,56,4,67,127,125,69,94,52,62,121,60,3,90,57,76,89,48,111,88,36,95,8,83,114,54,7,2,1,102,5,25,12,13]","[150,153,165,254,161,224,215,206,204,148,180,195,192,267,211,197,227,175,191,263,257,185,154,231,152,251,214,143,244,234,238,233,218,169,269,242,145,274,255,164,168,184,217,212,225,226,186,240,241,202,243,222,146,142,252,200,181,167,207,270,178,149,188,193,264,144,228,201,256,190,170,147,189,250,174,219,273,235,205,162,139,261,237,194,262,277,276,232,209,177,176,179,245,158,183,247,208,259,160,203,159,198,141,230,268,275,266,221,171,173,260]",d978cf2684246816c8aba12b538d2b051098231f727c9817982cb16c9f3a8ddd,111,4073175055,4224063509,"[930053,7,5,0,139,200,26]",3699461546,1918363426,[5],"{""5"":0}"
S7,7,930054,139,1.6770509831248424,5,,0,0.1,89,55,"[0,1,2,3,4,27,77,145,157,227,308,311,333,335,355,397,408,437,438,444,450,452,490,507,514,521,675,713,801,810,829,834,848,866,869,915,922,942,962,970,981,985,995,1026,1078,1098,1099,1120,1145,1179,1216,1224,1248,1254,1276]","[[0,1],[1,1],[2,-1],[3,1],[4,-1],[27,1],[77,1],[145,-1],[157,-1],[227,-1],[308,1],[311,-1],[333,1],[335,1],[355,1],[397,-1],[408,-1],[437,1],[438,-1],[444,1],[450,1],[452,1],[490,-1],[507,-1],[514,1],[521,-1],[675,1],[713,-1],[801,-1],[810,1],[829,1],[834,1],[848,1],[866,1],[869,-1],[915,-1],[922,1],[942,-1],[962,-1],[970,-1],[981,-1],[985,-1],[995,1],[1026,-1],[1078,1],[1098,1],[1099,1],[1120,-1],[1145,1],[1179,1],[1216,1],[1224,1],[1248,-1],[1254,1],[1276,1]]","[62,113,58,126,75,45,11,65,47,95,104,42,28,13,124,53,91,77,4,88,90,102,92,121,7,107,122,41,27,97,21,82,33,71,137,32,114,25,128,101,51,66,34,79,100,22,43,36,133,18,60,55,96,74,67,12,70,94,109,57,3,14,59,118,52,85,68,123,48,117,131,16,63,23,76,31,38,78,80,136,6,125,127,103,81,9,129,20,93,111,19,35,56,10,54,26,99,112,84,50,110,0,119,89,5,98,64,86,87,106,115]","[234,266,225,146,251,260,160,206,140,238,185,149,148,243,142,168,145,275,224,276,157,215,184,163,254,231,183,258,219,239,240,244,277,270,267,212,175,274,170,228,236,250,237,155,143,247,195,169,164,209,150,182,193,153,246,265,255,218,201,167,205,192,220,197,249,269,245,221,191,230,139,152,203,262,159,233,179,217,227,253,190,252,271,202,264,268,154,210,213,173,256,165,166,257,211,156,261,232,187,207,141,144,172,226,223,235,273,194,178,272,214]",7d7f8573ba31930220e3a38e567d64f60f25be81aeb0c939bce213ae099fc6e8,111,3087245679,2924274425,"[930054,7,5,0,139,200,26]",1135678237,1918363426,[5],"{""5"":0}"
S7,7,930055,139,1.6770509831248424,5,,0,0.1,89,59,"[0,1,2,3,4,16,77,145,157,171,196,198,227,262,335,387,397,423,437,438,452,553,563,581,585,652,680,685,704,705,716,717,771,773,775,794,810,834,837,866,881,918,926,942,979,985,995,1000,1001,1006,1021,1025,1078,1145,1177,1241,1256,1276,1278]","[[0,1],[1,1],[2,-1],[3,1],[4,-1],[16,1],[77,1],[145,-1],[157,-1],[171,-1],[196,1],[198,-1],[227,-1],[262,-1],[335,1],[387,1],[397,-1],[423,-1],[437,1],[438,-1],[452,1],[553,1],[563,1],[581,1],[585,1],[652,1],[680,-1],[685,-1],[704,-1],[705,-1],[716,-1],[717,-1],[771,-1],[773,-1],[775,1],[794,1],[810,1],[834,1],[837,-1],[866,1],[881,1],[918,-1],[926,-1],[942,-1],[979,-1],[985,-1],[995,1],[1000,1],[1001,-1],[1006,-1],[1021,1],[1025,1],[1078,1],[1145,1],[1177,-1],[1241,-1],[1256,-1],[1276,1],[1278,1]]","[24,11,15,79,1,85,2,54,43,88,4,52,105,136,86,118,59,87,25,66,39,138,74,134,132,93,21,123,113,44,73,12,78,68,63,89,47,55,28,58,20,32,31,51,53,14,48,42,99,125,61,103,7,19,65,135,71,121,116,104,5,96,76,18,107,13,22,45,90,3,29,64,84,128,100,122,72,131,95,111,91,35,30,124,49,27,37,26,0,94,6,126,98,115,34,130,62,40,82,33,9,75,70,137,50,112,46,109,117,80,17]","[185,181,178,258,189,198,147,218,171,203,140,214,144,219,229,266,164,200,158,193,234,187,251,225,182,276,257,174,151,201,248,237,207,159,172,233,272,238,264,146,170,168,191,213,236,143,224,206,173,176,216,261,271,186,260,154,161,252,208,270,167,239,247,155,274,255,246,232,220,222,262,157,223,184,202,231,166,179,263,253,241,141,153,142,217,190,139,188,268,165,183,152,244,254,199,180,209,177,267,221,196,275,175,163,256,197,259,228,148,149,194]",d142299a417f8f7725f9d248e958554321f11e58d71bae68b6926d71cb5cabb9,111,2796497172,766799366,"[930055,7,5,0,139,200,26]",1127673580,1918363426,[5],"{""5"":0}"
S7,7,930056,139,1.6770509831248424,5,,0,0.1,89,64,"[0,1,2,3,4,5,16,26,27,42,43,145,157,191,198,216,259,274,308,312,314,335,343,397,411,423,437,513,581,595,652,658,681,685,713,772,775,780,801,816,818,821,829,834,866,867,868,875,908,942,979,985,994,1026,1068,1078,1145,1164,1227,1248,1254,1256,1269,1278]","[[0,1],[1,1],[2,-1],[3,1],[4,-1],[5,1],[16,1],[26,1],[27,1],[42,1],[43,-1],[145,-1],[157,-1],[191,-1],[198,-1],[216,-1],[259,-1],[274,-1],[308,1],[312,1],[314,1],[335,1],[343,-1],[397,-1],[411,1],[423,-1],[437,1],[513,-1],[581,1],[595,1],[652,1],[658,1],[681,-1],[685,-1],[713,-1],[772,-1],[775,1],[780,-1],[801,-1],[816,-1],[818,-1],[821,-1],[829,1],[834,1],[866,1],[867,-1],[868,-1],[875,1],[908,1],[942,-1],[979,-1],[985,-1],[994,1],[1026,-1],[1068,1],[1078,1],[1145,1],[1164,-1],[1227,1],[1248,-1],[1254,1],[1256,-1],[1269,1],[1278,1]]","[69,76,114,107,137,132,35,44,14,111,118,46,77,7,36,8,27,131,63,65,125,17,54,105,42,97,6,34,102,13,112,73,2,45,1,115,15,12,108,38,20,109,26,40,75,117,136,113,138,91,119,19,89,32,92,100,59,50,93,58,30,37,129,72,68,24,87,67,83,18,88,60,120,4,62,99,70,116,25,90,49,121,3,61,41,133,56,124,79,101,123,31,74,98,127,53,94,28,55,21,9,134,66,16,71,95,47,52,85,130,104]","[269,234,228,156,261,160,148,252,219,190,227,244,257,155,169,236,217,180,173,165,191,195,152,163,184,247,182,213,204,183,144,140,262,245,225,170,270,265,275,276,164,250,147,258,241,248,171,197,256,188,207,237,253,162,209,222,231,205,154,243,277,210,143,186,200,151,185,251,139,216,149,208,267,246,215,273,189,229,145,194,175,268,172,272,214,271,201,187,203,168,233,166,260,259,176,161,230,158,196,221,254,232,249,157,211,167,220,242,240,223,212]",f65b158db556df4f210b35346de82dac78574c63c71970adf59bf664a5717f02,111,4086963806,1200800518,"[930056,7,5,0,139,200,26]",1383131604,1918363426,[5],"{""5"":1}"
S7,7,930057,139,1.6770509831248424,5,,0,0.1,89,60,"[0,1,2,3,4,16,42,77,101,103,219,227,239,242,244,308,333,335,358,380,426,437,444,447,452,507,508,563,652,689,713,775,801,862,908,911,926,942,951,979,981,985,990,995,1012,1025,1071,1078,1098,1101,1104,1113,1120,1139,1145,1177,1206,1227,1256,1278]","[[0,1],[1,1],[2,-1],[3,1],[4,-1],[16,1],[42,1],[77,1],[101,-1],[103,-1],[219,1],[227,-1],[239,-1],[242,1],[244,-1],[308,1],[333,1],[335,1],[358,1],[380,1],[426,-1],[437,1],[444,1],[447,1],[452,1],[507,-1],[508,-1],[563,1],[652,1],[689,1],[713,-1],[775,1],[801,-1],[862,1],[908,1],[911,-1],[926,-1],[942,-1],[951,-1],[979,-1],[981,-1],[985,-1],[990,-1],[995,1],[1012,-1],[1025,1],[1071,1],[1078,1],[1098,1],[1101,1],[1104,-1],[1113,1],[1120,-1],[1139,-1],[1145,1],[1177,-1],[1206,-1],[1227,1],[1256,-1],[1278,1]]","[12,17,96,36,135,40,118,71,134,31,87,112,81,70,82,102,22,6,35,127,69,28,43,39,45,73,15,53,120,38,29,91,7,74,66,46,5,51,48,57,21,54,55,34,129,67,50,125,32,27,132,114,119,128,3,8,131,109,110,90,124,30,37,104,75,1,11,64,78,41,79,65,83,95,126,93,23,105,121,19,77,113,72,116,24,122,25,2,137,52,0,123,80,60,63,115,26,33,62,47,68,98,49,44,76,84,4,56,9,106,18]","[241,198,272,197,148,194,154,238,222,180,233,225,206,213,195,145,265,276,201,187,169,250,174,202,215,217,153,199,258,254,274,178,271,228,185,179,229,273,264,163,200,230,161,184,231,150,204,275,168,248,262,143,165,151,226,140,181,189,261,242,156,269,158,220,219,176,236,263,141,223,253,259,251,142,203,152,170,240,247,196,192,157,244,245,159,252,267,211,147,188,146,243,232,186,277,162,270,224,268,183,249,160,190,255,209,227,164,175,260,166,235]",fe9a482164d6fb4121ffcfc7e1fe58d30c783d8f2c931c2e1b5b98ccf5532431,111,2436468299,1147123872,"[930057,7,5,0,139,200,26]",3828922151,1918363426,[5],"{""5"":0}"
S7,7,930058,139,1.6770509831248424,5,,0,0.1,89,52,"[0,1,2,3,4,16,42,157,242,259,297,308,311,335,355,397,437,438,445,454,507,508,513,514,521,581,586,633,681,685,713,775,821,829,834,837,883,908,942,970,979,981,985,995,1001,1025,1026,1064,1104,1120,1139,1145]","[[0,1],[1,1],[2,-1],[3,1],[4,-1],[16,1],[42,1],[157,-1],[242,1],[259,-1],[297,-1],[308,1],[311,-1],[335,1],[355,1],[397,-1],[437,1],[438,-1],[445,1],[454,-1],[507,-1],[508,-1],[513,-1],[514,1],[521,-1],[581,1],[586,-1],[633,-1],[681,-1],[685,-1],[713,-1],[775,1],[821,-1],[829,1],[834,1],[837,-1],[883,1],[908,1],[942,-1],[970,-1],[979,-1],[981,-1],[985,-1],[995,1],[1001,-1],[1025,1],[1026,-1],[1064,1],[1104,-1],[1120,-1],[1139,-1],[1145,1]]","[72,87,57,89,104,79,23,85,117,78,44,2,100,126,19,15,102,137,70,91,45,111,138,34,16,14,5,118,13,1,22,49,107,37,64,10,81,120,40,112,129,90,114,33,35,47,24,77,74,75,36,76,125,18,54,116,4,84,136,96,83,55,93,132,21,123,134,73,135,30,58,131,67,6,101,69,26,105,63,65,66,50,127,38,109,71,92,60,80,99,52,31,56,39,128,133,46,95,103,110,97,12,61,115,7,43,42,113,121,9,0]","[146,177,198,156,139,221,196,165,149,244,191,275,212,142,263,194,153,168,181,208,231,184,162,239,201,190,245,176,150,197,230,226,175,161,237,155,182,254,235,170,251,187,243,211,145,214,179,185,147,199,229,163,255,218,160,258,228,204,173,216,217,205,265,215,259,266,267,236,246,159,193,233,183,262,253,277,276,270,144,232,143,178,200,260,157,225,188,238,169,273,223,250,268,186,209,252,271,158,234,148,224,151,207,274,272,202,219,241,220,269,172]",b2f6be28aba6275140c70b1ec2d741e65d55449262f9f12e6a3fcdb14a56a7be,111,4166137394,1640348251,"[930058,7,5,0,139,200,26]",151408712,1918363426,[5],"{""5"":0}"
S7,7,930059,139,1.6770509831248424,5,,0,0.1,89,63,"[0,1,2,3,4,5,27,54,77,157,171,227,240,252,333,355,397,411,415,426,437,438,444,447,450,452,505,507,509,563,581,655,658,667,685,705,775,801,829,834,837,848,862,866,867,868,881,908,942,979,995,1001,1006,1026,1043,1078,1120,1145,1184,1199,1214,1231,1278]","[[0,1],[1,1],[2,-1],[3,1],[4,-1],[5,1],[27,1],[54,-1],[77,1],[157,-1],[171,-1],[227,-1],[240,1],[252,1],[333,1],[355,1],[397,-1],[411,1],[415,1],[426,-1],[437,1],[438,-1],[444,1],[447,1],[450,1],[452,1],[505,-1],[507,-1],[509,-1],[563,1],[581,1],[655,-1],[658,1],[667,1],[685,-1],[705,-1],[775,1],[801,-1],[829,1],[834,1],[837,-1],[848,1],[862,1],[866,1],[867,-1],[868,-1],[881,1],[908,1],[942,-1],[979,-1],[995,1],[1001,-1],[1006,-1],[1026,-1],[1043,-1],[1078,1],[1120,-1],[1145,1],[1184,-1],[1199,-1],[1214,1],[1231,-1],[1278,1]]","[128,117,44,37,119,121,24,43,50,106,48,6,55,73,12,51,39,124,129,21,108,17,120,15,123,54,80,19,20,137,72,95,32,88,99,70,104,135,79,74,138,10,86,71,85,111,29,16,5,62,49,38,60,101,131,84,103,133,23,97,107,89,56,0,4,92,87,130,18,125,83,116,26,58,25,126,52,64,82,96,81,27,36,57,69,76,9,90,2,61,127,93,8,63,14,3,7,105,112,53,31,118,42,13,98,47,91,113,115,28,34]","[236,232,267,151,253,145,143,169,154,148,242,183,194,241,248,212,213,147,205,218,165,230,266,250,219,155,235,265,149,275,256,167,164,156,259,221,251,173,179,187,163,220,170,160,176,255,207,210,258,214,276,195,193,233,157,252,225,240,162,197,166,257,260,184,190,175,226,144,174,203,274,273,222,185,150,141,161,217,228,191,254,261,153,181,200,198,237,216,245,171,192,246,238,201,244,227,270,215,209,202,140,158,271,146,189,277,224,142,234,249,263]",73ff56b45eed49d2dbcf292d7c731f07d0e3af2c0511d84ee8e626577e8596ec,111,2750612713,382214172,"[930059,7,5,0,139,200,26]",679409347,1918363426,[5],"{""5"":1}"
S7,7,930060,139,1.6770509831248424,5,,0,0.1,89,56,"[0,1,2,3,4,27,42,108,114,171,196,198,308,312,316,343,380,423,437,438,444,467,521,535,563,685,705,713,719,771,783,793,810,834,848,862,866,881,926,942,970,981,985,994,995,1001,1008,1067,1078,1101,1120,1145,1173,1248,1254,1278]","[[0,1],[1,1],[2,-1],[3,1],[4,-1],[27,1],[42,1],[108,-1],[114,1],[171,-1],[196,1],[198,-1],[308,1],[312,1],[316,1],[343,-1],[380,1],[423,-1],[437,1],[438,-1],[444,1],[467,-1],[521,-1],[535,1],[563,1],[685,-1],[705,-1],[713,-1],[719,-1],[771,-1],[783,1],[793,-1],[810,1],[834,1],[848,1],[862,1],[866,1],[881,1],[926,-1],[942,-1],[970,-1],[981,-1],[985,-1],[994,1],[995,1],[1001,-1],[1008,-1],[1067,1],[1078,1],[1101,1],[1120,-1],[1145,1],[1173,1],[1248,-1],[1254,1],[1278,1]]","[30,96,121,87,50,82,126,15,47,51,38,55,41,8,85,128,97,31,65,131,13,109,11,104,80,119,98,70,75,125,76,63,124,102,59,89,74,25,28,108,7,58,106,19,100,132,61,78,113,48,112,45,34,46,66,117,64,136,42,134,92,111,27,18,21,49,110,91,6,101,53,103,33,115,116,20,14,39,133,105,77,22,79,135,35,83,0,69,60,23,32,4,5,26,40,68,56,88,29,52,84,37,127,2,120,72,114,1,36,138,90]","[255,260,218,177,199,243,276,234,197,261,179,160,228,175,157,227,198,154,163,143,214,170,266,270,147,166,262,257,161,152,256,277,235,148,153,158,219,188,238,172,242,223,240,189,146,190,275,187,193,246,222,202,247,207,248,162,155,226,174,253,195,271,237,144,263,140,251,194,186,254,142,268,203,182,233,169,206,269,245,191,183,212,267,274,215,139,180,205,252,229,192,217,236,244,171,221,239,273,159,230,258,168,225,259,164,241,165,185,145,231,209]",b71360bdb598414e70768286e8a33e7954880b9b073cae3f0d19476a611e6180,111,2101702314,936438995,"[930060,7,5,0,139,200,26]",4171116709,1918363426,[5],"{""5"":0}"
S7,7,930061,139,1.6770509831248424,5,,0,0.1,89,59,"[0,1,2,3,4,26,42,145,150,157,196,219,227,240,308,380,408,411,423,426,437,438,447,507,513,570,582,586,595,658,704,794,801,810,821,834,842,861,867,869,875,908,942,981,985,995,1026,1030,1068,1078,1114,1131,1139,1145,1148,1173,1177,1229,1254]","[[0,1],[1,1],[2,-1],[3,1],[4,-1],[26,1],[42,1],[145,-1],[150,-1],[157,-1],[196,1],[219,1],[227,-1],[240,1],[308,1],[380,1],[408,-1],[411,1],[423,-1],[426,-1],[437,1],[438,-1],[447,1],[507,-1],[513,-1],[570,1],[582,-1],[586,-1],[595,1],[658,1],[704,-1],[794,1],[801,-1],[810,1],[821,-1],[834,1],[842,1],[861,-1],[867,-1],[869,-1],[875,1],[908,1],[942,-1],[981,-1],[985,-1],[995,1],[1026,-1],[1030,1],[1068,1],[1078,1],[1114,1],[1131,-1],[1139,-1],[1145,1],[1148,1],[1173,1],[1177,-1],[1229,1],[1254,1]]","[35,120,129,76,78,12,87,101,119,104,50,134,56,30,136,57,28,81,133,66,17,40,46,116,130,51,13,97,84,127,37,55,24,111,112,10,102,60,126,77,82,52,91,63,29,48,115,11,42,49,90,3,72,135,88,73,0,9,128,100,85,93,31,5,6,74,41,75,70,33,4,67,96,132,99,59,47,34,108,95,2,54,53,45,36,21,69,58,118,65,105,71,18,114,98,43,26,80,22,131,86,62,14,79,19,123,7,16,44,64,39]","[256,188,258,243,246,271,231,220,239,159,153,203,182,166,272,227,250,172,179,154,199,273,201,265,161,211,189,163,230,206,229,140,266,169,205,247,162,164,194,209,274,251,223,170,235,192,183,216,214,253,202,191,196,186,139,257,234,219,173,236,193,275,225,261,260,200,245,142,237,224,264,215,152,255,213,238,143,249,181,151,190,207,177,195,270,144,226,267,276,240,221,262,268,165,222,180,187,150,160,145,146,233,241,208,168,269,148,204,198,158,184]",68d841281ccbb477be73297abb85245bdbf8a4a6c7758f4f06446c92f6aa76e9,111,3320083997,2242083359,"[930061,7,5,0,139,200,26]",2018571957,1918363426,[5],"{""5"":0}"
S7,7,930062,139,1.6770509831248424,5,,0,0.1,89,52,"[0,1,2,3,4,16,27,56,108,114,116,145,157,171,219,227,240,311,315,335,444,460,507,508,514,535,563,581,685,704,713,810,821,867,908,970,979,981,985,995,1026,1047,1050,1078,1101,1113,1120,1145,1177,1184,1254,1277]","[[0,1],[1,1],[2,-1],[3,1],[4,-1],[16,1],[27,1],[56,-1],[108,-1],[114,1],[116,1],[145,-1],[157,-1],[171,-1],[219,1],[227,-1],[240,1],[311,-1],[315,-1],[335,1],[444,1],[460,1],[507,-1],[508,-1],[514,1],[535,1],[563,1],[581,1],[685,-1],[704,-1],[713,-1],[810,1],[821,-1],[867,-1],[908,1],[970,-1],[979,-1],[981,-1],[985,-1],[995,1],[1026,-1],[1047,-1],[1050,1],[1078,1],[1101,1],[1113,1],[1120,-1],[1145,1],[1177,-1],[1184,-1],[1254,1],[1277,1]]","[102,66,128,53,46,31,44,55,68,70,2,96,7,0,130,134,5,124,100,75,115,60,125,85,74,106,56,81,34,36,11,69,133,129,138,64,35,120,95,132,18,33,39,121,40,131,136,3,80,48,112,98,101,78,26,51,27,110,1,14,72,90,108,111,29,91,19,28,62,4,41,10,92,45,89,84,8,71,12,21,65,79,82,87,86,103,113,43,57,119,77,135,123,67,73,93,49,118,52,126,15,117,32,17,22,13,58,137,122,24,16]","[194,207,236,256,267,184,275,153,254,190,246,206,248,232,145,264,262,247,240,189,223,191,272,255,167,171,212,226,187,162,182,183,253,166,180,270,252,155,218,227,258,239,170,195,230,250,140,146,165,225,156,213,276,168,268,176,214,271,237,265,260,220,245,151,193,219,197,274,251,208,181,205,222,157,257,203,273,163,204,149,186,228,221,216,210,148,147,249,150,169,235,159,198,178,143,201,179,224,161,259,241,177,158,175,144,229,211,141,200,266,152]",c822e9e0f8906402cc1689ef347960c7db6cf91b768f52d32a56593a6e5ad6f8,111,3824995568,177044445,"[930062,7,5,0,139,200,26]",134269016,1918363426,[5],"{""5"":0}"
S7,7,930063,139,1.6770509831248424,5,,0,0.1,89,57,"[0,1,2,3,4,10,27,157,196,198,227,239,244,285,297,333,358,380,397,423,437,438,507,563,570,598,658,704,713,771,775,794,810,821,848,862,866,867,881,883,918,923,926,970,979,985,995,1001,1008,1026,1078,1120,1173,1184,1214,1224,1278]","[[0,1],[1,1],[2,-1],[3,1],[4,-1],[10,1],[27,1],[157,-1],[196,1],[198,-1],[227,-1],[239,-1],[244,-1],[285,1],[297,-1],[333,1],[358,1],[380,1],[397,-1],[423,-1],[437,1],[438,-1],[507,-1],[563,1],[570,1],[598,-1],[658,1],[704,-1],[713,-1],[771,-1],[775,1],[794,1],[810,1],[821,-1],[848,1],[862,1],[866,1],[867,-1],[881,1],[883,1],[918,-1],[923,1],[926,-1],[970,-1],[979,-1],[985,-1],[995,1],[1001,-1],[1008,-1],[1026,-1],[1078,1],[1120,-1],[1173,1],[1184,-1],[1214,1],[1224,1],[1278,1]]","[113,111,122,128,6,29,70,62,21,42,138,12,38,134,24,84,121,88,126,13,114,31,116,87,37,95,5,14,30,83,55,2,79,22,40,23,120,107,97,100,65,77,4,89,82,66,49,98,46,86,76,17,106,102,109,7,25,41,35,67,92,104,93,32,58,101,15,19,50,43,69,74,133,129,112,56,3,90,48,110,11,130,108,0,57,81,71,10,44,119,47,91,80,16,39,132,20,135,137,94,61,127,75,28,103,27,99,136,45,64,85]","[238,250,179,160,212,157,198,275,274,240,255,270,203,193,213,217,211,241,258,171,189,152,206,205,246,168,248,153,269,215,236,237,143,139,150,244,245,239,226,165,202,146,271,172,200,141,207,266,220,264,186,162,181,232,222,233,190,148,267,144,188,210,175,276,182,154,196,209,243,199,247,230,159,223,242,142,204,151,263,191,251,268,208,194,254,273,214,147,231,174,253,259,272,225,187,173,229,256,221,156,192,234,177,164,235,224,195,183,218,257,260]",a74cfe324e5171175eafcfed82bd81eeb9474d41c271446977fdc3d00212af90,111,1704195725,2065197921,"[930063,7,5,0,139,200,26]",692768770,1918363426,[5],"{""5"":0}"
S7,7,930064,139,1.6770509831248424,5,,0,0.3,149,127,"[0,1,2,3,4,5,16,26,27,42,56,85,91,98,103,114,139,157,158,171,196,197,204,214,224,227,240,242,269,270,276,285,308,311,335,340,380,408,425,437,441,443,444,455,470,496,505,506,507,509,511,514,521,533,538,549,563,570,572,578,591,598,611,645,652,666,685,704,713,716,717,760,771,772,775,783,794,810,814,816,818,821,830,834,861,862,866,905,908,918,942,949,951,975,979,981,984,985,995,1000,1008,1026,1032,1039,1052,1071,1078,1082,1115,1120,1127,1131,1145,1164,1175,1177,1178,1184,1199,1211,1224,1242,1246,1248,1254,1276,1277]","[[0,1],[1,1],[2,-1],[3,1],[4,-1],[5,1],[16,1],[26,1],[27,1],[42,1],[56,-1],[85,-1],[91,-1],[98,-1],[103,-1],[114,1],[139,1],[157,-1],[158,1],[171,-1],[196,1],[197,-1],[204,1],[214,-1],[224,-1],[227,-1],[240,1],[242,1],[269,-1],[270,1],[276,-1],[285,1],[308,1],[311,-1],[335,1],[340,-1],[380,1],[408,-1],[425,1],[437,1],[441,-1],[443,1],[444,1],[455,1],[470,1],[496,1],[505,-1],[506,-1],[507,-1],[509,-1],[511,-1],[514,1],[521,-1],[533,-1],[538,1],[549,-1],[563,1],[570,1],[572,1],[578,-1],[591,1],[598,-1],[611,-1],[645,1],[652,1],[666,1],[685,-1],[704,-1],[713,-1],[716,-1],[717,-1],[760,-1],[771,-1],[772,-1],[775,1],[783,1],[794,1],[810,1],[814,1],[816,-1],[818,-1],[821,-1],[830,1],[834,1],[861,-1],[862,1],[866,1],[905,1],[908,1],[918,-1],[942,-1],[949,1],[951,-1],[975,1],[979,-1],[981,-1],[984,1],[985,-1],[995,1],[1000,1],[1008,-1],[1026,-1],[1032,-1],[1039,-1],[1052,-1],[1071,1],[1078,1],[1082,1],[1115,1],[1120,-1],[1127,1],[1131,-1],[1145,1],[1164,-1],[1175,1],[1177,-1],[1178,1],[1184,-1],[1199,-1],[1211,1],[1224,1],[1242,-1],[1246,-1],[1248,-1],[1254,1],[1276,1],[1277,1]]","[121,47,35,65,102,60,127,120,57,118,111,96,112,15,64,48,75,137,103,32,132,131,61,133,40,130,0,92,93,27,8,58,98,69,53,128,39,82,43,1,29,63,101,11,108,110,45,77,134,115,122,7,49,100,17,90,124,83,86,3,105,25,10,26,136,36,97,129,119,113,44,106,85,41,76,109,2,19,68,138,123,73,79,50,95,54,62,52,22,28,30,87,16,84,56,126,91,81,42,51,23,31,89,4,9,88,12,135,14,72,94]","[270,161,174,209,205,273,179,173,184,206,235,162,245,200,239,164,226,250,154,246,269,254,156,251,192,276,230,165,170,194,262,267,198,212,228,159,257,168,211,208,143,155,274,232,260,178,202,227,264,213,249,252,190,234,277,166,214,181,169,188,236,258,272,195,182,172,219,148,145,140,253,204,275,241,139,255,171,216,151,180,261,142,201,167,238,242,220,244,221,149,191,160,157,248,240,141,210,266,189,229,187,185,144,152,147,263,218,193,268,199,177]",a78d3bf413198e2d4a021f3bde0425348fd7177421a05598ada9c3529fc5aac5,111,649972471,3267488388,"[930064,7,5,0,139,200,26]",1824642676,1918363426,[5],"{""5"":1}"
S7,7,930065,139,1.6770509831248424,5,,0,0.1,89,66,"[0,1,2,3,4,5,16,98,114,157,196,219,240,242,244,308,312,340,380,408,425,437,438,507,509,514,560,578,581,586,598,658,665,681,685,771,772,773,801,804,821,848,862,866,908,911,942,951,981,985,994,995,1008,1021,1043,1068,1078,1088,1145,1148,1179,1184,1214,1224,1248,1254]","[[0,1],[1,1],[2,-1],[3,1],[4,-1],[5,1],[16,1],[98,-1],[114,1],[157,-1],[196,1],[219,1],[240,1],[242,1],[244,-1],[308,1],[312,1],[340,-1],[380,1],[408,-1],[425,1],[437,1],[438,-1],[507,-1],[509,-1],[514,1],[560,-1],[578,-1],[581,1],[586,-1],[598,-1],[658,1],[665,-1],[681,-1],[685,-1],[771,-1],[772,-1],[773,-1],[801,-1],[804,-1],[821,-1],[848,1],[862,1],[866,1],[908,1],[911,-1],[942,-1],[951,-1],[981,-1],[985,-1],[994,1],[995,1],[1008,-1],[1021,1],[1043,-1],[1068,1],[1078,1],[1088,-1],[1145,1],[1148,1],[1179,1],[1184,-1],[1214,1],[1224,1],[1248,-1],[1254,1]]","[115,86,30,44,4,8,26,93,46,53,81,85,14,69,60,7,74,95,29,42,19,25,27,37,90,21,67,117,50,129,72,28,113,17,91,56,137,18,23,49,100,33,124,75,45,119,51,41,73,68,76,112,34,31,133,79,118,39,82,3,36,131,92,38,32,110,127,104,62,58,107,134,13,108,6,87,120,64,54,47,88,65,83,114,94,48,106,105,70,11,102,111,0,136,89,9,77,16,57,71,84,43,126,96,1,61,35,59,55,101,97]","[144,238,206,173,187,269,172,260,140,160,225,234,164,242,257,208,190,177,183,153,275,240,150,273,262,159,176,174,168,154,239,221,199,185,193,156,181,267,223,191,227,241,222,212,139,195,209,158,229,169,198,165,231,197,261,268,236,210,201,230,255,228,266,157,211,170,237,214,213,196,218,272,224,171,274,146,217,162,249,179,277,200,245,248,253,163,151,203,182,180,188,256,148,252,226,192,143,149,243,246,233,205,175,235,178,161,263,186,220,265,276]",383f4654b65ff9215f65fd7e5ea0b1014bd051f30b582f78e6309ece15c380db,111,211670624,2199079161,"[930065,7,5,0,139,200,26]",3676494192,1918363426,[5],"{""5"":1}"
S7,7,930066,139,1.6770509831248424,5,,0,0.1,89,68,"[0,1,2,3,4,5,27,42,98,103,157,158,171,240,244,285,308,355,405,408,426,437,438,447,563,568,581,595,598,685,702,705,713,737,775,780,794,801,818,828,848,862,868,881,942,962,979,981,985,995,1000,1006,1012,1021,1025,1026,1064,1078,1098,1101,1113,1120,1145,1199,1224,1248,1254,1278]","[[0,1],[1,1],[2,-1],[3,1],[4,-1],[5,1],[27,1],[42,1],[98,-1],[103,-1],[157,-1],[158,1],[171,-1],[240,1],[244,-1],[285,1],[308,1],[355,1],[405,-1],[408,-1],[426,-1],[437,1],[438,-1],[447,1],[563,1],[568,1],[581,1],[595,1],[598,-1],[685,-1],[702,1],[705,-1],[713,-1],[737,1],[775,1],[780,-1],[794,1],[801,-1],[818,-1],[828,-1],[848,1],[862,1],[868,-1],[881,1],[942,-1],[962,-1],[979,-1],[981,-1],[985,-1],[995,1],[1000,1],[1006,-1],[1012,-1],[1021,1],[1025,1],[1026,-1],[1064,1],[1078,1],[1098,1],[1101,1],[1113,1],[1120,-1],[1145,1],[1199,-1],[1224,1],[1248,-1],[1254,1],[1278,1]]","[85,33,41,55,123,10,36,82,20,138,125,3,61,68,60,122,18,32,89,109,126,124,19,65,88,63,121,127,14,62,16,44,83,94,54,12,137,98,45,49,13,64,129,87,66,105,136,131,56,48,135,26,110,31,29,2,40,106,117,99,116,130,95,108,11,103,113,92,76,8,73,102,34,115,4,46,119,27,47,53,100,114,7,86,128,23,21,58,112,42,75,104,69,50,0,91,37,30,39,71,93,24,120,17,59,101,80,67,35,118,133]","[242,193,258,209,200,227,241,229,158,247,231,268,272,225,221,212,257,146,256,240,205,276,253,166,150,203,236,273,187,252,178,149,157,161,202,262,196,143,215,277,275,237,266,176,190,173,141,147,165,228,172,265,144,263,226,244,162,217,269,164,181,246,261,216,204,206,156,169,219,197,248,260,188,155,160,207,186,142,191,139,243,220,184,199,233,183,170,230,192,222,238,195,194,179,245,250,255,259,251,270,140,254,232,174,148,210,198,175,171,267,189]",ceeede7611a3e46cc43f62481e0295e3e6fb55c64dec32cb4921f5cce4e02705,111,2529066493,1940853519,"[930066,7,5,0,139,200,26]",3769492044,1918363426,[5],"{""5"":1}"
S7,7,930067,139,1.6770509831248424,5,,0,0.1,89,61,"[0,1,2,3,4,26,77,79,85,103,114,145,157,227,270,308,335,355,397,437,450,505,507,509,513,514,521,524,595,598,652,658,681,689,772,773,800,818,829,866,869,881,883,892,926,942,979,995,1000,1001,1006,1008,1025,1026,1078,1145,1177,1220,1224,1254,1256]","[[0,1],[1,1],[2,-1],[3,1],[4,-1],[26,1],[77,1],[79,1],[85,-1],[103,-1],[114,1],[145,-1],[157,-1],[227,-1],[270,1],[308,1],[335,1],[355,1],[397,-1],[437,1],[450,1],[505,-1],[507,-1],[509,-1],[513,-1],[514,1],[521,-1],[524,1],[595,1],[598,-1],[652,1],[658,1],[681,-1],[689,1],[772,-1],[773,-1],[800,-1],[818,-1],[829,1],[866,1],[869,-1],[881,1],[883,1],[892,1],[926,-1],[942,-1],[979,-1],[995,1],[1000,1],[1001,-1],[1006,-1],[1008,-1],[1025,1],[1026,-1],[1078,1],[1145,1],[1177,-1],[1220,1],[1224,1],[1254,1],[1256,-1]]","[61,4,24,55,43,31,28,49,121,38,74,116,113,111,119,36,73,107,71,81,75,132,12,102,37,60,62,122,77,85,13,78,104,42,20,103,133,137,123,105,47,7,79,76,97,32,66,84,94,65,41,115,127,51,6,54,118,63,91,70,57,99,45,135,26,124,59,93,100,117,8,0,40,21,67,82,52,90,98,9,110,22,120,95,10,15,83,136,58,16,1,3,86,101,134,18,88,114,112,39,125,2,29,138,14,17,50,89,48,109,130]","[259,202,235,256,254,182,246,209,255,144,189,167,268,224,276,238,243,143,231,206,176,195,232,194,273,142,168,179,219,263,267,258,220,227,249,200,139,169,223,234,160,239,191,251,265,271,175,204,230,198,192,252,237,213,149,212,173,150,217,147,158,262,151,163,264,146,199,247,187,270,226,181,152,261,248,185,203,250,177,236,188,148,274,260,242,164,229,159,205,218,140,216,183,141,165,208,170,269,244,178,214,161,272,266,196,211,215,210,172,201,233]",8eb4da0582890c58927d0c9d4866911ce1b703d01f49fa23cdaee6d1741954af,111,3740060614,589964227,"[930067,7,5,0,139,200,26]",1896545803,1918363426,[5],"{""5"":0}"
S7,7,930068,139,1.6770509831248424,5,,0,0.1,89,53,"[0,1,2,3,4,27,98,111,131,157,196,227,285,333,380,397,408,423,437,450,452,521,563,581,647,666,713,771,794,816,862,866,881,908,942,970,979,981,985,991,995,1001,1008,1021,1039,1078,1101,1139,1145,1148,1184,1254,1278]","[[0,1],[1,1],[2,-1],[3,1],[4,-1],[27,1],[98,-1],[111,1],[131,-1],[157,-1],[196,1],[227,-1],[285,1],[333,1],[380,1],[397,-1],[408,-1],[423,-1],[437,1],[450,1],[452,1],[521,-1],[563,1],[581,1],[647,1],[666,1],[713,-1],[771,-1],[794,1],[816,-1],[862,1],[866,1],[881,1],[908,1],[942,-1],[970,-1],[979,-1],[981,-1],[985,-1],[991,1],[995,1],[1001,-1],[1008,-1],[1021,1],[1039,-1],[1078,1],[1101,1],[1139,-1],[1145,1],[1148,1],[1184,-1],[1254,1],[1278,1]]","[3,81,29,2,12,39,0,17,117,107,36,42,14,122,13,113,57,126,121,11,22,94,9,52,85,48,87,99,97,95,46,27,136,114,96,124,71,93,110,35,92,65,62,50,76,91,37,90,56,40,133,89,111,31,129,98,79,8,100,54,5,15,74,68,138,103,116,64,45,30,58,108,69,20,63,19,43,88,112,106,6,83,49,4,119,53,105,10,60,125,21,131,128,70,137,66,120,127,73,1,38,75,115,61,33,118,59,102,86,16,47]","[186,254,163,192,194,247,178,155,176,267,181,195,174,180,177,250,241,211,151,207,255,221,223,173,189,139,198,230,237,270,256,209,252,187,156,215,196,213,238,218,203,253,188,216,175,204,205,235,219,184,183,266,249,179,200,202,191,210,261,269,168,220,243,201,258,152,145,222,206,259,274,226,248,277,149,240,169,246,193,257,141,212,140,182,245,150,171,225,228,143,260,166,161,158,146,268,276,242,234,214,275,142,208,264,217,224,170,157,199,229,153]",400dd82339eb5d26c172c4617e213372cbd257fc27ec15e38ab6d7c6137ccf3d,111,2470007732,2683247188,"[930068,7,5,0,139,200,26]",3288331799,1918363426,[5],"{""5"":0}"
S7,7,930069,139,1.6770509831248424,5,,0,0.1,89,63,"[0,1,2,3,4,5,16,27,88,157,171,198,209,242,310,312,333,335,380,397,412,438,470,507,509,514,527,535,538,581,582,595,638,657,685,793,866,883,908,926,942,962,970,979,985,995,1000,1001,1006,1008,1021,1026,1052,1062,1078,1120,1132,1144,1206,1218,1254,1256,1278]","[[0,1],[1,1],[2,-1],[3,1],[4,-1],[5,1],[16,1],[27,1],[88,1],[157,-1],[171,-1],[198,-1],[209,1],[242,1],[310,-1],[312,1],[333,1],[335,1],[380,1],[397,-1],[412,-1],[438,-1],[470,1],[507,-1],[509,-1],[514,1],[527,-1],[535,1],[538,1],[581,1],[582,-1],[595,1],[638,1],[657,1],[685,-1],[793,-1],[866,1],[883,1],[908,1],[926,-1],[942,-1],[962,-1],[970,-1],[979,-1],[985,-1],[995,1],[1000,1],[1001,-1],[1006,-1],[1008,-1],[1021,1],[1026,-1],[1052,-1],[1062,1],[1078,1],[1120,-1],[1132,-1],[1144,-1],[1206,-1],[1218,1],[1254,1],[1256,-1],[1278,1]]","[51,86,120,123,14,107,75,45,11,77,110,96,21,46,109,8,24,84,66,53,83,37,116,130,22,1,18,5,69,67,28,56,33,71,81,20,0,58,103,35,25,112,29,131,98,32,15,6,127,119,23,3,44,30,82,111,91,52,124,92,17,64,7,65,137,31,61,43,48,113,42,27,114,125,100,4,36,101,99,26,78,138,62,128,95,85,60,88,89,72,41,93,122,39,73,19,54,2,9,94,129,59,132,108,12,104,135,106,97,63,117]","[200,174,263,205,187,276,272,178,206,262,268,264,238,230,191,179,213,239,141,158,188,210,214,151,190,156,216,269,161,232,274,226,255,165,142,231,153,203,176,233,241,170,224,234,244,195,215,186,208,173,196,254,167,194,237,148,162,197,228,253,245,189,198,249,223,260,266,166,177,267,163,155,277,219,221,222,140,169,150,246,212,251,139,236,164,143,227,146,217,154,209,145,229,185,175,211,243,235,207,192,183,157,168,182,225,159,147,258,252,152,271]",4097ebb1d2e1a4233396810d4ee9e79b28bc3321948a236ee48d2832c925cd0c,111,731258058,2807803213,"[930069,7,5,0,139,200,26]",590838273,1918363426,[5],"{""5"":1}"
S7,7,930070,139,1.6770509831248424,5,,0,0.1,89,60,"[0,1,2,3,4,16,42,91,145,157,244,297,308,310,311,312,335,397,408,423,437,444,447,496,513,572,581,598,624,674,685,704,737,760,816,829,881,908,926,942,979,981,985,994,995,1000,1001,1018,1025,1062,1068,1113,1115,1145,1173,1227,1248,1254,1261,1278]","[[0,1],[1,1],[2,-1],[3,1],[4,-1],[16,1],[42,1],[91,-1],[145,-1],[157,-1],[244,-1],[297,-1],[308,1],[310,-1],[311,-1],[312,1],[335,1],[397,-1],[408,-1],[423,-1],[437,1],[444,1],[447,1],[496,1],[513,-1],[572,1],[581,1],[598,-1],[624,1],[674,1],[685,-1],[704,-1],[737,1],[760,-1],[816,-1],[829,1],[881,1],[908,1],[926,-1],[942,-1],[979,-1],[981,-1],[985,-1],[994,1],[995,1],[1000,1],[1001,-1],[1018,-1],[1025,1],[1062,1],[1068,1],[1113,1],[1115,1],[1145,1],[1173,1],[1227,1],[1248,-1],[1254,1],[1261,1],[1278,1]]","[108,127,9,115,58,70,85,27,136,137,87,81,47,117,63,128,2,19,73,41,23,55,94,1,29,124,22,54,28,138,131,68,121,125,13,82,95,69,15,50,133,132,101,7,53,96,123,39,122,97,110,77,100,5,89,12,34,0,16,86,126,60,78,32,83,4,20,45,6,25,109,75,61,10,92,37,91,57,71,35,18,49,3,52,36,64,17,84,42,105,14,62,72,103,104,51,56,30,106,135,90,134,11,59,113,114,102,40,129,112,130]","[187,265,254,263,233,255,184,231,145,170,202,188,155,237,241,250,182,249,196,158,261,173,228,156,220,269,268,229,216,148,218,157,222,169,264,153,194,172,161,262,235,165,191,167,259,171,217,168,225,224,176,270,190,139,230,150,243,205,258,248,242,198,245,147,183,179,256,140,239,186,260,271,238,212,189,142,151,277,253,266,275,273,252,251,141,234,244,211,178,193,209,223,162,227,200,154,219,208,267,159,181,246,166,206,199,180,144,236,240,207,215]",445da6de79d2a505ea7d6654fb24a0f41e15fc717480457434c24efa0679d122,111,195832911,669182198,"[930070,7,5,0,139,200,26]",3889427735,1918363426,[5],"{""5"":0}"
S7,7,930071,139,1.6770509831248424,5,,0,0.1,89,65,"[0,1,2,3,4,5,27,145,150,157,165,219,252,270,314,333,335,346,444,447,468,508,527,549,563,582,647,652,713,717,772,773,775,794,800,829,848,862,866,868,869,881,908,915,979,985,994,995,1001,1008,1012,1026,1043,1057,1078,1120,1139,1175,1177,1216,1219,1224,1226,1254,1278]","[[0,1],[1,1],[2,-1],[3,1],[4,-1],[5,1],[27,1],[145,-1],[150,-1],[157,-1],[165,-1],[219,1],[252,1],[270,1],[314,1],[333,1],[335,1],[346,1],[444,1],[447,1],[468,-1],[508,-1],[527,-1],[549,-1],[563,1],[582,-1],[647,1],[652,1],[713,-1],[717,-1],[772,-1],[773,-1],[775,1],[794,1],[800,-1],[829,1],[848,1],[862,1],[866,1],[868,-1],[869,-1],[881,1],[908,1],[915,-1],[979,-1],[985,-1],[994,1],[995,1],[1001,-1],[1008,-1],[1012,-1],[1026,-1],[1043,-1],[1057,1],[1078,1],[1120,-1],[1139,-1],[1175,1],[1177,-1],[1216,1],[1219,-1],[1224,1],[1226,-1],[1254,1],[1278,1]]","[29,101,58,45,126,123,57,89,50,79,77,38,0,33,62,85,91,32,60,5,24,42,13,92,125,39,11,120,71,86,122,98,40,134,95,81,108,10,64,114,115,51,3,130,34,43,68,137,100,15,48,121,83,111,133,2,27,129,54,1,138,110,88,106,73,14,113,55,31,94,69,25,6,75,78,117,74,41,28,72,61,132,124,104,59,9,70,37,136,66,76,90,107,53,12,8,96,23,82,21,116,119,87,7,128,97,67,56,65,18,118]","[161,193,215,230,237,223,203,244,258,273,170,200,270,166,275,179,174,173,194,187,246,146,241,249,210,254,276,219,224,250,189,248,191,149,266,217,176,274,169,155,182,257,151,181,157,205,213,196,240,186,204,177,180,163,156,209,190,192,152,255,188,265,168,144,251,256,178,154,199,145,260,235,139,207,142,164,231,201,148,221,269,268,233,195,159,140,242,229,211,167,208,236,259,238,225,218,253,197,150,232,212,147,183,160,245,267,277,214,172,202,226]",d6efc97fc5d0e1fe13d9b2e3581188fac4aaa47cf42e957d26a3f154f3e016cf,111,2090975662,1750336553,"[930071,7,5,0,139,200,26]",2765152013,1918363426,[5],"{""5"":1}"
S7,7,930072,139,1.6770509831248424,5,,0,0.1,89,68,"[0,1,2,3,4,16,42,48,85,98,145,171,196,198,227,308,311,380,412,425,438,444,468,508,514,521,581,586,595,685,713,717,733,775,793,801,866,867,883,901,908,923,942,951,979,981,985,991,994,995,1000,1001,1012,1021,1026,1028,1062,1071,1078,1101,1120,1145,1164,1224,1243,1248,1254,1278]","[[0,1],[1,1],[2,-1],[3,1],[4,-1],[16,1],[42,1],[48,1],[85,-1],[98,-1],[145,-1],[171,-1],[196,1],[198,-1],[227,-1],[308,1],[311,-1],[380,1],[412,-1],[425,1],[438,-1],[444,1],[468,-1],[508,-1],[514,1],[521,-1],[581,1],[586,-1],[595,1],[685,-1],[713,-1],[717,-1],[733,1],[775,1],[793,-1],[801,-1],[866,1],[867,-1],[883,1],[901,-1],[908,1],[923,1],[942,-1],[951,-1],[979,-1],[981,-1],[985,-1],[991,1],[994,1],[995,1],[1000,1],[1001,-1],[1012,-1],[1021,1],[1026,-1],[1028,-1],[1062,1],[1071,1],[1078,1],[1101,1],[1120,-1],[1145,1],[1164,-1],[1224,1],[1243,-1],[1248,-1],[1254,1],[1278,1]]","[119,46,42,137,25,7,117,51,1,94,50,112,93,120,77,113,64,22,99,3,124,84,108,57,31,90,70,9,129,44,6,128,82,47,11,38,60,107,86,36,59,67,95,52,55,16,100,41,78,68,75,96,40,102,12,23,30,63,136,105,20,29,114,62,39,21,48,72,104,74,15,18,91,80,110,130,73,122,127,71,10,58,37,53,49,97,79,34,138,5,14,123,33,98,13,66,115,87,118,134,88,24,85,54,92,132,17,76,131,26,61]","[215,207,232,251,190,244,176,191,169,269,141,233,230,227,270,208,268,166,175,221,266,172,182,210,216,224,250,155,183,157,192,143,149,258,194,187,264,193,246,245,214,253,213,211,229,201,265,272,255,177,222,160,159,189,171,223,170,140,188,151,147,228,226,220,239,139,240,148,145,167,152,219,164,199,237,273,178,206,144,242,248,150,154,259,234,260,180,146,235,209,217,205,174,186,271,212,263,203,173,163,198,243,275,200,262,236,162,256,238,185,179]",c6f63bd98b41dc21005e5c28b6e07e2fc0425f65c4b53d27f98f769f1e187a6b,111,2425220139,850354490,"[930072,7,5,0,139,200,26]",4037312481,1918363426,[5],"{""5"":0}"
S7,7,930073,139,1.6770509831248424,5,,0,0.1,89,64,"[0,1,2,3,4,103,145,157,198,227,270,285,308,335,358,362,397,437,444,463,507,509,514,524,535,581,595,658,713,738,771,775,794,867,881,889,908,918,931,942,951,970,979,981,985,994,995,1006,1026,1050,1078,1101,1113,1120,1145,1173,1179,1214,1227,1248,1254,1256,1261,1278]","[[0,1],[1,1],[2,-1],[3,1],[4,-1],[103,-1],[145,-1],[157,-1],[198,-1],[227,-1],[270,1],[285,1],[308,1],[335,1],[358,1],[362,-1],[397,-1],[437,1],[444,1],[463,1],[507,-1],[509,-1],[514,1],[524,1],[535,1],[581,1],[595,1],[658,1],[713,-1],[738,-1],[771,-1],[775,1],[794,1],[867,-1],[881,1],[889,-1],[908,1],[918,-1],[931,-1],[942,-1],[951,-1],[970,-1],[979,-1],[981,-1],[985,-1],[994,1],[995,1],[1006,-1],[1026,-1],[1050,1],[1078,1],[1101,1],[1113,1],[1120,-1],[1145,1],[1173,1],[1179,1],[1214,1],[1227,1],[1248,-1],[1254,1],[1256,-1],[1261,1],[1278,1]]","[53,94,131,20,63,135,6,115,23,108,41,113,10,79,18,0,25,123,101,88,54,68,95,1,52,35,28,57,43,37,122,74,33,136,97,104,17,13,3,15,83,87,116,117,51,55,67,111,44,93,34,42,126,127,64,50,105,77,75,22,91,86,11,9,92,31,120,85,107,4,29,119,21,26,60,124,110,8,72,16,98,39,5,99,38,102,109,128,7,106,118,81,130,134,32,76,56,71,125,48,80,89,45,103,133,12,2,70,132,19,49]","[256,249,148,153,169,250,173,212,259,275,222,183,252,182,244,228,187,147,223,189,269,198,261,143,218,181,184,243,200,161,246,190,208,145,139,273,251,219,241,266,207,152,255,237,245,257,209,270,162,229,265,160,192,236,231,226,272,151,271,227,239,216,277,254,176,171,217,185,201,170,144,205,154,233,238,141,220,194,204,186,258,166,211,264,234,195,149,235,267,225,197,206,213,193,242,155,253,140,168,179,163,175,150,276,232,263,224,146,177,165,164]",60d15ce782d2f63f4debb3ddc359bddb7302396ef44daa477163168f010a7b15,111,2151249432,1285357234,"[930073,7,5,0,139,200,26]",1658222856,1918363426,[5],"{""5"":0}"
S7,7,930074,139,1.6770509831248424,5,,0,0.1,89,66,"[0,1,2,3,4,5,27,42,85,145,157,196,198,227,242,303,308,380,397,411,416,437,438,447,448,512,514,563,570,582,595,598,652,658,673,685,713,740,793,794,801,829,834,862,866,868,881,908,926,942,979,995,1026,1074,1078,1101,1139,1173,1214,1216,1243,1254,1256,1264,1276,1278]","[[0,1],[1,1],[2,-1],[3,1],[4,-1],[5,1],[27,1],[42,1],[85,-1],[145,-1],[157,-1],[196,1],[198,-1],[227,-1],[242,1],[303,1],[308,1],[380,1],[397,-1],[411,1],[416,-1],[437,1],[438,-1],[447,1],[448,-1],[512,-1],[514,1],[563,1],[570,1],[582,-1],[595,1],[598,-1],[652,1],[658,1],[673,1],[685,-1],[713,-1],[740,1],[793,-1],[794,1],[801,-1],[829,1],[834,1],[862,1],[866,1],[868,-1],[881,1],[908,1],[926,-1],[942,-1],[979,-1],[995,1],[1026,-1],[1074,-1],[1078,1],[1101,1],[1139,-1],[1173,1],[1214,1],[1216,1],[1243,-1],[1254,1],[1256,-1],[1264,-1],[1276,1],[1278,1]]","[103,123,129,52,27,132,5,83,108,73,77,50,39,34,58,78,24,2,17,38,96,120,21,113,119,75,90,15,80,112,95,107,8,82,44,114,94,105,48,100,62,4,122,42,72,115,10,98,118,101,125,41,85,106,81,29,32,110,40,111,49,91,47,6,61,97,25,22,37,136,20,0,121,13,11,45,33,55,102,133,65,7,88,89,93,57,126,56,59,30,99,43,117,12,128,66,86,63,31,1,79,84,130,104,71,138,19,135,116,53,46]","[154,235,250,266,168,176,236,141,166,171,219,249,251,201,225,223,252,248,146,202,226,156,265,259,181,257,247,207,148,214,240,233,164,143,221,162,169,157,277,246,158,175,149,180,264,205,151,231,237,197,216,268,145,144,182,238,262,140,260,255,254,203,241,258,263,253,170,189,159,212,185,195,165,200,276,194,183,243,174,153,218,178,210,184,190,193,232,163,242,215,239,209,244,228,227,199,196,275,267,222,234,211,192,186,191,155,160,188,217,245,220]",a307423acab59074e7e76ef9cd759d4c2f1e6c99f1661d35c92788cc2d45d5ae,111,1524469356,3282808854,"[930074,7,5,0,139,200,26]",1276247740,1918363426,[5],"{""5"":1}"
S7,7,930075,139,1.6770509831248424,5,,0,0.1,89,63,"[0,1,2,3,4,27,103,145,157,196,227,242,252,310,312,314,343,397,430,437,438,456,468,470,490,509,513,514,521,563,578,595,652,689,697,704,713,737,771,772,794,801,818,861,862,870,908,942,951,970,979,981,985,995,1000,1012,1026,1078,1141,1173,1220,1234,1278]","[[0,1],[1,1],[2,-1],[3,1],[4,-1],[27,1],[103,-1],[145,-1],[157,-1],[196,1],[227,-1],[242,1],[252,1],[310,-1],[312,1],[314,1],[343,-1],[397,-1],[430,1],[437,1],[438,-1],[456,1],[468,-1],[470,1],[490,-1],[509,-1],[513,-1],[514,1],[521,-1],[563,1],[578,-1],[595,1],[652,1],[689,1],[697,-1],[704,-1],[713,-1],[737,1],[771,-1],[772,-1],[794,1],[801,-1],[818,-1],[861,-1],[862,1],[870,1],[908,1],[942,-1],[951,-1],[970,-1],[979,-1],[981,-1],[985,-1],[995,1],[1000,1],[1012,-1],[1026,-1],[1078,1],[1141,1],[1173,1],[1220,1],[1234,1],[1278,1]]","[13,42,116,117,92,113,10,138,64,86,43,72,80,93,111,135,109,91,114,7,87,89,12,107,51,3,55,133,84,104,33,60,67,0,34,37,75,82,112,46,52,57,16,56,106,79,76,129,25,102,26,41,71,35,8,39,53,73,134,45,98,17,77,132,95,83,131,101,27,136,65,54,68,24,137,123,36,21,126,99,124,5,63,2,44,22,130,94,31,59,108,121,122,103,15,119,110,127,32,125,58,97,100,74,38,40,81,128,14,115,85]","[220,156,142,256,230,210,182,165,272,184,235,169,199,237,240,189,161,164,170,274,145,183,222,277,175,207,181,217,191,251,194,174,248,178,268,179,151,271,234,205,180,168,219,166,212,188,218,247,267,249,209,245,203,233,243,185,225,265,261,176,197,228,254,262,139,143,270,201,158,241,206,152,239,211,236,149,155,200,223,213,226,154,157,202,172,195,244,141,208,260,232,231,167,187,257,276,238,263,198,264,258,227,150,275,204,221,269,173,162,192,153]",28fe92c3950632d9f4a714fd860347297ed0d0347b8420e139343b09e2062587,111,3999126082,4237303059,"[930075,7,5,0,139,200,26]",3071921659,1918363426,[5],"{""5"":0}"
S7,7,930076,139,1.6770509831248424,5,,0,0.1,89,56,"[0,1,2,3,4,16,26,27,42,77,98,145,171,196,227,239,244,308,312,335,397,408,437,438,450,456,521,538,581,588,633,667,685,689,710,772,794,881,883,908,926,942,951,979,981,995,1000,1006,1012,1026,1039,1078,1120,1177,1227,1242]","[[0,1],[1,1],[2,-1],[3,1],[4,-1],[16,1],[26,1],[27,1],[42,1],[77,1],[98,-1],[145,-1],[171,-1],[196,1],[227,-1],[239,-1],[244,-1],[308,1],[312,1],[335,1],[397,-1],[408,-1],[437,1],[438,-1],[450,1],[456,1],[521,-1],[538,1],[581,1],[588,1],[633,-1],[667,1],[685,-1],[689,1],[710,1],[772,-1],[794,1],[881,1],[883,1],[908,1],[926,-1],[942,-1],[951,-1],[979,-1],[981,-1],[995,1],[1000,1],[1006,-1],[1012,-1],[1026,-1],[1039,-1],[1078,1],[1120,-1],[1177,-1],[1227,1],[1242,-1]]","[66,8,116,13,135,107,43,31,119,42,71,76,10,120,94,128,70,77,114,87,88,54,84,48,131,60,109,121,89,95,83,26,12,39,40,112,15,68,37,96,85,30,2,33,4,29,127,117,14,118,113,82,58,0,7,72,41,137,106,49,64,32,101,93,122,111,125,100,28,98,44,79,132,22,16,57,90,20,104,92,130,105,124,38,50,25,108,24,63,19,45,3,126,123,47,74,134,67,81,1,51,59,115,86,103,99,27,35,91,129,102]","[177,270,234,232,162,169,215,186,216,271,203,274,240,167,161,252,225,142,255,236,248,155,217,256,160,214,207,173,200,221,241,180,146,206,269,208,164,227,249,210,272,154,239,231,171,195,209,242,201,174,275,263,257,262,226,222,149,187,179,194,258,191,219,212,246,268,237,233,276,267,151,185,273,157,250,153,198,202,165,245,218,145,196,181,254,147,223,139,166,238,189,140,156,178,264,144,183,176,182,197,199,224,261,260,253,204,158,141,175,188,211]",0965825add71314fb90a8ec6c3f6e1c3cbbad88695c13fb82951694fbc3772d7,111,3040991893,1840228709,"[930076,7,5,0,139,200,26]",506449229,1918363426,[5],"{""5"":0}"
S7,7,930077,139,1.6770509831248424,5,,0,0.1,89,72,"[0,1,2,3,4,5,16,27,165,171,196,198,227,239,240,274,285,297,308,312,314,333,397,408,423,426,430,437,438,443,452,454,470,505,507,509,514,586,663,685,705,760,771,772,801,810,834,866,867,908,926,942,970,979,985,995,1001,1018,1026,1050,1057,1078,1088,1098,1120,1145,1175,1184,1224,1226,1254,1278]","[[0,1],[1,1],[2,-1],[3,1],[4,-1],[5,1],[16,1],[27,1],[165,-1],[171,-1],[196,1],[198,-1],[227,-1],[239,-1],[240,1],[274,-1],[285,1],[297,-1],[308,1],[312,1],[314,1],[333,1],[397,-1],[408,-1],[423,-1],[426,-1],[430,1],[437,1],[438,-1],[443,1],[452,1],[454,-1],[470,1],[505,-1],[507,-1],[509,-1],[514,1],[586,-1],[663,-1],[685,-1],[705,-1],[760,-1],[771,-1],[772,-1],[801,-1],[810,1],[834,1],[866,1],[867,-1],[908,1],[926,-1],[942,-1],[970,-1],[979,-1],[985,-1],[995,1],[1001,-1],[1018,-1],[1026,-1],[1050,1],[1057,1],[1078,1],[1088,-1],[1098,1],[1120,-1],[1145,1],[1175,1],[1184,-1],[1224,1],[1226,-1],[1254,1],[1278,1]]","[137,49,23,95,97,109,74,67,25,92,135,126,78,76,115,108,27,117,44,22,39,36,14,87,20,90,127,88,38,55,61,72,131,93,48,26,122,32,128,51,2,113,60,9,119,80,100,86,121,129,96,84,98,21,53,1,56,11,40,99,106,118,59,79,16,45,82,124,30,58,116,130,50,7,57,125,85,71,15,89,111,28,105,102,65,69,77,35,8,138,24,46,81,83,0,19,41,31,12,13,66,43,62,107,133,112,104,63,18,34,91]","[160,245,211,139,223,154,266,163,198,241,190,182,201,196,165,162,174,146,255,218,193,231,258,237,167,262,236,185,271,263,221,272,277,176,239,195,225,234,151,235,265,247,222,233,260,158,143,208,147,227,248,246,156,269,159,188,207,257,240,270,141,152,168,173,150,149,177,206,243,242,172,144,194,276,180,212,171,203,244,228,251,261,181,256,254,274,230,214,216,175,210,140,213,202,250,217,155,226,178,268,184,253,215,189,170,191,197,199,153,192,157]",763a61e1ab4578bbf2c6a89610ea45bc0bf417d19e012163b275b74c8afb337a,111,74389644,4260700404,"[930077,7,5,0,139,200,26]",1889371012,1918363426,[5],"{""5"":1}"
S7,7,930078,139,1.6770509831248424,5,,0,0.1,89,60,"[0,1,2,3,4,5,26,27,42,100,103,157,165,214,265,285,308,311,335,355,380,397,412,425,437,455,463,505,507,546,598,633,689,713,772,775,794,866,908,926,970,975,979,981,985,995,1001,1026,1028,1078,1101,1113,1145,1148,1179,1219,1224,1256,1276,1278]","[[0,1],[1,1],[2,-1],[3,1],[4,-1],[5,1],[26,1],[27,1],[42,1],[100,1],[103,-1],[157,-1],[165,-1],[214,-1],[265,1],[285,1],[308,1],[311,-1],[335,1],[355,1],[380,1],[397,-1],[412,-1],[425,1],[437,1],[455,1],[463,1],[505,-1],[507,-1],[546,1],[598,-1],[633,-1],[689,1],[713,-1],[772,-1],[775,1],[794,1],[866,1],[908,1],[926,-1],[970,-1],[975,1],[979,-1],[981,-1],[985,-1],[995,1],[1001,-1],[1026,-1],[1028,-1],[1078,1],[1101,1],[1113,1],[1145,1],[1148,1],[1179,1],[1219,-1],[1224,1],[1256,-1],[1276,1],[1278,1]]","[5,128,64,31,42,67,138,102,137,88,73,49,33,86,15,78,83,81,77,76,119,37,4,130,43,82,107,14,91,96,27,115,133,131,117,16,95,21,136,100,45,54,124,55,41,2,50,9,19,8,90,118,129,3,92,0,125,116,132,12,111,105,32,101,56,36,29,44,113,122,57,18,65,98,85,7,26,6,39,135,40,127,123,13,59,30,93,23,53,10,70,97,1,94,17,68,89,134,106,75,22,46,47,66,11,108,25,74,34,60,99]","[208,225,163,145,235,249,221,174,204,183,230,198,178,151,238,171,211,146,229,201,259,167,245,193,241,212,267,144,194,275,165,265,150,206,162,260,154,227,222,197,148,266,143,202,152,273,187,240,175,199,170,236,205,191,155,239,237,147,223,277,182,248,251,242,168,272,203,233,252,244,261,140,209,196,188,247,255,264,232,161,228,153,160,226,195,173,149,219,156,274,250,176,192,246,270,179,141,159,220,158,186,263,224,200,185,139,177,190,234,214,243]",71473d2aa2b55f1287ead4dd3d9067a1cc1258f205e92b6e0f4f196046133866,111,1844960404,262283045,"[930078,7,5,0,139,200,26]",890765088,1918363426,[5],"{""5"":1}"
S7,7,930079,139,1.6770509831248424,5,,0,0.1,89,63,"[0,1,2,3,4,26,108,157,227,240,252,285,308,311,397,408,412,437,438,444,470,507,513,581,595,633,647,658,666,675,713,737,760,810,821,834,861,867,881,903,908,918,926,942,979,981,985,995,1001,1012,1021,1026,1039,1078,1098,1120,1145,1224,1243,1254,1261,1268,1278]","[[0,1],[1,1],[2,-1],[3,1],[4,-1],[26,1],[108,-1],[157,-1],[227,-1],[240,1],[252,1],[285,1],[308,1],[311,-1],[397,-1],[408,-1],[412,-1],[437,1],[438,-1],[444,1],[470,1],[507,-1],[513,-1],[581,1],[595,1],[633,-1],[647,1],[658,1],[666,1],[675,1],[713,-1],[737,1],[760,-1],[810,1],[821,-1],[834,1],[861,-1],[867,-1],[881,1],[903,1],[908,1],[918,-1],[926,-1],[942,-1],[979,-1],[981,-1],[985,-1],[995,1],[1001,-1],[1012,-1],[1021,1],[1026,-1],[1039,-1],[1078,1],[1098,1],[1120,-1],[1145,1],[1224,1],[1243,-1],[1254,1],[1261,1],[1268,1],[1278,1]]","[89,118,11,105,104,15,8,91,23,13,60,62,3,67,38,102,76,101,37,92,79,69,116,50,22,56,97,28,6,74,52,2,77,127,86,113,128,124,4,130,29,98,54,16,41,9,107,73,44,48,129,109,110,70,133,94,83,17,5,80,87,103,95,26,115,1,117,31,81,20,138,42,49,90,121,36,71,119,126,43,131,134,10,100,72,64,99,24,45,75,135,19,14,85,61,82,57,7,35,12,63,108,78,120,65,46,32,132,53,30,34]","[263,273,191,215,247,219,188,177,270,165,199,211,217,185,232,272,166,193,189,206,265,235,150,163,216,264,225,252,228,140,178,221,142,241,158,201,147,274,240,250,154,149,275,269,139,172,237,169,227,268,253,224,160,220,266,174,214,157,239,238,243,197,171,148,246,222,194,181,259,168,144,230,161,145,255,151,146,176,164,236,254,223,175,192,257,182,271,226,184,203,208,155,267,202,167,261,200,260,258,249,173,141,245,234,276,251,231,242,156,207,190]",a71d1ec178b6b0750a8327246cb3f83e155b4ddf31262f65319df5b5a773cafc,111,3548522496,2041156992,"[930079,7,5,0,139,200,26]",3199749074,1918363426,[5],"{""5"":0}"
S7,7,930080,139,1.6770509831248424,5,,0,0.1,89,60,"[0,1,2,3,4,5,16,27,114,120,157,196,240,253,308,310,312,316,335,340,380,397,408,423,437,438,470,490,507,521,527,563,582,595,667,685,771,772,775,794,801,816,821,842,866,867,908,942,970,979,995,1078,1120,1141,1145,1173,1224,1248,1254,1274]","[[0,1],[1,1],[2,-1],[3,1],[4,-1],[5,1],[16,1],[27,1],[114,1],[120,-1],[157,-1],[196,1],[240,1],[253,1],[308,1],[310,-1],[312,1],[316,1],[335,1],[340,-1],[380,1],[397,-1],[408,-1],[423,-1],[437,1],[438,-1],[470,1],[490,-1],[507,-1],[521,-1],[527,-1],[563,1],[582,-1],[595,1],[667,1],[685,-1],[771,-1],[772,-1],[775,1],[794,1],[801,-1],[816,-1],[821,-1],[842,1],[866,1],[867,-1],[908,1],[942,-1],[970,-1],[979,-1],[995,1],[1078,1],[1120,-1],[1141,1],[1145,1],[1173,1],[1224,1],[1248,-1],[1254,1],[1274,1]]","[33,121,99,34,120,103,75,110,88,55,95,93,130,73,77,21,83,53,9,112,51,134,127,96,68,76,18,3,84,81,38,90,47,89,113,32,74,109,1,37,63,22,57,26,70,54,102,64,80,87,133,108,28,61,4,117,128,114,39,6,40,46,137,71,59,101,100,69,43,104,135,91,50,66,62,19,116,20,16,24,2,29,60,107,42,98,35,30,85,118,115,131,14,97,52,45,82,12,31,7,126,23,56,36,94,129,65,125,138,111,44]","[169,242,271,237,203,229,250,209,143,154,273,139,184,157,255,206,159,240,261,219,175,189,150,191,200,205,262,185,235,178,164,212,215,145,253,142,275,183,186,257,239,166,167,208,244,258,251,267,224,180,226,272,230,222,211,207,152,177,170,198,266,196,223,202,176,236,158,140,243,197,227,241,259,148,231,171,248,264,233,195,179,190,218,149,199,217,246,254,204,213,192,168,165,228,260,249,151,216,256,181,276,221,225,238,144,162,210,270,214,182,234]",98578d233b1509548d3d949f95c7457d10f497972ba56821146cff4be7024a4d,111,2236815828,1698210605,"[930080,7,5,0,139,200,26]",1448687100,1918363426,[5],"{""5"":1}"
S7,7,930081,139,1.6770509831248424,5,,0,0.1,89,52,"[0,1,2,3,4,16,26,77,196,198,227,240,265,312,333,335,437,438,445,496,563,581,598,624,676,697,704,705,713,719,729,772,775,793,818,866,881,942,970,979,981,985,995,1000,1001,1008,1026,1120,1145,1256,1276,1278]","[[0,1],[1,1],[2,-1],[3,1],[4,-1],[16,1],[26,1],[77,1],[196,1],[198,-1],[227,-1],[240,1],[265,1],[312,1],[333,1],[335,1],[437,1],[438,-1],[445,1],[496,1],[563,1],[581,1],[598,-1],[624,1],[676,1],[697,-1],[704,-1],[705,-1],[713,-1],[719,-1],[729,1],[772,-1],[775,1],[793,-1],[818,-1],[866,1],[881,1],[942,-1],[970,-1],[979,-1],[981,-1],[985,-1],[995,1],[1000,1],[1001,-1],[1008,-1],[1026,-1],[1120,-1],[1145,1],[1256,-1],[1276,1],[1278,1]]","[133,57,30,122,67,29,66,34,13,92,17,38,8,104,16,35,46,61,81,91,124,33,28,75,2,114,97,27,127,84,15,128,77,6,86,23,89,39,25,53,0,93,129,100,59,18,41,73,48,37,107,54,51,4,78,44,58,3,137,79,31,68,98,88,138,105,113,5,32,112,111,117,1,103,125,90,60,87,12,14,65,121,102,50,70,123,26,36,132,52,115,9,136,99,82,120,126,83,11,40,109,42,131,85,118,63,24,116,74,47,19]","[235,198,243,196,150,155,220,274,231,204,139,223,232,218,239,215,214,240,206,172,170,273,163,141,193,236,164,248,224,256,200,180,260,207,249,250,174,208,262,264,211,187,205,276,247,177,144,258,162,245,257,244,178,160,186,203,252,272,181,168,184,222,263,143,213,192,179,253,277,255,254,191,190,156,158,268,199,152,167,238,269,159,195,259,237,261,182,140,271,154,185,229,142,202,175,219,225,147,197,194,188,251,183,241,146,157,230,161,153,227,210]",c94663d2ea4d9980e795d96a0d7cf11a12b996e65948cae98fc2ae5c331344eb,111,1437698894,3779390434,"[930081,7,5,0,139,200,26]",2573205734,1918363426,[5],"{""5"":0}"
S7,7,930082,139,1.6770509831248424,5,,0,0.1,89,63,"[0,1,2,3,4,16,27,42,48,77,103,145,157,196,227,244,259,308,310,311,312,380,425,426,437,509,521,563,581,595,613,626,652,666,674,685,760,780,810,816,818,829,834,862,866,869,881,942,951,970,979,981,985,994,995,1025,1026,1120,1178,1184,1224,1254,1278]","[[0,1],[1,1],[2,-1],[3,1],[4,-1],[16,1],[27,1],[42,1],[48,1],[77,1],[103,-1],[145,-1],[157,-1],[196,1],[227,-1],[244,-1],[259,-1],[308,1],[310,-1],[311,-1],[312,1],[380,1],[425,1],[426,-1],[437,1],[509,-1],[521,-1],[563,1],[581,1],[595,1],[613,1],[626,1],[652,1],[666,1],[674,1],[685,-1],[760,-1],[780,-1],[810,1],[816,-1],[818,-1],[829,1],[834,1],[862,1],[866,1],[869,-1],[881,1],[942,-1],[951,-1],[970,-1],[979,-1],[981,-1],[985,-1],[994,1],[995,1],[1025,1],[1026,-1],[1120,-1],[1178,1],[1184,-1],[1224,1],[1254,1],[1278,1]]","[116,49,125,81,53,110,68,118,126,78,62,47,75,28,117,133,54,45,79,123,18,91,17,128,58,104,63,39,90,12,121,38,115,51,114,131,37,55,76,65,129,74,89,1,111,66,67,134,11,136,22,31,7,84,102,85,122,34,135,3,137,99,2,33,9,26,88,60,103,113,46,23,101,20,41,82,64,127,96,120,61,94,52,10,93,70,138,124,100,16,119,29,71,77,98,112,32,105,21,36,109,83,15,97,69,80,73,30,92,57,56]","[265,245,277,225,268,236,169,141,159,230,185,184,180,158,239,165,212,140,153,151,186,233,274,234,219,189,261,243,173,174,187,246,154,275,202,237,252,276,157,181,257,272,254,256,193,249,191,177,218,262,217,204,197,171,199,152,250,192,164,220,248,150,227,207,221,201,198,238,266,206,195,222,229,155,166,145,168,270,203,226,210,214,143,182,190,273,228,156,242,208,161,196,170,213,223,260,175,205,194,255,267,209,162,271,167,142,179,240,178,176,264]",944610a196e39fb38e389bd764edcee30cbaecf10186255ebdf6542d2ba49bee,111,1531423152,1739634226,"[930082,7,5,0,139,200,26]",880756741,1918363426,[5],"{""5"":0}"
S7,7,930083,139,1.6770509831248424,5,,0,0.1,89,60,"[0,1,2,3,4,5,27,76,157,171,242,244,285,308,397,416,423,437,438,445,450,507,508,514,568,581,595,685,705,713,771,775,780,821,837,848,866,908,970,979,981,985,995,1001,1006,1021,1043,1068,1071,1072,1078,1120,1139,1145,1184,1214,1224,1254,1269,1278]","[[0,1],[1,1],[2,-1],[3,1],[4,-1],[5,1],[27,1],[76,1],[157,-1],[171,-1],[242,1],[244,-1],[285,1],[308,1],[397,-1],[416,-1],[423,-1],[437,1],[438,-1],[445,1],[450,1],[507,-1],[508,-1],[514,1],[568,1],[581,1],[595,1],[685,-1],[705,-1],[713,-1],[771,-1],[775,1],[780,-1],[821,-1],[837,-1],[848,1],[866,1],[908,1],[970,-1],[979,-1],[981,-1],[985,-1],[995,1],[1001,-1],[1006,-1],[1021,1],[1043,-1],[1068,1],[1071,1],[1072,1],[1078,1],[1120,-1],[1139,-1],[1145,1],[1184,-1],[1214,1],[1224,1],[1254,1],[1269,1],[1278,1]]","[130,126,49,45,135,7,110,35,43,24,86,48,77,111,47,39,125,95,31,15,109,87,8,11,103,112,114,128,124,5,113,101,54,72,27,73,106,26,25,0,127,34,96,116,29,9,23,2,131,66,61,84,64,76,93,121,133,22,36,107,6,69,17,55,71,70,21,67,102,122,92,132,30,33,129,100,104,32,99,79,12,42,81,94,18,37,52,46,14,85,115,68,82,56,65,13,88,91,119,108,62,44,120,19,1,58,10,89,16,90,57]","[208,162,275,248,170,236,260,210,168,225,151,178,207,244,186,182,233,152,171,183,204,231,149,139,213,142,252,228,268,192,237,276,273,160,234,145,189,242,253,175,166,212,148,193,270,154,227,172,222,194,271,197,235,174,232,226,173,272,258,240,247,157,209,259,265,219,200,153,215,266,143,214,216,176,257,241,185,254,163,190,217,146,262,245,206,255,184,274,250,158,221,261,256,199,203,188,177,191,224,198,251,155,267,180,181,140,220,230,196,223,156]",065a197775011d31980e0038159d9e7857ff3369222599acea39eefaae3863aa,111,4140221874,2528288768,"[930083,7,5,0,139,200,26]",4179704251,1918363426,[5],"{""5"":1}"
S7,7,930084,139,1.6770509831248424,5,,0,0.1,89,58,"[0,1,2,3,4,27,98,157,186,191,196,198,214,262,308,310,335,355,397,408,423,425,438,467,563,581,624,713,737,772,775,810,818,821,829,834,837,848,866,868,880,881,908,918,942,970,985,991,1000,1028,1078,1120,1139,1145,1167,1224,1254,1278]","[[0,1],[1,1],[2,-1],[3,1],[4,-1],[27,1],[98,-1],[157,-1],[186,-1],[191,-1],[196,1],[198,-1],[214,-1],[262,-1],[308,1],[310,-1],[335,1],[355,1],[397,-1],[408,-1],[423,-1],[425,1],[438,-1],[467,-1],[563,1],[581,1],[624,1],[713,-1],[737,1],[772,-1],[775,1],[810,1],[818,-1],[821,-1],[829,1],[834,1],[837,-1],[848,1],[866,1],[868,-1],[880,-1],[881,1],[908,1],[918,-1],[942,-1],[970,-1],[985,-1],[991,1],[1000,1],[1028,-1],[1078,1],[1120,-1],[1139,-1],[1145,1],[1167,-1],[1224,1],[1254,1],[1278,1]]","[86,66,54,45,7,71,83,8,42,124,106,23,84,22,21,61,34,80,78,52,41,128,116,134,109,76,88,110,27,5,60,38,99,58,105,104,121,125,35,18,0,24,57,89,85,135,13,111,46,25,133,26,74,11,39,63,79,77,138,73,94,30,55,114,118,69,4,81,65,96,56,47,100,62,48,49,9,10,14,90,95,3,40,12,67,32,1,68,64,19,50,33,75,82,2,70,123,97,43,120,129,20,59,92,29,130,126,115,131,93,101]","[194,267,144,234,158,167,230,209,261,245,219,176,161,191,274,276,164,243,242,178,152,150,248,239,195,227,258,200,201,180,269,189,169,252,228,216,249,231,272,271,224,183,241,186,244,140,235,212,251,240,259,220,210,218,145,147,190,277,153,159,226,237,229,154,179,260,187,199,198,255,177,149,211,275,233,263,170,273,214,256,236,172,247,223,193,163,139,142,270,250,206,262,225,257,175,173,166,266,156,174,205,141,148,232,264,162,207,208,192,268,182]",32870dbf5cbb26bcdc78280fad2478a9151bc076fc8b89194cb5fb28fd8af4d6,111,4000324408,370887036,"[930084,7,5,0,139,200,26]",4171455796,1918363426,[5],"{""5"":0}"
S7,7,930085,139,1.6770509831248424,5,,0,0.1,89,73,"[0,1,2,3,4,5,27,42,98,171,196,242,244,265,308,310,312,335,349,380,425,437,438,507,521,524,539,581,595,638,647,685,704,771,772,775,793,794,801,810,818,829,834,848,866,903,908,922,942,951,971,979,981,985,994,995,1001,1008,1018,1028,1071,1078,1082,1115,1120,1139,1145,1177,1224,1227,1254,1256,1278]","[[0,1],[1,1],[2,-1],[3,1],[4,-1],[5,1],[27,1],[42,1],[98,-1],[171,-1],[196,1],[242,1],[244,-1],[265,1],[308,1],[310,-1],[312,1],[335,1],[349,-1],[380,1],[425,1],[437,1],[438,-1],[507,-1],[521,-1],[524,1],[539,-1],[581,1],[595,1],[638,1],[647,1],[685,-1],[704,-1],[771,-1],[772,-1],[775,1],[793,-1],[794,1],[801,-1],[810,1],[818,-1],[829,1],[834,1],[848,1],[866,1],[903,1],[908,1],[922,1],[942,-1],[951,-1],[971,1],[979,-1],[981,-1],[985,-1],[994,1],[995,1],[1001,-1],[1008,-1],[1018,-1],[1028,-1],[1071,1],[1078,1],[1082,1],[1115,1],[1120,-1],[1139,-1],[1145,1],[1177,-1],[1224,1],[1227,1],[1254,1],[1256,-1],[1278,1]]","[63,99,129,93,74,1,104,101,135,3,59,90,72,114,11,37,42,41,57,49,30,33,12,113,17,53,89,46,84,133,88,35,97,108,18,60,19,111,116,124,67,61,40,121,0,138,21,22,15,54,130,87,68,13,95,128,115,96,29,28,45,81,56,125,102,47,39,126,83,106,85,5,36,112,8,23,64,92,9,122,98,73,43,2,58,109,134,75,44,34,24,48,137,91,107,80,132,71,78,25,27,4,62,79,20,120,52,94,77,100,31]","[156,139,186,171,187,169,188,194,164,199,277,140,154,177,148,240,261,146,160,243,201,181,259,158,147,257,217,225,252,220,182,152,218,163,145,227,242,183,248,210,196,234,209,269,274,237,189,206,141,203,260,245,247,191,166,224,265,262,219,200,204,185,202,258,213,190,255,151,198,267,192,233,180,184,226,159,268,253,205,239,236,214,155,193,212,142,229,165,178,251,153,263,176,211,221,241,197,264,195,172,149,222,249,216,144,215,270,170,174,161,273]",8738a091034f218e092ed6982f11dbe9ed3b84d8fb4ad35cb60113309ca6947c,111,1840427940,1446229493,"[930085,7,5,0,139,200,26]",1956260583,1918363426,[5],"{""5"":1}"
S7,7,930086,139,1.6770509831248424,5,,0,0.1,89,65,"[0,1,2,3,4,26,42,73,103,145,158,171,196,219,227,308,311,312,411,412,415,437,438,507,508,509,514,563,570,581,588,595,647,681,713,773,775,801,834,848,862,866,881,918,926,970,979,985,995,1001,1006,1026,1028,1056,1068,1114,1115,1120,1121,1145,1173,1184,1224,1254,1278]","[[0,1],[1,1],[2,-1],[3,1],[4,-1],[26,1],[42,1],[73,-1],[103,-1],[145,-1],[158,1],[171,-1],[196,1],[219,1],[227,-1],[308,1],[311,-1],[312,1],[411,1],[412,-1],[415,1],[437,1],[438,-1],[507,-1],[508,-1],[509,-1],[514,1],[563,1],[570,1],[581,1],[588,1],[595,1],[647,1],[681,-1],[713,-1],[773,-1],[775,1],[801,-1],[834,1],[848,1],[862,1],[866,1],[881,1],[918,-1],[926,-1],[970,-1],[979,-1],[985,-1],[995,1],[1001,-1],[1006,-1],[1026,-1],[1028,-1],[1056,-1],[1068,1],[1114,1],[1115,1],[1120,-1],[1121,1],[1145,1],[1173,1],[1184,-1],[1224,1],[1254,1],[1278,1]]","[124,55,6,60,81,49,27,127,62,99,23,43,21,57,129,96,120,71,64,9,97,58,61,126,34,79,72,83,102,0,5,65,118,73,28,29,25,41,119,19,113,138,90,130,33,95,56,108,8,128,4,46,20,80,114,63,70,125,38,69,94,50,110,91,12,37,115,66,2,68,42,112,136,10,14,117,103,85,92,31,67,17,133,51,32,132,78,98,77,39,44,35,135,45,89,131,76,47,11,16,26,15,3,88,105,24,54,52,104,22,109]","[207,141,140,192,258,273,209,174,239,204,197,210,154,248,152,250,265,171,161,245,158,228,147,150,157,199,236,182,144,266,165,264,256,255,270,275,184,196,169,180,176,151,175,237,191,139,198,263,260,212,247,153,226,271,193,267,249,213,225,276,243,252,272,159,178,149,231,142,201,220,235,223,262,242,230,208,241,229,188,155,215,253,206,160,146,269,202,224,203,179,259,163,145,238,172,216,218,173,205,240,156,200,222,214,221,227,217,166,234,167,186]",9b9560e0d5fab8dcf7b25e79374de851689f123d4e0ee37dc68e5ff72d06c0b5,111,383722372,3069500893,"[930086,7,5,0,139,200,26]",3065196786,1918363426,[5],"{""5"":0}"
S7,7,930087,139,1.6770509831248424,5,,0,0.1,89,56,"[0,1,2,3,4,16,42,145,171,198,219,227,308,316,415,444,445,507,508,509,514,524,563,570,590,595,638,652,667,685,729,801,810,821,848,866,874,908,922,926,942,970,972,979,981,985,994,1025,1026,1078,1120,1199,1214,1243,1254,1278]","[[0,1],[1,1],[2,-1],[3,1],[4,-1],[16,1],[42,1],[145,-1],[171,-1],[198,-1],[219,1],[227,-1],[308,1],[316,1],[415,1],[444,1],[445,1],[507,-1],[508,-1],[509,-1],[514,1],[524,1],[563,1],[570,1],[590,-1],[595,1],[638,1],[652,1],[667,1],[685,-1],[729,1],[801,-1],[810,1],[821,-1],[848,1],[866,1],[874,1],[908,1],[922,1],[926,-1],[942,-1],[970,-1],[972,1],[979,-1],[981,-1],[985,-1],[994,1],[1025,1],[1026,-1],[1078,1],[1120,-1],[1199,-1],[1214,1],[1243,-1],[1254,1],[1278,1]]","[122,75,100,117,137,6,86,57,99,104,21,125,14,31,47,136,126,91,49,128,45,111,92,24,39,93,58,64,81,129,17,72,124,1,9,43,84,133,119,60,38,54,110,63,98,112,56,26,107,138,102,69,3,132,50,68,42,41,55,52,40,37,62,88,4,32,7,106,96,35,71,130,5,51,83,94,134,79,114,2,33,36,113,90,23,108,8,28,127,34,13,15,22,20,66,16,53,27,25,44,12,80,103,77,73,85,118,19,61,116,120]","[142,271,140,164,214,162,256,243,212,203,213,178,170,260,143,146,171,197,251,182,216,209,220,229,253,217,152,169,263,254,175,192,245,262,211,189,258,257,236,225,230,204,160,249,275,161,201,141,255,190,163,270,198,206,221,242,224,269,218,196,158,274,268,153,264,155,156,200,266,232,265,252,185,202,177,267,149,239,227,205,147,165,261,223,150,273,188,151,208,174,277,215,210,157,183,233,191,180,276,219,148,247,237,231,228,246,272,207,199,176,172]",f52495d0a108c1a2b63d5e73e3bcb5d9f0780db83db48c75c897e7a7b160dc9d,111,1381881550,516641548,"[930087,7,5,0,139,200,26]",2246712605,1918363426,[5],"{""5"":0}"
S7,7,930088,139,1.6770509831248424,5,,0,0.1,89,55,"[0,1,2,3,4,54,77,103,157,196,198,227,240,285,308,335,423,437,438,444,505,507,511,514,560,613,658,666,675,685,704,771,773,794,810,821,834,861,866,881,913,942,970,979,995,1000,1006,1026,1050,1101,1120,1145,1248,1254,1278]","[[0,1],[1,1],[2,-1],[3,1],[4,-1],[54,-1],[77,1],[103,-1],[157,-1],[196,1],[198,-1],[227,-1],[240,1],[285,1],[308,1],[335,1],[423,-1],[437,1],[438,-1],[444,1],[505,-1],[507,-1],[511,-1],[514,1],[560,-1],[613,1],[658,1],[666,1],[675,1],[685,-1],[704,-1],[771,-1],[773,-1],[794,1],[810,1],[821,-1],[834,1],[861,-1],[866,1],[881,1],[913,1],[942,-1],[970,-1],[979,-1],[995,1],[1000,1],[1006,-1],[1026,-1],[1050,1],[1101,1],[1120,-1],[1145,1],[1248,-1],[1254,1],[1278,1]]","[67,16,110,121,4,96,63,48,73,137,68,5,89,108,27,116,131,45,119,90,86,44,35,32,30,22,92,134,6,46,114,21,98,99,88,100,55,117,14,106,130,103,129,138,36,8,58,135,17,24,9,25,85,111,105,10,19,80,79,109,83,93,125,37,124,33,66,78,77,13,118,3,76,57,52,136,113,104,51,95,74,41,38,11,70,60,112,69,84,123,64,42,102,126,62,47,127,28,65,61,43,87,72,132,49,94,91,101,2,34,53]","[177,152,192,145,176,182,144,234,272,188,218,263,251,253,256,220,164,235,193,236,174,254,269,248,233,150,240,160,227,167,147,170,258,207,165,183,239,181,259,260,271,206,242,274,200,194,262,153,231,140,155,257,178,186,255,191,201,149,276,161,184,273,223,180,139,151,212,224,225,229,173,216,157,267,208,168,277,209,222,261,158,163,179,264,202,197,228,246,211,198,175,241,249,221,243,244,190,185,250,266,203,270,189,213,219,162,226,148,268,159,232]",1b24bdfdf79aa5e464502b698a74b374819baff64f3d2795d46cef1275edfe09,111,4164638369,296140924,"[930088,7,5,0,139,200,26]",1197468477,1918363426,[5],"{""5"":0}"
S7,7,930089,139,1.6770509831248424,5,,0,0.1,89,70,"[0,1,2,3,4,16,27,145,147,165,171,191,198,227,228,242,252,308,312,335,380,405,415,423,444,447,450,470,507,513,514,538,578,647,685,713,775,793,801,810,829,834,861,862,867,868,869,876,881,908,942,966,979,981,995,1006,1008,1025,1028,1062,1078,1120,1145,1159,1177,1179,1216,1220,1224,1254]","[[0,1],[1,1],[2,-1],[3,1],[4,-1],[16,1],[27,1],[145,-1],[147,1],[165,-1],[171,-1],[191,-1],[198,-1],[227,-1],[228,1],[242,1],[252,1],[308,1],[312,1],[335,1],[380,1],[405,-1],[415,1],[423,-1],[444,1],[447,1],[450,1],[470,1],[507,-1],[513,-1],[514,1],[538,1],[578,-1],[647,1],[685,-1],[713,-1],[775,1],[793,-1],[801,-1],[810,1],[829,1],[834,1],[861,-1],[862,1],[867,-1],[868,-1],[869,-1],[876,-1],[881,1],[908,1],[942,-1],[966,-1],[979,-1],[981,-1],[995,1],[1006,-1],[1008,-1],[1025,1],[1028,-1],[1062,1],[1078,1],[1120,-1],[1145,1],[1159,-1],[1177,-1],[1179,1],[1216,1],[1220,1],[1224,1],[1254,1]]","[75,115,4,96,126,2,39,100,84,135,90,59,54,50,101,51,41,47,23,18,35,129,107,132,22,73,130,19,134,32,48,33,9,1,87,99,71,112,131,106,44,117,125,104,123,83,81,52,124,103,37,14,76,93,80,55,95,98,120,110,5,53,64,6,56,66,13,20,85,74,15,62,25,127,26,65,42,10,63,24,69,114,40,82,58,3,118,86,128,94,72,78,61,133,92,57,108,30,91,8,97,116,21,27,46,7,31,119,70,11,49]","[241,250,238,202,248,244,171,236,193,140,197,253,165,216,145,219,213,182,179,139,259,206,166,194,245,154,262,218,164,141,205,180,222,208,160,265,191,167,257,232,212,156,192,256,264,272,243,210,152,230,255,170,185,204,273,150,199,155,269,271,147,195,168,173,224,254,177,263,261,172,226,249,189,209,186,275,211,235,246,188,142,228,214,183,157,201,207,162,251,234,196,176,247,178,144,237,217,161,242,143,260,229,267,148,233,181,187,203,270,268,240]",63b9e6da8423c72789cf2f498eb4d85c63dc5db49048411550d0b02db79197d9,111,230510284,786650414,"[930089,7,5,0,139,200,26]",3294239015,1918363426,[5],"{""5"":0}"
S7,7,930090,139,1.6770509831248424,5,,0,0.1,89,64,"[0,1,2,3,4,10,27,42,98,145,157,171,198,244,308,373,405,412,423,426,437,444,456,507,521,568,570,581,595,652,658,697,705,713,719,760,775,801,821,834,848,866,881,908,918,922,942,970,985,995,1000,1001,1008,1025,1028,1078,1082,1145,1174,1177,1248,1256,1276,1278]","[[0,1],[1,1],[2,-1],[3,1],[4,-1],[10,1],[27,1],[42,1],[98,-1],[145,-1],[157,-1],[171,-1],[198,-1],[244,-1],[308,1],[373,1],[405,-1],[412,-1],[423,-1],[426,-1],[437,1],[444,1],[456,1],[507,-1],[521,-1],[568,1],[570,1],[581,1],[595,1],[652,1],[658,1],[697,-1],[705,-1],[713,-1],[719,-1],[760,-1],[775,1],[801,-1],[821,-1],[834,1],[848,1],[866,1],[881,1],[908,1],[918,-1],[922,1],[942,-1],[970,-1],[985,-1],[995,1],[1000,1],[1001,-1],[1008,-1],[1025,1],[1028,-1],[1078,1],[1082,1],[1145,1],[1174,-1],[1177,-1],[1248,-1],[1256,-1],[1276,1],[1278,1]]","[96,6,107,133,105,99,59,25,102,36,19,80,55,77,31,136,87,42,16,69,65,132,118,9,82,30,34,62,117,29,66,21,10,50,8,127,95,57,103,109,27,130,54,1,88,81,113,67,125,33,11,90,128,108,121,60,85,106,52,28,79,58,73,92,39,93,68,40,76,12,116,7,112,71,17,44,32,137,13,22,122,56,78,5,104,84,53,63,86,20,26,124,15,100,14,119,41,48,91,4,138,61,111,38,70,120,2,75,43,134,101]","[251,141,187,263,264,277,157,199,267,143,170,177,176,250,145,203,204,182,161,217,183,173,195,210,254,209,202,223,242,162,206,272,247,140,214,156,244,142,262,180,160,213,269,185,181,266,197,236,208,165,196,237,243,194,172,188,259,147,168,226,270,171,169,271,198,225,276,193,258,241,246,232,164,260,234,240,227,256,239,221,265,154,174,274,167,255,191,146,149,163,219,235,218,229,253,211,216,252,231,192,151,186,190,153,220,238,222,207,233,205,261]",50c70a98ea7d2b3eaad3d5cc0a9353244276eb8c240da591db680981a5ab334d,111,848095057,3192030592,"[930090,7,5,0,139,200,26]",1665639716,1918363426,[5],"{""5"":0}"
S7,7,930091,139,1.6770509831248424,5,,0,0.1,89,66,"[0,1,2,3,4,16,42,77,103,145,157,196,198,214,227,285,308,310,340,380,423,437,443,513,555,563,581,624,652,658,713,716,772,775,810,821,829,834,848,868,881,908,942,946,979,985,995,1000,1008,1012,1021,1026,1028,1078,1120,1131,1139,1141,1145,1179,1199,1248,1254,1276,1277,1278]","[[0,1],[1,1],[2,-1],[3,1],[4,-1],[16,1],[42,1],[77,1],[103,-1],[145,-1],[157,-1],[196,1],[198,-1],[214,-1],[227,-1],[285,1],[308,1],[310,-1],[340,-1],[380,1],[423,-1],[437,1],[443,1],[513,-1],[555,1],[563,1],[581,1],[624,1],[652,1],[658,1],[713,-1],[716,-1],[772,-1],[775,1],[810,1],[821,-1],[829,1],[834,1],[848,1],[868,-1],[881,1],[908,1],[942,-1],[946,1],[979,-1],[985,-1],[995,1],[1000,1],[1008,-1],[1012,-1],[1021,1],[1026,-1],[1028,-1],[1078,1],[1120,-1],[1131,-1],[1139,-1],[1141,1],[1145,1],[1179,1],[1199,-1],[1248,-1],[1254,1],[1276,1],[1277,1],[1278,1]]","[128,91,76,126,109,66,20,93,71,54,8,59,90,86,83,22,94,95,123,39,119,5,138,63,84,82,21,16,25,81,75,114,133,26,3,10,57,13,55,100,120,130,52,125,48,9,87,136,118,27,56,45,108,53,33,116,101,80,64,58,127,102,14,42,30,49,61,51,41,43,17,97,36,11,1,73,121,106,31,32,137,40,24,105,44,7,134,112,111,96,85,2,104,99,78,74,68,69,50,113,23,62,79,98,72,115,129,103,88,12,4]","[156,236,209,273,213,217,234,144,190,259,169,184,167,261,210,195,202,226,238,256,214,262,170,270,188,200,244,257,271,229,166,162,164,176,154,142,182,239,148,185,241,237,199,168,222,179,173,243,211,255,140,272,232,231,212,218,220,149,276,252,274,183,172,158,146,250,205,260,151,153,177,198,267,247,277,258,245,251,265,235,249,242,139,219,155,264,225,208,207,150,165,246,186,216,152,181,147,180,223,263,189,145,157,174,248,254,227,253,266,161,204]",96c7b0eee407e99c5e3abbc000d0951ae36374e538208d3310c48ab2a6cfd046,111,926645085,375485936,"[930091,7,5,0,139,200,26]",1165027065,1918363426,[5],"{""5"":0}"
S7,7,930092,139,1.6770509831248424,5,,0,0.1,89,65,"[0,1,2,3,4,16,27,85,111,145,196,227,244,285,311,333,335,397,438,445,452,470,507,514,549,553,581,586,598,658,676,705,713,772,775,801,810,848,867,868,908,926,942,951,979,981,985,994,995,1001,1026,1041,1062,1078,1120,1145,1179,1184,1191,1220,1224,1226,1227,1276,1278]","[[0,1],[1,1],[2,-1],[3,1],[4,-1],[16,1],[27,1],[85,-1],[111,1],[145,-1],[196,1],[227,-1],[244,-1],[285,1],[311,-1],[333,1],[335,1],[397,-1],[438,-1],[445,1],[452,1],[470,1],[507,-1],[514,1],[549,-1],[553,1],[581,1],[586,-1],[598,-1],[658,1],[676,1],[705,-1],[713,-1],[772,-1],[775,1],[801,-1],[810,1],[848,1],[867,-1],[868,-1],[908,1],[926,-1],[942,-1],[951,-1],[979,-1],[981,-1],[985,-1],[994,1],[995,1],[1001,-1],[1026,-1],[1041,1],[1062,1],[1078,1],[1120,-1],[1145,1],[1179,1],[1184,-1],[1191,1],[1220,1],[1224,1],[1226,-1],[1227,1],[1276,1],[1278,1]]","[115,26,18,49,6,128,55,30,131,19,24,100,10,75,13,14,107,117,60,138,34,56,76,48,17,102,74,54,77,126,78,37,88,87,98,121,42,129,15,93,90,16,4,83,68,31,92,66,39,80,2,28,11,106,135,111,110,58,27,99,84,36,25,1,89,119,22,108,23,104,63,120,3,59,127,5,61,53,114,91,65,116,43,79,46,85,62,137,123,124,130,112,20,7,40,82,94,51,133,47,9,101,113,64,71,33,105,72,45,57,67]","[179,186,150,204,164,222,267,276,178,182,249,253,203,188,218,260,192,160,141,201,180,185,259,237,244,239,263,214,153,238,142,275,163,269,166,250,147,158,197,233,217,219,273,213,187,144,191,140,242,257,199,268,183,255,184,235,224,198,240,210,251,156,262,146,175,174,245,171,221,202,231,247,256,189,223,162,161,208,170,173,152,258,261,165,246,145,172,271,194,143,177,228,265,149,232,157,195,241,200,151,167,181,193,236,277,274,159,212,225,190,155]",573a5b84382f951f68fc5b9eaa4e74872e7a442895bf2fdf3bcf0cdaea51860f,111,1812001679,1184286576,"[930092,7,5,0,139,200,26]",3440382566,1918363426,[5],"{""5"":0}"
S7,7,930093,139,1.6770509831248424,5,,0,0.1,89,60,"[0,1,2,3,4,16,42,103,114,157,171,196,198,227,242,244,252,308,312,411,423,437,438,447,448,507,644,658,674,685,737,794,829,861,866,868,881,908,942,981,985,990,991,995,1021,1025,1056,1078,1120,1123,1145,1155,1177,1179,1224,1227,1243,1254,1256,1269]","[[0,1],[1,1],[2,-1],[3,1],[4,-1],[16,1],[42,1],[103,-1],[114,1],[157,-1],[171,-1],[196,1],[198,-1],[227,-1],[242,1],[244,-1],[252,1],[308,1],[312,1],[411,1],[423,-1],[437,1],[438,-1],[447,1],[448,-1],[507,-1],[644,1],[658,1],[674,1],[685,-1],[737,1],[794,1],[829,1],[861,-1],[866,1],[868,-1],[881,1],[908,1],[942,-1],[981,-1],[985,-1],[990,-1],[991,1],[995,1],[1021,1],[1025,1],[1056,-1],[1078,1],[1120,-1],[1123,1],[1145,1],[1155,1],[1177,-1],[1179,1],[1224,1],[1227,1],[1243,-1],[1254,1],[1256,-1],[1269,1]]","[59,132,68,89,95,123,49,38,32,81,72,28,17,101,73,50,106,88,87,90,61,76,122,16,19,0,7,108,63,24,29,64,92,131,110,53,23,93,118,103,115,46,40,26,31,57,100,36,27,69,84,94,41,116,11,14,43,109,127,117,33,15,99,1,97,42,44,126,82,129,52,30,121,5,60,135,4,55,62,119,120,56,104,107,45,51,80,77,34,125,102,67,6,39,20,22,83,71,136,35,66,134,138,65,112,96,78,70,13,98,10]","[209,174,225,258,231,240,189,263,270,155,221,200,248,154,267,181,180,257,203,173,205,185,167,157,261,264,182,190,277,201,260,266,237,175,208,199,171,147,146,229,164,265,161,269,253,202,143,224,195,271,259,239,241,234,220,150,216,238,243,274,247,196,160,144,245,140,222,186,218,272,178,156,192,276,226,233,152,198,194,170,176,142,169,236,207,145,206,153,256,215,252,183,191,158,184,273,213,230,193,163,166,151,262,250,159,268,172,251,148,254,212]",41eaddf41348a3c0a56d281ce2b763c6a3b33a0a60a685a392995c62fa5b7bb4,111,1552006333,205095818,"[930093,7,5,0,139,200,26]",759439711,1918363426,[5],"{""5"":0}"
S7,7,930094,139,1.6770509831248424,5,,0,0.1,89,66,"[0,1,2,3,4,7,77,98,101,145,171,198,259,285,289,308,311,312,335,346,355,358,380,397,411,438,443,444,450,505,507,508,514,595,666,704,705,771,794,801,810,848,868,903,908,942,951,979,981,985,995,1000,1001,1002,1026,1028,1078,1098,1120,1144,1145,1214,1227,1251,1254,1276]","[[0,1],[1,1],[2,-1],[3,1],[4,-1],[7,-1],[77,1],[98,-1],[101,-1],[145,-1],[171,-1],[198,-1],[259,-1],[285,1],[289,1],[308,1],[311,-1],[312,1],[335,1],[346,1],[355,1],[358,1],[380,1],[397,-1],[411,1],[438,-1],[443,1],[444,1],[450,1],[505,-1],[507,-1],[508,-1],[514,1],[595,1],[666,1],[704,-1],[705,-1],[771,-1],[794,1],[801,-1],[810,1],[848,1],[868,-1],[903,1],[908,1],[942,-1],[951,-1],[979,-1],[981,-1],[985,-1],[995,1],[1000,1],[1001,-1],[1002,1],[1026,-1],[1028,-1],[1078,1],[1098,1],[1120,-1],[1144,-1],[1145,1],[1214,1],[1227,1],[1251,-1],[1254,1],[1276,1]]","[112,67,82,48,97,83,23,76,80,77,32,73,22,84,59,138,137,55,53,128,71,127,30,108,106,13,116,34,87,129,8,122,92,95,14,113,50,88,65,123,131,33,91,58,26,16,68,102,96,125,40,110,6,134,54,21,121,103,12,39,42,20,7,120,86,49,132,61,18,2,98,5,117,45,25,41,99,56,124,63,62,28,31,9,115,35,44,104,79,78,47,52,4,37,101,43,27,118,19,57,11,105,24,72,38,17,114,0,69,51,107]","[275,176,207,270,167,182,232,273,241,264,145,254,225,201,190,173,255,223,183,213,271,249,263,198,151,256,228,224,152,165,236,203,195,265,155,202,259,179,196,212,144,169,208,166,220,139,193,162,209,252,205,175,149,178,147,234,146,240,217,266,248,194,210,238,150,191,242,168,222,253,153,163,216,211,181,268,160,239,227,142,272,269,267,235,247,276,237,214,157,164,221,148,233,262,188,250,199,141,261,159,186,177,189,244,140,185,187,260,171,219,258]",3ce18eb1d652530f066dbd5d41261658e3e3c5ad31f37fc883449117221a82e3,111,2908273914,3535549923,"[930094,7,5,0,139,200,26]",2892020319,1918363426,[5],"{""5"":0}"
S7,7,930095,139,1.6770509831248424,5,,0,0.1,89,59,"[0,1,2,3,4,5,42,77,145,157,158,171,196,198,219,227,239,244,270,308,310,333,335,411,423,450,468,490,505,507,563,581,685,713,771,775,780,810,866,868,879,922,926,942,979,981,995,1028,1043,1078,1145,1167,1214,1224,1227,1254,1269,1276,1278]","[[0,1],[1,1],[2,-1],[3,1],[4,-1],[5,1],[42,1],[77,1],[145,-1],[157,-1],[158,1],[171,-1],[196,1],[198,-1],[219,1],[227,-1],[239,-1],[244,-1],[270,1],[308,1],[310,-1],[333,1],[335,1],[411,1],[423,-1],[450,1],[468,-1],[490,-1],[505,-1],[507,-1],[563,1],[581,1],[685,-1],[713,-1],[771,-1],[775,1],[780,-1],[810,1],[866,1],[868,-1],[879,1],[922,1],[926,-1],[942,-1],[979,-1],[981,-1],[995,1],[1028,-1],[1043,-1],[1078,1],[1145,1],[1167,-1],[1214,1],[1224,1],[1227,1],[1254,1],[1269,1],[1276,1],[1278,1]]","[47,94,114,112,121,52,122,64,45,27,125,67,100,53,22,28,39,55,25,95,97,57,75,17,4,76,130,66,84,89,48,105,13,136,11,38,59,16,35,14,132,108,9,82,43,69,58,30,20,104,31,92,6,110,126,74,34,7,106,18,56,2,8,12,26,98,109,71,118,73,128,44,63,124,111,40,79,116,85,107,99,68,51,115,88,96,41,138,33,19,81,127,102,91,78,60,54,101,23,135,119,15,113,80,77,93,72,123,62,137,42]","[173,277,139,183,178,184,212,229,148,192,235,145,193,234,156,172,264,251,217,203,232,146,220,263,241,175,214,236,250,265,201,170,208,256,266,233,153,273,269,210,177,218,171,181,200,165,211,205,262,248,216,219,197,167,226,204,143,185,176,169,154,189,255,271,259,270,182,239,224,252,221,254,202,187,207,147,163,244,144,174,194,188,191,186,164,159,274,267,179,206,275,230,223,247,151,227,213,149,249,276,261,196,158,245,157,162,152,225,257,150,228]",281019b02d5ed60b5a5ed4cc9f544d9e84e16eed4552ab0dbbf583e1abdc444f,111,3001815471,2108140286,"[930095,7,5,0,139,200,26]",1654919836,1918363426,[5],"{""5"":1}"
S7,7,930096,139,1.6770509831248424,5,,0,0.1,89,60,"[0,1,2,3,4,27,145,157,171,242,269,308,312,316,335,380,397,408,425,437,438,444,470,507,514,560,685,713,821,829,848,862,866,897,908,922,942,951,979,981,985,991,995,1001,1078,1088,1098,1120,1139,1141,1145,1173,1179,1224,1226,1227,1243,1254,1269,1278]","[[0,1],[1,1],[2,-1],[3,1],[4,-1],[27,1],[145,-1],[157,-1],[171,-1],[242,1],[269,-1],[308,1],[312,1],[316,1],[335,1],[380,1],[397,-1],[408,-1],[425,1],[437,1],[438,-1],[444,1],[470,1],[507,-1],[514,1],[560,-1],[685,-1],[713,-1],[821,-1],[829,1],[848,1],[862,1],[866,1],[897,1],[908,1],[922,1],[942,-1],[951,-1],[979,-1],[981,-1],[985,-1],[991,1],[995,1],[1001,-1],[1078,1],[1088,-1],[1098,1],[1120,-1],[1139,-1],[1141,1],[1145,1],[1173,1],[1179,1],[1224,1],[1226,-1],[1227,1],[1243,-1],[1254,1],[1269,1],[1278,1]]","[93,126,49,24,94,118,10,56,60,7,50,91,52,14,137,96,51,44,78,133,119,22,15,136,1,37,34,47,67,9,89,30,27,103,41,58,11,92,86,23,13,17,19,102,3,31,135,111,84,59,128,21,104,46,101,62,106,124,95,18,76,28,112,57,87,98,38,122,5,45,129,120,110,43,115,75,71,125,127,132,70,12,123,99,61,35,65,53,32,134,77,97,100,131,6,90,8,107,20,81,80,26,116,121,63,64,68,55,72,39,82]","[243,187,154,252,171,139,265,151,188,191,182,184,168,213,274,152,245,148,174,255,179,262,229,153,211,192,149,266,232,140,203,268,170,228,197,257,165,155,223,259,230,219,160,218,199,172,145,173,195,212,175,169,176,198,269,215,147,227,273,163,254,234,157,250,233,221,251,141,196,236,158,220,216,178,217,200,248,226,209,166,242,224,244,253,210,235,239,275,205,156,258,143,276,180,177,270,256,194,264,267,222,142,237,144,185,246,261,272,150,238,260]",eddb82ac4d87466998236f0c23b85dc31fa4df2f77fb5c8efcbd885ab40c020d,111,2881715965,2976694870,"[930096,7,5,0,139,200,26]",3098542706,1918363426,[5],"{""5"":0}"
S7,7,930097,139,1.6770509831248424,5,,0,0.1,89,63,"[0,1,2,3,4,27,43,77,101,157,196,198,214,227,240,308,312,335,380,397,437,438,443,444,445,447,479,514,521,563,586,645,652,658,666,685,704,713,717,793,821,834,837,861,866,869,901,908,942,979,981,985,994,1000,1001,1026,1050,1078,1120,1145,1224,1254,1278]","[[0,1],[1,1],[2,-1],[3,1],[4,-1],[27,1],[43,-1],[77,1],[101,-1],[157,-1],[196,1],[198,-1],[214,-1],[227,-1],[240,1],[308,1],[312,1],[335,1],[380,1],[397,-1],[437,1],[438,-1],[443,1],[444,1],[445,1],[447,1],[479,1],[514,1],[521,-1],[563,1],[586,-1],[645,1],[652,1],[658,1],[666,1],[685,-1],[704,-1],[713,-1],[717,-1],[793,-1],[821,-1],[834,1],[837,-1],[861,-1],[866,1],[869,-1],[901,-1],[908,1],[942,-1],[979,-1],[981,-1],[985,-1],[994,1],[1000,1],[1001,-1],[1026,-1],[1050,1],[1078,1],[1120,-1],[1145,1],[1224,1],[1254,1],[1278,1]]","[39,29,69,110,5,93,12,98,123,6,75,117,106,102,126,53,57,35,30,47,46,89,88,133,136,28,87,91,9,138,79,115,76,2,116,15,7,90,18,97,127,25,100,54,94,71,129,1,51,48,45,122,86,95,84,24,20,23,114,118,11,36,16,62,128,67,109,121,59,49,40,112,85,44,27,65,105,21,42,22,14,10,108,82,119,73,3,80,111,113,61,125,34,83,68,130,63,132,43,103,104,120,77,96,101,58,78,137,55,41,13]","[261,200,214,173,179,223,155,256,164,239,166,230,199,267,272,274,187,150,275,176,277,212,253,177,184,242,236,190,216,141,251,189,259,203,235,160,208,145,139,167,237,183,260,258,248,169,158,146,276,154,211,209,168,195,271,210,159,215,250,157,240,234,196,227,231,161,254,162,262,205,194,268,273,222,243,175,263,191,266,221,153,182,180,178,233,148,201,147,269,170,246,152,244,249,213,218,232,270,188,252,228,264,163,197,229,207,140,144,198,142,247]",d5a6e055daf1836aa1936e235b892220f9a5c976ae93567b183e2518c47e9e9b,111,3175436530,1727912174,"[930097,7,5,0,139,200,26]",488068844,1918363426,[5],"{""5"":0}"
S7,7,930098,139,1.6770509831248424,5,,0,0.1,89,68,"[0,1,2,3,4,48,91,157,171,191,196,227,303,308,312,333,397,408,411,412,425,437,438,452,456,507,509,555,563,581,626,658,666,674,704,705,713,717,737,772,821,866,868,881,908,915,918,925,942,951,979,995,1000,1001,1008,1012,1026,1062,1078,1098,1115,1120,1145,1148,1179,1254,1269,1278]","[[0,1],[1,1],[2,-1],[3,1],[4,-1],[48,1],[91,-1],[157,-1],[171,-1],[191,-1],[196,1],[227,-1],[303,1],[308,1],[312,1],[333,1],[397,-1],[408,-1],[411,1],[412,-1],[425,1],[437,1],[438,-1],[452,1],[456,1],[507,-1],[509,-1],[555,1],[563,1],[581,1],[626,1],[658,1],[666,1],[674,1],[704,-1],[705,-1],[713,-1],[717,-1],[737,1],[772,-1],[821,-1],[866,1],[868,-1],[881,1],[908,1],[915,-1],[918,-1],[925,1],[942,-1],[951,-1],[979,-1],[995,1],[1000,1],[1001,-1],[1008,-1],[1012,-1],[1026,-1],[1062,1],[1078,1],[1098,1],[1115,1],[1120,-1],[1145,1],[1148,1],[1179,1],[1254,1],[1269,1],[1278,1]]","[39,124,117,132,98,91,77,120,53,20,62,26,86,97,126,70,18,46,93,121,33,5,67,92,114,131,99,119,50,87,15,49,60,89,28,103,113,32,116,37,108,123,94,75,57,90,80,56,64,17,105,1,47,31,34,100,11,29,25,27,88,19,68,85,12,125,137,10,43,40,102,79,54,106,71,38,133,61,84,9,16,118,35,48,6,2,127,65,101,8,72,3,107,42,78,69,76,138,129,51,135,112,82,52,81,45,13,22,58,59,55]","[212,205,272,141,214,208,219,258,169,222,152,144,211,139,260,148,155,195,192,230,193,270,226,217,234,164,183,247,172,210,232,147,253,142,204,158,180,262,235,181,264,177,248,206,276,277,255,241,196,231,174,223,227,245,140,207,271,163,240,261,213,236,146,224,191,275,173,267,239,268,251,167,203,216,225,162,266,159,209,175,200,143,194,151,179,199,233,246,188,254,249,185,150,220,250,238,269,202,215,259,198,274,242,265,182,156,218,157,228,263,154]",7e44874b3a8e7ca9f4c7fe214a121f3398828a33959bd3705eec4fe82f6cb5d5,111,3090241227,2124669694,"[930098,7,5,0,139,200,26]",3354636750,1918363426,[5],"{""5"":0}"
S7,7,930099,139,1.6770509831248424,5,,0,0.1,89,64,"[0,1,2,3,4,16,85,100,103,198,227,239,252,308,312,343,358,397,415,437,438,443,452,454,468,507,513,553,563,603,639,658,713,737,771,772,810,834,848,942,951,962,970,979,981,985,995,1000,1008,1012,1018,1025,1062,1101,1120,1139,1148,1173,1177,1199,1254,1256,1276,1278]","[[0,1],[1,1],[2,-1],[3,1],[4,-1],[16,1],[85,-1],[100,1],[103,-1],[198,-1],[227,-1],[239,-1],[252,1],[308,1],[312,1],[343,-1],[358,1],[397,-1],[415,1],[437,1],[438,-1],[443,1],[452,1],[454,-1],[468,-1],[507,-1],[513,-1],[553,1],[563,1],[603,-1],[639,-1],[658,1],[713,-1],[737,1],[771,-1],[772,-1],[810,1],[834,1],[848,1],[942,-1],[951,-1],[962,-1],[970,-1],[979,-1],[981,-1],[985,-1],[995,1],[1000,1],[1008,-1],[1012,-1],[1018,-1],[1025,1],[1062,1],[1101,1],[1120,-1],[1139,-1],[1148,1],[1173,1],[1177,-1],[1199,-1],[1254,1],[1256,-1],[1276,1],[1278,1]]","[3,122,63,84,86,93,106,138,23,94,111,57,83,49,96,14,21,39,98,29,71,12,52,32,116,22,47,1,68,79,74,126,109,27,100,130,51,8,24,50,124,85,99,132,133,136,72,104,105,40,95,9,53,37,6,112,97,78,7,80,26,0,44,125,123,58,5,77,87,20,31,129,69,108,41,137,13,115,102,65,134,103,88,117,16,60,2,56,67,113,10,135,59,101,42,131,46,54,45,62,15,76,30,43,66,34,70,18,48,114,91]","[217,262,244,177,140,139,277,276,264,161,179,149,145,147,181,263,209,193,143,205,212,224,239,168,165,266,247,171,220,265,146,261,206,252,232,200,178,202,267,230,157,223,235,253,154,226,153,167,162,148,170,185,251,229,160,195,183,258,158,144,246,255,260,213,271,163,241,152,254,228,155,186,222,218,215,240,236,176,210,174,182,164,238,188,141,197,198,231,159,237,184,194,172,192,169,234,208,249,269,204,225,243,156,175,272,189,142,248,233,250,190]",a68b5ef30f20aee0bf6bf7b31059318643cfbba6cefbf8d82706b4a91e08be11,111,3831041306,2716550655,"[930099,7,5,0,139,200,26]",1317775718,1918363426,[5],"{""5"":0}"
S7,7,930100,139,1.6770509831248424,5,,0,0.1,89,71,"[0,1,2,3,4,16,77,145,155,157,171,196,198,227,242,244,285,287,308,312,333,340,355,380,426,437,438,445,447,513,514,524,527,581,658,666,681,685,704,705,713,737,775,796,801,810,818,821,829,834,866,881,908,911,918,922,942,951,970,979,981,1008,1067,1068,1078,1139,1177,1248,1254,1274,1278]","[[0,1],[1,1],[2,-1],[3,1],[4,-1],[16,1],[77,1],[145,-1],[155,-1],[157,-1],[171,-1],[196,1],[198,-1],[227,-1],[242,1],[244,-1],[285,1],[287,-1],[308,1],[312,1],[333,1],[340,-1],[355,1],[380,1],[426,-1],[437,1],[438,-1],[445,1],[447,1],[513,-1],[514,1],[524,1],[527,-1],[581,1],[658,1],[666,1],[681,-1],[685,-1],[704,-1],[705,-1],[713,-1],[737,1],[775,1],[796,-1],[801,-1],[810,1],[818,-1],[821,-1],[829,1],[834,1],[866,1],[881,1],[908,1],[911,-1],[918,-1],[922,1],[942,-1],[951,-1],[970,-1],[979,-1],[981,-1],[1008,-1],[1067,1],[1068,1],[1078,1],[1139,-1],[1177,-1],[1248,-1],[1254,1],[1274,1],[1278,1]]","[44,23,135,127,54,3,40,129,72,121,90,134,21,120,89,85,37,119,24,79,32,117,84,4,92,35,137,71,29,52,0,87,105,47,58,88,111,91,63,15,67,93,69,41,64,124,57,108,50,36,66,28,61,49,2,130,18,97,11,13,109,74,8,103,86,10,99,60,104,106,62,101,113,126,133,94,33,77,136,12,34,26,65,128,73,38,43,96,82,7,112,25,30,16,70,100,39,51,95,102,31,114,20,6,83,107,48,125,132,55,76]","[213,198,207,145,175,196,142,165,233,236,231,157,181,147,187,146,182,277,185,155,268,262,159,220,267,241,161,273,193,140,202,266,177,212,261,218,244,238,256,246,275,149,232,183,265,190,179,194,226,239,257,139,178,167,204,250,230,253,205,174,235,211,216,209,234,153,247,192,223,184,276,270,203,176,271,259,249,272,221,224,227,254,163,172,258,242,240,195,143,189,243,215,148,186,201,217,144,245,222,168,214,264,164,158,252,156,251,237,154,228,170]",898843e0e308dfbc5beb307d9253d84d7fc68ed995f6ec3edf81380d69891f48,111,4163468019,2998484691,"[930100,7,5,0,139,200,26]",1199234728,1918363426,[5],"{""5"":0}"
