scenario,scenario_id,diagnostic_seed,target_n,tau,tau_index,rho,rho_index,selected_C_R2,K_t_full,K_t_stab,stability_support_indices_json,stability_signed_support_json,stability_positive_membership_json,stability_negative_membership_json,stability_membership_sha256,stability_n_per_class,stage_A_final_fit_seed,stage_B_fit_seed,stability_subsample_seed_identity_json,stability_fit_seed,dataset_seed,planted_sign_instability_idx_json,planted_coordinate_signs_json
S7,7,930001,100,2.7950849718747373,7,,0,0.1,43,29,"[0,1,2,3,4,62,136,177,251,308,342,389,501,509,530,606,641,652,714,865,895,903,917,1024,1034,1064,1192,1204,1210]","[[0,1],[1,1],[2,-1],[3,1],[4,-1],[62,1],[136,1],[177,-1],[251,1],[308,-1],[342,-1],[389,1],[501,1],[509,1],[530,-1],[606,1],[641,1],[652,1],[714,1],[865,1],[895,1],[903,-1],[917,-1],[1024,1],[1034,-1],[1064,-1],[1192,1],[1204,-1],[1210,1]]","[93,64,14,95,83,70,48,61,69,1,35,99,52,63,11,94,87,33,37,40,90,43,23,21,54,84,46,25,75,57,60,18,47,50,73,24,7,31,67,15,41,86,78,10,55,6,22,91,17,16,12,28,0,89,44,98,56,62,26,81,82,92,72,27,29,77,97,45,2,51,42,13,85,5,3,9,34,8,19,58]","[109,177,129,195,149,167,182,150,125,118,176,144,113,183,123,189,148,106,107,184,152,114,190,164,199,143,119,158,135,161,181,138,115,127,108,198,191,163,105,186,188,141,156,131,120,110,133,192,128,145,130,112,132,137,116,142,196,187,126,154,103,185,171,157,173,111,165,117,134,159,160,169,197,166,162,170,153,139,155,121]",53fbb7a2c8b4b7b24fbda799aedc4b449f233272448f39926f023660bf1e7fb0,80,2893358886,2514282680,"[930001,7,7,0,100,200,26]",970850925,2174160538,[5],"{""5"":0}"
S7,7,930002,100,2.7950849718747373,7,,0,0.1,32,29,"[0,1,2,3,4,34,36,112,136,194,251,267,308,343,389,406,469,484,487,506,641,821,861,865,952,970,978,1046,1217]","[[0,1],[1,1],[2,-1],[3,1],[4,-1],[34,1],[36,1],[112,-1],[136,1],[194,1],[251,1],[267,-1],[308,-1],[343,-1],[389,1],[406,-1],[469,-1],[484,-1],[487,1],[506,1],[641,1],[821,-1],[861,1],[865,1],[952,-1],[970,1],[978,1],[1046,1],[1217,1]]","[0,9,30,60,91,95,94,6,37,10,75,46,97,41,19,8,99,36,47,69,26,63,76,74,65,43,11,71,66,3,20,55,12,59,62,56,81,61,50,93,48,90,22,14,4,86,58,78,83,51,5,52,28,15,54,49,92,53,34,25,42,70,73,24,35,13,23,68,67,45,64,89,88,44,7,29,57,72,21,32]","[118,138,109,170,180,153,130,101,146,120,121,188,183,186,124,100,165,136,134,149,112,139,144,172,166,190,154,199,155,175,174,157,182,195,194,126,137,147,123,179,177,106,142,181,115,114,104,133,171,125,143,196,113,131,168,127,164,103,141,145,163,119,162,193,197,102,105,117,148,189,128,122,132,159,152,107,187,129,191,108]",440e4198e6990051a5bb8dddb984d399721237c43746f857ff5603655e80fa25,80,1633344456,3572266574,"[930002,7,7,0,100,200,26]",3056533653,2174160538,[5],"{""5"":0}"
S7,7,930003,100,2.7950849718747373,7,,0,0.1,45,34,"[0,1,2,3,4,83,126,136,167,170,195,251,277,294,307,342,440,469,482,486,581,772,808,852,957,1006,1064,1086,1093,1122,1165,1187,1217,1219]","[[0,1],[1,1],[2,-1],[3,1],[4,-1],[83,-1],[126,1],[136,1],[167,-1],[170,-1],[195,1],[251,1],[277,-1],[294,-1],[307,1],[342,-1],[440,1],[469,-1],[482,1],[486,-1],[581,1],[772,1],[808,1],[852,1],[957,1],[1006,-1],[1064,-1],[1086,-1],[1093,-1],[1122,1],[1165,1],[1187,1],[1217,1],[1219,1]]","[0,63,69,74,24,62,84,93,65,86,60,2,19,40,80,35,37,5,94,49,38,75,95,91,44,12,13,41,64,83,59,51,11,98,4,66,50,15,58,70,73,48,16,36,21,82,78,76,31,14,28,97,88,89,23,54,22,45,30,90,32,18,67,92,1,34,20,17,8,46,77,72,42,56,71,55,10,25,6,3]","[122,160,165,198,154,105,195,133,113,153,131,148,182,188,158,107,185,111,177,117,134,197,102,199,144,174,176,149,157,183,137,151,121,196,159,178,181,128,152,184,145,124,114,106,187,166,161,125,126,175,150,104,123,147,170,143,189,190,140,138,110,186,172,108,164,100,103,171,139,120,118,191,193,112,155,142,168,169,141,115]",acd7ba099d2fdf7130852aff8ce18af270f830bd3b92abfe312053b3827b9eb1,80,2607019568,502600214,"[930003,7,7,0,100,200,26]",2124252358,2174160538,[5],"{""5"":0}"
S7,7,930004,100,2.7950849718747373,7,,0,0.1,40,34,"[0,1,2,3,4,22,83,89,133,147,167,251,291,322,372,423,426,484,532,554,652,653,720,772,853,861,984,1047,1064,1086,1137,1196,1219,1266]","[[0,1],[1,1],[2,-1],[3,1],[4,-1],[22,1],[83,-1],[89,1],[133,-1],[147,-1],[167,-1],[251,1],[291,1],[322,1],[372,-1],[423,-1],[426,-1],[484,-1],[532,-1],[554,1],[652,1],[653,1],[720,-1],[772,1],[853,-1],[861,1],[984,-1],[1047,-1],[1064,-1],[1086,-1],[1137,-1],[1196,-1],[1219,1],[1266,1]]","[30,43,67,61,40,9,29,93,33,76,86,18,37,0,23,16,62,14,60,53,39,59,13,88,82,26,74,49,63,24,22,75,71,80,79,96,78,91,41,70,12,52,34,7,25,95,21,50,55,69,56,27,94,2,57,42,6,54,31,5,89,83,47,58,73,15,8,1,19,68,64,51,11,3,48,46,28,99,66,90]","[100,112,195,142,108,109,171,116,167,149,145,124,183,152,175,187,134,146,105,178,164,103,189,173,165,128,123,141,197,168,130,114,186,194,188,163,132,179,181,193,180,119,131,190,120,106,135,115,174,104,118,101,153,147,148,129,157,127,176,199,177,184,140,172,110,196,155,160,139,126,170,151,143,158,159,113,154,137,198,156]",fb82e149db56951b3dcd88481eec12e5201ea6a07230ca914f0a4e4818ad76fc,80,699685486,4180474464,"[930004,7,7,0,100,200,26]",3463743240,2174160538,[5],"{""5"":0}"
S7,7,930005,100,2.7950849718747373,7,,0,0.1,52,31,"[0,1,2,3,4,5,100,160,161,251,385,401,406,416,426,491,544,663,775,853,861,952,1031,1064,1079,1093,1140,1162,1196,1217,1277]","[[0,1],[1,1],[2,-1],[3,1],[4,-1],[5,1],[100,-1],[160,1],[161,1],[251,1],[385,-1],[401,-1],[406,-1],[416,-1],[426,-1],[491,-1],[544,-1],[663,-1],[775,-1],[853,-1],[861,1],[952,-1],[1031,-1],[1064,-1],[1079,-1],[1093,-1],[1140,1],[1162,-1],[1196,-1],[1217,1],[1277,1]]","[38,69,21,77,11,49,31,82,83,66,67,33,60,81,16,3,34,96,87,24,32,73,98,9,37,28,62,71,51,26,64,48,25,46,20,17,5,79,44,18,86,52,68,39,75,78,47,0,35,10,95,13,14,50,70,74,57,93,7,1,63,88,58,4,45,80,30,56,40,55,27,72,6,84,61,43,89,29,2,91]","[162,137,138,106,114,110,134,116,103,121,117,113,190,148,174,186,108,158,149,157,147,132,133,150,170,139,179,140,155,136,102,164,142,129,135,101,180,123,143,119,153,151,173,156,122,185,152,159,195,161,181,178,189,112,146,183,163,126,198,165,141,127,115,169,104,194,128,144,120,118,105,167,199,196,188,187,176,125,109,171]",a5201526f43637fadbca14f21e115d1627ee6e96de7a68cdf116c1d69ebf9633,80,597821319,851852716,"[930005,7,7,0,100,200,26]",2749505712,2174160538,[5],"{""5"":1}"
S7,7,930006,100,2.7950849718747373,7,,0,0.1,44,34,"[0,1,2,3,4,22,73,112,137,147,251,264,289,311,351,355,389,460,461,484,581,641,772,808,861,938,952,957,975,1086,1164,1166,1183,1217]","[[0,1],[1,1],[2,-1],[3,1],[4,-1],[22,1],[73,1],[112,-1],[137,-1],[147,-1],[251,1],[264,-1],[289,1],[311,-1],[351,-1],[355,-1],[389,1],[460,1],[461,1],[484,-1],[581,1],[641,1],[772,1],[808,1],[861,1],[938,1],[952,-1],[957,1],[975,1],[1086,-1],[1164,-1],[1166,1],[1183,-1],[1217,1]]","[87,81,39,11,62,47,57,24,12,33,40,16,4,29,5,56,7,41,19,61,55,48,90,6,67,46,70,10,26,59,71,2,79,49,98,38,35,21,73,42,72,28,54,32,92,77,27,14,36,1,53,8,23,76,63,91,88,22,58,89,17,25,30,66,96,50,31,64,94,85,80,34,51,93,20,95,60,44,75,86]","[137,192,153,194,166,164,130,127,179,186,177,144,188,140,126,121,151,128,141,172,125,169,103,195,167,182,124,114,116,131,109,118,105,181,150,129,106,110,149,161,165,157,199,112,139,158,154,159,100,173,134,143,136,193,147,187,152,122,101,107,171,170,191,155,185,174,190,132,189,148,108,145,138,178,133,123,111,184,197,183]",2ca7351a8bcad25e9000168236c7c643ac73afa30aa58b114b93c41cefc018d5,80,2404688007,1210769685,"[930006,7,7,0,100,200,26]",882047869,2174160538,[5],"{""5"":0}"
S7,7,930007,100,2.7950849718747373,7,,0,0.1,43,31,"[0,1,2,3,4,5,22,34,90,232,286,362,389,416,464,465,694,722,739,772,827,852,861,865,957,1001,1047,1086,1196,1222,1248]","[[0,1],[1,1],[2,-1],[3,1],[4,-1],[5,1],[22,1],[34,1],[90,1],[232,-1],[286,1],[362,1],[389,1],[416,-1],[464,-1],[465,1],[694,1],[722,1],[739,1],[772,1],[827,1],[852,1],[861,1],[865,1],[957,1],[1001,-1],[1047,-1],[1086,-1],[1196,-1],[1222,1],[1248,-1]]","[82,97,93,17,58,9,14,18,63,36,52,66,57,41,81,72,45,64,44,94,73,27,53,32,71,98,49,69,1,79,47,7,91,29,2,8,88,12,33,92,59,46,70,75,13,87,95,90,42,51,68,61,50,55,89,22,60,4,30,85,26,84,3,0,78,40,19,24,11,96,34,10,67,6,37,23,76,77,20,99]","[104,170,192,133,169,159,150,185,165,173,179,184,199,153,108,195,167,134,140,187,182,172,101,188,152,107,116,135,129,123,100,171,141,106,142,113,146,130,183,136,176,155,112,180,160,148,132,174,156,149,126,105,125,191,115,162,122,128,147,161,154,127,175,143,138,151,119,109,117,137,120,196,178,181,197,158,103,114,102,189]",a30994607bbd9405ceb63a656fd70a5985bfbe32aeba0c49180da90826ba64e1,80,1637344562,1898741693,"[930007,7,7,0,100,200,26]",2996086845,2174160538,[5],"{""5"":1}"
S7,7,930008,100,2.7950849718747373,7,,0,0.1,34,25,"[0,1,2,3,4,85,100,133,267,322,342,389,465,469,641,721,742,750,800,825,952,1064,1093,1183,1210]","[[0,1],[1,1],[2,-1],[3,1],[4,-1],[85,-1],[100,-1],[133,-1],[267,-1],[322,1],[342,-1],[389,1],[465,1],[469,-1],[641,1],[721,1],[742,-1],[750,-1],[800,-1],[825,-1],[952,-1],[1064,-1],[1093,-1],[1183,-1],[1210,1]]","[75,78,49,29,34,82,20,97,0,43,47,42,61,40,18,79,74,41,1,7,95,69,31,54,38,67,81,63,98,5,3,62,92,45,37,2,39,25,91,58,93,9,26,55,76,46,57,4,24,36,15,32,17,14,28,70,50,12,21,10,88,44,52,86,68,35,84,48,27,22,99,90,96,73,60,83,85,87,33,64]","[151,106,110,121,123,165,158,115,107,168,103,199,175,120,196,108,166,192,105,183,181,126,147,159,139,173,178,198,154,170,116,186,137,128,182,132,164,100,119,133,125,195,156,131,122,180,163,150,167,197,109,160,113,184,124,140,193,176,130,171,185,127,129,155,146,161,101,187,157,143,114,169,153,118,172,152,142,148,145,177]",3e5c57ee751487b105e45350b6fb500894d0a69dbd7c920b9ce8625c39650f83,80,2733942934,1506221073,"[930008,7,7,0,100,200,26]",1258752650,2174160538,[5],"{""5"":0}"
S7,7,930009,100,2.7950849718747373,7,,0,0.1,45,39,"[0,1,2,3,4,83,136,137,144,153,185,232,267,376,385,389,410,438,465,663,670,765,772,796,802,807,826,833,863,921,928,1016,1086,1135,1137,1157,1183,1196,1217]","[[0,1],[1,1],[2,-1],[3,1],[4,-1],[83,-1],[136,1],[137,-1],[144,1],[153,-1],[185,1],[232,-1],[267,-1],[376,-1],[385,-1],[389,1],[410,-1],[438,1],[465,1],[663,-1],[670,-1],[765,1],[772,1],[796,-1],[802,-1],[807,-1],[826,1],[833,1],[863,-1],[921,1],[928,-1],[1016,-1],[1086,-1],[1135,1],[1137,-1],[1157,-1],[1183,-1],[1196,-1],[1217,1]]","[86,60,31,48,94,85,8,55,5,81,66,97,33,32,58,28,11,22,17,78,2,9,21,26,62,14,96,49,3,23,99,75,56,46,59,71,70,0,16,1,35,44,82,36,80,4,15,7,38,68,79,84,47,53,61,72,65,41,52,87,63,64,77,88,91,54,10,13,20,6,95,19,90,74,25,57,89,42,45,40]","[191,132,183,175,118,195,163,178,151,106,161,140,155,126,116,165,138,173,103,177,196,185,113,128,123,166,181,156,130,141,125,170,150,187,197,117,139,100,188,192,112,167,114,168,160,110,105,182,162,137,124,184,119,135,189,198,153,199,136,111,127,172,129,152,154,143,134,176,121,146,108,122,157,169,144,109,171,179,147,180]",4f1834e389f62e49cbe82ee296f4996f504352805c7667d30347effc8f90feeb,80,1122137220,2194657003,"[930009,7,7,0,100,200,26]",34414809,2174160538,[5],"{""5"":0}"
S7,7,930010,100,2.7950849718747373,7,,0,0.1,52,34,"[0,1,2,3,4,5,90,136,144,240,372,381,389,449,465,484,606,641,759,861,865,895,902,923,928,932,935,952,957,1002,1046,1106,1109,1137]","[[0,1],[1,1],[2,-1],[3,1],[4,-1],[5,1],[90,1],[136,1],[144,1],[240,-1],[372,-1],[381,-1],[389,1],[449,1],[465,1],[484,-1],[606,1],[641,1],[759,1],[861,1],[865,1],[895,1],[902,-1],[923,1],[928,-1],[932,1],[935,-1],[952,-1],[957,1],[1002,1],[1046,1],[1106,1],[1109,-1],[1137,-1]]","[55,45,51,83,35,0,17,27,54,33,24,6,38,21,39,65,37,14,15,29,68,75,82,76,67,84,48,8,44,46,23,78,91,49,69,20,42,70,94,5,11,1,58,12,34,95,66,10,72,98,18,74,26,36,9,80,97,53,89,16,52,25,41,30,79,92,71,60,99,93,3,2,77,7,86,62,57,56,50,63]","[190,111,151,157,117,109,163,180,115,119,122,130,103,145,138,176,185,191,133,113,128,158,161,153,174,198,141,142,193,197,166,173,168,156,152,135,120,106,139,143,178,195,170,160,149,112,184,164,134,194,182,110,123,147,125,144,107,165,136,129,150,183,167,100,104,175,181,148,192,108,121,126,169,105,131,177,137,188,179,172]",4d9e2b61b3447fadb439d4a923c6ca636a86017ab08689f87245e90ac6e0f143,80,3163331749,927162081,"[930010,7,7,0,100,200,26]",2212040755,2174160538,[5],"{""5"":1}"
S7,7,930011,100,2.7950849718747373,7,,0,0.1,39,28,"[0,1,2,3,4,5,152,177,264,322,376,389,406,410,606,641,667,748,772,865,1064,1079,1086,1138,1157,1159,1164,1217]","[[0,1],[1,1],[2,-1],[3,1],[4,-1],[5,1],[152,1],[177,-1],[264,-1],[322,1],[376,-1],[389,1],[406,-1],[410,-1],[606,1],[641,1],[667,-1],[748,1],[772,1],[865,1],[1064,-1],[1079,-1],[1086,-1],[1138,-1],[1157,-1],[1159,-1],[1164,-1],[1217,1]]","[25,42,85,84,12,83,23,39,48,97,92,14,45,21,90,13,30,76,99,70,96,73,8,38,88,7,44,68,41,89,80,36,47,95,87,40,74,16,17,4,9,82,67,98,94,27,59,49,34,10,0,15,69,11,51,52,57,20,54,58,1,62,86,65,72,26,56,53,22,3,60,71,75,77,81,63,29,18,6,19]","[134,161,164,118,113,116,196,124,153,105,166,119,172,157,192,120,154,180,139,186,102,151,188,182,195,184,107,141,190,174,160,108,128,150,189,135,122,197,170,117,185,183,149,176,132,143,162,199,194,111,136,144,147,112,123,181,125,168,177,173,175,148,165,131,137,198,133,163,152,115,140,167,171,103,145,110,158,100,178,187]",8584992a2a34e69b9627db6272ee6faeacc246ce3aa4507c838d01d3e8aa7c22,80,414761695,3234739852,"[930011,7,7,0,100,200,26]",3796793165,2174160538,[5],"{""5"":1}"
S7,7,930012,100,2.7950849718747373,7,,0,0.1,38,28,"[0,1,2,3,4,83,108,168,219,221,249,315,372,374,389,484,492,510,572,668,737,742,744,757,772,880,1051,1259]","[[0,1],[1,1],[2,-1],[3,1],[4,-1],[83,-1],[108,-1],[168,1],[219,1],[221,-1],[249,1],[315,1],[372,-1],[374,1],[389,1],[484,-1],[492,1],[510,-1],[572,1],[668,-1],[737,-1],[742,-1],[744,1],[757,-1],[772,1],[880,1],[1051,-1],[1259,1]]","[49,14,91,18,76,20,5,9,34,74,83,95,84,32,55,89,13,69,0,60,70,97,82,36,98,33,50,72,81,26,90,30,15,39,86,80,11,22,41,21,96,51,85,63,67,16,31,53,4,27,3,29,78,8,58,35,43,99,71,57,56,2,1,23,73,38,66,65,42,25,61,93,64,94,77,46,12,52,62,28]","[161,145,155,130,117,177,132,190,134,160,107,141,180,106,144,163,115,140,102,104,170,152,199,138,136,126,120,166,119,188,159,172,142,183,150,123,110,167,196,109,195,157,156,153,137,129,162,171,114,164,173,105,194,189,101,187,176,116,149,198,128,175,111,122,112,124,143,133,125,151,181,154,148,113,158,146,184,191,186,165]",d74e25c30564cc349bf172b1537b7fb6b617fde9ae290599610e0e5d1c399296,80,3298603995,1452046017,"[930012,7,7,0,100,200,26]",3663936510,2174160538,[5],"{""5"":0}"
S7,7,930013,100,2.7950849718747373,7,,0,0.1,30,25,"[0,1,2,3,4,90,152,168,251,367,389,401,406,409,506,606,633,641,772,792,865,1016,1079,1086,1130]","[[0,1],[1,1],[2,-1],[3,1],[4,-1],[90,1],[152,1],[168,1],[251,1],[367,-1],[389,1],[401,-1],[406,-1],[409,-1],[506,1],[606,1],[633,1],[641,1],[772,1],[792,1],[865,1],[1016,-1],[1079,-1],[1086,-1],[1130,1]]","[38,34,4,33,66,0,99,63,6,88,54,37,86,56,77,46,69,57,62,64,14,83,98,23,36,24,71,50,22,95,93,42,2,20,73,76,58,16,19,87,74,39,94,48,29,17,53,82,43,85,90,44,75,80,55,21,41,5,12,47,81,51,59,15,78,1,45,32,27,96,10,79,8,89,28,25,3,92,49,7]","[143,132,152,141,156,110,123,190,113,164,133,104,116,120,126,166,170,131,196,155,154,173,186,163,197,136,109,129,101,198,124,192,176,149,106,157,159,108,160,194,147,161,145,169,135,140,102,185,112,193,182,177,107,105,148,184,100,172,119,125,153,187,189,195,158,168,137,142,117,114,179,128,121,199,144,115,167,146,130,165]",692baeea2babb4c4697d844a27d460497a74fc685b1d8caca5069dbb06884e42,80,2665229331,604902934,"[930013,7,7,0,100,200,26]",2954391249,2174160538,[5],"{""5"":0}"
S7,7,930014,100,2.7950849718747373,7,,0,0.1,42,31,"[0,1,2,3,4,5,70,73,155,170,222,249,251,401,465,492,581,632,772,865,902,930,1064,1075,1086,1093,1124,1210,1217,1266,1277]","[[0,1],[1,1],[2,-1],[3,1],[4,-1],[5,1],[70,-1],[73,1],[155,-1],[170,-1],[222,-1],[249,1],[251,1],[401,-1],[465,1],[492,1],[581,1],[632,-1],[772,1],[865,1],[902,-1],[930,-1],[1064,-1],[1075,-1],[1086,-1],[1093,-1],[1124,-1],[1210,1],[1217,1],[1266,1],[1277,1]]","[8,56,13,79,38,17,46,55,85,68,81,20,3,96,42,99,95,35,54,88,32,37,16,50,66,24,31,44,69,41,59,27,12,73,21,83,28,93,34,84,7,82,19,25,11,36,97,75,39,72,64,43,63,6,2,76,47,77,78,48,80,89,14,90,1,4,94,29,33,74,51,52,15,26,57,71,30,91,98,40]","[122,194,183,146,189,199,176,134,152,123,180,106,155,190,185,197,127,116,165,132,182,168,171,107,119,184,115,172,156,110,148,130,174,125,191,137,147,121,145,162,169,186,117,100,198,163,108,135,192,101,153,112,149,167,102,139,104,151,170,159,195,136,157,126,141,166,175,118,120,133,144,131,177,129,128,164,193,114,196,158]",642e0d6596169c5eb8e326b8e6dcdd77cfa2db8dd12e5753420401df08341fd3,80,2274505974,619129381,"[930014,7,7,0,100,200,26]",3338664261,2174160538,[5],"{""5"":1}"
S7,7,930015,100,2.7950849718747373,7,,0,0.1,45,31,"[0,1,2,3,4,83,144,251,313,384,389,399,423,506,544,641,670,814,833,853,861,921,981,1013,1046,1101,1109,1182,1189,1196,1217]","[[0,1],[1,1],[2,-1],[3,1],[4,-1],[83,-1],[144,1],[251,1],[313,-1],[384,1],[389,1],[399,-1],[423,-1],[506,1],[544,-1],[641,1],[670,-1],[814,1],[833,1],[853,-1],[861,1],[921,1],[981,1],[1013,-1],[1046,1],[1101,1],[1109,-1],[1182,1],[1189,-1],[1196,-1],[1217,1]]","[62,31,77,44,92,46,61,97,0,55,80,85,89,12,25,16,64,53,29,23,96,75,34,45,37,81,38,82,15,57,86,76,27,24,9,7,91,59,36,5,18,48,49,35,56,87,60,74,42,30,54,99,28,13,10,73,70,19,52,43,41,72,8,6,95,39,50,40,20,93,65,32,98,14,4,22,33,71,94,66]","[185,104,172,166,195,114,132,112,110,105,191,183,125,129,117,107,199,181,157,175,145,115,121,101,140,135,119,120,169,128,137,100,147,136,171,184,196,102,198,113,143,160,186,138,173,141,170,134,109,192,164,193,131,163,126,153,194,154,155,142,122,139,188,151,111,123,176,159,133,149,146,152,161,187,178,165,150,174,190,116]",039f8a849ba6eb1dba051caf1ba14e3f5eba7a7231e48cb3a83ff23d97c53672,80,134505970,3564969267,"[930015,7,7,0,100,200,26]",3678070445,2174160538,[5],"{""5"":0}"
S7,7,930016,100,2.7950849718747373,7,,0,0.1,35,32,"[0,1,2,3,4,5,136,251,389,484,487,501,515,532,586,595,608,641,652,664,788,861,865,1028,1030,1051,1064,1077,1086,1109,1137,1265]","[[0,1],[1,1],[2,-1],[3,1],[4,-1],[5,1],[136,1],[251,1],[389,1],[484,-1],[487,1],[501,1],[515,1],[532,-1],[586,1],[595,1],[608,1],[641,1],[652,1],[664,1],[788,1],[861,1],[865,1],[1028,1],[1030,-1],[1051,-1],[1064,-1],[1077,-1],[1086,-1],[1109,-1],[1137,-1],[1265,1]]","[92,28,95,96,48,14,66,91,36,31,58,16,80,19,64,60,6,46,53,71,20,35,32,90,54,94,73,85,17,84,99,43,98,7,86,87,37,40,44,63,89,75,78,93,18,27,81,11,13,65,59,47,23,70,30,3,39,24,45,12,51,1,76,50,55,88,61,22,41,62,5,10,68,72,57,8,21,67,74,4]","[173,137,135,160,196,112,127,199,191,143,103,153,110,142,147,119,178,165,157,189,100,149,104,129,194,171,198,126,123,151,115,101,158,170,159,164,113,190,185,132,168,106,140,111,176,148,138,117,136,107,188,180,183,167,133,124,131,184,193,145,146,174,118,121,187,144,125,120,134,179,169,166,139,154,150,128,175,114,108,172]",bc377de1205c5aa0ad6a0ee152e22dfcf9fb315627d771e15ec1640b33d2d005,80,1247290148,1770356968,"[930016,7,7,0,100,200,26]",347260991,2174160538,[5],"{""5"":1}"
S7,7,930017,100,2.7950849718747373,7,,0,0.1,39,38,"[0,1,2,3,4,73,83,136,148,219,243,251,326,342,343,367,372,426,441,462,609,625,684,690,772,826,865,871,895,930,952,1047,1086,1093,1099,1194,1217,1243]","[[0,1],[1,1],[2,-1],[3,1],[4,-1],[73,1],[83,-1],[136,1],[148,1],[219,1],[243,-1],[251,1],[326,-1],[342,-1],[343,-1],[367,-1],[372,-1],[426,-1],[441,1],[462,-1],[609,-1],[625,-1],[684,1],[690,-1],[772,1],[826,1],[865,1],[871,-1],[895,1],[930,-1],[952,-1],[1047,-1],[1086,-1],[1093,-1],[1099,-1],[1194,-1],[1217,1],[1243,-1]]","[52,94,21,58,99,62,79,26,72,98,7,78,65,95,38,77,92,0,86,23,44,18,5,1,36,6,51,57,49,20,80,66,25,8,12,30,15,59,28,39,32,60,89,88,87,63,84,9,76,14,2,27,55,53,97,70,73,33,85,68,83,47,67,81,40,34,93,82,46,56,10,37,64,50,69,71,42,61,35,91]","[147,121,130,143,172,107,110,156,199,196,135,117,184,185,173,188,125,129,146,120,128,158,190,167,165,105,186,106,166,111,155,174,170,114,115,153,132,140,123,131,144,171,100,179,104,192,113,137,134,101,177,145,195,152,164,122,118,103,139,161,163,193,154,180,142,141,189,136,169,116,149,197,160,159,187,127,181,183,109,178]",f8f54b440082bc3578702defa522839d319a8725f8cb6dfe087b437a686d8ed7,80,390077391,243539687,"[930017,7,7,0,100,200,26]",1430402105,2174160538,[5],"{""5"":0}"
S7,7,930018,100,2.7950849718747373,7,,0,0.3,105,90,"[1,2,3,4,34,41,44,45,47,62,70,83,90,102,112,119,122,161,170,185,192,251,271,308,311,315,335,340,343,382,389,392,399,408,414,426,466,469,470,480,484,492,505,506,546,548,569,581,632,644,646,652,700,730,740,765,772,792,795,800,826,828,832,861,871,874,887,902,907,928,981,984,990,993,1001,1003,1046,1047,1079,1084,1086,1094,1155,1168,1183,1186,1189,1201,1217,1260]","[[1,1],[2,-1],[3,1],[4,-1],[34,1],[41,1],[44,1],[45,1],[47,1],[62,1],[70,-1],[83,-1],[90,1],[102,-1],[112,-1],[119,-1],[122,-1],[161,1],[170,-1],[185,1],[192,-1],[251,1],[271,-1],[308,-1],[311,-1],[315,1],[335,-1],[340,-1],[343,-1],[382,-1],[389,1],[392,1],[399,-1],[408,-1],[414,-1],[426,-1],[466,-1],[469,-1],[470,1],[480,-1],[484,-1],[492,1],[505,-1],[506,1],[546,-1],[548,-1],[569,-1],[581,1],[632,-1],[644,1],[646,-1],[652,1],[700,1],[730,1],[740,-1],[765,1],[772,1],[792,1],[795,1],[800,-1],[826,1],[828,-1],[832,-1],[861,1],[871,-1],[874,-1],[887,-1],[902,-1],[907,1],[928,-1],[981,1],[984,-1],[990,-1],[993,1],[1001,-1],[1003,-1],[1046,1],[1047,-1],[1079,-1],[1084,1],[1086,-1],[1094,-1],[1155,-1],[1168,1],[1183,-1],[1186,-1],[1189,-1],[1201,1],[1217,1],[1260,1]]","[74,30,53,88,20,58,42,17,26,94,46,21,16,33,11,67,10,24,45,19,15,0,64,83,79,70,47,40,41,96,78,49,73,91,37,1,72,50,27,28,81,12,34,44,66,32,84,61,2,75,43,62,23,8,5,57,4,89,29,71,36,69,99,9,76,13,7,93,97,85,65,52,82,95,63,25,31,86,56,55]","[105,114,125,106,102,168,189,182,186,161,139,178,175,184,180,162,197,151,194,112,192,113,116,146,193,100,185,163,176,123,132,199,119,179,121,170,104,115,173,167,111,152,120,166,169,177,138,145,156,181,164,165,108,188,118,147,131,128,144,171,142,196,191,124,155,172,134,103,133,101,137,130,195,153,109,158,122,148,190,174]",83c26d1169648b5c3e8359cd8a004422cf5354330bf5afe18e31e6a6b58e0195,80,4184613249,3685737656,"[930018,7,7,0,100,200,26]",2271019290,2174160538,[5],"{""5"":0}"
S7,7,930019,100,2.7950849718747373,7,,0,0.1,44,35,"[0,1,2,3,4,73,219,251,331,350,410,426,469,506,542,546,652,739,757,772,787,827,833,853,861,921,980,1032,1075,1077,1086,1092,1157,1164,1266]","[[0,1],[1,1],[2,-1],[3,1],[4,-1],[73,1],[219,1],[251,1],[331,1],[350,1],[410,-1],[426,-1],[469,-1],[506,1],[542,1],[546,-1],[652,1],[739,1],[757,-1],[772,1],[787,-1],[827,1],[833,1],[853,-1],[861,1],[921,1],[980,-1],[1032,-1],[1075,-1],[1077,-1],[1086,-1],[1092,1],[1157,-1],[1164,-1],[1266,1]]","[46,54,48,87,50,57,95,33,19,94,21,89,61,62,23,3,20,77,51,25,39,55,29,93,24,26,14,44,98,68,88,82,66,47,13,63,74,59,8,64,96,41,42,0,76,85,16,1,17,49,10,27,53,78,58,9,4,5,69,37,65,18,38,97,79,80,84,36,73,30,75,45,34,83,70,81,71,91,99,43]","[133,116,145,126,199,188,193,108,142,121,112,113,168,132,131,185,164,172,124,157,128,110,127,138,143,118,115,104,197,103,158,151,102,165,140,174,148,146,134,173,170,175,183,139,105,161,109,153,187,184,163,120,122,180,155,147,107,181,177,137,190,125,149,179,178,182,159,106,196,198,144,100,114,117,186,176,150,135,130,141]",976b552dfa4bf34afa720852bd67d1499e380e4001ce55f298fbc2c2ccfaadfd,80,2068723119,4200504380,"[930019,7,7,0,100,200,26]",2675906341,2174160538,[5],"{""5"":0}"
S7,7,930020,100,2.7950849718747373,7,,0,0.1,42,36,"[0,1,2,3,4,5,22,98,156,172,174,219,251,294,374,389,441,449,466,484,492,532,581,634,641,652,667,772,788,957,1047,1064,1068,1086,1217,1248]","[[0,1],[1,1],[2,-1],[3,1],[4,-1],[5,1],[22,1],[98,-1],[156,1],[172,-1],[174,-1],[219,1],[251,1],[294,-1],[374,1],[389,1],[441,1],[449,1],[466,-1],[484,-1],[492,1],[532,-1],[581,1],[634,-1],[641,1],[652,1],[667,-1],[772,1],[788,1],[957,1],[1047,-1],[1064,-1],[1068,-1],[1086,-1],[1217,1],[1248,-1]]","[1,54,71,91,95,51,8,38,43,48,52,25,66,0,78,87,61,98,19,58,76,2,36,92,79,32,5,13,99,86,68,55,39,88,27,89,64,47,10,93,14,50,90,29,57,6,97,20,70,22,23,46,3,75,24,49,18,41,85,4,12,33,30,16,45,72,73,65,26,63,67,84,37,83,31,77,81,15,21,11]","[153,174,125,144,131,152,102,190,138,116,154,139,156,100,176,141,191,171,108,164,161,145,159,105,180,183,182,177,147,140,132,187,157,181,192,121,120,188,115,170,128,133,166,107,167,186,197,168,163,151,114,136,178,173,158,185,155,123,119,122,124,149,169,103,184,134,195,148,143,127,196,113,129,199,142,146,198,111,179,101]",da1d3e1f7242d5e4712cfe22eead0ed7871514dccabb65995995aefd38b1dc20,80,2529785807,101005985,"[930020,7,7,0,100,200,26]",2076414935,2174160538,[5],"{""5"":1}"
S7,7,930021,100,2.7950849718747373,7,,0,0.1,41,40,"[0,1,2,3,4,34,73,75,77,104,112,147,165,167,170,251,267,286,308,406,424,470,484,492,506,526,546,641,721,747,772,798,827,865,1001,1024,1039,1047,1119,1217]","[[0,1],[1,1],[2,-1],[3,1],[4,-1],[34,1],[73,1],[75,-1],[77,1],[104,1],[112,-1],[147,-1],[165,-1],[167,-1],[170,-1],[251,1],[267,-1],[286,1],[308,-1],[406,-1],[424,-1],[470,1],[484,-1],[492,1],[506,1],[526,1],[546,-1],[641,1],[721,1],[747,-1],[772,1],[798,1],[827,1],[865,1],[1001,-1],[1024,1],[1039,1],[1047,-1],[1119,1],[1217,1]]","[13,55,15,17,81,44,34,41,64,99,82,88,33,24,20,61,29,19,90,3,31,9,66,54,5,91,47,7,86,94,60,35,21,4,95,46,51,65,25,72,73,0,12,16,43,68,2,52,96,83,63,59,39,58,49,8,18,42,78,30,27,28,26,37,93,32,40,71,53,97,77,70,79,62,76,6,48,98,22,50]","[119,177,140,117,168,185,143,178,138,121,133,193,182,172,158,131,139,100,104,180,150,127,130,176,120,144,103,124,171,156,194,137,186,154,187,169,142,166,135,125,181,123,167,141,175,151,116,152,147,112,196,108,101,132,155,118,164,163,159,191,136,122,174,109,114,146,106,128,199,110,179,105,160,126,183,190,102,198,195,113]",6292e33a338922cf7ada946a6583ba237fc9e3c6dae33a04994d41dfa5ba8a87,80,4133706019,3352723399,"[930021,7,7,0,100,200,26]",2804455489,2174160538,[5],"{""5"":0}"
S7,7,930022,100,2.7950849718747373,7,,0,0.1,43,29,"[0,1,2,3,4,44,83,112,195,243,251,279,343,389,406,434,506,526,641,652,654,700,744,788,798,833,861,1001,1086]","[[0,1],[1,1],[2,-1],[3,1],[4,-1],[44,1],[83,-1],[112,-1],[195,1],[243,-1],[251,1],[279,1],[343,-1],[389,1],[406,-1],[434,-1],[506,1],[526,1],[641,1],[652,1],[654,-1],[700,1],[744,1],[788,1],[798,1],[833,1],[861,1],[1001,-1],[1086,-1]]","[11,27,31,24,0,47,8,71,38,91,88,63,70,89,2,19,99,44,46,26,78,94,84,97,92,40,57,45,56,25,33,86,23,15,76,7,9,52,53,35,81,68,73,22,21,62,41,49,58,64,12,59,42,50,77,4,75,90,10,87,16,28,95,93,37,65,6,34,48,66,60,5,55,51,43,69,20,39,29,36]","[169,150,145,102,146,118,186,130,154,129,107,143,144,112,171,189,187,121,180,158,174,184,138,110,181,198,117,135,116,199,128,148,100,179,191,163,136,195,149,175,182,167,142,157,103,153,177,192,168,137,119,183,124,126,133,151,127,170,197,108,140,141,172,131,109,105,188,166,185,123,162,161,120,160,106,190,194,178,156,115]",0402e1ded24e614f2ad0711cabe1edead8b2c59d96b9bb45e5aff6d3845b20d4,80,3706308706,2515273060,"[930022,7,7,0,100,200,26]",2199093235,2174160538,[5],"{""5"":0}"
S7,7,930023,100,2.7950849718747373,7,,0,0.1,43,28,"[0,1,2,3,4,73,112,138,170,232,251,253,313,389,426,436,462,530,564,608,641,731,757,771,861,1092,1097,1137]","[[0,1],[1,1],[2,-1],[3,1],[4,-1],[73,1],[112,-1],[138,1],[170,-1],[232,-1],[251,1],[253,1],[313,-1],[389,1],[426,-1],[436,1],[462,-1],[530,-1],[564,-1],[608,1],[641,1],[731,-1],[757,-1],[771,1],[861,1],[1092,1],[1097,-1],[1137,-1]]","[29,40,30,39,2,34,26,53,10,50,47,33,79,16,77,86,80,74,71,93,72,82,24,36,61,3,46,23,18,44,88,73,1,28,89,98,55,57,85,94,0,8,59,49,81,56,64,21,15,45,12,35,13,38,70,67,69,75,58,76,83,43,87,66,48,4,95,62,54,99,51,6,27,19,92,42,22,78,84,91]","[196,132,106,103,133,148,119,165,146,194,147,110,115,121,182,187,173,197,104,198,171,180,113,137,177,186,116,111,100,178,112,183,190,193,108,128,179,163,142,181,114,174,117,130,167,189,131,149,124,158,184,136,143,140,151,157,168,144,172,175,155,170,199,154,126,109,101,188,162,153,135,141,195,191,123,166,118,161,145,150]",f1a64ac05d239c45fb8f5ed9a5420000aba8a3b9f8f25ed379bd52108e8a4409,80,76161614,2609346410,"[930023,7,7,0,100,200,26]",3560409338,2174160538,[5],"{""5"":0}"
S7,7,930024,100,2.7950849718747373,7,,0,0.1,58,40,"[0,1,2,3,4,5,92,112,183,223,251,253,343,367,388,389,419,426,484,493,515,523,641,714,717,720,772,808,833,921,924,935,964,1051,1077,1086,1110,1137,1140,1165]","[[0,1],[1,1],[2,-1],[3,1],[4,-1],[5,1],[92,-1],[112,-1],[183,1],[223,1],[251,1],[253,1],[343,-1],[367,-1],[388,-1],[389,1],[419,-1],[426,-1],[484,-1],[493,-1],[515,1],[523,1],[641,1],[714,1],[717,-1],[720,-1],[772,1],[808,1],[833,1],[921,1],[924,-1],[935,-1],[964,-1],[1051,-1],[1077,-1],[1086,-1],[1110,1],[1137,-1],[1140,1],[1165,1]]","[58,9,82,71,5,8,77,41,94,47,75,55,45,11,51,46,96,34,0,18,32,97,87,22,33,42,90,67,64,99,80,56,86,84,62,13,30,17,7,19,73,78,40,36,74,48,85,21,14,38,95,68,2,23,91,63,28,65,79,6,26,15,93,76,49,4,52,69,43,53,88,98,70,31,59,81,27,35,89,83]","[152,115,163,143,182,195,161,144,176,156,175,109,157,127,102,141,129,193,173,150,146,116,139,104,166,107,196,174,177,140,164,100,179,145,135,113,158,123,138,136,181,147,190,148,199,119,159,185,187,186,170,198,114,188,184,172,194,167,137,131,110,108,197,151,192,122,180,125,133,178,154,126,134,124,117,130,155,105,118,106]",259f688e53b26087dd50c9d793919eebabad26631710fc60731b0b0f111a166f,80,1547957615,3725344603,"[930024,7,7,0,100,200,26]",608215516,2174160538,[5],"{""5"":1}"
S7,7,930025,100,2.7950849718747373,7,,0,0.1,42,28,"[0,1,2,3,4,5,161,216,228,389,449,491,498,633,652,725,753,765,772,861,939,959,980,1064,1077,1093,1094,1189]","[[0,1],[1,1],[2,-1],[3,1],[4,-1],[5,1],[161,1],[216,1],[228,1],[389,1],[449,1],[491,-1],[498,-1],[633,1],[652,1],[725,1],[753,-1],[765,1],[772,1],[861,1],[939,1],[959,-1],[980,-1],[1064,-1],[1077,-1],[1093,-1],[1094,-1],[1189,-1]]","[59,42,98,57,18,16,70,49,63,50,74,82,77,76,84,83,43,40,89,95,86,24,79,68,54,11,62,51,41,53,46,97,19,58,1,90,73,29,38,25,9,0,26,2,35,65,17,32,48,33,23,14,15,61,56,60,30,52,36,44,28,7,45,67,94,37,39,66,10,3,88,4,64,93,5,12,6,96,27,47]","[126,122,124,196,125,168,134,191,129,186,163,109,105,106,135,198,116,158,127,164,130,101,178,199,153,150,157,188,107,142,166,165,111,162,182,156,133,161,132,140,103,143,183,139,119,104,195,167,197,131,113,181,136,110,160,194,184,187,175,123,176,141,192,193,169,120,180,114,146,155,185,117,128,151,115,159,171,100,179,145]",1e68fb33e3300fde7c62abaf8b12d26f88723f1972ef7b412554b2bcb7db7b32,80,641340090,957698973,"[930025,7,7,0,100,200,26]",842578584,2174160538,[5],"{""5"":1}"
S7,7,930026,100,2.7950849718747373,7,,0,0.1,54,36,"[0,1,2,3,4,85,90,187,192,193,267,298,321,389,444,447,470,484,544,609,641,663,667,668,769,772,775,807,833,853,865,957,1001,1047,1086,1210]","[[0,1],[1,1],[2,-1],[3,1],[4,-1],[85,-1],[90,1],[187,1],[192,-1],[193,1],[267,-1],[298,1],[321,-1],[389,1],[444,-1],[447,-1],[470,1],[484,-1],[544,-1],[609,-1],[641,1],[663,-1],[667,-1],[668,-1],[769,1],[772,1],[775,-1],[807,-1],[833,1],[853,-1],[865,1],[957,1],[1001,-1],[1047,-1],[1086,-1],[1210,1]]","[19,26,28,6,87,35,3,13,72,10,99,55,96,73,75,32,64,4,31,53,22,30,17,24,33,90,78,50,60,98,23,61,94,93,63,68,21,84,8,2,48,38,81,18,16,12,46,58,65,45,49,54,43,0,5,67,97,25,86,36,40,79,69,85,70,29,57,51,34,80,14,39,95,83,7,15,66,37,56,42]","[113,165,191,171,167,188,158,124,155,119,106,146,187,116,183,166,112,101,105,133,195,122,139,134,156,108,130,140,182,141,172,111,199,103,126,154,189,173,177,147,169,181,150,131,137,179,175,160,135,143,176,149,109,190,100,115,152,178,192,151,127,170,117,180,128,164,161,184,194,132,174,138,123,136,118,125,114,159,196,197]",cd2a763dff705ea026d90212bea26631e1645814aceda083d34d81944bc5eaf9,80,3659586911,931310559,"[930026,7,7,0,100,200,26]",1659522263,2174160538,[5],"{""5"":0}"
S7,7,930027,100,2.7950849718747373,7,,0,0.1,43,35,"[0,1,2,3,4,5,38,90,112,240,251,308,313,343,372,389,414,469,492,538,626,753,772,861,865,922,928,970,1046,1086,1099,1136,1194,1196,1217]","[[0,1],[1,1],[2,-1],[3,1],[4,-1],[5,1],[38,1],[90,1],[112,-1],[240,-1],[251,1],[308,-1],[313,-1],[343,-1],[372,-1],[389,1],[414,-1],[469,-1],[492,1],[538,-1],[626,1],[753,-1],[772,1],[861,1],[865,1],[922,1],[928,-1],[970,1],[1046,1],[1086,-1],[1099,-1],[1136,-1],[1194,-1],[1196,-1],[1217,1]]","[43,14,18,52,73,74,41,92,58,28,72,47,1,55,9,99,64,20,79,11,2,68,30,97,69,93,31,8,7,83,21,35,22,46,56,16,37,61,57,89,94,78,60,50,67,81,0,65,40,53,25,15,12,38,49,10,98,48,76,71,88,13,84,70,42,85,24,6,63,17,59,36,75,90,39,66,54,4,80,3]","[170,146,194,165,169,143,138,118,189,179,125,108,102,116,126,166,160,167,145,171,147,117,163,149,105,186,123,175,131,162,121,110,178,177,176,168,144,188,111,191,124,180,137,119,106,107,173,141,112,135,103,130,109,157,134,193,113,183,187,154,129,101,128,198,140,122,100,190,127,159,142,192,158,197,184,104,164,133,174,150]",dbad2bd8d9fae06ac7de8d79bb849d21c9463c4034d0e7fc4fe0060ccb24d3dc,80,518635120,1249100895,"[930027,7,7,0,100,200,26]",1723118536,2174160538,[5],"{""5"":1}"
S7,7,930028,100,2.7950849718747373,7,,0,0.1,35,29,"[0,1,2,3,4,5,90,112,193,201,217,389,416,434,485,492,634,641,725,736,772,871,895,1068,1077,1079,1089,1137,1210]","[[0,1],[1,1],[2,-1],[3,1],[4,-1],[5,1],[90,1],[112,-1],[193,1],[201,-1],[217,-1],[389,1],[416,-1],[434,-1],[485,1],[492,1],[634,-1],[641,1],[725,1],[736,1],[772,1],[871,-1],[895,1],[1068,-1],[1077,-1],[1079,-1],[1089,1],[1137,-1],[1210,1]]","[16,67,3,20,59,2,55,70,39,56,9,19,32,72,79,44,69,61,86,11,90,94,71,98,57,26,6,15,31,74,54,51,5,27,80,22,25,46,87,38,50,92,95,29,47,30,0,81,1,40,52,58,99,68,17,21,89,76,88,43,23,33,82,13,85,14,62,10,91,93,66,78,65,45,4,64,63,35,41,60]","[175,109,191,185,188,116,137,176,160,159,144,193,147,179,124,105,123,151,155,146,198,170,187,119,167,150,130,112,162,152,148,156,161,141,111,113,174,106,129,120,132,107,184,131,100,139,121,136,190,196,186,133,163,158,166,138,168,115,178,145,195,125,171,135,108,164,183,173,154,134,140,165,127,177,180,143,128,118,194,104]",381f74f001702bf3908a68aeead2402fd2ecc98649d06a96ebcf2318437d61ea,80,1820936940,2780653696,"[930028,7,7,0,100,200,26]",1964788302,2174160538,[5],"{""5"":1}"
S7,7,930029,100,2.7950849718747373,7,,0,0.1,42,30,"[0,1,2,3,4,83,92,94,161,219,322,343,426,506,523,532,641,802,853,861,862,935,970,990,1064,1079,1093,1199,1219,1269]","[[0,1],[1,1],[2,-1],[3,1],[4,-1],[83,-1],[92,-1],[94,-1],[161,1],[219,1],[322,1],[343,-1],[426,-1],[506,1],[523,1],[532,-1],[641,1],[802,-1],[853,-1],[861,1],[862,-1],[935,-1],[970,1],[990,-1],[1064,-1],[1079,-1],[1093,-1],[1199,-1],[1219,1],[1269,1]]","[23,70,18,62,96,34,43,95,88,36,30,31,25,92,17,63,2,59,50,53,82,52,84,39,76,27,1,87,61,45,91,51,98,3,64,58,22,37,46,86,65,83,41,49,94,68,54,6,14,73,0,78,85,40,67,4,60,81,42,79,13,38,33,89,8,75,9,74,72,32,16,19,99,20,26,24,71,66,29,15]","[188,140,176,139,123,154,159,107,112,106,127,146,198,192,190,130,165,153,105,149,162,121,155,119,116,117,182,136,114,134,137,143,161,157,120,142,103,101,179,129,132,160,197,175,102,141,163,184,187,100,195,177,189,194,171,183,128,186,158,193,124,118,148,113,138,180,111,164,152,169,126,131,135,115,110,144,122,166,147,185]",222a8f9b5ef6d47930ed99219f48e51852eae1ac56af1506a9d50c06b35bb38b,80,1723210486,2134030111,"[930029,7,7,0,100,200,26]",2193887682,2174160538,[5],"{""5"":0}"
S7,7,930030,100,2.7950849718747373,7,,0,0.1,49,30,"[0,1,2,3,4,41,61,90,103,147,251,341,416,506,606,609,663,771,772,826,861,917,922,957,1001,1047,1068,1140,1144,1212]","[[0,1],[1,1],[2,-1],[3,1],[4,-1],[41,1],[61,-1],[90,1],[103,-1],[147,-1],[251,1],[341,1],[416,-1],[506,1],[606,1],[609,-1],[663,-1],[771,1],[772,1],[826,1],[861,1],[917,-1],[922,1],[957,1],[1001,-1],[1047,-1],[1068,-1],[1140,1],[1144,-1],[1212,1]]","[97,67,52,11,44,71,60,5,23,50,35,17,86,30,43,21,48,24,2,95,37,59,7,82,73,62,58,78,88,25,79,16,54,46,6,29,1,42,3,81,64,91,47,10,34,51,26,13,84,15,83,56,27,33,94,4,87,20,72,55,74,68,99,70,28,40,63,96,32,93,53,75,85,9,90,69,66,38,14,22]","[179,174,133,129,137,114,147,142,184,126,154,136,111,153,140,164,166,120,124,121,155,176,110,112,169,178,196,175,162,190,173,192,151,160,185,128,123,125,109,183,159,132,194,187,165,104,161,181,134,199,150,122,119,143,113,101,157,103,191,170,102,193,188,118,180,107,139,135,197,130,141,167,115,171,117,172,127,105,158,145]",f38e2befb0d61067feddf0c01ed555d27a984ed7d0d0857eb4d20bd62358da71,80,1595510320,1949802236,"[930030,7,7,0,100,200,26]",4002763510,2174160538,[5],"{""5"":0}"
S7,7,930031,100,2.7950849718747373,7,,0,0.1,46,45,"[0,1,2,3,4,5,25,34,83,90,112,148,161,251,279,343,389,398,426,442,484,530,546,548,606,641,732,743,807,837,853,876,921,939,957,1001,1093,1101,1106,1110,1162,1183,1217,1219,1263]","[[0,1],[1,1],[2,-1],[3,1],[4,-1],[5,1],[25,1],[34,1],[83,-1],[90,1],[112,-1],[148,1],[161,1],[251,1],[279,1],[343,-1],[389,1],[398,1],[426,-1],[442,1],[484,-1],[530,-1],[546,-1],[548,-1],[606,1],[641,1],[732,-1],[743,-1],[807,-1],[837,-1],[853,-1],[876,1],[921,1],[939,1],[957,1],[1001,-1],[1093,-1],[1101,1],[1106,1],[1110,1],[1162,-1],[1183,-1],[1217,1],[1219,1],[1263,-1]]","[89,33,19,17,64,55,30,92,16,26,70,23,36,98,50,41,4,73,86,63,48,20,8,47,10,71,59,7,99,85,75,37,45,74,69,32,90,88,76,0,97,44,25,57,83,35,82,39,77,22,43,5,24,9,6,12,72,42,51,14,11,2,66,27,29,15,95,46,54,93,28,60,67,62,81,56,49,91,68,31]","[150,160,120,194,137,153,102,144,117,140,185,191,197,180,182,136,196,163,101,107,170,138,116,128,155,192,132,123,161,112,169,187,109,148,168,172,130,143,114,122,166,175,134,129,110,195,127,179,124,159,174,125,178,177,118,145,183,152,131,108,158,171,164,126,111,103,147,188,165,135,113,190,157,186,146,104,199,119,193,198]",679fa7d023c9dd46afc74b418a28948b4e8bf732ea94848caf27295e8a9fc94b,80,1405135493,4177914376,"[930031,7,7,0,100,200,26]",3317981945,2174160538,[5],"{""5"":1}"
S7,7,930032,100,2.7950849718747373,7,,0,0.1,50,39,"[0,1,2,3,4,5,22,112,161,219,343,351,389,399,409,426,437,484,506,510,641,652,665,757,772,788,797,833,837,865,935,957,1024,1047,1086,1089,1092,1164,1196]","[[0,1],[1,1],[2,-1],[3,1],[4,-1],[5,1],[22,1],[112,-1],[161,1],[219,1],[343,-1],[351,-1],[389,1],[399,-1],[409,-1],[426,-1],[437,-1],[484,-1],[506,1],[510,-1],[641,1],[652,1],[665,-1],[757,-1],[772,1],[788,1],[797,1],[833,1],[837,-1],[865,1],[935,-1],[957,1],[1024,1],[1047,-1],[1086,-1],[1089,1],[1092,1],[1164,-1],[1196,-1]]","[36,83,70,69,34,5,39,97,26,18,41,31,4,94,1,91,93,7,63,17,20,72,15,10,16,82,37,58,33,73,61,52,22,68,35,12,75,19,59,98,38,77,40,92,14,99,89,24,32,81,8,56,54,27,55,84,74,86,96,66,78,3,57,50,76,88,90,42,65,43,62,9,25,13,29,11,85,71,30,64]","[163,114,185,137,124,121,165,123,187,173,168,145,166,191,146,175,167,197,122,169,190,160,156,131,138,134,155,181,180,127,150,179,170,135,153,193,148,101,171,130,107,112,183,164,117,140,157,118,102,178,152,149,194,106,154,142,115,136,162,132,108,100,147,109,111,119,159,126,113,125,128,120,158,174,188,103,172,198,177,182]",e1594b9503aaff891eea61221c81a869ac4b81ac1ab6b940f6eb4593ec283ee3,80,905613056,1438958834,"[930032,7,7,0,100,200,26]",3460207720,2174160538,[5],"{""5"":1}"
S7,7,930033,100,2.7950849718747373,7,,0,0.1,41,28,"[0,1,2,3,5,75,76,83,144,177,251,320,347,372,374,389,399,408,456,475,530,641,742,865,1001,1077,1217,1240]","[[0,1],[1,1],[2,-1],[3,1],[5,-1],[75,-1],[76,-1],[83,-1],[144,1],[177,-1],[251,1],[320,1],[347,-1],[372,-1],[374,1],[389,1],[399,-1],[408,-1],[456,-1],[475,1],[530,-1],[641,1],[742,-1],[865,1],[1001,-1],[1077,-1],[1217,1],[1240,-1]]","[94,95,50,97,57,88,42,66,15,18,67,12,44,47,89,60,91,87,0,78,43,65,20,11,14,30,93,2,84,5,83,79,81,52,9,58,69,92,82,48,31,24,35,38,85,10,64,28,55,63,26,36,29,23,56,54,98,37,4,6,17,77,71,72,39,33,86,25,99,76,80,45,34,68,51,74,46,13,61,90]","[189,190,169,150,147,176,149,113,145,165,154,185,119,188,140,164,127,123,122,174,142,132,177,184,183,134,112,100,118,194,178,156,179,102,168,157,175,159,162,104,111,101,128,148,143,125,144,158,171,124,181,153,199,152,121,182,126,131,109,136,155,106,135,146,117,116,138,170,141,161,160,151,133,180,192,129,110,115,137,120]",6f81a56eca34b5ea0310f2caba078e973bd49b433ff3d04ae62f3361c68e84f0,80,2047034710,1112907398,"[930033,7,7,0,100,200,26]",3508820239,2174160538,[5],"{""5"":-1}"
S7,7,930034,100,2.7950849718747373,7,,0,0.1,39,29,"[0,1,2,3,4,71,75,112,251,315,333,389,416,470,502,506,515,581,597,634,652,861,1001,1047,1086,1119,1136,1137,1217]","[[0,1],[1,1],[2,-1],[3,1],[4,-1],[71,1],[75,-1],[112,-1],[251,1],[315,1],[333,-1],[389,1],[416,-1],[470,1],[502,-1],[506,1],[515,1],[581,1],[597,-1],[634,-1],[652,1],[861,1],[1001,-1],[1047,-1],[1086,-1],[1119,1],[1136,-1],[1137,-1],[1217,1]]","[6,75,67,35,0,8,72,60,30,32,26,56,92,7,28,91,20,46,63,36,86,15,64,4,34,93,57,68,77,62,23,40,22,96,13,98,29,27,80,54,39,97,31,12,9,55,70,58,50,83,89,17,11,94,25,33,21,90,14,81,74,65,84,18,5,71,88,49,42,61,78,82,85,43,66,76,73,99,47,3]","[177,182,143,186,185,108,155,169,113,196,156,164,140,110,128,103,152,145,112,184,193,131,123,163,199,167,105,133,154,180,126,139,149,194,141,104,116,192,124,111,171,151,138,101,183,118,142,115,197,119,166,117,120,136,153,191,179,187,107,122,106,170,121,159,172,146,160,157,173,181,148,161,134,158,176,129,162,130,127,188]",2ba3a954052498efd25d78532d2da765f1b1a28f2612858d3e3dc46f2f6786bf,80,1861479221,2087607086,"[930034,7,7,0,100,200,26]",1111054929,2174160538,[5],"{""5"":0}"
S7,7,930035,100,2.7950849718747373,7,,0,0.1,49,38,"[0,1,2,3,4,36,136,147,179,194,204,251,271,274,281,291,389,515,530,544,576,614,615,720,739,772,861,863,865,876,935,952,957,1086,1109,1144,1148,1243]","[[0,1],[1,1],[2,-1],[3,1],[4,-1],[36,-1],[136,1],[147,-1],[179,-1],[194,1],[204,1],[251,1],[271,-1],[274,1],[281,1],[291,1],[389,1],[515,1],[530,-1],[544,-1],[576,-1],[614,-1],[615,1],[720,-1],[739,1],[772,1],[861,1],[863,-1],[865,1],[876,1],[935,-1],[952,-1],[957,1],[1086,-1],[1109,-1],[1144,-1],[1148,-1],[1243,-1]]","[16,38,29,30,18,72,12,0,34,24,33,25,35,57,50,1,10,71,63,84,80,14,4,85,43,54,59,28,15,2,90,79,11,93,78,26,48,19,73,36,83,3,64,99,91,22,31,13,69,95,32,60,37,98,7,75,81,94,27,74,62,23,76,96,8,45,61,39,65,46,6,82,47,68,58,5,21,67,9,70]","[186,185,139,127,196,149,128,155,113,163,162,117,142,156,119,187,118,147,193,165,168,104,110,190,172,180,137,161,198,134,105,174,188,145,173,132,101,108,179,102,120,151,159,194,144,146,129,122,154,157,124,130,164,115,176,103,138,141,106,112,181,167,135,126,116,133,166,191,140,192,160,111,175,171,148,183,123,178,136,150]",0e59d170cb56b52186cd0ea41e44e944d4633eb175e8c95fa943ac00a697d476,80,2422780852,3603559097,"[930035,7,7,0,100,200,26]",3128506609,2174160538,[5],"{""5"":0}"
S7,7,930036,100,2.7950849718747373,7,,0,0.1,36,35,"[0,1,2,3,4,59,112,165,251,313,360,361,389,423,450,491,492,510,631,632,641,670,717,722,833,861,874,1001,1047,1051,1077,1079,1099,1107,1162]","[[0,1],[1,1],[2,-1],[3,1],[4,-1],[59,1],[112,-1],[165,-1],[251,1],[313,-1],[360,-1],[361,1],[389,1],[423,-1],[450,1],[491,-1],[492,1],[510,-1],[631,1],[632,-1],[641,1],[670,-1],[717,-1],[722,1],[833,1],[861,1],[874,-1],[1001,-1],[1047,-1],[1051,-1],[1077,-1],[1079,-1],[1099,-1],[1107,1],[1162,-1]]","[76,6,51,7,86,8,46,70,94,47,85,98,90,69,57,59,13,2,92,3,36,1,33,14,25,65,12,61,38,28,45,63,67,49,35,34,83,4,5,91,29,97,73,66,30,89,64,55,37,39,87,58,17,96,75,0,78,54,84,21,74,31,24,50,72,68,82,11,26,22,62,52,93,56,79,41,71,18,77,16]","[179,130,123,108,184,172,147,175,132,125,138,160,129,145,157,196,109,127,187,189,182,149,106,150,124,111,137,162,164,193,191,126,134,100,183,152,121,115,141,122,140,181,112,159,114,104,151,192,146,174,103,171,131,144,173,161,135,199,102,194,133,180,117,167,169,198,158,185,154,101,176,116,163,120,170,197,168,136,143,148]",f68e203953247fa73c410a9e67c51912bc715132beae47e30c81179fa0335a93,80,2612307229,2646873830,"[930036,7,7,0,100,200,26]",3080974745,2174160538,[5],"{""5"":0}"
S7,7,930037,100,2.7950849718747373,7,,0,0.1,45,34,"[0,1,2,3,4,75,83,94,156,165,217,251,374,389,399,410,426,460,484,641,667,745,772,837,853,861,1024,1046,1047,1064,1077,1086,1135,1186]","[[0,1],[1,1],[2,-1],[3,1],[4,-1],[75,-1],[83,-1],[94,-1],[156,1],[165,-1],[217,-1],[251,1],[374,1],[389,1],[399,-1],[410,-1],[426,-1],[460,1],[484,-1],[641,1],[667,-1],[745,1],[772,1],[837,-1],[853,-1],[861,1],[1024,1],[1046,1],[1047,-1],[1064,-1],[1077,-1],[1086,-1],[1135,1],[1186,-1]]","[49,44,38,12,28,90,87,9,42,1,8,66,39,79,98,47,2,64,5,7,84,81,41,13,92,70,61,88,15,3,46,0,77,22,36,26,60,86,21,63,97,59,57,91,31,14,76,96,78,74,45,32,52,62,17,55,34,40,16,85,50,69,43,95,67,19,18,83,24,6,68,23,27,73,25,94,4,72,93,99]","[186,149,159,138,123,165,187,128,126,185,150,122,121,105,182,119,118,155,103,156,110,111,101,116,168,190,144,176,164,184,129,179,198,154,109,193,125,175,157,160,139,134,142,108,132,136,171,107,178,174,191,104,140,146,114,192,145,117,197,199,112,161,162,143,113,151,127,100,170,177,130,115,195,147,153,172,189,137,124,102]",82e3be2b78943f3b23e83c3330777915a44c3c33ace2f48356d5c00b359cb671,80,2279784912,1383579719,"[930037,7,7,0,100,200,26]",1812715539,2174160538,[5],"{""5"":0}"
S7,7,930038,100,2.7950849718747373,7,,0,0.1,35,35,"[0,1,2,3,4,5,34,112,144,167,251,253,264,307,319,389,406,506,694,726,739,833,861,871,875,876,946,1051,1086,1093,1099,1109,1165,1183,1196]","[[0,1],[1,1],[2,-1],[3,1],[4,-1],[5,1],[34,1],[112,-1],[144,1],[167,-1],[251,1],[253,1],[264,-1],[307,1],[319,-1],[389,1],[406,-1],[506,1],[694,1],[726,-1],[739,1],[833,1],[861,1],[871,-1],[875,1],[876,1],[946,1],[1051,-1],[1086,-1],[1093,-1],[1099,-1],[1109,-1],[1165,1],[1183,-1],[1196,-1]]","[20,78,19,65,56,92,26,51,37,31,28,33,96,82,74,4,84,40,13,6,5,85,68,87,62,90,34,64,66,24,89,80,73,10,60,44,32,9,45,35,49,93,21,57,0,14,76,1,99,83,38,59,8,72,63,70,98,41,29,58,17,81,75,97,2,50,52,42,71,69,53,36,11,23,48,46,15,86,77,95]","[158,162,185,174,121,137,106,107,178,122,114,145,175,194,163,189,115,173,150,111,146,127,101,193,152,143,192,134,108,123,120,140,126,139,172,164,170,159,110,124,149,171,177,138,119,156,135,132,191,133,195,154,183,131,199,151,182,190,197,155,142,196,161,186,117,168,148,176,169,141,160,113,129,102,112,128,167,116,147,187]",8f8920c1204cd709513d84ce96adcf2071760ff6bf0d559221010af2f6300479,80,2964208436,3475079650,"[930038,7,7,0,100,200,26]",14324625,2174160538,[5],"{""5"":1}"
S7,7,930039,100,2.7950849718747373,7,,0,0.1,50,31,"[0,1,2,3,4,90,165,204,251,341,342,388,389,406,460,484,606,652,772,820,828,861,880,933,957,1034,1086,1110,1135,1217,1219]","[[0,1],[1,1],[2,-1],[3,1],[4,-1],[90,1],[165,-1],[204,1],[251,1],[341,1],[342,-1],[388,-1],[389,1],[406,-1],[460,1],[484,-1],[606,1],[652,1],[772,1],[820,1],[828,-1],[861,1],[880,1],[933,1],[957,1],[1034,-1],[1086,-1],[1110,1],[1135,1],[1217,1],[1219,1]]","[50,23,71,7,86,45,80,38,77,26,63,47,94,28,14,84,52,54,81,56,70,16,21,6,35,19,40,10,39,5,75,64,0,13,93,57,74,36,29,34,27,53,98,3,67,60,69,37,30,48,42,12,9,72,15,87,46,96,43,97,25,88,78,82,22,62,51,66,33,91,90,1,8,24,68,44,59,20,89,76]","[115,152,155,160,116,150,149,109,182,113,161,111,193,190,101,135,103,163,169,186,118,178,173,188,157,167,174,105,141,119,138,117,126,144,148,121,143,153,172,114,179,100,183,133,198,123,168,131,184,106,104,194,124,130,170,128,134,175,197,145,132,176,122,171,112,154,142,158,177,156,189,195,127,125,110,187,166,181,137,147]",42cada8f3d68d56e1c9748f5fc5547c2248f2924ba72e93b6c9c484ee3d782ee,80,1946669217,3749279337,"[930039,7,7,0,100,200,26]",902685653,2174160538,[5],"{""5"":0}"
S7,7,930040,100,2.7950849718747373,7,,0,0.1,43,27,"[0,1,2,3,4,165,196,251,342,506,548,663,665,694,730,744,772,922,988,1047,1075,1079,1086,1092,1136,1217,1240]","[[0,1],[1,1],[2,-1],[3,1],[4,-1],[165,-1],[196,-1],[251,1],[342,-1],[506,1],[548,-1],[663,-1],[665,-1],[694,1],[730,1],[744,1],[772,1],[922,1],[988,-1],[1047,-1],[1075,-1],[1079,-1],[1086,-1],[1092,1],[1136,-1],[1217,1],[1240,-1]]","[70,34,32,48,40,79,66,98,86,39,82,1,46,8,75,88,16,99,51,0,73,10,61,77,26,53,19,33,57,4,62,65,14,2,30,18,6,35,74,13,96,97,37,44,95,22,87,31,25,49,63,84,24,17,60,91,21,28,45,41,29,64,5,3,85,72,68,89,27,50,23,71,42,11,93,83,58,47,94,9]","[161,181,127,102,186,176,116,172,121,140,148,184,145,134,113,131,154,168,156,155,153,194,192,165,104,120,110,162,111,174,147,152,106,100,139,170,173,108,167,199,185,150,105,183,132,128,143,122,160,187,175,114,195,196,158,188,137,135,103,107,109,138,144,197,130,133,123,193,112,182,129,118,115,157,198,177,166,151,189,164]",0e3bcb861d680a7eb9c82a2d80a98b2350ebab22d1714ddaf3e51535d2d16c22,80,3037110158,299546660,"[930040,7,7,0,100,200,26]",1187718309,2174160538,[5],"{""5"":0}"
S7,7,930041,100,2.7950849718747373,7,,0,0.1,41,31,"[1,2,3,4,76,83,112,232,261,265,283,294,372,492,515,609,788,833,861,871,930,957,1016,1079,1086,1094,1099,1129,1183,1194,1196]","[[1,1],[2,-1],[3,1],[4,-1],[76,-1],[83,-1],[112,-1],[232,-1],[261,1],[265,1],[283,1],[294,-1],[372,-1],[492,1],[515,1],[609,-1],[788,1],[833,1],[861,1],[871,-1],[930,-1],[957,1],[1016,-1],[1079,-1],[1086,-1],[1094,-1],[1099,-1],[1129,-1],[1183,-1],[1194,-1],[1196,-1]]","[62,9,10,41,21,53,30,71,60,27,25,48,32,91,52,77,2,97,64,55,82,57,86,4,12,36,17,94,66,3,8,16,28,42,98,19,56,80,11,99,39,81,22,76,6,59,31,79,95,72,0,7,37,20,88,63,75,35,93,58,61,68,65,70,96,44,34,43,84,47,23,89,50,67,5,74,49,26,13,33]","[144,117,104,107,171,163,124,164,141,125,187,112,162,155,175,165,178,129,154,196,185,127,184,179,152,148,101,169,176,166,149,173,120,161,170,106,123,177,145,190,113,195,181,136,167,109,186,118,172,133,157,150,188,103,114,110,132,180,139,121,182,147,183,174,158,146,151,189,137,192,108,138,159,160,153,105,134,128,140,130]",8ffa3eea82e79d9165e73391f8af94f70fa96674221bd02a07476e53065a2f09,80,1520319005,634637573,"[930041,7,7,0,100,200,26]",726606518,2174160538,[5],"{""5"":0}"
S7,7,930042,100,2.7950849718747373,7,,0,0.1,43,40,"[0,1,2,3,4,5,14,22,83,170,174,180,251,267,322,327,381,389,426,441,469,484,508,510,514,717,723,725,740,744,772,880,930,1000,1047,1079,1091,1164,1219,1248]","[[0,1],[1,1],[2,-1],[3,1],[4,-1],[5,1],[14,-1],[22,1],[83,-1],[170,-1],[174,-1],[180,1],[251,1],[267,-1],[322,1],[327,-1],[381,-1],[389,1],[426,-1],[441,1],[469,-1],[484,-1],[508,1],[510,-1],[514,1],[717,-1],[723,-1],[725,1],[740,-1],[744,1],[772,1],[880,1],[930,-1],[1000,-1],[1047,-1],[1079,-1],[1091,-1],[1164,-1],[1219,1],[1248,-1]]","[68,53,80,61,54,98,46,9,82,17,83,92,8,22,52,85,7,26,65,57,78,18,50,28,70,15,76,39,34,1,71,49,36,93,59,51,73,30,3,47,23,89,56,43,38,72,67,64,60,19,0,94,11,88,41,37,45,44,4,84,66,42,87,14,16,90,13,62,24,81,75,31,29,20,40,21,96,2,10,63]","[135,127,123,161,100,119,155,102,152,174,156,168,195,137,191,190,126,175,185,158,110,142,133,162,193,192,187,111,107,121,163,173,160,154,118,146,151,147,101,136,176,167,177,157,115,106,134,178,112,164,166,149,188,143,184,129,183,197,131,113,171,150,194,116,148,144,108,145,128,159,180,114,120,141,139,109,122,117,104,189]",65556fa2fdf883f63285b0adbb53170ae207161ef9a279b3e84a71fec28ad835,80,1012657853,3906994589,"[930042,7,7,0,100,200,26]",445128034,2174160538,[5],"{""5"":1}"
S7,7,930043,100,2.7950849718747373,7,,0,0.1,46,31,"[0,1,2,3,4,5,144,201,251,254,389,426,470,484,498,569,641,652,663,865,880,921,923,952,1047,1051,1075,1077,1103,1183,1189]","[[0,1],[1,1],[2,-1],[3,1],[4,-1],[5,1],[144,1],[201,-1],[251,1],[254,-1],[389,1],[426,-1],[470,1],[484,-1],[498,-1],[569,-1],[641,1],[652,1],[663,-1],[865,1],[880,1],[921,1],[923,1],[952,-1],[1047,-1],[1051,-1],[1075,-1],[1077,-1],[1103,1],[1183,-1],[1189,-1]]","[0,59,25,62,77,56,10,18,5,31,91,11,90,78,13,61,15,74,4,95,38,49,73,44,28,41,80,43,8,27,35,1,17,3,16,98,23,51,39,47,12,53,86,79,45,21,6,92,36,50,22,71,20,84,65,9,52,48,83,82,24,66,99,96,7,89,37,29,75,72,87,64,68,97,2,67,46,40,14,94]","[141,192,183,102,123,132,178,125,114,143,196,191,174,186,181,176,127,159,194,109,173,189,147,104,190,188,101,187,131,167,103,152,156,163,154,193,110,113,112,177,171,182,134,195,145,115,130,179,161,158,135,144,108,184,185,126,160,165,136,128,100,162,146,197,116,106,175,105,170,164,155,138,148,121,151,199,169,137,124,168]",6927c6b49f67859eef6cb28b785f4a81f67a3983be38f728a35a0a33bc71cd58,80,2607221570,3784177807,"[930043,7,7,0,100,200,26]",1723256023,2174160538,[5],"{""5"":1}"
S7,7,930044,100,2.7950849718747373,7,,0,0.1,37,26,"[0,1,2,3,4,41,83,136,194,355,401,406,484,492,663,723,730,772,923,957,1047,1051,1137,1165,1183,1221]","[[0,1],[1,1],[2,-1],[3,1],[4,-1],[41,1],[83,-1],[136,1],[194,1],[355,-1],[401,-1],[406,-1],[484,-1],[492,1],[663,-1],[723,-1],[730,1],[772,1],[923,1],[957,1],[1047,-1],[1051,-1],[1137,-1],[1165,1],[1183,-1],[1221,1]]","[65,19,7,87,73,88,66,20,72,76,43,40,12,52,34,71,32,36,13,91,96,27,82,17,75,92,56,55,79,50,86,23,10,42,49,81,69,51,18,83,39,35,8,84,85,15,60,22,78,58,9,37,29,62,31,33,0,11,95,68,61,98,70,77,90,89,64,59,14,93,44,54,5,30,16,53,74,48,28,46]","[155,183,191,185,195,141,130,101,159,133,172,137,158,102,188,176,115,145,142,189,186,123,131,198,175,178,140,179,111,122,174,146,187,151,192,190,161,147,154,157,127,144,182,156,160,152,104,132,193,106,149,105,134,116,139,150,184,138,169,197,129,162,110,126,180,118,114,168,103,165,113,125,181,170,199,153,164,166,117,112]",76cd0f43dc744e697b2efb024bf2d92ec3794e6e16dc6d2ed6b2594575b56d82,80,2387222812,3790222600,"[930044,7,7,0,100,200,26]",1010084965,2174160538,[5],"{""5"":0}"
S7,7,930045,100,2.7950849718747373,7,,0,0.1,45,38,"[0,1,2,3,4,83,160,170,251,264,269,315,320,342,389,492,502,510,532,606,641,663,723,744,772,837,854,861,863,957,1001,1047,1086,1093,1110,1144,1210,1226]","[[0,1],[1,1],[2,-1],[3,1],[4,-1],[83,-1],[160,1],[170,-1],[251,1],[264,-1],[269,-1],[315,1],[320,1],[342,-1],[389,1],[492,1],[502,-1],[510,-1],[532,-1],[606,1],[641,1],[663,-1],[723,-1],[744,1],[772,1],[837,-1],[854,-1],[861,1],[863,-1],[957,1],[1001,-1],[1047,-1],[1086,-1],[1093,-1],[1110,1],[1144,-1],[1210,1],[1226,1]]","[26,5,34,77,36,87,31,66,65,35,10,81,91,78,85,62,96,9,50,42,1,17,19,64,89,73,8,90,25,71,37,72,21,3,82,6,80,59,99,58,68,84,18,39,97,32,4,98,83,29,63,88,94,95,0,46,70,22,44,14,55,86,52,40,43,24,92,79,56,53,16,57,48,33,20,12,76,61,54,69]","[150,126,155,161,163,134,169,139,176,137,145,109,103,160,116,108,190,189,100,106,185,132,193,164,178,170,121,183,114,128,107,188,118,196,177,195,179,152,101,146,117,140,173,182,199,153,138,143,166,175,123,141,115,133,165,180,194,154,162,102,144,136,181,171,142,158,149,156,151,147,174,135,110,186,122,124,191,168,127,120]",f795c78e5f565f142dc59b5436a3ac708d73ae85c0d48e73ff1ad42badab9fa8,80,2174833734,1603989981,"[930045,7,7,0,100,200,26]",139635877,2174160538,[5],"{""5"":0}"
S7,7,930046,100,2.7950849718747373,7,,0,0.1,46,31,"[0,1,2,3,4,136,219,251,320,327,331,342,358,389,484,639,694,730,772,798,828,861,934,960,1001,1043,1086,1093,1110,1191,1219]","[[0,1],[1,1],[2,-1],[3,1],[4,-1],[136,1],[219,1],[251,1],[320,1],[327,-1],[331,1],[342,-1],[358,-1],[389,1],[484,-1],[639,1],[694,1],[730,1],[772,1],[798,1],[828,-1],[861,1],[934,1],[960,1],[1001,-1],[1043,1],[1086,-1],[1093,-1],[1110,1],[1191,1],[1219,1]]","[11,56,58,45,44,59,48,55,19,26,85,13,22,96,27,0,97,18,7,84,63,94,34,50,25,60,52,10,53,47,98,21,73,65,90,24,88,75,79,76,14,51,31,61,30,40,69,6,86,77,42,12,5,71,68,70,33,93,66,95,20,4,80,91,92,28,82,46,43,54,23,36,62,81,38,35,83,99,17,78]","[186,192,107,184,171,135,149,197,139,155,151,142,117,196,145,161,111,168,178,131,194,136,159,150,179,189,126,167,123,191,132,181,175,105,134,160,180,101,114,176,183,138,198,164,130,195,100,185,141,118,174,103,115,128,102,108,153,121,172,163,177,124,137,112,182,154,110,156,148,193,144,162,127,190,187,146,173,140,152,116]",a354c99452f3bd601b24b0851385ef45f76a1f4aec983c291e9c5acdbbf4e761,80,334569230,2552743193,"[930046,7,7,0,100,200,26]",4218806779,2174160538,[5],"{""5"":0}"
S7,7,930047,100,2.7950849718747373,7,,0,0.1,47,36,"[0,1,2,3,4,5,83,90,251,281,311,335,342,389,401,441,465,469,641,726,825,861,892,952,1047,1075,1077,1086,1093,1119,1137,1144,1147,1181,1192,1212]","[[0,1],[1,1],[2,-1],[3,1],[4,-1],[5,1],[83,-1],[90,1],[251,1],[281,1],[311,-1],[335,-1],[342,-1],[389,1],[401,-1],[441,1],[465,1],[469,-1],[641,1],[726,-1],[825,-1],[861,1],[892,-1],[952,-1],[1047,-1],[1075,-1],[1077,-1],[1086,-1],[1093,-1],[1119,1],[1137,-1],[1144,-1],[1147,-1],[1181,-1],[1192,1],[1212,1]]","[67,38,65,56,48,47,66,39,84,21,55,73,29,91,37,11,95,64,0,35,90,94,31,24,49,43,92,89,18,5,87,30,13,79,17,71,50,81,28,34,61,98,7,57,82,86,1,52,63,33,32,16,62,40,58,83,44,60,96,51,9,36,75,93,46,41,8,27,69,74,22,99,3,70,85,25,26,97,68,42]","[177,138,127,131,136,179,149,148,171,190,187,191,174,193,108,128,124,139,180,154,170,105,134,197,175,158,109,125,107,196,120,198,189,147,152,144,169,130,106,111,121,122,160,150,159,114,165,141,161,104,182,113,132,166,195,151,157,117,188,129,145,103,173,168,116,115,176,194,167,186,123,143,164,101,142,155,112,185,178,172]",f47b884e6f73ad474998ec326d9c98533e534c9287e6186b004962e434d154c0,80,2982537078,1504397183,"[930047,7,7,0,100,200,26]",927230704,2174160538,[5],"{""5"":1}"
S7,7,930048,100,2.7950849718747373,7,,0,0.1,40,32,"[0,1,2,3,4,5,76,83,112,128,161,167,192,271,320,506,539,577,641,670,838,861,863,927,928,967,1038,1064,1077,1086,1137,1217]","[[0,1],[1,1],[2,-1],[3,1],[4,-1],[5,1],[76,-1],[83,-1],[112,-1],[128,-1],[161,1],[167,-1],[192,-1],[271,-1],[320,1],[506,1],[539,-1],[577,-1],[641,1],[670,-1],[838,1],[861,1],[863,-1],[927,-1],[928,-1],[967,1],[1038,1],[1064,-1],[1077,-1],[1086,-1],[1137,-1],[1217,1]]","[56,92,11,69,27,20,31,12,16,80,81,83,87,78,30,13,4,76,96,86,51,66,46,60,0,14,5,67,57,63,73,32,15,90,48,24,7,39,35,55,9,84,91,34,42,22,85,25,28,99,45,95,44,33,89,43,68,3,50,75,72,93,52,26,17,23,19,53,2,79,37,49,62,59,77,40,64,97,98,54]","[114,106,186,155,122,105,111,164,125,160,115,108,187,183,103,158,127,107,184,120,157,179,139,121,174,104,197,100,182,134,128,192,152,113,133,194,181,165,188,195,193,150,117,173,180,170,143,138,177,112,119,130,171,168,142,149,178,176,109,102,147,126,136,154,159,175,163,166,124,123,118,172,189,190,137,198,140,185,169,116]",572550f44dffc4eb86d775f57b9468721ead96ec905768ab3ae8370bf67473bb,80,1898592226,2184654209,"[930048,7,7,0,100,200,26]",2721115558,2174160538,[5],"{""5"":1}"
S7,7,930049,100,2.7950849718747373,7,,0,0.1,43,33,"[0,1,2,3,4,5,46,83,251,343,344,369,376,389,426,434,441,498,583,609,633,690,788,792,916,927,957,984,1047,1068,1140,1194,1210]","[[0,1],[1,1],[2,-1],[3,1],[4,-1],[5,1],[46,-1],[83,-1],[251,1],[343,-1],[344,1],[369,1],[376,-1],[389,1],[426,-1],[434,-1],[441,1],[498,-1],[583,1],[609,-1],[633,1],[690,-1],[788,1],[792,1],[916,1],[927,-1],[957,1],[984,-1],[1047,-1],[1068,-1],[1140,1],[1194,-1],[1210,1]]","[8,29,88,31,81,16,74,50,61,46,68,10,59,26,34,4,9,20,63,64,78,79,87,35,52,17,94,22,56,37,6,49,73,51,96,93,72,38,66,54,11,92,48,23,44,14,98,5,28,55,40,97,58,89,62,3,60,2,69,18,0,70,24,13,42,30,25,85,67,12,21,7,76,99,43,71,41,1,84,45]","[178,135,113,159,180,163,127,136,145,130,190,128,109,131,138,172,120,125,140,149,171,147,184,179,150,167,101,112,166,104,146,105,118,108,134,137,194,107,110,181,191,176,153,155,169,182,160,199,168,106,151,189,126,141,175,183,115,117,158,114,197,116,133,187,103,143,132,119,152,100,124,165,170,174,144,122,139,162,173,154]",71e6fc73d2b3ff73f878240ca0ffd4e61f00703654deaa6526e8c5dd0b73c2cf,80,3143439402,465258567,"[930049,7,7,0,100,200,26]",2335435711,2174160538,[5],"{""5"":1}"
S7,7,930050,100,2.7950849718747373,7,,0,0.1,28,26,"[0,1,2,3,4,83,112,136,272,291,343,389,399,498,515,532,772,825,827,871,874,928,1077,1086,1137,1248]","[[0,1],[1,1],[2,-1],[3,1],[4,-1],[83,-1],[112,-1],[136,1],[272,1],[291,1],[343,-1],[389,1],[399,-1],[498,-1],[515,1],[532,-1],[772,1],[825,-1],[827,1],[871,-1],[874,-1],[928,-1],[1077,-1],[1086,-1],[1137,-1],[1248,-1]]","[40,48,9,63,66,29,38,57,79,16,74,7,65,86,89,72,33,88,62,77,17,42,61,73,45,20,4,0,30,94,91,56,25,10,52,67,19,80,97,84,22,12,96,34,15,82,92,60,95,78,85,32,64,18,41,6,44,14,69,1,35,87,5,76,36,11,59,46,70,50,31,13,99,90,68,81,27,71,28,53]","[160,196,149,115,147,192,129,140,171,163,190,123,132,191,198,152,102,157,127,173,118,161,174,166,126,130,178,168,116,137,175,112,125,182,124,165,185,159,143,104,180,119,164,144,199,170,107,108,179,195,100,122,172,120,121,114,153,135,194,101,186,150,141,134,139,128,193,109,187,177,197,155,146,154,117,188,103,131,156,138]",c3cb7b4c7000b9fa6030923ce6db2f5b0dbdcd53f7284245de556bb672d3a895,80,2215331270,297734458,"[930050,7,7,0,100,200,26]",684457118,2174160538,[5],"{""5"":0}"
S7,7,930051,100,2.7950849718747373,7,,0,0.1,35,26,"[0,1,2,3,4,5,243,251,362,389,426,434,465,652,663,700,772,792,863,895,957,966,1001,1079,1086,1196]","[[0,1],[1,1],[2,-1],[3,1],[4,-1],[5,1],[243,-1],[251,1],[362,1],[389,1],[426,-1],[434,-1],[465,1],[652,1],[663,-1],[700,1],[772,1],[792,1],[863,-1],[895,1],[957,1],[966,-1],[1001,-1],[1079,-1],[1086,-1],[1196,-1]]","[88,41,97,8,58,48,26,55,3,14,11,19,69,37,45,51,92,70,81,99,65,50,93,87,80,82,84,74,75,28,60,98,43,27,77,44,53,21,64,49,63,46,31,78,9,42,85,40,20,56,0,5,62,96,79,29,13,67,34,22,32,94,39,23,35,90,71,54,36,17,66,76,30,86,52,33,59,61,89,16]","[132,180,147,142,129,108,152,135,105,119,168,170,100,114,133,137,181,146,161,193,120,157,116,196,197,124,187,174,182,188,158,107,130,127,186,176,125,143,121,106,190,155,159,163,118,144,195,162,117,140,149,192,156,173,171,184,179,172,194,154,103,138,101,141,123,136,112,139,145,166,151,164,191,175,102,160,150,153,177,109]",fd2fe06cef6f95752a3aa0397d615ecf761c2102dda1d023c85657af2543352d,80,153464757,1926942625,"[930051,7,7,0,100,200,26]",1298674812,2174160538,[5],"{""5"":1}"
S7,7,930052,100,2.7950849718747373,7,,0,0.1,40,37,"[0,1,2,3,4,5,83,90,92,137,147,152,170,204,217,219,232,315,331,347,389,401,406,416,461,506,652,772,781,825,827,865,1006,1047,1110,1231,1238]","[[0,1],[1,1],[2,-1],[3,1],[4,-1],[5,1],[83,-1],[90,1],[92,-1],[137,-1],[147,-1],[152,1],[170,-1],[204,1],[217,-1],[219,1],[232,-1],[315,1],[331,1],[347,-1],[389,1],[401,-1],[406,-1],[416,-1],[461,1],[506,1],[652,1],[772,1],[781,1],[825,-1],[827,1],[865,1],[1006,-1],[1047,-1],[1110,1],[1231,-1],[1238,1]]","[0,17,60,86,23,34,45,84,74,33,31,58,35,32,7,44,24,55,50,41,13,52,70,94,73,20,46,54,4,12,15,65,27,85,9,14,62,36,49,83,19,75,37,25,72,57,93,69,10,3,76,26,66,29,79,8,97,92,47,18,56,61,5,81,98,1,42,38,91,51,71,28,64,90,53,88,43,59,80,96]","[182,170,107,111,145,177,116,106,158,179,141,176,180,163,194,136,103,123,172,167,162,113,151,105,166,165,137,104,124,164,118,132,188,131,183,171,197,159,150,199,157,191,169,138,154,184,102,186,112,140,168,149,120,128,144,181,185,156,198,174,117,100,152,195,114,161,192,187,125,193,173,178,130,115,119,189,142,135,143,108]",93775767fc5f29a69259b66a9ddbe9740152d1539ff1e81dd225d232bfab0635,80,3511814986,642720930,"[930052,7,7,0,100,200,26]",1708110002,2174160538,[5],"{""5"":1}"
S7,7,930053,100,2.7950849718747373,7,,0,0.1,44,34,"[0,1,2,3,4,44,90,137,160,380,389,406,465,470,585,633,641,652,663,722,772,861,865,921,922,928,935,939,956,1046,1079,1086,1106,1270]","[[0,1],[1,1],[2,-1],[3,1],[4,-1],[44,1],[90,1],[137,-1],[160,1],[380,-1],[389,1],[406,-1],[465,1],[470,1],[585,-1],[633,1],[641,1],[652,1],[663,-1],[722,1],[772,1],[861,1],[865,1],[921,1],[922,1],[928,-1],[935,-1],[939,1],[956,1],[1046,1],[1079,-1],[1086,-1],[1106,1],[1270,-1]]","[19,85,26,99,71,88,8,16,20,54,97,73,93,87,51,41,75,49,28,7,68,15,64,32,38,92,11,10,57,94,89,70,4,48,23,9,36,12,42,58,29,81,5,0,78,52,43,80,74,79,17,83,86,84,3,60,82,30,90,33,55,65,50,13,67,63,31,98,27,1,62,59,66,47,61,91,53,95,22,14]","[176,185,144,145,183,158,156,108,142,184,161,160,125,113,191,139,187,147,193,107,164,150,148,105,112,109,169,157,140,154,133,135,119,132,136,126,196,118,123,103,122,102,117,174,101,170,173,168,120,110,129,141,163,179,165,189,182,121,153,134,116,114,106,175,192,111,162,115,104,100,180,188,177,172,124,198,167,199,152,143]",d67f443f699fe66edf1028291c10eb857dc10e8c149596d82d5af5e313c76705,80,2287923867,2354936095,"[930053,7,7,0,100,200,26]",238787825,2174160538,[5],"{""5"":0}"
S7,7,930054,100,2.7950849718747373,7,,0,0.1,39,37,"[0,1,2,3,4,22,42,44,83,103,177,251,329,343,355,389,470,492,502,544,576,641,723,742,775,782,825,952,1031,1047,1086,1093,1137,1162,1164,1217,1277]","[[0,1],[1,1],[2,-1],[3,1],[4,-1],[22,1],[42,1],[44,1],[83,-1],[103,-1],[177,-1],[251,1],[329,-1],[343,-1],[355,-1],[389,1],[470,1],[492,1],[502,-1],[544,-1],[576,-1],[641,1],[723,-1],[742,-1],[775,-1],[782,1],[825,-1],[952,-1],[1031,-1],[1047,-1],[1086,-1],[1093,-1],[1137,-1],[1162,-1],[1164,-1],[1217,1],[1277,1]]","[42,32,35,10,71,87,61,57,18,69,2,51,84,68,62,28,97,11,88,60,17,16,34,52,39,13,79,22,19,4,15,26,56,99,29,59,64,83,95,14,90,0,78,23,74,89,48,66,24,54,65,53,55,73,21,38,94,41,3,30,33,81,82,31,46,36,70,7,92,67,1,77,49,72,63,75,98,37,40,91]","[104,159,128,145,144,119,165,149,107,188,111,153,125,123,192,127,137,167,126,100,176,160,178,175,117,120,185,184,161,110,164,122,147,148,109,132,194,156,172,101,199,121,130,139,136,180,129,168,140,154,182,133,181,143,138,112,189,157,102,197,170,106,134,171,118,166,196,198,152,177,103,151,105,174,163,179,142,191,173,108]",64a209d714e44e49381f3c64ee7110766b82abff37944c43afca6bb88c7a88a5,80,1351030286,675857190,"[930054,7,7,0,100,200,26]",3286127707,2174160538,[5],"{""5"":0}"
S7,7,930055,100,2.7950849718747373,7,,0,0.1,40,29,"[0,1,2,3,4,5,76,112,133,307,343,367,406,469,532,606,742,750,772,861,863,865,927,935,957,984,1086,1099,1217]","[[0,1],[1,1],[2,-1],[3,1],[4,-1],[5,1],[76,-1],[112,-1],[133,-1],[307,1],[343,-1],[367,-1],[406,-1],[469,-1],[532,-1],[606,1],[742,-1],[750,-1],[772,1],[861,1],[863,-1],[865,1],[927,-1],[935,-1],[957,1],[984,-1],[1086,-1],[1099,-1],[1217,1]]","[13,77,84,36,26,5,8,62,0,91,48,97,43,61,47,23,87,92,42,89,54,98,39,7,45,30,78,44,24,66,82,81,50,17,58,83,37,75,9,40,20,53,34,16,60,96,67,68,32,29,6,14,51,21,72,86,49,35,95,41,33,10,38,28,63,25,2,71,22,85,94,90,57,93,65,79,46,59,55,27]","[153,108,174,129,159,161,106,192,109,151,114,188,157,193,152,185,163,128,120,100,115,144,104,131,142,132,156,137,111,145,126,149,195,175,138,102,194,135,169,171,141,170,181,172,180,187,197,133,148,177,140,166,158,119,196,155,190,168,191,198,113,116,122,179,117,121,162,154,165,110,101,139,173,178,184,164,176,147,146,186]",acb056d8cd159fac9f07fc32de1f145cf0fdeda6f918fa84073acda5b52bb16c,80,304189708,3575779648,"[930055,7,7,0,100,200,26]",2280846561,2174160538,[5],"{""5"":1}"
S7,7,930056,100,2.7950849718747373,7,,0,0.1,43,31,"[0,1,2,3,4,5,165,170,194,201,249,251,367,389,506,598,641,644,662,667,725,737,847,863,1047,1086,1093,1157,1189,1217,1277]","[[0,1],[1,1],[2,-1],[3,1],[4,-1],[5,1],[165,-1],[170,-1],[194,1],[201,-1],[249,1],[251,1],[367,-1],[389,1],[506,1],[598,1],[641,1],[644,1],[662,-1],[667,-1],[725,1],[737,-1],[847,1],[863,-1],[1047,-1],[1086,-1],[1093,-1],[1157,-1],[1189,-1],[1217,1],[1277,1]]","[2,87,20,84,35,31,78,30,42,56,52,70,11,48,44,53,27,91,5,55,99,80,50,83,60,94,28,39,32,15,85,89,1,74,40,23,4,62,75,54,67,92,59,90,13,8,19,37,7,24,12,29,34,17,95,33,66,9,38,49,69,14,76,88,58,36,41,63,68,77,47,73,6,46,65,45,96,51,97,21]","[178,156,131,142,170,182,191,164,199,137,127,188,161,114,116,139,128,122,157,110,166,192,115,124,173,125,100,123,154,189,111,197,135,186,102,146,183,172,145,109,195,130,112,101,147,134,120,167,126,181,118,169,196,165,159,106,144,117,185,141,180,133,160,175,148,177,136,119,187,194,138,193,121,158,149,151,171,198,163,190]",2353599cc007e442a12f2ffc10bd686a180d474415e33d569d6b4664764063fe,80,482004752,4045129698,"[930056,7,7,0,100,200,26]",3406921328,2174160538,[5],"{""5"":1}"
S7,7,930057,100,2.7950849718747373,7,,0,0.3,112,92,"[0,1,2,3,4,34,62,70,73,83,90,103,112,150,189,190,201,217,219,266,267,271,274,283,285,294,308,309,362,389,398,406,416,423,434,437,465,469,482,530,534,544,549,564,570,598,632,633,641,652,665,689,722,741,759,781,842,857,861,862,863,865,928,930,934,938,944,957,963,971,984,1016,1021,1022,1024,1047,1064,1077,1079,1086,1093,1105,1134,1135,1159,1183,1185,1192,1196,1253,1254,1259]","[[0,1],[1,1],[2,-1],[3,1],[4,-1],[34,1],[62,1],[70,-1],[73,1],[83,-1],[90,1],[103,-1],[112,-1],[150,-1],[189,-1],[190,1],[201,-1],[217,-1],[219,1],[266,-1],[267,-1],[271,-1],[274,1],[283,1],[285,1],[294,-1],[308,-1],[309,1],[362,1],[389,1],[398,1],[406,-1],[416,-1],[423,-1],[434,-1],[437,-1],[465,1],[469,-1],[482,1],[530,-1],[534,1],[544,-1],[549,-1],[564,-1],[570,-1],[598,1],[632,-1],[633,1],[641,1],[652,1],[665,-1],[689,1],[722,1],[741,-1],[759,1],[781,1],[842,1],[857,1],[861,1],[862,-1],[863,-1],[865,1],[928,-1],[930,-1],[934,1],[938,1],[944,-1],[957,1],[963,-1],[971,1],[984,-1],[1016,-1],[1021,1],[1022,-1],[1024,1],[1047,-1],[1064,-1],[1077,-1],[1079,-1],[1086,-1],[1093,-1],[1105,-1],[1134,-1],[1135,1],[1159,-1],[1183,-1],[1185,-1],[1192,1],[1196,-1],[1253,1],[1254,-1],[1259,1]]","[49,13,65,60,75,12,14,56,89,90,81,27,77,48,88,34,93,47,20,18,82,72,42,98,35,97,41,74,36,24,39,78,15,5,23,68,2,38,54,91,22,53,9,85,83,62,10,40,63,59,95,32,25,31,67,16,26,87,44,3,0,4,29,64,70,86,57,76,6,8,37,71,7,79,28,30,80,19,96,46]","[179,163,102,181,189,182,112,174,190,168,154,159,183,104,142,119,109,131,146,171,101,153,169,155,194,144,165,137,138,100,114,116,145,158,110,130,157,129,124,121,185,123,135,166,151,150,115,139,107,117,140,164,149,184,192,191,170,133,122,180,118,143,126,162,103,161,128,111,186,113,199,198,172,156,125,132,148,178,173,175]",d31734c482114c16c1933a94f942a4d711ab992187083b8383d7d0a255748799,80,2519675985,1357928804,"[930057,7,7,0,100,200,26]",1868931761,2174160538,[5],"{""5"":0}"
S7,7,930058,100,2.7950849718747373,7,,0,0.1,43,30,"[0,1,2,3,4,70,90,144,203,315,416,426,465,469,484,506,523,546,652,796,798,962,1032,1057,1072,1077,1079,1119,1164,1219]","[[0,1],[1,1],[2,-1],[3,1],[4,-1],[70,-1],[90,1],[144,1],[203,1],[315,1],[416,-1],[426,-1],[465,1],[469,-1],[484,-1],[506,1],[523,1],[546,-1],[652,1],[796,-1],[798,1],[962,-1],[1032,-1],[1057,1],[1072,1],[1077,-1],[1079,-1],[1119,1],[1164,-1],[1219,1]]","[58,21,43,11,76,32,70,4,48,15,28,83,97,98,31,54,74,45,5,14,1,82,72,12,86,89,8,92,49,62,23,42,75,0,25,40,90,9,36,57,50,10,35,93,17,65,99,67,66,52,6,85,51,87,79,37,38,24,34,26,55,47,61,78,30,44,73,88,16,68,56,63,18,94,7,13,41,20,29,2]","[109,152,160,149,156,147,131,121,137,136,184,105,181,195,124,198,192,112,178,113,122,108,193,126,114,174,185,169,173,166,135,128,170,189,120,134,127,106,175,110,168,179,146,197,154,194,171,196,133,191,162,143,141,176,158,104,140,164,138,116,139,151,153,161,115,111,172,155,125,148,123,117,119,157,183,118,144,190,167,199]",b66eb31a04f0e461011e6a33a97e0bb3dcac91125528e45fa1a6a08b5eb1ecf9,80,2206249471,18837958,"[930058,7,7,0,100,200,26]",920458588,2174160538,[5],"{""5"":0}"
S7,7,930059,100,2.7950849718747373,7,,0,0.1,42,33,"[0,1,2,3,4,5,83,90,112,144,194,251,264,327,389,457,525,548,551,593,641,722,750,808,838,861,865,1001,1075,1076,1093,1204,1217]","[[0,1],[1,1],[2,-1],[3,1],[4,-1],[5,1],[83,-1],[90,1],[112,-1],[144,1],[194,1],[251,1],[264,-1],[327,-1],[389,1],[457,1],[525,1],[548,-1],[551,1],[593,1],[641,1],[722,1],[750,-1],[808,1],[838,1],[861,1],[865,1],[1001,-1],[1075,-1],[1076,1],[1093,-1],[1204,-1],[1217,1]]","[46,5,53,23,66,95,21,51,54,32,37,31,8,18,47,33,78,86,63,3,4,92,39,52,82,70,34,96,99,85,79,10,68,64,75,24,50,45,87,56,83,22,72,19,49,55,90,15,20,9,16,42,38,69,12,81,62,88,57,13,26,6,98,77,41,58,94,65,14,76,36,11,30,89,74,93,40,97,35,29]","[150,175,180,183,147,170,174,189,127,107,140,114,122,136,142,102,193,112,146,126,135,178,137,158,117,134,141,195,149,167,186,145,198,155,108,131,181,171,101,176,104,113,199,103,191,144,194,165,119,173,138,166,190,110,197,143,161,100,132,153,168,154,106,156,159,109,139,148,115,196,116,111,169,124,162,128,163,192,164,133]",df6d2925d2f953ba2d95f37a072b15ba2a56fc6adf505062c8f2728ea2ed87b7,80,2921767396,1677093984,"[930059,7,7,0,100,200,26]",1342471154,2174160538,[5],"{""5"":1}"
S7,7,930060,100,2.7950849718747373,7,,0,0.1,34,32,"[0,1,2,3,4,5,35,83,160,251,347,376,469,472,506,557,606,641,725,739,861,863,865,883,957,1013,1075,1077,1079,1086,1163,1199]","[[0,1],[1,1],[2,-1],[3,1],[4,-1],[5,1],[35,1],[83,-1],[160,1],[251,1],[347,-1],[376,-1],[469,-1],[472,-1],[506,1],[557,-1],[606,1],[641,1],[725,1],[739,1],[861,1],[863,-1],[865,1],[883,1],[957,1],[1013,-1],[1075,-1],[1077,-1],[1079,-1],[1086,-1],[1163,1],[1199,-1]]","[41,81,33,47,11,38,43,73,26,9,44,37,40,63,50,15,99,31,70,10,60,97,61,25,7,93,89,87,96,29,88,62,56,20,17,91,74,98,75,21,68,46,58,13,8,52,45,66,23,1,30,69,34,84,83,79,55,32,39,2,14,92,67,4,78,95,49,24,90,35,51,65,5,57,42,64,86,80,0,18]","[180,184,136,150,129,102,101,117,109,147,111,162,114,115,120,104,176,119,169,103,173,132,192,163,190,191,113,100,153,193,131,133,197,199,189,158,142,174,161,106,159,177,122,196,155,166,194,107,151,149,164,157,139,135,128,134,118,148,141,145,167,187,116,121,146,143,195,130,126,181,108,175,165,137,170,105,182,123,160,178]",642b42fae6b685ec3272c78914e6bb7ed93f578b344e4963a5f325ea0b90ce38,80,1003241511,721266453,"[930060,7,7,0,100,200,26]",2714776272,2174160538,[5],"{""5"":1}"
S7,7,930061,100,2.7950849718747373,7,,0,0.1,41,27,"[0,1,2,3,4,5,34,44,102,112,128,136,160,251,389,426,641,772,789,793,935,1061,1064,1077,1086,1137,1217]","[[0,1],[1,1],[2,-1],[3,1],[4,-1],[5,1],[34,1],[44,1],[102,-1],[112,-1],[128,-1],[136,1],[160,1],[251,1],[389,1],[426,-1],[641,1],[772,1],[789,1],[793,-1],[935,-1],[1061,-1],[1064,-1],[1077,-1],[1086,-1],[1137,-1],[1217,1]]","[87,28,51,67,82,25,92,57,47,35,26,16,42,71,36,24,37,90,13,15,61,76,33,29,40,22,49,91,95,85,63,89,50,0,17,98,2,66,53,21,72,5,70,30,52,39,3,56,78,46,6,69,55,60,44,45,74,58,88,65,38,84,94,83,80,31,18,99,48,43,11,20,1,19,4,93,59,62,96,81]","[165,185,144,101,160,167,137,164,173,189,151,152,104,172,139,141,174,168,157,106,145,117,148,107,128,119,150,102,127,125,190,158,154,115,170,199,105,103,132,161,138,159,114,129,142,131,195,175,188,166,133,110,163,134,179,181,162,153,169,109,184,192,171,123,121,143,186,193,198,196,183,111,147,140,100,177,180,122,116,130]",fa79ce47694fbd09b4901b23a16a6528f0c123a17f5b7b68aa474f55e4c70976,80,2327450127,2974727338,"[930061,7,7,0,100,200,26]",2458160960,2174160538,[5],"{""5"":1}"
S7,7,930062,100,2.7950849718747373,7,,0,0.1,36,32,"[0,1,2,3,4,5,19,22,112,170,177,251,315,389,416,461,465,484,523,548,566,717,813,861,865,935,939,952,1042,1086,1092,1097]","[[0,1],[1,1],[2,-1],[3,1],[4,-1],[5,1],[19,1],[22,1],[112,-1],[170,-1],[177,-1],[251,1],[315,1],[389,1],[416,-1],[461,1],[465,1],[484,-1],[523,1],[548,-1],[566,1],[717,-1],[813,1],[861,1],[865,1],[935,-1],[939,1],[952,-1],[1042,-1],[1086,-1],[1092,1],[1097,-1]]","[26,24,99,6,72,13,88,0,63,83,77,78,37,21,3,61,89,12,36,25,8,76,40,35,22,18,49,5,23,65,17,75,69,64,32,29,85,67,2,68,16,39,91,43,86,74,58,79,44,31,98,45,80,51,92,62,38,50,48,4,33,82,97,71,10,73,95,52,34,46,42,56,59,60,14,93,7,1,96,84]","[107,170,155,128,189,148,113,121,172,144,153,134,119,104,180,171,165,115,131,160,187,110,157,181,183,182,125,185,120,147,130,146,154,197,143,194,163,102,188,126,161,195,111,142,137,152,166,105,127,159,176,174,141,139,140,177,198,136,123,103,191,129,162,133,132,199,106,109,196,184,149,167,117,145,192,135,151,122,164,138]",4006670b0b028394c8dc8664d99917f313226704cf8b195c4d14d089702c3f7c,80,4265061722,3467426779,"[930062,7,7,0,100,200,26]",1299649239,2174160538,[5],"{""5"":1}"
S7,7,930063,100,2.7950849718747373,7,,0,0.1,47,36,"[0,1,2,3,4,5,54,83,165,251,308,343,345,389,406,416,462,479,482,484,530,588,667,731,737,837,862,935,952,1047,1079,1086,1093,1164,1217,1219]","[[0,1],[1,1],[2,-1],[3,1],[4,-1],[5,1],[54,1],[83,-1],[165,-1],[251,1],[308,-1],[343,-1],[345,1],[389,1],[406,-1],[416,-1],[462,-1],[479,1],[482,1],[484,-1],[530,-1],[588,1],[667,-1],[731,-1],[737,-1],[837,-1],[862,-1],[935,-1],[952,-1],[1047,-1],[1079,-1],[1086,-1],[1093,-1],[1164,-1],[1217,1],[1219,1]]","[29,15,33,26,92,90,72,9,85,27,6,19,69,46,5,50,28,84,63,64,51,4,71,31,1,12,88,66,30,54,42,44,70,83,22,39,74,95,7,37,86,93,24,10,2,87,52,75,3,60,97,53,11,34,41,32,8,45,18,99,0,36,47,96,16,79,82,40,25,17,91,78,21,81,57,13,48,77,65,55]","[135,103,194,175,102,174,154,146,161,111,100,123,117,186,145,149,152,116,182,185,199,167,197,148,160,172,139,115,107,147,114,166,119,108,125,191,110,159,138,132,177,133,190,171,169,189,198,104,131,136,109,180,126,168,165,153,118,162,127,112,173,142,124,140,137,157,195,188,179,150,122,192,170,128,155,176,130,193,105,143]",0a4ef54aab5e45f8dac5f96a3dd49d3676fcedf94b326fa3b754885da72448de,80,75358805,577667517,"[930063,7,7,0,100,200,26]",4271950731,2174160538,[5],"{""5"":1}"
S7,7,930064,100,2.7950849718747373,7,,0,0.1,46,28,"[0,1,2,3,4,5,50,76,103,133,274,313,401,469,491,510,525,544,667,717,725,772,833,861,1086,1196,1210,1269]","[[0,1],[1,1],[2,-1],[3,1],[4,-1],[5,-1],[50,-1],[76,-1],[103,-1],[133,-1],[274,1],[313,-1],[401,-1],[469,-1],[491,-1],[510,-1],[525,1],[544,-1],[667,-1],[717,-1],[725,1],[772,1],[833,1],[861,1],[1086,-1],[1196,-1],[1210,1],[1269,1]]","[90,26,74,77,57,5,87,86,31,29,72,75,1,18,33,67,11,46,28,99,10,21,61,36,95,15,42,94,17,97,93,96,6,64,55,62,92,19,66,59,40,53,9,30,60,27,3,83,68,56,65,37,8,85,82,76,41,4,7,12,43,20,91,49,16,58,79,38,71,88,44,89,81,50,39,48,25,80,14,69]","[135,142,122,109,187,170,132,108,197,180,102,173,131,134,158,175,128,105,181,179,136,194,159,156,163,192,121,101,190,182,107,127,120,137,125,148,154,168,199,183,129,114,160,146,155,189,178,104,110,171,113,193,106,185,188,191,139,177,196,150,116,184,117,123,153,174,147,169,130,143,167,126,151,195,198,115,103,164,172,144]",32a6419aabc1747f2d48df2d384abbed0fc4185ee120731766caa7a82ea5a2d8,80,3457564296,1871563557,"[930064,7,7,0,100,200,26]",3158172989,2174160538,[5],"{""5"":-1}"
S7,7,930065,100,2.7950849718747373,7,,0,0.1,42,35,"[0,1,2,3,4,73,83,112,144,147,170,177,251,294,343,355,389,409,416,441,469,492,772,839,861,865,874,957,1013,1039,1079,1094,1107,1140,1217]","[[0,1],[1,1],[2,-1],[3,1],[4,-1],[73,1],[83,-1],[112,-1],[144,1],[147,-1],[170,-1],[177,-1],[251,1],[294,-1],[343,-1],[355,-1],[389,1],[409,-1],[416,-1],[441,1],[469,-1],[492,1],[772,1],[839,-1],[861,1],[865,1],[874,-1],[957,1],[1013,-1],[1039,1],[1079,-1],[1094,-1],[1107,1],[1140,1],[1217,1]]","[90,24,45,39,74,86,72,14,87,55,81,64,69,85,27,42,50,29,78,77,43,28,83,68,79,71,62,76,22,46,25,70,3,26,48,53,93,8,11,88,4,13,41,82,10,89,58,95,61,47,34,16,67,73,63,7,84,18,20,56,40,65,80,97,75,33,32,19,66,51,6,17,2,21,23,91,37,1,12,49]","[192,130,138,101,199,125,137,136,183,185,168,154,123,164,122,153,106,128,112,127,161,177,126,198,115,152,190,180,184,139,182,113,158,120,178,150,109,179,175,163,141,146,107,155,160,170,133,102,121,134,142,103,131,108,149,173,166,197,148,147,117,129,156,169,189,140,174,176,111,186,193,118,171,194,145,167,172,157,188,187]",22718a9516294b64b1f92abd187440a33df770a221b73db7e1386e1a42b2cb86,80,1973035017,1524875407,"[930065,7,7,0,100,200,26]",4217377596,2174160538,[5],"{""5"":0}"
S7,7,930066,100,2.7950849718747373,7,,0,0.1,35,29,"[0,1,2,3,4,34,70,83,90,92,148,261,343,389,406,426,469,490,532,595,606,746,752,753,837,861,865,1046,1157]","[[0,1],[1,1],[2,-1],[3,1],[4,-1],[34,1],[70,-1],[83,-1],[90,1],[92,-1],[148,1],[261,1],[343,-1],[389,1],[406,-1],[426,-1],[469,-1],[490,1],[532,-1],[595,1],[606,1],[746,1],[752,-1],[753,-1],[837,-1],[861,1],[865,1],[1046,1],[1157,-1]]","[17,59,50,83,0,58,86,96,22,49,94,24,55,1,46,89,25,36,63,91,2,73,40,6,80,52,12,4,33,35,13,20,27,92,21,32,85,15,38,28,26,19,11,67,61,41,78,98,77,81,53,39,7,99,70,37,64,60,5,44,34,18,29,45,87,14,54,84,72,8,43,48,57,31,42,71,65,66,68,75]","[128,101,141,102,120,136,191,187,181,197,145,119,138,112,150,124,106,158,115,173,180,179,114,100,188,110,184,116,143,148,155,113,156,186,131,160,154,164,194,122,163,109,117,162,129,175,142,140,174,172,107,170,151,182,190,103,121,118,171,176,169,108,196,167,161,126,139,198,153,132,111,123,135,144,199,159,125,195,105,178]",f652da80a63c963d57d801807ad30be4baf163d569eb952204e817d4ae7a1b4c,80,2356944021,636125530,"[930066,7,7,0,100,200,26]",4235522572,2174160538,[5],"{""5"":0}"
S7,7,930067,100,2.7950849718747373,7,,0,0.1,47,39,"[0,1,2,3,4,5,59,83,90,112,136,144,195,251,264,315,331,406,409,426,461,498,641,730,743,744,807,861,863,903,939,981,1031,1047,1079,1086,1183,1200,1240]","[[0,1],[1,1],[2,-1],[3,1],[4,-1],[5,1],[59,1],[83,-1],[90,1],[112,-1],[136,1],[144,1],[195,1],[251,1],[264,-1],[315,1],[331,1],[406,-1],[409,-1],[426,-1],[461,1],[498,-1],[641,1],[730,1],[743,-1],[744,1],[807,-1],[861,1],[863,-1],[903,-1],[939,1],[981,1],[1031,-1],[1047,-1],[1079,-1],[1086,-1],[1183,-1],[1200,1],[1240,-1]]","[61,82,10,25,47,39,9,29,63,53,54,44,60,93,40,19,97,6,1,18,70,11,31,68,83,23,58,7,36,75,55,77,20,76,91,14,65,37,15,80,48,43,16,26,74,88,4,28,98,30,17,38,90,0,56,94,81,42,62,27,57,41,52,95,78,32,92,3,21,87,2,96,45,49,72,73,89,84,99,50]","[147,124,143,125,162,114,148,184,156,137,130,113,126,190,168,127,175,140,177,174,109,154,102,179,149,172,117,103,152,160,173,155,139,165,153,189,108,178,187,138,171,198,167,120,144,136,151,196,150,123,118,159,164,161,105,104,163,193,166,119,180,107,188,129,197,135,158,195,181,145,194,199,185,121,141,142,183,111,133,101]",323b966c13d9ef342d432dc7f877f43134282424049944029d3307c1aa876fae,80,3067483497,3878539488,"[930067,7,7,0,100,200,26]",680627068,2174160538,[5],"{""5"":1}"
S7,7,930068,100,2.7950849718747373,7,,0,0.1,43,32,"[0,1,2,3,4,83,90,112,136,221,222,251,257,308,313,343,352,414,465,470,663,739,772,827,852,863,895,993,1086,1186,1194,1217]","[[0,1],[1,1],[2,-1],[3,1],[4,-1],[83,-1],[90,1],[112,-1],[136,1],[221,-1],[222,-1],[251,1],[257,-1],[308,-1],[313,-1],[343,-1],[352,1],[414,-1],[465,1],[470,1],[663,-1],[739,1],[772,1],[827,1],[852,1],[863,-1],[895,1],[993,1],[1086,-1],[1186,-1],[1194,-1],[1217,1]]","[45,63,24,9,54,90,26,46,71,60,32,33,99,52,95,85,37,94,44,1,22,87,18,23,67,7,15,49,28,20,82,38,58,43,16,89,29,77,97,86,76,39,69,35,51,91,53,79,84,0,65,92,81,73,57,48,11,93,88,80,36,10,27,96,2,40,31,68,41,59,8,74,75,83,62,14,61,56,34,12]","[150,103,135,107,144,118,108,101,145,191,171,157,199,195,183,175,113,143,156,169,155,188,162,159,172,128,170,154,192,178,176,186,163,149,164,185,130,110,127,197,114,158,133,117,122,105,166,182,179,129,181,196,119,100,124,160,104,152,112,131,177,140,126,161,132,180,139,141,167,120,148,168,134,165,194,147,116,106,189,142]",023911bff67504a1185c78df92b5f0bbe4f55c1d6add0b2ffd0ef4633e857439,80,2368366290,3317058865,"[930068,7,7,0,100,200,26]",694827133,2174160538,[5],"{""5"":0}"
S7,7,930069,100,2.7950849718747373,7,,0,0.1,37,34,"[0,1,2,3,4,21,47,170,187,219,232,251,315,339,416,449,454,465,484,583,663,720,744,772,826,852,865,1001,1077,1079,1086,1094,1201,1231]","[[0,1],[1,1],[2,-1],[3,1],[4,-1],[21,-1],[47,-1],[170,-1],[187,1],[219,1],[232,-1],[251,1],[315,1],[339,-1],[416,-1],[449,1],[454,-1],[465,1],[484,-1],[583,1],[663,-1],[720,-1],[744,1],[772,1],[826,1],[852,1],[865,1],[1001,-1],[1077,-1],[1079,-1],[1086,-1],[1094,-1],[1201,1],[1231,-1]]","[94,70,21,26,80,24,47,33,18,4,79,75,23,17,91,15,73,22,42,10,81,39,16,77,89,55,86,74,14,7,67,99,92,65,31,61,88,12,82,3,25,83,64,78,76,45,66,59,90,41,2,37,1,27,60,20,69,52,44,84,13,85,53,30,40,62,87,95,49,98,34,50,68,0,19,32,57,29,35,71]","[199,190,132,193,114,111,147,192,186,110,195,143,148,128,123,121,179,135,138,196,176,153,177,141,156,118,130,152,120,165,178,155,174,136,144,150,162,145,180,194,126,127,112,184,107,175,101,133,183,167,163,139,103,170,115,113,104,154,116,102,197,109,108,125,151,182,187,119,142,164,117,157,169,159,181,106,171,173,185,189]",146a12f3ff51e757c67dc8bc8a88da14f8dd0b8869e501a2e12755e32beed5e0,80,2854413219,3508601442,"[930069,7,7,0,100,200,26]",330049543,2174160538,[5],"{""5"":0}"
S7,7,930070,100,2.7950849718747373,7,,0,0.1,32,28,"[0,1,2,3,4,83,139,165,196,217,320,342,385,426,446,484,595,641,722,741,788,853,861,865,957,1051,1064,1079]","[[0,1],[1,1],[2,-1],[3,1],[4,-1],[83,-1],[139,-1],[165,-1],[196,-1],[217,-1],[320,1],[342,-1],[385,-1],[426,-1],[446,1],[484,-1],[595,1],[641,1],[722,1],[741,-1],[788,1],[853,-1],[861,1],[865,1],[957,1],[1051,-1],[1064,-1],[1079,-1]]","[33,22,77,23,19,66,6,86,31,10,37,36,72,48,17,85,62,83,69,68,12,11,40,16,89,35,82,93,46,64,55,60,67,78,0,79,13,43,18,29,49,30,65,28,9,53,26,27,14,3,1,96,7,50,90,52,57,2,99,41,32,91,73,4,39,34,8,80,95,24,71,81,76,97,92,94,63,54,88,58]","[169,197,175,187,136,157,172,145,102,155,109,143,144,128,120,160,168,107,124,141,125,140,142,179,114,193,188,150,110,152,171,122,163,158,133,130,151,177,162,195,147,135,173,113,153,191,106,117,112,105,161,178,182,115,104,165,101,149,118,119,134,166,167,184,132,137,181,156,100,189,194,111,176,198,138,185,103,129,131,108]",b32b80f466dd9896cb39652577601c78806931e38ad405444dacf2f909c5b616,80,3124145128,2174237698,"[930070,7,7,0,100,200,26]",2536952116,2174160538,[5],"{""5"":0}"
S7,7,930071,100,2.7950849718747373,7,,0,0.1,47,36,"[0,1,2,3,4,61,83,90,112,196,251,286,294,367,406,428,506,525,641,652,689,694,723,725,765,803,861,863,865,935,1002,1086,1093,1136,1144,1230]","[[0,1],[1,1],[2,-1],[3,1],[4,-1],[61,-1],[83,-1],[90,1],[112,-1],[196,-1],[251,1],[286,1],[294,-1],[367,-1],[406,-1],[428,-1],[506,1],[525,1],[641,1],[652,1],[689,1],[694,1],[723,-1],[725,1],[765,1],[803,1],[861,1],[863,-1],[865,1],[935,-1],[1002,1],[1086,-1],[1093,-1],[1136,-1],[1144,-1],[1230,-1]]","[96,43,70,86,32,17,26,25,27,80,87,35,57,56,21,7,23,5,18,84,51,97,11,60,37,54,48,73,6,90,1,42,63,28,9,93,83,82,49,65,55,67,8,74,0,52,68,38,36,39,77,12,79,88,34,31,4,78,94,2,24,46,75,45,53,29,3,66,85,98,76,30,19,81,40,14,91,50,58,92]","[130,105,192,152,167,171,135,145,155,115,188,127,134,184,169,118,164,170,163,100,158,109,178,143,123,176,179,142,172,120,144,129,160,197,181,196,182,195,166,174,102,122,131,194,168,193,162,137,113,103,121,173,138,132,117,107,189,175,161,187,125,114,186,180,110,106,154,177,146,104,140,101,191,151,199,124,111,141,159,126]",3630ed9ea505048b6873f367e49b9b8322648083444058dd4a77ec48672d3285,80,3603558723,2504819594,"[930071,7,7,0,100,200,26]",49669971,2174160538,[5],"{""5"":0}"
S7,7,930072,100,2.7950849718747373,7,,0,0.1,43,30,"[0,1,2,3,4,59,83,165,251,343,406,462,514,566,633,670,737,742,780,833,840,865,1020,1047,1064,1079,1086,1093,1094,1217]","[[0,1],[1,1],[2,-1],[3,1],[4,-1],[59,1],[83,-1],[165,-1],[251,1],[343,-1],[406,-1],[462,-1],[514,1],[566,1],[633,1],[670,-1],[737,-1],[742,-1],[780,1],[833,1],[840,-1],[865,1],[1020,-1],[1047,-1],[1064,-1],[1079,-1],[1086,-1],[1093,-1],[1094,-1],[1217,1]]","[86,38,70,87,16,89,33,2,57,45,19,48,82,61,36,14,83,23,60,66,28,17,73,52,40,65,78,32,0,27,93,12,68,21,35,20,74,46,99,1,7,8,59,91,22,24,81,26,53,41,69,5,85,72,64,15,29,88,80,95,44,47,25,43,34,71,84,62,98,9,49,3,92,94,77,97,6,79,51,30]","[148,126,115,170,108,199,152,143,128,111,132,106,114,113,117,118,187,146,193,182,168,159,190,198,149,171,178,107,141,153,191,181,104,134,195,174,163,136,197,186,175,167,123,105,102,162,135,120,137,130,151,154,112,124,127,156,192,179,189,122,160,150,155,166,119,173,161,100,121,142,110,165,138,172,131,188,177,103,101,184]",810b46292c0889283e7d7f310eb2866bae580cff39f761f70050ebfa45606cac,80,2550616688,3731170492,"[930072,7,7,0,100,200,26]",326428677,2174160538,[5],"{""5"":0}"
S7,7,930073,100,2.7950849718747373,7,,0,0.1,47,41,"[0,1,2,3,4,5,22,137,187,322,326,343,376,441,444,446,469,479,484,606,609,652,722,733,742,743,748,772,788,880,889,952,1001,1031,1047,1064,1086,1164,1183,1217,1219]","[[0,1],[1,1],[2,-1],[3,1],[4,-1],[5,1],[22,1],[137,-1],[187,1],[322,1],[326,-1],[343,-1],[376,-1],[441,1],[444,-1],[446,1],[469,-1],[479,1],[484,-1],[606,1],[609,-1],[652,1],[722,1],[733,1],[742,-1],[743,-1],[748,1],[772,1],[788,1],[880,1],[889,-1],[952,-1],[1001,-1],[1031,-1],[1047,-1],[1064,-1],[1086,-1],[1164,-1],[1183,-1],[1217,1],[1219,1]]","[5,37,46,16,7,15,97,67,91,53,19,77,61,99,69,57,70,47,2,50,84,3,30,45,6,24,55,40,72,52,11,25,29,89,23,75,48,73,38,41,8,22,27,17,20,59,98,71,36,43,65,1,96,63,88,93,33,35,10,80,12,58,60,4,90,87,32,92,9,44,13,21,79,14,81,76,56,42,34,78]","[148,128,139,131,104,138,124,118,125,155,149,129,121,192,127,160,184,150,120,136,173,114,178,110,174,189,190,186,197,143,145,179,166,100,172,165,157,159,147,116,153,181,140,109,119,144,103,117,123,113,134,106,154,170,151,112,185,161,169,171,195,152,183,177,108,105,122,191,130,126,107,193,199,168,188,102,198,163,133,175]",010364d6d1e7bc8618a874e5a61469ae415bff2deb7d3771fa4e49f34851a5d2,80,4245639711,286380334,"[930073,7,7,0,100,200,26]",3044724261,2174160538,[5],"{""5"":1}"
S7,7,930074,100,2.7950849718747373,7,,0,0.1,43,41,"[0,1,2,3,4,21,28,83,167,177,182,284,286,342,343,382,389,487,535,544,546,569,608,609,632,663,739,853,854,865,921,957,1022,1064,1081,1110,1211,1212,1217,1219,1221]","[[0,1],[1,1],[2,-1],[3,1],[4,-1],[21,-1],[28,-1],[83,-1],[167,-1],[177,-1],[182,-1],[284,1],[286,1],[342,-1],[343,-1],[382,-1],[389,1],[487,1],[535,1],[544,-1],[546,-1],[569,-1],[608,1],[609,-1],[632,-1],[663,-1],[739,1],[853,-1],[854,-1],[865,1],[921,1],[957,1],[1022,-1],[1064,-1],[1081,1],[1110,1],[1211,-1],[1212,1],[1217,1],[1219,1],[1221,1]]","[98,66,59,47,81,67,6,40,91,56,61,79,73,88,69,53,4,8,3,1,62,60,65,97,2,68,20,0,23,90,13,38,17,26,12,7,78,74,50,83,49,72,27,32,25,70,24,52,48,84,96,86,95,16,33,10,14,94,77,43,46,57,34,5,76,93,64,75,15,35,36,30,22,58,41,87,31,18,80,19]","[199,143,133,136,135,161,146,165,132,154,115,119,160,162,110,178,175,158,103,141,101,116,177,186,149,191,108,134,167,185,150,196,183,193,180,102,100,105,117,168,137,194,181,107,155,171,163,140,112,157,148,172,189,124,131,104,113,145,195,139,106,182,174,169,125,129,179,128,122,184,187,166,188,159,120,153,127,118,121,144]",98867576f9b694a78e7669c13a5d825c73f80379145ab41f90b0e7a9e977c529,80,3807248479,3492263325,"[930074,7,7,0,100,200,26]",3421878711,2174160538,[5],"{""5"":0}"
S7,7,930075,100,2.7950849718747373,7,,0,0.1,48,33,"[0,1,2,3,4,5,59,136,177,194,251,308,389,398,406,484,510,581,627,663,700,707,742,789,913,1001,1051,1081,1086,1182,1194,1266,1269]","[[0,1],[1,1],[2,-1],[3,1],[4,-1],[5,1],[59,1],[136,1],[177,-1],[194,1],[251,1],[308,-1],[389,1],[398,1],[406,-1],[484,-1],[510,-1],[581,1],[627,1],[663,-1],[700,1],[707,1],[742,-1],[789,1],[913,1],[1001,-1],[1051,-1],[1081,1],[1086,-1],[1182,1],[1194,-1],[1266,1],[1269,1]]","[36,27,22,33,50,24,10,56,16,1,43,4,61,46,63,85,81,92,96,0,65,2,12,25,5,54,17,30,15,79,59,75,28,47,67,62,32,41,68,86,99,80,88,40,31,70,73,11,34,91,97,77,35,89,95,8,83,18,44,57,48,26,82,37,90,84,51,7,72,13,53,49,52,9,19,98,93,71,42,76]","[127,133,103,181,180,171,144,188,154,115,197,101,117,185,193,190,136,111,186,124,183,191,198,142,107,153,175,172,182,173,162,112,129,184,169,158,116,139,159,179,168,121,194,105,120,143,148,140,147,108,123,141,170,189,166,122,134,138,102,167,132,178,110,126,131,128,130,145,195,160,100,106,174,146,119,177,176,104,165,156]",ad24b1b65e10824d8764e8e783d21304a98e95e9f61155cdadaf5b8735c6dfb3,80,949067738,2559527504,"[930075,7,7,0,100,200,26]",2852989442,2174160538,[5],"{""5"":1}"
S7,7,930076,100,2.7950849718747373,7,,0,0.1,35,32,"[0,1,2,3,4,22,90,196,207,389,484,510,546,576,606,641,652,663,667,725,772,856,861,862,880,952,987,1077,1115,1147,1217,1226]","[[0,1],[1,1],[2,-1],[3,1],[4,-1],[22,1],[90,1],[196,-1],[207,1],[389,1],[484,-1],[510,-1],[546,-1],[576,-1],[606,1],[641,1],[652,1],[663,-1],[667,-1],[725,1],[772,1],[856,-1],[861,1],[862,-1],[880,1],[952,-1],[987,1],[1077,-1],[1115,1],[1147,-1],[1217,1],[1226,1]]","[63,13,41,60,88,55,83,1,43,28,15,94,3,51,30,92,31,62,58,11,39,8,36,18,17,9,21,50,57,20,81,54,97,90,49,27,56,77,46,37,34,69,96,7,40,5,65,12,79,80,82,73,99,86,74,89,44,87,66,59,2,52,14,72,4,33,32,10,38,29,22,93,95,85,64,25,75,6,53,47]","[175,173,123,147,104,137,110,149,178,132,192,106,120,128,100,184,102,117,115,112,167,172,157,129,144,134,182,174,163,135,155,116,197,139,194,125,165,193,189,161,103,113,187,122,171,168,177,181,160,119,183,199,127,108,148,170,164,198,150,136,145,154,190,162,140,101,131,105,156,153,195,180,188,114,143,196,138,107,185,124]",e66f0745171a62aff2a36151ba84208c75ef0f53f36634b3e421aa9e7732d825,80,2551251838,3282286012,"[930076,7,7,0,100,200,26]",1067616861,2174160538,[5],"{""5"":0}"
S7,7,930077,100,2.7950849718747373,7,,0,0.1,39,34,"[0,1,2,3,4,34,75,90,167,204,251,264,267,296,311,385,389,428,456,465,581,641,772,796,832,861,932,990,1024,1031,1079,1086,1144,1219]","[[0,1],[1,1],[2,-1],[3,1],[4,-1],[34,1],[75,-1],[90,1],[167,-1],[204,1],[251,1],[264,-1],[267,-1],[296,1],[311,-1],[385,-1],[389,1],[428,-1],[456,-1],[465,1],[581,1],[641,1],[772,1],[796,-1],[832,-1],[861,1],[932,1],[990,-1],[1024,1],[1031,-1],[1079,-1],[1086,-1],[1144,-1],[1219,1]]","[3,64,26,9,83,15,56,61,93,51,47,42,69,77,87,38,46,60,90,79,92,84,29,49,98,20,48,18,44,27,50,12,2,19,76,66,21,40,75,97,1,58,33,10,32,86,30,81,96,22,28,57,55,24,45,89,6,91,41,70,43,67,25,68,72,71,4,36,53,95,59,39,16,31,85,14,80,74,88,34]","[195,183,171,179,107,138,130,146,137,127,101,128,126,191,155,199,162,168,197,180,116,167,125,136,187,163,121,113,150,142,122,102,140,112,154,104,135,164,165,144,114,169,186,188,148,106,175,117,119,190,185,181,160,174,108,149,100,189,109,111,178,170,123,158,124,161,151,129,115,133,139,153,132,192,159,145,118,177,182,156]",3b2646bc9d6e8b1475321f6ad95d14069299a186b7f3d54b27a349a396f2e0e8,80,913646493,2195260466,"[930077,7,7,0,100,200,26]",4102764680,2174160538,[5],"{""5"":0}"
S7,7,930078,100,2.7950849718747373,7,,0,0.1,42,38,"[1,2,3,4,22,73,76,90,224,251,265,267,350,371,389,426,484,491,532,701,743,772,807,837,853,865,966,1020,1024,1064,1077,1086,1093,1162,1190,1196,1210,1217]","[[1,1],[2,-1],[3,1],[4,-1],[22,1],[73,1],[76,-1],[90,1],[224,1],[251,1],[265,1],[267,-1],[350,1],[371,-1],[389,1],[426,-1],[484,-1],[491,-1],[532,-1],[701,1],[743,-1],[772,1],[807,-1],[837,-1],[853,-1],[865,1],[966,-1],[1020,-1],[1024,1],[1064,-1],[1077,-1],[1086,-1],[1093,-1],[1162,-1],[1190,-1],[1196,-1],[1210,1],[1217,1]]","[14,86,8,29,20,41,49,18,63,95,26,88,79,94,10,28,97,61,16,0,67,1,36,83,6,44,96,17,40,98,58,56,23,53,75,11,91,32,27,57,74,92,9,66,76,24,21,42,64,90,51,87,69,72,45,33,4,93,50,34,48,3,12,78,52,60,77,35,30,81,85,82,47,68,70,19,71,55,2,22]","[123,159,149,137,156,157,166,179,162,116,199,106,133,185,112,135,146,127,190,174,107,155,175,161,170,125,136,176,114,168,187,152,192,143,109,153,110,182,169,181,134,139,160,108,103,115,120,118,163,191,126,130,158,131,117,150,180,151,196,121,171,145,167,183,148,198,101,147,197,184,178,172,141,113,102,194,119,189,164,122]",45526afa33b23969ac402f743a659958586eebb1e4a5e85f2fc7788d4c2b2308,80,1883591835,2361553784,"[930078,7,7,0,100,200,26]",3636836487,2174160538,[5],"{""5"":0}"
S7,7,930079,100,2.7950849718747373,7,,0,0.1,40,31,"[0,1,2,3,4,5,22,34,41,90,136,179,217,251,352,374,389,402,423,426,469,501,546,585,742,796,865,957,1091,1157,1227]","[[0,1],[1,1],[2,-1],[3,1],[4,-1],[5,1],[22,1],[34,1],[41,1],[90,1],[136,1],[179,-1],[217,-1],[251,1],[352,1],[374,1],[389,1],[402,1],[423,-1],[426,-1],[469,-1],[501,1],[546,-1],[585,-1],[742,-1],[796,-1],[865,1],[957,1],[1091,-1],[1157,-1],[1227,1]]","[17,20,67,86,2,73,30,10,25,79,58,69,6,35,87,92,48,96,7,64,50,36,44,31,70,4,52,49,27,18,63,37,68,33,75,9,15,51,8,46,59,29,80,28,47,42,45,82,61,39,99,77,65,12,23,13,43,89,55,93,91,60,19,5,38,95,98,21,90,56,34,53,83,97,24,94,14,41,74,81]","[178,103,107,155,119,108,196,177,199,184,189,126,105,158,101,188,138,133,109,124,185,106,131,115,161,128,154,123,134,113,179,112,135,187,137,121,165,170,127,152,163,175,193,149,145,139,159,160,171,195,116,153,141,120,169,172,125,168,173,117,132,136,183,176,146,157,151,194,191,174,156,142,186,140,197,114,110,144,122,143]",7fcc47aec5c3a1b357e8bdd3b0d7077a1152b42e92fb1595e41699bd4144ba9a,80,1551414333,4271690096,"[930079,7,7,0,100,200,26]",2516877528,2174160538,[5],"{""5"":1}"
S7,7,930080,100,2.7950849718747373,7,,0,0.1,48,33,"[0,1,2,3,4,73,217,251,291,331,367,388,389,399,423,484,535,641,663,700,743,744,758,896,939,1061,1068,1107,1126,1174,1183,1186,1266]","[[0,1],[1,1],[2,-1],[3,1],[4,-1],[73,1],[217,-1],[251,1],[291,1],[331,1],[367,-1],[388,-1],[389,1],[399,-1],[423,-1],[484,-1],[535,1],[641,1],[663,-1],[700,1],[743,-1],[744,1],[758,1],[896,1],[939,1],[1061,-1],[1068,-1],[1107,1],[1126,1],[1174,1],[1183,-1],[1186,-1],[1266,1]]","[19,41,17,29,72,14,36,2,56,44,80,38,9,70,60,43,71,78,55,37,76,15,33,81,10,66,39,49,5,34,26,23,57,84,93,31,64,18,62,45,58,74,40,42,90,94,50,79,46,24,27,7,1,86,21,16,77,28,97,3,12,51,52,96,85,11,98,48,8,47,53,59,0,92,6,82,73,91,99,25]","[132,198,128,137,123,150,121,184,185,170,186,158,191,177,111,178,164,131,101,161,193,165,129,175,181,116,163,183,152,143,182,107,154,113,108,155,188,145,179,141,172,167,195,135,146,149,127,166,162,194,187,122,168,173,103,119,100,126,160,138,148,130,156,104,142,176,110,192,169,171,159,174,144,106,120,157,180,199,189,196]",dc00b8cf2a354ba972d3ec5fb6ca34c237b2e3e3b7eac0520736099b539ae442,80,3113805048,669387577,"[930080,7,7,0,100,200,26]",570090396,2174160538,[5],"{""5"":0}"
S7,7,930081,100,2.7950849718747373,7,,0,0.1,41,31,"[0,1,2,3,4,83,201,203,206,217,254,267,401,423,450,515,532,544,632,641,725,743,802,852,861,930,957,1047,1079,1093,1136]","[[0,1],[1,1],[2,-1],[3,1],[4,-1],[83,-1],[201,-1],[203,1],[206,1],[217,-1],[254,-1],[267,-1],[401,-1],[423,-1],[450,1],[515,1],[532,-1],[544,-1],[632,-1],[641,1],[725,1],[743,-1],[802,-1],[852,1],[861,1],[930,-1],[957,1],[1047,-1],[1079,-1],[1093,-1],[1136,-1]]","[38,43,58,53,68,9,85,6,59,66,76,34,89,62,73,8,23,12,21,48,51,31,72,16,30,77,24,49,45,18,33,29,71,98,20,2,97,13,25,39,84,22,28,3,52,80,19,90,10,57,99,27,41,56,32,96,95,79,1,26,35,46,5,7,87,37,92,91,93,67,54,75,94,4,64,88,60,82,44,65]","[140,185,113,130,147,142,139,165,168,123,160,154,187,138,172,111,122,109,108,148,190,121,181,153,178,182,133,101,155,105,184,196,188,159,161,179,132,117,124,143,120,125,110,166,189,195,126,175,199,170,193,141,174,116,180,191,144,173,163,156,183,128,164,145,137,152,127,135,114,102,134,131,198,119,192,169,106,150,129,186]",169747d62107a9bb239f2f9488f6b5985019a099a566fdadb9da4bed63a8da68,80,376610202,4086507153,"[930081,7,7,0,100,200,26]",2108894633,2174160538,[5],"{""5"":0}"
S7,7,930082,100,2.7950849718747373,7,,0,0.1,34,23,"[0,1,2,3,4,5,79,161,267,347,389,426,463,498,539,546,548,641,772,1064,1093,1134,1217]","[[0,1],[1,1],[2,-1],[3,1],[4,-1],[5,-1],[79,1],[161,1],[267,-1],[347,-1],[389,1],[426,-1],[463,-1],[498,-1],[539,-1],[546,-1],[548,-1],[641,1],[772,1],[1064,-1],[1093,-1],[1134,-1],[1217,1]]","[83,5,65,51,69,64,81,72,60,7,30,50,56,80,95,53,70,46,12,25,49,19,57,14,91,62,18,76,94,71,54,77,9,84,63,4,38,99,41,24,20,85,59,10,37,21,92,31,55,17,78,93,66,26,39,13,79,27,75,47,45,42,89,33,6,88,16,96,68,0,2,61,87,22,29,98,15,11,3,86]","[162,100,123,164,116,105,167,137,181,178,160,109,155,149,147,111,165,180,193,187,177,142,134,132,126,118,156,176,115,185,102,169,195,133,192,125,194,174,171,128,150,140,121,120,107,138,198,157,144,124,173,151,170,127,184,131,130,122,106,141,145,163,196,179,139,175,135,182,183,153,143,104,154,166,186,110,148,168,161,119]",a71c1e87f636ddf1ddaa00f6443c5314a6e335e317f30f903c5da233ba85e62f,80,432816459,781921895,"[930082,7,7,0,100,200,26]",772366149,2174160538,[5],"{""5"":-1}"
S7,7,930083,100,2.7950849718747373,7,,0,0.1,39,33,"[0,1,2,3,4,73,92,161,251,270,300,315,343,385,389,398,401,465,532,546,609,690,757,759,861,895,1047,1064,1110,1119,1158,1165,1217]","[[0,1],[1,1],[2,-1],[3,1],[4,-1],[73,1],[92,-1],[161,1],[251,1],[270,1],[300,1],[315,1],[343,-1],[385,-1],[389,1],[398,1],[401,-1],[465,1],[532,-1],[546,-1],[609,-1],[690,-1],[757,-1],[759,1],[861,1],[895,1],[1047,-1],[1064,-1],[1110,1],[1119,1],[1158,1],[1165,1],[1217,1]]","[42,56,70,88,20,19,0,26,72,78,67,18,4,34,45,87,43,91,92,15,54,58,55,25,13,68,30,51,41,6,76,32,94,10,74,53,39,9,85,3,60,96,47,69,59,36,31,99,35,27,21,50,38,61,49,12,86,5,90,24,89,48,52,63,97,66,16,7,84,64,57,44,22,2,33,8,83,23,95,77]","[163,188,168,198,196,170,148,110,182,178,121,106,117,134,108,143,189,187,111,155,164,172,146,113,176,118,128,139,119,144,158,181,162,101,141,179,150,129,166,131,195,123,154,192,116,109,120,156,112,126,114,100,145,169,130,185,107,137,197,165,147,105,103,149,142,124,159,140,177,133,171,175,193,161,125,138,153,104,191,194]",7bdc051aaf6f8fb08b9d2d40552806a21dbf9ca1587732f55e11c84af874e62a,80,347799763,1633404149,"[930083,7,7,0,100,200,26]",2460119260,2174160538,[5],"{""5"":0}"
S7,7,930084,100,2.7950849718747373,7,,0,0.1,44,29,"[0,1,2,3,4,83,112,170,177,251,372,376,389,470,620,637,641,772,861,865,880,892,1047,1063,1079,1080,1086,1093,1266]","[[0,1],[1,1],[2,-1],[3,1],[4,-1],[83,-1],[112,-1],[170,-1],[177,-1],[251,1],[372,-1],[376,-1],[389,1],[470,1],[620,-1],[637,1],[641,1],[772,1],[861,1],[865,1],[880,1],[892,-1],[1047,-1],[1063,1],[1079,-1],[1080,1],[1086,-1],[1093,-1],[1266,1]]","[9,7,12,18,10,55,51,23,74,58,60,81,98,13,56,63,72,79,69,4,66,39,26,15,53,36,45,28,38,32,2,94,54,50,80,70,85,21,76,34,24,71,99,64,57,75,92,88,35,78,95,52,11,0,65,77,31,41,84,82,17,67,86,93,5,83,62,25,46,89,44,73,3,90,49,59,30,96,1,91]","[133,127,128,198,174,166,130,147,173,157,107,129,182,101,119,175,146,179,193,154,167,137,124,116,143,144,140,148,108,135,170,104,190,164,177,111,152,192,181,159,189,160,123,171,187,197,188,151,121,136,109,153,184,132,162,172,155,185,163,102,103,142,122,158,112,120,139,161,105,117,138,145,186,141,156,169,113,125,178,194]",31658c7e65a6cc328541ac78b1f537bc03abc5122cbe7a8d9ad17db0971bbb41,80,1288269648,1294766680,"[930084,7,7,0,100,200,26]",306263061,2174160538,[5],"{""5"":0}"
S7,7,930085,100,2.7950849718747373,7,,0,0.1,48,36,"[0,1,2,3,4,22,73,90,251,300,326,343,389,414,514,525,641,689,741,742,833,880,892,928,957,1077,1086,1093,1135,1164,1183,1196,1217,1257,1266,1269]","[[0,1],[1,1],[2,-1],[3,1],[4,-1],[22,1],[73,1],[90,1],[251,1],[300,1],[326,-1],[343,-1],[389,1],[414,-1],[514,1],[525,1],[641,1],[689,1],[741,-1],[742,-1],[833,1],[880,1],[892,-1],[928,-1],[957,1],[1077,-1],[1086,-1],[1093,-1],[1135,1],[1164,-1],[1183,-1],[1196,-1],[1217,1],[1257,-1],[1266,1],[1269,1]]","[20,48,6,72,5,94,97,95,18,98,26,51,59,9,27,65,40,36,52,90,45,15,33,3,47,29,75,13,70,16,56,76,28,34,17,93,99,58,14,31,46,66,30,44,87,50,21,19,32,62,78,12,10,53,81,41,35,86,91,24,89,63,68,79,38,55,43,23,74,73,61,88,82,7,83,2,67,57,0,11]","[119,154,148,131,167,115,178,182,135,139,152,107,193,124,112,140,194,103,122,134,144,141,118,105,180,158,104,117,176,197,185,181,102,172,129,188,133,175,169,187,138,159,184,174,113,114,177,149,121,192,161,143,136,160,173,108,162,164,110,126,168,106,142,137,179,101,125,100,183,199,145,132,165,153,123,147,146,120,151,130]",c48d9004b02c09a9738d54fdc41cb1c255817ec1ed35fea657f2fa1c08aedc84,80,2895436096,2945563242,"[930085,7,7,0,100,200,26]",2302276451,2174160538,[5],"{""5"":0}"
S7,7,930086,100,2.7950849718747373,7,,0,0.1,41,35,"[0,1,2,4,5,76,133,180,251,322,406,416,438,465,469,530,544,641,652,697,744,757,798,827,853,863,865,895,939,957,993,1064,1086,1093,1239]","[[0,1],[1,1],[2,-1],[4,-1],[5,1],[76,-1],[133,-1],[180,1],[251,1],[322,1],[406,-1],[416,-1],[438,1],[465,1],[469,-1],[530,-1],[544,-1],[641,1],[652,1],[697,-1],[744,1],[757,-1],[798,1],[827,1],[853,-1],[863,-1],[865,1],[895,1],[939,1],[957,1],[993,1],[1064,-1],[1086,-1],[1093,-1],[1239,-1]]","[89,81,36,57,20,44,60,26,29,93,82,86,63,45,71,10,17,32,25,65,42,38,54,43,66,83,98,15,5,74,85,73,51,40,72,23,84,12,78,21,97,49,16,27,4,96,2,76,24,22,9,77,80,75,13,3,69,47,33,56,7,62,58,31,39,92,50,55,99,37,52,18,59,8,6,11,46,70,35,0]","[180,160,169,118,144,178,146,135,189,177,120,108,198,130,150,113,164,154,182,167,187,122,170,197,156,126,199,107,148,111,128,179,174,141,109,121,195,172,159,133,106,131,186,116,158,145,137,171,114,132,151,176,173,194,163,190,127,119,185,134,123,101,125,136,165,166,104,168,142,143,140,157,193,153,183,124,192,191,175,103]",d97ae98f1efc19469b3e7ba59de20eb0da2b97ad17fbff1e4a49210d5fc210d5,80,1200383849,486521813,"[930086,7,7,0,100,200,26]",1908984394,2174160538,[5],"{""5"":1}"
S7,7,930087,100,2.7950849718747373,7,,0,0.1,36,33,"[0,1,2,3,4,34,103,112,251,261,274,280,294,343,359,398,441,532,652,722,744,833,861,880,929,930,1047,1056,1064,1079,1086,1119,1212]","[[0,1],[1,1],[2,-1],[3,1],[4,-1],[34,1],[103,-1],[112,-1],[251,1],[261,1],[274,1],[280,1],[294,-1],[343,-1],[359,1],[398,1],[441,1],[532,-1],[652,1],[722,1],[744,1],[833,1],[861,1],[880,1],[929,-1],[930,-1],[1047,-1],[1056,1],[1064,-1],[1079,-1],[1086,-1],[1119,1],[1212,1]]","[16,49,42,0,43,92,69,18,97,46,20,9,98,99,15,83,56,23,3,19,45,38,13,44,96,76,31,88,17,5,75,34,25,57,82,90,50,81,77,73,37,86,33,27,41,62,63,67,39,79,85,32,78,47,84,30,93,95,10,70,28,22,29,52,74,26,2,51,94,61,71,89,24,64,8,1,68,91,60,58]","[100,129,150,158,115,152,184,164,138,194,114,151,161,111,148,141,143,125,147,131,183,123,156,197,140,175,101,153,120,105,170,193,168,127,191,157,181,176,142,169,159,173,146,134,102,104,192,163,110,128,162,109,180,139,122,171,195,165,113,166,145,117,190,182,136,154,167,185,116,189,137,133,132,112,126,177,149,135,121,187]",295d793765fd626420f6755f691c8fe1b2bf0504955862026fe47585c4cca0ea,80,572284948,1755154392,"[930087,7,7,0,100,200,26]",1751427306,2174160538,[5],"{""5"":0}"
S7,7,930088,100,2.7950849718747373,7,,0,0.1,42,30,"[0,1,2,4,22,73,83,90,112,251,307,315,322,342,406,470,532,652,730,757,772,798,827,861,880,935,1042,1047,1086,1147]","[[0,1],[1,1],[2,-1],[4,-1],[22,1],[73,1],[83,-1],[90,1],[112,-1],[251,1],[307,1],[315,1],[322,1],[342,-1],[406,-1],[470,1],[532,-1],[652,1],[730,1],[757,-1],[772,1],[798,1],[827,1],[861,1],[880,1],[935,-1],[1042,-1],[1047,-1],[1086,-1],[1147,-1]]","[33,9,1,60,46,25,31,8,23,14,55,58,70,16,72,12,74,26,0,51,15,19,43,98,36,52,59,32,7,94,21,2,50,53,47,92,89,90,17,37,57,39,24,29,82,75,44,62,87,69,42,5,56,20,27,65,73,13,91,67,10,49,4,97,22,35,63,30,86,11,84,66,3,64,83,77,34,61,40,38]","[198,105,189,107,110,124,158,164,144,162,139,141,151,118,186,196,199,133,116,100,137,167,128,103,127,173,192,136,131,108,143,181,109,156,106,159,172,130,145,148,187,119,163,138,157,177,154,112,184,152,113,182,140,169,194,150,166,197,104,178,171,170,188,168,125,175,129,179,147,132,123,117,149,115,114,134,101,195,176,135]",2d95f3cc9df250b45ca703360e41d6b621b65926e039cb018f66746c7798eb35,80,84431116,3602938658,"[930088,7,7,0,100,200,26]",454896823,2174160538,[5],"{""5"":0}"
S7,7,930089,100,2.7950849718747373,7,,0,0.1,39,28,"[0,1,2,3,4,5,83,170,177,193,251,304,326,342,384,389,465,641,652,722,772,865,957,1047,1072,1077,1079,1217]","[[0,1],[1,1],[2,-1],[3,1],[4,-1],[5,-1],[83,-1],[170,-1],[177,-1],[193,1],[251,1],[304,1],[326,-1],[342,-1],[384,1],[389,1],[465,1],[641,1],[652,1],[722,1],[772,1],[865,1],[957,1],[1047,-1],[1072,1],[1077,-1],[1079,-1],[1217,1]]","[33,82,23,5,11,17,86,57,52,55,83,96,79,71,93,53,0,48,3,36,75,84,21,72,50,40,51,80,31,58,35,54,62,46,89,32,22,98,38,39,9,27,74,81,63,94,44,43,61,56,7,8,12,64,16,73,18,92,91,26,14,2,24,6,87,34,77,47,28,68,29,65,20,25,66,90,4,60,69,41]","[158,133,188,109,171,175,181,106,114,124,199,192,160,169,185,122,167,134,130,115,178,129,127,154,157,136,145,187,137,118,186,163,162,194,164,126,110,170,102,150,155,168,144,146,139,165,111,113,151,152,173,153,166,107,138,123,125,174,189,128,156,148,182,177,120,143,159,119,105,131,180,198,112,197,179,161,116,142,147,184]",e9cd249e4e935bd9a566a38c05cc55f2fb52a7f6fe70d3a741c46914aa1b68ee,80,2245083633,2403946683,"[930089,7,7,0,100,200,26]",2722242707,2174160538,[5],"{""5"":-1}"
S7,7,930090,100,2.7950849718747373,7,,0,0.1,47,28,"[0,1,2,3,4,144,251,267,315,343,389,423,465,492,530,544,641,861,865,939,952,991,1047,1079,1086,1103,1137,1194]","[[0,1],[1,1],[2,-1],[3,1],[4,-1],[144,1],[251,1],[267,-1],[315,1],[343,-1],[389,1],[423,-1],[465,1],[492,1],[530,-1],[544,-1],[641,1],[861,1],[865,1],[939,1],[952,-1],[991,-1],[1047,-1],[1079,-1],[1086,-1],[1103,1],[1137,-1],[1194,-1]]","[75,30,91,31,16,36,55,50,28,20,78,24,59,23,40,27,82,51,32,90,74,58,12,45,37,89,52,14,86,79,72,85,48,81,62,15,67,34,96,49,70,1,47,26,19,42,65,5,18,39,53,64,61,69,84,83,21,73,7,66,80,88,57,68,46,3,4,38,76,10,22,17,41,93,29,92,99,13,25,98]","[170,163,171,129,138,100,101,189,187,158,150,120,180,114,137,160,188,135,111,112,153,167,130,152,136,148,125,115,116,126,134,110,172,169,109,186,106,176,102,104,149,181,185,107,164,198,162,195,132,156,139,155,157,124,183,141,166,168,113,192,178,154,121,196,147,151,159,194,191,165,140,146,144,161,128,118,143,173,117,105]",48f669c7b90951ff062732a6ca91711a3614ca4850c839c8d596e02355d5db2a,80,1062561016,881151225,"[930090,7,7,0,100,200,26]",4248670737,2174160538,[5],"{""5"":0}"
S7,7,930091,100,2.7950849718747373,7,,0,0.1,43,30,"[0,1,2,3,4,103,251,267,331,389,399,440,484,491,506,515,581,633,641,667,742,765,795,862,928,952,1016,1086,1164,1182]","[[0,1],[1,1],[2,-1],[3,1],[4,-1],[103,-1],[251,1],[267,-1],[331,1],[389,1],[399,-1],[440,1],[484,-1],[491,-1],[506,1],[515,1],[581,1],[633,1],[641,1],[667,-1],[742,-1],[765,1],[795,1],[862,-1],[928,-1],[952,-1],[1016,-1],[1086,-1],[1164,-1],[1182,1]]","[45,9,47,75,94,8,15,26,39,88,86,56,55,77,60,87,33,68,41,99,35,48,74,71,52,53,85,14,54,83,37,97,62,70,28,1,4,63,69,7,79,29,3,42,43,93,81,59,73,80,30,12,98,40,96,51,66,90,5,31,23,32,11,58,24,49,76,46,25,65,16,89,20,67,36,27,50,91,95,61]","[194,191,137,113,175,146,135,188,109,186,134,128,141,147,136,144,184,143,140,133,166,123,142,103,172,176,149,130,182,161,104,151,138,155,169,198,178,192,159,105,111,119,101,190,165,127,171,181,117,122,139,157,173,150,153,102,162,118,180,189,195,116,126,193,145,183,100,158,115,168,112,110,160,120,132,167,148,152,197,185]",c33df3d5fbb4f1d2832dfed23bbbcfafb6fe176857a7a1a3eaa8dd6ba6875ee5,80,1859239797,633240297,"[930091,7,7,0,100,200,26]",874714276,2174160538,[5],"{""5"":0}"
S7,7,930092,100,2.7950849718747373,7,,0,0.1,46,27,"[0,1,2,3,4,83,112,251,343,389,414,484,515,532,583,652,722,723,742,827,853,952,1047,1062,1063,1079,1210]","[[0,1],[1,1],[2,-1],[3,1],[4,-1],[83,-1],[112,-1],[251,1],[343,-1],[389,1],[414,-1],[484,-1],[515,1],[532,-1],[583,1],[652,1],[722,1],[723,-1],[742,-1],[827,1],[853,-1],[952,-1],[1047,-1],[1062,1],[1063,1],[1079,-1],[1210,1]]","[97,95,81,43,22,29,18,8,58,49,71,4,1,61,42,77,19,66,62,16,34,56,57,68,67,72,21,98,20,3,96,64,17,37,31,52,60,88,11,93,28,48,69,38,39,47,54,5,0,76,83,84,65,73,85,6,13,51,36,2,23,44,94,24,15,7,30,75,10,32,33,45,35,74,12,79,46,91,78,9]","[159,108,128,126,138,171,117,181,188,121,189,190,130,196,145,146,182,135,163,131,150,173,198,197,160,127,107,114,102,111,123,175,187,176,172,103,134,174,191,115,143,137,147,120,112,161,109,184,155,152,105,186,149,151,148,142,101,124,166,193,162,195,167,113,194,153,185,140,106,156,158,132,199,180,118,129,125,179,165,110]",1611046f9f122dcaf928b6fe371c5dad26c24e43b986186ab9d6824ff24e46d8,80,731855768,1126539681,"[930092,7,7,0,100,200,26]",2007635013,2174160538,[5],"{""5"":0}"
S7,7,930093,100,2.7950849718747373,7,,0,0.1,31,28,"[0,1,2,3,4,5,83,174,239,343,376,389,510,602,652,742,782,861,922,957,1024,1032,1051,1079,1084,1086,1164,1212]","[[0,1],[1,1],[2,-1],[3,1],[4,-1],[5,1],[83,-1],[174,-1],[239,-1],[343,-1],[376,-1],[389,1],[510,-1],[602,-1],[652,1],[742,-1],[782,1],[861,1],[922,1],[957,1],[1024,1],[1032,-1],[1051,-1],[1079,-1],[1084,1],[1086,-1],[1164,-1],[1212,1]]","[3,67,92,26,71,21,15,24,12,82,50,35,17,32,16,27,65,53,97,13,7,74,57,47,41,36,60,10,44,98,22,51,79,91,63,81,5,85,8,39,38,89,77,1,61,31,29,34,52,66,73,23,80,78,42,76,45,11,75,54,14,48,46,30,87,68,93,90,18,2,56,9,28,72,99,55,33,70,25,58]","[163,149,145,111,124,129,100,125,120,113,157,104,127,148,194,181,110,190,112,128,137,140,183,174,151,158,188,141,154,105,185,192,143,126,122,147,160,146,132,175,144,130,103,191,106,142,138,173,180,114,166,167,150,133,195,199,161,155,131,197,107,109,134,136,168,176,139,156,117,116,198,196,121,102,119,162,170,169,118,186]",c931c30d45344b8fa29c4057f5fe2cfbd1be34c0faab4c97a95578e5546c6c3c,80,4204160475,91152262,"[930093,7,7,0,100,200,26]",363502917,2174160538,[5],"{""5"":1}"
S7,7,930094,100,2.7950849718747373,7,,0,0.1,42,40,"[0,1,2,3,4,5,73,82,83,92,112,160,177,194,219,251,294,342,369,389,409,461,465,492,530,594,614,652,722,762,772,786,789,861,957,1079,1093,1111,1119,1196]","[[0,1],[1,1],[2,-1],[3,1],[4,-1],[5,1],[73,1],[82,1],[83,-1],[92,-1],[112,-1],[160,1],[177,-1],[194,1],[219,1],[251,1],[294,-1],[342,-1],[369,1],[389,1],[409,-1],[461,1],[465,1],[492,1],[530,-1],[594,-1],[614,-1],[652,1],[722,1],[762,1],[772,1],[786,1],[789,1],[861,1],[957,1],[1079,-1],[1093,-1],[1111,-1],[1119,1],[1196,-1]]","[57,2,27,24,45,25,61,40,75,58,13,53,79,68,47,97,21,92,26,50,63,81,84,70,69,83,5,20,66,4,59,86,52,85,41,95,78,73,34,29,30,28,72,1,87,6,93,3,51,67,98,77,96,89,23,65,14,36,76,11,62,17,46,12,71,91,38,16,80,55,10,7,48,31,88,99,9,32,60,15]","[129,179,163,190,116,149,128,102,191,181,171,152,105,145,162,125,167,131,133,136,196,139,192,135,154,142,189,119,151,117,178,174,187,164,122,130,195,114,120,112,118,104,153,176,101,115,140,161,156,137,160,144,183,172,121,126,107,148,134,168,158,146,165,166,194,184,175,143,198,147,127,193,109,155,177,138,170,186,141,199]",ca690f6f313a085692c250e3f352d51e8aa7c4f43f0563ac46c6b069537570f1,80,4261495977,3943901043,"[930094,7,7,0,100,200,26]",4101921974,2174160538,[5],"{""5"":1}"
S7,7,930095,100,2.7950849718747373,7,,0,0.1,38,34,"[0,1,2,3,4,5,83,170,201,343,354,389,465,470,498,543,641,739,772,781,826,827,852,935,941,952,957,1077,1079,1105,1121,1140,1217,1237]","[[0,1],[1,1],[2,-1],[3,1],[4,-1],[5,1],[83,-1],[170,-1],[201,-1],[343,-1],[354,-1],[389,1],[465,1],[470,1],[498,-1],[543,-1],[641,1],[739,1],[772,1],[781,1],[826,1],[827,1],[852,1],[935,-1],[941,-1],[952,-1],[957,1],[1077,-1],[1079,-1],[1105,-1],[1121,-1],[1140,1],[1217,1],[1237,1]]","[85,3,2,79,75,13,65,73,9,29,59,11,93,64,71,4,43,97,82,74,5,51,68,19,8,67,45,28,46,54,7,52,60,77,47,61,27,26,69,56,90,48,42,0,99,57,88,86,39,40,94,32,80,66,21,83,37,16,12,23,36,10,81,6,18,89,84,58,72,33,91,44,62,1,95,53,14,70,50,17]","[119,102,188,110,197,148,173,139,196,190,128,191,193,162,100,195,127,107,103,130,175,105,152,108,171,144,134,184,136,135,150,142,113,167,160,189,166,118,199,180,164,132,111,179,192,141,194,116,198,151,156,155,177,159,161,158,143,112,163,129,126,138,115,181,174,137,185,153,109,106,169,187,117,114,121,154,178,124,168,123]",e5c8ae7117710bf2a3e65039a905e2cafc1ca146932b9bdcd612a0bd40b94421,80,1873275369,4148930893,"[930095,7,7,0,100,200,26]",529187692,2174160538,[5],"{""5"":1}"
S7,7,930096,100,2.7950849718747373,7,,0,0.1,36,27,"[0,1,2,3,4,44,62,83,90,126,217,294,362,372,508,548,641,717,737,769,865,927,1064,1086,1093,1194,1217]","[[0,1],[1,1],[2,-1],[3,1],[4,-1],[44,1],[62,1],[83,-1],[90,1],[126,1],[217,-1],[294,-1],[362,1],[372,-1],[508,1],[548,-1],[641,1],[717,-1],[737,-1],[769,1],[865,1],[927,-1],[1064,-1],[1086,-1],[1093,-1],[1194,-1],[1217,1]]","[71,34,45,44,56,98,28,20,65,27,95,74,46,75,40,82,96,51,58,43,38,89,30,57,70,31,97,88,60,21,39,81,18,10,99,49,12,64,26,23,85,8,80,50,24,73,11,53,5,78,36,7,87,41,48,6,0,32,29,3,52,54,79,33,14,72,22,66,1,86,19,84,17,59,83,90,16,63,93,2]","[111,116,176,160,177,105,153,103,195,157,140,171,122,144,199,163,148,107,110,174,118,175,183,190,178,147,139,117,150,119,138,108,167,124,162,130,172,112,182,126,179,143,161,123,165,141,198,114,102,145,132,188,151,156,131,159,104,187,137,127,129,136,191,169,100,185,194,121,135,120,192,181,170,158,113,146,164,155,166,184]",3fdff37f7d4ce63fd0814547a2d383a0f412b56b0a914ccee357592282a4fd4f,80,1180136862,2379766227,"[930096,7,7,0,100,200,26]",3772317802,2174160538,[5],"{""5"":0}"
S7,7,930097,100,2.7950849718747373,7,,0,0.1,37,28,"[0,1,2,3,4,5,73,112,144,174,294,320,470,530,581,641,667,744,772,802,876,903,952,957,990,1039,1077,1217]","[[0,1],[1,1],[2,-1],[3,1],[4,-1],[5,1],[73,1],[112,-1],[144,1],[174,-1],[294,-1],[320,1],[470,1],[530,-1],[581,1],[641,1],[667,-1],[744,1],[772,1],[802,-1],[876,1],[903,-1],[952,-1],[957,1],[990,-1],[1039,1],[1077,-1],[1217,1]]","[34,61,1,69,96,76,17,86,49,11,41,50,94,62,19,85,72,23,79,39,78,25,6,56,64,60,12,54,33,66,9,38,59,0,67,47,45,42,99,58,8,18,46,70,20,44,93,95,97,37,83,91,32,53,36,27,73,84,2,98,3,40,7,5,90,16,65,31,15,87,63,35,68,88,75,80,22,92,51,28]","[169,161,181,170,125,162,141,157,103,192,114,176,105,136,118,171,106,197,104,100,153,152,195,165,134,193,123,117,173,124,184,164,133,190,119,108,148,127,120,126,115,189,191,180,131,101,145,143,128,167,146,102,186,144,196,178,139,130,111,172,185,110,150,107,199,121,140,177,168,132,166,156,188,138,183,147,149,182,174,175]",bec6bb1d884e43d52c88cddb5fb80991b60a2fd937b4a0cc83fe4eb0310e54ca,80,3223750456,4195531424,"[930097,7,7,0,100,200,26]",2981205803,2174160538,[5],"{""5"":1}"
S7,7,930098,100,2.7950849718747373,7,,0,0.1,40,36,"[0,1,2,3,4,62,73,83,90,144,147,160,251,313,322,367,389,426,595,606,652,677,772,827,895,1039,1047,1064,1086,1094,1119,1164,1194,1217,1239,1241]","[[0,1],[1,1],[2,-1],[3,1],[4,-1],[62,1],[73,1],[83,-1],[90,1],[144,1],[147,-1],[160,1],[251,1],[313,-1],[322,1],[367,-1],[389,1],[426,-1],[595,1],[606,1],[652,1],[677,1],[772,1],[827,1],[895,1],[1039,1],[1047,-1],[1064,-1],[1086,-1],[1094,-1],[1119,1],[1164,-1],[1194,-1],[1217,1],[1239,-1],[1241,1]]","[57,58,24,85,48,30,63,90,72,38,81,97,19,28,76,52,0,17,62,26,41,49,29,45,82,96,71,14,93,69,21,40,9,37,53,89,56,75,99,15,59,5,88,77,55,25,31,2,60,74,80,73,27,92,42,33,94,65,39,70,36,32,43,16,22,7,87,84,51,6,3,11,18,98,78,12,64,79,34,44]","[139,135,141,184,193,199,198,176,165,138,137,182,100,156,133,116,157,189,196,178,105,153,123,131,181,121,195,128,110,175,107,187,155,162,115,152,158,154,186,142,127,150,129,102,140,112,144,109,171,159,192,143,120,126,118,164,119,191,169,197,146,166,168,104,132,167,134,111,151,122,160,130,145,149,136,194,179,177,185,163]",dbb7e8543c8add63934877a2230f0459c049d5fae24fd8ec2e0419137da8c531,80,1816174156,3378168633,"[930098,7,7,0,100,200,26]",4074364306,2174160538,[5],"{""5"":0}"
S7,7,930099,100,2.7950849718747373,7,,0,0.1,41,31,"[0,1,2,3,4,29,59,102,254,277,289,399,406,426,431,465,469,633,667,726,739,742,771,846,862,928,957,1046,1051,1122,1219]","[[0,1],[1,1],[2,-1],[3,1],[4,-1],[29,1],[59,1],[102,-1],[254,-1],[277,-1],[289,1],[399,-1],[406,-1],[426,-1],[431,-1],[465,1],[469,-1],[633,1],[667,-1],[726,-1],[739,1],[742,-1],[771,1],[846,1],[862,-1],[928,-1],[957,1],[1046,1],[1051,-1],[1122,1],[1219,1]]","[10,92,31,19,52,32,75,21,34,33,50,74,57,58,5,66,98,12,43,93,87,38,83,37,23,27,85,18,26,61,25,65,24,94,77,76,90,71,91,11,81,45,47,55,16,54,79,14,53,48,1,44,3,51,72,62,99,70,4,46,2,97,42,80,8,86,22,28,29,56,67,49,88,69,6,15,41,96,95,17]","[157,156,183,198,134,106,161,131,158,166,151,129,160,186,128,133,159,126,196,149,175,109,188,119,112,111,127,176,190,180,108,165,142,169,174,155,146,193,121,140,189,199,181,150,130,107,154,120,103,177,182,147,115,144,164,167,163,153,179,171,168,173,172,191,124,125,104,110,192,113,117,185,118,122,137,152,136,105,116,132]",74553a144847193917cec224938535b3b65109cb7b1f086214e9b09ea63b2043,80,2069282425,3339412394,"[930099,7,7,0,100,200,26]",1361738339,2174160538,[5],"{""5"":0}"
S7,7,930100,100,2.7950849718747373,7,,0,0.1,43,29,"[0,1,2,3,4,41,160,251,285,351,401,502,510,544,663,679,723,750,846,853,861,865,880,892,984,1079,1086,1099,1217]","[[0,1],[1,1],[2,-1],[3,1],[4,-1],[41,1],[160,1],[251,1],[285,1],[351,-1],[401,-1],[502,-1],[510,-1],[544,-1],[663,-1],[679,-1],[723,-1],[750,-1],[846,1],[853,-1],[861,1],[865,1],[880,1],[892,-1],[984,-1],[1079,-1],[1086,-1],[1099,-1],[1217,1]]","[26,52,17,1,96,92,7,97,45,35,2,80,3,61,91,10,38,90,64,78,55,99,69,49,29,53,32,5,72,9,57,22,81,27,59,21,54,77,63,74,82,65,50,43,93,13,14,87,83,47,41,68,94,66,20,28,56,15,79,84,44,6,71,86,16,48,25,76,95,60,8,36,40,23,18,42,70,75,31,89]","[136,101,141,160,128,179,143,151,155,188,180,109,183,161,168,187,104,114,174,172,166,140,147,137,138,120,110,173,131,199,195,148,106,103,132,158,105,176,193,122,197,164,192,171,127,126,119,184,157,178,190,186,198,185,133,153,107,124,130,142,100,154,134,113,108,156,181,150,115,162,112,165,159,163,196,149,182,145,125,175]",aee8dc8a5e01c27d3ab0bbb35a5725d8ad6fb0300663d1737edde33acc9573d9,80,2968867433,2217337369,"[930100,7,7,0,100,200,26]",2147712427,2174160538,[5],"{""5"":0}"
