# hmmscan :: search sequence(s) against a profile database
# HMMER 3.4 (Aug 2023); http://hmmer.org/
# Copyright (C) 2023 Howard Hughes Medical Institute.
# Freely distributed under the BSD open source license.
# - - - - - - - - - - - - - - - - - - - - - - - - - - - - - - - - - - - -
# query sequence file:             /kaggle/working/protein-representation-generalization/experiments/03-toxin-representation/stage1_model_blind/precontact_gate/discovery_sequences.fasta
# target HMM database:             /kaggle/working/protein-representation-generalization/experiments/05-family-transfer/a1s_xt1tv403/Pfam-A.hmm
# per-dom hits tabular output:     /kaggle/working/protein-representation-generalization/experiments/05-family-transfer/a1s_xt1tv403/raw.domtblout
# show alignments in output:       no
# model-specific thresholding:     GA cutoffs
# - - - - - - - - - - - - - - - - - - - - - - - - - - - - - - - - - - - -

Query:       positive|P85006  [L=28]
Scores for complete sequence (score includes all domains):
   --- full sequence ---   --- best 1 domain ---    -#dom-
    E-value  score  bias    E-value  score  bias    exp  N  Model    Description
    ------- ------ -----    ------- ------ -----   ---- --  -------- -----------

   [No hits detected that satisfy reporting thresholds]


Domain annotation for each model:

   [No targets detected that satisfy reporting thresholds]


Internal pipeline statistics summary:
-------------------------------------
Query sequence(s):                         1  (28 residues searched)
Target model(s):                       21979  (3587873 nodes)
Passed MSV filter:                       435  (0.0197916); expected 439.6 (0.02)
Passed bias filter:                      143  (0.00650621); expected 439.6 (0.02)
Passed Vit filter:                         3  (0.000136494); expected 22.0 (0.001)
Passed Fwd filter:                         0  (0); expected 0.2 (1e-05)
Initial search space (Z):              21979  [actual number of targets]
Domain search space  (domZ):               0  [number of targets reported over threshold]
# CPU time: 0.17u 0.14s 00:00:00.31 Elapsed: 00:00:00.31
# Mc/sec: 323.03
//
Query:       positive|C0HKY3  [L=11]
Scores for complete sequence (score includes all domains):
   --- full sequence ---   --- best 1 domain ---    -#dom-
    E-value  score  bias    E-value  score  bias    exp  N  Model    Description
    ------- ------ -----    ------- ------ -----   ---- --  -------- -----------

   [No hits detected that satisfy reporting thresholds]


Domain annotation for each model:

   [No targets detected that satisfy reporting thresholds]


Internal pipeline statistics summary:
-------------------------------------
Query sequence(s):                         1  (11 residues searched)
Target model(s):                       21979  (3587873 nodes)
Passed MSV filter:                       391  (0.0177897); expected 439.6 (0.02)
Passed bias filter:                       81  (0.00368534); expected 439.6 (0.02)
Passed Vit filter:                         9  (0.000409482); expected 22.0 (0.001)
Passed Fwd filter:                         1  (4.5498e-05); expected 0.2 (1e-05)
Initial search space (Z):              21979  [actual number of targets]
Domain search space  (domZ):               0  [number of targets reported over threshold]
# CPU time: 0.18u 0.15s 00:00:00.32 Elapsed: 00:00:00.33
# Mc/sec: 117.26
//
Query:       positive|P0DM45  [L=23]
Scores for complete sequence (score includes all domains):
   --- full sequence ---   --- best 1 domain ---    -#dom-
    E-value  score  bias    E-value  score  bias    exp  N  Model    Description
    ------- ------ -----    ------- ------ -----   ---- --  -------- -----------

   [No hits detected that satisfy reporting thresholds]


Domain annotation for each model:

   [No targets detected that satisfy reporting thresholds]


Internal pipeline statistics summary:
-------------------------------------
Query sequence(s):                         1  (23 residues searched)
Target model(s):                       21979  (3587873 nodes)
Passed MSV filter:                      1042  (0.0474089); expected 439.6 (0.02)
Passed bias filter:                      230  (0.0104645); expected 439.6 (0.02)
Passed Vit filter:                        19  (0.000864462); expected 22.0 (0.001)
Passed Fwd filter:                         0  (0); expected 0.2 (1e-05)
Initial search space (Z):              21979  [actual number of targets]
Domain search space  (domZ):               0  [number of targets reported over threshold]
# CPU time: 0.19u 0.11s 00:00:00.30 Elapsed: 00:00:00.30
# Mc/sec: 267.37
//
Query:       positive|P69842  [L=13]
Scores for complete sequence (score includes all domains):
   --- full sequence ---   --- best 1 domain ---    -#dom-
    E-value  score  bias    E-value  score  bias    exp  N  Model    Description
    ------- ------ -----    ------- ------ -----   ---- --  -------- -----------

   [No hits detected that satisfy reporting thresholds]


Domain annotation for each model:

   [No targets detected that satisfy reporting thresholds]


Internal pipeline statistics summary:
-------------------------------------
Query sequence(s):                         1  (13 residues searched)
Target model(s):                       21979  (3587873 nodes)
Passed MSV filter:                       136  (0.00618772); expected 439.6 (0.02)
Passed bias filter:                      107  (0.00486828); expected 439.6 (0.02)
Passed Vit filter:                         7  (0.000318486); expected 22.0 (0.001)
Passed Fwd filter:                         1  (4.5498e-05); expected 0.2 (1e-05)
Initial search space (Z):              21979  [actual number of targets]
Domain search space  (domZ):               0  [number of targets reported over threshold]
# CPU time: 0.19u 0.12s 00:00:00.31 Elapsed: 00:00:00.30
# Mc/sec: 152.81
//
Query:       positive|B3A0N1  [L=15]
Scores for complete sequence (score includes all domains):
   --- full sequence ---   --- best 1 domain ---    -#dom-
    E-value  score  bias    E-value  score  bias    exp  N  Model    Description
    ------- ------ -----    ------- ------ -----   ---- --  -------- -----------

   [No hits detected that satisfy reporting thresholds]


Domain annotation for each model:

   [No targets detected that satisfy reporting thresholds]


Internal pipeline statistics summary:
-------------------------------------
Query sequence(s):                         1  (15 residues searched)
Target model(s):                       21979  (3587873 nodes)
Passed MSV filter:                       131  (0.00596023); expected 439.6 (0.02)
Passed bias filter:                       87  (0.00395832); expected 439.6 (0.02)
Passed Vit filter:                         1  (4.5498e-05); expected 22.0 (0.001)
Passed Fwd filter:                         0  (0); expected 0.2 (1e-05)
Initial search space (Z):              21979  [actual number of targets]
Domain search space  (domZ):               0  [number of targets reported over threshold]
# CPU time: 0.18u 0.13s 00:00:00.31 Elapsed: 00:00:00.30
# Mc/sec: 174.68
//
Query:       positive|P0DQZ0  [L=7]
Scores for complete sequence (score includes all domains):
   --- full sequence ---   --- best 1 domain ---    -#dom-
    E-value  score  bias    E-value  score  bias    exp  N  Model    Description
    ------- ------ -----    ------- ------ -----   ---- --  -------- -----------

   [No hits detected that satisfy reporting thresholds]


Domain annotation for each model:

   [No targets detected that satisfy reporting thresholds]


Internal pipeline statistics summary:
-------------------------------------
Query sequence(s):                         1  (7 residues searched)
Target model(s):                       21979  (3587873 nodes)
Passed MSV filter:                       154  (0.00700669); expected 439.6 (0.02)
Passed bias filter:                       91  (0.00414032); expected 439.6 (0.02)
Passed Vit filter:                         3  (0.000136494); expected 22.0 (0.001)
Passed Fwd filter:                         0  (0); expected 0.2 (1e-05)
Initial search space (Z):              21979  [actual number of targets]
Domain search space  (domZ):               0  [number of targets reported over threshold]
# CPU time: 0.18u 0.13s 00:00:00.31 Elapsed: 00:00:00.30
# Mc/sec: 82.55
//
Query:       positive|P86942  [L=11]
Scores for complete sequence (score includes all domains):
   --- full sequence ---   --- best 1 domain ---    -#dom-
    E-value  score  bias    E-value  score  bias    exp  N  Model    Description
    ------- ------ -----    ------- ------ -----   ---- --  -------- -----------

   [No hits detected that satisfy reporting thresholds]


Domain annotation for each model:

   [No targets detected that satisfy reporting thresholds]


Internal pipeline statistics summary:
-------------------------------------
Query sequence(s):                         1  (11 residues searched)
Target model(s):                       21979  (3587873 nodes)
Passed MSV filter:                       337  (0.0153328); expected 439.6 (0.02)
Passed bias filter:                       49  (0.0022294); expected 439.6 (0.02)
Passed Vit filter:                         2  (9.0996e-05); expected 22.0 (0.001)
Passed Fwd filter:                         0  (0); expected 0.2 (1e-05)
Initial search space (Z):              21979  [actual number of targets]
Domain search space  (domZ):               0  [number of targets reported over threshold]
# CPU time: 0.17u 0.12s 00:00:00.29 Elapsed: 00:00:00.30
# Mc/sec: 130.93
//
Query:       positive|P83323  [L=18]
Scores for complete sequence (score includes all domains):
   --- full sequence ---   --- best 1 domain ---    -#dom-
    E-value  score  bias    E-value  score  bias    exp  N  Model    Description
    ------- ------ -----    ------- ------ -----   ---- --  -------- -----------

   [No hits detected that satisfy reporting thresholds]


Domain annotation for each model:

   [No targets detected that satisfy reporting thresholds]


Internal pipeline statistics summary:
-------------------------------------
Query sequence(s):                         1  (18 residues searched)
Target model(s):                       21979  (3587873 nodes)
Passed MSV filter:                       155  (0.00705219); expected 439.6 (0.02)
Passed bias filter:                      116  (0.00527777); expected 439.6 (0.02)
Passed Vit filter:                         2  (9.0996e-05); expected 22.0 (0.001)
Passed Fwd filter:                         0  (0); expected 0.2 (1e-05)
Initial search space (Z):              21979  [actual number of targets]
Domain search space  (domZ):               0  [number of targets reported over threshold]
# CPU time: 0.18u 0.13s 00:00:00.31 Elapsed: 00:00:00.30
# Mc/sec: 213.34
//
Query:       positive|B3EWU8  [L=9]
Scores for complete sequence (score includes all domains):
   --- full sequence ---   --- best 1 domain ---    -#dom-
    E-value  score  bias    E-value  score  bias    exp  N  Model    Description
    ------- ------ -----    ------- ------ -----   ---- --  -------- -----------

   [No hits detected that satisfy reporting thresholds]


Domain annotation for each model:

   [No targets detected that satisfy reporting thresholds]


Internal pipeline statistics summary:
-------------------------------------
Query sequence(s):                         1  (9 residues searched)
Target model(s):                       21979  (3587873 nodes)
Passed MSV filter:                        27  (0.00122845); expected 439.6 (0.02)
Passed bias filter:                       19  (0.000864462); expected 439.6 (0.02)
Passed Vit filter:                         1  (4.5498e-05); expected 22.0 (0.001)
Passed Fwd filter:                         1  (4.5498e-05); expected 0.2 (1e-05)
Initial search space (Z):              21979  [actual number of targets]
Domain search space  (domZ):               0  [number of targets reported over threshold]
# CPU time: 0.19u 0.11s 00:00:00.30 Elapsed: 00:00:00.30
# Mc/sec: 104.83
//
Query:       positive|P0C255  [L=44]
Scores for complete sequence (score includes all domains):
   --- full sequence ---   --- best 1 domain ---    -#dom-
    E-value  score  bias    E-value  score  bias    exp  N  Model        Description
    ------- ------ -----    ------- ------ -----   ---- --  --------     -----------
    4.8e-10   39.6  16.5    5.6e-10   39.5  16.5    1.1  1  Conotoxin_I2  I2-superfamily conotoxins


Domain annotation for each model:
>> Conotoxin_I2  I2-superfamily conotoxins
   #    score  bias  c-Evalue  i-Evalue hmmfrom  hmm to    alifrom  ali to    envfrom  env to     acc
 ---   ------ ----- --------- --------- ------- -------    ------- -------    ------- -------    ----
   1 !   39.5  16.5   2.5e-14   5.6e-10       1      37 [.       1      36 [.       1      37 [. 0.94



Internal pipeline statistics summary:
-------------------------------------
Query sequence(s):                         1  (44 residues searched)
Target model(s):                       21979  (3587873 nodes)
Passed MSV filter:                       568  (0.0258428); expected 439.6 (0.02)
Passed bias filter:                      129  (0.00586924); expected 439.6 (0.02)
Passed Vit filter:                        17  (0.000773466); expected 22.0 (0.001)
Passed Fwd filter:                         2  (9.0996e-05); expected 0.2 (1e-05)
Initial search space (Z):              21979  [actual number of targets]
Domain search space  (domZ):               1  [number of targets reported over threshold]
# CPU time: 0.19u 0.13s 00:00:00.32 Elapsed: 00:00:00.30
# Mc/sec: 512.76
//
Query:       positive|A0A0A0VBR5  [L=71]
Scores for complete sequence (score includes all domains):
   --- full sequence ---   --- best 1 domain ---    -#dom-
    E-value  score  bias    E-value  score  bias    exp  N  Model    Description
    ------- ------ -----    ------- ------ -----   ---- --  -------- -----------

   [No hits detected that satisfy reporting thresholds]


Domain annotation for each model:

   [No targets detected that satisfy reporting thresholds]


Internal pipeline statistics summary:
-------------------------------------
Query sequence(s):                         1  (71 residues searched)
Target model(s):                       21979  (3587873 nodes)
Passed MSV filter:                       641  (0.0291642); expected 439.6 (0.02)
Passed bias filter:                      328  (0.0149233); expected 439.6 (0.02)
Passed Vit filter:                        37  (0.00168343); expected 22.0 (0.001)
Passed Fwd filter:                         4  (0.000181992); expected 0.2 (1e-05)
Initial search space (Z):              21979  [actual number of targets]
Domain search space  (domZ):               0  [number of targets reported over threshold]
# CPU time: 0.19u 0.13s 00:00:00.32 Elapsed: 00:00:00.32
# Mc/sec: 784.70
//
Query:       positive|P86166  [L=34]
Scores for complete sequence (score includes all domains):
   --- full sequence ---   --- best 1 domain ---    -#dom-
    E-value  score  bias    E-value  score  bias    exp  N  Model    Description
    ------- ------ -----    ------- ------ -----   ---- --  -------- -----------

   [No hits detected that satisfy reporting thresholds]


Domain annotation for each model:

   [No targets detected that satisfy reporting thresholds]


Internal pipeline statistics summary:
-------------------------------------
Query sequence(s):                         1  (34 residues searched)
Target model(s):                       21979  (3587873 nodes)
Passed MSV filter:                       450  (0.0204741); expected 439.6 (0.02)
Passed bias filter:                      116  (0.00527777); expected 439.6 (0.02)
Passed Vit filter:                        12  (0.000545976); expected 22.0 (0.001)
Passed Fwd filter:                         0  (0); expected 0.2 (1e-05)
Initial search space (Z):              21979  [actual number of targets]
Domain search space  (domZ):               0  [number of targets reported over threshold]
# CPU time: 0.19u 0.11s 00:00:00.30 Elapsed: 00:00:00.30
# Mc/sec: 402.34
//
Query:       positive|P0DL61  [L=64]
Scores for complete sequence (score includes all domains):
   --- full sequence ---   --- best 1 domain ---    -#dom-
    E-value  score  bias    E-value  score  bias    exp  N  Model    Description
    ------- ------ -----    ------- ------ -----   ---- --  -------- -----------

   [No hits detected that satisfy reporting thresholds]


Domain annotation for each model:

   [No targets detected that satisfy reporting thresholds]


Internal pipeline statistics summary:
-------------------------------------
Query sequence(s):                         1  (64 residues searched)
Target model(s):                       21979  (3587873 nodes)
Passed MSV filter:                       667  (0.0303471); expected 439.6 (0.02)
Passed bias filter:                      189  (0.00859912); expected 439.6 (0.02)
Passed Vit filter:                        11  (0.000500478); expected 22.0 (0.001)
Passed Fwd filter:                         0  (0); expected 0.2 (1e-05)
Initial search space (Z):              21979  [actual number of targets]
Domain search space  (domZ):               0  [number of targets reported over threshold]
# CPU time: 0.18u 0.14s 00:00:00.32 Elapsed: 00:00:00.31
# Mc/sec: 732.73
//
Query:       positive|A0A6G9KHD3  [L=37]
Scores for complete sequence (score includes all domains):
   --- full sequence ---   --- best 1 domain ---    -#dom-
    E-value  score  bias    E-value  score  bias    exp  N  Model    Description
    ------- ------ -----    ------- ------ -----   ---- --  -------- -----------

   [No hits detected that satisfy reporting thresholds]


Domain annotation for each model:

   [No targets detected that satisfy reporting thresholds]


Internal pipeline statistics summary:
-------------------------------------
Query sequence(s):                         1  (37 residues searched)
Target model(s):                       21979  (3587873 nodes)
Passed MSV filter:                       610  (0.0277538); expected 439.6 (0.02)
Passed bias filter:                      375  (0.0170617); expected 439.6 (0.02)
Passed Vit filter:                        22  (0.00100096); expected 22.0 (0.001)
Passed Fwd filter:                         0  (0); expected 0.2 (1e-05)
Initial search space (Z):              21979  [actual number of targets]
Domain search space  (domZ):               0  [number of targets reported over threshold]
# CPU time: 0.18u 0.14s 00:00:00.32 Elapsed: 00:00:00.32
# Mc/sec: 409.25
//
Query:       positive|D2Y3T1  [L=65]
Scores for complete sequence (score includes all domains):
   --- full sequence ---   --- best 1 domain ---    -#dom-
    E-value  score  bias    E-value  score  bias    exp  N  Model    Description
    ------- ------ -----    ------- ------ -----   ---- --  -------- -----------

   [No hits detected that satisfy reporting thresholds]


Domain annotation for each model:

   [No targets detected that satisfy reporting thresholds]


Internal pipeline statistics summary:
-------------------------------------
Query sequence(s):                         1  (65 residues searched)
Target model(s):                       21979  (3587873 nodes)
Passed MSV filter:                       632  (0.0287547); expected 439.6 (0.02)
Passed bias filter:                      396  (0.0180172); expected 439.6 (0.02)
Passed Vit filter:                        31  (0.00141044); expected 22.0 (0.001)
Passed Fwd filter:                         2  (9.0996e-05); expected 0.2 (1e-05)
Initial search space (Z):              21979  [actual number of targets]
Domain search space  (domZ):               0  [number of targets reported over threshold]
# CPU time: 0.20u 0.13s 00:00:00.33 Elapsed: 00:00:00.32
# Mc/sec: 711.65
//
Query:       positive|P0DJC0  [L=34]
Scores for complete sequence (score includes all domains):
   --- full sequence ---   --- best 1 domain ---    -#dom-
    E-value  score  bias    E-value  score  bias    exp  N  Model    Description
    ------- ------ -----    ------- ------ -----   ---- --  -------- -----------

   [No hits detected that satisfy reporting thresholds]


Domain annotation for each model:

   [No targets detected that satisfy reporting thresholds]


Internal pipeline statistics summary:
-------------------------------------
Query sequence(s):                         1  (34 residues searched)
Target model(s):                       21979  (3587873 nodes)
Passed MSV filter:                       372  (0.0169252); expected 439.6 (0.02)
Passed bias filter:                       96  (0.00436781); expected 439.6 (0.02)
Passed Vit filter:                         7  (0.000318486); expected 22.0 (0.001)
Passed Fwd filter:                         0  (0); expected 0.2 (1e-05)
Initial search space (Z):              21979  [actual number of targets]
Domain search space  (domZ):               0  [number of targets reported over threshold]
# CPU time: 0.18u 0.12s 00:00:00.30 Elapsed: 00:00:00.30
# Mc/sec: 397.49
//
Query:       positive|B2CS62  [L=35]
Scores for complete sequence (score includes all domains):
   --- full sequence ---   --- best 1 domain ---    -#dom-
    E-value  score  bias    E-value  score  bias    exp  N  Model    Description
    ------- ------ -----    ------- ------ -----   ---- --  -------- -----------

   [No hits detected that satisfy reporting thresholds]


Domain annotation for each model:

   [No targets detected that satisfy reporting thresholds]


Internal pipeline statistics summary:
-------------------------------------
Query sequence(s):                         1  (35 residues searched)
Target model(s):                       21979  (3587873 nodes)
Passed MSV filter:                       624  (0.0283907); expected 439.6 (0.02)
Passed bias filter:                       99  (0.0045043); expected 439.6 (0.02)
Passed Vit filter:                        10  (0.00045498); expected 22.0 (0.001)
Passed Fwd filter:                         0  (0); expected 0.2 (1e-05)
Initial search space (Z):              21979  [actual number of targets]
Domain search space  (domZ):               0  [number of targets reported over threshold]
# CPU time: 0.19u 0.12s 00:00:00.31 Elapsed: 00:00:00.30
# Mc/sec: 406.83
//
Query:       positive|P0C2K3  [L=36]
Scores for complete sequence (score includes all domains):
   --- full sequence ---   --- best 1 domain ---    -#dom-
    E-value  score  bias    E-value  score  bias    exp  N  Model    Description
    ------- ------ -----    ------- ------ -----   ---- --  -------- -----------

   [No hits detected that satisfy reporting thresholds]


Domain annotation for each model:

   [No targets detected that satisfy reporting thresholds]


Internal pipeline statistics summary:
-------------------------------------
Query sequence(s):                         1  (36 residues searched)
Target model(s):                       21979  (3587873 nodes)
Passed MSV filter:                       229  (0.010419); expected 439.6 (0.02)
Passed bias filter:                      210  (0.00955457); expected 439.6 (0.02)
Passed Vit filter:                        11  (0.000500478); expected 22.0 (0.001)
Passed Fwd filter:                         1  (4.5498e-05); expected 0.2 (1e-05)
Initial search space (Z):              21979  [actual number of targets]
Domain search space  (domZ):               0  [number of targets reported over threshold]
# CPU time: 0.18u 0.13s 00:00:00.31 Elapsed: 00:00:00.30
# Mc/sec: 418.77
//
Query:       positive|A0A6M3Z541  [L=53]
Scores for complete sequence (score includes all domains):
   --- full sequence ---   --- best 1 domain ---    -#dom-
    E-value  score  bias    E-value  score  bias    exp  N  Model    Description
    ------- ------ -----    ------- ------ -----   ---- --  -------- -----------

   [No hits detected that satisfy reporting thresholds]


Domain annotation for each model:

   [No targets detected that satisfy reporting thresholds]


Internal pipeline statistics summary:
-------------------------------------
Query sequence(s):                         1  (53 residues searched)
Target model(s):                       21979  (3587873 nodes)
Passed MSV filter:                       363  (0.0165158); expected 439.6 (0.02)
Passed bias filter:                      272  (0.0123754); expected 439.6 (0.02)
Passed Vit filter:                        19  (0.000864462); expected 22.0 (0.001)
Passed Fwd filter:                         0  (0); expected 0.2 (1e-05)
Initial search space (Z):              21979  [actual number of targets]
Domain search space  (domZ):               0  [number of targets reported over threshold]
# CPU time: 0.20u 0.12s 00:00:00.32 Elapsed: 00:00:00.31
# Mc/sec: 606.62
//
Query:       positive|P0DQI9  [L=57]
Scores for complete sequence (score includes all domains):
   --- full sequence ---   --- best 1 domain ---    -#dom-
    E-value  score  bias    E-value  score  bias    exp  N  Model    Description
    ------- ------ -----    ------- ------ -----   ---- --  -------- -----------

   [No hits detected that satisfy reporting thresholds]


Domain annotation for each model:

   [No targets detected that satisfy reporting thresholds]


Internal pipeline statistics summary:
-------------------------------------
Query sequence(s):                         1  (57 residues searched)
Target model(s):                       21979  (3587873 nodes)
Passed MSV filter:                       782  (0.0355794); expected 439.6 (0.02)
Passed bias filter:                      327  (0.0148778); expected 439.6 (0.02)
Passed Vit filter:                        26  (0.00118295); expected 22.0 (0.001)
Passed Fwd filter:                         2  (9.0996e-05); expected 0.2 (1e-05)
Initial search space (Z):              21979  [actual number of targets]
Domain search space  (domZ):               0  [number of targets reported over threshold]
# CPU time: 0.18u 0.14s 00:00:00.32 Elapsed: 00:00:00.32
# Mc/sec: 632.64
//
Query:       positive|A0A068B409  [L=40]
Scores for complete sequence (score includes all domains):
   --- full sequence ---   --- best 1 domain ---    -#dom-
    E-value  score  bias    E-value  score  bias    exp  N  Model    Description
    ------- ------ -----    ------- ------ -----   ---- --  -------- -----------
    7.3e-05   23.2   1.1    8.9e-05   22.9   1.1    1.1  1  Toxin_8   Alpha conotoxin precursor


Domain annotation for each model:
>> Toxin_8  Alpha conotoxin precursor
   #    score  bias  c-Evalue  i-Evalue hmmfrom  hmm to    alifrom  ali to    envfrom  env to     acc
 ---   ------ ----- --------- --------- ------- -------    ------- -------    ------- -------    ----
   1 !   22.9   1.1     4e-09   8.9e-05      12      49 ..       1      36 [.       1      37 [. 0.88



Internal pipeline statistics summary:
-------------------------------------
Query sequence(s):                         1  (40 residues searched)
Target model(s):                       21979  (3587873 nodes)
Passed MSV filter:                       308  (0.0140134); expected 439.6 (0.02)
Passed bias filter:                      136  (0.00618772); expected 439.6 (0.02)
Passed Vit filter:                        11  (0.000500478); expected 22.0 (0.001)
Passed Fwd filter:                         1  (4.5498e-05); expected 0.2 (1e-05)
Initial search space (Z):              21979  [actual number of targets]
Domain search space  (domZ):               1  [number of targets reported over threshold]
# CPU time: 0.20u 0.13s 00:00:00.33 Elapsed: 00:00:00.32
# Mc/sec: 436.63
//
Query:       positive|C0HLZ4  [L=50]
Scores for complete sequence (score includes all domains):
   --- full sequence ---   --- best 1 domain ---    -#dom-
    E-value  score  bias    E-value  score  bias    exp  N  Model    Description
    ------- ------ -----    ------- ------ -----   ---- --  -------- -----------

   [No hits detected that satisfy reporting thresholds]


Domain annotation for each model:

   [No targets detected that satisfy reporting thresholds]


Internal pipeline statistics summary:
-------------------------------------
Query sequence(s):                         1  (50 residues searched)
Target model(s):                       21979  (3587873 nodes)
Passed MSV filter:                       510  (0.023204); expected 439.6 (0.02)
Passed bias filter:                      404  (0.0183812); expected 439.6 (0.02)
Passed Vit filter:                        13  (0.000591474); expected 22.0 (0.001)
Passed Fwd filter:                         0  (0); expected 0.2 (1e-05)
Initial search space (Z):              21979  [actual number of targets]
Domain search space  (domZ):               0  [number of targets reported over threshold]
# CPU time: 0.20u 0.13s 00:00:00.33 Elapsed: 00:00:00.33
# Mc/sec: 536.03
//
Query:       positive|D9U2B3  [L=54]
Scores for complete sequence (score includes all domains):
   --- full sequence ---   --- best 1 domain ---    -#dom-
    E-value  score  bias    E-value  score  bias    exp  N  Model    Description
    ------- ------ -----    ------- ------ -----   ---- --  -------- -----------

   [No hits detected that satisfy reporting thresholds]


Domain annotation for each model:

   [No targets detected that satisfy reporting thresholds]


Internal pipeline statistics summary:
-------------------------------------
Query sequence(s):                         1  (54 residues searched)
Target model(s):                       21979  (3587873 nodes)
Passed MSV filter:                       883  (0.0401747); expected 439.6 (0.02)
Passed bias filter:                      246  (0.0111925); expected 439.6 (0.02)
Passed Vit filter:                        19  (0.000864462); expected 22.0 (0.001)
Passed Fwd filter:                         1  (4.5498e-05); expected 0.2 (1e-05)
Initial search space (Z):              21979  [actual number of targets]
Domain search space  (domZ):               0  [number of targets reported over threshold]
# CPU time: 0.19u 0.13s 00:00:00.32 Elapsed: 00:00:00.31
# Mc/sec: 610.04
//
Query:       positive|P0DSL3  [L=40]
Scores for complete sequence (score includes all domains):
   --- full sequence ---   --- best 1 domain ---    -#dom-
    E-value  score  bias    E-value  score  bias    exp  N  Model    Description
    ------- ------ -----    ------- ------ -----   ---- --  -------- -----------

   [No hits detected that satisfy reporting thresholds]


Domain annotation for each model:

   [No targets detected that satisfy reporting thresholds]


Internal pipeline statistics summary:
-------------------------------------
Query sequence(s):                         1  (40 residues searched)
Target model(s):                       21979  (3587873 nodes)
Passed MSV filter:                       450  (0.0204741); expected 439.6 (0.02)
Passed bias filter:                      320  (0.0145594); expected 439.6 (0.02)
Passed Vit filter:                        22  (0.00100096); expected 22.0 (0.001)
Passed Fwd filter:                         0  (0); expected 0.2 (1e-05)
Initial search space (Z):              21979  [actual number of targets]
Domain search space  (domZ):               0  [number of targets reported over threshold]
# CPU time: 0.20u 0.13s 00:00:00.33 Elapsed: 00:00:00.33
# Mc/sec: 431.32
//
Query:       positive|P0DQF1  [L=70]
Scores for complete sequence (score includes all domains):
   --- full sequence ---   --- best 1 domain ---    -#dom-
    E-value  score  bias    E-value  score  bias    exp  N  Model    Description
    ------- ------ -----    ------- ------ -----   ---- --  -------- -----------

   [No hits detected that satisfy reporting thresholds]


Domain annotation for each model:

   [No targets detected that satisfy reporting thresholds]


Internal pipeline statistics summary:
-------------------------------------
Query sequence(s):                         1  (70 residues searched)
Target model(s):                       21979  (3587873 nodes)
Passed MSV filter:                       850  (0.0386733); expected 439.6 (0.02)
Passed bias filter:                      418  (0.0190182); expected 439.6 (0.02)
Passed Vit filter:                        38  (0.00172892); expected 22.0 (0.001)
Passed Fwd filter:                         0  (0); expected 0.2 (1e-05)
Initial search space (Z):              21979  [actual number of targets]
Domain search space  (domZ):               0  [number of targets reported over threshold]
# CPU time: 0.19u 0.14s 00:00:00.33 Elapsed: 00:00:00.32
# Mc/sec: 769.87
//
Query:       positive|P0DPW2  [L=60]
Scores for complete sequence (score includes all domains):
   --- full sequence ---   --- best 1 domain ---    -#dom-
    E-value  score  bias    E-value  score  bias    exp  N  Model    Description
    ------- ------ -----    ------- ------ -----   ---- --  -------- -----------

   [No hits detected that satisfy reporting thresholds]


Domain annotation for each model:

   [No targets detected that satisfy reporting thresholds]


Internal pipeline statistics summary:
-------------------------------------
Query sequence(s):                         1  (60 residues searched)
Target model(s):                       21979  (3587873 nodes)
Passed MSV filter:                       465  (0.0211566); expected 439.6 (0.02)
Passed bias filter:                      193  (0.00878111); expected 439.6 (0.02)
Passed Vit filter:                         8  (0.000363984); expected 22.0 (0.001)
Passed Fwd filter:                         1  (4.5498e-05); expected 0.2 (1e-05)
Initial search space (Z):              21979  [actual number of targets]
Domain search space  (domZ):               0  [number of targets reported over threshold]
# CPU time: 0.22u 0.14s 00:00:00.36 Elapsed: 00:00:00.36
# Mc/sec: 597.72
//
Query:       positive|P0C1T7  [L=71]
Scores for complete sequence (score includes all domains):
   --- full sequence ---   --- best 1 domain ---    -#dom-
    E-value  score  bias    E-value  score  bias    exp  N  Model    Description
    ------- ------ -----    ------- ------ -----   ---- --  -------- -----------

   [No hits detected that satisfy reporting thresholds]


Domain annotation for each model:

   [No targets detected that satisfy reporting thresholds]


Internal pipeline statistics summary:
-------------------------------------
Query sequence(s):                         1  (71 residues searched)
Target model(s):                       21979  (3587873 nodes)
Passed MSV filter:                       683  (0.0310751); expected 439.6 (0.02)
Passed bias filter:                      337  (0.0153328); expected 439.6 (0.02)
Passed Vit filter:                        25  (0.00113745); expected 22.0 (0.001)
Passed Fwd filter:                         3  (0.000136494); expected 0.2 (1e-05)
Initial search space (Z):              21979  [actual number of targets]
Domain search space  (domZ):               0  [number of targets reported over threshold]
# CPU time: 0.20u 0.13s 00:00:00.33 Elapsed: 00:00:00.33
# Mc/sec: 769.90
//
Query:       positive|P0DXZ4  [L=52]
Scores for complete sequence (score includes all domains):
   --- full sequence ---   --- best 1 domain ---    -#dom-
    E-value  score  bias    E-value  score  bias    exp  N  Model    Description
    ------- ------ -----    ------- ------ -----   ---- --  -------- -----------

   [No hits detected that satisfy reporting thresholds]


Domain annotation for each model:

   [No targets detected that satisfy reporting thresholds]


Internal pipeline statistics summary:
-------------------------------------
Query sequence(s):                         1  (52 residues searched)
Target model(s):                       21979  (3587873 nodes)
Passed MSV filter:                       514  (0.023386); expected 439.6 (0.02)
Passed bias filter:                      417  (0.0189727); expected 439.6 (0.02)
Passed Vit filter:                        43  (0.00195641); expected 22.0 (0.001)
Passed Fwd filter:                         1  (4.5498e-05); expected 0.2 (1e-05)
Initial search space (Z):              21979  [actual number of targets]
Domain search space  (domZ):               0  [number of targets reported over threshold]
# CPU time: 0.20u 0.13s 00:00:00.33 Elapsed: 00:00:00.33
# Mc/sec: 564.45
//
Query:       positive|C0HLG4  [L=68]
Scores for complete sequence (score includes all domains):
   --- full sequence ---   --- best 1 domain ---    -#dom-
    E-value  score  bias    E-value  score  bias    exp  N  Model    Description
    ------- ------ -----    ------- ------ -----   ---- --  -------- -----------

   [No hits detected that satisfy reporting thresholds]


Domain annotation for each model:

   [No targets detected that satisfy reporting thresholds]


Internal pipeline statistics summary:
-------------------------------------
Query sequence(s):                         1  (68 residues searched)
Target model(s):                       21979  (3587873 nodes)
Passed MSV filter:                       623  (0.0283452); expected 439.6 (0.02)
Passed bias filter:                      345  (0.0156968); expected 439.6 (0.02)
Passed Vit filter:                        29  (0.00131944); expected 22.0 (0.001)
Passed Fwd filter:                         1  (4.5498e-05); expected 0.2 (1e-05)
Initial search space (Z):              21979  [actual number of targets]
Domain search space  (domZ):               0  [number of targets reported over threshold]
# CPU time: 0.19u 0.14s 00:00:00.33 Elapsed: 00:00:00.32
# Mc/sec: 742.01
//
Query:       positive|P0DQB3  [L=61]
Scores for complete sequence (score includes all domains):
   --- full sequence ---   --- best 1 domain ---    -#dom-
    E-value  score  bias    E-value  score  bias    exp  N  Model    Description
    ------- ------ -----    ------- ------ -----   ---- --  -------- -----------

   [No hits detected that satisfy reporting thresholds]


Domain annotation for each model:

   [No targets detected that satisfy reporting thresholds]


Internal pipeline statistics summary:
-------------------------------------
Query sequence(s):                         1  (61 residues searched)
Target model(s):                       21979  (3587873 nodes)
Passed MSV filter:                      1191  (0.0541881); expected 439.6 (0.02)
Passed bias filter:                      448  (0.0203831); expected 439.6 (0.02)
Passed Vit filter:                        26  (0.00118295); expected 22.0 (0.001)
Passed Fwd filter:                         0  (0); expected 0.2 (1e-05)
Initial search space (Z):              21979  [actual number of targets]
Domain search space  (domZ):               0  [number of targets reported over threshold]
# CPU time: 0.19u 0.14s 00:00:00.33 Elapsed: 00:00:00.32
# Mc/sec: 663.33
//
Query:       positive|P0C832  [L=37]
Scores for complete sequence (score includes all domains):
   --- full sequence ---   --- best 1 domain ---    -#dom-
    E-value  score  bias    E-value  score  bias    exp  N  Model    Description
    ------- ------ -----    ------- ------ -----   ---- --  -------- -----------

   [No hits detected that satisfy reporting thresholds]


Domain annotation for each model:

   [No targets detected that satisfy reporting thresholds]


Internal pipeline statistics summary:
-------------------------------------
Query sequence(s):                         1  (37 residues searched)
Target model(s):                       21979  (3587873 nodes)
Passed MSV filter:                       713  (0.0324401); expected 439.6 (0.02)
Passed bias filter:                      179  (0.00814414); expected 439.6 (0.02)
Passed Vit filter:                        15  (0.00068247); expected 22.0 (0.001)
Passed Fwd filter:                         1  (4.5498e-05); expected 0.2 (1e-05)
Initial search space (Z):              21979  [actual number of targets]
Domain search space  (domZ):               0  [number of targets reported over threshold]
# CPU time: 0.20u 0.12s 00:00:00.32 Elapsed: 00:00:00.32
# Mc/sec: 414.80
//
Query:       positive|P0DKP3  [L=104]
Scores for complete sequence (score includes all domains):
   --- full sequence ---   --- best 1 domain ---    -#dom-
    E-value  score  bias    E-value  score  bias    exp  N  Model    Description
    ------- ------ -----    ------- ------ -----   ---- --  -------- -----------

   [No hits detected that satisfy reporting thresholds]


Domain annotation for each model:

   [No targets detected that satisfy reporting thresholds]


Internal pipeline statistics summary:
-------------------------------------
Query sequence(s):                         1  (104 residues searched)
Target model(s):                       21979  (3587873 nodes)
Passed MSV filter:                       716  (0.0325766); expected 439.6 (0.02)
Passed bias filter:                      220  (0.0100096); expected 439.6 (0.02)
Passed Vit filter:                        22  (0.00100096); expected 22.0 (0.001)
Passed Fwd filter:                         7  (0.000318486); expected 0.2 (1e-05)
Initial search space (Z):              21979  [actual number of targets]
Domain search space  (domZ):               0  [number of targets reported over threshold]
# CPU time: 0.21u 0.14s 00:00:00.35 Elapsed: 00:00:00.34
# Mc/sec: 1079.24
//
Query:       positive|A0A976XK90  [L=140]
Scores for complete sequence (score includes all domains):
   --- full sequence ---   --- best 1 domain ---    -#dom-
    E-value  score  bias    E-value  score  bias    exp  N  Model       Description
    ------- ------ -----    ------- ------ -----   ---- --  --------    -----------
    4.8e-05   23.3  21.0     0.0028   17.7   5.1    2.4  0  Omega-toxin  Omega-atracotoxin


Domain annotation for each model:
>> Omega-toxin  Omega-atracotoxin
   [No individual domains that satisfy reporting thresholds (although complete target did)]



Internal pipeline statistics summary:
-------------------------------------
Query sequence(s):                         1  (140 residues searched)
Target model(s):                       21979  (3587873 nodes)
Passed MSV filter:                       581  (0.0264343); expected 439.6 (0.02)
Passed bias filter:                      304  (0.0138314); expected 439.6 (0.02)
Passed Vit filter:                        31  (0.00141044); expected 22.0 (0.001)
Passed Fwd filter:                         7  (0.000318486); expected 0.2 (1e-05)
Initial search space (Z):              21979  [actual number of targets]
Domain search space  (domZ):               1  [number of targets reported over threshold]
# CPU time: 0.22u 0.12s 00:00:00.34 Elapsed: 00:00:00.34
# Mc/sec: 1460.72
//
Query:       positive|Q5WPZ4  [L=115]
Scores for complete sequence (score includes all domains):
   --- full sequence ---   --- best 1 domain ---    -#dom-
    E-value  score  bias    E-value  score  bias    exp  N  Model    Description
    ------- ------ -----    ------- ------ -----   ---- --  -------- -----------

   [No hits detected that satisfy reporting thresholds]


Domain annotation for each model:

   [No targets detected that satisfy reporting thresholds]


Internal pipeline statistics summary:
-------------------------------------
Query sequence(s):                         1  (115 residues searched)
Target model(s):                       21979  (3587873 nodes)
Passed MSV filter:                      1204  (0.0547796); expected 439.6 (0.02)
Passed bias filter:                      697  (0.0317121); expected 439.6 (0.02)
Passed Vit filter:                        58  (0.00263888); expected 22.0 (0.001)
Passed Fwd filter:                         0  (0); expected 0.2 (1e-05)
Initial search space (Z):              21979  [actual number of targets]
Domain search space  (domZ):               0  [number of targets reported over threshold]
# CPU time: 0.22u 0.12s 00:00:00.34 Elapsed: 00:00:00.33
# Mc/sec: 1221.32
//
Query:       positive|C5H8E7  [L=98]
Scores for complete sequence (score includes all domains):
   --- full sequence ---   --- best 1 domain ---    -#dom-
    E-value  score  bias    E-value  score  bias    exp  N  Model    Description
    ------- ------ -----    ------- ------ -----   ---- --  -------- -----------

   [No hits detected that satisfy reporting thresholds]


Domain annotation for each model:

   [No targets detected that satisfy reporting thresholds]


Internal pipeline statistics summary:
-------------------------------------
Query sequence(s):                         1  (98 residues searched)
Target model(s):                       21979  (3587873 nodes)
Passed MSV filter:                       546  (0.0248419); expected 439.6 (0.02)
Passed bias filter:                      265  (0.012057); expected 439.6 (0.02)
Passed Vit filter:                        24  (0.00109195); expected 22.0 (0.001)
Passed Fwd filter:                         1  (4.5498e-05); expected 0.2 (1e-05)
Initial search space (Z):              21979  [actual number of targets]
Domain search space  (domZ):               0  [number of targets reported over threshold]
# CPU time: 0.22u 0.10s 00:00:00.32 Elapsed: 00:00:00.32
# Mc/sec: 1082.71
//
Query:       positive|B6DD38  [L=87]
Scores for complete sequence (score includes all domains):
   --- full sequence ---   --- best 1 domain ---    -#dom-
    E-value  score  bias    E-value  score  bias    exp  N  Model    Description
    ------- ------ -----    ------- ------ -----   ---- --  -------- -----------

   [No hits detected that satisfy reporting thresholds]


Domain annotation for each model:

   [No targets detected that satisfy reporting thresholds]


Internal pipeline statistics summary:
-------------------------------------
Query sequence(s):                         1  (87 residues searched)
Target model(s):                       21979  (3587873 nodes)
Passed MSV filter:                       875  (0.0398107); expected 439.6 (0.02)
Passed bias filter:                      285  (0.0129669); expected 439.6 (0.02)
Passed Vit filter:                        26  (0.00118295); expected 22.0 (0.001)
Passed Fwd filter:                         2  (9.0996e-05); expected 0.2 (1e-05)
Initial search space (Z):              21979  [actual number of targets]
Domain search space  (domZ):               0  [number of targets reported over threshold]
# CPU time: 0.19u 0.14s 00:00:00.33 Elapsed: 00:00:00.32
# Mc/sec: 951.75
//
Query:       positive|D2CFI7  [L=123]
Scores for complete sequence (score includes all domains):
   --- full sequence ---   --- best 1 domain ---    -#dom-
    E-value  score  bias    E-value  score  bias    exp  N  Model    Description
    ------- ------ -----    ------- ------ -----   ---- --  -------- -----------
    5.2e-10   39.7   6.6    7.2e-10   39.3   6.6    1.2  1  SVWC      Single domain von Willebrand factor type C


Domain annotation for each model:
>> SVWC  Single domain von Willebrand factor type C
   #    score  bias  c-Evalue  i-Evalue hmmfrom  hmm to    alifrom  ali to    envfrom  env to     acc
 ---   ------ ----- --------- --------- ------- -------    ------- -------    ------- -------    ----
   1 !   39.3   6.6   3.3e-14   7.2e-10       1      66 []      34     100 ..      34     100 .. 0.90



Internal pipeline statistics summary:
-------------------------------------
Query sequence(s):                         1  (123 residues searched)
Target model(s):                       21979  (3587873 nodes)
Passed MSV filter:                       614  (0.0279358); expected 439.6 (0.02)
Passed bias filter:                      395  (0.0179717); expected 439.6 (0.02)
Passed Vit filter:                        29  (0.00131944); expected 22.0 (0.001)
Passed Fwd filter:                         1  (4.5498e-05); expected 0.2 (1e-05)
Initial search space (Z):              21979  [actual number of targets]
Domain search space  (domZ):               1  [number of targets reported over threshold]
# CPU time: 0.20u 0.14s 00:00:00.34 Elapsed: 00:00:00.33
# Mc/sec: 1298.22
//
Query:       positive|P0DPG6  [L=77]
Scores for complete sequence (score includes all domains):
   --- full sequence ---   --- best 1 domain ---    -#dom-
    E-value  score  bias    E-value  score  bias    exp  N  Model    Description
    ------- ------ -----    ------- ------ -----   ---- --  -------- -----------

   [No hits detected that satisfy reporting thresholds]


Domain annotation for each model:

   [No targets detected that satisfy reporting thresholds]


Internal pipeline statistics summary:
-------------------------------------
Query sequence(s):                         1  (77 residues searched)
Target model(s):                       21979  (3587873 nodes)
Passed MSV filter:                      1162  (0.0528686); expected 439.6 (0.02)
Passed bias filter:                      232  (0.0105555); expected 439.6 (0.02)
Passed Vit filter:                        21  (0.000955457); expected 22.0 (0.001)
Passed Fwd filter:                         0  (0); expected 0.2 (1e-05)
Initial search space (Z):              21979  [actual number of targets]
Domain search space  (domZ):               0  [number of targets reported over threshold]
# CPU time: 0.20u 0.13s 00:00:00.33 Elapsed: 00:00:00.32
# Mc/sec: 849.04
//
Query:       positive|H2CYP1  [L=101]
Scores for complete sequence (score includes all domains):
   --- full sequence ---   --- best 1 domain ---    -#dom-
    E-value  score  bias    E-value  score  bias    exp  N  Model    Description
    ------- ------ -----    ------- ------ -----   ---- --  -------- -----------
    2.3e-07   31.3   7.2    3.2e-07   30.8   7.2    1.2  1  SVWC      Single domain von Willebrand factor type C


Domain annotation for each model:
>> SVWC  Single domain von Willebrand factor type C
   #    score  bias  c-Evalue  i-Evalue hmmfrom  hmm to    alifrom  ali to    envfrom  env to     acc
 ---   ------ ----- --------- --------- ------- -------    ------- -------    ------- -------    ----
   1 !   30.8   7.2   1.4e-11   3.2e-07       1      66 []      25      90 ..      25      90 .. 0.86



Internal pipeline statistics summary:
-------------------------------------
Query sequence(s):                         1  (101 residues searched)
Target model(s):                       21979  (3587873 nodes)
Passed MSV filter:                       589  (0.0267983); expected 439.6 (0.02)
Passed bias filter:                      367  (0.0166978); expected 439.6 (0.02)
Passed Vit filter:                        25  (0.00113745); expected 22.0 (0.001)
Passed Fwd filter:                         1  (4.5498e-05); expected 0.2 (1e-05)
Initial search space (Z):              21979  [actual number of targets]
Domain search space  (domZ):               1  [number of targets reported over threshold]
# CPU time: 0.21u 0.11s 00:00:00.32 Elapsed: 00:00:00.32
# Mc/sec: 1105.69
//
Query:       positive|D6C4J8  [L=78]
Scores for complete sequence (score includes all domains):
   --- full sequence ---   --- best 1 domain ---    -#dom-
    E-value  score  bias    E-value  score  bias    exp  N  Model    Description
    ------- ------ -----    ------- ------ -----   ---- --  -------- -----------

   [No hits detected that satisfy reporting thresholds]


Domain annotation for each model:

   [No targets detected that satisfy reporting thresholds]


Internal pipeline statistics summary:
-------------------------------------
Query sequence(s):                         1  (78 residues searched)
Target model(s):                       21979  (3587873 nodes)
Passed MSV filter:                       699  (0.0318031); expected 439.6 (0.02)
Passed bias filter:                      420  (0.0191091); expected 439.6 (0.02)
Passed Vit filter:                        37  (0.00168343); expected 22.0 (0.001)
Passed Fwd filter:                         0  (0); expected 0.2 (1e-05)
Initial search space (Z):              21979  [actual number of targets]
Domain search space  (domZ):               0  [number of targets reported over threshold]
# CPU time: 0.18u 0.14s 00:00:00.32 Elapsed: 00:00:00.32
# Mc/sec: 866.29
//
Query:       positive|D2KKB4  [L=143]
Scores for complete sequence (score includes all domains):
   --- full sequence ---   --- best 1 domain ---    -#dom-
    E-value  score  bias    E-value  score  bias    exp  N  Model    Description
    ------- ------ -----    ------- ------ -----   ---- --  -------- -----------

   [No hits detected that satisfy reporting thresholds]


Domain annotation for each model:

   [No targets detected that satisfy reporting thresholds]


Internal pipeline statistics summary:
-------------------------------------
Query sequence(s):                         1  (143 residues searched)
Target model(s):                       21979  (3587873 nodes)
Passed MSV filter:                       330  (0.0150143); expected 439.6 (0.02)
Passed bias filter:                      303  (0.0137859); expected 439.6 (0.02)
Passed Vit filter:                        23  (0.00104645); expected 22.0 (0.001)
Passed Fwd filter:                         0  (0); expected 0.2 (1e-05)
Initial search space (Z):              21979  [actual number of targets]
Domain search space  (domZ):               0  [number of targets reported over threshold]
# CPU time: 0.20u 0.14s 00:00:00.34 Elapsed: 00:00:00.33
# Mc/sec: 1525.23
//
Query:       positive|P0C1X4  [L=85]
Scores for complete sequence (score includes all domains):
   --- full sequence ---   --- best 1 domain ---    -#dom-
    E-value  score  bias    E-value  score  bias    exp  N  Model    Description
    ------- ------ -----    ------- ------ -----   ---- --  -------- -----------

   [No hits detected that satisfy reporting thresholds]


Domain annotation for each model:

   [No targets detected that satisfy reporting thresholds]


Internal pipeline statistics summary:
-------------------------------------
Query sequence(s):                         1  (85 residues searched)
Target model(s):                       21979  (3587873 nodes)
Passed MSV filter:                      1106  (0.0503208); expected 439.6 (0.02)
Passed bias filter:                      345  (0.0156968); expected 439.6 (0.02)
Passed Vit filter:                        19  (0.000864462); expected 22.0 (0.001)
Passed Fwd filter:                         1  (4.5498e-05); expected 0.2 (1e-05)
Initial search space (Z):              21979  [actual number of targets]
Domain search space  (domZ):               0  [number of targets reported over threshold]
# CPU time: 0.22u 0.11s 00:00:00.33 Elapsed: 00:00:00.32
# Mc/sec: 926.46
//
Query:       positive|A0A3G5BIC2  [L=80]
Scores for complete sequence (score includes all domains):
   --- full sequence ---   --- best 1 domain ---    -#dom-
    E-value  score  bias    E-value  score  bias    exp  N  Model    Description
    ------- ------ -----    ------- ------ -----   ---- --  -------- -----------

   [No hits detected that satisfy reporting thresholds]


Domain annotation for each model:

   [No targets detected that satisfy reporting thresholds]


Internal pipeline statistics summary:
-------------------------------------
Query sequence(s):                         1  (80 residues searched)
Target model(s):                       21979  (3587873 nodes)
Passed MSV filter:                       906  (0.0412212); expected 439.6 (0.02)
Passed bias filter:                      469  (0.0213386); expected 439.6 (0.02)
Passed Vit filter:                        45  (0.00204741); expected 22.0 (0.001)
Passed Fwd filter:                         3  (0.000136494); expected 0.2 (1e-05)
Initial search space (Z):              21979  [actual number of targets]
Domain search space  (domZ):               0  [number of targets reported over threshold]
# CPU time: 0.20u 0.14s 00:00:00.34 Elapsed: 00:00:00.34
# Mc/sec: 831.85
//
Query:       positive|P0DQE7  [L=107]
Scores for complete sequence (score includes all domains):
   --- full sequence ---   --- best 1 domain ---    -#dom-
    E-value  score  bias    E-value  score  bias    exp  N  Model    Description
    ------- ------ -----    ------- ------ -----   ---- --  -------- -----------

   [No hits detected that satisfy reporting thresholds]


Domain annotation for each model:

   [No targets detected that satisfy reporting thresholds]


Internal pipeline statistics summary:
-------------------------------------
Query sequence(s):                         1  (107 residues searched)
Target model(s):                       21979  (3587873 nodes)
Passed MSV filter:                       648  (0.0294827); expected 439.6 (0.02)
Passed bias filter:                      269  (0.012239); expected 439.6 (0.02)
Passed Vit filter:                        17  (0.000773466); expected 22.0 (0.001)
Passed Fwd filter:                         1  (4.5498e-05); expected 0.2 (1e-05)
Initial search space (Z):              21979  [actual number of targets]
Domain search space  (domZ):               0  [number of targets reported over threshold]
# CPU time: 0.22u 0.12s 00:00:00.34 Elapsed: 00:00:00.32
# Mc/sec: 1166.79
//
Query:       positive|D3JWK2  [L=94]
Scores for complete sequence (score includes all domains):
   --- full sequence ---   --- best 1 domain ---    -#dom-
    E-value  score  bias    E-value  score  bias    exp  N  Model    Description
    ------- ------ -----    ------- ------ -----   ---- --  -------- -----------

   [No hits detected that satisfy reporting thresholds]


Domain annotation for each model:

   [No targets detected that satisfy reporting thresholds]


Internal pipeline statistics summary:
-------------------------------------
Query sequence(s):                         1  (94 residues searched)
Target model(s):                       21979  (3587873 nodes)
Passed MSV filter:                       624  (0.0283907); expected 439.6 (0.02)
Passed bias filter:                      304  (0.0138314); expected 439.6 (0.02)
Passed Vit filter:                        27  (0.00122845); expected 22.0 (0.001)
Passed Fwd filter:                         0  (0); expected 0.2 (1e-05)
Initial search space (Z):              21979  [actual number of targets]
Domain search space  (domZ):               0  [number of targets reported over threshold]
# CPU time: 0.19u 0.13s 00:00:00.32 Elapsed: 00:00:00.32
# Mc/sec: 1040.84
//
Query:       positive|P0DQG1  [L=120]
Scores for complete sequence (score includes all domains):
   --- full sequence ---   --- best 1 domain ---    -#dom-
    E-value  score  bias    E-value  score  bias    exp  N  Model    Description
    ------- ------ -----    ------- ------ -----   ---- --  -------- -----------

   [No hits detected that satisfy reporting thresholds]


Domain annotation for each model:

   [No targets detected that satisfy reporting thresholds]


Internal pipeline statistics summary:
-------------------------------------
Query sequence(s):                         1  (120 residues searched)
Target model(s):                       21979  (3587873 nodes)
Passed MSV filter:                      1263  (0.0574639); expected 439.6 (0.02)
Passed bias filter:                      513  (0.0233405); expected 439.6 (0.02)
Passed Vit filter:                        46  (0.00209291); expected 22.0 (0.001)
Passed Fwd filter:                         3  (0.000136494); expected 0.2 (1e-05)
Initial search space (Z):              21979  [actual number of targets]
Domain search space  (domZ):               0  [number of targets reported over threshold]
# CPU time: 0.23u 0.12s 00:00:00.35 Elapsed: 00:00:00.34
# Mc/sec: 1235.31
//
Query:       positive|B1P1J4  [L=134]
Scores for complete sequence (score includes all domains):
   --- full sequence ---   --- best 1 domain ---    -#dom-
    E-value  score  bias    E-value  score  bias    exp  N  Model    Description
    ------- ------ -----    ------- ------ -----   ---- --  -------- -----------

   [No hits detected that satisfy reporting thresholds]


Domain annotation for each model:

   [No targets detected that satisfy reporting thresholds]


Internal pipeline statistics summary:
-------------------------------------
Query sequence(s):                         1  (134 residues searched)
Target model(s):                       21979  (3587873 nodes)
Passed MSV filter:                       642  (0.0292097); expected 439.6 (0.02)
Passed bias filter:                      404  (0.0183812); expected 439.6 (0.02)
Passed Vit filter:                        37  (0.00168343); expected 22.0 (0.001)
Passed Fwd filter:                         0  (0); expected 0.2 (1e-05)
Initial search space (Z):              21979  [actual number of targets]
Domain search space  (domZ):               0  [number of targets reported over threshold]
# CPU time: 0.20u 0.14s 00:00:00.34 Elapsed: 00:00:00.34
# Mc/sec: 1403.34
//
Query:       positive|A0A835CKX4  [L=85]
Scores for complete sequence (score includes all domains):
   --- full sequence ---   --- best 1 domain ---    -#dom-
    E-value  score  bias    E-value  score  bias    exp  N  Model    Description
    ------- ------ -----    ------- ------ -----   ---- --  -------- -----------

   [No hits detected that satisfy reporting thresholds]


Domain annotation for each model:

   [No targets detected that satisfy reporting thresholds]


Internal pipeline statistics summary:
-------------------------------------
Query sequence(s):                         1  (85 residues searched)
Target model(s):                       21979  (3587873 nodes)
Passed MSV filter:                       622  (0.0282997); expected 439.6 (0.02)
Passed bias filter:                      453  (0.0206106); expected 439.6 (0.02)
Passed Vit filter:                        23  (0.00104645); expected 22.0 (0.001)
Passed Fwd filter:                         0  (0); expected 0.2 (1e-05)
Initial search space (Z):              21979  [actual number of targets]
Domain search space  (domZ):               0  [number of targets reported over threshold]
# CPU time: 0.20u 0.12s 00:00:00.32 Elapsed: 00:00:00.33
# Mc/sec: 918.97
//
Query:       positive|Q3C255  [L=83]
Scores for complete sequence (score includes all domains):
   --- full sequence ---   --- best 1 domain ---    -#dom-
    E-value  score  bias    E-value  score  bias    exp  N  Model    Description
    ------- ------ -----    ------- ------ -----   ---- --  -------- -----------

   [No hits detected that satisfy reporting thresholds]


Domain annotation for each model:

   [No targets detected that satisfy reporting thresholds]


Internal pipeline statistics summary:
-------------------------------------
Query sequence(s):                         1  (83 residues searched)
Target model(s):                       21979  (3587873 nodes)
Passed MSV filter:                       467  (0.0212476); expected 439.6 (0.02)
Passed bias filter:                      265  (0.012057); expected 439.6 (0.02)
Passed Vit filter:                        25  (0.00113745); expected 22.0 (0.001)
Passed Fwd filter:                         0  (0); expected 0.2 (1e-05)
Initial search space (Z):              21979  [actual number of targets]
Domain search space  (domZ):               0  [number of targets reported over threshold]
# CPU time: 0.19u 0.14s 00:00:00.33 Elapsed: 00:00:00.32
# Mc/sec: 929.41
//
Query:       positive|P0DQG5  [L=119]
Scores for complete sequence (score includes all domains):
   --- full sequence ---   --- best 1 domain ---    -#dom-
    E-value  score  bias    E-value  score  bias    exp  N  Model    Description
    ------- ------ -----    ------- ------ -----   ---- --  -------- -----------
    5.2e-08   33.3   5.5      8e-08   32.7   5.5    1.3  1  SVWC      Single domain von Willebrand factor type C


Domain annotation for each model:
>> SVWC  Single domain von Willebrand factor type C
   #    score  bias  c-Evalue  i-Evalue hmmfrom  hmm to    alifrom  ali to    envfrom  env to     acc
 ---   ------ ----- --------- --------- ------- -------    ------- -------    ------- -------    ----
   1 !   32.7   5.5   3.6e-12     8e-08       1      66 []      37     109 ..      37     109 .. 0.86



Internal pipeline statistics summary:
-------------------------------------
Query sequence(s):                         1  (119 residues searched)
Target model(s):                       21979  (3587873 nodes)
Passed MSV filter:                       472  (0.021475); expected 439.6 (0.02)
Passed bias filter:                      303  (0.0137859); expected 439.6 (0.02)
Passed Vit filter:                        21  (0.000955457); expected 22.0 (0.001)
Passed Fwd filter:                         1  (4.5498e-05); expected 0.2 (1e-05)
Initial search space (Z):              21979  [actual number of targets]
Domain search space  (domZ):               1  [number of targets reported over threshold]
# CPU time: 0.21u 0.12s 00:00:00.32 Elapsed: 00:00:00.32
# Mc/sec: 1314.13
//
Query:       positive|I6S3A9  [L=114]
Scores for complete sequence (score includes all domains):
   --- full sequence ---   --- best 1 domain ---    -#dom-
    E-value  score  bias    E-value  score  bias    exp  N  Model    Description
    ------- ------ -----    ------- ------ -----   ---- --  -------- -----------

   [No hits detected that satisfy reporting thresholds]


Domain annotation for each model:

   [No targets detected that satisfy reporting thresholds]


Internal pipeline statistics summary:
-------------------------------------
Query sequence(s):                         1  (114 residues searched)
Target model(s):                       21979  (3587873 nodes)
Passed MSV filter:                       276  (0.0125574); expected 439.6 (0.02)
Passed bias filter:                      213  (0.00969107); expected 439.6 (0.02)
Passed Vit filter:                        14  (0.000636972); expected 22.0 (0.001)
Passed Fwd filter:                         0  (0); expected 0.2 (1e-05)
Initial search space (Z):              21979  [actual number of targets]
Domain search space  (domZ):               0  [number of targets reported over threshold]
# CPU time: 0.19u 0.13s 00:00:00.32 Elapsed: 00:00:00.32
# Mc/sec: 1249.16
//
Query:       positive|A7RMN1  [L=84]
Scores for complete sequence (score includes all domains):
   --- full sequence ---   --- best 1 domain ---    -#dom-
    E-value  score  bias    E-value  score  bias    exp  N  Model    Description
    ------- ------ -----    ------- ------ -----   ---- --  -------- -----------

   [No hits detected that satisfy reporting thresholds]


Domain annotation for each model:

   [No targets detected that satisfy reporting thresholds]


Internal pipeline statistics summary:
-------------------------------------
Query sequence(s):                         1  (84 residues searched)
Target model(s):                       21979  (3587873 nodes)
Passed MSV filter:                      1020  (0.0464079); expected 439.6 (0.02)
Passed bias filter:                      289  (0.0131489); expected 439.6 (0.02)
Passed Vit filter:                        20  (0.00090996); expected 22.0 (0.001)
Passed Fwd filter:                         1  (4.5498e-05); expected 0.2 (1e-05)
Initial search space (Z):              21979  [actual number of targets]
Domain search space  (domZ):               0  [number of targets reported over threshold]
# CPU time: 0.21u 0.13s 00:00:00.34 Elapsed: 00:00:00.33
# Mc/sec: 887.83
//
Query:       positive|P0DN65  [L=97]
Scores for complete sequence (score includes all domains):
   --- full sequence ---   --- best 1 domain ---    -#dom-
    E-value  score  bias    E-value  score  bias    exp  N  Model    Description
    ------- ------ -----    ------- ------ -----   ---- --  -------- -----------

   [No hits detected that satisfy reporting thresholds]


Domain annotation for each model:

   [No targets detected that satisfy reporting thresholds]


Internal pipeline statistics summary:
-------------------------------------
Query sequence(s):                         1  (97 residues searched)
Target model(s):                       21979  (3587873 nodes)
Passed MSV filter:                       965  (0.0439055); expected 439.6 (0.02)
Passed bias filter:                      477  (0.0217025); expected 439.6 (0.02)
Passed Vit filter:                        31  (0.00141044); expected 22.0 (0.001)
Passed Fwd filter:                         1  (4.5498e-05); expected 0.2 (1e-05)
Initial search space (Z):              21979  [actual number of targets]
Domain search space  (domZ):               0  [number of targets reported over threshold]
# CPU time: 0.21u 0.12s 00:00:00.32 Elapsed: 00:00:00.33
# Mc/sec: 1024.04
//
Query:       positive|P0DPY2  [L=96]
Scores for complete sequence (score includes all domains):
   --- full sequence ---   --- best 1 domain ---    -#dom-
    E-value  score  bias    E-value  score  bias    exp  N  Model    Description
    ------- ------ -----    ------- ------ -----   ---- --  -------- -----------

   [No hits detected that satisfy reporting thresholds]


Domain annotation for each model:

   [No targets detected that satisfy reporting thresholds]


Internal pipeline statistics summary:
-------------------------------------
Query sequence(s):                         1  (96 residues searched)
Target model(s):                       21979  (3587873 nodes)
Passed MSV filter:                      1353  (0.0615588); expected 439.6 (0.02)
Passed bias filter:                      726  (0.0330315); expected 439.6 (0.02)
Passed Vit filter:                        48  (0.0021839); expected 22.0 (0.001)
Passed Fwd filter:                         5  (0.00022749); expected 0.2 (1e-05)
Initial search space (Z):              21979  [actual number of targets]
Domain search space  (domZ):               0  [number of targets reported over threshold]
# CPU time: 0.21u 0.14s 00:00:00.35 Elapsed: 00:00:00.34
# Mc/sec: 1012.91
//
Query:       positive|A0A1D0C0W1  [L=132]
Scores for complete sequence (score includes all domains):
   --- full sequence ---   --- best 1 domain ---    -#dom-
    E-value  score  bias    E-value  score  bias    exp  N  Model    Description
    ------- ------ -----    ------- ------ -----   ---- --  -------- -----------

   [No hits detected that satisfy reporting thresholds]


Domain annotation for each model:

   [No targets detected that satisfy reporting thresholds]


Internal pipeline statistics summary:
-------------------------------------
Query sequence(s):                         1  (132 residues searched)
Target model(s):                       21979  (3587873 nodes)
Passed MSV filter:                      1191  (0.0541881); expected 439.6 (0.02)
Passed bias filter:                      584  (0.0265708); expected 439.6 (0.02)
Passed Vit filter:                        27  (0.00122845); expected 22.0 (0.001)
Passed Fwd filter:                         0  (0); expected 0.2 (1e-05)
Initial search space (Z):              21979  [actual number of targets]
Domain search space  (domZ):               0  [number of targets reported over threshold]
# CPU time: 0.20u 0.13s 00:00:00.33 Elapsed: 00:00:00.33
# Mc/sec: 1404.15
//
Query:       positive|P0DPE6  [L=83]
Scores for complete sequence (score includes all domains):
   --- full sequence ---   --- best 1 domain ---    -#dom-
    E-value  score  bias    E-value  score  bias    exp  N  Model    Description
    ------- ------ -----    ------- ------ -----   ---- --  -------- -----------

   [No hits detected that satisfy reporting thresholds]


Domain annotation for each model:

   [No targets detected that satisfy reporting thresholds]


Internal pipeline statistics summary:
-------------------------------------
Query sequence(s):                         1  (83 residues searched)
Target model(s):                       21979  (3587873 nodes)
Passed MSV filter:                       461  (0.0209746); expected 439.6 (0.02)
Passed bias filter:                      299  (0.0136039); expected 439.6 (0.02)
Passed Vit filter:                        24  (0.00109195); expected 22.0 (0.001)
Passed Fwd filter:                         0  (0); expected 0.2 (1e-05)
Initial search space (Z):              21979  [actual number of targets]
Domain search space  (domZ):               0  [number of targets reported over threshold]
# CPU time: 0.20u 0.13s 00:00:00.33 Elapsed: 00:00:00.32
# Mc/sec: 924.61
//
Query:       positive|Q5F1N4  [L=78]
Scores for complete sequence (score includes all domains):
   --- full sequence ---   --- best 1 domain ---    -#dom-
    E-value  score  bias    E-value  score  bias    exp  N  Model    Description
    ------- ------ -----    ------- ------ -----   ---- --  -------- -----------

   [No hits detected that satisfy reporting thresholds]


Domain annotation for each model:

   [No targets detected that satisfy reporting thresholds]


Internal pipeline statistics summary:
-------------------------------------
Query sequence(s):                         1  (78 residues searched)
Target model(s):                       21979  (3587873 nodes)
Passed MSV filter:                       843  (0.0383548); expected 439.6 (0.02)
Passed bias filter:                      513  (0.0233405); expected 439.6 (0.02)
Passed Vit filter:                        37  (0.00168343); expected 22.0 (0.001)
Passed Fwd filter:                         0  (0); expected 0.2 (1e-05)
Initial search space (Z):              21979  [actual number of targets]
Domain search space  (domZ):               0  [number of targets reported over threshold]
# CPU time: 0.20u 0.12s 00:00:00.32 Elapsed: 00:00:00.32
# Mc/sec: 858.87
//
Query:       positive|Q53I06  [L=95]
Scores for complete sequence (score includes all domains):
   --- full sequence ---   --- best 1 domain ---    -#dom-
    E-value  score  bias    E-value  score  bias    exp  N  Model      Description
    ------- ------ -----    ------- ------ -----   ---- --  --------   -----------
    3.1e-07   30.4  11.9    5.2e-07   29.7  11.9    1.4  1  Defensin_2  Arthropod defensin


Domain annotation for each model:
>> Defensin_2  Arthropod defensin
   #    score  bias  c-Evalue  i-Evalue hmmfrom  hmm to    alifrom  ali to    envfrom  env to     acc
 ---   ------ ----- --------- --------- ------- -------    ------- -------    ------- -------    ----
   1 !   29.7  11.9   2.4e-11   5.2e-07       7      34 .]      66      95 .]      56      95 .] 0.87



Internal pipeline statistics summary:
-------------------------------------
Query sequence(s):                         1  (95 residues searched)
Target model(s):                       21979  (3587873 nodes)
Passed MSV filter:                       510  (0.023204); expected 439.6 (0.02)
Passed bias filter:                      272  (0.0123754); expected 439.6 (0.02)
Passed Vit filter:                        17  (0.000773466); expected 22.0 (0.001)
Passed Fwd filter:                         3  (0.000136494); expected 0.2 (1e-05)
Initial search space (Z):              21979  [actual number of targets]
Domain search space  (domZ):               1  [number of targets reported over threshold]
# CPU time: 0.20u 0.12s 00:00:00.32 Elapsed: 00:00:00.32
# Mc/sec: 1060.44
//
Query:       positive|P0DY41  [L=88]
Scores for complete sequence (score includes all domains):
   --- full sequence ---   --- best 1 domain ---    -#dom-
    E-value  score  bias    E-value  score  bias    exp  N  Model    Description
    ------- ------ -----    ------- ------ -----   ---- --  -------- -----------
    0.00032   21.5  18.4      0.049   14.5   7.2    2.2  2  ShK       ShK domain-like


Domain annotation for each model:
>> ShK  ShK domain-like
   #    score  bias  c-Evalue  i-Evalue hmmfrom  hmm to    alifrom  ali to    envfrom  env to     acc
 ---   ------ ----- --------- --------- ------- -------    ------- -------    ------- -------    ----
   1 !   11.6   5.4   1.8e-05      0.39       6      35 ..      27      53 ..      25      54 .. 0.93
   2 !   14.5   7.2   2.2e-06     0.049       2      37 .]      54      88 .]      53      88 .] 0.85



Internal pipeline statistics summary:
-------------------------------------
Query sequence(s):                         1  (88 residues searched)
Target model(s):                       21979  (3587873 nodes)
Passed MSV filter:                       950  (0.0432231); expected 439.6 (0.02)
Passed bias filter:                      353  (0.0160608); expected 439.6 (0.02)
Passed Vit filter:                        21  (0.000955457); expected 22.0 (0.001)
Passed Fwd filter:                         3  (0.000136494); expected 0.2 (1e-05)
Initial search space (Z):              21979  [actual number of targets]
Domain search space  (domZ):               1  [number of targets reported over threshold]
# CPU time: 0.20u 0.13s 00:00:00.33 Elapsed: 00:00:00.32
# Mc/sec: 972.16
//
Query:       positive|A0A1Q1NL17  [L=101]
Scores for complete sequence (score includes all domains):
   --- full sequence ---   --- best 1 domain ---    -#dom-
    E-value  score  bias    E-value  score  bias    exp  N  Model       Description
    ------- ------ -----    ------- ------ -----   ---- --  --------    -----------
    5.2e-05   23.6   4.5      8e-05   23.0   4.5    1.3  1  Kunitz_BPTI  Kunitz/Bovine pancreatic trypsin inhibitor domai


Domain annotation for each model:
>> Kunitz_BPTI  Kunitz/Bovine pancreatic trypsin inhibitor domain
   #    score  bias  c-Evalue  i-Evalue hmmfrom  hmm to    alifrom  ali to    envfrom  env to     acc
 ---   ------ ----- --------- --------- ------- -------    ------- -------    ------- -------    ----
   1 !   23.0   4.5   3.6e-09     8e-05       2      52 ..      32      88 ..      31      89 .. 0.90



Internal pipeline statistics summary:
-------------------------------------
Query sequence(s):                         1  (101 residues searched)
Target model(s):                       21979  (3587873 nodes)
Passed MSV filter:                       775  (0.0352609); expected 439.6 (0.02)
Passed bias filter:                      443  (0.0201556); expected 439.6 (0.02)
Passed Vit filter:                        24  (0.00109195); expected 22.0 (0.001)
Passed Fwd filter:                         2  (9.0996e-05); expected 0.2 (1e-05)
Initial search space (Z):              21979  [actual number of targets]
Domain search space  (domZ):               1  [number of targets reported over threshold]
# CPU time: 0.21u 0.12s 00:00:00.32 Elapsed: 00:00:00.32
# Mc/sec: 1105.69
//
Query:       positive|F6KSY2  [L=222]
Scores for complete sequence (score includes all domains):
   --- full sequence ---   --- best 1 domain ---    -#dom-
    E-value  score  bias    E-value  score  bias    exp  N  Model    Description
    ------- ------ -----    ------- ------ -----   ---- --  -------- -----------

   [No hits detected that satisfy reporting thresholds]


Domain annotation for each model:

   [No targets detected that satisfy reporting thresholds]


Internal pipeline statistics summary:
-------------------------------------
Query sequence(s):                         1  (222 residues searched)
Target model(s):                       21979  (3587873 nodes)
Passed MSV filter:                       624  (0.0283907); expected 439.6 (0.02)
Passed bias filter:                      488  (0.022203); expected 439.6 (0.02)
Passed Vit filter:                        40  (0.00181992); expected 22.0 (0.001)
Passed Fwd filter:                         1  (4.5498e-05); expected 0.2 (1e-05)
Initial search space (Z):              21979  [actual number of targets]
Domain search space  (domZ):               0  [number of targets reported over threshold]
# CPU time: 0.23u 0.13s 00:00:00.36 Elapsed: 00:00:00.35
# Mc/sec: 2217.07
//
Query:       positive|Q04669  [L=171]
Scores for complete sequence (score includes all domains):
   --- full sequence ---   --- best 1 domain ---    -#dom-
    E-value  score  bias    E-value  score  bias    exp  N  Model    Description
    ------- ------ -----    ------- ------ -----   ---- --  -------- -----------

   [No hits detected that satisfy reporting thresholds]


Domain annotation for each model:

   [No targets detected that satisfy reporting thresholds]


Internal pipeline statistics summary:
-------------------------------------
Query sequence(s):                         1  (171 residues searched)
Target model(s):                       21979  (3587873 nodes)
Passed MSV filter:                       444  (0.0202011); expected 439.6 (0.02)
Passed bias filter:                      341  (0.0155148); expected 439.6 (0.02)
Passed Vit filter:                        27  (0.00122845); expected 22.0 (0.001)
Passed Fwd filter:                         0  (0); expected 0.2 (1e-05)
Initial search space (Z):              21979  [actual number of targets]
Domain search space  (domZ):               0  [number of targets reported over threshold]
# CPU time: 0.22u 0.12s 00:00:00.34 Elapsed: 00:00:00.34
# Mc/sec: 1793.58
//
Query:       positive|A7SXG9  [L=313]
Scores for complete sequence (score includes all domains):
   --- full sequence ---   --- best 1 domain ---    -#dom-
    E-value  score  bias    E-value  score  bias    exp  N  Model    Description
    ------- ------ -----    ------- ------ -----   ---- --  -------- -----------
    1.5e-12   48.2  31.1    0.00011   23.0   5.2    3.2  3  ShK       ShK domain-like


Domain annotation for each model:
>> ShK  ShK domain-like
   #    score  bias  c-Evalue  i-Evalue hmmfrom  hmm to    alifrom  ali to    envfrom  env to     acc
 ---   ------ ----- --------- --------- ------- -------    ------- -------    ------- -------    ----
   1 !   17.2   7.4   3.2e-07     0.007       1      37 []      64      99 ..      64      99 .. 0.97
   2 !   23.0   5.2   4.9e-09   0.00011       2      37 .]     109     145 ..     108     145 .. 0.92
   3 !   20.2   2.8   3.6e-08    0.0008       3      35 ..     154     184 ..     153     185 .. 0.90



Internal pipeline statistics summary:
-------------------------------------
Query sequence(s):                         1  (313 residues searched)
Target model(s):                       21979  (3587873 nodes)
Passed MSV filter:                       887  (0.0403567); expected 439.6 (0.02)
Passed bias filter:                      318  (0.0144684); expected 439.6 (0.02)
Passed Vit filter:                        53  (0.00241139); expected 22.0 (0.001)
Passed Fwd filter:                         6  (0.000272988); expected 0.2 (1e-05)
Initial search space (Z):              21979  [actual number of targets]
Domain search space  (domZ):               1  [number of targets reported over threshold]
# CPU time: 0.25u 0.12s 00:00:00.37 Elapsed: 00:00:00.37
# Mc/sec: 2986.73
//
Query:       positive|T1PQV6  [L=461]
Scores for complete sequence (score includes all domains):
   --- full sequence ---   --- best 1 domain ---    -#dom-
    E-value  score  bias    E-value  score  bias    exp  N  Model    Description
    ------- ------ -----    ------- ------ -----   ---- --  -------- -----------

   [No hits detected that satisfy reporting thresholds]


Domain annotation for each model:

   [No targets detected that satisfy reporting thresholds]


Internal pipeline statistics summary:
-------------------------------------
Query sequence(s):                         1  (461 residues searched)
Target model(s):                       21979  (3587873 nodes)
Passed MSV filter:                       795  (0.0361709); expected 439.6 (0.02)
Passed bias filter:                      691  (0.0314391); expected 439.6 (0.02)
Passed Vit filter:                        78  (0.00354884); expected 22.0 (0.001)
Passed Fwd filter:                         6  (0.000272988); expected 0.2 (1e-05)
Initial search space (Z):              21979  [actual number of targets]
Domain search space  (domZ):               0  [number of targets reported over threshold]
# CPU time: 0.30u 0.13s 00:00:00.43 Elapsed: 00:00:00.42
# Mc/sec: 3864.25
//
Query:       positive|P54355  [L=405]
Scores for complete sequence (score includes all domains):
   --- full sequence ---   --- best 1 domain ---    -#dom-
    E-value  score  bias    E-value  score  bias    exp  N  Model           Description
    ------- ------ -----    ------- ------ -----   ---- --  --------        -----------
    1.1e-79  265.5   4.2    1.1e-79  265.5   4.2    1.7  1  fragilysinNterm  N-terminal domain of fragilysin
      1e-07   32.7   0.2    1.9e-07   31.8   0.2    1.4  1  Reprolysin_5     Metallo-peptidase family M12
    9.4e-07   29.0   0.1    1.8e-06   28.0   0.1    1.5  1  Reprolysin_4     Metallo-peptidase family M12B Reprolysin-lik
    1.6e-06   28.4   0.1    2.9e-06   27.5   0.1    1.4  1  Peptidase_M10    Matrixin
    2.8e-05   24.9   0.2    7.5e-05   23.5   0.1    1.8  1  Reprolysin_3     Metallo-peptidase family M12B Reprolysin-lik


Domain annotation for each model:
>> fragilysinNterm  N-terminal domain of fragilysin
   #    score  bias  c-Evalue  i-Evalue hmmfrom  hmm to    alifrom  ali to    envfrom  env to     acc
 ---   ------ ----- --------- --------- ------- -------    ------- -------    ------- -------    ----
   1 !  265.5   4.2   2.4e-83   1.1e-79       1     144 []      45     188 ..      45     188 .. 1.00

>> Reprolysin_5  Metallo-peptidase family M12
   #    score  bias  c-Evalue  i-Evalue hmmfrom  hmm to    alifrom  ali to    envfrom  env to     acc
 ---   ------ ----- --------- --------- ------- -------    ------- -------    ------- -------    ----
   1 !   31.8   0.2   4.4e-11   1.9e-07      29     162 ..     245     371 ..     234     392 .. 0.68

>> Reprolysin_4  Metallo-peptidase family M12B Reprolysin-like
   #    score  bias  c-Evalue  i-Evalue hmmfrom  hmm to    alifrom  ali to    envfrom  env to     acc
 ---   ------ ----- --------- --------- ------- -------    ------- -------    ------- -------    ----
   1 !   28.0   0.1   4.1e-10   1.8e-06      77     155 ..     289     370 ..     238     393 .. 0.75

>> Peptidase_M10  Matrixin
   #    score  bias  c-Evalue  i-Evalue hmmfrom  hmm to    alifrom  ali to    envfrom  env to     acc
 ---   ------ ----- --------- --------- ------- -------    ------- -------    ------- -------    ----
   1 !   27.5   0.1   6.6e-10   2.9e-06     101     137 ..     343     379 ..     312     395 .. 0.77

>> Reprolysin_3  Metallo-peptidase family M12B Reprolysin-like
   #    score  bias  c-Evalue  i-Evalue hmmfrom  hmm to    alifrom  ali to    envfrom  env to     acc
 ---   ------ ----- --------- --------- ------- -------    ------- -------    ------- -------    ----
   1 !   23.5   0.1   1.7e-08   7.5e-05      10     123 .]     252     367 ..     244     367 .. 0.69



Internal pipeline statistics summary:
-------------------------------------
Query sequence(s):                         1  (405 residues searched)
Target model(s):                       21979  (3587873 nodes)
Passed MSV filter:                       794  (0.0361254); expected 439.6 (0.02)
Passed bias filter:                      630  (0.0286637); expected 439.6 (0.02)
Passed Vit filter:                        72  (0.00327585); expected 22.0 (0.001)
Passed Fwd filter:                         7  (0.000318486); expected 0.2 (1e-05)
Initial search space (Z):              21979  [actual number of targets]
Domain search space  (domZ):               5  [number of targets reported over threshold]
# CPU time: 0.28u 0.13s 00:00:00.41 Elapsed: 00:00:00.40
# Mc/sec: 3569.31
//
Query:       positive|Q9X5C7  [L=234]
Scores for complete sequence (score includes all domains):
   --- full sequence ---   --- best 1 domain ---    -#dom-
    E-value  score  bias    E-value  score  bias    exp  N  Model           Description
    ------- ------ -----    ------- ------ -----   ---- --  --------        -----------
    1.1e-27   96.4   3.7    2.2e-27   95.5   3.7    1.5  1  Stap_Strp_tox_C  Staphylococcal/Streptococcal toxin, beta-gra
    8.6e-08   32.9   0.1    8.6e-08   32.9   0.1    2.0  1  Stap_Strp_toxin  Staphylococcal/Streptococcal toxin, OB-fold 


Domain annotation for each model:
>> Stap_Strp_tox_C  Staphylococcal/Streptococcal toxin, beta-grasp domain
   #    score  bias  c-Evalue  i-Evalue hmmfrom  hmm to    alifrom  ali to    envfrom  env to     acc
 ---   ------ ----- --------- --------- ------- -------    ------- -------    ------- -------    ----
   1 !   95.5   3.7     2e-31   2.2e-27       4      96 .]     127     231 ..     124     231 .. 0.96

>> Stap_Strp_toxin  Staphylococcal/Streptococcal toxin, OB-fold domain
   #    score  bias  c-Evalue  i-Evalue hmmfrom  hmm to    alifrom  ali to    envfrom  env to     acc
 ---   ------ ----- --------- --------- ------- -------    ------- -------    ------- -------    ----
   1 !   32.9   0.1   7.8e-12   8.6e-08       2      87 .]      35     115 ..      34     115 .. 0.94



Internal pipeline statistics summary:
-------------------------------------
Query sequence(s):                         1  (234 residues searched)
Target model(s):                       21979  (3587873 nodes)
Passed MSV filter:                       723  (0.032895); expected 439.6 (0.02)
Passed bias filter:                      389  (0.0176987); expected 439.6 (0.02)
Passed Vit filter:                        24  (0.00109195); expected 22.0 (0.001)
Passed Fwd filter:                         2  (9.0996e-05); expected 0.2 (1e-05)
Initial search space (Z):              21979  [actual number of targets]
Domain search space  (domZ):               2  [number of targets reported over threshold]
# CPU time: 0.22u 0.13s 00:00:00.35 Elapsed: 00:00:00.34
# Mc/sec: 2406.16
//
Query:       positive|A7RJ12  [L=355]
Scores for complete sequence (score includes all domains):
   --- full sequence ---   --- best 1 domain ---    -#dom-
    E-value  score  bias    E-value  score  bias    exp  N  Model    Description
    ------- ------ -----    ------- ------ -----   ---- --  -------- -----------

   [No hits detected that satisfy reporting thresholds]


Domain annotation for each model:

   [No targets detected that satisfy reporting thresholds]


Internal pipeline statistics summary:
-------------------------------------
Query sequence(s):                         1  (355 residues searched)
Target model(s):                       21979  (3587873 nodes)
Passed MSV filter:                      2104  (0.0957277); expected 439.6 (0.02)
Passed bias filter:                      467  (0.0212476); expected 439.6 (0.02)
Passed Vit filter:                        79  (0.00359434); expected 22.0 (0.001)
Passed Fwd filter:                        24  (0.00109195); expected 0.2 (1e-05)
Initial search space (Z):              21979  [actual number of targets]
Domain search space  (domZ):               0  [number of targets reported over threshold]
# CPU time: 0.38u 0.10s 00:00:00.48 Elapsed: 00:00:00.48
# Mc/sec: 2634.06
//
Query:       positive|Q5WPU8  [L=301]
Scores for complete sequence (score includes all domains):
   --- full sequence ---   --- best 1 domain ---    -#dom-
    E-value  score  bias    E-value  score  bias    exp  N  Model    Description
    ------- ------ -----    ------- ------ -----   ---- --  -------- -----------

   [No hits detected that satisfy reporting thresholds]


Domain annotation for each model:

   [No targets detected that satisfy reporting thresholds]


Internal pipeline statistics summary:
-------------------------------------
Query sequence(s):                         1  (301 residues searched)
Target model(s):                       21979  (3587873 nodes)
Passed MSV filter:                       750  (0.0341235); expected 439.6 (0.02)
Passed bias filter:                      470  (0.021384); expected 439.6 (0.02)
Passed Vit filter:                        27  (0.00122845); expected 22.0 (0.001)
Passed Fwd filter:                         2  (9.0996e-05); expected 0.2 (1e-05)
Initial search space (Z):              21979  [actual number of targets]
Domain search space  (domZ):               0  [number of targets reported over threshold]
# CPU time: 0.24u 0.13s 00:00:00.37 Elapsed: 00:00:00.36
# Mc/sec: 2953.30
//
Query:       positive|A0A1S4HE90  [L=354]
Scores for complete sequence (score includes all domains):
   --- full sequence ---   --- best 1 domain ---    -#dom-
    E-value  score  bias    E-value  score  bias    exp  N  Model    Description
    ------- ------ -----    ------- ------ -----   ---- --  -------- -----------
    1.9e-09   37.9   0.4    1.2e-06   28.9   0.5    2.3  1  PBP_GOBP  PBP/GOBP family


Domain annotation for each model:
>> PBP_GOBP  PBP/GOBP family
   #    score  bias  c-Evalue  i-Evalue hmmfrom  hmm to    alifrom  ali to    envfrom  env to     acc
 ---   ------ ----- --------- --------- ------- -------    ------- -------    ------- -------    ----
   1 !   28.9   0.5   5.5e-11   1.2e-06      29     111 ..     209     293 ..     192     294 .. 0.88



Internal pipeline statistics summary:
-------------------------------------
Query sequence(s):                         1  (354 residues searched)
Target model(s):                       21979  (3587873 nodes)
Passed MSV filter:                       643  (0.0292552); expected 439.6 (0.02)
Passed bias filter:                      481  (0.0218845); expected 439.6 (0.02)
Passed Vit filter:                        21  (0.000955457); expected 22.0 (0.001)
Passed Fwd filter:                         1  (4.5498e-05); expected 0.2 (1e-05)
Initial search space (Z):              21979  [actual number of targets]
Domain search space  (domZ):               1  [number of targets reported over threshold]
# CPU time: 0.23u 0.14s 00:00:00.37 Elapsed: 00:00:00.37
# Mc/sec: 3405.08
//
Query:       positive|A0A023VZR2  [L=206]
Scores for complete sequence (score includes all domains):
   --- full sequence ---   --- best 1 domain ---    -#dom-
    E-value  score  bias    E-value  score  bias    exp  N  Model    Description
    ------- ------ -----    ------- ------ -----   ---- --  -------- -----------

   [No hits detected that satisfy reporting thresholds]


Domain annotation for each model:

   [No targets detected that satisfy reporting thresholds]


Internal pipeline statistics summary:
-------------------------------------
Query sequence(s):                         1  (206 residues searched)
Target model(s):                       21979  (3587873 nodes)
Passed MSV filter:                      1570  (0.0714318); expected 439.6 (0.02)
Passed bias filter:                      471  (0.0214295); expected 439.6 (0.02)
Passed Vit filter:                        33  (0.00150143); expected 22.0 (0.001)
Passed Fwd filter:                         5  (0.00022749); expected 0.2 (1e-05)
Initial search space (Z):              21979  [actual number of targets]
Domain search space  (domZ):               0  [number of targets reported over threshold]
# CPU time: 0.25u 0.12s 00:00:00.37 Elapsed: 00:00:00.37
# Mc/sec: 1984.32
//
Query:       positive|E3PQQ8  [L=207]
Scores for complete sequence (score includes all domains):
   --- full sequence ---   --- best 1 domain ---    -#dom-
    E-value  score  bias    E-value  score  bias    exp  N  Model    Description
    ------- ------ -----    ------- ------ -----   ---- --  -------- -----------
    4.1e-12   46.4   5.1    0.00057   20.1   0.1    3.2  0  CCAP      Arthropod cardioacceleratory peptide 2a


Domain annotation for each model:
>> CCAP  Arthropod cardioacceleratory peptide 2a
   [No individual domains that satisfy reporting thresholds (although complete target did)]



Internal pipeline statistics summary:
-------------------------------------
Query sequence(s):                         1  (207 residues searched)
Target model(s):                       21979  (3587873 nodes)
Passed MSV filter:                       932  (0.0424041); expected 439.6 (0.02)
Passed bias filter:                      607  (0.0276173); expected 439.6 (0.02)
Passed Vit filter:                        30  (0.00136494); expected 22.0 (0.001)
Passed Fwd filter:                         1  (4.5498e-05); expected 0.2 (1e-05)
Initial search space (Z):              21979  [actual number of targets]
Domain search space  (domZ):               1  [number of targets reported over threshold]
# CPU time: 0.23u 0.13s 00:00:00.36 Elapsed: 00:00:00.36
# Mc/sec: 2058.35
//
Query:       positive|B5AJT2  [L=431]
Scores for complete sequence (score includes all domains):
   --- full sequence ---   --- best 1 domain ---    -#dom-
    E-value  score  bias    E-value  score  bias    exp  N  Model        Description
    ------- ------ -----    ------- ------ -----   ---- --  --------     -----------
    5.5e-09   36.8   0.4    5.5e-09   36.8   0.4    1.9  1  Reprolysin_5  Metallo-peptidase family M12
    3.1e-08   34.1   0.4    6.9e-08   33.0   0.4    1.5  1  Reprolysin    Reprolysin (M12B) family zinc metalloprotease
    1.1e-07   32.7   0.2    3.3e-07   31.1   0.2    1.8  1  Reprolysin_3  Metallo-peptidase family M12B Reprolysin-like
    3.3e-05   23.9   0.9    3.3e-05   23.9   0.9    1.6  1  Reprolysin_4  Metallo-peptidase family M12B Reprolysin-like


Domain annotation for each model:
>> Reprolysin_5  Metallo-peptidase family M12
   #    score  bias  c-Evalue  i-Evalue hmmfrom  hmm to    alifrom  ali to    envfrom  env to     acc
 ---   ------ ----- --------- --------- ------- -------    ------- -------    ------- -------    ----
   1 !   36.8   0.4   9.9e-13   5.5e-09      95     195 ..     318     402 ..     269     404 .. 0.79

>> Reprolysin  Reprolysin (M12B) family zinc metalloprotease
   #    score  bias  c-Evalue  i-Evalue hmmfrom  hmm to    alifrom  ali to    envfrom  env to     acc
 ---   ------ ----- --------- --------- ------- -------    ------- -------    ------- -------    ----
   1 !   33.0   0.4   1.2e-11   6.9e-08      88     198 ..     316     426 ..     311     427 .. 0.80

>> Reprolysin_3  Metallo-peptidase family M12B Reprolysin-like
   #    score  bias  c-Evalue  i-Evalue hmmfrom  hmm to    alifrom  ali to    envfrom  env to     acc
 ---   ------ ----- --------- --------- ------- -------    ------- -------    ------- -------    ----
   1 !   31.1   0.2   5.9e-11   3.3e-07       7     123 .]     244     374 ..     239     374 .. 0.79

>> Reprolysin_4  Metallo-peptidase family M12B Reprolysin-like
   #    score  bias  c-Evalue  i-Evalue hmmfrom  hmm to    alifrom  ali to    envfrom  env to     acc
 ---   ------ ----- --------- --------- ------- -------    ------- -------    ------- -------    ----
   1 !   23.9   0.9   5.9e-09   3.3e-05      91     197 ..     314     418 ..     289     423 .. 0.73



Internal pipeline statistics summary:
-------------------------------------
Query sequence(s):                         1  (431 residues searched)
Target model(s):                       21979  (3587873 nodes)
Passed MSV filter:                       563  (0.0256154); expected 439.6 (0.02)
Passed bias filter:                      380  (0.0172892); expected 439.6 (0.02)
Passed Vit filter:                        44  (0.00200191); expected 22.0 (0.001)
Passed Fwd filter:                         6  (0.000272988); expected 0.2 (1e-05)
Initial search space (Z):              21979  [actual number of targets]
Domain search space  (domZ):               4  [number of targets reported over threshold]
# CPU time: 0.27u 0.13s 00:00:00.40 Elapsed: 00:00:00.39
# Mc/sec: 3931.76
//
Query:       positive|P06886  [L=234]
Scores for complete sequence (score includes all domains):
   --- full sequence ---   --- best 1 domain ---    -#dom-
    E-value  score  bias    E-value  score  bias    exp  N  Model           Description
    ------- ------ -----    ------- ------ -----   ---- --  --------        -----------
      2e-15   57.1   0.3    4.5e-15   56.0   0.3    1.6  1  Stap_Strp_tox_C  Staphylococcal/Streptococcal toxin, beta-gra


Domain annotation for each model:
>> Stap_Strp_tox_C  Staphylococcal/Streptococcal toxin, beta-grasp domain
   #    score  bias  c-Evalue  i-Evalue hmmfrom  hmm to    alifrom  ali to    envfrom  env to     acc
 ---   ------ ----- --------- --------- ------- -------    ------- -------    ------- -------    ----
   1 !   56.0   0.3     2e-19   4.5e-15       3      95 ..     140     232 ..     138     233 .. 0.91



Internal pipeline statistics summary:
-------------------------------------
Query sequence(s):                         1  (234 residues searched)
Target model(s):                       21979  (3587873 nodes)
Passed MSV filter:                       556  (0.0252969); expected 439.6 (0.02)
Passed bias filter:                      416  (0.0189272); expected 439.6 (0.02)
Passed Vit filter:                        30  (0.00136494); expected 22.0 (0.001)
Passed Fwd filter:                         2  (9.0996e-05); expected 0.2 (1e-05)
Initial search space (Z):              21979  [actual number of targets]
Domain search space  (domZ):               1  [number of targets reported over threshold]
# CPU time: 0.23u 0.12s 00:00:00.35 Elapsed: 00:00:00.34
# Mc/sec: 2400.53
//
Query:       positive|O18424  [L=300]
Scores for complete sequence (score includes all domains):
   --- full sequence ---   --- best 1 domain ---    -#dom-
    E-value  score  bias    E-value  score  bias    exp  N  Model    Description
    ------- ------ -----    ------- ------ -----   ---- --  -------- -----------

   [No hits detected that satisfy reporting thresholds]


Domain annotation for each model:

   [No targets detected that satisfy reporting thresholds]


Internal pipeline statistics summary:
-------------------------------------
Query sequence(s):                         1  (300 residues searched)
Target model(s):                       21979  (3587873 nodes)
Passed MSV filter:                       686  (0.0312116); expected 439.6 (0.02)
Passed bias filter:                      475  (0.0216115); expected 439.6 (0.02)
Passed Vit filter:                        26  (0.00118295); expected 22.0 (0.001)
Passed Fwd filter:                         0  (0); expected 0.2 (1e-05)
Initial search space (Z):              21979  [actual number of targets]
Domain search space  (domZ):               0  [number of targets reported over threshold]
# CPU time: 0.24u 0.12s 00:00:00.36 Elapsed: 00:00:00.36
# Mc/sec: 2955.97
//
Query:       positive|Q45UF1  [L=213]
Scores for complete sequence (score includes all domains):
   --- full sequence ---   --- best 1 domain ---    -#dom-
    E-value  score  bias    E-value  score  bias    exp  N  Model    Description
    ------- ------ -----    ------- ------ -----   ---- --  -------- -----------

   [No hits detected that satisfy reporting thresholds]


Domain annotation for each model:

   [No targets detected that satisfy reporting thresholds]


Internal pipeline statistics summary:
-------------------------------------
Query sequence(s):                         1  (213 residues searched)
Target model(s):                       21979  (3587873 nodes)
Passed MSV filter:                      1212  (0.0551435); expected 439.6 (0.02)
Passed bias filter:                      386  (0.0175622); expected 439.6 (0.02)
Passed Vit filter:                        35  (0.00159243); expected 22.0 (0.001)
Passed Fwd filter:                         0  (0); expected 0.2 (1e-05)
Initial search space (Z):              21979  [actual number of targets]
Domain search space  (domZ):               0  [number of targets reported over threshold]
# CPU time: 0.23u 0.12s 00:00:00.35 Elapsed: 00:00:00.34
# Mc/sec: 2205.11
//
Query:       positive|P0DXX1  [L=310]
Scores for complete sequence (score includes all domains):
   --- full sequence ---   --- best 1 domain ---    -#dom-
    E-value  score  bias    E-value  score  bias    exp  N  Model    Description
    ------- ------ -----    ------- ------ -----   ---- --  -------- -----------

   [No hits detected that satisfy reporting thresholds]


Domain annotation for each model:

   [No targets detected that satisfy reporting thresholds]


Internal pipeline statistics summary:
-------------------------------------
Query sequence(s):                         1  (310 residues searched)
Target model(s):                       21979  (3587873 nodes)
Passed MSV filter:                       627  (0.0285272); expected 439.6 (0.02)
Passed bias filter:                      455  (0.0207016); expected 439.6 (0.02)
Passed Vit filter:                        33  (0.00150143); expected 22.0 (0.001)
Passed Fwd filter:                         0  (0); expected 0.2 (1e-05)
Initial search space (Z):              21979  [actual number of targets]
Domain search space  (domZ):               0  [number of targets reported over threshold]
# CPU time: 0.25u 0.11s 00:00:00.36 Elapsed: 00:00:00.36
# Mc/sec: 3036.41
//
Query:       positive|P09807  [L=249]
Scores for complete sequence (score includes all domains):
   --- full sequence ---   --- best 1 domain ---    -#dom-
    E-value  score  bias    E-value  score  bias    exp  N  Model    Description
    ------- ------ -----    ------- ------ -----   ---- --  -------- -----------

   [No hits detected that satisfy reporting thresholds]


Domain annotation for each model:

   [No targets detected that satisfy reporting thresholds]


Internal pipeline statistics summary:
-------------------------------------
Query sequence(s):                         1  (249 residues searched)
Target model(s):                       21979  (3587873 nodes)
Passed MSV filter:                       980  (0.044588); expected 439.6 (0.02)
Passed bias filter:                      641  (0.0291642); expected 439.6 (0.02)
Passed Vit filter:                        37  (0.00168343); expected 22.0 (0.001)
Passed Fwd filter:                         0  (0); expected 0.2 (1e-05)
Initial search space (Z):              21979  [actual number of targets]
Domain search space  (domZ):               0  [number of targets reported over threshold]
# CPU time: 0.24u 0.14s 00:00:00.38 Elapsed: 00:00:00.37
# Mc/sec: 2406.68
//
Query:       positive|Q9UB30  [L=165]
Scores for complete sequence (score includes all domains):
   --- full sequence ---   --- best 1 domain ---    -#dom-
    E-value  score  bias    E-value  score  bias    exp  N  Model    Description
    ------- ------ -----    ------- ------ -----   ---- --  -------- -----------
    1.6e-07   31.7   2.0    2.4e-07   31.1   2.0    1.3  1  PBP_GOBP  PBP/GOBP family


Domain annotation for each model:
>> PBP_GOBP  PBP/GOBP family
   #    score  bias  c-Evalue  i-Evalue hmmfrom  hmm to    alifrom  ali to    envfrom  env to     acc
 ---   ------ ----- --------- --------- ------- -------    ------- -------    ------- -------    ----
   1 !   31.1   2.0   1.1e-11   2.4e-07      16     112 ..      24     120 ..      19     121 .. 0.88



Internal pipeline statistics summary:
-------------------------------------
Query sequence(s):                         1  (165 residues searched)
Target model(s):                       21979  (3587873 nodes)
Passed MSV filter:                       858  (0.0390373); expected 439.6 (0.02)
Passed bias filter:                      592  (0.0269348); expected 439.6 (0.02)
Passed Vit filter:                        28  (0.00127394); expected 22.0 (0.001)
Passed Fwd filter:                         1  (4.5498e-05); expected 0.2 (1e-05)
Initial search space (Z):              21979  [actual number of targets]
Domain search space  (domZ):               1  [number of targets reported over threshold]
# CPU time: 0.23u 0.12s 00:00:00.35 Elapsed: 00:00:00.34
# Mc/sec: 1697.21
//
Query:       positive|Q813X6  [L=545]
Scores for complete sequence (score includes all domains):
   --- full sequence ---   --- best 1 domain ---    -#dom-
    E-value  score  bias    E-value  score  bias    exp  N  Model          Description
    ------- ------ -----    ------- ------ -----   ---- --  --------       -----------
      1e-28  100.5   0.8    1.9e-28   99.7   0.8    1.5  1  EndoU_bacteria  Bacterial EndoU nuclease
    7.6e-11   42.5   6.3    9.2e-10   39.0   4.6    2.9  1  LXG             LXG domain of WXG superfamily


Domain annotation for each model:
>> EndoU_bacteria  Bacterial EndoU nuclease
   #    score  bias  c-Evalue  i-Evalue hmmfrom  hmm to    alifrom  ali to    envfrom  env to     acc
 ---   ------ ----- --------- --------- ------- -------    ------- -------    ------- -------    ----
   1 !   99.7   0.8   1.7e-32   1.9e-28       3     128 ..     424     544 ..     422     545 .] 0.95

>> LXG  LXG domain of WXG superfamily
   #    score  bias  c-Evalue  i-Evalue hmmfrom  hmm to    alifrom  ali to    envfrom  env to     acc
 ---   ------ ----- --------- --------- ------- -------    ------- -------    ------- -------    ----
   1 !   39.0   4.6   8.4e-14   9.2e-10      11     191 ..      13     176 ..       7     181 .. 0.83



Internal pipeline statistics summary:
-------------------------------------
Query sequence(s):                         1  (545 residues searched)
Target model(s):                       21979  (3587873 nodes)
Passed MSV filter:                       814  (0.0370354); expected 439.6 (0.02)
Passed bias filter:                      595  (0.0270713); expected 439.6 (0.02)
Passed Vit filter:                        41  (0.00186542); expected 22.0 (0.001)
Passed Fwd filter:                         4  (0.000181992); expected 0.2 (1e-05)
Initial search space (Z):              21979  [actual number of targets]
Domain search space  (domZ):               2  [number of targets reported over threshold]
# CPU time: 0.31u 0.14s 00:00:00.45 Elapsed: 00:00:00.45
# Mc/sec: 4329.95
//
Query:       positive|Q5QGZ2  [L=219]
Scores for complete sequence (score includes all domains):
   --- full sequence ---   --- best 1 domain ---    -#dom-
    E-value  score  bias    E-value  score  bias    exp  N  Model    Description
    ------- ------ -----    ------- ------ -----   ---- --  -------- -----------

   [No hits detected that satisfy reporting thresholds]


Domain annotation for each model:

   [No targets detected that satisfy reporting thresholds]


Internal pipeline statistics summary:
-------------------------------------
Query sequence(s):                         1  (219 residues searched)
Target model(s):                       21979  (3587873 nodes)
Passed MSV filter:                      1468  (0.066791); expected 439.6 (0.02)
Passed bias filter:                      540  (0.0245689); expected 439.6 (0.02)
Passed Vit filter:                        42  (0.00191091); expected 22.0 (0.001)
Passed Fwd filter:                         5  (0.00022749); expected 0.2 (1e-05)
Initial search space (Z):              21979  [actual number of targets]
Domain search space  (domZ):               0  [number of targets reported over threshold]
# CPU time: 0.24u 0.13s 00:00:00.37 Elapsed: 00:00:00.37
# Mc/sec: 2087.08
//
Query:       positive|Q9ZIU5  [L=750]
Scores for complete sequence (score includes all domains):
   --- full sequence ---   --- best 1 domain ---    -#dom-
    E-value  score  bias    E-value  score  bias    exp  N  Model       Description
    ------- ------ -----    ------- ------ -----   ---- --  --------    -----------
    6.9e-19   68.7   0.0    6.9e-19   68.7   0.0    3.1  1  Endotoxin_N  delta endotoxin, N-terminal domain


Domain annotation for each model:
>> Endotoxin_N  delta endotoxin, N-terminal domain
   #    score  bias  c-Evalue  i-Evalue hmmfrom  hmm to    alifrom  ali to    envfrom  env to     acc
 ---   ------ ----- --------- --------- ------- -------    ------- -------    ------- -------    ----
   1 !   68.7   0.0   3.1e-23   6.9e-19      38     221 ..      71     238 ..      56     240 .. 0.91



Internal pipeline statistics summary:
-------------------------------------
Query sequence(s):                         1  (750 residues searched)
Target model(s):                       21979  (3587873 nodes)
Passed MSV filter:                       537  (0.0244324); expected 439.6 (0.02)
Passed bias filter:                      303  (0.0137859); expected 439.6 (0.02)
Passed Vit filter:                        24  (0.00109195); expected 22.0 (0.001)
Passed Fwd filter:                         2  (9.0996e-05); expected 0.2 (1e-05)
Initial search space (Z):              21979  [actual number of targets]
Domain search space  (domZ):               1  [number of targets reported over threshold]
# CPU time: 0.30u 0.13s 00:00:00.43 Elapsed: 00:00:00.42
# Mc/sec: 6288.15
//
Query:       positive|Q00531  [L=560]
Scores for complete sequence (score includes all domains):
   --- full sequence ---   --- best 1 domain ---    -#dom-
    E-value  score  bias    E-value  score  bias    exp  N  Model    Description
    ------- ------ -----    ------- ------ -----   ---- --  -------- -----------
    2.1e-38  132.1   0.0    2.9e-38  131.6   0.0    1.2  1  RIP       Ribosome inactivating protein
    4.3e-17   63.0   0.0    7.8e-17   62.1   0.0    1.4  1  DUF6598   Domain of unknown function (DUF6598)


Domain annotation for each model:
>> RIP  Ribosome inactivating protein
   #    score  bias  c-Evalue  i-Evalue hmmfrom  hmm to    alifrom  ali to    envfrom  env to     acc
 ---   ------ ----- --------- --------- ------- -------    ------- -------    ------- -------    ----
   1 !  131.6   0.0   2.7e-42   2.9e-38       2     197 .]      18     242 ..      17     242 .. 0.89

>> DUF6598  Domain of unknown function (DUF6598)
   #    score  bias  c-Evalue  i-Evalue hmmfrom  hmm to    alifrom  ali to    envfrom  env to     acc
 ---   ------ ----- --------- --------- ------- -------    ------- -------    ------- -------    ----
   1 !   62.1   0.0   7.1e-21   7.8e-17      66     239 ..     371     552 ..     366     553 .. 0.84



Internal pipeline statistics summary:
-------------------------------------
Query sequence(s):                         1  (560 residues searched)
Target model(s):                       21979  (3587873 nodes)
Passed MSV filter:                       415  (0.0188817); expected 439.6 (0.02)
Passed bias filter:                      354  (0.0161063); expected 439.6 (0.02)
Passed Vit filter:                        30  (0.00136494); expected 22.0 (0.001)
Passed Fwd filter:                         2  (9.0996e-05); expected 0.2 (1e-05)
Initial search space (Z):              21979  [actual number of targets]
Domain search space  (domZ):               2  [number of targets reported over threshold]
# CPU time: 0.29u 0.11s 00:00:00.40 Elapsed: 00:00:00.40
# Mc/sec: 4948.17
//
Query:       positive|Q45755  [L=803]
Scores for complete sequence (score includes all domains):
   --- full sequence ---   --- best 1 domain ---    -#dom-
    E-value  score  bias    E-value  score  bias    exp  N  Model       Description
    ------- ------ -----    ------- ------ -----   ---- --  --------    -----------
    4.7e-32  112.0   1.8    7.1e-32  111.4   0.5    2.0  1  Endotoxin_M  delta endotoxin
    1.6e-23   83.9   2.0    1.2e-22   81.1   0.0    2.7  1  Endotoxin_C  delta endotoxin
    1.1e-09   38.7   0.7    2.2e-09   37.6   0.7    1.5  1  Endotoxin_N  delta endotoxin, N-terminal domain


Domain annotation for each model:
>> Endotoxin_M  delta endotoxin
   #    score  bias  c-Evalue  i-Evalue hmmfrom  hmm to    alifrom  ali to    envfrom  env to     acc
 ---   ------ ----- --------- --------- ------- -------    ------- -------    ------- -------    ----
   1 !  111.4   0.5   9.6e-36   7.1e-32       2     199 ..     329     529 ..     328     534 .. 0.94

>> Endotoxin_C  delta endotoxin
   #    score  bias  c-Evalue  i-Evalue hmmfrom  hmm to    alifrom  ali to    envfrom  env to     acc
 ---   ------ ----- --------- --------- ------- -------    ------- -------    ------- -------    ----
   1 !   81.1   0.0   1.6e-26   1.2e-22       2     142 .]     546     692 ..     545     692 .. 0.90

>> Endotoxin_N  delta endotoxin, N-terminal domain
   #    score  bias  c-Evalue  i-Evalue hmmfrom  hmm to    alifrom  ali to    envfrom  env to     acc
 ---   ------ ----- --------- --------- ------- -------    ------- -------    ------- -------    ----
   1 !   37.6   0.7     3e-13   2.2e-09      13     222 ..     103     319 ..      88     320 .. 0.78



Internal pipeline statistics summary:
-------------------------------------
Query sequence(s):                         1  (803 residues searched)
Target model(s):                       21979  (3587873 nodes)
Passed MSV filter:                       852  (0.0387643); expected 439.6 (0.02)
Passed bias filter:                      706  (0.0321216); expected 439.6 (0.02)
Passed Vit filter:                        53  (0.00241139); expected 22.0 (0.001)
Passed Fwd filter:                         4  (0.000181992); expected 0.2 (1e-05)
Initial search space (Z):              21979  [actual number of targets]
Domain search space  (domZ):               3  [number of targets reported over threshold]
# CPU time: 0.38u 0.13s 00:00:00.51 Elapsed: 00:00:00.50
# Mc/sec: 5739.36
//
Query:       positive|C0HMD5  [L=162]
Scores for complete sequence (score includes all domains):
   --- full sequence ---   --- best 1 domain ---    -#dom-
    E-value  score  bias    E-value  score  bias    exp  N  Model       Description
    ------- ------ -----    ------- ------ -----   ---- --  --------    -----------
    0.00014   22.2  16.1    0.00093   19.6   3.3    3.1  0  Kunitz_BPTI  Kunitz/Bovine pancreatic trypsin inhibitor domai


Domain annotation for each model:
>> Kunitz_BPTI  Kunitz/Bovine pancreatic trypsin inhibitor domain
   [No individual domains that satisfy reporting thresholds (although complete target did)]



Internal pipeline statistics summary:
-------------------------------------
Query sequence(s):                         1  (162 residues searched)
Target model(s):                       21979  (3587873 nodes)
Passed MSV filter:                      1058  (0.0481369); expected 439.6 (0.02)
Passed bias filter:                      526  (0.0239319); expected 439.6 (0.02)
Passed Vit filter:                        46  (0.00209291); expected 22.0 (0.001)
Passed Fwd filter:                         3  (0.000136494); expected 0.2 (1e-05)
Initial search space (Z):              21979  [actual number of targets]
Domain search space  (domZ):               1  [number of targets reported over threshold]
# CPU time: 0.22u 0.13s 00:00:00.35 Elapsed: 00:00:00.35
# Mc/sec: 1638.49
//
Query:       positive|P19247  [L=471]
Scores for complete sequence (score includes all domains):
   --- full sequence ---   --- best 1 domain ---    -#dom-
    E-value  score  bias    E-value  score  bias    exp  N  Model          Description
    ------- ------ -----    ------- ------ -----   ---- --  --------       -----------
    6.7e-16   59.1   4.8    3.6e-15   56.7   4.7    2.2  1  Leukocidin      Leukocidin/Hemolysin toxin family
    2.9e-12   47.1   2.9    5.8e-12   46.2   2.9    1.6  1  Ricin_B_lectin  Ricin-type beta-trefoil lectin domain


Domain annotation for each model:
>> Leukocidin  Leukocidin/Hemolysin toxin family
   #    score  bias  c-Evalue  i-Evalue hmmfrom  hmm to    alifrom  ali to    envfrom  env to     acc
 ---   ------ ----- --------- --------- ------- -------    ------- -------    ------- -------    ----
   1 !   56.7   4.7   3.3e-19   3.6e-15      12     256 .]      82     331 ..      71     331 .. 0.78

>> Ricin_B_lectin  Ricin-type beta-trefoil lectin domain
   #    score  bias  c-Evalue  i-Evalue hmmfrom  hmm to    alifrom  ali to    envfrom  env to     acc
 ---   ------ ----- --------- --------- ------- -------    ------- -------    ------- -------    ----
   1 !   46.2   2.9   5.2e-16   5.8e-12       3      94 ..     340     430 ..     338     463 .. 0.85



Internal pipeline statistics summary:
-------------------------------------
Query sequence(s):                         1  (471 residues searched)
Target model(s):                       21979  (3587873 nodes)
Passed MSV filter:                       472  (0.021475); expected 439.6 (0.02)
Passed bias filter:                      381  (0.0173347); expected 439.6 (0.02)
Passed Vit filter:                        34  (0.00154693); expected 22.0 (0.001)
Passed Fwd filter:                         3  (0.000136494); expected 0.2 (1e-05)
Initial search space (Z):              21979  [actual number of targets]
Domain search space  (domZ):               2  [number of targets reported over threshold]
# CPU time: 0.28u 0.12s 00:00:00.40 Elapsed: 00:00:00.39
# Mc/sec: 4258.62
//
Query:       positive|A0A5C1ZXT8  [L=178]
Scores for complete sequence (score includes all domains):
   --- full sequence ---   --- best 1 domain ---    -#dom-
    E-value  score  bias    E-value  score  bias    exp  N  Model    Description
    ------- ------ -----    ------- ------ -----   ---- --  -------- -----------

   [No hits detected that satisfy reporting thresholds]


Domain annotation for each model:

   [No targets detected that satisfy reporting thresholds]


Internal pipeline statistics summary:
-------------------------------------
Query sequence(s):                         1  (178 residues searched)
Target model(s):                       21979  (3587873 nodes)
Passed MSV filter:                       626  (0.0284817); expected 439.6 (0.02)
Passed bias filter:                      355  (0.0161518); expected 439.6 (0.02)
Passed Vit filter:                        32  (0.00145594); expected 22.0 (0.001)
Passed Fwd filter:                         1  (4.5498e-05); expected 0.2 (1e-05)
Initial search space (Z):              21979  [actual number of targets]
Domain search space  (domZ):               0  [number of targets reported over threshold]
# CPU time: 0.23u 0.12s 00:00:00.35 Elapsed: 00:00:00.34
# Mc/sec: 1842.50
//
Query:       positive|Q7M3V4  [L=152]
Scores for complete sequence (score includes all domains):
   --- full sequence ---   --- best 1 domain ---    -#dom-
    E-value  score  bias    E-value  score  bias    exp  N  Model    Description
    ------- ------ -----    ------- ------ -----   ---- --  -------- -----------

   [No hits detected that satisfy reporting thresholds]


Domain annotation for each model:

   [No targets detected that satisfy reporting thresholds]


Internal pipeline statistics summary:
-------------------------------------
Query sequence(s):                         1  (152 residues searched)
Target model(s):                       21979  (3587873 nodes)
Passed MSV filter:                       622  (0.0282997); expected 439.6 (0.02)
Passed bias filter:                      475  (0.0216115); expected 439.6 (0.02)
Passed Vit filter:                        36  (0.00163793); expected 22.0 (0.001)
Passed Fwd filter:                         1  (4.5498e-05); expected 0.2 (1e-05)
Initial search space (Z):              21979  [actual number of targets]
Domain search space  (domZ):               0  [number of targets reported over threshold]
# CPU time: 0.21u 0.13s 00:00:00.34 Elapsed: 00:00:00.34
# Mc/sec: 1572.53
//
Query:       positive|P22244  [L=281]
Scores for complete sequence (score includes all domains):
   --- full sequence ---   --- best 1 domain ---    -#dom-
    E-value  score  bias    E-value  score  bias    exp  N  Model    Description
    ------- ------ -----    ------- ------ -----   ---- --  -------- -----------
    8.1e-54  182.4   0.0    9.7e-54  182.2   0.0    1.1  1  RIP       Ribosome inactivating protein


Domain annotation for each model:
>> RIP  Ribosome inactivating protein
   #    score  bias  c-Evalue  i-Evalue hmmfrom  hmm to    alifrom  ali to    envfrom  env to     acc
 ---   ------ ----- --------- --------- ------- -------    ------- -------    ------- -------    ----
   1 !  182.2   0.0   4.4e-58   9.7e-54       3     197 .]      24     221 ..      22     221 .. 0.95



Internal pipeline statistics summary:
-------------------------------------
Query sequence(s):                         1  (281 residues searched)
Target model(s):                       21979  (3587873 nodes)
Passed MSV filter:                       374  (0.0170162); expected 439.6 (0.02)
Passed bias filter:                      342  (0.0155603); expected 439.6 (0.02)
Passed Vit filter:                        31  (0.00141044); expected 22.0 (0.001)
Passed Fwd filter:                         1  (4.5498e-05); expected 0.2 (1e-05)
Initial search space (Z):              21979  [actual number of targets]
Domain search space  (domZ):               1  [number of targets reported over threshold]
# CPU time: 0.23u 0.14s 00:00:00.37 Elapsed: 00:00:00.36
# Mc/sec: 2767.31
//
Query:       positive|P0DPZ8  [L=239]
Scores for complete sequence (score includes all domains):
   --- full sequence ---   --- best 1 domain ---    -#dom-
    E-value  score  bias    E-value  score  bias    exp  N  Model    Description
    ------- ------ -----    ------- ------ -----   ---- --  -------- -----------

   [No hits detected that satisfy reporting thresholds]


Domain annotation for each model:

   [No targets detected that satisfy reporting thresholds]


Internal pipeline statistics summary:
-------------------------------------
Query sequence(s):                         1  (239 residues searched)
Target model(s):                       21979  (3587873 nodes)
Passed MSV filter:                      1101  (0.0500933); expected 439.6 (0.02)
Passed bias filter:                      345  (0.0156968); expected 439.6 (0.02)
Passed Vit filter:                        18  (0.000818964); expected 22.0 (0.001)
Passed Fwd filter:                         1  (4.5498e-05); expected 0.2 (1e-05)
Initial search space (Z):              21979  [actual number of targets]
Domain search space  (domZ):               0  [number of targets reported over threshold]
# CPU time: 0.23u 0.13s 00:00:00.36 Elapsed: 00:00:00.36
# Mc/sec: 2362.22
//
Query:       positive|P09545  [L=741]
Scores for complete sequence (score includes all domains):
   --- full sequence ---   --- best 1 domain ---    -#dom-
    E-value  score  bias    E-value  score  bias    exp  N  Model          Description
    ------- ------ -----    ------- ------ -----   ---- --  --------       -----------
    3.5e-99  330.3   0.5      6e-99  329.5   0.5    1.4  1  Hemolysin_N     Hemolytic toxin N terminal
      5e-70  234.1   2.0    1.3e-69  232.7   2.0    1.8  1  Beta-prism_lec  Beta-prism lectin
    2.2e-63  214.7   3.2    3.8e-63  214.0   3.2    1.4  1  Leukocidin      Leukocidin/Hemolysin toxin family
    7.2e-07   29.7   3.1    2.5e-06   28.0   3.1    1.9  0  Ricin_B_lectin  Ricin-type beta-trefoil lectin domain


Domain annotation for each model:
>> Hemolysin_N  Hemolytic toxin N terminal
   #    score  bias  c-Evalue  i-Evalue hmmfrom  hmm to    alifrom  ali to    envfrom  env to     acc
 ---   ------ ----- --------- --------- ------- -------    ------- -------    ------- -------    ----
   1 !  329.5   0.5  1.1e-102     6e-99       4     192 .]       5     187 ..       3     187 .. 0.99

>> Beta-prism_lec  Beta-prism lectin
   #    score  bias  c-Evalue  i-Evalue hmmfrom  hmm to    alifrom  ali to    envfrom  env to     acc
 ---   ------ ----- --------- --------- ------- -------    ------- -------    ------- -------    ----
   1 !  232.7   2.0   2.4e-73   1.3e-69       1     131 []     611     739 ..     611     739 .. 0.99

>> Leukocidin  Leukocidin/Hemolysin toxin family
   #    score  bias  c-Evalue  i-Evalue hmmfrom  hmm to    alifrom  ali to    envfrom  env to     acc
 ---   ------ ----- --------- --------- ------- -------    ------- -------    ------- -------    ----
   1 !  214.0   3.2     7e-67   3.8e-63       1     256 []     215     477 ..     215     477 .. 0.97

>> Ricin_B_lectin  Ricin-type beta-trefoil lectin domain
   [No individual domains that satisfy reporting thresholds (although complete target did)]



Internal pipeline statistics summary:
-------------------------------------
Query sequence(s):                         1  (741 residues searched)
Target model(s):                       21979  (3587873 nodes)
Passed MSV filter:                       500  (0.022749); expected 439.6 (0.02)
Passed bias filter:                      389  (0.0176987); expected 439.6 (0.02)
Passed Vit filter:                        35  (0.00159243); expected 22.0 (0.001)
Passed Fwd filter:                         6  (0.000272988); expected 0.2 (1e-05)
Initial search space (Z):              21979  [actual number of targets]
Domain search space  (domZ):               4  [number of targets reported over threshold]
# CPU time: 0.30u 0.14s 00:00:00.44 Elapsed: 00:00:00.43
# Mc/sec: 6056.69
//
Query:       positive|A0A6B9KZ90  [L=628]
Scores for complete sequence (score includes all domains):
   --- full sequence ---   --- best 1 domain ---    -#dom-
    E-value  score  bias    E-value  score  bias    exp  N  Model    Description
    ------- ------ -----    ------- ------ -----   ---- --  -------- -----------

   [No hits detected that satisfy reporting thresholds]


Domain annotation for each model:

   [No targets detected that satisfy reporting thresholds]


Internal pipeline statistics summary:
-------------------------------------
Query sequence(s):                         1  (628 residues searched)
Target model(s):                       21979  (3587873 nodes)
Passed MSV filter:                      2792  (0.12703); expected 439.6 (0.02)
Passed bias filter:                      788  (0.0358524); expected 439.6 (0.02)
Passed Vit filter:                        84  (0.00382183); expected 22.0 (0.001)
Passed Fwd filter:                        37  (0.00168343); expected 0.2 (1e-05)
Initial search space (Z):              21979  [actual number of targets]
Domain search space  (domZ):               0  [number of targets reported over threshold]
# CPU time: 0.54u 0.12s 00:00:00.66 Elapsed: 00:00:00.65
# Mc/sec: 3436.38
//
Query:       positive|P39690  [L=708]
Scores for complete sequence (score includes all domains):
   --- full sequence ---   --- best 1 domain ---    -#dom-
    E-value  score  bias    E-value  score  bias    exp  N  Model    Description
    ------- ------ -----    ------- ------ -----   ---- --  -------- -----------

   [No hits detected that satisfy reporting thresholds]


Domain annotation for each model:

   [No targets detected that satisfy reporting thresholds]


Internal pipeline statistics summary:
-------------------------------------
Query sequence(s):                         1  (708 residues searched)
Target model(s):                       21979  (3587873 nodes)
Passed MSV filter:                       810  (0.0368534); expected 439.6 (0.02)
Passed bias filter:                      414  (0.0188362); expected 439.6 (0.02)
Passed Vit filter:                        40  (0.00181992); expected 22.0 (0.001)
Passed Fwd filter:                         1  (4.5498e-05); expected 0.2 (1e-05)
Initial search space (Z):              21979  [actual number of targets]
Domain search space  (domZ):               0  [number of targets reported over threshold]
# CPU time: 0.29u 0.13s 00:00:00.42 Elapsed: 00:00:00.43
# Mc/sec: 5850.18
//
Query:       positive|P01546  [L=316]
Scores for complete sequence (score includes all domains):
   --- full sequence ---   --- best 1 domain ---    -#dom-
    E-value  score  bias    E-value  score  bias    exp  N  Model    Description
    ------- ------ -----    ------- ------ -----   ---- --  -------- -----------

   [No hits detected that satisfy reporting thresholds]


Domain annotation for each model:

   [No targets detected that satisfy reporting thresholds]


Internal pipeline statistics summary:
-------------------------------------
Query sequence(s):                         1  (316 residues searched)
Target model(s):                       21979  (3587873 nodes)
Passed MSV filter:                       686  (0.0312116); expected 439.6 (0.02)
Passed bias filter:                      579  (0.0263433); expected 439.6 (0.02)
Passed Vit filter:                        37  (0.00168343); expected 22.0 (0.001)
Passed Fwd filter:                         0  (0); expected 0.2 (1e-05)
Initial search space (Z):              21979  [actual number of targets]
Domain search space  (domZ):               0  [number of targets reported over threshold]
# CPU time: 0.24u 0.15s 00:00:00.39 Elapsed: 00:00:00.37
# Mc/sec: 3020.44
//
Query:       positive|D4QD81  [L=156]
Scores for complete sequence (score includes all domains):
   --- full sequence ---   --- best 1 domain ---    -#dom-
    E-value  score  bias    E-value  score  bias    exp  N  Model     Description
    ------- ------ -----    ------- ------ -----   ---- --  --------  -----------
    5.9e-08   32.0   3.3      0.007   16.1   0.0    3.0  0  EF-hand_1  EF hand
    1.5e-07   31.9   1.4    6.4e-07   29.9   1.5    2.0  0  EF-hand_7  EF-hand domain pair
    6.9e-08   31.9   1.7     0.0023   17.8   0.2    3.4  0  EF-hand_6  EF-hand domain


Domain annotation for each model:
>> EF-hand_1  EF hand
   [No individual domains that satisfy reporting thresholds (although complete target did)]

>> EF-hand_7  EF-hand domain pair
   [No individual domains that satisfy reporting thresholds (although complete target did)]

>> EF-hand_6  EF-hand domain
   [No individual domains that satisfy reporting thresholds (although complete target did)]



Internal pipeline statistics summary:
-------------------------------------
Query sequence(s):                         1  (156 residues searched)
Target model(s):                       21979  (3587873 nodes)
Passed MSV filter:                       886  (0.0403112); expected 439.6 (0.02)
Passed bias filter:                      683  (0.0310751); expected 439.6 (0.02)
Passed Vit filter:                        54  (0.00245689); expected 22.0 (0.001)
Passed Fwd filter:                         6  (0.000272988); expected 0.2 (1e-05)
Initial search space (Z):              21979  [actual number of targets]
Domain search space  (domZ):               3  [number of targets reported over threshold]
# CPU time: 0.21u 0.14s 00:00:00.35 Elapsed: 00:00:00.35
# Mc/sec: 1574.96
//
Query:       positive|Q06B74  [L=397]
Scores for complete sequence (score includes all domains):
   --- full sequence ---   --- best 1 domain ---    -#dom-
    E-value  score  bias    E-value  score  bias    exp  N  Model    Description
    ------- ------ -----    ------- ------ -----   ---- --  -------- -----------
     7e-116  387.7   0.0   7.9e-116  387.6   0.0    1.0  1  Serpin    Serpin (serine protease inhibitor)


Domain annotation for each model:
>> Serpin  Serpin (serine protease inhibitor)
   #    score  bias  c-Evalue  i-Evalue hmmfrom  hmm to    alifrom  ali to    envfrom  env to     acc
 ---   ------ ----- --------- --------- ------- -------    ------- -------    ------- -------    ----
   1 !  387.6   0.0  3.6e-120  7.9e-116       2     369 ..      30     396 ..      29     397 .] 0.98



Internal pipeline statistics summary:
-------------------------------------
Query sequence(s):                         1  (397 residues searched)
Target model(s):                       21979  (3587873 nodes)
Passed MSV filter:                       607  (0.0276173); expected 439.6 (0.02)
Passed bias filter:                      564  (0.0256609); expected 439.6 (0.02)
Passed Vit filter:                        33  (0.00150143); expected 22.0 (0.001)
Passed Fwd filter:                         1  (4.5498e-05); expected 0.2 (1e-05)
Initial search space (Z):              21979  [actual number of targets]
Domain search space  (domZ):               1  [number of targets reported over threshold]
# CPU time: 0.26u 0.13s 00:00:00.39 Elapsed: 00:00:00.39
# Mc/sec: 3636.88
//
Query:       positive|P84786  [L=257]
Scores for complete sequence (score includes all domains):
   --- full sequence ---   --- best 1 domain ---    -#dom-
    E-value  score  bias    E-value  score  bias    exp  N  Model    Description
    ------- ------ -----    ------- ------ -----   ---- --  -------- -----------
    2.4e-34  118.9   0.0    2.9e-34  118.6   0.0    1.1  1  RIP       Ribosome inactivating protein


Domain annotation for each model:
>> RIP  Ribosome inactivating protein
   #    score  bias  c-Evalue  i-Evalue hmmfrom  hmm to    alifrom  ali to    envfrom  env to     acc
 ---   ------ ----- --------- --------- ------- -------    ------- -------    ------- -------    ----
   1 !  118.6   0.0   1.3e-38   2.9e-34       3     197 .]      21     210 ..      19     210 .. 0.95



Internal pipeline statistics summary:
-------------------------------------
Query sequence(s):                         1  (257 residues searched)
Target model(s):                       21979  (3587873 nodes)
Passed MSV filter:                       609  (0.0277083); expected 439.6 (0.02)
Passed bias filter:                      559  (0.0254334); expected 439.6 (0.02)
Passed Vit filter:                        38  (0.00172892); expected 22.0 (0.001)
Passed Fwd filter:                         1  (4.5498e-05); expected 0.2 (1e-05)
Initial search space (Z):              21979  [actual number of targets]
Domain search space  (domZ):               1  [number of targets reported over threshold]
# CPU time: 0.24u 0.12s 00:00:00.36 Elapsed: 00:00:00.36
# Mc/sec: 2501.28
//
Query:       positive|P0DJE4  [L=202]
Scores for complete sequence (score includes all domains):
   --- full sequence ---   --- best 1 domain ---    -#dom-
    E-value  score  bias    E-value  score  bias    exp  N  Model    Description
    ------- ------ -----    ------- ------ -----   ---- --  -------- -----------

   [No hits detected that satisfy reporting thresholds]


Domain annotation for each model:

   [No targets detected that satisfy reporting thresholds]


Internal pipeline statistics summary:
-------------------------------------
Query sequence(s):                         1  (202 residues searched)
Target model(s):                       21979  (3587873 nodes)
Passed MSV filter:                       444  (0.0202011); expected 439.6 (0.02)
Passed bias filter:                      391  (0.0177897); expected 439.6 (0.02)
Passed Vit filter:                        16  (0.000727968); expected 22.0 (0.001)
Passed Fwd filter:                         3  (0.000136494); expected 0.2 (1e-05)
Initial search space (Z):              21979  [actual number of targets]
Domain search space  (domZ):               0  [number of targets reported over threshold]
# CPU time: 0.23u 0.13s 00:00:00.36 Elapsed: 00:00:00.34
# Mc/sec: 2080.43
//
Query:       positive|Q45758  [L=395]
Scores for complete sequence (score includes all domains):
   --- full sequence ---   --- best 1 domain ---    -#dom-
    E-value  score  bias    E-value  score  bias    exp  N  Model    Description
    ------- ------ -----    ------- ------ -----   ---- --  -------- -----------

   [No hits detected that satisfy reporting thresholds]


Domain annotation for each model:

   [No targets detected that satisfy reporting thresholds]


Internal pipeline statistics summary:
-------------------------------------
Query sequence(s):                         1  (395 residues searched)
Target model(s):                       21979  (3587873 nodes)
Passed MSV filter:                      1516  (0.0689749); expected 439.6 (0.02)
Passed bias filter:                      956  (0.0434961); expected 439.6 (0.02)
Passed Vit filter:                       110  (0.00500478); expected 22.0 (0.001)
Passed Fwd filter:                        23  (0.00104645); expected 0.2 (1e-05)
Initial search space (Z):              21979  [actual number of targets]
Domain search space  (domZ):               0  [number of targets reported over threshold]
# CPU time: 0.32u 0.14s 00:00:00.46 Elapsed: 00:00:00.46
# Mc/sec: 3035.91
//
Query:       positive|Q2G1X0  [L=319]
Scores for complete sequence (score includes all domains):
   --- full sequence ---   --- best 1 domain ---    -#dom-
    E-value  score  bias    E-value  score  bias    exp  N  Model      Description
    ------- ------ -----    ------- ------ -----   ---- --  --------   -----------
    3.4e-91  305.9   9.8    4.2e-91  305.6   9.8    1.1  1  Leukocidin  Leukocidin/Hemolysin toxin family


Domain annotation for each model:
>> Leukocidin  Leukocidin/Hemolysin toxin family
   #    score  bias  c-Evalue  i-Evalue hmmfrom  hmm to    alifrom  ali to    envfrom  env to     acc
 ---   ------ ----- --------- --------- ------- -------    ------- -------    ------- -------    ----
   1 !  305.6   9.8   1.9e-95   4.2e-91       2     255 ..      63     313 ..      62     314 .. 0.99



Internal pipeline statistics summary:
-------------------------------------
Query sequence(s):                         1  (319 residues searched)
Target model(s):                       21979  (3587873 nodes)
Passed MSV filter:                       799  (0.0363529); expected 439.6 (0.02)
Passed bias filter:                      469  (0.0213386); expected 439.6 (0.02)
Passed Vit filter:                        35  (0.00159243); expected 22.0 (0.001)
Passed Fwd filter:                         1  (4.5498e-05); expected 0.2 (1e-05)
Initial search space (Z):              21979  [actual number of targets]
Domain search space  (domZ):               1  [number of targets reported over threshold]
# CPU time: 0.24u 0.14s 00:00:00.38 Elapsed: 00:00:00.37
# Mc/sec: 3042.05
//
Query:       positive|P16948  [L=219]
Scores for complete sequence (score includes all domains):
   --- full sequence ---   --- best 1 domain ---    -#dom-
    E-value  score  bias    E-value  score  bias    exp  N  Model    Description
    ------- ------ -----    ------- ------ -----   ---- --  -------- -----------

   [No hits detected that satisfy reporting thresholds]


Domain annotation for each model:

   [No targets detected that satisfy reporting thresholds]


Internal pipeline statistics summary:
-------------------------------------
Query sequence(s):                         1  (219 residues searched)
Target model(s):                       21979  (3587873 nodes)
Passed MSV filter:                       413  (0.0187907); expected 439.6 (0.02)
Passed bias filter:                      270  (0.0122845); expected 439.6 (0.02)
Passed Vit filter:                        14  (0.000636972); expected 22.0 (0.001)
Passed Fwd filter:                         1  (4.5498e-05); expected 0.2 (1e-05)
Initial search space (Z):              21979  [actual number of targets]
Domain search space  (domZ):               0  [number of targets reported over threshold]
# CPU time: 0.22u 0.13s 00:00:00.35 Elapsed: 00:00:00.34
# Mc/sec: 2260.05
//
Query:       positive|A7L036  [L=462]
Scores for complete sequence (score includes all domains):
   --- full sequence ---   --- best 1 domain ---    -#dom-
    E-value  score  bias    E-value  score  bias    exp  N  Model    Description
    ------- ------ -----    ------- ------ -----   ---- --  -------- -----------

   [No hits detected that satisfy reporting thresholds]


Domain annotation for each model:

   [No targets detected that satisfy reporting thresholds]


Internal pipeline statistics summary:
-------------------------------------
Query sequence(s):                         1  (462 residues searched)
Target model(s):                       21979  (3587873 nodes)
Passed MSV filter:                       804  (0.0365804); expected 439.6 (0.02)
Passed bias filter:                      666  (0.0303017); expected 439.6 (0.02)
Passed Vit filter:                        53  (0.00241139); expected 22.0 (0.001)
Passed Fwd filter:                         1  (4.5498e-05); expected 0.2 (1e-05)
Initial search space (Z):              21979  [actual number of targets]
Domain search space  (domZ):               0  [number of targets reported over threshold]
# CPU time: 0.28u 0.13s 00:00:00.41 Elapsed: 00:00:00.41
# Mc/sec: 4004.86
//
Query:       positive|P09332  [L=277]
Scores for complete sequence (score includes all domains):
   --- full sequence ---   --- best 1 domain ---    -#dom-
    E-value  score  bias    E-value  score  bias    exp  N  Model     Description
    ------- ------ -----    ------- ------ -----   ---- --  --------  -----------
    1.6e-16   61.1   0.0    3.1e-16   60.1   0.0    1.4  1  Trypsin    Trypsin
    2.1e-14   54.7   0.0    3.3e-14   54.1   0.0    1.3  1  Trypsin_2  Trypsin-like peptidase domain


Domain annotation for each model:
>> Trypsin  Trypsin
   #    score  bias  c-Evalue  i-Evalue hmmfrom  hmm to    alifrom  ali to    envfrom  env to     acc
 ---   ------ ----- --------- --------- ------- -------    ------- -------    ------- -------    ----
   1 !   60.1   0.0   2.8e-20   3.1e-16      16     210 ..      71     246 ..      59     253 .. 0.75

>> Trypsin_2  Trypsin-like peptidase domain
   #    score  bias  c-Evalue  i-Evalue hmmfrom  hmm to    alifrom  ali to    envfrom  env to     acc
 ---   ------ ----- --------- --------- ------- -------    ------- -------    ------- -------    ----
   1 !   54.1   0.0     3e-18   3.3e-14       1     144 []      81     231 ..      81     231 .. 0.88



Internal pipeline statistics summary:
-------------------------------------
Query sequence(s):                         1  (277 residues searched)
Target model(s):                       21979  (3587873 nodes)
Passed MSV filter:                       420  (0.0191091); expected 439.6 (0.02)
Passed bias filter:                      366  (0.0166523); expected 439.6 (0.02)
Passed Vit filter:                        27  (0.00122845); expected 22.0 (0.001)
Passed Fwd filter:                         5  (0.00022749); expected 0.2 (1e-05)
Initial search space (Z):              21979  [actual number of targets]
Domain search space  (domZ):               2  [number of targets reported over threshold]
# CPU time: 0.25u 0.12s 00:00:00.37 Elapsed: 00:00:00.36
# Mc/sec: 2718.09
//
Query:       positive|Q9Y0X6  [L=200]
Scores for complete sequence (score includes all domains):
   --- full sequence ---   --- best 1 domain ---    -#dom-
    E-value  score  bias    E-value  score  bias    exp  N  Model    Description
    ------- ------ -----    ------- ------ -----   ---- --  -------- -----------

   [No hits detected that satisfy reporting thresholds]


Domain annotation for each model:

   [No targets detected that satisfy reporting thresholds]


Internal pipeline statistics summary:
-------------------------------------
Query sequence(s):                         1  (200 residues searched)
Target model(s):                       21979  (3587873 nodes)
Passed MSV filter:                       135  (0.00614223); expected 439.6 (0.02)
Passed bias filter:                      116  (0.00527777); expected 439.6 (0.02)
Passed Vit filter:                        15  (0.00068247); expected 22.0 (0.001)
Passed Fwd filter:                         9  (0.000409482); expected 0.2 (1e-05)
Initial search space (Z):              21979  [actual number of targets]
Domain search space  (domZ):               0  [number of targets reported over threshold]
# CPU time: 0.26u 0.12s 00:00:00.38 Elapsed: 00:00:00.37
# Mc/sec: 1917.46
//
Query:       positive|E2E4F7  [L=185]
Scores for complete sequence (score includes all domains):
   --- full sequence ---   --- best 1 domain ---    -#dom-
    E-value  score  bias    E-value  score  bias    exp  N  Model    Description
    ------- ------ -----    ------- ------ -----   ---- --  -------- -----------

   [No hits detected that satisfy reporting thresholds]


Domain annotation for each model:

   [No targets detected that satisfy reporting thresholds]


Internal pipeline statistics summary:
-------------------------------------
Query sequence(s):                         1  (185 residues searched)
Target model(s):                       21979  (3587873 nodes)
Passed MSV filter:                       201  (0.00914509); expected 439.6 (0.02)
Passed bias filter:                      161  (0.00732517); expected 439.6 (0.02)
Passed Vit filter:                        20  (0.00090996); expected 22.0 (0.001)
Passed Fwd filter:                         1  (4.5498e-05); expected 0.2 (1e-05)
Initial search space (Z):              21979  [actual number of targets]
Domain search space  (domZ):               0  [number of targets reported over threshold]
# CPU time: 0.21u 0.12s 00:00:00.32 Elapsed: 00:00:00.34
# Mc/sec: 1915.17
//
Query:       positive|M1JMQ7  [L=254]
Scores for complete sequence (score includes all domains):
   --- full sequence ---   --- best 1 domain ---    -#dom-
    E-value  score  bias    E-value  score  bias    exp  N  Model    Description
    ------- ------ -----    ------- ------ -----   ---- --  -------- -----------
    1.3e-06   28.8   6.7    1.1e-05   25.8   0.1    2.6  1  PBP_GOBP  PBP/GOBP family


Domain annotation for each model:
>> PBP_GOBP  PBP/GOBP family
   #    score  bias  c-Evalue  i-Evalue hmmfrom  hmm to    alifrom  ali to    envfrom  env to     acc
 ---   ------ ----- --------- --------- ------- -------    ------- -------    ------- -------    ----
   1 !   25.8   0.1   4.8e-10   1.1e-05      18      74 ..      35      91 ..      24     114 .. 0.84



Internal pipeline statistics summary:
-------------------------------------
Query sequence(s):                         1  (254 residues searched)
Target model(s):                       21979  (3587873 nodes)
Passed MSV filter:                       885  (0.0402657); expected 439.6 (0.02)
Passed bias filter:                      553  (0.0251604); expected 439.6 (0.02)
Passed Vit filter:                        42  (0.00191091); expected 22.0 (0.001)
Passed Fwd filter:                         1  (4.5498e-05); expected 0.2 (1e-05)
Initial search space (Z):              21979  [actual number of targets]
Domain search space  (domZ):               1  [number of targets reported over threshold]
# CPU time: 0.23u 0.14s 00:00:00.37 Elapsed: 00:00:00.36
# Mc/sec: 2507.73
//
Query:       positive|D1MWE7  [L=196]
Scores for complete sequence (score includes all domains):
   --- full sequence ---   --- best 1 domain ---    -#dom-
    E-value  score  bias    E-value  score  bias    exp  N  Model       Description
    ------- ------ -----    ------- ------ -----   ---- --  --------    -----------
    4.8e-31  107.9   6.5    6.4e-31  107.5   6.5    1.1  1  Triabin      Triabin
    5.7e-06   26.7   3.7      2e-05   25.0   3.7    1.8  1  Nitrophorin  Nitrophorin


Domain annotation for each model:
>> Triabin  Triabin
   #    score  bias  c-Evalue  i-Evalue hmmfrom  hmm to    alifrom  ali to    envfrom  env to     acc
 ---   ------ ----- --------- --------- ------- -------    ------- -------    ------- -------    ----
   1 !  107.5   6.5   5.8e-35   6.4e-31       8     139 ..      20     156 ..      14     163 .. 0.88

>> Nitrophorin  Nitrophorin
   #    score  bias  c-Evalue  i-Evalue hmmfrom  hmm to    alifrom  ali to    envfrom  env to     acc
 ---   ------ ----- --------- --------- ------- -------    ------- -------    ------- -------    ----
   1 !   25.0   3.7   1.8e-09     2e-05       7     150 ..      29     166 ..      24     195 .. 0.65



Internal pipeline statistics summary:
-------------------------------------
Query sequence(s):                         1  (196 residues searched)
Target model(s):                       21979  (3587873 nodes)
Passed MSV filter:                       752  (0.0342145); expected 439.6 (0.02)
Passed bias filter:                      440  (0.0200191); expected 439.6 (0.02)
Passed Vit filter:                        33  (0.00150143); expected 22.0 (0.001)
Passed Fwd filter:                         3  (0.000136494); expected 0.2 (1e-05)
Initial search space (Z):              21979  [actual number of targets]
Domain search space  (domZ):               2  [number of targets reported over threshold]
# CPU time: 0.24u 0.12s 00:00:00.36 Elapsed: 00:00:00.35
# Mc/sec: 1963.29
//
Query:       positive|P83298  [L=242]
Scores for complete sequence (score includes all domains):
   --- full sequence ---   --- best 1 domain ---    -#dom-
    E-value  score  bias    E-value  score  bias    exp  N  Model    Description
    ------- ------ -----    ------- ------ -----   ---- --  -------- -----------
    8.2e-53  179.7   9.3    9.2e-53  179.6   9.3    1.0  1  Trypsin   Trypsin


Domain annotation for each model:
>> Trypsin  Trypsin
   #    score  bias  c-Evalue  i-Evalue hmmfrom  hmm to    alifrom  ali to    envfrom  env to     acc
 ---   ------ ----- --------- --------- ------- -------    ------- -------    ------- -------    ----
   1 !  179.6   9.3   4.2e-57   9.2e-53       1     220 []       1     237 [.       1     237 [. 0.92



Internal pipeline statistics summary:
-------------------------------------
Query sequence(s):                         1  (242 residues searched)
Target model(s):                       21979  (3587873 nodes)
Passed MSV filter:                       423  (0.0192456); expected 439.6 (0.02)
Passed bias filter:                      313  (0.0142409); expected 439.6 (0.02)
Passed Vit filter:                        13  (0.000591474); expected 22.0 (0.001)
Passed Fwd filter:                         1  (4.5498e-05); expected 0.2 (1e-05)
Initial search space (Z):              21979  [actual number of targets]
Domain search space  (domZ):               1  [number of targets reported over threshold]
# CPU time: 0.22u 0.13s 00:00:00.35 Elapsed: 00:00:00.34
# Mc/sec: 2504.92
//
Query:       positive|Q07338  [L=289]
Scores for complete sequence (score includes all domains):
   --- full sequence ---   --- best 1 domain ---    -#dom-
    E-value  score  bias    E-value  score  bias    exp  N  Model    Description
    ------- ------ -----    ------- ------ -----   ---- --  -------- -----------

   [No hits detected that satisfy reporting thresholds]


Domain annotation for each model:

   [No targets detected that satisfy reporting thresholds]


Internal pipeline statistics summary:
-------------------------------------
Query sequence(s):                         1  (289 residues searched)
Target model(s):                       21979  (3587873 nodes)
Passed MSV filter:                       503  (0.0228855); expected 439.6 (0.02)
Passed bias filter:                      315  (0.0143319); expected 439.6 (0.02)
Passed Vit filter:                        17  (0.000773466); expected 22.0 (0.001)
Passed Fwd filter:                         1  (4.5498e-05); expected 0.2 (1e-05)
Initial search space (Z):              21979  [actual number of targets]
Domain search space  (domZ):               0  [number of targets reported over threshold]
# CPU time: 0.22u 0.13s 00:00:00.35 Elapsed: 00:00:00.35
# Mc/sec: 2927.42
//
Query:       positive|Q962V9  [L=198]
Scores for complete sequence (score includes all domains):
   --- full sequence ---   --- best 1 domain ---    -#dom-
    E-value  score  bias    E-value  score  bias    exp  N  Model    Description
    ------- ------ -----    ------- ------ -----   ---- --  -------- -----------
    2.6e-15   57.6   0.9    5.4e-15   56.5   0.9    1.5  1  CAP       Cysteine-rich secretory protein family


Domain annotation for each model:
>> CAP  Cysteine-rich secretory protein family
   #    score  bias  c-Evalue  i-Evalue hmmfrom  hmm to    alifrom  ali to    envfrom  env to     acc
 ---   ------ ----- --------- --------- ------- -------    ------- -------    ------- -------    ----
   1 !   56.5   0.9   2.4e-19   5.4e-15       2     117 .]      40     156 ..      39     156 .. 0.85



Internal pipeline statistics summary:
-------------------------------------
Query sequence(s):                         1  (198 residues searched)
Target model(s):                       21979  (3587873 nodes)
Passed MSV filter:                      1018  (0.0463169); expected 439.6 (0.02)
Passed bias filter:                      694  (0.0315756); expected 439.6 (0.02)
Passed Vit filter:                        49  (0.0022294); expected 22.0 (0.001)
Passed Fwd filter:                         3  (0.000136494); expected 0.2 (1e-05)
Initial search space (Z):              21979  [actual number of targets]
Domain search space  (domZ):               1  [number of targets reported over threshold]
# CPU time: 0.24u 0.12s 00:00:00.36 Elapsed: 00:00:00.36
# Mc/sec: 1962.48
//
Query:       positive|Q6VPT6  [L=257]
Scores for complete sequence (score includes all domains):
   --- full sequence ---   --- best 1 domain ---    -#dom-
    E-value  score  bias    E-value  score  bias    exp  N  Model    Description
    ------- ------ -----    ------- ------ -----   ---- --  -------- -----------
    5.7e-33  114.9   0.0    6.6e-33  114.7   0.0    1.0  1  Trypsin   Trypsin


Domain annotation for each model:
>> Trypsin  Trypsin
   #    score  bias  c-Evalue  i-Evalue hmmfrom  hmm to    alifrom  ali to    envfrom  env to     acc
 ---   ------ ----- --------- --------- ------- -------    ------- -------    ------- -------    ----
   1 !  114.7   0.0     3e-37   6.6e-33       1     220 []      28     249 ..      28     249 .. 0.87



Internal pipeline statistics summary:
-------------------------------------
Query sequence(s):                         1  (257 residues searched)
Target model(s):                       21979  (3587873 nodes)
Passed MSV filter:                       371  (0.0168797); expected 439.6 (0.02)
Passed bias filter:                      366  (0.0166523); expected 439.6 (0.02)
Passed Vit filter:                        14  (0.000636972); expected 22.0 (0.001)
Passed Fwd filter:                         2  (9.0996e-05); expected 0.2 (1e-05)
Initial search space (Z):              21979  [actual number of targets]
Domain search space  (domZ):               1  [number of targets reported over threshold]
# CPU time: 0.23u 0.13s 00:00:00.36 Elapsed: 00:00:00.35
# Mc/sec: 2592.43
//
Query:       positive|C1IBY2  [L=255]
Scores for complete sequence (score includes all domains):
   --- full sequence ---   --- best 1 domain ---    -#dom-
    E-value  score  bias    E-value  score  bias    exp  N  Model    Description
    ------- ------ -----    ------- ------ -----   ---- --  -------- -----------
    4.9e-06   27.7   0.0    1.1e-05   26.5   0.0    1.6  1  CAP       Cysteine-rich secretory protein family


Domain annotation for each model:
>> CAP  Cysteine-rich secretory protein family
   #    score  bias  c-Evalue  i-Evalue hmmfrom  hmm to    alifrom  ali to    envfrom  env to     acc
 ---   ------ ----- --------- --------- ------- -------    ------- -------    ------- -------    ----
   1 !   26.5   0.0   4.9e-10   1.1e-05       1     117 []      67     211 ..      67     211 .. 0.79



Internal pipeline statistics summary:
-------------------------------------
Query sequence(s):                         1  (255 residues searched)
Target model(s):                       21979  (3587873 nodes)
Passed MSV filter:                       663  (0.0301652); expected 439.6 (0.02)
Passed bias filter:                      553  (0.0251604); expected 439.6 (0.02)
Passed Vit filter:                        41  (0.00186542); expected 22.0 (0.001)
Passed Fwd filter:                         1  (4.5498e-05); expected 0.2 (1e-05)
Initial search space (Z):              21979  [actual number of targets]
Domain search space  (domZ):               1  [number of targets reported over threshold]
# CPU time: 0.23u 0.13s 00:00:00.36 Elapsed: 00:00:00.36
# Mc/sec: 2527.35
//
Query:       positive|P85101  [L=234]
Scores for complete sequence (score includes all domains):
   --- full sequence ---   --- best 1 domain ---    -#dom-
    E-value  score  bias    E-value  score  bias    exp  N  Model    Description
    ------- ------ -----    ------- ------ -----   ---- --  -------- -----------
    1.1e-29  103.6   0.0    1.8e-29  103.0   0.0    1.2  1  RIP       Ribosome inactivating protein


Domain annotation for each model:
>> RIP  Ribosome inactivating protein
   #    score  bias  c-Evalue  i-Evalue hmmfrom  hmm to    alifrom  ali to    envfrom  env to     acc
 ---   ------ ----- --------- --------- ------- -------    ------- -------    ------- -------    ----
   1 !  103.0   0.0     8e-34   1.8e-29       3     194 ..      10     208 ..       8     209 .. 0.85



Internal pipeline statistics summary:
-------------------------------------
Query sequence(s):                         1  (234 residues searched)
Target model(s):                       21979  (3587873 nodes)
Passed MSV filter:                       544  (0.0247509); expected 439.6 (0.02)
Passed bias filter:                      480  (0.021839); expected 439.6 (0.02)
Passed Vit filter:                        31  (0.00141044); expected 22.0 (0.001)
Passed Fwd filter:                         1  (4.5498e-05); expected 0.2 (1e-05)
Initial search space (Z):              21979  [actual number of targets]
Domain search space  (domZ):               1  [number of targets reported over threshold]
# CPU time: 0.23u 0.13s 00:00:00.36 Elapsed: 00:00:00.35
# Mc/sec: 2344.94
//
Query:       positive|P33186  [L=316]
Scores for complete sequence (score includes all domains):
   --- full sequence ---   --- best 1 domain ---    -#dom-
    E-value  score  bias    E-value  score  bias    exp  N  Model    Description
    ------- ------ -----    ------- ------ -----   ---- --  -------- -----------
    2.5e-42  145.0   0.0    3.2e-42  144.6   0.0    1.2  1  RIP       Ribosome inactivating protein


Domain annotation for each model:
>> RIP  Ribosome inactivating protein
   #    score  bias  c-Evalue  i-Evalue hmmfrom  hmm to    alifrom  ali to    envfrom  env to     acc
 ---   ------ ----- --------- --------- ------- -------    ------- -------    ------- -------    ----
   1 !  144.6   0.0   1.5e-46   3.2e-42       5     195 ..      62     250 ..      58     252 .. 0.93



Internal pipeline statistics summary:
-------------------------------------
Query sequence(s):                         1  (316 residues searched)
Target model(s):                       21979  (3587873 nodes)
Passed MSV filter:                       602  (0.0273898); expected 439.6 (0.02)
Passed bias filter:                      518  (0.023568); expected 439.6 (0.02)
Passed Vit filter:                        35  (0.00159243); expected 22.0 (0.001)
Passed Fwd filter:                         3  (0.000136494); expected 0.2 (1e-05)
Initial search space (Z):              21979  [actual number of targets]
Domain search space  (domZ):               1  [number of targets reported over threshold]
# CPU time: 0.25u 0.13s 00:00:00.38 Elapsed: 00:00:00.37
# Mc/sec: 3006.87
//
Query:       positive|P0DJ43  [L=169]
Scores for complete sequence (score includes all domains):
   --- full sequence ---   --- best 1 domain ---    -#dom-
    E-value  score  bias    E-value  score  bias    exp  N  Model       Description
    ------- ------ -----    ------- ------ -----   ---- --  --------    -----------
    1.1e-08   36.0  37.0    7.5e-08   33.3  28.6    3.5  0  Disintegrin  Disintegrin


Domain annotation for each model:
>> Disintegrin  Disintegrin
   [No individual domains that satisfy reporting thresholds (although complete target did)]



Internal pipeline statistics summary:
-------------------------------------
Query sequence(s):                         1  (169 residues searched)
Target model(s):                       21979  (3587873 nodes)
Passed MSV filter:                       663  (0.0301652); expected 439.6 (0.02)
Passed bias filter:                      171  (0.00778015); expected 439.6 (0.02)
Passed Vit filter:                        13  (0.000591474); expected 22.0 (0.001)
Passed Fwd filter:                         1  (4.5498e-05); expected 0.2 (1e-05)
Initial search space (Z):              21979  [actual number of targets]
Domain search space  (domZ):               1  [number of targets reported over threshold]
# CPU time: 0.20u 0.13s 00:00:00.33 Elapsed: 00:00:00.33
# Mc/sec: 1818.47
//
Query:       positive|P0DQA3  [L=219]
Scores for complete sequence (score includes all domains):
   --- full sequence ---   --- best 1 domain ---    -#dom-
    E-value  score  bias    E-value  score  bias    exp  N  Model    Description
    ------- ------ -----    ------- ------ -----   ---- --  -------- -----------

   [No hits detected that satisfy reporting thresholds]


Domain annotation for each model:

   [No targets detected that satisfy reporting thresholds]


Internal pipeline statistics summary:
-------------------------------------
Query sequence(s):                         1  (219 residues searched)
Target model(s):                       21979  (3587873 nodes)
Passed MSV filter:                       814  (0.0370354); expected 439.6 (0.02)
Passed bias filter:                      390  (0.0177442); expected 439.6 (0.02)
Passed Vit filter:                        35  (0.00159243); expected 22.0 (0.001)
Passed Fwd filter:                         1  (4.5498e-05); expected 0.2 (1e-05)
Initial search space (Z):              21979  [actual number of targets]
Domain search space  (domZ):               0  [number of targets reported over threshold]
# CPU time: 0.21u 0.14s 00:00:00.35 Elapsed: 00:00:00.35
# Mc/sec: 2214.95
//
Query:       positive|A8YPR6  [L=308]
Scores for complete sequence (score includes all domains):
   --- full sequence ---   --- best 1 domain ---    -#dom-
    E-value  score  bias    E-value  score  bias    exp  N  Model    Description
    ------- ------ -----    ------- ------ -----   ---- --  -------- -----------
      3e-13   50.0   5.4    5.4e-13   49.2   5.4    1.4  1  ANP       Atrial natriuretic peptide


Domain annotation for each model:
>> ANP  Atrial natriuretic peptide
   #    score  bias  c-Evalue  i-Evalue hmmfrom  hmm to    alifrom  ali to    envfrom  env to     acc
 ---   ------ ----- --------- --------- ------- -------    ------- -------    ------- -------    ----
   1 !   49.2   5.4   2.5e-17   5.4e-13       1      31 []     278     308 .]     278     308 .] 0.94



Internal pipeline statistics summary:
-------------------------------------
Query sequence(s):                         1  (308 residues searched)
Target model(s):                       21979  (3587873 nodes)
Passed MSV filter:                       356  (0.0161973); expected 439.6 (0.02)
Passed bias filter:                      197  (0.0089631); expected 439.6 (0.02)
Passed Vit filter:                        17  (0.000773466); expected 22.0 (0.001)
Passed Fwd filter:                         5  (0.00022749); expected 0.2 (1e-05)
Initial search space (Z):              21979  [actual number of targets]
Domain search space  (domZ):               1  [number of targets reported over threshold]
# CPU time: 0.23u 0.12s 00:00:00.35 Elapsed: 00:00:00.35
# Mc/sec: 3128.29
//
Query:       positive|A0A8B6XDS4  [L=203]
Scores for complete sequence (score includes all domains):
   --- full sequence ---   --- best 1 domain ---    -#dom-
    E-value  score  bias    E-value  score  bias    exp  N  Model           Description
    ------- ------ -----    ------- ------ -----   ---- --  --------        -----------
    6.9e-11   42.4   1.4    8.2e-11   42.1   1.4    1.1  1  Anemone_cytotox  Sea anemone cytotoxic protein


Domain annotation for each model:
>> Anemone_cytotox  Sea anemone cytotoxic protein
   #    score  bias  c-Evalue  i-Evalue hmmfrom  hmm to    alifrom  ali to    envfrom  env to     acc
 ---   ------ ----- --------- --------- ------- -------    ------- -------    ------- -------    ----
   1 !   42.1   1.4   3.7e-15   8.2e-11      17     143 ..      56     176 ..      36     200 .. 0.80



Internal pipeline statistics summary:
-------------------------------------
Query sequence(s):                         1  (203 residues searched)
Target model(s):                       21979  (3587873 nodes)
Passed MSV filter:                       555  (0.0252514); expected 439.6 (0.02)
Passed bias filter:                      467  (0.0212476); expected 439.6 (0.02)
Passed Vit filter:                        26  (0.00118295); expected 22.0 (0.001)
Passed Fwd filter:                         1  (4.5498e-05); expected 0.2 (1e-05)
Initial search space (Z):              21979  [actual number of targets]
Domain search space  (domZ):               1  [number of targets reported over threshold]
# CPU time: 0.23u 0.12s 00:00:00.35 Elapsed: 00:00:00.34
# Mc/sec: 2085.78
//
Query:       positive|B5U2W0  [L=360]
Scores for complete sequence (score includes all domains):
   --- full sequence ---   --- best 1 domain ---    -#dom-
    E-value  score  bias    E-value  score  bias    exp  N  Model    Description
    ------- ------ -----    ------- ------ -----   ---- --  -------- -----------
    4.4e-56  190.4   0.0    5.8e-56  190.0   0.0    1.1  1  Trypsin   Trypsin
    4.6e-14   52.6   4.3    1.3e-13   51.2   4.3    1.8  1  CLIP      Regulatory CLIP domain of proteinases


Domain annotation for each model:
>> Trypsin  Trypsin
   #    score  bias  c-Evalue  i-Evalue hmmfrom  hmm to    alifrom  ali to    envfrom  env to     acc
 ---   ------ ----- --------- --------- ------- -------    ------- -------    ------- -------    ----
   1 !  190.0   0.0   5.3e-60   5.8e-56       1     218 [.     114     352 ..     114     354 .. 0.88

>> CLIP  Regulatory CLIP domain of proteinases
   #    score  bias  c-Evalue  i-Evalue hmmfrom  hmm to    alifrom  ali to    envfrom  env to     acc
 ---   ------ ----- --------- --------- ------- -------    ------- -------    ------- -------    ----
   1 !   51.2   4.3   1.2e-17   1.3e-13       1      54 []      29      79 ..      29      79 .. 0.95



Internal pipeline statistics summary:
-------------------------------------
Query sequence(s):                         1  (360 residues searched)
Target model(s):                       21979  (3587873 nodes)
Passed MSV filter:                       375  (0.0170617); expected 439.6 (0.02)
Passed bias filter:                      315  (0.0143319); expected 439.6 (0.02)
Passed Vit filter:                        33  (0.00150143); expected 22.0 (0.001)
Passed Fwd filter:                         5  (0.00022749); expected 0.2 (1e-05)
Initial search space (Z):              21979  [actual number of targets]
Domain search space  (domZ):               2  [number of targets reported over threshold]
# CPU time: 0.24u 0.13s 00:00:00.37 Elapsed: 00:00:00.37
# Mc/sec: 3477.68
//
Query:       positive|Q6GE13  [L=315]
Scores for complete sequence (score includes all domains):
   --- full sequence ---   --- best 1 domain ---    -#dom-
    E-value  score  bias    E-value  score  bias    exp  N  Model      Description
    ------- ------ -----    ------- ------ -----   ---- --  --------   -----------
    1.4e-91  307.2  16.8    1.6e-91  306.9  16.8    1.1  1  Leukocidin  Leukocidin/Hemolysin toxin family


Domain annotation for each model:
>> Leukocidin  Leukocidin/Hemolysin toxin family
   #    score  bias  c-Evalue  i-Evalue hmmfrom  hmm to    alifrom  ali to    envfrom  env to     acc
 ---   ------ ----- --------- --------- ------- -------    ------- -------    ------- -------    ----
   1 !  306.9  16.8   7.5e-96   1.6e-91       1     256 []      60     306 ..      60     306 .. 0.99



Internal pipeline statistics summary:
-------------------------------------
Query sequence(s):                         1  (315 residues searched)
Target model(s):                       21979  (3587873 nodes)
Passed MSV filter:                       813  (0.0369899); expected 439.6 (0.02)
Passed bias filter:                      333  (0.0151508); expected 439.6 (0.02)
Passed Vit filter:                        21  (0.000955457); expected 22.0 (0.001)
Passed Fwd filter:                         1  (4.5498e-05); expected 0.2 (1e-05)
Initial search space (Z):              21979  [actual number of targets]
Domain search space  (domZ):               1  [number of targets reported over threshold]
# CPU time: 0.22u 0.15s 00:00:00.37 Elapsed: 00:00:00.36
# Mc/sec: 3107.14
//
Query:       positive|Q76CA2  [L=275]
Scores for complete sequence (score includes all domains):
   --- full sequence ---   --- best 1 domain ---    -#dom-
    E-value  score  bias    E-value  score  bias    exp  N  Model    Description
    ------- ------ -----    ------- ------ -----   ---- --  -------- -----------

   [No hits detected that satisfy reporting thresholds]


Domain annotation for each model:

   [No targets detected that satisfy reporting thresholds]


Internal pipeline statistics summary:
-------------------------------------
Query sequence(s):                         1  (275 residues searched)
Target model(s):                       21979  (3587873 nodes)
Passed MSV filter:                       919  (0.0418126); expected 439.6 (0.02)
Passed bias filter:                      537  (0.0244324); expected 439.6 (0.02)
Passed Vit filter:                        42  (0.00191091); expected 22.0 (0.001)
Passed Fwd filter:                         2  (9.0996e-05); expected 0.2 (1e-05)
Initial search space (Z):              21979  [actual number of targets]
Domain search space  (domZ):               0  [number of targets reported over threshold]
# CPU time: 0.25u 0.13s 00:00:00.38 Elapsed: 00:00:00.37
# Mc/sec: 2622.79
//
Query:       positive|P01552  [L=266]
Scores for complete sequence (score includes all domains):
   --- full sequence ---   --- best 1 domain ---    -#dom-
    E-value  score  bias    E-value  score  bias    exp  N  Model           Description
    ------- ------ -----    ------- ------ -----   ---- --  --------        -----------
    4.8e-22   78.3   2.8    4.8e-22   78.3   2.8    1.9  1  Stap_Strp_tox_C  Staphylococcal/Streptococcal toxin, beta-gra
      5e-21   75.3  12.2      5e-21   75.3  12.2    2.4  1  Stap_Strp_toxin  Staphylococcal/Streptococcal toxin, OB-fold 


Domain annotation for each model:
>> Stap_Strp_tox_C  Staphylococcal/Streptococcal toxin, beta-grasp domain
   #    score  bias  c-Evalue  i-Evalue hmmfrom  hmm to    alifrom  ali to    envfrom  env to     acc
 ---   ------ ----- --------- --------- ------- -------    ------- -------    ------- -------    ----
   1 !   78.3   2.8   4.4e-26   4.8e-22       3      96 .]     159     261 ..     157     261 .. 0.95

>> Stap_Strp_toxin  Staphylococcal/Streptococcal toxin, OB-fold domain
   #    score  bias  c-Evalue  i-Evalue hmmfrom  hmm to    alifrom  ali to    envfrom  env to     acc
 ---   ------ ----- --------- --------- ------- -------    ------- -------    ------- -------    ----
   1 !   75.3  12.2   4.5e-25     5e-21       1      87 []      50     147 ..      50     147 .. 0.97



Internal pipeline statistics summary:
-------------------------------------
Query sequence(s):                         1  (266 residues searched)
Target model(s):                       21979  (3587873 nodes)
Passed MSV filter:                      1351  (0.0614678); expected 439.6 (0.02)
Passed bias filter:                      538  (0.0244779); expected 439.6 (0.02)
Passed Vit filter:                        36  (0.00163793); expected 22.0 (0.001)
Passed Fwd filter:                         2  (9.0996e-05); expected 0.2 (1e-05)
Initial search space (Z):              21979  [actual number of targets]
Domain search space  (domZ):               2  [number of targets reported over threshold]
# CPU time: 0.24u 0.12s 00:00:00.36 Elapsed: 00:00:00.36
# Mc/sec: 2582.73
//
Query:       positive|Q7T3L1  [L=294]
Scores for complete sequence (score includes all domains):
   --- full sequence ---   --- best 1 domain ---    -#dom-
    E-value  score  bias    E-value  score  bias    exp  N  Model      Description
    ------- ------ -----    ------- ------ -----   ---- --  --------   -----------
    8.4e-62  203.8 135.1    1.6e-07   31.0   9.9    8.3  8  Bradykinin  Bradykinin


Domain annotation for each model:
>> Bradykinin  Bradykinin
   #    score  bias  c-Evalue  i-Evalue hmmfrom  hmm to    alifrom  ali to    envfrom  env to     acc
 ---   ------ ----- --------- --------- ------- -------    ------- -------    ------- -------    ----
   1 !   31.0   9.9   7.5e-12   1.6e-07       4      19 .]      51      66 ..      50      66 .. 0.98
   2 !   31.0   9.9   7.5e-12   1.6e-07       4      19 .]      79      94 ..      78      94 .. 0.98
   3 !   31.0   9.9   7.5e-12   1.6e-07       4      19 .]     107     122 ..     106     122 .. 0.98
   4 !   31.0   9.9   7.5e-12   1.6e-07       4      19 .]     135     150 ..     134     150 .. 0.98
   5 !   31.0   9.9   7.5e-12   1.6e-07       4      19 .]     163     178 ..     162     178 .. 0.98
   6 !   31.0   9.9   7.5e-12   1.6e-07       4      19 .]     191     206 ..     190     206 .. 0.98
   7 !   31.0   9.9   7.5e-12   1.6e-07       4      19 .]     219     234 ..     218     234 .. 0.98
   8 !   31.0   9.9   7.5e-12   1.6e-07       4      19 .]     247     262 ..     246     262 .. 0.98



Internal pipeline statistics summary:
-------------------------------------
Query sequence(s):                         1  (294 residues searched)
Target model(s):                       21979  (3587873 nodes)
Passed MSV filter:                       169  (0.00768916); expected 439.6 (0.02)
Passed bias filter:                      147  (0.0066882); expected 439.6 (0.02)
Passed Vit filter:                        17  (0.000773466); expected 22.0 (0.001)
Passed Fwd filter:                         3  (0.000136494); expected 0.2 (1e-05)
Initial search space (Z):              21979  [actual number of targets]
Domain search space  (domZ):               1  [number of targets reported over threshold]
# CPU time: 0.25u 0.11s 00:00:00.36 Elapsed: 00:00:00.35
# Mc/sec: 2978.00
//
Query:       positive|O87906  [L=675]
Scores for complete sequence (score includes all domains):
   --- full sequence ---   --- best 1 domain ---    -#dom-
    E-value  score  bias    E-value  score  bias    exp  N  Model       Description
    ------- ------ -----    ------- ------ -----   ---- --  --------    -----------
    5.9e-36  124.7   0.7    5.9e-36  124.7   0.7    1.6  1  Endotoxin_M  delta endotoxin
    3.9e-28   98.9   0.0    9.3e-28   97.6   0.0    1.7  1  Endotoxin_C  delta endotoxin
    5.6e-17   62.5   0.0    8.8e-17   61.8   0.0    1.3  1  Endotoxin_N  delta endotoxin, N-terminal domain


Domain annotation for each model:
>> Endotoxin_M  delta endotoxin
   #    score  bias  c-Evalue  i-Evalue hmmfrom  hmm to    alifrom  ali to    envfrom  env to     acc
 ---   ------ ----- --------- --------- ------- -------    ------- -------    ------- -------    ----
   1 !  124.7   0.7   8.1e-40   5.9e-36       1     203 [.     303     513 ..     303     514 .. 0.96

>> Endotoxin_C  delta endotoxin
   #    score  bias  c-Evalue  i-Evalue hmmfrom  hmm to    alifrom  ali to    envfrom  env to     acc
 ---   ------ ----- --------- --------- ------- -------    ------- -------    ------- -------    ----
   1 !   97.6   0.0   1.3e-31   9.3e-28       1     142 []     524     657 ..     524     657 .. 0.90

>> Endotoxin_N  delta endotoxin, N-terminal domain
   #    score  bias  c-Evalue  i-Evalue hmmfrom  hmm to    alifrom  ali to    envfrom  env to     acc
 ---   ------ ----- --------- --------- ------- -------    ------- -------    ------- -------    ----
   1 !   61.8   0.0   1.2e-20   8.8e-17      33     222 ..      98     294 ..      68     295 .. 0.75



Internal pipeline statistics summary:
-------------------------------------
Query sequence(s):                         1  (675 residues searched)
Target model(s):                       21979  (3587873 nodes)
Passed MSV filter:                       548  (0.0249329); expected 439.6 (0.02)
Passed bias filter:                      525  (0.0238864); expected 439.6 (0.02)
Passed Vit filter:                        36  (0.00163793); expected 22.0 (0.001)
Passed Fwd filter:                         3  (0.000136494); expected 0.2 (1e-05)
Initial search space (Z):              21979  [actual number of targets]
Domain search space  (domZ):               3  [number of targets reported over threshold]
# CPU time: 0.31u 0.13s 00:00:00.44 Elapsed: 00:00:00.44
# Mc/sec: 5465.81
//
Query:       positive|C1IBY0  [L=248]
Scores for complete sequence (score includes all domains):
   --- full sequence ---   --- best 1 domain ---    -#dom-
    E-value  score  bias    E-value  score  bias    exp  N  Model    Description
    ------- ------ -----    ------- ------ -----   ---- --  -------- -----------
    1.3e-45  156.2   0.2    1.6e-45  155.9   0.2    1.0  1  Trypsin   Trypsin


Domain annotation for each model:
>> Trypsin  Trypsin
   #    score  bias  c-Evalue  i-Evalue hmmfrom  hmm to    alifrom  ali to    envfrom  env to     acc
 ---   ------ ----- --------- --------- ------- -------    ------- -------    ------- -------    ----
   1 !  155.9   0.2   7.4e-50   1.6e-45       1     216 [.      24     240 ..      24     242 .. 0.91



Internal pipeline statistics summary:
-------------------------------------
Query sequence(s):                         1  (248 residues searched)
Target model(s):                       21979  (3587873 nodes)
Passed MSV filter:                       465  (0.0211566); expected 439.6 (0.02)
Passed bias filter:                      437  (0.0198826); expected 439.6 (0.02)
Passed Vit filter:                        35  (0.00159243); expected 22.0 (0.001)
Passed Fwd filter:                         4  (0.000181992); expected 0.2 (1e-05)
Initial search space (Z):              21979  [actual number of targets]
Domain search space  (domZ):               1  [number of targets reported over threshold]
# CPU time: 0.23u 0.13s 00:00:00.36 Elapsed: 00:00:00.35
# Mc/sec: 2515.81
//
Query:       positive|Q964Q0  [L=165]
Scores for complete sequence (score includes all domains):
   --- full sequence ---   --- best 1 domain ---    -#dom-
    E-value  score  bias    E-value  score  bias    exp  N  Model       Description
    ------- ------ -----    ------- ------ -----   ---- --  --------    -----------
    1.6e-24   86.1  19.9    6.9e-20   71.3   3.7    2.3  1  Kunitz_BPTI  Kunitz/Bovine pancreatic trypsin inhibitor domai


Domain annotation for each model:
>> Kunitz_BPTI  Kunitz/Bovine pancreatic trypsin inhibitor domain
   #    score  bias  c-Evalue  i-Evalue hmmfrom  hmm to    alifrom  ali to    envfrom  env to     acc
 ---   ------ ----- --------- --------- ------- -------    ------- -------    ------- -------    ----
   1 !   71.3   3.7   3.2e-24   6.9e-20       2      53 .]     101     152 ..     100     152 .. 0.98



Internal pipeline statistics summary:
-------------------------------------
Query sequence(s):                         1  (165 residues searched)
Target model(s):                       21979  (3587873 nodes)
Passed MSV filter:                       683  (0.0310751); expected 439.6 (0.02)
Passed bias filter:                      367  (0.0166978); expected 439.6 (0.02)
Passed Vit filter:                        15  (0.00068247); expected 22.0 (0.001)
Passed Fwd filter:                         1  (4.5498e-05); expected 0.2 (1e-05)
Initial search space (Z):              21979  [actual number of targets]
Domain search space  (domZ):               1  [number of targets reported over threshold]
# CPU time: 0.21u 0.12s 00:00:00.32 Elapsed: 00:00:00.33
# Mc/sec: 1756.72
//
Query:       positive|A0A834R821  [L=498]
Scores for complete sequence (score includes all domains):
   --- full sequence ---   --- best 1 domain ---    -#dom-
    E-value  score  bias    E-value  score  bias    exp  N  Model    Description
    ------- ------ -----    ------- ------ -----   ---- --  -------- -----------
    3.4e-87  293.3   0.1    4.2e-87  293.0   0.1    1.1  1  Serpin    Serpin (serine protease inhibitor)


Domain annotation for each model:
>> Serpin  Serpin (serine protease inhibitor)
   #    score  bias  c-Evalue  i-Evalue hmmfrom  hmm to    alifrom  ali to    envfrom  env to     acc
 ---   ------ ----- --------- --------- ------- -------    ------- -------    ------- -------    ----
   1 !  293.0   0.1   1.9e-91   4.2e-87       3     370 .]     111     490 ..     109     490 .. 0.91



Internal pipeline statistics summary:
-------------------------------------
Query sequence(s):                         1  (498 residues searched)
Target model(s):                       21979  (3587873 nodes)
Passed MSV filter:                       869  (0.0395377); expected 439.6 (0.02)
Passed bias filter:                      602  (0.0273898); expected 439.6 (0.02)
Passed Vit filter:                        48  (0.0021839); expected 22.0 (0.001)
Passed Fwd filter:                         2  (9.0996e-05); expected 0.2 (1e-05)
Initial search space (Z):              21979  [actual number of targets]
Domain search space  (domZ):               1  [number of targets reported over threshold]
# CPU time: 0.31u 0.11s 00:00:00.42 Elapsed: 00:00:00.42
# Mc/sec: 4247.09
//
Query:       positive|Q9S597  [L=826]
Scores for complete sequence (score includes all domains):
   --- full sequence ---   --- best 1 domain ---    -#dom-
    E-value  score  bias    E-value  score  bias    exp  N  Model       Description
    ------- ------ -----    ------- ------ -----   ---- --  --------    -----------
    4.4e-27   95.5   0.2    4.4e-27   95.5   0.2    3.6  1  Endotoxin_C  delta endotoxin
    1.7e-20   74.0   1.1    1.7e-20   74.0   1.1    3.6  1  Endotoxin_N  delta endotoxin, N-terminal domain
    1.2e-16   61.7  14.6    1.2e-16   61.7  14.6    3.2  1  Endotoxin_M  delta endotoxin


Domain annotation for each model:
>> Endotoxin_C  delta endotoxin
   #    score  bias  c-Evalue  i-Evalue hmmfrom  hmm to    alifrom  ali to    envfrom  env to     acc
 ---   ------ ----- --------- --------- ------- -------    ------- -------    ------- -------    ----
   1 !   95.5   0.2     6e-31   4.4e-27       1     141 [.     524     682 ..     524     683 .. 0.87

>> Endotoxin_N  delta endotoxin, N-terminal domain
   #    score  bias  c-Evalue  i-Evalue hmmfrom  hmm to    alifrom  ali to    envfrom  env to     acc
 ---   ------ ----- --------- --------- ------- -------    ------- -------    ------- -------    ----
   1 !   74.0   1.1   2.3e-24   1.7e-20      14     223 .]     107     302 ..      92     302 .. 0.86

>> Endotoxin_M  delta endotoxin
   #    score  bias  c-Evalue  i-Evalue hmmfrom  hmm to    alifrom  ali to    envfrom  env to     acc
 ---   ------ ----- --------- --------- ------- -------    ------- -------    ------- -------    ----
   1 !   61.7  14.6   1.6e-20   1.2e-16       5     204 .]     315     499 ..     311     499 .. 0.86



Internal pipeline statistics summary:
-------------------------------------
Query sequence(s):                         1  (826 residues searched)
Target model(s):                       21979  (3587873 nodes)
Passed MSV filter:                      1670  (0.0759816); expected 439.6 (0.02)
Passed bias filter:                      550  (0.0250239); expected 439.6 (0.02)
Passed Vit filter:                        62  (0.00282087); expected 22.0 (0.001)
Passed Fwd filter:                         4  (0.000181992); expected 0.2 (1e-05)
Initial search space (Z):              21979  [actual number of targets]
Domain search space  (domZ):               3  [number of targets reported over threshold]
# CPU time: 0.41u 0.13s 00:00:00.54 Elapsed: 00:00:00.54
# Mc/sec: 5473.54
//
Query:       positive|P0DPZ6  [L=229]
Scores for complete sequence (score includes all domains):
   --- full sequence ---   --- best 1 domain ---    -#dom-
    E-value  score  bias    E-value  score  bias    exp  N  Model    Description
    ------- ------ -----    ------- ------ -----   ---- --  -------- -----------

   [No hits detected that satisfy reporting thresholds]


Domain annotation for each model:

   [No targets detected that satisfy reporting thresholds]


Internal pipeline statistics summary:
-------------------------------------
Query sequence(s):                         1  (229 residues searched)
Target model(s):                       21979  (3587873 nodes)
Passed MSV filter:                       618  (0.0281177); expected 439.6 (0.02)
Passed bias filter:                      328  (0.0149233); expected 439.6 (0.02)
Passed Vit filter:                        28  (0.00127394); expected 22.0 (0.001)
Passed Fwd filter:                         1  (4.5498e-05); expected 0.2 (1e-05)
Initial search space (Z):              21979  [actual number of targets]
Domain search space  (domZ):               0  [number of targets reported over threshold]
# CPU time: 0.23u 0.15s 00:00:00.38 Elapsed: 00:00:00.37
# Mc/sec: 2197.20
//
Query:       positive|Q4QXT9  [L=483]
Scores for complete sequence (score includes all domains):
   --- full sequence ---   --- best 1 domain ---    -#dom-
    E-value  score  bias    E-value  score  bias    exp  N  Model          Description
    ------- ------ -----    ------- ------ -----   ---- --  --------       -----------
    2.6e-60  204.3   0.3    3.6e-60  203.8   0.3    1.2  1  Trypsin         Trypsin
    4.8e-19   68.5  12.3    8.4e-19   67.7  12.3    1.4  1  Gla             Vitamin K-dependent carboxylation/gamma-carbo
    1.8e-10   41.1   7.2    1.8e-10   41.1   7.2    3.0  1  FXa_inhibition  Coagulation Factor Xa inhibitory site
    7.6e-08   32.8  11.1    7.6e-08   32.8  11.1    3.4  1  EGF             EGF-like domain
    3.1e-06   27.8   0.0    7.1e-06   26.7   0.0    1.6  1  DUF1986         Domain of unknown function (DUF1986)


Domain annotation for each model:
>> Trypsin  Trypsin
   #    score  bias  c-Evalue  i-Evalue hmmfrom  hmm to    alifrom  ali to    envfrom  env to     acc
 ---   ------ ----- --------- --------- ------- -------    ------- -------    ------- -------    ----
   1 !  203.8   0.3   8.2e-64   3.6e-60       1     220 []     239     465 ..     239     465 .. 0.96

>> Gla  Vitamin K-dependent carboxylation/gamma-carboxyglutamic (GLA) domain
   #    score  bias  c-Evalue  i-Evalue hmmfrom  hmm to    alifrom  ali to    envfrom  env to     acc
 ---   ------ ----- --------- --------- ------- -------    ------- -------    ------- -------    ----
   1 !   67.7  12.3   1.9e-22   8.4e-19       1      41 []      45      85 ..      45      85 .. 0.98

>> FXa_inhibition  Coagulation Factor Xa inhibitory site
   #    score  bias  c-Evalue  i-Evalue hmmfrom  hmm to    alifrom  ali to    envfrom  env to     acc
 ---   ------ ----- --------- --------- ------- -------    ------- -------    ------- -------    ----
   1 !   41.1   7.2   4.1e-14   1.8e-10       1      36 []     129     164 ..     129     164 .. 1.00

>> EGF  EGF-like domain
   #    score  bias  c-Evalue  i-Evalue hmmfrom  hmm to    alifrom  ali to    envfrom  env to     acc
 ---   ------ ----- --------- --------- ------- -------    ------- -------    ------- -------    ----
   1 !   32.8  11.1   1.7e-11   7.6e-08       1      32 []      90     120 ..      90     120 .. 0.98

>> DUF1986  Domain of unknown function (DUF1986)
   #    score  bias  c-Evalue  i-Evalue hmmfrom  hmm to    alifrom  ali to    envfrom  env to     acc
 ---   ------ ----- --------- --------- ------- -------    ------- -------    ------- -------    ----
   1 !   26.7   0.0   1.6e-09   7.1e-06       1     104 [.     250     354 ..     250     361 .. 0.84



Internal pipeline statistics summary:
-------------------------------------
Query sequence(s):                         1  (483 residues searched)
Target model(s):                       21979  (3587873 nodes)
Passed MSV filter:                       684  (0.0311206); expected 439.6 (0.02)
Passed bias filter:                      421  (0.0191546); expected 439.6 (0.02)
Passed Vit filter:                        40  (0.00181992); expected 22.0 (0.001)
Passed Fwd filter:                        12  (0.000545976); expected 0.2 (1e-05)
Initial search space (Z):              21979  [actual number of targets]
Domain search space  (domZ):               5  [number of targets reported over threshold]
# CPU time: 0.29u 0.12s 00:00:00.41 Elapsed: 00:00:00.41
# Mc/sec: 4157.68
//
Query:       positive|Q2XXP1  [L=242]
Scores for complete sequence (score includes all domains):
   --- full sequence ---   --- best 1 domain ---    -#dom-
    E-value  score  bias    E-value  score  bias    exp  N  Model    Description
    ------- ------ -----    ------- ------ -----   ---- --  -------- -----------
    3.4e-18   66.9   0.2    5.6e-18   66.2   0.2    1.4  1  CAP       Cysteine-rich secretory protein family
    8.4e-17   61.8  21.0    8.4e-17   61.8  21.0    2.2  1  Crisp     Crisp


Domain annotation for each model:
>> CAP  Cysteine-rich secretory protein family
   #    score  bias  c-Evalue  i-Evalue hmmfrom  hmm to    alifrom  ali to    envfrom  env to     acc
 ---   ------ ----- --------- --------- ------- -------    ------- -------    ------- -------    ----
   1 !   66.2   0.2   5.1e-22   5.6e-18       2     117 .]      41     169 ..      40     169 .. 0.91

>> Crisp  Crisp
   #    score  bias  c-Evalue  i-Evalue hmmfrom  hmm to    alifrom  ali to    envfrom  env to     acc
 ---   ------ ----- --------- --------- ------- -------    ------- -------    ------- -------    ----
   1 !   61.8  21.0   7.7e-21   8.4e-17       1      55 []     189     242 .]     189     242 .] 0.95



Internal pipeline statistics summary:
-------------------------------------
Query sequence(s):                         1  (242 residues searched)
Target model(s):                       21979  (3587873 nodes)
Passed MSV filter:                       759  (0.034533); expected 439.6 (0.02)
Passed bias filter:                      378  (0.0171982); expected 439.6 (0.02)
Passed Vit filter:                        22  (0.00100096); expected 22.0 (0.001)
Passed Fwd filter:                         2  (9.0996e-05); expected 0.2 (1e-05)
Initial search space (Z):              21979  [actual number of targets]
Domain search space  (domZ):               2  [number of targets reported over threshold]
# CPU time: 0.23u 0.13s 00:00:00.36 Elapsed: 00:00:00.35
# Mc/sec: 2432.15
//
Query:       positive|P23806  [L=152]
Scores for complete sequence (score includes all domains):
   --- full sequence ---   --- best 1 domain ---    -#dom-
    E-value  score  bias    E-value  score  bias    exp  N  Model    Description
    ------- ------ -----    ------- ------ -----   ---- --  -------- -----------
    3.5e-17   63.3   4.0    4.5e-17   63.0   4.0    1.1  1  Lectin_C  Lectin C-type domain


Domain annotation for each model:
>> Lectin_C  Lectin C-type domain
   #    score  bias  c-Evalue  i-Evalue hmmfrom  hmm to    alifrom  ali to    envfrom  env to     acc
 ---   ------ ----- --------- --------- ------- -------    ------- -------    ------- -------    ----
   1 !   63.0   4.0   2.1e-21   4.5e-17       3     106 ..      44     151 ..      42     152 .] 0.90



Internal pipeline statistics summary:
-------------------------------------
Query sequence(s):                         1  (152 residues searched)
Target model(s):                       21979  (3587873 nodes)
Passed MSV filter:                       651  (0.0296192); expected 439.6 (0.02)
Passed bias filter:                      479  (0.0217935); expected 439.6 (0.02)
Passed Vit filter:                        24  (0.00109195); expected 22.0 (0.001)
Passed Fwd filter:                         1  (4.5498e-05); expected 0.2 (1e-05)
Initial search space (Z):              21979  [actual number of targets]
Domain search space  (domZ):               1  [number of targets reported over threshold]
# CPU time: 0.22u 0.14s 00:00:00.36 Elapsed: 00:00:00.35
# Mc/sec: 1522.07
//
Query:       positive|B0X6Z1  [L=313]
Scores for complete sequence (score includes all domains):
   --- full sequence ---   --- best 1 domain ---    -#dom-
    E-value  score  bias    E-value  score  bias    exp  N  Model    Description
    ------- ------ -----    ------- ------ -----   ---- --  -------- -----------
    2.2e-10   40.9   4.5    2.2e-05   24.8   0.4    2.7  1  PBP_GOBP  PBP/GOBP family


Domain annotation for each model:
>> PBP_GOBP  PBP/GOBP family
   #    score  bias  c-Evalue  i-Evalue hmmfrom  hmm to    alifrom  ali to    envfrom  env to     acc
 ---   ------ ----- --------- --------- ------- -------    ------- -------    ------- -------    ----
   1 !   24.8   0.4     1e-09   2.2e-05      17      79 ..      35     103 ..      20     130 .. 0.81



Internal pipeline statistics summary:
-------------------------------------
Query sequence(s):                         1  (313 residues searched)
Target model(s):                       21979  (3587873 nodes)
Passed MSV filter:                       937  (0.0426316); expected 439.6 (0.02)
Passed bias filter:                      511  (0.0232495); expected 439.6 (0.02)
Passed Vit filter:                        34  (0.00154693); expected 22.0 (0.001)
Passed Fwd filter:                         3  (0.000136494); expected 0.2 (1e-05)
Initial search space (Z):              21979  [actual number of targets]
Domain search space  (domZ):               1  [number of targets reported over threshold]
# CPU time: 0.26u 0.12s 00:00:00.38 Elapsed: 00:00:00.37
# Mc/sec: 3000.87
//
Query:       positive|P0CH47  [L=337]
Scores for complete sequence (score includes all domains):
   --- full sequence ---   --- best 1 domain ---    -#dom-
    E-value  score  bias    E-value  score  bias    exp  N  Model    Description
    ------- ------ -----    ------- ------ -----   ---- --  -------- -----------
    5.5e-51  174.1   0.1    9.7e-51  173.3   0.1    1.4  1  Lipase    Lipase


Domain annotation for each model:
>> Lipase  Lipase
   #    score  bias  c-Evalue  i-Evalue hmmfrom  hmm to    alifrom  ali to    envfrom  env to     acc
 ---   ------ ----- --------- --------- ------- -------    ------- -------    ------- -------    ----
   1 !  173.3   0.1   4.4e-55   9.7e-51      37     336 .]      45     329 ..      16     329 .. 0.86



Internal pipeline statistics summary:
-------------------------------------
Query sequence(s):                         1  (337 residues searched)
Target model(s):                       21979  (3587873 nodes)
Passed MSV filter:                       724  (0.0329405); expected 439.6 (0.02)
Passed bias filter:                      551  (0.0250694); expected 439.6 (0.02)
Passed Vit filter:                        51  (0.0023204); expected 22.0 (0.001)
Passed Fwd filter:                         8  (0.000363984); expected 0.2 (1e-05)
Initial search space (Z):              21979  [actual number of targets]
Domain search space  (domZ):               1  [number of targets reported over threshold]
# CPU time: 0.26u 0.13s 00:00:00.39 Elapsed: 00:00:00.39
# Mc/sec: 3031.18
//
Query:       positive|Q70US9  [L=523]
Scores for complete sequence (score includes all domains):
   --- full sequence ---   --- best 1 domain ---    -#dom-
    E-value  score  bias    E-value  score  bias    exp  N  Model           Description
    ------- ------ -----    ------- ------ -----   ---- --  --------        -----------
      1e-45  155.2  10.4      1e-23   84.2   3.7    2.2  2  Ricin_B_lectin   Ricin-type beta-trefoil lectin domain
    1.1e-32  113.5   0.0    1.5e-32  113.0   0.0    1.2  1  RIP              Ribosome inactivating protein
    2.5e-15   57.2  12.0    1.1e-05   26.3   0.1    4.4  1  RicinB_lectin_2  Ricin-type beta-trefoil lectin domain-like


Domain annotation for each model:
>> Ricin_B_lectin  Ricin-type beta-trefoil lectin domain
   #    score  bias  c-Evalue  i-Evalue hmmfrom  hmm to    alifrom  ali to    envfrom  env to     acc
 ---   ------ ----- --------- --------- ------- -------    ------- -------    ------- -------    ----
   1 !   75.3   0.5   7.8e-25   5.7e-21       5     126 .]     278     394 ..     274     394 .. 0.90
   2 !   84.2   3.7   1.4e-27     1e-23       3     126 .]     405     521 ..     403     521 .. 0.95

>> RIP  Ribosome inactivating protein
   #    score  bias  c-Evalue  i-Evalue hmmfrom  hmm to    alifrom  ali to    envfrom  env to     acc
 ---   ------ ----- --------- --------- ------- -------    ------- -------    ------- -------    ----
   1 !  113.0   0.0     2e-36   1.5e-32       2     197 .]      13     207 ..      12     207 .. 0.93

>> RicinB_lectin_2  Ricin-type beta-trefoil lectin domain-like
   #    score  bias  c-Evalue  i-Evalue hmmfrom  hmm to    alifrom  ali to    envfrom  env to     acc
 ---   ------ ----- --------- --------- ------- -------    ------- -------    ------- -------    ----
   1 !   26.3   0.1   1.5e-09   1.1e-05       2      80 ..     433     502 ..     432     510 .. 0.85



Internal pipeline statistics summary:
-------------------------------------
Query sequence(s):                         1  (523 residues searched)
Target model(s):                       21979  (3587873 nodes)
Passed MSV filter:                       595  (0.0270713); expected 439.6 (0.02)
Passed bias filter:                      501  (0.0227945); expected 439.6 (0.02)
Passed Vit filter:                        41  (0.00186542); expected 22.0 (0.001)
Passed Fwd filter:                         4  (0.000181992); expected 0.2 (1e-05)
Initial search space (Z):              21979  [actual number of targets]
Domain search space  (domZ):               3  [number of targets reported over threshold]
# CPU time: 0.29u 0.13s 00:00:00.42 Elapsed: 00:00:00.41
# Mc/sec: 4510.60
//
Query:       positive|G3CJS0  [L=182]
Scores for complete sequence (score includes all domains):
   --- full sequence ---   --- best 1 domain ---    -#dom-
    E-value  score  bias    E-value  score  bias    exp  N  Model    Description
    ------- ------ -----    ------- ------ -----   ---- --  -------- -----------
    3.6e-34  118.0   2.0    4.6e-34  117.7   2.0    1.0  1  Triabin   Triabin


Domain annotation for each model:
>> Triabin  Triabin
   #    score  bias  c-Evalue  i-Evalue hmmfrom  hmm to    alifrom  ali to    envfrom  env to     acc
 ---   ------ ----- --------- --------- ------- -------    ------- -------    ------- -------    ----
   1 !  117.7   2.0   2.1e-38   4.6e-34      12     147 ..      21     160 ..      14     162 .. 0.92



Internal pipeline statistics summary:
-------------------------------------
Query sequence(s):                         1  (182 residues searched)
Target model(s):                       21979  (3587873 nodes)
Passed MSV filter:                       712  (0.0323946); expected 439.6 (0.02)
Passed bias filter:                      480  (0.021839); expected 439.6 (0.02)
Passed Vit filter:                        29  (0.00131944); expected 22.0 (0.001)
Passed Fwd filter:                         3  (0.000136494); expected 0.2 (1e-05)
Initial search space (Z):              21979  [actual number of targets]
Domain search space  (domZ):               1  [number of targets reported over threshold]
# CPU time: 0.23u 0.13s 00:00:00.36 Elapsed: 00:00:00.35
# Mc/sec: 1823.92
//
Query:       positive|U6BLN5  [L=393]
Scores for complete sequence (score includes all domains):
   --- full sequence ---   --- best 1 domain ---    -#dom-
    E-value  score  bias    E-value  score  bias    exp  N  Model        Description
    ------- ------ -----    ------- ------ -----   ---- --  --------     -----------
    4.7e-14   53.3   0.0    7.7e-14   52.6   0.0    1.3  1  Reprolysin_5  Metallo-peptidase family M12
    2.5e-11   44.2   2.8    8.8e-11   42.4   2.8    1.7  1  Reprolysin    Reprolysin (M12B) family zinc metalloprotease
    2.2e-08   34.9   0.0    4.6e-08   33.9   0.0    1.5  1  Reprolysin_3  Metallo-peptidase family M12B Reprolysin-like
    3.4e-06   27.3   0.0    8.8e-06   26.0   0.0    1.7  0  Reprolysin_2  Metallo-peptidase family M12B Reprolysin-like
    6.3e-06   26.2   0.1    1.2e-05   25.3   0.1    1.5  1  Reprolysin_4  Metallo-peptidase family M12B Reprolysin-like


Domain annotation for each model:
>> Reprolysin_5  Metallo-peptidase family M12
   #    score  bias  c-Evalue  i-Evalue hmmfrom  hmm to    alifrom  ali to    envfrom  env to     acc
 ---   ------ ----- --------- --------- ------- -------    ------- -------    ------- -------    ----
   1 !   52.6   0.0   1.8e-17   7.7e-14       5     196 .]     171     362 ..     168     362 .. 0.80

>> Reprolysin  Reprolysin (M12B) family zinc metalloprotease
   #    score  bias  c-Evalue  i-Evalue hmmfrom  hmm to    alifrom  ali to    envfrom  env to     acc
 ---   ------ ----- --------- --------- ------- -------    ------- -------    ------- -------    ----
   1 !   42.4   2.8     2e-14   8.8e-11      20     197 ..     186     383 ..     171     385 .. 0.75

>> Reprolysin_3  Metallo-peptidase family M12B Reprolysin-like
   #    score  bias  c-Evalue  i-Evalue hmmfrom  hmm to    alifrom  ali to    envfrom  env to     acc
 ---   ------ ----- --------- --------- ------- -------    ------- -------    ------- -------    ----
   1 !   33.9   0.0     1e-11   4.6e-08       3     123 .]     193     334 ..     191     334 .. 0.81

>> Reprolysin_2  Metallo-peptidase family M12B Reprolysin-like
   [No individual domains that satisfy reporting thresholds (although complete target did)]

>> Reprolysin_4  Metallo-peptidase family M12B Reprolysin-like
   #    score  bias  c-Evalue  i-Evalue hmmfrom  hmm to    alifrom  ali to    envfrom  env to     acc
 ---   ------ ----- --------- --------- ------- -------    ------- -------    ------- -------    ----
   1 !   25.3   0.1   2.8e-09   1.2e-05     107     190 ..     289     367 ..     172     378 .. 0.67



Internal pipeline statistics summary:
-------------------------------------
Query sequence(s):                         1  (393 residues searched)
Target model(s):                       21979  (3587873 nodes)
Passed MSV filter:                       728  (0.0331225); expected 439.6 (0.02)
Passed bias filter:                      577  (0.0262523); expected 439.6 (0.02)
Passed Vit filter:                        51  (0.0023204); expected 22.0 (0.001)
Passed Fwd filter:                         6  (0.000272988); expected 0.2 (1e-05)
Initial search space (Z):              21979  [actual number of targets]
Domain search space  (domZ):               5  [number of targets reported over threshold]
# CPU time: 0.29u 0.12s 00:00:00.41 Elapsed: 00:00:00.41
# Mc/sec: 3377.33
//
Query:       positive|Q45744  [L=649]
Scores for complete sequence (score includes all domains):
   --- full sequence ---   --- best 1 domain ---    -#dom-
    E-value  score  bias    E-value  score  bias    exp  N  Model       Description
    ------- ------ -----    ------- ------ -----   ---- --  --------    -----------
      6e-56  190.0   2.9    1.3e-55  188.9   2.9    1.6  1  Endotoxin_M  delta endotoxin
    3.7e-38  131.4   0.6    3.7e-38  131.4   0.6    2.3  1  Endotoxin_C  delta endotoxin
    3.7e-30  105.6   3.9    9.8e-30  104.2   0.1    2.9  1  Endotoxin_N  delta endotoxin, N-terminal domain


Domain annotation for each model:
>> Endotoxin_M  delta endotoxin
   #    score  bias  c-Evalue  i-Evalue hmmfrom  hmm to    alifrom  ali to    envfrom  env to     acc
 ---   ------ ----- --------- --------- ------- -------    ------- -------    ------- -------    ----
   1 !  188.9   2.9   1.8e-59   1.3e-55       1     204 []     293     502 ..     293     502 .. 0.96

>> Endotoxin_C  delta endotoxin
   #    score  bias  c-Evalue  i-Evalue hmmfrom  hmm to    alifrom  ali to    envfrom  env to     acc
 ---   ------ ----- --------- --------- ------- -------    ------- -------    ------- -------    ----
   1 !  131.4   0.6   5.1e-42   3.7e-38       1     142 []     512     649 .]     512     649 .] 0.94

>> Endotoxin_N  delta endotoxin, N-terminal domain
   #    score  bias  c-Evalue  i-Evalue hmmfrom  hmm to    alifrom  ali to    envfrom  env to     acc
 ---   ------ ----- --------- --------- ------- -------    ------- -------    ------- -------    ----
   1 !  104.2   0.1   1.3e-33   9.8e-30      23     223 .]      89     285 ..      67     285 .. 0.87



Internal pipeline statistics summary:
-------------------------------------
Query sequence(s):                         1  (649 residues searched)
Target model(s):                       21979  (3587873 nodes)
Passed MSV filter:                       702  (0.0319396); expected 439.6 (0.02)
Passed bias filter:                      594  (0.0270258); expected 439.6 (0.02)
Passed Vit filter:                        47  (0.0021384); expected 22.0 (0.001)
Passed Fwd filter:                         4  (0.000181992); expected 0.2 (1e-05)
Initial search space (Z):              21979  [actual number of targets]
Domain search space  (domZ):               3  [number of targets reported over threshold]
# CPU time: 0.34u 0.13s 00:00:00.47 Elapsed: 00:00:00.46
# Mc/sec: 4999.35
//
Query:       positive|I6VXS1  [L=195]
Scores for complete sequence (score includes all domains):
   --- full sequence ---   --- best 1 domain ---    -#dom-
    E-value  score  bias    E-value  score  bias    exp  N  Model       Description
    ------- ------ -----    ------- ------ -----   ---- --  --------    -----------
    5.8e-12   45.9  19.7      1e-11   45.1  12.5    2.8  1  Kunitz_BPTI  Kunitz/Bovine pancreatic trypsin inhibitor domai


Domain annotation for each model:
>> Kunitz_BPTI  Kunitz/Bovine pancreatic trypsin inhibitor domain
   #    score  bias  c-Evalue  i-Evalue hmmfrom  hmm to    alifrom  ali to    envfrom  env to     acc
 ---   ------ ----- --------- --------- ------- -------    ------- -------    ------- -------    ----
   1 !   45.1  12.5   4.6e-16     1e-11      10      53 .]      47      88 ..      38      88 .. 0.87



Internal pipeline statistics summary:
-------------------------------------
Query sequence(s):                         1  (195 residues searched)
Target model(s):                       21979  (3587873 nodes)
Passed MSV filter:                       792  (0.0360344); expected 439.6 (0.02)
Passed bias filter:                      438  (0.0199281); expected 439.6 (0.02)
Passed Vit filter:                        33  (0.00150143); expected 22.0 (0.001)
Passed Fwd filter:                         2  (9.0996e-05); expected 0.2 (1e-05)
Initial search space (Z):              21979  [actual number of targets]
Domain search space  (domZ):               1  [number of targets reported over threshold]
# CPU time: 0.22u 0.14s 00:00:00.36 Elapsed: 00:00:00.35
# Mc/sec: 1977.53
//
Query:       positive|P0DKQ8  [L=248]
Scores for complete sequence (score includes all domains):
   --- full sequence ---   --- best 1 domain ---    -#dom-
    E-value  score  bias    E-value  score  bias    exp  N  Model    Description
    ------- ------ -----    ------- ------ -----   ---- --  -------- -----------

   [No hits detected that satisfy reporting thresholds]


Domain annotation for each model:

   [No targets detected that satisfy reporting thresholds]


Internal pipeline statistics summary:
-------------------------------------
Query sequence(s):                         1  (248 residues searched)
Target model(s):                       21979  (3587873 nodes)
Passed MSV filter:                       671  (0.0305291); expected 439.6 (0.02)
Passed bias filter:                      538  (0.0244779); expected 439.6 (0.02)
Passed Vit filter:                        33  (0.00150143); expected 22.0 (0.001)
Passed Fwd filter:                         2  (9.0996e-05); expected 0.2 (1e-05)
Initial search space (Z):              21979  [actual number of targets]
Domain search space  (domZ):               0  [number of targets reported over threshold]
# CPU time: 0.24u 0.13s 00:00:00.37 Elapsed: 00:00:00.37
# Mc/sec: 2395.19
//
Query:       negative|P18108  [L=29]
Scores for complete sequence (score includes all domains):
   --- full sequence ---   --- best 1 domain ---    -#dom-
    E-value  score  bias    E-value  score  bias    exp  N  Model     Description
    ------- ------ -----    ------- ------ -----   ---- --  --------  -----------
    2.3e-15   56.5   0.2    2.5e-15   56.4   0.2    1.0  1  Hormone_2  Peptide hormone


Domain annotation for each model:
>> Hormone_2  Peptide hormone
   #    score  bias  c-Evalue  i-Evalue hmmfrom  hmm to    alifrom  ali to    envfrom  env to     acc
 ---   ------ ----- --------- --------- ------- -------    ------- -------    ------- -------    ----
   1 !   56.4   0.2   1.1e-19   2.5e-15       1      27 [.       1      27 [.       1      28 [. 0.98



Internal pipeline statistics summary:
-------------------------------------
Query sequence(s):                         1  (29 residues searched)
Target model(s):                       21979  (3587873 nodes)
Passed MSV filter:                       386  (0.0175622); expected 439.6 (0.02)
Passed bias filter:                      294  (0.0133764); expected 439.6 (0.02)
Passed Vit filter:                        19  (0.000864462); expected 22.0 (0.001)
Passed Fwd filter:                         1  (4.5498e-05); expected 0.2 (1e-05)
Initial search space (Z):              21979  [actual number of targets]
Domain search space  (domZ):               1  [number of targets reported over threshold]
# CPU time: 0.19u 0.13s 00:00:00.32 Elapsed: 00:00:00.32
# Mc/sec: 319.20
//
Query:       negative|P84452  [L=27]
Scores for complete sequence (score includes all domains):
   --- full sequence ---   --- best 1 domain ---    -#dom-
    E-value  score  bias    E-value  score  bias    exp  N  Model    Description
    ------- ------ -----    ------- ------ -----   ---- --  -------- -----------
    6.4e-12   45.5   9.3    6.8e-12   45.5   9.3    1.0  1  Squash    Squash family serine protease inhibitor


Domain annotation for each model:
>> Squash  Squash family serine protease inhibitor
   #    score  bias  c-Evalue  i-Evalue hmmfrom  hmm to    alifrom  ali to    envfrom  env to     acc
 ---   ------ ----- --------- --------- ------- -------    ------- -------    ------- -------    ----
   1 !   45.5   9.3   3.1e-16   6.8e-12       3      29 .]       1      27 []       1      27 [] 1.00



Internal pipeline statistics summary:
-------------------------------------
Query sequence(s):                         1  (27 residues searched)
Target model(s):                       21979  (3587873 nodes)
Passed MSV filter:                       397  (0.0180627); expected 439.6 (0.02)
Passed bias filter:                      112  (0.00509577); expected 439.6 (0.02)
Passed Vit filter:                        13  (0.000591474); expected 22.0 (0.001)
Passed Fwd filter:                         1  (4.5498e-05); expected 0.2 (1e-05)
Initial search space (Z):              21979  [actual number of targets]
Domain search space  (domZ):               1  [number of targets reported over threshold]
# CPU time: 0.19u 0.12s 00:00:00.31 Elapsed: 00:00:00.30
# Mc/sec: 315.86
//
Query:       negative|P83395  [L=29]
Scores for complete sequence (score includes all domains):
   --- full sequence ---   --- best 1 domain ---    -#dom-
    E-value  score  bias    E-value  score  bias    exp  N  Model    Description
    ------- ------ -----    ------- ------ -----   ---- --  -------- -----------
    1.5e-19   69.9   8.6    1.6e-19   69.9   8.6    1.0  1  Squash    Squash family serine protease inhibitor


Domain annotation for each model:
>> Squash  Squash family serine protease inhibitor
   #    score  bias  c-Evalue  i-Evalue hmmfrom  hmm to    alifrom  ali to    envfrom  env to     acc
 ---   ------ ----- --------- --------- ------- -------    ------- -------    ------- -------    ----
   1 !   69.9   8.6   7.4e-24   1.6e-19       1      29 []       1      29 []       1      29 [] 0.99



Internal pipeline statistics summary:
-------------------------------------
Query sequence(s):                         1  (29 residues searched)
Target model(s):                       21979  (3587873 nodes)
Passed MSV filter:                       568  (0.0258428); expected 439.6 (0.02)
Passed bias filter:                      181  (0.00823513); expected 439.6 (0.02)
Passed Vit filter:                        14  (0.000636972); expected 22.0 (0.001)
Passed Fwd filter:                         1  (4.5498e-05); expected 0.2 (1e-05)
Initial search space (Z):              21979  [actual number of targets]
Domain search space  (domZ):               1  [number of targets reported over threshold]
# CPU time: 0.19u 0.12s 00:00:00.31 Elapsed: 00:00:00.31
# Mc/sec: 334.67
//
Query:       negative|P68952  [L=29]
Scores for complete sequence (score includes all domains):
   --- full sequence ---   --- best 1 domain ---    -#dom-
    E-value  score  bias    E-value  score  bias    exp  N  Model     Description
    ------- ------ -----    ------- ------ -----   ---- --  --------  -----------
    3.8e-15   55.8   0.2      4e-15   55.7   0.2    1.0  1  Hormone_2  Peptide hormone


Domain annotation for each model:
>> Hormone_2  Peptide hormone
   #    score  bias  c-Evalue  i-Evalue hmmfrom  hmm to    alifrom  ali to    envfrom  env to     acc
 ---   ------ ----- --------- --------- ------- -------    ------- -------    ------- -------    ----
   1 !   55.7   0.2   1.8e-19     4e-15       1      27 [.       1      27 [.       1      28 [. 0.98



Internal pipeline statistics summary:
-------------------------------------
Query sequence(s):                         1  (29 residues searched)
Target model(s):                       21979  (3587873 nodes)
Passed MSV filter:                       385  (0.0175167); expected 439.6 (0.02)
Passed bias filter:                      289  (0.0131489); expected 439.6 (0.02)
Passed Vit filter:                        17  (0.000773466); expected 22.0 (0.001)
Passed Fwd filter:                         1  (4.5498e-05); expected 0.2 (1e-05)
Initial search space (Z):              21979  [actual number of targets]
Domain search space  (domZ):               1  [number of targets reported over threshold]
# CPU time: 0.18u 0.13s 00:00:00.31 Elapsed: 00:00:00.31
# Mc/sec: 331.98
//
Query:       negative|P42992  [L=27]
Scores for complete sequence (score includes all domains):
   --- full sequence ---   --- best 1 domain ---    -#dom-
    E-value  score  bias    E-value  score  bias    exp  N  Model     Description
    ------- ------ -----    ------- ------ -----   ---- --  --------  -----------
    6.5e-06   25.8   6.5    1.2e-05   24.9   6.5    1.5  1  Hormone_4  Neurohypophysial hormones, N-terminal Domain


Domain annotation for each model:
>> Hormone_4  Neurohypophysial hormones, N-terminal Domain
   #    score  bias  c-Evalue  i-Evalue hmmfrom  hmm to    alifrom  ali to    envfrom  env to     acc
 ---   ------ ----- --------- --------- ------- -------    ------- -------    ------- -------    ----
   1 !   24.9   6.5   5.6e-10   1.2e-05       1       9 []       1       9 [.       1       9 [. 0.99



Internal pipeline statistics summary:
-------------------------------------
Query sequence(s):                         1  (27 residues searched)
Target model(s):                       21979  (3587873 nodes)
Passed MSV filter:                       293  (0.0133309); expected 439.6 (0.02)
Passed bias filter:                      159  (0.00723418); expected 439.6 (0.02)
Passed Vit filter:                        10  (0.00045498); expected 22.0 (0.001)
Passed Fwd filter:                         1  (4.5498e-05); expected 0.2 (1e-05)
Initial search space (Z):              21979  [actual number of targets]
Domain search space  (domZ):               1  [number of targets reported over threshold]
# CPU time: 0.19u 0.13s 00:00:00.32 Elapsed: 00:00:00.31
# Mc/sec: 307.52
//
Query:       negative|P68953  [L=29]
Scores for complete sequence (score includes all domains):
   --- full sequence ---   --- best 1 domain ---    -#dom-
    E-value  score  bias    E-value  score  bias    exp  N  Model     Description
    ------- ------ -----    ------- ------ -----   ---- --  --------  -----------
    3.8e-15   55.8   0.2      4e-15   55.7   0.2    1.0  1  Hormone_2  Peptide hormone


Domain annotation for each model:
>> Hormone_2  Peptide hormone
   #    score  bias  c-Evalue  i-Evalue hmmfrom  hmm to    alifrom  ali to    envfrom  env to     acc
 ---   ------ ----- --------- --------- ------- -------    ------- -------    ------- -------    ----
   1 !   55.7   0.2   1.8e-19     4e-15       1      27 [.       1      27 [.       1      28 [. 0.98



Internal pipeline statistics summary:
-------------------------------------
Query sequence(s):                         1  (29 residues searched)
Target model(s):                       21979  (3587873 nodes)
Passed MSV filter:                       385  (0.0175167); expected 439.6 (0.02)
Passed bias filter:                      289  (0.0131489); expected 439.6 (0.02)
Passed Vit filter:                        17  (0.000773466); expected 22.0 (0.001)
Passed Fwd filter:                         1  (4.5498e-05); expected 0.2 (1e-05)
Initial search space (Z):              21979  [actual number of targets]
Domain search space  (domZ):               1  [number of targets reported over threshold]
# CPU time: 0.18u 0.13s 00:00:00.31 Elapsed: 00:00:00.31
# Mc/sec: 335.10
//
Query:       negative|P69044  [L=9]
Scores for complete sequence (score includes all domains):
   --- full sequence ---   --- best 1 domain ---    -#dom-
    E-value  score  bias    E-value  score  bias    exp  N  Model     Description
    ------- ------ -----    ------- ------ -----   ---- --  --------  -----------
    1.4e-06   27.9   5.1    1.4e-06   27.9   5.1    1.0  1  Hormone_4  Neurohypophysial hormones, N-terminal Domain


Domain annotation for each model:
>> Hormone_4  Neurohypophysial hormones, N-terminal Domain
   #    score  bias  c-Evalue  i-Evalue hmmfrom  hmm to    alifrom  ali to    envfrom  env to     acc
 ---   ------ ----- --------- --------- ------- -------    ------- -------    ------- -------    ----
   1 !   27.9   5.1   6.4e-11   1.4e-06       1       9 []       1       9 []       1       9 [] 0.99



Internal pipeline statistics summary:
-------------------------------------
Query sequence(s):                         1  (9 residues searched)
Target model(s):                       21979  (3587873 nodes)
Passed MSV filter:                       160  (0.00727968); expected 439.6 (0.02)
Passed bias filter:                       96  (0.00436781); expected 439.6 (0.02)
Passed Vit filter:                         4  (0.000181992); expected 22.0 (0.001)
Passed Fwd filter:                         1  (4.5498e-05); expected 0.2 (1e-05)
Initial search space (Z):              21979  [actual number of targets]
Domain search space  (domZ):               1  [number of targets reported over threshold]
# CPU time: 0.19u 0.11s 00:00:00.30 Elapsed: 00:00:00.30
# Mc/sec: 106.76
//
Query:       negative|P83396  [L=29]
Scores for complete sequence (score includes all domains):
   --- full sequence ---   --- best 1 domain ---    -#dom-
    E-value  score  bias    E-value  score  bias    exp  N  Model    Description
    ------- ------ -----    ------- ------ -----   ---- --  -------- -----------
    6.3e-19   68.0   9.0    6.6e-19   67.9   9.0    1.0  1  Squash    Squash family serine protease inhibitor


Domain annotation for each model:
>> Squash  Squash family serine protease inhibitor
   #    score  bias  c-Evalue  i-Evalue hmmfrom  hmm to    alifrom  ali to    envfrom  env to     acc
 ---   ------ ----- --------- --------- ------- -------    ------- -------    ------- -------    ----
   1 !   67.9   9.0     3e-23   6.6e-19       1      29 []       1      29 []       1      29 [] 0.99



Internal pipeline statistics summary:
-------------------------------------
Query sequence(s):                         1  (29 residues searched)
Target model(s):                       21979  (3587873 nodes)
Passed MSV filter:                       547  (0.0248874); expected 439.6 (0.02)
Passed bias filter:                      174  (0.00791665); expected 439.6 (0.02)
Passed Vit filter:                        16  (0.000727968); expected 22.0 (0.001)
Passed Fwd filter:                         1  (4.5498e-05); expected 0.2 (1e-05)
Initial search space (Z):              21979  [actual number of targets]
Domain search space  (domZ):               1  [number of targets reported over threshold]
# CPU time: 0.18u 0.14s 00:00:00.32 Elapsed: 00:00:00.31
# Mc/sec: 330.78
//
Query:       negative|P11968  [L=29]
Scores for complete sequence (score includes all domains):
   --- full sequence ---   --- best 1 domain ---    -#dom-
    E-value  score  bias    E-value  score  bias    exp  N  Model    Description
    ------- ------ -----    ------- ------ -----   ---- --  -------- -----------
    1.5e-18   66.8  10.6    1.6e-18   66.7  10.6    1.0  1  Squash    Squash family serine protease inhibitor


Domain annotation for each model:
>> Squash  Squash family serine protease inhibitor
   #    score  bias  c-Evalue  i-Evalue hmmfrom  hmm to    alifrom  ali to    envfrom  env to     acc
 ---   ------ ----- --------- --------- ------- -------    ------- -------    ------- -------    ----
   1 !   66.7  10.6   7.1e-23   1.6e-18       1      29 []       1      29 []       1      29 [] 0.98



Internal pipeline statistics summary:
-------------------------------------
Query sequence(s):                         1  (29 residues searched)
Target model(s):                       21979  (3587873 nodes)
Passed MSV filter:                       616  (0.0280268); expected 439.6 (0.02)
Passed bias filter:                      183  (0.00832613); expected 439.6 (0.02)
Passed Vit filter:                        17  (0.000773466); expected 22.0 (0.001)
Passed Fwd filter:                         1  (4.5498e-05); expected 0.2 (1e-05)
Initial search space (Z):              21979  [actual number of targets]
Domain search space  (domZ):               1  [number of targets reported over threshold]
# CPU time: 0.18u 0.13s 00:00:00.31 Elapsed: 00:00:00.31
# Mc/sec: 331.81
//
Query:       negative|P15427  [L=36]
Scores for complete sequence (score includes all domains):
   --- full sequence ---   --- best 1 domain ---    -#dom-
    E-value  score  bias    E-value  score  bias    exp  N  Model     Description
    ------- ------ -----    ------- ------ -----   ---- --  --------  -----------
    7.4e-10   39.0   0.6    7.9e-10   38.9   0.6    1.0  1  Hormone_3  Pancreatic hormone peptide


Domain annotation for each model:
>> Hormone_3  Pancreatic hormone peptide
   #    score  bias  c-Evalue  i-Evalue hmmfrom  hmm to    alifrom  ali to    envfrom  env to     acc
 ---   ------ ----- --------- --------- ------- -------    ------- -------    ------- -------    ----
   1 !   38.9   0.6   3.6e-14   7.9e-10       1      35 [.       2      36 .]       2      36 .] 0.97



Internal pipeline statistics summary:
-------------------------------------
Query sequence(s):                         1  (36 residues searched)
Target model(s):                       21979  (3587873 nodes)
Passed MSV filter:                       360  (0.0163793); expected 439.6 (0.02)
Passed bias filter:                      305  (0.0138769); expected 439.6 (0.02)
Passed Vit filter:                        22  (0.00100096); expected 22.0 (0.001)
Passed Fwd filter:                         1  (4.5498e-05); expected 0.2 (1e-05)
Initial search space (Z):              21979  [actual number of targets]
Domain search space  (domZ):               1  [number of targets reported over threshold]
# CPU time: 0.18u 0.12s 00:00:00.30 Elapsed: 00:00:00.31
# Mc/sec: 416.17
//
Query:       negative|P69046  [L=51]
Scores for complete sequence (score includes all domains):
   --- full sequence ---   --- best 1 domain ---    -#dom-
    E-value  score  bias    E-value  score  bias    exp  N  Model    Description
    ------- ------ -----    ------- ------ -----   ---- --  -------- -----------
    1.5e-19   71.0   7.9    2.4e-10   41.5   0.2    2.0  2  Insulin   Insulin/IGF/Relaxin family
    5.1e-05   23.5   0.4    6.5e-05   23.1   0.4    1.1  1  Ins_beta  Nematode insulin-related peptide beta type


Domain annotation for each model:
>> Insulin  Insulin/IGF/Relaxin family
   #    score  bias  c-Evalue  i-Evalue hmmfrom  hmm to    alifrom  ali to    envfrom  env to     acc
 ---   ------ ----- --------- --------- ------- -------    ------- -------    ------- -------    ----
   1 !   41.5   0.2   2.1e-14   2.4e-10       1      26 [.       5      29 ..       5      30 .. 0.94
   2 !   34.6   2.2   3.2e-12   3.5e-08      61      81 .]      30      50 ..      28      50 .. 0.95

>> Ins_beta  Nematode insulin-related peptide beta type
   #    score  bias  c-Evalue  i-Evalue hmmfrom  hmm to    alifrom  ali to    envfrom  env to     acc
 ---   ------ ----- --------- --------- ------- -------    ------- -------    ------- -------    ----
   1 !   23.1   0.4   5.9e-09   6.5e-05       2      46 ..       6      50 ..       5      50 .. 0.90



Internal pipeline statistics summary:
-------------------------------------
Query sequence(s):                         1  (51 residues searched)
Target model(s):                       21979  (3587873 nodes)
Passed MSV filter:                       319  (0.0145139); expected 439.6 (0.02)
Passed bias filter:                      134  (0.00609673); expected 439.6 (0.02)
Passed Vit filter:                        13  (0.000591474); expected 22.0 (0.001)
Passed Fwd filter:                         2  (9.0996e-05); expected 0.2 (1e-05)
Initial search space (Z):              21979  [actual number of targets]
Domain search space  (domZ):               2  [number of targets reported over threshold]
# CPU time: 0.20u 0.13s 00:00:00.33 Elapsed: 00:00:00.31
# Mc/sec: 576.91
//
Query:       negative|P41336  [L=36]
Scores for complete sequence (score includes all domains):
   --- full sequence ---   --- best 1 domain ---    -#dom-
    E-value  score  bias    E-value  score  bias    exp  N  Model     Description
    ------- ------ -----    ------- ------ -----   ---- --  --------  -----------
    1.1e-15   57.6   2.7    1.2e-15   57.5   2.7    1.0  1  Hormone_3  Pancreatic hormone peptide


Domain annotation for each model:
>> Hormone_3  Pancreatic hormone peptide
   #    score  bias  c-Evalue  i-Evalue hmmfrom  hmm to    alifrom  ali to    envfrom  env to     acc
 ---   ------ ----- --------- --------- ------- -------    ------- -------    ------- -------    ----
   1 !   57.5   2.7   5.5e-20   1.2e-15       1      35 [.       2      36 .]       2      36 .] 0.98



Internal pipeline statistics summary:
-------------------------------------
Query sequence(s):                         1  (36 residues searched)
Target model(s):                       21979  (3587873 nodes)
Passed MSV filter:                       475  (0.0216115); expected 439.6 (0.02)
Passed bias filter:                      431  (0.0196096); expected 439.6 (0.02)
Passed Vit filter:                        24  (0.00109195); expected 22.0 (0.001)
Passed Fwd filter:                         1  (4.5498e-05); expected 0.2 (1e-05)
Initial search space (Z):              21979  [actual number of targets]
Domain search space  (domZ):               1  [number of targets reported over threshold]
# CPU time: 0.19u 0.12s 00:00:00.31 Elapsed: 00:00:00.31
# Mc/sec: 404.27
//
Query:       negative|Q51929  [L=46]
Scores for complete sequence (score includes all domains):
   --- full sequence ---   --- best 1 domain ---    -#dom-
    E-value  score  bias    E-value  score  bias    exp  N  Model    Description
    ------- ------ -----    ------- ------ -----   ---- --  -------- -----------
    1.8e-18   66.4   1.8    1.9e-18   66.4   1.8    1.0  1  CSD       'Cold-shock' DNA-binding domain


Domain annotation for each model:
>> CSD  'Cold-shock' DNA-binding domain
   #    score  bias  c-Evalue  i-Evalue hmmfrom  hmm to    alifrom  ali to    envfrom  env to     acc
 ---   ------ ----- --------- --------- ------- -------    ------- -------    ------- -------    ----
   1 !   66.4   1.8   8.6e-23   1.9e-18      11      56 ..       1      46 []       1      46 [] 0.98



Internal pipeline statistics summary:
-------------------------------------
Query sequence(s):                         1  (46 residues searched)
Target model(s):                       21979  (3587873 nodes)
Passed MSV filter:                       339  (0.0154238); expected 439.6 (0.02)
Passed bias filter:                      290  (0.0131944); expected 439.6 (0.02)
Passed Vit filter:                        14  (0.000636972); expected 22.0 (0.001)
Passed Fwd filter:                         3  (0.000136494); expected 0.2 (1e-05)
Initial search space (Z):              21979  [actual number of targets]
Domain search space  (domZ):               1  [number of targets reported over threshold]
# CPU time: 0.18u 0.14s 00:00:00.32 Elapsed: 00:00:00.31
# Mc/sec: 525.90
//
Query:       negative|P07440  [L=54]
Scores for complete sequence (score includes all domains):
   --- full sequence ---   --- best 1 domain ---    -#dom-
    E-value  score  bias    E-value  score  bias    exp  N  Model       Description
    ------- ------ -----    ------- ------ -----   ---- --  --------    -----------
    6.7e-10   39.2   0.1    6.7e-10   39.2   0.1    1.0  1  Lectin_legB  Legume lectin domain


Domain annotation for each model:
>> Lectin_legB  Legume lectin domain
   #    score  bias  c-Evalue  i-Evalue hmmfrom  hmm to    alifrom  ali to    envfrom  env to     acc
 ---   ------ ----- --------- --------- ------- -------    ------- -------    ------- -------    ----
   1 !   39.2   0.1   3.1e-14   6.7e-10     194     242 ..       3      51 ..       1      54 [] 0.85



Internal pipeline statistics summary:
-------------------------------------
Query sequence(s):                         1  (54 residues searched)
Target model(s):                       21979  (3587873 nodes)
Passed MSV filter:                       208  (0.00946358); expected 439.6 (0.02)
Passed bias filter:                      185  (0.00841713); expected 439.6 (0.02)
Passed Vit filter:                        11  (0.000500478); expected 22.0 (0.001)
Passed Fwd filter:                         1  (4.5498e-05); expected 0.2 (1e-05)
Initial search space (Z):              21979  [actual number of targets]
Domain search space  (domZ):               1  [number of targets reported over threshold]
# CPU time: 0.19u 0.12s 00:00:00.31 Elapsed: 00:00:00.31
# Mc/sec: 617.99
//
Query:       negative|P37999  [L=36]
Scores for complete sequence (score includes all domains):
   --- full sequence ---   --- best 1 domain ---    -#dom-
    E-value  score  bias    E-value  score  bias    exp  N  Model     Description
    ------- ------ -----    ------- ------ -----   ---- --  --------  -----------
    3.1e-15   56.2   2.8    3.3e-15   56.1   2.8    1.0  1  Hormone_3  Pancreatic hormone peptide


Domain annotation for each model:
>> Hormone_3  Pancreatic hormone peptide
   #    score  bias  c-Evalue  i-Evalue hmmfrom  hmm to    alifrom  ali to    envfrom  env to     acc
 ---   ------ ----- --------- --------- ------- -------    ------- -------    ------- -------    ----
   1 !   56.1   2.8   1.5e-19   3.3e-15       1      35 [.       2      36 .]       2      36 .] 0.98



Internal pipeline statistics summary:
-------------------------------------
Query sequence(s):                         1  (36 residues searched)
Target model(s):                       21979  (3587873 nodes)
Passed MSV filter:                       499  (0.0227035); expected 439.6 (0.02)
Passed bias filter:                      441  (0.0200646); expected 439.6 (0.02)
Passed Vit filter:                        29  (0.00131944); expected 22.0 (0.001)
Passed Fwd filter:                         1  (4.5498e-05); expected 0.2 (1e-05)
Initial search space (Z):              21979  [actual number of targets]
Domain search space  (domZ):               1  [number of targets reported over threshold]
# CPU time: 0.20u 0.12s 00:00:00.32 Elapsed: 00:00:00.31
# Mc/sec: 406.69
//
Query:       negative|P12703  [L=51]
Scores for complete sequence (score includes all domains):
   --- full sequence ---   --- best 1 domain ---    -#dom-
    E-value  score  bias    E-value  score  bias    exp  N  Model    Description
    ------- ------ -----    ------- ------ -----   ---- --  -------- -----------
    9.7e-19   68.4  10.6      1e-09   39.5   0.2    2.0  2  Insulin   Insulin/IGF/Relaxin family
      9e-05   22.7   3.7    0.00019   21.7   3.7    1.5  1  Ins_beta  Nematode insulin-related peptide beta type


Domain annotation for each model:
>> Insulin  Insulin/IGF/Relaxin family
   #    score  bias  c-Evalue  i-Evalue hmmfrom  hmm to    alifrom  ali to    envfrom  env to     acc
 ---   ------ ----- --------- --------- ------- -------    ------- -------    ------- -------    ----
   1 !   39.5   0.2   9.2e-14     1e-09       1      26 [.       4      28 ..       4      30 .. 0.92
   2 !   34.5   4.5   3.4e-12   3.7e-08      60      81 .]      29      50 ..      27      50 .. 0.95

>> Ins_beta  Nematode insulin-related peptide beta type
   #    score  bias  c-Evalue  i-Evalue hmmfrom  hmm to    alifrom  ali to    envfrom  env to     acc
 ---   ------ ----- --------- --------- ------- -------    ------- -------    ------- -------    ----
   1 !   21.7   3.7   1.7e-08   0.00019       1      39 [.       4      43 ..       4      50 .. 0.80



Internal pipeline statistics summary:
-------------------------------------
Query sequence(s):                         1  (51 residues searched)
Target model(s):                       21979  (3587873 nodes)
Passed MSV filter:                       431  (0.0196096); expected 439.6 (0.02)
Passed bias filter:                      143  (0.00650621); expected 439.6 (0.02)
Passed Vit filter:                        13  (0.000591474); expected 22.0 (0.001)
Passed Fwd filter:                         2  (9.0996e-05); expected 0.2 (1e-05)
Initial search space (Z):              21979  [actual number of targets]
Domain search space  (domZ):               2  [number of targets reported over threshold]
# CPU time: 0.20u 0.12s 00:00:00.32 Elapsed: 00:00:00.31
# Mc/sec: 581.43
//
Query:       negative|Q46051  [L=46]
Scores for complete sequence (score includes all domains):
   --- full sequence ---   --- best 1 domain ---    -#dom-
    E-value  score  bias    E-value  score  bias    exp  N  Model    Description
    ------- ------ -----    ------- ------ -----   ---- --  -------- -----------
      9e-22   77.0   0.6    9.5e-22   76.9   0.6    1.0  1  CSD       'Cold-shock' DNA-binding domain
    1.6e-05   24.8   0.6    2.1e-05   24.4   0.6    1.2  1  OB_RNB    Ribonuclease B OB domain


Domain annotation for each model:
>> CSD  'Cold-shock' DNA-binding domain
   #    score  bias  c-Evalue  i-Evalue hmmfrom  hmm to    alifrom  ali to    envfrom  env to     acc
 ---   ------ ----- --------- --------- ------- -------    ------- -------    ------- -------    ----
   1 !   76.9   0.6   8.6e-26   9.5e-22      11      56 ..       1      46 []       1      46 [] 0.97

>> OB_RNB  Ribonuclease B OB domain
   #    score  bias  c-Evalue  i-Evalue hmmfrom  hmm to    alifrom  ali to    envfrom  env to     acc
 ---   ------ ----- --------- --------- ------- -------    ------- -------    ------- -------    ----
   1 !   24.4   0.6     2e-09   2.1e-05       8      30 ..       2      24 ..       1      26 [. 0.90



Internal pipeline statistics summary:
-------------------------------------
Query sequence(s):                         1  (46 residues searched)
Target model(s):                       21979  (3587873 nodes)
Passed MSV filter:                       369  (0.0167888); expected 439.6 (0.02)
Passed bias filter:                      318  (0.0144684); expected 439.6 (0.02)
Passed Vit filter:                        21  (0.000955457); expected 22.0 (0.001)
Passed Fwd filter:                         3  (0.000136494); expected 0.2 (1e-05)
Initial search space (Z):              21979  [actual number of targets]
Domain search space  (domZ):               2  [number of targets reported over threshold]
# CPU time: 0.17u 0.14s 00:00:00.31 Elapsed: 00:00:00.31
# Mc/sec: 528.12
//
Query:       negative|P0A9Y0  [L=70]
Scores for complete sequence (score includes all domains):
   --- full sequence ---   --- best 1 domain ---    -#dom-
    E-value  score  bias    E-value  score  bias    exp  N  Model    Description
    ------- ------ -----    ------- ------ -----   ---- --  -------- -----------
    3.7e-33  113.5   0.2      4e-33  113.4   0.2    1.0  1  CSD       'Cold-shock' DNA-binding domain
    1.9e-05   24.5   0.4    2.8e-05   24.0   0.4    1.3  0  OB_RNB    Ribonuclease B OB domain


Domain annotation for each model:
>> CSD  'Cold-shock' DNA-binding domain
   #    score  bias  c-Evalue  i-Evalue hmmfrom  hmm to    alifrom  ali to    envfrom  env to     acc
 ---   ------ ----- --------- --------- ------- -------    ------- -------    ------- -------    ----
   1 !  113.4   0.2   3.7e-37     4e-33       1      65 [.       5      69 ..       5      70 .] 0.98

>> OB_RNB  Ribonuclease B OB domain
   [No individual domains that satisfy reporting thresholds (although complete target did)]



Internal pipeline statistics summary:
-------------------------------------
Query sequence(s):                         1  (70 residues searched)
Target model(s):                       21979  (3587873 nodes)
Passed MSV filter:                       336  (0.0152873); expected 439.6 (0.02)
Passed bias filter:                      294  (0.0133764); expected 439.6 (0.02)
Passed Vit filter:                        23  (0.00104645); expected 22.0 (0.001)
Passed Fwd filter:                         3  (0.000136494); expected 0.2 (1e-05)
Initial search space (Z):              21979  [actual number of targets]
Domain search space  (domZ):               2  [number of targets reported over threshold]
# CPU time: 0.19u 0.12s 00:00:00.31 Elapsed: 00:00:00.31
# Mc/sec: 789.87
//
Query:       negative|P07444  [L=54]
Scores for complete sequence (score includes all domains):
   --- full sequence ---   --- best 1 domain ---    -#dom-
    E-value  score  bias    E-value  score  bias    exp  N  Model       Description
    ------- ------ -----    ------- ------ -----   ---- --  --------    -----------
    4.2e-10   39.8   0.1    4.2e-10   39.8   0.1    1.0  1  Lectin_legB  Legume lectin domain


Domain annotation for each model:
>> Lectin_legB  Legume lectin domain
   #    score  bias  c-Evalue  i-Evalue hmmfrom  hmm to    alifrom  ali to    envfrom  env to     acc
 ---   ------ ----- --------- --------- ------- -------    ------- -------    ------- -------    ----
   1 !   39.8   0.1   1.9e-14   4.2e-10     194     242 ..       3      51 ..       1      54 [] 0.83



Internal pipeline statistics summary:
-------------------------------------
Query sequence(s):                         1  (54 residues searched)
Target model(s):                       21979  (3587873 nodes)
Passed MSV filter:                       229  (0.010419); expected 439.6 (0.02)
Passed bias filter:                      194  (0.00882661); expected 439.6 (0.02)
Passed Vit filter:                        12  (0.000545976); expected 22.0 (0.001)
Passed Fwd filter:                         1  (4.5498e-05); expected 0.2 (1e-05)
Initial search space (Z):              21979  [actual number of targets]
Domain search space  (domZ):               1  [number of targets reported over threshold]
# CPU time: 0.19u 0.13s 00:00:00.32 Elapsed: 00:00:00.31
# Mc/sec: 617.75
//
Query:       negative|C0HJI4  [L=51]
Scores for complete sequence (score includes all domains):
   --- full sequence ---   --- best 1 domain ---    -#dom-
    E-value  score  bias    E-value  score  bias    exp  N  Model    Description
    ------- ------ -----    ------- ------ -----   ---- --  -------- -----------
    1.5e-19   71.0   7.9    2.4e-10   41.5   0.2    2.0  2  Insulin   Insulin/IGF/Relaxin family
    5.1e-05   23.5   0.4    6.5e-05   23.1   0.4    1.1  1  Ins_beta  Nematode insulin-related peptide beta type


Domain annotation for each model:
>> Insulin  Insulin/IGF/Relaxin family
   #    score  bias  c-Evalue  i-Evalue hmmfrom  hmm to    alifrom  ali to    envfrom  env to     acc
 ---   ------ ----- --------- --------- ------- -------    ------- -------    ------- -------    ----
   1 !   41.5   0.2   2.1e-14   2.4e-10       1      26 [.       5      29 ..       5      30 .. 0.94
   2 !   34.6   2.2   3.2e-12   3.5e-08      61      81 .]      30      50 ..      28      50 .. 0.95

>> Ins_beta  Nematode insulin-related peptide beta type
   #    score  bias  c-Evalue  i-Evalue hmmfrom  hmm to    alifrom  ali to    envfrom  env to     acc
 ---   ------ ----- --------- --------- ------- -------    ------- -------    ------- -------    ----
   1 !   23.1   0.4   5.9e-09   6.5e-05       2      46 ..       6      50 ..       5      50 .. 0.90



Internal pipeline statistics summary:
-------------------------------------
Query sequence(s):                         1  (51 residues searched)
Target model(s):                       21979  (3587873 nodes)
Passed MSV filter:                       312  (0.0141954); expected 439.6 (0.02)
Passed bias filter:                      124  (0.00564175); expected 439.6 (0.02)
Passed Vit filter:                        13  (0.000591474); expected 22.0 (0.001)
Passed Fwd filter:                         2  (9.0996e-05); expected 0.2 (1e-05)
Initial search space (Z):              21979  [actual number of targets]
Domain search space  (domZ):               2  [number of targets reported over threshold]
# CPU time: 0.18u 0.13s 00:00:00.31 Elapsed: 00:00:00.30
# Mc/sec: 592.39
//
Query:       negative|P12071  [L=30]
Scores for complete sequence (score includes all domains):
   --- full sequence ---   --- best 1 domain ---    -#dom-
    E-value  score  bias    E-value  score  bias    exp  N  Model    Description
    ------- ------ -----    ------- ------ -----   ---- --  -------- -----------
    3.5e-16   59.2   9.9    3.7e-16   59.1   9.9    1.0  1  Squash    Squash family serine protease inhibitor


Domain annotation for each model:
>> Squash  Squash family serine protease inhibitor
   #    score  bias  c-Evalue  i-Evalue hmmfrom  hmm to    alifrom  ali to    envfrom  env to     acc
 ---   ------ ----- --------- --------- ------- -------    ------- -------    ------- -------    ----
   1 !   59.1   9.9   1.7e-20   3.7e-16       3      29 .]       2      28 ..       1      28 [. 0.98



Internal pipeline statistics summary:
-------------------------------------
Query sequence(s):                         1  (30 residues searched)
Target model(s):                       21979  (3587873 nodes)
Passed MSV filter:                       559  (0.0254334); expected 439.6 (0.02)
Passed bias filter:                      241  (0.010965); expected 439.6 (0.02)
Passed Vit filter:                        22  (0.00100096); expected 22.0 (0.001)
Passed Fwd filter:                         1  (4.5498e-05); expected 0.2 (1e-05)
Initial search space (Z):              21979  [actual number of targets]
Domain search space  (domZ):               1  [number of targets reported over threshold]
# CPU time: 0.19u 0.12s 00:00:00.31 Elapsed: 00:00:00.31
# Mc/sec: 337.74
//
Query:       negative|P29206  [L=36]
Scores for complete sequence (score includes all domains):
   --- full sequence ---   --- best 1 domain ---    -#dom-
    E-value  score  bias    E-value  score  bias    exp  N  Model     Description
    ------- ------ -----    ------- ------ -----   ---- --  --------  -----------
    5.6e-15   55.3   1.2    6.1e-15   55.2   1.2    1.0  1  Hormone_3  Pancreatic hormone peptide


Domain annotation for each model:
>> Hormone_3  Pancreatic hormone peptide
   #    score  bias  c-Evalue  i-Evalue hmmfrom  hmm to    alifrom  ali to    envfrom  env to     acc
 ---   ------ ----- --------- --------- ------- -------    ------- -------    ------- -------    ----
   1 !   55.2   1.2   2.8e-19   6.1e-15       1      35 [.       2      36 .]       2      36 .] 0.98



Internal pipeline statistics summary:
-------------------------------------
Query sequence(s):                         1  (36 residues searched)
Target model(s):                       21979  (3587873 nodes)
Passed MSV filter:                       364  (0.0165613); expected 439.6 (0.02)
Passed bias filter:                      295  (0.0134219); expected 439.6 (0.02)
Passed Vit filter:                        20  (0.00090996); expected 22.0 (0.001)
Passed Fwd filter:                         1  (4.5498e-05); expected 0.2 (1e-05)
Initial search space (Z):              21979  [actual number of targets]
Domain search space  (domZ):               1  [number of targets reported over threshold]
# CPU time: 0.18u 0.15s 00:00:00.32 Elapsed: 00:00:00.32
# Mc/sec: 393.31
//
Query:       negative|C0HJJ3  [L=37]
Scores for complete sequence (score includes all domains):
   --- full sequence ---   --- best 1 domain ---    -#dom-
    E-value  score  bias    E-value  score  bias    exp  N  Model     Description
    ------- ------ -----    ------- ------ -----   ---- --  --------  -----------
    2.2e-11   43.8   0.0    2.8e-11   43.4   0.0    1.1  1  Hormone_2  Peptide hormone


Domain annotation for each model:
>> Hormone_2  Peptide hormone
   #    score  bias  c-Evalue  i-Evalue hmmfrom  hmm to    alifrom  ali to    envfrom  env to     acc
 ---   ------ ----- --------- --------- ------- -------    ------- -------    ------- -------    ----
   1 !   43.4   0.0   1.3e-15   2.8e-11       1      26 [.       1      26 [.       1      26 [. 0.99



Internal pipeline statistics summary:
-------------------------------------
Query sequence(s):                         1  (37 residues searched)
Target model(s):                       21979  (3587873 nodes)
Passed MSV filter:                       805  (0.0366259); expected 439.6 (0.02)
Passed bias filter:                      554  (0.0252059); expected 439.6 (0.02)
Passed Vit filter:                        44  (0.00200191); expected 22.0 (0.001)
Passed Fwd filter:                         1  (4.5498e-05); expected 0.2 (1e-05)
Initial search space (Z):              21979  [actual number of targets]
Domain search space  (domZ):               1  [number of targets reported over threshold]
# CPU time: 0.20u 0.12s 00:00:00.32 Elapsed: 00:00:00.31
# Mc/sec: 420.21
//
Query:       negative|P0A9Y1  [L=70]
Scores for complete sequence (score includes all domains):
   --- full sequence ---   --- best 1 domain ---    -#dom-
    E-value  score  bias    E-value  score  bias    exp  N  Model    Description
    ------- ------ -----    ------- ------ -----   ---- --  -------- -----------
    3.7e-33  113.5   0.2      4e-33  113.4   0.2    1.0  1  CSD       'Cold-shock' DNA-binding domain
    1.9e-05   24.5   0.4    2.8e-05   24.0   0.4    1.3  0  OB_RNB    Ribonuclease B OB domain


Domain annotation for each model:
>> CSD  'Cold-shock' DNA-binding domain
   #    score  bias  c-Evalue  i-Evalue hmmfrom  hmm to    alifrom  ali to    envfrom  env to     acc
 ---   ------ ----- --------- --------- ------- -------    ------- -------    ------- -------    ----
   1 !  113.4   0.2   3.7e-37     4e-33       1      65 [.       5      69 ..       5      70 .] 0.98

>> OB_RNB  Ribonuclease B OB domain
   [No individual domains that satisfy reporting thresholds (although complete target did)]



Internal pipeline statistics summary:
-------------------------------------
Query sequence(s):                         1  (70 residues searched)
Target model(s):                       21979  (3587873 nodes)
Passed MSV filter:                       336  (0.0152873); expected 439.6 (0.02)
Passed bias filter:                      294  (0.0133764); expected 439.6 (0.02)
Passed Vit filter:                        23  (0.00104645); expected 22.0 (0.001)
Passed Fwd filter:                         3  (0.000136494); expected 0.2 (1e-05)
Initial search space (Z):              21979  [actual number of targets]
Domain search space  (domZ):               2  [number of targets reported over threshold]
# CPU time: 0.19u 0.13s 00:00:00.32 Elapsed: 00:00:00.31
# Mc/sec: 786.65
//
Query:       negative|B3A0N2  [L=51]
Scores for complete sequence (score includes all domains):
   --- full sequence ---   --- best 1 domain ---    -#dom-
    E-value  score  bias    E-value  score  bias    exp  N  Model           Description
    ------- ------ -----    ------- ------ -----   ---- --  --------        -----------
    6.3e-06   26.6   0.2      3e-05   24.5   0.2    1.8  1  Tryp_alpha_amyl  Protease inhibitor/seed storage/LTP family


Domain annotation for each model:
>> Tryp_alpha_amyl  Protease inhibitor/seed storage/LTP family
   #    score  bias  c-Evalue  i-Evalue hmmfrom  hmm to    alifrom  ali to    envfrom  env to     acc
 ---   ------ ----- --------- --------- ------- -------    ------- -------    ------- -------    ----
   1 !   24.5   0.2   1.4e-09     3e-05      45      76 .]      12      47 ..       1      47 [. 0.82



Internal pipeline statistics summary:
-------------------------------------
Query sequence(s):                         1  (51 residues searched)
Target model(s):                       21979  (3587873 nodes)
Passed MSV filter:                       253  (0.011511); expected 439.6 (0.02)
Passed bias filter:                      155  (0.00705219); expected 439.6 (0.02)
Passed Vit filter:                        14  (0.000636972); expected 22.0 (0.001)
Passed Fwd filter:                         1  (4.5498e-05); expected 0.2 (1e-05)
Initial search space (Z):              21979  [actual number of targets]
Domain search space  (domZ):               1  [number of targets reported over threshold]
# CPU time: 0.19u 0.13s 00:00:00.32 Elapsed: 00:00:00.31
# Mc/sec: 576.71
//
Query:       negative|P01336  [L=51]
Scores for complete sequence (score includes all domains):
   --- full sequence ---   --- best 1 domain ---    -#dom-
    E-value  score  bias    E-value  score  bias    exp  N  Model    Description
    ------- ------ -----    ------- ------ -----   ---- --  -------- -----------
    1.1e-19   71.4   7.4    2.4e-10   41.5   0.2    2.0  2  Insulin   Insulin/IGF/Relaxin family
      2e-05   24.8   0.4    2.6e-05   24.4   0.4    1.1  1  Ins_beta  Nematode insulin-related peptide beta type


Domain annotation for each model:
>> Insulin  Insulin/IGF/Relaxin family
   #    score  bias  c-Evalue  i-Evalue hmmfrom  hmm to    alifrom  ali to    envfrom  env to     acc
 ---   ------ ----- --------- --------- ------- -------    ------- -------    ------- -------    ----
   1 !   41.5   0.2   2.1e-14   2.4e-10       1      26 [.       5      29 ..       5      30 .. 0.94
   2 !   34.9   1.8   2.6e-12   2.8e-08      61      81 .]      30      50 ..      28      50 .. 0.95

>> Ins_beta  Nematode insulin-related peptide beta type
   #    score  bias  c-Evalue  i-Evalue hmmfrom  hmm to    alifrom  ali to    envfrom  env to     acc
 ---   ------ ----- --------- --------- ------- -------    ------- -------    ------- -------    ----
   1 !   24.4   0.4   2.3e-09   2.6e-05       2      46 ..       6      50 ..       5      50 .. 0.91



Internal pipeline statistics summary:
-------------------------------------
Query sequence(s):                         1  (51 residues searched)
Target model(s):                       21979  (3587873 nodes)
Passed MSV filter:                       279  (0.0126939); expected 439.6 (0.02)
Passed bias filter:                      118  (0.00536876); expected 439.6 (0.02)
Passed Vit filter:                        10  (0.00045498); expected 22.0 (0.001)
Passed Fwd filter:                         2  (9.0996e-05); expected 0.2 (1e-05)
Initial search space (Z):              21979  [actual number of targets]
Domain search space  (domZ):               2  [number of targets reported over threshold]
# CPU time: 0.18u 0.13s 00:00:00.31 Elapsed: 00:00:00.31
# Mc/sec: 581.10
//
Query:       negative|P0A984  [L=70]
Scores for complete sequence (score includes all domains):
   --- full sequence ---   --- best 1 domain ---    -#dom-
    E-value  score  bias    E-value  score  bias    exp  N  Model    Description
    ------- ------ -----    ------- ------ -----   ---- --  -------- -----------
    3.1e-23   81.7   0.0    3.3e-23   81.6   0.0    1.0  1  CSD       'Cold-shock' DNA-binding domain


Domain annotation for each model:
>> CSD  'Cold-shock' DNA-binding domain
   #    score  bias  c-Evalue  i-Evalue hmmfrom  hmm to    alifrom  ali to    envfrom  env to     acc
 ---   ------ ----- --------- --------- ------- -------    ------- -------    ------- -------    ----
   1 !   81.6   0.0   1.5e-27   3.3e-23       1      65 [.       5      69 ..       5      70 .] 0.98



Internal pipeline statistics summary:
-------------------------------------
Query sequence(s):                         1  (70 residues searched)
Target model(s):                       21979  (3587873 nodes)
Passed MSV filter:                       236  (0.0107375); expected 439.6 (0.02)
Passed bias filter:                      234  (0.0106465); expected 439.6 (0.02)
Passed Vit filter:                        24  (0.00109195); expected 22.0 (0.001)
Passed Fwd filter:                         1  (4.5498e-05); expected 0.2 (1e-05)
Initial search space (Z):              21979  [actual number of targets]
Domain search space  (domZ):               1  [number of targets reported over threshold]
# CPU time: 0.18u 0.13s 00:00:00.31 Elapsed: 00:00:00.31
# Mc/sec: 799.67
//
Query:       negative|P06884  [L=66]
Scores for complete sequence (score includes all domains):
   --- full sequence ---   --- best 1 domain ---    -#dom-
    E-value  score  bias    E-value  score  bias    exp  N  Model     Description
    ------- ------ -----    ------- ------ -----   ---- --  --------  -----------
    2.2e-15   56.6   2.4      3e-15   56.2   2.4    1.2  1  Hormone_3  Pancreatic hormone peptide


Domain annotation for each model:
>> Hormone_3  Pancreatic hormone peptide
   #    score  bias  c-Evalue  i-Evalue hmmfrom  hmm to    alifrom  ali to    envfrom  env to     acc
 ---   ------ ----- --------- --------- ------- -------    ------- -------    ------- -------    ----
   1 !   56.2   2.4   1.4e-19     3e-15       1      36 []       2      37 ..       2      37 .. 0.98



Internal pipeline statistics summary:
-------------------------------------
Query sequence(s):                         1  (66 residues searched)
Target model(s):                       21979  (3587873 nodes)
Passed MSV filter:                       312  (0.0141954); expected 439.6 (0.02)
Passed bias filter:                      285  (0.0129669); expected 439.6 (0.02)
Passed Vit filter:                        21  (0.000955457); expected 22.0 (0.001)
Passed Fwd filter:                         1  (4.5498e-05); expected 0.2 (1e-05)
Initial search space (Z):              21979  [actual number of targets]
Domain search space  (domZ):               1  [number of targets reported over threshold]
# CPU time: 0.19u 0.13s 00:00:00.32 Elapsed: 00:00:00.31
# Mc/sec: 755.25
//
Query:       negative|P0A1D9  [L=70]
Scores for complete sequence (score includes all domains):
   --- full sequence ---   --- best 1 domain ---    -#dom-
    E-value  score  bias    E-value  score  bias    exp  N  Model    Description
    ------- ------ -----    ------- ------ -----   ---- --  -------- -----------
    3.7e-21   75.0   0.0    4.1e-21   74.9   0.0    1.0  1  CSD       'Cold-shock' DNA-binding domain


Domain annotation for each model:
>> CSD  'Cold-shock' DNA-binding domain
   #    score  bias  c-Evalue  i-Evalue hmmfrom  hmm to    alifrom  ali to    envfrom  env to     acc
 ---   ------ ----- --------- --------- ------- -------    ------- -------    ------- -------    ----
   1 !   74.9   0.0   1.8e-25   4.1e-21       1      65 [.       5      69 ..       5      70 .] 0.98



Internal pipeline statistics summary:
-------------------------------------
Query sequence(s):                         1  (70 residues searched)
Target model(s):                       21979  (3587873 nodes)
Passed MSV filter:                       279  (0.0126939); expected 439.6 (0.02)
Passed bias filter:                      259  (0.011784); expected 439.6 (0.02)
Passed Vit filter:                        19  (0.000864462); expected 22.0 (0.001)
Passed Fwd filter:                         1  (4.5498e-05); expected 0.2 (1e-05)
Initial search space (Z):              21979  [actual number of targets]
Domain search space  (domZ):               1  [number of targets reported over threshold]
# CPU time: 0.19u 0.13s 00:00:00.32 Elapsed: 00:00:00.31
# Mc/sec: 803.01
//
Query:       negative|P02869  [L=54]
Scores for complete sequence (score includes all domains):
   --- full sequence ---   --- best 1 domain ---    -#dom-
    E-value  score  bias    E-value  score  bias    exp  N  Model       Description
    ------- ------ -----    ------- ------ -----   ---- --  --------    -----------
    1.9e-09   37.7   0.1    1.9e-09   37.7   0.1    1.0  1  Lectin_legB  Legume lectin domain


Domain annotation for each model:
>> Lectin_legB  Legume lectin domain
   #    score  bias  c-Evalue  i-Evalue hmmfrom  hmm to    alifrom  ali to    envfrom  env to     acc
 ---   ------ ----- --------- --------- ------- -------    ------- -------    ------- -------    ----
   1 !   37.7   0.1   8.4e-14   1.9e-09     194     238 ..       3      47 ..       1      54 [] 0.85



Internal pipeline statistics summary:
-------------------------------------
Query sequence(s):                         1  (54 residues searched)
Target model(s):                       21979  (3587873 nodes)
Passed MSV filter:                       206  (0.00937258); expected 439.6 (0.02)
Passed bias filter:                      192  (0.00873561); expected 439.6 (0.02)
Passed Vit filter:                        14  (0.000636972); expected 22.0 (0.001)
Passed Fwd filter:                         1  (4.5498e-05); expected 0.2 (1e-05)
Initial search space (Z):              21979  [actual number of targets]
Domain search space  (domZ):               1  [number of targets reported over threshold]
# CPU time: 0.18u 0.12s 00:00:00.30 Elapsed: 00:00:00.31
# Mc/sec: 617.52
//
Query:       negative|P0A9Y8  [L=69]
Scores for complete sequence (score includes all domains):
   --- full sequence ---   --- best 1 domain ---    -#dom-
    E-value  score  bias    E-value  score  bias    exp  N  Model    Description
    ------- ------ -----    ------- ------ -----   ---- --  -------- -----------
    1.8e-33  114.5   1.7      2e-33  114.4   1.7    1.0  1  CSD       'Cold-shock' DNA-binding domain


Domain annotation for each model:
>> CSD  'Cold-shock' DNA-binding domain
   #    score  bias  c-Evalue  i-Evalue hmmfrom  hmm to    alifrom  ali to    envfrom  env to     acc
 ---   ------ ----- --------- --------- ------- -------    ------- -------    ------- -------    ----
   1 !  114.4   1.7     9e-38     2e-33       2      65 ..       5      68 ..       4      69 .] 0.98



Internal pipeline statistics summary:
-------------------------------------
Query sequence(s):                         1  (69 residues searched)
Target model(s):                       21979  (3587873 nodes)
Passed MSV filter:                       339  (0.0154238); expected 439.6 (0.02)
Passed bias filter:                      288  (0.0131034); expected 439.6 (0.02)
Passed Vit filter:                        19  (0.000864462); expected 22.0 (0.001)
Passed Fwd filter:                         4  (0.000181992); expected 0.2 (1e-05)
Initial search space (Z):              21979  [actual number of targets]
Domain search space  (domZ):               1  [number of targets reported over threshold]
# CPU time: 0.18u 0.14s 00:00:00.32 Elapsed: 00:00:00.31
# Mc/sec: 776.83
//
Query:       negative|Q6T499  [L=137]
Scores for complete sequence (score includes all domains):
   --- full sequence ---   --- best 1 domain ---    -#dom-
    E-value  score  bias    E-value  score  bias    exp  N  Model       Description
    ------- ------ -----    ------- ------ -----   ---- --  --------    -----------
    4.7e-25   88.7   0.6    5.2e-25   88.6   0.6    1.0  1  Lipocalin    Lipocalin / cytosolic fatty-acid binding protein
    1.1e-08   35.3   0.0    1.4e-08   35.0   0.0    1.2  1  Lipocalin_7  Lipocalin / cytosolic fatty-acid binding protein


Domain annotation for each model:
>> Lipocalin  Lipocalin / cytosolic fatty-acid binding protein family
   #    score  bias  c-Evalue  i-Evalue hmmfrom  hmm to    alifrom  ali to    envfrom  env to     acc
 ---   ------ ----- --------- --------- ------- -------    ------- -------    ------- -------    ----
   1 !   88.6   0.6   4.7e-29   5.2e-25       1     143 [.       5     135 ..       5     137 .] 0.96

>> Lipocalin_7  Lipocalin / cytosolic fatty-acid binding protein family
   #    score  bias  c-Evalue  i-Evalue hmmfrom  hmm to    alifrom  ali to    envfrom  env to     acc
 ---   ------ ----- --------- --------- ------- -------    ------- -------    ------- -------    ----
   1 !   35.0   0.0   1.3e-12   1.4e-08       3     118 ..       4     128 ..       2     137 .] 0.73



Internal pipeline statistics summary:
-------------------------------------
Query sequence(s):                         1  (137 residues searched)
Target model(s):                       21979  (3587873 nodes)
Passed MSV filter:                       537  (0.0244324); expected 439.6 (0.02)
Passed bias filter:                      434  (0.0197461); expected 439.6 (0.02)
Passed Vit filter:                        36  (0.00163793); expected 22.0 (0.001)
Passed Fwd filter:                         4  (0.000181992); expected 0.2 (1e-05)
Initial search space (Z):              21979  [actual number of targets]
Domain search space  (domZ):               2  [number of targets reported over threshold]
# CPU time: 0.21u 0.13s 00:00:00.34 Elapsed: 00:00:00.33
# Mc/sec: 1461.91
//
Query:       negative|P22935  [L=138]
Scores for complete sequence (score includes all domains):
   --- full sequence ---   --- best 1 domain ---    -#dom-
    E-value  score  bias    E-value  score  bias    exp  N  Model       Description
    ------- ------ -----    ------- ------ -----   ---- --  --------    -----------
    1.6e-26   93.5   0.9    1.8e-26   93.4   0.9    1.0  1  Lipocalin    Lipocalin / cytosolic fatty-acid binding protein
    1.6e-06   28.3   0.1      2e-06   28.0   0.1    1.2  1  Lipocalin_7  Lipocalin / cytosolic fatty-acid binding protein


Domain annotation for each model:
>> Lipocalin  Lipocalin / cytosolic fatty-acid binding protein family
   #    score  bias  c-Evalue  i-Evalue hmmfrom  hmm to    alifrom  ali to    envfrom  env to     acc
 ---   ------ ----- --------- --------- ------- -------    ------- -------    ------- -------    ----
   1 !   93.4   0.9   1.6e-30   1.8e-26       1     145 []       5     138 .]       5     138 .] 0.95

>> Lipocalin_7  Lipocalin / cytosolic fatty-acid binding protein family
   #    score  bias  c-Evalue  i-Evalue hmmfrom  hmm to    alifrom  ali to    envfrom  env to     acc
 ---   ------ ----- --------- --------- ------- -------    ------- -------    ------- -------    ----
   1 !   28.0   0.1   1.8e-10     2e-06       3      93 ..       4      96 ..       2     136 .. 0.84



Internal pipeline statistics summary:
-------------------------------------
Query sequence(s):                         1  (138 residues searched)
Target model(s):                       21979  (3587873 nodes)
Passed MSV filter:                       658  (0.0299377); expected 439.6 (0.02)
Passed bias filter:                      478  (0.021748); expected 439.6 (0.02)
Passed Vit filter:                        33  (0.00150143); expected 22.0 (0.001)
Passed Fwd filter:                         3  (0.000136494); expected 0.2 (1e-05)
Initial search space (Z):              21979  [actual number of targets]
Domain search space  (domZ):               2  [number of targets reported over threshold]
# CPU time: 0.21u 0.13s 00:00:00.34 Elapsed: 00:00:00.34
# Mc/sec: 1443.17
//
Query:       negative|P01223  [L=138]
Scores for complete sequence (score includes all domains):
   --- full sequence ---   --- best 1 domain ---    -#dom-
    E-value  score  bias    E-value  score  bias    exp  N  Model    Description
    ------- ------ -----    ------- ------ -----   ---- --  -------- -----------
    7.4e-34  116.5  14.6    9.5e-34  116.1  14.6    1.1  1  Cys_knot  Cystine-knot domain


Domain annotation for each model:
>> Cys_knot  Cystine-knot domain
   #    score  bias  c-Evalue  i-Evalue hmmfrom  hmm to    alifrom  ali to    envfrom  env to     acc
 ---   ------ ----- --------- --------- ------- -------    ------- -------    ------- -------    ----
   1 !  116.1  14.6   4.3e-38   9.5e-34       2     105 .]      20     125 ..      19     125 .. 0.96



Internal pipeline statistics summary:
-------------------------------------
Query sequence(s):                         1  (138 residues searched)
Target model(s):                       21979  (3587873 nodes)
Passed MSV filter:                       743  (0.033805); expected 439.6 (0.02)
Passed bias filter:                      259  (0.011784); expected 439.6 (0.02)
Passed Vit filter:                        19  (0.000864462); expected 22.0 (0.001)
Passed Fwd filter:                         1  (4.5498e-05); expected 0.2 (1e-05)
Initial search space (Z):              21979  [actual number of targets]
Domain search space  (domZ):               1  [number of targets reported over threshold]
# CPU time: 0.22u 0.11s 00:00:00.33 Elapsed: 00:00:00.33
# Mc/sec: 1494.74
//
Query:       negative|Q9SCZ0  [L=119]
Scores for complete sequence (score includes all domains):
   --- full sequence ---   --- best 1 domain ---    -#dom-
    E-value  score  bias    E-value  score  bias    exp  N  Model           Description
    ------- ------ -----    ------- ------ -----   ---- --  --------        -----------
    2.3e-14   53.7   5.7    2.9e-14   53.3   5.7    1.1  1  Tryp_alpha_amyl  Protease inhibitor/seed storage/LTP family
    4.8e-07   30.1   6.4    6.4e-07   29.7   6.4    1.2  1  LTP_2            Probable lipid transfer


Domain annotation for each model:
>> Tryp_alpha_amyl  Protease inhibitor/seed storage/LTP family
   #    score  bias  c-Evalue  i-Evalue hmmfrom  hmm to    alifrom  ali to    envfrom  env to     acc
 ---   ------ ----- --------- --------- ------- -------    ------- -------    ------- -------    ----
   1 !   53.3   5.7   2.7e-18   2.9e-14       1      76 []      28     112 ..      28     112 .. 0.95

>> LTP_2  Probable lipid transfer
   #    score  bias  c-Evalue  i-Evalue hmmfrom  hmm to    alifrom  ali to    envfrom  env to     acc
 ---   ------ ----- --------- --------- ------- -------    ------- -------    ------- -------    ----
   1 !   29.7   6.4   5.8e-11   6.4e-07       3      96 ..      10     104 ..       8     112 .. 0.80



Internal pipeline statistics summary:
-------------------------------------
Query sequence(s):                         1  (119 residues searched)
Target model(s):                       21979  (3587873 nodes)
Passed MSV filter:                       587  (0.0267073); expected 439.6 (0.02)
Passed bias filter:                      393  (0.0178807); expected 439.6 (0.02)
Passed Vit filter:                        22  (0.00100096); expected 22.0 (0.001)
Passed Fwd filter:                         2  (9.0996e-05); expected 0.2 (1e-05)
Initial search space (Z):              21979  [actual number of targets]
Domain search space  (domZ):               2  [number of targets reported over threshold]
# CPU time: 0.21u 0.13s 00:00:00.34 Elapsed: 00:00:00.33
# Mc/sec: 1277.11
//
Query:       negative|P13083  [L=126]
Scores for complete sequence (score includes all domains):
   --- full sequence ---   --- best 1 domain ---    -#dom-
    E-value  score  bias    E-value  score  bias    exp  N  Model     Description
    ------- ------ -----    ------- ------ -----   ---- --  --------  -----------
    1.6e-12   47.5   2.3    2.4e-12   46.9   2.3    1.3  1  Hormone_3  Pancreatic hormone peptide


Domain annotation for each model:
>> Hormone_3  Pancreatic hormone peptide
   #    score  bias  c-Evalue  i-Evalue hmmfrom  hmm to    alifrom  ali to    envfrom  env to     acc
 ---   ------ ----- --------- --------- ------- -------    ------- -------    ------- -------    ----
   1 !   46.9   2.3   1.1e-16   2.4e-12       1      36 []      28      63 ..      28      63 .. 0.98



Internal pipeline statistics summary:
-------------------------------------
Query sequence(s):                         1  (126 residues searched)
Target model(s):                       21979  (3587873 nodes)
Passed MSV filter:                       489  (0.0222485); expected 439.6 (0.02)
Passed bias filter:                      393  (0.0178807); expected 439.6 (0.02)
Passed Vit filter:                        39  (0.00177442); expected 22.0 (0.001)
Passed Fwd filter:                         1  (4.5498e-05); expected 0.2 (1e-05)
Initial search space (Z):              21979  [actual number of targets]
Domain search space  (domZ):               1  [number of targets reported over threshold]
# CPU time: 0.20u 0.13s 00:00:00.33 Elapsed: 00:00:00.33
# Mc/sec: 1366.79
//
Query:       negative|P80071  [L=112]
Scores for complete sequence (score includes all domains):
   --- full sequence ---   --- best 1 domain ---    -#dom-
    E-value  score  bias    E-value  score  bias    exp  N  Model    Description
    ------- ------ -----    ------- ------ -----   ---- --  -------- -----------
    2.2e-35  121.4  14.0    2.5e-35  121.2  14.0    1.0  1  Cys_knot  Cystine-knot domain


Domain annotation for each model:
>> Cys_knot  Cystine-knot domain
   #    score  bias  c-Evalue  i-Evalue hmmfrom  hmm to    alifrom  ali to    envfrom  env to     acc
 ---   ------ ----- --------- --------- ------- -------    ------- -------    ------- -------    ----
   1 !  121.2  14.0   1.1e-39   2.5e-35       2     105 .]       2     105 ..       1     105 [. 0.98



Internal pipeline statistics summary:
-------------------------------------
Query sequence(s):                         1  (112 residues searched)
Target model(s):                       21979  (3587873 nodes)
Passed MSV filter:                       702  (0.0319396); expected 439.6 (0.02)
Passed bias filter:                      259  (0.011784); expected 439.6 (0.02)
Passed Vit filter:                        27  (0.00122845); expected 22.0 (0.001)
Passed Fwd filter:                         2  (9.0996e-05); expected 0.2 (1e-05)
Initial search space (Z):              21979  [actual number of targets]
Domain search space  (domZ):               1  [number of targets reported over threshold]
# CPU time: 0.19u 0.14s 00:00:00.33 Elapsed: 00:00:00.32
# Mc/sec: 1225.57
//
Query:       negative|P35478  [L=101]
Scores for complete sequence (score includes all domains):
   --- full sequence ---   --- best 1 domain ---    -#dom-
    E-value  score  bias    E-value  score  bias    exp  N  Model    Description
    ------- ------ -----    ------- ------ -----   ---- --  -------- -----------
    3.5e-25   88.4   0.6    3.9e-25   88.2   0.6    1.0  1  Cystatin  Cystatin domain


Domain annotation for each model:
>> Cystatin  Cystatin domain
   #    score  bias  c-Evalue  i-Evalue hmmfrom  hmm to    alifrom  ali to    envfrom  env to     acc
 ---   ------ ----- --------- --------- ------- -------    ------- -------    ------- -------    ----
   1 !   88.2   0.6   1.8e-29   3.9e-25       1      91 [.       7      94 ..       7      95 .. 0.98



Internal pipeline statistics summary:
-------------------------------------
Query sequence(s):                         1  (101 residues searched)
Target model(s):                       21979  (3587873 nodes)
Passed MSV filter:                      1524  (0.0693389); expected 439.6 (0.02)
Passed bias filter:                      898  (0.0408572); expected 439.6 (0.02)
Passed Vit filter:                        70  (0.00318486); expected 22.0 (0.001)
Passed Fwd filter:                         3  (0.000136494); expected 0.2 (1e-05)
Initial search space (Z):              21979  [actual number of targets]
Domain search space  (domZ):               1  [number of targets reported over threshold]
# CPU time: 0.22u 0.13s 00:00:00.35 Elapsed: 00:00:00.34
# Mc/sec: 1041.85
//
Query:       negative|P01321  [L=110]
Scores for complete sequence (score includes all domains):
   --- full sequence ---   --- best 1 domain ---    -#dom-
    E-value  score  bias    E-value  score  bias    exp  N  Model    Description
    ------- ------ -----    ------- ------ -----   ---- --  -------- -----------
    3.8e-30  105.0   1.3    4.5e-30  104.7   1.3    1.1  1  Insulin   Insulin/IGF/Relaxin family


Domain annotation for each model:
>> Insulin  Insulin/IGF/Relaxin family
   #    score  bias  c-Evalue  i-Evalue hmmfrom  hmm to    alifrom  ali to    envfrom  env to     acc
 ---   ------ ----- --------- --------- ------- -------    ------- -------    ------- -------    ----
   1 !  104.7   1.3   2.1e-34   4.5e-30       1      81 []      28     109 ..      28     109 .. 0.89



Internal pipeline statistics summary:
-------------------------------------
Query sequence(s):                         1  (110 residues searched)
Target model(s):                       21979  (3587873 nodes)
Passed MSV filter:                       401  (0.0182447); expected 439.6 (0.02)
Passed bias filter:                      272  (0.0123754); expected 439.6 (0.02)
Passed Vit filter:                        27  (0.00122845); expected 22.0 (0.001)
Passed Fwd filter:                         2  (9.0996e-05); expected 0.2 (1e-05)
Initial search space (Z):              21979  [actual number of targets]
Domain search space  (domZ):               1  [number of targets reported over threshold]
# CPU time: 0.19u 0.13s 00:00:00.32 Elapsed: 00:00:00.32
# Mc/sec: 1209.41
//
Query:       negative|P06768  [L=134]
Scores for complete sequence (score includes all domains):
   --- full sequence ---   --- best 1 domain ---    -#dom-
    E-value  score  bias    E-value  score  bias    exp  N  Model       Description
    ------- ------ -----    ------- ------ -----   ---- --  --------    -----------
    5.5e-22   78.8   5.3      6e-22   78.7   5.3    1.0  1  Lipocalin    Lipocalin / cytosolic fatty-acid binding protein
    1.3e-07   31.9   1.1    1.6e-07   31.6   1.1    1.1  1  Lipocalin_7  Lipocalin / cytosolic fatty-acid binding protein


Domain annotation for each model:
>> Lipocalin  Lipocalin / cytosolic fatty-acid binding protein family
   #    score  bias  c-Evalue  i-Evalue hmmfrom  hmm to    alifrom  ali to    envfrom  env to     acc
 ---   ------ ----- --------- --------- ------- -------    ------- -------    ------- -------    ----
   1 !   78.7   5.3   5.5e-26     6e-22       1     144 [.       6     133 ..       6     134 .] 0.95

>> Lipocalin_7  Lipocalin / cytosolic fatty-acid binding protein family
   #    score  bias  c-Evalue  i-Evalue hmmfrom  hmm to    alifrom  ali to    envfrom  env to     acc
 ---   ------ ----- --------- --------- ------- -------    ------- -------    ------- -------    ----
   1 !   31.6   1.1   1.4e-11   1.6e-07       5     123 ..       7     130 ..       4     134 .] 0.77



Internal pipeline statistics summary:
-------------------------------------
Query sequence(s):                         1  (134 residues searched)
Target model(s):                       21979  (3587873 nodes)
Passed MSV filter:                       524  (0.0238409); expected 439.6 (0.02)
Passed bias filter:                      342  (0.0155603); expected 439.6 (0.02)
Passed Vit filter:                        27  (0.00122845); expected 22.0 (0.001)
Passed Fwd filter:                         2  (9.0996e-05); expected 0.2 (1e-05)
Initial search space (Z):              21979  [actual number of targets]
Domain search space  (domZ):               2  [number of targets reported over threshold]
# CPU time: 0.20u 0.13s 00:00:00.33 Elapsed: 00:00:00.33
# Mc/sec: 1448.38
//
Query:       negative|P25417  [L=98]
Scores for complete sequence (score includes all domains):
   --- full sequence ---   --- best 1 domain ---    -#dom-
    E-value  score  bias    E-value  score  bias    exp  N  Model    Description
    ------- ------ -----    ------- ------ -----   ---- --  -------- -----------
    1.4e-24   86.4   0.5    1.6e-24   86.3   0.5    1.0  1  Cystatin  Cystatin domain


Domain annotation for each model:
>> Cystatin  Cystatin domain
   #    score  bias  c-Evalue  i-Evalue hmmfrom  hmm to    alifrom  ali to    envfrom  env to     acc
 ---   ------ ----- --------- --------- ------- -------    ------- -------    ------- -------    ----
   1 !   86.3   0.5   7.1e-29   1.6e-24       1      90 [.       4      90 ..       4      92 .. 0.98



Internal pipeline statistics summary:
-------------------------------------
Query sequence(s):                         1  (98 residues searched)
Target model(s):                       21979  (3587873 nodes)
Passed MSV filter:                      1058  (0.0481369); expected 439.6 (0.02)
Passed bias filter:                      635  (0.0288912); expected 439.6 (0.02)
Passed Vit filter:                        40  (0.00181992); expected 22.0 (0.001)
Passed Fwd filter:                         2  (9.0996e-05); expected 0.2 (1e-05)
Initial search space (Z):              21979  [actual number of targets]
Domain search space  (domZ):               1  [number of targets reported over threshold]
# CPU time: 0.21u 0.13s 00:00:00.34 Elapsed: 00:00:00.33
# Mc/sec: 1059.51
//
Query:       negative|Q733J4  [L=100]
Scores for complete sequence (score includes all domains):
   --- full sequence ---   --- best 1 domain ---    -#dom-
    E-value  score  bias    E-value  score  bias    exp  N  Model        Description
    ------- ------ -----    ------- ------ -----   ---- --  --------     -----------
    6.4e-46  155.0   0.1      7e-46  154.9   0.1    1.0  1  Urease_gamma  Urease, gamma subunit


Domain annotation for each model:
>> Urease_gamma  Urease, gamma subunit
   #    score  bias  c-Evalue  i-Evalue hmmfrom  hmm to    alifrom  ali to    envfrom  env to     acc
 ---   ------ ----- --------- --------- ------- -------    ------- -------    ------- -------    ----
   1 !  154.9   0.1   3.2e-50     7e-46       1      99 []       1      99 [.       1      99 [. 1.00



Internal pipeline statistics summary:
-------------------------------------
Query sequence(s):                         1  (100 residues searched)
Target model(s):                       21979  (3587873 nodes)
Passed MSV filter:                       545  (0.0247964); expected 439.6 (0.02)
Passed bias filter:                      497  (0.0226125); expected 439.6 (0.02)
Passed Vit filter:                        32  (0.00145594); expected 22.0 (0.001)
Passed Fwd filter:                         1  (4.5498e-05); expected 0.2 (1e-05)
Initial search space (Z):              21979  [actual number of targets]
Domain search space  (domZ):               1  [number of targets reported over threshold]
# CPU time: 0.21u 0.12s 00:00:00.32 Elapsed: 00:00:00.33
# Mc/sec: 1080.10
//
Query:       negative|P14369  [L=148]
Scores for complete sequence (score includes all domains):
   --- full sequence ---   --- best 1 domain ---    -#dom-
    E-value  score  bias    E-value  score  bias    exp  N  Model    Description
    ------- ------ -----    ------- ------ -----   ---- --  -------- -----------
    1.1e-27   97.5   0.0    1.3e-27   97.3   0.0    1.0  1  Serpin    Serpin (serine protease inhibitor)


Domain annotation for each model:
>> Serpin  Serpin (serine protease inhibitor)
   #    score  bias  c-Evalue  i-Evalue hmmfrom  hmm to    alifrom  ali to    envfrom  env to     acc
 ---   ------ ----- --------- --------- ------- -------    ------- -------    ------- -------    ----
   1 !   97.3   0.0   5.8e-32   1.3e-27     240     365 ..      21     144 ..       9     147 .. 0.90



Internal pipeline statistics summary:
-------------------------------------
Query sequence(s):                         1  (148 residues searched)
Target model(s):                       21979  (3587873 nodes)
Passed MSV filter:                       565  (0.0257064); expected 439.6 (0.02)
Passed bias filter:                      433  (0.0197006); expected 439.6 (0.02)
Passed Vit filter:                        31  (0.00141044); expected 22.0 (0.001)
Passed Fwd filter:                         1  (4.5498e-05); expected 0.2 (1e-05)
Initial search space (Z):              21979  [actual number of targets]
Domain search space  (domZ):               1  [number of targets reported over threshold]
# CPU time: 0.21u 0.13s 00:00:00.34 Elapsed: 00:00:00.34
# Mc/sec: 1558.63
//
Query:       negative|P07597  [L=117]
Scores for complete sequence (score includes all domains):
   --- full sequence ---   --- best 1 domain ---    -#dom-
    E-value  score  bias    E-value  score  bias    exp  N  Model           Description
    ------- ------ -----    ------- ------ -----   ---- --  --------        -----------
    2.6e-17   63.1   6.0    3.3e-17   62.8   6.0    1.1  1  Tryp_alpha_amyl  Protease inhibitor/seed storage/LTP family
    1.9e-09   37.8   2.2    2.8e-09   37.3   2.2    1.1  1  LTP_2            Probable lipid transfer


Domain annotation for each model:
>> Tryp_alpha_amyl  Protease inhibitor/seed storage/LTP family
   #    score  bias  c-Evalue  i-Evalue hmmfrom  hmm to    alifrom  ali to    envfrom  env to     acc
 ---   ------ ----- --------- --------- ------- -------    ------- -------    ------- -------    ----
   1 !   62.8   6.0     3e-21   3.3e-17       1      76 []      29     113 ..      29     113 .. 0.92

>> LTP_2  Probable lipid transfer
   #    score  bias  c-Evalue  i-Evalue hmmfrom  hmm to    alifrom  ali to    envfrom  env to     acc
 ---   ------ ----- --------- --------- ------- -------    ------- -------    ------- -------    ----
   1 !   37.3   2.2   2.5e-13   2.8e-09       2      97 ..      10     106 ..       9     108 .. 0.85



Internal pipeline statistics summary:
-------------------------------------
Query sequence(s):                         1  (117 residues searched)
Target model(s):                       21979  (3587873 nodes)
Passed MSV filter:                       585  (0.0266163); expected 439.6 (0.02)
Passed bias filter:                      363  (0.0165158); expected 439.6 (0.02)
Passed Vit filter:                        32  (0.00145594); expected 22.0 (0.001)
Passed Fwd filter:                         2  (9.0996e-05); expected 0.2 (1e-05)
Initial search space (Z):              21979  [actual number of targets]
Domain search space  (domZ):               2  [number of targets reported over threshold]
# CPU time: 0.20u 0.12s 00:00:00.32 Elapsed: 00:00:00.33
# Mc/sec: 1270.65
//
Query:       negative|A0A224AHH8  [L=133]
Scores for complete sequence (score includes all domains):
   --- full sequence ---   --- best 1 domain ---    -#dom-
    E-value  score  bias    E-value  score  bias    exp  N  Model    Description
    ------- ------ -----    ------- ------ -----   ---- --  -------- -----------
    2.5e-10   40.7   0.7      3e-10   40.5   0.7    1.1  1  Cystatin  Cystatin domain


Domain annotation for each model:
>> Cystatin  Cystatin domain
   #    score  bias  c-Evalue  i-Evalue hmmfrom  hmm to    alifrom  ali to    envfrom  env to     acc
 ---   ------ ----- --------- --------- ------- -------    ------- -------    ------- -------    ----
   1 !   40.5   0.7   1.4e-14     3e-10       5      87 ..      29     115 ..      24     119 .. 0.88



Internal pipeline statistics summary:
-------------------------------------
Query sequence(s):                         1  (133 residues searched)
Target model(s):                       21979  (3587873 nodes)
Passed MSV filter:                       641  (0.0291642); expected 439.6 (0.02)
Passed bias filter:                      455  (0.0207016); expected 439.6 (0.02)
Passed Vit filter:                        41  (0.00186542); expected 22.0 (0.001)
Passed Fwd filter:                         3  (0.000136494); expected 0.2 (1e-05)
Initial search space (Z):              21979  [actual number of targets]
Domain search space  (domZ):               1  [number of targets reported over threshold]
# CPU time: 0.21u 0.13s 00:00:00.34 Elapsed: 00:00:00.33
# Mc/sec: 1420.14
//
Query:       negative|Q9PW99  [L=118]
Scores for complete sequence (score includes all domains):
   --- full sequence ---   --- best 1 domain ---    -#dom-
    E-value  score  bias    E-value  score  bias    exp  N  Model    Description
    ------- ------ -----    ------- ------ -----   ---- --  -------- -----------
      9e-22   77.6   8.0      1e-21   77.4   8.0    1.1  1  Cys_knot  Cystine-knot domain


Domain annotation for each model:
>> Cys_knot  Cystine-knot domain
   #    score  bias  c-Evalue  i-Evalue hmmfrom  hmm to    alifrom  ali to    envfrom  env to     acc
 ---   ------ ----- --------- --------- ------- -------    ------- -------    ------- -------    ----
   1 !   77.4   8.0   4.8e-26     1e-21       3     103 ..      22     115 ..      20     117 .. 0.93



Internal pipeline statistics summary:
-------------------------------------
Query sequence(s):                         1  (118 residues searched)
Target model(s):                       21979  (3587873 nodes)
Passed MSV filter:                       741  (0.033714); expected 439.6 (0.02)
Passed bias filter:                      355  (0.0161518); expected 439.6 (0.02)
Passed Vit filter:                        27  (0.00122845); expected 22.0 (0.001)
Passed Fwd filter:                         1  (4.5498e-05); expected 0.2 (1e-05)
Initial search space (Z):              21979  [actual number of targets]
Domain search space  (domZ):               1  [number of targets reported over threshold]
# CPU time: 0.21u 0.13s 00:00:00.34 Elapsed: 00:00:00.33
# Mc/sec: 1265.88
//
Query:       negative|Q91121  [L=139]
Scores for complete sequence (score includes all domains):
   --- full sequence ---   --- best 1 domain ---    -#dom-
    E-value  score  bias    E-value  score  bias    exp  N  Model    Description
    ------- ------ -----    ------- ------ -----   ---- --  -------- -----------
    6.5e-38  129.5  11.8    7.4e-38  129.3  11.8    1.0  1  Cys_knot  Cystine-knot domain


Domain annotation for each model:
>> Cys_knot  Cystine-knot domain
   #    score  bias  c-Evalue  i-Evalue hmmfrom  hmm to    alifrom  ali to    envfrom  env to     acc
 ---   ------ ----- --------- --------- ------- -------    ------- -------    ------- -------    ----
   1 !  129.3  11.8   3.4e-42   7.4e-38       2     105 .]      28     131 ..      27     131 .. 0.99



Internal pipeline statistics summary:
-------------------------------------
Query sequence(s):                         1  (139 residues searched)
Target model(s):                       21979  (3587873 nodes)
Passed MSV filter:                       585  (0.0266163); expected 439.6 (0.02)
Passed bias filter:                      222  (0.0101006); expected 439.6 (0.02)
Passed Vit filter:                        19  (0.000864462); expected 22.0 (0.001)
Passed Fwd filter:                         1  (4.5498e-05); expected 0.2 (1e-05)
Initial search space (Z):              21979  [actual number of targets]
Domain search space  (domZ):               1  [number of targets reported over threshold]
# CPU time: 0.21u 0.11s 00:00:00.32 Elapsed: 00:00:00.32
# Mc/sec: 1522.34
//
Query:       negative|A0A7G2A2Z3  [L=124]
Scores for complete sequence (score includes all domains):
   --- full sequence ---   --- best 1 domain ---    -#dom-
    E-value  score  bias    E-value  score  bias    exp  N  Model           Description
    ------- ------ -----    ------- ------ -----   ---- --  --------        -----------
    1.3e-15   57.6   5.5    1.8e-15   57.2   5.5    1.2  1  Tryp_alpha_amyl  Protease inhibitor/seed storage/LTP family
    1.2e-06   28.8   8.0    1.6e-06   28.4   8.0    1.3  1  LTP_2            Probable lipid transfer


Domain annotation for each model:
>> Tryp_alpha_amyl  Protease inhibitor/seed storage/LTP family
   #    score  bias  c-Evalue  i-Evalue hmmfrom  hmm to    alifrom  ali to    envfrom  env to     acc
 ---   ------ ----- --------- --------- ------- -------    ------- -------    ------- -------    ----
   1 !   57.2   5.5   1.7e-19   1.8e-15       1      76 []      30     114 ..      30     114 .. 0.94

>> LTP_2  Probable lipid transfer
   #    score  bias  c-Evalue  i-Evalue hmmfrom  hmm to    alifrom  ali to    envfrom  env to     acc
 ---   ------ ----- --------- --------- ------- -------    ------- -------    ------- -------    ----
   1 !   28.4   8.0   1.5e-10   1.6e-06       7      96 ..      16     106 ..       9     114 .. 0.76



Internal pipeline statistics summary:
-------------------------------------
Query sequence(s):                         1  (124 residues searched)
Target model(s):                       21979  (3587873 nodes)
Passed MSV filter:                       578  (0.0262978); expected 439.6 (0.02)
Passed bias filter:                      338  (0.0153783); expected 439.6 (0.02)
Passed Vit filter:                        25  (0.00113745); expected 22.0 (0.001)
Passed Fwd filter:                         2  (9.0996e-05); expected 0.2 (1e-05)
Initial search space (Z):              21979  [actual number of targets]
Domain search space  (domZ):               2  [number of targets reported over threshold]
# CPU time: 0.20u 0.13s 00:00:00.33 Elapsed: 00:00:00.33
# Mc/sec: 1340.92
//
Query:       negative|C0HLG2  [L=91]
Scores for complete sequence (score includes all domains):
   --- full sequence ---   --- best 1 domain ---    -#dom-
    E-value  score  bias    E-value  score  bias    exp  N  Model           Description
    ------- ------ -----    ------- ------ -----   ---- --  --------        -----------
    1.9e-09   37.9   4.8    2.3e-09   37.6   4.8    1.1  1  Tryp_alpha_amyl  Protease inhibitor/seed storage/LTP family
    4.9e-05   23.6   4.5    6.7e-05   23.2   4.5    1.2  1  LTP_2            Probable lipid transfer


Domain annotation for each model:
>> Tryp_alpha_amyl  Protease inhibitor/seed storage/LTP family
   #    score  bias  c-Evalue  i-Evalue hmmfrom  hmm to    alifrom  ali to    envfrom  env to     acc
 ---   ------ ----- --------- --------- ------- -------    ------- -------    ------- -------    ----
   1 !   37.6   4.8   2.1e-13   2.3e-09       1      76 []       4      88 ..       4      88 .. 0.86

>> LTP_2  Probable lipid transfer
   #    score  bias  c-Evalue  i-Evalue hmmfrom  hmm to    alifrom  ali to    envfrom  env to     acc
 ---   ------ ----- --------- --------- ------- -------    ------- -------    ------- -------    ----
   1 !   23.2   4.5   6.1e-09   6.7e-05      20      95 ..       3      79 ..       1      84 [. 0.78



Internal pipeline statistics summary:
-------------------------------------
Query sequence(s):                         1  (91 residues searched)
Target model(s):                       21979  (3587873 nodes)
Passed MSV filter:                       648  (0.0294827); expected 439.6 (0.02)
Passed bias filter:                      364  (0.0165613); expected 439.6 (0.02)
Passed Vit filter:                        17  (0.000773466); expected 22.0 (0.001)
Passed Fwd filter:                         2  (9.0996e-05); expected 0.2 (1e-05)
Initial search space (Z):              21979  [actual number of targets]
Domain search space  (domZ):               2  [number of targets reported over threshold]
# CPU time: 0.20u 0.13s 00:00:00.33 Elapsed: 00:00:00.33
# Mc/sec: 988.58
//
Query:       negative|P01085  [L=124]
Scores for complete sequence (score includes all domains):
   --- full sequence ---   --- best 1 domain ---    -#dom-
    E-value  score  bias    E-value  score  bias    exp  N  Model           Description
    ------- ------ -----    ------- ------ -----   ---- --  --------        -----------
    4.1e-10   40.0   5.9    4.7e-10   39.9   5.9    1.1  1  Tryp_alpha_amyl  Protease inhibitor/seed storage/LTP family


Domain annotation for each model:
>> Tryp_alpha_amyl  Protease inhibitor/seed storage/LTP family
   #    score  bias  c-Evalue  i-Evalue hmmfrom  hmm to    alifrom  ali to    envfrom  env to     acc
 ---   ------ ----- --------- --------- ------- -------    ------- -------    ------- -------    ----
   1 !   39.9   5.9   2.1e-14   4.7e-10       8      72 ..      17     105 ..       6     115 .. 0.91



Internal pipeline statistics summary:
-------------------------------------
Query sequence(s):                         1  (124 residues searched)
Target model(s):                       21979  (3587873 nodes)
Passed MSV filter:                       502  (0.02284); expected 439.6 (0.02)
Passed bias filter:                      332  (0.0151053); expected 439.6 (0.02)
Passed Vit filter:                        24  (0.00109195); expected 22.0 (0.001)
Passed Fwd filter:                         2  (9.0996e-05); expected 0.2 (1e-05)
Initial search space (Z):              21979  [actual number of targets]
Domain search space  (domZ):               1  [number of targets reported over threshold]
# CPU time: 0.21u 0.13s 00:00:00.34 Elapsed: 00:00:00.32
# Mc/sec: 1358.36
//
Query:       negative|Q805E8  [L=138]
Scores for complete sequence (score includes all domains):
   --- full sequence ---   --- best 1 domain ---    -#dom-
    E-value  score  bias    E-value  score  bias    exp  N  Model    Description
    ------- ------ -----    ------- ------ -----   ---- --  -------- -----------
    2.2e-12   47.2  10.7    3.6e-12   46.5  10.7    1.4  1  ANP       Atrial natriuretic peptide


Domain annotation for each model:
>> ANP  Atrial natriuretic peptide
   #    score  bias  c-Evalue  i-Evalue hmmfrom  hmm to    alifrom  ali to    envfrom  env to     acc
 ---   ------ ----- --------- --------- ------- -------    ------- -------    ------- -------    ----
   1 !   46.5  10.7   1.6e-16   3.6e-12       4      31 .]     100     127 ..      97     127 .. 0.92



Internal pipeline statistics summary:
-------------------------------------
Query sequence(s):                         1  (138 residues searched)
Target model(s):                       21979  (3587873 nodes)
Passed MSV filter:                       356  (0.0161973); expected 439.6 (0.02)
Passed bias filter:                      313  (0.0142409); expected 439.6 (0.02)
Passed Vit filter:                        20  (0.00090996); expected 22.0 (0.001)
Passed Fwd filter:                         2  (9.0996e-05); expected 0.2 (1e-05)
Initial search space (Z):              21979  [actual number of targets]
Domain search space  (domZ):               1  [number of targets reported over threshold]
# CPU time: 0.19u 0.13s 00:00:00.32 Elapsed: 00:00:00.33
# Mc/sec: 1498.34
//
Query:       negative|P16850  [L=145]
Scores for complete sequence (score includes all domains):
   --- full sequence ---   --- best 1 domain ---    -#dom-
    E-value  score  bias    E-value  score  bias    exp  N  Model           Description
    ------- ------ -----    ------- ------ -----   ---- --  --------        -----------
    1.3e-08   35.2   2.0    2.5e-08   34.3   2.0    1.4  1  Tryp_alpha_amyl  Protease inhibitor/seed storage/LTP family


Domain annotation for each model:
>> Tryp_alpha_amyl  Protease inhibitor/seed storage/LTP family
   #    score  bias  c-Evalue  i-Evalue hmmfrom  hmm to    alifrom  ali to    envfrom  env to     acc
 ---   ------ ----- --------- --------- ------- -------    ------- -------    ------- -------    ----
   1 !   34.3   2.0   1.1e-12   2.5e-08       1      72 [.      44     135 ..      44     140 .. 0.81



Internal pipeline statistics summary:
-------------------------------------
Query sequence(s):                         1  (145 residues searched)
Target model(s):                       21979  (3587873 nodes)
Passed MSV filter:                       467  (0.0212476); expected 439.6 (0.02)
Passed bias filter:                      301  (0.0136949); expected 439.6 (0.02)
Passed Vit filter:                        28  (0.00127394); expected 22.0 (0.001)
Passed Fwd filter:                         3  (0.000136494); expected 0.2 (1e-05)
Initial search space (Z):              21979  [actual number of targets]
Domain search space  (domZ):               1  [number of targets reported over threshold]
# CPU time: 0.24u 0.13s 00:00:00.37 Elapsed: 00:00:00.36
# Mc/sec: 1427.77
//
Query:       negative|C0HKS5  [L=88]
Scores for complete sequence (score includes all domains):
   --- full sequence ---   --- best 1 domain ---    -#dom-
    E-value  score  bias    E-value  score  bias    exp  N  Model    Description
    ------- ------ -----    ------- ------ -----   ---- --  -------- -----------
    5.2e-07   30.8   4.9    6.1e-05   24.2   4.9    2.1  1  Insulin   Insulin/IGF/Relaxin family
     0.0002   21.6   3.7      0.044   14.1   0.8    2.4  0  Ins_beta  Nematode insulin-related peptide beta type


Domain annotation for each model:
>> Insulin  Insulin/IGF/Relaxin family
   #    score  bias  c-Evalue  i-Evalue hmmfrom  hmm to    alifrom  ali to    envfrom  env to     acc
 ---   ------ ----- --------- --------- ------- -------    ------- -------    ------- -------    ----
   1 !   24.2   4.9   5.5e-09   6.1e-05       4      81 .]      27      88 .]      24      88 .] 0.66

>> Ins_beta  Nematode insulin-related peptide beta type
   [No individual domains that satisfy reporting thresholds (although complete target did)]



Internal pipeline statistics summary:
-------------------------------------
Query sequence(s):                         1  (88 residues searched)
Target model(s):                       21979  (3587873 nodes)
Passed MSV filter:                       491  (0.0223395); expected 439.6 (0.02)
Passed bias filter:                      288  (0.0131034); expected 439.6 (0.02)
Passed Vit filter:                        21  (0.000955457); expected 22.0 (0.001)
Passed Fwd filter:                         2  (9.0996e-05); expected 0.2 (1e-05)
Initial search space (Z):              21979  [actual number of targets]
Domain search space  (domZ):               2  [number of targets reported over threshold]
# CPU time: 0.19u 0.12s 00:00:00.31 Elapsed: 00:00:00.31
# Mc/sec: 989.81
//
Query:       negative|P14841  [L=140]
Scores for complete sequence (score includes all domains):
   --- full sequence ---   --- best 1 domain ---    -#dom-
    E-value  score  bias    E-value  score  bias    exp  N  Model    Description
    ------- ------ -----    ------- ------ -----   ---- --  -------- -----------
      3e-30  104.6   0.0    3.6e-30  104.3   0.0    1.1  1  Cystatin  Cystatin domain


Domain annotation for each model:
>> Cystatin  Cystatin domain
   #    score  bias  c-Evalue  i-Evalue hmmfrom  hmm to    alifrom  ali to    envfrom  env to     acc
 ---   ------ ----- --------- --------- ------- -------    ------- -------    ------- -------    ----
   1 !  104.3   0.0   1.6e-34   3.6e-30       1      92 []      31     126 ..      31     126 .. 0.98



Internal pipeline statistics summary:
-------------------------------------
Query sequence(s):                         1  (140 residues searched)
Target model(s):                       21979  (3587873 nodes)
Passed MSV filter:                       496  (0.022567); expected 439.6 (0.02)
Passed bias filter:                      393  (0.0178807); expected 439.6 (0.02)
Passed Vit filter:                        24  (0.00109195); expected 22.0 (0.001)
Passed Fwd filter:                         2  (9.0996e-05); expected 0.2 (1e-05)
Initial search space (Z):              21979  [actual number of targets]
Domain search space  (domZ):               1  [number of targets reported over threshold]
# CPU time: 0.20u 0.14s 00:00:00.34 Elapsed: 00:00:00.33
# Mc/sec: 1501.29
//
Query:       negative|P50120  [L=134]
Scores for complete sequence (score includes all domains):
   --- full sequence ---   --- best 1 domain ---    -#dom-
    E-value  score  bias    E-value  score  bias    exp  N  Model       Description
    ------- ------ -----    ------- ------ -----   ---- --  --------    -----------
    1.1e-21   77.9   5.0    1.2e-21   77.7   5.0    1.0  1  Lipocalin    Lipocalin / cytosolic fatty-acid binding protein
    2.7e-07   30.9   1.0    3.2e-07   30.6   1.0    1.1  1  Lipocalin_7  Lipocalin / cytosolic fatty-acid binding protein


Domain annotation for each model:
>> Lipocalin  Lipocalin / cytosolic fatty-acid binding protein family
   #    score  bias  c-Evalue  i-Evalue hmmfrom  hmm to    alifrom  ali to    envfrom  env to     acc
 ---   ------ ----- --------- --------- ------- -------    ------- -------    ------- -------    ----
   1 !   77.7   5.0   1.1e-25   1.2e-21       1     144 [.       6     133 ..       6     134 .] 0.95

>> Lipocalin_7  Lipocalin / cytosolic fatty-acid binding protein family
   #    score  bias  c-Evalue  i-Evalue hmmfrom  hmm to    alifrom  ali to    envfrom  env to     acc
 ---   ------ ----- --------- --------- ------- -------    ------- -------    ------- -------    ----
   1 !   30.6   1.0   2.9e-11   3.2e-07       5     124 ..       7     131 ..       4     134 .] 0.78



Internal pipeline statistics summary:
-------------------------------------
Query sequence(s):                         1  (134 residues searched)
Target model(s):                       21979  (3587873 nodes)
Passed MSV filter:                       609  (0.0277083); expected 439.6 (0.02)
Passed bias filter:                      359  (0.0163338); expected 439.6 (0.02)
Passed Vit filter:                        29  (0.00131944); expected 22.0 (0.001)
Passed Fwd filter:                         2  (9.0996e-05); expected 0.2 (1e-05)
Initial search space (Z):              21979  [actual number of targets]
Domain search space  (domZ):               2  [number of targets reported over threshold]
# CPU time: 0.20u 0.13s 00:00:00.33 Elapsed: 00:00:00.33
# Mc/sec: 1452.67
//
Query:       negative|P32751  [L=141]
Scores for complete sequence (score includes all domains):
   --- full sequence ---   --- best 1 domain ---    -#dom-
    E-value  score  bias    E-value  score  bias    exp  N  Model         Description
    ------- ------ -----    ------- ------ -----   ---- --  --------      -----------
    1.3e-60  206.1   0.1    1.5e-60  205.9   0.1    1.0  1  COesterase     Carboxylesterase family
    8.3e-10   38.8   0.0    1.3e-09   38.2   0.0    1.3  1  BD-FAE         BD-FAE
    4.3e-08   33.4   0.2    8.3e-08   32.5   0.2    1.4  1  Abhydrolase_3  alpha/beta hydrolase fold


Domain annotation for each model:
>> COesterase  Carboxylesterase family
   #    score  bias  c-Evalue  i-Evalue hmmfrom  hmm to    alifrom  ali to    envfrom  env to     acc
 ---   ------ ----- --------- --------- ------- -------    ------- -------    ------- -------    ----
   1 !  205.9   0.1     2e-64   1.5e-60      75     201 ..      18     141 .]       4     141 .] 0.93

>> BD-FAE  BD-FAE
   #    score  bias  c-Evalue  i-Evalue hmmfrom  hmm to    alifrom  ali to    envfrom  env to     acc
 ---   ------ ----- --------- --------- ------- -------    ------- -------    ------- -------    ----
   1 !   38.2   0.0   1.8e-13   1.3e-09       1     101 [.      28     135 ..      28     140 .. 0.84

>> Abhydrolase_3  alpha/beta hydrolase fold
   #    score  bias  c-Evalue  i-Evalue hmmfrom  hmm to    alifrom  ali to    envfrom  env to     acc
 ---   ------ ----- --------- --------- ------- -------    ------- -------    ------- -------    ----
   1 !   32.5   0.2   1.1e-11   8.3e-08       1      82 [.      43     134 ..      43     140 .. 0.90



Internal pipeline statistics summary:
-------------------------------------
Query sequence(s):                         1  (141 residues searched)
Target model(s):                       21979  (3587873 nodes)
Passed MSV filter:                       297  (0.0135129); expected 439.6 (0.02)
Passed bias filter:                      279  (0.0126939); expected 439.6 (0.02)
Passed Vit filter:                        25  (0.00113745); expected 22.0 (0.001)
Passed Fwd filter:                         3  (0.000136494); expected 0.2 (1e-05)
Initial search space (Z):              21979  [actual number of targets]
Domain search space  (domZ):               3  [number of targets reported over threshold]
# CPU time: 0.20u 0.13s 00:00:00.33 Elapsed: 00:00:00.33
# Mc/sec: 1509.30
//
Query:       negative|P18427  [L=130]
Scores for complete sequence (score includes all domains):
   --- full sequence ---   --- best 1 domain ---    -#dom-
    E-value  score  bias    E-value  score  bias    exp  N  Model    Description
    ------- ------ -----    ------- ------ -----   ---- --  -------- -----------
    8.9e-36  122.7  16.1    1.1e-35  122.4  16.1    1.1  1  Cys_knot  Cystine-knot domain


Domain annotation for each model:
>> Cys_knot  Cystine-knot domain
   #    score  bias  c-Evalue  i-Evalue hmmfrom  hmm to    alifrom  ali to    envfrom  env to     acc
 ---   ------ ----- --------- --------- ------- -------    ------- -------    ------- -------    ----
   1 !  122.4  16.1   4.9e-40   1.1e-35       1     105 []      19     123 ..      19     123 .. 0.98



Internal pipeline statistics summary:
-------------------------------------
Query sequence(s):                         1  (130 residues searched)
Target model(s):                       21979  (3587873 nodes)
Passed MSV filter:                       981  (0.0446335); expected 439.6 (0.02)
Passed bias filter:                      268  (0.0121935); expected 439.6 (0.02)
Passed Vit filter:                        17  (0.000773466); expected 22.0 (0.001)
Passed Fwd filter:                         1  (4.5498e-05); expected 0.2 (1e-05)
Initial search space (Z):              21979  [actual number of targets]
Domain search space  (domZ):               1  [number of targets reported over threshold]
# CPU time: 0.22u 0.12s 00:00:00.34 Elapsed: 00:00:00.32
# Mc/sec: 1422.00
//
Query:       negative|Q17192  [L=92]
Scores for complete sequence (score includes all domains):
   --- full sequence ---   --- best 1 domain ---    -#dom-
    E-value  score  bias    E-value  score  bias    exp  N  Model    Description
    ------- ------ -----    ------- ------ -----   ---- --  -------- -----------
    7.2e-16   59.2   2.2    9.1e-15   55.7   2.2    2.0  1  Insulin   Insulin/IGF/Relaxin family


Domain annotation for each model:
>> Insulin  Insulin/IGF/Relaxin family
   #    score  bias  c-Evalue  i-Evalue hmmfrom  hmm to    alifrom  ali to    envfrom  env to     acc
 ---   ------ ----- --------- --------- ------- -------    ------- -------    ------- -------    ----
   1 !   55.7   2.2   4.2e-19   9.1e-15       1      81 []      26      92 .]      26      92 .] 0.82



Internal pipeline statistics summary:
-------------------------------------
Query sequence(s):                         1  (92 residues searched)
Target model(s):                       21979  (3587873 nodes)
Passed MSV filter:                       609  (0.0277083); expected 439.6 (0.02)
Passed bias filter:                      446  (0.0202921); expected 439.6 (0.02)
Passed Vit filter:                        32  (0.00145594); expected 22.0 (0.001)
Passed Fwd filter:                         2  (9.0996e-05); expected 0.2 (1e-05)
Initial search space (Z):              21979  [actual number of targets]
Domain search space  (domZ):               1  [number of targets reported over threshold]
# CPU time: 0.20u 0.12s 00:00:00.32 Elapsed: 00:00:00.33
# Mc/sec: 995.42
//
Query:       negative|A0L6F0  [L=100]
Scores for complete sequence (score includes all domains):
   --- full sequence ---   --- best 1 domain ---    -#dom-
    E-value  score  bias    E-value  score  bias    exp  N  Model        Description
    ------- ------ -----    ------- ------ -----   ---- --  --------     -----------
      1e-47  160.8   0.6    1.1e-47  160.7   0.6    1.0  1  Urease_gamma  Urease, gamma subunit


Domain annotation for each model:
>> Urease_gamma  Urease, gamma subunit
   #    score  bias  c-Evalue  i-Evalue hmmfrom  hmm to    alifrom  ali to    envfrom  env to     acc
 ---   ------ ----- --------- --------- ------- -------    ------- -------    ------- -------    ----
   1 !  160.7   0.6   5.1e-52   1.1e-47       1      99 []       1      99 [.       1      99 [. 1.00



Internal pipeline statistics summary:
-------------------------------------
Query sequence(s):                         1  (100 residues searched)
Target model(s):                       21979  (3587873 nodes)
Passed MSV filter:                       688  (0.0313026); expected 439.6 (0.02)
Passed bias filter:                      563  (0.0256154); expected 439.6 (0.02)
Passed Vit filter:                        44  (0.00200191); expected 22.0 (0.001)
Passed Fwd filter:                         1  (4.5498e-05); expected 0.2 (1e-05)
Initial search space (Z):              21979  [actual number of targets]
Domain search space  (domZ):               1  [number of targets reported over threshold]
# CPU time: 0.20u 0.14s 00:00:00.34 Elapsed: 00:00:00.33
# Mc/sec: 1076.52
//
Query:       negative|Q9VT52  [L=120]
Scores for complete sequence (score includes all domains):
   --- full sequence ---   --- best 1 domain ---    -#dom-
    E-value  score  bias    E-value  score  bias    exp  N  Model    Description
    ------- ------ -----    ------- ------ -----   ---- --  -------- -----------
    7.2e-10   40.0   0.6    1.1e-09   39.4   0.6    1.3  1  Insulin   Insulin/IGF/Relaxin family


Domain annotation for each model:
>> Insulin  Insulin/IGF/Relaxin family
   #    score  bias  c-Evalue  i-Evalue hmmfrom  hmm to    alifrom  ali to    envfrom  env to     acc
 ---   ------ ----- --------- --------- ------- -------    ------- -------    ------- -------    ----
   1 !   39.4   0.6     5e-14   1.1e-09       2      81 .]      32     114 ..      31     114 .. 0.64



Internal pipeline statistics summary:
-------------------------------------
Query sequence(s):                         1  (120 residues searched)
Target model(s):                       21979  (3587873 nodes)
Passed MSV filter:                       533  (0.0242504); expected 439.6 (0.02)
Passed bias filter:                      421  (0.0191546); expected 439.6 (0.02)
Passed Vit filter:                        28  (0.00127394); expected 22.0 (0.001)
Passed Fwd filter:                         2  (9.0996e-05); expected 0.2 (1e-05)
Initial search space (Z):              21979  [actual number of targets]
Domain search space  (domZ):               1  [number of targets reported over threshold]
# CPU time: 0.20u 0.13s 00:00:00.33 Elapsed: 00:00:00.33
# Mc/sec: 1298.30
//
Query:       negative|Q9SZY3  [L=775]
Scores for complete sequence (score includes all domains):
   --- full sequence ---   --- best 1 domain ---    -#dom-
    E-value  score  bias    E-value  score  bias    exp  N  Model        Description
    ------- ------ -----    ------- ------ -----   ---- --  --------     -----------
    4.2e-44  151.3   0.0    7.2e-44  150.5   0.0    1.3  1  Peptidase_S8  Subtilase family
    1.3e-27   96.1   0.9    2.2e-27   95.4   0.9    1.4  1  fn3_6         Fibronectin type-III domain
      3e-22   79.4   0.2    5.1e-22   78.6   0.2    1.4  1  Inhibitor_I9  Peptidase inhibitor I9
    1.3e-08   34.8   0.0    4.1e-08   33.2   0.0    1.8  1  MORF_dom      Multiple organellar RNA editing factor 1, MORF 
    4.3e-07   30.2   0.0    9.4e-07   29.1   0.0    1.5  1  PA            PA domain


Domain annotation for each model:
>> Peptidase_S8  Subtilase family
   #    score  bias  c-Evalue  i-Evalue hmmfrom  hmm to    alifrom  ali to    envfrom  env to     acc
 ---   ------ ----- --------- --------- ------- -------    ------- -------    ------- -------    ----
   1 !  150.5   0.0   1.6e-47   7.2e-44       1     274 [.     134     589 ..     134     624 .. 0.91

>> fn3_6  Fibronectin type-III domain
   #    score  bias  c-Evalue  i-Evalue hmmfrom  hmm to    alifrom  ali to    envfrom  env to     acc
 ---   ------ ----- --------- --------- ------- -------    ------- -------    ------- -------    ----
   1 !   95.4   0.9   5.1e-31   2.2e-27       1      99 []     668     763 ..     668     763 .. 0.99

>> Inhibitor_I9  Peptidase inhibitor I9
   #    score  bias  c-Evalue  i-Evalue hmmfrom  hmm to    alifrom  ali to    envfrom  env to     acc
 ---   ------ ----- --------- --------- ------- -------    ------- -------    ------- -------    ----
   1 !   78.6   0.2   1.2e-25   5.1e-22       1      81 [.      30     108 ..      30     109 .. 0.97

>> MORF_dom  Multiple organellar RNA editing factor 1, MORF domain
   #    score  bias  c-Evalue  i-Evalue hmmfrom  hmm to    alifrom  ali to    envfrom  env to     acc
 ---   ------ ----- --------- --------- ------- -------    ------- -------    ------- -------    ----
   1 !   33.2   0.0   9.3e-12   4.1e-08      20      84 ..      45     109 ..      32     116 .. 0.87

>> PA  PA domain
   #    score  bias  c-Evalue  i-Evalue hmmfrom  hmm to    alifrom  ali to    envfrom  env to     acc
 ---   ------ ----- --------- --------- ------- -------    ------- -------    ------- -------    ----
   1 !   29.1   0.0   2.1e-10   9.4e-07       4      95 .]     384     475 ..     382     475 .. 0.74



Internal pipeline statistics summary:
-------------------------------------
Query sequence(s):                         1  (775 residues searched)
Target model(s):                       21979  (3587873 nodes)
Passed MSV filter:                       448  (0.0203831); expected 439.6 (0.02)
Passed bias filter:                      424  (0.0192911); expected 439.6 (0.02)
Passed Vit filter:                        27  (0.00122845); expected 22.0 (0.001)
Passed Fwd filter:                         5  (0.00022749); expected 0.2 (1e-05)
Initial search space (Z):              21979  [actual number of targets]
Domain search space  (domZ):               5  [number of targets reported over threshold]
# CPU time: 0.31u 0.13s 00:00:00.44 Elapsed: 00:00:00.44
# Mc/sec: 6306.24
//
Query:       negative|Q7X7E6  [L=158]
Scores for complete sequence (score includes all domains):
   --- full sequence ---   --- best 1 domain ---    -#dom-
    E-value  score  bias    E-value  score  bias    exp  N  Model           Description
    ------- ------ -----    ------- ------ -----   ---- --  --------        -----------
    1.5e-05   25.5   2.3    2.5e-05   24.7   2.3    1.5  1  Tryp_alpha_amyl  Protease inhibitor/seed storage/LTP family


Domain annotation for each model:
>> Tryp_alpha_amyl  Protease inhibitor/seed storage/LTP family
   #    score  bias  c-Evalue  i-Evalue hmmfrom  hmm to    alifrom  ali to    envfrom  env to     acc
 ---   ------ ----- --------- --------- ------- -------    ------- -------    ------- -------    ----
   1 !   24.7   2.3   1.2e-09   2.5e-05      20      52 ..      69     123 ..      48     150 .. 0.66



Internal pipeline statistics summary:
-------------------------------------
Query sequence(s):                         1  (158 residues searched)
Target model(s):                       21979  (3587873 nodes)
Passed MSV filter:                       808  (0.0367624); expected 439.6 (0.02)
Passed bias filter:                      548  (0.0249329); expected 439.6 (0.02)
Passed Vit filter:                        43  (0.00195641); expected 22.0 (0.001)
Passed Fwd filter:                         2  (9.0996e-05); expected 0.2 (1e-05)
Initial search space (Z):              21979  [actual number of targets]
Domain search space  (domZ):               1  [number of targets reported over threshold]
# CPU time: 0.22u 0.13s 00:00:00.35 Elapsed: 00:00:00.35
# Mc/sec: 1617.93
//
Query:       negative|P16218  [L=900]
Scores for complete sequence (score includes all domains):
   --- full sequence ---   --- best 1 domain ---    -#dom-
    E-value  score  bias    E-value  score  bias    exp  N  Model          Description
    ------- ------ -----    ------- ------ -----   ---- --  --------       -----------
    2.5e-73  246.2   1.9    6.9e-73  244.7   1.9    1.8  1  CBM_11          Carbohydrate binding domain (family 11)
    1.2e-61  208.8   6.3    1.2e-61  208.8   6.3    2.2  1  Cellulase       Cellulase (glycosyl hydrolase family 5)
    5.1e-19   68.5   0.7    1.1e-18   67.4   0.7    1.6  1  Dockerin_1      Dockerin type I domain
    5.2e-09   36.2   7.5    1.2e-08   35.0   7.5    1.5  1  Glyco_hydro_26  Glycosyl hydrolase family 26
    9.3e-06   26.0   0.0    2.4e-05   24.7   0.0    1.7  1  CIA30           Complex I intermediate-associated protein 30 


Domain annotation for each model:
>> CBM_11  Carbohydrate binding domain (family 11)
   #    score  bias  c-Evalue  i-Evalue hmmfrom  hmm to    alifrom  ali to    envfrom  env to     acc
 ---   ------ ----- --------- --------- ------- -------    ------- -------    ------- -------    ----
   1 !  244.7   1.9   1.6e-76   6.9e-73       1     181 [.     655     828 ..     655     829 .. 0.98

>> Cellulase  Cellulase (glycosyl hydrolase family 5)
   #    score  bias  c-Evalue  i-Evalue hmmfrom  hmm to    alifrom  ali to    envfrom  env to     acc
 ---   ------ ----- --------- --------- ------- -------    ------- -------    ------- -------    ----
   1 !  208.8   6.3   2.8e-65   1.2e-61      12     270 ..     349     602 ..     336     604 .. 0.92

>> Dockerin_1  Dockerin type I domain
   #    score  bias  c-Evalue  i-Evalue hmmfrom  hmm to    alifrom  ali to    envfrom  env to     acc
 ---   ------ ----- --------- --------- ------- -------    ------- -------    ------- -------    ----
   1 !   67.4   0.7   2.5e-22   1.1e-18       1      57 []     831     892 ..     831     892 .. 0.98

>> Glyco_hydro_26  Glycosyl hydrolase family 26
   #    score  bias  c-Evalue  i-Evalue hmmfrom  hmm to    alifrom  ali to    envfrom  env to     acc
 ---   ------ ----- --------- --------- ------- -------    ------- -------    ------- -------    ----
   1 !   35.0   7.5   2.7e-12   1.2e-08     139     246 ..     110     227 ..      90     290 .. 0.67

>> CIA30  Complex I intermediate-associated protein 30 (CIA30)
   #    score  bias  c-Evalue  i-Evalue hmmfrom  hmm to    alifrom  ali to    envfrom  env to     acc
 ---   ------ ----- --------- --------- ------- -------    ------- -------    ------- -------    ----
   1 !   24.7   0.0   5.5e-09   2.4e-05      60     154 ..     711     812 ..     681     814 .. 0.82



Internal pipeline statistics summary:
-------------------------------------
Query sequence(s):                         1  (900 residues searched)
Target model(s):                       21979  (3587873 nodes)
Passed MSV filter:                       760  (0.0345785); expected 439.6 (0.02)
Passed bias filter:                      583  (0.0265253); expected 439.6 (0.02)
Passed Vit filter:                        56  (0.00254789); expected 22.0 (0.001)
Passed Fwd filter:                         6  (0.000272988); expected 0.2 (1e-05)
Initial search space (Z):              21979  [actual number of targets]
Domain search space  (domZ):               5  [number of targets reported over threshold]
# CPU time: 0.36u 0.15s 00:00:00.51 Elapsed: 00:00:00.51
# Mc/sec: 6292.06
//
Query:       negative|A1B1B9  [L=562]
Scores for complete sequence (score includes all domains):
   --- full sequence ---   --- best 1 domain ---    -#dom-
    E-value  score  bias    E-value  score  bias    exp  N  Model        Description
    ------- ------ -----    ------- ------ -----   ---- --  --------     -----------
    4.1e-78  263.3   1.4    5.3e-78  262.9   1.4    1.1  1  Amidohydro_1  Amidohydrolase family
    6.8e-53  178.4   1.7    6.8e-53  178.4   1.7    1.8  1  Urease_alpha  Urease alpha-subunit, N-terminal domain
    3.2e-11   43.6   5.9    1.3e-08   35.0   0.0    3.1  1  Amidohydro_3  Amidohydrolase family


Domain annotation for each model:
>> Amidohydro_1  Amidohydrolase family
   #    score  bias  c-Evalue  i-Evalue hmmfrom  hmm to    alifrom  ali to    envfrom  env to     acc
 ---   ------ ----- --------- --------- ------- -------    ------- -------    ------- -------    ----
   1 !  262.9   1.4   7.3e-82   5.3e-78       1     343 [.     127     454 ..     127     456 .. 0.97

>> Urease_alpha  Urease alpha-subunit, N-terminal domain
   #    score  bias  c-Evalue  i-Evalue hmmfrom  hmm to    alifrom  ali to    envfrom  env to     acc
 ---   ------ ----- --------- --------- ------- -------    ------- -------    ------- -------    ----
   1 !  178.4   1.7   9.2e-57   6.8e-53       2     121 .]       4     121 ..       3     121 .. 0.99

>> Amidohydro_3  Amidohydrolase family
   #    score  bias  c-Evalue  i-Evalue hmmfrom  hmm to    alifrom  ali to    envfrom  env to     acc
 ---   ------ ----- --------- --------- ------- -------    ------- -------    ------- -------    ----
   1 !   35.0   0.0   1.8e-12   1.3e-08     391     471 ..     379     456 ..     360     457 .. 0.87



Internal pipeline statistics summary:
-------------------------------------
Query sequence(s):                         1  (562 residues searched)
Target model(s):                       21979  (3587873 nodes)
Passed MSV filter:                       315  (0.0143319); expected 439.6 (0.02)
Passed bias filter:                      278  (0.0126484); expected 439.6 (0.02)
Passed Vit filter:                        25  (0.00113745); expected 22.0 (0.001)
Passed Fwd filter:                         3  (0.000136494); expected 0.2 (1e-05)
Initial search space (Z):              21979  [actual number of targets]
Domain search space  (domZ):               3  [number of targets reported over threshold]
# CPU time: 0.27u 0.14s 00:00:00.41 Elapsed: 00:00:00.39
# Mc/sec: 5089.71
//
Query:       negative|A1CWF3  [L=403]
Scores for complete sequence (score includes all domains):
   --- full sequence ---   --- best 1 domain ---    -#dom-
    E-value  score  bias    E-value  score  bias    exp  N  Model        Description
    ------- ------ -----    ------- ------ -----   ---- --  --------     -----------
    1.9e-36  126.1  16.5    2.7e-36  125.6  16.5    1.2  1  Peptidase_S8  Subtilase family
    1.4e-19   70.8   0.0    2.6e-19   69.9   0.0    1.5  1  Inhibitor_I9  Peptidase inhibitor I9


Domain annotation for each model:
>> Peptidase_S8  Subtilase family
   #    score  bias  c-Evalue  i-Evalue hmmfrom  hmm to    alifrom  ali to    envfrom  env to     acc
 ---   ------ ----- --------- --------- ------- -------    ------- -------    ------- -------    ----
   1 !  125.6  16.5   2.5e-40   2.7e-36       7     276 ..     159     385 ..     153     399 .. 0.84

>> Inhibitor_I9  Peptidase inhibitor I9
   #    score  bias  c-Evalue  i-Evalue hmmfrom  hmm to    alifrom  ali to    envfrom  env to     acc
 ---   ------ ----- --------- --------- ------- -------    ------- -------    ------- -------    ----
   1 !   69.9   0.0   2.4e-23   2.6e-19       1      81 [.      36     120 ..      36     121 .. 0.96



Internal pipeline statistics summary:
-------------------------------------
Query sequence(s):                         1  (403 residues searched)
Target model(s):                       21979  (3587873 nodes)
Passed MSV filter:                       544  (0.0247509); expected 439.6 (0.02)
Passed bias filter:                      364  (0.0165613); expected 439.6 (0.02)
Passed Vit filter:                        24  (0.00109195); expected 22.0 (0.001)
Passed Fwd filter:                         2  (9.0996e-05); expected 0.2 (1e-05)
Initial search space (Z):              21979  [actual number of targets]
Domain search space  (domZ):               2  [number of targets reported over threshold]
# CPU time: 0.24u 0.12s 00:00:00.36 Elapsed: 00:00:00.37
# Mc/sec: 3861.33
//
Query:       negative|Q60651  [L=263]
Scores for complete sequence (score includes all domains):
   --- full sequence ---   --- best 1 domain ---    -#dom-
    E-value  score  bias    E-value  score  bias    exp  N  Model    Description
    ------- ------ -----    ------- ------ -----   ---- --  -------- -----------
    3.3e-54  182.8   4.7    3.3e-54  182.8   4.7    1.5  1  Ly49      Ly49-like protein, N-terminal region
    1.4e-14   55.0   3.7    2.9e-14   54.0   3.7    1.6  1  Lectin_C  Lectin C-type domain


Domain annotation for each model:
>> Ly49  Ly49-like protein, N-terminal region
   #    score  bias  c-Evalue  i-Evalue hmmfrom  hmm to    alifrom  ali to    envfrom  env to     acc
 ---   ------ ----- --------- --------- ------- -------    ------- -------    ------- -------    ----
   1 !  182.8   4.7     3e-58   3.3e-54       1     119 []      40     154 ..      40     154 .. 0.99

>> Lectin_C  Lectin C-type domain
   #    score  bias  c-Evalue  i-Evalue hmmfrom  hmm to    alifrom  ali to    envfrom  env to     acc
 ---   ------ ----- --------- --------- ------- -------    ------- -------    ------- -------    ----
   1 !   54.0   3.7   2.7e-18   2.9e-14       2     106 ..     158     255 ..     157     256 .. 0.94



Internal pipeline statistics summary:
-------------------------------------
Query sequence(s):                         1  (263 residues searched)
Target model(s):                       21979  (3587873 nodes)
Passed MSV filter:                      1241  (0.056463); expected 439.6 (0.02)
Passed bias filter:                      724  (0.0329405); expected 439.6 (0.02)
Passed Vit filter:                        73  (0.00332135); expected 22.0 (0.001)
Passed Fwd filter:                         3  (0.000136494); expected 0.2 (1e-05)
Initial search space (Z):              21979  [actual number of targets]
Domain search space  (domZ):               2  [number of targets reported over threshold]
# CPU time: 0.24u 0.14s 00:00:00.38 Elapsed: 00:00:00.37
# Mc/sec: 2515.56
//
Query:       negative|Q8F4I0  [L=366]
Scores for complete sequence (score includes all domains):
   --- full sequence ---   --- best 1 domain ---    -#dom-
    E-value  score  bias    E-value  score  bias    exp  N  Model         Description
    ------- ------ -----    ------- ------ -----   ---- --  --------      -----------
    1.2e-20   74.5   0.0    1.5e-20   74.2   0.0    1.1  1  Abhydrolase_1  alpha/beta hydrolase fold


Domain annotation for each model:
>> Abhydrolase_1  alpha/beta hydrolase fold
   #    score  bias  c-Evalue  i-Evalue hmmfrom  hmm to    alifrom  ali to    envfrom  env to     acc
 ---   ------ ----- --------- --------- ------- -------    ------- -------    ------- -------    ----
   1 !   74.2   0.0   6.9e-25   1.5e-20       1     228 [.      47     333 ..      47     350 .. 0.84



Internal pipeline statistics summary:
-------------------------------------
Query sequence(s):                         1  (366 residues searched)
Target model(s):                       21979  (3587873 nodes)
Passed MSV filter:                       385  (0.0175167); expected 439.6 (0.02)
Passed bias filter:                      373  (0.0169707); expected 439.6 (0.02)
Passed Vit filter:                        33  (0.00150143); expected 22.0 (0.001)
Passed Fwd filter:                         4  (0.000181992); expected 0.2 (1e-05)
Initial search space (Z):              21979  [actual number of targets]
Domain search space  (domZ):               1  [number of targets reported over threshold]
# CPU time: 0.26u 0.12s 00:00:00.38 Elapsed: 00:00:00.37
# Mc/sec: 3488.10
//
Query:       negative|O22841  [L=283]
Scores for complete sequence (score includes all domains):
   --- full sequence ---   --- best 1 domain ---    -#dom-
    E-value  score  bias    E-value  score  bias    exp  N  Model          Description
    ------- ------ -----    ------- ------ -----   ---- --  --------       -----------
    1.4e-42  146.4   8.4    9.9e-38  130.5   3.6    3.0  2  Glyco_hydro_19  Chitinase class I
    1.5e-08   35.2  21.5    1.5e-08   35.2  21.5    2.0  1  Chitin_bind_1   Chitin recognition protein


Domain annotation for each model:
>> Glyco_hydro_19  Chitinase class I
   #    score  bias  c-Evalue  i-Evalue hmmfrom  hmm to    alifrom  ali to    envfrom  env to     acc
 ---   ------ ----- --------- --------- ------- -------    ------- -------    ------- -------    ----
   1 !  130.5   3.6     9e-42   9.9e-38       2     156 ..      94     229 ..      93     236 .. 0.90
   2 !   25.8   0.2     9e-10   9.9e-06     185     232 .]     237     283 .]     230     283 .] 0.96

>> Chitin_bind_1  Chitin recognition protein
   #    score  bias  c-Evalue  i-Evalue hmmfrom  hmm to    alifrom  ali to    envfrom  env to     acc
 ---   ------ ----- --------- --------- ------- -------    ------- -------    ------- -------    ----
   1 !   35.2  21.5   1.4e-12   1.5e-08       5      38 .]      30      64 ..      28      64 .. 0.90



Internal pipeline statistics summary:
-------------------------------------
Query sequence(s):                         1  (283 residues searched)
Target model(s):                       21979  (3587873 nodes)
Passed MSV filter:                       492  (0.022385); expected 439.6 (0.02)
Passed bias filter:                      270  (0.0122845); expected 439.6 (0.02)
Passed Vit filter:                        25  (0.00113745); expected 22.0 (0.001)
Passed Fwd filter:                         3  (0.000136494); expected 0.2 (1e-05)
Initial search space (Z):              21979  [actual number of targets]
Domain search space  (domZ):               2  [number of targets reported over threshold]
# CPU time: 0.23u 0.13s 00:00:00.36 Elapsed: 00:00:00.36
# Mc/sec: 2817.00
//
Query:       negative|P52278  [L=294]
Scores for complete sequence (score includes all domains):
   --- full sequence ---   --- best 1 domain ---    -#dom-
    E-value  score  bias    E-value  score  bias    exp  N  Model         Description
    ------- ------ -----    ------- ------ -----   ---- --  --------      -----------
    3.1e-35  122.3   0.0    2.4e-34  119.3   0.0    1.9  1  Abhydrolase_1  alpha/beta hydrolase fold
    4.1e-17   63.8   0.0    5.1e-17   63.5   0.0    1.1  1  Abhydrolase_6  Alpha/beta hydrolase family
    2.3e-16   60.1   0.0      1e-11   44.9   0.0    2.1  1  Hydrolase_4    Serine aminopeptidase, S33


Domain annotation for each model:
>> Abhydrolase_1  alpha/beta hydrolase fold
   #    score  bias  c-Evalue  i-Evalue hmmfrom  hmm to    alifrom  ali to    envfrom  env to     acc
 ---   ------ ----- --------- --------- ------- -------    ------- -------    ------- -------    ----
   1 !  119.3   0.0   3.3e-38   2.4e-34       1     244 [.      27     277 ..      27     278 .. 0.81

>> Abhydrolase_6  Alpha/beta hydrolase family
   #    score  bias  c-Evalue  i-Evalue hmmfrom  hmm to    alifrom  ali to    envfrom  env to     acc
 ---   ------ ----- --------- --------- ------- -------    ------- -------    ------- -------    ----
   1 !   63.5   0.0   6.9e-21   5.1e-17       1     216 [.      29     283 ..      29     284 .. 0.55

>> Hydrolase_4  Serine aminopeptidase, S33
   #    score  bias  c-Evalue  i-Evalue hmmfrom  hmm to    alifrom  ali to    envfrom  env to     acc
 ---   ------ ----- --------- --------- ------- -------    ------- -------    ------- -------    ----
   1 !   44.9   0.0   1.4e-15     1e-11       7     121 ..      29     144 ..      23     197 .. 0.77



Internal pipeline statistics summary:
-------------------------------------
Query sequence(s):                         1  (294 residues searched)
Target model(s):                       21979  (3587873 nodes)
Passed MSV filter:                       497  (0.0226125); expected 439.6 (0.02)
Passed bias filter:                      465  (0.0211566); expected 439.6 (0.02)
Passed Vit filter:                        50  (0.0022749); expected 22.0 (0.001)
Passed Fwd filter:                        10  (0.00045498); expected 0.2 (1e-05)
Initial search space (Z):              21979  [actual number of targets]
Domain search space  (domZ):               3  [number of targets reported over threshold]
# CPU time: 0.26u 0.12s 00:00:00.38 Elapsed: 00:00:00.37
# Mc/sec: 2786.73
//
Query:       negative|A1XIH5  [L=400]
Scores for complete sequence (score includes all domains):
   --- full sequence ---   --- best 1 domain ---    -#dom-
    E-value  score  bias    E-value  score  bias    exp  N  Model        Description
    ------- ------ -----    ------- ------ -----   ---- --  --------     -----------
    7.5e-30  104.5  12.8    1.2e-29  103.9  12.8    1.3  1  Peptidase_S8  Subtilase family
    7.1e-18   65.3   0.0    1.3e-17   64.5   0.0    1.4  1  Inhibitor_I9  Peptidase inhibitor I9


Domain annotation for each model:
>> Peptidase_S8  Subtilase family
   #    score  bias  c-Evalue  i-Evalue hmmfrom  hmm to    alifrom  ali to    envfrom  env to     acc
 ---   ------ ----- --------- --------- ------- -------    ------- -------    ------- -------    ----
   1 !  103.9  12.8   1.1e-33   1.2e-29       8     254 ..     159     360 ..     152     390 .. 0.88

>> Inhibitor_I9  Peptidase inhibitor I9
   #    score  bias  c-Evalue  i-Evalue hmmfrom  hmm to    alifrom  ali to    envfrom  env to     acc
 ---   ------ ----- --------- --------- ------- -------    ------- -------    ------- -------    ----
   1 !   64.5   0.0   1.2e-21   1.3e-17       1      81 [.      36     118 ..      36     119 .. 0.92



Internal pipeline statistics summary:
-------------------------------------
Query sequence(s):                         1  (400 residues searched)
Target model(s):                       21979  (3587873 nodes)
Passed MSV filter:                       675  (0.0307111); expected 439.6 (0.02)
Passed bias filter:                      478  (0.021748); expected 439.6 (0.02)
Passed Vit filter:                        29  (0.00131944); expected 22.0 (0.001)
Passed Fwd filter:                         2  (9.0996e-05); expected 0.2 (1e-05)
Initial search space (Z):              21979  [actual number of targets]
Domain search space  (domZ):               2  [number of targets reported over threshold]
# CPU time: 0.26u 0.13s 00:00:00.39 Elapsed: 00:00:00.38
# Mc/sec: 3703.93
//
Query:       negative|Q9XT90  [L=580]
Scores for complete sequence (score includes all domains):
   --- full sequence ---   --- best 1 domain ---    -#dom-
    E-value  score  bias    E-value  score  bias    exp  N  Model         Description
    ------- ------ -----    ------- ------ -----   ---- --  --------      -----------
    7.5e-61  204.9   0.0    1.3e-60  204.2   0.0    1.4  1  Peptidase_M10  Matrixin
    1.5e-53  178.7  18.4    7.3e-14   51.7   0.9    4.6  4  Hemopexin      Hemopexin
    2.4e-24   85.3   0.0    4.3e-24   84.5   0.0    1.4  1  DUF3377        Domain of unknown function (DUF3377)
    7.6e-11   42.3   0.1    1.8e-10   41.1   0.1    1.7  1  PG_binding_1   Putative peptidoglycan binding domain


Domain annotation for each model:
>> Peptidase_M10  Matrixin
   #    score  bias  c-Evalue  i-Evalue hmmfrom  hmm to    alifrom  ali to    envfrom  env to     acc
 ---   ------ ----- --------- --------- ------- -------    ------- -------    ------- -------    ----
   1 !  204.2   0.0   2.3e-64   1.3e-60       1     159 []     116     282 ..     116     282 .. 0.98

>> Hemopexin  Hemopexin
   #    score  bias  c-Evalue  i-Evalue hmmfrom  hmm to    alifrom  ali to    envfrom  env to     acc
 ---   ------ ----- --------- --------- ------- -------    ------- -------    ------- -------    ----
   1 !   51.7   0.9   1.3e-17   7.3e-14       1      44 [.     321     363 ..     321     364 .. 0.98
   2 !   47.7   0.1   2.4e-16   1.3e-12       1      44 [.     366     409 ..     366     410 .. 0.93
   3 !   44.1   0.6   3.2e-15   1.7e-11       1      44 [.     413     458 ..     413     459 .. 0.97
   4 !   45.6   1.0   1.1e-15   5.9e-12       7      45 .]     467     506 ..     463     508 .. 0.89

>> DUF3377  Domain of unknown function (DUF3377)
   #    score  bias  c-Evalue  i-Evalue hmmfrom  hmm to    alifrom  ali to    envfrom  env to     acc
 ---   ------ ----- --------- --------- ------- -------    ------- -------    ------- -------    ----
   1 !   84.5   0.0   7.8e-28   4.3e-24       4      72 .]     513     580 .]     510     580 .] 0.95

>> PG_binding_1  Putative peptidoglycan binding domain
   #    score  bias  c-Evalue  i-Evalue hmmfrom  hmm to    alifrom  ali to    envfrom  env to     acc
 ---   ------ ----- --------- --------- ------- -------    ------- -------    ------- -------    ----
   1 !   41.1   0.1   3.4e-14   1.8e-10      10      57 .]      35      86 ..      34      86 .. 0.92



Internal pipeline statistics summary:
-------------------------------------
Query sequence(s):                         1  (580 residues searched)
Target model(s):                       21979  (3587873 nodes)
Passed MSV filter:                       609  (0.0277083); expected 439.6 (0.02)
Passed bias filter:                      544  (0.0247509); expected 439.6 (0.02)
Passed Vit filter:                        81  (0.00368534); expected 22.0 (0.001)
Passed Fwd filter:                        12  (0.000545976); expected 0.2 (1e-05)
Initial search space (Z):              21979  [actual number of targets]
Domain search space  (domZ):               4  [number of targets reported over threshold]
# CPU time: 0.31u 0.12s 00:00:00.43 Elapsed: 00:00:00.43
# Mc/sec: 4807.05
//
Query:       negative|P17405  [L=631]
Scores for complete sequence (score includes all domains):
   --- full sequence ---   --- best 1 domain ---    -#dom-
    E-value  score  bias    E-value  score  bias    exp  N  Model       Description
    ------- ------ -----    ------- ------ -----   ---- --  --------    -----------
    1.4e-15   58.5   0.1    2.2e-15   57.9   0.1    1.3  1  Metallophos  Calcineurin-like phosphoesterase
    4.2e-06   27.1   0.0    6.7e-06   26.4   0.0    1.3  1  ASMase_C     Acid sphingomyelin phosphodiesterase C-terminal 


Domain annotation for each model:
>> Metallophos  Calcineurin-like phosphoesterase
   #    score  bias  c-Evalue  i-Evalue hmmfrom  hmm to    alifrom  ali to    envfrom  env to     acc
 ---   ------ ----- --------- --------- ------- -------    ------- -------    ------- -------    ----
   1 !   57.9   0.1     2e-19   2.2e-15       2     190 ..     202     462 ..     201     463 .. 0.83

>> ASMase_C  Acid sphingomyelin phosphodiesterase C-terminal region
   #    score  bias  c-Evalue  i-Evalue hmmfrom  hmm to    alifrom  ali to    envfrom  env to     acc
 ---   ------ ----- --------- --------- ------- -------    ------- -------    ------- -------    ----
   1 !   26.4   0.0   6.1e-10   6.7e-06      23     127 ..     492     600 ..     476     611 .. 0.85



Internal pipeline statistics summary:
-------------------------------------
Query sequence(s):                         1  (631 residues searched)
Target model(s):                       21979  (3587873 nodes)
Passed MSV filter:                       558  (0.0253879); expected 439.6 (0.02)
Passed bias filter:                      445  (0.0202466); expected 439.6 (0.02)
Passed Vit filter:                        35  (0.00159243); expected 22.0 (0.001)
Passed Fwd filter:                         2  (9.0996e-05); expected 0.2 (1e-05)
Initial search space (Z):              21979  [actual number of targets]
Domain search space  (domZ):               2  [number of targets reported over threshold]
# CPU time: 0.27u 0.14s 00:00:00.41 Elapsed: 00:00:00.41
# Mc/sec: 5479.24
//
Query:       negative|P21352  [L=207]
Scores for complete sequence (score includes all domains):
   --- full sequence ---   --- best 1 domain ---    -#dom-
    E-value  score  bias    E-value  score  bias    exp  N  Model     Description
    ------- ------ -----    ------- ------ -----   ---- --  --------  -----------
    3.6e-20   72.9   0.2    4.6e-20   72.6   0.2    1.1  1  Lipocalin  Lipocalin / cytosolic fatty-acid binding protein f


Domain annotation for each model:
>> Lipocalin  Lipocalin / cytosolic fatty-acid binding protein family
   #    score  bias  c-Evalue  i-Evalue hmmfrom  hmm to    alifrom  ali to    envfrom  env to     acc
 ---   ------ ----- --------- --------- ------- -------    ------- -------    ------- -------    ----
   1 !   72.6   0.2   2.1e-24   4.6e-20       2     144 ..      42     180 ..      41     181 .. 0.95



Internal pipeline statistics summary:
-------------------------------------
Query sequence(s):                         1  (207 residues searched)
Target model(s):                       21979  (3587873 nodes)
Passed MSV filter:                       713  (0.0324401); expected 439.6 (0.02)
Passed bias filter:                      529  (0.0240684); expected 439.6 (0.02)
Passed Vit filter:                        30  (0.00136494); expected 22.0 (0.001)
Passed Fwd filter:                         3  (0.000136494); expected 0.2 (1e-05)
Initial search space (Z):              21979  [actual number of targets]
Domain search space  (domZ):               1  [number of targets reported over threshold]
# CPU time: 0.24u 0.12s 00:00:00.36 Elapsed: 00:00:00.35
# Mc/sec: 2083.18
//
Query:       negative|Q6RX08  [L=842]
Scores for complete sequence (score includes all domains):
   --- full sequence ---   --- best 1 domain ---    -#dom-
    E-value  score  bias    E-value  score  bias    exp  N  Model     Description
    ------- ------ -----    ------- ------ -----   ---- --  --------  -----------
    8.6e-16   58.6   0.8    4.1e-07   30.7   0.4    3.3  1  Ank_2      Ankyrin repeats (3 copies)
    1.5e-13   50.5   3.4    4.6e-05   23.8   0.1    4.8  2  Ank        Ankyrin repeat
    4.4e-10   39.1   0.1     0.0016   19.0   0.0    4.8  1  Ank_3      Ankyrin repeat
      9e-10   38.4  23.2    1.5e-09   37.7  23.2    1.4  1  Ion_trans  Ion transport protein
    3.9e-08   33.7   0.2      0.033   14.9   0.1    4.0  0  Ank_5      Ankyrin repeats (many copies)
    4.3e-06   27.2   0.2       0.51   11.0   0.0    4.2  0  Ank_4      Ankyrin repeats (many copies)


Domain annotation for each model:
>> Ank_2  Ankyrin repeats (3 copies)
   #    score  bias  c-Evalue  i-Evalue hmmfrom  hmm to    alifrom  ali to    envfrom  env to     acc
 ---   ------ ----- --------- --------- ------- -------    ------- -------    ------- -------    ----
   1 !   30.7   0.4   1.1e-10   4.1e-07       3      88 ..     122     232 ..     120     234 .. 0.71

>> Ank  Ankyrin repeat
   #    score  bias  c-Evalue  i-Evalue hmmfrom  hmm to    alifrom  ali to    envfrom  env to     acc
 ---   ------ ----- --------- --------- ------- -------    ------- -------    ------- -------    ----
   1 !   23.8   0.1   1.3e-08   4.6e-05       2      30 ..     204     232 ..     203     235 .. 0.91
   2 !   17.2   0.0   1.5e-06    0.0056       2      32 ..     251     284 ..     250     285 .. 0.88

>> Ank_3  Ankyrin repeat
   #    score  bias  c-Evalue  i-Evalue hmmfrom  hmm to    alifrom  ali to    envfrom  env to     acc
 ---   ------ ----- --------- --------- ------- -------    ------- -------    ------- -------    ----
   1 !   19.0   0.0   4.4e-07    0.0016       2      29 ..     204     231 ..     203     232 .. 0.95

>> Ion_trans  Ion transport protein
   #    score  bias  c-Evalue  i-Evalue hmmfrom  hmm to    alifrom  ali to    envfrom  env to     acc
 ---   ------ ----- --------- --------- ------- -------    ------- -------    ------- -------    ----
   1 !   37.7  23.2   4.2e-13   1.5e-09       3     240 ..     438     697 ..     434     698 .. 0.75

>> Ank_5  Ankyrin repeats (many copies)
   [No individual domains that satisfy reporting thresholds (although complete target did)]

>> Ank_4  Ankyrin repeats (many copies)
   [No individual domains that satisfy reporting thresholds (although complete target did)]



Internal pipeline statistics summary:
-------------------------------------
Query sequence(s):                         1  (842 residues searched)
Target model(s):                       21979  (3587873 nodes)
Passed MSV filter:                      1046  (0.0475909); expected 439.6 (0.02)
Passed bias filter:                      638  (0.0290277); expected 439.6 (0.02)
Passed Vit filter:                        55  (0.00250239); expected 22.0 (0.001)
Passed Fwd filter:                         7  (0.000318486); expected 0.2 (1e-05)
Initial search space (Z):              21979  [actual number of targets]
Domain search space  (domZ):               6  [number of targets reported over threshold]
# CPU time: 0.37u 0.13s 00:00:00.50 Elapsed: 00:00:00.50
# Mc/sec: 5987.87
//
Query:       negative|Q93WP4  [L=481]
Scores for complete sequence (score includes all domains):
   --- full sequence ---   --- best 1 domain ---    -#dom-
    E-value  score  bias    E-value  score  bias    exp  N  Model           Description
    ------- ------ -----    ------- ------ -----   ---- --  --------        -----------
    1.5e-25   91.0   0.1    2.8e-25   90.1   0.1    1.5  1  Metallophos      Calcineurin-like phosphoesterase
      9e-23   80.9   2.3    3.1e-22   79.2   2.3    2.0  1  Pur_ac_phosph_N  Purple acid Phosphatase, N-terminal domain
    3.9e-20   72.5   0.1    1.1e-19   71.1   0.1    1.8  1  Metallophos_C    Iron/zinc purple acid phosphatase-like prote


Domain annotation for each model:
>> Metallophos  Calcineurin-like phosphoesterase
   #    score  bias  c-Evalue  i-Evalue hmmfrom  hmm to    alifrom  ali to    envfrom  env to     acc
 ---   ------ ----- --------- --------- ------- -------    ------- -------    ------- -------    ----
   1 !   90.1   0.1   3.8e-29   2.8e-25       2     191 .]     162     358 ..     161     358 .. 0.88

>> Pur_ac_phosph_N  Purple acid Phosphatase, N-terminal domain
   #    score  bias  c-Evalue  i-Evalue hmmfrom  hmm to    alifrom  ali to    envfrom  env to     acc
 ---   ------ ----- --------- --------- ------- -------    ------- -------    ------- -------    ----
   1 !   79.2   2.3   4.3e-26   3.1e-22       1      93 []      60     151 ..      60     151 .. 0.98

>> Metallophos_C  Iron/zinc purple acid phosphatase-like protein C
   #    score  bias  c-Evalue  i-Evalue hmmfrom  hmm to    alifrom  ali to    envfrom  env to     acc
 ---   ------ ----- --------- --------- ------- -------    ------- -------    ------- -------    ----
   1 !   71.1   0.1   1.5e-23   1.1e-19       1      59 [.     384     442 ..     384     444 .. 0.94



Internal pipeline statistics summary:
-------------------------------------
Query sequence(s):                         1  (481 residues searched)
Target model(s):                       21979  (3587873 nodes)
Passed MSV filter:                       531  (0.0241594); expected 439.6 (0.02)
Passed bias filter:                      408  (0.0185632); expected 439.6 (0.02)
Passed Vit filter:                        32  (0.00145594); expected 22.0 (0.001)
Passed Fwd filter:                         5  (0.00022749); expected 0.2 (1e-05)
Initial search space (Z):              21979  [actual number of targets]
Domain search space  (domZ):               3  [number of targets reported over threshold]
# CPU time: 0.27u 0.13s 00:00:00.40 Elapsed: 00:00:00.38
# Mc/sec: 4428.37
//
Query:       negative|P53264  [L=445]
Scores for complete sequence (score includes all domains):
   --- full sequence ---   --- best 1 domain ---    -#dom-
    E-value  score  bias    E-value  score  bias    exp  N  Model         Description
    ------- ------ -----    ------- ------ -----   ---- --  --------      -----------
    1.6e-38  133.0   0.7      2e-38  132.7   0.7    1.1  1  Abhydrolase_1  alpha/beta hydrolase fold
    7.3e-15   56.5   0.0    1.2e-14   55.7   0.0    1.4  1  Abhydrolase_6  Alpha/beta hydrolase family
    9.9e-09   35.1   0.0    2.9e-08   33.6   0.0    1.7  1  Hydrolase_4    Serine aminopeptidase, S33
    8.7e-05   22.8   0.0    0.00026   21.2   0.0    1.7  0  Ser_hydrolase  Serine hydrolase


Domain annotation for each model:
>> Abhydrolase_1  alpha/beta hydrolase fold
   #    score  bias  c-Evalue  i-Evalue hmmfrom  hmm to    alifrom  ali to    envfrom  env to     acc
 ---   ------ ----- --------- --------- ------- -------    ------- -------    ------- -------    ----
   1 !  132.7   0.7   3.7e-42     2e-38       1     244 [.     141     430 ..     141     431 .. 0.96

>> Abhydrolase_6  Alpha/beta hydrolase family
   #    score  bias  c-Evalue  i-Evalue hmmfrom  hmm to    alifrom  ali to    envfrom  env to     acc
 ---   ------ ----- --------- --------- ------- -------    ------- -------    ------- -------    ----
   1 !   55.7   0.0   2.2e-18   1.2e-14       1     213 [.     143     433 ..     143     437 .. 0.59

>> Hydrolase_4  Serine aminopeptidase, S33
   #    score  bias  c-Evalue  i-Evalue hmmfrom  hmm to    alifrom  ali to    envfrom  env to     acc
 ---   ------ ----- --------- --------- ------- -------    ------- -------    ------- -------    ----
   1 !   33.6   0.0   5.4e-12   2.9e-08       6     115 ..     142     263 ..     138     324 .. 0.81

>> Ser_hydrolase  Serine hydrolase
   [No individual domains that satisfy reporting thresholds (although complete target did)]



Internal pipeline statistics summary:
-------------------------------------
Query sequence(s):                         1  (445 residues searched)
Target model(s):                       21979  (3587873 nodes)
Passed MSV filter:                       434  (0.0197461); expected 439.6 (0.02)
Passed bias filter:                      383  (0.0174257); expected 439.6 (0.02)
Passed Vit filter:                        33  (0.00150143); expected 22.0 (0.001)
Passed Fwd filter:                         5  (0.00022749); expected 0.2 (1e-05)
Initial search space (Z):              21979  [actual number of targets]
Domain search space  (domZ):               4  [number of targets reported over threshold]
# CPU time: 0.25u 0.12s 00:00:00.37 Elapsed: 00:00:00.38
# Mc/sec: 4189.98
//
Query:       negative|P34960  [L=473]
Scores for complete sequence (score includes all domains):
   --- full sequence ---   --- best 1 domain ---    -#dom-
    E-value  score  bias    E-value  score  bias    exp  N  Model         Description
    ------- ------ -----    ------- ------ -----   ---- --  --------      -----------
    2.7e-64  216.1   0.1    3.9e-64  215.6   0.1    1.3  1  Peptidase_M10  Matrixin
      5e-44  148.3  15.1    4.3e-14   52.5   0.4    4.3  4  Hemopexin      Hemopexin
    3.4e-09   37.0   0.1    1.1e-08   35.3   0.1    1.9  1  PG_binding_1   Putative peptidoglycan binding domain


Domain annotation for each model:
>> Peptidase_M10  Matrixin
   #    score  bias  c-Evalue  i-Evalue hmmfrom  hmm to    alifrom  ali to    envfrom  env to     acc
 ---   ------ ----- --------- --------- ------- -------    ------- -------    ------- -------    ----
   1 !  215.6   0.1   5.4e-68   3.9e-64       1     159 []     112     267 ..     112     267 .. 0.99

>> Hemopexin  Hemopexin
   #    score  bias  c-Evalue  i-Evalue hmmfrom  hmm to    alifrom  ali to    envfrom  env to     acc
 ---   ------ ----- --------- --------- ------- -------    ------- -------    ------- -------    ----
   1 !   37.2   1.3   3.4e-13   2.5e-09       1      45 []     292     334 ..     292     334 .. 0.98
   2 !   38.1   0.0   1.8e-13   1.3e-09       1      43 [.     336     377 ..     336     379 .. 0.96
   3 !   52.5   0.4   5.8e-18   4.3e-14       1      43 [.     384     429 ..     384     431 .. 0.97
   4 !   28.6   0.3   1.7e-10   1.2e-06       1      45 []     433     473 .]     433     473 .] 0.98

>> PG_binding_1  Putative peptidoglycan binding domain
   #    score  bias  c-Evalue  i-Evalue hmmfrom  hmm to    alifrom  ali to    envfrom  env to     acc
 ---   ------ ----- --------- --------- ------- -------    ------- -------    ------- -------    ----
   1 !   35.3   0.1   1.6e-12   1.1e-08       7      57 .]      36      91 ..      31      91 .. 0.87



Internal pipeline statistics summary:
-------------------------------------
Query sequence(s):                         1  (473 residues searched)
Target model(s):                       21979  (3587873 nodes)
Passed MSV filter:                       523  (0.0237954); expected 439.6 (0.02)
Passed bias filter:                      455  (0.0207016); expected 439.6 (0.02)
Passed Vit filter:                        41  (0.00186542); expected 22.0 (0.001)
Passed Fwd filter:                        11  (0.000500478); expected 0.2 (1e-05)
Initial search space (Z):              21979  [actual number of targets]
Domain search space  (domZ):               3  [number of targets reported over threshold]
# CPU time: 0.27u 0.13s 00:00:00.40 Elapsed: 00:00:00.39
# Mc/sec: 4276.35
//
Query:       negative|Q9XZE5  [L=306]
Scores for complete sequence (score includes all domains):
   --- full sequence ---   --- best 1 domain ---    -#dom-
    E-value  score  bias    E-value  score  bias    exp  N  Model       Description
    ------- ------ -----    ------- ------ -----   ---- --  --------    -----------
      8e-45  153.9   0.9    1.1e-44  153.5   0.9    1.2  1  Metallophos  Calcineurin-like phosphoesterase


Domain annotation for each model:
>> Metallophos  Calcineurin-like phosphoesterase
   #    score  bias  c-Evalue  i-Evalue hmmfrom  hmm to    alifrom  ali to    envfrom  env to     acc
 ---   ------ ----- --------- --------- ------- -------    ------- -------    ------- -------    ----
   1 !  153.5   0.9   4.9e-49   1.1e-44       2     190 ..      48     241 ..      47     242 .. 0.95



Internal pipeline statistics summary:
-------------------------------------
Query sequence(s):                         1  (306 residues searched)
Target model(s):                       21979  (3587873 nodes)
Passed MSV filter:                       601  (0.0273443); expected 439.6 (0.02)
Passed bias filter:                      547  (0.0248874); expected 439.6 (0.02)
Passed Vit filter:                        49  (0.0022294); expected 22.0 (0.001)
Passed Fwd filter:                         2  (9.0996e-05); expected 0.2 (1e-05)
Initial search space (Z):              21979  [actual number of targets]
Domain search space  (domZ):               1  [number of targets reported over threshold]
# CPU time: 0.24u 0.14s 00:00:00.38 Elapsed: 00:00:00.37
# Mc/sec: 2901.05
//
Query:       negative|Q3HRV3  [L=164]
Scores for complete sequence (score includes all domains):
   --- full sequence ---   --- best 1 domain ---    -#dom-
    E-value  score  bias    E-value  score  bias    exp  N  Model    Description
    ------- ------ -----    ------- ------ -----   ---- --  -------- -----------
    9.9e-30  103.2   6.4    1.2e-29  102.9   6.4    1.1  1  Cys_knot  Cystine-knot domain


Domain annotation for each model:
>> Cys_knot  Cystine-knot domain
   #    score  bias  c-Evalue  i-Evalue hmmfrom  hmm to    alifrom  ali to    envfrom  env to     acc
 ---   ------ ----- --------- --------- ------- -------    ------- -------    ------- -------    ----
   1 !  102.9   6.4   5.6e-34   1.2e-29       2     103 ..      27     128 ..      26     130 .. 0.97



Internal pipeline statistics summary:
-------------------------------------
Query sequence(s):                         1  (164 residues searched)
Target model(s):                       21979  (3587873 nodes)
Passed MSV filter:                       693  (0.0315301); expected 439.6 (0.02)
Passed bias filter:                      338  (0.0153783); expected 439.6 (0.02)
Passed Vit filter:                        30  (0.00136494); expected 22.0 (0.001)
Passed Fwd filter:                         2  (9.0996e-05); expected 0.2 (1e-05)
Initial search space (Z):              21979  [actual number of targets]
Domain search space  (domZ):               1  [number of targets reported over threshold]
# CPU time: 0.23u 0.13s 00:00:00.36 Elapsed: 00:00:00.35
# Mc/sec: 1637.30
//
Query:       negative|P51909  [L=189]
Scores for complete sequence (score includes all domains):
   --- full sequence ---   --- best 1 domain ---    -#dom-
    E-value  score  bias    E-value  score  bias    exp  N  Model       Description
    ------- ------ -----    ------- ------ -----   ---- --  --------    -----------
    1.1e-22   81.1   0.0    1.3e-22   80.9   0.0    1.1  1  Lipocalin    Lipocalin / cytosolic fatty-acid binding protein
    3.3e-22   79.3   0.0    4.7e-22   78.8   0.0    1.2  1  Lipocalin_2  Lipocalin-like domain
    4.4e-05   23.6   0.6    0.00017   21.7   0.6    1.9  1  Triabin      Triabin


Domain annotation for each model:
>> Lipocalin  Lipocalin / cytosolic fatty-acid binding protein family
   #    score  bias  c-Evalue  i-Evalue hmmfrom  hmm to    alifrom  ali to    envfrom  env to     acc
 ---   ------ ----- --------- --------- ------- -------    ------- -------    ------- -------    ----
   1 !   80.9   0.0   1.7e-26   1.3e-22       2     144 ..      44     183 ..      43     184 .. 0.91

>> Lipocalin_2  Lipocalin-like domain
   #    score  bias  c-Evalue  i-Evalue hmmfrom  hmm to    alifrom  ali to    envfrom  env to     acc
 ---   ------ ----- --------- --------- ------- -------    ------- -------    ------- -------    ----
   1 !   78.8   0.0   6.4e-26   4.7e-22       1     145 [.      37     181 ..      37     182 .. 0.87

>> Triabin  Triabin
   #    score  bias  c-Evalue  i-Evalue hmmfrom  hmm to    alifrom  ali to    envfrom  env to     acc
 ---   ------ ----- --------- --------- ------- -------    ------- -------    ------- -------    ----
   1 !   21.7   0.6   2.4e-08   0.00017     101     122 ..     116     137 ..      21     154 .. 0.68



Internal pipeline statistics summary:
-------------------------------------
Query sequence(s):                         1  (189 residues searched)
Target model(s):                       21979  (3587873 nodes)
Passed MSV filter:                       550  (0.0250239); expected 439.6 (0.02)
Passed bias filter:                      502  (0.02284); expected 439.6 (0.02)
Passed Vit filter:                        47  (0.0021384); expected 22.0 (0.001)
Passed Fwd filter:                         4  (0.000181992); expected 0.2 (1e-05)
Initial search space (Z):              21979  [actual number of targets]
Domain search space  (domZ):               3  [number of targets reported over threshold]
# CPU time: 0.21u 0.13s 00:00:00.34 Elapsed: 00:00:00.34
# Mc/sec: 1959.66
//
Query:       negative|Q60652  [L=266]
Scores for complete sequence (score includes all domains):
   --- full sequence ---   --- best 1 domain ---    -#dom-
    E-value  score  bias    E-value  score  bias    exp  N  Model    Description
    ------- ------ -----    ------- ------ -----   ---- --  -------- -----------
    2.7e-57  192.7   1.7    4.5e-57  192.0   1.7    1.4  1  Ly49      Ly49-like protein, N-terminal region
    2.3e-15   57.5   3.5    2.3e-15   57.5   3.5    2.0  1  Lectin_C  Lectin C-type domain


Domain annotation for each model:
>> Ly49  Ly49-like protein, N-terminal region
   #    score  bias  c-Evalue  i-Evalue hmmfrom  hmm to    alifrom  ali to    envfrom  env to     acc
 ---   ------ ----- --------- --------- ------- -------    ------- -------    ------- -------    ----
   1 !  192.0   1.7   4.1e-61   4.5e-57       1     119 []      40     157 ..      40     157 .. 1.00

>> Lectin_C  Lectin C-type domain
   #    score  bias  c-Evalue  i-Evalue hmmfrom  hmm to    alifrom  ali to    envfrom  env to     acc
 ---   ------ ----- --------- --------- ------- -------    ------- -------    ------- -------    ----
   1 !   57.5   3.5   2.1e-19   2.3e-15       2     106 ..     161     258 ..     160     259 .. 0.94



Internal pipeline statistics summary:
-------------------------------------
Query sequence(s):                         1  (266 residues searched)
Target model(s):                       21979  (3587873 nodes)
Passed MSV filter:                      1537  (0.0699304); expected 439.6 (0.02)
Passed bias filter:                      895  (0.0407207); expected 439.6 (0.02)
Passed Vit filter:                        79  (0.00359434); expected 22.0 (0.001)
Passed Fwd filter:                         4  (0.000181992); expected 0.2 (1e-05)
Initial search space (Z):              21979  [actual number of targets]
Domain search space  (domZ):               2  [number of targets reported over threshold]
# CPU time: 0.28u 0.12s 00:00:00.40 Elapsed: 00:00:00.39
# Mc/sec: 2410.80
//
Query:       negative|O35608  [L=496]
Scores for complete sequence (score includes all domains):
   --- full sequence ---   --- best 1 domain ---    -#dom-
    E-value  score  bias    E-value  score  bias    exp  N  Model        Description
    ------- ------ -----    ------- ------ -----   ---- --  --------     -----------
    1.2e-69  234.8   6.3    1.8e-69  234.2   6.3    1.3  1  Fibrinogen_C  Fibrinogen beta and gamma chains, C-terminal gl


Domain annotation for each model:
>> Fibrinogen_C  Fibrinogen beta and gamma chains, C-terminal globular domain
   #    score  bias  c-Evalue  i-Evalue hmmfrom  hmm to    alifrom  ali to    envfrom  env to     acc
 ---   ------ ----- --------- --------- ------- -------    ------- -------    ------- -------    ----
   1 !  234.2   6.3   8.1e-74   1.8e-69       2     220 ..     281     493 ..     280     494 .. 0.96



Internal pipeline statistics summary:
-------------------------------------
Query sequence(s):                         1  (496 residues searched)
Target model(s):                       21979  (3587873 nodes)
Passed MSV filter:                      2712  (0.123391); expected 439.6 (0.02)
Passed bias filter:                      542  (0.0246599); expected 439.6 (0.02)
Passed Vit filter:                        57  (0.00259338); expected 22.0 (0.001)
Passed Fwd filter:                        18  (0.000818964); expected 0.2 (1e-05)
Initial search space (Z):              21979  [actual number of targets]
Domain search space  (domZ):               1  [number of targets reported over threshold]
# CPU time: 0.37u 0.13s 00:00:00.50 Elapsed: 00:00:00.50
# Mc/sec: 3558.98
//
Query:       negative|Q0JF21  [L=227]
Scores for complete sequence (score includes all domains):
   --- full sequence ---   --- best 1 domain ---    -#dom-
    E-value  score  bias    E-value  score  bias    exp  N  Model         Description
    ------- ------ -----    ------- ------ -----   ---- --  --------      -----------
    1.4e-48  163.3 125.0    5.5e-13   49.3  21.6    4.4  4  Chitin_bind_1  Chitin recognition protein


Domain annotation for each model:
>> Chitin_bind_1  Chitin recognition protein
   #    score  bias  c-Evalue  i-Evalue hmmfrom  hmm to    alifrom  ali to    envfrom  env to     acc
 ---   ------ ----- --------- --------- ------- -------    ------- -------    ------- -------    ----
   1 !   49.3  21.6   2.5e-17   5.5e-13       1      38 []      30      68 ..      30      69 .. 0.97
   2 !   43.5  28.0   1.7e-15   3.7e-11       1      38 []      73     111 ..      73     111 .. 0.98
   3 !   48.7  24.4   3.9e-17   8.6e-13       1      38 []     116     154 ..     116     155 .. 0.97
   4 !   41.5  26.0   7.3e-15   1.6e-10       1      38 []     159     197 ..     159     197 .. 0.98



Internal pipeline statistics summary:
-------------------------------------
Query sequence(s):                         1  (227 residues searched)
Target model(s):                       21979  (3587873 nodes)
Passed MSV filter:                      1021  (0.0464534); expected 439.6 (0.02)
Passed bias filter:                      330  (0.0150143); expected 439.6 (0.02)
Passed Vit filter:                        45  (0.00204741); expected 22.0 (0.001)
Passed Fwd filter:                         4  (0.000181992); expected 0.2 (1e-05)
Initial search space (Z):              21979  [actual number of targets]
Domain search space  (domZ):               1  [number of targets reported over threshold]
# CPU time: 0.26u 0.11s 00:00:00.37 Elapsed: 00:00:00.37
# Mc/sec: 2173.39
//
Query:       negative|Q5Z1C4  [L=382]
Scores for complete sequence (score includes all domains):
   --- full sequence ---   --- best 1 domain ---    -#dom-
    E-value  score  bias    E-value  score  bias    exp  N  Model         Description
    ------- ------ -----    ------- ------ -----   ---- --  --------      -----------
    1.3e-15   58.0   0.1    1.6e-15   57.7   0.1    1.1  1  Abhydrolase_1  alpha/beta hydrolase fold


Domain annotation for each model:
>> Abhydrolase_1  alpha/beta hydrolase fold
   #    score  bias  c-Evalue  i-Evalue hmmfrom  hmm to    alifrom  ali to    envfrom  env to     acc
 ---   ------ ----- --------- --------- ------- -------    ------- -------    ------- -------    ----
   1 !   57.7   0.1   7.2e-20   1.6e-15       2     244 ..      60     363 ..      59     364 .. 0.87



Internal pipeline statistics summary:
-------------------------------------
Query sequence(s):                         1  (382 residues searched)
Target model(s):                       21979  (3587873 nodes)
Passed MSV filter:                       406  (0.0184722); expected 439.6 (0.02)
Passed bias filter:                      310  (0.0141044); expected 439.6 (0.02)
Passed Vit filter:                        36  (0.00163793); expected 22.0 (0.001)
Passed Fwd filter:                         2  (9.0996e-05); expected 0.2 (1e-05)
Initial search space (Z):              21979  [actual number of targets]
Domain search space  (domZ):               1  [number of targets reported over threshold]
# CPU time: 0.25u 0.14s 00:00:00.39 Elapsed: 00:00:00.38
# Mc/sec: 3585.84
//
Query:       negative|P55798  [L=218]
Scores for complete sequence (score includes all domains):
   --- full sequence ---   --- best 1 domain ---    -#dom-
    E-value  score  bias    E-value  score  bias    exp  N  Model       Description
    ------- ------ -----    ------- ------ -----   ---- --  --------    -----------
    1.5e-15   58.4   1.2      2e-15   58.0   1.2    1.2  1  Metallophos  Calcineurin-like phosphoesterase


Domain annotation for each model:
>> Metallophos  Calcineurin-like phosphoesterase
   #    score  bias  c-Evalue  i-Evalue hmmfrom  hmm to    alifrom  ali to    envfrom  env to     acc
 ---   ------ ----- --------- --------- ------- -------    ------- -------    ------- -------    ----
   1 !   58.0   1.2     9e-20     2e-15       2     188 ..      18     188 ..      17     191 .. 0.69



Internal pipeline statistics summary:
-------------------------------------
Query sequence(s):                         1  (218 residues searched)
Target model(s):                       21979  (3587873 nodes)
Passed MSV filter:                       448  (0.0203831); expected 439.6 (0.02)
Passed bias filter:                      354  (0.0161063); expected 439.6 (0.02)
Passed Vit filter:                        29  (0.00131944); expected 22.0 (0.001)
Passed Fwd filter:                         3  (0.000136494); expected 0.2 (1e-05)
Initial search space (Z):              21979  [actual number of targets]
Domain search space  (domZ):               1  [number of targets reported over threshold]
# CPU time: 0.24u 0.11s 00:00:00.35 Elapsed: 00:00:00.35
# Mc/sec: 2214.17
//
Query:       negative|P05637  [L=280]
Scores for complete sequence (score includes all domains):
   --- full sequence ---   --- best 1 domain ---    -#dom-
    E-value  score  bias    E-value  score  bias    exp  N  Model       Description
    ------- ------ -----    ------- ------ -----   ---- --  --------    -----------
    7.1e-17   62.7   0.1      2e-16   61.3   0.1    1.9  1  Metallophos  Calcineurin-like phosphoesterase


Domain annotation for each model:
>> Metallophos  Calcineurin-like phosphoesterase
   #    score  bias  c-Evalue  i-Evalue hmmfrom  hmm to    alifrom  ali to    envfrom  env to     acc
 ---   ------ ----- --------- --------- ------- -------    ------- -------    ------- -------    ----
   1 !   61.3   0.1     9e-21     2e-16       3     117 ..       3     126 ..       1     228 [. 0.80



Internal pipeline statistics summary:
-------------------------------------
Query sequence(s):                         1  (280 residues searched)
Target model(s):                       21979  (3587873 nodes)
Passed MSV filter:                       292  (0.0132854); expected 439.6 (0.02)
Passed bias filter:                      276  (0.0125574); expected 439.6 (0.02)
Passed Vit filter:                        32  (0.00145594); expected 22.0 (0.001)
Passed Fwd filter:                         3  (0.000136494); expected 0.2 (1e-05)
Initial search space (Z):              21979  [actual number of targets]
Domain search space  (domZ):               1  [number of targets reported over threshold]
# CPU time: 0.26u 0.11s 00:00:00.37 Elapsed: 00:00:00.36
# Mc/sec: 2717.28
//
Query:       negative|P51480  [L=168]
Scores for complete sequence (score includes all domains):
   --- full sequence ---   --- best 1 domain ---    -#dom-
    E-value  score  bias    E-value  score  bias    exp  N  Model    Description
    ------- ------ -----    ------- ------ -----   ---- --  -------- -----------
    9.4e-16   57.3   0.9     0.0019   18.7   0.0    4.2  2  Ank       Ankyrin repeat
    7.7e-14   52.3   0.0    4.5e-08   33.8   0.0    2.1  1  Ank_2     Ankyrin repeats (3 copies)
    2.1e-13   50.4   0.1    0.00014   22.4   0.0    3.2  0  Ank_4     Ankyrin repeats (many copies)
    5.6e-09   36.4   0.1      0.002   18.8   0.0    2.5  0  Ank_5     Ankyrin repeats (many copies)
    4.6e-05   23.7   0.4        2.2    9.4   0.0    3.7  0  Ank_3     Ankyrin repeat


Domain annotation for each model:
>> Ank  Ankyrin repeat
   #    score  bias  c-Evalue  i-Evalue hmmfrom  hmm to    alifrom  ali to    envfrom  env to     acc
 ---   ------ ----- --------- --------- ------- -------    ------- -------    ------- -------    ----
   1 !   18.7   0.0   4.4e-07    0.0019       2      32 ..      37      66 ..      36      67 .. 0.90
   2 !   16.3   0.0   2.6e-06     0.011       2      29 ..     103     130 ..     102     134 .. 0.88

>> Ank_2  Ankyrin repeats (3 copies)
   #    score  bias  c-Evalue  i-Evalue hmmfrom  hmm to    alifrom  ali to    envfrom  env to     acc
 ---   ------ ----- --------- --------- ------- -------    ------- -------    ------- -------    ----
   1 !   33.8   0.0     1e-11   4.5e-08       1      90 []       8     100 ..       8     100 .. 0.87

>> Ank_4  Ankyrin repeats (many copies)
   [No individual domains that satisfy reporting thresholds (although complete target did)]

>> Ank_5  Ankyrin repeats (many copies)
   [No individual domains that satisfy reporting thresholds (although complete target did)]

>> Ank_3  Ankyrin repeat
   [No individual domains that satisfy reporting thresholds (although complete target did)]



Internal pipeline statistics summary:
-------------------------------------
Query sequence(s):                         1  (168 residues searched)
Target model(s):                       21979  (3587873 nodes)
Passed MSV filter:                       566  (0.0257519); expected 439.6 (0.02)
Passed bias filter:                      472  (0.021475); expected 439.6 (0.02)
Passed Vit filter:                        40  (0.00181992); expected 22.0 (0.001)
Passed Fwd filter:                         5  (0.00022749); expected 0.2 (1e-05)
Initial search space (Z):              21979  [actual number of targets]
Domain search space  (domZ):               5  [number of targets reported over threshold]
# CPU time: 0.22u 0.13s 00:00:00.35 Elapsed: 00:00:00.34
# Mc/sec: 1756.14
//
Query:       negative|Q8QFV1  [L=449]
Scores for complete sequence (score includes all domains):
   --- full sequence ---   --- best 1 domain ---    -#dom-
    E-value  score  bias    E-value  score  bias    exp  N  Model    Description
    ------- ------ -----    ------- ------ -----   ---- --  -------- -----------
    9.9e-23   81.1   2.9    2.6e-22   79.8   2.9    1.7  1  AMOP      AMOP domain
    3.9e-07   30.4  16.9    4.4e-07   30.3  13.6    2.6  1  TSP_1     Thrombospondin type 1 domain


Domain annotation for each model:
>> AMOP  AMOP domain
   #    score  bias  c-Evalue  i-Evalue hmmfrom  hmm to    alifrom  ali to    envfrom  env to     acc
 ---   ------ ----- --------- --------- ------- -------    ------- -------    ------- -------    ----
   1 !   79.8   2.9   2.4e-26   2.6e-22       2     140 ..     279     415 ..     278     419 .. 0.84

>> TSP_1  Thrombospondin type 1 domain
   #    score  bias  c-Evalue  i-Evalue hmmfrom  hmm to    alifrom  ali to    envfrom  env to     acc
 ---   ------ ----- --------- --------- ------- -------    ------- -------    ------- -------    ----
   1 !   30.3  13.6     4e-11   4.4e-07       2      49 .]     207     246 ..     206     246 .. 0.91



Internal pipeline statistics summary:
-------------------------------------
Query sequence(s):                         1  (449 residues searched)
Target model(s):                       21979  (3587873 nodes)
Passed MSV filter:                       560  (0.0254789); expected 439.6 (0.02)
Passed bias filter:                      368  (0.0167433); expected 439.6 (0.02)
Passed Vit filter:                        26  (0.00118295); expected 22.0 (0.001)
Passed Fwd filter:                         6  (0.000272988); expected 0.2 (1e-05)
Initial search space (Z):              21979  [actual number of targets]
Domain search space  (domZ):               2  [number of targets reported over threshold]
# CPU time: 0.25u 0.12s 00:00:00.37 Elapsed: 00:00:00.38
# Mc/sec: 4201.40
//
Query:       negative|Q93T81  [L=570]
Scores for complete sequence (score includes all domains):
   --- full sequence ---   --- best 1 domain ---    -#dom-
    E-value  score  bias    E-value  score  bias    exp  N  Model        Description
    ------- ------ -----    ------- ------ -----   ---- --  --------     -----------
    1.6e-80  271.2   0.2    2.4e-80  270.6   0.2    1.2  1  Amidohydro_1  Amidohydrolase family
    7.2e-55  184.8   1.7    1.4e-54  183.9   1.7    1.5  1  Urease_alpha  Urease alpha-subunit, N-terminal domain
    6.1e-12   46.0   0.2    7.9e-07   29.2   0.0    3.1  0  Amidohydro_3  Amidohydrolase family


Domain annotation for each model:
>> Amidohydro_1  Amidohydrolase family
   #    score  bias  c-Evalue  i-Evalue hmmfrom  hmm to    alifrom  ali to    envfrom  env to     acc
 ---   ------ ----- --------- --------- ------- -------    ------- -------    ------- -------    ----
   1 !  270.6   0.2   3.3e-84   2.4e-80       1     340 [.     127     455 ..     127     467 .. 0.98

>> Urease_alpha  Urease alpha-subunit, N-terminal domain
   #    score  bias  c-Evalue  i-Evalue hmmfrom  hmm to    alifrom  ali to    envfrom  env to     acc
 ---   ------ ----- --------- --------- ------- -------    ------- -------    ------- -------    ----
   1 !  183.9   1.7   1.8e-58   1.4e-54       2     121 .]       4     121 ..       3     121 .. 0.99

>> Amidohydro_3  Amidohydrolase family
   [No individual domains that satisfy reporting thresholds (although complete target did)]



Internal pipeline statistics summary:
-------------------------------------
Query sequence(s):                         1  (570 residues searched)
Target model(s):                       21979  (3587873 nodes)
Passed MSV filter:                       326  (0.0148323); expected 439.6 (0.02)
Passed bias filter:                      308  (0.0140134); expected 439.6 (0.02)
Passed Vit filter:                        25  (0.00113745); expected 22.0 (0.001)
Passed Fwd filter:                         3  (0.000136494); expected 0.2 (1e-05)
Initial search space (Z):              21979  [actual number of targets]
Domain search space  (domZ):               3  [number of targets reported over threshold]
# CPU time: 0.28u 0.13s 00:00:00.41 Elapsed: 00:00:00.40
# Mc/sec: 5076.31
//
Query:       negative|P46461  [L=745]
Scores for complete sequence (score includes all domains):
   --- full sequence ---   --- best 1 domain ---    -#dom-
    E-value  score  bias    E-value  score  bias    exp  N  Model          Description
    ------- ------ -----    ------- ------ -----   ---- --  --------       -----------
    4.4e-49  166.6   0.0    1.4e-35  122.8   0.0    2.4  2  AAA             ATPase family associated with various cellula
    2.4e-30  104.7   0.4    7.8e-30  103.0   0.4    2.0  1  NSF_ATPase_lid  NSF, AAA+ ATPase lid domain
    1.6e-14   54.1   0.0    9.6e-13   48.4   0.0    2.5  1  CDC48_N         Cell division protein 48 (CDC48), N-terminal 
    2.3e-08   34.7   0.2     0.0057   17.2   0.1    4.1  0  AAA_22          AAA domain
    1.6e-08   34.2   0.1    3.5e-08   33.1   0.1    1.5  1  AAA_lid_3       AAA+ lid domain
    1.4e-07   32.3   0.0     0.0096   16.6   0.0    2.6  0  AAA_18          AAA domain
    1.3e-06   28.5   0.1        0.1   12.5   0.1    3.4  0  nSTAND3         Novel STAND NTPase 3
    7.7e-06   26.2   0.1     0.0019   18.5   0.1    3.0  0  AAA_5           AAA domain (dynein-related subfamily)
    1.1e-05   25.2   0.2     0.0059   16.3   0.1    2.4  0  Mg_chelatase    Magnesium chelatase, subunit ChlI
    2.1e-05   24.3   0.1    0.00027   20.8   0.0    2.4  0  CDC48_2         Cell division protein 48 (CDC48), domain 2
    2.6e-05   23.9   0.0       0.12   11.7   0.0    2.4  0  TIP49           TIP49 P-loop domain
    0.00012   22.8   0.0      0.045   14.5   0.0    2.7  0  RNA_helicase    RNA helicase


Domain annotation for each model:
>> AAA  ATPase family associated with various cellular activities (AAA)
   #    score  bias  c-Evalue  i-Evalue hmmfrom  hmm to    alifrom  ali to    envfrom  env to     acc
 ---   ------ ----- --------- --------- ------- -------    ------- -------    ------- -------    ----
   1 !  122.8   0.0   7.8e-39   1.4e-35       1     130 [.     256     396 ..     256     397 .. 0.95
   2 !   41.4   0.0   1.1e-13   2.1e-10       1     127 [.     539     665 ..     539     669 .. 0.85

>> NSF_ATPase_lid  NSF, AAA+ ATPase lid domain
   #    score  bias  c-Evalue  i-Evalue hmmfrom  hmm to    alifrom  ali to    envfrom  env to     acc
 ---   ------ ----- --------- --------- ------- -------    ------- -------    ------- -------    ----
   1 !  103.0   0.4   4.3e-33   7.8e-30       1      68 []     669     736 ..     669     736 .. 1.00

>> CDC48_N  Cell division protein 48 (CDC48), N-terminal domain
   #    score  bias  c-Evalue  i-Evalue hmmfrom  hmm to    alifrom  ali to    envfrom  env to     acc
 ---   ------ ----- --------- --------- ------- -------    ------- -------    ------- -------    ----
   1 !   48.4   0.0   5.3e-16   9.6e-13       2      84 ..       5      84 ..       4      85 .. 0.97

>> AAA_22  AAA domain
   [No individual domains that satisfy reporting thresholds (although complete target did)]

>> AAA_lid_3  AAA+ lid domain
   #    score  bias  c-Evalue  i-Evalue hmmfrom  hmm to    alifrom  ali to    envfrom  env to     acc
 ---   ------ ----- --------- --------- ------- -------    ------- -------    ------- -------    ----
   1 !   33.1   0.1   1.9e-11   3.5e-08       2      37 ..     424     459 ..     423     467 .. 0.89

>> AAA_18  AAA domain
   [No individual domains that satisfy reporting thresholds (although complete target did)]

>> nSTAND3  Novel STAND NTPase 3
   [No individual domains that satisfy reporting thresholds (although complete target did)]

>> AAA_5  AAA domain (dynein-related subfamily)
   [No individual domains that satisfy reporting thresholds (although complete target did)]

>> Mg_chelatase  Magnesium chelatase, subunit ChlI
   [No individual domains that satisfy reporting thresholds (although complete target did)]

>> CDC48_2  Cell division protein 48 (CDC48), domain 2
   [No individual domains that satisfy reporting thresholds (although complete target did)]

>> TIP49  TIP49 P-loop domain
   [No individual domains that satisfy reporting thresholds (although complete target did)]

>> RNA_helicase  RNA helicase
   [No individual domains that satisfy reporting thresholds (although complete target did)]



Internal pipeline statistics summary:
-------------------------------------
Query sequence(s):                         1  (745 residues searched)
Target model(s):                       21979  (3587873 nodes)
Passed MSV filter:                       672  (0.0305746); expected 439.6 (0.02)
Passed bias filter:                      607  (0.0276173); expected 439.6 (0.02)
Passed Vit filter:                       110  (0.00500478); expected 22.0 (0.001)
Passed Fwd filter:                        45  (0.00204741); expected 0.2 (1e-05)
Initial search space (Z):              21979  [actual number of targets]
Domain search space  (domZ):              12  [number of targets reported over threshold]
# CPU time: 0.42u 0.13s 00:00:00.55 Elapsed: 00:00:00.54
# Mc/sec: 4868.31
//
Query:       negative|C5G168  [L=423]
Scores for complete sequence (score includes all domains):
   --- full sequence ---   --- best 1 domain ---    -#dom-
    E-value  score  bias    E-value  score  bias    exp  N  Model        Description
    ------- ------ -----    ------- ------ -----   ---- --  --------     -----------
    4.5e-39  134.8   6.6    6.1e-39  134.3   6.6    1.2  1  Peptidase_S8  Subtilase family
      1e-19   71.3   0.1    1.7e-19   70.5   0.1    1.4  1  Inhibitor_I9  Peptidase inhibitor I9


Domain annotation for each model:
>> Peptidase_S8  Subtilase family
   #    score  bias  c-Evalue  i-Evalue hmmfrom  hmm to    alifrom  ali to    envfrom  env to     acc
 ---   ------ ----- --------- --------- ------- -------    ------- -------    ------- -------    ----
   1 !  134.3   6.6   5.6e-43   6.1e-39       3     271 ..     163     389 ..     161     410 .. 0.86

>> Inhibitor_I9  Peptidase inhibitor I9
   #    score  bias  c-Evalue  i-Evalue hmmfrom  hmm to    alifrom  ali to    envfrom  env to     acc
 ---   ------ ----- --------- --------- ------- -------    ------- -------    ------- -------    ----
   1 !   70.5   0.1   1.6e-23   1.7e-19       1      81 [.      37     122 ..      37     123 .. 0.94



Internal pipeline statistics summary:
-------------------------------------
Query sequence(s):                         1  (423 residues searched)
Target model(s):                       21979  (3587873 nodes)
Passed MSV filter:                       634  (0.0288457); expected 439.6 (0.02)
Passed bias filter:                      519  (0.0236134); expected 439.6 (0.02)
Passed Vit filter:                        44  (0.00200191); expected 22.0 (0.001)
Passed Fwd filter:                         3  (0.000136494); expected 0.2 (1e-05)
Initial search space (Z):              21979  [actual number of targets]
Domain search space  (domZ):               2  [number of targets reported over threshold]
# CPU time: 0.26u 0.13s 00:00:00.39 Elapsed: 00:00:00.39
# Mc/sec: 3866.84
//
Query:       negative|P0C0T2  [L=885]
Scores for complete sequence (score includes all domains):
   --- full sequence ---   --- best 1 domain ---    -#dom-
    E-value  score  bias    E-value  score  bias    exp  N  Model    Description
    ------- ------ -----    ------- ------ -----   ---- --  -------- -----------
    1.3e-56  189.4   3.2    1.9e-18   67.1   0.3    5.5  4  Ank_2     Ankyrin repeats (3 copies)
    6.2e-55  180.3  23.2    4.8e-08   33.1   0.5    9.3  7  Ank       Ankyrin repeat
    2.6e-45  146.8   7.7    1.8e-05   25.0   0.1   10.5  5  Ank_3     Ankyrin repeat
    3.4e-41  138.6   7.5    9.2e-10   38.8   0.0    8.7  3  Ank_4     Ankyrin repeats (many copies)
    1.8e-29  101.8  10.8    1.3e-05   25.8   0.0    7.8  0  Ank_5     Ankyrin repeats (many copies)
    1.9e-09   38.0   0.1    3.4e-09   37.2   0.1    1.4  1  SAM_1     SAM domain (Sterile alpha motif)
    6.2e-07   29.8   0.1    1.2e-06   28.8   0.1    1.4  1  SAM_2     SAM domain (Sterile alpha motif)


Domain annotation for each model:
>> Ank_2  Ankyrin repeats (3 copies)
   #    score  bias  c-Evalue  i-Evalue hmmfrom  hmm to    alifrom  ali to    envfrom  env to     acc
 ---   ------ ----- --------- --------- ------- -------    ------- -------    ------- -------    ----
   1 !   59.3   0.1   1.6e-19   5.1e-16       1      90 []      13     132 ..       8     132 .. 0.87
   2 !   38.4   0.0   5.2e-13   1.6e-09      24      89 ..     130     211 ..     129     212 .. 0.82
   3 !   40.5   0.0   1.2e-13   3.6e-10       1      79 [.     186     268 ..     186     271 .. 0.91
   4 !   67.1   0.3   5.9e-22   1.9e-18       3      89 ..     289     380 ..     287     381 .. 0.85

>> Ank  Ankyrin repeat
   #    score  bias  c-Evalue  i-Evalue hmmfrom  hmm to    alifrom  ali to    envfrom  env to     acc
 ---   ------ ----- --------- --------- ------- -------    ------- -------    ------- -------    ----
   1 !   27.2   0.1   1.2e-09   3.9e-06       2      32 ..      69      99 ..      68     100 .. 0.95
   2 !   33.1   0.5   1.5e-11   4.8e-08       1      33 []     101     133 ..     101     133 .. 0.95
   3 !   18.5   0.1   7.3e-07    0.0023       2      32 ..     135     165 ..     134     166 .. 0.92
   4 !   27.6   0.2   9.2e-10   2.9e-06       2      31 ..     182     211 ..     181     213 .. 0.92
   5 !   23.1   0.0   2.3e-08   7.4e-05       2      30 ..     216     244 ..     215     246 .. 0.94
   6 !   26.4   0.0   2.2e-09   6.9e-06       1      32 [.     316     347 ..     316     348 .. 0.94
   7 !   31.2   0.0   6.2e-11   1.9e-07       1      31 [.     350     380 ..     350     382 .. 0.93

>> Ank_3  Ankyrin repeat
   #    score  bias  c-Evalue  i-Evalue hmmfrom  hmm to    alifrom  ali to    envfrom  env to     acc
 ---   ------ ----- --------- --------- ------- -------    ------- -------    ------- -------    ----
   1 !   17.6   0.0   1.5e-06    0.0047       2      29 ..      69      96 ..      68      97 .. 0.96
   2 !   25.0   0.1   5.7e-09   1.8e-05       1      30 []     101     130 ..     101     130 .. 0.97
   3 !   19.3   0.0   4.2e-07    0.0013       2      30 .]     182     210 ..     181     210 .. 0.96
   4 !   19.7   0.0   3.1e-07   0.00096       2      30 .]     216     244 ..     215     244 .. 0.96
   5 !   24.1   0.0   1.1e-08   3.5e-05       1      28 [.     350     377 ..     350     379 .. 0.96

>> Ank_4  Ankyrin repeats (many copies)
   #    score  bias  c-Evalue  i-Evalue hmmfrom  hmm to    alifrom  ali to    envfrom  env to     acc
 ---   ------ ----- --------- --------- ------- -------    ------- -------    ------- -------    ----
   1 !   34.5   0.3   6.6e-12   2.1e-08       4      50 .]      76     122 ..      76     122 .. 0.98
   2 !   29.0   0.1   3.7e-10   1.2e-06       9      50 .]     114     155 ..     113     155 .. 0.94
   3 !   38.8   0.0   2.9e-13   9.2e-10       3      50 .]     323     371 ..     321     371 .. 0.95

>> Ank_5  Ankyrin repeats (many copies)
   [No individual domains that satisfy reporting thresholds (although complete target did)]

>> SAM_1  SAM domain (Sterile alpha motif)
   #    score  bias  c-Evalue  i-Evalue hmmfrom  hmm to    alifrom  ali to    envfrom  env to     acc
 ---   ------ ----- --------- --------- ------- -------    ------- -------    ------- -------    ----
   1 !   37.2   0.1   1.1e-12   3.4e-09      12      63 ..     782     833 ..     773     834 .. 0.94

>> SAM_2  SAM domain (Sterile alpha motif)
   #    score  bias  c-Evalue  i-Evalue hmmfrom  hmm to    alifrom  ali to    envfrom  env to     acc
 ---   ------ ----- --------- --------- ------- -------    ------- -------    ------- -------    ----
   1 !   28.8   0.1   3.9e-10   1.2e-06      13      65 ..     782     833 ..     774     834 .. 0.95



Internal pipeline statistics summary:
-------------------------------------
Query sequence(s):                         1  (885 residues searched)
Target model(s):                       21979  (3587873 nodes)
Passed MSV filter:                       665  (0.0302562); expected 439.6 (0.02)
Passed bias filter:                      422  (0.0192001); expected 439.6 (0.02)
Passed Vit filter:                        46  (0.00209291); expected 22.0 (0.001)
Passed Fwd filter:                         9  (0.000409482); expected 0.2 (1e-05)
Initial search space (Z):              21979  [actual number of targets]
Domain search space  (domZ):               7  [number of targets reported over threshold]
# CPU time: 0.39u 0.13s 00:00:00.52 Elapsed: 00:00:00.51
# Mc/sec: 6150.40
//
Query:       negative|Q8WMX6  [L=475]
Scores for complete sequence (score includes all domains):
   --- full sequence ---   --- best 1 domain ---    -#dom-
    E-value  score  bias    E-value  score  bias    exp  N  Model    Description
    ------- ------ -----    ------- ------ -----   ---- --  -------- -----------
    1.6e-44  150.6   5.7      3e-18   66.4   0.3    3.6  3  Ank_2     Ankyrin repeats (3 copies)
    8.7e-28   95.1   4.8      3e-06   27.5   0.0    6.2  3  Ank       Ankyrin repeat
    1.7e-22   79.3   0.2    5.8e-12   45.8   0.1    4.1  2  Ank_4     Ankyrin repeats (many copies)
    5.6e-22   77.9   1.0    9.8e-10   38.9   0.2    4.2  2  Ank_5     Ankyrin repeats (many copies)
    1.8e-20   70.8   0.3    5.7e-05   23.4   0.0    5.8  3  Ank_3     Ankyrin repeat
    1.4e-08   35.0   0.2    3.8e-08   33.6   0.2    1.8  1  SAM_2     SAM domain (Sterile alpha motif)
      6e-06   26.8   0.3      6e-06   26.8   0.3    1.8  1  SAM_1     SAM domain (Sterile alpha motif)


Domain annotation for each model:
>> Ank_2  Ankyrin repeats (3 copies)
   #    score  bias  c-Evalue  i-Evalue hmmfrom  hmm to    alifrom  ali to    envfrom  env to     acc
 ---   ------ ----- --------- --------- ------- -------    ------- -------    ------- -------    ----
   1 !   50.2   0.0   1.1e-16   3.5e-13       7      88 ..      56     144 ..      50     146 .. 0.88
   2 !   66.4   0.3   9.6e-22     3e-18      10      88 ..     129     210 ..     124     212 .. 0.93
   3 !   51.1   0.3   5.8e-17   1.8e-13       1      79 [.     153     234 ..     153     239 .. 0.77

>> Ank  Ankyrin repeat
   #    score  bias  c-Evalue  i-Evalue hmmfrom  hmm to    alifrom  ali to    envfrom  env to     acc
 ---   ------ ----- --------- --------- ------- -------    ------- -------    ------- -------    ----
   1 !   25.4   0.0   4.5e-09   1.4e-05       1      28 [.      78     105 ..      78     111 .. 0.90
   2 !   27.5   0.0   9.5e-10     3e-06       3      32 ..     150     179 ..     148     180 .. 0.94
   3 !   21.7   0.0   6.6e-08   0.00021       1      32 [.     181     212 ..     181     213 .. 0.89

>> Ank_4  Ankyrin repeats (many copies)
   #    score  bias  c-Evalue  i-Evalue hmmfrom  hmm to    alifrom  ali to    envfrom  env to     acc
 ---   ------ ----- --------- --------- ------- -------    ------- -------    ------- -------    ----
   1 !   22.7   0.0   3.4e-08   0.00011       7      50 .]      56      99 ..      50      99 .. 0.90
   2 !   45.8   0.1   1.8e-15   5.8e-12       2      50 .]     154     202 ..     153     202 .. 0.95

>> Ank_5  Ankyrin repeats (many copies)
   #    score  bias  c-Evalue  i-Evalue hmmfrom  hmm to    alifrom  ali to    envfrom  env to     acc
 ---   ------ ----- --------- --------- ------- -------    ------- -------    ------- -------    ----
   1 !   38.9   0.2   3.1e-13   9.8e-10       2      54 ..     136     187 ..     135     189 .. 0.93
   2 !   31.2   0.0   7.9e-11   2.5e-07       1      56 []     168     222 ..     168     222 .. 0.97

>> Ank_3  Ankyrin repeat
   #    score  bias  c-Evalue  i-Evalue hmmfrom  hmm to    alifrom  ali to    envfrom  env to     acc
 ---   ------ ----- --------- --------- ------- -------    ------- -------    ------- -------    ----
   1 !   23.4   0.0   1.8e-08   5.7e-05       1      28 [.      78     105 ..      78     107 .. 0.94
   2 !   18.5   0.0   7.6e-07    0.0024       3      29 ..     150     176 ..     148     177 .. 0.94
   3 !   17.2   0.0     2e-06    0.0061       1      27 [.     181     207 ..     181     208 .. 0.95

>> SAM_2  SAM domain (Sterile alpha motif)
   #    score  bias  c-Evalue  i-Evalue hmmfrom  hmm to    alifrom  ali to    envfrom  env to     acc
 ---   ------ ----- --------- --------- ------- -------    ------- -------    ------- -------    ----
   1 !   33.6   0.2   1.2e-11   3.8e-08       3      66 .]     273     334 ..     271     334 .. 0.95

>> SAM_1  SAM domain (Sterile alpha motif)
   #    score  bias  c-Evalue  i-Evalue hmmfrom  hmm to    alifrom  ali to    envfrom  env to     acc
 ---   ------ ----- --------- --------- ------- -------    ------- -------    ------- -------    ----
   1 !   26.8   0.3   1.9e-09     6e-06       5      63 ..     276     333 ..     272     334 .. 0.92



Internal pipeline statistics summary:
-------------------------------------
Query sequence(s):                         1  (475 residues searched)
Target model(s):                       21979  (3587873 nodes)
Passed MSV filter:                      1237  (0.056281); expected 439.6 (0.02)
Passed bias filter:                      777  (0.0353519); expected 439.6 (0.02)
Passed Vit filter:                        79  (0.00359434); expected 22.0 (0.001)
Passed Fwd filter:                        10  (0.00045498); expected 0.2 (1e-05)
Initial search space (Z):              21979  [actual number of targets]
Domain search space  (domZ):               7  [number of targets reported over threshold]
# CPU time: 0.29u 0.15s 00:00:00.43 Elapsed: 00:00:00.44
# Mc/sec: 3864.59
//
Query:       negative|Q9SEI2  [L=424]
Scores for complete sequence (score includes all domains):
   --- full sequence ---   --- best 1 domain ---    -#dom-
    E-value  score  bias    E-value  score  bias    exp  N  Model            Description
    ------- ------ -----    ------- ------ -----   ---- --  --------         -----------
    1.8e-44  151.6   0.0    3.3e-44  150.8   0.0    1.5  1  AAA               ATPase family associated with various cellu
    2.4e-15   56.0   0.3    5.2e-15   54.9   0.3    1.6  1  AAA_lid_3         AAA+ lid domain
    6.4e-10   39.0   0.1    1.2e-09   38.1   0.1    1.5  1  Prot_ATP_ID_OB_C  Proteasomal ATPase OB C-terminal domain
    2.3e-07   30.9   0.0      6e-07   29.6   0.0    1.7  1  nSTAND3           Novel STAND NTPase 3
    6.9e-07   29.6   0.5    3.6e-06   27.3   0.1    2.3  1  AAA_5             AAA domain (dynein-related subfamily)


Domain annotation for each model:
>> AAA  ATPase family associated with various cellular activities (AAA)
   #    score  bias  c-Evalue  i-Evalue hmmfrom  hmm to    alifrom  ali to    envfrom  env to     acc
 ---   ------ ----- --------- --------- ------- -------    ------- -------    ------- -------    ----
   1 !  150.8   0.0   7.4e-48   3.3e-44       1     130 [.     208     340 ..     208     341 .. 0.97

>> AAA_lid_3  AAA+ lid domain
   #    score  bias  c-Evalue  i-Evalue hmmfrom  hmm to    alifrom  ali to    envfrom  env to     acc
 ---   ------ ----- --------- --------- ------- -------    ------- -------    ------- -------    ----
   1 !   54.9   0.3   1.2e-18   5.2e-15       1      45 []     363     407 ..     363     407 .. 0.98

>> Prot_ATP_ID_OB_C  Proteasomal ATPase OB C-terminal domain
   #    score  bias  c-Evalue  i-Evalue hmmfrom  hmm to    alifrom  ali to    envfrom  env to     acc
 ---   ------ ----- --------- --------- ------- -------    ------- -------    ------- -------    ----
   1 !   38.1   0.1   2.8e-13   1.2e-09       1      56 []      74     150 ..      74     150 .. 0.93

>> nSTAND3  Novel STAND NTPase 3
   #    score  bias  c-Evalue  i-Evalue hmmfrom  hmm to    alifrom  ali to    envfrom  env to     acc
 ---   ------ ----- --------- --------- ------- -------    ------- -------    ------- -------    ----
   1 !   29.6   0.0   1.4e-10     6e-07      20     153 ..     208     355 ..     196     357 .. 0.76

>> AAA_5  AAA domain (dynein-related subfamily)
   #    score  bias  c-Evalue  i-Evalue hmmfrom  hmm to    alifrom  ali to    envfrom  env to     acc
 ---   ------ ----- --------- --------- ------- -------    ------- -------    ------- -------    ----
   1 !   27.3   0.1   8.2e-10   3.6e-06       1     135 [.     207     327 ..     207     330 .. 0.75



Internal pipeline statistics summary:
-------------------------------------
Query sequence(s):                         1  (424 residues searched)
Target model(s):                       21979  (3587873 nodes)
Passed MSV filter:                      1192  (0.0542336); expected 439.6 (0.02)
Passed bias filter:                      825  (0.0375358); expected 439.6 (0.02)
Passed Vit filter:                       112  (0.00509577); expected 22.0 (0.001)
Passed Fwd filter:                        26  (0.00118295); expected 0.2 (1e-05)
Initial search space (Z):              21979  [actual number of targets]
Domain search space  (domZ):               5  [number of targets reported over threshold]
# CPU time: 0.35u 0.11s 00:00:00.46 Elapsed: 00:00:00.46
# Mc/sec: 3259.91
//
Query:       negative|P98089  [L=837]
Scores for complete sequence (score includes all domains):
   --- full sequence ---   --- best 1 domain ---    -#dom-
    E-value  score  bias    E-value  score  bias    exp  N  Model    Description
    ------- ------ -----    ------- ------ -----   ---- --  -------- -----------
    1.7e-35  122.9   1.7      4e-35  121.7   1.7    1.7  1  VWD       von Willebrand factor type D domain
    7.8e-16   58.4  10.5    7.8e-16   58.4  10.5    5.4  1  C8        C8 domain
    4.7e-14   52.8  11.3    4.7e-14   52.8  11.3    6.3  1  Cys_knot  Cystine-knot domain
    1.7e-06   28.5  34.5    4.6e-06   27.1  15.8    8.4  0  VWC       von Willebrand factor type C domain


Domain annotation for each model:
>> VWD  von Willebrand factor type D domain
   #    score  bias  c-Evalue  i-Evalue hmmfrom  hmm to    alifrom  ali to    envfrom  env to     acc
 ---   ------ ----- --------- --------- ------- -------    ------- -------    ------- -------    ----
   1 !  121.7   1.7   7.4e-39     4e-35       1     155 [.     143     300 ..     143     301 .. 0.87

>> C8  C8 domain
   #    score  bias  c-Evalue  i-Evalue hmmfrom  hmm to    alifrom  ali to    envfrom  env to     acc
 ---   ------ ----- --------- --------- ------- -------    ------- -------    ------- -------    ----
   1 !   58.4  10.5   1.4e-19   7.8e-16       2      66 ..     351     413 ..     350     433 .. 0.94

>> Cys_knot  Cystine-knot domain
   #    score  bias  c-Evalue  i-Evalue hmmfrom  hmm to    alifrom  ali to    envfrom  env to     acc
 ---   ------ ----- --------- --------- ------- -------    ------- -------    ------- -------    ----
   1 !   52.8  11.3   8.6e-18   4.7e-14       3     100 ..     731     828 ..     729     833 .. 0.93

>> VWC  von Willebrand factor type C domain
   [No individual domains that satisfy reporting thresholds (although complete target did)]



Internal pipeline statistics summary:
-------------------------------------
Query sequence(s):                         1  (837 residues searched)
Target model(s):                       21979  (3587873 nodes)
Passed MSV filter:                      1409  (0.0641066); expected 439.6 (0.02)
Passed bias filter:                      454  (0.0206561); expected 439.6 (0.02)
Passed Vit filter:                        65  (0.00295737); expected 22.0 (0.001)
Passed Fwd filter:                         7  (0.000318486); expected 0.2 (1e-05)
Initial search space (Z):              21979  [actual number of targets]
Domain search space  (domZ):               4  [number of targets reported over threshold]
# CPU time: 0.40u 0.12s 00:00:00.52 Elapsed: 00:00:00.53
# Mc/sec: 5655.64
//
Query:       negative|Q9RYL9  [L=1013]
Scores for complete sequence (score includes all domains):
   --- full sequence ---   --- best 1 domain ---    -#dom-
    E-value  score  bias    E-value  score  bias    exp  N  Model    Description
    ------- ------ -----    ------- ------ -----   ---- --  -------- -----------
      9e-18   65.2   0.6    4.7e-16   59.6   0.2    3.6  1  A2M_BRD   Alpha-2-macroglobulin bait region domain
    1.7e-14   54.2   1.4    3.4e-10   40.4   0.0    5.4  1  MG2       MG2 domain
    1.2e-06   28.5   0.0      7e-06   26.1   0.0    2.4  1  A2M       Alpha-2-macroglobulin family


Domain annotation for each model:
>> A2M_BRD  Alpha-2-macroglobulin bait region domain
   #    score  bias  c-Evalue  i-Evalue hmmfrom  hmm to    alifrom  ali to    envfrom  env to     acc
 ---   ------ ----- --------- --------- ------- -------    ------- -------    ------- -------    ----
   1 !   59.6   0.2   6.4e-20   4.7e-16       2     139 ..     487     624 ..     486     625 .. 0.83

>> MG2  MG2 domain
   #    score  bias  c-Evalue  i-Evalue hmmfrom  hmm to    alifrom  ali to    envfrom  env to     acc
 ---   ------ ----- --------- --------- ------- -------    ------- -------    ------- -------    ----
   1 !   40.4   0.0   4.6e-14   3.4e-10       2      81 ..     117     202 ..     116     222 .. 0.83

>> A2M  Alpha-2-macroglobulin family
   #    score  bias  c-Evalue  i-Evalue hmmfrom  hmm to    alifrom  ali to    envfrom  env to     acc
 ---   ------ ----- --------- --------- ------- -------    ------- -------    ------- -------    ----
   1 !   26.1   0.0   9.6e-10     7e-06       4      90 ..     679     763 ..     676     765 .. 0.89



Internal pipeline statistics summary:
-------------------------------------
Query sequence(s):                         1  (1013 residues searched)
Target model(s):                       21979  (3587873 nodes)
Passed MSV filter:                       465  (0.0211566); expected 439.6 (0.02)
Passed bias filter:                      345  (0.0156968); expected 439.6 (0.02)
Passed Vit filter:                        35  (0.00159243); expected 22.0 (0.001)
Passed Fwd filter:                        10  (0.00045498); expected 0.2 (1e-05)
Initial search space (Z):              21979  [actual number of targets]
Domain search space  (domZ):               3  [number of targets reported over threshold]
# CPU time: 0.37u 0.12s 00:00:00.49 Elapsed: 00:00:00.48
# Mc/sec: 7559.60
//
Query:       negative|Q9UBN4  [L=977]
Scores for complete sequence (score includes all domains):
   --- full sequence ---   --- best 1 domain ---    -#dom-
    E-value  score  bias    E-value  score  bias    exp  N  Model     Description
    ------- ------ -----    ------- ------ -----   ---- --  --------  -----------
    1.7e-29  103.0  15.4    2.8e-29  102.3  15.4    1.3  1  Ion_trans  Ion transport protein
    1.4e-28   99.2   0.9    2.9e-28   98.1   0.9    1.6  1  TRP_2      Transient receptor ion channel II
    8.4e-12   45.8   0.5    6.6e-07   30.1   0.3    2.7  1  Ank_2      Ankyrin repeats (3 copies)
    1.9e-08   34.4   1.9     0.0049   17.4   0.0    3.9  1  Ank        Ankyrin repeat
    3.7e-08   33.7   0.0    0.00073   20.1   0.0    3.0  0  Ank_4      Ankyrin repeats (many copies)
    4.4e-07   29.9   2.8      0.055   14.3   0.1    4.4  0  Ank_3      Ankyrin repeat


Domain annotation for each model:
>> Ion_trans  Ion transport protein
   #    score  bias  c-Evalue  i-Evalue hmmfrom  hmm to    alifrom  ali to    envfrom  env to     acc
 ---   ------ ----- --------- --------- ------- -------    ------- -------    ------- -------    ----
   1 !  102.3  15.4   7.6e-33   2.8e-29      11     240 ..     374     631 ..     364     632 .. 0.87

>> TRP_2  Transient receptor ion channel II
   #    score  bias  c-Evalue  i-Evalue hmmfrom  hmm to    alifrom  ali to    envfrom  env to     acc
 ---   ------ ----- --------- --------- ------- -------    ------- -------    ------- -------    ----
   1 !   98.1   0.9   7.9e-32   2.9e-28       1      63 []     176     238 ..     176     238 .. 0.99

>> Ank_2  Ankyrin repeats (3 copies)
   #    score  bias  c-Evalue  i-Evalue hmmfrom  hmm to    alifrom  ali to    envfrom  env to     acc
 ---   ------ ----- --------- --------- ------- -------    ------- -------    ------- -------    ----
   1 !   30.1   0.3   1.8e-10   6.6e-07       4      82 ..      39     118 ..      37     126 .. 0.82

>> Ank  Ankyrin repeat
   #    score  bias  c-Evalue  i-Evalue hmmfrom  hmm to    alifrom  ali to    envfrom  env to     acc
 ---   ------ ----- --------- --------- ------- -------    ------- -------    ------- -------    ----
   1 !   17.4   0.0   1.3e-06    0.0049       4      28 ..     144     168 ..     142     171 .. 0.91

>> Ank_4  Ankyrin repeats (many copies)
   [No individual domains that satisfy reporting thresholds (although complete target did)]

>> Ank_3  Ankyrin repeat
   [No individual domains that satisfy reporting thresholds (although complete target did)]



Internal pipeline statistics summary:
-------------------------------------
Query sequence(s):                         1  (977 residues searched)
Target model(s):                       21979  (3587873 nodes)
Passed MSV filter:                      1361  (0.0619227); expected 439.6 (0.02)
Passed bias filter:                      725  (0.032986); expected 439.6 (0.02)
Passed Vit filter:                        71  (0.00323036); expected 22.0 (0.001)
Passed Fwd filter:                         9  (0.000409482); expected 0.2 (1e-05)
Initial search space (Z):              21979  [actual number of targets]
Domain search space  (domZ):               6  [number of targets reported over threshold]
# CPU time: 0.41u 0.13s 00:00:00.54 Elapsed: 00:00:00.54
# Mc/sec: 6374.00
//
Query:       negative|O16171  [L=545]
Scores for complete sequence (score includes all domains):
   --- full sequence ---   --- best 1 domain ---    -#dom-
    E-value  score  bias    E-value  score  bias    exp  N  Model         Description
    ------- ------ -----    ------- ------ -----   ---- --  --------      -----------
   8.9e-133  444.2   0.0   1.1e-132  444.0   0.0    1.0  1  COesterase     Carboxylesterase family
    3.3e-11   43.4   0.0    4.8e-11   42.8   0.0    1.2  1  BD-FAE         BD-FAE
    1.9e-07   31.3   0.3    1.4e-06   28.5   0.1    2.4  1  Abhydrolase_3  alpha/beta hydrolase fold


Domain annotation for each model:
>> COesterase  Carboxylesterase family
   #    score  bias  c-Evalue  i-Evalue hmmfrom  hmm to    alifrom  ali to    envfrom  env to     acc
 ---   ------ ----- --------- --------- ------- -------    ------- -------    ------- -------    ----
   1 !  444.0   0.0  1.4e-136  1.1e-132       4     501 ..      27     536 ..      24     544 .. 0.96

>> BD-FAE  BD-FAE
   #    score  bias  c-Evalue  i-Evalue hmmfrom  hmm to    alifrom  ali to    envfrom  env to     acc
 ---   ------ ----- --------- --------- ------- -------    ------- -------    ------- -------    ----
   1 !   42.8   0.0   6.6e-15   4.8e-11       3     110 ..     108     220 ..     106     274 .. 0.82

>> Abhydrolase_3  alpha/beta hydrolase fold
   #    score  bias  c-Evalue  i-Evalue hmmfrom  hmm to    alifrom  ali to    envfrom  env to     acc
 ---   ------ ----- --------- --------- ------- -------    ------- -------    ------- -------    ----
   1 !   28.5   0.1   1.9e-10   1.4e-06       2      86 ..     123     214 ..     122     232 .. 0.78



Internal pipeline statistics summary:
-------------------------------------
Query sequence(s):                         1  (545 residues searched)
Target model(s):                       21979  (3587873 nodes)
Passed MSV filter:                       332  (0.0151053); expected 439.6 (0.02)
Passed bias filter:                      320  (0.0145594); expected 439.6 (0.02)
Passed Vit filter:                        39  (0.00177442); expected 22.0 (0.001)
Passed Fwd filter:                         5  (0.00022749); expected 0.2 (1e-05)
Initial search space (Z):              21979  [actual number of targets]
Domain search space  (domZ):               3  [number of targets reported over threshold]
# CPU time: 0.28u 0.14s 00:00:00.42 Elapsed: 00:00:00.41
# Mc/sec: 4681.15
//
Query:       negative|O87402  [L=569]
Scores for complete sequence (score includes all domains):
   --- full sequence ---   --- best 1 domain ---    -#dom-
    E-value  score  bias    E-value  score  bias    exp  N  Model        Description
    ------- ------ -----    ------- ------ -----   ---- --  --------     -----------
    1.6e-81  274.5   1.1    2.3e-81  274.0   1.1    1.1  1  Amidohydro_1  Amidohydrolase family
    1.6e-56  190.1   1.6    3.3e-56  189.1   1.6    1.6  1  Urease_alpha  Urease alpha-subunit, N-terminal domain
    2.8e-08   34.0   3.8    5.1e-06   26.5   0.0    3.2  0  Amidohydro_3  Amidohydrolase family


Domain annotation for each model:
>> Amidohydro_1  Amidohydrolase family
   #    score  bias  c-Evalue  i-Evalue hmmfrom  hmm to    alifrom  ali to    envfrom  env to     acc
 ---   ------ ----- --------- --------- ------- -------    ------- -------    ------- -------    ----
   1 !  274.0   1.1   3.1e-85   2.3e-81       1     337 [.     127     452 ..     127     458 .. 0.97

>> Urease_alpha  Urease alpha-subunit, N-terminal domain
   #    score  bias  c-Evalue  i-Evalue hmmfrom  hmm to    alifrom  ali to    envfrom  env to     acc
 ---   ------ ----- --------- --------- ------- -------    ------- -------    ------- -------    ----
   1 !  189.1   1.6   4.5e-60   3.3e-56       2     121 .]       4     121 ..       3     121 .. 0.99

>> Amidohydro_3  Amidohydrolase family
   [No individual domains that satisfy reporting thresholds (although complete target did)]



Internal pipeline statistics summary:
-------------------------------------
Query sequence(s):                         1  (569 residues searched)
Target model(s):                       21979  (3587873 nodes)
Passed MSV filter:                       315  (0.0143319); expected 439.6 (0.02)
Passed bias filter:                      278  (0.0126484); expected 439.6 (0.02)
Passed Vit filter:                        13  (0.000591474); expected 22.0 (0.001)
Passed Fwd filter:                         3  (0.000136494); expected 0.2 (1e-05)
Initial search space (Z):              21979  [actual number of targets]
Domain search space  (domZ):               3  [number of targets reported over threshold]
# CPU time: 0.29u 0.13s 00:00:00.42 Elapsed: 00:00:00.41
# Mc/sec: 4925.86
//
Query:       negative|Q02157  [L=465]
Scores for complete sequence (score includes all domains):
   --- full sequence ---   --- best 1 domain ---    -#dom-
    E-value  score  bias    E-value  score  bias    exp  N  Model    Description
    ------- ------ -----    ------- ------ -----   ---- --  -------- -----------
   2.3e-166  553.5   0.0   2.7e-166  553.2   0.0    1.0  1  Lipase    Lipase
    2.2e-19   70.6   0.1    4.1e-19   69.7   0.1    1.5  1  PLAT      PLAT/LH2 domain


Domain annotation for each model:
>> Lipase  Lipase
   #    score  bias  c-Evalue  i-Evalue hmmfrom  hmm to    alifrom  ali to    envfrom  env to     acc
 ---   ------ ----- --------- --------- ------- -------    ------- -------    ------- -------    ----
   1 !  553.2   0.0  2.4e-170  2.7e-166       2     336 .]      18     352 ..      17     352 .. 1.00

>> PLAT  PLAT/LH2 domain
   #    score  bias  c-Evalue  i-Evalue hmmfrom  hmm to    alifrom  ali to    envfrom  env to     acc
 ---   ------ ----- --------- --------- ------- -------    ------- -------    ------- -------    ----
   1 !   69.7   0.1   3.7e-23   4.1e-19       1     106 [.     357     456 ..     357     463 .. 0.94



Internal pipeline statistics summary:
-------------------------------------
Query sequence(s):                         1  (465 residues searched)
Target model(s):                       21979  (3587873 nodes)
Passed MSV filter:                       428  (0.0194731); expected 439.6 (0.02)
Passed bias filter:                      372  (0.0169252); expected 439.6 (0.02)
Passed Vit filter:                        41  (0.00186542); expected 22.0 (0.001)
Passed Fwd filter:                         9  (0.000409482); expected 0.2 (1e-05)
Initial search space (Z):              21979  [actual number of targets]
Domain search space  (domZ):               2  [number of targets reported over threshold]
# CPU time: 0.26u 0.14s 00:00:00.40 Elapsed: 00:00:00.39
# Mc/sec: 4222.44
//
Query:       negative|Q9WVF9  [L=217]
Scores for complete sequence (score includes all domains):
   --- full sequence ---   --- best 1 domain ---    -#dom-
    E-value  score  bias    E-value  score  bias    exp  N  Model    Description
    ------- ------ -----    ------- ------ -----   ---- --  -------- -----------
    3.1e-11   44.2   1.5    5.7e-11   43.4   0.4    2.0  1  Lectin_C  Lectin C-type domain


Domain annotation for each model:
>> Lectin_C  Lectin C-type domain
   #    score  bias  c-Evalue  i-Evalue hmmfrom  hmm to    alifrom  ali to    envfrom  env to     acc
 ---   ------ ----- --------- --------- ------- -------    ------- -------    ------- -------    ----
   1 !   43.4   0.4   2.6e-15   5.7e-11       3     105 ..     111     202 ..     109     204 .. 0.79



Internal pipeline statistics summary:
-------------------------------------
Query sequence(s):                         1  (217 residues searched)
Target model(s):                       21979  (3587873 nodes)
Passed MSV filter:                       689  (0.0313481); expected 439.6 (0.02)
Passed bias filter:                      450  (0.0204741); expected 439.6 (0.02)
Passed Vit filter:                        38  (0.00172892); expected 22.0 (0.001)
Passed Fwd filter:                         2  (9.0996e-05); expected 0.2 (1e-05)
Initial search space (Z):              21979  [actual number of targets]
Domain search space  (domZ):               1  [number of targets reported over threshold]
# CPU time: 0.23u 0.11s 00:00:00.34 Elapsed: 00:00:00.35
# Mc/sec: 2224.22
//
Query:       negative|O35474  [L=480]
Scores for complete sequence (score includes all domains):
   --- full sequence ---   --- best 1 domain ---    -#dom-
    E-value  score  bias    E-value  score  bias    exp  N  Model          Description
    ------- ------ -----    ------- ------ -----   ---- --  --------       -----------
    1.4e-62  209.8   4.5    9.5e-32  110.1   0.6    2.1  2  F5_F8_type_C    F5/8 type C domain
    3.2e-19   69.1  37.3    4.3e-09   36.7   7.7    3.6  2  EGF             EGF-like domain
    1.9e-18   67.1   3.3    1.5e-08   35.4   0.3    2.5  2  F5_F8_type_C_2  NedA-like, galactose-binding domain
    2.8e-08   34.2  36.3    0.00045   20.8   4.6    5.4  2  hEGF            Human growth factor-like EGF
    5.6e-07   30.1  39.5     0.0097   16.5   7.6    3.9  0  EGF_2           EGF-like domain


Domain annotation for each model:
>> F5_F8_type_C  F5/8 type C domain
   #    score  bias  c-Evalue  i-Evalue hmmfrom  hmm to    alifrom  ali to    envfrom  env to     acc
 ---   ------ ----- --------- --------- ------- -------    ------- -------    ------- -------    ----
   1 !  101.7   0.2   8.7e-33   3.8e-29       1     127 []     173     311 ..     173     311 .. 0.90
   2 !  110.1   0.6   2.2e-35   9.5e-32       1     127 []     334     473 ..     334     473 .. 0.92

>> EGF  EGF-like domain
   #    score  bias  c-Evalue  i-Evalue hmmfrom  hmm to    alifrom  ali to    envfrom  env to     acc
 ---   ------ ----- --------- --------- ------- -------    ------- -------    ------- -------    ----
   1 !   36.7   7.7   9.8e-13   4.3e-09       1      32 []      26      58 ..      26      58 .. 0.97
   2 !   25.3   8.2   3.8e-09   1.6e-05       1      31 [.      78     114 ..      78     115 .. 0.83

>> F5_F8_type_C_2  NedA-like, galactose-binding domain
   #    score  bias  c-Evalue  i-Evalue hmmfrom  hmm to    alifrom  ali to    envfrom  env to     acc
 ---   ------ ----- --------- --------- ------- -------    ------- -------    ------- -------    ----
   1 !   35.4   0.3   3.5e-12   1.5e-08      11      91 .]     204     296 ..     197     296 .. 0.83
   2 !   32.1   0.2   3.5e-11   1.6e-07       8      83 ..     365     439 ..     359     458 .. 0.80

>> hEGF  Human growth factor-like EGF
   #    score  bias  c-Evalue  i-Evalue hmmfrom  hmm to    alifrom  ali to    envfrom  env to     acc
 ---   ------ ----- --------- --------- ------- -------    ------- -------    ------- -------    ----
   1 !   18.8   1.1   4.5e-07     0.002       1      22 []      31      54 ..      31      54 .. 0.86
   2 !   20.8   4.6     1e-07   0.00045       1      19 [.     128     146 ..     128     146 .. 0.99

>> EGF_2  EGF-like domain
   [No individual domains that satisfy reporting thresholds (although complete target did)]



Internal pipeline statistics summary:
-------------------------------------
Query sequence(s):                         1  (480 residues searched)
Target model(s):                       21979  (3587873 nodes)
Passed MSV filter:                       550  (0.0250239); expected 439.6 (0.02)
Passed bias filter:                      351  (0.0159698); expected 439.6 (0.02)
Passed Vit filter:                        39  (0.00177442); expected 22.0 (0.001)
Passed Fwd filter:                        16  (0.000727968); expected 0.2 (1e-05)
Initial search space (Z):              21979  [actual number of targets]
Domain search space  (domZ):               5  [number of targets reported over threshold]
# CPU time: 0.30u 0.13s 00:00:00.43 Elapsed: 00:00:00.42
# Mc/sec: 4047.00
//
Query:       negative|Q9LNN2  [L=272]
Scores for complete sequence (score includes all domains):
   --- full sequence ---   --- best 1 domain ---    -#dom-
    E-value  score  bias    E-value  score  bias    exp  N  Model       Description
    ------- ------ -----    ------- ------ -----   ---- --  --------    -----------
    2.9e-66  223.8   0.4    3.3e-66  223.6   0.4    1.0  1  Lectin_legB  Legume lectin domain


Domain annotation for each model:
>> Lectin_legB  Legume lectin domain
   #    score  bias  c-Evalue  i-Evalue hmmfrom  hmm to    alifrom  ali to    envfrom  env to     acc
 ---   ------ ----- --------- --------- ------- -------    ------- -------    ------- -------    ----
   1 !  223.6   0.4   1.5e-70   3.3e-66       3     235 ..      25     271 ..      23     272 .] 0.94



Internal pipeline statistics summary:
-------------------------------------
Query sequence(s):                         1  (272 residues searched)
Target model(s):                       21979  (3587873 nodes)
Passed MSV filter:                       370  (0.0168343); expected 439.6 (0.02)
Passed bias filter:                      312  (0.0141954); expected 439.6 (0.02)
Passed Vit filter:                        17  (0.000773466); expected 22.0 (0.001)
Passed Fwd filter:                         1  (4.5498e-05); expected 0.2 (1e-05)
Initial search space (Z):              21979  [actual number of targets]
Domain search space  (domZ):               1  [number of targets reported over threshold]
# CPU time: 0.23u 0.12s 00:00:00.35 Elapsed: 00:00:00.35
# Mc/sec: 2774.29
//
Query:       negative|P16519  [L=638]
Scores for complete sequence (score includes all domains):
   --- full sequence ---   --- best 1 domain ---    -#dom-
    E-value  score  bias    E-value  score  bias    exp  N  Model         Description
    ------- ------ -----    ------- ------ -----   ---- --  --------      -----------
    9.6e-56  189.5   2.5    1.4e-55  188.9   2.5    1.3  1  Peptidase_S8   Subtilase family
    4.1e-23   81.5   0.1    8.2e-23   80.6   0.1    1.5  1  P_proprotein   Proprotein convertase P-domain
    1.7e-20   73.7   3.5    2.9e-20   72.9   3.5    1.4  1  S8_pro-domain  Peptidase S8 pro-domain


Domain annotation for each model:
>> Peptidase_S8  Subtilase family
   #    score  bias  c-Evalue  i-Evalue hmmfrom  hmm to    alifrom  ali to    envfrom  env to     acc
 ---   ------ ----- --------- --------- ------- -------    ------- -------    ------- -------    ----
   1 !  188.9   2.5   1.9e-59   1.4e-55       1     288 []     158     445 ..     158     445 .. 0.92

>> P_proprotein  Proprotein convertase P-domain
   #    score  bias  c-Evalue  i-Evalue hmmfrom  hmm to    alifrom  ali to    envfrom  env to     acc
 ---   ------ ----- --------- --------- ------- -------    ------- -------    ------- -------    ----
   1 !   80.6   0.1   1.1e-26   8.2e-23       1      85 [.     504     590 ..     504     591 .. 0.95

>> S8_pro-domain  Peptidase S8 pro-domain
   #    score  bias  c-Evalue  i-Evalue hmmfrom  hmm to    alifrom  ali to    envfrom  env to     acc
 ---   ------ ----- --------- --------- ------- -------    ------- -------    ------- -------    ----
   1 !   72.9   3.5     4e-24   2.9e-20       1      79 []      33     109 ..      33     109 .. 0.88



Internal pipeline statistics summary:
-------------------------------------
Query sequence(s):                         1  (638 residues searched)
Target model(s):                       21979  (3587873 nodes)
Passed MSV filter:                       660  (0.0300287); expected 439.6 (0.02)
Passed bias filter:                      577  (0.0262523); expected 439.6 (0.02)
Passed Vit filter:                        45  (0.00204741); expected 22.0 (0.001)
Passed Fwd filter:                         4  (0.000181992); expected 0.2 (1e-05)
Initial search space (Z):              21979  [actual number of targets]
Domain search space  (domZ):               3  [number of targets reported over threshold]
# CPU time: 0.30u 0.13s 00:00:00.43 Elapsed: 00:00:00.43
# Mc/sec: 5223.40
//
Query:       negative|Q5XK91  [L=457]
Scores for complete sequence (score includes all domains):
   --- full sequence ---   --- best 1 domain ---    -#dom-
    E-value  score  bias    E-value  score  bias    exp  N  Model        Description
    ------- ------ -----    ------- ------ -----   ---- --  --------     -----------
    5.5e-76  255.5   7.4    7.3e-76  255.1   7.4    1.1  1  Fibrinogen_C  Fibrinogen beta and gamma chains, C-terminal gl


Domain annotation for each model:
>> Fibrinogen_C  Fibrinogen beta and gamma chains, C-terminal globular domain
   #    score  bias  c-Evalue  i-Evalue hmmfrom  hmm to    alifrom  ali to    envfrom  env to     acc
 ---   ------ ----- --------- --------- ------- -------    ------- -------    ------- -------    ----
   1 !  255.1   7.4   3.3e-80   7.3e-76       2     221 .]     237     453 ..     236     453 .. 0.96



Internal pipeline statistics summary:
-------------------------------------
Query sequence(s):                         1  (457 residues searched)
Target model(s):                       21979  (3587873 nodes)
Passed MSV filter:                       848  (0.0385823); expected 439.6 (0.02)
Passed bias filter:                      727  (0.033077); expected 439.6 (0.02)
Passed Vit filter:                        77  (0.00350334); expected 22.0 (0.001)
Passed Fwd filter:                         4  (0.000181992); expected 0.2 (1e-05)
Initial search space (Z):              21979  [actual number of targets]
Domain search space  (domZ):               1  [number of targets reported over threshold]
# CPU time: 0.31u 0.12s 00:00:00.43 Elapsed: 00:00:00.42
# Mc/sec: 3871.58
//
Query:       negative|Q09023  [L=322]
Scores for complete sequence (score includes all domains):
   --- full sequence ---   --- best 1 domain ---    -#dom-
    E-value  score  bias    E-value  score  bias    exp  N  Model          Description
    ------- ------ -----    ------- ------ -----   ---- --  --------       -----------
   1.6e-142  473.4   4.6   2.1e-142  473.0   4.6    1.2  1  Glyco_hydro_19  Chitinase class I
    1.2e-13   51.4  20.2    1.2e-13   51.4  20.2    3.3  1  Chitin_bind_1   Chitin recognition protein


Domain annotation for each model:
>> Glyco_hydro_19  Chitinase class I
   #    score  bias  c-Evalue  i-Evalue hmmfrom  hmm to    alifrom  ali to    envfrom  env to     acc
 ---   ------ ----- --------- --------- ------- -------    ------- -------    ------- -------    ----
   1 !  473.0   4.6  1.9e-146  2.1e-142       1     232 []      74     305 ..      74     305 .. 1.00

>> Chitin_bind_1  Chitin recognition protein
   #    score  bias  c-Evalue  i-Evalue hmmfrom  hmm to    alifrom  ali to    envfrom  env to     acc
 ---   ------ ----- --------- --------- ------- -------    ------- -------    ------- -------    ----
   1 !   51.4  20.2   1.1e-17   1.2e-13       1      38 []      22      60 ..      22      60 .. 0.96



Internal pipeline statistics summary:
-------------------------------------
Query sequence(s):                         1  (322 residues searched)
Target model(s):                       21979  (3587873 nodes)
Passed MSV filter:                       566  (0.0257519); expected 439.6 (0.02)
Passed bias filter:                      363  (0.0165158); expected 439.6 (0.02)
Passed Vit filter:                        23  (0.00104645); expected 22.0 (0.001)
Passed Fwd filter:                         2  (9.0996e-05); expected 0.2 (1e-05)
Initial search space (Z):              21979  [actual number of targets]
Domain search space  (domZ):               2  [number of targets reported over threshold]
# CPU time: 0.24u 0.12s 00:00:00.36 Elapsed: 00:00:00.36
# Mc/sec: 3195.87
//
Query:       negative|Q3U435  [L=615]
Scores for complete sequence (score includes all domains):
   --- full sequence ---   --- best 1 domain ---    -#dom-
    E-value  score  bias    E-value  score  bias    exp  N  Model         Description
    ------- ------ -----    ------- ------ -----   ---- --  --------      -----------
      1e-53  181.8   0.0    1.4e-53  181.3   0.0    1.2  1  Peptidase_M10  Matrixin
    4.2e-39  132.5   9.1    1.4e-12   47.6   0.3    4.4  4  Hemopexin      Hemopexin
    1.8e-08   34.7   0.0      4e-08   33.6   0.0    1.6  1  PG_binding_1   Putative peptidoglycan binding domain


Domain annotation for each model:
>> Peptidase_M10  Matrixin
   #    score  bias  c-Evalue  i-Evalue hmmfrom  hmm to    alifrom  ali to    envfrom  env to     acc
 ---   ------ ----- --------- --------- ------- -------    ------- -------    ------- -------    ----
   1 !  181.3   0.0   1.9e-57   1.4e-53       2     159 .]     170     334 ..     169     334 .. 0.96

>> Hemopexin  Hemopexin
   #    score  bias  c-Evalue  i-Evalue hmmfrom  hmm to    alifrom  ali to    envfrom  env to     acc
 ---   ------ ----- --------- --------- ------- -------    ------- -------    ------- -------    ----
   1 !   39.0   0.3   9.3e-14   6.8e-10       1      44 [.     375     418 ..     375     419 .. 0.97
   2 !   21.4   0.0   2.9e-08   0.00021       1      45 []     424     466 ..     424     466 .. 0.94
   3 !   47.6   0.3   1.9e-16   1.4e-12       1      39 [.     470     511 ..     470     515 .. 0.94
   4 !   27.7   0.1   3.2e-10   2.3e-06       2      44 ..     519     561 ..     518     562 .. 0.86

>> PG_binding_1  Putative peptidoglycan binding domain
   #    score  bias  c-Evalue  i-Evalue hmmfrom  hmm to    alifrom  ali to    envfrom  env to     acc
 ---   ------ ----- --------- --------- ------- -------    ------- -------    ------- -------    ----
   1 !   33.6   0.0   5.4e-12     4e-08      10      57 .]      89     140 ..      82     140 .. 0.88



Internal pipeline statistics summary:
-------------------------------------
Query sequence(s):                         1  (615 residues searched)
Target model(s):                       21979  (3587873 nodes)
Passed MSV filter:                       425  (0.0193366); expected 439.6 (0.02)
Passed bias filter:                      350  (0.0159243); expected 439.6 (0.02)
Passed Vit filter:                        40  (0.00181992); expected 22.0 (0.001)
Passed Fwd filter:                         7  (0.000318486); expected 0.2 (1e-05)
Initial search space (Z):              21979  [actual number of targets]
Domain search space  (domZ):               3  [number of targets reported over threshold]
# CPU time: 0.29u 0.13s 00:00:00.42 Elapsed: 00:00:00.41
# Mc/sec: 5346.71
//
Query:       negative|Q2IBF5  [L=475]
Scores for complete sequence (score includes all domains):
   --- full sequence ---   --- best 1 domain ---    -#dom-
    E-value  score  bias    E-value  score  bias    exp  N  Model    Description
    ------- ------ -----    ------- ------ -----   ---- --  -------- -----------
    1.6e-44  150.6   5.7      3e-18   66.4   0.3    3.6  3  Ank_2     Ankyrin repeats (3 copies)
    8.6e-28   95.1   4.8      3e-06   27.5   0.0    6.2  3  Ank       Ankyrin repeat
    1.7e-22   79.3   0.2    5.8e-12   45.8   0.1    4.1  2  Ank_4     Ankyrin repeats (many copies)
    5.6e-22   77.9   1.0    9.8e-10   38.9   0.2    4.2  2  Ank_5     Ankyrin repeats (many copies)
    1.8e-20   70.8   0.3    5.7e-05   23.4   0.0    5.8  3  Ank_3     Ankyrin repeat
    2.9e-08   34.0   0.3    7.9e-08   32.6   0.3    1.8  1  SAM_2     SAM domain (Sterile alpha motif)
      5e-06   27.1   1.6    5.3e-06   27.0   0.3    1.8  1  SAM_1     SAM domain (Sterile alpha motif)


Domain annotation for each model:
>> Ank_2  Ankyrin repeats (3 copies)
   #    score  bias  c-Evalue  i-Evalue hmmfrom  hmm to    alifrom  ali to    envfrom  env to     acc
 ---   ------ ----- --------- --------- ------- -------    ------- -------    ------- -------    ----
   1 !   50.2   0.0   1.1e-16   3.5e-13       7      88 ..      56     144 ..      50     146 .. 0.88
   2 !   66.4   0.3   9.6e-22     3e-18      10      88 ..     129     210 ..     124     212 .. 0.93
   3 !   51.1   0.3   5.8e-17   1.8e-13       1      79 [.     153     234 ..     153     239 .. 0.77

>> Ank  Ankyrin repeat
   #    score  bias  c-Evalue  i-Evalue hmmfrom  hmm to    alifrom  ali to    envfrom  env to     acc
 ---   ------ ----- --------- --------- ------- -------    ------- -------    ------- -------    ----
   1 !   25.4   0.0   4.5e-09   1.4e-05       1      28 [.      78     105 ..      78     111 .. 0.90
   2 !   27.5   0.0   9.5e-10     3e-06       3      32 ..     150     179 ..     148     180 .. 0.94
   3 !   21.7   0.0   6.6e-08   0.00021       1      32 [.     181     212 ..     181     213 .. 0.89

>> Ank_4  Ankyrin repeats (many copies)
   #    score  bias  c-Evalue  i-Evalue hmmfrom  hmm to    alifrom  ali to    envfrom  env to     acc
 ---   ------ ----- --------- --------- ------- -------    ------- -------    ------- -------    ----
   1 !   22.7   0.0   3.4e-08   0.00011       7      50 .]      56      99 ..      50      99 .. 0.90
   2 !   45.8   0.1   1.8e-15   5.8e-12       2      50 .]     154     202 ..     153     202 .. 0.95

>> Ank_5  Ankyrin repeats (many copies)
   #    score  bias  c-Evalue  i-Evalue hmmfrom  hmm to    alifrom  ali to    envfrom  env to     acc
 ---   ------ ----- --------- --------- ------- -------    ------- -------    ------- -------    ----
   1 !   38.9   0.2   3.1e-13   9.8e-10       2      54 ..     136     187 ..     135     189 .. 0.93
   2 !   31.2   0.0   7.9e-11   2.5e-07       1      56 []     168     222 ..     168     222 .. 0.97

>> Ank_3  Ankyrin repeat
   #    score  bias  c-Evalue  i-Evalue hmmfrom  hmm to    alifrom  ali to    envfrom  env to     acc
 ---   ------ ----- --------- --------- ------- -------    ------- -------    ------- -------    ----
   1 !   23.4   0.0   1.8e-08   5.7e-05       1      28 [.      78     105 ..      78     107 .. 0.94
   2 !   18.5   0.0   7.6e-07    0.0024       3      29 ..     150     176 ..     148     177 .. 0.94
   3 !   17.2   0.0     2e-06    0.0061       1      27 [.     181     207 ..     181     208 .. 0.95

>> SAM_2  SAM domain (Sterile alpha motif)
   #    score  bias  c-Evalue  i-Evalue hmmfrom  hmm to    alifrom  ali to    envfrom  env to     acc
 ---   ------ ----- --------- --------- ------- -------    ------- -------    ------- -------    ----
   1 !   32.6   0.3   2.5e-11   7.9e-08       3      66 .]     273     334 ..     271     334 .. 0.95

>> SAM_1  SAM domain (Sterile alpha motif)
   #    score  bias  c-Evalue  i-Evalue hmmfrom  hmm to    alifrom  ali to    envfrom  env to     acc
 ---   ------ ----- --------- --------- ------- -------    ------- -------    ------- -------    ----
   1 !   27.0   0.3   1.7e-09   5.3e-06       5      63 ..     276     333 ..     272     334 .. 0.92



Internal pipeline statistics summary:
-------------------------------------
Query sequence(s):                         1  (475 residues searched)
Target model(s):                       21979  (3587873 nodes)
Passed MSV filter:                      1254  (0.0570545); expected 439.6 (0.02)
Passed bias filter:                      777  (0.0353519); expected 439.6 (0.02)
Passed Vit filter:                        77  (0.00350334); expected 22.0 (0.001)
Passed Fwd filter:                        10  (0.00045498); expected 0.2 (1e-05)
Initial search space (Z):              21979  [actual number of targets]
Domain search space  (domZ):               7  [number of targets reported over threshold]
# CPU time: 0.32u 0.12s 00:00:00.44 Elapsed: 00:00:00.44
# Mc/sec: 3865.76
//
Query:       negative|Q61216  [L=706]
Scores for complete sequence (score includes all domains):
   --- full sequence ---   --- best 1 domain ---    -#dom-
    E-value  score  bias    E-value  score  bias    exp  N  Model          Description
    ------- ------ -----    ------- ------ -----   ---- --  --------       -----------
    2.8e-48  164.6   0.1    2.8e-48  164.6   0.1    2.1  1  Mre11_DNA_bind  Mre11 DNA-binding presumed domain
    5.1e-16   59.9   0.1    1.4e-15   58.5   0.1    1.7  1  Metallophos     Calcineurin-like phosphoesterase


Domain annotation for each model:
>> Mre11_DNA_bind  Mre11 DNA-binding presumed domain
   #    score  bias  c-Evalue  i-Evalue hmmfrom  hmm to    alifrom  ali to    envfrom  env to     acc
 ---   ------ ----- --------- --------- ------- -------    ------- -------    ------- -------    ----
   1 !  164.6   0.1   2.6e-52   2.8e-48       1     178 []     294     462 ..     294     462 .. 0.93

>> Metallophos  Calcineurin-like phosphoesterase
   #    score  bias  c-Evalue  i-Evalue hmmfrom  hmm to    alifrom  ali to    envfrom  env to     acc
 ---   ------ ----- --------- --------- ------- -------    ------- -------    ------- -------    ----
   1 !   58.5   0.1   1.2e-19   1.4e-15       1     191 []      13     249 ..      13     249 .. 0.81



Internal pipeline statistics summary:
-------------------------------------
Query sequence(s):                         1  (706 residues searched)
Target model(s):                       21979  (3587873 nodes)
Passed MSV filter:                      1235  (0.05619); expected 439.6 (0.02)
Passed bias filter:                      579  (0.0263433); expected 439.6 (0.02)
Passed Vit filter:                        58  (0.00263888); expected 22.0 (0.001)
Passed Fwd filter:                         4  (0.000181992); expected 0.2 (1e-05)
Initial search space (Z):              21979  [actual number of targets]
Domain search space  (domZ):               2  [number of targets reported over threshold]
# CPU time: 0.34u 0.14s 00:00:00.48 Elapsed: 00:00:00.48
# Mc/sec: 5261.20
//
Query:       negative|Q5MAU8  [L=611]
Scores for complete sequence (score includes all domains):
   --- full sequence ---   --- best 1 domain ---    -#dom-
    E-value  score  bias    E-value  score  bias    exp  N  Model           Description
    ------- ------ -----    ------- ------ -----   ---- --  --------        -----------
    3.6e-48  162.8   0.4    6.2e-48  162.0   0.4    1.4  1  fn3_PAP          Fn3-like domain from Purple Acid Phosphatase
      8e-18   65.1   0.4    2.4e-17   63.6   0.1    2.0  1  Metallophos_C    Iron/zinc purple acid phosphatase-like prote
    4.1e-17   63.5   0.3    6.7e-17   62.8   0.3    1.3  1  Metallophos      Calcineurin-like phosphoesterase
    1.7e-14   54.4   0.1    4.5e-14   53.0   0.1    1.8  1  Pur_ac_phosph_N  Purple acid Phosphatase, N-terminal domain


Domain annotation for each model:
>> fn3_PAP  Fn3-like domain from Purple Acid Phosphatase
   #    score  bias  c-Evalue  i-Evalue hmmfrom  hmm to    alifrom  ali to    envfrom  env to     acc
 ---   ------ ----- --------- --------- ------- -------    ------- -------    ------- -------    ----
   1 !  162.0   0.4   1.1e-51   6.2e-48       1     118 []      47     164 ..      47     164 .. 0.99

>> Metallophos_C  Iron/zinc purple acid phosphatase-like protein C
   #    score  bias  c-Evalue  i-Evalue hmmfrom  hmm to    alifrom  ali to    envfrom  env to     acc
 ---   ------ ----- --------- --------- ------- -------    ------- -------    ------- -------    ----
   1 !   63.6   0.1   4.4e-21   2.4e-17       1      63 []     527     586 ..     527     586 .. 0.92

>> Metallophos  Calcineurin-like phosphoesterase
   #    score  bias  c-Evalue  i-Evalue hmmfrom  hmm to    alifrom  ali to    envfrom  env to     acc
 ---   ------ ----- --------- --------- ------- -------    ------- -------    ------- -------    ----
   1 !   62.8   0.3   1.2e-20   6.7e-17       2     191 .]     287     502 ..     286     502 .. 0.81

>> Pur_ac_phosph_N  Purple acid Phosphatase, N-terminal domain
   #    score  bias  c-Evalue  i-Evalue hmmfrom  hmm to    alifrom  ali to    envfrom  env to     acc
 ---   ------ ----- --------- --------- ------- -------    ------- -------    ------- -------    ----
   1 !   53.0   0.1   8.2e-18   4.5e-14       2      92 ..     169     275 ..     168     276 .. 0.87



Internal pipeline statistics summary:
-------------------------------------
Query sequence(s):                         1  (611 residues searched)
Target model(s):                       21979  (3587873 nodes)
Passed MSV filter:                       423  (0.0192456); expected 439.6 (0.02)
Passed bias filter:                      389  (0.0176987); expected 439.6 (0.02)
Passed Vit filter:                        32  (0.00145594); expected 22.0 (0.001)
Passed Fwd filter:                         5  (0.00022749); expected 0.2 (1e-05)
Initial search space (Z):              21979  [actual number of targets]
Domain search space  (domZ):               4  [number of targets reported over threshold]
# CPU time: 0.29u 0.13s 00:00:00.42 Elapsed: 00:00:00.43
# Mc/sec: 5090.79
//
Query:       negative|A5IV71  [L=571]
Scores for complete sequence (score includes all domains):
   --- full sequence ---   --- best 1 domain ---    -#dom-
    E-value  score  bias    E-value  score  bias    exp  N  Model        Description
    ------- ------ -----    ------- ------ -----   ---- --  --------     -----------
    1.2e-78  265.1   3.9    1.6e-78  264.6   3.9    1.1  1  Amidohydro_1  Amidohydrolase family
    1.4e-50  170.9   4.4    3.8e-50  169.5   4.4    1.8  1  Urease_alpha  Urease alpha-subunit, N-terminal domain
    2.9e-11   43.8   4.6    3.6e-06   27.0   0.9    2.8  0  Amidohydro_3  Amidohydrolase family


Domain annotation for each model:
>> Amidohydro_1  Amidohydrolase family
   #    score  bias  c-Evalue  i-Evalue hmmfrom  hmm to    alifrom  ali to    envfrom  env to     acc
 ---   ------ ----- --------- --------- ------- -------    ------- -------    ------- -------    ----
   1 !  264.6   3.9   2.2e-82   1.6e-78       1     341 [.     129     458 ..     129     467 .. 0.98

>> Urease_alpha  Urease alpha-subunit, N-terminal domain
   #    score  bias  c-Evalue  i-Evalue hmmfrom  hmm to    alifrom  ali to    envfrom  env to     acc
 ---   ------ ----- --------- --------- ------- -------    ------- -------    ------- -------    ----
   1 !  169.5   4.4   5.3e-54   3.8e-50       2     121 .]       4     123 ..       3     123 .. 0.98

>> Amidohydro_3  Amidohydrolase family
   [No individual domains that satisfy reporting thresholds (although complete target did)]



Internal pipeline statistics summary:
-------------------------------------
Query sequence(s):                         1  (571 residues searched)
Target model(s):                       21979  (3587873 nodes)
Passed MSV filter:                       467  (0.0212476); expected 439.6 (0.02)
Passed bias filter:                      390  (0.0177442); expected 439.6 (0.02)
Passed Vit filter:                        31  (0.00141044); expected 22.0 (0.001)
Passed Fwd filter:                         3  (0.000136494); expected 0.2 (1e-05)
Initial search space (Z):              21979  [actual number of targets]
Domain search space  (domZ):               3  [number of targets reported over threshold]
# CPU time: 0.32u 0.12s 00:00:00.44 Elapsed: 00:00:00.43
# Mc/sec: 4758.61
//
Query:       negative|Q13QH4  [L=289]
Scores for complete sequence (score includes all domains):
   --- full sequence ---   --- best 1 domain ---    -#dom-
    E-value  score  bias    E-value  score  bias    exp  N  Model         Description
    ------- ------ -----    ------- ------ -----   ---- --  --------      -----------
    4.6e-27   95.5   0.2    4.9e-26   92.2   0.2    2.0  1  Abhydrolase_1  alpha/beta hydrolase fold
    2.8e-23   84.0   0.4    3.2e-23   83.8   0.4    1.0  1  Abhydrolase_6  Alpha/beta hydrolase family
    1.5e-12   47.6   0.0    4.8e-12   46.0   0.0    1.8  1  Hydrolase_4    Serine aminopeptidase, S33
    1.9e-05   24.5   0.2     0.0039   17.0   0.0    2.4  0  Peptidase_S9   Prolyl oligopeptidase family


Domain annotation for each model:
>> Abhydrolase_1  alpha/beta hydrolase fold
   #    score  bias  c-Evalue  i-Evalue hmmfrom  hmm to    alifrom  ali to    envfrom  env to     acc
 ---   ------ ----- --------- --------- ------- -------    ------- -------    ------- -------    ----
   1 !   92.2   0.2   8.9e-30   4.9e-26       2     245 .]      39     276 ..      38     276 .. 0.83

>> Abhydrolase_6  Alpha/beta hydrolase family
   #    score  bias  c-Evalue  i-Evalue hmmfrom  hmm to    alifrom  ali to    envfrom  env to     acc
 ---   ------ ----- --------- --------- ------- -------    ------- -------    ------- -------    ----
   1 !   83.8   0.4   5.9e-27   3.2e-23       1     215 [.      40     280 ..      40     282 .. 0.65

>> Hydrolase_4  Serine aminopeptidase, S33
   #    score  bias  c-Evalue  i-Evalue hmmfrom  hmm to    alifrom  ali to    envfrom  env to     acc
 ---   ------ ----- --------- --------- ------- -------    ------- -------    ------- -------    ----
   1 !   46.0   0.0   8.7e-16   4.8e-12       5     232 ..      38     269 ..      34     276 .. 0.72

>> Peptidase_S9  Prolyl oligopeptidase family
   [No individual domains that satisfy reporting thresholds (although complete target did)]



Internal pipeline statistics summary:
-------------------------------------
Query sequence(s):                         1  (289 residues searched)
Target model(s):                       21979  (3587873 nodes)
Passed MSV filter:                       489  (0.0222485); expected 439.6 (0.02)
Passed bias filter:                      479  (0.0217935); expected 439.6 (0.02)
Passed Vit filter:                        52  (0.00236589); expected 22.0 (0.001)
Passed Fwd filter:                        12  (0.000545976); expected 0.2 (1e-05)
Initial search space (Z):              21979  [actual number of targets]
Domain search space  (domZ):               4  [number of targets reported over threshold]
# CPU time: 0.26u 0.13s 00:00:00.39 Elapsed: 00:00:00.39
# Mc/sec: 2640.08
//
Query:       negative|Q27884  [L=303]
Scores for complete sequence (score includes all domains):
   --- full sequence ---   --- best 1 domain ---    -#dom-
    E-value  score  bias    E-value  score  bias    exp  N  Model       Description
    ------- ------ -----    ------- ------ -----   ---- --  --------    -----------
    4.5e-42  144.9   0.2      6e-42  144.5   0.2    1.2  1  Metallophos  Calcineurin-like phosphoesterase


Domain annotation for each model:
>> Metallophos  Calcineurin-like phosphoesterase
   #    score  bias  c-Evalue  i-Evalue hmmfrom  hmm to    alifrom  ali to    envfrom  env to     acc
 ---   ------ ----- --------- --------- ------- -------    ------- -------    ------- -------    ----
   1 !  144.5   0.2   2.7e-46     6e-42       2     190 ..      45     238 ..      44     239 .. 0.94



Internal pipeline statistics summary:
-------------------------------------
Query sequence(s):                         1  (303 residues searched)
Target model(s):                       21979  (3587873 nodes)
Passed MSV filter:                       607  (0.0276173); expected 439.6 (0.02)
Passed bias filter:                      513  (0.0233405); expected 439.6 (0.02)
Passed Vit filter:                        51  (0.0023204); expected 22.0 (0.001)
Passed Fwd filter:                         2  (9.0996e-05); expected 0.2 (1e-05)
Initial search space (Z):              21979  [actual number of targets]
Domain search space  (domZ):               1  [number of targets reported over threshold]
# CPU time: 0.24u 0.13s 00:00:00.37 Elapsed: 00:00:00.36
# Mc/sec: 2944.65
//
Query:       negative|Q8XXT1  [L=572]
Scores for complete sequence (score includes all domains):
   --- full sequence ---   --- best 1 domain ---    -#dom-
    E-value  score  bias    E-value  score  bias    exp  N  Model        Description
    ------- ------ -----    ------- ------ -----   ---- --  --------     -----------
    7.2e-85  285.5   1.3      1e-84  285.0   1.3    1.1  1  Amidohydro_1  Amidohydrolase family
    6.5e-57  191.4   2.4    1.4e-56  190.3   2.4    1.6  1  Urease_alpha  Urease alpha-subunit, N-terminal domain
      2e-10   41.0   0.3    3.2e-06   27.1   0.0    2.7  0  Amidohydro_3  Amidohydrolase family


Domain annotation for each model:
>> Amidohydro_1  Amidohydrolase family
   #    score  bias  c-Evalue  i-Evalue hmmfrom  hmm to    alifrom  ali to    envfrom  env to     acc
 ---   ------ ----- --------- --------- ------- -------    ------- -------    ------- -------    ----
   1 !  285.0   1.3   1.4e-88     1e-84       1     341 [.     126     459 ..     126     467 .. 0.98

>> Urease_alpha  Urease alpha-subunit, N-terminal domain
   #    score  bias  c-Evalue  i-Evalue hmmfrom  hmm to    alifrom  ali to    envfrom  env to     acc
 ---   ------ ----- --------- --------- ------- -------    ------- -------    ------- -------    ----
   1 !  190.3   2.4   1.9e-60   1.4e-56       2     121 .]       4     120 ..       3     120 .. 0.98

>> Amidohydro_3  Amidohydrolase family
   [No individual domains that satisfy reporting thresholds (although complete target did)]



Internal pipeline statistics summary:
-------------------------------------
Query sequence(s):                         1  (572 residues searched)
Target model(s):                       21979  (3587873 nodes)
Passed MSV filter:                       368  (0.0167433); expected 439.6 (0.02)
Passed bias filter:                      303  (0.0137859); expected 439.6 (0.02)
Passed Vit filter:                        23  (0.00104645); expected 22.0 (0.001)
Passed Fwd filter:                         3  (0.000136494); expected 0.2 (1e-05)
Initial search space (Z):              21979  [actual number of targets]
Domain search space  (domZ):               3  [number of targets reported over threshold]
# CPU time: 0.25u 0.15s 00:00:00.40 Elapsed: 00:00:00.40
# Mc/sec: 5093.66
//
Query:       negative|P35792  [L=164]
Scores for complete sequence (score includes all domains):
   --- full sequence ---   --- best 1 domain ---    -#dom-
    E-value  score  bias    E-value  score  bias    exp  N  Model    Description
    ------- ------ -----    ------- ------ -----   ---- --  -------- -----------
    5.9e-25   88.7   6.7    7.7e-25   88.3   6.7    1.1  1  CAP       Cysteine-rich secretory protein family


Domain annotation for each model:
>> CAP  Cysteine-rich secretory protein family
   #    score  bias  c-Evalue  i-Evalue hmmfrom  hmm to    alifrom  ali to    envfrom  env to     acc
 ---   ------ ----- --------- --------- ------- -------    ------- -------    ------- -------    ----
   1 !   88.3   6.7   3.5e-29   7.7e-25       2     117 .]      33     152 ..      32     152 .. 0.96



Internal pipeline statistics summary:
-------------------------------------
Query sequence(s):                         1  (164 residues searched)
Target model(s):                       21979  (3587873 nodes)
Passed MSV filter:                       911  (0.0414487); expected 439.6 (0.02)
Passed bias filter:                      624  (0.0283907); expected 439.6 (0.02)
Passed Vit filter:                        41  (0.00186542); expected 22.0 (0.001)
Passed Fwd filter:                         1  (4.5498e-05); expected 0.2 (1e-05)
Initial search space (Z):              21979  [actual number of targets]
Domain search space  (domZ):               1  [number of targets reported over threshold]
# CPU time: 0.22u 0.12s 00:00:00.34 Elapsed: 00:00:00.34
# Mc/sec: 1717.17
//
Query:       negative|P94669  [L=587]
Scores for complete sequence (score includes all domains):
   --- full sequence ---   --- best 1 domain ---    -#dom-
    E-value  score  bias    E-value  score  bias    exp  N  Model        Description
    ------- ------ -----    ------- ------ -----   ---- --  --------     -----------
    1.9e-71  241.4   1.7    2.8e-71  240.9   1.7    1.1  1  Amidohydro_1  Amidohydrolase family
    3.3e-52  176.2   1.1    8.5e-52  174.8   1.1    1.7  1  Urease_alpha  Urease alpha-subunit, N-terminal domain
    1.9e-09   37.8   2.8    3.1e-05   23.9   0.0    3.7  0  Amidohydro_3  Amidohydrolase family


Domain annotation for each model:
>> Amidohydro_1  Amidohydrolase family
   #    score  bias  c-Evalue  i-Evalue hmmfrom  hmm to    alifrom  ali to    envfrom  env to     acc
 ---   ------ ----- --------- --------- ------- -------    ------- -------    ------- -------    ----
   1 !  240.9   1.7   3.8e-75   2.8e-71       1     340 [.     130     458 ..     130     470 .. 0.98

>> Urease_alpha  Urease alpha-subunit, N-terminal domain
   #    score  bias  c-Evalue  i-Evalue hmmfrom  hmm to    alifrom  ali to    envfrom  env to     acc
 ---   ------ ----- --------- --------- ------- -------    ------- -------    ------- -------    ----
   1 !  174.8   1.1   1.2e-55   8.5e-52       2     120 ..       4     123 ..       3     124 .. 0.96

>> Amidohydro_3  Amidohydrolase family
   [No individual domains that satisfy reporting thresholds (although complete target did)]



Internal pipeline statistics summary:
-------------------------------------
Query sequence(s):                         1  (587 residues searched)
Target model(s):                       21979  (3587873 nodes)
Passed MSV filter:                       407  (0.0185177); expected 439.6 (0.02)
Passed bias filter:                      347  (0.0157878); expected 439.6 (0.02)
Passed Vit filter:                        35  (0.00159243); expected 22.0 (0.001)
Passed Fwd filter:                         3  (0.000136494); expected 0.2 (1e-05)
Initial search space (Z):              21979  [actual number of targets]
Domain search space  (domZ):               3  [number of targets reported over threshold]
# CPU time: 0.29u 0.13s 00:00:00.42 Elapsed: 00:00:00.41
# Mc/sec: 5095.91
//
Query:       negative|P29794  [L=180]
Scores for complete sequence (score includes all domains):
   --- full sequence ---   --- best 1 domain ---    -#dom-
    E-value  score  bias    E-value  score  bias    exp  N  Model          Description
    ------- ------ -----    ------- ------ -----   ---- --  --------       -----------
      1e-42  143.8   2.5    3.1e-14   52.9   0.2    3.3  3  Hormone_2       Peptide hormone
    0.00012   22.7   4.2       0.94   10.1   0.1    3.3  0  Lipoprotein_10  Putative mycoplasma lipoprotein, C-terminal r


Domain annotation for each model:
>> Hormone_2  Peptide hormone
   #    score  bias  c-Evalue  i-Evalue hmmfrom  hmm to    alifrom  ali to    envfrom  env to     acc
 ---   ------ ----- --------- --------- ------- -------    ------- -------    ------- -------    ----
   1 !   52.9   0.2   2.8e-18   3.1e-14       1      28 []      53      80 ..      53      80 .. 0.99
   2 !   43.2   0.0   2.9e-15   3.2e-11       1      27 [.      98     124 ..      98     125 .. 0.98
   3 !   46.5   0.1   2.8e-16   3.1e-12       1      28 []     146     173 ..     146     173 .. 0.98

>> Lipoprotein_10  Putative mycoplasma lipoprotein, C-terminal region
   [No individual domains that satisfy reporting thresholds (although complete target did)]



Internal pipeline statistics summary:
-------------------------------------
Query sequence(s):                         1  (180 residues searched)
Target model(s):                       21979  (3587873 nodes)
Passed MSV filter:                       810  (0.0368534); expected 439.6 (0.02)
Passed bias filter:                      491  (0.0223395); expected 439.6 (0.02)
Passed Vit filter:                        40  (0.00181992); expected 22.0 (0.001)
Passed Fwd filter:                         6  (0.000272988); expected 0.2 (1e-05)
Initial search space (Z):              21979  [actual number of targets]
Domain search space  (domZ):               2  [number of targets reported over threshold]
# CPU time: 0.22u 0.13s 00:00:00.35 Elapsed: 00:00:00.35
# Mc/sec: 1825.34
//
Query:       negative|P98153  [L=550]
Scores for complete sequence (score includes all domains):
   --- full sequence ---   --- best 1 domain ---    -#dom-
    E-value  score  bias    E-value  score  bias    exp  N  Model        Description
    ------- ------ -----    ------- ------ -----   ---- --  --------     -----------
    2.2e-13   51.1   0.5    3.5e-13   50.5   0.5    1.3  1  Lectin_C      Lectin C-type domain
    4.9e-11   42.9   5.7    4.9e-11   42.9   5.7    3.2  1  Ldl_recept_a  Low-density lipoprotein receptor domain class A


Domain annotation for each model:
>> Lectin_C  Lectin C-type domain
   #    score  bias  c-Evalue  i-Evalue hmmfrom  hmm to    alifrom  ali to    envfrom  env to     acc
 ---   ------ ----- --------- --------- ------- -------    ------- -------    ------- -------    ----
   1 !   50.5   0.5   3.2e-17   3.5e-13       3     107 .]     136     267 ..     134     267 .. 0.93

>> Ldl_recept_a  Low-density lipoprotein receptor domain class A
   #    score  bias  c-Evalue  i-Evalue hmmfrom  hmm to    alifrom  ali to    envfrom  env to     acc
 ---   ------ ----- --------- --------- ------- -------    ------- -------    ------- -------    ----
   1 !   42.9   5.7   4.5e-15   4.9e-11       2      37 .]      29      66 ..      28      66 .. 0.98



Internal pipeline statistics summary:
-------------------------------------
Query sequence(s):                         1  (550 residues searched)
Target model(s):                       21979  (3587873 nodes)
Passed MSV filter:                       552  (0.0251149); expected 439.6 (0.02)
Passed bias filter:                      337  (0.0153328); expected 439.6 (0.02)
Passed Vit filter:                        31  (0.00141044); expected 22.0 (0.001)
Passed Fwd filter:                         2  (9.0996e-05); expected 0.2 (1e-05)
Initial search space (Z):              21979  [actual number of targets]
Domain search space  (domZ):               2  [number of targets reported over threshold]
# CPU time: 0.27u 0.13s 00:00:00.40 Elapsed: 00:00:00.39
# Mc/sec: 4978.92
//
Query:       negative|Q9LSR9  [L=657]
Scores for complete sequence (score includes all domains):
   --- full sequence ---   --- best 1 domain ---    -#dom-
    E-value  score  bias    E-value  score  bias    exp  N  Model          Description
    ------- ------ -----    ------- ------ -----   ---- --  --------       -----------
    1.1e-71  241.5   1.0    1.5e-71  241.1   1.0    1.1  1  Lectin_legB     Legume lectin domain
    1.3e-40  139.8   0.0    2.4e-40  138.8   0.0    1.5  1  Pkinase         Protein kinase domain
    2.5e-40  138.7   0.0    4.1e-40  138.0   0.0    1.4  1  PK_Tyr_Ser-Thr  Protein tyrosine and serine/threonine kinase


Domain annotation for each model:
>> Lectin_legB  Legume lectin domain
   #    score  bias  c-Evalue  i-Evalue hmmfrom  hmm to    alifrom  ali to    envfrom  env to     acc
 ---   ------ ----- --------- --------- ------- -------    ------- -------    ------- -------    ----
   1 !  241.1   1.0   2.1e-75   1.5e-71       3     248 ..      27     271 ..      25     273 .. 0.94

>> Pkinase  Protein kinase domain
   #    score  bias  c-Evalue  i-Evalue hmmfrom  hmm to    alifrom  ali to    envfrom  env to     acc
 ---   ------ ----- --------- --------- ------- -------    ------- -------    ------- -------    ----
   1 !  138.8   0.0   3.3e-44   2.4e-40       2     198 ..     340     538 ..     339     604 .. 0.86

>> PK_Tyr_Ser-Thr  Protein tyrosine and serine/threonine kinase
   #    score  bias  c-Evalue  i-Evalue hmmfrom  hmm to    alifrom  ali to    envfrom  env to     acc
 ---   ------ ----- --------- --------- ------- -------    ------- -------    ------- -------    ----
   1 !  138.0   0.0   5.6e-44   4.1e-40       6     205 ..     344     549 ..     339     605 .. 0.77



Internal pipeline statistics summary:
-------------------------------------
Query sequence(s):                         1  (657 residues searched)
Target model(s):                       21979  (3587873 nodes)
Passed MSV filter:                       904  (0.0411302); expected 439.6 (0.02)
Passed bias filter:                      772  (0.0351244); expected 439.6 (0.02)
Passed Vit filter:                        85  (0.00386733); expected 22.0 (0.001)
Passed Fwd filter:                         6  (0.000272988); expected 0.2 (1e-05)
Initial search space (Z):              21979  [actual number of targets]
Domain search space  (domZ):               3  [number of targets reported over threshold]
# CPU time: 0.34u 0.14s 00:00:00.48 Elapsed: 00:00:00.48
# Mc/sec: 4871.66
//
Query:       negative|Q6AZT2  [L=600]
Scores for complete sequence (score includes all domains):
   --- full sequence ---   --- best 1 domain ---    -#dom-
    E-value  score  bias    E-value  score  bias    exp  N  Model     Description
    ------- ------ -----    ------- ------ -----   ---- --  --------  -----------
    7.8e-40  136.6   0.0    1.5e-39  135.7   0.0    1.5  1  AAA        ATPase family associated with various cellular act
    2.1e-09   37.0   0.0    4.7e-09   35.9   0.0    1.5  1  AAA_lid_3  AAA+ lid domain
    3.1e-05   24.1   0.0    9.4e-05   22.6   0.0    1.9  1  Vps4_C     Vps4 C terminal oligomerisation domain


Domain annotation for each model:
>> AAA  ATPase family associated with various cellular activities (AAA)
   #    score  bias  c-Evalue  i-Evalue hmmfrom  hmm to    alifrom  ali to    envfrom  env to     acc
 ---   ------ ----- --------- --------- ------- -------    ------- -------    ------- -------    ----
   1 !  135.7   0.0     2e-43   1.5e-39       1     130 [.     362     491 ..     362     492 .. 0.97

>> AAA_lid_3  AAA+ lid domain
   #    score  bias  c-Evalue  i-Evalue hmmfrom  hmm to    alifrom  ali to    envfrom  env to     acc
 ---   ------ ----- --------- --------- ------- -------    ------- -------    ------- -------    ----
   1 !   35.9   0.0   6.4e-13   4.7e-09       4      37 ..     518     551 ..     516     560 .. 0.89

>> Vps4_C  Vps4 C terminal oligomerisation domain
   #    score  bias  c-Evalue  i-Evalue hmmfrom  hmm to    alifrom  ali to    envfrom  env to     acc
 ---   ------ ----- --------- --------- ------- -------    ------- -------    ------- -------    ----
   1 !   22.6   0.0   1.3e-08   9.4e-05      28      61 .]     563     596 ..     547     596 .. 0.90



Internal pipeline statistics summary:
-------------------------------------
Query sequence(s):                         1  (600 residues searched)
Target model(s):                       21979  (3587873 nodes)
Passed MSV filter:                       836  (0.0380363); expected 439.6 (0.02)
Passed bias filter:                      660  (0.0300287); expected 439.6 (0.02)
Passed Vit filter:                       108  (0.00491378); expected 22.0 (0.001)
Passed Fwd filter:                        19  (0.000864462); expected 0.2 (1e-05)
Initial search space (Z):              21979  [actual number of targets]
Domain search space  (domZ):               3  [number of targets reported over threshold]
# CPU time: 0.36u 0.14s 00:00:00.50 Elapsed: 00:00:00.49
# Mc/sec: 4385.13
//
Query:       negative|G3V8T1  [L=851]
Scores for complete sequence (score includes all domains):
   --- full sequence ---   --- best 1 domain ---    -#dom-
    E-value  score  bias    E-value  score  bias    exp  N  Model    Description
    ------- ------ -----    ------- ------ -----   ---- --  -------- -----------
    6.2e-24   84.7   5.4    7.9e-14   52.3   0.8    2.6  2  Ank_2     Ankyrin repeats (3 copies)
    6.9e-16   58.2   1.2    2.3e-15   56.5   1.2    2.0  1  Chromo    Chromo (CHRromatin Organisation MOdifier) domain
    4.4e-15   55.2   4.0    2.4e-05   24.7   0.0    4.6  1  Ank       Ankyrin repeat
    5.7e-14   52.3   0.8    1.2e-07   32.2   0.0    3.6  1  Ank_5     Ankyrin repeats (many copies)
    1.4e-13   50.9   0.6    5.9e-07   29.9   0.0    3.8  1  Ank_4     Ankyrin repeats (many copies)
      5e-11   42.0   3.3    3.3e-05   24.2   0.0    4.5  1  Ank_3     Ankyrin repeat


Domain annotation for each model:
>> Ank_2  Ankyrin repeats (3 copies)
   #    score  bias  c-Evalue  i-Evalue hmmfrom  hmm to    alifrom  ali to    envfrom  env to     acc
 ---   ------ ----- --------- --------- ------- -------    ------- -------    ------- -------    ----
   1 !   52.3   0.8   2.2e-17   7.9e-14       3      89 ..     563     654 ..     561     655 .. 0.91
   2 !   37.1   0.3   1.2e-12   4.4e-09      22      80 ..     651     711 ..     648     718 .. 0.88

>> Chromo  Chromo (CHRromatin Organisation MOdifier) domain
   #    score  bias  c-Evalue  i-Evalue hmmfrom  hmm to    alifrom  ali to    envfrom  env to     acc
 ---   ------ ----- --------- --------- ------- -------    ------- -------    ------- -------    ----
   1 !   56.5   1.2   6.2e-19   2.3e-15       1      53 []      59     109 ..      59     109 .. 0.97

>> Ank  Ankyrin repeat
   #    score  bias  c-Evalue  i-Evalue hmmfrom  hmm to    alifrom  ali to    envfrom  env to     acc
 ---   ------ ----- --------- --------- ------- -------    ------- -------    ------- -------    ----
   1 !   24.7   0.0   6.5e-09   2.4e-05       1      31 [.     657     687 ..     657     689 .. 0.93

>> Ank_5  Ankyrin repeats (many copies)
   #    score  bias  c-Evalue  i-Evalue hmmfrom  hmm to    alifrom  ali to    envfrom  env to     acc
 ---   ------ ----- --------- --------- ------- -------    ------- -------    ------- -------    ----
   1 !   32.2   0.0   3.3e-11   1.2e-07       1      53 [.     644     695 ..     644     698 .. 0.86

>> Ank_4  Ankyrin repeats (many copies)
   #    score  bias  c-Evalue  i-Evalue hmmfrom  hmm to    alifrom  ali to    envfrom  env to     acc
 ---   ------ ----- --------- --------- ------- -------    ------- -------    ------- -------    ----
   1 !   29.9   0.0   1.6e-10   5.9e-07       3      48 ..     631     676 ..     630     678 .. 0.94

>> Ank_3  Ankyrin repeat
   #    score  bias  c-Evalue  i-Evalue hmmfrom  hmm to    alifrom  ali to    envfrom  env to     acc
 ---   ------ ----- --------- --------- ------- -------    ------- -------    ------- -------    ----
   1 !   24.2   0.0   9.1e-09   3.3e-05       1      30 []     657     686 ..     657     686 .. 0.96



Internal pipeline statistics summary:
-------------------------------------
Query sequence(s):                         1  (851 residues searched)
Target model(s):                       21979  (3587873 nodes)
Passed MSV filter:                      2232  (0.101551); expected 439.6 (0.02)
Passed bias filter:                      525  (0.0238864); expected 439.6 (0.02)
Passed Vit filter:                        59  (0.00268438); expected 22.0 (0.001)
Passed Fwd filter:                        11  (0.000500478); expected 0.2 (1e-05)
Initial search space (Z):              21979  [actual number of targets]
Domain search space  (domZ):               6  [number of targets reported over threshold]
# CPU time: 0.43u 0.14s 00:00:00.57 Elapsed: 00:00:00.58
# Mc/sec: 5255.53
//
Query:       negative|A2S877  [L=381]
Scores for complete sequence (score includes all domains):
   --- full sequence ---   --- best 1 domain ---    -#dom-
    E-value  score  bias    E-value  score  bias    exp  N  Model         Description
    ------- ------ -----    ------- ------ -----   ---- --  --------      -----------
    1.1e-20   74.6   0.3    1.5e-20   74.2   0.3    1.2  1  Abhydrolase_1  alpha/beta hydrolase fold


Domain annotation for each model:
>> Abhydrolase_1  alpha/beta hydrolase fold
   #    score  bias  c-Evalue  i-Evalue hmmfrom  hmm to    alifrom  ali to    envfrom  env to     acc
 ---   ------ ----- --------- --------- ------- -------    ------- -------    ------- -------    ----
   1 !   74.2   0.3   6.9e-25   1.5e-20       1     243 [.      45     359 ..      45     361 .. 0.84



Internal pipeline statistics summary:
-------------------------------------
Query sequence(s):                         1  (381 residues searched)
Target model(s):                       21979  (3587873 nodes)
Passed MSV filter:                       442  (0.0201101); expected 439.6 (0.02)
Passed bias filter:                      399  (0.0181537); expected 439.6 (0.02)
Passed Vit filter:                        35  (0.00159243); expected 22.0 (0.001)
Passed Fwd filter:                         3  (0.000136494); expected 0.2 (1e-05)
Initial search space (Z):              21979  [actual number of targets]
Domain search space  (domZ):               1  [number of targets reported over threshold]
# CPU time: 0.26u 0.13s 00:00:00.39 Elapsed: 00:00:00.38
# Mc/sec: 3576.00
//
Query:       negative|A0A1L9X9H4  [L=524]
Scores for complete sequence (score includes all domains):
   --- full sequence ---   --- best 1 domain ---    -#dom-
    E-value  score  bias    E-value  score  bias    exp  N  Model      Description
    ------- ------ -----    ------- ------ -----   ---- --  --------   -----------
    4.9e-59  200.9   5.0    5.3e-58  197.5   5.0    2.1  1  COesterase  Carboxylesterase family
    2.1e-10   40.8   0.0    5.5e-10   39.4   0.0    1.7  1  BD-FAE      BD-FAE


Domain annotation for each model:
>> COesterase  Carboxylesterase family
   #    score  bias  c-Evalue  i-Evalue hmmfrom  hmm to    alifrom  ali to    envfrom  env to     acc
 ---   ------ ----- --------- --------- ------- -------    ------- -------    ------- -------    ----
   1 !  197.5   5.0   4.8e-62   5.3e-58      23     501 ..      47     502 ..      38     518 .. 0.74

>> BD-FAE  BD-FAE
   #    score  bias  c-Evalue  i-Evalue hmmfrom  hmm to    alifrom  ali to    envfrom  env to     acc
 ---   ------ ----- --------- --------- ------- -------    ------- -------    ------- -------    ----
   1 !   39.4   0.0     5e-14   5.5e-10       1     105 [.     101     214 ..     101     228 .. 0.79



Internal pipeline statistics summary:
-------------------------------------
Query sequence(s):                         1  (524 residues searched)
Target model(s):                       21979  (3587873 nodes)
Passed MSV filter:                       927  (0.0421766); expected 439.6 (0.02)
Passed bias filter:                      567  (0.0257974); expected 439.6 (0.02)
Passed Vit filter:                        58  (0.00263888); expected 22.0 (0.001)
Passed Fwd filter:                         6  (0.000272988); expected 0.2 (1e-05)
Initial search space (Z):              21979  [actual number of targets]
Domain search space  (domZ):               2  [number of targets reported over threshold]
# CPU time: 0.33u 0.13s 00:00:00.46 Elapsed: 00:00:00.45
# Mc/sec: 4105.46
//
Query:       negative|P98105  [L=549]
Scores for complete sequence (score includes all domains):
   --- full sequence ---   --- best 1 domain ---    -#dom-
    E-value  score  bias    E-value  score  bias    exp  N  Model    Description
    ------- ------ -----    ------- ------ -----   ---- --  -------- -----------
    1.2e-42  144.4  62.9    8.7e-10   39.1   3.8    6.7  5  Sushi     Sushi repeat (SCR repeat)
    3.4e-28   98.8   3.2    3.4e-28   98.8   3.2    2.4  1  Lectin_C  Lectin C-type domain
    3.5e-05   24.3  11.7    0.00034   21.2   9.6    4.1  0  EGF_2     EGF-like domain
    4.4e-05   23.9   8.9    4.4e-05   23.9   8.9    4.7  1  EGF       EGF-like domain


Domain annotation for each model:
>> Sushi  Sushi repeat (SCR repeat)
   #    score  bias  c-Evalue  i-Evalue hmmfrom  hmm to    alifrom  ali to    envfrom  env to     acc
 ---   ------ ----- --------- --------- ------- -------    ------- -------    ------- -------    ----
   1 !   33.4   5.6   9.5e-12   5.2e-08       1      56 []     180     238 ..     180     238 .. 0.93
   2 !   34.9   7.3   3.4e-12   1.9e-08       1      56 []     243     300 ..     243     300 .. 0.95
   3 !   39.1   3.8   1.6e-13   8.7e-10       1      56 []     305     363 ..     305     363 .. 0.98
   4 !   37.8   2.3   4.2e-13   2.3e-09       1      56 []     368     426 ..     368     426 .. 0.89
   5 !   29.9   1.7   1.2e-10   6.8e-07       2      56 .]     432     485 ..     431     485 .. 0.86

>> Lectin_C  Lectin C-type domain
   #    score  bias  c-Evalue  i-Evalue hmmfrom  hmm to    alifrom  ali to    envfrom  env to     acc
 ---   ------ ----- --------- --------- ------- -------    ------- -------    ------- -------    ----
   1 !   98.8   3.2   6.2e-32   3.4e-28       2     106 ..      30     139 ..      29     140 .. 0.98

>> EGF_2  EGF-like domain
   [No individual domains that satisfy reporting thresholds (although complete target did)]

>> EGF  EGF-like domain
   #    score  bias  c-Evalue  i-Evalue hmmfrom  hmm to    alifrom  ali to    envfrom  env to     acc
 ---   ------ ----- --------- --------- ------- -------    ------- -------    ------- -------    ----
   1 !   23.9   8.9     8e-09   4.4e-05       1      28 [.     143     169 ..     143     173 .. 0.91



Internal pipeline statistics summary:
-------------------------------------
Query sequence(s):                         1  (549 residues searched)
Target model(s):                       21979  (3587873 nodes)
Passed MSV filter:                       621  (0.0282542); expected 439.6 (0.02)
Passed bias filter:                      279  (0.0126939); expected 439.6 (0.02)
Passed Vit filter:                        30  (0.00136494); expected 22.0 (0.001)
Passed Fwd filter:                        15  (0.00068247); expected 0.2 (1e-05)
Initial search space (Z):              21979  [actual number of targets]
Domain search space  (domZ):               4  [number of targets reported over threshold]
# CPU time: 0.28u 0.12s 00:00:00.40 Elapsed: 00:00:00.40
# Mc/sec: 4874.94
//
Query:       negative|Q9EPB5  [L=311]
Scores for complete sequence (score includes all domains):
   --- full sequence ---   --- best 1 domain ---    -#dom-
    E-value  score  bias    E-value  score  bias    exp  N  Model         Description
    ------- ------ -----    ------- ------ -----   ---- --  --------      -----------
    2.8e-21   76.6   0.2    6.6e-21   75.3   0.2    1.6  1  Abhydrolase_1  alpha/beta hydrolase fold
    4.4e-10   40.9   0.0    7.8e-10   40.0   0.0    1.5  1  Abhydrolase_6  Alpha/beta hydrolase family
    8.8e-09   35.3   0.0    1.2e-08   34.9   0.0    1.2  1  Hydrolase_4    Serine aminopeptidase, S33


Domain annotation for each model:
>> Abhydrolase_1  alpha/beta hydrolase fold
   #    score  bias  c-Evalue  i-Evalue hmmfrom  hmm to    alifrom  ali to    envfrom  env to     acc
 ---   ------ ----- --------- --------- ------- -------    ------- -------    ------- -------    ----
   1 !   75.3   0.2     9e-25   6.6e-21       1     244 [.      27     288 ..      27     289 .. 0.76

>> Abhydrolase_6  Alpha/beta hydrolase family
   #    score  bias  c-Evalue  i-Evalue hmmfrom  hmm to    alifrom  ali to    envfrom  env to     acc
 ---   ------ ----- --------- --------- ------- -------    ------- -------    ------- -------    ----
   1 !   40.0   0.0   1.1e-13   7.8e-10       1     136 [.      29     182 ..      29     295 .. 0.46

>> Hydrolase_4  Serine aminopeptidase, S33
   #    score  bias  c-Evalue  i-Evalue hmmfrom  hmm to    alifrom  ali to    envfrom  env to     acc
 ---   ------ ----- --------- --------- ------- -------    ------- -------    ------- -------    ----
   1 !   34.9   0.0   1.6e-12   1.2e-08       7     117 ..      29     137 ..      23     185 .. 0.82



Internal pipeline statistics summary:
-------------------------------------
Query sequence(s):                         1  (311 residues searched)
Target model(s):                       21979  (3587873 nodes)
Passed MSV filter:                       593  (0.0269803); expected 439.6 (0.02)
Passed bias filter:                      565  (0.0257064); expected 439.6 (0.02)
Passed Vit filter:                        33  (0.00150143); expected 22.0 (0.001)
Passed Fwd filter:                         7  (0.000318486); expected 0.2 (1e-05)
Initial search space (Z):              21979  [actual number of targets]
Domain search space  (domZ):               3  [number of targets reported over threshold]
# CPU time: 0.27u 0.12s 00:00:00.39 Elapsed: 00:00:00.38
# Mc/sec: 2865.00
//
Query:       negative|P00591  [L=450]
Scores for complete sequence (score includes all domains):
   --- full sequence ---   --- best 1 domain ---    -#dom-
    E-value  score  bias    E-value  score  bias    exp  N  Model    Description
    ------- ------ -----    ------- ------ -----   ---- --  -------- -----------
   2.6e-164  546.7   0.0   3.1e-164  546.5   0.0    1.0  1  Lipase    Lipase
    6.3e-20   72.3   0.3    1.3e-19   71.3   0.3    1.5  1  PLAT      PLAT/LH2 domain


Domain annotation for each model:
>> Lipase  Lipase
   #    score  bias  c-Evalue  i-Evalue hmmfrom  hmm to    alifrom  ali to    envfrom  env to     acc
 ---   ------ ----- --------- --------- ------- -------    ------- -------    ------- -------    ----
   1 !  546.5   0.0  2.8e-168  3.1e-164       2     336 .]       2     336 ..       1     336 [. 0.99

>> PLAT  PLAT/LH2 domain
   #    score  bias  c-Evalue  i-Evalue hmmfrom  hmm to    alifrom  ali to    envfrom  env to     acc
 ---   ------ ----- --------- --------- ------- -------    ------- -------    ------- -------    ----
   1 !   71.3   0.3   1.1e-23   1.3e-19       1     114 [.     341     445 ..     341     448 .. 0.93



Internal pipeline statistics summary:
-------------------------------------
Query sequence(s):                         1  (450 residues searched)
Target model(s):                       21979  (3587873 nodes)
Passed MSV filter:                       455  (0.0207016); expected 439.6 (0.02)
Passed bias filter:                      392  (0.0178352); expected 439.6 (0.02)
Passed Vit filter:                        43  (0.00195641); expected 22.0 (0.001)
Passed Fwd filter:                         8  (0.000363984); expected 0.2 (1e-05)
Initial search space (Z):              21979  [actual number of targets]
Domain search space  (domZ):               2  [number of targets reported over threshold]
# CPU time: 0.30u 0.12s 00:00:00.42 Elapsed: 00:00:00.42
# Mc/sec: 3840.31
//
Query:       negative|Q9XSM3  [L=730]
Scores for complete sequence (score includes all domains):
   --- full sequence ---   --- best 1 domain ---    -#dom-
    E-value  score  bias    E-value  score  bias    exp  N  Model     Description
    ------- ------ -----    ------- ------ -----   ---- --  --------  -----------
    4.3e-23   82.0   3.9    4.3e-14   53.1   1.7    3.2  1  Ank_2      Ankyrin repeats (3 copies)
    1.1e-22   79.1   5.6    4.4e-06   27.0   0.2    5.9  3  Ank        Ankyrin repeat
    1.7e-17   61.7   9.5    4.7e-05   23.7   0.1    6.9  1  Ank_3      Ankyrin repeat
    2.6e-15   56.4   1.9    6.6e-05   23.4   0.0    4.1  1  Ank_4      Ankyrin repeats (many copies)
      4e-15   55.9  14.6      8e-15   55.0  14.6    1.6  1  Ion_trans  Ion transport protein
    1.1e-13   51.5   6.4    0.00026   21.6   0.0    4.8  0  Ank_5      Ankyrin repeats (many copies)


Domain annotation for each model:
>> Ank_2  Ankyrin repeats (3 copies)
   #    score  bias  c-Evalue  i-Evalue hmmfrom  hmm to    alifrom  ali to    envfrom  env to     acc
 ---   ------ ----- --------- --------- ------- -------    ------- -------    ------- -------    ----
   1 !   53.1   1.7   1.2e-17   4.3e-14       1      89 [.      49     146 ..      49     147 .. 0.80

>> Ank  Ankyrin repeat
   #    score  bias  c-Evalue  i-Evalue hmmfrom  hmm to    alifrom  ali to    envfrom  env to     acc
 ---   ------ ----- --------- --------- ------- -------    ------- -------    ------- -------    ----
   1 !   15.0   0.2   7.9e-06     0.029       2      23 ..      79     100 ..      78     107 .. 0.87
   2 !   27.0   0.2   1.2e-09   4.4e-06       2      31 ..     117     146 ..     116     148 .. 0.93
   3 !   25.7   0.0   3.1e-09   1.1e-05       1      32 [.     162     193 ..     162     194 .. 0.94

>> Ank_3  Ankyrin repeat
   #    score  bias  c-Evalue  i-Evalue hmmfrom  hmm to    alifrom  ali to    envfrom  env to     acc
 ---   ------ ----- --------- --------- ------- -------    ------- -------    ------- -------    ----
   1 !   23.7   0.1   1.3e-08   4.7e-05       2      29 ..     117     144 ..     116     145 .. 0.94

>> Ank_4  Ankyrin repeats (many copies)
   #    score  bias  c-Evalue  i-Evalue hmmfrom  hmm to    alifrom  ali to    envfrom  env to     acc
 ---   ------ ----- --------- --------- ------- -------    ------- -------    ------- -------    ----
   1 !   23.4   0.0   1.8e-08   6.6e-05       8      37 ..     174     203 ..     161     211 .. 0.92

>> Ion_trans  Ion transport protein
   #    score  bias  c-Evalue  i-Evalue hmmfrom  hmm to    alifrom  ali to    envfrom  env to     acc
 ---   ------ ----- --------- --------- ------- -------    ------- -------    ------- -------    ----
   1 !   55.0  14.6   2.2e-18     8e-15      39     239 ..     392     588 ..     326     590 .. 0.72

>> Ank_5  Ankyrin repeats (many copies)
   [No individual domains that satisfy reporting thresholds (although complete target did)]



Internal pipeline statistics summary:
-------------------------------------
Query sequence(s):                         1  (730 residues searched)
Target model(s):                       21979  (3587873 nodes)
Passed MSV filter:                       684  (0.0311206); expected 439.6 (0.02)
Passed bias filter:                      432  (0.0196551); expected 439.6 (0.02)
Passed Vit filter:                        33  (0.00150143); expected 22.0 (0.001)
Passed Fwd filter:                         6  (0.000272988); expected 0.2 (1e-05)
Initial search space (Z):              21979  [actual number of targets]
Domain search space  (domZ):               6  [number of targets reported over threshold]
# CPU time: 0.30u 0.14s 00:00:00.44 Elapsed: 00:00:00.44
# Mc/sec: 5881.54
//
Query:       negative|Q05968  [L=164]
Scores for complete sequence (score includes all domains):
   --- full sequence ---   --- best 1 domain ---    -#dom-
    E-value  score  bias    E-value  score  bias    exp  N  Model    Description
    ------- ------ -----    ------- ------ -----   ---- --  -------- -----------
    7.6e-25   88.3   5.6    9.9e-25   87.9   5.6    1.1  1  CAP       Cysteine-rich secretory protein family


Domain annotation for each model:
>> CAP  Cysteine-rich secretory protein family
   #    score  bias  c-Evalue  i-Evalue hmmfrom  hmm to    alifrom  ali to    envfrom  env to     acc
 ---   ------ ----- --------- --------- ------- -------    ------- -------    ------- -------    ----
   1 !   87.9   5.6   4.5e-29   9.9e-25       2     117 .]      33     152 ..      32     152 .. 0.96



Internal pipeline statistics summary:
-------------------------------------
Query sequence(s):                         1  (164 residues searched)
Target model(s):                       21979  (3587873 nodes)
Passed MSV filter:                       882  (0.0401292); expected 439.6 (0.02)
Passed bias filter:                      625  (0.0284362); expected 439.6 (0.02)
Passed Vit filter:                        42  (0.00191091); expected 22.0 (0.001)
Passed Fwd filter:                         1  (4.5498e-05); expected 0.2 (1e-05)
Initial search space (Z):              21979  [actual number of targets]
Domain search space  (domZ):               1  [number of targets reported over threshold]
# CPU time: 0.22u 0.13s 00:00:00.35 Elapsed: 00:00:00.34
# Mc/sec: 1693.48
//
Query:       negative|Q1X703  [L=199]
Scores for complete sequence (score includes all domains):
   --- full sequence ---   --- best 1 domain ---    -#dom-
    E-value  score  bias    E-value  score  bias    exp  N  Model    Description
    ------- ------ -----    ------- ------ -----   ---- --  -------- -----------
    1.7e-34  118.5   1.5    2.3e-34  118.2   1.5    1.2  1  NGF       Nerve growth factor family


Domain annotation for each model:
>> NGF  Nerve growth factor family
   #    score  bias  c-Evalue  i-Evalue hmmfrom  hmm to    alifrom  ali to    envfrom  env to     acc
 ---   ------ ----- --------- --------- ------- -------    ------- -------    ------- -------    ----
   1 !  118.2   1.5     1e-38   2.3e-34       2      91 ..     106     196 ..     105     199 .] 0.93



Internal pipeline statistics summary:
-------------------------------------
Query sequence(s):                         1  (199 residues searched)
Target model(s):                       21979  (3587873 nodes)
Passed MSV filter:                       706  (0.0321216); expected 439.6 (0.02)
Passed bias filter:                      577  (0.0262523); expected 439.6 (0.02)
Passed Vit filter:                        29  (0.00131944); expected 22.0 (0.001)
Passed Fwd filter:                         2  (9.0996e-05); expected 0.2 (1e-05)
Initial search space (Z):              21979  [actual number of targets]
Domain search space  (domZ):               1  [number of targets reported over threshold]
# CPU time: 0.23u 0.12s 00:00:00.35 Elapsed: 00:00:00.35
# Mc/sec: 2039.94
//
Query:       negative|Q5XI64  [L=337]
Scores for complete sequence (score includes all domains):
   --- full sequence ---   --- best 1 domain ---    -#dom-
    E-value  score  bias    E-value  score  bias    exp  N  Model         Description
    ------- ------ -----    ------- ------ -----   ---- --  --------      -----------
    1.3e-28  100.6   0.0    2.1e-28   99.9   0.0    1.4  1  Abhydrolase_1  alpha/beta hydrolase fold
    4.1e-19   70.4   0.0    6.9e-19   69.6   0.0    1.4  1  Abhydrolase_6  Alpha/beta hydrolase family
    4.3e-16   59.2   0.0    7.7e-16   58.4   0.0    1.5  1  Hydrolase_4    Serine aminopeptidase, S33
      3e-06   26.4   0.1    7.7e-06   25.1   0.1    1.6  1  Ndr            Ndr family


Domain annotation for each model:
>> Abhydrolase_1  alpha/beta hydrolase fold
   #    score  bias  c-Evalue  i-Evalue hmmfrom  hmm to    alifrom  ali to    envfrom  env to     acc
 ---   ------ ----- --------- --------- ------- -------    ------- -------    ------- -------    ----
   1 !   99.9   0.0   3.8e-32   2.1e-28       1     245 []      72     313 ..      72     313 .. 0.86

>> Abhydrolase_6  Alpha/beta hydrolase family
   #    score  bias  c-Evalue  i-Evalue hmmfrom  hmm to    alifrom  ali to    envfrom  env to     acc
 ---   ------ ----- --------- --------- ------- -------    ------- -------    ------- -------    ----
   1 !   69.6   0.0   1.3e-22   6.9e-19       1     216 [.      74     318 ..      74     319 .. 0.63

>> Hydrolase_4  Serine aminopeptidase, S33
   #    score  bias  c-Evalue  i-Evalue hmmfrom  hmm to    alifrom  ali to    envfrom  env to     acc
 ---   ------ ----- --------- --------- ------- -------    ------- -------    ------- -------    ----
   1 !   58.4   0.0   1.4e-19   7.7e-16       3     238 ..      70     312 ..      68     313 .. 0.81

>> Ndr  Ndr family
   #    score  bias  c-Evalue  i-Evalue hmmfrom  hmm to    alifrom  ali to    envfrom  env to     acc
 ---   ------ ----- --------- --------- ------- -------    ------- -------    ------- -------    ----
   1 !   25.1   0.1   1.4e-09   7.7e-06      52     276 ..      94     324 ..      79     327 .. 0.77



Internal pipeline statistics summary:
-------------------------------------
Query sequence(s):                         1  (337 residues searched)
Target model(s):                       21979  (3587873 nodes)
Passed MSV filter:                       821  (0.0373538); expected 439.6 (0.02)
Passed bias filter:                      735  (0.033441); expected 439.6 (0.02)
Passed Vit filter:                        76  (0.00345785); expected 22.0 (0.001)
Passed Fwd filter:                        13  (0.000591474); expected 0.2 (1e-05)
Initial search space (Z):              21979  [actual number of targets]
Domain search space  (domZ):               4  [number of targets reported over threshold]
# CPU time: 0.27u 0.15s 00:00:00.42 Elapsed: 00:00:00.42
# Mc/sec: 2857.99
//
Query:       negative|P11218  [L=372]
Scores for complete sequence (score includes all domains):
   --- full sequence ---   --- best 1 domain ---    -#dom-
    E-value  score  bias    E-value  score  bias    exp  N  Model          Description
    ------- ------ -----    ------- ------ -----   ---- --  --------       -----------
    2.2e-77  260.2   0.2    2.2e-77  260.2   0.2    1.7  1  Glyco_hydro_19  Chitinase class I
    8.6e-15   55.1  53.1    9.3e-09   35.8  19.3    3.5  1  Chitin_bind_1   Chitin recognition protein


Domain annotation for each model:
>> Glyco_hydro_19  Chitinase class I
   #    score  bias  c-Evalue  i-Evalue hmmfrom  hmm to    alifrom  ali to    envfrom  env to     acc
 ---   ------ ----- --------- --------- ------- -------    ------- -------    ------- -------    ----
   1 !  260.2   0.2     2e-81   2.2e-77       1     230 [.     133     351 ..     133     353 .. 0.93

>> Chitin_bind_1  Chitin recognition protein
   #    score  bias  c-Evalue  i-Evalue hmmfrom  hmm to    alifrom  ali to    envfrom  env to     acc
 ---   ------ ----- --------- --------- ------- -------    ------- -------    ------- -------    ----
   1 !   35.8  19.3   8.4e-13   9.3e-09       1      38 []      25      62 ..      25      62 .. 0.98



Internal pipeline statistics summary:
-------------------------------------
Query sequence(s):                         1  (372 residues searched)
Target model(s):                       21979  (3587873 nodes)
Passed MSV filter:                       560  (0.0254789); expected 439.6 (0.02)
Passed bias filter:                      285  (0.0129669); expected 439.6 (0.02)
Passed Vit filter:                        21  (0.000955457); expected 22.0 (0.001)
Passed Fwd filter:                         2  (9.0996e-05); expected 0.2 (1e-05)
Initial search space (Z):              21979  [actual number of targets]
Domain search space  (domZ):               2  [number of targets reported over threshold]
# CPU time: 0.22u 0.14s 00:00:00.36 Elapsed: 00:00:00.36
# Mc/sec: 3622.28
//
Query:       negative|Q0RQS0  [L=575]
Scores for complete sequence (score includes all domains):
   --- full sequence ---   --- best 1 domain ---    -#dom-
    E-value  score  bias    E-value  score  bias    exp  N  Model        Description
    ------- ------ -----    ------- ------ -----   ---- --  --------     -----------
    4.2e-72  243.5   0.7    5.5e-72  243.2   0.7    1.1  1  Amidohydro_1  Amidohydrolase family
    8.6e-51  171.6   0.3    1.4e-50  170.9   0.3    1.4  1  Urease_alpha  Urease alpha-subunit, N-terminal domain
    5.6e-09   36.2   9.3    1.1e-07   32.1   5.9    2.2  1  Amidohydro_3  Amidohydrolase family


Domain annotation for each model:
>> Amidohydro_1  Amidohydrolase family
   #    score  bias  c-Evalue  i-Evalue hmmfrom  hmm to    alifrom  ali to    envfrom  env to     acc
 ---   ------ ----- --------- --------- ------- -------    ------- -------    ------- -------    ----
   1 !  243.2   0.7   7.4e-76   5.5e-72       1     340 [.     134     461 ..     134     472 .. 0.98

>> Urease_alpha  Urease alpha-subunit, N-terminal domain
   #    score  bias  c-Evalue  i-Evalue hmmfrom  hmm to    alifrom  ali to    envfrom  env to     acc
 ---   ------ ----- --------- --------- ------- -------    ------- -------    ------- -------    ----
   1 !  170.9   0.3     2e-54   1.4e-50       2     121 .]       3     128 ..       2     128 .. 0.96

>> Amidohydro_3  Amidohydrolase family
   #    score  bias  c-Evalue  i-Evalue hmmfrom  hmm to    alifrom  ali to    envfrom  env to     acc
 ---   ------ ----- --------- --------- ------- -------    ------- -------    ------- -------    ----
   1 !   32.1   5.9   1.4e-11   1.1e-07     258     454 ..     233     453 ..     152     462 .. 0.80



Internal pipeline statistics summary:
-------------------------------------
Query sequence(s):                         1  (575 residues searched)
Target model(s):                       21979  (3587873 nodes)
Passed MSV filter:                       308  (0.0140134); expected 439.6 (0.02)
Passed bias filter:                      260  (0.0118295); expected 439.6 (0.02)
Passed Vit filter:                        18  (0.000818964); expected 22.0 (0.001)
Passed Fwd filter:                         3  (0.000136494); expected 0.2 (1e-05)
Initial search space (Z):              21979  [actual number of targets]
Domain search space  (domZ):               3  [number of targets reported over threshold]
# CPU time: 0.27u 0.14s 00:00:00.41 Elapsed: 00:00:00.40
# Mc/sec: 5116.83
//
Query:       negative|Q8IV16  [L=184]
Scores for complete sequence (score includes all domains):
   --- full sequence ---   --- best 1 domain ---    -#dom-
    E-value  score  bias    E-value  score  bias    exp  N  Model    Description
    ------- ------ -----    ------- ------ -----   ---- --  -------- -----------
    0.00023   22.1  19.5    0.00031   21.7  19.5    1.2  1  UPAR_LY6  u-PAR/Ly-6 domain


Domain annotation for each model:
>> UPAR_LY6  u-PAR/Ly-6 domain
   #    score  bias  c-Evalue  i-Evalue hmmfrom  hmm to    alifrom  ali to    envfrom  env to     acc
 ---   ------ ----- --------- --------- ------- -------    ------- -------    ------- -------    ----
   1 !   21.7  19.5   1.4e-08   0.00031       1      77 []      65     137 ..      65     137 .. 0.92



Internal pipeline statistics summary:
-------------------------------------
Query sequence(s):                         1  (184 residues searched)
Target model(s):                       21979  (3587873 nodes)
Passed MSV filter:                      1089  (0.0495473); expected 439.6 (0.02)
Passed bias filter:                      581  (0.0264343); expected 439.6 (0.02)
Passed Vit filter:                        93  (0.00423131); expected 22.0 (0.001)
Passed Fwd filter:                         7  (0.000318486); expected 0.2 (1e-05)
Initial search space (Z):              21979  [actual number of targets]
Domain search space  (domZ):               1  [number of targets reported over threshold]
# CPU time: 0.23u 0.14s 00:00:00.37 Elapsed: 00:00:00.37
# Mc/sec: 1783.25
//
Query:       negative|P00782  [L=382]
Scores for complete sequence (score includes all domains):
   --- full sequence ---   --- best 1 domain ---    -#dom-
    E-value  score  bias    E-value  score  bias    exp  N  Model                  Description
    ------- ------ -----    ------- ------ -----   ---- --  --------               -----------
    1.2e-72  245.0  17.7    1.7e-72  244.4  17.7    1.2  1  Peptidase_S8            Subtilase family
    1.4e-05   25.6   1.7    3.5e-05   24.4   1.7    1.7  1  Fervidolysin_NPro-like  Fervidolysin N-terminal prodomain
      2e-05   25.5   2.0    8.8e-05   23.4   1.7    2.1  1  Inhibitor_I9            Peptidase inhibitor I9


Domain annotation for each model:
>> Peptidase_S8  Subtilase family
   #    score  bias  c-Evalue  i-Evalue hmmfrom  hmm to    alifrom  ali to    envfrom  env to     acc
 ---   ------ ----- --------- --------- ------- -------    ------- -------    ------- -------    ----
   1 !  244.4  17.7   2.4e-76   1.7e-72       1     288 []     130     373 ..     130     373 .. 0.92

>> Fervidolysin_NPro-like  Fervidolysin N-terminal prodomain
   #    score  bias  c-Evalue  i-Evalue hmmfrom  hmm to    alifrom  ali to    envfrom  env to     acc
 ---   ------ ----- --------- --------- ------- -------    ------- -------    ------- -------    ----
   1 !   24.4   1.7   4.7e-09   3.5e-05      21      79 ..      41      99 ..      27     101 .. 0.95

>> Inhibitor_I9  Peptidase inhibitor I9
   #    score  bias  c-Evalue  i-Evalue hmmfrom  hmm to    alifrom  ali to    envfrom  env to     acc
 ---   ------ ----- --------- --------- ------- -------    ------- -------    ------- -------    ----
   1 !   23.4   1.7   1.2e-08   8.8e-05       2      80 ..      40     105 ..      39     107 .. 0.75



Internal pipeline statistics summary:
-------------------------------------
Query sequence(s):                         1  (382 residues searched)
Target model(s):                       21979  (3587873 nodes)
Passed MSV filter:                       838  (0.0381273); expected 439.6 (0.02)
Passed bias filter:                      511  (0.0232495); expected 439.6 (0.02)
Passed Vit filter:                        45  (0.00204741); expected 22.0 (0.001)
Passed Fwd filter:                         3  (0.000136494); expected 0.2 (1e-05)
Initial search space (Z):              21979  [actual number of targets]
Domain search space  (domZ):               3  [number of targets reported over threshold]
# CPU time: 0.25u 0.14s 00:00:00.39 Elapsed: 00:00:00.38
# Mc/sec: 3549.71
//
Query:       negative|B9URJ1  [L=219]
Scores for complete sequence (score includes all domains):
   --- full sequence ---   --- best 1 domain ---    -#dom-
    E-value  score  bias    E-value  score  bias    exp  N  Model    Description
    ------- ------ -----    ------- ------ -----   ---- --  -------- -----------
    4.6e-19   69.7   0.0    7.9e-19   68.9   0.0    1.3  1  CAP       Cysteine-rich secretory protein family


Domain annotation for each model:
>> CAP  Cysteine-rich secretory protein family
   #    score  bias  c-Evalue  i-Evalue hmmfrom  hmm to    alifrom  ali to    envfrom  env to     acc
 ---   ------ ----- --------- --------- ------- -------    ------- -------    ------- -------    ----
   1 !   68.9   0.0   3.6e-23   7.9e-19       1     113 [.      73     211 ..      73     216 .. 0.93



Internal pipeline statistics summary:
-------------------------------------
Query sequence(s):                         1  (219 residues searched)
Target model(s):                       21979  (3587873 nodes)
Passed MSV filter:                       583  (0.0265253); expected 439.6 (0.02)
Passed bias filter:                      449  (0.0204286); expected 439.6 (0.02)
Passed Vit filter:                        32  (0.00145594); expected 22.0 (0.001)
Passed Fwd filter:                         1  (4.5498e-05); expected 0.2 (1e-05)
Initial search space (Z):              21979  [actual number of targets]
Domain search space  (domZ):               1  [number of targets reported over threshold]
# CPU time: 0.23u 0.11s 00:00:00.34 Elapsed: 00:00:00.34
# Mc/sec: 2251.51
//
Query:       negative|P29121  [L=655]
Scores for complete sequence (score includes all domains):
   --- full sequence ---   --- best 1 domain ---    -#dom-
    E-value  score  bias    E-value  score  bias    exp  N  Model         Description
    ------- ------ -----    ------- ------ -----   ---- --  --------      -----------
    1.4e-55  188.9   0.1    1.9e-55  188.5   0.1    1.2  1  Peptidase_S8   Subtilase family
    3.4e-25   88.7   2.4    1.4e-24   86.7   2.4    2.1  1  S8_pro-domain  Peptidase S8 pro-domain
    6.9e-22   77.6   0.0    1.2e-21   76.9   0.0    1.4  1  P_proprotein   Proprotein convertase P-domain


Domain annotation for each model:
>> Peptidase_S8  Subtilase family
   #    score  bias  c-Evalue  i-Evalue hmmfrom  hmm to    alifrom  ali to    envfrom  env to     acc
 ---   ------ ----- --------- --------- ------- -------    ------- -------    ------- -------    ----
   1 !  188.5   0.1   2.6e-59   1.9e-55       1     288 []     146     429 ..     146     429 .. 0.90

>> S8_pro-domain  Peptidase S8 pro-domain
   #    score  bias  c-Evalue  i-Evalue hmmfrom  hmm to    alifrom  ali to    envfrom  env to     acc
 ---   ------ ----- --------- --------- ------- -------    ------- -------    ------- -------    ----
   1 !   86.7   2.4   1.9e-28   1.4e-24       1      79 []      34     110 ..      34     110 .. 0.98

>> P_proprotein  Proprotein convertase P-domain
   #    score  bias  c-Evalue  i-Evalue hmmfrom  hmm to    alifrom  ali to    envfrom  env to     acc
 ---   ------ ----- --------- --------- ------- -------    ------- -------    ------- -------    ----
   1 !   76.9   0.0   1.6e-25   1.2e-21       1      84 [.     488     572 ..     488     574 .. 0.95



Internal pipeline statistics summary:
-------------------------------------
Query sequence(s):                         1  (655 residues searched)
Target model(s):                       21979  (3587873 nodes)
Passed MSV filter:                       523  (0.0237954); expected 439.6 (0.02)
Passed bias filter:                      437  (0.0198826); expected 439.6 (0.02)
Passed Vit filter:                        31  (0.00141044); expected 22.0 (0.001)
Passed Fwd filter:                         3  (0.000136494); expected 0.2 (1e-05)
Initial search space (Z):              21979  [actual number of targets]
Domain search space  (domZ):               3  [number of targets reported over threshold]
# CPU time: 0.30u 0.13s 00:00:00.43 Elapsed: 00:00:00.42
# Mc/sec: 5539.28
//
Query:       negative|Q3UMC0  [L=893]
Scores for complete sequence (score includes all domains):
   --- full sequence ---   --- best 1 domain ---    -#dom-
    E-value  score  bias    E-value  score  bias    exp  N  Model        Description
    ------- ------ -----    ------- ------ -----   ---- --  --------     -----------
    4.6e-92  305.6   0.0    4.4e-45  153.6   0.0    2.6  2  AAA           ATPase family associated with various cellular 
    1.5e-25   88.6   0.6      2e-11   43.5   0.0    2.9  2  AAA_lid_3     AAA+ lid domain
      1e-13   51.7   0.0    8.3e-07   29.2   0.0    3.2  1  RuvB_N        Holliday junction DNA helicase RuvB P-loop doma
    3.5e-12   47.4   0.4    1.8e-06   28.9   0.1    3.8  0  AAA_16        AAA ATPase domain
    2.6e-10   40.7   0.2    0.00063   20.0   0.0    3.4  0  AAA_5         AAA domain (dynein-related subfamily)
    8.9e-10   38.5   0.0    0.00033   20.2   0.0    2.5  0  TIP49         TIP49 P-loop domain
    4.3e-08   33.8   0.5     0.0046   17.5   0.0    4.4  0  AAA_22        AAA domain
    4.6e-07   29.7   0.4      0.013   15.2   0.1    2.7  0  Mg_chelatase  Magnesium chelatase, subunit ChlI
    8.8e-07   29.6   0.0      0.015   15.8   0.0    2.4  0  AAA_28        AAA domain
    1.5e-06   28.9   0.0      0.012   16.2   0.0    2.8  0  AAA_33        AAA domain
    1.1e-05   26.2   0.0        0.1   13.3   0.0    2.5  0  RNA_helicase  RNA helicase
    1.8e-05   25.1   0.0      0.019   15.2   0.0    2.8  0  Rad17         Rad17 P-loop domain
    1.3e-05   24.6   0.1      0.013   14.7   0.0    2.2  0  Parvo_NS1     Parvovirus non-structural protein NS1


Domain annotation for each model:
>> AAA  ATPase family associated with various cellular activities (AAA)
   #    score  bias  c-Evalue  i-Evalue hmmfrom  hmm to    alifrom  ali to    envfrom  env to     acc
 ---   ------ ----- --------- --------- ------- -------    ------- -------    ------- -------    ----
   1 !  149.4   0.0   5.4e-47   9.1e-44       1     130 [.     390     522 ..     390     523 .. 0.98
   2 !  153.6   0.0   2.6e-48   4.4e-45       1     131 []     664     796 ..     664     796 .. 0.97

>> AAA_lid_3  AAA+ lid domain
   #    score  bias  c-Evalue  i-Evalue hmmfrom  hmm to    alifrom  ali to    envfrom  env to     acc
 ---   ------ ----- --------- --------- ------- -------    ------- -------    ------- -------    ----
   1 !   43.5   0.0   1.2e-14     2e-11       4      36 ..     549     581 ..     546     588 .. 0.91
   2 !   42.2   0.3   2.9e-14     5e-11       2      43 ..     819     862 ..     818     864 .. 0.89

>> RuvB_N  Holliday junction DNA helicase RuvB P-loop domain
   #    score  bias  c-Evalue  i-Evalue hmmfrom  hmm to    alifrom  ali to    envfrom  env to     acc
 ---   ------ ----- --------- --------- ------- -------    ------- -------    ------- -------    ----
   1 !   29.2   0.0   4.9e-10   8.3e-07      36     101 ..     390     463 ..     385     521 .. 0.75

>> AAA_16  AAA ATPase domain
   [No individual domains that satisfy reporting thresholds (although complete target did)]

>> AAA_5  AAA domain (dynein-related subfamily)
   [No individual domains that satisfy reporting thresholds (although complete target did)]

>> TIP49  TIP49 P-loop domain
   [No individual domains that satisfy reporting thresholds (although complete target did)]

>> AAA_22  AAA domain
   [No individual domains that satisfy reporting thresholds (although complete target did)]

>> Mg_chelatase  Magnesium chelatase, subunit ChlI
   [No individual domains that satisfy reporting thresholds (although complete target did)]

>> AAA_28  AAA domain
   [No individual domains that satisfy reporting thresholds (although complete target did)]

>> AAA_33  AAA domain
   [No individual domains that satisfy reporting thresholds (although complete target did)]

>> RNA_helicase  RNA helicase
   [No individual domains that satisfy reporting thresholds (although complete target did)]

>> Rad17  Rad17 P-loop domain
   [No individual domains that satisfy reporting thresholds (although complete target did)]

>> Parvo_NS1  Parvovirus non-structural protein NS1
   [No individual domains that satisfy reporting thresholds (although complete target did)]



Internal pipeline statistics summary:
-------------------------------------
Query sequence(s):                         1  (893 residues searched)
Target model(s):                       21979  (3587873 nodes)
Passed MSV filter:                       506  (0.023022); expected 439.6 (0.02)
Passed bias filter:                      471  (0.0214295); expected 439.6 (0.02)
Passed Vit filter:                        90  (0.00409482); expected 22.0 (0.001)
Passed Fwd filter:                        42  (0.00191091); expected 0.2 (1e-05)
Initial search space (Z):              21979  [actual number of targets]
Domain search space  (domZ):              13  [number of targets reported over threshold]
# CPU time: 0.43u 0.14s 00:00:00.57 Elapsed: 00:00:00.57
# Mc/sec: 5582.94
//
Query:       negative|A6TAC7  [L=288]
Scores for complete sequence (score includes all domains):
   --- full sequence ---   --- best 1 domain ---    -#dom-
    E-value  score  bias    E-value  score  bias    exp  N  Model         Description
    ------- ------ -----    ------- ------ -----   ---- --  --------      -----------
    4.3e-26   92.3   0.3    4.4e-24   85.8   0.3    2.1  1  Abhydrolase_1  alpha/beta hydrolase fold
    8.7e-22   79.1   0.2      1e-21   78.9   0.2    1.0  1  Abhydrolase_6  Alpha/beta hydrolase family
    2.9e-13   50.0   0.0    1.3e-12   47.8   0.0    1.9  1  Hydrolase_4    Serine aminopeptidase, S33


Domain annotation for each model:
>> Abhydrolase_1  alpha/beta hydrolase fold
   #    score  bias  c-Evalue  i-Evalue hmmfrom  hmm to    alifrom  ali to    envfrom  env to     acc
 ---   ------ ----- --------- --------- ------- -------    ------- -------    ------- -------    ----
   1 !   85.8   0.3     6e-28   4.4e-24       2     245 .]      37     274 ..      36     274 .. 0.77

>> Abhydrolase_6  Alpha/beta hydrolase family
   #    score  bias  c-Evalue  i-Evalue hmmfrom  hmm to    alifrom  ali to    envfrom  env to     acc
 ---   ------ ----- --------- --------- ------- -------    ------- -------    ------- -------    ----
   1 !   78.9   0.2   1.4e-25     1e-21       1     215 [.      38     278 ..      38     280 .. 0.67

>> Hydrolase_4  Serine aminopeptidase, S33
   #    score  bias  c-Evalue  i-Evalue hmmfrom  hmm to    alifrom  ali to    envfrom  env to     acc
 ---   ------ ----- --------- --------- ------- -------    ------- -------    ------- -------    ----
   1 !   47.8   0.0   1.8e-16   1.3e-12       4     232 ..      35     267 ..      32     273 .. 0.76



Internal pipeline statistics summary:
-------------------------------------
Query sequence(s):                         1  (288 residues searched)
Target model(s):                       21979  (3587873 nodes)
Passed MSV filter:                       449  (0.0204286); expected 439.6 (0.02)
Passed bias filter:                      436  (0.0198371); expected 439.6 (0.02)
Passed Vit filter:                        43  (0.00195641); expected 22.0 (0.001)
Passed Fwd filter:                         6  (0.000272988); expected 0.2 (1e-05)
Initial search space (Z):              21979  [actual number of targets]
Domain search space  (domZ):               3  [number of targets reported over threshold]
# CPU time: 0.26u 0.13s 00:00:00.39 Elapsed: 00:00:00.38
# Mc/sec: 2703.24
//
Query:       negative|Q9DBY8  [L=855]
Scores for complete sequence (score includes all domains):
   --- full sequence ---   --- best 1 domain ---    -#dom-
    E-value  score  bias    E-value  score  bias    exp  N  Model           Description
    ------- ------ -----    ------- ------ -----   ---- --  --------        -----------
    3.5e-95  315.7   0.0    1.5e-47  161.6   0.0    2.5  2  AAA              ATPase family associated with various cellul
    9.3e-27   93.0   0.2    2.7e-26   91.5   0.2    1.9  1  Nucleolin_bd     Nucleolin binding domain
    5.4e-26   90.0   0.5    2.4e-12   46.4   0.0    2.7  2  AAA_lid_3        AAA+ lid domain
    4.5e-14   52.8   0.0    1.4e-06   28.4   0.0    3.1  1  RuvB_N           Holliday junction DNA helicase RuvB P-loop d
    8.3e-12   46.2   6.0      0.012   16.3   0.1    5.2  0  AAA_16           AAA ATPase domain
    3.3e-10   40.4   1.4    8.7e-05   22.8   0.1    3.7  1  AAA_5            AAA domain (dynein-related subfamily)
    4.6e-10   40.2   0.3       0.11   13.1   0.0    4.8  0  AAA_22           AAA domain
      2e-09   38.2   0.1     0.0097   16.5   0.0    3.9  0  AAA_33           AAA domain
    1.6e-09   38.1   0.0     0.0014   18.9   0.0    2.5  0  AAA_14           AAA domain
    3.4e-09   37.2   0.0     0.0044   17.4   0.0    3.8  0  AAA_2            AAA domain (Cdc48 subfamily)
    2.4e-09   37.1   0.0     0.0023   17.4   0.0    2.3  0  TIP49            TIP49 P-loop domain
    2.6e-07   31.3   0.0       0.03   14.8   0.0    2.5  0  AAA_28           AAA domain
    4.3e-07   30.6   0.0      0.044   14.5   0.0    3.0  0  RNA_helicase     RNA helicase
    3.9e-07   30.2   0.0       0.02   14.9   0.0    2.5  0  nSTAND3          Novel STAND NTPase 3
    1.4e-06   28.2   0.5      0.053   13.2   0.0    2.4  0  Mg_chelatase     Magnesium chelatase, subunit ChlI
    6.5e-06   27.1   0.0       0.16   12.8   0.0    3.2  0  ABC_tran         ABC transporter
    2.7e-05   24.0   0.1      0.023   14.4   0.0    2.7  0  Zeta_toxin       Zeta toxin
    9.5e-05   22.6   0.0       0.51   10.4   0.0    2.4  0  Viral_helicase1  Viral (Superfamily 1) RNA helicase


Domain annotation for each model:
>> AAA  ATPase family associated with various cellular activities (AAA)
   #    score  bias  c-Evalue  i-Evalue hmmfrom  hmm to    alifrom  ali to    envfrom  env to     acc
 ---   ------ ----- --------- --------- ------- -------    ------- -------    ------- -------    ----
   1 !  151.7   0.0   1.4e-47   1.7e-44       1     129 [.     300     431 ..     300     433 .. 0.98
   2 !  161.6   0.0   1.2e-50   1.5e-47       1     130 [.     617     746 ..     617     747 .. 0.98

>> Nucleolin_bd  Nucleolin binding domain
   #    score  bias  c-Evalue  i-Evalue hmmfrom  hmm to    alifrom  ali to    envfrom  env to     acc
 ---   ------ ----- --------- --------- ------- -------    ------- -------    ------- -------    ----
   1 !   91.5   0.2   2.2e-29   2.7e-26       1      69 [.       2      71 ..       2      72 .. 0.97

>> AAA_lid_3  AAA+ lid domain
   #    score  bias  c-Evalue  i-Evalue hmmfrom  hmm to    alifrom  ali to    envfrom  env to     acc
 ---   ------ ----- --------- --------- ------- -------    ------- -------    ------- -------    ----
   1 !   46.4   0.0     2e-15   2.4e-12       3      37 ..     457     491 ..     455     499 .. 0.87
   2 !   41.0   0.3     1e-13   1.2e-10       1      37 [.     772     810 ..     772     814 .. 0.95

>> RuvB_N  Holliday junction DNA helicase RuvB P-loop domain
   #    score  bias  c-Evalue  i-Evalue hmmfrom  hmm to    alifrom  ali to    envfrom  env to     acc
 ---   ------ ----- --------- --------- ------- -------    ------- -------    ------- -------    ----
   1 !   28.4   0.0   1.2e-09   1.4e-06      36     150 ..     300     420 ..     294     429 .. 0.74

>> AAA_16  AAA ATPase domain
   [No individual domains that satisfy reporting thresholds (although complete target did)]

>> AAA_5  AAA domain (dynein-related subfamily)
   #    score  bias  c-Evalue  i-Evalue hmmfrom  hmm to    alifrom  ali to    envfrom  env to     acc
 ---   ------ ----- --------- --------- ------- -------    ------- -------    ------- -------    ----
   1 !   22.8   0.1   7.2e-08   8.7e-05       1     137 [.     299     421 ..     299     422 .. 0.73

>> AAA_22  AAA domain
   [No individual domains that satisfy reporting thresholds (although complete target did)]

>> AAA_33  AAA domain
   [No individual domains that satisfy reporting thresholds (although complete target did)]

>> AAA_14  AAA domain
   [No individual domains that satisfy reporting thresholds (although complete target did)]

>> AAA_2  AAA domain (Cdc48 subfamily)
   [No individual domains that satisfy reporting thresholds (although complete target did)]

>> TIP49  TIP49 P-loop domain
   [No individual domains that satisfy reporting thresholds (although complete target did)]

>> AAA_28  AAA domain
   [No individual domains that satisfy reporting thresholds (although complete target did)]

>> RNA_helicase  RNA helicase
   [No individual domains that satisfy reporting thresholds (although complete target did)]

>> nSTAND3  Novel STAND NTPase 3
   [No individual domains that satisfy reporting thresholds (although complete target did)]

>> Mg_chelatase  Magnesium chelatase, subunit ChlI
   [No individual domains that satisfy reporting thresholds (although complete target did)]

>> ABC_tran  ABC transporter
   [No individual domains that satisfy reporting thresholds (although complete target did)]

>> Zeta_toxin  Zeta toxin
   [No individual domains that satisfy reporting thresholds (although complete target did)]

>> Viral_helicase1  Viral (Superfamily 1) RNA helicase
   [No individual domains that satisfy reporting thresholds (although complete target did)]



Internal pipeline statistics summary:
-------------------------------------
Query sequence(s):                         1  (855 residues searched)
Target model(s):                       21979  (3587873 nodes)
Passed MSV filter:                      1189  (0.0540971); expected 439.6 (0.02)
Passed bias filter:                      812  (0.0369444); expected 439.6 (0.02)
Passed Vit filter:                       121  (0.00550526); expected 22.0 (0.001)
Passed Fwd filter:                        47  (0.0021384); expected 0.2 (1e-05)
Initial search space (Z):              21979  [actual number of targets]
Domain search space  (domZ):              18  [number of targets reported over threshold]
# CPU time: 0.47u 0.14s 00:00:00.61 Elapsed: 00:00:00.61
# Mc/sec: 4954.07
//
[ok]
