protein_id	class_name	length	A	C	D	E	F	G	H	I	K	L	M	N	P	Q	R	S	T	V	W	Y
A0A023VZR2	positive	206	0.087378640776699032	0.038834951456310676	0.063106796116504854	0.14077669902912621	0.038834951456310676	0.019417475728155338	0.0097087378640776691	0.019417475728155338	0.067961165048543687	0.07281553398058252	0.024271844660194174	0.067961165048543687	0.014563106796116505	0.033980582524271843	0.12621359223300971	0.048543689320388349	0.024271844660194174	0.043689320388349516	0.048543689320388349	0.0097087378640776691
A0A068B409	positive	40	0.074999999999999997	0.10000000000000001	0.125	0.050000000000000003	0.025000000000000001	0.074999999999999997	0.025000000000000001	0.050000000000000003	0.025000000000000001	0	0.025000000000000001	0.025000000000000001	0.10000000000000001	0	0.14999999999999999	0.050000000000000003	0.025000000000000001	0.050000000000000003	0	0.025000000000000001
A0A0A0VBR5	positive	71	0.098591549295774641	0.098591549295774641	0.028169014084507043	0.056338028169014086	0.070422535211267609	0.042253521126760563	0.042253521126760563	0.042253521126760563	0.042253521126760563	0.098591549295774641	0.070422535211267609	0.014084507042253521	0.028169014084507043	0.042253521126760563	0.014084507042253521	0.084507042253521125	0.028169014084507043	0.056338028169014086	0	0.042253521126760563
A0A1D0C0W1	positive	132	0.10606060606060606	0.090909090909090912	0.053030303030303032	0.12121212121212122	0.03787878787878788	0.030303030303030304	0.007575757575757576	0.015151515151515152	0.12878787878787878	0.098484848484848481	0.045454545454545456	0.007575757575757576	0.030303030303030304	0.007575757575757576	0.030303030303030304	0.045454545454545456	0.053030303030303032	0.068181818181818177	0.007575757575757576	0.015151515151515152
A0A1L9X9H4	negative	524	0.11641221374045801	0.0095419847328244278	0.059160305343511452	0.034351145038167941	0.055343511450381681	0.074427480916030533	0.020992366412213741	0.026717557251908396	0.032442748091603052	0.076335877862595422	0.020992366412213741	0.057251908396946563	0.041984732824427481	0.041984732824427481	0.028625954198473282	0.099236641221374045	0.076335877862595422	0.057251908396946563	0.019083969465648856	0.051526717557251911
A0A1Q1NL17	positive	101	0.099009900990099015	0.089108910891089105	0.029702970297029702	0.039603960396039604	0.049504950495049507	0.079207920792079209	0.019801980198019802	0.039603960396039604	0.049504950495049507	0.059405940594059403	0.029702970297029702	0.059405940594059403	0.059405940594059403	0.0099009900990099011	0.019801980198019802	0.069306930693069313	0.099009900990099015	0.039603960396039604	0.029702970297029702	0.029702970297029702
A0A1S4HE90	positive	354	0.076271186440677971	0.022598870056497175	0.084745762711864403	0.064971751412429377	0.053672316384180789	0.025423728813559324	0.033898305084745763	0.042372881355932202	0.033898305084745763	0.11016949152542373	0.01977401129943503	0.050847457627118647	0.028248587570621469	0.062146892655367235	0.070621468926553674	0.081920903954802254	0.03954802259887006	0.056497175141242938	0.011299435028248588	0.031073446327683617
A0A224AHH8	negative	133	0.12030075187969924	0.045112781954887216	0.03007518796992481	0.060150375939849621	0.037593984962406013	0.060150375939849621	0.022556390977443608	0.0075187969924812026	0.052631578947368418	0.090225563909774431	0.0075187969924812026	0.037593984962406013	0.022556390977443608	0.037593984962406013	0.022556390977443608	0.067669172932330823	0.12781954887218044	0.10526315789473684	0.0075187969924812026	0.037593984962406013
A0A3G5BIC2	positive	80	0.10000000000000001	0.074999999999999997	0.012500000000000001	0.074999999999999997	0.037499999999999999	0.050000000000000003	0.012500000000000001	0.037499999999999999	0.050000000000000003	0.13750000000000001	0.037499999999999999	0.025000000000000001	0.025000000000000001	0.0625	0.037499999999999999	0.087499999999999994	0.025000000000000001	0.087499999999999994	0	0.025000000000000001
A0A5C1ZXT8	positive	178	0.095505617977528087	0.06741573033707865	0.0449438202247191	0.033707865168539325	0.033707865168539325	0.050561797752808987	0.0449438202247191	0.02247191011235955	0.073033707865168537	0.11235955056179775	0.016853932584269662	0.0449438202247191	0.039325842696629212	0.028089887640449437	0.050561797752808987	0.073033707865168537	0.078651685393258425	0.0449438202247191	0.02247191011235955	0.02247191011235955
A0A6B9KZ90	positive	628	0.070063694267515922	0.023885350318471339	0.071656050955414011	0.13535031847133758	0.030254777070063694	0.057324840764331211	0.0047770700636942673	0.046178343949044583	0.15605095541401273	0.11624203821656051	0.015923566878980892	0.030254777070063694	0.015923566878980892	0.041401273885350316	0.014331210191082803	0.033439490445859872	0.047770700636942678	0.039808917197452227	0.015923566878980892	0.033439490445859872
A0A6G9KHD3	positive	37	0.054054054054054057	0	0.054054054054054057	0.054054054054054057	0.027027027027027029	0.054054054054054057	0	0.13513513513513514	0.081081081081081086	0.10810810810810811	0.081081081081081086	0	0.054054054054054057	0	0	0.027027027027027029	0.13513513513513514	0.13513513513513514	0	0
A0A6M3Z541	positive	53	0.11320754716981132	0	0.056603773584905662	0.056603773584905662	0.075471698113207544	0.11320754716981132	0	0.15094339622641509	0.056603773584905662	0.056603773584905662	0.094339622641509441	0	0.056603773584905662	0.037735849056603772	0.018867924528301886	0.018867924528301886	0.018867924528301886	0.056603773584905662	0	0.018867924528301886
A0A7G2A2Z3	negative	124	0.14516129032258066	0.080645161290322578	0.0080645161290322578	0.0080645161290322578	0.0080645161290322578	0.080645161290322578	0	0.040322580645161289	0.056451612903225805	0.10483870967741936	0.024193548387096774	0.088709677419354843	0.056451612903225805	0.016129032258064516	0.016129032258064516	0.072580645161290328	0.064516129032258063	0.080645161290322578	0	0.048387096774193547
A0A834R821	positive	498	0.052208835341365459	0.012048192771084338	0.050200803212851405	0.052208835341365459	0.058232931726907633	0.032128514056224897	0.024096385542168676	0.084337349397590355	0.054216867469879519	0.11244979919678715	0.030120481927710843	0.060240963855421686	0.044176706827309238	0.056224899598393573	0.044176706827309238	0.10040160642570281	0.040160642570281124	0.054216867469879519	0.012048192771084338	0.026104417670682729
A0A835CKX4	positive	85	0.023529411764705882	0.047058823529411764	0.047058823529411764	0.10588235294117647	0.035294117647058823	0.035294117647058823	0.011764705882352941	0.14117647058823529	0.070588235294117646	0.070588235294117646	0.011764705882352941	0.047058823529411764	0.058823529411764705	0.011764705882352941	0.035294117647058823	0.094117647058823528	0.082352941176470587	0.047058823529411764	0.011764705882352941	0.011764705882352941
A0A8B6XDS4	positive	203	0.10837438423645321	0.019704433497536946	0.044334975369458129	0.049261083743842367	0.044334975369458129	0.12315270935960591	0.009852216748768473	0.054187192118226604	0.064039408866995079	0.068965517241379309	0.014778325123152709	0.049261083743842367	0.019704433497536946	0.014778325123152709	0.029556650246305417	0.088669950738916259	0.049261083743842367	0.068965517241379309	0.029556650246305417	0.049261083743842367
A0A976XK90	positive	140	0.064285714285714279	0.085714285714285715	0.050000000000000003	0.028571428571428571	0.028571428571428571	0.11428571428571428	0.028571428571428571	0.042857142857142858	0.035714285714285712	0.064285714285714279	0.050000000000000003	0.050000000000000003	0.057142857142857141	0.042857142857142858	0.014285714285714285	0.085714285714285715	0.064285714285714279	0.07857142857142857	0	0.014285714285714285
A0L6F0	negative	100	0.11	0	0.040000000000000001	0.10000000000000001	0.01	0.059999999999999998	0.029999999999999999	0.059999999999999998	0.040000000000000001	0.089999999999999997	0.059999999999999998	0.02	0.040000000000000001	0.029999999999999999	0.10000000000000001	0.040000000000000001	0.040000000000000001	0.11	0	0.02
A1B1B9	negative	562	0.1103202846975089	0.01601423487544484	0.060498220640569395	0.062277580071174378	0.021352313167259787	0.12277580071174377	0.033807829181494664	0.074733096085409248	0.019572953736654804	0.074733096085409248	0.035587188612099648	0.021352313167259787	0.053380782918149468	0.030249110320284697	0.065836298932384338	0.035587188612099648	0.074733096085409248	0.064056939501779361	0.0088967971530249119	0.014234875444839857
A1CWF3	negative	403	0.13151364764267989	0	0.047146401985111663	0.039702233250620347	0.02729528535980149	0.10173697270471464	0.022332506203473945	0.064516129032258063	0.047146401985111663	0.062034739454094295	0.0099255583126550868	0.064516129032258063	0.032258064516129031	0.022332506203473945	0.032258064516129031	0.091811414392059559	0.081885856079404462	0.071960297766749379	0.012406947890818859	0.037220843672456573
A1XIH5	negative	400	0.12	0.01	0.072499999999999995	0.035000000000000003	0.0275	0.13	0.02	0.065000000000000002	0.055	0.040000000000000001	0.032500000000000001	0.052499999999999998	0.0275	0.035000000000000003	0.032500000000000001	0.082500000000000004	0.057500000000000002	0.070000000000000007	0.01	0.025000000000000001
A2S877	negative	381	0.13648293963254593	0.007874015748031496	0.076115485564304461	0.044619422572178477	0.052493438320209973	0.07874015748031496	0.036745406824146981	0.03937007874015748	0.023622047244094488	0.081364829396325458	0.023622047244094488	0.041994750656167978	0.041994750656167978	0.015748031496062992	0.068241469816272965	0.05774278215223097	0.036745406824146981	0.073490813648293962	0.013123359580052493	0.049868766404199474
A5IV71	negative	571	0.094570928196147111	0	0.070052539404553416	0.054290718038528897	0.029772329246935202	0.092819614711033269	0.031523642732049037	0.085814360770577927	0.047285464098073555	0.057793345008756568	0.033274956217162872	0.059544658493870403	0.043782837127845885	0.028021015761821366	0.035026269702276708	0.054290718038528897	0.075306479859894915	0.068301225919439573	0.0070052539404553416	0.031523642732049037
A6TAC7	negative	288	0.076388888888888895	0.010416666666666666	0.0625	0.048611111111111112	0.045138888888888888	0.10069444444444445	0.027777777777777776	0.045138888888888888	0.034722222222222224	0.125	0.034722222222222224	0.055555555555555552	0.045138888888888888	0.020833333333333332	0.065972222222222224	0.0625	0.045138888888888888	0.059027777777777776	0.020833333333333332	0.013888888888888888
A7L036	positive	462	0.05844155844155844	0.010822510822510822	0.060606060606060608	0.060606060606060608	0.054112554112554112	0.062770562770562768	0.012987012987012988	0.060606060606060608	0.088744588744588751	0.11688311688311688	0.015151515151515152	0.032467532467532464	0.0367965367965368	0.03896103896103896	0.034632034632034632	0.097402597402597407	0.051948051948051951	0.060606060606060608	0.0064935064935064939	0.03896103896103896
A7RJ12	positive	355	0.10704225352112676	0.042253521126760563	0.04507042253521127	0.053521126760563378	0.014084507042253521	0.061971830985915494	0.016901408450704224	0.016901408450704224	0.09014084507042254	0.030985915492957747	0.0084507042253521118	0.033802816901408447	0.10140845070422536	0.13802816901408452	0.014084507042253521	0.067605633802816895	0.067605633802816895	0.042253521126760563	0.0056338028169014088	0.042253521126760563
A7RMN1	positive	84	0.071428571428571425	0.11904761904761904	0.047619047619047616	0.035714285714285712	0.035714285714285712	0.047619047619047616	0	0.011904761904761904	0.10714285714285714	0.083333333333333329	0.047619047619047616	0.035714285714285712	0	0.095238095238095233	0.059523809523809521	0.047619047619047616	0.047619047619047616	0.047619047619047616	0.011904761904761904	0.047619047619047616
A7SXG9	positive	313	0.092651757188498399	0.054313099041533544	0.063897763578274758	0.083067092651757185	0.012779552715654952	0.057507987220447282	0.012779552715654952	0.012779552715654952	0.063897763578274758	0.067092651757188496	0.0095846645367412137	0.041533546325878593	0.12779552715654952	0.031948881789137379	0.038338658146964855	0.057507987220447282	0.083067092651757185	0.04472843450479233	0.012779552715654952	0.031948881789137379
A8YPR6	positive	308	0.13636363636363635	0.0064935064935064939	0.051948051948051951	0.045454545454545456	0.0064935064935064939	0.11363636363636363	0.032467532467532464	0.00974025974025974	0.074675324675324672	0.12337662337662338	0.035714285714285712	0	0.13636363636363635	0.068181818181818177	0.03896103896103896	0.051948051948051951	0.00974025974025974	0.01948051948051948	0.03896103896103896	0
B0X6Z1	positive	313	0.073482428115015971	0.031948881789137379	0.089456869009584661	0.06070287539936102	0.054313099041533544	0.047923322683706068	0.012779552715654952	0.038338658146964855	0.11501597444089456	0.067092651757188496	0.019169329073482427	0.063897763578274758	0.022364217252396165	0.031948881789137379	0.041533546325878593	0.04472843450479233	0.054313099041533544	0.067092651757188496	0.012779552715654952	0.051118210862619806
B1P1J4	positive	134	0.067164179104477612	0.059701492537313432	0.052238805970149252	0.044776119402985072	0.067164179104477612	0.052238805970149252	0.014925373134328358	0.014925373134328358	0.067164179104477612	0.082089552238805971	0.029850746268656716	0.067164179104477612	0.022388059701492536	0.022388059701492536	0.037313432835820892	0.059701492537313432	0.089552238805970144	0.11940298507462686	0	0.029850746268656716
B2CS62	positive	35	0	0.22857142857142856	0.028571428571428571	0.028571428571428571	0	0	0.057142857142857141	0.028571428571428571	0.057142857142857141	0.057142857142857141	0.028571428571428571	0.028571428571428571	0.057142857142857141	0	0.14285714285714285	0.057142857142857141	0.057142857142857141	0.11428571428571428	0	0.028571428571428571
B3A0N1	positive	15	0.20000000000000001	0.066666666666666666	0	0	0.066666666666666666	0	0	0.066666666666666666	0	0.20000000000000001	0	0	0.066666666666666666	0.20000000000000001	0	0	0	0.13333333333333333	0	0
B3A0N2	negative	51	0.098039215686274508	0.078431372549019607	0.019607843137254902	0	0	0.21568627450980393	0	0.11764705882352941	0.098039215686274508	0.039215686274509803	0	0.039215686274509803	0.078431372549019607	0.019607843137254902	0	0.098039215686274508	0.019607843137254902	0.039215686274509803	0	0.039215686274509803
B3EWU8	positive	9	0	0	0	0	0.33333333333333331	0.22222222222222221	0	0	0.1111111111111111	0.22222222222222221	0	0	0	0	0	0.1111111111111111	0	0	0	0
B5AJT2	positive	431	0.060324825986078884	0.016241299303944315	0.062645011600928072	0.051044083526682132	0.051044083526682132	0.055684454756380508	0.030162412993039442	0.081206496519721574	0.051044083526682132	0.060324825986078884	0.023201856148491878	0.058004640371229696	0.025522041763341066	0.030162412993039442	0.044083526682134569	0.095127610208816701	0.081206496519721574	0.055684454756380508	0.011600928074245939	0.055684454756380508
B5U2W0	positive	360	0.08611111111111111	0.041666666666666664	0.041666666666666664	0.055555555555555552	0.033333333333333333	0.083333333333333329	0.03888888888888889	0.052777777777777778	0.041666666666666664	0.088888888888888892	0.016666666666666666	0.050000000000000003	0.069444444444444448	0.027777777777777776	0.041666666666666664	0.052777777777777778	0.03888888888888889	0.083333333333333329	0.011111111111111112	0.044444444444444446
B6DD38	positive	87	0.068965517241379309	0.12643678160919541	0.045977011494252873	0.022988505747126436	0.034482758620689655	0.045977011494252873	0.011494252873563218	0.011494252873563218	0.068965517241379309	0.080459770114942528	0.022988505747126436	0.091954022988505746	0.057471264367816091	0.011494252873563218	0.057471264367816091	0.080459770114942528	0.057471264367816091	0.057471264367816091	0.011494252873563218	0.034482758620689655
B9URJ1	negative	219	0.068493150684931503	0.036529680365296802	0.041095890410958902	0.027397260273972601	0.050228310502283102	0.050228310502283102	0.036529680365296802	0.073059360730593603	0.1050228310502283	0.086757990867579904	0.031963470319634701	0.063926940639269403	0.041095890410958902	0.041095890410958902	0.068493150684931503	0.036529680365296802	0.054794520547945202	0.045662100456621002	0.013698630136986301	0.027397260273972601
C0HJI4	negative	51	0.039215686274509803	0.11764705882352941	0.058823529411764705	0.019607843137254902	0.058823529411764705	0.078431372549019607	0.058823529411764705	0.039215686274509803	0.019607843137254902	0.098039215686274508	0	0.078431372549019607	0.078431372549019607	0.058823529411764705	0.039215686274509803	0.019607843137254902	0	0.078431372549019607	0	0.058823529411764705
C0HJJ3	negative	37	0.027027027027027029	0	0.027027027027027029	0.13513513513513514	0.054054054054054057	0.081081081081081086	0.027027027027027029	0	0.13513513513513514	0.054054054054054057	0.054054054054054057	0.054054054054054057	0	0.054054054054054057	0.054054054054054057	0.10810810810810811	0.027027027027027029	0.027027027027027029	0.027027027027027029	0.054054054054054057
C0HKS5	negative	88	0.11363636363636363	0.079545454545454544	0.022727272727272728	0.068181818181818177	0.011363636363636364	0.090909090909090912	0	0.022727272727272728	0.045454545454545456	0.13636363636363635	0.011363636363636364	0.022727272727272728	0.011363636363636364	0.011363636363636364	0.090909090909090912	0.068181818181818177	0.045454545454545456	0.079545454545454544	0.045454545454545456	0.022727272727272728
C0HKY3	positive	11	0	0.36363636363636365	0	0	0.090909090909090912	0.090909090909090912	0	0.090909090909090912	0.090909090909090912	0	0	0	0	0	0.090909090909090912	0	0	0	0	0.18181818181818182
C0HLG2	negative	91	0.098901098901098897	0.087912087912087919	0.098901098901098897	0.01098901098901099	0	0.043956043956043959	0	0.065934065934065936	0.098901098901098897	0.065934065934065936	0.01098901098901099	0.032967032967032968	0.065934065934065936	0.02197802197802198	0.032967032967032968	0.032967032967032968	0.13186813186813187	0.076923076923076927	0	0.02197802197802198
C0HLG4	positive	68	0.073529411764705885	0.073529411764705885	0.029411764705882353	0.073529411764705885	0.058823529411764705	0	0	0.014705882352941176	0.073529411764705885	0.11764705882352941	0.044117647058823532	0.058823529411764705	0.058823529411764705	0.073529411764705885	0.029411764705882353	0.073529411764705885	0.029411764705882353	0.044117647058823532	0.014705882352941176	0.058823529411764705
C0HLZ4	positive	50	0.16	0.02	0.040000000000000001	0	0.059999999999999998	0.040000000000000001	0	0.059999999999999998	0.02	0.02	0	0.040000000000000001	0.059999999999999998	0.040000000000000001	0.080000000000000002	0.080000000000000002	0.14000000000000001	0.10000000000000001	0.02	0.02
C0HMD5	positive	162	0.043209876543209874	0.067901234567901231	0.012345679012345678	0.049382716049382713	0.055555555555555552	0.043209876543209874	0.0061728395061728392	0.043209876543209874	0.092592592592592587	0.049382716049382713	0.024691358024691357	0.080246913580246909	0.067901234567901231	0.043209876543209874	0.043209876543209874	0.061728395061728392	0.098765432098765427	0.049382716049382713	0.012345679012345678	0.055555555555555552
C1IBY0	positive	248	0.052419354838709679	0.024193548387096774	0.020161290322580645	0.048387096774193547	0.032258064516129031	0.088709677419354843	0.028225806451612902	0.052419354838709679	0.096774193548387094	0.088709677419354843	0.0080645161290322578	0.040322580645161289	0.048387096774193547	0.020161290322580645	0.028225806451612902	0.084677419354838704	0.044354838709677422	0.12096774193548387	0.024193548387096774	0.048387096774193547
C1IBY2	positive	255	0.082352941176470587	0.043137254901960784	0.047058823529411764	0.066666666666666666	0.019607843137254902	0.082352941176470587	0.027450980392156862	0.050980392156862744	0.070588235294117646	0.086274509803921567	0.011764705882352941	0.062745098039215685	0.043137254901960784	0.023529411764705882	0.074509803921568626	0.050980392156862744	0.050980392156862744	0.058823529411764705	0.015686274509803921	0.031372549019607843
C5G168	negative	423	0.096926713947990545	0.0023640661938534278	0.054373522458628844	0.037825059101654845	0.026004728132387706	0.087470449172576833	0.028368794326241134	0.056737588652482268	0.070921985815602842	0.075650118203309691	0.011820330969267139	0.068557919621749411	0.056737588652482268	0.026004728132387706	0.028368794326241134	0.07328605200945626	0.061465721040189124	0.082742316784869971	0.016548463356973995	0.037825059101654845
C5H8E7	positive	98	0.051020408163265307	0.081632653061224483	0.051020408163265307	0.061224489795918366	0.020408163265306121	0.071428571428571425	0.030612244897959183	0.020408163265306121	0.020408163265306121	0.1326530612244898	0.030612244897959183	0.081632653061224483	0.030612244897959183	0.040816326530612242	0.091836734693877556	0.071428571428571425	0.040816326530612242	0.030612244897959183	0.01020408163265306	0.030612244897959183
D1MWE7	positive	196	0.030612244897959183	0.040816326530612242	0.081632653061224483	0.076530612244897961	0.076530612244897961	0.056122448979591837	0.015306122448979591	0.045918367346938778	0.091836734693877556	0.061224489795918366	0.020408163265306121	0.030612244897959183	0.020408163265306121	0.035714285714285712	0.025510204081632654	0.066326530612244902	0.10204081632653061	0.061224489795918366	0.0051020408163265302	0.056122448979591837
D2CFI7	positive	123	0.032520325203252036	0.065040650406504072	0.024390243902439025	0.081300813008130079	0.065040650406504072	0.073170731707317069	0.008130081300813009	0.065040650406504072	0.056910569105691054	0.065040650406504072	0.032520325203252036	0.04065040650406504	0.04878048780487805	0	0.04065040650406504	0.081300813008130079	0.073170731707317069	0.073170731707317069	0.008130081300813009	0.065040650406504072
D2KKB4	positive	143	0.069930069930069935	0	0.097902097902097904	0.006993006993006993	0.055944055944055944	0.04195804195804196	0.027972027972027972	0.04195804195804196	0.090909090909090912	0.1048951048951049	0.027972027972027972	0.076923076923076927	0.083916083916083919	0.006993006993006993	0.02097902097902098	0.048951048951048952	0.076923076923076927	0.062937062937062943	0.013986013986013986	0.04195804195804196
D2Y3T1	positive	65	0.076923076923076927	0.076923076923076927	0.046153846153846156	0.076923076923076927	0.061538461538461542	0.076923076923076927	0	0.030769230769230771	0.061538461538461542	0.15384615384615385	0.030769230769230771	0.030769230769230771	0	0.030769230769230771	0.061538461538461542	0.030769230769230771	0.030769230769230771	0.1076923076923077	0.015384615384615385	0
D3JWK2	positive	94	0.095744680851063829	0.095744680851063829	0.063829787234042548	0.042553191489361701	0.010638297872340425	0.085106382978723402	0.021276595744680851	0.010638297872340425	0.010638297872340425	0.085106382978723402	0.031914893617021274	0.021276595744680851	0.063829787234042548	0.031914893617021274	0.10638297872340426	0.074468085106382975	0.053191489361702128	0.042553191489361701	0.010638297872340425	0.042553191489361701
D4QD81	positive	156	0.10256410256410256	0.00641025641025641	0.10256410256410256	0.070512820512820512	0.032051282051282048	0.05128205128205128	0.044871794871794872	0.044871794871794872	0.05128205128205128	0.10256410256410256	0.044871794871794872	0.044871794871794872	0.02564102564102564	0.064102564102564097	0.044871794871794872	0.038461538461538464	0.02564102564102564	0.057692307692307696	0.01282051282051282	0.032051282051282048
D6C4J8	positive	78	0.10256410256410256	0.05128205128205128	0.05128205128205128	0.01282051282051282	0	0.10256410256410256	0	0.064102564102564097	0.02564102564102564	0.064102564102564097	0.02564102564102564	0.038461538461538464	0.02564102564102564	0.05128205128205128	0.064102564102564097	0.10256410256410256	0.089743589743589744	0.11538461538461539	0	0.01282051282051282
D9U2B3	positive	54	0.018518518518518517	0.12962962962962962	0.07407407407407407	0.055555555555555552	0.018518518518518517	0	0.018518518518518517	0.092592592592592587	0.12962962962962962	0.055555555555555552	0	0.037037037037037035	0	0.037037037037037035	0.037037037037037035	0.07407407407407407	0.055555555555555552	0.12962962962962962	0.018518518518518517	0.018518518518518517
E2E4F7	positive	185	0.054054054054054057	0.0054054054054054057	0.070270270270270274	0.032432432432432434	0.016216216216216217	0.22162162162162163	0	0.021621621621621623	0.032432432432432434	0.17837837837837839	0.0054054054054054057	0.016216216216216217	0.10270270270270271	0	0.070270270270270274	0.03783783783783784	0.0054054054054054057	0.12972972972972974	0	0
E3PQQ8	positive	207	0.077294685990338161	0.033816425120772944	0.067632850241545889	0.03864734299516908	0.028985507246376812	0.086956521739130432	0.014492753623188406	0.014492753623188406	0.033816425120772944	0.10628019323671498	0.024154589371980676	0.043478260869565216	0.053140096618357488	0.048309178743961352	0.12560386473429952	0.096618357487922704	0.024154589371980676	0.048309178743961352	0.0096618357487922701	0.024154589371980676
F6KSY2	positive	222	0.085585585585585586	0.0090090090090090089	0.04954954954954955	0.036036036036036036	0.063063063063063057	0.054054054054054057	0.031531531531531529	0.058558558558558557	0.058558558558558557	0.090090090090090086	0.013513513513513514	0.058558558558558557	0.045045045045045043	0.022522522522522521	0.054054054054054057	0.054054054054054057	0.0945945945945946	0.1036036036036036	0.0045045045045045045	0.013513513513513514
G3CJS0	positive	182	0.06043956043956044	0.032967032967032968	0.049450549450549448	0.032967032967032968	0.032967032967032968	0.082417582417582416	0.02197802197802198	0.065934065934065936	0.087912087912087919	0.049450549450549448	0.02197802197802198	0.076923076923076927	0.032967032967032968	0.032967032967032968	0.016483516483516484	0.076923076923076927	0.098901098901098897	0.082417582417582416	0.01098901098901099	0.032967032967032968
G3V8T1	negative	851	0.064629847238542884	0.014101057579318449	0.082256169212690952	0.10575793184488837	0.038777908343125736	0.04935370152761457	0.011750881316098707	0.04465334900117509	0.1245593419506463	0.091656874265569913	0.016451233842538191	0.050528789659224443	0.035252643948296122	0.032902467685076382	0.05170387779083431	0.061104582843713277	0.04700352526439483	0.054054054054054057	0.0047003525264394828	0.018801410105757931
H2CYP1	positive	101	0.079207920792079209	0.089108910891089105	0.029702970297029702	0.049504950495049507	0.029702970297029702	0.059405940594059403	0.0099009900990099011	0.039603960396039604	0.029702970297029702	0.099009900990099015	0.029702970297029702	0.0099009900990099011	0.059405940594059403	0.059405940594059403	0.099009900990099015	0.049504950495049507	0.099009900990099015	0.059405940594059403	0.0099009900990099011	0.0099009900990099011
I6S3A9	positive	114	0.017543859649122806	0.061403508771929821	0.035087719298245612	0.017543859649122806	0.08771929824561403	0.061403508771929821	0.008771929824561403	0.035087719298245612	0.017543859649122806	0.14912280701754385	0.008771929824561403	0.035087719298245612	0.10526315789473684	0.035087719298245612	0.096491228070175433	0.08771929824561403	0.061403508771929821	0.043859649122807015	0.026315789473684209	0.008771929824561403
I6VXS1	positive	195	0.035897435897435895	0.082051282051282051	0.061538461538461542	0.066666666666666666	0.05128205128205128	0.041025641025641026	0.010256410256410256	0.035897435897435895	0.087179487179487175	0.056410256410256411	0.010256410256410256	0.087179487179487175	0.046153846153846156	0.02564102564102564	0.046153846153846156	0.07179487179487179	0.076923076923076927	0.030769230769230771	0.015384615384615385	0.061538461538461542
M1JMQ7	positive	254	0.062992125984251968	0.03937007874015748	0.066929133858267723	0.062992125984251968	0.03937007874015748	0.047244094488188976	0.011811023622047244	0.055118110236220472	0.098425196850393706	0.082677165354330714	0.007874015748031496	0.066929133858267723	0.023622047244094488	0.035433070866141732	0.047244094488188976	0.09055118110236221	0.051181102362204724	0.031496062992125984	0.023622047244094488	0.055118110236220472
O16171	negative	545	0.075229357798165142	0.011009174311926606	0.060550458715596334	0.05321100917431193	0.069724770642201839	0.086238532110091748	0.023853211009174313	0.051376146788990829	0.044036697247706424	0.088073394495412849	0.023853211009174313	0.049541284403669728	0.051376146788990829	0.042201834862385323	0.044036697247706424	0.07155963302752294	0.038532110091743121	0.060550458715596334	0.016513761467889909	0.038532110091743121
O18424	positive	300	0.050000000000000003	0.0066666666666666671	0.046666666666666669	0.076666666666666661	0.036666666666666667	0.066666666666666666	0.02	0.059999999999999998	0.070000000000000007	0.056666666666666664	0.033333333333333333	0.053333333333333337	0.029999999999999999	0.029999999999999999	0.043333333333333335	0.08666666666666667	0.089999999999999997	0.080000000000000002	0.02	0.043333333333333335
O22841	negative	283	0.10954063604240283	0.056537102473498232	0.031802120141342753	0.024734982332155476	0.056537102473498232	0.10954063604240283	0.0035335689045936395	0.042402826855123678	0.038869257950530034	0.060070671378091869	0.024734982332155476	0.045936395759717315	0.063604240282685506	0.035335689045936397	0.053003533568904596	0.060070671378091869	0.084805653710247356	0.038869257950530034	0.010600706713780919	0.049469964664310952
O35474	negative	480	0.056250000000000001	0.050000000000000003	0.043749999999999997	0.058333333333333334	0.033333333333333333	0.09583333333333334	0.025000000000000001	0.0625	0.056250000000000001	0.0625	0.020833333333333332	0.0625	0.054166666666666669	0.04583333333333333	0.050000000000000003	0.060416666666666667	0.04791666666666667	0.050000000000000003	0.025000000000000001	0.039583333333333331
O35608	negative	496	0.036290322580645164	0.016129032258064516	0.054435483870967742	0.066532258064516125	0.032258064516129031	0.060483870967741937	0.016129032258064516	0.046370967741935484	0.068548387096774188	0.096774193548387094	0.030241935483870969	0.060483870967741937	0.022177419354838711	0.084677419354838704	0.030241935483870969	0.096774193548387094	0.070564516129032265	0.05040322580645161	0.022177419354838711	0.038306451612903226
O87402	negative	569	0.10369068541300527	0.017574692442882251	0.057996485061511421	0.057996485061511421	0.029876977152899824	0.11247803163444639	0.03163444639718805	0.070298769771529004	0.038664323374340948	0.079086115992970121	0.024604569420035149	0.024604569420035149	0.05272407732864675	0.029876977152899824	0.050966608084358524	0.043936731107205626	0.0843585237258348	0.066783831282952552	0.0087873462214411256	0.014059753954305799
O87906	positive	675	0.060740740740740741	0.0088888888888888889	0.066666666666666666	0.045925925925925926	0.044444444444444446	0.068148148148148152	0.014814814814814815	0.071111111111111111	0.03259259259259259	0.087407407407407406	0.017777777777777778	0.069629629629629625	0.056296296296296296	0.03259259259259259	0.060740740740740741	0.088888888888888892	0.06222222222222222	0.05185185185185185	0.016296296296296295	0.04296296296296296
P00591	negative	450	0.046666666666666669	0.03111111111111111	0.066666666666666666	0.046666666666666669	0.055555555555555552	0.08666666666666667	0.022222222222222223	0.057777777777777775	0.048888888888888891	0.064444444444444443	0.0088888888888888889	0.068888888888888888	0.055555555555555552	0.037777777777777778	0.046666666666666669	0.071111111111111111	0.055555555555555552	0.077777777777777779	0.015555555555555555	0.035555555555555556
P00782	negative	382	0.13612565445026178	0	0.036649214659685861	0.028795811518324606	0.020942408376963352	0.10471204188481675	0.020942408376963352	0.044502617801047119	0.073298429319371722	0.054973821989528798	0.02356020942408377	0.052356020942408377	0.039267015706806283	0.036649214659685861	0.0078534031413612562	0.12303664921465969	0.04712041884816754	0.10209424083769633	0.010471204188481676	0.036649214659685861
P01085	negative	124	0.13709677419354838	0.080645161290322578	0.048387096774193547	0.040322580645161289	0.016129032258064516	0.080645161290322578	0.016129032258064516	0.024193548387096774	0.024193548387096774	0.080645161290322578	0.024193548387096774	0.0080645161290322578	0.072580645161290328	0.064516129032258063	0.064516129032258063	0.056451612903225805	0.024193548387096774	0.080645161290322578	0.016129032258064516	0.040322580645161289
P01223	negative	138	0.065217391304347824	0.09420289855072464	0.036231884057971016	0.036231884057971016	0.050724637681159424	0.050724637681159424	0.021739130434782608	0.057971014492753624	0.065217391304347824	0.043478260869565216	0.065217391304347824	0.028985507246376812	0.050724637681159424	0.021739130434782608	0.028985507246376812	0.057971014492753624	0.09420289855072464	0.050724637681159424	0	0.079710144927536225
P01321	negative	110	0.10909090909090909	0.054545454545454543	0.018181818181818181	0.081818181818181818	0.027272727272727271	0.081818181818181818	0.018181818181818181	0.018181818181818181	0.018181818181818181	0.18181818181818182	0.018181818181818181	0.027272727272727271	0.054545454545454543	0.054545454545454543	0.06363636363636363	0.027272727272727271	0.027272727272727271	0.06363636363636363	0.018181818181818181	0.036363636363636362
P01336	negative	51	0.039215686274509803	0.11764705882352941	0.098039215686274508	0	0.058823529411764705	0.078431372549019607	0.058823529411764705	0.039215686274509803	0.019607843137254902	0.098039215686274508	0.019607843137254902	0.058823529411764705	0.078431372549019607	0.058823529411764705	0.039215686274509803	0.019607843137254902	0	0.058823529411764705	0	0.058823529411764705
P01546	positive	316	0.079113924050632917	0.018987341772151899	0.066455696202531639	0.044303797468354431	0.034810126582278479	0.072784810126582278	0.034810126582278479	0.063291139240506333	0.041139240506329111	0.079113924050632917	0.018987341772151899	0.060126582278481014	0.037974683544303799	0.022151898734177215	0.028481012658227847	0.075949367088607597	0.079113924050632917	0.079113924050632917	0.028481012658227847	0.034810126582278479
P01552	positive	266	0.026315789473684209	0.0075187969924812026	0.090225563909774431	0.045112781954887216	0.052631578947368418	0.033834586466165412	0.022556390977443608	0.052631578947368418	0.12781954887218044	0.078947368421052627	0.033834586466165412	0.078947368421052627	0.026315789473684209	0.03007518796992481	0.022556390977443608	0.060150375939849621	0.052631578947368418	0.071428571428571425	0.0037593984962406013	0.082706766917293228
P02869	negative	54	0.07407407407407407	0	0.018518518518518517	0.092592592592592587	0.055555555555555552	0.092592592592592587	0.037037037037037035	0.018518518518518517	0.037037037037037035	0.07407407407407407	0	0.018518518518518517	0.037037037037037035	0.018518518518518517	0.018518518518518517	0.12962962962962962	0.092592592592592587	0.12962962962962962	0.037037037037037035	0.018518518518518517
P05637	negative	280	0.085714285714285715	0.021428571428571429	0.071428571428571425	0.064285714285714279	0.039285714285714285	0.082142857142857142	0.025000000000000001	0.03214285714285714	0.04642857142857143	0.13214285714285715	0.021428571428571429	0.028571428571428571	0.067857142857142852	0.025000000000000001	0.053571428571428568	0.050000000000000003	0.04642857142857143	0.04642857142857143	0.028571428571428571	0.03214285714285714
P06768	negative	134	0.022388059701492536	0.022388059701492536	0.082089552238805971	0.082089552238805971	0.052238805970149252	0.082089552238805971	0.007462686567164179	0.029850746268656716	0.11194029850746269	0.067164179104477612	0.022388059701492536	0.067164179104477612	0	0.052238805970149252	0.044776119402985072	0.014925373134328358	0.1044776119402985	0.082089552238805971	0.029850746268656716	0.022388059701492536
P06884	negative	66	0.12121212121212122	0	0.060606060606060608	0.090909090909090912	0	0.060606060606060608	0.015151515151515152	0.030303030303030304	0.015151515151515152	0.090909090909090912	0.045454545454545456	0.030303030303030304	0.12121212121212122	0.030303030303030304	0.10606060606060606	0.030303030303030304	0.045454545454545456	0.030303030303030304	0.015151515151515152	0.060606060606060608
P06886	positive	234	0.029914529914529916	0	0.064102564102564097	0.047008547008547008	0.042735042735042736	0.05128205128205128	0.021367521367521368	0.085470085470085472	0.10683760683760683	0.089743589743589744	0.017094017094017096	0.059829059829059832	0.055555555555555552	0.029914529914529916	0.017094017094017096	0.10256410256410256	0.10256410256410256	0.029914529914529916	0.0085470085470085479	0.038461538461538464
P07440	negative	54	0.092592592592592587	0	0.018518518518518517	0.1111111111111111	0.055555555555555552	0.055555555555555552	0.037037037037037035	0.018518518518518517	0.037037037037037035	0.07407407407407407	0	0.018518518518518517	0.037037037037037035	0.018518518518518517	0.018518518518518517	0.12962962962962962	0.092592592592592587	0.12962962962962962	0.037037037037037035	0.018518518518518517
P07444	negative	54	0.092592592592592587	0	0.018518518518518517	0.12962962962962962	0.055555555555555552	0.037037037037037035	0.037037037037037035	0.037037037037037035	0.037037037037037035	0.07407407407407407	0	0.018518518518518517	0.037037037037037035	0.018518518518518517	0.018518518518518517	0.12962962962962962	0.092592592592592587	0.1111111111111111	0.037037037037037035	0.018518518518518517
P07597	negative	117	0.11965811965811966	0.068376068376068383	0.042735042735042736	0.0085470085470085479	0	0.076923076923076927	0.017094017094017096	0.05128205128205128	0.034188034188034191	0.094017094017094016	0.034188034188034191	0.085470085470085472	0.059829059829059832	0.05128205128205128	0.05128205128205128	0.068376068376068383	0.034188034188034191	0.076923076923076927	0	0.02564102564102564
P09332	positive	277	0.061371841155234655	0	0.050541516245487361	0.064981949458483748	0.050541516245487361	0.083032490974729242	0.018050541516245487	0.086642599277978335	0.093862815884476536	0.075812274368231042	0.010830324909747292	0.068592057761732855	0.054151624548736461	0.036101083032490974	0.021660649819494584	0.075812274368231042	0.054151624548736461	0.039711191335740074	0	0.054151624548736461
P09545	positive	741	0.10256410256410256	0.0094466936572199737	0.067476383265856948	0.045883940620782729	0.041835357624831308	0.066126855600539811	0.014844804318488529	0.052631578947368418	0.039136302294197033	0.079622132253711203	0.0053981106612685558	0.059379217273954114	0.032388663967611336	0.062078272604588397	0.052631578947368418	0.086369770580296892	0.062078272604588397	0.060728744939271252	0.016194331983805668	0.043184885290148446
P09807	positive	249	0.040160642570281124	0.024096385542168676	0.068273092369477914	0.084337349397590355	0.040160642570281124	0.064257028112449793	0.0080321285140562242	0.092369477911646583	0.10040160642570281	0.088353413654618476	0.024096385542168676	0.072289156626506021	0.016064257028112448	0.028112449799196786	0.052208835341365459	0.060240963855421686	0.03614457831325301	0.044176706827309238	0.0040160642570281121	0.052208835341365459
P0A1D9	negative	70	0.057142857142857141	0.042857142857142858	0.042857142857142858	0.042857142857142858	0.028571428571428571	0.10000000000000001	0.028571428571428571	0.085714285714285715	0.071428571428571425	0.057142857142857141	0.028571428571428571	0.028571428571428571	0.042857142857142858	0.028571428571428571	0.085714285714285715	0.071428571428571425	0.071428571428571425	0.071428571428571425	0	0.014285714285714285
P0A984	negative	70	0.057142857142857141	0.014285714285714285	0.042857142857142858	0.042857142857142858	0.057142857142857141	0.10000000000000001	0.014285714285714285	0.071428571428571425	0.071428571428571425	0.057142857142857141	0.028571428571428571	0.028571428571428571	0.057142857142857141	0.014285714285714285	0.10000000000000001	0.071428571428571425	0.057142857142857141	0.10000000000000001	0	0.014285714285714285
P0A9Y0	negative	70	0.071428571428571425	0	0.085714285714285715	0.028571428571428571	0.085714285714285715	0.14285714285714285	0.014285714285714285	0.057142857142857141	0.10000000000000001	0.028571428571428571	0.028571428571428571	0.042857142857142858	0.028571428571428571	0.028571428571428571	0	0.10000000000000001	0.057142857142857141	0.071428571428571425	0.014285714285714285	0.014285714285714285
P0A9Y1	negative	70	0.071428571428571425	0	0.085714285714285715	0.028571428571428571	0.085714285714285715	0.14285714285714285	0.014285714285714285	0.057142857142857141	0.10000000000000001	0.028571428571428571	0.028571428571428571	0.042857142857142858	0.028571428571428571	0.028571428571428571	0	0.10000000000000001	0.057142857142857141	0.071428571428571425	0.014285714285714285	0.014285714285714285
P0A9Y8	negative	69	0.10144927536231885	0	0.043478260869565216	0.057971014492753624	0.10144927536231885	0.13043478260869565	0.014492753623188406	0.072463768115942032	0.10144927536231885	0.014492753623188406	0.014492753623188406	0.057971014492753624	0.028985507246376812	0.072463768115942032	0	0.043478260869565216	0.043478260869565216	0.086956521739130432	0.014492753623188406	0
P0C0T2	negative	885	0.098305084745762716	0.010169491525423728	0.0519774011299435	0.054237288135593219	0.018079096045197741	0.093785310734463279	0.032768361581920903	0.018079096045197741	0.04632768361581921	0.1096045197740113	0.022598870056497175	0.036158192090395481	0.080225988700564965	0.036158192090395481	0.061016949152542375	0.103954802259887	0.0519774011299435	0.057627118644067797	0.010169491525423728	0.0067796610169491523
P0C1T7	positive	71	0.042253521126760563	0.098591549295774641	0.056338028169014086	0.056338028169014086	0.014084507042253521	0.070422535211267609	0.014084507042253521	0.056338028169014086	0.028169014084507043	0.14084507042253522	0.028169014084507043	0.084507042253521125	0.028169014084507043	0.028169014084507043	0.056338028169014086	0.042253521126760563	0.056338028169014086	0.098591549295774641	0	0
P0C1X4	positive	85	0.070588235294117646	0.023529411764705882	0	0	0.011764705882352941	0.047058823529411764	0.070588235294117646	0.023529411764705882	0.070588235294117646	0.070588235294117646	0.14117647058823529	0.047058823529411764	0.011764705882352941	0.070588235294117646	0.16470588235294117	0.011764705882352941	0	0.011764705882352941	0.011764705882352941	0.14117647058823529
P0C255	positive	44	0	0.18181818181818182	0.022727272727272728	0.045454545454545456	0.022727272727272728	0.20454545454545456	0.068181818181818177	0	0.022727272727272728	0.045454545454545456	0.022727272727272728	0.022727272727272728	0.045454545454545456	0.045454545454545456	0.090909090909090912	0.090909090909090912	0.022727272727272728	0.045454545454545456	0	0
P0C2K3	positive	36	0.055555555555555552	0	0.1111111111111111	0.027777777777777776	0	0.055555555555555552	0	0.055555555555555552	0.027777777777777776	0.083333333333333329	0.055555555555555552	0.083333333333333329	0.055555555555555552	0.027777777777777776	0.055555555555555552	0.083333333333333329	0.027777777777777776	0.083333333333333329	0.055555555555555552	0.055555555555555552
P0C832	positive	37	0.081081081081081086	0.16216216216216217	0.027027027027027029	0.027027027027027029	0	0.081081081081081086	0	0.027027027027027029	0.054054054054054057	0	0.027027027027027029	0.054054054054054057	0.027027027027027029	0	0.027027027027027029	0.1891891891891892	0.081081081081081086	0.027027027027027029	0	0.10810810810810811
P0CH47	positive	337	0.047477744807121663	0.047477744807121663	0.03857566765578635	0.044510385756676561	0.047477744807121663	0.07418397626112759	0.026706231454005934	0.071216617210682495	0.086053412462908013	0.10089020771513353	0.011869436201780416	0.065281899109792291	0.047477744807121663	0.02967359050445104	0.02967359050445104	0.071216617210682495	0.047477744807121663	0.059347181008902079	0.002967359050445104	0.050445103857566766
P0DJ43	positive	169	0.053254437869822487	0.11242603550295859	0.071005917159763315	0.082840236686390539	0.011834319526627219	0.076923076923076927	0.0059171597633136093	0.029585798816568046	0.053254437869822487	0.04142011834319527	0.023668639053254437	0.047337278106508875	0.053254437869822487	0.065088757396449703	0.029585798816568046	0.071005917159763315	0.04142011834319527	0.082840236686390539	0	0.047337278106508875
P0DJC0	positive	34	0.029411764705882353	0.17647058823529413	0.11764705882352941	0.058823529411764705	0	0.17647058823529413	0.029411764705882353	0	0	0.088235294117647065	0	0.029411764705882353	0.058823529411764705	0.029411764705882353	0	0.088235294117647065	0.088235294117647065	0	0.029411764705882353	0
P0DJE4	positive	202	0.084158415841584164	0	0.069306930693069313	0.064356435643564358	0.024752475247524754	0.064356435643564358	0.014851485148514851	0.069306930693069313	0.049504950495049507	0.11386138613861387	0.019801980198019802	0.09405940594059406	0.034653465346534656	0.014851485148514851	0.029702970297029702	0.079207920792079209	0.059405940594059403	0.069306930693069313	0.0049504950495049506	0.039603960396039604
P0DKP3	positive	104	0.019230769230769232	0.15384615384615385	0.096153846153846159	0.096153846153846159	0.0096153846153846159	0.10576923076923077	0.019230769230769232	0.028846153846153848	0.057692307692307696	0.038461538461538464	0.0096153846153846159	0.04807692307692308	0.067307692307692304	0.0096153846153846159	0.067307692307692304	0.038461538461538464	0.04807692307692308	0.028846153846153848	0.028846153846153848	0.028846153846153848
P0DKQ8	positive	248	0.056451612903225805	0.0040322580645161289	0.060483870967741937	0.032258064516129031	0.036290322580645164	0.060483870967741937	0.0040322580645161289	0.052419354838709679	0.080645161290322578	0.064516129032258063	0.048387096774193547	0.044354838709677422	0.052419354838709679	0.028225806451612902	0.060483870967741937	0.088709677419354843	0.068548387096774188	0.096774193548387094	0.024193548387096774	0.036290322580645164
P0DL61	positive	64	0.03125	0.140625	0.03125	0.03125	0.03125	0.078125	0.078125	0.0625	0.015625	0.03125	0	0.015625	0.0625	0.046875	0.125	0.125	0.03125	0.03125	0	0.03125
P0DM45	positive	23	0	0.2608695652173913	0.043478260869565216	0.043478260869565216	0.086956521739130432	0	0	0.043478260869565216	0.086956521739130432	0	0	0.13043478260869565	0.086956521739130432	0.043478260869565216	0.043478260869565216	0.043478260869565216	0.043478260869565216	0.043478260869565216	0	0
P0DN65	positive	97	0.061855670103092786	0.08247422680412371	0.10309278350515463	0.051546391752577317	0.041237113402061855	0.051546391752577317	0.020618556701030927	0.041237113402061855	0.072164948453608241	0.10309278350515463	0.041237113402061855	0.020618556701030927	0.061855670103092786	0.030927835051546393	0.041237113402061855	0.08247422680412371	0.030927835051546393	0.041237113402061855	0	0.020618556701030927
P0DPE6	positive	83	0.072289156626506021	0.072289156626506021	0.14457831325301204	0.048192771084337352	0.024096385542168676	0.060240963855421686	0	0.048192771084337352	0.096385542168674704	0.096385542168674704	0.03614457831325301	0.012048192771084338	0.048192771084337352	0.012048192771084338	0.060240963855421686	0.048192771084337352	0.012048192771084338	0.084337349397590355	0	0.024096385542168676
P0DPG6	positive	77	0.07792207792207792	0.14285714285714285	0.012987012987012988	0.03896103896103896	0	0.012987012987012988	0.012987012987012988	0.03896103896103896	0.051948051948051951	0.07792207792207792	0.025974025974025976	0	0.07792207792207792	0.051948051948051951	0.14285714285714285	0.07792207792207792	0.07792207792207792	0.03896103896103896	0.025974025974025976	0.012987012987012988
P0DPW2	positive	60	0.033333333333333333	0.11666666666666667	0	0.066666666666666666	0.066666666666666666	0.066666666666666666	0.033333333333333333	0.016666666666666666	0.10000000000000001	0.050000000000000003	0	0.10000000000000001	0.10000000000000001	0.033333333333333333	0.016666666666666666	0.033333333333333333	0.066666666666666666	0.083333333333333329	0	0.016666666666666666
P0DPY2	positive	96	0.052083333333333336	0.041666666666666664	0.17708333333333334	0.072916666666666671	0.072916666666666671	0	0	0.03125	0.041666666666666664	0.09375	0.03125	0.052083333333333336	0.020833333333333332	0.0625	0.041666666666666664	0.083333333333333329	0.03125	0.0625	0	0.03125
P0DPZ6	positive	229	0.065502183406113537	0.069868995633187769	0.056768558951965066	0.065502183406113537	0.069868995633187769	0.043668122270742356	0.021834061135371178	0.043668122270742356	0.065502183406113537	0.078602620087336247	0.013100436681222707	0.091703056768558958	0.039301310043668124	0.039301310043668124	0.034934497816593885	0.069868995633187769	0.052401746724890827	0.030567685589519649	0.0043668122270742356	0.043668122270742356
P0DPZ8	positive	239	0.037656903765690378	0.079497907949790794	0.050209205020920501	0.071129707112970716	0.041841004184100417	0.020920502092050208	0.025104602510460251	0.054393305439330547	0.083682008368200833	0.062761506276150625	0.012552301255230125	0.079497907949790794	0.033472803347280332	0.046025104602510462	0.025104602510460251	0.071129707112970716	0.092050209205020925	0.058577405857740586	0.0041841004184100415	0.050209205020920501
P0DQA3	positive	219	0.036529680365296802	0.077625570776255703	0.068493150684931503	0.082191780821917804	0.073059360730593603	0.050228310502283102	0.045662100456621002	0.041095890410958902	0.086757990867579904	0.068493150684931503	0.036529680365296802	0.036529680365296802	0.031963470319634701	0.063926940639269403	0.027397260273972601	0.045662100456621002	0.054794520547945202	0.036529680365296802	0.0091324200913242004	0.027397260273972601
P0DQB3	positive	61	0.065573770491803282	0.16393442622950818	0	0.081967213114754092	0.016393442622950821	0.049180327868852458	0.016393442622950821	0.016393442622950821	0.11475409836065574	0.13114754098360656	0.049180327868852458	0.065573770491803282	0.049180327868852458	0.016393442622950821	0.049180327868852458	0.016393442622950821	0.032786885245901641	0.049180327868852458	0	0.016393442622950821
P0DQE7	positive	107	0.065420560747663545	0.11214953271028037	0.018691588785046728	0.056074766355140186	0.028037383177570093	0.12149532710280374	0.028037383177570093	0.046728971962616821	0.07476635514018691	0.093457943925233641	0.0093457943925233638	0.056074766355140186	0.028037383177570093	0.046728971962616821	0.056074766355140186	0.056074766355140186	0.0093457943925233638	0.07476635514018691	0.0093457943925233638	0.0093457943925233638
P0DQF1	positive	70	0.014285714285714285	0.10000000000000001	0.057142857142857141	0.071428571428571425	0.10000000000000001	0.028571428571428571	0	0.085714285714285715	0.071428571428571425	0.071428571428571425	0.057142857142857141	0.014285714285714285	0.057142857142857141	0.028571428571428571	0.071428571428571425	0.085714285714285715	0	0.057142857142857141	0	0.028571428571428571
P0DQG1	positive	120	0.025000000000000001	0	0.14166666666666666	0.074999999999999997	0.025000000000000001	0.025000000000000001	0	0.041666666666666664	0.09166666666666666	0.09166666666666666	0.033333333333333333	0.074999999999999997	0.033333333333333333	0.033333333333333333	0.025000000000000001	0.066666666666666666	0.050000000000000003	0.074999999999999997	0.0083333333333333332	0.083333333333333329
P0DQG5	positive	119	0.067226890756302518	0.067226890756302518	0.042016806722689079	0.050420168067226892	0.058823529411764705	0.050420168067226892	0.042016806722689079	0.042016806722689079	0.025210084033613446	0.075630252100840331	0.042016806722689079	0.075630252100840331	0.042016806722689079	0.01680672268907563	0.025210084033613446	0.058823529411764705	0.11764705882352941	0.050420168067226892	0.0084033613445378148	0.042016806722689079
P0DQI9	positive	57	0.052631578947368418	0.12280701754385964	0.070175438596491224	0.035087719298245612	0.070175438596491224	0.035087719298245612	0.052631578947368418	0.070175438596491224	0.052631578947368418	0.14035087719298245	0.017543859649122806	0.070175438596491224	0.017543859649122806	0	0.070175438596491224	0.017543859649122806	0.035087719298245612	0.052631578947368418	0	0.017543859649122806
P0DQZ0	positive	7	0	0.2857142857142857	0	0	0.14285714285714285	0	0.14285714285714285	0	0	0	0	0	0.14285714285714285	0	0	0	0	0.14285714285714285	0.14285714285714285	0
P0DSL3	positive	40	0.10000000000000001	0.025000000000000001	0.025000000000000001	0.050000000000000003	0.025000000000000001	0.050000000000000003	0.050000000000000003	0.10000000000000001	0.25	0.14999999999999999	0	0.025000000000000001	0.025000000000000001	0	0	0	0	0.025000000000000001	0.025000000000000001	0.074999999999999997
P0DXX1	positive	310	0.058064516129032261	0.01935483870967742	0.041935483870967745	0.051612903225806452	0.02903225806451613	0.08387096774193549	0.01935483870967742	0.064516129032258063	0.08387096774193549	0.064516129032258063	0.025806451612903226	0.067741935483870974	0.041935483870967745	0.035483870967741936	0.041935483870967745	0.058064516129032261	0.080645161290322578	0.074193548387096769	0.01935483870967742	0.03870967741935484
P0DXZ4	positive	52	0.076923076923076927	0.019230769230769232	0.038461538461538464	0.076923076923076927	0.096153846153846159	0.038461538461538464	0.019230769230769232	0.057692307692307696	0.096153846153846159	0.19230769230769232	0.019230769230769232	0.019230769230769232	0.11538461538461539	0	0	0.057692307692307696	0	0.076923076923076927	0	0
P0DY41	positive	88	0.068181818181818177	0.125	0.079545454545454544	0.034090909090909088	0.011363636363636364	0.034090909090909088	0.022727272727272728	0.034090909090909088	0.10227272727272728	0.11363636363636363	0.022727272727272728	0.045454545454545456	0	0.022727272727272728	0.022727272727272728	0.079545454545454544	0.068181818181818177	0.079545454545454544	0	0.034090909090909088
P11218	negative	372	0.080645161290322578	0.059139784946236562	0.053763440860215055	0.032258064516129031	0.045698924731182797	0.099462365591397844	0.032258064516129031	0.048387096774193547	0.032258064516129031	0.043010752688172046	0.024193548387096774	0.051075268817204304	0.045698924731182797	0.034946236559139782	0.053763440860215055	0.10752688172043011	0.040322580645161289	0.059139784946236562	0.026881720430107527	0.029569892473118281
P11968	negative	29	0.034482758620689655	0.20689655172413793	0.068965517241379309	0	0	0.13793103448275862	0	0.034482758620689655	0.068965517241379309	0.068965517241379309	0.034482758620689655	0.034482758620689655	0.034482758620689655	0.034482758620689655	0.13793103448275862	0.034482758620689655	0	0.034482758620689655	0	0.034482758620689655
P12071	negative	30	0.033333333333333333	0.20000000000000001	0.066666666666666666	0	0.033333333333333333	0.16666666666666666	0	0.033333333333333333	0.033333333333333333	0.066666666666666666	0.033333333333333333	0.033333333333333333	0.10000000000000001	0.033333333333333333	0.066666666666666666	0.066666666666666666	0	0.033333333333333333	0	0
P12703	negative	51	0.058823529411764705	0.11764705882352941	0.019607843137254902	0.058823529411764705	0.039215686274509803	0.098039215686274508	0.039215686274509803	0.019607843137254902	0.019607843137254902	0.11764705882352941	0	0.078431372549019607	0.019607843137254902	0.058823529411764705	0.039215686274509803	0.058823529411764705	0.019607843137254902	0.058823529411764705	0	0.078431372549019607
P13083	negative	126	0.13492063492063491	0.03968253968253968	0.031746031746031744	0.03968253968253968	0	0.095238095238095233	0.031746031746031744	0.0079365079365079361	0.023809523809523808	0.11904761904761904	0.03968253968253968	0.0079365079365079361	0.12698412698412698	0.03968253968253968	0.063492063492063489	0.063492063492063489	0.047619047619047616	0.023809523809523808	0.031746031746031744	0.031746031746031744
P14369	negative	148	0.033783783783783786	0.020270270270270271	0.074324324324324328	0.0472972972972973	0.054054054054054057	0.067567567567567571	0.0067567567567567571	0.10810810810810811	0.10810810810810811	0.11486486486486487	0.027027027027027029	0.060810810810810814	0.027027027027027029	0.020270270270270271	0.020270270270270271	0.054054054054054057	0.060810810810810814	0.081081081081081086	0	0.013513513513513514
P14841	negative	140	0.11428571428571428	0.028571428571428571	0.035714285714285712	0.035714285714285712	0.021428571428571429	0.050000000000000003	0.028571428571428571	0.021428571428571429	0.050000000000000003	0.10714285714285714	0.028571428571428571	0.042857142857142858	0.057142857142857141	0.050000000000000003	0.064285714285714279	0.085714285714285715	0.064285714285714279	0.064285714285714279	0.014285714285714285	0.035714285714285712
P15427	negative	36	0.083333333333333329	0	0.083333333333333329	0.027777777777777776	0.055555555555555552	0.027777777777777776	0.055555555555555552	0.055555555555555552	0	0.055555555555555552	0	0	0.1388888888888889	0.1111111111111111	0.055555555555555552	0.055555555555555552	0.083333333333333329	0	0	0.1111111111111111
P16218	negative	900	0.059999999999999998	0.0022222222222222222	0.072222222222222215	0.051111111111111114	0.045555555555555557	0.071111111111111111	0.014444444444444444	0.076666666666666661	0.058888888888888886	0.054444444444444441	0.022222222222222223	0.067777777777777784	0.046666666666666669	0.02	0.044444444444444446	0.083333333333333329	0.064444444444444443	0.056666666666666664	0.036666666666666667	0.051111111111111114
P16519	negative	638	0.084639498432601878	0.015673981191222569	0.068965517241379309	0.054858934169278999	0.034482758620689655	0.09561128526645768	0.029780564263322883	0.037617554858934171	0.054858934169278999	0.079937304075235111	0.028213166144200628	0.051724137931034482	0.036050156739811913	0.031347962382445138	0.05329153605015674	0.065830721003134793	0.061128526645768025	0.059561128526645767	0.021943573667711599	0.034482758620689655
P16850	negative	145	0.089655172413793102	0.068965517241379309	0.041379310344827586	0.041379310344827586	0.020689655172413793	0.07586206896551724	0.020689655172413793	0.041379310344827586	0.027586206896551724	0.082758620689655171	0.020689655172413793	0.034482758620689655	0.07586206896551724	0.027586206896551724	0.062068965517241378	0.096551724137931033	0.055172413793103448	0.07586206896551724	0	0.041379310344827586
P16948	positive	219	0.091324200913242004	0.063926940639269403	0.077625570776255703	0.022831050228310501	0.041095890410958902	0.086757990867579904	0.027397260273972601	0.022831050228310501	0.031963470319634701	0.091324200913242004	0.018264840182648401	0.045662100456621002	0.041095890410958902	0.031963470319634701	0.063926940639269403	0.091324200913242004	0.059360730593607303	0.027397260273972601	0.013698630136986301	0.050228310502283102
P17405	negative	631	0.087163232963549928	0.028526148969889066	0.042789223454833596	0.041204437400950873	0.03328050713153724	0.077654516640253565	0.036450079239302692	0.036450079239302692	0.020602218700475437	0.12836767036450078	0.014263074484944533	0.031695721077654518	0.099841521394611721	0.030110935023771792	0.060221870047543584	0.066561014263074481	0.045958795562599047	0.050713153724247229	0.03328050713153724	0.03486529318541997
P18108	negative	29	0.034482758620689655	0	0.10344827586206896	0	0.068965517241379309	0.034482758620689655	0.034482758620689655	0	0.034482758620689655	0.068965517241379309	0.034482758620689655	0	0	0.10344827586206896	0.068965517241379309	0.17241379310344829	0.10344827586206896	0.034482758620689655	0.034482758620689655	0.068965517241379309
P18427	negative	130	0.030769230769230771	0.12307692307692308	0.046153846153846156	0.076923076923076927	0.023076923076923078	0.046153846153846156	0.023076923076923078	0.053846153846153849	0.053846153846153849	0.076923076923076927	0.023076923076923078	0.023076923076923078	0.038461538461538464	0.015384615384615385	0.053846153846153849	0.076923076923076927	0.092307692307692313	0.053846153846153849	0.015384615384615385	0.053846153846153849
P19247	positive	471	0.061571125265392782	0.016985138004246284	0.061571125265392782	0.048832271762208071	0.040339702760084924	0.078556263269639062	0.016985138004246284	0.036093418259023353	0.059447983014861996	0.065817409766454352	0.0084925690021231421	0.067940552016985137	0.033970276008492568	0.040339702760084924	0.053078556263269641	0.084925690021231418	0.065817409766454352	0.084925690021231418	0.027600849256900213	0.046709129511677279
P21352	negative	207	0.057971014492753624	0.0096618357487922701	0.048309178743961352	0.10144927536231885	0.057971014492753624	0.067632850241545889	0.028985507246376812	0.053140096618357488	0.082125603864734303	0.1111111111111111	0.043478260869565216	0.03864734299516908	0.024154589371980676	0.057971014492753624	0.03864734299516908	0.033816425120772944	0.067632850241545889	0.03864734299516908	0.014492753623188406	0.024154589371980676
P22244	positive	281	0.12455516014234876	0	0.039145907473309607	0.035587188612099648	0.042704626334519574	0.088967971530249115	0.021352313167259787	0.028469750889679714	0.078291814946619215	0.10320284697508897	0.017793594306049824	0.042704626334519574	0.071174377224199295	0.035587188612099648	0.039145907473309607	0.049822064056939501	0.074733096085409248	0.078291814946619215	0.014234875444839857	0.014234875444839857
P22935	negative	138	0.050724637681159424	0.021739130434782608	0.036231884057971016	0.11594202898550725	0.036231884057971016	0.057971014492753624	0	0.057971014492753624	0.086956521739130432	0.057971014492753624	0.050724637681159424	0.057971014492753624	0.028985507246376812	0.021739130434782608	0.057971014492753624	0.057971014492753624	0.086956521739130432	0.079710144927536225	0.021739130434782608	0.014492753623188406
P23806	positive	152	0.072368421052631582	0.046052631578947366	0.039473684210526314	0.092105263157894732	0.052631578947368418	0.085526315789473686	0.013157894736842105	0.039473684210526314	0.065789473684210523	0.065789473684210523	0.019736842105263157	0.032894736842105261	0.0065789473684210523	0.046052631578947366	0.039473684210526314	0.092105263157894732	0.039473684210526314	0.072368421052631582	0.039473684210526314	0.039473684210526314
P25417	negative	98	0.081632653061224483	0.01020408163265306	0.051020408163265307	0.091836734693877556	0.071428571428571425	0.040816326530612242	0.030612244897959183	0.030612244897959183	0.11224489795918367	0.061224489795918366	0.020408163265306121	0.040816326530612242	0.040816326530612242	0.061224489795918366	0.020408163265306121	0.051020408163265307	0.071428571428571425	0.081632653061224483	0	0.030612244897959183
P29121	negative	655	0.07786259541984733	0.018320610687022901	0.054961832061068701	0.033587786259541987	0.024427480916030534	0.080916030534351147	0.033587786259541987	0.039694656488549619	0.025954198473282442	0.10381679389312977	0.012213740458015267	0.033587786259541987	0.058015267175572517	0.061068702290076333	0.070229007633587789	0.067175572519083973	0.074809160305343514	0.061068702290076333	0.032061068702290078	0.036641221374045803
P29206	negative	36	0.1111111111111111	0	0.055555555555555552	0.083333333333333329	0	0.027777777777777776	0.027777777777777776	0.055555555555555552	0.055555555555555552	0.083333333333333329	0	0.055555555555555552	0.1388888888888889	0.027777777777777776	0.083333333333333329	0.027777777777777776	0.027777777777777776	0	0	0.1388888888888889
P29794	negative	180	0.061111111111111109	0	0.083333333333333329	0.077777777777777779	0.066666666666666666	0.044444444444444446	0.022222222222222223	0.033333333333333333	0.061111111111111109	0.072222222222222215	0.027777777777777776	0.044444444444444446	0.016666666666666666	0.055555555555555552	0.088888888888888892	0.083333333333333329	0.066666666666666666	0.050000000000000003	0.022222222222222223	0.022222222222222223
P32751	negative	141	0.085106382978723402	0.0070921985815602835	0.035460992907801421	0.035460992907801421	0.056737588652482268	0.11347517730496454	0.021276595744680851	0.042553191489361701	0.035460992907801421	0.10638297872340426	0.021276595744680851	0.070921985815602842	0.063829787234042548	0.042553191489361701	0.021276595744680851	0.070921985815602842	0.035460992907801421	0.078014184397163122	0.028368794326241134	0.028368794326241134
P33186	positive	316	0.072784810126582278	0.012658227848101266	0.04746835443037975	0.066455696202531639	0.050632911392405063	0.063291139240506333	0.0063291139240506328	0.072784810126582278	0.082278481012658222	0.088607594936708861	0.012658227848101266	0.063291139240506333	0.034810126582278479	0.028481012658227847	0.044303797468354431	0.063291139240506333	0.069620253164556958	0.069620253164556958	0.0094936708860759497	0.041139240506329111
P34960	negative	473	0.059196617336152217	0.012684989429175475	0.057082452431289642	0.035940803382663845	0.078224101479915431	0.052854122621564484	0.029598308668076109	0.052854122621564484	0.06765327695560254	0.082452431289640596	0.02748414376321353	0.031712473572938688	0.065539112050739964	0.042283298097251586	0.048625792811839326	0.071881606765327691	0.054968287526427059	0.048625792811839326	0.023255813953488372	0.057082452431289642
P35478	negative	101	0.069306930693069313	0	0.069306930693069313	0.079207920792079209	0.069306930693069313	0.039603960396039604	0.029702970297029702	0.039603960396039604	0.089108910891089105	0.059405940594059403	0.019801980198019802	0.049504950495049507	0.039603960396039604	0.069306930693069313	0.029702970297029702	0.049504950495049507	0.049504950495049507	0.10891089108910891	0.0099009900990099011	0.029702970297029702
P35792	negative	164	0.1402439024390244	0.036585365853658534	0.03048780487804878	0.018292682926829267	0.018292682926829267	0.085365853658536592	0.018292682926829267	0.036585365853658534	0.04878048780487805	0.042682926829268296	0.018292682926829267	0.097560975609756101	0.036585365853658534	0.06097560975609756	0.036585365853658534	0.073170731707317069	0.036585365853658534	0.085365853658536592	0.03048780487804878	0.04878048780487805
P37999	negative	36	0.1111111111111111	0	0.027777777777777776	0.1111111111111111	0	0.027777777777777776	0	0.027777777777777776	0	0.083333333333333329	0.055555555555555552	0.055555555555555552	0.1388888888888889	0.027777777777777776	0.1111111111111111	0.027777777777777776	0.055555555555555552	0.027777777777777776	0	0.1111111111111111
P39690	positive	708	0.063559322033898302	0.033898305084745763	0.026836158192090395	0.031073446327683617	0.038135593220338986	0.04519774011299435	0.01977401129943503	0.077683615819209045	0.040960451977401127	0.088983050847457626	0.026836158192090395	0.060734463276836161	0.033898305084745763	0.036723163841807911	0.069209039548022599	0.10028248587570622	0.073446327683615822	0.08050847457627118	0.011299435028248588	0.040960451977401127
P41336	negative	36	0.1111111111111111	0	0.083333333333333329	0.083333333333333329	0	0.027777777777777776	0	0.027777777777777776	0	0.055555555555555552	0.055555555555555552	0.027777777777777776	0.16666666666666666	0.027777777777777776	0.1111111111111111	0	0.055555555555555552	0.055555555555555552	0	0.1111111111111111
P42992	negative	27	0.037037037037037035	0.14814814814814814	0.037037037037037035	0	0	0.1111111111111111	0	0.07407407407407407	0.037037037037037035	0	0	0.037037037037037035	0.18518518518518517	0.07407407407407407	0.07407407407407407	0.037037037037037035	0.037037037037037035	0.037037037037037035	0	0.07407407407407407
P46461	negative	745	0.075167785234899323	0.010738255033557046	0.056375838926174496	0.071140939597315433	0.041610738255033558	0.072483221476510068	0.013422818791946308	0.064429530201342289	0.075167785234899323	0.10201342281879194	0.036241610738255034	0.046979865771812082	0.040268456375838924	0.042953020134228186	0.052348993288590606	0.063087248322147654	0.037583892617449662	0.077852348993288592	0.0040268456375838931	0.016107382550335572
P50120	negative	134	0.029850746268656716	0.022388059701492536	0.097014925373134331	0.082089552238805971	0.052238805970149252	0.067164179104477612	0.007462686567164179	0.029850746268656716	0.1044776119402985	0.059701492537313432	0.022388059701492536	0.052238805970149252	0	0.052238805970149252	0.052238805970149252	0.022388059701492536	0.097014925373134331	0.089552238805970144	0.029850746268656716	0.029850746268656716
P51480	negative	168	0.13095238095238096	0.023809523809523808	0.065476190476190479	0.041666666666666664	0.023809523809523808	0.089285714285714288	0.035714285714285712	0.011904761904761904	0	0.10714285714285714	0.023809523809523808	0.035714285714285712	0.041666666666666664	0.047619047619047616	0.089285714285714288	0.095238095238095233	0.041666666666666664	0.071428571428571425	0.011904761904761904	0.011904761904761904
P51909	negative	189	0.058201058201058198	0.021164021164021163	0.047619047619047616	0.068783068783068779	0.042328042328042326	0.058201058201058198	0.021164021164021163	0.063492063492063489	0.052910052910052907	0.1164021164021164	0.031746031746031744	0.079365079365079361	0.052910052910052907	0.042328042328042326	0.026455026455026454	0.037037037037037035	0.052910052910052907	0.058201058201058198	0.021164021164021163	0.047619047619047616
P52278	negative	294	0.051020408163265307	0.017006802721088437	0.057823129251700682	0.098639455782312924	0.020408163265306121	0.071428571428571425	0.044217687074829932	0.057823129251700682	0.061224489795918366	0.10204081632653061	0.044217687074829932	0.023809523809523808	0.047619047619047616	0.034013605442176874	0.037414965986394558	0.061224489795918366	0.057823129251700682	0.034013605442176874	0.023809523809523808	0.054421768707482991
P53264	negative	445	0.040449438202247189	0.011235955056179775	0.056179775280898875	0.053932584269662923	0.065168539325842698	0.051685393258426963	0.026966292134831461	0.062921348314606745	0.078651685393258425	0.10337078651685393	0.011235955056179775	0.053932584269662923	0.065168539325842698	0.026966292134831461	0.071910112359550568	0.080898876404494377	0.035955056179775284	0.038202247191011236	0.024719101123595506	0.040449438202247189
P54355	positive	405	0.083950617283950618	0.012345679012345678	0.069135802469135796	0.059259259259259262	0.044444444444444446	0.056790123456790124	0.019753086419753086	0.066666666666666666	0.066666666666666666	0.079012345679012344	0.034567901234567898	0.069135802469135796	0.027160493827160494	0.027160493827160494	0.032098765432098768	0.079012345679012344	0.061728395061728392	0.05185185185185185	0.009876543209876543	0.049382716049382713
P55798	negative	218	0.064220183486238536	0.022935779816513763	0.073394495412844041	0.03669724770642202	0.027522935779816515	0.082568807339449546	0.068807339449541288	0.050458715596330278	0.03669724770642202	0.11467889908256881	0.022935779816513763	0.01834862385321101	0.032110091743119268	0.091743119266055051	0.068807339449541288	0.03669724770642202	0.027522935779816515	0.059633027522935783	0.045871559633027525	0.01834862385321101
P68952	negative	29	0.034482758620689655	0	0.10344827586206896	0	0.068965517241379309	0.034482758620689655	0.034482758620689655	0	0.034482758620689655	0.068965517241379309	0.034482758620689655	0	0	0.10344827586206896	0.068965517241379309	0.13793103448275862	0.13793103448275862	0.034482758620689655	0.034482758620689655	0.068965517241379309
P68953	negative	29	0.034482758620689655	0	0.10344827586206896	0	0.068965517241379309	0.034482758620689655	0.034482758620689655	0	0.034482758620689655	0.068965517241379309	0.034482758620689655	0	0	0.10344827586206896	0.068965517241379309	0.13793103448275862	0.13793103448275862	0.034482758620689655	0.034482758620689655	0.068965517241379309
P69044	negative	9	0	0.22222222222222221	0	0	0	0.1111111111111111	0	0.1111111111111111	0	0.1111111111111111	0	0.1111111111111111	0.1111111111111111	0.1111111111111111	0	0	0	0	0	0.1111111111111111
P69046	negative	51	0.058823529411764705	0.11764705882352941	0.058823529411764705	0.019607843137254902	0.058823529411764705	0.078431372549019607	0.058823529411764705	0.039215686274509803	0.019607843137254902	0.098039215686274508	0	0.078431372549019607	0.058823529411764705	0.058823529411764705	0.039215686274509803	0.019607843137254902	0	0.078431372549019607	0	0.058823529411764705
P69842	positive	13	0	0	0	0	0.30769230769230771	0.15384615384615385	0	0.23076923076923078	0.076923076923076927	0.076923076923076927	0	0	0	0	0.076923076923076927	0.076923076923076927	0	0	0	0
P80071	negative	112	0.044642857142857144	0.10714285714285714	0.080357142857142863	0.035714285714285712	0.035714285714285712	0.017857142857142856	0.026785714285714284	0.071428571428571425	0.0625	0.053571428571428568	0.026785714285714284	0.017857142857142856	0.0625	0.017857142857142856	0.035714285714285712	0.080357142857142863	0.10714285714285714	0.053571428571428568	0	0.0625
P83298	positive	242	0.086776859504132234	0.033057851239669422	0.053719008264462811	0.0082644628099173556	0.0041322314049586778	0.128099173553719	0.020661157024793389	0.057851239669421489	0.0041322314049586778	0.066115702479338845	0.0082644628099173556	0.078512396694214878	0.045454545454545456	0.045454545454545456	0.024793388429752067	0.11983471074380166	0.082644628099173556	0.0743801652892562	0.028925619834710745	0.028925619834710745
P83323	positive	18	0.1111111111111111	0	0.055555555555555552	0	0.16666666666666666	0.1111111111111111	0	0	0	0.055555555555555552	0.055555555555555552	0.055555555555555552	0	0.055555555555555552	0	0.055555555555555552	0.1111111111111111	0.055555555555555552	0	0.1111111111111111
P83395	negative	29	0.068965517241379309	0.20689655172413793	0.068965517241379309	0.068965517241379309	0.034482758620689655	0.068965517241379309	0	0.10344827586206896	0.034482758620689655	0.068965517241379309	0.034482758620689655	0.034482758620689655	0.034482758620689655	0.068965517241379309	0.068965517241379309	0.034482758620689655	0	0	0	0
P83396	negative	29	0.068965517241379309	0.20689655172413793	0.068965517241379309	0.068965517241379309	0.034482758620689655	0.068965517241379309	0	0.10344827586206896	0.034482758620689655	0.068965517241379309	0.034482758620689655	0	0.034482758620689655	0.068965517241379309	0.068965517241379309	0.068965517241379309	0	0	0	0
P84452	negative	27	0	0.22222222222222221	0.07407407407407407	0	0.07407407407407407	0.07407407407407407	0	0.037037037037037035	0.07407407407407407	0.07407407407407407	0.037037037037037035	0	0.1111111111111111	0	0.07407407407407407	0.037037037037037035	0.1111111111111111	0	0	0
P84786	positive	257	0.073929961089494164	0.01556420233463035	0.058365758754863814	0.066147859922178989	0.050583657587548639	0.050583657587548639	0.019455252918287938	0.050583657587548639	0.050583657587548639	0.10894941634241245	0.019455252918287938	0.042801556420233464	0.046692607003891051	0.058365758754863814	0.058365758754863814	0.058365758754863814	0.066147859922178989	0.058365758754863814	0.01556420233463035	0.031128404669260701
P85006	positive	28	0.071428571428571425	0.10714285714285714	0.14285714285714285	0.071428571428571425	0.035714285714285712	0.035714285714285712	0	0	0	0.071428571428571425	0	0.035714285714285712	0	0	0	0.071428571428571425	0.14285714285714285	0.17857142857142858	0	0.035714285714285712
P85101	positive	234	0.089743589743589744	0.01282051282051282	0.047008547008547008	0.055555555555555552	0.064102564102564097	0.059829059829059832	0.0042735042735042739	0.038461538461538464	0.0811965811965812	0.098290598290598288	0.01282051282051282	0.059829059829059832	0.02564102564102564	0.029914529914529916	0.05128205128205128	0.094017094017094016	0.059829059829059832	0.064102564102564097	0.0085470085470085479	0.042735042735042736
P86166	positive	34	0.058823529411764705	0.17647058823529413	0.14705882352941177	0	0.058823529411764705	0.088235294117647065	0	0	0.029411764705882353	0	0	0.058823529411764705	0.058823529411764705	0.058823529411764705	0.058823529411764705	0.029411764705882353	0.058823529411764705	0.088235294117647065	0	0.029411764705882353
P86942	positive	11	0	0.36363636363636365	0	0	0.090909090909090912	0	0	0	0.090909090909090912	0.090909090909090912	0	0.090909090909090912	0	0	0.090909090909090912	0.18181818181818182	0	0	0	0
P94669	negative	587	0.074957410562180582	0.0085178875638841564	0.071550255536626917	0.057921635434412269	0.020442930153321975	0.098807495741056212	0.025553662691652469	0.090289608177172062	0.057921635434412269	0.066439522998296419	0.044293015332197615	0.040885860306643949	0.042589437819420782	0.022146507666098807	0.039182282793867124	0.063032367972742753	0.078364565587734247	0.054514480408858604	0.0068143100511073255	0.035775127768313458
P98089	negative	837	0.037037037037037035	0.099163679808841096	0.048984468339307051	0.053763440860215055	0.02986857825567503	0.059737156511350059	0.026284348864994027	0.040621266427718038	0.04778972520908005	0.050179211469534052	0.015531660692951015	0.051373954599761053	0.089605734767025089	0.043010752688172046	0.026284348864994027	0.087216248506571087	0.076463560334528072	0.075268817204301078	0.009557945041816009	0.032258064516129031
P98105	negative	549	0.072859744990892539	0.07650273224043716	0.025500910746812388	0.058287795992714025	0.034608378870673952	0.067395264116575593	0.016393442622950821	0.029143897996357013	0.051001821493624776	0.063752276867030971	0.014571948998178506	0.049180327868852458	0.065573770491803282	0.04553734061930783	0.034608378870673952	0.11839708561020036	0.063752276867030971	0.051001821493624776	0.025500910746812388	0.036429872495446269
P98153	negative	550	0.069090909090909092	0.04363636363636364	0.072727272727272724	0.061818181818181821	0.052727272727272727	0.083636363636363634	0.036363636363636362	0.02181818181818182	0.025454545454545455	0.090909090909090912	0.012727272727272728	0.023636363636363636	0.08727272727272728	0.040000000000000001	0.059999999999999998	0.081818181818181818	0.040000000000000001	0.052727272727272727	0.016363636363636365	0.027272727272727271
Q00531	positive	560	0.11428571428571428	0.010714285714285714	0.066071428571428573	0.050000000000000003	0.033928571428571426	0.083928571428571422	0.01607142857142857	0.044642857142857144	0.0625	0.080357142857142863	0.017857142857142856	0.042857142857142858	0.050000000000000003	0.019642857142857142	0.050000000000000003	0.050000000000000003	0.069642857142857145	0.098214285714285712	0.01607142857142857	0.023214285714285715
Q02157	negative	465	0.053763440860215055	0.027956989247311829	0.051612903225806452	0.040860215053763443	0.055913978494623658	0.098924731182795697	0.021505376344086023	0.047311827956989246	0.034408602150537634	0.079569892473118284	0.010752688172043012	0.066666666666666666	0.049462365591397849	0.036559139784946237	0.051612903225806452	0.068817204301075269	0.075268817204301078	0.079569892473118284	0.015053763440860216	0.034408602150537634
Q04669	positive	171	0.064327485380116955	0.035087719298245612	0.08771929824561403	0.040935672514619881	0.035087719298245612	0.076023391812865493	0.011695906432748537	0.035087719298245612	0.093567251461988299	0.08771929824561403	0.023391812865497075	0.035087719298245612	0.029239766081871343	0.052631578947368418	0.023391812865497075	0.093567251461988299	0.081871345029239762	0.046783625730994149	0.017543859649122806	0.029239766081871343
Q05968	negative	164	0.13414634146341464	0.036585365853658534	0.036585365853658534	0.018292682926829267	0.018292682926829267	0.085365853658536592	0.018292682926829267	0.042682926829268296	0.04878048780487805	0.042682926829268296	0.018292682926829267	0.085365853658536592	0.036585365853658534	0.06097560975609756	0.036585365853658534	0.085365853658536592	0.036585365853658534	0.07926829268292683	0.03048780487804878	0.04878048780487805
Q06B74	positive	397	0.085642317380352648	0.0025188916876574307	0.055415617128463476	0.073047858942065488	0.065491183879093195	0.05793450881612091	0.017632241813602016	0.030226700251889168	0.062972292191435769	0.12090680100755667	0.015113350125944584	0.047858942065491183	0.040302267002518891	0.037783375314861464	0.050377833753148617	0.052896725440806043	0.062972292191435769	0.088161209068010074	0.007556675062972292	0.025188916876574308
Q07338	positive	289	0.024221453287197232	0.048442906574394463	0.093425605536332182	0.044982698961937718	0.06228373702422145	0.096885813148788927	0.024221453287197232	0.076124567474048443	0.10380622837370242	0.041522491349480967	0.0034602076124567475	0.089965397923875437	0.031141868512110725	0.0034602076124567475	0.034602076124567477	0.065743944636678195	0.041522491349480967	0.048442906574394463	0.010380622837370242	0.05536332179930796
Q09023	negative	322	0.090062111801242239	0.055900621118012424	0.052795031055900624	0.024844720496894408	0.059006211180124224	0.12111801242236025	0.009316770186335404	0.046583850931677016	0.031055900621118012	0.059006211180124224	0.012422360248447204	0.055900621118012424	0.065217391304347824	0.052795031055900624	0.043478260869565216	0.080745341614906832	0.043478260869565216	0.027950310559006212	0.024844720496894408	0.043478260869565216
Q0JF21	negative	227	0.1013215859030837	0.14977973568281938	0.022026431718061675	0.030837004405286344	0.022026431718061675	0.18502202643171806	0.0044052863436123352	0.022026431718061675	0.030837004405286344	0.035242290748898682	0.030837004405286344	0.070484581497797363	0.022026431718061675	0.061674008810572688	0.022026431718061675	0.083700440528634359	0.039647577092511016	0.022026431718061675	0.0044052863436123352	0.039647577092511016
Q0RQS0	negative	575	0.13391304347826086	0.0086956521739130436	0.074782608695652175	0.043478260869565216	0.020869565217391306	0.10956521739130434	0.02782608695652174	0.05565217391304348	0.020869565217391306	0.080000000000000002	0.024347826086956521	0.024347826086956521	0.069565217391304349	0.019130434782608695	0.064347826086956522	0.046956521739130432	0.064347826086956522	0.085217391304347828	0.01391304347826087	0.012173913043478261
Q13QH4	negative	289	0.093425605536332182	0.010380622837370242	0.06228373702422145	0.048442906574394463	0.044982698961937718	0.10034602076124567	0.031141868512110725	0.038062283737024222	0.034602076124567477	0.10034602076124567	0.044982698961937718	0.05536332179930796	0.041522491349480967	0.031141868512110725	0.06228373702422145	0.058823529411764705	0.031141868512110725	0.083044982698961933	0.017301038062283738	0.010380622837370242
Q17192	negative	92	0.086956521739130432	0.065217391304347824	0.043478260869565216	0.032608695652173912	0.010869565217391304	0.076086956521739135	0.021739130434782608	0.032608695652173912	0.032608695652173912	0.11956521739130435	0.043478260869565216	0	0.032608695652173912	0.043478260869565216	0.076086956521739135	0.086956521739130432	0.043478260869565216	0.076086956521739135	0.032608695652173912	0.043478260869565216
Q1X703	negative	199	0.065326633165829151	0.020100502512562814	0.055276381909547742	0.075376884422110546	0.01507537688442211	0.065326633165829151	0.010050251256281407	0.01507537688442211	0.070351758793969849	0.10050251256281408	0.025125628140703519	0.035175879396984924	0.045226130653266333	0.050251256281407038	0.065326633165829151	0.090452261306532666	0.070351758793969849	0.070351758793969849	0.010050251256281407	0.045226130653266333
Q27884	negative	303	0.046204620462046202	0.039603960396039604	0.062706270627062702	0.066006600660066	0.052805280528052806	0.072607260726072612	0.019801980198019802	0.069306930693069313	0.059405940594059403	0.092409240924092403	0.019801980198019802	0.049504950495049507	0.042904290429042903	0.029702970297029702	0.046204620462046202	0.029702970297029702	0.066006600660066	0.066006600660066	0.019801980198019802	0.049504950495049507
Q2G1X0	positive	319	0.043887147335423198	0	0.081504702194357362	0.034482758620689655	0.031347962382445138	0.072100313479623826	0.012539184952978056	0.062695924764890276	0.090909090909090912	0.059561128526645767	0.028213166144200628	0.081504702194357362	0.031347962382445138	0.031347962382445138	0.034482758620689655	0.078369905956112859	0.094043887147335428	0.062695924764890276	0.025078369905956112	0.043887147335423198
Q2IBF5	negative	475	0.065263157894736842	0.018947368421052633	0.052631578947368418	0.092631578947368426	0.035789473684210524	0.05894736842105263	0.025263157894736842	0.05894736842105263	0.075789473684210532	0.13473684210526315	0.018947368421052633	0.046315789473684213	0.023157894736842106	0.048421052631578948	0.042105263157894736	0.061052631578947365	0.067368421052631577	0.050526315789473683	0.010526315789473684	0.012631578947368421
Q2XXP1	positive	242	0.066115702479338845	0.070247933884297523	0.049586776859504134	0.041322314049586778	0.024793388429752067	0.061983471074380167	0.020661157024793389	0.057851239669421489	0.053719008264462811	0.066115702479338845	0.033057851239669422	0.070247933884297523	0.057851239669421489	0.041322314049586778	0.0371900826446281	0.066115702479338845	0.070247933884297523	0.049586776859504134	0.016528925619834711	0.045454545454545456
Q3C255	positive	83	0.03614457831325301	0.096385542168674704	0.072289156626506021	0.012048192771084338	0.060240963855421686	0.096385542168674704	0.012048192771084338	0.03614457831325301	0.072289156626506021	0.084337349397590355	0.024096385542168676	0.072289156626506021	0.060240963855421686	0.012048192771084338	0.03614457831325301	0.024096385542168676	0.048192771084337352	0.10843373493975904	0	0.03614457831325301
Q3HRV3	negative	164	0.067073170731707321	0.07926829268292683	0.03048780487804878	0.042682926829268296	0.018292682926829267	0.054878048780487805	0.018292682926829267	0.012195121951219513	0.018292682926829267	0.12804878048780488	0.024390243902439025	0.036585365853658534	0.10975609756097561	0.036585365853658534	0.067073170731707321	0.091463414634146339	0.04878048780487805	0.07926829268292683	0.0060975609756097563	0.03048780487804878
Q3U435	negative	615	0.07642276422764227	0.013008130081300813	0.055284552845528454	0.04065040650406504	0.04878048780487805	0.074796747967479676	0.022764227642276424	0.034146341463414637	0.029268292682926831	0.097560975609756101	0.014634146341463415	0.019512195121951219	0.11219512195121951	0.050406504065040651	0.073170731707317069	0.07642276422764227	0.04715447154471545	0.058536585365853662	0.024390243902439025	0.030894308943089432
Q3UMC0	negative	893	0.082866741321388576	0.013437849944008958	0.049272116461366179	0.0683090705487122	0.027995520716685332	0.078387458006718924	0.011198208286674132	0.057110862262038077	0.067189249720044794	0.11534154535274356	0.022396416573348264	0.041433370660694288	0.057110862262038077	0.042553191489361701	0.057110862262038077	0.075027995520716692	0.050391937290033592	0.061590145576707729	0.0033594624860022394	0.017917133258678612
Q45744	positive	649	0.047765793528505393	0.0046224961479198771	0.067796610169491525	0.046224961479198766	0.04930662557781202	0.077041602465331274	0.020030816640986132	0.063174114021571651	0.058551617873651769	0.083204930662557783	0.01078582434514638	0.060092449922958396	0.036979969183359017	0.033898305084745763	0.044684129429892139	0.077041602465331274	0.087827426810477657	0.063174114021571651	0.012326656394453005	0.055469953775038522
Q45755	positive	803	0.056039850560398508	0.012453300124533001	0.057285180572851806	0.032378580323785801	0.039850560398505604	0.085927770859277705	0.013698630136986301	0.059775840597758409	0.046077210460772101	0.085927770859277705	0.019925280199252802	0.074719800747198001	0.049813200498132003	0.056039850560398508	0.026151930261519303	0.088418430884184315	0.07347447073474471	0.061021170610211707	0.012453300124533001	0.048567870485678705
Q45758	positive	395	0.086075949367088608	0.0075949367088607592	0.088607594936708861	0.083544303797468356	0.030379746835443037	0.070886075949367092	0.020253164556962026	0.065822784810126586	0.093670886075949367	0.10126582278481013	0.020253164556962026	0.053164556962025315	0.025316455696202531	0.043037974683544304	0.022784810126582278	0.043037974683544304	0.035443037974683546	0.065822784810126586	0.012658227848101266	0.030379746835443037
Q45UF1	positive	213	0.037558685446009391	0.0093896713615023476	0.065727699530516437	0.084507042253521125	0.065727699530516437	0.018779342723004695	0.014084507042253521	0.089201877934272297	0.070422535211267609	0.084507042253521125	0.023474178403755867	0.12206572769953052	0.0093896713615023476	0.042253521126760563	0.051643192488262914	0.056338028169014086	0.023474178403755867	0.093896713615023469	0.0093896713615023476	0.028169014084507043
Q46051	negative	46	0.043478260869565216	0	0.13043478260869565	0.043478260869565216	0.10869565217391304	0.13043478260869565	0.021739130434782608	0.065217391304347824	0.10869565217391304	0.021739130434782608	0	0.021739130434782608	0.021739130434782608	0.043478260869565216	0	0.10869565217391304	0.043478260869565216	0.065217391304347824	0	0.021739130434782608
Q4QXT9	positive	483	0.053830227743271224	0.051759834368530024	0.060041407867494824	0.053830227743271224	0.047619047619047616	0.076604554865424432	0.014492753623188406	0.057971014492753624	0.053830227743271224	0.074534161490683232	0.012422360248447204	0.055900621118012424	0.039337474120082816	0.047619047619047616	0.047619047619047616	0.072463768115942032	0.070393374741200831	0.057971014492753624	0.012422360248447204	0.039337474120082816
Q51929	negative	46	0.065217391304347824	0	0.043478260869565216	0.086956521739130432	0.13043478260869565	0.15217391304347827	0.021739130434782608	0.021739130434782608	0.086956521739130432	0.043478260869565216	0	0.043478260869565216	0	0.086956521739130432	0.021739130434782608	0.043478260869565216	0.065217391304347824	0.086956521739130432	0	0
Q53I06	positive	95	0.094736842105263161	0.063157894736842107	0.073684210526315783	0.031578947368421054	0.063157894736842107	0.12631578947368421	0.031578947368421054	0.042105263157894736	0.063157894736842107	0.042105263157894736	0.031578947368421054	0.042105263157894736	0.063157894736842107	0.052631578947368418	0.010526315789473684	0.031578947368421054	0.042105263157894736	0.042105263157894736	0.010526315789473684	0.042105263157894736
Q5F1N4	positive	78	0.02564102564102564	0.076923076923076927	0.038461538461538464	0.064102564102564097	0.089743589743589744	0.076923076923076927	0.02564102564102564	0.089743589743589744	0.089743589743589744	0.10256410256410256	0.038461538461538464	0.02564102564102564	0.02564102564102564	0.01282051282051282	0.01282051282051282	0.089743589743589744	0.02564102564102564	0.05128205128205128	0.02564102564102564	0.01282051282051282
Q5MAU8	negative	611	0.063829787234042548	0.016366612111292964	0.063829787234042548	0.045826513911620292	0.060556464811783964	0.076923076923076927	0.029459901800327332	0.049099836333878884	0.049099836333878884	0.058919803600654665	0.022913256955810146	0.044189852700491	0.049099836333878884	0.036006546644844518	0.044189852700491	0.10147299509001637	0.049099836333878884	0.063829787234042548	0.027823240589198037	0.047463175122749592
Q5QGZ2	positive	219	0.054794520547945202	0.022831050228310501	0.059360730593607303	0.082191780821917804	0.013698630136986301	0.018264840182648401	0.031963470319634701	0.086757990867579904	0.091324200913242004	0.091324200913242004	0.045662100456621002	0.031963470319634701	0.013698630136986301	0.082191780821917804	0.045662100456621002	0.059360730593607303	0.077625570776255703	0.063926940639269403	0.0091324200913242004	0.018264840182648401
Q5WPU8	positive	301	0.036544850498338874	0.029900332225913623	0.059800664451827246	0.069767441860465115	0.069767441860465115	0.059800664451827246	0.016611295681063124	0.076411960132890366	0.10631229235880399	0.069767441860465115	0.0099667774086378731	0.066445182724252497	0.029900332225913623	0.029900332225913623	0.036544850498338874	0.063122923588039864	0.05647840531561462	0.043189368770764118	0.0066445182724252493	0.063122923588039864
Q5WPZ4	positive	115	0.060869565217391307	0.060869565217391307	0.10434782608695652	0.10434782608695652	0.060869565217391307	0.017391304347826087	0.0086956521739130436	0.095652173913043481	0.078260869565217397	0.052173913043478258	0.026086956521739129	0.034782608695652174	0.026086956521739129	0.026086956521739129	0.017391304347826087	0.060869565217391307	0.026086956521739129	0.069565217391304349	0	0.069565217391304349
Q5XI64	negative	337	0.047477744807121663	0.020771513353115726	0.050445103857566766	0.041543026706231452	0.041543026706231452	0.053412462908011868	0.03857566765578635	0.053412462908011868	0.062314540059347182	0.10979228486646884	0.032640949554896145	0.03857566765578635	0.050445103857566766	0.044510385756676561	0.047477744807121663	0.080118694362017809	0.032640949554896145	0.10089020771513353	0.01483679525222552	0.03857566765578635
Q5XK91	negative	457	0.061269146608315096	0.017505470459518599	0.061269146608315096	0.059080962800875277	0.035010940919037198	0.094091903719912467	0.030634573304157548	0.035010940919037198	0.037199124726477024	0.080962800875273522	0.026258205689277898	0.045951859956236324	0.039387308533916851	0.061269146608315096	0.054704595185995623	0.078774617067833702	0.063457330415754923	0.059080962800875277	0.021881838074398249	0.037199124726477024
Q5Z1C4	negative	382	0.12041884816753927	0.015706806282722512	0.078534031413612565	0.04712041884816754	0.015706806282722512	0.12041884816753927	0.039267015706806283	0.036649214659685861	0.010471204188481676	0.086387434554973816	0.02356020942408377	0.013089005235602094	0.065445026178010471	0.034031413612565446	0.068062827225130892	0.036649214659685861	0.068062827225130892	0.086387434554973816	0.020942408376963352	0.013089005235602094
Q60651	negative	263	0.022813688212927757	0.049429657794676805	0.068441064638783272	0.045627376425855515	0.038022813688212927	0.038022813688212927	0.022813688212927757	0.057034220532319393	0.095057034220532313	0.12167300380228137	0.026615969581749048	0.060836501901140684	0.022813688212927757	0.049429657794676805	0.057034220532319393	0.072243346007604556	0.045627376425855515	0.049429657794676805	0.022813688212927757	0.034220532319391636
Q60652	negative	266	0.015037593984962405	0.045112781954887216	0.048872180451127817	0.067669172932330823	0.045112781954887216	0.060150375939849621	0.033834586466165412	0.048872180451127817	0.093984962406015032	0.093984962406015032	0.022556390977443608	0.048872180451127817	0.03007518796992481	0.052631578947368418	0.033834586466165412	0.093984962406015032	0.056390977443609019	0.045112781954887216	0.026315789473684209	0.037593984962406013
Q61216	negative	706	0.046742209631728045	0.0099150141643059488	0.080736543909348438	0.079320113314447591	0.058073654390934842	0.062322946175637391	0.021246458923512748	0.045325779036827198	0.056657223796033995	0.077903682719546744	0.021246458923512748	0.048158640226628892	0.043909348441926344	0.045325779036827198	0.083569405099150146	0.089235127478753534	0.049575070821529746	0.062322946175637391	0.0056657223796033997	0.012747875354107648
Q6AZT2	negative	600	0.088333333333333333	0.011666666666666667	0.046666666666666669	0.063333333333333339	0.029999999999999999	0.063333333333333339	0.011666666666666667	0.03833333333333333	0.073333333333333334	0.11	0.018333333333333333	0.048333333333333332	0.066666666666666666	0.044999999999999998	0.065000000000000002	0.080000000000000002	0.058333333333333334	0.058333333333333334	0.0050000000000000001	0.018333333333333333
Q6GE13	positive	315	0.044444444444444446	0	0.050793650793650794	0.044444444444444446	0.044444444444444446	0.063492063492063489	0.025396825396825397	0.053968253968253971	0.09841269841269841	0.063492063492063489	0.012698412698412698	0.09841269841269841	0.034920634920634921	0.041269841269841269	0.025396825396825397	0.10158730158730159	0.066666666666666666	0.060317460317460318	0.012698412698412698	0.057142857142857141
Q6RX08	negative	842	0.070071258907363418	0.023752969121140142	0.054631828978622329	0.058194774346793349	0.057007125890736345	0.059382422802850353	0.014251781472684086	0.048693586698337295	0.055819477434679333	0.11876484560570071	0.023752969121140142	0.040380047505938245	0.043942992874109264	0.027315914489311165	0.057007125890736345	0.076009501187648459	0.055819477434679333	0.061757719714964368	0.013064133016627079	0.039192399049881234
Q6T499	negative	137	0.06569343065693431	0.021897810218978103	0.036496350364963501	0.094890510948905105	0.051094890510948905	0.06569343065693431	0.014598540145985401	0.051094890510948905	0.072992700729927001	0.080291970802919707	0.036496350364963501	0.058394160583941604	0.021897810218978103	0.029197080291970802	0.058394160583941604	0.036496350364963501	0.10948905109489052	0.043795620437956206	0.021897810218978103	0.029197080291970802
Q6VPT6	positive	257	0.050583657587548639	0.019455252918287938	0.070038910505836577	0.054474708171206226	0.038910505836575876	0.073929961089494164	0.011673151750972763	0.058365758754863814	0.073929961089494164	0.09727626459143969	0.011673151750972763	0.027237354085603113	0.058365758754863814	0.035019455252918288	0.031128404669260701	0.08171206225680934	0.058365758754863814	0.093385214007782102	0.01556420233463035	0.038910505836575876
Q70US9	positive	523	0.072657743785850867	0.02676864244741874	0.051625239005736137	0.032504780114722756	0.040152963671128104	0.076481835564053538	0.0095602294455066923	0.053537284894837479	0.02676864244741874	0.076481835564053538	0.017208413001912046	0.05736137667304015	0.051625239005736137	0.05736137667304015	0.063097514340344163	0.072657743785850867	0.059273422562141492	0.087954110898661564	0.024856596558317401	0.042065009560229447
Q733J4	negative	100	0.089999999999999997	0	0.080000000000000002	0.089999999999999997	0.01	0.059999999999999998	0.02	0.11	0.059999999999999998	0.11	0.040000000000000001	0.029999999999999999	0.040000000000000001	0.02	0.059999999999999998	0.029999999999999999	0.050000000000000003	0.070000000000000007	0	0.029999999999999999
Q76CA2	positive	275	0.12727272727272726	0.0036363636363636364	0.025454545454545455	0.054545454545454543	0.02181818181818182	0.058181818181818182	0.01090909090909091	0.058181818181818182	0.058181818181818182	0.083636363636363634	0.03272727272727273	0.054545454545454543	0.03272727272727273	0.025454545454545455	0.054545454545454543	0.098181818181818176	0.054545454545454543	0.083636363636363634	0.025454545454545455	0.036363636363636362
Q7M3V4	positive	152	0.065789473684210523	0.039473684210526314	0.065789473684210523	0.026315789473684209	0.039473684210526314	0.078947368421052627	0.026315789473684209	0.072368421052631582	0.085526315789473686	0.065789473684210523	0.019736842105263157	0.039473684210526314	0.046052631578947366	0.046052631578947366	0.026315789473684209	0.052631578947368418	0.065789473684210523	0.072368421052631582	0.013157894736842105	0.052631578947368418
Q7T3L1	positive	294	0.01020408163265306	0.013605442176870748	0.034013605442176874	0.027210884353741496	0.098639455782312924	0.095238095238095233	0.034013605442176874	0.040816326530612242	0.095238095238095233	0.074829931972789115	0.0068027210884353739	0.030612244897959183	0.15306122448979592	0.037414965986394558	0.12244897959183673	0.088435374149659865	0.013605442176870748	0.01020408163265306	0.0068027210884353739	0.0068027210884353739
Q7X7E6	negative	158	0.16455696202531644	0.063291139240506333	0.050632911392405063	0.037974683544303799	0.018987341772151899	0.10126582278481013	0.012658227848101266	0.025316455696202531	0.018987341772151899	0.069620253164556958	0.044303797468354431	0.018987341772151899	0.044303797468354431	0.025316455696202531	0.075949367088607597	0.075949367088607597	0.025316455696202531	0.0949367088607595	0.0063291139240506328	0.025316455696202531
Q805E8	negative	138	0.043478260869565216	0.021739130434782608	0.086956521739130432	0.050724637681159424	0.014492753623188406	0.072463768115942032	0	0.036231884057971016	0.036231884057971016	0.14492753623188406	0.043478260869565216	0.028985507246376812	0.036231884057971016	0.043478260869565216	0.086956521739130432	0.15217391304347827	0.043478260869565216	0.036231884057971016	0.007246376811594203	0.014492753623188406
Q813X6	positive	545	0.080733944954128445	0.0055045871559633031	0.044036697247706424	0.073394495412844041	0.044036697247706424	0.08990825688073395	0.012844036697247707	0.078899082568807344	0.05321100917431193	0.064220183486238536	0.031192660550458717	0.066055045871559637	0.027522935779816515	0.062385321100917435	0.03669724770642202	0.086238532110091748	0.066055045871559637	0.03669724770642202	0.012844036697247707	0.027522935779816515
Q8F4I0	negative	366	0.073770491803278687	0.016393442622950821	0.046448087431693992	0.05737704918032787	0.040983606557377046	0.090163934426229511	0.02185792349726776	0.068306010928961755	0.060109289617486336	0.087431693989071038	0.02185792349726776	0.054644808743169397	0.043715846994535519	0.027322404371584699	0.030054644808743168	0.10928961748633879	0.035519125683060107	0.051912568306010931	0.013661202185792349	0.049180327868852458
Q8IV16	negative	184	0.05434782608695652	0.05434782608695652	0.05434782608695652	0.097826086956521743	0.005434782608695652	0.10869565217391304	0.021739130434782608	0.010869565217391304	0.021739130434782608	0.11413043478260869	0.016304347826086956	0.032608695652173912	0.05434782608695652	0.05434782608695652	0.065217391304347824	0.065217391304347824	0.10326086956521739	0.043478260869565216	0.010869565217391304	0.010869565217391304
Q8QFV1	negative	449	0.046770601336302897	0.0334075723830735	0.075723830734966593	0.069042316258351888	0.035634743875278395	0.053452115812917596	0.017817371937639197	0.031180400890868598	0.048997772828507792	0.084632516703786187	0.024498886414253896	0.053452115812917596	0.064587973273942098	0.035634743875278395	0.060133630289532294	0.10022271714922049	0.069042316258351888	0.037861915367483297	0.022271714922048998	0.035634743875278395
Q8WMX6	negative	475	0.065263157894736842	0.018947368421052633	0.052631578947368418	0.092631578947368426	0.035789473684210524	0.05894736842105263	0.025263157894736842	0.061052631578947365	0.077894736842105267	0.13473684210526315	0.018947368421052633	0.044210526315789471	0.021052631578947368	0.048421052631578948	0.040000000000000001	0.063157894736842107	0.067368421052631577	0.050526315789473683	0.010526315789473684	0.012631578947368421
Q8XXT1	negative	572	0.11713286713286714	0.013986013986013986	0.062937062937062943	0.0472027972027972	0.027972027972027972	0.11013986013986014	0.034965034965034968	0.078671328671328672	0.036713286713286712	0.064685314685314688	0.031468531468531472	0.024475524475524476	0.0472027972027972	0.033216783216783216	0.048951048951048952	0.043706293706293704	0.080419580419580416	0.062937062937062943	0.012237762237762238	0.02097902097902098
Q91121	negative	139	0.043165467625899283	0.086330935251798566	0.057553956834532377	0.043165467625899283	0.057553956834532377	0.035971223021582732	0.035971223021582732	0.050359712230215826	0.035971223021582732	0.079136690647482008	0.021582733812949641	0.028776978417266189	0.11510791366906475	0.043165467625899283	0.014388489208633094	0.057553956834532377	0.079136690647482008	0.064748201438848921	0.0071942446043165471	0.043165467625899283
Q93T81	negative	570	0.096491228070175433	0.015789473684210527	0.06491228070175438	0.050877192982456139	0.031578947368421054	0.11228070175438597	0.033333333333333333	0.084210526315789472	0.035087719298245612	0.06491228070175438	0.040350877192982457	0.035087719298245612	0.057894736842105263	0.029824561403508771	0.04736842105263158	0.042105263157894736	0.068421052631578952	0.063157894736842107	0.008771929824561403	0.017543859649122806
Q93WP4	negative	481	0.051975051975051978	0.010395010395010396	0.051975051975051978	0.049896049896049899	0.045738045738045741	0.054054054054054057	0.037422037422037424	0.058212058212058215	0.039501039501039503	0.064449064449064453	0.010395010395010396	0.039501039501039503	0.054054054054054057	0.035343035343035345	0.066528066528066532	0.10187110187110188	0.058212058212058215	0.062370062370062374	0.027027027027027029	0.081081081081081086
Q962V9	positive	198	0.080808080808080815	0.050505050505050504	0.070707070707070704	0.090909090909090912	0.025252525252525252	0.07575757575757576	0.020202020202020204	0.030303030303030304	0.065656565656565663	0.070707070707070704	0.030303030303030304	0.050505050505050504	0.020202020202020204	0.020202020202020204	0.035353535353535352	0.080808080808080815	0.045454545454545456	0.060606060606060608	0.020202020202020204	0.055555555555555552
Q964Q0	positive	165	0.054545454545454543	0.066666666666666666	0.030303030303030304	0.12121212121212122	0.036363636363636362	0.090909090909090912	0.012121212121212121	0.030303030303030304	0.054545454545454543	0.048484848484848485	0.018181818181818181	0.072727272727272724	0.030303030303030304	0.024242424242424242	0.030303030303030304	0.084848484848484854	0.066666666666666666	0.054545454545454543	0.024242424242424242	0.048484848484848485
Q9DBY8	negative	855	0.080701754385964913	0.019883040935672516	0.066666666666666666	0.079532163742690065	0.025730994152046785	0.065497076023391818	0.011695906432748537	0.04912280701754386	0.067836257309941514	0.11228070175438597	0.017543859649122806	0.037426900584795322	0.056140350877192984	0.046783625730994149	0.070175438596491224	0.061988304093567252	0.047953216374269005	0.065497076023391818	0.0035087719298245615	0.014035087719298246
Q9EPB5	negative	311	0.057877813504823149	0.01607717041800643	0.051446945337620578	0.045016077170418008	0.061093247588424437	0.070739549839228297	0.038585209003215437	0.028938906752411574	0.048231511254019289	0.1157556270096463	0.041800643086816719	0.054662379421221867	0.048231511254019289	0.048231511254019289	0.054662379421221867	0.067524115755627015	0.035369774919614148	0.073954983922829579	0.01607717041800643	0.025723472668810289
Q9LNN2	negative	272	0.05514705882352941	0.0036764705882352941	0.0625	0.025735294117647058	0.07720588235294118	0.08455882352941177	0.029411764705882353	0.0625	0.0625	0.06985294117647059	0.018382352941176471	0.07720588235294118	0.044117647058823532	0.022058823529411766	0.033088235294117647	0.080882352941176475	0.073529411764705885	0.0625	0.018382352941176471	0.036764705882352942
Q9LSR9	negative	657	0.050228310502283102	0.0106544901065449	0.051750380517503802	0.041095890410958902	0.051750380517503802	0.088280060882800604	0.028919330289193301	0.056316590563165903	0.054794520547945202	0.12024353120243531	0.024353120243531201	0.035007610350076102	0.048706240487062402	0.035007610350076102	0.044140030441400302	0.094368340943683404	0.053272450532724502	0.073059360730593603	0.0106544901065449	0.027397260273972601
Q9PW99	negative	118	0.084745762711864403	0.10169491525423729	0.042372881355932202	0.042372881355932202	0.033898305084745763	0.10169491525423729	0.059322033898305086	0.059322033898305086	0.016949152542372881	0.042372881355932202	0.016949152542372881	0.042372881355932202	0.042372881355932202	0.033898305084745763	0.016949152542372881	0.025423728813559324	0.067796610169491525	0.093220338983050849	0.016949152542372881	0.059322033898305086
Q9RYL9	negative	1013	0.12833168805528133	0.0009871668311944718	0.05231984205330701	0.041461006910167818	0.019743336623889437	0.10365251727541955	0.0019743336623889436	0.0098716683119447184	0.020730503455083909	0.10661401776900296	0.0049358341559723592	0.020730503455083909	0.069101678183613027	0.05725567620927937	0.088845014807502468	0.067127344521224083	0.075024679170779859	0.096742349457058244	0.013820335636722606	0.020730503455083909
Q9S597	positive	826	0.059322033898305086	0.0096852300242130755	0.046004842615012108	0.039951573849878935	0.036319612590799029	0.061743341404358353	0.023002421307506054	0.061743341404358353	0.037530266343825669	0.066585956416464892	0.020581113801452784	0.12832929782082325	0.048426150121065374	0.050847457627118647	0.037530266343825669	0.062953995157384993	0.067796610169491525	0.044794188861985475	0.012106537530266344	0.084745762711864403
Q9SCZ0	negative	119	0.067226890756302518	0.075630252100840331	0.025210084033613446	0.025210084033613446	0.01680672268907563	0.050420168067226892	0	0.075630252100840331	0.050420168067226892	0.1092436974789916	0.01680672268907563	0.025210084033613446	0.067226890756302518	0.050420168067226892	0.0084033613445378148	0.092436974789915971	0.14285714285714285	0.067226890756302518	0	0.033613445378151259
Q9SEI2	negative	424	0.080188679245283015	0.01179245283018868	0.084905660377358486	0.091981132075471692	0.030660377358490566	0.054245283018867926	0.01179245283018868	0.063679245283018868	0.073113207547169809	0.10141509433962265	0.028301886792452831	0.042452830188679243	0.044811320754716978	0.042452830188679243	0.058962264150943397	0.044811320754716978	0.051886792452830191	0.063679245283018868	0	0.018867924528301886
Q9SZY3	negative	775	0.070967741935483872	0.015483870967741935	0.050322580645161291	0.042580645161290322	0.045161290322580643	0.087741935483870964	0.024516129032258065	0.058064516129032261	0.04774193548387097	0.085161290322580643	0.014193548387096775	0.04774193548387097	0.0567741935483871	0.01806451612903226	0.032258064516129031	0.090322580645161285	0.082580645161290323	0.085161290322580643	0.011612903225806452	0.033548387096774192
Q9UB30	positive	165	0.066666666666666666	0.042424242424242427	0.084848484848484854	0.036363636363636362	0.036363636363636362	0.042424242424242427	0.030303030303030304	0.036363636363636362	0.15757575757575756	0.11515151515151516	0.036363636363636362	0.036363636363636362	0.036363636363636362	0.030303030303030304	0.024242424242424242	0.048484848484848485	0.036363636363636362	0.072727272727272724	0	0.030303030303030304
Q9UBN4	negative	977	0.065506653019447289	0.015353121801432957	0.044012282497441144	0.073694984646878195	0.051177072671443197	0.039918116683725691	0.022517911975435005	0.067553735926305009	0.063459570112589556	0.12180143295803481	0.016376663254861822	0.053224155578300923	0.040941658137154557	0.038894575230296824	0.056294779938587509	0.080859774820880248	0.039918116683725691	0.058341862845445243	0.018423746161719549	0.031729785056294778
Q9VT52	negative	120	0.033333333333333333	0.058333333333333334	0.066666666666666666	0.050000000000000003	0.033333333333333333	0.058333333333333334	0	0.041666666666666664	0.058333333333333334	0.16666666666666666	0.058333333333333334	0.025000000000000001	0.033333333333333333	0.033333333333333333	0.10000000000000001	0.058333333333333334	0.058333333333333334	0.050000000000000003	0	0.016666666666666666
Q9WVF9	negative	217	0.055299539170506916	0.050691244239631339	0.023041474654377881	0.055299539170506916	0.046082949308755762	0.069124423963133647	0.018433179723502304	0.064516129032258063	0.064516129032258063	0.069124423963133647	0.027649769585253458	0.078341013824884786	0.041474654377880185	0.036866359447004608	0.041474654377880185	0.069124423963133647	0.055299539170506916	0.059907834101382486	0.027649769585253458	0.046082949308755762
Q9X5C7	positive	234	0.02564102564102564	0.01282051282051282	0.076923076923076927	0.05128205128205128	0.072649572649572655	0.042735042735042736	0.021367521367521368	0.089743589743589744	0.10256410256410256	0.085470085470085472	0.0085470085470085479	0.064102564102564097	0.021367521367521368	0.034188034188034191	0.034188034188034191	0.089743589743589744	0.05128205128205128	0.05128205128205128	0	0.064102564102564097
Q9XSM3	negative	730	0.073972602739726029	0.020547945205479451	0.042465753424657533	0.061643835616438353	0.047945205479452052	0.061643835616438353	0.027397260273972601	0.053424657534246578	0.031506849315068496	0.13561643835616438	0.03287671232876712	0.035616438356164383	0.042465753424657533	0.050684931506849315	0.058904109589041097	0.054794520547945202	0.054794520547945202	0.063013698630136991	0.017808219178082191	0.03287671232876712
Q9XT90	negative	580	0.07586206896551724	0.0086206896551724137	0.055172413793103448	0.065517241379310351	0.065517241379310351	0.082758620689655171	0.020689655172413793	0.039655172413793106	0.058620689655172413	0.07586206896551724	0.025862068965517241	0.036206896551724141	0.077586206896551727	0.031034482758620689	0.067241379310344823	0.053448275862068968	0.041379310344827586	0.055172413793103448	0.022413793103448276	0.041379310344827586
Q9XZE5	negative	306	0.035947712418300651	0.035947712418300651	0.078431372549019607	0.06535947712418301	0.052287581699346407	0.071895424836601302	0.035947712418300651	0.045751633986928102	0.042483660130718956	0.098039215686274508	0.022875816993464051	0.049019607843137254	0.049019607843137254	0.035947712418300651	0.058823529411764705	0.042483660130718956	0.049019607843137254	0.071895424836601302	0.0098039215686274508	0.049019607843137254
Q9Y0X6	positive	200	0.040000000000000001	0.0050000000000000001	0.115	0.074999999999999997	0.014999999999999999	0.12	0.025000000000000001	0.059999999999999998	0.0050000000000000001	0.014999999999999999	0.044999999999999998	0.055	0.085000000000000006	0.055	0.080000000000000002	0.089999999999999997	0	0.01	0.040000000000000001	0.065000000000000002
Q9ZIU5	positive	750	0.066666666666666666	0.0066666666666666671	0.042666666666666665	0.048000000000000001	0.053333333333333337	0.073333333333333334	0.012	0.054666666666666669	0.034666666666666665	0.08533333333333333	0.012	0.10933333333333334	0.035999999999999997	0.041333333333333333	0.043999999999999997	0.078666666666666663	0.077333333333333337	0.045333333333333337	0.013333333333333334	0.065333333333333327
T1PQV6	positive	461	0.069414316702819959	0.0086767895878524948	0.049891540130151846	0.041214750542299353	0.045553145336225599	0.078091106290672452	0.021691973969631236	0.067245119305856832	0.060737527114967459	0.091106290672451198	0.019522776572668113	0.052060737527114966	0.032537960954446853	0.032537960954446853	0.039045553145336226	0.095444685466377438	0.071583514099783085	0.060737527114967459	0.015184381778741865	0.047722342733188719
U6BLN5	positive	393	0.061068702290076333	0.027989821882951654	0.073791348600508899	0.076335877862595422	0.045801526717557252	0.055979643765903309	0.025445292620865138	0.10178117048346055	0.068702290076335881	0.083969465648854963	0.025445292620865138	0.050890585241730277	0.030534351145038167	0.012722646310432569	0.050890585241730277	0.058524173027989825	0.048346055979643768	0.066157760814249358	0.0025445292620865142	0.033078880407124679
